boardid,sprintid,name,vel_diff,planday,no_issue_starttime,vel_starttime,no_issue_added,vel_added,no_issue_removed,vel_removed,no_issuetodo,vel_todo,no_issueinprogress,vel_inprogress,no_issuedone,vel_done,no_admin,no_teammember,no_issues,type_freq_Improvement,type_freq_Task,priority_freq_Major,priority_freq_Minor,no_comment_min,no_comment_max,no_comment_mean,no_comment_median,no_comment_std,no_comment_var,no_comment_range,no_affectversion_min,no_affectversion_max,no_affectversion_mean,no_affectversion_median,no_affectversion_std,no_affectversion_var,no_affectversion_range,no_fixversion_min,no_fixversion_max,no_fixversion_mean,no_fixversion_median,no_fixversion_std,no_fixversion_var,no_fixversion_range,no_issuelink_min,no_issuelink_max,no_issuelink_mean,no_issuelink_median,no_issuelink_std,no_issuelink_var,no_issuelink_range,no_blocking_min,no_blocking_max,no_blocking_mean,no_blocking_median,no_blocking_std,no_blocking_var,no_blocking_range,no_blockedby_min,no_blockedby_max,no_blockedby_mean,no_blockedby_median,no_blockedby_std,no_blockedby_var,no_blockedby_range,no_fixversion_change_min,no_fixversion_change_max,no_fixversion_change_mean,no_fixversion_change_median,no_fixversion_change_std,no_fixversion_change_var,no_fixversion_change_range,no_priority_change_min,no_priority_change_max,no_priority_change_mean,no_priority_change_median,no_priority_change_std,no_priority_change_var,no_priority_change_range,no_des_change_min,no_des_change_max,no_des_change_mean,no_des_change_median,no_des_change_std,no_des_change_var,no_des_change_range,gunning_fog_freq_easy,type_freq_Bug,gunning_fog_freq_hard,type_freq_Epic,priority_freq_Critical,type_freq_Story,priority_freq_Trivial,type_freq_Documentation,type_freq_Wish,priority_freq_Blocker,type_freq_Sub-task,type_freq_Technical task,type_freq_New Feature,type_freq_Test,type_freq_Umbrella
1,8,Q2'14 Sprint 1,0,9,0,0,2,2,2,2,0,0,0,0,0,0,3,1,3.0,2.0,1.0,2.0,1.0,1.0,1.0,1.0,1.0,0.0,0.0,0.0,0.0,0.0,0.0,0.0,0.0,0.0,0.0,0.0,0.0,0.0,0.0,0.0,0.0,0.0,0.0,2.0,0.6666666666666666,0.0,1.1547005383792517,1.3333333333333335,2.0,0.0,0.0,0.0,0.0,0.0,0.0,0.0,0.0,0.0,0.0,0.0,0.0,0.0,0.0,1.0,1.0,1.0,1.0,0.0,0.0,0.0,0.0,0.0,0.0,0.0,0.0,0.0,0.0,0.0,0.0,0.0,0.0,0.0,0.0,0.0,3.0,0.0,0.0,0.0,0.0,0.0,0.0,0.0,0.0,0.0,0.0,0.0,0.0,0.0,0.0
1,12,Q2'14 Sprint 2,3,13,0,0,0,0,0,0,0,0,0,0,0,0,3,1,2.0,0.0,0.0,1.0,1.0,0.0,0.0,0.0,0.0,0.0,0.0,0.0,0.0,1.0,0.5,0.5,0.7071067811865476,0.5,1.0,0.0,0.0,0.0,0.0,0.0,0.0,0.0,1.0,1.0,1.0,1.0,0.0,0.0,0.0,0.0,0.0,0.0,0.0,0.0,0.0,0.0,0.0,0.0,0.0,0.0,0.0,0.0,0.0,0.0,1.0,0.5,0.5,0.7071067811865476,0.5,1.0,0.0,0.0,0.0,0.0,0.0,0.0,0.0,0.0,0.0,0.0,0.0,0.0,0.0,0.0,0.0,2.0,2.0,0.0,0.0,0.0,0.0,0.0,0.0,0.0,0.0,0.0,0.0,0.0,0.0
1,13,Q2 Sprint 3,0,12,0,0,0,0,0,0,0,0,0,0,0,0,3,1,1.0,0.0,0.0,0.0,1.0,0.0,0.0,0.0,0.0,0.0,0.0,0.0,0.0,0.0,0.0,0.0,0.0,0.0,0.0,0.0,0.0,0.0,0.0,0.0,0.0,0.0,0.0,0.0,0.0,0.0,0.0,0.0,0.0,0.0,0.0,0.0,0.0,0.0,0.0,0.0,0.0,0.0,0.0,0.0,0.0,0.0,0.0,0.0,0.0,0.0,0.0,0.0,0.0,0.0,0.0,0.0,0.0,0.0,0.0,0.0,0.0,0.0,0.0,0.0,0.0,0.0,0.0,0.0,1.0,1.0,0.0,0.0,0.0,0.0,0.0,0.0,0.0,0.0,0.0,0.0,0.0,0.0,0.0
1,20,Q2 Sprint 4,-1,12,3,3,1,1,3,3,0,0,1,1,0,0,3,1,4.0,1.0,1.0,2.0,2.0,1.0,3.0,1.75,1.5,0.9574271077563381,0.9166666666666666,2.0,0.0,0.0,0.0,0.0,0.0,0.0,0.0,0.0,0.0,0.0,0.0,0.0,0.0,0.0,0.0,1.0,0.25,0.0,0.5,0.25,1.0,0.0,0.0,0.0,0.0,0.0,0.0,0.0,0.0,0.0,0.0,0.0,0.0,0.0,0.0,0.0,2.0,1.5,2.0,1.0,1.0,2.0,0.0,0.0,0.0,0.0,0.0,0.0,0.0,0.0,0.0,0.0,0.0,0.0,0.0,0.0,4.0,2.0,0.0,0.0,0.0,0.0,0.0,0.0,0.0,0.0,0.0,0.0,0.0,0.0,0.0
1,24,Q3 Sprint 1,0,9,0,0,0,0,0,0,0,0,0,0,0,0,3,1,0.0,0.0,0.0,0.0,0.0,0.0,0.0,0.0,0.0,0.0,0.0,0.0,0.0,0.0,0.0,0.0,0.0,0.0,0.0,0.0,0.0,0.0,0.0,0.0,0.0,0.0,0.0,0.0,0.0,0.0,0.0,0.0,0.0,0.0,0.0,0.0,0.0,0.0,0.0,0.0,0.0,0.0,0.0,0.0,0.0,0.0,0.0,0.0,0.0,0.0,0.0,0.0,0.0,0.0,0.0,0.0,0.0,0.0,0.0,0.0,0.0,0.0,0.0,0.0,0.0,0.0,0.0,0.0,0.0,0.0,0.0,0.0,0.0,0.0,0.0,0.0,0.0,0.0,0.0,0.0,0.0,0.0,0.0
1,25,Q3 Sprint 2,0,9,0,0,0,0,0,0,0,0,0,0,0,0,3,2,3.0,1.0,0.0,3.0,0.0,0.0,4.0,1.6666666666666667,1.0,2.0816659994661326,4.333333333333333,4.0,0.0,1.0,0.3333333333333333,0.0,0.5773502691896258,0.33333333333333337,1.0,0.0,0.0,0.0,0.0,0.0,0.0,0.0,0.0,0.0,0.0,0.0,0.0,0.0,0.0,0.0,0.0,0.0,0.0,0.0,0.0,0.0,0.0,0.0,0.0,0.0,0.0,0.0,0.0,0.0,9.0,3.3333333333333335,1.0,4.932882862316247,24.333333333333332,9.0,0.0,0.0,0.0,0.0,0.0,0.0,0.0,0.0,0.0,0.0,0.0,0.0,0.0,0.0,0.0,2.0,3.0,0.0,0.0,0.0,0.0,0.0,0.0,0.0,0.0,0.0,0.0,0.0,0.0
1,30,Q3 Sprint 3,-8,11,1,8,0,0,0,0,1,8,0,0,0,0,3,2,1.0,0.0,0.0,1.0,0.0,2.0,2.0,2.0,2.0,0.0,0.0,0.0,0.0,0.0,0.0,0.0,0.0,0.0,0.0,0.0,0.0,0.0,0.0,0.0,0.0,0.0,4.0,4.0,4.0,4.0,0.0,0.0,0.0,0.0,0.0,0.0,0.0,0.0,0.0,0.0,0.0,0.0,0.0,0.0,0.0,0.0,0.0,0.0,0.0,0.0,0.0,0.0,0.0,0.0,0.0,0.0,0.0,0.0,0.0,0.0,0.0,0.0,0.0,0.0,0.0,0.0,0.0,0.0,0.0,1.0,1.0,0.0,0.0,0.0,0.0,0.0,0.0,0.0,0.0,0.0,0.0,0.0,0.0
1,31,Q3 Sprint 4,-9,11,2,9,0,0,0,0,2,9,0,0,0,0,3,3,3.0,1.0,0.0,2.0,1.0,0.0,3.0,1.3333333333333333,1.0,1.5275252316519468,2.3333333333333335,3.0,0.0,1.0,0.3333333333333333,0.0,0.5773502691896258,0.33333333333333337,1.0,0.0,0.0,0.0,0.0,0.0,0.0,0.0,0.0,4.0,1.3333333333333333,0.0,2.3094010767585034,5.333333333333334,4.0,0.0,0.0,0.0,0.0,0.0,0.0,0.0,0.0,0.0,0.0,0.0,0.0,0.0,0.0,0.0,1.0,0.3333333333333333,0.0,0.5773502691896258,0.33333333333333337,1.0,0.0,0.0,0.0,0.0,0.0,0.0,0.0,0.0,0.0,0.0,0.0,0.0,0.0,0.0,1.0,2.0,2.0,0.0,0.0,0.0,0.0,0.0,0.0,0.0,0.0,0.0,0.0,0.0,0.0
1,36,Mesos Q3 Sprint 5,0,14,0,0,2,2,2,2,0,0,0,0,0,0,3,6,5.0,1.0,0.0,5.0,0.0,1.0,11.0,4.2,3.0,3.96232255123179,15.7,10.0,0.0,1.0,0.4,0.0,0.5477225575051662,0.30000000000000004,1.0,0.0,0.0,0.0,0.0,0.0,0.0,0.0,0.0,8.0,2.8,2.0,3.3466401061363023,11.2,8.0,0.0,0.0,0.0,0.0,0.0,0.0,0.0,0.0,0.0,0.0,0.0,0.0,0.0,0.0,0.0,1.0,0.2,0.0,0.44721359549995804,0.20000000000000007,1.0,0.0,0.0,0.0,0.0,0.0,0.0,0.0,0.0,2.0,0.4,0.0,0.894427190999916,0.8000000000000002,2.0,1.0,2.0,4.0,2.0,0.0,0.0,0.0,0.0,0.0,0.0,0.0,0.0,0.0,0.0,0.0
1,38,Mesos Q3 Sprint 6,-3,14,1,3,0,0,0,0,1,3,0,0,0,0,3,3,3.0,0.0,0.0,2.0,1.0,3.0,11.0,6.333333333333333,5.0,4.163331998932266,17.333333333333336,8.0,0.0,1.0,0.6666666666666666,1.0,0.5773502691896258,0.33333333333333337,1.0,0.0,0.0,0.0,0.0,0.0,0.0,0.0,1.0,2.0,1.6666666666666667,2.0,0.5773502691896257,0.3333333333333333,1.0,0.0,0.0,0.0,0.0,0.0,0.0,0.0,0.0,0.0,0.0,0.0,0.0,0.0,0.0,0.0,0.0,0.0,0.0,0.0,0.0,0.0,0.0,0.0,0.0,0.0,0.0,0.0,0.0,0.0,2.0,0.6666666666666666,0.0,1.1547005383792517,1.3333333333333335,2.0,1.0,2.0,2.0,1.0,0.0,0.0,0.0,0.0,0.0,0.0,0.0,0.0,0.0,0.0,0.0
1,43,Twitter Q4 Sprint 1,-14,14,5,14,0,0,0,0,4,11,1,3,0,0,3,4,5.0,1.0,0.0,4.0,1.0,0.0,12.0,4.8,4.0,4.43846820423443,19.700000000000003,12.0,0.0,1.0,0.6,1.0,0.5477225575051662,0.30000000000000004,1.0,0.0,0.0,0.0,0.0,0.0,0.0,0.0,1.0,2.0,1.4,1.0,0.5477225575051661,0.3,1.0,0.0,0.0,0.0,0.0,0.0,0.0,0.0,0.0,0.0,0.0,0.0,0.0,0.0,0.0,0.0,0.0,0.0,0.0,0.0,0.0,0.0,0.0,0.0,0.0,0.0,0.0,0.0,0.0,0.0,2.0,0.4,0.0,0.8944271909999161,0.8000000000000003,2.0,1.0,3.0,4.0,1.0,0.0,0.0,0.0,0.0,0.0,0.0,0.0,0.0,0.0,0.0,0.0
1,45,Mesosphere Q4 Sprint 1 10/31,-4,12,4,5,5,14,6,15,3,4,0,0,0,0,3,7,11.0,3.0,2.0,7.0,3.0,0.0,18.0,5.7272727272727275,3.0,6.2942975635238145,39.618181818181824,18.0,0.0,1.0,0.2727272727272727,0.0,0.46709936649691375,0.21818181818181817,1.0,0.0,0.0,0.0,0.0,0.0,0.0,0.0,0.0,4.0,1.0,1.0,1.2649110640673518,1.6,4.0,0.0,0.0,0.0,0.0,0.0,0.0,0.0,0.0,0.0,0.0,0.0,0.0,0.0,0.0,0.0,0.0,0.0,0.0,0.0,0.0,0.0,0.0,1.0,0.09090909090909091,0.0,0.30151134457776363,0.0909090909090909,1.0,0.0,2.0,0.45454545454545453,0.0,0.8201995322647243,0.6727272727272726,2.0,3.0,4.0,8.0,2.0,1.0,0.0,0.0,0.0,0.0,0.0,0.0,0.0,0.0,0.0,0.0
1,47,Mesosphere Q4 Sprint 2 - 11/14,-5,10,4,5,0,0,0,0,4,5,0,0,0,0,3,4,4.0,1.0,1.0,3.0,0.0,0.0,18.0,8.5,8.0,9.327379053088816,87.0,18.0,0.0,0.0,0.0,0.0,0.0,0.0,0.0,0.0,0.0,0.0,0.0,0.0,0.0,0.0,0.0,4.0,1.0,0.0,2.0,4.0,4.0,0.0,0.0,0.0,0.0,0.0,0.0,0.0,0.0,0.0,0.0,0.0,0.0,0.0,0.0,0.0,0.0,0.0,0.0,0.0,0.0,0.0,0.0,0.0,0.0,0.0,0.0,0.0,0.0,0.0,2.0,0.75,0.5,0.9574271077563381,0.9166666666666666,2.0,2.0,1.0,2.0,1.0,1.0,0.0,0.0,0.0,0.0,0.0,0.0,0.0,0.0,0.0,0.0
1,49,Twitter Mesos Q4 Sprint 2,-13,14,6,15,0,0,1,2,2,6,3,7,0,0,3,4,6.0,1.0,0.0,4.0,2.0,0.0,12.0,4.166666666666667,3.5,4.262237284181474,18.166666666666668,12.0,0.0,1.0,0.5,0.5,0.5477225575051661,0.3,1.0,0.0,0.0,0.0,0.0,0.0,0.0,0.0,1.0,3.0,1.6666666666666667,1.5,0.816496580927726,0.6666666666666667,2.0,0.0,0.0,0.0,0.0,0.0,0.0,0.0,0.0,0.0,0.0,0.0,0.0,0.0,0.0,0.0,0.0,0.0,0.0,0.0,0.0,0.0,0.0,0.0,0.0,0.0,0.0,0.0,0.0,0.0,2.0,0.5,0.0,0.8366600265340756,0.7,2.0,1.0,3.0,5.0,1.0,0.0,1.0,0.0,0.0,0.0,0.0,0.0,0.0,0.0,0.0,0.0
1,51,Twitter Mesos Q4 Sprint 3,0,14,0,0,0,0,0,0,0,0,0,0,0,0,3,3,4.0,0.0,0.0,2.0,2.0,0.0,5.0,2.75,3.0,2.0615528128088303,4.25,5.0,0.0,1.0,0.5,0.5,0.5773502691896257,0.3333333333333333,1.0,0.0,0.0,0.0,0.0,0.0,0.0,0.0,1.0,3.0,1.75,1.5,0.9574271077563381,0.9166666666666666,2.0,0.0,0.0,0.0,0.0,0.0,0.0,0.0,0.0,0.0,0.0,0.0,0.0,0.0,0.0,0.0,0.0,0.0,0.0,0.0,0.0,0.0,0.0,0.0,0.0,0.0,0.0,0.0,0.0,0.0,1.0,0.25,0.0,0.5,0.25,1.0,0.0,3.0,4.0,0.0,0.0,1.0,0.0,0.0,0.0,0.0,0.0,0.0,0.0,0.0,0.0
1,55,Mesosphere Q4 Sprint 3 - 12/7,-7,18,5,10,0,0,0,0,3,4,2,6,0,0,3,4,9.0,4.0,3.0,6.0,1.0,0.0,16.0,3.5555555555555554,1.0,6.267198558987722,39.27777777777778,16.0,0.0,0.0,0.0,0.0,0.0,0.0,0.0,0.0,1.0,0.2222222222222222,0.0,0.44095855184409843,0.19444444444444445,1.0,0.0,4.0,1.0,0.0,1.4142135623730951,2.0,4.0,0.0,0.0,0.0,0.0,0.0,0.0,0.0,0.0,0.0,0.0,0.0,0.0,0.0,0.0,0.0,0.0,0.0,0.0,0.0,0.0,0.0,0.0,0.0,0.0,0.0,0.0,0.0,0.0,0.0,2.0,0.6666666666666666,0.0,0.8660254037844386,0.75,2.0,4.0,1.0,5.0,1.0,2.0,0.0,0.0,0.0,0.0,0.0,0.0,0.0,0.0,0.0,0.0
1,56,Twitter Mesos Q4 Sprint 4,-3,14,1,3,0,0,0,0,1,3,0,0,0,0,3,2,1.0,0.0,0.0,1.0,0.0,2.0,2.0,2.0,2.0,0.0,0.0,0.0,0.0,0.0,0.0,0.0,0.0,0.0,0.0,0.0,0.0,0.0,0.0,0.0,0.0,0.0,1.0,1.0,1.0,1.0,0.0,0.0,0.0,0.0,0.0,0.0,0.0,0.0,0.0,0.0,0.0,0.0,0.0,0.0,0.0,0.0,0.0,0.0,0.0,0.0,0.0,0.0,0.0,0.0,0.0,0.0,0.0,0.0,0.0,0.0,0.0,0.0,0.0,0.0,0.0,0.0,0.0,0.0,0.0,1.0,1.0,0.0,0.0,0.0,0.0,0.0,0.0,0.0,0.0,0.0,0.0,0.0,0.0
1,57,Twitter Mesos Q4 Sprint 5,-3,14,1,3,0,0,0,0,1,3,0,0,0,0,3,2,1.0,0.0,0.0,1.0,0.0,3.0,3.0,3.0,3.0,0.0,0.0,0.0,0.0,0.0,0.0,0.0,0.0,0.0,0.0,0.0,0.0,0.0,0.0,0.0,0.0,0.0,1.0,1.0,1.0,1.0,0.0,0.0,0.0,0.0,0.0,0.0,0.0,0.0,0.0,0.0,0.0,0.0,0.0,0.0,0.0,0.0,0.0,0.0,0.0,0.0,0.0,0.0,0.0,0.0,0.0,0.0,0.0,0.0,0.0,0.0,0.0,0.0,0.0,0.0,0.0,0.0,0.0,0.0,0.0,1.0,1.0,0.0,0.0,0.0,0.0,0.0,0.0,0.0,0.0,0.0,0.0,0.0,0.0
1,63,Twitter Mesos Q4 Sprint 6,-3,14,1,3,0,0,0,0,0,0,1,3,0,0,3,2,1.0,0.0,0.0,1.0,0.0,3.0,3.0,3.0,3.0,0.0,0.0,0.0,0.0,0.0,0.0,0.0,0.0,0.0,0.0,0.0,0.0,0.0,0.0,0.0,0.0,0.0,1.0,1.0,1.0,1.0,0.0,0.0,0.0,0.0,0.0,0.0,0.0,0.0,0.0,0.0,0.0,0.0,0.0,0.0,0.0,0.0,0.0,0.0,0.0,0.0,0.0,0.0,0.0,0.0,0.0,0.0,0.0,0.0,0.0,0.0,0.0,0.0,0.0,0.0,0.0,0.0,0.0,0.0,0.0,1.0,1.0,0.0,0.0,0.0,0.0,0.0,0.0,0.0,0.0,0.0,0.0,0.0,0.0
1,69,Mesosphere Q1 Sprint 1 - 1/23,-31,8,8,31,0,0,0,0,7,30,1,1,0,0,3,5,8.0,3.0,4.0,5.0,1.0,0.0,13.0,3.625,1.0,5.50162313711664,30.267857142857142,13.0,0.0,0.0,0.0,0.0,0.0,0.0,0.0,0.0,1.0,0.25,0.0,0.4629100498862757,0.21428571428571427,1.0,0.0,4.0,1.25,1.0,1.3887301496588271,1.9285714285714286,4.0,0.0,0.0,0.0,0.0,0.0,0.0,0.0,0.0,0.0,0.0,0.0,0.0,0.0,0.0,0.0,0.0,0.0,0.0,0.0,0.0,0.0,0.0,0.0,0.0,0.0,0.0,0.0,0.0,0.0,2.0,0.75,0.5,0.8864052604279183,0.7857142857142857,2.0,3.0,0.0,5.0,1.0,2.0,0.0,0.0,0.0,0.0,0.0,0.0,0.0,0.0,0.0,0.0
1,74,Mesosphere Q1 Sprint 2 - 2/6,-38,14,8,37,1,1,0,0,8,37,1,1,0,0,3,6,9.0,1.0,6.0,5.0,1.0,0.0,13.0,2.3333333333333335,1.0,4.06201920231798,16.5,13.0,0.0,1.0,0.1111111111111111,0.0,0.3333333333333333,0.1111111111111111,1.0,0.0,1.0,0.2222222222222222,0.0,0.44095855184409843,0.19444444444444445,1.0,0.0,4.0,1.0,1.0,1.3228756555322954,1.75,4.0,0.0,0.0,0.0,0.0,0.0,0.0,0.0,0.0,0.0,0.0,0.0,0.0,0.0,0.0,0.0,0.0,0.0,0.0,0.0,0.0,0.0,0.0,0.0,0.0,0.0,0.0,0.0,0.0,0.0,4.0,0.6666666666666666,0.0,1.3228756555322954,1.7500000000000002,4.0,3.0,1.0,6.0,1.0,2.0,0.0,1.0,0.0,0.0,0.0,0.0,0.0,0.0,0.0,0.0
1,75,Mesosphere Q1 Sprint 3 - 2/20,-36,14,8,37,0,0,0,0,8,37,0,0,0,0,3,6,8.0,1.0,5.0,4.0,1.0,0.0,13.0,3.125,1.0,4.580626906564522,20.982142857142858,13.0,0.0,1.0,0.125,0.0,0.3535533905932738,0.125,1.0,0.0,1.0,0.25,0.0,0.4629100498862757,0.21428571428571427,1.0,0.0,4.0,1.125,1.0,1.3562026818605375,1.8392857142857142,4.0,0.0,0.0,0.0,0.0,0.0,0.0,0.0,0.0,0.0,0.0,0.0,0.0,0.0,0.0,0.0,0.0,0.0,0.0,0.0,0.0,0.0,0.0,0.0,0.0,0.0,0.0,0.0,0.0,0.0,4.0,0.75,0.0,1.3887301496588271,1.9285714285714286,4.0,3.0,1.0,5.0,1.0,2.0,0.0,1.0,0.0,0.0,0.0,0.0,0.0,0.0,0.0,0.0
1,80,Twitter Mesos Q1 Sprint 2,-8,14,1,8,0,0,0,0,0,0,1,8,0,0,3,1,1.0,0.0,0.0,0.0,1.0,6.0,6.0,6.0,6.0,0.0,0.0,0.0,1.0,1.0,1.0,1.0,0.0,0.0,0.0,0.0,0.0,0.0,0.0,0.0,0.0,0.0,0.0,0.0,0.0,0.0,0.0,0.0,0.0,0.0,0.0,0.0,0.0,0.0,0.0,0.0,0.0,0.0,0.0,0.0,0.0,0.0,0.0,0.0,0.0,0.0,0.0,0.0,0.0,0.0,0.0,0.0,0.0,0.0,0.0,0.0,0.0,0.0,0.0,0.0,0.0,0.0,0.0,0.0,0.0,1.0,1.0,0.0,0.0,0.0,0.0,0.0,0.0,0.0,0.0,0.0,0.0,0.0,0.0
1,81,Mesosphere Q1 Sprint 4 - 3/6,-36,14,7,36,0,0,0,0,7,36,0,0,0,0,3,5,8.0,1.0,5.0,4.0,1.0,0.0,16.0,4.375,3.0,5.208166663999915,27.125,16.0,0.0,1.0,0.125,0.0,0.3535533905932738,0.125,1.0,0.0,1.0,0.25,0.0,0.4629100498862757,0.21428571428571427,1.0,0.0,2.0,0.625,0.5,0.7440238091428449,0.5535714285714286,2.0,0.0,0.0,0.0,0.0,0.0,0.0,0.0,0.0,0.0,0.0,0.0,0.0,0.0,0.0,0.0,0.0,0.0,0.0,0.0,0.0,0.0,0.0,0.0,0.0,0.0,0.0,0.0,0.0,0.0,1.0,0.375,0.0,0.5175491695067657,0.26785714285714285,1.0,3.0,2.0,5.0,0.0,2.0,0.0,1.0,0.0,0.0,0.0,0.0,0.0,0.0,0.0,0.0
1,87,Twitter Mesos Q1 Sprint 3,-8,13,1,8,0,0,0,0,0,0,1,5,0,0,3,2,3.0,1.0,0.0,2.0,1.0,0.0,6.0,2.0,0.0,3.4641016151377544,12.0,6.0,0.0,2.0,1.0,1.0,1.0,1.0,2.0,0.0,1.0,0.3333333333333333,0.0,0.5773502691896258,0.33333333333333337,1.0,0.0,2.0,0.6666666666666666,0.0,1.1547005383792517,1.3333333333333335,2.0,0.0,0.0,0.0,0.0,0.0,0.0,0.0,0.0,0.0,0.0,0.0,0.0,0.0,0.0,0.0,0.0,0.0,0.0,0.0,0.0,0.0,0.0,0.0,0.0,0.0,0.0,0.0,0.0,0.0,0.0,0.0,0.0,0.0,0.0,0.0,0.0,2.0,3.0,0.0,0.0,0.0,0.0,0.0,0.0,0.0,0.0,0.0,0.0,0.0,0.0
1,93,Twitter Mesos Q1 Sprint 4,-5,14,1,5,0,0,0,0,0,0,1,5,0,0,3,1,1.0,1.0,0.0,1.0,0.0,1.0,1.0,1.0,1.0,0.0,0.0,0.0,2.0,2.0,2.0,2.0,0.0,0.0,0.0,1.0,1.0,1.0,1.0,0.0,0.0,0.0,2.0,2.0,2.0,2.0,0.0,0.0,0.0,0.0,0.0,0.0,0.0,0.0,0.0,0.0,0.0,0.0,0.0,0.0,0.0,0.0,0.0,0.0,0.0,0.0,0.0,0.0,0.0,0.0,0.0,0.0,0.0,0.0,0.0,0.0,0.0,0.0,0.0,0.0,0.0,0.0,0.0,0.0,0.0,0.0,1.0,0.0,0.0,0.0,0.0,0.0,0.0,0.0,0.0,0.0,0.0,0.0,0.0
1,95,Mesosphere Q1 Sprint 5 - 3/20,-40,11,7,37,2,3,0,0,8,39,1,1,0,0,3,5,9.0,1.0,4.0,5.0,0.0,0.0,8.0,3.7777777777777777,4.0,2.9907264074877267,8.944444444444445,8.0,0.0,1.0,0.1111111111111111,0.0,0.3333333333333333,0.1111111111111111,1.0,0.0,1.0,0.3333333333333333,0.0,0.5,0.25,1.0,0.0,2.0,0.5555555555555556,0.0,0.7264831572567789,0.5277777777777778,2.0,0.0,0.0,0.0,0.0,0.0,0.0,0.0,0.0,0.0,0.0,0.0,0.0,0.0,0.0,0.0,0.0,0.0,0.0,0.0,0.0,0.0,0.0,0.0,0.0,0.0,0.0,0.0,0.0,0.0,5.0,0.8888888888888888,0.0,1.6158932858054427,2.6111111111111103,5.0,3.0,2.0,6.0,1.0,3.0,0.0,1.0,1.0,0.0,0.0,0.0,0.0,0.0,0.0,0.0
1,99,Twitter Mesos Q1 Sprint 5,0,14,0,0,1,2,0,0,1,2,0,0,0,0,3,1,3.0,2.0,0.0,3.0,0.0,1.0,5.0,3.3333333333333335,4.0,2.081665999466133,4.333333333333334,4.0,0.0,2.0,1.0,1.0,1.0,1.0,2.0,0.0,1.0,0.6666666666666666,1.0,0.5773502691896258,0.33333333333333337,1.0,0.0,2.0,0.6666666666666666,0.0,1.1547005383792517,1.3333333333333335,2.0,0.0,0.0,0.0,0.0,0.0,0.0,0.0,0.0,0.0,0.0,0.0,0.0,0.0,0.0,0.0,0.0,0.0,0.0,0.0,0.0,0.0,0.0,0.0,0.0,0.0,0.0,0.0,0.0,0.0,1.0,0.3333333333333333,0.0,0.5773502691896258,0.33333333333333337,1.0,0.0,1.0,3.0,0.0,0.0,0.0,0.0,0.0,0.0,0.0,0.0,0.0,0.0,0.0,0.0
1,102,Mesosphere Q1 Sprint 6 - 4/3,-40,14,9,40,1,1,1,1,8,39,1,1,0,0,3,7,11.0,1.0,4.0,7.0,0.0,0.0,9.0,3.8181818181818183,4.0,3.1246818019818217,9.763636363636365,9.0,0.0,1.0,0.18181818181818182,0.0,0.4045199174779452,0.16363636363636358,1.0,0.0,1.0,0.2727272727272727,0.0,0.46709936649691375,0.21818181818181817,1.0,0.0,4.0,1.0,1.0,1.2649110640673518,1.6,4.0,0.0,0.0,0.0,0.0,0.0,0.0,0.0,0.0,0.0,0.0,0.0,0.0,0.0,0.0,0.0,0.0,0.0,0.0,0.0,0.0,0.0,0.0,1.0,0.09090909090909091,0.0,0.30151134457776363,0.0909090909090909,1.0,0.0,5.0,0.8181818181818182,0.0,1.4709304414677,2.163636363636363,5.0,3.0,2.0,8.0,2.0,3.0,1.0,1.0,1.0,0.0,0.0,0.0,0.0,0.0,0.0,0.0
1,104,Twitter Mesos Q1 Sprint 6,-10,7,2,10,0,0,0,0,2,10,0,0,0,0,3,2,2.0,2.0,0.0,2.0,0.0,1.0,11.0,6.0,6.0,7.0710678118654755,50.0,10.0,0.0,2.0,1.0,1.0,1.4142135623730951,2.0,2.0,0.0,1.0,0.5,0.5,0.7071067811865476,0.5,1.0,0.0,2.0,1.0,1.0,1.4142135623730951,2.0,2.0,0.0,0.0,0.0,0.0,0.0,0.0,0.0,0.0,0.0,0.0,0.0,0.0,0.0,0.0,0.0,0.0,0.0,0.0,0.0,0.0,0.0,0.0,0.0,0.0,0.0,0.0,0.0,0.0,0.0,1.0,0.5,0.5,0.7071067811865476,0.5,1.0,0.0,0.0,2.0,0.0,0.0,0.0,0.0,0.0,0.0,0.0,0.0,0.0,0.0,0.0,0.0
1,106,Mesosphere Q1 Sprint 7 - 4/17,-42,14,10,41,1,1,0,0,9,39,2,3,0,0,3,8,11.0,1.0,3.0,7.0,0.0,0.0,10.0,4.2727272727272725,4.0,3.289100457295553,10.818181818181817,10.0,0.0,1.0,0.2727272727272727,0.0,0.46709936649691375,0.21818181818181817,1.0,0.0,1.0,0.2727272727272727,0.0,0.46709936649691375,0.21818181818181817,1.0,0.0,8.0,1.6363636363636365,1.0,2.4605985967941733,6.054545454545455,8.0,0.0,0.0,0.0,0.0,0.0,0.0,0.0,0.0,0.0,0.0,0.0,0.0,0.0,0.0,0.0,0.0,0.0,0.0,0.0,0.0,0.0,0.0,1.0,0.09090909090909091,0.0,0.30151134457776363,0.0909090909090909,1.0,0.0,5.0,0.8181818181818182,0.0,1.4709304414677,2.163636363636363,5.0,2.0,2.0,9.0,3.0,3.0,1.0,1.0,1.0,0.0,0.0,0.0,0.0,0.0,0.0,0.0
1,108,Mesosphere Q2 Sprint 8 - 5/1,-42,14,11,42,0,0,0,0,9,39,2,3,0,0,3,9,11.0,1.0,4.0,6.0,0.0,0.0,10.0,4.636363636363637,5.0,3.471965647086021,12.054545454545455,10.0,0.0,1.0,0.2727272727272727,0.0,0.46709936649691375,0.21818181818181817,1.0,0.0,1.0,0.2727272727272727,0.0,0.46709936649691375,0.21818181818181817,1.0,0.0,8.0,1.2727272727272727,0.0,2.370270410350224,5.618181818181819,8.0,0.0,0.0,0.0,0.0,0.0,0.0,0.0,0.0,0.0,0.0,0.0,0.0,0.0,0.0,0.0,0.0,0.0,0.0,0.0,0.0,0.0,0.0,0.0,0.0,0.0,0.0,0.0,0.0,0.0,6.0,1.2727272727272727,0.0,2.1489955370316194,4.618181818181819,6.0,3.0,2.0,8.0,3.0,3.0,0.0,2.0,1.0,0.0,0.0,0.0,0.0,0.0,0.0,0.0
1,113,Twitter Q2 Sprint 1 - 4/13,0,14,0,0,0,0,0,0,0,0,0,0,0,0,3,1,1.0,1.0,0.0,1.0,0.0,1.0,1.0,1.0,1.0,0.0,0.0,0.0,2.0,2.0,2.0,2.0,0.0,0.0,0.0,1.0,1.0,1.0,1.0,0.0,0.0,0.0,2.0,2.0,2.0,2.0,0.0,0.0,0.0,0.0,0.0,0.0,0.0,0.0,0.0,0.0,0.0,0.0,0.0,0.0,0.0,0.0,0.0,0.0,0.0,0.0,0.0,0.0,0.0,0.0,0.0,0.0,0.0,0.0,0.0,0.0,0.0,0.0,0.0,0.0,0.0,0.0,0.0,0.0,0.0,0.0,1.0,0.0,0.0,0.0,0.0,0.0,0.0,0.0,0.0,0.0,0.0,0.0,0.0
1,115,Mesosphere Q1 Sprint 9 - 5/15,0,14,0,0,0,0,0,0,0,0,0,0,0,0,3,9,10.0,1.0,3.0,7.0,0.0,0.0,10.0,4.6,4.5,3.9496835316263,15.600000000000001,10.0,0.0,1.0,0.3,0.0,0.48304589153964794,0.23333333333333334,1.0,0.0,1.0,0.3,0.0,0.4830458915396479,0.23333333333333328,1.0,0.0,8.0,1.7,1.0,2.4517567397911053,6.01111111111111,8.0,0.0,0.0,0.0,0.0,0.0,0.0,0.0,0.0,0.0,0.0,0.0,0.0,0.0,0.0,0.0,0.0,0.0,0.0,0.0,0.0,0.0,0.0,0.0,0.0,0.0,0.0,0.0,0.0,0.0,5.0,0.8,0.0,1.5491933384829668,2.4000000000000004,5.0,3.0,1.0,7.0,3.0,2.0,1.0,1.0,1.0,0.0,0.0,0.0,0.0,0.0,0.0,0.0
1,118,Twitter Q2 Sprint 2,-5,14,2,6,0,0,1,1,1,5,0,0,0,0,3,1,3.0,1.0,1.0,2.0,1.0,0.0,1.0,0.3333333333333333,0.0,0.5773502691896258,0.33333333333333337,1.0,0.0,2.0,1.0,1.0,1.0,1.0,2.0,0.0,1.0,0.3333333333333333,0.0,0.5773502691896258,0.33333333333333337,1.0,0.0,2.0,0.6666666666666666,0.0,1.1547005383792517,1.3333333333333335,2.0,0.0,0.0,0.0,0.0,0.0,0.0,0.0,0.0,0.0,0.0,0.0,0.0,0.0,0.0,0.0,0.0,0.0,0.0,0.0,0.0,0.0,0.0,0.0,0.0,0.0,0.0,0.0,0.0,0.0,0.0,0.0,0.0,0.0,0.0,0.0,2.0,0.0,1.0,1.0,0.0,0.0,0.0,0.0,0.0,0.0,0.0,0.0,0.0,0.0,0.0
1,128,Twitter Q2 Sprint 3 - 5/11,0,14,0,0,0,0,0,0,0,0,0,0,0,0,3,1,2.0,1.0,0.0,2.0,0.0,0.0,1.0,0.5,0.5,0.7071067811865476,0.5,1.0,0.0,2.0,1.0,1.0,1.4142135623730951,2.0,2.0,0.0,1.0,0.5,0.5,0.7071067811865476,0.5,1.0,1.0,2.0,1.5,1.5,0.7071067811865476,0.5,1.0,0.0,0.0,0.0,0.0,0.0,0.0,0.0,0.0,0.0,0.0,0.0,0.0,0.0,0.0,0.0,0.0,0.0,0.0,0.0,0.0,0.0,0.0,0.0,0.0,0.0,0.0,0.0,0.0,0.0,1.0,0.5,0.5,0.7071067811865476,0.5,1.0,0.0,0.0,2.0,0.0,0.0,1.0,0.0,0.0,0.0,0.0,0.0,0.0,0.0,0.0,0.0
1,130,Mesosphere Sprint 10,-17,10,5,17,0,0,0,0,4,14,0,0,1,3,3,9,14.0,5.0,4.0,7.0,3.0,0.0,10.0,2.5714285714285716,1.0,3.3675895445643826,11.340659340659345,10.0,0.0,1.0,0.21428571428571427,0.0,0.42581531362632,0.18131868131868129,1.0,0.0,1.0,0.21428571428571427,0.0,0.4258153136263202,0.18131868131868142,1.0,0.0,3.0,0.8571428571428571,0.0,1.167320591199077,1.3626373626373625,3.0,0.0,0.0,0.0,0.0,0.0,0.0,0.0,0.0,0.0,0.0,0.0,0.0,0.0,0.0,0.0,1.0,0.07142857142857142,0.0,0.2672612419124244,0.07142857142857142,1.0,0.0,1.0,0.07142857142857142,0.0,0.2672612419124244,0.07142857142857142,1.0,0.0,5.0,1.0714285714285714,0.0,1.6854255666327542,2.840659340659341,5.0,6.0,1.0,8.0,1.0,3.0,1.0,1.0,2.0,0.0,0.0,0.0,0.0,0.0,0.0,0.0
1,132,Twitter Q2 Sprint 3,0,13,0,0,0,0,0,0,0,0,0,0,0,0,3,4,7.0,7.0,0.0,7.0,0.0,0.0,2.0,0.8571428571428571,1.0,0.8997354108424372,0.8095238095238094,2.0,0.0,2.0,0.7142857142857143,1.0,0.7559289460184544,0.5714285714285714,2.0,0.0,1.0,0.2857142857142857,0.0,0.48795003647426666,0.23809523809523814,1.0,0.0,2.0,0.2857142857142857,0.0,0.7559289460184546,0.5714285714285716,2.0,0.0,0.0,0.0,0.0,0.0,0.0,0.0,0.0,0.0,0.0,0.0,0.0,0.0,0.0,0.0,0.0,0.0,0.0,0.0,0.0,0.0,0.0,0.0,0.0,0.0,0.0,0.0,0.0,0.0,4.0,0.5714285714285714,0.0,1.5118578920369092,2.2857142857142865,4.0,2.0,0.0,5.0,0.0,0.0,0.0,0.0,0.0,0.0,0.0,0.0,0.0,0.0,0.0,0.0
1,134,Mesosphere Sprint 11,-64,13,0,0,14,64,0,0,14,64,0,0,0,0,3,9,14.0,5.0,4.0,7.0,3.0,0.0,11.0,3.0,1.0,3.4641016151377544,12.0,11.0,0.0,1.0,0.21428571428571427,0.0,0.42581531362632,0.18131868131868129,1.0,0.0,1.0,0.21428571428571427,0.0,0.4258153136263202,0.18131868131868142,1.0,0.0,3.0,0.8571428571428571,0.0,1.167320591199077,1.3626373626373625,3.0,0.0,0.0,0.0,0.0,0.0,0.0,0.0,0.0,0.0,0.0,0.0,0.0,0.0,0.0,0.0,1.0,0.07142857142857142,0.0,0.2672612419124244,0.07142857142857142,1.0,0.0,1.0,0.07142857142857142,0.0,0.2672612419124244,0.07142857142857142,1.0,0.0,5.0,1.1428571428571428,0.5,1.6574838603294897,2.7472527472527473,5.0,6.0,1.0,8.0,1.0,3.0,1.0,1.0,2.0,0.0,0.0,0.0,0.0,0.0,0.0,0.0
1,141,Twitter Mesos Q2 Sprint 5,-19,14,4,16,1,3,0,0,2,10,3,9,0,0,3,4,8.0,7.0,0.0,6.0,2.0,0.0,5.0,1.25,1.0,1.6690459207925603,2.7857142857142856,5.0,0.0,2.0,0.75,1.0,0.7071067811865476,0.5,2.0,0.0,1.0,0.25,0.0,0.4629100498862757,0.21428571428571427,1.0,0.0,2.0,0.25,0.0,0.7071067811865476,0.5,2.0,0.0,0.0,0.0,0.0,0.0,0.0,0.0,0.0,0.0,0.0,0.0,0.0,0.0,0.0,0.0,0.0,0.0,0.0,0.0,0.0,0.0,0.0,0.0,0.0,0.0,0.0,0.0,0.0,0.0,1.0,0.125,0.0,0.3535533905932738,0.125,1.0,4.0,1.0,4.0,0.0,0.0,0.0,0.0,0.0,0.0,0.0,0.0,0.0,0.0,0.0,0.0
1,142,Mesosphere Sprint 12,0,14,0,0,12,37,12,37,0,0,0,0,0,0,3,9,23.0,8.0,3.0,17.0,2.0,0.0,13.0,3.130434782608696,2.0,3.4549614894063048,11.936758893280633,13.0,0.0,1.0,0.13043478260869565,0.0,0.34435022157509093,0.11857707509881421,1.0,0.0,1.0,0.2608695652173913,0.0,0.4489777585448796,0.2015810276679842,1.0,0.0,3.0,0.782608695652174,0.0,0.9980217586956907,0.9960474308300394,3.0,0.0,0.0,0.0,0.0,0.0,0.0,0.0,0.0,0.0,0.0,0.0,0.0,0.0,0.0,0.0,1.0,0.043478260869565216,0.0,0.2085144140570748,0.04347826086956523,1.0,0.0,1.0,0.043478260869565216,0.0,0.2085144140570748,0.04347826086956523,1.0,0.0,5.0,0.8260869565217391,0.0,1.4970326380435361,2.2411067193675893,5.0,13.0,7.0,10.0,1.0,4.0,2.0,0.0,2.0,0.0,0.0,0.0,0.0,0.0,0.0,0.0
1,143,Mesosphere Sprint 13,44,14,1,8,4,22,2,16,3,14,0,0,0,0,3,15,50.0,15.0,11.0,39.0,5.0,0.0,14.0,1.86,0.5,2.9555206040250046,8.735102040816328,14.0,0.0,1.0,0.1,0.0,0.30304576336566325,0.09183673469387756,1.0,0.0,1.0,0.36,0.0,0.4848732213850611,0.2351020408163265,1.0,0.0,5.0,0.66,0.0,1.0421719862765415,1.086122448979592,5.0,0.0,0.0,0.0,0.0,0.0,0.0,0.0,0.0,0.0,0.0,0.0,0.0,0.0,0.0,0.0,3.0,0.06,0.0,0.4242640687119285,0.18,3.0,0.0,1.0,0.1,0.0,0.30304576336566325,0.09183673469387756,1.0,0.0,6.0,0.42,0.0,1.1621584422521567,1.3506122448979594,6.0,31.0,14.0,19.0,1.0,5.0,4.0,0.0,4.0,1.0,1.0,0.0,0.0,0.0,0.0,0.0
1,150,Twitter Mesos Q2 Sprint 6,-29,14,8,33,4,14,0,0,2,7,9,38,1,2,3,9,20.0,9.0,7.0,18.0,1.0,0.0,9.0,1.6,1.0,2.087557121815378,4.3578947368421055,9.0,0.0,2.0,0.25,0.0,0.5501196042201808,0.3026315789473684,2.0,0.0,1.0,0.45,0.0,0.5104177855340405,0.2605263157894737,1.0,0.0,4.0,0.9,0.0,1.2096106376585989,1.4631578947368422,4.0,0.0,0.0,0.0,0.0,0.0,0.0,0.0,0.0,0.0,0.0,0.0,0.0,0.0,0.0,0.0,7.0,0.4,0.0,1.5694450913417908,2.4631578947368418,7.0,0.0,0.0,0.0,0.0,0.0,0.0,0.0,0.0,3.0,0.45,0.0,0.8255779474818965,0.6815789473684211,3.0,13.0,3.0,7.0,0.0,1.0,1.0,0.0,0.0,0.0,0.0,0.0,0.0,0.0,0.0,0.0
1,154,Mesosphere Sprint 14,23,14,0,0,18,86,13,77,5,9,0,0,0,0,3,18,58.0,21.0,15.0,43.0,6.0,0.0,13.0,2.586206896551724,1.0,3.282246143407974,10.773139745916518,13.0,0.0,2.0,0.13793103448275862,0.0,0.39506943036564773,0.15607985480943737,2.0,0.0,1.0,0.15517241379310345,0.0,0.36523119992833164,0.13339382940108896,1.0,0.0,6.0,0.7931034482758621,0.0,1.3476245597431757,1.8160919540229885,6.0,0.0,0.0,0.0,0.0,0.0,0.0,0.0,0.0,0.0,0.0,0.0,0.0,0.0,0.0,0.0,3.0,0.3103448275862069,0.0,0.7304623998566632,0.5335753176043557,3.0,0.0,1.0,0.06896551724137931,0.0,0.255608593705383,0.06533575317604358,1.0,0.0,4.0,0.5344827586206896,0.0,0.9590843081939333,0.9198427102238356,4.0,33.0,14.0,25.0,1.0,5.0,3.0,0.0,3.0,1.0,4.0,0.0,0.0,0.0,0.0,0.0
1,155,Twitter Mesos Q3 Sprint 1,-20,14,12,49,1,8,0,0,2,14,6,28,5,15,3,6,18.0,6.0,8.0,17.0,0.0,0.0,7.0,2.1666666666666665,2.0,2.229481606852615,4.970588235294118,7.0,0.0,2.0,0.3333333333333333,0.0,0.5940885257860047,0.3529411764705883,2.0,0.0,1.0,0.4444444444444444,0.0,0.5113099925649136,0.26143790849673204,1.0,0.0,4.0,1.0,0.5,1.2366938848016846,1.5294117647058822,4.0,0.0,0.0,0.0,0.0,0.0,0.0,0.0,0.0,0.0,0.0,0.0,0.0,0.0,0.0,0.0,7.0,0.6111111111111112,0.0,1.649915822768611,2.7222222222222228,7.0,0.0,0.0,0.0,0.0,0.0,0.0,0.0,0.0,2.0,0.3888888888888889,0.0,0.6978023391872253,0.48692810457516345,2.0,9.0,4.0,9.0,0.0,0.0,0.0,0.0,0.0,0.0,1.0,0.0,0.0,0.0,0.0,0.0
14,1,Usergrid 0,0,14,2,4,0,0,2,4,0,0,0,0,0,0,1,1,2.0,0.0,0.0,2.0,0.0,3.0,3.0,3.0,3.0,0.0,0.0,0.0,1.0,6.0,3.5,3.5,3.5355339059327378,12.5,5.0,0.0,1.0,0.5,0.5,0.7071067811865476,0.5,1.0,0.0,0.0,0.0,0.0,0.0,0.0,0.0,0.0,0.0,0.0,0.0,0.0,0.0,0.0,0.0,0.0,0.0,0.0,0.0,0.0,0.0,0.0,1.0,0.5,0.5,0.7071067811865476,0.5,1.0,0.0,0.0,0.0,0.0,0.0,0.0,0.0,0.0,0.0,0.0,0.0,0.0,0.0,0.0,0.0,2.0,2.0,0.0,0.0,0.0,0.0,0.0,0.0,0.0,0.0,0.0,0.0,0.0,0.0
18,2,Sprint #3 9/9 - 10/1,0,21,1,2,0,0,0,0,1,2,0,0,0,0,5,2,20.0,0.0,3.0,20.0,0.0,0.0,4.0,0.25,0.0,0.910465468000326,0.8289473684210527,4.0,0.0,1.0,0.6,1.0,0.5026246899500346,0.2526315789473685,1.0,0.0,1.0,0.85,1.0,0.36634754853252327,0.13421052631578947,1.0,0.0,1.0,0.05,0.0,0.22360679774997894,0.04999999999999999,1.0,0.0,0.0,0.0,0.0,0.0,0.0,0.0,0.0,0.0,0.0,0.0,0.0,0.0,0.0,0.0,3.0,0.9,1.0,0.6407232755171874,0.41052631578947374,3.0,0.0,0.0,0.0,0.0,0.0,0.0,0.0,0.0,1.0,0.05,0.0,0.22360679774997894,0.04999999999999999,1.0,17.0,0.0,3.0,0.0,0.0,0.0,0.0,0.0,0.0,0.0,17.0,0.0,0.0,0.0,0.0
18,3,Sprint #4 10/2 - 10/16,-6,13,7,14,1,2,0,0,7,14,1,2,0,0,5,3,51.0,0.0,6.0,46.0,3.0,0.0,4.0,0.27450980392156865,0.0,0.7504247163453245,0.5631372549019608,4.0,0.0,1.0,0.2549019607843137,0.0,0.44014257939453943,0.19372549019607846,1.0,0.0,2.0,0.6078431372549019,1.0,0.5684516293423396,0.3231372549019607,2.0,0.0,0.0,0.0,0.0,0.0,0.0,0.0,0.0,0.0,0.0,0.0,0.0,0.0,0.0,0.0,0.0,0.0,0.0,0.0,0.0,0.0,0.0,1.0,0.3137254901960784,0.0,0.4686233489032049,0.2196078431372549,1.0,0.0,0.0,0.0,0.0,0.0,0.0,0.0,0.0,2.0,0.21568627450980393,0.0,0.5408780080645201,0.2925490196078431,2.0,44.0,2.0,7.0,0.0,2.0,0.0,0.0,0.0,0.0,0.0,43.0,0.0,0.0,0.0,0.0
18,29,Scrumban #1,0,7,0,0,0,0,0,0,0,0,0,0,0,0,5,2,50.0,2.0,1.0,50.0,0.0,0.0,6.0,0.94,0.0,1.2682946931101733,1.6085714285714288,6.0,0.0,0.0,0.0,0.0,0.0,0.0,0.0,0.0,2.0,0.92,1.0,0.804071273112588,0.646530612244898,2.0,0.0,0.0,0.0,0.0,0.0,0.0,0.0,0.0,0.0,0.0,0.0,0.0,0.0,0.0,0.0,0.0,0.0,0.0,0.0,0.0,0.0,0.0,1.0,0.02,0.0,0.14142135623730948,0.019999999999999993,1.0,0.0,0.0,0.0,0.0,0.0,0.0,0.0,0.0,4.0,0.34,0.0,0.8233827686279751,0.6779591836734696,4.0,41.0,0.0,9.0,0.0,0.0,0.0,0.0,0.0,0.0,0.0,47.0,0.0,0.0,0.0,0.0
18,34,Scrumban #2,-6,14,0,0,5,10,2,4,3,6,0,0,0,0,5,4,27.0,2.0,2.0,27.0,0.0,0.0,4.0,1.037037037037037,1.0,1.0912759462588695,1.190883190883191,4.0,0.0,0.0,0.0,0.0,0.0,0.0,0.0,0.0,1.0,0.5185185185185185,1.0,0.5091750772173156,0.25925925925925924,1.0,0.0,0.0,0.0,0.0,0.0,0.0,0.0,0.0,0.0,0.0,0.0,0.0,0.0,0.0,0.0,0.0,0.0,0.0,0.0,0.0,0.0,0.0,1.0,0.5555555555555556,1.0,0.5063696835418333,0.25641025641025644,1.0,0.0,0.0,0.0,0.0,0.0,0.0,0.0,0.0,2.0,0.2222222222222222,0.0,0.5773502691896258,0.33333333333333337,2.0,21.0,1.0,6.0,0.0,0.0,0.0,0.0,0.0,0.0,0.0,22.0,0.0,0.0,0.0,0.0
18,37,Scrumban #3,-4,14,4,8,0,0,0,0,4,8,0,0,0,0,5,4,26.0,1.0,0.0,26.0,0.0,0.0,4.0,1.1153846153846154,1.0,1.1773503497913635,1.386153846153846,4.0,0.0,2.0,0.15384615384615385,0.0,0.4640954808922571,0.2153846153846154,2.0,0.0,1.0,0.6153846153846154,1.0,0.4961389383568338,0.24615384615384617,1.0,0.0,0.0,0.0,0.0,0.0,0.0,0.0,0.0,0.0,0.0,0.0,0.0,0.0,0.0,0.0,0.0,0.0,0.0,0.0,0.0,0.0,0.0,1.0,0.5769230769230769,1.0,0.5038314736557788,0.25384615384615383,1.0,0.0,0.0,0.0,0.0,0.0,0.0,0.0,0.0,2.0,0.23076923076923078,0.0,0.5870395085642742,0.34461538461538466,2.0,22.0,3.0,4.0,0.0,0.0,0.0,0.0,0.0,0.0,0.0,22.0,0.0,0.0,0.0,0.0
18,44,Scrumban #4,-2,14,0,0,2,4,0,0,2,4,0,0,0,0,5,1,2.0,0.0,0.0,2.0,0.0,0.0,0.0,0.0,0.0,0.0,0.0,0.0,0.0,0.0,0.0,0.0,0.0,0.0,0.0,0.0,0.0,0.0,0.0,0.0,0.0,0.0,0.0,0.0,0.0,0.0,0.0,0.0,0.0,0.0,0.0,0.0,0.0,0.0,0.0,0.0,0.0,0.0,0.0,0.0,0.0,0.0,0.0,0.0,0.0,0.0,0.0,0.0,0.0,0.0,0.0,0.0,0.0,0.0,0.0,0.0,0.0,1.0,2.0,1.5,1.5,0.7071067811865476,0.5,1.0,1.0,2.0,1.0,0.0,0.0,0.0,0.0,0.0,0.0,0.0,0.0,0.0,0.0,0.0,0.0
23,1,Usergrid 0,14,14,0,0,0,0,0,0,0,0,0,0,0,0,9,1,17.0,1.0,0.0,17.0,0.0,0.0,0.0,0.0,0.0,0.0,0.0,0.0,0.0,0.0,0.0,0.0,0.0,0.0,0.0,0.0,2.0,1.0588235294117647,1.0,0.4287464628562721,0.18382352941176472,2.0,0.0,5.0,0.4117647058823529,0.0,1.227743027337753,1.5073529411764706,5.0,0.0,0.0,0.0,0.0,0.0,0.0,0.0,0.0,0.0,0.0,0.0,0.0,0.0,0.0,0.0,0.0,0.0,0.0,0.0,0.0,0.0,0.0,0.0,0.0,0.0,0.0,0.0,0.0,0.0,0.0,0.0,0.0,0.0,0.0,0.0,12.0,0.0,5.0,0.0,0.0,16.0,0.0,0.0,0.0,0.0,0.0,0.0,0.0,0.0,0.0
23,60,Usergrid 1,-18,14,11,28,2,4,0,0,8,22,0,0,5,10,9,6,14.0,2.0,0.0,14.0,0.0,0.0,9.0,2.0714285714285716,1.0,3.0499504589743425,9.302197802197803,9.0,0.0,0.0,0.0,0.0,0.0,0.0,0.0,1.0,2.0,1.2142857142857142,1.0,0.42581531362632,0.18131868131868129,1.0,0.0,5.0,0.35714285714285715,0.0,1.3363062095621219,1.7857142857142858,5.0,0.0,0.0,0.0,0.0,0.0,0.0,0.0,0.0,0.0,0.0,0.0,0.0,0.0,0.0,0.0,1.0,0.07142857142857142,0.0,0.26726124191242434,0.07142857142857141,1.0,0.0,0.0,0.0,0.0,0.0,0.0,0.0,0.0,5.0,0.7142857142857143,0.0,1.3827826698682308,1.9120879120879124,5.0,11.0,0.0,3.0,0.0,0.0,12.0,0.0,0.0,0.0,0.0,0.0,0.0,0.0,0.0,0.0
23,61,Usergrid 2,-30,14,9,24,4,8,0,0,3,12,5,10,5,10,9,5,18.0,0.0,0.0,18.0,0.0,0.0,3.0,0.8888888888888888,1.0,0.9633818428657449,0.9281045751633987,3.0,0.0,0.0,0.0,0.0,0.0,0.0,0.0,1.0,2.0,1.1666666666666667,1.0,0.3834824944236852,0.14705882352941174,1.0,0.0,5.0,0.2777777777777778,0.0,1.1785113019775793,1.388888888888889,5.0,0.0,0.0,0.0,0.0,0.0,0.0,0.0,0.0,0.0,0.0,0.0,0.0,0.0,0.0,0.0,1.0,0.05555555555555555,0.0,0.23570226039551584,0.05555555555555556,1.0,0.0,0.0,0.0,0.0,0.0,0.0,0.0,0.0,5.0,0.5555555555555556,0.0,1.3382263161373769,1.7908496732026147,5.0,15.0,9.0,3.0,0.0,0.0,9.0,0.0,0.0,0.0,0.0,0.0,0.0,0.0,0.0,0.0
23,64,Usergrid 3,-40,14,18,42,2,4,0,0,13,32,1,2,6,12,9,5,20.0,0.0,0.0,20.0,0.0,0.0,3.0,1.15,1.0,1.0894228312566052,1.1868421052631577,3.0,0.0,0.0,0.0,0.0,0.0,0.0,0.0,0.0,2.0,1.1,1.0,0.447213595499958,0.20000000000000004,2.0,0.0,5.0,0.3,0.0,1.1285761872936695,1.2736842105263158,5.0,0.0,0.0,0.0,0.0,0.0,0.0,0.0,0.0,0.0,0.0,0.0,0.0,0.0,0.0,0.0,1.0,0.15,0.0,0.36634754853252327,0.13421052631578947,1.0,0.0,0.0,0.0,0.0,0.0,0.0,0.0,0.0,5.0,0.55,0.0,1.2763022245616642,1.6289473684210525,5.0,17.0,9.0,3.0,0.0,0.0,11.0,0.0,0.0,0.0,0.0,0.0,0.0,0.0,0.0,0.0
23,70,Usergrid 4,-58,14,28,66,0,0,0,0,25,60,1,2,2,4,9,6,29.0,2.0,0.0,28.0,1.0,0.0,8.0,1.4827586206896552,1.0,1.7448022740039795,3.044334975369458,8.0,0.0,1.0,0.06896551724137931,0.0,0.25788071477756375,0.06650246305418718,1.0,0.0,2.0,1.1379310344827587,1.0,0.6394270834691721,0.4088669950738916,2.0,0.0,8.0,0.6551724137931034,0.0,1.7170544144170168,2.9482758620689644,8.0,0.0,0.0,0.0,0.0,0.0,0.0,0.0,0.0,0.0,0.0,0.0,0.0,0.0,0.0,0.0,3.0,0.27586206896551724,0.0,0.6489855668732951,0.42118226600985226,3.0,0.0,1.0,0.034482758620689655,0.0,0.18569533817705192,0.034482758620689676,1.0,0.0,5.0,0.5517241379310345,0.0,1.1207843840221814,1.2561576354679804,5.0,21.0,8.0,8.0,2.0,0.0,16.0,0.0,0.0,0.0,0.0,0.0,1.0,0.0,0.0,0.0
23,71,Usergrid 5,-50,14,24,58,0,0,0,0,20,50,0,0,4,8,9,6,27.0,2.0,0.0,27.0,0.0,0.0,5.0,1.1111111111111112,1.0,1.2506408613597129,1.5641025641025643,5.0,0.0,1.0,0.037037037037037035,0.0,0.19245008972987526,0.037037037037037035,1.0,0.0,2.0,1.1481481481481481,1.0,0.4560451819471487,0.20797720797720798,2.0,0.0,8.0,0.7407407407407407,0.0,1.7670617200616179,3.1225071225071233,8.0,0.0,0.0,0.0,0.0,0.0,0.0,0.0,0.0,0.0,0.0,0.0,0.0,0.0,0.0,0.0,3.0,0.18518518518518517,0.0,0.6224663745652351,0.38746438746438755,3.0,0.0,0.0,0.0,0.0,0.0,0.0,0.0,0.0,5.0,0.4074074074074074,0.0,1.0473137528296366,1.096866096866097,5.0,23.0,8.0,4.0,2.0,0.0,12.0,0.0,0.0,0.0,0.0,0.0,3.0,0.0,0.0,0.0
23,78,Usergrid 6,-66,8,25,61,2,11,0,0,24,64,1,2,2,6,9,6,29.0,0.0,0.0,29.0,0.0,0.0,5.0,0.6896551724137931,0.0,1.1983157309878751,1.4359605911330053,5.0,0.0,0.0,0.0,0.0,0.0,0.0,0.0,0.0,2.0,0.9655172413793104,1.0,0.5658595623783125,0.32019704433497526,2.0,0.0,8.0,0.5862068965517241,0.0,1.5240275911289034,2.3226600985221677,8.0,0.0,0.0,0.0,0.0,0.0,0.0,0.0,0.0,0.0,0.0,0.0,0.0,0.0,0.0,0.0,1.0,0.13793103448275862,0.0,0.35093120317179816,0.12315270935960589,1.0,0.0,0.0,0.0,0.0,0.0,0.0,0.0,0.0,3.0,0.6551724137931034,0.0,0.9737945687202026,0.9482758620689654,3.0,26.0,8.0,3.0,3.0,0.0,17.0,0.0,0.0,0.0,0.0,0.0,1.0,0.0,0.0,0.0
23,79,Usergrid 7,-81,14,28,75,2,8,0,0,25,67,0,0,5,16,9,6,31.0,0.0,0.0,31.0,0.0,0.0,5.0,0.7419354838709677,0.0,1.2640607035920357,1.597849462365592,5.0,0.0,0.0,0.0,0.0,0.0,0.0,0.0,0.0,2.0,1.0,1.0,0.5773502691896257,0.3333333333333333,2.0,0.0,8.0,0.5806451612903226,0.0,1.4781563640424311,2.1849462365591403,8.0,0.0,0.0,0.0,0.0,0.0,0.0,0.0,0.0,0.0,0.0,0.0,0.0,0.0,0.0,0.0,1.0,0.16129032258064516,0.0,0.373878250552983,0.13978494623655913,1.0,0.0,0.0,0.0,0.0,0.0,0.0,0.0,0.0,4.0,0.8064516129032258,0.0,1.1949715432792998,1.4279569892473114,4.0,25.0,6.0,6.0,3.0,0.0,21.0,0.0,0.0,0.0,0.0,0.0,1.0,0.0,0.0,0.0
23,82,Usergrid 8,-4,14,30,83,6,22,5,19,26,72,4,11,1,3,9,6,47.0,0.0,0.0,45.0,0.0,0.0,3.0,0.5319148936170213,0.0,0.8559526558876865,0.7326549491211843,3.0,0.0,0.0,0.0,0.0,0.0,0.0,0.0,0.0,2.0,0.8723404255319149,1.0,0.6120891266657363,0.3746530989824238,2.0,0.0,8.0,0.9361702127659575,0.0,1.593522967722351,2.539315448658649,8.0,0.0,0.0,0.0,0.0,0.0,0.0,0.0,0.0,0.0,0.0,0.0,0.0,0.0,0.0,0.0,1.0,0.1276595744680851,0.0,0.33731814917823844,0.11378353376503232,1.0,0.0,1.0,0.02127659574468085,0.0,0.14586499149789456,0.021276595744680854,1.0,0.0,5.0,0.9787234042553191,1.0,1.2936191513688098,1.6734505087881595,5.0,36.0,6.0,11.0,3.0,2.0,37.0,0.0,0.0,0.0,0.0,0.0,1.0,0.0,0.0,0.0
23,83,Usergrid 9,-12,6,13,36,2,6,1,3,12,33,1,3,1,3,9,6,24.0,0.0,0.0,20.0,1.0,0.0,5.0,0.5416666666666666,0.0,1.3180739131701644,1.73731884057971,5.0,0.0,0.0,0.0,0.0,0.0,0.0,0.0,0.0,1.0,0.8333333333333334,1.0,0.38069349381344053,0.14492753623188406,1.0,0.0,8.0,1.0,0.0,1.8881783261398664,3.5652173913043477,8.0,0.0,0.0,0.0,0.0,0.0,0.0,0.0,0.0,0.0,0.0,0.0,0.0,0.0,0.0,0.0,0.0,0.0,0.0,0.0,0.0,0.0,0.0,1.0,0.041666666666666664,0.0,0.2041241452319315,0.04166666666666667,1.0,0.0,5.0,1.0833333333333333,0.0,1.6129008882638507,2.601449275362319,5.0,14.0,6.0,10.0,3.0,1.0,14.0,0.0,0.0,0.0,2.0,0.0,1.0,0.0,0.0,0.0
23,97,Usergrid 10,1,7,5,18,2,6,0,0,4,15,1,3,2,6,9,5,24.0,0.0,0.0,20.0,0.0,0.0,5.0,0.5833333333333334,0.0,1.2128538629008951,1.4710144927536233,5.0,0.0,0.0,0.0,0.0,0.0,0.0,0.0,0.0,1.0,0.75,1.0,0.4423258684646914,0.1956521739130435,1.0,0.0,8.0,0.75,0.0,1.7997584378973221,3.239130434782609,8.0,0.0,0.0,0.0,0.0,0.0,0.0,0.0,0.0,0.0,0.0,0.0,0.0,0.0,0.0,0.0,1.0,0.041666666666666664,0.0,0.2041241452319315,0.04166666666666667,1.0,0.0,0.0,0.0,0.0,0.0,0.0,0.0,0.0,11.0,0.9583333333333334,0.0,2.3494526035295715,5.519927536231883,11.0,16.0,5.0,8.0,4.0,2.0,14.0,0.0,0.0,0.0,2.0,0.0,1.0,0.0,0.0,0.0
23,98,Usergrid 11,-6,14,9,27,10,24,4,9,4,15,3,7,8,20,9,6,26.0,0.0,0.0,22.0,1.0,0.0,3.0,0.5384615384615384,0.0,0.9046886417224097,0.8184615384615387,3.0,0.0,0.0,0.0,0.0,0.0,0.0,0.0,0.0,1.0,0.46153846153846156,0.0,0.508391127441794,0.25846153846153846,1.0,0.0,5.0,0.7307692307692307,0.0,1.4016473824094933,1.9646153846153842,5.0,0.0,0.0,0.0,0.0,0.0,0.0,0.0,0.0,0.0,0.0,0.0,0.0,0.0,0.0,0.0,1.0,0.038461538461538464,0.0,0.19611613513818404,0.038461538461538464,1.0,0.0,0.0,0.0,0.0,0.0,0.0,0.0,0.0,11.0,0.8076923076923077,0.0,2.227451113164655,4.961538461538461,11.0,17.0,10.0,9.0,0.0,2.0,16.0,0.0,0.0,0.0,1.0,0.0,0.0,0.0,0.0,0.0
23,103,Usergrid 12,-29,14,15,44,1,2,1,2,4,10,6,18,5,16,9,5,18.0,0.0,0.0,15.0,1.0,0.0,8.0,1.1111111111111112,0.0,1.967048816311287,3.8692810457516353,8.0,0.0,1.0,0.05555555555555555,0.0,0.23570226039551584,0.05555555555555555,1.0,0.0,1.0,0.2222222222222222,0.0,0.42779263194649864,0.18300653594771243,1.0,0.0,5.0,0.8333333333333334,0.0,1.4245742398014511,2.0294117647058822,5.0,0.0,0.0,0.0,0.0,0.0,0.0,0.0,0.0,0.0,0.0,0.0,0.0,0.0,0.0,0.0,0.0,0.0,0.0,0.0,0.0,0.0,0.0,1.0,0.05555555555555555,0.0,0.23570226039551584,0.05555555555555556,1.0,0.0,2.0,0.2777777777777778,0.0,0.5745131499601417,0.33006535947712423,2.0,13.0,13.0,5.0,0.0,1.0,5.0,0.0,0.0,0.0,1.0,0.0,0.0,0.0,0.0,0.0
23,107,Usergrid 13,5,14,15,33,4,13,5,21,14,25,0,0,0,0,9,6,26.0,0.0,0.0,22.0,2.0,0.0,9.0,1.5384615384615385,1.0,2.1583469458040194,4.658461538461538,9.0,0.0,1.0,0.11538461538461539,0.0,0.32581259360842113,0.10615384615384617,1.0,0.0,1.0,0.5384615384615384,1.0,0.508391127441794,0.2584615384615385,1.0,0.0,5.0,0.6153846153846154,0.0,1.1688258408136973,1.3661538461538465,5.0,0.0,0.0,0.0,0.0,0.0,0.0,0.0,0.0,0.0,0.0,0.0,0.0,0.0,0.0,0.0,1.0,0.038461538461538464,0.0,0.19611613513818402,0.03846153846153846,1.0,0.0,0.0,0.0,0.0,0.0,0.0,0.0,0.0,10.0,0.7692307692307693,0.0,2.0259850405704833,4.104615384615384,10.0,15.0,12.0,11.0,0.0,2.0,14.0,0.0,0.0,0.0,0.0,0.0,0.0,0.0,0.0,0.0
23,109,Usergrid 14,-23,14,21,48,1,5,2,6,18,41,0,0,2,6,9,6,25.0,0.0,0.0,19.0,2.0,0.0,10.0,1.08,0.0,2.2158519806160335,4.909999999999999,10.0,0.0,1.0,0.08,0.0,0.27688746209726917,0.07666666666666667,1.0,0.0,1.0,0.48,0.0,0.5099019513592785,0.26000000000000006,1.0,0.0,3.0,0.32,0.0,0.7483314773547882,0.5599999999999999,3.0,0.0,0.0,0.0,0.0,0.0,0.0,0.0,0.0,0.0,0.0,0.0,0.0,0.0,0.0,0.0,0.0,0.0,0.0,0.0,0.0,0.0,0.0,0.0,0.0,0.0,0.0,0.0,0.0,0.0,11.0,0.76,0.0,2.259793500890439,5.106666666666667,11.0,19.0,8.0,6.0,0.0,4.0,17.0,0.0,0.0,0.0,0.0,0.0,0.0,0.0,0.0,0.0
23,114,Usergrid 15,-9,7,14,29,2,8,0,0,9,22,1,5,6,10,9,5,32.0,0.0,0.0,26.0,1.0,0.0,11.0,0.75,0.0,2.079081683138325,4.32258064516129,11.0,0.0,0.0,0.0,0.0,0.0,0.0,0.0,0.0,2.0,0.59375,1.0,0.5599179087296003,0.31350806451612906,2.0,0.0,12.0,0.71875,0.0,2.173660136060091,4.724798387096774,12.0,0.0,0.0,0.0,0.0,0.0,0.0,0.0,0.0,0.0,0.0,0.0,0.0,0.0,0.0,0.0,0.0,0.0,0.0,0.0,0.0,0.0,0.0,0.0,0.0,0.0,0.0,0.0,0.0,0.0,11.0,0.65625,0.0,2.009804596504106,4.039314516129032,11.0,28.0,11.0,4.0,1.0,4.0,20.0,0.0,0.0,0.0,1.0,0.0,0.0,0.0,0.0,0.0
23,123,Usergrid 16,-5,14,13,23,3,8,8,16,8,15,0,0,0,0,9,5,17.0,0.0,0.0,15.0,0.0,0.0,5.0,1.1176470588235294,0.0,1.536324873731809,2.360294117647059,5.0,0.0,1.0,0.058823529411764705,0.0,0.242535625036333,0.05882352941176471,1.0,0.0,1.0,0.5882352941176471,1.0,0.5072996561958923,0.25735294117647056,1.0,0.0,12.0,1.1176470588235294,0.0,2.869720215917757,8.235294117647058,12.0,0.0,0.0,0.0,0.0,0.0,0.0,0.0,0.0,0.0,0.0,0.0,0.0,0.0,0.0,0.0,0.0,0.0,0.0,0.0,0.0,0.0,0.0,0.0,0.0,0.0,0.0,0.0,0.0,0.0,4.0,0.5294117647058824,0.0,1.1788578719900635,1.3897058823529411,4.0,15.0,3.0,2.0,1.0,2.0,13.0,0.0,0.0,0.0,0.0,0.0,0.0,0.0,0.0,0.0
23,124,Usergrid 17,-17,7,23,46,1,3,0,0,7,13,3,6,14,30,9,4,33.0,0.0,0.0,31.0,0.0,0.0,5.0,0.6060606060606061,0.0,1.1709876691119,1.371212121212121,5.0,0.0,0.0,0.0,0.0,0.0,0.0,0.0,0.0,1.0,0.5757575757575758,1.0,0.5018903659106632,0.2518939393939394,1.0,0.0,12.0,0.696969696969697,0.0,2.0839393058107594,4.342803030303029,12.0,0.0,0.0,0.0,0.0,0.0,0.0,0.0,0.0,0.0,0.0,0.0,0.0,0.0,0.0,0.0,0.0,0.0,0.0,0.0,0.0,0.0,0.0,0.0,0.0,0.0,0.0,0.0,0.0,0.0,4.0,0.21212121212121213,0.0,0.7398300378117159,0.547348484848485,4.0,26.0,21.0,7.0,1.0,2.0,11.0,0.0,0.0,0.0,0.0,0.0,0.0,0.0,0.0,0.0
23,125,Usergrid 18,-26,14,18,36,1,3,0,0,12,24,1,3,6,12,9,6,22.0,0.0,0.0,21.0,0.0,0.0,10.0,0.9090909090909091,0.0,2.2447630251233734,5.038961038961039,10.0,0.0,0.0,0.0,0.0,0.0,0.0,0.0,0.0,1.0,0.8181818181818182,1.0,0.39477101697586137,0.15584415584415584,1.0,0.0,12.0,1.0454545454545454,0.0,2.553751166743742,6.521645021645025,12.0,0.0,0.0,0.0,0.0,0.0,0.0,0.0,0.0,0.0,0.0,0.0,0.0,0.0,0.0,0.0,0.0,0.0,0.0,0.0,0.0,0.0,0.0,0.0,0.0,0.0,0.0,0.0,0.0,0.0,4.0,0.22727272727272727,0.0,0.8691439785278707,0.7554112554112558,4.0,16.0,10.0,6.0,1.0,1.0,11.0,0.0,0.0,0.0,0.0,0.0,0.0,0.0,0.0,0.0
23,126,Usergrid 19,-37,14,22,48,6,8,2,7,19,36,2,4,5,9,9,5,29.0,0.0,0.0,29.0,0.0,0.0,3.0,0.7586206896551724,0.0,1.0231314820474688,1.0467980295566501,3.0,0.0,0.0,0.0,0.0,0.0,0.0,0.0,0.0,2.0,0.8620689655172413,1.0,0.4411136823860458,0.1945812807881773,2.0,0.0,12.0,0.896551724137931,0.0,2.2094735569847357,4.88177339901478,12.0,0.0,0.0,0.0,0.0,0.0,0.0,0.0,0.0,0.0,0.0,0.0,0.0,0.0,0.0,0.0,0.0,0.0,0.0,0.0,0.0,0.0,0.0,0.0,0.0,0.0,0.0,0.0,0.0,0.0,4.0,0.4827586206896552,0.0,1.0562970921090475,1.1157635467980296,4.0,26.0,15.0,3.0,1.0,0.0,13.0,0.0,0.0,0.0,0.0,0.0,0.0,0.0,0.0,0.0
23,129,Usergrid 20,8,6,23,43,1,5,1,5,8,19,1,2,14,22,9,6,40.0,0.0,0.0,40.0,0.0,0.0,4.0,0.6,0.0,1.0813097471264972,1.169230769230769,4.0,0.0,0.0,0.0,0.0,0.0,0.0,0.0,0.0,2.0,0.875,1.0,0.40430377003131995,0.16346153846153846,2.0,0.0,12.0,0.65,0.0,1.9155236279489662,3.66923076923077,12.0,0.0,0.0,0.0,0.0,0.0,0.0,0.0,0.0,0.0,0.0,0.0,0.0,0.0,0.0,0.0,2.0,0.05,0.0,0.31622776601683794,0.09999999999999999,2.0,0.0,0.0,0.0,0.0,0.0,0.0,0.0,0.0,4.0,0.325,0.0,0.9971112120675251,0.994230769230769,4.0,31.0,26.0,9.0,1.0,0.0,13.0,0.0,0.0,0.0,0.0,0.0,0.0,0.0,0.0,0.0
23,133,Usergrid 21,-12,14,13,35,8,20,4,13,17,42,0,0,0,0,9,6,34.0,0.0,0.0,33.0,0.0,0.0,8.0,0.8529411764705882,0.0,1.6168122947438697,2.6140819964349378,8.0,0.0,0.0,0.0,0.0,0.0,0.0,0.0,0.0,1.0,0.8235294117647058,1.0,0.3869529949759475,0.14973262032085566,1.0,0.0,1.0,0.11764705882352941,0.0,0.3270349700838643,0.10695187165775401,1.0,0.0,0.0,0.0,0.0,0.0,0.0,0.0,0.0,0.0,0.0,0.0,0.0,0.0,0.0,0.0,0.0,0.0,0.0,0.0,0.0,0.0,0.0,0.0,0.0,0.0,0.0,0.0,0.0,0.0,3.0,0.29411764705882354,0.0,0.6755205294731985,0.45632798573975053,3.0,29.0,12.0,5.0,1.0,1.0,21.0,0.0,0.0,0.0,0.0,0.0,0.0,0.0,0.0,0.0
23,138,Usergrid 22,-40,7,24,69,4,8,0,0,23,66,1,3,4,8,9,7,35.0,0.0,0.0,32.0,1.0,0.0,6.0,0.4857142857142857,0.0,1.37992814330032,1.904201680672269,6.0,0.0,0.0,0.0,0.0,0.0,0.0,0.0,0.0,2.0,0.8285714285714286,1.0,0.45281565433046006,0.2050420168067227,2.0,0.0,1.0,0.17142857142857143,0.0,0.38238526043109716,0.14621848739495802,1.0,0.0,0.0,0.0,0.0,0.0,0.0,0.0,0.0,0.0,0.0,0.0,0.0,0.0,0.0,0.0,0.0,0.0,0.0,0.0,0.0,0.0,0.0,1.0,0.02857142857142857,0.0,0.16903085094570333,0.028571428571428574,1.0,0.0,9.0,0.7142857142857143,0.0,1.655142229030281,2.7394957983193278,9.0,24.0,14.0,11.0,1.0,2.0,20.0,0.0,0.0,0.0,0.0,0.0,0.0,0.0,0.0,0.0
23,140,Usergrid 23,-10,14,14,33,4,11,0,0,5,17,1,2,12,25,9,7,23.0,0.0,0.0,22.0,1.0,0.0,7.0,0.9130434782608695,0.0,1.7032867552913655,2.9011857707509883,7.0,0.0,1.0,0.043478260869565216,0.0,0.20851441405707477,0.04347826086956522,1.0,0.0,1.0,0.6956521739130435,1.0,0.4704719688969648,0.22134387351778662,1.0,0.0,1.0,0.08695652173913043,0.0,0.28810406552003043,0.08300395256916998,1.0,0.0,0.0,0.0,0.0,0.0,0.0,0.0,0.0,0.0,0.0,0.0,0.0,0.0,0.0,0.0,0.0,0.0,0.0,0.0,0.0,0.0,0.0,0.0,0.0,0.0,0.0,0.0,0.0,0.0,1.0,0.21739130434782608,0.0,0.4217411678366499,0.1778656126482213,1.0,16.0,9.0,7.0,1.0,0.0,13.0,0.0,0.0,0.0,0.0,0.0,0.0,0.0,0.0,0.0
23,146,Usergrid 24,-20,14,14,38,1,1,0,0,13,35,1,1,1,3,9,5,17.0,0.0,0.0,15.0,0.0,0.0,2.0,0.11764705882352941,0.0,0.485071250072666,0.23529411764705885,2.0,0.0,0.0,0.0,0.0,0.0,0.0,0.0,0.0,1.0,0.7058823529411765,1.0,0.46966821831386213,0.22058823529411767,1.0,0.0,1.0,0.11764705882352941,0.0,0.3321055820775357,0.1102941176470588,1.0,0.0,0.0,0.0,0.0,0.0,0.0,0.0,0.0,0.0,0.0,0.0,0.0,0.0,0.0,0.0,0.0,0.0,0.0,0.0,0.0,0.0,0.0,0.0,0.0,0.0,0.0,0.0,0.0,0.0,3.0,0.7058823529411765,0.0,0.9195587176978519,0.8455882352941178,3.0,14.0,4.0,3.0,1.0,0.0,12.0,0.0,0.0,0.0,2.0,0.0,0.0,0.0,0.0,0.0
23,152,Usergrid 25,-33,7,20,57,0,0,0,0,14,37,2,13,4,7,9,8,24.0,0.0,0.0,21.0,0.0,0.0,2.0,0.3333333333333333,0.0,0.6370220572706061,0.4057971014492754,2.0,0.0,1.0,0.08333333333333333,0.0,0.28232985128663995,0.07971014492753623,1.0,0.0,2.0,0.8333333333333334,1.0,0.5646597025732799,0.31884057971014496,2.0,0.0,1.0,0.08333333333333333,0.0,0.28232985128663995,0.07971014492753623,1.0,0.0,0.0,0.0,0.0,0.0,0.0,0.0,0.0,0.0,0.0,0.0,0.0,0.0,0.0,0.0,3.0,0.875,1.0,0.9469631093315001,0.8967391304347826,3.0,0.0,1.0,0.041666666666666664,0.0,0.20412414523193154,0.04166666666666668,1.0,0.0,10.0,1.6666666666666667,1.0,2.5309676215726813,6.405797101449275,10.0,16.0,3.0,8.0,1.0,2.0,20.0,0.0,0.0,0.0,1.0,0.0,0.0,0.0,0.0,0.0
35,8,Q2'14 Sprint 1,5,9,1,1,19,35,11,27,9,9,0,0,0,0,2,5,32.0,9.0,15.0,25.0,6.0,0.0,32.0,2.625,1.0,5.683876460031764,32.306451612903224,32.0,0.0,9.0,0.53125,0.0,1.883448707095063,3.5473790322580645,9.0,0.0,1.0,0.84375,1.0,0.36890203262847354,0.13608870967741934,1.0,0.0,10.0,1.5,1.0,2.1251185925162073,4.516129032258065,10.0,0.0,0.0,0.0,0.0,0.0,0.0,0.0,0.0,0.0,0.0,0.0,0.0,0.0,0.0,0.0,13.0,1.375,0.0,2.8708771279647216,8.241935483870968,13.0,0.0,0.0,0.0,0.0,0.0,0.0,0.0,0.0,2.0,0.25,0.0,0.5679618342470648,0.3225806451612903,2.0,19.0,7.0,13.0,1.0,1.0,0.0,0.0,0.0,0.0,0.0,0.0,0.0,0.0,0.0,0.0
35,12,Q2'14 Sprint 2,-16,13,17,38,2,2,0,0,9,23,6,13,4,4,2,4,30.0,6.0,9.0,22.0,4.0,0.0,17.0,1.5333333333333334,1.0,3.308644199182137,10.947126436781605,17.0,0.0,9.0,0.7333333333333333,0.0,1.9286109586656035,3.719540229885058,9.0,0.0,1.0,0.8666666666666667,1.0,0.34574590364176044,0.11954022988505751,1.0,0.0,2.0,0.6333333333333333,0.0,0.8087168778415268,0.6540229885057469,2.0,0.0,0.0,0.0,0.0,0.0,0.0,0.0,0.0,0.0,0.0,0.0,0.0,0.0,0.0,0.0,13.0,1.0666666666666667,0.0,2.702914561438593,7.305747126436782,13.0,0.0,0.0,0.0,0.0,0.0,0.0,0.0,0.0,2.0,0.1,0.0,0.4025778999364487,0.16206896551724131,2.0,16.0,15.0,14.0,0.0,2.0,0.0,1.0,0.0,0.0,1.0,0.0,0.0,0.0,0.0,0.0
35,13,Q2 Sprint 3,-18,12,21,52,5,5,2,2,17,34,5,19,2,2,2,3,31.0,11.0,4.0,27.0,1.0,0.0,7.0,1.1612903225806452,0.0,2.0016122533855616,4.006451612903226,7.0,0.0,9.0,0.7741935483870968,0.0,1.8922592743306408,3.580645161290323,9.0,0.0,1.0,0.5806451612903226,1.0,0.501610310127101,0.2516129032258065,1.0,0.0,2.0,0.3870967741935484,0.0,0.6672040844618538,0.4451612903225805,2.0,0.0,0.0,0.0,0.0,0.0,0.0,0.0,0.0,0.0,0.0,0.0,0.0,0.0,0.0,0.0,14.0,1.032258064516129,0.0,2.9152915345095067,8.498924731182795,14.0,0.0,0.0,0.0,0.0,0.0,0.0,0.0,0.0,2.0,0.1935483870967742,0.0,0.47744841527364174,0.22795698924731186,2.0,13.0,16.0,18.0,0.0,2.0,0.0,0.0,0.0,0.0,1.0,0.0,0.0,0.0,0.0,0.0
35,20,Q2 Sprint 4,8,12,14,27,11,11,3,10,3,5,6,6,13,17,2,7,37.0,11.0,4.0,32.0,3.0,0.0,9.0,1.7837837837837838,1.0,2.2989748335476152,5.285285285285286,9.0,0.0,9.0,0.6486486486486487,0.0,1.7672360122867354,3.123123123123123,9.0,0.0,1.0,0.6216216216216216,1.0,0.49167239269837154,0.24174174174174168,1.0,0.0,3.0,0.4594594594594595,0.0,0.8364805435272835,0.6996996996996997,3.0,0.0,0.0,0.0,0.0,0.0,0.0,0.0,0.0,0.0,0.0,0.0,0.0,0.0,0.0,0.0,14.0,1.2162162162162162,0.0,2.8395533210459463,8.063063063063062,14.0,0.0,0.0,0.0,0.0,0.0,0.0,0.0,0.0,1.0,0.10810810810810811,0.0,0.3148000938676784,0.09909909909909911,1.0,17.0,20.0,20.0,0.0,2.0,1.0,0.0,1.0,0.0,0.0,0.0,0.0,0.0,0.0,0.0
35,22,Q2 Sprint 5,3,4,9,9,1,1,0,0,3,3,1,1,6,6,2,5,13.0,2.0,0.0,13.0,0.0,0.0,7.0,2.769230769230769,2.0,2.27866357593825,5.192307692307692,7.0,0.0,0.0,0.0,0.0,0.0,0.0,0.0,0.0,1.0,0.6923076923076923,1.0,0.48038446141526137,0.23076923076923075,1.0,0.0,2.0,0.38461538461538464,0.0,0.650443635587991,0.4230769230769232,2.0,0.0,0.0,0.0,0.0,0.0,0.0,0.0,0.0,0.0,0.0,0.0,0.0,0.0,0.0,0.0,8.0,1.3846153846153846,1.0,2.103111248383433,4.4230769230769225,8.0,0.0,0.0,0.0,0.0,0.0,0.0,0.0,0.0,2.0,0.3076923076923077,0.0,0.6304251719561151,0.39743589743589736,2.0,6.0,9.0,7.0,0.0,0.0,0.0,0.0,2.0,0.0,0.0,0.0,0.0,0.0,0.0,0.0
35,24,Q3 Sprint 1,-8,9,6,13,5,5,0,0,0,0,5,7,6,6,2,5,17.0,6.0,2.0,17.0,0.0,0.0,10.0,2.3529411764705883,2.0,2.6443613706949227,6.99264705882353,10.0,0.0,1.0,0.11764705882352941,0.0,0.3321055820775357,0.1102941176470588,1.0,0.0,1.0,0.8235294117647058,1.0,0.3929526239966879,0.15441176470588236,1.0,0.0,3.0,0.47058823529411764,0.0,0.7998161553463027,0.639705882352941,3.0,0.0,0.0,0.0,0.0,0.0,0.0,0.0,0.0,0.0,0.0,0.0,0.0,0.0,0.0,0.0,3.0,0.6470588235294118,0.0,0.8617697249402124,0.7426470588235294,3.0,0.0,0.0,0.0,0.0,0.0,0.0,0.0,0.0,2.0,0.17647058823529413,0.0,0.5285941398709244,0.27941176470588236,2.0,4.0,7.0,13.0,0.0,0.0,1.0,0.0,1.0,0.0,0.0,0.0,0.0,0.0,0.0,0.0
35,25,Q3 Sprint 2,9,9,7,19,1,1,0,0,1,6,4,7,3,7,2,3,17.0,4.0,4.0,13.0,3.0,0.0,11.0,1.9411764705882353,1.0,2.8825029972944978,8.308823529411764,11.0,0.0,1.0,0.058823529411764705,0.0,0.242535625036333,0.05882352941176471,1.0,0.0,1.0,0.8823529411764706,1.0,0.3321055820775357,0.11029411764705882,1.0,0.0,3.0,0.6470588235294118,0.0,0.8617697249402124,0.7426470588235294,3.0,0.0,0.0,0.0,0.0,0.0,0.0,0.0,0.0,0.0,0.0,0.0,0.0,0.0,0.0,0.0,2.0,0.4117647058823529,0.0,0.7122871199007256,0.5073529411764706,2.0,0.0,0.0,0.0,0.0,0.0,0.0,0.0,0.0,2.0,0.17647058823529413,0.0,0.5285941398709244,0.27941176470588236,2.0,6.0,9.0,11.0,0.0,1.0,0.0,0.0,0.0,0.0,0.0,0.0,0.0,0.0,0.0,0.0
35,26,Aurora Q3 Sprint 2,0,11,0,0,0,0,0,0,0,0,0,0,0,0,2,1,7.0,0.0,0.0,7.0,0.0,1.0,3.0,1.5714285714285714,1.0,0.7867957924694431,0.619047619047619,2.0,0.0,0.0,0.0,0.0,0.0,0.0,0.0,1.0,1.0,1.0,1.0,0.0,0.0,0.0,0.0,2.0,0.2857142857142857,0.0,0.7559289460184545,0.5714285714285715,2.0,0.0,0.0,0.0,0.0,0.0,0.0,0.0,0.0,0.0,0.0,0.0,0.0,0.0,0.0,0.0,1.0,0.7142857142857143,1.0,0.48795003647426655,0.23809523809523805,1.0,0.0,0.0,0.0,0.0,0.0,0.0,0.0,0.0,0.0,0.0,0.0,0.0,0.0,0.0,7.0,0.0,0.0,0.0,0.0,0.0,0.0,0.0,0.0,0.0,7.0,0.0,0.0,0.0,0.0
35,30,Q3 Sprint 3,-15,11,6,23,3,5,0,0,2,11,2,7,5,10,2,4,11.0,2.0,2.0,10.0,1.0,1.0,6.0,2.6363636363636362,2.0,1.5666989036012806,2.454545454545455,5.0,0.0,1.0,0.18181818181818182,0.0,0.40451991747794525,0.16363636363636364,1.0,0.0,1.0,0.7272727272727273,1.0,0.46709936649691375,0.21818181818181817,1.0,0.0,4.0,0.5454545454545454,0.0,1.2135597524338357,1.4727272727272729,4.0,0.0,0.0,0.0,0.0,0.0,0.0,0.0,0.0,0.0,0.0,0.0,0.0,0.0,0.0,0.0,2.0,0.6363636363636364,1.0,0.674199862463242,0.4545454545454545,2.0,0.0,0.0,0.0,0.0,0.0,0.0,0.0,0.0,2.0,0.36363636363636365,0.0,0.8090398349558904,0.6545454545454543,2.0,3.0,6.0,8.0,0.0,0.0,0.0,0.0,1.0,0.0,0.0,0.0,0.0,0.0,0.0,0.0
35,31,Q3 Sprint 4,-12,11,9,26,2,3,0,0,4,15,1,2,6,12,2,7,14.0,4.0,1.0,10.0,3.0,0.0,44.0,7.0,2.0,12.569805089976535,158.0,44.0,0.0,1.0,0.42857142857142855,0.0,0.5135525910130955,0.2637362637362637,1.0,0.0,1.0,0.7857142857142857,1.0,0.4258153136263201,0.1813186813186813,1.0,0.0,6.0,1.0714285714285714,0.0,1.8590438284354558,3.456043956043956,6.0,0.0,0.0,0.0,0.0,0.0,0.0,0.0,0.0,0.0,0.0,0.0,0.0,0.0,0.0,0.0,8.0,1.2857142857142858,0.0,2.2336094083368714,4.989010989010989,8.0,0.0,0.0,0.0,0.0,0.0,0.0,0.0,0.0,2.0,0.42857142857142855,0.0,0.8516306272526403,0.7252747252747255,2.0,3.0,9.0,11.0,0.0,0.0,0.0,1.0,0.0,0.0,0.0,0.0,0.0,0.0,0.0,0.0
35,36,Mesos Q3 Sprint 5,14,14,0,0,7,11,2,2,5,9,0,0,0,0,2,5,22.0,5.0,2.0,18.0,2.0,0.0,4.0,1.5909090909090908,1.5,1.501081860941219,2.2532467532467537,4.0,0.0,1.0,0.2727272727272727,0.0,0.4558423058385518,0.20779220779220778,1.0,0.0,1.0,0.7272727272727273,1.0,0.4558423058385518,0.20779220779220778,1.0,0.0,8.0,1.2272727272727273,1.0,1.8754508837386323,3.517316017316017,8.0,0.0,0.0,0.0,0.0,0.0,0.0,0.0,0.0,0.0,0.0,0.0,0.0,0.0,0.0,0.0,1.0,0.2727272727272727,0.0,0.4558423058385519,0.20779220779220786,1.0,0.0,0.0,0.0,0.0,0.0,0.0,0.0,0.0,2.0,0.13636363636363635,0.0,0.4675625290960757,0.21861471861471862,2.0,3.0,12.0,19.0,1.0,1.0,1.0,0.0,1.0,0.0,1.0,0.0,0.0,0.0,0.0,0.0
35,38,Mesos Q3 Sprint 6,-28,14,10,41,1,1,0,0,3,23,4,12,4,7,2,7,16.0,4.0,2.0,14.0,2.0,0.0,35.0,3.9375,2.0,8.504655587774655,72.32916666666667,35.0,0.0,1.0,0.3125,0.0,0.47871355387816905,0.22916666666666666,1.0,0.0,1.0,0.75,1.0,0.4472135954999579,0.2,1.0,0.0,3.0,0.875,1.0,0.9574271077563381,0.9166666666666666,3.0,0.0,0.0,0.0,0.0,0.0,0.0,0.0,0.0,0.0,0.0,0.0,0.0,0.0,0.0,0.0,1.0,0.1875,0.0,0.4031128874149275,0.1625,1.0,0.0,0.0,0.0,0.0,0.0,0.0,0.0,0.0,1.0,0.1875,0.0,0.4031128874149275,0.1625,1.0,3.0,9.0,13.0,0.0,0.0,1.0,0.0,0.0,0.0,0.0,0.0,0.0,0.0,0.0,0.0
35,43,Twitter Q4 Sprint 1,-18,14,14,45,0,0,0,0,7,16,2,18,5,11,2,6,19.0,1.0,2.0,14.0,3.0,0.0,5.0,2.1052631578947367,2.0,1.3289401308354825,1.7660818713450293,5.0,0.0,7.0,0.7894736842105263,0.0,1.6186052764450238,2.6198830409356724,7.0,0.0,1.0,0.8421052631578947,1.0,0.3746343246326776,0.14035087719298245,1.0,0.0,5.0,1.105263157894737,1.0,1.1496249070460265,1.3216374269005848,5.0,0.0,0.0,0.0,0.0,0.0,0.0,0.0,0.0,0.0,0.0,0.0,0.0,0.0,0.0,0.0,9.0,0.7894736842105263,0.0,2.0433889978394295,4.175438596491229,9.0,0.0,0.0,0.0,0.0,0.0,0.0,0.0,0.0,5.0,0.47368421052631576,0.0,1.1722922015640782,1.3742690058479532,5.0,5.0,14.0,14.0,0.0,1.0,2.0,0.0,0.0,0.0,1.0,0.0,0.0,0.0,0.0,0.0
35,45,Mesosphere Q4 Sprint 1 10/31,0,12,0,0,10,30,10,30,0,0,0,0,0,0,2,4,10.0,1.0,1.0,8.0,2.0,0.0,5.0,3.3,3.5,1.7029386365926402,2.9000000000000004,5.0,0.0,7.0,1.2,0.5,2.1499353995462798,4.622222222222222,7.0,0.0,1.0,0.8,1.0,0.42163702135578396,0.1777777777777778,1.0,0.0,5.0,1.4,1.0,1.4298407059684812,2.0444444444444447,5.0,0.0,0.0,0.0,0.0,0.0,0.0,0.0,0.0,0.0,0.0,0.0,0.0,0.0,0.0,0.0,10.0,1.2,0.0,3.1198290551460244,9.733333333333334,10.0,0.0,0.0,0.0,0.0,0.0,0.0,0.0,0.0,5.0,0.8,0.0,1.5491933384829668,2.4000000000000004,5.0,2.0,6.0,8.0,0.0,0.0,2.0,0.0,0.0,0.0,0.0,0.0,0.0,0.0,0.0,0.0
35,47,Mesosphere Q4 Sprint 2 - 11/14,0,10,0,0,0,0,0,0,0,0,0,0,0,0,2,1,1.0,0.0,0.0,0.0,0.0,0.0,0.0,0.0,0.0,0.0,0.0,0.0,0.0,0.0,0.0,0.0,0.0,0.0,0.0,1.0,1.0,1.0,1.0,0.0,0.0,0.0,0.0,0.0,0.0,0.0,0.0,0.0,0.0,0.0,0.0,0.0,0.0,0.0,0.0,0.0,0.0,0.0,0.0,0.0,0.0,0.0,0.0,0.0,0.0,0.0,0.0,0.0,0.0,0.0,0.0,0.0,0.0,0.0,0.0,0.0,0.0,0.0,0.0,0.0,0.0,0.0,0.0,0.0,0.0,1.0,1.0,0.0,1.0,0.0,0.0,0.0,0.0,0.0,0.0,0.0,0.0,0.0,0.0
35,49,Twitter Mesos Q4 Sprint 2,-22,14,15,40,6,14,0,0,5,13,7,25,9,16,2,6,23.0,5.0,3.0,16.0,7.0,0.0,5.0,2.260869565217391,2.0,1.7377464849194206,3.019762845849802,5.0,0.0,7.0,0.6956521739130435,0.0,1.4904173487710703,2.221343873517786,7.0,0.0,1.0,0.782608695652174,1.0,0.42174116783664994,0.17786561264822132,1.0,0.0,5.0,0.8260869565217391,0.0,1.2303796130035891,1.5138339920948616,5.0,0.0,0.0,0.0,0.0,0.0,0.0,0.0,0.0,0.0,0.0,0.0,0.0,0.0,0.0,0.0,10.0,0.8695652173913043,0.0,2.05170323536517,4.209486166007905,10.0,0.0,0.0,0.0,0.0,0.0,0.0,0.0,0.0,5.0,0.782608695652174,0.0,1.1660547990838181,1.3596837944664033,5.0,8.0,11.0,15.0,0.0,0.0,3.0,0.0,1.0,0.0,0.0,0.0,0.0,0.0,0.0,0.0
35,51,Twitter Mesos Q4 Sprint 3,26,14,3,15,2,3,0,0,5,18,0,0,0,0,2,6,26.0,5.0,8.0,18.0,7.0,0.0,7.0,2.269230769230769,2.0,2.1271143327558546,4.524615384615384,7.0,0.0,1.0,0.2692307692307692,0.0,0.45234432086120485,0.20461538461538467,1.0,0.0,1.0,0.6923076923076923,1.0,0.4706787243316416,0.22153846153846146,1.0,0.0,5.0,1.0769230769230769,0.0,1.6473755351607462,2.7138461538461547,5.0,0.0,0.0,0.0,0.0,0.0,0.0,0.0,0.0,0.0,0.0,0.0,0.0,0.0,0.0,0.0,10.0,0.6153846153846154,0.0,1.9611613513818404,3.8461538461538463,10.0,0.0,1.0,0.038461538461538464,0.0,0.19611613513818402,0.03846153846153846,1.0,0.0,2.0,0.19230769230769232,0.0,0.5670436151994496,0.32153846153846144,2.0,8.0,8.0,18.0,0.0,1.0,3.0,0.0,2.0,0.0,0.0,0.0,0.0,0.0,0.0,0.0
35,56,Twitter Mesos Q4 Sprint 4,-26,14,12,56,3,7,1,8,2,8,4,18,8,29,2,5,16.0,4.0,8.0,14.0,2.0,0.0,7.0,2.0,2.0,2.250925735484551,5.066666666666666,7.0,0.0,1.0,0.125,0.0,0.3415650255319866,0.11666666666666667,1.0,0.0,1.0,0.8125,1.0,0.4031128874149275,0.1625,1.0,0.0,5.0,0.9375,1.0,1.2893796958227628,1.6625,5.0,0.0,0.0,0.0,0.0,0.0,0.0,0.0,0.0,0.0,0.0,0.0,0.0,0.0,0.0,0.0,1.0,0.4375,0.0,0.51234753829798,0.2625,1.0,0.0,0.0,0.0,0.0,0.0,0.0,0.0,0.0,4.0,0.625,0.0,1.2041594578792296,1.45,4.0,4.0,3.0,12.0,0.0,0.0,1.0,0.0,0.0,0.0,0.0,0.0,0.0,0.0,0.0,0.0
35,57,Twitter Mesos Q4 Sprint 5,-33,14,7,37,1,5,0,0,4,28,3,13,1,1,2,6,10.0,1.0,5.0,8.0,1.0,0.0,6.0,1.0,0.0,2.0,4.0,6.0,0.0,1.0,0.1,0.0,0.31622776601683794,0.10000000000000002,1.0,0.0,1.0,0.7,1.0,0.4830458915396479,0.23333333333333328,1.0,0.0,5.0,1.3,1.0,1.4944341180973264,2.2333333333333334,5.0,0.0,0.0,0.0,0.0,0.0,0.0,0.0,0.0,0.0,0.0,0.0,0.0,0.0,0.0,0.0,0.0,0.0,0.0,0.0,0.0,0.0,0.0,0.0,0.0,0.0,0.0,0.0,0.0,0.0,2.0,0.3,0.0,0.6749485577105528,0.4555555555555555,2.0,2.0,3.0,8.0,0.0,0.0,1.0,0.0,0.0,0.0,1.0,0.0,0.0,0.0,0.0,0.0
35,63,Twitter Mesos Q4 Sprint 6,-24,14,6,32,0,0,0,0,4,21,1,3,1,8,2,5,6.0,1.0,4.0,6.0,0.0,0.0,3.0,1.0,0.0,1.5491933384829668,2.4,3.0,0.0,0.0,0.0,0.0,0.0,0.0,0.0,0.0,1.0,0.6666666666666666,1.0,0.5163977794943223,0.2666666666666667,1.0,0.0,2.0,1.1666666666666667,1.0,0.752772652709081,0.5666666666666667,2.0,0.0,0.0,0.0,0.0,0.0,0.0,0.0,0.0,0.0,0.0,0.0,0.0,0.0,0.0,0.0,1.0,0.16666666666666666,0.0,0.408248290463863,0.16666666666666669,1.0,0.0,0.0,0.0,0.0,0.0,0.0,0.0,0.0,2.0,0.5,0.0,0.8366600265340756,0.7,2.0,1.0,1.0,5.0,0.0,0.0,0.0,0.0,0.0,0.0,0.0,0.0,0.0,0.0,0.0,0.0
35,72,Twitter Mesos Q1 Sprint 1,-16,14,11,41,0,0,0,0,6,32,3,5,2,4,2,6,19.0,4.0,5.0,16.0,3.0,0.0,6.0,1.0,0.0,1.5986105077709065,2.5555555555555554,6.0,0.0,2.0,0.3157894736842105,0.0,0.5823927253578186,0.3391812865497076,2.0,0.0,1.0,0.8947368421052632,1.0,0.3153017676423058,0.09941520467836257,1.0,0.0,5.0,0.9473684210526315,0.0,1.3529262199858298,1.830409356725146,5.0,0.0,0.0,0.0,0.0,0.0,0.0,0.0,0.0,0.0,0.0,0.0,0.0,0.0,0.0,0.0,2.0,0.21052631578947367,0.0,0.5353033790313108,0.2865497076023391,2.0,0.0,0.0,0.0,0.0,0.0,0.0,0.0,0.0,2.0,0.21052631578947367,0.0,0.5353033790313108,0.2865497076023391,2.0,5.0,9.0,14.0,0.0,0.0,1.0,0.0,0.0,0.0,0.0,0.0,0.0,0.0,0.0,0.0
35,80,Twitter Mesos Q1 Sprint 2,-14,14,10,42,1,2,0,0,3,17,3,16,5,11,2,6,18.0,5.0,5.0,15.0,3.0,0.0,9.0,2.1666666666666665,1.0,2.8127859331777016,7.911764705882355,9.0,0.0,7.0,0.7222222222222222,0.0,1.6379885640466825,2.6830065359477127,7.0,0.0,1.0,0.9444444444444444,1.0,0.23570226039551584,0.05555555555555556,1.0,0.0,5.0,1.3888888888888888,1.0,1.685191170474659,2.8398692810457513,5.0,0.0,0.0,0.0,0.0,0.0,0.0,0.0,0.0,0.0,0.0,0.0,0.0,0.0,0.0,0.0,3.0,0.4444444444444444,0.0,0.7838233761296739,0.6143790849673202,3.0,0.0,0.0,0.0,0.0,0.0,0.0,0.0,0.0,1.0,0.16666666666666666,0.0,0.3834824944236852,0.14705882352941177,1.0,5.0,7.0,13.0,0.0,0.0,1.0,0.0,0.0,0.0,0.0,0.0,0.0,0.0,0.0,0.0
35,81,Mesosphere Q1 Sprint 4 - 3/6,0,14,0,0,1,1,0,0,0,0,1,1,0,0,2,2,1.0,0.0,0.0,1.0,0.0,6.0,6.0,6.0,6.0,0.0,0.0,0.0,0.0,0.0,0.0,0.0,0.0,0.0,0.0,1.0,1.0,1.0,1.0,0.0,0.0,0.0,2.0,2.0,2.0,2.0,0.0,0.0,0.0,0.0,0.0,0.0,0.0,0.0,0.0,0.0,0.0,0.0,0.0,0.0,0.0,0.0,0.0,0.0,0.0,0.0,0.0,0.0,0.0,0.0,0.0,0.0,0.0,0.0,0.0,0.0,0.0,0.0,0.0,0.0,0.0,0.0,0.0,0.0,0.0,1.0,1.0,0.0,0.0,0.0,0.0,0.0,0.0,0.0,0.0,0.0,0.0,0.0,0.0
35,87,Twitter Mesos Q1 Sprint 3,-19,13,10,49,0,0,0,0,5,28,2,7,3,14,2,8,20.0,8.0,4.0,18.0,2.0,0.0,6.0,1.7,1.0,2.0545200489600846,4.221052631578948,6.0,0.0,7.0,0.8,0.0,1.6415653633362466,2.6947368421052635,7.0,0.0,1.0,0.85,1.0,0.36634754853252327,0.13421052631578947,1.0,0.0,5.0,1.25,1.0,1.4823523268955432,2.1973684210526314,5.0,0.0,0.0,0.0,0.0,0.0,0.0,0.0,0.0,0.0,0.0,0.0,0.0,0.0,0.0,0.0,1.0,0.15,0.0,0.36634754853252327,0.13421052631578947,1.0,0.0,0.0,0.0,0.0,0.0,0.0,0.0,0.0,3.0,0.2,0.0,0.6958523739384592,0.48421052631578926,3.0,7.0,7.0,13.0,0.0,0.0,0.0,0.0,1.0,0.0,0.0,0.0,0.0,0.0,0.0,0.0
35,93,Twitter Mesos Q1 Sprint 4,-20,14,8,41,5,10,0,0,5,28,3,16,5,7,2,8,18.0,7.0,5.0,16.0,1.0,0.0,12.0,2.611111111111111,1.5,3.220136805440358,10.369281045751634,12.0,0.0,2.0,0.4444444444444444,0.0,0.7047921864945659,0.496732026143791,2.0,1.0,1.0,1.0,1.0,0.0,0.0,0.0,0.0,4.0,1.1111111111111112,1.0,1.078609610939221,1.1633986928104576,4.0,0.0,0.0,0.0,0.0,0.0,0.0,0.0,0.0,0.0,0.0,0.0,0.0,0.0,0.0,0.0,1.0,0.2777777777777778,0.0,0.4608885989624768,0.2124183006535948,1.0,0.0,1.0,0.05555555555555555,0.0,0.23570226039551584,0.05555555555555556,1.0,0.0,3.0,0.2222222222222222,0.0,0.7320844981409597,0.5359477124183007,3.0,6.0,6.0,12.0,0.0,1.0,0.0,0.0,0.0,0.0,0.0,0.0,0.0,0.0,0.0,0.0
35,99,Twitter Mesos Q1 Sprint 5,11,14,0,0,4,18,2,11,2,7,0,0,0,0,2,6,16.0,9.0,2.0,12.0,2.0,0.0,12.0,2.875,1.0,3.5753787678137448,12.783333333333333,12.0,0.0,3.0,0.5625,0.0,0.8920949127381756,0.7958333333333333,3.0,0.0,1.0,0.9375,1.0,0.25,0.0625,1.0,0.0,4.0,1.0625,1.0,1.181453906563152,1.3958333333333333,4.0,0.0,0.0,0.0,0.0,0.0,0.0,0.0,0.0,0.0,0.0,0.0,0.0,0.0,0.0,0.0,0.0,0.0,0.0,0.0,0.0,0.0,0.0,1.0,0.0625,0.0,0.25,0.0625,1.0,0.0,3.0,0.4375,0.0,0.8139410298049853,0.6625,3.0,2.0,5.0,14.0,0.0,1.0,0.0,0.0,0.0,0.0,1.0,0.0,0.0,0.0,0.0,0.0
35,102,Mesosphere Q1 Sprint 6 - 4/3,0,14,0,0,0,0,0,0,0,0,0,0,0,0,2,1,1.0,1.0,0.0,1.0,0.0,0.0,0.0,0.0,0.0,0.0,0.0,0.0,0.0,0.0,0.0,0.0,0.0,0.0,0.0,0.0,0.0,0.0,0.0,0.0,0.0,0.0,1.0,1.0,1.0,1.0,0.0,0.0,0.0,0.0,0.0,0.0,0.0,0.0,0.0,0.0,0.0,0.0,0.0,0.0,0.0,0.0,0.0,0.0,0.0,0.0,0.0,0.0,0.0,0.0,0.0,0.0,0.0,0.0,0.0,0.0,0.0,0.0,0.0,0.0,0.0,0.0,0.0,0.0,0.0,0.0,1.0,0.0,0.0,0.0,0.0,0.0,0.0,0.0,0.0,0.0,0.0,0.0,0.0
35,104,Twitter Mesos Q1 Sprint 6,-18,7,8,38,3,8,0,0,3,20,2,5,6,21,2,6,18.0,13.0,3.0,13.0,5.0,0.0,30.0,4.0,1.5,7.259881703784241,52.705882352941174,30.0,0.0,2.0,0.2222222222222222,0.0,0.5483188805533162,0.30065359477124187,2.0,0.0,2.0,0.6666666666666666,1.0,0.5940885257860047,0.3529411764705883,2.0,0.0,4.0,0.7222222222222222,0.0,1.127493605332358,1.2712418300653592,4.0,0.0,0.0,0.0,0.0,0.0,0.0,0.0,0.0,0.0,0.0,0.0,0.0,0.0,0.0,0.0,1.0,0.2222222222222222,0.0,0.42779263194649864,0.18300653594771243,1.0,0.0,0.0,0.0,0.0,0.0,0.0,0.0,0.0,1.0,0.2777777777777778,0.0,0.4608885989624768,0.2124183006535948,1.0,6.0,2.0,12.0,0.0,0.0,0.0,0.0,0.0,0.0,0.0,0.0,0.0,0.0,0.0,0.0
35,106,Mesosphere Q1 Sprint 7 - 4/17,-1,14,0,0,1,1,0,0,0,0,1,1,0,0,2,2,1.0,0.0,0.0,1.0,0.0,6.0,6.0,6.0,6.0,0.0,0.0,0.0,1.0,1.0,1.0,1.0,0.0,0.0,0.0,0.0,0.0,0.0,0.0,0.0,0.0,0.0,8.0,8.0,8.0,8.0,0.0,0.0,0.0,0.0,0.0,0.0,0.0,0.0,0.0,0.0,0.0,0.0,0.0,0.0,0.0,0.0,0.0,0.0,0.0,0.0,0.0,0.0,0.0,0.0,0.0,0.0,0.0,0.0,0.0,0.0,0.0,0.0,0.0,0.0,0.0,0.0,0.0,0.0,0.0,0.0,1.0,1.0,0.0,0.0,0.0,0.0,0.0,0.0,0.0,0.0,0.0,0.0,0.0
35,108,Mesosphere Q2 Sprint 8 - 5/1,-1,14,1,1,0,0,0,0,1,1,0,0,0,0,2,2,1.0,0.0,0.0,1.0,0.0,7.0,7.0,7.0,7.0,0.0,0.0,0.0,1.0,1.0,1.0,1.0,0.0,0.0,0.0,0.0,0.0,0.0,0.0,0.0,0.0,0.0,8.0,8.0,8.0,8.0,0.0,0.0,0.0,0.0,0.0,0.0,0.0,0.0,0.0,0.0,0.0,0.0,0.0,0.0,0.0,0.0,0.0,0.0,0.0,0.0,0.0,0.0,0.0,0.0,0.0,0.0,0.0,0.0,0.0,0.0,0.0,0.0,0.0,0.0,0.0,0.0,0.0,0.0,0.0,0.0,1.0,1.0,0.0,0.0,0.0,0.0,0.0,0.0,0.0,0.0,0.0,0.0,0.0
35,113,Twitter Q2 Sprint 1 - 4/13,22,14,0,0,0,0,0,0,0,0,0,0,0,0,2,5,10.0,5.0,3.0,8.0,1.0,1.0,13.0,4.7,1.5,5.186520991955976,26.900000000000002,12.0,0.0,2.0,0.3,0.0,0.6749485577105528,0.4555555555555555,2.0,0.0,1.0,0.8,1.0,0.42163702135578396,0.1777777777777778,1.0,0.0,4.0,1.2,0.5,1.4757295747452437,2.177777777777778,4.0,0.0,0.0,0.0,0.0,0.0,0.0,0.0,0.0,0.0,0.0,0.0,0.0,0.0,0.0,0.0,1.0,0.1,0.0,0.31622776601683794,0.10000000000000002,1.0,0.0,1.0,0.1,0.0,0.31622776601683794,0.10000000000000002,1.0,0.0,1.0,0.1,0.0,0.31622776601683794,0.10000000000000002,1.0,2.0,2.0,8.0,0.0,1.0,0.0,0.0,0.0,0.0,0.0,0.0,0.0,0.0,0.0,0.0
35,115,Mesosphere Q1 Sprint 9 - 5/15,0,14,0,0,0,0,0,0,0,0,0,0,0,0,2,2,1.0,0.0,0.0,1.0,0.0,9.0,9.0,9.0,9.0,0.0,0.0,0.0,1.0,1.0,1.0,1.0,0.0,0.0,0.0,0.0,0.0,0.0,0.0,0.0,0.0,0.0,8.0,8.0,8.0,8.0,0.0,0.0,0.0,0.0,0.0,0.0,0.0,0.0,0.0,0.0,0.0,0.0,0.0,0.0,0.0,0.0,0.0,0.0,0.0,0.0,0.0,0.0,0.0,0.0,0.0,0.0,0.0,0.0,0.0,0.0,0.0,0.0,0.0,0.0,0.0,0.0,0.0,0.0,0.0,0.0,1.0,1.0,0.0,0.0,0.0,0.0,0.0,0.0,0.0,0.0,0.0,0.0,0.0
35,118,Twitter Q2 Sprint 2,-16,14,5,17,3,7,1,1,4,16,2,6,1,1,2,4,16.0,5.0,7.0,12.0,3.0,0.0,2.0,0.625,1.0,0.6191391873668903,0.38333333333333336,2.0,0.0,2.0,0.25,0.0,0.5773502691896257,0.3333333333333333,2.0,0.0,1.0,0.75,1.0,0.4472135954999579,0.2,1.0,0.0,4.0,0.875,0.5,1.1474609652039003,1.3166666666666667,4.0,0.0,0.0,0.0,0.0,0.0,0.0,0.0,0.0,0.0,0.0,0.0,0.0,0.0,0.0,0.0,1.0,0.0625,0.0,0.25,0.0625,1.0,0.0,0.0,0.0,0.0,0.0,0.0,0.0,0.0,1.0,0.0625,0.0,0.25,0.0625,1.0,11.0,3.0,5.0,1.0,1.0,0.0,0.0,0.0,0.0,0.0,0.0,0.0,0.0,0.0,0.0
35,128,Twitter Q2 Sprint 3 - 5/11,34,14,0,0,1,5,0,0,1,5,0,0,0,0,2,3,18.0,6.0,8.0,17.0,0.0,0.0,5.0,1.3333333333333333,1.0,1.3719886811400708,1.882352941176471,5.0,0.0,2.0,0.1111111111111111,0.0,0.4714045207910317,0.22222222222222224,2.0,0.0,1.0,0.7777777777777778,1.0,0.42779263194649864,0.18300653594771243,1.0,0.0,3.0,0.6111111111111112,0.0,0.9785276387866012,0.9575163398692811,3.0,0.0,0.0,0.0,0.0,0.0,0.0,0.0,0.0,0.0,0.0,0.0,0.0,0.0,0.0,0.0,1.0,0.16666666666666666,0.0,0.3834824944236852,0.14705882352941177,1.0,0.0,0.0,0.0,0.0,0.0,0.0,0.0,0.0,3.0,0.3333333333333333,0.0,0.7669649888473704,0.5882352941176471,3.0,9.0,2.0,9.0,0.0,1.0,1.0,0.0,1.0,0.0,0.0,0.0,0.0,0.0,0.0,0.0
35,132,Twitter Q2 Sprint 3,36,13,0,0,2,4,1,3,1,1,0,0,0,0,2,4,25.0,10.0,9.0,25.0,0.0,0.0,14.0,1.44,1.0,2.770078217908898,7.673333333333335,14.0,0.0,2.0,0.32,0.0,0.5567764362830021,0.30999999999999994,2.0,0.0,1.0,0.68,1.0,0.47609522856952335,0.22666666666666668,1.0,0.0,3.0,0.6,0.0,1.0,1.0,3.0,0.0,0.0,0.0,0.0,0.0,0.0,0.0,0.0,0.0,0.0,0.0,0.0,0.0,0.0,0.0,1.0,0.16,0.0,0.37416573867739406,0.13999999999999996,1.0,0.0,0.0,0.0,0.0,0.0,0.0,0.0,0.0,4.0,0.44,0.0,1.044030650891055,1.09,4.0,12.0,6.0,13.0,0.0,0.0,0.0,0.0,0.0,0.0,0.0,0.0,0.0,0.0,0.0,0.0
35,141,Twitter Mesos Q2 Sprint 5,-5,14,12,43,3,8,0,0,15,51,0,0,0,0,2,7,27.0,13.0,7.0,20.0,3.0,0.0,12.0,2.074074074074074,1.0,2.5709310783618085,6.6096866096866105,12.0,0.0,2.0,0.2222222222222222,0.0,0.5063696835418333,0.25641025641025644,2.0,0.0,1.0,0.7407407407407407,1.0,0.44657608470472243,0.1994301994301994,1.0,0.0,4.0,0.8518518518518519,0.0,1.166971877049041,1.3618233618233617,4.0,0.0,0.0,0.0,0.0,0.0,0.0,0.0,0.0,0.0,0.0,0.0,0.0,0.0,0.0,0.0,1.0,0.25925925925925924,0.0,0.44657608470472243,0.1994301994301994,1.0,0.0,0.0,0.0,0.0,0.0,0.0,0.0,0.0,2.0,0.2962962962962963,0.0,0.5417077564954128,0.2934472934472934,2.0,14.0,7.0,13.0,0.0,3.0,0.0,0.0,0.0,0.0,1.0,0.0,0.0,0.0,0.0,0.0
35,142,Mesosphere Sprint 12,0,14,0,0,1,3,1,3,0,0,0,0,0,0,2,1,1.0,1.0,0.0,1.0,0.0,3.0,3.0,3.0,3.0,0.0,0.0,0.0,0.0,0.0,0.0,0.0,0.0,0.0,0.0,0.0,0.0,0.0,0.0,0.0,0.0,0.0,0.0,0.0,0.0,0.0,0.0,0.0,0.0,0.0,0.0,0.0,0.0,0.0,0.0,0.0,0.0,0.0,0.0,0.0,0.0,0.0,0.0,0.0,0.0,0.0,0.0,0.0,0.0,0.0,0.0,0.0,0.0,0.0,0.0,0.0,0.0,2.0,2.0,2.0,2.0,0.0,0.0,0.0,1.0,0.0,0.0,0.0,0.0,0.0,0.0,0.0,0.0,0.0,0.0,0.0,0.0,0.0,0.0
35,143,Mesosphere Sprint 13,0,14,0,0,1,8,1,8,0,0,0,0,0,0,2,2,1.0,0.0,0.0,1.0,0.0,3.0,3.0,3.0,3.0,0.0,0.0,0.0,0.0,0.0,0.0,0.0,0.0,0.0,0.0,1.0,1.0,1.0,1.0,0.0,0.0,0.0,0.0,0.0,0.0,0.0,0.0,0.0,0.0,0.0,0.0,0.0,0.0,0.0,0.0,0.0,0.0,0.0,0.0,0.0,0.0,0.0,0.0,0.0,0.0,0.0,0.0,0.0,0.0,0.0,0.0,0.0,0.0,0.0,0.0,0.0,0.0,0.0,0.0,0.0,0.0,0.0,0.0,0.0,1.0,0.0,0.0,0.0,0.0,1.0,0.0,0.0,0.0,0.0,0.0,0.0,0.0,0.0,0.0
35,150,Twitter Mesos Q2 Sprint 6,-14,14,10,30,4,14,0,0,4,13,6,24,4,7,2,7,23.0,10.0,5.0,20.0,0.0,0.0,6.0,1.7826086956521738,2.0,1.5062452335384542,2.2687747035573125,6.0,0.0,2.0,0.30434782608695654,0.0,0.5587959953568722,0.3122529644268775,2.0,0.0,1.0,0.6086956521739131,1.0,0.4990108793478453,0.24901185770750986,1.0,0.0,4.0,0.8695652173913043,0.0,1.179535649239177,1.391304347826087,4.0,0.0,0.0,0.0,0.0,0.0,0.0,0.0,0.0,0.0,0.0,0.0,0.0,0.0,0.0,0.0,7.0,0.5652173913043478,0.0,1.4717363572115556,2.16600790513834,7.0,0.0,1.0,0.043478260869565216,0.0,0.2085144140570748,0.04347826086956523,1.0,0.0,3.0,0.30434782608695654,0.0,0.7648400075533119,0.5849802371541503,3.0,12.0,7.0,11.0,0.0,3.0,1.0,0.0,0.0,0.0,0.0,0.0,0.0,0.0,0.0,0.0
35,154,Mesosphere Sprint 14,0,14,0,0,2,26,2,26,0,0,0,0,0,0,2,1,2.0,0.0,2.0,2.0,0.0,0.0,0.0,0.0,0.0,0.0,0.0,0.0,0.0,0.0,0.0,0.0,0.0,0.0,0.0,0.0,0.0,0.0,0.0,0.0,0.0,0.0,5.0,6.0,5.5,5.5,0.7071067811865476,0.5,1.0,0.0,0.0,0.0,0.0,0.0,0.0,0.0,0.0,0.0,0.0,0.0,0.0,0.0,0.0,2.0,2.0,2.0,2.0,0.0,0.0,0.0,0.0,0.0,0.0,0.0,0.0,0.0,0.0,0.0,0.0,0.0,0.0,0.0,0.0,0.0,0.0,0.0,2.0,0.0,0.0,0.0,0.0,0.0,0.0,0.0,0.0,0.0,0.0,0.0,0.0
35,155,Twitter Mesos Q3 Sprint 1,-22,14,12,51,1,8,0,0,3,19,5,25,5,15,2,6,17.0,6.0,7.0,16.0,0.0,0.0,7.0,2.2941176470588234,2.0,2.229481606852615,4.970588235294118,7.0,0.0,2.0,0.35294117647058826,0.0,0.6063390625908325,0.36764705882352944,2.0,0.0,1.0,0.47058823529411764,0.0,0.5144957554275266,0.2647058823529412,1.0,0.0,4.0,0.9411764705882353,0.0,1.2485285456935955,1.5588235294117645,4.0,0.0,0.0,0.0,0.0,0.0,0.0,0.0,0.0,0.0,0.0,0.0,0.0,0.0,0.0,0.0,7.0,0.6470588235294118,0.0,1.6934128435864448,2.867647058823529,7.0,0.0,0.0,0.0,0.0,0.0,0.0,0.0,0.0,2.0,0.35294117647058826,0.0,0.701888209634219,0.4926470588235294,2.0,8.0,4.0,9.0,0.0,0.0,0.0,0.0,0.0,0.0,1.0,0.0,0.0,0.0,0.0,0.0
37,7,Q2 Sprint 1,-8,4,16,18,2,2,1,3,3,3,5,5,9,9,2,6,21.0,0.0,10.0,17.0,1.0,0.0,11.0,1.5714285714285714,1.0,2.4611263391266323,6.057142857142859,11.0,0.0,1.0,0.047619047619047616,0.0,0.21821789023599242,0.04761904761904763,1.0,1.0,1.0,1.0,1.0,0.0,0.0,0.0,0.0,2.0,0.23809523809523808,0.0,0.5389584311207967,0.2904761904761905,2.0,0.0,0.0,0.0,0.0,0.0,0.0,0.0,0.0,0.0,0.0,0.0,0.0,0.0,0.0,0.0,0.0,0.0,0.0,0.0,0.0,0.0,0.0,1.0,0.047619047619047616,0.0,0.21821789023599242,0.04761904761904763,1.0,0.0,1.0,0.19047619047619047,0.0,0.40237390808147827,0.16190476190476194,1.0,15.0,4.0,6.0,0.0,1.0,7.0,1.0,0.0,0.0,1.0,0.0,0.0,0.0,0.0,0.0
37,11,Q2 Sprint 2,12,4,2,2,3,3,2,2,3,3,0,0,0,0,2,6,25.0,0.0,16.0,23.0,1.0,0.0,11.0,1.96,1.0,2.922327839240491,8.539999999999997,11.0,0.0,0.0,0.0,0.0,0.0,0.0,0.0,0.0,1.0,0.92,1.0,0.27688746209726917,0.07666666666666667,1.0,0.0,3.0,0.44,0.0,0.8205689083394114,0.6733333333333335,3.0,0.0,0.0,0.0,0.0,0.0,0.0,0.0,0.0,0.0,0.0,0.0,0.0,0.0,0.0,0.0,2.0,0.16,0.0,0.5537749241945383,0.3066666666666667,2.0,0.0,0.0,0.0,0.0,0.0,0.0,0.0,0.0,1.0,0.24,0.0,0.43588989435406733,0.18999999999999997,1.0,16.0,3.0,9.0,0.0,0.0,6.0,0.0,0.0,0.0,1.0,0.0,0.0,0.0,0.0,0.0
37,13,Q2 Sprint 3,0,12,0,0,0,0,0,0,0,0,0,0,0,0,2,1,1.0,0.0,1.0,1.0,0.0,0.0,0.0,0.0,0.0,0.0,0.0,0.0,0.0,0.0,0.0,0.0,0.0,0.0,0.0,0.0,0.0,0.0,0.0,0.0,0.0,0.0,1.0,1.0,1.0,1.0,0.0,0.0,0.0,0.0,0.0,0.0,0.0,0.0,0.0,0.0,0.0,0.0,0.0,0.0,0.0,0.0,0.0,0.0,0.0,0.0,0.0,0.0,0.0,0.0,0.0,0.0,0.0,0.0,0.0,0.0,0.0,0.0,0.0,0.0,0.0,0.0,0.0,0.0,0.0,0.0,1.0,0.0,0.0,0.0,0.0,0.0,0.0,0.0,0.0,0.0,0.0,0.0,0.0
37,15,Q2 Sprint 3,19,4,0,0,4,4,0,0,4,4,0,0,0,0,2,4,31.0,0.0,16.0,27.0,4.0,0.0,12.0,1.1612903225806452,1.0,2.3251777594203906,5.406451612903227,12.0,0.0,0.0,0.0,0.0,0.0,0.0,0.0,1.0,1.0,1.0,1.0,0.0,0.0,0.0,0.0,2.0,0.1935483870967742,0.0,0.47744841527364174,0.22795698924731186,2.0,0.0,0.0,0.0,0.0,0.0,0.0,0.0,0.0,0.0,0.0,0.0,0.0,0.0,0.0,0.0,0.0,0.0,0.0,0.0,0.0,0.0,0.0,0.0,0.0,0.0,0.0,0.0,0.0,0.0,1.0,0.06451612903225806,0.0,0.24973103811470743,0.06236559139784945,1.0,22.0,9.0,9.0,0.0,0.0,6.0,0.0,0.0,0.0,0.0,0.0,0.0,0.0,0.0,0.0
37,23,Q3 Sprint 1,-6,4,9,9,0,0,0,0,9,9,0,0,0,0,2,2,9.0,0.0,6.0,8.0,1.0,0.0,3.0,1.2222222222222223,1.0,0.8333333333333334,0.6944444444444444,3.0,0.0,0.0,0.0,0.0,0.0,0.0,0.0,0.0,1.0,0.8888888888888888,1.0,0.33333333333333337,0.11111111111111112,1.0,0.0,1.0,0.3333333333333333,0.0,0.5,0.25,1.0,0.0,0.0,0.0,0.0,0.0,0.0,0.0,0.0,0.0,0.0,0.0,0.0,0.0,0.0,0.0,0.0,0.0,0.0,0.0,0.0,0.0,0.0,0.0,0.0,0.0,0.0,0.0,0.0,0.0,1.0,0.1111111111111111,0.0,0.3333333333333333,0.1111111111111111,1.0,5.0,2.0,4.0,0.0,0.0,1.0,0.0,0.0,0.0,0.0,0.0,0.0,0.0,0.0,0.0
37,26,Aurora Q3 Sprint 2,6,11,21,21,2,2,0,0,17,17,0,0,6,6,2,8,42.0,0.0,17.0,36.0,1.0,0.0,8.0,2.357142857142857,1.0,2.3145502494313788,5.357142857142857,8.0,0.0,1.0,0.023809523809523808,0.0,0.15430334996209188,0.023809523809523805,1.0,1.0,1.0,1.0,1.0,0.0,0.0,0.0,0.0,4.0,0.47619047619047616,0.0,0.8333914033193509,0.694541231126597,4.0,0.0,0.0,0.0,0.0,0.0,0.0,0.0,0.0,0.0,0.0,0.0,0.0,0.0,0.0,0.0,1.0,0.11904761904761904,0.0,0.32777006756156785,0.10743321718931476,1.0,0.0,1.0,0.023809523809523808,0.0,0.15430334996209188,0.023809523809523805,1.0,0.0,1.0,0.023809523809523808,0.0,0.15430334996209188,0.023809523809523805,1.0,27.0,11.0,15.0,0.0,3.0,7.0,0.0,0.0,0.0,2.0,7.0,0.0,0.0,0.0,0.0
37,39,Aurora Q3 Sprint 3,-5,10,16,16,1,1,0,0,10,10,2,2,5,5,2,7,23.0,0.0,8.0,17.0,1.0,0.0,13.0,2.0434782608695654,1.0,3.0072376462244486,9.043478260869561,13.0,0.0,1.0,0.043478260869565216,0.0,0.2085144140570748,0.04347826086956523,1.0,1.0,1.0,1.0,1.0,0.0,0.0,0.0,0.0,4.0,0.6521739130434783,0.0,1.0706283478819987,1.146245059288538,4.0,0.0,0.0,0.0,0.0,0.0,0.0,0.0,0.0,0.0,0.0,0.0,0.0,0.0,0.0,0.0,0.0,0.0,0.0,0.0,0.0,0.0,0.0,1.0,0.17391304347826086,0.0,0.3875533878815898,0.150197628458498,1.0,0.0,1.0,0.13043478260869565,0.0,0.34435022157509093,0.11857707509881421,1.0,10.0,5.0,13.0,0.0,3.0,10.0,0.0,0.0,0.0,2.0,0.0,0.0,0.0,0.0,0.0
37,42,Aurora Q4 Sprint 1,6,11,24,24,4,4,1,1,7,7,7,7,13,13,2,9,48.0,0.0,19.0,31.0,5.0,0.0,13.0,1.9166666666666667,1.0,2.7663120340090965,7.652482269503546,13.0,0.0,1.0,0.041666666666666664,0.0,0.20194093652345887,0.04078014184397164,1.0,0.0,1.0,0.9583333333333334,1.0,0.20194093652345885,0.040780141843971635,1.0,0.0,6.0,0.6458333333333334,0.0,1.1937707704925051,1.4250886524822692,6.0,0.0,0.0,0.0,0.0,0.0,0.0,0.0,0.0,0.0,0.0,0.0,0.0,0.0,0.0,0.0,1.0,0.041666666666666664,0.0,0.20194093652345887,0.04078014184397164,1.0,0.0,1.0,0.14583333333333334,0.0,0.35667395763741655,0.1272163120567376,1.0,0.0,3.0,0.20833333333333334,0.0,0.6174185563771672,0.3812056737588652,3.0,21.0,17.0,27.0,0.0,7.0,12.0,0.0,0.0,0.0,5.0,0.0,0.0,0.0,0.0,0.0
37,46,Twitter Aurora Q4 Sprint 2,-6,11,15,15,8,8,0,0,23,23,0,0,0,0,2,9,28.0,0.0,14.0,20.0,2.0,0.0,28.0,3.0,1.0,5.361039147473253,28.74074074074074,28.0,0.0,1.0,0.03571428571428571,0.0,0.18898223650461365,0.035714285714285726,1.0,1.0,1.0,1.0,1.0,0.0,0.0,0.0,0.0,2.0,0.4642857142857143,0.0,0.7444681351359534,0.5542328042328042,2.0,0.0,0.0,0.0,0.0,0.0,0.0,0.0,0.0,0.0,0.0,0.0,0.0,0.0,0.0,0.0,1.0,0.03571428571428571,0.0,0.18898223650461365,0.035714285714285726,1.0,0.0,1.0,0.10714285714285714,0.0,0.314970394174356,0.09920634920634921,1.0,0.0,3.0,0.2857142857142857,0.0,0.7628961803617725,0.5820105820105821,3.0,20.0,9.0,8.0,0.0,3.0,5.0,0.0,0.0,0.0,3.0,0.0,0.0,0.0,0.0,0.0
37,52,Twitter Aurora Q4 Sprint 3,-3,10,23,23,3,3,0,0,10,10,7,7,9,9,2,8,31.0,0.0,7.0,21.0,2.0,0.0,13.0,1.4193548387096775,1.0,2.377312117334576,5.651612903225806,13.0,0.0,0.0,0.0,0.0,0.0,0.0,0.0,0.0,1.0,0.9354838709677419,1.0,0.24973103811470743,0.06236559139784945,1.0,0.0,3.0,0.4838709677419355,0.0,0.7690239589651062,0.5913978494623654,3.0,0.0,0.0,0.0,0.0,0.0,0.0,0.0,0.0,0.0,0.0,0.0,0.0,0.0,0.0,0.0,2.0,0.06451612903225806,0.0,0.3592106040535499,0.12903225806451618,2.0,0.0,1.0,0.06451612903225806,0.0,0.24973103811470743,0.06236559139784946,1.0,0.0,3.0,0.16129032258064516,0.0,0.5829107532346263,0.3397849462365594,3.0,12.0,16.0,19.0,0.0,2.0,8.0,0.0,0.0,0.0,6.0,0.0,0.0,0.0,0.0,0.0
37,53,Twitter Aurora Q4 Sprint 4,0,9,8,8,2,2,0,0,1,1,4,4,5,5,2,4,14.0,0.0,5.0,10.0,2.0,0.0,4.0,1.0,1.0,1.2403473458920846,1.5384615384615385,4.0,0.0,0.0,0.0,0.0,0.0,0.0,0.0,1.0,1.0,1.0,1.0,0.0,0.0,0.0,0.0,2.0,0.21428571428571427,0.0,0.5789342235218395,0.33516483516483525,2.0,0.0,0.0,0.0,0.0,0.0,0.0,0.0,0.0,0.0,0.0,0.0,0.0,0.0,0.0,0.0,0.0,0.0,0.0,0.0,0.0,0.0,0.0,1.0,0.07142857142857142,0.0,0.26726124191242434,0.07142857142857141,1.0,0.0,0.0,0.0,0.0,0.0,0.0,0.0,5.0,8.0,9.0,0.0,2.0,1.0,0.0,0.0,0.0,0.0,0.0,0.0,0.0,0.0,0.0
37,56,Twitter Mesos Q4 Sprint 4,0,14,0,0,2,2,2,2,0,0,0,0,0,0,2,1,2.0,0.0,0.0,2.0,0.0,1.0,4.0,2.5,2.5,2.1213203435596424,4.5,3.0,0.0,0.0,0.0,0.0,0.0,0.0,0.0,1.0,1.0,1.0,1.0,0.0,0.0,0.0,0.0,2.0,1.0,1.0,1.4142135623730951,2.0,2.0,0.0,0.0,0.0,0.0,0.0,0.0,0.0,0.0,0.0,0.0,0.0,0.0,0.0,0.0,0.0,0.0,0.0,0.0,0.0,0.0,0.0,0.0,0.0,0.0,0.0,0.0,0.0,0.0,0.0,0.0,0.0,0.0,0.0,0.0,0.0,0.0,1.0,2.0,0.0,0.0,1.0,0.0,0.0,0.0,0.0,0.0,0.0,0.0,0.0,0.0
37,59,Twitter Aurora Q4 Sprint 5,-11,12,9,16,14,14,2,2,7,14,5,5,9,9,2,8,29.0,0.0,16.0,22.0,5.0,0.0,7.0,1.3103448275862069,1.0,1.627957709960157,2.6502463054187184,7.0,0.0,2.0,0.13793103448275862,0.0,0.4411136823860458,0.1945812807881773,2.0,0.0,1.0,0.9310344827586207,1.0,0.25788071477756375,0.0665024630541872,1.0,0.0,6.0,0.7586206896551724,0.0,1.3798336445744126,1.9039408866995067,6.0,0.0,0.0,0.0,0.0,0.0,0.0,0.0,0.0,0.0,0.0,0.0,0.0,0.0,0.0,0.0,1.0,0.06896551724137931,0.0,0.25788071477756375,0.06650246305418718,1.0,0.0,1.0,0.034482758620689655,0.0,0.18569533817705192,0.034482758620689676,1.0,0.0,2.0,0.20689655172413793,0.0,0.4913036844405175,0.24137931034482757,2.0,17.0,6.0,12.0,0.0,1.0,7.0,0.0,0.0,0.0,1.0,0.0,0.0,0.0,0.0,0.0
37,62,Twitter Aurora Q4 Sprint 6,-3,5,8,8,1,1,0,0,7,7,2,2,0,0,2,6,11.0,0.0,6.0,10.0,0.0,0.0,7.0,1.8181818181818181,1.0,1.9908883353006928,3.9636363636363634,7.0,0.0,1.0,0.18181818181818182,0.0,0.40451991747794525,0.16363636363636364,1.0,0.0,1.0,0.9090909090909091,1.0,0.30151134457776363,0.0909090909090909,1.0,0.0,3.0,0.9090909090909091,1.0,1.0444659357341868,1.0909090909090906,3.0,0.0,0.0,0.0,0.0,0.0,0.0,0.0,0.0,0.0,0.0,0.0,0.0,0.0,0.0,0.0,1.0,0.09090909090909091,0.0,0.3015113445777636,0.09090909090909088,1.0,0.0,1.0,0.09090909090909091,0.0,0.3015113445777636,0.09090909090909088,1.0,0.0,0.0,0.0,0.0,0.0,0.0,0.0,7.0,3.0,4.0,0.0,1.0,2.0,0.0,0.0,0.0,0.0,0.0,0.0,0.0,0.0,0.0
37,73,Twitter Aurora Q1'15 Sprint 1,-29,11,11,33,4,4,1,1,8,26,5,9,1,1,2,4,17.0,0.0,5.0,11.0,1.0,0.0,2.0,0.7647058823529411,1.0,0.6642111641550714,0.4411764705882352,2.0,0.0,1.0,0.11764705882352941,0.0,0.3321055820775357,0.1102941176470588,1.0,0.0,1.0,0.9411764705882353,1.0,0.242535625036333,0.05882352941176471,1.0,0.0,5.0,0.8235294117647058,0.0,1.2862393885688164,1.6544117647058825,5.0,0.0,0.0,0.0,0.0,0.0,0.0,0.0,0.0,0.0,0.0,0.0,0.0,0.0,0.0,0.0,0.0,0.0,0.0,0.0,0.0,0.0,0.0,1.0,0.058823529411764705,0.0,0.242535625036333,0.05882352941176471,1.0,0.0,2.0,0.4117647058823529,0.0,0.6183469424008423,0.3823529411764706,2.0,10.0,10.0,7.0,0.0,2.0,2.0,0.0,0.0,0.0,3.0,0.0,0.0,0.0,0.0,0.0
37,76,Twitter Aurora Q1'15 Sprint 2,-20,13,14,43,2,13,0,0,11,36,2,9,3,11,2,7,21.0,0.0,10.0,18.0,0.0,0.0,7.0,1.1904761904761905,1.0,1.600595127415038,2.5619047619047617,7.0,0.0,1.0,0.09523809523809523,0.0,0.30079260375911915,0.09047619047619047,1.0,1.0,1.0,1.0,1.0,0.0,0.0,0.0,0.0,17.0,1.5714285714285714,0.0,3.80225497003329,14.457142857142856,17.0,0.0,0.0,0.0,0.0,0.0,0.0,0.0,0.0,0.0,0.0,0.0,0.0,0.0,0.0,0.0,0.0,0.0,0.0,0.0,0.0,0.0,0.0,1.0,0.047619047619047616,0.0,0.2182178902359924,0.04761904761904762,1.0,0.0,2.0,0.38095238095238093,0.0,0.5895922723535711,0.34761904761904755,2.0,13.0,5.0,8.0,0.0,3.0,6.0,0.0,0.0,0.0,0.0,0.0,0.0,0.0,0.0,0.0
37,85,Twitter Aurora Q1'15 Sprint 3,-19,12,16,58,1,3,0,0,12,41,4,17,1,3,2,4,21.0,0.0,7.0,18.0,0.0,0.0,8.0,1.0476190476190477,0.0,2.036570413125715,4.147619047619047,8.0,0.0,1.0,0.047619047619047616,0.0,0.2182178902359924,0.04761904761904762,1.0,0.0,1.0,0.9047619047619048,1.0,0.30079260375911915,0.09047619047619046,1.0,0.0,4.0,0.7619047619047619,0.0,1.0910894511799618,1.1904761904761905,4.0,0.0,0.0,0.0,0.0,0.0,0.0,0.0,0.0,0.0,0.0,0.0,0.0,0.0,0.0,0.0,0.0,0.0,0.0,0.0,0.0,0.0,0.0,0.0,0.0,0.0,0.0,0.0,0.0,0.0,2.0,0.47619047619047616,0.0,0.6796357567879737,0.46190476190476176,2.0,12.0,5.0,9.0,0.0,3.0,9.0,0.0,0.0,0.0,0.0,0.0,0.0,0.0,0.0,0.0
37,92,Twitter Aurora Q1'15 Sprint 4,-11,14,13,44,3,3,0,0,4,10,6,18,6,19,2,4,16.0,0.0,10.0,14.0,1.0,0.0,4.0,1.5,1.0,1.1547005383792515,1.3333333333333333,4.0,0.0,1.0,0.0625,0.0,0.25,0.0625,1.0,0.0,1.0,0.9375,1.0,0.25,0.0625,1.0,0.0,2.0,0.6875,0.5,0.7932002689527196,0.6291666666666667,2.0,0.0,0.0,0.0,0.0,0.0,0.0,0.0,0.0,0.0,0.0,0.0,0.0,0.0,0.0,0.0,0.0,0.0,0.0,0.0,0.0,0.0,0.0,1.0,0.0625,0.0,0.25,0.0625,1.0,0.0,1.0,0.1875,0.0,0.4031128874149275,0.1625,1.0,8.0,2.0,8.0,0.0,0.0,4.0,0.0,0.0,0.0,1.0,0.0,0.0,0.0,0.0,0.0
37,100,Twitter Aurora Q1'15 Sprint 5,-37,14,10,30,4,22,0,0,6,19,3,23,5,10,2,4,14.0,0.0,8.0,12.0,1.0,0.0,5.0,1.5714285714285714,1.0,1.6035674514745464,2.5714285714285716,5.0,0.0,0.0,0.0,0.0,0.0,0.0,0.0,0.0,1.0,0.8571428571428571,1.0,0.36313651960128146,0.13186813186813187,1.0,0.0,2.0,0.7857142857142857,1.0,0.699293206753068,0.4890109890109891,2.0,0.0,0.0,0.0,0.0,0.0,0.0,0.0,0.0,0.0,0.0,0.0,0.0,0.0,0.0,0.0,1.0,0.07142857142857142,0.0,0.26726124191242434,0.07142857142857141,1.0,0.0,0.0,0.0,0.0,0.0,0.0,0.0,0.0,2.0,0.42857142857142855,0.0,0.646206172658864,0.4175824175824176,2.0,6.0,2.0,8.0,0.0,0.0,4.0,0.0,0.0,0.0,1.0,0.0,0.0,0.0,0.0,0.0
37,105,Twitter Aurora Q1'15 Sprint 6,-5,13,6,24,0,0,0,0,4,14,0,0,2,10,2,3,6.0,0.0,4.0,6.0,0.0,0.0,5.0,2.0,1.5,1.7888543819998317,3.2,5.0,0.0,0.0,0.0,0.0,0.0,0.0,0.0,0.0,1.0,0.8333333333333334,1.0,0.408248290463863,0.16666666666666669,1.0,0.0,2.0,0.8333333333333334,1.0,0.752772652709081,0.5666666666666667,2.0,0.0,0.0,0.0,0.0,0.0,0.0,0.0,0.0,0.0,0.0,0.0,0.0,0.0,0.0,0.0,1.0,0.16666666666666666,0.0,0.408248290463863,0.16666666666666669,1.0,0.0,0.0,0.0,0.0,0.0,0.0,0.0,0.0,2.0,0.6666666666666666,0.5,0.816496580927726,0.6666666666666667,2.0,3.0,0.0,3.0,0.0,0.0,2.0,0.0,0.0,0.0,0.0,0.0,0.0,0.0,0.0,0.0
37,112,Twitter Aurora Q2'15 Sprint 1,-5,14,5,12,0,0,0,0,5,12,0,0,0,0,2,3,5.0,0.0,4.0,5.0,0.0,0.0,2.0,0.6,0.0,0.8944271909999159,0.7999999999999999,2.0,0.0,0.0,0.0,0.0,0.0,0.0,0.0,1.0,1.0,1.0,1.0,0.0,0.0,0.0,0.0,2.0,0.6,0.0,0.8944271909999159,0.8,2.0,0.0,0.0,0.0,0.0,0.0,0.0,0.0,0.0,0.0,0.0,0.0,0.0,0.0,0.0,0.0,0.0,0.0,0.0,0.0,0.0,0.0,0.0,0.0,0.0,0.0,0.0,0.0,0.0,0.0,0.0,0.0,0.0,0.0,0.0,0.0,4.0,0.0,1.0,0.0,0.0,1.0,0.0,0.0,0.0,0.0,0.0,0.0,0.0,0.0,0.0
37,117,Twitter Aurora Q2'15 Sprint 2,5,14,4,10,11,22,0,0,2,8,5,13,8,11,2,4,22.0,0.0,7.0,15.0,3.0,0.0,4.0,0.9545454545454546,1.0,0.9989171626493849,0.9978354978354977,4.0,0.0,0.0,0.0,0.0,0.0,0.0,0.0,1.0,1.0,1.0,1.0,0.0,0.0,0.0,0.0,2.0,0.45454545454545453,0.0,0.6709817063202619,0.4502164502164502,2.0,0.0,0.0,0.0,0.0,0.0,0.0,0.0,0.0,0.0,0.0,0.0,0.0,0.0,0.0,0.0,0.0,0.0,0.0,0.0,0.0,0.0,0.0,1.0,0.045454545454545456,0.0,0.21320071635561044,0.04545454545454546,1.0,0.0,2.0,0.22727272727272727,0.0,0.5284134548067253,0.27922077922077915,2.0,12.0,5.0,10.0,0.0,2.0,10.0,2.0,0.0,0.0,0.0,0.0,0.0,0.0,0.0,0.0
37,127,Twitter Aurora Q2'15 Sprint 3,1,14,7,18,2,6,0,0,1,1,5,19,3,4,2,4,12.0,0.0,6.0,10.0,2.0,0.0,8.0,2.0,1.0,2.335496832484569,5.454545454545454,8.0,0.0,0.0,0.0,0.0,0.0,0.0,0.0,0.0,1.0,0.9166666666666666,1.0,0.28867513459481287,0.08333333333333331,1.0,0.0,4.0,1.0,1.0,1.2792042981336627,1.6363636363636365,4.0,0.0,0.0,0.0,0.0,0.0,0.0,0.0,0.0,0.0,0.0,0.0,0.0,0.0,0.0,0.0,0.0,0.0,0.0,0.0,0.0,0.0,0.0,0.0,0.0,0.0,0.0,0.0,0.0,0.0,1.0,0.25,0.0,0.45226701686664544,0.20454545454545456,1.0,4.0,5.0,8.0,0.0,0.0,1.0,0.0,0.0,0.0,0.0,0.0,0.0,0.0,0.0,0.0
37,131,Twitter Aurora Q2'15 Sprint 4,0,13,4,13,0,0,0,0,2,6,1,5,1,2,2,2,5.0,0.0,3.0,4.0,1.0,0.0,1.0,0.6,1.0,0.5477225575051662,0.30000000000000004,1.0,0.0,0.0,0.0,0.0,0.0,0.0,0.0,1.0,1.0,1.0,1.0,0.0,0.0,0.0,0.0,0.0,0.0,0.0,0.0,0.0,0.0,0.0,0.0,0.0,0.0,0.0,0.0,0.0,0.0,0.0,0.0,0.0,0.0,0.0,0.0,0.0,0.0,0.0,0.0,0.0,0.0,0.0,0.0,0.0,0.0,0.0,0.0,0.0,0.0,0.0,1.0,0.2,0.0,0.44721359549995804,0.20000000000000007,1.0,2.0,2.0,3.0,0.0,0.0,0.0,0.0,0.0,0.0,0.0,0.0,0.0,0.0,0.0,0.0
37,139,Twitter Aurora Q2'15 Sprint 5,13,14,0,0,1,5,0,0,1,5,0,0,0,0,2,2,7.0,0.0,4.0,7.0,0.0,0.0,1.0,0.14285714285714285,0.0,0.3779644730092273,0.1428571428571429,1.0,0.0,0.0,0.0,0.0,0.0,0.0,0.0,1.0,1.0,1.0,1.0,0.0,0.0,0.0,0.0,2.0,0.42857142857142855,0.0,0.7867957924694431,0.619047619047619,2.0,0.0,0.0,0.0,0.0,0.0,0.0,0.0,0.0,0.0,0.0,0.0,0.0,0.0,0.0,0.0,0.0,0.0,0.0,0.0,0.0,0.0,0.0,0.0,0.0,0.0,0.0,0.0,0.0,0.0,4.0,0.5714285714285714,0.0,1.5118578920369092,2.2857142857142865,4.0,4.0,2.0,3.0,0.0,0.0,1.0,0.0,0.0,0.0,0.0,0.0,0.0,0.0,0.0,0.0
37,151,Twitter Aurora Q2'15 Sprint 6,0,14,4,13,5,11,0,0,1,1,4,9,4,14,2,4,10.0,0.0,5.0,9.0,0.0,0.0,4.0,1.8,1.5,1.4757295747452437,2.177777777777778,4.0,0.0,0.0,0.0,0.0,0.0,0.0,0.0,1.0,1.0,1.0,1.0,0.0,0.0,0.0,0.0,1.0,0.2,0.0,0.42163702135578396,0.17777777777777784,1.0,0.0,0.0,0.0,0.0,0.0,0.0,0.0,0.0,0.0,0.0,0.0,0.0,0.0,0.0,0.0,0.0,0.0,0.0,0.0,0.0,0.0,0.0,0.0,0.0,0.0,0.0,0.0,0.0,0.0,2.0,0.6,0.0,0.9660917830792958,0.9333333333333331,2.0,7.0,3.0,3.0,0.0,0.0,2.0,0.0,0.0,0.0,1.0,0.0,0.0,0.0,0.0,0.0
37,156,Twitter Aurora Q2'15 Sprint 7,0,14,4,12,5,16,0,0,3,10,1,5,5,13,2,3,12.0,0.0,0.0,9.0,1.0,0.0,7.0,1.8333333333333333,1.0,2.124888588879783,4.515151515151516,7.0,0.0,0.0,0.0,0.0,0.0,0.0,0.0,0.0,1.0,0.9166666666666666,1.0,0.28867513459481287,0.08333333333333331,1.0,0.0,2.0,0.5,0.0,0.674199862463242,0.45454545454545453,2.0,0.0,0.0,0.0,0.0,0.0,0.0,0.0,0.0,0.0,0.0,0.0,0.0,0.0,0.0,0.0,0.0,0.0,0.0,0.0,0.0,0.0,0.0,2.0,0.16666666666666666,0.0,0.5773502691896257,0.33333333333333326,2.0,0.0,1.0,0.08333333333333333,0.0,0.28867513459481287,0.08333333333333331,1.0,4.0,9.0,8.0,0.0,2.0,3.0,0.0,0.0,0.0,0.0,0.0,0.0,0.0,0.0,0.0
38,7,Q2 Sprint 1,-12,4,12,14,2,2,2,4,0,0,4,4,8,8,1,6,17.0,0.0,8.0,13.0,1.0,0.0,11.0,1.6470588235294117,1.0,2.6912166502947192,7.242647058823529,11.0,0.0,1.0,0.058823529411764705,0.0,0.242535625036333,0.05882352941176471,1.0,1.0,1.0,1.0,1.0,0.0,0.0,0.0,0.0,2.0,0.23529411764705882,0.0,0.562295714538387,0.3161764705882352,2.0,0.0,0.0,0.0,0.0,0.0,0.0,0.0,0.0,0.0,0.0,0.0,0.0,0.0,0.0,0.0,0.0,0.0,0.0,0.0,0.0,0.0,0.0,1.0,0.058823529411764705,0.0,0.242535625036333,0.05882352941176471,1.0,0.0,1.0,0.17647058823529413,0.0,0.3929526239966879,0.15441176470588236,1.0,13.0,4.0,4.0,0.0,1.0,5.0,1.0,0.0,0.0,1.0,0.0,0.0,0.0,0.0,0.0
38,11,Q2 Sprint 2,1,4,1,1,3,3,3,3,1,1,0,0,0,0,1,4,14.0,0.0,10.0,12.0,1.0,0.0,11.0,1.7142857142857142,1.0,2.9464077588342525,8.681318681318682,11.0,0.0,0.0,0.0,0.0,0.0,0.0,0.0,0.0,1.0,0.8571428571428571,1.0,0.36313651960128146,0.13186813186813187,1.0,0.0,3.0,0.5,0.0,0.9405399431259602,0.8846153846153846,3.0,0.0,0.0,0.0,0.0,0.0,0.0,0.0,0.0,0.0,0.0,0.0,0.0,0.0,0.0,0.0,2.0,0.2857142857142857,0.0,0.726273039202563,0.5274725274725276,2.0,0.0,0.0,0.0,0.0,0.0,0.0,0.0,0.0,1.0,0.35714285714285715,0.0,0.4972451580988468,0.24725274725274715,1.0,9.0,1.0,5.0,0.0,0.0,3.0,0.0,0.0,0.0,1.0,0.0,0.0,0.0,0.0,0.0
38,26,Aurora Q3 Sprint 2,-8,11,8,8,2,2,1,1,4,4,0,0,5,5,1,7,26.0,0.0,9.0,22.0,0.0,0.0,8.0,1.9230769230769231,1.0,2.2076789064187197,4.873846153846154,8.0,0.0,1.0,0.038461538461538464,0.0,0.19611613513818402,0.03846153846153846,1.0,1.0,1.0,1.0,1.0,0.0,0.0,0.0,0.0,4.0,0.5769230769230769,0.0,0.9454343731037887,0.893846153846154,4.0,0.0,0.0,0.0,0.0,0.0,0.0,0.0,0.0,0.0,0.0,0.0,0.0,0.0,0.0,0.0,1.0,0.19230769230769232,0.0,0.40191847623425025,0.16153846153846158,1.0,0.0,1.0,0.038461538461538464,0.0,0.19611613513818402,0.03846153846153846,1.0,0.0,1.0,0.038461538461538464,0.0,0.19611613513818402,0.03846153846153846,1.0,16.0,6.0,10.0,1.0,3.0,3.0,0.0,0.0,0.0,1.0,7.0,0.0,0.0,0.0,0.0
38,42,Aurora Q4 Sprint 1,-2,11,10,10,5,5,4,4,11,11,0,0,0,0,1,9,37.0,0.0,15.0,23.0,2.0,0.0,10.0,1.4864864864864864,1.0,2.352559145810055,5.5345345345345365,10.0,0.0,1.0,0.02702702702702703,0.0,0.1643989873053573,0.027027027027027025,1.0,0.0,1.0,0.9459459459459459,1.0,0.22924343513512563,0.052552552552552555,1.0,0.0,6.0,0.5945945945945946,0.0,1.1892915598853018,1.4144144144144142,6.0,0.0,0.0,0.0,0.0,0.0,0.0,0.0,0.0,0.0,0.0,0.0,0.0,0.0,0.0,0.0,1.0,0.02702702702702703,0.0,0.1643989873053573,0.027027027027027025,1.0,0.0,1.0,0.1891891891891892,0.0,0.39706127695565785,0.15765765765765763,1.0,0.0,3.0,0.16216216216216217,0.0,0.6015495506289251,0.3618618618618618,3.0,18.0,12.0,19.0,1.0,8.0,9.0,0.0,0.0,0.0,4.0,0.0,0.0,0.0,0.0,0.0
38,46,Twitter Aurora Q4 Sprint 2,-14,11,13,13,7,7,3,3,17,17,0,0,0,0,1,8,25.0,0.0,13.0,18.0,2.0,0.0,10.0,1.88,1.0,2.1855586623714007,4.776666666666667,10.0,0.0,1.0,0.04,0.0,0.2,0.04,1.0,1.0,1.0,1.0,1.0,0.0,0.0,0.0,0.0,2.0,0.4,0.0,0.7071067811865476,0.5000000000000001,2.0,0.0,0.0,0.0,0.0,0.0,0.0,0.0,0.0,0.0,0.0,0.0,0.0,0.0,0.0,0.0,1.0,0.04,0.0,0.2,0.04,1.0,0.0,1.0,0.08,0.0,0.27688746209726917,0.07666666666666667,1.0,0.0,3.0,0.32,0.0,0.8020806277010643,0.6433333333333332,3.0,18.0,8.0,7.0,0.0,3.0,4.0,0.0,0.0,0.0,2.0,0.0,0.0,0.0,0.0,0.0
38,52,Twitter Aurora Q4 Sprint 3,-13,10,16,16,3,3,3,3,2,2,7,7,7,7,1,7,25.0,0.0,6.0,18.0,1.0,0.0,13.0,1.4,1.0,2.598076211353316,6.75,13.0,0.0,0.0,0.0,0.0,0.0,0.0,0.0,0.0,1.0,0.92,1.0,0.27688746209726917,0.07666666666666667,1.0,0.0,3.0,0.56,0.0,0.8205689083394114,0.6733333333333333,3.0,0.0,0.0,0.0,0.0,0.0,0.0,0.0,0.0,0.0,0.0,0.0,0.0,0.0,0.0,0.0,0.0,0.0,0.0,0.0,0.0,0.0,0.0,1.0,0.04,0.0,0.2,0.04000000000000001,1.0,0.0,3.0,0.16,0.0,0.6244997998398399,0.3900000000000001,3.0,9.0,13.0,16.0,0.0,1.0,6.0,0.0,0.0,0.0,5.0,0.0,0.0,0.0,0.0,0.0
38,53,Twitter Aurora Q4 Sprint 4,-6,9,4,4,2,2,0,0,0,0,4,4,2,2,1,4,10.0,0.0,3.0,6.0,2.0,0.0,4.0,1.0,0.5,1.4142135623730951,2.0,4.0,0.0,0.0,0.0,0.0,0.0,0.0,0.0,1.0,1.0,1.0,1.0,0.0,0.0,0.0,0.0,2.0,0.2,0.0,0.6324555320336759,0.4000000000000001,2.0,0.0,0.0,0.0,0.0,0.0,0.0,0.0,0.0,0.0,0.0,0.0,0.0,0.0,0.0,0.0,0.0,0.0,0.0,0.0,0.0,0.0,0.0,0.0,0.0,0.0,0.0,0.0,0.0,0.0,0.0,0.0,0.0,0.0,0.0,0.0,3.0,6.0,7.0,0.0,2.0,1.0,0.0,0.0,0.0,0.0,0.0,0.0,0.0,0.0,0.0
38,59,Twitter Aurora Q4 Sprint 5,-6,12,4,4,14,14,9,9,9,9,0,0,0,0,1,8,25.0,0.0,15.0,18.0,5.0,0.0,7.0,1.16,1.0,1.6248076809271919,2.6399999999999992,7.0,0.0,2.0,0.16,0.0,0.4725815626252608,0.2233333333333333,2.0,0.0,1.0,0.92,1.0,0.27688746209726917,0.07666666666666666,1.0,0.0,6.0,0.76,0.0,1.451436070471816,2.1066666666666665,6.0,0.0,0.0,0.0,0.0,0.0,0.0,0.0,0.0,0.0,0.0,0.0,0.0,0.0,0.0,0.0,1.0,0.08,0.0,0.27688746209726917,0.07666666666666667,1.0,0.0,1.0,0.04,0.0,0.2,0.04000000000000001,1.0,0.0,2.0,0.2,0.0,0.5,0.25000000000000006,2.0,16.0,5.0,9.0,0.0,1.0,5.0,0.0,0.0,0.0,1.0,0.0,0.0,0.0,0.0,0.0
38,62,Twitter Aurora Q4 Sprint 6,-2,5,2,2,1,1,1,1,1,1,1,1,0,0,1,1,5.0,0.0,3.0,4.0,0.0,0.0,7.0,2.0,1.0,2.9154759474226504,8.5,7.0,0.0,1.0,0.4,0.0,0.5477225575051662,0.30000000000000004,1.0,0.0,1.0,0.8,1.0,0.44721359549995804,0.20000000000000007,1.0,0.0,2.0,0.8,1.0,0.8366600265340756,0.7000000000000001,2.0,0.0,0.0,0.0,0.0,0.0,0.0,0.0,0.0,0.0,0.0,0.0,0.0,0.0,0.0,0.0,0.0,0.0,0.0,0.0,0.0,0.0,0.0,1.0,0.2,0.0,0.44721359549995804,0.20000000000000007,1.0,0.0,0.0,0.0,0.0,0.0,0.0,0.0,2.0,2.0,3.0,0.0,1.0,0.0,0.0,0.0,0.0,0.0,0.0,0.0,0.0,0.0,0.0
38,73,Twitter Aurora Q1'15 Sprint 1,-26,11,10,32,4,4,2,2,6,24,5,9,1,1,1,4,15.0,0.0,4.0,9.0,1.0,0.0,2.0,0.7333333333333333,1.0,0.7037315505489968,0.49523809523809526,2.0,0.0,1.0,0.13333333333333333,0.0,0.3518657752744984,0.12380952380952381,1.0,0.0,1.0,0.9333333333333333,1.0,0.25819888974716115,0.06666666666666668,1.0,0.0,5.0,0.8666666666666667,0.0,1.3557637102737472,1.8380952380952373,5.0,0.0,0.0,0.0,0.0,0.0,0.0,0.0,0.0,0.0,0.0,0.0,0.0,0.0,0.0,0.0,0.0,0.0,0.0,0.0,0.0,0.0,0.0,1.0,0.06666666666666667,0.0,0.25819888974716115,0.06666666666666668,1.0,0.0,2.0,0.4666666666666667,0.0,0.6399404734221845,0.4095238095238097,2.0,9.0,9.0,6.0,0.0,2.0,2.0,0.0,0.0,0.0,3.0,0.0,0.0,0.0,0.0,0.0
38,76,Twitter Aurora Q1'15 Sprint 2,-11,13,4,11,2,13,2,13,0,0,2,9,2,9,1,5,11.0,0.0,4.0,11.0,0.0,0.0,3.0,0.6363636363636364,0.0,1.0269106361049412,1.0545454545454547,3.0,0.0,0.0,0.0,0.0,0.0,0.0,0.0,0.0,1.0,0.9090909090909091,1.0,0.30151134457776363,0.0909090909090909,1.0,0.0,5.0,1.0909090909090908,0.0,1.8140862964338524,3.2909090909090915,5.0,0.0,0.0,0.0,0.0,0.0,0.0,0.0,0.0,0.0,0.0,0.0,0.0,0.0,0.0,0.0,0.0,0.0,0.0,0.0,0.0,0.0,0.0,0.0,0.0,0.0,0.0,0.0,0.0,0.0,2.0,0.36363636363636365,0.0,0.6741998624632419,0.4545454545454543,2.0,7.0,3.0,4.0,0.0,0.0,4.0,0.0,0.0,0.0,0.0,0.0,0.0,0.0,0.0,0.0
38,85,Twitter Aurora Q1'15 Sprint 3,-20,12,9,26,1,3,1,3,6,19,2,4,1,3,1,5,15.0,0.0,4.0,12.0,0.0,0.0,3.0,0.4666666666666667,0.0,0.9154754164341269,0.8380952380952381,3.0,0.0,0.0,0.0,0.0,0.0,0.0,0.0,0.0,1.0,0.8,1.0,0.41403933560541256,0.17142857142857146,1.0,0.0,2.0,0.6,0.0,0.9102589898327995,0.8285714285714285,2.0,0.0,0.0,0.0,0.0,0.0,0.0,0.0,0.0,0.0,0.0,0.0,0.0,0.0,0.0,0.0,0.0,0.0,0.0,0.0,0.0,0.0,0.0,0.0,0.0,0.0,0.0,0.0,0.0,0.0,2.0,0.4666666666666667,0.0,0.6399404734221844,0.40952380952380957,2.0,7.0,6.0,8.0,0.0,3.0,5.0,0.0,0.0,0.0,0.0,0.0,0.0,0.0,0.0,0.0
38,92,Twitter Aurora Q1'15 Sprint 4,-18,14,8,24,3,3,3,3,8,24,0,0,0,0,1,4,12.0,0.0,6.0,11.0,0.0,0.0,4.0,1.5833333333333333,1.0,1.3113721705515067,1.7196969696969702,4.0,0.0,0.0,0.0,0.0,0.0,0.0,0.0,0.0,1.0,0.8333333333333334,1.0,0.38924947208076144,0.1515151515151515,1.0,0.0,2.0,0.5833333333333334,0.0,0.7929614610987591,0.6287878787878788,2.0,0.0,0.0,0.0,0.0,0.0,0.0,0.0,0.0,0.0,0.0,0.0,0.0,0.0,0.0,0.0,0.0,0.0,0.0,0.0,0.0,0.0,0.0,0.0,0.0,0.0,0.0,0.0,0.0,0.0,1.0,0.25,0.0,0.45226701686664544,0.20454545454545456,1.0,6.0,3.0,6.0,0.0,0.0,3.0,0.0,0.0,0.0,1.0,0.0,0.0,0.0,0.0,0.0
38,100,Twitter Aurora Q1'15 Sprint 5,-19,14,7,19,4,22,4,22,0,0,3,23,4,8,1,5,11.0,0.0,5.0,10.0,1.0,0.0,4.0,1.1818181818181819,1.0,1.3280197150781925,1.7636363636363637,4.0,0.0,0.0,0.0,0.0,0.0,0.0,0.0,0.0,1.0,0.7272727272727273,1.0,0.46709936649691375,0.21818181818181817,1.0,0.0,2.0,0.8181818181818182,1.0,0.7507571935295483,0.5636363636363636,2.0,0.0,0.0,0.0,0.0,0.0,0.0,0.0,0.0,0.0,0.0,0.0,0.0,0.0,0.0,0.0,0.0,0.0,0.0,0.0,0.0,0.0,0.0,0.0,0.0,0.0,0.0,0.0,0.0,0.0,2.0,0.45454545454545453,0.0,0.6875516509523286,0.47272727272727266,2.0,5.0,2.0,6.0,0.0,0.0,4.0,0.0,0.0,0.0,0.0,0.0,0.0,0.0,0.0,0.0
38,105,Twitter Aurora Q1'15 Sprint 6,-1,13,1,1,0,0,0,0,1,1,0,0,0,0,1,1,1.0,0.0,0.0,1.0,0.0,1.0,1.0,1.0,1.0,0.0,0.0,0.0,0.0,0.0,0.0,0.0,0.0,0.0,0.0,0.0,0.0,0.0,0.0,0.0,0.0,0.0,0.0,0.0,0.0,0.0,0.0,0.0,0.0,0.0,0.0,0.0,0.0,0.0,0.0,0.0,0.0,0.0,0.0,0.0,0.0,0.0,0.0,0.0,0.0,0.0,0.0,0.0,0.0,0.0,0.0,0.0,0.0,0.0,0.0,0.0,0.0,1.0,1.0,1.0,1.0,0.0,0.0,0.0,0.0,1.0,1.0,0.0,0.0,0.0,0.0,0.0,0.0,0.0,0.0,0.0,0.0,0.0,0.0
38,112,Twitter Aurora Q2'15 Sprint 1,-5,14,5,8,0,0,0,0,5,8,0,0,0,0,1,4,5.0,0.0,3.0,5.0,0.0,0.0,1.0,0.4,0.0,0.5477225575051662,0.30000000000000004,1.0,0.0,0.0,0.0,0.0,0.0,0.0,0.0,0.0,1.0,0.8,1.0,0.44721359549995804,0.20000000000000007,1.0,0.0,2.0,0.6,0.0,0.8944271909999159,0.8,2.0,0.0,0.0,0.0,0.0,0.0,0.0,0.0,0.0,0.0,0.0,0.0,0.0,0.0,0.0,0.0,0.0,0.0,0.0,0.0,0.0,0.0,0.0,0.0,0.0,0.0,0.0,0.0,0.0,0.0,1.0,0.2,0.0,0.44721359549995804,0.20000000000000007,1.0,4.0,1.0,1.0,0.0,0.0,1.0,0.0,0.0,0.0,0.0,0.0,0.0,0.0,0.0,0.0
38,117,Twitter Aurora Q2'15 Sprint 2,-11,14,4,9,11,22,8,15,7,16,0,0,0,0,1,5,22.0,0.0,6.0,15.0,3.0,0.0,4.0,0.9545454545454546,1.0,0.9989171626493849,0.9978354978354977,4.0,0.0,0.0,0.0,0.0,0.0,0.0,0.0,0.0,1.0,0.9545454545454546,1.0,0.21320071635561047,0.04545454545454547,1.0,0.0,2.0,0.36363636363636365,0.0,0.5810872031479765,0.3376623376623376,2.0,0.0,0.0,0.0,0.0,0.0,0.0,0.0,0.0,0.0,0.0,0.0,0.0,0.0,0.0,0.0,0.0,0.0,0.0,0.0,0.0,0.0,0.0,1.0,0.045454545454545456,0.0,0.21320071635561044,0.04545454545454546,1.0,0.0,2.0,0.2727272727272727,0.0,0.5504818825631804,0.30303030303030315,2.0,11.0,6.0,11.0,0.0,2.0,10.0,2.0,0.0,0.0,0.0,0.0,0.0,0.0,0.0,0.0
38,127,Twitter Aurora Q2'15 Sprint 3,-13,14,5,16,2,6,3,8,4,14,0,0,0,0,1,4,10.0,0.0,3.0,8.0,2.0,0.0,8.0,1.8,1.0,2.4855135843076335,6.177777777777779,8.0,0.0,0.0,0.0,0.0,0.0,0.0,0.0,0.0,1.0,0.8,1.0,0.42163702135578396,0.1777777777777778,1.0,0.0,4.0,0.7,0.0,1.2516655570345725,1.5666666666666667,4.0,0.0,0.0,0.0,0.0,0.0,0.0,0.0,0.0,0.0,0.0,0.0,0.0,0.0,0.0,0.0,0.0,0.0,0.0,0.0,0.0,0.0,0.0,0.0,0.0,0.0,0.0,0.0,0.0,0.0,1.0,0.3,0.0,0.4830458915396479,0.23333333333333328,1.0,3.0,6.0,7.0,0.0,0.0,1.0,0.0,0.0,0.0,0.0,0.0,0.0,0.0,0.0,0.0
38,131,Twitter Aurora Q2'15 Sprint 4,-7,13,3,7,0,0,0,0,2,2,1,5,0,0,1,3,4.0,0.0,2.0,3.0,1.0,0.0,1.0,0.5,0.5,0.5773502691896257,0.3333333333333333,1.0,0.0,0.0,0.0,0.0,0.0,0.0,0.0,0.0,1.0,0.75,1.0,0.5,0.25,1.0,0.0,0.0,0.0,0.0,0.0,0.0,0.0,0.0,0.0,0.0,0.0,0.0,0.0,0.0,0.0,0.0,0.0,0.0,0.0,0.0,0.0,0.0,0.0,0.0,0.0,0.0,0.0,0.0,0.0,0.0,0.0,0.0,0.0,0.0,0.0,0.0,1.0,0.25,0.0,0.5,0.25,1.0,2.0,2.0,2.0,0.0,0.0,0.0,0.0,0.0,0.0,0.0,0.0,0.0,0.0,0.0,0.0
38,151,Twitter Aurora Q2'15 Sprint 6,-9,14,2,7,5,11,4,9,3,9,0,0,0,0,1,4,8.0,0.0,5.0,7.0,0.0,0.0,4.0,1.625,1.5,1.407885953173359,1.9821428571428572,4.0,0.0,0.0,0.0,0.0,0.0,0.0,0.0,1.0,1.0,1.0,1.0,0.0,0.0,0.0,0.0,1.0,0.25,0.0,0.4629100498862757,0.21428571428571427,1.0,0.0,0.0,0.0,0.0,0.0,0.0,0.0,0.0,0.0,0.0,0.0,0.0,0.0,0.0,0.0,0.0,0.0,0.0,0.0,0.0,0.0,0.0,0.0,0.0,0.0,0.0,0.0,0.0,0.0,2.0,0.5,0.0,0.9258200997725514,0.8571428571428571,2.0,6.0,2.0,2.0,0.0,0.0,1.0,0.0,0.0,0.0,1.0,0.0,0.0,0.0,0.0,0.0
41,9,slider may 1,0,14,3,3,1,1,0,0,2,2,0,0,2,2,1,3,33.0,3.0,2.0,29.0,3.0,0.0,4.0,0.5151515151515151,0.0,1.0344446614371199,1.0700757575757576,4.0,0.0,1.0,0.15151515151515152,0.0,0.36410954062720957,0.13257575757575757,1.0,0.0,1.0,0.5757575757575758,1.0,0.5018903659106632,0.2518939393939394,1.0,0.0,2.0,0.24242424242424243,0.0,0.5607084263625252,0.31439393939393934,2.0,0.0,0.0,0.0,0.0,0.0,0.0,0.0,0.0,0.0,0.0,0.0,0.0,0.0,0.0,0.0,1.0,0.18181818181818182,0.0,0.3916747259003201,0.15340909090909088,1.0,0.0,1.0,0.030303030303030304,0.0,0.17407765595569785,0.03030303030303031,1.0,0.0,1.0,0.06060606060606061,0.0,0.24230584229877994,0.05871212121212121,1.0,25.0,1.0,8.0,0.0,0.0,0.0,0.0,0.0,0.0,1.0,25.0,0.0,1.0,1.0,0.0
41,14,slider may 2,-3,14,6,6,1,1,0,0,6,6,0,0,1,1,1,4,33.0,2.0,2.0,29.0,3.0,0.0,5.0,0.8484848484848485,0.0,1.4387757843304696,2.070075757575758,5.0,0.0,1.0,0.21212121212121213,0.0,0.41514875026728054,0.17234848484848486,1.0,0.0,1.0,0.5454545454545454,1.0,0.5056498968474316,0.2556818181818182,1.0,0.0,5.0,0.3333333333333333,0.0,0.9574271077563382,0.9166666666666669,5.0,0.0,0.0,0.0,0.0,0.0,0.0,0.0,0.0,0.0,0.0,0.0,0.0,0.0,0.0,0.0,1.0,0.36363636363636365,0.0,0.48850421045919723,0.23863636363636365,1.0,0.0,1.0,0.030303030303030304,0.0,0.17407765595569785,0.03030303030303031,1.0,0.0,1.0,0.06060606060606061,0.0,0.24230584229877994,0.05871212121212121,1.0,24.0,1.0,9.0,0.0,0.0,0.0,0.0,0.0,0.0,1.0,25.0,0.0,2.0,1.0,0.0
41,16,slider June 1,-8,14,9,9,0,0,0,0,8,8,0,0,1,1,1,4,30.0,3.0,2.0,28.0,1.0,0.0,13.0,1.6333333333333333,1.0,2.6714755490543802,7.136781609195402,13.0,0.0,1.0,0.3333333333333333,0.0,0.4794633014853841,0.2298850574712643,1.0,0.0,1.0,0.7666666666666667,1.0,0.4301830671520763,0.1850574712643678,1.0,0.0,5.0,0.7,0.0,1.2077336998093464,1.4586206896551723,5.0,0.0,0.0,0.0,0.0,0.0,0.0,0.0,0.0,0.0,0.0,0.0,0.0,0.0,0.0,0.0,3.0,0.8666666666666667,0.0,1.1366415543118709,1.2919540229885056,3.0,0.0,1.0,0.06666666666666667,0.0,0.2537081317024625,0.06436781609195404,1.0,0.0,2.0,0.06666666666666667,0.0,0.36514837167011066,0.13333333333333328,2.0,21.0,3.0,9.0,0.0,0.0,0.0,0.0,0.0,0.0,1.0,20.0,0.0,1.0,1.0,0.0
41,17,slider June 2,-1,14,15,15,1,1,1,1,10,10,2,2,3,3,1,3,67.0,4.0,3.0,63.0,2.0,0.0,14.0,1.0298507462686568,0.0,2.5641476181547795,6.574853007688828,14.0,0.0,1.0,0.6716417910447762,1.0,0.4731602234073838,0.22388059701492535,1.0,0.0,1.0,0.7611940298507462,1.0,0.42957174723720287,0.18453188602442333,1.0,0.0,14.0,0.8208955223880597,0.0,1.953438096794969,3.81592039800995,14.0,0.0,0.0,0.0,0.0,0.0,0.0,0.0,0.0,0.0,0.0,0.0,0.0,0.0,0.0,0.0,3.0,0.2537313432835821,0.0,0.7249510658948697,0.5255540479421077,3.0,0.0,1.0,0.014925373134328358,0.0,0.12216944435630518,0.01492537313432835,1.0,0.0,3.0,0.208955223880597,0.0,0.5650774533351619,0.3193125282677521,3.0,51.0,17.0,16.0,0.0,1.0,0.0,0.0,0.0,0.0,1.0,36.0,0.0,2.0,2.0,3.0
41,21,Slider July #1,-11,14,24,24,1,1,0,0,21,21,1,1,3,3,1,3,80.0,5.0,5.0,72.0,3.0,0.0,13.0,0.675,0.0,1.8403012961902445,3.386708860759494,13.0,0.0,1.0,0.8,1.0,0.4025236843413021,0.1620253164556962,1.0,0.0,1.0,0.8125,1.0,0.39277493797177815,0.15427215189873417,1.0,0.0,6.0,0.6375,0.0,1.1718615505557326,1.373259493670886,6.0,0.0,0.0,0.0,0.0,0.0,0.0,0.0,0.0,0.0,0.0,0.0,0.0,0.0,0.0,0.0,3.0,0.125,0.0,0.4320982073088173,0.18670886075949367,3.0,0.0,0.0,0.0,0.0,0.0,0.0,0.0,0.0,2.0,0.1,0.0,0.34125605665325803,0.11645569620253164,2.0,64.0,14.0,16.0,0.0,4.0,0.0,0.0,1.0,0.0,1.0,50.0,0.0,2.0,1.0,2.0
41,27,Slider August #1,-6,14,28,28,1,1,2,2,14,14,2,2,11,11,1,5,89.0,7.0,5.0,76.0,7.0,0.0,13.0,1.3258426966292134,0.0,2.807357544750111,7.88125638406537,13.0,0.0,1.0,0.7640449438202247,1.0,0.4269998911569044,0.18232890704800822,1.0,0.0,1.0,0.8202247191011236,1.0,0.386175824087028,0.14913176710929518,1.0,0.0,7.0,0.7415730337078652,0.0,1.3014684877933467,1.6938202247191008,7.0,0.0,0.0,0.0,0.0,0.0,0.0,0.0,0.0,0.0,0.0,0.0,0.0,0.0,0.0,0.0,5.0,0.16853932584269662,0.0,0.6947196140788772,0.4826353421859041,5.0,0.0,0.0,0.0,0.0,0.0,0.0,0.0,0.0,3.0,0.11235955056179775,0.0,0.4111569664647833,0.16905005107252294,3.0,69.0,18.0,20.0,0.0,3.0,0.0,0.0,0.0,1.0,3.0,50.0,0.0,5.0,0.0,3.0
41,28,Slider August #2,-10,13,45,45,1,1,9,9,21,21,0,0,16,16,1,6,104.0,9.0,7.0,91.0,7.0,0.0,20.0,1.9230769230769231,0.0,4.128264657383782,17.042569081404032,20.0,0.0,1.0,0.7884615384615384,1.0,0.41037697382074245,0.16840926064227035,1.0,0.0,1.0,0.8076923076923077,1.0,0.39602204206878633,0.15683345780433158,1.0,0.0,7.0,0.8173076923076923,0.0,1.3348533469277932,1.7818334578043316,7.0,0.0,0.0,0.0,0.0,0.0,0.0,0.0,0.0,0.0,0.0,0.0,0.0,0.0,0.0,0.0,7.0,0.34615384615384615,0.0,0.9113015419571137,0.830470500373413,7.0,0.0,1.0,0.009615384615384616,0.0,0.09805806756909202,0.009615384615384618,1.0,0.0,1.0,0.04807692307692308,0.0,0.2149647834019842,0.046209858103061975,1.0,78.0,25.0,26.0,0.0,3.0,0.0,1.0,0.0,0.0,2.0,50.0,0.0,8.0,0.0,5.0
41,32,Slider September #1,-10,11,31,31,1,1,0,0,29,29,0,0,3,3,1,5,90.0,9.0,5.0,78.0,8.0,0.0,23.0,1.5444444444444445,0.0,4.227149040870553,17.868789013732833,23.0,0.0,1.0,0.7555555555555555,1.0,0.43216494747112666,0.18676654182272165,1.0,0.0,1.0,0.8888888888888888,1.0,0.31603030875998483,0.09987515605493134,1.0,0.0,7.0,0.7444444444444445,0.0,1.2592231519143475,1.5856429463171038,7.0,0.0,0.0,0.0,0.0,0.0,0.0,0.0,0.0,0.0,0.0,0.0,0.0,0.0,0.0,0.0,7.0,0.26666666666666666,0.0,0.909376870244032,0.8269662921348311,7.0,0.0,0.0,0.0,0.0,0.0,0.0,0.0,0.0,1.0,0.06666666666666667,0.0,0.25084128112136317,0.06292134831460676,1.0,70.0,15.0,20.0,0.0,2.0,0.0,0.0,0.0,0.0,2.0,49.0,0.0,5.0,0.0,7.0
41,33,Slider October #1,-2,14,32,32,1,1,1,1,24,24,0,0,8,8,1,6,89.0,10.0,2.0,72.0,11.0,0.0,62.0,2.6179775280898876,0.0,7.789132315397011,60.67058222676201,62.0,0.0,1.0,0.797752808988764,1.0,0.4039513719861834,0.1631767109295199,1.0,0.0,1.0,0.9101123595505618,1.0,0.28764124744526687,0.08273748723186926,1.0,0.0,7.0,0.6067415730337079,0.0,1.1443336442116738,1.3094994892747698,7.0,0.0,0.0,0.0,0.0,0.0,0.0,0.0,0.0,0.0,0.0,0.0,0.0,0.0,0.0,0.0,7.0,0.24719101123595505,0.0,0.8295795604949601,0.6882022471910111,7.0,0.0,1.0,0.011235955056179775,0.0,0.10599978800063597,0.01123595505617977,1.0,0.0,2.0,0.07865168539325842,0.0,0.3098650403116725,0.09601634320735443,2.0,71.0,21.0,18.0,0.0,3.0,0.0,0.0,0.0,0.0,3.0,45.0,0.0,6.0,0.0,5.0
41,40,Slider October #2,16,14,59,59,8,8,4,4,42,42,3,3,18,18,1,9,128.0,10.0,5.0,109.0,7.0,0.0,62.0,2.109375,0.0,6.005554351670305,36.06668307086614,62.0,0.0,1.0,0.703125,1.0,0.4586762019853619,0.21038385826771652,1.0,0.0,1.0,0.9921875,1.0,0.08838834764831845,0.0078125,1.0,0.0,7.0,0.5078125,0.0,0.913555774730425,0.8345841535433071,7.0,0.0,0.0,0.0,0.0,0.0,0.0,0.0,0.0,0.0,0.0,0.0,0.0,0.0,0.0,0.0,7.0,0.2890625,0.0,0.9569665307339029,0.9157849409448819,7.0,0.0,2.0,0.046875,0.0,0.24653105089444233,0.06077755905511811,2.0,0.0,2.0,0.109375,0.0,0.3601044249247622,0.1296751968503937,2.0,84.0,77.0,44.0,0.0,10.0,0.0,0.0,1.0,0.0,2.0,26.0,0.0,3.0,3.0,3.0
41,41,Slider November #1,2,14,13,13,9,9,6,6,8,8,1,1,7,7,1,5,30.0,3.0,2.0,24.0,0.0,0.0,62.0,5.133333333333334,2.0,11.41606047555851,130.3264367816092,62.0,0.0,1.0,0.7,1.0,0.466091599699399,0.2172413793103448,1.0,0.0,2.0,1.0,1.0,0.2626128657194451,0.06896551724137931,2.0,0.0,7.0,0.5333333333333333,0.0,1.3578211078487255,1.8436781609195403,7.0,0.0,0.0,0.0,0.0,0.0,0.0,0.0,0.0,0.0,0.0,0.0,0.0,0.0,0.0,0.0,7.0,0.7333333333333333,0.0,1.529780992514115,2.3402298850574708,7.0,0.0,1.0,0.06666666666666667,0.0,0.2537081317024624,0.06436781609195402,1.0,0.0,1.0,0.16666666666666666,0.0,0.3790490217894517,0.14367816091954025,1.0,22.0,17.0,8.0,0.0,3.0,0.0,0.0,2.0,0.0,3.0,0.0,0.0,2.0,3.0,1.0
41,54,Slider November #2,5,14,5,5,1,1,0,0,4,4,0,0,2,2,1,2,53.0,8.0,2.0,45.0,5.0,0.0,86.0,5.69811320754717,2.0,14.466918370571662,209.29172714078382,86.0,0.0,1.0,0.8490566037735849,1.0,0.3614195524432012,0.13062409288824386,1.0,0.0,1.0,0.9245283018867925,1.0,0.26667876121581074,0.07111756168359941,1.0,0.0,7.0,0.5471698113207547,0.0,1.1695830574618833,1.3679245283018868,7.0,0.0,0.0,0.0,0.0,0.0,0.0,0.0,0.0,0.0,0.0,0.0,0.0,0.0,0.0,0.0,9.0,0.8679245283018868,0.0,1.494061782383547,2.232220609579101,9.0,0.0,1.0,0.018867924528301886,0.0,0.137360563948689,0.01886792452830188,1.0,0.0,2.0,0.1509433962264151,0.0,0.41120023267233474,0.16908563134978222,2.0,44.0,2.0,9.0,0.0,1.0,0.0,0.0,0.0,0.0,2.0,40.0,0.0,1.0,0.0,0.0
41,58,Slider December #1,-10,14,16,16,1,1,1,1,13,13,0,0,3,3,1,3,45.0,4.0,1.0,37.0,7.0,0.0,13.0,1.3777777777777778,0.0,2.9487199756758002,8.694949494949492,13.0,0.0,1.0,0.7777777777777778,1.0,0.4204374825912609,0.1767676767676768,1.0,0.0,1.0,0.7555555555555555,1.0,0.43461349368017665,0.18888888888888894,1.0,0.0,14.0,1.0,0.0,2.335496832484569,5.454545454545454,14.0,0.0,0.0,0.0,0.0,0.0,0.0,0.0,0.0,0.0,0.0,0.0,0.0,0.0,0.0,0.0,5.0,0.4444444444444444,0.0,1.0347497623614468,1.0707070707070707,5.0,0.0,0.0,0.0,0.0,0.0,0.0,0.0,0.0,5.0,0.2222222222222222,0.0,0.8226589066968623,0.6767676767676767,5.0,26.0,11.0,19.0,0.0,0.0,0.0,0.0,0.0,0.0,1.0,26.0,0.0,2.0,1.0,0.0
41,65,Slider Jan #1,2,14,1,1,3,3,3,3,1,1,0,0,0,0,1,1,9.0,4.0,2.0,6.0,1.0,0.0,15.0,3.888888888888889,3.0,4.85912657903775,23.611111111111107,15.0,1.0,1.0,1.0,1.0,0.0,0.0,0.0,0.0,2.0,1.1111111111111112,1.0,0.6009252125773316,0.36111111111111116,2.0,0.0,14.0,2.2222222222222223,1.0,4.521553322083513,20.444444444444446,14.0,0.0,0.0,0.0,0.0,0.0,0.0,0.0,0.0,0.0,0.0,0.0,0.0,0.0,0.0,0.0,5.0,0.8888888888888888,0.0,1.8333333333333333,3.3611111111111107,5.0,0.0,0.0,0.0,0.0,0.0,0.0,0.0,0.0,4.0,0.6666666666666666,0.0,1.3228756555322954,1.7500000000000002,4.0,8.0,2.0,1.0,0.0,0.0,0.0,0.0,0.0,0.0,2.0,0.0,0.0,1.0,0.0,0.0
41,66,Slider Jan #2,1,14,11,11,2,2,2,2,4,4,0,0,7,7,1,4,18.0,9.0,2.0,15.0,3.0,0.0,18.0,5.555555555555555,5.0,4.841271371936511,23.437908496732028,18.0,0.0,2.0,1.0,1.0,0.3429971702850177,0.11764705882352941,2.0,1.0,1.0,1.0,1.0,0.0,0.0,0.0,0.0,14.0,1.3888888888888888,0.5,3.2564666685533097,10.604575163398692,14.0,0.0,0.0,0.0,0.0,0.0,0.0,0.0,0.0,0.0,0.0,0.0,0.0,0.0,0.0,0.0,5.0,1.0,1.0,1.3284223283101428,1.7647058823529411,5.0,0.0,0.0,0.0,0.0,0.0,0.0,0.0,0.0,4.0,0.6111111111111112,0.0,1.0921586228732252,1.1928104575163396,4.0,10.0,6.0,8.0,0.0,0.0,0.0,0.0,0.0,0.0,0.0,0.0,0.0,1.0,0.0,0.0
41,67,Slider Feb #1,1,9,9,9,0,0,0,0,9,9,0,0,0,0,1,3,52.0,4.0,3.0,39.0,6.0,0.0,86.0,4.5,1.0,12.383575460119367,153.35294117647058,86.0,0.0,1.0,0.8846153846153846,1.0,0.3226025390322358,0.10407239819004523,1.0,0.0,1.0,0.9230769230769231,1.0,0.269069117598525,0.07239819004524886,1.0,0.0,14.0,0.8269230769230769,0.0,2.0361551025916365,4.145927601809957,14.0,0.0,0.0,0.0,0.0,0.0,0.0,0.0,0.0,0.0,0.0,0.0,0.0,0.0,0.0,0.0,5.0,0.6153846153846154,0.0,1.0874298923328642,1.1825037707390649,5.0,0.0,0.0,0.0,0.0,0.0,0.0,0.0,0.0,2.0,0.15384615384615385,0.0,0.41466335907271334,0.171945701357466,2.0,37.0,9.0,15.0,0.0,4.0,0.0,0.0,0.0,0.0,3.0,33.0,0.0,3.0,0.0,0.0
55,8,Q2'14 Sprint 1,0,9,0,0,0,0,0,0,0,0,0,0,0,0,2,1,4.0,3.0,1.0,2.0,1.0,0.0,6.0,2.75,2.5,2.753785273643051,7.583333333333333,6.0,0.0,0.0,0.0,0.0,0.0,0.0,0.0,0.0,0.0,0.0,0.0,0.0,0.0,0.0,0.0,2.0,0.75,0.5,0.9574271077563381,0.9166666666666666,2.0,0.0,0.0,0.0,0.0,0.0,0.0,0.0,0.0,0.0,0.0,0.0,0.0,0.0,0.0,0.0,1.0,0.25,0.0,0.5,0.25,1.0,0.0,1.0,0.25,0.0,0.5,0.25,1.0,0.0,0.0,0.0,0.0,0.0,0.0,0.0,1.0,0.0,3.0,0.0,0.0,0.0,1.0,0.0,0.0,0.0,0.0,0.0,0.0,0.0,0.0
55,12,Q2'14 Sprint 2,-3,13,2,3,0,0,0,0,2,3,0,0,0,0,2,1,2.0,0.0,0.0,1.0,1.0,0.0,0.0,0.0,0.0,0.0,0.0,0.0,0.0,1.0,0.5,0.5,0.7071067811865476,0.5,1.0,0.0,0.0,0.0,0.0,0.0,0.0,0.0,1.0,1.0,1.0,1.0,0.0,0.0,0.0,0.0,0.0,0.0,0.0,0.0,0.0,0.0,0.0,0.0,0.0,0.0,0.0,0.0,0.0,0.0,1.0,0.5,0.5,0.7071067811865476,0.5,1.0,0.0,0.0,0.0,0.0,0.0,0.0,0.0,0.0,0.0,0.0,0.0,0.0,0.0,0.0,0.0,2.0,2.0,0.0,0.0,0.0,0.0,0.0,0.0,0.0,0.0,0.0,0.0,0.0,0.0
55,13,Q2 Sprint 3,-8,12,1,8,0,0,0,0,1,8,0,0,0,0,2,1,2.0,1.0,0.0,1.0,1.0,0.0,0.0,0.0,0.0,0.0,0.0,0.0,0.0,0.0,0.0,0.0,0.0,0.0,0.0,0.0,0.0,0.0,0.0,0.0,0.0,0.0,0.0,0.0,0.0,0.0,0.0,0.0,0.0,0.0,0.0,0.0,0.0,0.0,0.0,0.0,0.0,0.0,0.0,0.0,0.0,0.0,0.0,0.0,0.0,0.0,0.0,0.0,0.0,0.0,0.0,0.0,0.0,0.0,0.0,0.0,0.0,0.0,0.0,0.0,0.0,0.0,0.0,0.0,1.0,1.0,1.0,0.0,0.0,0.0,0.0,0.0,0.0,0.0,0.0,0.0,0.0,0.0,0.0
55,20,Q2 Sprint 4,-1,12,3,10,1,1,3,10,0,0,1,1,0,0,2,2,4.0,1.0,0.0,3.0,1.0,0.0,3.0,1.25,1.0,1.5,2.25,3.0,0.0,0.0,0.0,0.0,0.0,0.0,0.0,0.0,0.0,0.0,0.0,0.0,0.0,0.0,0.0,2.0,0.75,0.5,0.9574271077563381,0.9166666666666666,2.0,0.0,0.0,0.0,0.0,0.0,0.0,0.0,0.0,0.0,0.0,0.0,0.0,0.0,0.0,0.0,2.0,1.0,1.0,1.1547005383792515,1.3333333333333333,2.0,0.0,0.0,0.0,0.0,0.0,0.0,0.0,0.0,0.0,0.0,0.0,0.0,0.0,0.0,3.0,2.0,1.0,0.0,0.0,1.0,0.0,0.0,0.0,0.0,0.0,0.0,0.0,0.0,0.0
55,22,Q2 Sprint 5,-1,4,4,4,0,0,3,3,1,1,0,0,0,0,2,3,4.0,0.0,0.0,4.0,0.0,0.0,0.0,0.0,0.0,0.0,0.0,0.0,0.0,0.0,0.0,0.0,0.0,0.0,0.0,0.0,0.0,0.0,0.0,0.0,0.0,0.0,0.0,1.0,0.25,0.0,0.5,0.25,1.0,0.0,0.0,0.0,0.0,0.0,0.0,0.0,0.0,0.0,0.0,0.0,0.0,0.0,0.0,0.0,9.0,2.25,0.0,4.5,20.25,9.0,0.0,0.0,0.0,0.0,0.0,0.0,0.0,0.0,0.0,0.0,0.0,0.0,0.0,0.0,0.0,4.0,4.0,0.0,0.0,0.0,0.0,0.0,0.0,0.0,0.0,0.0,0.0,0.0,0.0
55,24,Q3 Sprint 1,-8,9,4,4,2,4,0,0,6,8,0,0,0,0,2,3,6.0,1.0,0.0,6.0,0.0,0.0,3.0,1.1666666666666667,0.5,1.4719601443879746,2.166666666666667,3.0,0.0,1.0,0.3333333333333333,0.0,0.5163977794943223,0.2666666666666667,1.0,0.0,0.0,0.0,0.0,0.0,0.0,0.0,0.0,1.0,0.3333333333333333,0.0,0.5163977794943223,0.2666666666666667,1.0,0.0,0.0,0.0,0.0,0.0,0.0,0.0,0.0,0.0,0.0,0.0,0.0,0.0,0.0,0.0,9.0,2.1666666666666665,0.5,3.5449494589721118,12.566666666666666,9.0,0.0,0.0,0.0,0.0,0.0,0.0,0.0,0.0,0.0,0.0,0.0,0.0,0.0,0.0,0.0,4.0,6.0,0.0,0.0,0.0,0.0,1.0,0.0,0.0,0.0,0.0,0.0,0.0,0.0
55,25,Q3 Sprint 2,-4,9,3,5,0,0,0,0,0,0,3,5,0,0,2,2,3.0,1.0,0.0,3.0,0.0,0.0,4.0,1.6666666666666667,1.0,2.0816659994661326,4.333333333333333,4.0,0.0,1.0,0.3333333333333333,0.0,0.5773502691896258,0.33333333333333337,1.0,0.0,0.0,0.0,0.0,0.0,0.0,0.0,0.0,0.0,0.0,0.0,0.0,0.0,0.0,0.0,0.0,0.0,0.0,0.0,0.0,0.0,0.0,0.0,0.0,0.0,0.0,0.0,0.0,0.0,9.0,3.3333333333333335,1.0,4.932882862316247,24.333333333333332,9.0,0.0,0.0,0.0,0.0,0.0,0.0,0.0,0.0,0.0,0.0,0.0,0.0,0.0,0.0,0.0,2.0,3.0,0.0,0.0,0.0,0.0,0.0,0.0,0.0,0.0,0.0,0.0,0.0,0.0
55,26,Aurora Q3 Sprint 2,0,11,0,0,0,0,0,0,0,0,0,0,0,0,2,1,7.0,0.0,0.0,7.0,0.0,1.0,3.0,1.5714285714285714,1.0,0.7867957924694431,0.619047619047619,2.0,0.0,0.0,0.0,0.0,0.0,0.0,0.0,1.0,1.0,1.0,1.0,0.0,0.0,0.0,0.0,2.0,0.2857142857142857,0.0,0.7559289460184545,0.5714285714285715,2.0,0.0,0.0,0.0,0.0,0.0,0.0,0.0,0.0,0.0,0.0,0.0,0.0,0.0,0.0,0.0,1.0,0.7142857142857143,1.0,0.48795003647426655,0.23809523809523805,1.0,0.0,0.0,0.0,0.0,0.0,0.0,0.0,0.0,0.0,0.0,0.0,0.0,0.0,0.0,7.0,0.0,0.0,0.0,0.0,0.0,0.0,0.0,0.0,0.0,7.0,0.0,0.0,0.0,0.0
55,30,Q3 Sprint 3,-8,11,1,8,0,0,0,0,1,8,0,0,0,0,2,2,1.0,0.0,0.0,1.0,0.0,2.0,2.0,2.0,2.0,0.0,0.0,0.0,0.0,0.0,0.0,0.0,0.0,0.0,0.0,0.0,0.0,0.0,0.0,0.0,0.0,0.0,4.0,4.0,4.0,4.0,0.0,0.0,0.0,0.0,0.0,0.0,0.0,0.0,0.0,0.0,0.0,0.0,0.0,0.0,0.0,0.0,0.0,0.0,0.0,0.0,0.0,0.0,0.0,0.0,0.0,0.0,0.0,0.0,0.0,0.0,0.0,0.0,0.0,0.0,0.0,0.0,0.0,0.0,0.0,1.0,1.0,0.0,0.0,0.0,0.0,0.0,0.0,0.0,0.0,0.0,0.0,0.0,0.0
55,31,Q3 Sprint 4,-3,11,4,4,0,0,0,0,4,4,0,0,0,0,2,3,6.0,1.0,1.0,5.0,1.0,0.0,1.0,0.16666666666666666,0.0,0.408248290463863,0.16666666666666669,1.0,0.0,1.0,0.3333333333333333,0.0,0.5163977794943223,0.2666666666666667,1.0,0.0,0.0,0.0,0.0,0.0,0.0,0.0,0.0,2.0,0.5,0.0,0.8366600265340756,0.7,2.0,0.0,0.0,0.0,0.0,0.0,0.0,0.0,0.0,0.0,0.0,0.0,0.0,0.0,0.0,0.0,1.0,0.16666666666666666,0.0,0.408248290463863,0.16666666666666669,1.0,0.0,0.0,0.0,0.0,0.0,0.0,0.0,0.0,0.0,0.0,0.0,0.0,0.0,0.0,2.0,4.0,4.0,0.0,0.0,0.0,0.0,0.0,0.0,0.0,0.0,0.0,0.0,0.0,0.0
55,36,Mesos Q3 Sprint 5,-8,14,2,9,2,2,3,3,0,0,1,1,0,0,2,4,6.0,1.0,0.0,6.0,0.0,0.0,4.0,1.8333333333333333,1.5,1.4719601443879746,2.166666666666667,4.0,0.0,1.0,0.3333333333333333,0.0,0.5163977794943223,0.2666666666666667,1.0,0.0,0.0,0.0,0.0,0.0,0.0,0.0,0.0,8.0,2.0,0.0,3.3466401061363023,11.2,8.0,0.0,0.0,0.0,0.0,0.0,0.0,0.0,0.0,0.0,0.0,0.0,0.0,0.0,0.0,0.0,1.0,0.16666666666666666,0.0,0.408248290463863,0.16666666666666669,1.0,0.0,0.0,0.0,0.0,0.0,0.0,0.0,0.0,0.0,0.0,0.0,0.0,0.0,0.0,1.0,4.0,5.0,1.0,0.0,0.0,0.0,0.0,0.0,0.0,0.0,0.0,0.0,0.0,0.0
55,38,Mesos Q3 Sprint 6,-5,14,1,5,0,0,0,0,1,5,0,0,0,0,2,1,2.0,0.0,0.0,1.0,1.0,3.0,5.0,4.0,4.0,1.4142135623730951,2.0,2.0,1.0,1.0,1.0,1.0,0.0,0.0,0.0,0.0,0.0,0.0,0.0,0.0,0.0,0.0,1.0,2.0,1.5,1.5,0.7071067811865476,0.5,1.0,0.0,0.0,0.0,0.0,0.0,0.0,0.0,0.0,0.0,0.0,0.0,0.0,0.0,0.0,0.0,0.0,0.0,0.0,0.0,0.0,0.0,0.0,0.0,0.0,0.0,0.0,0.0,0.0,0.0,0.0,0.0,0.0,0.0,0.0,0.0,0.0,2.0,2.0,0.0,0.0,0.0,0.0,0.0,0.0,0.0,0.0,0.0,0.0,0.0,0.0
55,43,Twitter Q4 Sprint 1,-3,14,1,3,0,0,0,0,1,3,0,0,0,0,2,1,1.0,1.0,0.0,1.0,0.0,0.0,0.0,0.0,0.0,0.0,0.0,0.0,0.0,0.0,0.0,0.0,0.0,0.0,0.0,0.0,0.0,0.0,0.0,0.0,0.0,0.0,1.0,1.0,1.0,1.0,0.0,0.0,0.0,0.0,0.0,0.0,0.0,0.0,0.0,0.0,0.0,0.0,0.0,0.0,0.0,0.0,0.0,0.0,0.0,0.0,0.0,0.0,0.0,0.0,0.0,0.0,0.0,0.0,0.0,0.0,0.0,0.0,0.0,0.0,0.0,0.0,0.0,0.0,0.0,0.0,1.0,0.0,0.0,0.0,0.0,0.0,0.0,0.0,0.0,0.0,0.0,0.0,0.0
55,45,Mesosphere Q4 Sprint 1 10/31,-4,12,6,9,1,1,3,6,4,4,0,0,0,0,2,5,9.0,4.0,3.0,6.0,2.0,0.0,18.0,3.5555555555555554,2.0,5.592653911854172,31.277777777777775,18.0,0.0,1.0,0.1111111111111111,0.0,0.3333333333333333,0.1111111111111111,1.0,0.0,0.0,0.0,0.0,0.0,0.0,0.0,0.0,4.0,0.6666666666666666,0.0,1.3228756555322954,1.7500000000000002,4.0,0.0,0.0,0.0,0.0,0.0,0.0,0.0,0.0,0.0,0.0,0.0,0.0,0.0,0.0,0.0,0.0,0.0,0.0,0.0,0.0,0.0,0.0,1.0,0.1111111111111111,0.0,0.3333333333333333,0.1111111111111111,1.0,0.0,2.0,0.3333333333333333,0.0,0.7071067811865476,0.5,2.0,3.0,1.0,6.0,1.0,1.0,0.0,0.0,0.0,0.0,0.0,0.0,0.0,0.0,0.0,0.0
55,47,Mesosphere Q4 Sprint 2 - 11/14,-1,10,1,1,0,0,0,0,1,1,0,0,0,0,2,1,1.0,1.0,0.0,1.0,0.0,3.0,3.0,3.0,3.0,0.0,0.0,0.0,0.0,0.0,0.0,0.0,0.0,0.0,0.0,0.0,0.0,0.0,0.0,0.0,0.0,0.0,0.0,0.0,0.0,0.0,0.0,0.0,0.0,0.0,0.0,0.0,0.0,0.0,0.0,0.0,0.0,0.0,0.0,0.0,0.0,0.0,0.0,0.0,0.0,0.0,0.0,0.0,0.0,0.0,0.0,0.0,0.0,0.0,0.0,0.0,0.0,0.0,0.0,0.0,0.0,0.0,0.0,0.0,1.0,0.0,0.0,0.0,0.0,0.0,0.0,0.0,0.0,0.0,0.0,0.0,0.0,0.0,0.0
55,49,Twitter Mesos Q4 Sprint 2,0,14,0,0,1,2,1,2,0,0,0,0,0,0,2,2,2.0,1.0,0.0,2.0,0.0,0.0,4.0,2.0,2.0,2.8284271247461903,8.0,4.0,0.0,1.0,0.5,0.5,0.7071067811865476,0.5,1.0,0.0,0.0,0.0,0.0,0.0,0.0,0.0,1.0,1.0,1.0,1.0,0.0,0.0,0.0,0.0,0.0,0.0,0.0,0.0,0.0,0.0,0.0,0.0,0.0,0.0,0.0,0.0,0.0,0.0,0.0,0.0,0.0,0.0,0.0,0.0,0.0,0.0,0.0,0.0,0.0,0.0,0.0,0.0,0.0,0.0,0.0,0.0,0.0,0.0,0.0,1.0,2.0,0.0,0.0,0.0,0.0,0.0,0.0,0.0,0.0,0.0,0.0,0.0,0.0
55,51,Twitter Mesos Q4 Sprint 3,1,14,0,0,0,0,0,0,0,0,0,0,0,0,2,4,4.0,1.0,0.0,3.0,1.0,0.0,5.0,2.5,2.5,2.0816659994661326,4.333333333333333,5.0,0.0,1.0,0.25,0.0,0.5,0.25,1.0,0.0,0.0,0.0,0.0,0.0,0.0,0.0,1.0,3.0,1.5,1.0,1.0,1.0,2.0,0.0,0.0,0.0,0.0,0.0,0.0,0.0,0.0,0.0,0.0,0.0,0.0,0.0,0.0,0.0,0.0,0.0,0.0,0.0,0.0,0.0,0.0,0.0,0.0,0.0,0.0,0.0,0.0,0.0,1.0,0.25,0.0,0.5,0.25,1.0,0.0,2.0,4.0,0.0,0.0,1.0,0.0,0.0,0.0,0.0,0.0,0.0,0.0,0.0,0.0
55,55,Mesosphere Q4 Sprint 3 - 12/7,-7,18,5,21,0,0,0,0,3,15,2,6,0,0,2,2,7.0,4.0,3.0,5.0,1.0,0.0,13.0,2.5714285714285716,1.0,4.720774754816659,22.28571428571429,13.0,0.0,0.0,0.0,0.0,0.0,0.0,0.0,0.0,1.0,0.2857142857142857,0.0,0.48795003647426666,0.23809523809523814,1.0,0.0,2.0,0.7142857142857143,0.0,0.9511897312113418,0.9047619047619047,2.0,0.0,0.0,0.0,0.0,0.0,0.0,0.0,0.0,0.0,0.0,0.0,0.0,0.0,0.0,0.0,0.0,0.0,0.0,0.0,0.0,0.0,0.0,0.0,0.0,0.0,0.0,0.0,0.0,0.0,2.0,0.5714285714285714,0.0,0.7867957924694431,0.619047619047619,2.0,3.0,0.0,4.0,0.0,1.0,0.0,0.0,0.0,0.0,0.0,0.0,0.0,0.0,0.0,0.0
55,56,Twitter Mesos Q4 Sprint 4,0,14,1,3,0,0,1,3,0,0,0,0,0,0,2,1,1.0,1.0,0.0,1.0,0.0,2.0,2.0,2.0,2.0,0.0,0.0,0.0,0.0,0.0,0.0,0.0,0.0,0.0,0.0,0.0,0.0,0.0,0.0,0.0,0.0,0.0,1.0,1.0,1.0,1.0,0.0,0.0,0.0,0.0,0.0,0.0,0.0,0.0,0.0,0.0,0.0,0.0,0.0,0.0,0.0,0.0,0.0,0.0,0.0,0.0,0.0,0.0,0.0,0.0,0.0,0.0,0.0,0.0,0.0,0.0,0.0,0.0,0.0,0.0,0.0,0.0,0.0,0.0,0.0,0.0,1.0,0.0,0.0,0.0,0.0,0.0,0.0,0.0,0.0,0.0,0.0,0.0,0.0
55,69,Mesosphere Q1 Sprint 1 - 1/23,-1,8,3,15,0,0,0,0,3,15,0,0,0,0,2,2,3.0,2.0,1.0,2.0,0.0,0.0,13.0,5.333333333333333,3.0,6.8068592855540455,46.333333333333336,13.0,0.0,0.0,0.0,0.0,0.0,0.0,0.0,0.0,1.0,0.3333333333333333,0.0,0.5773502691896258,0.33333333333333337,1.0,0.0,2.0,0.6666666666666666,0.0,1.1547005383792517,1.3333333333333335,2.0,0.0,0.0,0.0,0.0,0.0,0.0,0.0,0.0,0.0,0.0,0.0,0.0,0.0,0.0,0.0,0.0,0.0,0.0,0.0,0.0,0.0,0.0,0.0,0.0,0.0,0.0,0.0,0.0,0.0,2.0,0.6666666666666666,0.0,1.1547005383792517,1.3333333333333335,2.0,1.0,0.0,2.0,0.0,1.0,0.0,0.0,0.0,0.0,0.0,0.0,0.0,0.0,0.0,0.0
55,74,Mesosphere Q1 Sprint 2 - 2/6,-1,14,2,14,1,1,0,0,3,15,0,0,0,0,2,3,3.0,1.0,2.0,2.0,0.0,0.0,3.0,1.3333333333333333,1.0,1.5275252316519468,2.3333333333333335,3.0,0.0,0.0,0.0,0.0,0.0,0.0,0.0,0.0,1.0,0.3333333333333333,0.0,0.5773502691896258,0.33333333333333337,1.0,0.0,1.0,0.3333333333333333,0.0,0.5773502691896258,0.33333333333333337,1.0,0.0,0.0,0.0,0.0,0.0,0.0,0.0,0.0,0.0,0.0,0.0,0.0,0.0,0.0,0.0,0.0,0.0,0.0,0.0,0.0,0.0,0.0,0.0,0.0,0.0,0.0,0.0,0.0,0.0,0.0,0.0,0.0,0.0,0.0,0.0,2.0,0.0,1.0,0.0,1.0,0.0,0.0,0.0,0.0,0.0,0.0,0.0,0.0,0.0,0.0
55,75,Mesosphere Q1 Sprint 3 - 2/20,-13,14,3,15,0,0,1,1,2,14,0,0,0,0,2,3,4.0,2.0,2.0,3.0,0.0,0.0,3.0,1.0,0.5,1.4142135623730951,2.0,3.0,0.0,0.0,0.0,0.0,0.0,0.0,0.0,0.0,1.0,0.25,0.0,0.5,0.25,1.0,0.0,1.0,0.25,0.0,0.5,0.25,1.0,0.0,0.0,0.0,0.0,0.0,0.0,0.0,0.0,0.0,0.0,0.0,0.0,0.0,0.0,0.0,0.0,0.0,0.0,0.0,0.0,0.0,0.0,0.0,0.0,0.0,0.0,0.0,0.0,0.0,0.0,0.0,0.0,0.0,0.0,0.0,2.0,0.0,2.0,0.0,1.0,0.0,0.0,0.0,0.0,0.0,0.0,0.0,0.0,0.0,0.0
55,80,Twitter Mesos Q1 Sprint 2,-11,14,4,14,0,0,1,3,2,3,1,8,0,0,2,3,4.0,1.0,1.0,3.0,1.0,0.0,6.0,2.0,1.0,2.8284271247461903,8.0,6.0,0.0,1.0,0.25,0.0,0.5,0.25,1.0,0.0,1.0,0.25,0.0,0.5,0.25,1.0,0.0,1.0,0.5,0.5,0.5773502691896257,0.3333333333333333,1.0,0.0,0.0,0.0,0.0,0.0,0.0,0.0,0.0,0.0,0.0,0.0,0.0,0.0,0.0,0.0,0.0,0.0,0.0,0.0,0.0,0.0,0.0,0.0,0.0,0.0,0.0,0.0,0.0,0.0,0.0,0.0,0.0,0.0,0.0,0.0,1.0,1.0,3.0,0.0,0.0,1.0,0.0,0.0,0.0,0.0,0.0,0.0,0.0,0.0,0.0
55,81,Mesosphere Q1 Sprint 4 - 3/6,2,14,1,1,0,0,0,0,1,1,0,0,0,0,2,3,3.0,0.0,2.0,1.0,1.0,2.0,16.0,7.333333333333333,4.0,7.571877794400366,57.33333333333334,14.0,0.0,0.0,0.0,0.0,0.0,0.0,0.0,0.0,0.0,0.0,0.0,0.0,0.0,0.0,0.0,1.0,0.6666666666666666,1.0,0.5773502691896258,0.33333333333333337,1.0,0.0,0.0,0.0,0.0,0.0,0.0,0.0,0.0,0.0,0.0,0.0,0.0,0.0,0.0,0.0,0.0,0.0,0.0,0.0,0.0,0.0,0.0,0.0,0.0,0.0,0.0,0.0,0.0,0.0,1.0,0.3333333333333333,0.0,0.5773502691896258,0.33333333333333337,1.0,2.0,1.0,1.0,0.0,1.0,0.0,0.0,0.0,0.0,0.0,0.0,0.0,0.0,0.0,0.0
55,87,Twitter Mesos Q1 Sprint 3,-2,13,1,2,0,0,0,0,0,0,1,5,0,0,2,1,4.0,2.0,1.0,4.0,0.0,0.0,4.0,1.0,0.0,2.0,4.0,4.0,0.0,2.0,1.0,1.0,1.1547005383792515,1.3333333333333333,2.0,0.0,1.0,0.5,0.5,0.5773502691896257,0.3333333333333333,1.0,0.0,2.0,0.5,0.0,1.0,1.0,2.0,0.0,0.0,0.0,0.0,0.0,0.0,0.0,0.0,0.0,0.0,0.0,0.0,0.0,0.0,0.0,0.0,0.0,0.0,0.0,0.0,0.0,0.0,0.0,0.0,0.0,0.0,0.0,0.0,0.0,0.0,0.0,0.0,0.0,0.0,0.0,1.0,1.0,3.0,0.0,0.0,0.0,0.0,0.0,0.0,0.0,0.0,0.0,0.0,0.0,0.0
55,95,Mesosphere Q1 Sprint 5 - 3/20,-5,11,3,4,3,4,0,0,5,7,1,1,0,0,2,4,6.0,0.0,2.0,2.0,1.0,0.0,16.0,6.166666666666667,5.5,5.671566509057851,32.166666666666664,16.0,0.0,0.0,0.0,0.0,0.0,0.0,0.0,0.0,1.0,0.16666666666666666,0.0,0.408248290463863,0.16666666666666669,1.0,0.0,1.0,0.5,0.5,0.5477225575051661,0.3,1.0,0.0,0.0,0.0,0.0,0.0,0.0,0.0,0.0,0.0,0.0,0.0,0.0,0.0,0.0,0.0,0.0,0.0,0.0,0.0,0.0,0.0,0.0,0.0,0.0,0.0,0.0,0.0,0.0,0.0,5.0,1.0,0.0,2.0,4.0,5.0,4.0,1.0,2.0,1.0,2.0,0.0,1.0,2.0,0.0,0.0,0.0,0.0,0.0,0.0,0.0
55,102,Mesosphere Q1 Sprint 6 - 4/3,-1,14,3,4,0,0,1,1,1,2,1,1,0,0,2,2,3.0,0.0,1.0,2.0,0.0,1.0,4.0,2.3333333333333335,2.0,1.5275252316519465,2.333333333333333,3.0,0.0,0.0,0.0,0.0,0.0,0.0,0.0,0.0,0.0,0.0,0.0,0.0,0.0,0.0,0.0,4.0,1.6666666666666667,1.0,2.0816659994661326,4.333333333333333,4.0,0.0,0.0,0.0,0.0,0.0,0.0,0.0,0.0,0.0,0.0,0.0,0.0,0.0,0.0,0.0,0.0,0.0,0.0,0.0,0.0,0.0,0.0,1.0,0.3333333333333333,0.0,0.5773502691896258,0.33333333333333337,1.0,0.0,1.0,0.3333333333333333,0.0,0.5773502691896258,0.33333333333333337,1.0,1.0,1.0,2.0,0.0,1.0,1.0,0.0,0.0,0.0,0.0,0.0,0.0,0.0,0.0,0.0
55,106,Mesosphere Q1 Sprint 7 - 4/17,-3,14,3,5,1,1,1,1,2,4,1,1,0,0,2,3,4.0,0.0,0.0,2.0,0.0,0.0,6.0,2.5,2.0,3.0,9.0,6.0,0.0,1.0,0.25,0.0,0.5,0.25,1.0,0.0,0.0,0.0,0.0,0.0,0.0,0.0,0.0,8.0,2.0,0.0,4.0,16.0,8.0,0.0,0.0,0.0,0.0,0.0,0.0,0.0,0.0,0.0,0.0,0.0,0.0,0.0,0.0,0.0,0.0,0.0,0.0,0.0,0.0,0.0,0.0,1.0,0.25,0.0,0.5,0.25,1.0,0.0,1.0,0.25,0.0,0.5,0.25,1.0,2.0,1.0,2.0,1.0,1.0,0.0,1.0,2.0,0.0,0.0,0.0,0.0,0.0,0.0,0.0
55,108,Mesosphere Q2 Sprint 8 - 5/1,-2,14,1,2,0,0,0,0,0,0,1,2,0,0,2,2,1.0,0.0,0.0,0.0,0.0,6.0,6.0,6.0,6.0,0.0,0.0,0.0,0.0,0.0,0.0,0.0,0.0,0.0,0.0,0.0,0.0,0.0,0.0,0.0,0.0,0.0,0.0,0.0,0.0,0.0,0.0,0.0,0.0,0.0,0.0,0.0,0.0,0.0,0.0,0.0,0.0,0.0,0.0,0.0,0.0,0.0,0.0,0.0,0.0,0.0,0.0,0.0,0.0,0.0,0.0,0.0,0.0,0.0,0.0,0.0,0.0,6.0,6.0,6.0,6.0,0.0,0.0,0.0,0.0,1.0,1.0,0.0,1.0,0.0,0.0,0.0,0.0,0.0,0.0,0.0,0.0,0.0,0.0
55,115,Mesosphere Q1 Sprint 9 - 5/15,8,14,0,0,0,0,0,0,0,0,0,0,0,0,2,1,1.0,0.0,0.0,1.0,0.0,0.0,0.0,0.0,0.0,0.0,0.0,0.0,0.0,0.0,0.0,0.0,0.0,0.0,0.0,0.0,0.0,0.0,0.0,0.0,0.0,0.0,3.0,3.0,3.0,3.0,0.0,0.0,0.0,0.0,0.0,0.0,0.0,0.0,0.0,0.0,0.0,0.0,0.0,0.0,0.0,0.0,0.0,0.0,0.0,0.0,0.0,0.0,0.0,0.0,0.0,0.0,0.0,0.0,0.0,0.0,0.0,0.0,0.0,0.0,0.0,0.0,0.0,0.0,1.0,0.0,0.0,0.0,0.0,1.0,0.0,0.0,0.0,0.0,0.0,0.0,0.0,0.0,0.0
55,118,Twitter Q2 Sprint 2,0,14,0,0,1,1,1,1,0,0,0,0,0,0,2,1,2.0,0.0,1.0,1.0,1.0,0.0,0.0,0.0,0.0,0.0,0.0,0.0,0.0,1.0,0.5,0.5,0.7071067811865476,0.5,1.0,0.0,0.0,0.0,0.0,0.0,0.0,0.0,0.0,0.0,0.0,0.0,0.0,0.0,0.0,0.0,0.0,0.0,0.0,0.0,0.0,0.0,0.0,0.0,0.0,0.0,0.0,0.0,0.0,0.0,0.0,0.0,0.0,0.0,0.0,0.0,0.0,0.0,0.0,0.0,0.0,0.0,0.0,0.0,0.0,0.0,0.0,0.0,0.0,0.0,2.0,0.0,0.0,1.0,0.0,0.0,0.0,0.0,0.0,0.0,0.0,0.0,0.0,0.0,0.0
55,130,Mesosphere Sprint 10,8,10,1,2,0,0,0,0,0,0,0,0,1,3,2,3,3.0,0.0,0.0,3.0,0.0,0.0,5.0,1.6666666666666667,0.0,2.8867513459481287,8.333333333333332,5.0,0.0,1.0,0.3333333333333333,0.0,0.5773502691896258,0.33333333333333337,1.0,0.0,0.0,0.0,0.0,0.0,0.0,0.0,0.0,3.0,1.0,0.0,1.7320508075688772,3.0,3.0,0.0,0.0,0.0,0.0,0.0,0.0,0.0,0.0,0.0,0.0,0.0,0.0,0.0,0.0,0.0,0.0,0.0,0.0,0.0,0.0,0.0,0.0,0.0,0.0,0.0,0.0,0.0,0.0,0.0,0.0,0.0,0.0,0.0,0.0,0.0,2.0,1.0,1.0,0.0,0.0,1.0,0.0,1.0,0.0,0.0,0.0,0.0,0.0,0.0,0.0
55,132,Twitter Q2 Sprint 3,9,13,0,0,0,0,0,0,0,0,0,0,0,0,2,3,6.0,6.0,0.0,6.0,0.0,0.0,2.0,0.8333333333333334,0.5,0.983192080250175,0.9666666666666666,2.0,0.0,1.0,0.5,0.5,0.5477225575051661,0.3,1.0,0.0,1.0,0.16666666666666666,0.0,0.408248290463863,0.16666666666666669,1.0,0.0,0.0,0.0,0.0,0.0,0.0,0.0,0.0,0.0,0.0,0.0,0.0,0.0,0.0,0.0,0.0,0.0,0.0,0.0,0.0,0.0,0.0,0.0,0.0,0.0,0.0,0.0,0.0,0.0,0.0,0.0,0.0,0.0,0.0,0.0,0.0,4.0,0.6666666666666666,0.0,1.632993161855452,2.666666666666667,4.0,2.0,0.0,4.0,0.0,0.0,0.0,0.0,0.0,0.0,0.0,0.0,0.0,0.0,0.0,0.0
55,134,Mesosphere Sprint 11,-3,13,0,0,4,18,0,0,4,18,0,0,0,0,2,4,4.0,0.0,1.0,3.0,0.0,0.0,6.0,2.5,2.0,2.6457513110645907,7.0,6.0,0.0,1.0,0.25,0.0,0.5,0.25,1.0,0.0,0.0,0.0,0.0,0.0,0.0,0.0,0.0,3.0,1.5,1.5,1.7320508075688772,3.0,3.0,0.0,0.0,0.0,0.0,0.0,0.0,0.0,0.0,0.0,0.0,0.0,0.0,0.0,0.0,0.0,0.0,0.0,0.0,0.0,0.0,0.0,0.0,0.0,0.0,0.0,0.0,0.0,0.0,0.0,3.0,1.0,0.5,1.4142135623730951,2.0,3.0,3.0,1.0,1.0,0.0,1.0,1.0,0.0,1.0,0.0,0.0,0.0,0.0,0.0,0.0,0.0
55,141,Twitter Mesos Q2 Sprint 5,1,14,1,5,1,3,1,3,1,5,0,0,0,0,2,2,4.0,3.0,0.0,2.0,2.0,0.0,5.0,1.75,1.0,2.362907813126304,5.583333333333333,5.0,0.0,1.0,0.5,0.5,0.5773502691896257,0.3333333333333333,1.0,0.0,0.0,0.0,0.0,0.0,0.0,0.0,0.0,0.0,0.0,0.0,0.0,0.0,0.0,0.0,0.0,0.0,0.0,0.0,0.0,0.0,0.0,0.0,0.0,0.0,0.0,0.0,0.0,0.0,0.0,0.0,0.0,0.0,0.0,0.0,0.0,0.0,0.0,0.0,0.0,0.0,0.0,0.0,1.0,0.25,0.0,0.5,0.25,1.0,3.0,1.0,1.0,0.0,0.0,0.0,0.0,0.0,0.0,0.0,0.0,0.0,0.0,0.0,0.0
55,142,Mesosphere Sprint 12,1,14,0,0,8,25,8,25,0,0,0,0,0,0,2,4,12.0,2.0,1.0,10.0,0.0,0.0,13.0,3.1666666666666665,1.0,4.19595765065147,17.606060606060606,13.0,0.0,1.0,0.25,0.0,0.45226701686664544,0.20454545454545456,1.0,0.0,1.0,0.25,0.0,0.45226701686664544,0.20454545454545456,1.0,0.0,3.0,1.0833333333333333,1.0,1.164500152881315,1.356060606060606,3.0,0.0,0.0,0.0,0.0,0.0,0.0,0.0,0.0,0.0,0.0,0.0,0.0,0.0,0.0,0.0,0.0,0.0,0.0,0.0,0.0,0.0,0.0,0.0,0.0,0.0,0.0,0.0,0.0,0.0,5.0,1.0,0.0,1.7056057308448835,2.909090909090909,5.0,8.0,5.0,4.0,1.0,2.0,2.0,0.0,1.0,0.0,0.0,0.0,0.0,0.0,0.0,0.0
55,143,Mesosphere Sprint 13,-15,14,3,24,3,14,4,22,2,16,0,0,0,0,2,12,33.0,11.0,8.0,27.0,2.0,0.0,14.0,1.3636363636363635,0.0,3.100586454791474,9.613636363636362,14.0,0.0,1.0,0.12121212121212122,0.0,0.33143398263980844,0.10984848484848483,1.0,0.0,1.0,0.45454545454545453,0.0,0.5056498968474316,0.2556818181818181,1.0,0.0,5.0,0.5757575757575758,0.0,1.0316946929174053,1.0643939393939394,5.0,0.0,0.0,0.0,0.0,0.0,0.0,0.0,0.0,0.0,0.0,0.0,0.0,0.0,0.0,0.0,0.0,0.0,0.0,0.0,0.0,0.0,0.0,1.0,0.09090909090909091,0.0,0.2919371040605711,0.08522727272727272,1.0,0.0,6.0,0.3939393939393939,0.0,1.1709876691119,1.371212121212121,6.0,20.0,9.0,13.0,1.0,3.0,2.0,0.0,2.0,0.0,1.0,0.0,0.0,0.0,0.0,0.0
55,150,Twitter Mesos Q2 Sprint 6,1,14,2,11,4,14,1,8,5,17,0,0,0,0,2,7,14.0,4.0,6.0,12.0,1.0,0.0,9.0,1.6428571428571428,1.0,2.468482650011256,6.093406593406594,9.0,0.0,1.0,0.07142857142857142,0.0,0.2672612419124244,0.07142857142857142,1.0,0.0,1.0,0.5,0.5,0.5188745216627708,0.2692307692307692,1.0,0.0,4.0,1.1428571428571428,1.0,1.292412345317728,1.6703296703296706,4.0,0.0,0.0,0.0,0.0,0.0,0.0,0.0,0.0,0.0,0.0,0.0,0.0,0.0,0.0,0.0,7.0,0.5714285714285714,0.0,1.869359648250035,3.4945054945054945,7.0,0.0,0.0,0.0,0.0,0.0,0.0,0.0,0.0,3.0,0.5714285714285714,0.0,0.9376144618769909,0.8791208791208793,3.0,10.0,3.0,4.0,0.0,1.0,1.0,0.0,0.0,0.0,0.0,0.0,0.0,0.0,0.0,0.0
55,154,Mesosphere Sprint 14,-1,14,0,0,16,73,12,66,4,7,0,0,0,0,2,14,38.0,11.0,12.0,27.0,3.0,0.0,13.0,2.4210526315789473,0.5,3.523140329441737,12.412517780938831,13.0,0.0,2.0,0.18421052631578946,0.0,0.4565003867790751,0.2083926031294452,2.0,0.0,1.0,0.15789473684210525,0.0,0.36953702147663203,0.1365576102418208,1.0,0.0,6.0,0.6842105263157895,0.0,1.377527419806457,1.8975817923186349,6.0,0.0,0.0,0.0,0.0,0.0,0.0,0.0,0.0,0.0,0.0,0.0,0.0,0.0,0.0,0.0,3.0,0.34210526315789475,0.0,0.7453029780973237,0.5554765291607399,3.0,0.0,1.0,0.05263157894736842,0.0,0.22629428592141426,0.05120910384068279,1.0,0.0,3.0,0.47368421052631576,0.0,0.8297457150451855,0.6884779516358461,3.0,19.0,10.0,19.0,1.0,4.0,2.0,0.0,1.0,1.0,4.0,0.0,0.0,0.0,0.0,0.0
55,155,Twitter Mesos Q3 Sprint 1,-19,14,5,20,1,8,0,0,6,28,0,0,0,0,2,3,11.0,1.0,7.0,10.0,0.0,0.0,5.0,1.7272727272727273,1.0,1.8488325554743508,3.418181818181818,5.0,0.0,1.0,0.09090909090909091,0.0,0.30151134457776363,0.0909090909090909,1.0,0.0,1.0,0.5454545454545454,1.0,0.5222329678670935,0.2727272727272727,1.0,0.0,4.0,1.3636363636363635,1.0,1.3618169680781096,1.8545454545454547,4.0,0.0,0.0,0.0,0.0,0.0,0.0,0.0,0.0,0.0,0.0,0.0,0.0,0.0,0.0,0.0,7.0,0.8181818181818182,0.0,2.088931871468374,4.363636363636363,7.0,0.0,0.0,0.0,0.0,0.0,0.0,0.0,0.0,2.0,0.6363636363636364,0.0,0.8090398349558906,0.6545454545454547,2.0,5.0,3.0,6.0,0.0,0.0,0.0,0.0,0.0,0.0,1.0,0.0,0.0,0.0,0.0,0.0
60,7,Q2 Sprint 1,-12,4,12,14,2,2,2,4,0,0,4,4,8,8,1,6,17.0,0.0,8.0,13.0,1.0,0.0,11.0,1.6470588235294117,1.0,2.6912166502947192,7.242647058823529,11.0,0.0,1.0,0.058823529411764705,0.0,0.242535625036333,0.05882352941176471,1.0,1.0,1.0,1.0,1.0,0.0,0.0,0.0,0.0,2.0,0.23529411764705882,0.0,0.562295714538387,0.3161764705882352,2.0,0.0,0.0,0.0,0.0,0.0,0.0,0.0,0.0,0.0,0.0,0.0,0.0,0.0,0.0,0.0,0.0,0.0,0.0,0.0,0.0,0.0,0.0,1.0,0.058823529411764705,0.0,0.242535625036333,0.05882352941176471,1.0,0.0,1.0,0.17647058823529413,0.0,0.3929526239966879,0.15441176470588236,1.0,13.0,4.0,4.0,0.0,1.0,5.0,1.0,0.0,0.0,1.0,0.0,0.0,0.0,0.0,0.0
60,11,Q2 Sprint 2,1,4,1,1,3,3,3,3,1,1,0,0,0,0,1,4,14.0,0.0,10.0,12.0,1.0,0.0,11.0,1.7142857142857142,1.0,2.9464077588342525,8.681318681318682,11.0,0.0,0.0,0.0,0.0,0.0,0.0,0.0,0.0,1.0,0.8571428571428571,1.0,0.36313651960128146,0.13186813186813187,1.0,0.0,3.0,0.5,0.0,0.9405399431259602,0.8846153846153846,3.0,0.0,0.0,0.0,0.0,0.0,0.0,0.0,0.0,0.0,0.0,0.0,0.0,0.0,0.0,0.0,2.0,0.2857142857142857,0.0,0.726273039202563,0.5274725274725276,2.0,0.0,0.0,0.0,0.0,0.0,0.0,0.0,0.0,1.0,0.35714285714285715,0.0,0.4972451580988468,0.24725274725274715,1.0,9.0,1.0,5.0,0.0,0.0,3.0,0.0,0.0,0.0,1.0,0.0,0.0,0.0,0.0,0.0
60,26,Aurora Q3 Sprint 2,-8,11,8,8,2,2,1,1,4,4,0,0,5,5,1,7,26.0,0.0,9.0,22.0,0.0,0.0,8.0,1.9230769230769231,1.0,2.2076789064187197,4.873846153846154,8.0,0.0,1.0,0.038461538461538464,0.0,0.19611613513818402,0.03846153846153846,1.0,1.0,1.0,1.0,1.0,0.0,0.0,0.0,0.0,4.0,0.5769230769230769,0.0,0.9454343731037887,0.893846153846154,4.0,0.0,0.0,0.0,0.0,0.0,0.0,0.0,0.0,0.0,0.0,0.0,0.0,0.0,0.0,0.0,1.0,0.19230769230769232,0.0,0.40191847623425025,0.16153846153846158,1.0,0.0,1.0,0.038461538461538464,0.0,0.19611613513818402,0.03846153846153846,1.0,0.0,1.0,0.038461538461538464,0.0,0.19611613513818402,0.03846153846153846,1.0,16.0,6.0,10.0,1.0,3.0,3.0,0.0,0.0,0.0,1.0,7.0,0.0,0.0,0.0,0.0
60,42,Aurora Q4 Sprint 1,-1,11,10,10,5,5,4,4,11,11,0,0,0,0,1,9,37.0,0.0,15.0,23.0,2.0,0.0,10.0,1.4864864864864864,1.0,2.352559145810055,5.5345345345345365,10.0,0.0,1.0,0.02702702702702703,0.0,0.1643989873053573,0.027027027027027025,1.0,0.0,1.0,0.9459459459459459,1.0,0.22924343513512563,0.052552552552552555,1.0,0.0,6.0,0.5945945945945946,0.0,1.1892915598853018,1.4144144144144142,6.0,0.0,0.0,0.0,0.0,0.0,0.0,0.0,0.0,0.0,0.0,0.0,0.0,0.0,0.0,0.0,1.0,0.02702702702702703,0.0,0.1643989873053573,0.027027027027027025,1.0,0.0,1.0,0.1891891891891892,0.0,0.39706127695565785,0.15765765765765763,1.0,0.0,3.0,0.16216216216216217,0.0,0.6015495506289251,0.3618618618618618,3.0,18.0,12.0,19.0,1.0,8.0,9.0,0.0,0.0,0.0,4.0,0.0,0.0,0.0,0.0,0.0
60,46,Twitter Aurora Q4 Sprint 2,-13,11,13,13,7,7,3,3,17,17,0,0,0,0,1,8,25.0,0.0,13.0,18.0,2.0,0.0,10.0,1.88,1.0,2.1855586623714007,4.776666666666667,10.0,0.0,1.0,0.04,0.0,0.2,0.04,1.0,1.0,1.0,1.0,1.0,0.0,0.0,0.0,0.0,2.0,0.4,0.0,0.7071067811865476,0.5000000000000001,2.0,0.0,0.0,0.0,0.0,0.0,0.0,0.0,0.0,0.0,0.0,0.0,0.0,0.0,0.0,0.0,1.0,0.04,0.0,0.2,0.04,1.0,0.0,1.0,0.08,0.0,0.27688746209726917,0.07666666666666667,1.0,0.0,3.0,0.32,0.0,0.8020806277010643,0.6433333333333332,3.0,18.0,8.0,7.0,0.0,3.0,4.0,0.0,0.0,0.0,2.0,0.0,0.0,0.0,0.0,0.0
60,52,Twitter Aurora Q4 Sprint 3,-13,10,16,16,3,3,3,3,2,2,7,7,7,7,1,7,25.0,0.0,6.0,18.0,1.0,0.0,13.0,1.4,1.0,2.598076211353316,6.75,13.0,0.0,0.0,0.0,0.0,0.0,0.0,0.0,0.0,1.0,0.92,1.0,0.27688746209726917,0.07666666666666667,1.0,0.0,3.0,0.56,0.0,0.8205689083394114,0.6733333333333333,3.0,0.0,0.0,0.0,0.0,0.0,0.0,0.0,0.0,0.0,0.0,0.0,0.0,0.0,0.0,0.0,0.0,0.0,0.0,0.0,0.0,0.0,0.0,1.0,0.04,0.0,0.2,0.04000000000000001,1.0,0.0,3.0,0.16,0.0,0.6244997998398399,0.3900000000000001,3.0,9.0,13.0,16.0,0.0,1.0,6.0,0.0,0.0,0.0,5.0,0.0,0.0,0.0,0.0,0.0
60,53,Twitter Aurora Q4 Sprint 4,-6,9,4,4,2,2,0,0,0,0,4,4,2,2,1,4,10.0,0.0,3.0,6.0,2.0,0.0,4.0,1.0,0.5,1.4142135623730951,2.0,4.0,0.0,0.0,0.0,0.0,0.0,0.0,0.0,1.0,1.0,1.0,1.0,0.0,0.0,0.0,0.0,2.0,0.2,0.0,0.6324555320336759,0.4000000000000001,2.0,0.0,0.0,0.0,0.0,0.0,0.0,0.0,0.0,0.0,0.0,0.0,0.0,0.0,0.0,0.0,0.0,0.0,0.0,0.0,0.0,0.0,0.0,0.0,0.0,0.0,0.0,0.0,0.0,0.0,0.0,0.0,0.0,0.0,0.0,0.0,3.0,6.0,7.0,0.0,2.0,1.0,0.0,0.0,0.0,0.0,0.0,0.0,0.0,0.0,0.0
60,59,Twitter Aurora Q4 Sprint 5,-6,12,4,4,14,14,9,9,9,9,0,0,0,0,1,8,25.0,0.0,15.0,18.0,5.0,0.0,7.0,1.16,1.0,1.6248076809271919,2.6399999999999992,7.0,0.0,2.0,0.16,0.0,0.4725815626252608,0.2233333333333333,2.0,0.0,1.0,0.92,1.0,0.27688746209726917,0.07666666666666666,1.0,0.0,6.0,0.76,0.0,1.451436070471816,2.1066666666666665,6.0,0.0,0.0,0.0,0.0,0.0,0.0,0.0,0.0,0.0,0.0,0.0,0.0,0.0,0.0,0.0,1.0,0.08,0.0,0.27688746209726917,0.07666666666666667,1.0,0.0,1.0,0.04,0.0,0.2,0.04000000000000001,1.0,0.0,2.0,0.2,0.0,0.5,0.25000000000000006,2.0,16.0,5.0,9.0,0.0,1.0,5.0,0.0,0.0,0.0,1.0,0.0,0.0,0.0,0.0,0.0
60,62,Twitter Aurora Q4 Sprint 6,-2,5,2,2,1,1,1,1,1,1,1,1,0,0,1,1,5.0,0.0,3.0,4.0,0.0,0.0,7.0,2.0,1.0,2.9154759474226504,8.5,7.0,0.0,1.0,0.4,0.0,0.5477225575051662,0.30000000000000004,1.0,0.0,1.0,0.8,1.0,0.44721359549995804,0.20000000000000007,1.0,0.0,2.0,0.8,1.0,0.8366600265340756,0.7000000000000001,2.0,0.0,0.0,0.0,0.0,0.0,0.0,0.0,0.0,0.0,0.0,0.0,0.0,0.0,0.0,0.0,0.0,0.0,0.0,0.0,0.0,0.0,0.0,1.0,0.2,0.0,0.44721359549995804,0.20000000000000007,1.0,0.0,0.0,0.0,0.0,0.0,0.0,0.0,2.0,2.0,3.0,0.0,1.0,0.0,0.0,0.0,0.0,0.0,0.0,0.0,0.0,0.0,0.0
60,73,Twitter Aurora Q1'15 Sprint 1,-26,11,10,32,4,4,2,2,6,24,5,9,1,1,1,4,15.0,0.0,4.0,9.0,1.0,0.0,2.0,0.7333333333333333,1.0,0.7037315505489968,0.49523809523809526,2.0,0.0,1.0,0.13333333333333333,0.0,0.3518657752744984,0.12380952380952381,1.0,0.0,1.0,0.9333333333333333,1.0,0.25819888974716115,0.06666666666666668,1.0,0.0,5.0,0.8666666666666667,0.0,1.3557637102737472,1.8380952380952373,5.0,0.0,0.0,0.0,0.0,0.0,0.0,0.0,0.0,0.0,0.0,0.0,0.0,0.0,0.0,0.0,0.0,0.0,0.0,0.0,0.0,0.0,0.0,1.0,0.06666666666666667,0.0,0.25819888974716115,0.06666666666666668,1.0,0.0,2.0,0.4666666666666667,0.0,0.6399404734221845,0.4095238095238097,2.0,9.0,9.0,6.0,0.0,2.0,2.0,0.0,0.0,0.0,3.0,0.0,0.0,0.0,0.0,0.0
60,76,Twitter Aurora Q1'15 Sprint 2,-11,13,4,11,2,13,2,13,0,0,2,9,2,9,1,5,11.0,0.0,4.0,11.0,0.0,0.0,3.0,0.6363636363636364,0.0,1.0269106361049412,1.0545454545454547,3.0,0.0,0.0,0.0,0.0,0.0,0.0,0.0,0.0,1.0,0.9090909090909091,1.0,0.30151134457776363,0.0909090909090909,1.0,0.0,5.0,1.0909090909090908,0.0,1.8140862964338524,3.2909090909090915,5.0,0.0,0.0,0.0,0.0,0.0,0.0,0.0,0.0,0.0,0.0,0.0,0.0,0.0,0.0,0.0,0.0,0.0,0.0,0.0,0.0,0.0,0.0,0.0,0.0,0.0,0.0,0.0,0.0,0.0,2.0,0.36363636363636365,0.0,0.6741998624632419,0.4545454545454543,2.0,7.0,3.0,4.0,0.0,0.0,4.0,0.0,0.0,0.0,0.0,0.0,0.0,0.0,0.0,0.0
60,85,Twitter Aurora Q1'15 Sprint 3,-20,12,9,26,1,3,1,3,6,19,2,4,1,3,1,5,15.0,0.0,4.0,12.0,0.0,0.0,3.0,0.4666666666666667,0.0,0.9154754164341269,0.8380952380952381,3.0,0.0,0.0,0.0,0.0,0.0,0.0,0.0,0.0,1.0,0.8,1.0,0.41403933560541256,0.17142857142857146,1.0,0.0,2.0,0.6,0.0,0.9102589898327995,0.8285714285714285,2.0,0.0,0.0,0.0,0.0,0.0,0.0,0.0,0.0,0.0,0.0,0.0,0.0,0.0,0.0,0.0,0.0,0.0,0.0,0.0,0.0,0.0,0.0,0.0,0.0,0.0,0.0,0.0,0.0,0.0,2.0,0.4666666666666667,0.0,0.6399404734221844,0.40952380952380957,2.0,7.0,6.0,8.0,0.0,3.0,5.0,0.0,0.0,0.0,0.0,0.0,0.0,0.0,0.0,0.0
60,92,Twitter Aurora Q1'15 Sprint 4,-18,14,8,24,3,3,3,3,8,24,0,0,0,0,1,4,12.0,0.0,6.0,11.0,0.0,0.0,4.0,1.5833333333333333,1.0,1.3113721705515067,1.7196969696969702,4.0,0.0,0.0,0.0,0.0,0.0,0.0,0.0,0.0,1.0,0.8333333333333334,1.0,0.38924947208076144,0.1515151515151515,1.0,0.0,2.0,0.5833333333333334,0.0,0.7929614610987591,0.6287878787878788,2.0,0.0,0.0,0.0,0.0,0.0,0.0,0.0,0.0,0.0,0.0,0.0,0.0,0.0,0.0,0.0,0.0,0.0,0.0,0.0,0.0,0.0,0.0,0.0,0.0,0.0,0.0,0.0,0.0,0.0,1.0,0.25,0.0,0.45226701686664544,0.20454545454545456,1.0,6.0,3.0,6.0,0.0,0.0,3.0,0.0,0.0,0.0,1.0,0.0,0.0,0.0,0.0,0.0
60,100,Twitter Aurora Q1'15 Sprint 5,-19,14,7,19,4,22,4,22,0,0,3,23,4,8,1,5,11.0,0.0,5.0,10.0,1.0,0.0,4.0,1.1818181818181819,1.0,1.3280197150781925,1.7636363636363637,4.0,0.0,0.0,0.0,0.0,0.0,0.0,0.0,0.0,1.0,0.7272727272727273,1.0,0.46709936649691375,0.21818181818181817,1.0,0.0,2.0,0.8181818181818182,1.0,0.7507571935295483,0.5636363636363636,2.0,0.0,0.0,0.0,0.0,0.0,0.0,0.0,0.0,0.0,0.0,0.0,0.0,0.0,0.0,0.0,0.0,0.0,0.0,0.0,0.0,0.0,0.0,0.0,0.0,0.0,0.0,0.0,0.0,0.0,2.0,0.45454545454545453,0.0,0.6875516509523286,0.47272727272727266,2.0,5.0,2.0,6.0,0.0,0.0,4.0,0.0,0.0,0.0,0.0,0.0,0.0,0.0,0.0,0.0
60,105,Twitter Aurora Q1'15 Sprint 6,-1,13,1,1,0,0,0,0,1,1,0,0,0,0,1,1,1.0,0.0,0.0,1.0,0.0,1.0,1.0,1.0,1.0,0.0,0.0,0.0,0.0,0.0,0.0,0.0,0.0,0.0,0.0,0.0,0.0,0.0,0.0,0.0,0.0,0.0,0.0,0.0,0.0,0.0,0.0,0.0,0.0,0.0,0.0,0.0,0.0,0.0,0.0,0.0,0.0,0.0,0.0,0.0,0.0,0.0,0.0,0.0,0.0,0.0,0.0,0.0,0.0,0.0,0.0,0.0,0.0,0.0,0.0,0.0,0.0,1.0,1.0,1.0,1.0,0.0,0.0,0.0,0.0,1.0,1.0,0.0,0.0,0.0,0.0,0.0,0.0,0.0,0.0,0.0,0.0,0.0,0.0
60,112,Twitter Aurora Q2'15 Sprint 1,-5,14,5,8,0,0,0,0,5,8,0,0,0,0,1,4,5.0,0.0,3.0,5.0,0.0,0.0,1.0,0.4,0.0,0.5477225575051662,0.30000000000000004,1.0,0.0,0.0,0.0,0.0,0.0,0.0,0.0,0.0,1.0,0.8,1.0,0.44721359549995804,0.20000000000000007,1.0,0.0,2.0,0.6,0.0,0.8944271909999159,0.8,2.0,0.0,0.0,0.0,0.0,0.0,0.0,0.0,0.0,0.0,0.0,0.0,0.0,0.0,0.0,0.0,0.0,0.0,0.0,0.0,0.0,0.0,0.0,0.0,0.0,0.0,0.0,0.0,0.0,0.0,1.0,0.2,0.0,0.44721359549995804,0.20000000000000007,1.0,4.0,1.0,1.0,0.0,0.0,1.0,0.0,0.0,0.0,0.0,0.0,0.0,0.0,0.0,0.0
60,117,Twitter Aurora Q2'15 Sprint 2,-11,14,4,9,11,22,8,15,7,16,0,0,0,0,1,5,22.0,0.0,6.0,15.0,3.0,0.0,4.0,0.9545454545454546,1.0,0.9989171626493849,0.9978354978354977,4.0,0.0,0.0,0.0,0.0,0.0,0.0,0.0,0.0,1.0,0.9545454545454546,1.0,0.21320071635561047,0.04545454545454547,1.0,0.0,2.0,0.36363636363636365,0.0,0.5810872031479765,0.3376623376623376,2.0,0.0,0.0,0.0,0.0,0.0,0.0,0.0,0.0,0.0,0.0,0.0,0.0,0.0,0.0,0.0,0.0,0.0,0.0,0.0,0.0,0.0,0.0,1.0,0.045454545454545456,0.0,0.21320071635561044,0.04545454545454546,1.0,0.0,2.0,0.2727272727272727,0.0,0.5504818825631804,0.30303030303030315,2.0,11.0,6.0,11.0,0.0,2.0,10.0,2.0,0.0,0.0,0.0,0.0,0.0,0.0,0.0,0.0
60,127,Twitter Aurora Q2'15 Sprint 3,-13,14,5,16,2,6,3,8,4,14,0,0,0,0,1,4,10.0,0.0,3.0,8.0,2.0,0.0,8.0,1.8,1.0,2.4855135843076335,6.177777777777779,8.0,0.0,0.0,0.0,0.0,0.0,0.0,0.0,0.0,1.0,0.8,1.0,0.42163702135578396,0.1777777777777778,1.0,0.0,4.0,0.7,0.0,1.2516655570345725,1.5666666666666667,4.0,0.0,0.0,0.0,0.0,0.0,0.0,0.0,0.0,0.0,0.0,0.0,0.0,0.0,0.0,0.0,0.0,0.0,0.0,0.0,0.0,0.0,0.0,0.0,0.0,0.0,0.0,0.0,0.0,0.0,1.0,0.3,0.0,0.4830458915396479,0.23333333333333328,1.0,3.0,6.0,7.0,0.0,0.0,1.0,0.0,0.0,0.0,0.0,0.0,0.0,0.0,0.0,0.0
60,131,Twitter Aurora Q2'15 Sprint 4,-7,13,3,7,0,0,0,0,2,2,1,5,0,0,1,3,4.0,0.0,2.0,3.0,1.0,0.0,1.0,0.5,0.5,0.5773502691896257,0.3333333333333333,1.0,0.0,0.0,0.0,0.0,0.0,0.0,0.0,0.0,1.0,0.75,1.0,0.5,0.25,1.0,0.0,0.0,0.0,0.0,0.0,0.0,0.0,0.0,0.0,0.0,0.0,0.0,0.0,0.0,0.0,0.0,0.0,0.0,0.0,0.0,0.0,0.0,0.0,0.0,0.0,0.0,0.0,0.0,0.0,0.0,0.0,0.0,0.0,0.0,0.0,0.0,1.0,0.25,0.0,0.5,0.25,1.0,2.0,2.0,2.0,0.0,0.0,0.0,0.0,0.0,0.0,0.0,0.0,0.0,0.0,0.0,0.0
60,151,Twitter Aurora Q2'15 Sprint 6,-9,14,2,7,5,11,4,9,3,9,0,0,0,0,1,4,8.0,0.0,5.0,7.0,0.0,0.0,4.0,1.625,1.5,1.407885953173359,1.9821428571428572,4.0,0.0,0.0,0.0,0.0,0.0,0.0,0.0,1.0,1.0,1.0,1.0,0.0,0.0,0.0,0.0,1.0,0.25,0.0,0.4629100498862757,0.21428571428571427,1.0,0.0,0.0,0.0,0.0,0.0,0.0,0.0,0.0,0.0,0.0,0.0,0.0,0.0,0.0,0.0,0.0,0.0,0.0,0.0,0.0,0.0,0.0,0.0,0.0,0.0,0.0,0.0,0.0,0.0,2.0,0.5,0.0,0.9258200997725514,0.8571428571428571,2.0,6.0,2.0,2.0,0.0,0.0,1.0,0.0,0.0,0.0,1.0,0.0,0.0,0.0,0.0,0.0
62,36,Mesos Q3 Sprint 5,0,14,0,0,2,2,2,2,0,0,0,0,0,0,6,3,3.0,1.0,0.0,3.0,0.0,2.0,11.0,5.666666666666667,4.0,4.725815626252608,22.333333333333332,9.0,0.0,1.0,0.3333333333333333,0.0,0.5773502691896258,0.33333333333333337,1.0,0.0,0.0,0.0,0.0,0.0,0.0,0.0,0.0,8.0,3.3333333333333335,2.0,4.163331998932265,17.333333333333332,8.0,0.0,0.0,0.0,0.0,0.0,0.0,0.0,0.0,0.0,0.0,0.0,0.0,0.0,0.0,0.0,0.0,0.0,0.0,0.0,0.0,0.0,0.0,0.0,0.0,0.0,0.0,0.0,0.0,0.0,2.0,0.6666666666666666,0.0,1.1547005383792517,1.3333333333333335,2.0,1.0,0.0,2.0,2.0,0.0,0.0,0.0,0.0,0.0,0.0,0.0,0.0,0.0,0.0,0.0
62,38,Mesos Q3 Sprint 6,-3,14,1,3,0,0,0,0,1,3,0,0,0,0,6,2,1.0,0.0,0.0,1.0,0.0,11.0,11.0,11.0,11.0,0.0,0.0,0.0,0.0,0.0,0.0,0.0,0.0,0.0,0.0,0.0,0.0,0.0,0.0,0.0,0.0,0.0,2.0,2.0,2.0,2.0,0.0,0.0,0.0,0.0,0.0,0.0,0.0,0.0,0.0,0.0,0.0,0.0,0.0,0.0,0.0,0.0,0.0,0.0,0.0,0.0,0.0,0.0,0.0,0.0,0.0,0.0,0.0,0.0,0.0,0.0,0.0,2.0,2.0,2.0,2.0,0.0,0.0,0.0,1.0,0.0,0.0,1.0,0.0,0.0,0.0,0.0,0.0,0.0,0.0,0.0,0.0,0.0,0.0
62,43,Twitter Q4 Sprint 1,-3,14,1,3,0,0,0,0,0,0,1,3,0,0,6,2,1.0,0.0,0.0,1.0,0.0,12.0,12.0,12.0,12.0,0.0,0.0,0.0,0.0,0.0,0.0,0.0,0.0,0.0,0.0,0.0,0.0,0.0,0.0,0.0,0.0,0.0,2.0,2.0,2.0,2.0,0.0,0.0,0.0,0.0,0.0,0.0,0.0,0.0,0.0,0.0,0.0,0.0,0.0,0.0,0.0,0.0,0.0,0.0,0.0,0.0,0.0,0.0,0.0,0.0,0.0,0.0,0.0,0.0,0.0,0.0,0.0,2.0,2.0,2.0,2.0,0.0,0.0,0.0,1.0,0.0,0.0,1.0,0.0,0.0,0.0,0.0,0.0,0.0,0.0,0.0,0.0,0.0,0.0
62,45,Mesosphere Q4 Sprint 1 10/31,-2,12,1,2,1,3,1,3,0,0,1,1,0,0,6,3,4.0,1.0,0.0,3.0,0.0,0.0,15.0,7.0,6.5,7.615773105863909,58.0,15.0,0.0,0.0,0.0,0.0,0.0,0.0,0.0,0.0,0.0,0.0,0.0,0.0,0.0,0.0,0.0,4.0,1.5,1.0,1.9148542155126762,3.6666666666666665,4.0,0.0,0.0,0.0,0.0,0.0,0.0,0.0,0.0,0.0,0.0,0.0,0.0,0.0,0.0,0.0,0.0,0.0,0.0,0.0,0.0,0.0,0.0,0.0,0.0,0.0,0.0,0.0,0.0,0.0,2.0,0.5,0.0,1.0,1.0,2.0,3.0,1.0,1.0,2.0,1.0,0.0,0.0,0.0,0.0,0.0,0.0,0.0,0.0,0.0,0.0
62,47,Mesosphere Q4 Sprint 2 - 11/14,-5,10,4,5,0,0,0,0,4,5,0,0,0,0,6,3,4.0,1.0,0.0,3.0,0.0,0.0,15.0,4.5,1.5,7.047458170621991,49.666666666666664,15.0,0.0,0.0,0.0,0.0,0.0,0.0,0.0,0.0,0.0,0.0,0.0,0.0,0.0,0.0,0.0,4.0,1.0,0.0,2.0,4.0,4.0,0.0,0.0,0.0,0.0,0.0,0.0,0.0,0.0,0.0,0.0,0.0,0.0,0.0,0.0,0.0,0.0,0.0,0.0,0.0,0.0,0.0,0.0,0.0,0.0,0.0,0.0,0.0,0.0,0.0,1.0,0.5,0.5,0.5773502691896257,0.3333333333333333,1.0,3.0,1.0,1.0,1.0,1.0,0.0,0.0,1.0,0.0,0.0,0.0,0.0,0.0,0.0,0.0
62,49,Twitter Mesos Q4 Sprint 2,-3,14,1,3,0,0,0,0,1,3,0,0,0,0,6,2,1.0,0.0,0.0,1.0,0.0,12.0,12.0,12.0,12.0,0.0,0.0,0.0,0.0,0.0,0.0,0.0,0.0,0.0,0.0,0.0,0.0,0.0,0.0,0.0,0.0,0.0,2.0,2.0,2.0,2.0,0.0,0.0,0.0,0.0,0.0,0.0,0.0,0.0,0.0,0.0,0.0,0.0,0.0,0.0,0.0,0.0,0.0,0.0,0.0,0.0,0.0,0.0,0.0,0.0,0.0,0.0,0.0,0.0,0.0,0.0,0.0,2.0,2.0,2.0,2.0,0.0,0.0,0.0,1.0,0.0,0.0,1.0,0.0,0.0,0.0,0.0,0.0,0.0,0.0,0.0,0.0,0.0,0.0
62,55,Mesosphere Q4 Sprint 3 - 12/7,-20,18,6,23,1,1,0,0,6,19,1,5,0,0,6,4,11.0,3.0,5.0,8.0,1.0,0.0,16.0,2.0,1.0,4.69041575982343,22.0,16.0,0.0,0.0,0.0,0.0,0.0,0.0,0.0,0.0,1.0,0.2727272727272727,0.0,0.46709936649691375,0.21818181818181817,1.0,0.0,4.0,0.7272727272727273,0.0,1.2720777563426766,1.618181818181818,4.0,0.0,0.0,0.0,0.0,0.0,0.0,0.0,0.0,0.0,0.0,0.0,0.0,0.0,0.0,0.0,0.0,0.0,0.0,0.0,0.0,0.0,0.0,0.0,0.0,0.0,0.0,0.0,0.0,0.0,4.0,0.8181818181818182,0.0,1.3280197150781925,1.7636363636363637,4.0,7.0,1.0,4.0,1.0,2.0,0.0,0.0,1.0,0.0,0.0,0.0,0.0,0.0,0.0,0.0
62,69,Mesosphere Q1 Sprint 1 - 1/23,-35,8,8,35,0,0,0,0,7,34,1,1,0,0,6,3,8.0,2.0,5.0,6.0,0.0,0.0,3.0,0.75,0.5,1.0350983390135313,1.0714285714285714,3.0,0.0,0.0,0.0,0.0,0.0,0.0,0.0,0.0,1.0,0.375,0.0,0.5175491695067657,0.26785714285714285,1.0,0.0,4.0,1.0,0.5,1.4142135623730951,2.0,4.0,0.0,0.0,0.0,0.0,0.0,0.0,0.0,0.0,0.0,0.0,0.0,0.0,0.0,0.0,0.0,0.0,0.0,0.0,0.0,0.0,0.0,0.0,0.0,0.0,0.0,0.0,0.0,0.0,0.0,7.0,1.5,0.5,2.390457218668787,5.714285714285714,7.0,4.0,0.0,4.0,1.0,2.0,0.0,0.0,0.0,0.0,0.0,0.0,0.0,0.0,0.0,0.0
62,74,Mesosphere Q1 Sprint 2 - 2/6,-42,14,10,43,1,1,0,0,9,38,2,6,0,0,6,6,13.0,2.0,7.0,10.0,0.0,0.0,3.0,1.0,1.0,0.9128709291752769,0.8333333333333334,3.0,0.0,1.0,0.07692307692307693,0.0,0.2773500981126146,0.07692307692307694,1.0,0.0,1.0,0.3076923076923077,0.0,0.48038446141526137,0.23076923076923075,1.0,0.0,4.0,1.0,0.0,1.4719601443879744,2.1666666666666665,4.0,0.0,0.0,0.0,0.0,0.0,0.0,0.0,0.0,0.0,0.0,0.0,0.0,0.0,0.0,0.0,0.0,0.0,0.0,0.0,0.0,0.0,0.0,0.0,0.0,0.0,0.0,0.0,0.0,0.0,9.0,1.6153846153846154,0.0,2.6626572422569885,7.08974358974359,9.0,6.0,2.0,7.0,2.0,2.0,0.0,1.0,0.0,0.0,0.0,0.0,0.0,0.0,0.0,0.0
62,75,Mesosphere Q1 Sprint 3 - 2/20,-44,14,13,46,1,1,0,0,12,45,0,0,2,2,6,8,16.0,3.0,7.0,13.0,0.0,0.0,8.0,2.0625,1.0,2.5421447637772325,6.4625,8.0,0.0,1.0,0.0625,0.0,0.25,0.0625,1.0,0.0,1.0,0.5625,1.0,0.51234753829798,0.2625,1.0,0.0,4.0,1.0625,0.5,1.3889444433333777,1.9291666666666667,4.0,0.0,0.0,0.0,0.0,0.0,0.0,0.0,0.0,0.0,0.0,0.0,0.0,0.0,0.0,0.0,0.0,0.0,0.0,0.0,0.0,0.0,0.0,0.0,0.0,0.0,0.0,0.0,0.0,0.0,4.0,0.75,0.0,1.3416407864998738,1.8,4.0,4.0,4.0,12.0,2.0,2.0,0.0,1.0,0.0,0.0,0.0,0.0,0.0,0.0,0.0,0.0
62,81,Mesosphere Q1 Sprint 4 - 3/6,-45,14,13,47,2,2,0,0,11,45,2,2,2,2,6,9,18.0,3.0,7.0,13.0,1.0,0.0,8.0,3.2777777777777777,3.0,2.6965240273480524,7.27124183006536,8.0,0.0,1.0,0.1111111111111111,0.0,0.3233808333817773,0.10457516339869281,1.0,0.0,1.0,0.6666666666666666,1.0,0.48507125007266594,0.23529411764705882,1.0,0.0,4.0,0.8888888888888888,0.0,1.2313975269103985,1.5163398692810457,4.0,0.0,0.0,0.0,0.0,0.0,0.0,0.0,0.0,0.0,0.0,0.0,0.0,0.0,0.0,0.0,1.0,0.1111111111111111,0.0,0.32338083338177726,0.1045751633986928,1.0,0.0,1.0,0.05555555555555555,0.0,0.23570226039551584,0.05555555555555556,1.0,0.0,4.0,0.5555555555555556,0.0,0.9835244081556435,0.9673202614379088,4.0,4.0,6.0,14.0,1.0,2.0,0.0,1.0,1.0,0.0,1.0,0.0,0.0,0.0,0.0,0.0
62,87,Twitter Mesos Q1 Sprint 3,0,13,0,0,0,0,0,0,0,0,0,0,0,0,6,1,1.0,0.0,0.0,1.0,0.0,0.0,0.0,0.0,0.0,0.0,0.0,0.0,0.0,0.0,0.0,0.0,0.0,0.0,0.0,1.0,1.0,1.0,1.0,0.0,0.0,0.0,2.0,2.0,2.0,2.0,0.0,0.0,0.0,0.0,0.0,0.0,0.0,0.0,0.0,0.0,0.0,0.0,0.0,0.0,0.0,0.0,0.0,0.0,0.0,0.0,0.0,0.0,0.0,0.0,0.0,0.0,0.0,0.0,0.0,0.0,0.0,0.0,0.0,0.0,0.0,0.0,0.0,0.0,0.0,1.0,1.0,0.0,0.0,0.0,0.0,0.0,0.0,0.0,0.0,0.0,0.0,0.0,0.0
62,95,Mesosphere Q1 Sprint 5 - 3/20,-52,11,14,49,4,5,0,0,12,47,4,5,2,2,6,10,20.0,3.0,8.0,14.0,1.0,0.0,10.0,3.4,2.0,3.1187041843486347,9.726315789473684,10.0,0.0,1.0,0.15,0.0,0.36634754853252327,0.13421052631578947,1.0,0.0,1.0,0.6,1.0,0.5026246899500346,0.2526315789473685,1.0,0.0,4.0,0.85,0.5,1.1367080817685318,1.2921052631578949,4.0,0.0,0.0,0.0,0.0,0.0,0.0,0.0,0.0,0.0,0.0,0.0,0.0,0.0,0.0,0.0,1.0,0.05,0.0,0.22360679774997894,0.04999999999999999,1.0,0.0,0.0,0.0,0.0,0.0,0.0,0.0,0.0,6.0,0.95,0.5,1.637552731171861,2.681578947368421,6.0,7.0,6.0,13.0,2.0,3.0,0.0,1.0,1.0,0.0,1.0,0.0,0.0,0.0,0.0,0.0
62,102,Mesosphere Q1 Sprint 6 - 4/3,-43,14,15,47,1,1,1,1,10,38,2,6,3,3,6,11,21.0,1.0,8.0,16.0,1.0,0.0,10.0,3.3333333333333335,2.0,3.055050463303893,9.333333333333332,10.0,0.0,1.0,0.23809523809523808,0.0,0.4364357804719847,0.19047619047619044,1.0,0.0,1.0,0.47619047619047616,0.0,0.511766315719159,0.26190476190476186,1.0,0.0,4.0,0.9523809523809523,0.0,1.3592715135759477,1.8476190476190475,4.0,0.0,0.0,0.0,0.0,0.0,0.0,0.0,0.0,0.0,0.0,0.0,0.0,0.0,0.0,0.0,1.0,0.047619047619047616,0.0,0.21821789023599242,0.04761904761904763,1.0,0.0,1.0,0.047619047619047616,0.0,0.21821789023599236,0.047619047619047616,1.0,0.0,5.0,0.7142857142857143,0.0,1.2305631695633161,1.5142857142857145,5.0,6.0,7.0,15.0,3.0,3.0,1.0,1.0,1.0,0.0,0.0,0.0,0.0,0.0,0.0,0.0
62,106,Mesosphere Q1 Sprint 7 - 4/17,-57,14,18,58,1,1,0,0,14,46,4,12,1,1,6,11,21.0,2.0,6.0,15.0,1.0,0.0,10.0,3.1904761904761907,1.0,3.3707424644883153,11.36190476190476,10.0,0.0,1.0,0.19047619047619047,0.0,0.4023739080814782,0.16190476190476188,1.0,0.0,1.0,0.42857142857142855,0.0,0.50709255283711,0.2571428571428571,1.0,0.0,8.0,1.3333333333333333,0.0,2.1055482263138345,4.4333333333333345,8.0,0.0,0.0,0.0,0.0,0.0,0.0,0.0,0.0,0.0,0.0,0.0,0.0,0.0,0.0,0.0,0.0,0.0,0.0,0.0,0.0,0.0,0.0,1.0,0.09523809523809523,0.0,0.3007926037591192,0.09047619047619049,1.0,0.0,5.0,0.7142857142857143,0.0,1.2305631695633161,1.5142857142857145,5.0,4.0,5.0,17.0,4.0,3.0,1.0,2.0,3.0,0.0,0.0,0.0,0.0,0.0,0.0,0.0
62,108,Mesosphere Q2 Sprint 8 - 5/1,-51,14,16,55,0,0,0,0,14,52,2,3,0,0,6,12,20.0,2.0,9.0,15.0,1.0,0.0,12.0,3.7,1.5,3.8539112053792013,14.852631578947367,12.0,0.0,1.0,0.2,0.0,0.41039134083406165,0.16842105263157897,1.0,0.0,1.0,0.6,1.0,0.5026246899500346,0.2526315789473685,1.0,0.0,8.0,1.25,0.0,2.0487480130686233,4.197368421052632,8.0,0.0,0.0,0.0,0.0,0.0,0.0,0.0,0.0,0.0,0.0,0.0,0.0,0.0,0.0,0.0,2.0,0.1,0.0,0.44721359549995787,0.19999999999999996,2.0,0.0,1.0,0.05,0.0,0.22360679774997894,0.04999999999999999,1.0,0.0,8.0,1.2,0.0,2.30788123383195,5.326315789473683,8.0,5.0,4.0,15.0,4.0,3.0,0.0,1.0,1.0,0.0,0.0,0.0,0.0,0.0,0.0,0.0
62,115,Mesosphere Q1 Sprint 9 - 5/15,13,14,0,0,0,0,0,0,0,0,0,0,0,0,6,12,17.0,3.0,6.0,13.0,1.0,0.0,12.0,3.7058823529411766,1.0,4.10433773406796,16.845588235294116,12.0,0.0,1.0,0.17647058823529413,0.0,0.3929526239966879,0.15441176470588236,1.0,0.0,1.0,0.5882352941176471,1.0,0.5072996561958923,0.2573529411764706,1.0,0.0,8.0,1.411764705882353,1.0,2.0934070175616757,4.38235294117647,8.0,0.0,0.0,0.0,0.0,0.0,0.0,0.0,0.0,0.0,0.0,0.0,0.0,0.0,0.0,0.0,2.0,0.23529411764705882,0.0,0.6642111641550714,0.4411764705882352,2.0,0.0,1.0,0.058823529411764705,0.0,0.242535625036333,0.05882352941176471,1.0,0.0,5.0,0.5882352941176471,0.0,1.2277430273377532,1.5073529411764708,5.0,4.0,2.0,13.0,4.0,2.0,1.0,1.0,1.0,0.0,0.0,0.0,0.0,0.0,0.0,0.0
62,118,Twitter Q2 Sprint 2,0,14,0,0,1,3,0,0,0,0,0,0,1,3,6,1,1.0,0.0,0.0,1.0,0.0,5.0,5.0,5.0,5.0,0.0,0.0,0.0,0.0,0.0,0.0,0.0,0.0,0.0,0.0,1.0,1.0,1.0,1.0,0.0,0.0,0.0,1.0,1.0,1.0,1.0,0.0,0.0,0.0,0.0,0.0,0.0,0.0,0.0,0.0,0.0,0.0,0.0,0.0,0.0,0.0,0.0,0.0,1.0,1.0,1.0,1.0,0.0,0.0,0.0,0.0,0.0,0.0,0.0,0.0,0.0,0.0,0.0,0.0,0.0,0.0,0.0,0.0,0.0,0.0,1.0,1.0,0.0,0.0,0.0,0.0,0.0,0.0,0.0,0.0,0.0,0.0,0.0,0.0
62,130,Mesosphere Sprint 10,-22,10,8,35,0,0,0,0,7,32,0,0,1,3,6,12,19.0,5.0,7.0,12.0,3.0,0.0,10.0,2.6315789473684212,1.0,2.947890513491328,8.690058479532164,10.0,0.0,1.0,0.15789473684210525,0.0,0.37463432463267754,0.14035087719298242,1.0,0.0,1.0,0.3684210526315789,0.0,0.4955946277833521,0.2456140350877193,1.0,0.0,4.0,1.0526315789473684,0.0,1.3112201362143716,1.719298245614035,4.0,0.0,0.0,0.0,0.0,0.0,0.0,0.0,0.0,0.0,0.0,0.0,0.0,0.0,0.0,0.0,2.0,0.2631578947368421,0.0,0.6533762964749499,0.42690058479532167,2.0,0.0,1.0,0.10526315789473684,0.0,0.3153017676423058,0.09941520467836257,1.0,0.0,5.0,1.1578947368421053,1.0,1.5370663939515445,2.3625730994152048,5.0,8.0,1.0,11.0,2.0,3.0,2.0,1.0,2.0,0.0,0.0,0.0,0.0,0.0,0.0,0.0
62,134,Mesosphere Sprint 11,-61,13,0,0,19,76,0,0,17,69,1,5,1,2,6,15,21.0,7.0,6.0,14.0,3.0,0.0,26.0,3.9047619047619047,1.0,5.8558070486036495,34.290476190476184,26.0,0.0,1.0,0.14285714285714285,0.0,0.35856858280031817,0.12857142857142861,1.0,0.0,1.0,0.47619047619047616,0.0,0.511766315719159,0.26190476190476186,1.0,0.0,5.0,1.2380952380952381,1.0,1.5134319246256802,2.2904761904761903,5.0,0.0,0.0,0.0,0.0,0.0,0.0,0.0,0.0,0.0,0.0,0.0,0.0,0.0,0.0,0.0,2.0,0.23809523809523808,0.0,0.6248809410409238,0.39047619047619053,2.0,0.0,1.0,0.09523809523809523,0.0,0.30079260375911915,0.09047619047619047,1.0,0.0,5.0,1.0952380952380953,1.0,1.4800257398019097,2.19047619047619,5.0,7.0,1.0,14.0,2.0,3.0,2.0,1.0,3.0,0.0,0.0,0.0,0.0,0.0,0.0,0.0
62,142,Mesosphere Sprint 12,39,14,0,0,16,47,14,41,2,6,0,0,0,0,6,19,38.0,13.0,5.0,28.0,4.0,0.0,32.0,4.578947368421052,2.5,6.61133988524536,43.709815078236126,32.0,0.0,1.0,0.10526315789473684,0.0,0.3110117477759048,0.09672830725462303,1.0,0.0,1.0,0.47368421052631576,0.0,0.506009406240056,0.25604551920341395,1.0,0.0,5.0,0.8421052631578947,0.5,1.1514107865705487,1.32574679943101,5.0,0.0,0.0,0.0,0.0,0.0,0.0,0.0,0.0,0.0,0.0,0.0,0.0,0.0,0.0,0.0,2.0,0.13157894736842105,0.0,0.4140147948511245,0.1714082503556187,2.0,0.0,1.0,0.02631578947368421,0.0,0.16222142113076257,0.02631578947368422,1.0,0.0,5.0,0.6578947368421053,0.0,1.3002352342156687,1.6906116642958748,5.0,18.0,11.0,20.0,1.0,5.0,2.0,1.0,4.0,2.0,0.0,0.0,0.0,0.0,0.0,0.0
62,143,Mesosphere Sprint 13,49,14,1,8,6,23,1,8,6,23,0,0,0,0,6,15,57.0,15.0,14.0,42.0,7.0,0.0,14.0,2.754385964912281,2.0,3.8418778042327997,14.76002506265664,14.0,0.0,2.0,0.12280701754385964,0.0,0.38126553544911884,0.1453634085213033,2.0,0.0,1.0,0.38596491228070173,0.0,0.4911497431287515,0.24122807017543857,1.0,0.0,5.0,0.7017543859649122,0.0,0.9993732371681362,0.9987468671679197,5.0,0.0,0.0,0.0,0.0,0.0,0.0,0.0,0.0,0.0,0.0,0.0,0.0,0.0,0.0,0.0,3.0,0.10526315789473684,0.0,0.4505635568895831,0.20300751879699258,3.0,0.0,1.0,0.10526315789473684,0.0,0.3096201893516237,0.09586466165413532,1.0,0.0,6.0,0.43859649122807015,0.0,1.1183141626645172,1.25062656641604,6.0,33.0,15.0,24.0,1.0,5.0,3.0,0.0,8.0,1.0,3.0,0.0,0.0,0.0,0.0,0.0
62,150,Twitter Mesos Q2 Sprint 6,-8,14,1,8,0,0,0,0,0,0,1,8,0,0,6,1,1.0,0.0,1.0,1.0,0.0,0.0,0.0,0.0,0.0,0.0,0.0,0.0,0.0,0.0,0.0,0.0,0.0,0.0,0.0,0.0,0.0,0.0,0.0,0.0,0.0,0.0,0.0,0.0,0.0,0.0,0.0,0.0,0.0,0.0,0.0,0.0,0.0,0.0,0.0,0.0,0.0,0.0,0.0,0.0,0.0,0.0,0.0,0.0,0.0,0.0,0.0,0.0,0.0,0.0,0.0,0.0,0.0,0.0,0.0,0.0,0.0,1.0,1.0,1.0,1.0,0.0,0.0,0.0,1.0,0.0,0.0,0.0,0.0,0.0,0.0,0.0,0.0,0.0,0.0,0.0,0.0,0.0,0.0
62,154,Mesosphere Sprint 14,20,14,0,0,18,86,13,77,5,9,0,0,0,0,6,18,56.0,20.0,15.0,42.0,5.0,0.0,13.0,2.517857142857143,1.0,3.2078940779870546,10.290584415584416,13.0,0.0,2.0,0.14285714285714285,0.0,0.4012965998347868,0.16103896103896104,2.0,0.0,1.0,0.14285714285714285,0.0,0.35309393180189985,0.12467532467532472,1.0,0.0,6.0,0.8035714285714286,0.0,1.3674082034290984,1.8698051948051944,6.0,0.0,0.0,0.0,0.0,0.0,0.0,0.0,0.0,0.0,0.0,0.0,0.0,0.0,0.0,0.0,3.0,0.30357142857142855,0.0,0.7365680332002384,0.5425324675324675,3.0,0.0,1.0,0.07142857142857142,0.0,0.259870097418821,0.06753246753246751,1.0,0.0,4.0,0.5535714285714286,0.0,0.9708411134333298,0.9425324675324674,4.0,33.0,14.0,23.0,1.0,5.0,2.0,0.0,3.0,1.0,4.0,0.0,0.0,0.0,0.0,0.0
63,8,Q2'14 Sprint 1,0,9,0,0,0,0,0,0,0,0,0,0,0,0,1,1,4.0,3.0,1.0,2.0,1.0,0.0,6.0,2.75,2.5,2.753785273643051,7.583333333333333,6.0,0.0,0.0,0.0,0.0,0.0,0.0,0.0,0.0,0.0,0.0,0.0,0.0,0.0,0.0,0.0,2.0,0.75,0.5,0.9574271077563381,0.9166666666666666,2.0,0.0,0.0,0.0,0.0,0.0,0.0,0.0,0.0,0.0,0.0,0.0,0.0,0.0,0.0,0.0,1.0,0.25,0.0,0.5,0.25,1.0,0.0,1.0,0.25,0.0,0.5,0.25,1.0,0.0,0.0,0.0,0.0,0.0,0.0,0.0,1.0,0.0,3.0,0.0,0.0,0.0,1.0,0.0,0.0,0.0,0.0,0.0,0.0,0.0,0.0
63,12,Q2'14 Sprint 2,-3,13,2,3,0,0,0,0,2,3,0,0,0,0,1,1,2.0,0.0,0.0,1.0,1.0,0.0,0.0,0.0,0.0,0.0,0.0,0.0,0.0,1.0,0.5,0.5,0.7071067811865476,0.5,1.0,0.0,0.0,0.0,0.0,0.0,0.0,0.0,1.0,1.0,1.0,1.0,0.0,0.0,0.0,0.0,0.0,0.0,0.0,0.0,0.0,0.0,0.0,0.0,0.0,0.0,0.0,0.0,0.0,0.0,1.0,0.5,0.5,0.7071067811865476,0.5,1.0,0.0,0.0,0.0,0.0,0.0,0.0,0.0,0.0,0.0,0.0,0.0,0.0,0.0,0.0,0.0,2.0,2.0,0.0,0.0,0.0,0.0,0.0,0.0,0.0,0.0,0.0,0.0,0.0,0.0
63,13,Q2 Sprint 3,-7,12,1,8,0,0,0,0,1,8,0,0,0,0,1,1,2.0,1.0,0.0,1.0,1.0,0.0,0.0,0.0,0.0,0.0,0.0,0.0,0.0,0.0,0.0,0.0,0.0,0.0,0.0,0.0,0.0,0.0,0.0,0.0,0.0,0.0,0.0,0.0,0.0,0.0,0.0,0.0,0.0,0.0,0.0,0.0,0.0,0.0,0.0,0.0,0.0,0.0,0.0,0.0,0.0,0.0,0.0,0.0,0.0,0.0,0.0,0.0,0.0,0.0,0.0,0.0,0.0,0.0,0.0,0.0,0.0,0.0,0.0,0.0,0.0,0.0,0.0,0.0,1.0,1.0,1.0,0.0,0.0,0.0,0.0,0.0,0.0,0.0,0.0,0.0,0.0,0.0,0.0
63,20,Q2 Sprint 4,-1,12,3,10,1,1,3,10,0,0,1,1,0,0,1,2,4.0,1.0,0.0,3.0,1.0,0.0,3.0,1.25,1.0,1.5,2.25,3.0,0.0,0.0,0.0,0.0,0.0,0.0,0.0,0.0,0.0,0.0,0.0,0.0,0.0,0.0,0.0,2.0,0.75,0.5,0.9574271077563381,0.9166666666666666,2.0,0.0,0.0,0.0,0.0,0.0,0.0,0.0,0.0,0.0,0.0,0.0,0.0,0.0,0.0,0.0,2.0,1.0,1.0,1.1547005383792515,1.3333333333333333,2.0,0.0,0.0,0.0,0.0,0.0,0.0,0.0,0.0,0.0,0.0,0.0,0.0,0.0,0.0,3.0,2.0,1.0,0.0,0.0,1.0,0.0,0.0,0.0,0.0,0.0,0.0,0.0,0.0,0.0
63,22,Q2 Sprint 5,-1,4,4,4,0,0,3,3,1,1,0,0,0,0,1,3,4.0,0.0,0.0,4.0,0.0,0.0,0.0,0.0,0.0,0.0,0.0,0.0,0.0,0.0,0.0,0.0,0.0,0.0,0.0,0.0,0.0,0.0,0.0,0.0,0.0,0.0,0.0,1.0,0.25,0.0,0.5,0.25,1.0,0.0,0.0,0.0,0.0,0.0,0.0,0.0,0.0,0.0,0.0,0.0,0.0,0.0,0.0,0.0,9.0,2.25,0.0,4.5,20.25,9.0,0.0,0.0,0.0,0.0,0.0,0.0,0.0,0.0,0.0,0.0,0.0,0.0,0.0,0.0,0.0,4.0,4.0,0.0,0.0,0.0,0.0,0.0,0.0,0.0,0.0,0.0,0.0,0.0,0.0
63,24,Q3 Sprint 1,-8,9,4,4,2,4,0,0,6,8,0,0,0,0,1,3,6.0,1.0,0.0,6.0,0.0,0.0,3.0,1.1666666666666667,0.5,1.4719601443879746,2.166666666666667,3.0,0.0,1.0,0.3333333333333333,0.0,0.5163977794943223,0.2666666666666667,1.0,0.0,0.0,0.0,0.0,0.0,0.0,0.0,0.0,1.0,0.3333333333333333,0.0,0.5163977794943223,0.2666666666666667,1.0,0.0,0.0,0.0,0.0,0.0,0.0,0.0,0.0,0.0,0.0,0.0,0.0,0.0,0.0,0.0,9.0,2.1666666666666665,0.5,3.5449494589721118,12.566666666666666,9.0,0.0,0.0,0.0,0.0,0.0,0.0,0.0,0.0,0.0,0.0,0.0,0.0,0.0,0.0,0.0,4.0,6.0,0.0,0.0,0.0,0.0,1.0,0.0,0.0,0.0,0.0,0.0,0.0,0.0
63,25,Q3 Sprint 2,-4,9,3,5,0,0,0,0,0,0,3,5,0,0,1,2,3.0,1.0,0.0,3.0,0.0,0.0,4.0,1.6666666666666667,1.0,2.0816659994661326,4.333333333333333,4.0,0.0,1.0,0.3333333333333333,0.0,0.5773502691896258,0.33333333333333337,1.0,0.0,0.0,0.0,0.0,0.0,0.0,0.0,0.0,0.0,0.0,0.0,0.0,0.0,0.0,0.0,0.0,0.0,0.0,0.0,0.0,0.0,0.0,0.0,0.0,0.0,0.0,0.0,0.0,0.0,9.0,3.3333333333333335,1.0,4.932882862316247,24.333333333333332,9.0,0.0,0.0,0.0,0.0,0.0,0.0,0.0,0.0,0.0,0.0,0.0,0.0,0.0,0.0,0.0,2.0,3.0,0.0,0.0,0.0,0.0,0.0,0.0,0.0,0.0,0.0,0.0,0.0,0.0
63,26,Aurora Q3 Sprint 2,0,11,0,0,0,0,0,0,0,0,0,0,0,0,1,1,7.0,0.0,0.0,7.0,0.0,1.0,3.0,1.5714285714285714,1.0,0.7867957924694431,0.619047619047619,2.0,0.0,0.0,0.0,0.0,0.0,0.0,0.0,1.0,1.0,1.0,1.0,0.0,0.0,0.0,0.0,2.0,0.2857142857142857,0.0,0.7559289460184545,0.5714285714285715,2.0,0.0,0.0,0.0,0.0,0.0,0.0,0.0,0.0,0.0,0.0,0.0,0.0,0.0,0.0,0.0,1.0,0.7142857142857143,1.0,0.48795003647426655,0.23809523809523805,1.0,0.0,0.0,0.0,0.0,0.0,0.0,0.0,0.0,0.0,0.0,0.0,0.0,0.0,0.0,7.0,0.0,0.0,0.0,0.0,0.0,0.0,0.0,0.0,0.0,7.0,0.0,0.0,0.0,0.0
63,30,Q3 Sprint 3,-8,11,1,8,0,0,0,0,1,8,0,0,0,0,1,2,1.0,0.0,0.0,1.0,0.0,2.0,2.0,2.0,2.0,0.0,0.0,0.0,0.0,0.0,0.0,0.0,0.0,0.0,0.0,0.0,0.0,0.0,0.0,0.0,0.0,0.0,4.0,4.0,4.0,4.0,0.0,0.0,0.0,0.0,0.0,0.0,0.0,0.0,0.0,0.0,0.0,0.0,0.0,0.0,0.0,0.0,0.0,0.0,0.0,0.0,0.0,0.0,0.0,0.0,0.0,0.0,0.0,0.0,0.0,0.0,0.0,0.0,0.0,0.0,0.0,0.0,0.0,0.0,0.0,1.0,1.0,0.0,0.0,0.0,0.0,0.0,0.0,0.0,0.0,0.0,0.0,0.0,0.0
63,31,Q3 Sprint 4,-3,11,4,4,0,0,0,0,4,4,0,0,0,0,1,3,6.0,1.0,1.0,5.0,1.0,0.0,1.0,0.16666666666666666,0.0,0.408248290463863,0.16666666666666669,1.0,0.0,1.0,0.3333333333333333,0.0,0.5163977794943223,0.2666666666666667,1.0,0.0,0.0,0.0,0.0,0.0,0.0,0.0,0.0,2.0,0.5,0.0,0.8366600265340756,0.7,2.0,0.0,0.0,0.0,0.0,0.0,0.0,0.0,0.0,0.0,0.0,0.0,0.0,0.0,0.0,0.0,1.0,0.16666666666666666,0.0,0.408248290463863,0.16666666666666669,1.0,0.0,0.0,0.0,0.0,0.0,0.0,0.0,0.0,0.0,0.0,0.0,0.0,0.0,0.0,2.0,4.0,4.0,0.0,0.0,0.0,0.0,0.0,0.0,0.0,0.0,0.0,0.0,0.0,0.0
63,36,Mesos Q3 Sprint 5,-8,14,2,9,2,2,3,3,0,0,1,1,0,0,1,4,6.0,1.0,0.0,6.0,0.0,0.0,4.0,1.8333333333333333,1.5,1.4719601443879746,2.166666666666667,4.0,0.0,1.0,0.3333333333333333,0.0,0.5163977794943223,0.2666666666666667,1.0,0.0,0.0,0.0,0.0,0.0,0.0,0.0,0.0,8.0,2.0,0.0,3.3466401061363023,11.2,8.0,0.0,0.0,0.0,0.0,0.0,0.0,0.0,0.0,0.0,0.0,0.0,0.0,0.0,0.0,0.0,1.0,0.16666666666666666,0.0,0.408248290463863,0.16666666666666669,1.0,0.0,0.0,0.0,0.0,0.0,0.0,0.0,0.0,0.0,0.0,0.0,0.0,0.0,0.0,1.0,4.0,5.0,1.0,0.0,0.0,0.0,0.0,0.0,0.0,0.0,0.0,0.0,0.0,0.0
63,38,Mesos Q3 Sprint 6,-5,14,1,5,0,0,0,0,1,5,0,0,0,0,1,1,2.0,0.0,0.0,1.0,1.0,3.0,5.0,4.0,4.0,1.4142135623730951,2.0,2.0,1.0,1.0,1.0,1.0,0.0,0.0,0.0,0.0,0.0,0.0,0.0,0.0,0.0,0.0,1.0,2.0,1.5,1.5,0.7071067811865476,0.5,1.0,0.0,0.0,0.0,0.0,0.0,0.0,0.0,0.0,0.0,0.0,0.0,0.0,0.0,0.0,0.0,0.0,0.0,0.0,0.0,0.0,0.0,0.0,0.0,0.0,0.0,0.0,0.0,0.0,0.0,0.0,0.0,0.0,0.0,0.0,0.0,0.0,2.0,2.0,0.0,0.0,0.0,0.0,0.0,0.0,0.0,0.0,0.0,0.0,0.0,0.0
63,43,Twitter Q4 Sprint 1,-3,14,1,3,0,0,0,0,1,3,0,0,0,0,1,1,1.0,1.0,0.0,1.0,0.0,0.0,0.0,0.0,0.0,0.0,0.0,0.0,0.0,0.0,0.0,0.0,0.0,0.0,0.0,0.0,0.0,0.0,0.0,0.0,0.0,0.0,1.0,1.0,1.0,1.0,0.0,0.0,0.0,0.0,0.0,0.0,0.0,0.0,0.0,0.0,0.0,0.0,0.0,0.0,0.0,0.0,0.0,0.0,0.0,0.0,0.0,0.0,0.0,0.0,0.0,0.0,0.0,0.0,0.0,0.0,0.0,0.0,0.0,0.0,0.0,0.0,0.0,0.0,0.0,0.0,1.0,0.0,0.0,0.0,0.0,0.0,0.0,0.0,0.0,0.0,0.0,0.0,0.0
63,45,Mesosphere Q4 Sprint 1 10/31,-3,12,6,9,1,1,3,6,4,4,0,0,0,0,1,5,9.0,4.0,3.0,6.0,2.0,0.0,18.0,3.5555555555555554,2.0,5.592653911854172,31.277777777777775,18.0,0.0,1.0,0.1111111111111111,0.0,0.3333333333333333,0.1111111111111111,1.0,0.0,0.0,0.0,0.0,0.0,0.0,0.0,0.0,4.0,0.6666666666666666,0.0,1.3228756555322954,1.7500000000000002,4.0,0.0,0.0,0.0,0.0,0.0,0.0,0.0,0.0,0.0,0.0,0.0,0.0,0.0,0.0,0.0,0.0,0.0,0.0,0.0,0.0,0.0,0.0,1.0,0.1111111111111111,0.0,0.3333333333333333,0.1111111111111111,1.0,0.0,2.0,0.3333333333333333,0.0,0.7071067811865476,0.5,2.0,3.0,1.0,6.0,1.0,1.0,0.0,0.0,0.0,0.0,0.0,0.0,0.0,0.0,0.0,0.0
63,47,Mesosphere Q4 Sprint 2 - 11/14,-1,10,1,1,0,0,0,0,1,1,0,0,0,0,1,1,1.0,1.0,0.0,1.0,0.0,3.0,3.0,3.0,3.0,0.0,0.0,0.0,0.0,0.0,0.0,0.0,0.0,0.0,0.0,0.0,0.0,0.0,0.0,0.0,0.0,0.0,0.0,0.0,0.0,0.0,0.0,0.0,0.0,0.0,0.0,0.0,0.0,0.0,0.0,0.0,0.0,0.0,0.0,0.0,0.0,0.0,0.0,0.0,0.0,0.0,0.0,0.0,0.0,0.0,0.0,0.0,0.0,0.0,0.0,0.0,0.0,0.0,0.0,0.0,0.0,0.0,0.0,0.0,1.0,0.0,0.0,0.0,0.0,0.0,0.0,0.0,0.0,0.0,0.0,0.0,0.0,0.0,0.0
63,49,Twitter Mesos Q4 Sprint 2,0,14,0,0,1,2,1,2,0,0,0,0,0,0,1,2,2.0,1.0,0.0,2.0,0.0,0.0,4.0,2.0,2.0,2.8284271247461903,8.0,4.0,0.0,1.0,0.5,0.5,0.7071067811865476,0.5,1.0,0.0,0.0,0.0,0.0,0.0,0.0,0.0,1.0,1.0,1.0,1.0,0.0,0.0,0.0,0.0,0.0,0.0,0.0,0.0,0.0,0.0,0.0,0.0,0.0,0.0,0.0,0.0,0.0,0.0,0.0,0.0,0.0,0.0,0.0,0.0,0.0,0.0,0.0,0.0,0.0,0.0,0.0,0.0,0.0,0.0,0.0,0.0,0.0,0.0,0.0,1.0,2.0,0.0,0.0,0.0,0.0,0.0,0.0,0.0,0.0,0.0,0.0,0.0,0.0
63,51,Twitter Mesos Q4 Sprint 3,1,14,0,0,0,0,0,0,0,0,0,0,0,0,1,4,4.0,1.0,0.0,3.0,1.0,0.0,5.0,2.5,2.5,2.0816659994661326,4.333333333333333,5.0,0.0,1.0,0.25,0.0,0.5,0.25,1.0,0.0,0.0,0.0,0.0,0.0,0.0,0.0,1.0,3.0,1.5,1.0,1.0,1.0,2.0,0.0,0.0,0.0,0.0,0.0,0.0,0.0,0.0,0.0,0.0,0.0,0.0,0.0,0.0,0.0,0.0,0.0,0.0,0.0,0.0,0.0,0.0,0.0,0.0,0.0,0.0,0.0,0.0,0.0,1.0,0.25,0.0,0.5,0.25,1.0,0.0,2.0,4.0,0.0,0.0,1.0,0.0,0.0,0.0,0.0,0.0,0.0,0.0,0.0,0.0
63,55,Mesosphere Q4 Sprint 3 - 12/7,-7,18,5,21,0,0,0,0,3,15,2,6,0,0,1,2,7.0,4.0,3.0,5.0,1.0,0.0,13.0,2.5714285714285716,1.0,4.720774754816659,22.28571428571429,13.0,0.0,0.0,0.0,0.0,0.0,0.0,0.0,0.0,1.0,0.2857142857142857,0.0,0.48795003647426666,0.23809523809523814,1.0,0.0,2.0,0.7142857142857143,0.0,0.9511897312113418,0.9047619047619047,2.0,0.0,0.0,0.0,0.0,0.0,0.0,0.0,0.0,0.0,0.0,0.0,0.0,0.0,0.0,0.0,0.0,0.0,0.0,0.0,0.0,0.0,0.0,0.0,0.0,0.0,0.0,0.0,0.0,0.0,2.0,0.5714285714285714,0.0,0.7867957924694431,0.619047619047619,2.0,3.0,0.0,4.0,0.0,1.0,0.0,0.0,0.0,0.0,0.0,0.0,0.0,0.0,0.0,0.0
63,56,Twitter Mesos Q4 Sprint 4,0,14,1,3,0,0,1,3,0,0,0,0,0,0,1,1,1.0,1.0,0.0,1.0,0.0,2.0,2.0,2.0,2.0,0.0,0.0,0.0,0.0,0.0,0.0,0.0,0.0,0.0,0.0,0.0,0.0,0.0,0.0,0.0,0.0,0.0,1.0,1.0,1.0,1.0,0.0,0.0,0.0,0.0,0.0,0.0,0.0,0.0,0.0,0.0,0.0,0.0,0.0,0.0,0.0,0.0,0.0,0.0,0.0,0.0,0.0,0.0,0.0,0.0,0.0,0.0,0.0,0.0,0.0,0.0,0.0,0.0,0.0,0.0,0.0,0.0,0.0,0.0,0.0,0.0,1.0,0.0,0.0,0.0,0.0,0.0,0.0,0.0,0.0,0.0,0.0,0.0,0.0
63,69,Mesosphere Q1 Sprint 1 - 1/23,-1,8,3,15,0,0,0,0,3,15,0,0,0,0,1,2,3.0,2.0,1.0,2.0,0.0,0.0,13.0,5.333333333333333,3.0,6.8068592855540455,46.333333333333336,13.0,0.0,0.0,0.0,0.0,0.0,0.0,0.0,0.0,1.0,0.3333333333333333,0.0,0.5773502691896258,0.33333333333333337,1.0,0.0,2.0,0.6666666666666666,0.0,1.1547005383792517,1.3333333333333335,2.0,0.0,0.0,0.0,0.0,0.0,0.0,0.0,0.0,0.0,0.0,0.0,0.0,0.0,0.0,0.0,0.0,0.0,0.0,0.0,0.0,0.0,0.0,0.0,0.0,0.0,0.0,0.0,0.0,0.0,2.0,0.6666666666666666,0.0,1.1547005383792517,1.3333333333333335,2.0,1.0,0.0,2.0,0.0,1.0,0.0,0.0,0.0,0.0,0.0,0.0,0.0,0.0,0.0,0.0
63,74,Mesosphere Q1 Sprint 2 - 2/6,-1,14,2,14,1,1,0,0,3,15,0,0,0,0,1,3,3.0,1.0,2.0,2.0,0.0,0.0,3.0,1.3333333333333333,1.0,1.5275252316519468,2.3333333333333335,3.0,0.0,0.0,0.0,0.0,0.0,0.0,0.0,0.0,1.0,0.3333333333333333,0.0,0.5773502691896258,0.33333333333333337,1.0,0.0,1.0,0.3333333333333333,0.0,0.5773502691896258,0.33333333333333337,1.0,0.0,0.0,0.0,0.0,0.0,0.0,0.0,0.0,0.0,0.0,0.0,0.0,0.0,0.0,0.0,0.0,0.0,0.0,0.0,0.0,0.0,0.0,0.0,0.0,0.0,0.0,0.0,0.0,0.0,0.0,0.0,0.0,0.0,0.0,0.0,2.0,0.0,1.0,0.0,1.0,0.0,0.0,0.0,0.0,0.0,0.0,0.0,0.0,0.0,0.0
63,75,Mesosphere Q1 Sprint 3 - 2/20,-13,14,3,15,0,0,1,1,2,14,0,0,0,0,1,3,4.0,2.0,2.0,3.0,0.0,0.0,3.0,1.0,0.5,1.4142135623730951,2.0,3.0,0.0,0.0,0.0,0.0,0.0,0.0,0.0,0.0,1.0,0.25,0.0,0.5,0.25,1.0,0.0,1.0,0.25,0.0,0.5,0.25,1.0,0.0,0.0,0.0,0.0,0.0,0.0,0.0,0.0,0.0,0.0,0.0,0.0,0.0,0.0,0.0,0.0,0.0,0.0,0.0,0.0,0.0,0.0,0.0,0.0,0.0,0.0,0.0,0.0,0.0,0.0,0.0,0.0,0.0,0.0,0.0,2.0,0.0,2.0,0.0,1.0,0.0,0.0,0.0,0.0,0.0,0.0,0.0,0.0,0.0,0.0
63,80,Twitter Mesos Q1 Sprint 2,-11,14,4,14,0,0,1,3,2,3,1,8,0,0,1,3,4.0,1.0,1.0,3.0,1.0,0.0,6.0,2.0,1.0,2.8284271247461903,8.0,6.0,0.0,1.0,0.25,0.0,0.5,0.25,1.0,0.0,1.0,0.25,0.0,0.5,0.25,1.0,0.0,1.0,0.5,0.5,0.5773502691896257,0.3333333333333333,1.0,0.0,0.0,0.0,0.0,0.0,0.0,0.0,0.0,0.0,0.0,0.0,0.0,0.0,0.0,0.0,0.0,0.0,0.0,0.0,0.0,0.0,0.0,0.0,0.0,0.0,0.0,0.0,0.0,0.0,0.0,0.0,0.0,0.0,0.0,0.0,1.0,1.0,3.0,0.0,0.0,1.0,0.0,0.0,0.0,0.0,0.0,0.0,0.0,0.0,0.0
63,81,Mesosphere Q1 Sprint 4 - 3/6,2,14,1,1,0,0,0,0,1,1,0,0,0,0,1,3,3.0,0.0,2.0,1.0,1.0,2.0,16.0,7.333333333333333,4.0,7.571877794400366,57.33333333333334,14.0,0.0,0.0,0.0,0.0,0.0,0.0,0.0,0.0,0.0,0.0,0.0,0.0,0.0,0.0,0.0,1.0,0.6666666666666666,1.0,0.5773502691896258,0.33333333333333337,1.0,0.0,0.0,0.0,0.0,0.0,0.0,0.0,0.0,0.0,0.0,0.0,0.0,0.0,0.0,0.0,0.0,0.0,0.0,0.0,0.0,0.0,0.0,0.0,0.0,0.0,0.0,0.0,0.0,0.0,1.0,0.3333333333333333,0.0,0.5773502691896258,0.33333333333333337,1.0,2.0,1.0,1.0,0.0,1.0,0.0,0.0,0.0,0.0,0.0,0.0,0.0,0.0,0.0,0.0
63,87,Twitter Mesos Q1 Sprint 3,-2,13,1,2,0,0,0,0,0,0,1,5,0,0,1,1,4.0,2.0,1.0,4.0,0.0,0.0,4.0,1.0,0.0,2.0,4.0,4.0,0.0,2.0,1.0,1.0,1.1547005383792515,1.3333333333333333,2.0,0.0,1.0,0.5,0.5,0.5773502691896257,0.3333333333333333,1.0,0.0,2.0,0.5,0.0,1.0,1.0,2.0,0.0,0.0,0.0,0.0,0.0,0.0,0.0,0.0,0.0,0.0,0.0,0.0,0.0,0.0,0.0,0.0,0.0,0.0,0.0,0.0,0.0,0.0,0.0,0.0,0.0,0.0,0.0,0.0,0.0,0.0,0.0,0.0,0.0,0.0,0.0,1.0,1.0,3.0,0.0,0.0,0.0,0.0,0.0,0.0,0.0,0.0,0.0,0.0,0.0,0.0
63,95,Mesosphere Q1 Sprint 5 - 3/20,-5,11,3,4,3,4,0,0,5,7,1,1,0,0,1,4,6.0,0.0,2.0,2.0,1.0,0.0,16.0,6.166666666666667,5.5,5.671566509057851,32.166666666666664,16.0,0.0,0.0,0.0,0.0,0.0,0.0,0.0,0.0,1.0,0.16666666666666666,0.0,0.408248290463863,0.16666666666666669,1.0,0.0,1.0,0.5,0.5,0.5477225575051661,0.3,1.0,0.0,0.0,0.0,0.0,0.0,0.0,0.0,0.0,0.0,0.0,0.0,0.0,0.0,0.0,0.0,0.0,0.0,0.0,0.0,0.0,0.0,0.0,0.0,0.0,0.0,0.0,0.0,0.0,0.0,5.0,1.0,0.0,2.0,4.0,5.0,4.0,1.0,2.0,1.0,2.0,0.0,1.0,2.0,0.0,0.0,0.0,0.0,0.0,0.0,0.0
63,102,Mesosphere Q1 Sprint 6 - 4/3,-1,14,3,4,0,0,1,1,1,2,1,1,0,0,1,2,3.0,0.0,1.0,2.0,0.0,1.0,4.0,2.3333333333333335,2.0,1.5275252316519465,2.333333333333333,3.0,0.0,0.0,0.0,0.0,0.0,0.0,0.0,0.0,0.0,0.0,0.0,0.0,0.0,0.0,0.0,4.0,1.6666666666666667,1.0,2.0816659994661326,4.333333333333333,4.0,0.0,0.0,0.0,0.0,0.0,0.0,0.0,0.0,0.0,0.0,0.0,0.0,0.0,0.0,0.0,0.0,0.0,0.0,0.0,0.0,0.0,0.0,1.0,0.3333333333333333,0.0,0.5773502691896258,0.33333333333333337,1.0,0.0,1.0,0.3333333333333333,0.0,0.5773502691896258,0.33333333333333337,1.0,1.0,1.0,2.0,0.0,1.0,1.0,0.0,0.0,0.0,0.0,0.0,0.0,0.0,0.0,0.0
63,106,Mesosphere Q1 Sprint 7 - 4/17,-3,14,3,5,1,1,1,1,2,4,1,1,0,0,1,3,4.0,0.0,0.0,2.0,0.0,0.0,6.0,2.5,2.0,3.0,9.0,6.0,0.0,1.0,0.25,0.0,0.5,0.25,1.0,0.0,0.0,0.0,0.0,0.0,0.0,0.0,0.0,8.0,2.0,0.0,4.0,16.0,8.0,0.0,0.0,0.0,0.0,0.0,0.0,0.0,0.0,0.0,0.0,0.0,0.0,0.0,0.0,0.0,0.0,0.0,0.0,0.0,0.0,0.0,0.0,1.0,0.25,0.0,0.5,0.25,1.0,0.0,1.0,0.25,0.0,0.5,0.25,1.0,2.0,1.0,2.0,1.0,1.0,0.0,1.0,2.0,0.0,0.0,0.0,0.0,0.0,0.0,0.0
63,108,Mesosphere Q2 Sprint 8 - 5/1,-2,14,1,2,0,0,0,0,0,0,1,2,0,0,1,2,1.0,0.0,0.0,0.0,0.0,6.0,6.0,6.0,6.0,0.0,0.0,0.0,0.0,0.0,0.0,0.0,0.0,0.0,0.0,0.0,0.0,0.0,0.0,0.0,0.0,0.0,0.0,0.0,0.0,0.0,0.0,0.0,0.0,0.0,0.0,0.0,0.0,0.0,0.0,0.0,0.0,0.0,0.0,0.0,0.0,0.0,0.0,0.0,0.0,0.0,0.0,0.0,0.0,0.0,0.0,0.0,0.0,0.0,0.0,0.0,0.0,6.0,6.0,6.0,6.0,0.0,0.0,0.0,0.0,1.0,1.0,0.0,1.0,0.0,0.0,0.0,0.0,0.0,0.0,0.0,0.0,0.0,0.0
63,115,Mesosphere Q1 Sprint 9 - 5/15,8,14,0,0,0,0,0,0,0,0,0,0,0,0,1,1,1.0,0.0,0.0,1.0,0.0,0.0,0.0,0.0,0.0,0.0,0.0,0.0,0.0,0.0,0.0,0.0,0.0,0.0,0.0,0.0,0.0,0.0,0.0,0.0,0.0,0.0,3.0,3.0,3.0,3.0,0.0,0.0,0.0,0.0,0.0,0.0,0.0,0.0,0.0,0.0,0.0,0.0,0.0,0.0,0.0,0.0,0.0,0.0,0.0,0.0,0.0,0.0,0.0,0.0,0.0,0.0,0.0,0.0,0.0,0.0,0.0,0.0,0.0,0.0,0.0,0.0,0.0,0.0,1.0,0.0,0.0,0.0,0.0,1.0,0.0,0.0,0.0,0.0,0.0,0.0,0.0,0.0,0.0
63,118,Twitter Q2 Sprint 2,0,14,0,0,1,1,1,1,0,0,0,0,0,0,1,1,2.0,0.0,1.0,1.0,1.0,0.0,0.0,0.0,0.0,0.0,0.0,0.0,0.0,1.0,0.5,0.5,0.7071067811865476,0.5,1.0,0.0,0.0,0.0,0.0,0.0,0.0,0.0,0.0,0.0,0.0,0.0,0.0,0.0,0.0,0.0,0.0,0.0,0.0,0.0,0.0,0.0,0.0,0.0,0.0,0.0,0.0,0.0,0.0,0.0,0.0,0.0,0.0,0.0,0.0,0.0,0.0,0.0,0.0,0.0,0.0,0.0,0.0,0.0,0.0,0.0,0.0,0.0,0.0,0.0,2.0,0.0,0.0,1.0,0.0,0.0,0.0,0.0,0.0,0.0,0.0,0.0,0.0,0.0,0.0
63,130,Mesosphere Sprint 10,11,10,1,2,0,0,0,0,0,0,0,0,1,3,1,3,3.0,0.0,0.0,3.0,0.0,0.0,5.0,1.6666666666666667,0.0,2.8867513459481287,8.333333333333332,5.0,0.0,1.0,0.3333333333333333,0.0,0.5773502691896258,0.33333333333333337,1.0,0.0,0.0,0.0,0.0,0.0,0.0,0.0,0.0,3.0,1.0,0.0,1.7320508075688772,3.0,3.0,0.0,0.0,0.0,0.0,0.0,0.0,0.0,0.0,0.0,0.0,0.0,0.0,0.0,0.0,0.0,0.0,0.0,0.0,0.0,0.0,0.0,0.0,0.0,0.0,0.0,0.0,0.0,0.0,0.0,0.0,0.0,0.0,0.0,0.0,0.0,2.0,1.0,1.0,0.0,0.0,1.0,0.0,1.0,0.0,0.0,0.0,0.0,0.0,0.0,0.0
63,132,Twitter Q2 Sprint 3,9,13,0,0,0,0,0,0,0,0,0,0,0,0,1,3,6.0,6.0,0.0,6.0,0.0,0.0,2.0,0.8333333333333334,0.5,0.983192080250175,0.9666666666666666,2.0,0.0,1.0,0.5,0.5,0.5477225575051661,0.3,1.0,0.0,1.0,0.16666666666666666,0.0,0.408248290463863,0.16666666666666669,1.0,0.0,0.0,0.0,0.0,0.0,0.0,0.0,0.0,0.0,0.0,0.0,0.0,0.0,0.0,0.0,0.0,0.0,0.0,0.0,0.0,0.0,0.0,0.0,0.0,0.0,0.0,0.0,0.0,0.0,0.0,0.0,0.0,0.0,0.0,0.0,0.0,4.0,0.6666666666666666,0.0,1.632993161855452,2.666666666666667,4.0,2.0,0.0,4.0,0.0,0.0,0.0,0.0,0.0,0.0,0.0,0.0,0.0,0.0,0.0,0.0
63,134,Mesosphere Sprint 11,0,13,0,0,4,18,0,0,4,18,0,0,0,0,1,4,4.0,0.0,1.0,3.0,0.0,0.0,6.0,2.5,2.0,2.6457513110645907,7.0,6.0,0.0,1.0,0.25,0.0,0.5,0.25,1.0,0.0,0.0,0.0,0.0,0.0,0.0,0.0,0.0,3.0,1.5,1.5,1.7320508075688772,3.0,3.0,0.0,0.0,0.0,0.0,0.0,0.0,0.0,0.0,0.0,0.0,0.0,0.0,0.0,0.0,0.0,0.0,0.0,0.0,0.0,0.0,0.0,0.0,0.0,0.0,0.0,0.0,0.0,0.0,0.0,3.0,1.0,0.5,1.4142135623730951,2.0,3.0,3.0,1.0,1.0,0.0,1.0,1.0,0.0,1.0,0.0,0.0,0.0,0.0,0.0,0.0,0.0
63,141,Twitter Mesos Q2 Sprint 5,1,14,1,5,1,3,1,3,1,5,0,0,0,0,1,2,4.0,3.0,0.0,2.0,2.0,0.0,5.0,1.75,1.0,2.362907813126304,5.583333333333333,5.0,0.0,1.0,0.5,0.5,0.5773502691896257,0.3333333333333333,1.0,0.0,0.0,0.0,0.0,0.0,0.0,0.0,0.0,0.0,0.0,0.0,0.0,0.0,0.0,0.0,0.0,0.0,0.0,0.0,0.0,0.0,0.0,0.0,0.0,0.0,0.0,0.0,0.0,0.0,0.0,0.0,0.0,0.0,0.0,0.0,0.0,0.0,0.0,0.0,0.0,0.0,0.0,0.0,1.0,0.25,0.0,0.5,0.25,1.0,3.0,1.0,1.0,0.0,0.0,0.0,0.0,0.0,0.0,0.0,0.0,0.0,0.0,0.0,0.0
63,142,Mesosphere Sprint 12,1,14,0,0,8,25,8,25,0,0,0,0,0,0,1,4,12.0,2.0,1.0,10.0,0.0,0.0,13.0,3.1666666666666665,1.0,4.19595765065147,17.606060606060606,13.0,0.0,1.0,0.25,0.0,0.45226701686664544,0.20454545454545456,1.0,0.0,1.0,0.25,0.0,0.45226701686664544,0.20454545454545456,1.0,0.0,3.0,1.0833333333333333,1.0,1.164500152881315,1.356060606060606,3.0,0.0,0.0,0.0,0.0,0.0,0.0,0.0,0.0,0.0,0.0,0.0,0.0,0.0,0.0,0.0,0.0,0.0,0.0,0.0,0.0,0.0,0.0,0.0,0.0,0.0,0.0,0.0,0.0,0.0,5.0,1.0,0.0,1.7056057308448835,2.909090909090909,5.0,8.0,5.0,4.0,1.0,2.0,2.0,0.0,1.0,0.0,0.0,0.0,0.0,0.0,0.0,0.0
63,143,Mesosphere Sprint 13,-15,14,3,24,3,14,4,22,2,16,0,0,0,0,1,12,33.0,11.0,8.0,27.0,2.0,0.0,14.0,1.3636363636363635,0.0,3.100586454791474,9.613636363636362,14.0,0.0,1.0,0.12121212121212122,0.0,0.33143398263980844,0.10984848484848483,1.0,0.0,1.0,0.45454545454545453,0.0,0.5056498968474316,0.2556818181818181,1.0,0.0,5.0,0.5757575757575758,0.0,1.0316946929174053,1.0643939393939394,5.0,0.0,0.0,0.0,0.0,0.0,0.0,0.0,0.0,0.0,0.0,0.0,0.0,0.0,0.0,0.0,0.0,0.0,0.0,0.0,0.0,0.0,0.0,1.0,0.09090909090909091,0.0,0.2919371040605711,0.08522727272727272,1.0,0.0,6.0,0.3939393939393939,0.0,1.1709876691119,1.371212121212121,6.0,20.0,9.0,13.0,1.0,3.0,2.0,0.0,2.0,0.0,1.0,0.0,0.0,0.0,0.0,0.0
63,150,Twitter Mesos Q2 Sprint 6,1,14,2,11,4,14,1,8,5,17,0,0,0,0,1,7,14.0,4.0,6.0,12.0,1.0,0.0,9.0,1.6428571428571428,1.0,2.468482650011256,6.093406593406594,9.0,0.0,1.0,0.07142857142857142,0.0,0.2672612419124244,0.07142857142857142,1.0,0.0,1.0,0.5,0.5,0.5188745216627708,0.2692307692307692,1.0,0.0,4.0,1.1428571428571428,1.0,1.292412345317728,1.6703296703296706,4.0,0.0,0.0,0.0,0.0,0.0,0.0,0.0,0.0,0.0,0.0,0.0,0.0,0.0,0.0,0.0,7.0,0.5714285714285714,0.0,1.869359648250035,3.4945054945054945,7.0,0.0,0.0,0.0,0.0,0.0,0.0,0.0,0.0,3.0,0.5714285714285714,0.0,0.9376144618769909,0.8791208791208793,3.0,10.0,3.0,4.0,0.0,1.0,1.0,0.0,0.0,0.0,0.0,0.0,0.0,0.0,0.0,0.0
63,154,Mesosphere Sprint 14,-1,14,0,0,16,73,12,66,4,7,0,0,0,0,1,14,38.0,11.0,12.0,27.0,3.0,0.0,13.0,2.4210526315789473,0.5,3.523140329441737,12.412517780938831,13.0,0.0,2.0,0.18421052631578946,0.0,0.4565003867790751,0.2083926031294452,2.0,0.0,1.0,0.15789473684210525,0.0,0.36953702147663203,0.1365576102418208,1.0,0.0,6.0,0.6842105263157895,0.0,1.377527419806457,1.8975817923186349,6.0,0.0,0.0,0.0,0.0,0.0,0.0,0.0,0.0,0.0,0.0,0.0,0.0,0.0,0.0,0.0,3.0,0.34210526315789475,0.0,0.7453029780973237,0.5554765291607399,3.0,0.0,1.0,0.05263157894736842,0.0,0.22629428592141426,0.05120910384068279,1.0,0.0,3.0,0.47368421052631576,0.0,0.8297457150451855,0.6884779516358461,3.0,19.0,10.0,19.0,1.0,4.0,2.0,0.0,1.0,1.0,4.0,0.0,0.0,0.0,0.0,0.0
63,155,Twitter Mesos Q3 Sprint 1,-19,14,5,20,1,8,0,0,6,28,0,0,0,0,1,3,11.0,1.0,7.0,10.0,0.0,0.0,5.0,1.7272727272727273,1.0,1.8488325554743508,3.418181818181818,5.0,0.0,1.0,0.09090909090909091,0.0,0.30151134457776363,0.0909090909090909,1.0,0.0,1.0,0.5454545454545454,1.0,0.5222329678670935,0.2727272727272727,1.0,0.0,4.0,1.3636363636363635,1.0,1.3618169680781096,1.8545454545454547,4.0,0.0,0.0,0.0,0.0,0.0,0.0,0.0,0.0,0.0,0.0,0.0,0.0,0.0,0.0,0.0,7.0,0.8181818181818182,0.0,2.088931871468374,4.363636363636363,7.0,0.0,0.0,0.0,0.0,0.0,0.0,0.0,0.0,2.0,0.6363636363636364,0.0,0.8090398349558906,0.6545454545454547,2.0,5.0,3.0,6.0,0.0,0.0,0.0,0.0,0.0,0.0,1.0,0.0,0.0,0.0,0.0,0.0
64,84,Sharan - Jira Test Sprint,-4,7,4,8,2,4,1,2,4,8,0,0,1,2,1,4,6.0,2.0,1.0,4.0,2.0,0.0,142.0,32.666666666666664,13.0,54.10976498439692,2927.866666666667,142.0,0.0,4.0,2.0,1.5,1.6733200530681511,2.8,4.0,0.0,3.0,1.1666666666666667,1.0,1.1690451944500122,1.3666666666666667,3.0,0.0,3.0,0.8333333333333334,0.5,1.1690451944500122,1.3666666666666667,3.0,0.0,0.0,0.0,0.0,0.0,0.0,0.0,0.0,0.0,0.0,0.0,0.0,0.0,0.0,0.0,4.0,1.6666666666666667,1.0,1.505545305418162,2.2666666666666666,4.0,0.0,2.0,0.3333333333333333,0.0,0.816496580927726,0.6666666666666667,2.0,0.0,2.0,0.8333333333333334,1.0,0.752772652709081,0.5666666666666667,2.0,4.0,2.0,2.0,0.0,0.0,0.0,0.0,0.0,1.0,0.0,0.0,0.0,0.0,0.0,0.0
64,96,Community Day 1 - 2015,-8,4,3,6,13,26,0,0,2,4,3,6,11,22,1,7,32.0,7.0,1.0,29.0,2.0,0.0,19.0,3.25,1.0,4.765467177450165,22.70967741935484,19.0,0.0,10.0,1.375,1.0,1.699145895499721,2.8870967741935485,10.0,0.0,4.0,1.03125,0.0,1.513048087844214,2.2893145161290325,4.0,0.0,5.0,0.53125,0.0,1.015504800579495,1.03125,5.0,0.0,0.0,0.0,0.0,0.0,0.0,0.0,0.0,0.0,0.0,0.0,0.0,0.0,0.0,0.0,8.0,1.0625,0.0,1.9664525124881524,3.8669354838709675,8.0,0.0,0.0,0.0,0.0,0.0,0.0,0.0,0.0,3.0,0.28125,0.0,0.6831792378049423,0.46673387096774194,3.0,22.0,10.0,10.0,0.0,0.0,0.0,1.0,0.0,0.0,0.0,14.0,0.0,0.0,0.0,0.0
64,145,Community Day 2 - 2015,-22,3,16,32,18,36,0,0,10,20,3,6,21,42,1,10,53.0,17.0,0.0,20.0,29.0,0.0,17.0,4.037735849056604,3.0,3.812743127939734,14.537010159651667,17.0,0.0,3.0,0.7924528301886793,1.0,0.7932040809768784,0.6291727140783744,3.0,0.0,4.0,0.5660377358490566,0.0,0.9508990475064224,0.9042089985486215,4.0,0.0,6.0,1.0377358490566038,0.0,2.028283322559929,4.113933236574745,6.0,0.0,0.0,0.0,0.0,0.0,0.0,0.0,0.0,0.0,0.0,0.0,0.0,0.0,0.0,0.0,5.0,0.4528301886792453,0.0,1.0296757842202462,1.0602322206095791,5.0,0.0,1.0,0.05660377358490566,0.0,0.23329531793437605,0.0544267053701016,1.0,0.0,2.0,0.3018867924528302,0.0,0.6071657250757996,0.3686502177068215,2.0,33.0,21.0,20.0,0.0,0.0,0.0,4.0,0.0,0.0,0.0,15.0,0.0,0.0,0.0,0.0
68,77,Sprint 11,-6,7,0,0,7,14,1,2,0,0,4,8,2,4,1,5,7.0,2.0,4.0,7.0,0.0,0.0,11.0,2.142857142857143,1.0,3.9761191895520196,15.809523809523808,11.0,0.0,0.0,0.0,0.0,0.0,0.0,0.0,0.0,1.0,0.42857142857142855,0.0,0.5345224838248487,0.28571428571428564,1.0,0.0,2.0,0.5714285714285714,0.0,0.7867957924694432,0.6190476190476191,2.0,0.0,0.0,0.0,0.0,0.0,0.0,0.0,0.0,0.0,0.0,0.0,0.0,0.0,0.0,0.0,3.0,0.5714285714285714,0.0,1.133893419027682,1.285714285714286,3.0,0.0,0.0,0.0,0.0,0.0,0.0,0.0,0.0,0.0,0.0,0.0,0.0,0.0,0.0,4.0,1.0,3.0,0.0,0.0,0.0,0.0,0.0,0.0,0.0,0.0,0.0,0.0,0.0,0.0
68,110,Sprint 12,4,14,0,0,0,0,0,0,0,0,0,0,0,0,1,4,11.0,3.0,3.0,10.0,1.0,0.0,11.0,1.0,0.0,3.3166247903554,11.0,11.0,0.0,1.0,0.18181818181818182,0.0,0.4045199174779452,0.16363636363636358,1.0,0.0,1.0,0.5454545454545454,1.0,0.5222329678670935,0.2727272727272727,1.0,0.0,6.0,0.6363636363636364,0.0,1.8040358795061295,3.254545454545454,6.0,0.0,0.0,0.0,0.0,0.0,0.0,0.0,0.0,0.0,0.0,0.0,0.0,0.0,0.0,0.0,1.0,0.09090909090909091,0.0,0.3015113445777636,0.09090909090909088,1.0,0.0,0.0,0.0,0.0,0.0,0.0,0.0,0.0,0.0,0.0,0.0,0.0,0.0,0.0,5.0,1.0,6.0,0.0,0.0,0.0,0.0,0.0,0.0,0.0,4.0,0.0,0.0,0.0,0.0
68,111,Sprint 39,8,13,0,0,0,0,0,0,0,0,0,0,0,0,1,2,14.0,7.0,3.0,12.0,2.0,0.0,11.0,0.7857142857142857,0.0,2.939873661036668,8.642857142857142,11.0,0.0,1.0,0.21428571428571427,0.0,0.42581531362632,0.18131868131868129,1.0,0.0,1.0,0.5714285714285714,1.0,0.5135525910130955,0.26373626373626374,1.0,0.0,6.0,1.0,0.5,1.6172150801252798,2.6153846153846154,6.0,0.0,0.0,0.0,0.0,0.0,0.0,0.0,0.0,0.0,0.0,0.0,0.0,0.0,0.0,0.0,1.0,0.07142857142857142,0.0,0.26726124191242434,0.07142857142857141,1.0,0.0,0.0,0.0,0.0,0.0,0.0,0.0,0.0,0.0,0.0,0.0,0.0,0.0,0.0,7.0,2.0,7.0,0.0,0.0,0.0,0.0,0.0,0.0,0.0,0.0,0.0,2.0,0.0,0.0
68,119,Sprint 40,0,13,0,0,8,16,1,2,4,8,2,4,1,2,1,5,18.0,5.0,2.0,17.0,1.0,0.0,11.0,0.7777777777777778,0.0,2.6021609923418185,6.771241830065358,11.0,0.0,1.0,0.2777777777777778,0.0,0.4608885989624768,0.2124183006535948,1.0,0.0,1.0,0.6111111111111112,1.0,0.5016313257045502,0.2516339869281045,1.0,0.0,6.0,0.5555555555555556,0.0,1.4234267774809048,2.026143790849673,6.0,0.0,0.0,0.0,0.0,0.0,0.0,0.0,0.0,0.0,0.0,0.0,0.0,0.0,0.0,0.0,1.0,0.1111111111111111,0.0,0.32338083338177726,0.1045751633986928,1.0,0.0,0.0,0.0,0.0,0.0,0.0,0.0,0.0,0.0,0.0,0.0,0.0,0.0,0.0,13.0,3.0,5.0,0.0,0.0,0.0,0.0,0.0,0.0,0.0,7.0,0.0,1.0,0.0,0.0
68,120,Sprint 41,16,13,1,2,0,0,0,0,1,2,0,0,0,0,1,4,20.0,8.0,2.0,19.0,1.0,0.0,4.0,0.4,0.0,1.046296727561194,1.0947368421052635,4.0,0.0,3.0,0.35,0.0,0.7451598203705947,0.5552631578947369,3.0,0.0,2.0,0.6,1.0,0.5982430416161189,0.3578947368421053,2.0,0.0,6.0,0.65,0.0,1.5652475842498528,2.4499999999999997,6.0,0.0,0.0,0.0,0.0,0.0,0.0,0.0,0.0,0.0,0.0,0.0,0.0,0.0,0.0,0.0,1.0,0.1,0.0,0.30779350562554625,0.09473684210526317,1.0,0.0,0.0,0.0,0.0,0.0,0.0,0.0,0.0,1.0,0.05,0.0,0.22360679774997894,0.04999999999999999,1.0,17.0,2.0,3.0,0.0,0.0,0.0,0.0,0.0,0.0,0.0,7.0,0.0,1.0,0.0,0.0
68,121,Sprint 42,-2,13,0,0,11,22,3,6,6,12,0,0,2,4,1,6,35.0,9.0,2.0,33.0,2.0,0.0,4.0,0.37142857142857144,0.0,0.9420164319072112,0.8873949579831933,4.0,0.0,2.0,0.37142857142857144,0.0,0.5469549011258115,0.2991596638655462,2.0,0.0,2.0,0.9428571428571428,1.0,0.4815939919779354,0.2319327731092437,2.0,0.0,6.0,0.4,0.0,1.1167178800079327,1.2470588235294116,6.0,0.0,0.0,0.0,0.0,0.0,0.0,0.0,0.0,0.0,0.0,0.0,0.0,0.0,0.0,0.0,4.0,0.3142857142857143,0.0,0.7581490064402819,0.5747899159663866,4.0,0.0,0.0,0.0,0.0,0.0,0.0,0.0,0.0,2.0,0.22857142857142856,0.0,0.5983169672316765,0.357983193277311,2.0,23.0,6.0,12.0,0.0,0.0,0.0,0.0,0.0,0.0,0.0,15.0,0.0,3.0,0.0,0.0
68,135,Sprint 43,-22,10,16,32,6,12,4,8,14,28,0,0,4,8,1,5,41.0,10.0,2.0,39.0,2.0,0.0,4.0,0.34146341463414637,0.0,0.8834522085987724,0.7804878048780488,4.0,0.0,2.0,0.4146341463414634,0.0,0.6314906870294115,0.39878048780487807,2.0,0.0,2.0,0.9024390243902439,1.0,0.5387428908477814,0.2902439024390244,2.0,0.0,2.0,0.2926829268292683,0.0,0.6018264882432639,0.3621951219512195,2.0,0.0,0.0,0.0,0.0,0.0,0.0,0.0,0.0,0.0,0.0,0.0,0.0,0.0,0.0,0.0,3.0,0.5853658536585366,0.0,0.8054691103977099,0.6487804878048781,3.0,0.0,0.0,0.0,0.0,0.0,0.0,0.0,0.0,2.0,0.2926829268292683,0.0,0.6798493376853577,0.4621951219512196,2.0,29.0,10.0,12.0,0.0,0.0,0.0,0.0,0.0,0.0,0.0,15.0,0.0,3.0,1.0,0.0
70,1,Usergrid 0,14,14,0,0,0,0,0,0,0,0,0,0,0,0,1,1,17.0,1.0,0.0,17.0,0.0,0.0,0.0,0.0,0.0,0.0,0.0,0.0,0.0,0.0,0.0,0.0,0.0,0.0,0.0,0.0,2.0,1.0588235294117647,1.0,0.4287464628562721,0.18382352941176472,2.0,0.0,5.0,0.4117647058823529,0.0,1.227743027337753,1.5073529411764706,5.0,0.0,0.0,0.0,0.0,0.0,0.0,0.0,0.0,0.0,0.0,0.0,0.0,0.0,0.0,0.0,0.0,0.0,0.0,0.0,0.0,0.0,0.0,0.0,0.0,0.0,0.0,0.0,0.0,0.0,0.0,0.0,0.0,0.0,0.0,0.0,12.0,0.0,5.0,0.0,0.0,16.0,0.0,0.0,0.0,0.0,0.0,0.0,0.0,0.0,0.0
70,60,Usergrid 1,-18,14,11,28,2,4,0,0,8,22,0,0,5,10,1,6,14.0,2.0,0.0,14.0,0.0,0.0,9.0,2.0714285714285716,1.0,3.0499504589743425,9.302197802197803,9.0,0.0,0.0,0.0,0.0,0.0,0.0,0.0,1.0,2.0,1.2142857142857142,1.0,0.42581531362632,0.18131868131868129,1.0,0.0,5.0,0.35714285714285715,0.0,1.3363062095621219,1.7857142857142858,5.0,0.0,0.0,0.0,0.0,0.0,0.0,0.0,0.0,0.0,0.0,0.0,0.0,0.0,0.0,0.0,1.0,0.07142857142857142,0.0,0.26726124191242434,0.07142857142857141,1.0,0.0,0.0,0.0,0.0,0.0,0.0,0.0,0.0,5.0,0.7142857142857143,0.0,1.3827826698682308,1.9120879120879124,5.0,11.0,0.0,3.0,0.0,0.0,12.0,0.0,0.0,0.0,0.0,0.0,0.0,0.0,0.0,0.0
70,61,Usergrid 2,-30,14,9,24,4,8,0,0,3,12,5,10,5,10,1,5,18.0,0.0,0.0,18.0,0.0,0.0,3.0,0.8888888888888888,1.0,0.9633818428657449,0.9281045751633987,3.0,0.0,0.0,0.0,0.0,0.0,0.0,0.0,1.0,2.0,1.1666666666666667,1.0,0.3834824944236852,0.14705882352941174,1.0,0.0,5.0,0.2777777777777778,0.0,1.1785113019775793,1.388888888888889,5.0,0.0,0.0,0.0,0.0,0.0,0.0,0.0,0.0,0.0,0.0,0.0,0.0,0.0,0.0,0.0,1.0,0.05555555555555555,0.0,0.23570226039551584,0.05555555555555556,1.0,0.0,0.0,0.0,0.0,0.0,0.0,0.0,0.0,5.0,0.5555555555555556,0.0,1.3382263161373769,1.7908496732026147,5.0,15.0,9.0,3.0,0.0,0.0,9.0,0.0,0.0,0.0,0.0,0.0,0.0,0.0,0.0,0.0
70,64,Usergrid 3,-40,14,18,42,2,4,0,0,13,32,1,2,6,12,1,5,20.0,0.0,0.0,20.0,0.0,0.0,3.0,1.15,1.0,1.0894228312566052,1.1868421052631577,3.0,0.0,0.0,0.0,0.0,0.0,0.0,0.0,0.0,2.0,1.1,1.0,0.447213595499958,0.20000000000000004,2.0,0.0,5.0,0.3,0.0,1.1285761872936695,1.2736842105263158,5.0,0.0,0.0,0.0,0.0,0.0,0.0,0.0,0.0,0.0,0.0,0.0,0.0,0.0,0.0,0.0,1.0,0.15,0.0,0.36634754853252327,0.13421052631578947,1.0,0.0,0.0,0.0,0.0,0.0,0.0,0.0,0.0,5.0,0.55,0.0,1.2763022245616642,1.6289473684210525,5.0,17.0,9.0,3.0,0.0,0.0,11.0,0.0,0.0,0.0,0.0,0.0,0.0,0.0,0.0,0.0
70,70,Usergrid 4,-58,14,28,66,0,0,0,0,25,60,1,2,2,4,1,6,29.0,2.0,0.0,28.0,1.0,0.0,8.0,1.4827586206896552,1.0,1.7448022740039795,3.044334975369458,8.0,0.0,1.0,0.06896551724137931,0.0,0.25788071477756375,0.06650246305418718,1.0,0.0,2.0,1.1379310344827587,1.0,0.6394270834691721,0.4088669950738916,2.0,0.0,8.0,0.6551724137931034,0.0,1.7170544144170168,2.9482758620689644,8.0,0.0,0.0,0.0,0.0,0.0,0.0,0.0,0.0,0.0,0.0,0.0,0.0,0.0,0.0,0.0,3.0,0.27586206896551724,0.0,0.6489855668732951,0.42118226600985226,3.0,0.0,1.0,0.034482758620689655,0.0,0.18569533817705192,0.034482758620689676,1.0,0.0,5.0,0.5517241379310345,0.0,1.1207843840221814,1.2561576354679804,5.0,21.0,8.0,8.0,2.0,0.0,16.0,0.0,0.0,0.0,0.0,0.0,1.0,0.0,0.0,0.0
70,71,Usergrid 5,-50,14,24,58,0,0,0,0,20,50,0,0,4,8,1,6,27.0,2.0,0.0,27.0,0.0,0.0,5.0,1.1111111111111112,1.0,1.2506408613597129,1.5641025641025643,5.0,0.0,1.0,0.037037037037037035,0.0,0.19245008972987526,0.037037037037037035,1.0,0.0,2.0,1.1481481481481481,1.0,0.4560451819471487,0.20797720797720798,2.0,0.0,8.0,0.7407407407407407,0.0,1.7670617200616179,3.1225071225071233,8.0,0.0,0.0,0.0,0.0,0.0,0.0,0.0,0.0,0.0,0.0,0.0,0.0,0.0,0.0,0.0,3.0,0.18518518518518517,0.0,0.6224663745652351,0.38746438746438755,3.0,0.0,0.0,0.0,0.0,0.0,0.0,0.0,0.0,5.0,0.4074074074074074,0.0,1.0473137528296366,1.096866096866097,5.0,23.0,8.0,4.0,2.0,0.0,12.0,0.0,0.0,0.0,0.0,0.0,3.0,0.0,0.0,0.0
70,78,Usergrid 6,-66,8,25,61,2,11,0,0,24,64,1,2,2,6,1,6,29.0,0.0,0.0,29.0,0.0,0.0,5.0,0.6896551724137931,0.0,1.1983157309878751,1.4359605911330053,5.0,0.0,0.0,0.0,0.0,0.0,0.0,0.0,0.0,2.0,0.9655172413793104,1.0,0.5658595623783125,0.32019704433497526,2.0,0.0,8.0,0.5862068965517241,0.0,1.5240275911289034,2.3226600985221677,8.0,0.0,0.0,0.0,0.0,0.0,0.0,0.0,0.0,0.0,0.0,0.0,0.0,0.0,0.0,0.0,1.0,0.13793103448275862,0.0,0.35093120317179816,0.12315270935960589,1.0,0.0,0.0,0.0,0.0,0.0,0.0,0.0,0.0,3.0,0.6551724137931034,0.0,0.9737945687202026,0.9482758620689654,3.0,26.0,8.0,3.0,3.0,0.0,17.0,0.0,0.0,0.0,0.0,0.0,1.0,0.0,0.0,0.0
70,79,Usergrid 7,-81,14,28,75,2,8,0,0,25,67,0,0,5,16,1,6,31.0,0.0,0.0,31.0,0.0,0.0,5.0,0.7419354838709677,0.0,1.2640607035920357,1.597849462365592,5.0,0.0,0.0,0.0,0.0,0.0,0.0,0.0,0.0,2.0,1.0,1.0,0.5773502691896257,0.3333333333333333,2.0,0.0,8.0,0.5806451612903226,0.0,1.4781563640424311,2.1849462365591403,8.0,0.0,0.0,0.0,0.0,0.0,0.0,0.0,0.0,0.0,0.0,0.0,0.0,0.0,0.0,0.0,1.0,0.16129032258064516,0.0,0.373878250552983,0.13978494623655913,1.0,0.0,0.0,0.0,0.0,0.0,0.0,0.0,0.0,4.0,0.8064516129032258,0.0,1.1949715432792998,1.4279569892473114,4.0,25.0,6.0,6.0,3.0,0.0,21.0,0.0,0.0,0.0,0.0,0.0,1.0,0.0,0.0,0.0
70,82,Usergrid 8,-4,14,30,83,6,22,5,19,26,72,4,11,1,3,1,6,47.0,0.0,0.0,45.0,0.0,0.0,3.0,0.5319148936170213,0.0,0.8559526558876865,0.7326549491211843,3.0,0.0,0.0,0.0,0.0,0.0,0.0,0.0,0.0,2.0,0.8723404255319149,1.0,0.6120891266657363,0.3746530989824238,2.0,0.0,8.0,0.9361702127659575,0.0,1.593522967722351,2.539315448658649,8.0,0.0,0.0,0.0,0.0,0.0,0.0,0.0,0.0,0.0,0.0,0.0,0.0,0.0,0.0,0.0,1.0,0.1276595744680851,0.0,0.33731814917823844,0.11378353376503232,1.0,0.0,1.0,0.02127659574468085,0.0,0.14586499149789456,0.021276595744680854,1.0,0.0,5.0,0.9787234042553191,1.0,1.2936191513688098,1.6734505087881595,5.0,36.0,6.0,11.0,3.0,2.0,37.0,0.0,0.0,0.0,0.0,0.0,1.0,0.0,0.0,0.0
70,83,Usergrid 9,-12,6,13,36,2,6,1,3,12,33,1,3,1,3,1,6,24.0,0.0,0.0,20.0,1.0,0.0,5.0,0.5416666666666666,0.0,1.3180739131701644,1.73731884057971,5.0,0.0,0.0,0.0,0.0,0.0,0.0,0.0,0.0,1.0,0.8333333333333334,1.0,0.38069349381344053,0.14492753623188406,1.0,0.0,8.0,1.0,0.0,1.8881783261398664,3.5652173913043477,8.0,0.0,0.0,0.0,0.0,0.0,0.0,0.0,0.0,0.0,0.0,0.0,0.0,0.0,0.0,0.0,0.0,0.0,0.0,0.0,0.0,0.0,0.0,1.0,0.041666666666666664,0.0,0.2041241452319315,0.04166666666666667,1.0,0.0,5.0,1.0833333333333333,0.0,1.6129008882638507,2.601449275362319,5.0,14.0,6.0,10.0,3.0,1.0,14.0,0.0,0.0,0.0,2.0,0.0,1.0,0.0,0.0,0.0
70,97,Usergrid 10,1,7,5,18,2,6,0,0,4,15,1,3,2,6,1,5,24.0,0.0,0.0,20.0,0.0,0.0,5.0,0.5833333333333334,0.0,1.2128538629008951,1.4710144927536233,5.0,0.0,0.0,0.0,0.0,0.0,0.0,0.0,0.0,1.0,0.75,1.0,0.4423258684646914,0.1956521739130435,1.0,0.0,8.0,0.75,0.0,1.7997584378973221,3.239130434782609,8.0,0.0,0.0,0.0,0.0,0.0,0.0,0.0,0.0,0.0,0.0,0.0,0.0,0.0,0.0,0.0,1.0,0.041666666666666664,0.0,0.2041241452319315,0.04166666666666667,1.0,0.0,0.0,0.0,0.0,0.0,0.0,0.0,0.0,11.0,0.9583333333333334,0.0,2.3494526035295715,5.519927536231883,11.0,16.0,5.0,8.0,4.0,2.0,14.0,0.0,0.0,0.0,2.0,0.0,1.0,0.0,0.0,0.0
70,98,Usergrid 11,-6,14,9,27,11,29,5,14,4,15,3,7,8,20,1,6,27.0,0.0,0.0,23.0,1.0,0.0,3.0,0.5555555555555556,0.0,0.8915558282417289,0.794871794871795,3.0,0.0,0.0,0.0,0.0,0.0,0.0,0.0,0.0,1.0,0.4444444444444444,0.0,0.5063696835418333,0.25641025641025644,1.0,0.0,5.0,0.7037037037037037,0.0,1.3816048309237736,1.9088319088319088,5.0,0.0,0.0,0.0,0.0,0.0,0.0,0.0,0.0,0.0,0.0,0.0,0.0,0.0,0.0,0.0,1.0,0.037037037037037035,0.0,0.19245008972987526,0.03703703703703704,1.0,0.0,0.0,0.0,0.0,0.0,0.0,0.0,0.0,11.0,0.8518518518518519,0.0,2.1962153408447507,4.823361823361824,11.0,18.0,10.0,9.0,0.0,2.0,17.0,0.0,0.0,0.0,1.0,0.0,0.0,0.0,0.0,0.0
70,103,Usergrid 12,-29,14,15,44,1,2,1,2,4,10,6,18,5,16,1,5,18.0,0.0,0.0,15.0,1.0,0.0,8.0,1.1111111111111112,0.0,1.967048816311287,3.8692810457516353,8.0,0.0,1.0,0.05555555555555555,0.0,0.23570226039551584,0.05555555555555555,1.0,0.0,1.0,0.2222222222222222,0.0,0.42779263194649864,0.18300653594771243,1.0,0.0,5.0,0.8333333333333334,0.0,1.4245742398014511,2.0294117647058822,5.0,0.0,0.0,0.0,0.0,0.0,0.0,0.0,0.0,0.0,0.0,0.0,0.0,0.0,0.0,0.0,0.0,0.0,0.0,0.0,0.0,0.0,0.0,1.0,0.05555555555555555,0.0,0.23570226039551584,0.05555555555555556,1.0,0.0,2.0,0.2777777777777778,0.0,0.5745131499601417,0.33006535947712423,2.0,13.0,13.0,5.0,0.0,1.0,5.0,0.0,0.0,0.0,1.0,0.0,0.0,0.0,0.0,0.0
70,107,Usergrid 13,0,14,15,33,5,18,5,21,15,30,0,0,0,0,1,7,27.0,0.0,0.0,23.0,2.0,0.0,9.0,1.5185185185185186,1.0,2.1189687326689106,4.4900284900284895,9.0,0.0,1.0,0.1111111111111111,0.0,0.32025630761017426,0.10256410256410257,1.0,0.0,1.0,0.5185185185185185,1.0,0.5091750772173156,0.2592592592592593,1.0,0.0,5.0,0.5925925925925926,0.0,1.152230587875243,1.3276353276353279,5.0,0.0,0.0,0.0,0.0,0.0,0.0,0.0,0.0,0.0,0.0,0.0,0.0,0.0,0.0,0.0,1.0,0.037037037037037035,0.0,0.19245008972987523,0.03703703703703703,1.0,0.0,0.0,0.0,0.0,0.0,0.0,0.0,0.0,10.0,0.8518518518518519,0.0,2.032499478734037,4.131054131054131,10.0,16.0,12.0,11.0,0.0,2.0,15.0,0.0,0.0,0.0,0.0,0.0,0.0,0.0,0.0,0.0
70,109,Usergrid 14,-28,14,22,53,1,5,2,6,18,41,1,5,2,6,1,6,26.0,0.0,0.0,20.0,2.0,0.0,10.0,1.1923076923076923,0.0,2.2453370485382504,5.041538461538461,10.0,0.0,1.0,0.07692307692307693,0.0,0.271746488194703,0.07384615384615385,1.0,0.0,1.0,0.46153846153846156,0.0,0.508391127441794,0.25846153846153846,1.0,0.0,3.0,0.3076923076923077,0.0,0.7358929688062399,0.5415384615384616,3.0,0.0,0.0,0.0,0.0,0.0,0.0,0.0,0.0,0.0,0.0,0.0,0.0,0.0,0.0,0.0,0.0,0.0,0.0,0.0,0.0,0.0,0.0,0.0,0.0,0.0,0.0,0.0,0.0,0.0,11.0,0.8461538461538461,0.0,2.257295863502305,5.095384615384615,11.0,20.0,8.0,6.0,0.0,4.0,18.0,0.0,0.0,0.0,0.0,0.0,0.0,0.0,0.0,0.0
70,114,Usergrid 15,-9,7,14,29,2,8,0,0,9,22,1,5,6,10,1,5,32.0,0.0,0.0,26.0,1.0,0.0,11.0,0.75,0.0,2.079081683138325,4.32258064516129,11.0,0.0,0.0,0.0,0.0,0.0,0.0,0.0,0.0,2.0,0.59375,1.0,0.5599179087296003,0.31350806451612906,2.0,0.0,12.0,0.71875,0.0,2.173660136060091,4.724798387096774,12.0,0.0,0.0,0.0,0.0,0.0,0.0,0.0,0.0,0.0,0.0,0.0,0.0,0.0,0.0,0.0,0.0,0.0,0.0,0.0,0.0,0.0,0.0,0.0,0.0,0.0,0.0,0.0,0.0,0.0,11.0,0.65625,0.0,2.009804596504106,4.039314516129032,11.0,28.0,11.0,4.0,1.0,4.0,20.0,0.0,0.0,0.0,1.0,0.0,0.0,0.0,0.0,0.0
70,123,Usergrid 16,-5,14,13,23,3,8,8,16,8,15,0,0,0,0,1,5,17.0,0.0,0.0,15.0,0.0,0.0,5.0,1.1176470588235294,0.0,1.536324873731809,2.360294117647059,5.0,0.0,1.0,0.058823529411764705,0.0,0.242535625036333,0.05882352941176471,1.0,0.0,1.0,0.5882352941176471,1.0,0.5072996561958923,0.25735294117647056,1.0,0.0,12.0,1.1176470588235294,0.0,2.869720215917757,8.235294117647058,12.0,0.0,0.0,0.0,0.0,0.0,0.0,0.0,0.0,0.0,0.0,0.0,0.0,0.0,0.0,0.0,0.0,0.0,0.0,0.0,0.0,0.0,0.0,0.0,0.0,0.0,0.0,0.0,0.0,0.0,4.0,0.5294117647058824,0.0,1.1788578719900635,1.3897058823529411,4.0,15.0,3.0,2.0,1.0,2.0,13.0,0.0,0.0,0.0,0.0,0.0,0.0,0.0,0.0,0.0
70,124,Usergrid 17,-17,7,23,46,1,3,0,0,7,13,3,6,14,30,1,4,33.0,0.0,0.0,31.0,0.0,0.0,5.0,0.6060606060606061,0.0,1.1709876691119,1.371212121212121,5.0,0.0,0.0,0.0,0.0,0.0,0.0,0.0,0.0,1.0,0.5757575757575758,1.0,0.5018903659106632,0.2518939393939394,1.0,0.0,12.0,0.696969696969697,0.0,2.0839393058107594,4.342803030303029,12.0,0.0,0.0,0.0,0.0,0.0,0.0,0.0,0.0,0.0,0.0,0.0,0.0,0.0,0.0,0.0,0.0,0.0,0.0,0.0,0.0,0.0,0.0,0.0,0.0,0.0,0.0,0.0,0.0,0.0,4.0,0.21212121212121213,0.0,0.7398300378117159,0.547348484848485,4.0,26.0,21.0,7.0,1.0,2.0,11.0,0.0,0.0,0.0,0.0,0.0,0.0,0.0,0.0,0.0
70,125,Usergrid 18,-26,14,18,36,1,3,0,0,12,24,1,3,6,12,1,6,22.0,0.0,0.0,21.0,0.0,0.0,10.0,0.9090909090909091,0.0,2.2447630251233734,5.038961038961039,10.0,0.0,0.0,0.0,0.0,0.0,0.0,0.0,0.0,1.0,0.8181818181818182,1.0,0.39477101697586137,0.15584415584415584,1.0,0.0,12.0,1.0454545454545454,0.0,2.553751166743742,6.521645021645025,12.0,0.0,0.0,0.0,0.0,0.0,0.0,0.0,0.0,0.0,0.0,0.0,0.0,0.0,0.0,0.0,0.0,0.0,0.0,0.0,0.0,0.0,0.0,0.0,0.0,0.0,0.0,0.0,0.0,0.0,4.0,0.22727272727272727,0.0,0.8691439785278707,0.7554112554112558,4.0,16.0,10.0,6.0,1.0,1.0,11.0,0.0,0.0,0.0,0.0,0.0,0.0,0.0,0.0,0.0
70,126,Usergrid 19,-37,14,22,48,6,8,2,7,19,36,2,4,5,9,1,5,29.0,0.0,0.0,29.0,0.0,0.0,3.0,0.7586206896551724,0.0,1.0231314820474688,1.0467980295566501,3.0,0.0,0.0,0.0,0.0,0.0,0.0,0.0,0.0,2.0,0.8620689655172413,1.0,0.4411136823860458,0.1945812807881773,2.0,0.0,12.0,0.896551724137931,0.0,2.2094735569847357,4.88177339901478,12.0,0.0,0.0,0.0,0.0,0.0,0.0,0.0,0.0,0.0,0.0,0.0,0.0,0.0,0.0,0.0,0.0,0.0,0.0,0.0,0.0,0.0,0.0,0.0,0.0,0.0,0.0,0.0,0.0,0.0,4.0,0.4827586206896552,0.0,1.0562970921090475,1.1157635467980296,4.0,26.0,15.0,3.0,1.0,0.0,13.0,0.0,0.0,0.0,0.0,0.0,0.0,0.0,0.0,0.0
70,129,Usergrid 20,8,6,23,43,1,5,1,5,8,19,1,2,14,22,1,6,40.0,0.0,0.0,40.0,0.0,0.0,4.0,0.6,0.0,1.0813097471264972,1.169230769230769,4.0,0.0,0.0,0.0,0.0,0.0,0.0,0.0,0.0,2.0,0.875,1.0,0.40430377003131995,0.16346153846153846,2.0,0.0,12.0,0.65,0.0,1.9155236279489662,3.66923076923077,12.0,0.0,0.0,0.0,0.0,0.0,0.0,0.0,0.0,0.0,0.0,0.0,0.0,0.0,0.0,0.0,2.0,0.05,0.0,0.31622776601683794,0.09999999999999999,2.0,0.0,0.0,0.0,0.0,0.0,0.0,0.0,0.0,4.0,0.325,0.0,0.9971112120675251,0.994230769230769,4.0,31.0,26.0,9.0,1.0,0.0,13.0,0.0,0.0,0.0,0.0,0.0,0.0,0.0,0.0,0.0
70,133,Usergrid 21,-12,14,13,35,8,20,4,13,17,42,0,0,0,0,1,6,34.0,0.0,0.0,33.0,0.0,0.0,8.0,0.8529411764705882,0.0,1.6168122947438697,2.6140819964349378,8.0,0.0,0.0,0.0,0.0,0.0,0.0,0.0,0.0,1.0,0.8235294117647058,1.0,0.3869529949759475,0.14973262032085566,1.0,0.0,1.0,0.11764705882352941,0.0,0.3270349700838643,0.10695187165775401,1.0,0.0,0.0,0.0,0.0,0.0,0.0,0.0,0.0,0.0,0.0,0.0,0.0,0.0,0.0,0.0,0.0,0.0,0.0,0.0,0.0,0.0,0.0,0.0,0.0,0.0,0.0,0.0,0.0,0.0,3.0,0.29411764705882354,0.0,0.6755205294731985,0.45632798573975053,3.0,29.0,12.0,5.0,1.0,1.0,21.0,0.0,0.0,0.0,0.0,0.0,0.0,0.0,0.0,0.0
70,138,Usergrid 22,-40,7,24,69,4,8,0,0,23,66,1,3,4,8,1,7,35.0,0.0,0.0,32.0,1.0,0.0,6.0,0.4857142857142857,0.0,1.37992814330032,1.904201680672269,6.0,0.0,0.0,0.0,0.0,0.0,0.0,0.0,0.0,2.0,0.8285714285714286,1.0,0.45281565433046006,0.2050420168067227,2.0,0.0,1.0,0.17142857142857143,0.0,0.38238526043109716,0.14621848739495802,1.0,0.0,0.0,0.0,0.0,0.0,0.0,0.0,0.0,0.0,0.0,0.0,0.0,0.0,0.0,0.0,0.0,0.0,0.0,0.0,0.0,0.0,0.0,1.0,0.02857142857142857,0.0,0.16903085094570333,0.028571428571428574,1.0,0.0,9.0,0.7142857142857143,0.0,1.655142229030281,2.7394957983193278,9.0,24.0,14.0,11.0,1.0,2.0,20.0,0.0,0.0,0.0,0.0,0.0,0.0,0.0,0.0,0.0
70,140,Usergrid 23,-10,14,14,33,4,11,0,0,5,17,1,2,12,25,1,7,23.0,0.0,0.0,22.0,1.0,0.0,7.0,0.9130434782608695,0.0,1.7032867552913655,2.9011857707509883,7.0,0.0,1.0,0.043478260869565216,0.0,0.20851441405707477,0.04347826086956522,1.0,0.0,1.0,0.6956521739130435,1.0,0.4704719688969648,0.22134387351778662,1.0,0.0,1.0,0.08695652173913043,0.0,0.28810406552003043,0.08300395256916998,1.0,0.0,0.0,0.0,0.0,0.0,0.0,0.0,0.0,0.0,0.0,0.0,0.0,0.0,0.0,0.0,0.0,0.0,0.0,0.0,0.0,0.0,0.0,0.0,0.0,0.0,0.0,0.0,0.0,0.0,1.0,0.21739130434782608,0.0,0.4217411678366499,0.1778656126482213,1.0,16.0,9.0,7.0,1.0,0.0,13.0,0.0,0.0,0.0,0.0,0.0,0.0,0.0,0.0,0.0
70,146,Usergrid 24,-20,14,14,38,1,1,0,0,13,35,1,1,1,3,1,5,17.0,0.0,0.0,15.0,0.0,0.0,2.0,0.11764705882352941,0.0,0.485071250072666,0.23529411764705885,2.0,0.0,0.0,0.0,0.0,0.0,0.0,0.0,0.0,1.0,0.7058823529411765,1.0,0.46966821831386213,0.22058823529411767,1.0,0.0,1.0,0.11764705882352941,0.0,0.3321055820775357,0.1102941176470588,1.0,0.0,0.0,0.0,0.0,0.0,0.0,0.0,0.0,0.0,0.0,0.0,0.0,0.0,0.0,0.0,0.0,0.0,0.0,0.0,0.0,0.0,0.0,0.0,0.0,0.0,0.0,0.0,0.0,0.0,3.0,0.7058823529411765,0.0,0.9195587176978519,0.8455882352941178,3.0,14.0,4.0,3.0,1.0,0.0,12.0,0.0,0.0,0.0,2.0,0.0,0.0,0.0,0.0,0.0
70,152,Usergrid 25,-33,7,20,57,0,0,0,0,14,37,2,13,4,7,1,8,24.0,0.0,0.0,21.0,0.0,0.0,2.0,0.3333333333333333,0.0,0.6370220572706061,0.4057971014492754,2.0,0.0,1.0,0.08333333333333333,0.0,0.28232985128663995,0.07971014492753623,1.0,0.0,2.0,0.8333333333333334,1.0,0.5646597025732799,0.31884057971014496,2.0,0.0,1.0,0.08333333333333333,0.0,0.28232985128663995,0.07971014492753623,1.0,0.0,0.0,0.0,0.0,0.0,0.0,0.0,0.0,0.0,0.0,0.0,0.0,0.0,0.0,0.0,3.0,0.875,1.0,0.9469631093315001,0.8967391304347826,3.0,0.0,1.0,0.041666666666666664,0.0,0.20412414523193154,0.04166666666666668,1.0,0.0,10.0,1.6666666666666667,1.0,2.5309676215726813,6.405797101449275,10.0,16.0,3.0,8.0,1.0,2.0,20.0,0.0,0.0,0.0,1.0,0.0,0.0,0.0,0.0,0.0
73,84,Sharan - Jira Test Sprint,-4,7,4,8,2,4,1,2,4,8,0,0,1,2,1,4,6.0,2.0,1.0,4.0,2.0,0.0,142.0,32.666666666666664,13.0,54.10976498439692,2927.866666666667,142.0,0.0,4.0,2.0,1.5,1.6733200530681511,2.8,4.0,0.0,3.0,1.1666666666666667,1.0,1.1690451944500122,1.3666666666666667,3.0,0.0,3.0,0.8333333333333334,0.5,1.1690451944500122,1.3666666666666667,3.0,0.0,0.0,0.0,0.0,0.0,0.0,0.0,0.0,0.0,0.0,0.0,0.0,0.0,0.0,0.0,4.0,1.6666666666666667,1.0,1.505545305418162,2.2666666666666666,4.0,0.0,2.0,0.3333333333333333,0.0,0.816496580927726,0.6666666666666667,2.0,0.0,2.0,0.8333333333333334,1.0,0.752772652709081,0.5666666666666667,2.0,4.0,2.0,2.0,0.0,0.0,0.0,0.0,0.0,1.0,0.0,0.0,0.0,0.0,0.0,0.0
73,96,Community Day 1 - 2015,-8,4,3,6,13,26,0,0,2,4,3,6,11,22,1,7,32.0,7.0,1.0,29.0,2.0,0.0,19.0,3.25,1.0,4.765467177450165,22.70967741935484,19.0,0.0,10.0,1.375,1.0,1.699145895499721,2.8870967741935485,10.0,0.0,4.0,1.03125,0.0,1.513048087844214,2.2893145161290325,4.0,0.0,5.0,0.53125,0.0,1.015504800579495,1.03125,5.0,0.0,0.0,0.0,0.0,0.0,0.0,0.0,0.0,0.0,0.0,0.0,0.0,0.0,0.0,0.0,8.0,1.0625,0.0,1.9664525124881524,3.8669354838709675,8.0,0.0,0.0,0.0,0.0,0.0,0.0,0.0,0.0,3.0,0.28125,0.0,0.6831792378049423,0.46673387096774194,3.0,22.0,10.0,10.0,0.0,0.0,0.0,1.0,0.0,0.0,0.0,14.0,0.0,0.0,0.0,0.0
73,145,Community Day 2 - 2015,-22,3,16,32,18,36,0,0,10,20,3,6,21,42,1,10,53.0,17.0,0.0,20.0,29.0,0.0,17.0,4.037735849056604,3.0,3.812743127939734,14.537010159651667,17.0,0.0,3.0,0.7924528301886793,1.0,0.7932040809768784,0.6291727140783744,3.0,0.0,4.0,0.5660377358490566,0.0,0.9508990475064224,0.9042089985486215,4.0,0.0,6.0,1.0377358490566038,0.0,2.028283322559929,4.113933236574745,6.0,0.0,0.0,0.0,0.0,0.0,0.0,0.0,0.0,0.0,0.0,0.0,0.0,0.0,0.0,0.0,5.0,0.4528301886792453,0.0,1.0296757842202462,1.0602322206095791,5.0,0.0,1.0,0.05660377358490566,0.0,0.23329531793437605,0.0544267053701016,1.0,0.0,2.0,0.3018867924528302,0.0,0.6071657250757996,0.3686502177068215,2.0,33.0,21.0,20.0,0.0,0.0,0.0,4.0,0.0,0.0,0.0,15.0,0.0,0.0,0.0,0.0
74,84,Sharan - Jira Test Sprint,-4,7,4,8,2,4,1,2,4,8,0,0,1,2,1,4,6.0,2.0,1.0,4.0,2.0,0.0,142.0,32.666666666666664,13.0,54.10976498439692,2927.866666666667,142.0,0.0,4.0,2.0,1.5,1.6733200530681511,2.8,4.0,0.0,3.0,1.1666666666666667,1.0,1.1690451944500122,1.3666666666666667,3.0,0.0,3.0,0.8333333333333334,0.5,1.1690451944500122,1.3666666666666667,3.0,0.0,0.0,0.0,0.0,0.0,0.0,0.0,0.0,0.0,0.0,0.0,0.0,0.0,0.0,0.0,4.0,1.6666666666666667,1.0,1.505545305418162,2.2666666666666666,4.0,0.0,2.0,0.3333333333333333,0.0,0.816496580927726,0.6666666666666667,2.0,0.0,2.0,0.8333333333333334,1.0,0.752772652709081,0.5666666666666667,2.0,4.0,2.0,2.0,0.0,0.0,0.0,0.0,0.0,1.0,0.0,0.0,0.0,0.0,0.0,0.0
74,96,Community Day 1 - 2015,-8,4,3,6,13,26,0,0,2,4,3,6,11,22,1,7,32.0,7.0,1.0,29.0,2.0,0.0,19.0,3.25,1.0,4.765467177450165,22.70967741935484,19.0,0.0,10.0,1.375,1.0,1.699145895499721,2.8870967741935485,10.0,0.0,4.0,1.03125,0.0,1.513048087844214,2.2893145161290325,4.0,0.0,5.0,0.53125,0.0,1.015504800579495,1.03125,5.0,0.0,0.0,0.0,0.0,0.0,0.0,0.0,0.0,0.0,0.0,0.0,0.0,0.0,0.0,0.0,8.0,1.0625,0.0,1.9664525124881524,3.8669354838709675,8.0,0.0,0.0,0.0,0.0,0.0,0.0,0.0,0.0,3.0,0.28125,0.0,0.6831792378049423,0.46673387096774194,3.0,22.0,10.0,10.0,0.0,0.0,0.0,1.0,0.0,0.0,0.0,14.0,0.0,0.0,0.0,0.0
74,145,Community Day 2 - 2015,-22,3,16,32,18,36,0,0,10,20,3,6,21,42,1,10,53.0,17.0,0.0,20.0,29.0,0.0,17.0,4.037735849056604,3.0,3.812743127939734,14.537010159651667,17.0,0.0,3.0,0.7924528301886793,1.0,0.7932040809768784,0.6291727140783744,3.0,0.0,4.0,0.5660377358490566,0.0,0.9508990475064224,0.9042089985486215,4.0,0.0,6.0,1.0377358490566038,0.0,2.028283322559929,4.113933236574745,6.0,0.0,0.0,0.0,0.0,0.0,0.0,0.0,0.0,0.0,0.0,0.0,0.0,0.0,0.0,0.0,5.0,0.4528301886792453,0.0,1.0296757842202462,1.0602322206095791,5.0,0.0,1.0,0.05660377358490566,0.0,0.23329531793437605,0.0544267053701016,1.0,0.0,2.0,0.3018867924528302,0.0,0.6071657250757996,0.3686502177068215,2.0,33.0,21.0,20.0,0.0,0.0,0.0,4.0,0.0,0.0,0.0,15.0,0.0,0.0,0.0,0.0
