boardid,sprintid,name,vel_diff,planday,no_issue_starttime,vel_starttime,no_issue_added,vel_added,no_issue_removed,vel_removed,no_issuetodo,vel_todo,no_issueinprogress,vel_inprogress,no_issuedone,vel_done,no_admin,no_teammember,type_Task,type_Improvement,type_Bug,type_Epic,priority_Major,priority_Minor,priority_Trivial,priority_Critical,no_comment_min,no_comment_max,no_comment_mean,no_comment_median,no_comment_std,no_comment_var,no_comment_range,no_comment_freq,no_affectversion_min,no_affectversion_max,no_affectversion_mean,no_affectversion_median,no_affectversion_std,no_affectversion_var,no_affectversion_range,no_affectversion_freq,no_fixversion_min,no_fixversion_max,no_fixversion_mean,no_fixversion_median,no_fixversion_std,no_fixversion_var,no_fixversion_range,no_fixversion_freq,no_issuelink_min,no_issuelink_max,no_issuelink_mean,no_issuelink_median,no_issuelink_std,no_issuelink_var,no_issuelink_range,no_issuelink_freq,no_blocking_min,no_blocking_max,no_blocking_mean,no_blocking_median,no_blocking_std,no_blocking_var,no_blocking_range,no_blocking_freq,no_blockedby_min,no_blockedby_max,no_blockedby_mean,no_blockedby_median,no_blockedby_std,no_blockedby_var,no_blockedby_range,no_blockedby_freq,no_fixversion_change_min,no_fixversion_change_max,no_fixversion_change_mean,no_fixversion_change_median,no_fixversion_change_std,no_fixversion_change_var,no_fixversion_change_range,no_fixversion_change_freq,no_priority_change_min,no_priority_change_max,no_priority_change_mean,no_priority_change_median,no_priority_change_std,no_priority_change_var,no_priority_change_range,no_priority_change_freq,no_des_change_min,no_des_change_max,no_des_change_mean,no_des_change_median,no_des_change_std,no_des_change_var,no_des_change_range,no_des_change_freq,gunning_fog_easy,gunning_fog_hard,priority_Blocker,type_Story,type_Documentation,type_Wish,type_Sub-task,type_Technical task,type_New Feature,type_Test,type_Umbrella
1,8,Q2'14 Sprint 1,0,9,0,0,2,2,2,2,0,0,0,0,0,0,3,1,18.0,17.0,7.0,1.0,31.0,9.0,2.0,1.0,0.0,32.0,2.5348837209302326,1.0,5.011172456713016,25.111849390919165,32.0,1.0,0.0,9.0,0.3953488372093023,0.0,1.6350263560380585,2.6733111849390916,9.0,0.0,0.0,1.0,0.627906976744186,1.0,0.4890834875635335,0.239202657807309,1.0,1.0,0.0,10.0,1.302325581395349,1.0,1.9090621447258467,3.6445182724252496,10.0,0.0,0.0,0.0,0.0,0.0,0.0,0.0,0.0,0.0,0.0,0.0,0.0,0.0,0.0,0.0,0.0,0.0,0.0,13.0,1.1395348837209303,0.0,2.512647961517104,6.313399778516058,13.0,0.0,0.0,1.0,0.046511627906976744,0.0,0.21308263231644634,0.045404208194905864,1.0,0.0,0.0,2.0,0.18604651162790697,0.0,0.5002767783217783,0.2502768549280177,2.0,0.0,24.0,19.0,,,,,,,,,
1,12,Q2'14 Sprint 2,3,13,0,0,0,0,0,0,0,0,0,0,0,0,3,1,9.0,6.0,21.0,,25.0,7.0,1.0,2.0,0.0,17.0,1.2777777777777777,0.0,3.066977209949433,9.406349206349208,17.0,0.0,0.0,9.0,0.6944444444444444,0.0,1.7698982124799385,3.1325396825396816,9.0,0.0,0.0,1.0,0.7222222222222222,1.0,0.45425676257949793,0.20634920634920637,1.0,1.0,0.0,2.0,0.6944444444444444,1.0,0.749073501808141,0.561111111111111,2.0,0.0,0.0,0.0,0.0,0.0,0.0,0.0,0.0,0.0,0.0,0.0,0.0,0.0,0.0,0.0,0.0,0.0,0.0,13.0,0.9722222222222222,0.0,2.4783186825070525,6.142063492063493,13.0,0.0,0.0,0.0,0.0,0.0,0.0,0.0,0.0,0.0,0.0,2.0,0.08333333333333333,0.0,0.3683941988065037,0.13571428571428576,2.0,0.0,16.0,20.0,1.0,,,,,,,,
1,13,Q2 Sprint 3,0,12,0,0,0,0,0,0,0,0,0,0,0,0,3,1,5.0,13.0,19.0,,30.0,4.0,,2.0,0.0,7.0,0.972972972972973,0.0,1.8780380792271032,3.5270270270270268,7.0,0.0,0.0,9.0,0.6486486486486487,0.0,1.751447277986856,3.067567567567567,9.0,0.0,0.0,1.0,0.4864864864864865,0.0,0.5067117097095317,0.25675675675675674,1.0,0.0,0.0,2.0,0.35135135135135137,0.0,0.6331673561554646,0.4009009009009009,2.0,0.0,0.0,0.0,0.0,0.0,0.0,0.0,0.0,0.0,0.0,0.0,0.0,0.0,0.0,0.0,0.0,0.0,0.0,14.0,0.8648648648648649,0.0,2.6890948721142633,7.231231231231226,14.0,0.0,0.0,0.0,0.0,0.0,0.0,0.0,0.0,0.0,0.0,2.0,0.16216216216216217,0.0,0.44180900307168386,0.19519519519519515,2.0,0.0,16.0,21.0,1.0,,,,,,,,
1,20,Q2 Sprint 4,-1,12,3,3,1,1,3,3,0,0,1,1,0,0,3,1,5.0,14.0,26.0,,40.0,7.0,,2.0,0.0,9.0,1.6938775510204083,1.0,2.0837074494021173,4.341836734693877,9.0,0.0,0.0,9.0,0.4897959183673469,0.0,1.5562032988922088,2.421768707482993,9.0,0.0,0.0,1.0,0.46938775510204084,0.0,0.5042337758225565,0.2542517006802721,1.0,0.0,0.0,3.0,0.4897959183673469,0.0,0.8196149751456432,0.6717687074829932,3.0,0.0,0.0,0.0,0.0,0.0,0.0,0.0,0.0,0.0,0.0,0.0,0.0,0.0,0.0,0.0,0.0,0.0,0.0,14.0,1.2040816326530612,0.0,2.5081499808684913,6.290816326530613,14.0,0.0,0.0,0.0,0.0,0.0,0.0,0.0,0.0,0.0,0.0,1.0,0.08163265306122448,0.0,0.2766416675862441,0.07653061224489796,1.0,0.0,27.0,22.0,,3.0,1.0,,,,,,
1,24,Q3 Sprint 1,0,9,0,0,0,0,0,0,0,0,0,0,0,0,3,1,2.0,8.0,15.0,,29.0,,,,0.0,10.0,1.8620689655172413,1.0,2.2634382495132503,5.123152709359607,10.0,0.0,0.0,1.0,0.20689655172413793,0.0,0.4122508203948855,0.16995073891625614,1.0,0.0,0.0,1.0,0.4827586206896552,0.0,0.5085476277156078,0.2586206896551724,1.0,0.0,0.0,3.0,0.41379310344827586,0.0,0.6822882392210131,0.46551724137931044,3.0,0.0,0.0,0.0,0.0,0.0,0.0,0.0,0.0,0.0,0.0,0.0,0.0,0.0,0.0,0.0,0.0,0.0,0.0,9.0,1.2758620689655173,0.0,2.343631975681853,5.492610837438424,9.0,0.0,0.0,0.0,0.0,0.0,0.0,0.0,0.0,0.0,0.0,2.0,0.10344827586206896,0.0,0.40925259281898757,0.16748768472906403,2.0,0.0,4.0,25.0,,1.0,3.0,,,,,,
1,25,Q3 Sprint 2,0,9,0,0,0,0,0,0,0,0,0,0,0,0,3,2,4.0,7.0,15.0,,22.0,3.0,,1.0,0.0,11.0,1.8461538461538463,1.0,2.5249523986373714,6.375384615384616,11.0,0.0,0.0,1.0,0.15384615384615385,0.0,0.36794648440311994,0.1353846153846154,1.0,0.0,0.0,1.0,0.5769230769230769,1.0,0.503831473655779,0.2538461538461539,1.0,1.0,0.0,3.0,0.4230769230769231,0.0,0.7575263387144726,0.5738461538461539,3.0,0.0,0.0,0.0,0.0,0.0,0.0,0.0,0.0,0.0,0.0,0.0,0.0,0.0,0.0,0.0,0.0,0.0,0.0,9.0,1.4230769230769231,0.0,2.858993905877757,8.173846153846153,9.0,0.0,0.0,0.0,0.0,0.0,0.0,0.0,0.0,0.0,0.0,2.0,0.11538461538461539,0.0,0.43145549730400484,0.18615384615384614,2.0,0.0,6.0,20.0,,,,,,,,,
1,30,Q3 Sprint 3,-8,11,1,8,0,0,0,0,1,8,0,0,0,0,3,2,2.0,2.0,9.0,,13.0,1.0,,,1.0,6.0,2.5,2.0,1.4005493427717788,1.9615384615384615,5.0,2.0,0.0,1.0,0.14285714285714285,0.0,0.3631365196012815,0.1318681318681319,1.0,0.0,0.0,1.0,0.5714285714285714,1.0,0.5135525910130955,0.26373626373626374,1.0,1.0,0.0,4.0,1.2857142857142858,0.0,1.8156825980064073,3.296703296703297,4.0,0.0,0.0,0.0,0.0,0.0,0.0,0.0,0.0,0.0,0.0,0.0,0.0,0.0,0.0,0.0,0.0,0.0,0.0,2.0,0.5,0.0,0.6504436355879909,0.4230769230769231,2.0,0.0,0.0,0.0,0.0,0.0,0.0,0.0,0.0,0.0,0.0,2.0,0.2857142857142857,0.0,0.726273039202563,0.5274725274725276,2.0,0.0,3.0,11.0,,,1.0,,,,,,
1,31,Q3 Sprint 4,-9,11,2,9,0,0,0,0,2,9,0,0,0,0,3,3,3.0,7.0,19.0,,22.0,6.0,1.0,,0.0,44.0,3.586206896551724,0.0,9.217674177436482,84.96551724137933,44.0,0.0,0.0,1.0,0.3793103448275862,0.0,0.49380397379124,0.24384236453201966,1.0,0.0,0.0,1.0,0.3793103448275862,0.0,0.49380397379124,0.24384236453201966,1.0,0.0,0.0,6.0,0.8620689655172413,0.0,1.5288683473881328,2.3374384236453203,6.0,0.0,0.0,0.0,0.0,0.0,0.0,0.0,0.0,0.0,0.0,0.0,0.0,0.0,0.0,0.0,0.0,0.0,0.0,8.0,0.7241379310344828,0.0,1.645264888011696,2.706896551724139,8.0,0.0,0.0,0.0,0.0,0.0,0.0,0.0,0.0,0.0,0.0,2.0,0.20689655172413793,0.0,0.6198680933892069,0.3842364532019705,2.0,0.0,8.0,21.0,,,,,,,,,
1,36,Mesos Q3 Sprint 5,0,14,0,0,2,2,2,2,0,0,0,0,0,0,3,6,2.0,9.0,22.0,7.0,38.0,2.0,,1.0,0.0,11.0,2.261904761904762,2.0,2.43009107336635,5.905342624854819,11.0,0.0,0.0,1.0,0.30952380952380953,0.0,0.4679011380933327,0.218931475029036,1.0,0.0,0.0,1.0,0.38095238095238093,0.0,0.49150743499231975,0.2415795586527294,1.0,0.0,0.0,8.0,1.7857142857142858,0.5,2.6368469186651446,6.952961672473867,8.0,0.0,0.0,0.0,0.0,0.0,0.0,0.0,0.0,0.0,0.0,0.0,0.0,0.0,0.0,0.0,0.0,0.0,0.0,1.0,0.21428571428571427,0.0,0.4152997322366327,0.17247386759581881,1.0,0.0,0.0,0.0,0.0,0.0,0.0,0.0,0.0,0.0,0.0,2.0,0.16666666666666666,0.0,0.5372316876161176,0.2886178861788618,2.0,0.0,7.0,35.0,1.0,1.0,1.0,,,,,,
1,38,Mesos Q3 Sprint 6,-3,14,1,3,0,0,0,0,1,3,0,0,0,0,3,3,2.0,4.0,15.0,2.0,19.0,5.0,,,0.0,35.0,4.541666666666667,3.0,7.168646507788146,51.38949275362317,35.0,0.0,0.0,1.0,0.4583333333333333,0.0,0.5089773777040516,0.2590579710144928,1.0,0.0,0.0,1.0,0.5,0.5,0.5107539184552492,0.2608695652173913,1.0,0.0,0.0,3.0,1.125,1.0,0.8998792189486611,0.8097826086956522,3.0,2.0,0.0,0.0,0.0,0.0,0.0,0.0,0.0,0.0,0.0,0.0,0.0,0.0,0.0,0.0,0.0,0.0,0.0,1.0,0.125,0.0,0.3378319623460881,0.11413043478260869,1.0,0.0,0.0,0.0,0.0,0.0,0.0,0.0,0.0,0.0,0.0,2.0,0.2916666666666667,0.0,0.6240935455708451,0.3894927536231884,2.0,0.0,5.0,19.0,,1.0,,,,,,,
1,43,Twitter Q4 Sprint 1,-14,14,5,14,0,0,0,0,4,11,1,3,0,0,3,4,2.0,4.0,17.0,2.0,21.0,4.0,,1.0,0.0,12.0,2.814814814814815,2.0,3.0386869258971436,9.233618233618232,12.0,2.0,0.0,7.0,0.6666666666666666,0.0,1.3867504905630728,1.9230769230769231,7.0,0.0,0.0,1.0,0.5925925925925926,1.0,0.5007117441325405,0.2507122507122507,1.0,1.0,0.0,5.0,1.1851851851851851,1.0,1.001423488265081,1.0028490028490027,5.0,1.0,0.0,0.0,0.0,0.0,0.0,0.0,0.0,0.0,0.0,0.0,0.0,0.0,0.0,0.0,0.0,0.0,0.0,9.0,0.5555555555555556,0.0,1.7394369852458083,3.0256410256410264,9.0,0.0,0.0,0.0,0.0,0.0,0.0,0.0,0.0,0.0,0.0,5.0,0.48148148148148145,0.0,1.08735283249559,1.1823361823361822,5.0,0.0,7.0,20.0,1.0,2.0,,,,,,,
1,45,Mesosphere Q4 Sprint 1 10/31,-4,12,4,5,5,14,6,15,3,4,0,0,0,0,3,7,9.0,13.0,13.0,6.0,30.0,9.0,,4.0,0.0,18.0,4.372093023255814,3.0,5.2735785979954715,27.81063122923588,18.0,3.0,0.0,7.0,0.3953488372093023,0.0,1.1368196004585385,1.292358803986711,7.0,0.0,0.0,1.0,0.18604651162790697,0.0,0.3937496154790789,0.15503875968992248,1.0,0.0,0.0,5.0,1.0,1.0,1.3627702877384937,1.8571428571428572,5.0,0.0,0.0,0.0,0.0,0.0,0.0,0.0,0.0,0.0,0.0,0.0,0.0,0.0,0.0,0.0,0.0,0.0,0.0,10.0,0.27906976744186046,0.0,1.5325916642414332,2.348837209302326,10.0,0.0,0.0,1.0,0.06976744186046512,0.0,0.2577696311132336,0.06644518272425251,1.0,0.0,0.0,5.0,0.4883720930232558,0.0,0.9849363775260239,0.9700996677740864,5.0,0.0,14.0,29.0,,2.0,,,,,,,
1,47,Mesosphere Q4 Sprint 2 - 11/14,-5,10,4,5,0,0,0,0,4,5,0,0,0,0,3,4,1.0,4.0,3.0,2.0,8.0,,,3.0,0.0,18.0,5.2727272727272725,2.0,7.01556710595671,49.21818181818181,18.0,0.0,0.0,0.0,0.0,0.0,0.0,0.0,0.0,0.0,0.0,1.0,0.09090909090909091,0.0,0.3015113445777636,0.09090909090909088,1.0,0.0,0.0,4.0,0.7272727272727273,0.0,1.6180796699117808,2.6181818181818173,4.0,0.0,0.0,0.0,0.0,0.0,0.0,0.0,0.0,0.0,0.0,0.0,0.0,0.0,0.0,0.0,0.0,0.0,0.0,0.0,0.0,0.0,0.0,0.0,0.0,0.0,0.0,0.0,0.0,0.0,0.0,0.0,0.0,0.0,0.0,2.0,0.45454545454545453,0.0,0.6875516509523286,0.47272727272727266,2.0,0.0,7.0,4.0,,,1.0,,,,,,
1,49,Twitter Mesos Q4 Sprint 2,-13,14,6,15,0,0,1,2,2,6,3,7,0,0,3,4,3.0,8.0,16.0,2.0,25.0,9.0,,,0.0,12.0,2.8529411764705883,2.5,2.903836051607727,8.432263814616753,12.0,4.0,0.0,7.0,0.6176470588235294,0.0,1.2556467820827337,1.5766488413547242,7.0,0.0,0.0,1.0,0.5294117647058824,1.0,0.5066403971048989,0.25668449197860965,1.0,1.0,0.0,5.0,1.0294117647058822,1.0,1.1142409868727206,1.2415329768270944,5.0,1.0,0.0,0.0,0.0,0.0,0.0,0.0,0.0,0.0,0.0,0.0,0.0,0.0,0.0,0.0,0.0,0.0,0.0,10.0,0.5882352941176471,0.0,1.7253483979979676,2.976827094474153,10.0,0.0,0.0,0.0,0.0,0.0,0.0,0.0,0.0,0.0,0.0,5.0,0.6764705882352942,0.0,1.0651671724050364,1.1345811051693404,5.0,0.0,10.0,24.0,,4.0,1.0,,,,,,
1,51,Twitter Mesos Q4 Sprint 3,0,14,0,0,0,0,0,0,0,0,0,0,0,0,3,3,8.0,7.0,15.0,,26.0,11.0,,1.0,0.0,7.0,2.3684210526315788,2.0,2.032453618121476,4.130867709815079,7.0,0.0,0.0,1.0,0.2894736842105263,0.0,0.45960586739381004,0.2112375533428165,1.0,0.0,0.0,1.0,0.47368421052631576,0.0,0.506009406240056,0.256045519203414,1.0,0.0,0.0,5.0,1.236842105263158,1.0,1.4599927901768632,2.131578947368422,5.0,1.0,0.0,0.0,0.0,0.0,0.0,0.0,0.0,0.0,0.0,0.0,0.0,0.0,0.0,0.0,0.0,0.0,0.0,10.0,0.42105263157894735,0.0,1.6379218696900972,2.682788051209104,10.0,0.0,0.0,1.0,0.02631578947368421,0.0,0.16222142113076257,0.02631578947368422,1.0,0.0,0.0,2.0,0.21052631578947367,0.0,0.5280200004832999,0.278805120910384,2.0,0.0,8.0,30.0,,6.0,2.0,,,,,,
1,55,Mesosphere Q4 Sprint 3 - 12/7,-7,18,5,10,0,0,0,0,3,4,2,6,0,0,3,4,14.0,15.0,2.0,2.0,24.0,4.0,,6.0,0.0,16.0,2.6470588235294117,1.0,4.965836942740819,24.659536541889484,16.0,0.0,0.0,0.0,0.0,0.0,0.0,0.0,0.0,0.0,0.0,1.0,0.2647058823529412,0.0,0.4478110755198991,0.20053475935828882,1.0,0.0,0.0,4.0,0.7941176470588235,0.0,1.1488970142602486,1.319964349376114,4.0,0.0,0.0,0.0,0.0,0.0,0.0,0.0,0.0,0.0,0.0,0.0,0.0,0.0,0.0,0.0,0.0,0.0,0.0,0.0,0.0,0.0,0.0,0.0,0.0,0.0,0.0,0.0,0.0,0.0,0.0,0.0,0.0,0.0,0.0,4.0,0.6764705882352942,0.0,0.9760957552162384,0.9527629233511588,4.0,0.0,17.0,17.0,,,1.0,,,,,,
1,56,Twitter Mesos Q4 Sprint 4,-3,14,1,3,0,0,0,0,1,3,0,0,0,0,3,2,8.0,6.0,5.0,,19.0,2.0,,,0.0,7.0,2.0476190476190474,2.0,2.011869540407391,4.0476190476190474,7.0,2.0,0.0,1.0,0.09523809523809523,0.0,0.30079260375911915,0.09047619047619046,1.0,0.0,0.0,1.0,0.7142857142857143,1.0,0.4629100498862757,0.21428571428571427,1.0,1.0,0.0,5.0,0.9523809523809523,1.0,1.1608699529314415,1.3476190476190473,5.0,1.0,0.0,0.0,0.0,0.0,0.0,0.0,0.0,0.0,0.0,0.0,0.0,0.0,0.0,0.0,0.0,0.0,0.0,1.0,0.3333333333333333,0.0,0.4830458915396479,0.23333333333333325,1.0,0.0,0.0,0.0,0.0,0.0,0.0,0.0,0.0,0.0,0.0,4.0,0.47619047619047616,0.0,1.0779168622415933,1.1619047619047622,4.0,0.0,4.0,17.0,,2.0,,,,,,,
1,57,Twitter Mesos Q4 Sprint 5,-3,14,1,3,0,0,0,0,1,3,0,0,0,0,3,2,5.0,1.0,4.0,,9.0,1.0,,,0.0,6.0,1.1818181818181819,0.0,1.9908883353006928,3.963636363636364,6.0,0.0,0.0,1.0,0.09090909090909091,0.0,0.30151134457776363,0.0909090909090909,1.0,0.0,0.0,1.0,0.6363636363636364,1.0,0.504524979109513,0.2545454545454545,1.0,1.0,0.0,5.0,1.2727272727272727,1.0,1.4206272622267315,2.0181818181818185,5.0,1.0,0.0,0.0,0.0,0.0,0.0,0.0,0.0,0.0,0.0,0.0,0.0,0.0,0.0,0.0,0.0,0.0,0.0,0.0,0.0,0.0,0.0,0.0,0.0,0.0,0.0,0.0,0.0,0.0,0.0,0.0,0.0,0.0,0.0,2.0,0.2727272727272727,0.0,0.6466697906828633,0.41818181818181827,2.0,0.0,2.0,9.0,1.0,1.0,,,,,,,
1,63,Twitter Mesos Q4 Sprint 6,-3,14,1,3,0,0,0,0,0,0,1,3,0,0,3,2,4.0,1.0,2.0,,7.0,,,,0.0,3.0,1.2857142857142858,0.0,1.6035674514745464,2.5714285714285716,3.0,0.0,0.0,0.0,0.0,0.0,0.0,0.0,0.0,0.0,0.0,1.0,0.5714285714285714,1.0,0.5345224838248488,0.2857142857142857,1.0,1.0,0.0,2.0,1.1428571428571428,1.0,0.6900655593423543,0.4761904761904763,2.0,1.0,0.0,0.0,0.0,0.0,0.0,0.0,0.0,0.0,0.0,0.0,0.0,0.0,0.0,0.0,0.0,0.0,0.0,1.0,0.14285714285714285,0.0,0.37796447300922725,0.14285714285714288,1.0,0.0,0.0,0.0,0.0,0.0,0.0,0.0,0.0,0.0,0.0,2.0,0.42857142857142855,0.0,0.7867957924694431,0.619047619047619,2.0,0.0,1.0,6.0,,,,,,,,,
1,69,Mesosphere Q1 Sprint 1 - 1/23,-31,8,8,31,0,0,0,0,7,30,1,1,0,0,3,5,11.0,9.0,,2.0,15.0,1.0,,6.0,0.0,13.0,3.0454545454545454,1.0,4.785665826465259,22.902597402597408,13.0,0.0,0.0,0.0,0.0,0.0,0.0,0.0,0.0,0.0,0.0,1.0,0.3181818181818182,0.0,0.4767312946227962,0.22727272727272727,1.0,0.0,0.0,4.0,1.0,0.5,1.2724180205607036,1.619047619047619,4.0,0.0,0.0,0.0,0.0,0.0,0.0,0.0,0.0,0.0,0.0,0.0,0.0,0.0,0.0,0.0,0.0,0.0,0.0,0.0,0.0,0.0,0.0,0.0,0.0,0.0,0.0,0.0,0.0,0.0,0.0,0.0,0.0,0.0,0.0,7.0,1.0,0.0,1.6035674514745464,2.5714285714285716,7.0,0.0,9.0,13.0,,,,,,,,,
1,74,Mesosphere Q1 Sprint 2 - 2/6,-38,14,8,37,1,1,0,0,8,37,1,1,0,0,3,6,17.0,5.0,3.0,3.0,19.0,1.0,2.0,6.0,0.0,13.0,1.5,1.0,2.44191788620399,5.962962962962963,13.0,1.0,0.0,1.0,0.07142857142857142,0.0,0.262265264156481,0.06878306878306877,1.0,0.0,0.0,1.0,0.2857142857142857,0.0,0.46004370622823615,0.21164021164021166,1.0,0.0,0.0,4.0,0.8571428571428571,0.0,1.268252974948456,1.6084656084656086,4.0,0.0,0.0,0.0,0.0,0.0,0.0,0.0,0.0,0.0,0.0,0.0,0.0,0.0,0.0,0.0,0.0,0.0,0.0,0.0,0.0,0.0,0.0,0.0,0.0,0.0,0.0,0.0,0.0,0.0,0.0,0.0,0.0,0.0,0.0,9.0,0.9642857142857143,0.0,2.027261295390498,4.10978835978836,9.0,0.0,13.0,15.0,,,,,,,,,
1,75,Mesosphere Q1 Sprint 3 - 2/20,-36,14,8,37,0,0,0,0,8,37,0,0,0,0,3,6,16.0,8.0,5.0,3.0,23.0,1.0,2.0,6.0,0.0,13.0,2.0625,1.0,2.9723185258909983,8.834677419354838,13.0,1.0,0.0,1.0,0.0625,0.0,0.24593468841898236,0.06048387096774194,1.0,0.0,0.0,1.0,0.40625,0.0,0.49899091723584604,0.24899193548387097,1.0,0.0,0.0,4.0,0.875,0.0,1.237844119635477,1.532258064516129,4.0,0.0,0.0,0.0,0.0,0.0,0.0,0.0,0.0,0.0,0.0,0.0,0.0,0.0,0.0,0.0,0.0,0.0,0.0,0.0,0.0,0.0,0.0,0.0,0.0,0.0,0.0,0.0,0.0,0.0,0.0,0.0,0.0,0.0,0.0,4.0,0.5625,0.0,1.189673308368798,1.4153225806451613,4.0,0.0,11.0,21.0,,,,,,,,,
1,80,Twitter Mesos Q1 Sprint 2,-8,14,1,8,0,0,0,0,0,0,1,8,0,0,3,1,7.0,7.0,10.0,,21.0,6.0,,,0.0,9.0,2.259259259259259,1.0,2.7539145927289725,7.584045584045583,9.0,0.0,0.0,7.0,0.5925925925925926,0.0,1.3660515605557744,1.8660968660968664,7.0,0.0,0.0,1.0,0.7037037037037037,1.0,0.4653216269680752,0.21652421652421652,1.0,1.0,0.0,5.0,1.0740740740740742,1.0,1.4656562175858798,2.148148148148148,5.0,0.0,0.0,0.0,0.0,0.0,0.0,0.0,0.0,0.0,0.0,0.0,0.0,0.0,0.0,0.0,0.0,0.0,0.0,3.0,0.2962962962962963,0.0,0.6688000054526371,0.4472934472934474,3.0,0.0,0.0,0.0,0.0,0.0,0.0,0.0,0.0,0.0,0.0,1.0,0.1111111111111111,0.0,0.32025630761017426,0.10256410256410257,1.0,0.0,7.0,20.0,,3.0,,,,,,,
1,81,Mesosphere Q1 Sprint 4 - 3/6,-36,14,7,36,0,0,0,0,7,36,0,0,0,0,3,5,16.0,4.0,11.0,1.0,20.0,4.0,2.0,6.0,0.0,16.0,4.363636363636363,4.0,4.400413203738527,19.363636363636367,16.0,1.0,0.0,1.0,0.09090909090909091,0.0,0.2919371040605711,0.08522727272727272,1.0,0.0,0.0,1.0,0.45454545454545453,0.0,0.5056498968474316,0.2556818181818181,1.0,0.0,0.0,4.0,0.8181818181818182,1.0,1.0141050689692321,1.028409090909091,4.0,0.0,0.0,0.0,0.0,0.0,0.0,0.0,0.0,0.0,0.0,0.0,0.0,0.0,0.0,0.0,0.0,0.0,0.0,1.0,0.06060606060606061,0.0,0.24230584229877994,0.058712121212121215,1.0,0.0,0.0,1.0,0.030303030303030304,0.0,0.17407765595569785,0.030303030303030307,1.0,0.0,0.0,4.0,0.45454545454545453,0.0,0.7941547822570976,0.6306818181818181,4.0,0.0,11.0,22.0,1.0,,1.0,,,,,,
1,87,Twitter Mesos Q1 Sprint 3,-8,13,1,8,0,0,0,0,0,0,1,5,0,0,3,2,6.0,13.0,12.0,,29.0,3.0,,,0.0,6.0,1.5,0.0,2.079081683138325,4.32258064516129,6.0,0.0,0.0,7.0,0.84375,0.0,1.4167061980569235,2.007056451612903,7.0,0.0,0.0,1.0,0.71875,1.0,0.45680340939917435,0.2086693548387097,1.0,1.0,0.0,5.0,1.03125,0.0,1.3316101095557091,1.7731854838709677,5.0,0.0,0.0,0.0,0.0,0.0,0.0,0.0,0.0,0.0,0.0,0.0,0.0,0.0,0.0,0.0,0.0,0.0,0.0,1.0,0.09375,0.0,0.29614458108029906,0.08770161290322581,1.0,0.0,0.0,0.0,0.0,0.0,0.0,0.0,0.0,0.0,0.0,3.0,0.125,0.0,0.5535807194106618,0.3064516129032258,3.0,0.0,9.0,23.0,,,1.0,,,,,,
1,93,Twitter Mesos Q1 Sprint 4,-5,14,1,5,0,0,0,0,0,0,1,5,0,0,3,1,5.0,8.0,6.0,,17.0,1.0,,1.0,0.0,12.0,2.526315789473684,1.0,3.1511624143168993,9.929824561403509,12.0,0.0,0.0,2.0,0.5263157894736842,0.0,0.7723284457212329,0.5964912280701755,2.0,0.0,1.0,1.0,1.0,1.0,0.0,0.0,0.0,1.0,0.0,4.0,1.1578947368421053,1.0,1.067872125861979,1.1403508771929824,4.0,2.0,0.0,0.0,0.0,0.0,0.0,0.0,0.0,0.0,0.0,0.0,0.0,0.0,0.0,0.0,0.0,0.0,0.0,1.0,0.2631578947368421,0.0,0.4524139283588641,0.20467836257309946,1.0,0.0,0.0,1.0,0.05263157894736842,0.0,0.22941573387056177,0.052631578947368425,1.0,0.0,0.0,3.0,0.21052631578947367,0.0,0.7132825035177586,0.5087719298245613,3.0,0.0,6.0,13.0,,,,,,,,,
1,95,Mesosphere Q1 Sprint 5 - 3/20,-40,11,7,37,2,3,0,0,8,39,1,1,0,0,3,5,16.0,4.0,10.0,5.0,23.0,3.0,4.0,10.0,0.0,16.0,4.2926829268292686,4.0,3.995271595517784,15.96219512195122,16.0,1.0,0.0,1.0,0.0975609756097561,0.0,0.30040622902833486,0.09024390243902439,1.0,0.0,0.0,1.0,0.4146341463414634,0.0,0.49877899695644573,0.2487804878048781,1.0,0.0,0.0,4.0,0.6829268292682927,0.0,0.9066152544007823,0.8219512195121952,4.0,0.0,0.0,0.0,0.0,0.0,0.0,0.0,0.0,0.0,0.0,0.0,0.0,0.0,0.0,0.0,0.0,0.0,0.0,1.0,0.024390243902439025,0.0,0.15617376188860607,0.024390243902439025,1.0,0.0,0.0,0.0,0.0,0.0,0.0,0.0,0.0,0.0,0.0,6.0,0.9512195121951219,0.0,1.6725910963561166,2.7975609756097564,6.0,0.0,18.0,23.0,1.0,,6.0,,,,,,
1,99,Twitter Mesos Q1 Sprint 5,0,14,0,0,1,2,0,0,1,2,0,0,0,0,3,1,2.0,11.0,6.0,,15.0,2.0,,1.0,0.0,12.0,2.9473684210526314,1.0,3.341218743222071,11.163742690058477,12.0,1.0,0.0,3.0,0.631578947368421,0.0,0.8950807732508138,0.8011695906432748,3.0,0.0,0.0,1.0,0.8947368421052632,1.0,0.3153017676423058,0.09941520467836257,1.0,1.0,0.0,4.0,1.0,1.0,1.1547005383792515,1.3333333333333333,4.0,0.0,0.0,0.0,0.0,0.0,0.0,0.0,0.0,0.0,0.0,0.0,0.0,0.0,0.0,0.0,0.0,0.0,0.0,0.0,0.0,0.0,0.0,0.0,0.0,0.0,0.0,1.0,0.05263157894736842,0.0,0.22941573387056177,0.05263157894736842,1.0,0.0,0.0,3.0,0.42105263157894735,0.0,0.7685331969757723,0.5906432748538012,3.0,0.0,2.0,17.0,1.0,,,,,,,,
1,102,Mesosphere Q1 Sprint 6 - 4/3,-40,14,9,40,1,1,1,1,8,39,1,1,0,0,3,7,14.0,3.0,11.0,5.0,28.0,1.0,2.0,8.0,0.0,10.0,3.230769230769231,2.0,2.8696372268572876,8.234817813765183,10.0,1.0,0.0,1.0,0.1794871794871795,0.0,0.38877641198447155,0.15114709851551955,1.0,0.0,0.0,1.0,0.3333333333333333,0.0,0.47756693294091923,0.22807017543859642,1.0,0.0,0.0,4.0,1.0769230769230769,1.0,1.3838279362279908,1.9149797570850204,4.0,0.0,0.0,0.0,0.0,0.0,0.0,0.0,0.0,0.0,0.0,0.0,0.0,0.0,0.0,0.0,0.0,0.0,0.0,1.0,0.02564102564102564,0.0,0.16012815380508716,0.02564102564102565,1.0,0.0,0.0,1.0,0.10256410256410256,0.0,0.30735474060472817,0.09446693657219973,1.0,0.0,0.0,5.0,0.6666666666666666,0.0,1.1994150621148918,1.4385964912280698,5.0,0.0,11.0,28.0,,4.0,2.0,,,,,,
1,104,Twitter Mesos Q1 Sprint 6,-10,7,2,10,0,0,0,0,2,10,0,0,0,0,3,2,3.0,15.0,2.0,,15.0,5.0,,,0.0,30.0,4.2,1.5,7.082966966789523,50.16842105263157,30.0,0.0,0.0,2.0,0.3,0.0,0.6569466853317862,0.431578947368421,2.0,0.0,0.0,2.0,0.65,1.0,0.5871429486123999,0.34473684210526323,2.0,1.0,0.0,4.0,0.75,0.0,1.118033988749895,1.25,4.0,0.0,0.0,0.0,0.0,0.0,0.0,0.0,0.0,0.0,0.0,0.0,0.0,0.0,0.0,0.0,0.0,0.0,0.0,1.0,0.2,0.0,0.4103913408340617,0.168421052631579,1.0,0.0,0.0,0.0,0.0,0.0,0.0,0.0,0.0,0.0,0.0,1.0,0.3,0.0,0.4701623459816272,0.22105263157894733,1.0,0.0,6.0,14.0,,,,,,,,,
1,106,Mesosphere Q1 Sprint 7 - 4/17,-42,14,10,41,1,1,0,0,9,39,2,3,0,0,3,8,9.0,3.0,9.0,10.0,27.0,1.0,5.0,8.0,0.0,10.0,3.4146341463414633,4.0,3.209171308578724,10.29878048780488,10.0,0.0,0.0,1.0,0.24390243902439024,0.0,0.43476935292624114,0.1890243902439024,1.0,0.0,0.0,1.0,0.2926829268292683,0.0,0.4606464174952623,0.21219512195121948,1.0,0.0,0.0,8.0,1.7073170731707317,0.0,2.6855530383798456,7.21219512195122,8.0,0.0,0.0,0.0,0.0,0.0,0.0,0.0,0.0,0.0,0.0,0.0,0.0,0.0,0.0,0.0,0.0,0.0,0.0,0.0,0.0,0.0,0.0,0.0,0.0,0.0,0.0,1.0,0.12195121951219512,0.0,0.33129457822453967,0.10975609756097562,1.0,0.0,0.0,5.0,0.6341463414634146,0.0,1.1780513053550685,1.3878048780487808,5.0,0.0,10.0,31.0,,2.0,8.0,,,,,,
1,108,Mesosphere Q2 Sprint 8 - 5/1,-42,14,11,42,0,0,0,0,9,39,2,3,0,0,3,9,13.0,3.0,8.0,8.0,22.0,1.0,3.0,8.0,0.0,12.0,4.235294117647059,4.5,3.5849755802339076,12.852049910873442,12.0,1.0,0.0,1.0,0.23529411764705882,0.0,0.4305615452020461,0.1853832442067736,1.0,0.0,0.0,1.0,0.4411764705882353,0.0,0.5039947372613783,0.25401069518716574,1.0,0.0,0.0,8.0,1.3823529411764706,0.0,2.3614929263825295,5.576648841354723,8.0,0.0,0.0,0.0,0.0,0.0,0.0,0.0,0.0,0.0,0.0,0.0,0.0,0.0,0.0,0.0,0.0,0.0,0.0,2.0,0.058823529411764705,0.0,0.34299717028501764,0.1176470588235294,2.0,0.0,0.0,1.0,0.029411764705882353,0.0,0.17149858514250882,0.02941176470588235,1.0,0.0,0.0,8.0,1.4705882352941178,0.0,2.415044941142128,5.832442067736186,8.0,0.0,8.0,26.0,,,2.0,,,,,,
1,113,Twitter Q2 Sprint 1 - 4/13,0,14,0,0,0,0,0,0,0,0,0,0,0,0,3,1,3.0,6.0,2.0,,9.0,1.0,,1.0,1.0,13.0,4.363636363636363,1.0,5.045249791095131,25.45454545454546,12.0,1.0,0.0,2.0,0.45454545454545453,0.0,0.8201995322647243,0.6727272727272726,2.0,0.0,0.0,1.0,0.8181818181818182,1.0,0.40451991747794525,0.16363636363636364,1.0,1.0,0.0,4.0,1.2727272727272727,1.0,1.4206272622267313,2.018181818181818,4.0,0.0,0.0,0.0,0.0,0.0,0.0,0.0,0.0,0.0,0.0,0.0,0.0,0.0,0.0,0.0,0.0,0.0,0.0,1.0,0.09090909090909091,0.0,0.3015113445777636,0.09090909090909088,1.0,0.0,0.0,1.0,0.09090909090909091,0.0,0.3015113445777636,0.09090909090909088,1.0,0.0,0.0,1.0,0.09090909090909091,0.0,0.3015113445777636,0.09090909090909088,1.0,0.0,2.0,9.0,,,,,,,,,
1,115,Mesosphere Q1 Sprint 9 - 5/15,0,14,0,0,0,0,0,0,0,0,0,0,0,0,3,9,9.0,4.0,3.0,8.0,23.0,1.0,2.0,4.0,0.0,12.0,3.933333333333333,1.5,4.03376553208241,16.27126436781609,12.0,0.0,0.0,1.0,0.23333333333333334,0.0,0.4301830671520762,0.18505747126436772,1.0,0.0,0.0,1.0,0.43333333333333335,0.0,0.5040069329937308,0.25402298850574706,1.0,0.0,0.0,8.0,1.8333333333333333,1.0,2.4080802674978763,5.7988505747126435,8.0,0.0,0.0,0.0,0.0,0.0,0.0,0.0,0.0,0.0,0.0,0.0,0.0,0.0,0.0,0.0,0.0,0.0,0.0,2.0,0.13333333333333333,0.0,0.507416263404925,0.25747126436781614,2.0,0.0,0.0,1.0,0.03333333333333333,0.0,0.18257418583505536,0.033333333333333326,1.0,0.0,0.0,5.0,0.6,0.0,1.2757688689165259,1.6275862068965519,5.0,0.0,9.0,21.0,,4.0,2.0,,,,,,
1,118,Twitter Q2 Sprint 2,-5,14,2,6,0,0,1,1,1,5,0,0,0,0,3,1,10.0,6.0,4.0,4.0,17.0,6.0,,1.0,0.0,5.0,0.6666666666666666,0.0,1.0901402648748688,1.188405797101449,5.0,0.0,0.0,2.0,0.375,0.0,0.6468989572333266,0.41847826086956524,2.0,0.0,0.0,1.0,0.5833333333333334,1.0,0.5036101551853349,0.2536231884057971,1.0,1.0,0.0,4.0,0.7083333333333334,0.0,1.0417028979206266,1.0851449275362317,4.0,0.0,0.0,0.0,0.0,0.0,0.0,0.0,0.0,0.0,0.0,0.0,0.0,0.0,0.0,0.0,0.0,0.0,0.0,1.0,0.08333333333333333,0.0,0.28232985128663995,0.07971014492753623,1.0,0.0,0.0,0.0,0.0,0.0,0.0,0.0,0.0,0.0,0.0,1.0,0.041666666666666664,0.0,0.20412414523193154,0.04166666666666668,1.0,0.0,17.0,7.0,,,,,,,,,
1,128,Twitter Q2 Sprint 3 - 5/11,0,14,0,0,0,0,0,0,0,0,0,0,0,0,3,1,8.0,7.0,2.0,,19.0,,,1.0,0.0,5.0,1.25,1.0,1.332784974957958,1.7763157894736843,5.0,1.0,0.0,2.0,0.2,0.0,0.6155870112510925,0.3789473684210527,2.0,0.0,0.0,1.0,0.75,1.0,0.4442616583193193,0.19736842105263158,1.0,1.0,0.0,3.0,0.7,0.0,0.9787209698591856,0.9578947368421048,3.0,0.0,0.0,0.0,0.0,0.0,0.0,0.0,0.0,0.0,0.0,0.0,0.0,0.0,0.0,0.0,0.0,0.0,0.0,1.0,0.15,0.0,0.36634754853252327,0.13421052631578947,1.0,0.0,0.0,0.0,0.0,0.0,0.0,0.0,0.0,0.0,0.0,3.0,0.35,0.0,0.7451598203705947,0.5552631578947369,3.0,0.0,9.0,11.0,,2.0,1.0,,,,,,
1,130,Mesosphere Sprint 10,-17,10,5,17,0,0,0,0,4,14,0,0,1,3,3,9,11.0,10.0,4.0,3.0,25.0,6.0,2.0,6.0,0.0,10.0,2.4615384615384617,1.0,2.9986501686605753,8.991902834008096,10.0,0.0,0.0,1.0,0.20512820512820512,0.0,0.4090738692453055,0.16734143049932526,1.0,0.0,0.0,1.0,0.2564102564102564,0.0,0.44235903005475674,0.1956815114709852,1.0,0.0,0.0,4.0,0.9743589743589743,0.0,1.2667234876096987,1.6045883940620784,4.0,0.0,0.0,0.0,0.0,0.0,0.0,0.0,0.0,0.0,0.0,0.0,0.0,0.0,0.0,0.0,0.0,0.0,0.0,2.0,0.15384615384615385,0.0,0.488739600156498,0.2388663967611335,2.0,0.0,0.0,1.0,0.07692307692307693,0.0,0.2699527623995085,0.0728744939271255,1.0,0.0,0.0,5.0,0.9487179487179487,0.0,1.503482237808684,2.2604588394062084,5.0,0.0,18.0,21.0,,5.0,6.0,,,,,,
1,132,Twitter Q2 Sprint 3,0,13,0,0,0,0,0,0,0,0,0,0,0,0,3,4,9.0,29.0,6.0,,44.0,,,,0.0,14.0,1.1818181818181819,1.0,2.1703362430816626,4.710359408033826,14.0,0.0,0.0,2.0,0.4318181818181818,0.0,0.586583615750035,0.34408033826638473,2.0,0.0,0.0,1.0,0.4772727272727273,0.0,0.5052577681363806,0.25528541226215645,1.0,0.0,0.0,3.0,0.38636363636363635,0.0,0.8412589981110147,0.7077167019027483,3.0,0.0,0.0,0.0,0.0,0.0,0.0,0.0,0.0,0.0,0.0,0.0,0.0,0.0,0.0,0.0,0.0,0.0,0.0,1.0,0.09090909090909091,0.0,0.29080336345115265,0.08456659619450319,1.0,0.0,0.0,0.0,0.0,0.0,0.0,0.0,0.0,0.0,0.0,4.0,0.5227272727272727,0.0,1.2480428653125284,1.5576109936575058,4.0,0.0,18.0,26.0,,,,,,,,,
1,134,Mesosphere Sprint 11,-64,13,0,0,14,64,0,0,14,64,0,0,0,0,3,9,12.0,12.0,4.0,3.0,27.0,6.0,2.0,8.0,0.0,26.0,3.3488372093023258,1.0,4.623355413808464,21.37541528239203,26.0,1.0,0.0,1.0,0.18604651162790697,0.0,0.3937496154790789,0.15503875968992248,1.0,0.0,0.0,1.0,0.3023255813953488,0.0,0.4647008111181006,0.21594684385382057,1.0,0.0,0.0,5.0,1.1627906976744187,0.0,1.4130384781964669,1.996677740863787,5.0,0.0,0.0,0.0,0.0,0.0,0.0,0.0,0.0,0.0,0.0,0.0,0.0,0.0,0.0,0.0,0.0,0.0,0.0,2.0,0.13953488372093023,0.0,0.46707781287271866,0.2181616832779624,2.0,0.0,0.0,1.0,0.06976744186046512,0.0,0.2577696311132336,0.06644518272425251,1.0,0.0,0.0,5.0,1.0930232558139534,1.0,1.4770297332077047,2.1816168327796235,5.0,0.0,19.0,24.0,,5.0,7.0,,,,,,
1,141,Twitter Mesos Q2 Sprint 5,-19,14,4,16,1,3,0,0,2,10,3,9,0,0,3,4,7.0,26.0,10.0,,30.0,9.0,,3.0,0.0,12.0,1.8604651162790697,1.0,2.3358632069051475,5.456256921373201,12.0,0.0,0.0,2.0,0.37209302325581395,0.0,0.5783085275572238,0.33444075304540427,2.0,0.0,0.0,1.0,0.5116279069767442,1.0,0.5057805388588732,0.2558139534883721,1.0,1.0,0.0,4.0,0.5813953488372093,0.0,1.028928201936246,1.0586932447397561,4.0,0.0,0.0,0.0,0.0,0.0,0.0,0.0,0.0,0.0,0.0,0.0,0.0,0.0,0.0,0.0,0.0,0.0,0.0,1.0,0.16279069767441862,0.0,0.3735436838188142,0.13953488372093023,1.0,0.0,0.0,0.0,0.0,0.0,0.0,0.0,0.0,0.0,0.0,2.0,0.2558139534883721,0.0,0.49246818876301196,0.24252491694352157,2.0,0.0,24.0,19.0,1.0,,,,,,,,
1,142,Mesosphere Sprint 12,0,14,0,0,12,37,12,37,0,0,0,0,0,0,3,9,10.0,26.0,28.0,4.0,66.0,6.0,1.0,13.0,0.0,32.0,3.7790697674418605,2.0,5.2140109045457805,27.185909712722307,32.0,0.0,0.0,1.0,0.1511627906976744,0.0,0.3603084254117694,0.12982216142270858,1.0,0.0,0.0,1.0,0.3488372093023256,0.0,0.47939770694352374,0.22982216142270864,1.0,0.0,0.0,5.0,0.8837209302325582,1.0,1.0999315984204794,1.2098495212038307,5.0,0.0,0.0,0.0,0.0,0.0,0.0,0.0,0.0,0.0,0.0,0.0,0.0,0.0,0.0,0.0,0.0,0.0,0.0,2.0,0.06976744186046512,0.0,0.2986517812719495,0.08919288645690837,2.0,0.0,0.0,1.0,0.023255813953488372,0.0,0.15159886590034527,0.022982216142270865,1.0,0.0,0.0,5.0,0.813953488372093,0.0,1.4512601251162365,2.1061559507523944,5.0,0.0,48.0,38.0,,8.0,8.0,2.0,,,,,
1,143,Mesosphere Sprint 13,44,14,1,8,4,22,2,16,3,14,0,0,0,0,3,15,41.0,52.0,47.0,4.0,136.0,16.0,,16.0,0.0,14.0,1.971264367816092,0.0,3.3408111591920253,11.161019201381963,14.0,0.0,0.0,2.0,0.11494252873563218,0.0,0.3374603331456124,0.11387947644674773,2.0,0.0,0.0,1.0,0.40804597701149425,0.0,0.49289011797166987,0.24294066839412665,1.0,0.0,0.0,5.0,0.6379310344827587,0.0,1.0148881745182363,1.0299980067769583,5.0,0.0,0.0,0.0,0.0,0.0,0.0,0.0,0.0,0.0,0.0,0.0,0.0,0.0,0.0,0.0,0.0,0.0,0.0,3.0,0.05172413793103448,0.0,0.344523485601135,0.11869643213075548,3.0,0.0,0.0,1.0,0.09770114942528736,0.0,0.2977670313680973,0.08866520496976944,1.0,0.0,0.0,6.0,0.41379310344827586,0.0,1.1384171562684158,1.2959936216862666,6.0,0.0,105.0,69.0,6.0,12.0,16.0,2.0,,,,,
1,150,Twitter Mesos Q2 Sprint 6,-29,14,8,33,4,14,0,0,2,7,9,38,1,2,3,9,25.0,27.0,16.0,,63.0,3.0,,6.0,0.0,9.0,1.6527777777777777,1.0,2.0360118584993363,4.145344287949922,9.0,0.0,0.0,2.0,0.19444444444444445,0.0,0.46387494942181934,0.21517996870109546,2.0,0.0,0.0,1.0,0.5138888888888888,1.0,0.503314522547481,0.2533255086071987,1.0,1.0,0.0,4.0,0.9722222222222222,0.0,1.209961263752236,1.4640062597809076,4.0,0.0,0.0,0.0,0.0,0.0,0.0,0.0,0.0,0.0,0.0,0.0,0.0,0.0,0.0,0.0,0.0,0.0,0.0,7.0,0.5138888888888888,0.0,1.6184939578836215,2.61952269170579,7.0,0.0,0.0,1.0,0.013888888888888888,0.0,0.11785113019775795,0.013888888888888895,1.0,0.0,0.0,3.0,0.4583333333333333,0.0,0.8381317251675863,0.7024647887323944,3.0,0.0,46.0,26.0,,4.0,,,,,,,
1,154,Mesosphere Sprint 14,23,14,0,0,18,86,13,77,5,9,0,0,0,0,3,18,56.0,63.0,48.0,4.0,141.0,17.0,,18.0,0.0,13.0,2.4739583333333335,1.0,3.3251932130349906,11.056909904013963,13.0,0.0,0.0,2.0,0.15625,0.0,0.4176254239918804,0.1744109947643979,2.0,0.0,0.0,1.0,0.15104166666666666,0.0,0.35902567151914516,0.12889943280977312,1.0,0.0,0.0,6.0,0.8020833333333334,0.0,1.4334799429869602,2.0548647469458987,6.0,0.0,0.0,0.0,0.0,0.0,0.0,0.0,0.0,0.0,0.0,0.0,0.0,0.0,0.0,0.0,0.0,0.0,0.0,3.0,0.3385416666666667,0.0,0.748453175103735,0.5601821553228622,3.0,0.0,0.0,1.0,0.0625,0.0,0.24269430063396508,0.058900523560209424,1.0,0.0,0.0,4.0,0.5104166666666666,0.0,0.9036840441536746,0.8166448516579407,4.0,0.0,104.0,88.0,16.0,9.0,8.0,4.0,,,,,
1,155,Twitter Mesos Q3 Sprint 1,-20,14,12,49,1,8,0,0,2,14,6,28,5,15,3,6,29.0,14.0,14.0,,53.0,,,,0.0,7.0,2.0350877192982457,2.0,2.0525673147192114,4.213032581453634,7.0,0.0,0.0,2.0,0.24561403508771928,0.0,0.5099265267238424,0.2600250626566416,2.0,0.0,0.0,1.0,0.49122807017543857,0.0,0.5043668951391246,0.25438596491228066,1.0,0.0,0.0,4.0,1.1228070175438596,1.0,1.2687194815273461,1.6096491228070178,4.0,0.0,0.0,0.0,0.0,0.0,0.0,0.0,0.0,0.0,0.0,0.0,0.0,0.0,0.0,0.0,0.0,0.0,0.0,7.0,0.7017543859649122,0.0,1.7924933978828579,3.2130325814536334,7.0,0.0,0.0,0.0,0.0,0.0,0.0,0.0,0.0,0.0,0.0,2.0,0.47368421052631576,0.0,0.7344887229975191,0.5394736842105263,2.0,0.0,27.0,30.0,4.0,,,,,,,,
14,1,Usergrid 0,0,14,2,4,0,0,2,4,0,0,0,0,0,0,1,1,,2.0,2.0,,36.0,,,,0.0,3.0,0.16666666666666666,0.0,0.6969320524371697,0.48571428571428593,3.0,0.0,0.0,6.0,0.19444444444444445,0.0,1.0090857090723109,1.0182539682539686,6.0,0.0,0.0,2.0,1.0277777777777777,1.0,0.446325384900242,0.19920634920634914,2.0,1.0,0.0,5.0,0.3888888888888889,0.0,1.177837674427842,1.387301587301587,5.0,0.0,0.0,0.0,0.0,0.0,0.0,0.0,0.0,0.0,0.0,0.0,0.0,0.0,0.0,0.0,0.0,0.0,0.0,1.0,0.027777777777777776,0.0,0.16666666666666663,0.02777777777777777,1.0,0.0,0.0,0.0,0.0,0.0,0.0,0.0,0.0,0.0,0.0,0.0,0.0,0.0,0.0,0.0,0.0,0.0,24.0,12.0,,32.0,,,,,,,
18,2,Sprint #3 9/9 - 10/1,0,21,1,2,0,0,0,0,1,2,0,0,0,0,5,2,3.0,,,,20.0,,,,0.0,4.0,0.25,0.0,0.910465468000326,0.8289473684210527,4.0,0.0,0.0,1.0,0.6,1.0,0.5026246899500346,0.2526315789473685,1.0,1.0,0.0,1.0,0.85,1.0,0.36634754853252327,0.13421052631578947,1.0,1.0,0.0,1.0,0.05,0.0,0.22360679774997894,0.04999999999999999,1.0,0.0,0.0,0.0,0.0,0.0,0.0,0.0,0.0,0.0,0.0,0.0,0.0,0.0,0.0,0.0,0.0,0.0,0.0,3.0,0.9,1.0,0.6407232755171874,0.41052631578947374,3.0,1.0,0.0,0.0,0.0,0.0,0.0,0.0,0.0,0.0,0.0,1.0,0.05,0.0,0.22360679774997894,0.04999999999999999,1.0,0.0,17.0,3.0,,,,,17.0,,,,
18,3,Sprint #4 10/2 - 10/16,-6,13,7,14,1,2,0,0,7,14,1,2,0,0,5,3,6.0,,2.0,,46.0,3.0,,2.0,0.0,4.0,0.27450980392156865,0.0,0.7504247163453245,0.5631372549019608,4.0,0.0,0.0,1.0,0.2549019607843137,0.0,0.44014257939453943,0.19372549019607846,1.0,0.0,0.0,2.0,0.6078431372549019,1.0,0.5684516293423396,0.3231372549019607,2.0,1.0,0.0,0.0,0.0,0.0,0.0,0.0,0.0,0.0,0.0,0.0,0.0,0.0,0.0,0.0,0.0,0.0,0.0,0.0,0.0,0.0,0.0,0.0,0.0,0.0,0.0,1.0,0.3137254901960784,0.0,0.4686233489032049,0.2196078431372549,1.0,0.0,0.0,0.0,0.0,0.0,0.0,0.0,0.0,0.0,0.0,2.0,0.21568627450980393,0.0,0.5408780080645201,0.2925490196078431,2.0,0.0,44.0,7.0,,,,,43.0,,,,
18,29,Scrumban #1,0,7,0,0,0,0,0,0,0,0,0,0,0,0,5,2,1.0,2.0,,,50.0,,,,0.0,6.0,0.94,0.0,1.2682946931101733,1.6085714285714288,6.0,0.0,0.0,0.0,0.0,0.0,0.0,0.0,0.0,0.0,0.0,2.0,0.92,1.0,0.804071273112588,0.646530612244898,2.0,0.0,0.0,0.0,0.0,0.0,0.0,0.0,0.0,0.0,0.0,0.0,0.0,0.0,0.0,0.0,0.0,0.0,0.0,0.0,0.0,0.0,0.0,0.0,0.0,0.0,0.0,1.0,0.02,0.0,0.14142135623730948,0.019999999999999993,1.0,0.0,0.0,0.0,0.0,0.0,0.0,0.0,0.0,0.0,0.0,4.0,0.34,0.0,0.8233827686279751,0.6779591836734696,4.0,0.0,41.0,9.0,,,,,47.0,,,,
18,34,Scrumban #2,-6,14,0,0,5,10,2,4,3,6,0,0,0,0,5,4,2.0,2.0,1.0,,27.0,,,,0.0,4.0,1.037037037037037,1.0,1.0912759462588695,1.190883190883191,4.0,0.0,0.0,0.0,0.0,0.0,0.0,0.0,0.0,0.0,0.0,1.0,0.5185185185185185,1.0,0.5091750772173156,0.25925925925925924,1.0,1.0,0.0,0.0,0.0,0.0,0.0,0.0,0.0,0.0,0.0,0.0,0.0,0.0,0.0,0.0,0.0,0.0,0.0,0.0,0.0,0.0,0.0,0.0,0.0,0.0,0.0,1.0,0.5555555555555556,1.0,0.5063696835418333,0.25641025641025644,1.0,1.0,0.0,0.0,0.0,0.0,0.0,0.0,0.0,0.0,0.0,2.0,0.2222222222222222,0.0,0.5773502691896258,0.33333333333333337,2.0,0.0,21.0,6.0,,,,,22.0,,,,
18,37,Scrumban #3,-4,14,4,8,0,0,0,0,4,8,0,0,0,0,5,4,,1.0,3.0,,26.0,,,,0.0,4.0,1.1153846153846154,1.0,1.1773503497913635,1.386153846153846,4.0,0.0,0.0,2.0,0.15384615384615385,0.0,0.4640954808922571,0.2153846153846154,2.0,0.0,0.0,1.0,0.6153846153846154,1.0,0.4961389383568338,0.24615384615384617,1.0,1.0,0.0,0.0,0.0,0.0,0.0,0.0,0.0,0.0,0.0,0.0,0.0,0.0,0.0,0.0,0.0,0.0,0.0,0.0,0.0,0.0,0.0,0.0,0.0,0.0,0.0,1.0,0.5769230769230769,1.0,0.5038314736557788,0.25384615384615383,1.0,1.0,0.0,0.0,0.0,0.0,0.0,0.0,0.0,0.0,0.0,2.0,0.23076923076923078,0.0,0.5870395085642742,0.34461538461538466,2.0,0.0,22.0,4.0,,,,,22.0,,,,
18,44,Scrumban #4,-2,14,0,0,2,4,0,0,2,4,0,0,0,0,5,1,,,2.0,,2.0,,,,0.0,0.0,0.0,0.0,0.0,0.0,0.0,0.0,0.0,0.0,0.0,0.0,0.0,0.0,0.0,0.0,0.0,0.0,0.0,0.0,0.0,0.0,0.0,0.0,0.0,0.0,0.0,0.0,0.0,0.0,0.0,0.0,0.0,0.0,0.0,0.0,0.0,0.0,0.0,0.0,0.0,0.0,0.0,0.0,0.0,0.0,0.0,0.0,0.0,0.0,0.0,0.0,0.0,0.0,0.0,0.0,0.0,0.0,0.0,0.0,0.0,0.0,0.0,0.0,1.0,2.0,1.5,1.5,0.7071067811865476,0.5,1.0,1.0,1.0,1.0,,,,,,,,,
23,1,Usergrid 0,14,14,0,0,0,0,0,0,0,0,0,0,0,0,9,1,,2.0,2.0,,36.0,,,,0.0,3.0,0.16666666666666666,0.0,0.6969320524371697,0.48571428571428593,3.0,0.0,0.0,6.0,0.19444444444444445,0.0,1.0090857090723109,1.0182539682539686,6.0,0.0,0.0,2.0,1.0277777777777777,1.0,0.446325384900242,0.19920634920634914,2.0,1.0,0.0,5.0,0.3888888888888889,0.0,1.177837674427842,1.387301587301587,5.0,0.0,0.0,0.0,0.0,0.0,0.0,0.0,0.0,0.0,0.0,0.0,0.0,0.0,0.0,0.0,0.0,0.0,0.0,1.0,0.027777777777777776,0.0,0.16666666666666663,0.02777777777777777,1.0,0.0,0.0,0.0,0.0,0.0,0.0,0.0,0.0,0.0,0.0,0.0,0.0,0.0,0.0,0.0,0.0,0.0,24.0,12.0,,32.0,,,,,,,
23,60,Usergrid 1,-18,14,11,28,2,4,0,0,8,22,0,0,5,10,9,6,,4.0,,,28.0,,,,0.0,9.0,2.0714285714285716,1.0,2.992937011978695,8.957671957671957,9.0,0.0,0.0,0.0,0.0,0.0,0.0,0.0,0.0,0.0,1.0,2.0,1.2142857142857142,1.0,0.41785544701867255,0.17460317460317465,1.0,1.0,0.0,5.0,0.35714285714285715,0.0,1.3113263207824053,1.71957671957672,5.0,0.0,0.0,0.0,0.0,0.0,0.0,0.0,0.0,0.0,0.0,0.0,0.0,0.0,0.0,0.0,0.0,0.0,0.0,1.0,0.07142857142857142,0.0,0.262265264156481,0.06878306878306877,1.0,0.0,0.0,0.0,0.0,0.0,0.0,0.0,0.0,0.0,0.0,5.0,0.7142857142857143,0.0,1.3569339855976197,1.8412698412698414,5.0,0.0,22.0,6.0,,24.0,,,,,,,
23,61,Usergrid 2,-30,14,9,24,4,8,0,0,3,12,5,10,5,10,9,5,,,18.0,,36.0,,,,0.0,3.0,0.8888888888888888,1.0,0.9495195109039632,0.9015873015873016,3.0,0.0,0.0,0.0,0.0,0.0,0.0,0.0,0.0,0.0,1.0,2.0,1.1666666666666667,1.0,0.3779644730092272,0.14285714285714282,1.0,1.0,0.0,5.0,0.2777777777777778,0.0,1.161553420728616,1.349206349206349,5.0,0.0,0.0,0.0,0.0,0.0,0.0,0.0,0.0,0.0,0.0,0.0,0.0,0.0,0.0,0.0,0.0,0.0,0.0,1.0,0.05555555555555555,0.0,0.2323106841457232,0.05396825396825397,1.0,0.0,0.0,0.0,0.0,0.0,0.0,0.0,0.0,0.0,0.0,5.0,0.5555555555555556,0.0,1.3189702573153572,1.7396825396825397,5.0,0.0,30.0,6.0,,18.0,,,,,,,
23,64,Usergrid 3,-40,14,18,42,2,4,0,0,13,32,1,2,6,12,9,5,,,18.0,,40.0,,,,0.0,3.0,1.15,1.0,1.0753651735156093,1.1564102564102565,3.0,0.0,0.0,0.0,0.0,0.0,0.0,0.0,0.0,0.0,0.0,2.0,1.1,1.0,0.4414428557263045,0.19487179487179487,2.0,1.0,0.0,5.0,0.3,0.0,1.1140133037920334,1.2410256410256413,5.0,0.0,0.0,0.0,0.0,0.0,0.0,0.0,0.0,0.0,0.0,0.0,0.0,0.0,0.0,0.0,0.0,0.0,0.0,1.0,0.15,0.0,0.36162028533978946,0.13076923076923075,1.0,0.0,0.0,0.0,0.0,0.0,0.0,0.0,0.0,0.0,0.0,5.0,0.55,0.0,1.259833118781804,1.587179487179487,5.0,0.0,34.0,6.0,,22.0,,,,,,,
23,70,Usergrid 4,-58,14,28,66,0,0,0,0,25,60,1,2,2,4,9,6,,4.0,16.0,4.0,56.0,2.0,,,0.0,8.0,1.4827586206896552,1.0,1.7294292670810971,2.9909255898366607,8.0,0.0,0.0,1.0,0.06896551724137931,0.0,0.255608593705383,0.06533575317604357,1.0,0.0,0.0,2.0,1.1379310344827587,1.0,0.6337932548529975,0.40169388989715665,2.0,1.0,0.0,8.0,0.6551724137931034,0.0,1.7019258867935263,2.8965517241379306,8.0,0.0,0.0,0.0,0.0,0.0,0.0,0.0,0.0,0.0,0.0,0.0,0.0,0.0,0.0,0.0,0.0,0.0,0.0,3.0,0.27586206896551724,0.0,0.643267520902677,0.41379310344827597,3.0,0.0,0.0,1.0,0.034482758620689655,0.0,0.18405922400991945,0.03387779794313371,1.0,0.0,0.0,5.0,0.5517241379310345,0.0,1.1109094392497327,1.2341197822141559,5.0,0.0,42.0,16.0,,32.0,,,,2.0,,,
23,71,Usergrid 5,-50,14,24,58,0,0,0,0,20,50,0,0,4,8,9,6,,4.0,16.0,4.0,54.0,,,,0.0,5.0,1.1111111111111112,1.0,1.2387861780664788,1.5345911949685536,5.0,1.0,0.0,1.0,0.037037037037037035,0.0,0.19062587709298623,0.03633822501747029,1.0,0.0,0.0,2.0,1.1481481481481481,1.0,0.4517223812403886,0.20405310971348697,2.0,1.0,0.0,8.0,0.7407407407407407,0.0,1.750311941849387,3.063591893780572,8.0,0.0,0.0,0.0,0.0,0.0,0.0,0.0,0.0,0.0,0.0,0.0,0.0,0.0,0.0,0.0,0.0,0.0,0.0,3.0,0.18518518518518517,0.0,0.616566086193771,0.3801537386443046,3.0,0.0,0.0,0.0,0.0,0.0,0.0,0.0,0.0,0.0,0.0,5.0,0.4074074074074074,0.0,1.0373863842044457,1.076170510132774,5.0,0.0,46.0,8.0,,24.0,,,,6.0,,,
23,78,Usergrid 6,-66,8,25,61,2,11,0,0,24,64,1,2,2,6,9,6,,,16.0,6.0,58.0,,,,0.0,5.0,0.6896551724137931,0.0,1.1877576773317424,1.4107683000604958,5.0,0.0,0.0,0.0,0.0,0.0,0.0,0.0,0.0,0.0,0.0,2.0,0.9655172413793104,1.0,0.5608739183890605,0.31457955232909857,2.0,1.0,0.0,8.0,0.5862068965517241,0.0,1.510599773514175,2.2819116757410765,8.0,0.0,0.0,0.0,0.0,0.0,0.0,0.0,0.0,0.0,0.0,0.0,0.0,0.0,0.0,0.0,0.0,0.0,0.0,1.0,0.13793103448275862,0.0,0.34783923802698247,0.12099213551119176,1.0,0.0,0.0,0.0,0.0,0.0,0.0,0.0,0.0,0.0,0.0,3.0,0.6551724137931034,0.0,0.9652147136446775,0.9316394434361768,3.0,0.0,52.0,6.0,,34.0,,,,2.0,,,
23,79,Usergrid 7,-81,14,28,75,2,8,0,0,25,67,0,0,5,16,9,6,,,12.0,6.0,62.0,,,,0.0,5.0,0.7419354838709677,0.0,1.253656734869712,1.5716552088841875,5.0,0.0,0.0,0.0,0.0,0.0,0.0,0.0,0.0,0.0,0.0,2.0,1.0,1.0,0.5725983343138682,0.32786885245901637,2.0,1.0,0.0,8.0,0.5806451612903226,0.0,1.465990261153148,2.149127445795875,8.0,0.0,0.0,0.0,0.0,0.0,0.0,0.0,0.0,0.0,0.0,0.0,0.0,0.0,0.0,0.0,0.0,0.0,0.0,1.0,0.16129032258064516,0.0,0.37080101097607315,0.13749338974087794,1.0,0.0,0.0,0.0,0.0,0.0,0.0,0.0,0.0,0.0,0.0,4.0,0.8064516129032258,0.0,1.1851362192912864,1.404547858276044,4.0,0.0,50.0,12.0,,42.0,,,,2.0,,,
23,82,Usergrid 8,-4,14,30,83,6,22,5,19,26,72,4,11,1,3,9,6,,,12.0,6.0,90.0,,,4.0,0.0,3.0,0.5319148936170213,0.0,0.8513383222406822,0.7247769389155796,3.0,0.0,0.0,0.0,0.0,0.0,0.0,0.0,0.0,0.0,0.0,2.0,0.8723404255319149,1.0,0.6087894307856995,0.3706245710363759,2.0,1.0,0.0,8.0,0.9361702127659575,0.0,1.5849324848298023,2.5120109814687717,8.0,0.0,0.0,0.0,0.0,0.0,0.0,0.0,0.0,0.0,0.0,0.0,0.0,0.0,0.0,0.0,0.0,0.0,0.0,1.0,0.1276595744680851,0.0,0.3354997092507591,0.1125600549073439,1.0,0.0,0.0,1.0,0.02127659574468085,0.0,0.14507865158346242,0.021047815145275685,1.0,0.0,0.0,5.0,0.9787234042553191,1.0,1.2866454124178168,1.6554564172958137,5.0,0.0,72.0,22.0,,74.0,,,,2.0,,,
23,83,Usergrid 9,-12,6,13,36,2,6,1,3,12,33,1,3,1,3,9,6,,,12.0,6.0,40.0,2.0,,2.0,0.0,5.0,0.5416666666666666,0.0,1.3039764606499145,1.7003546099290778,5.0,0.0,0.0,0.0,0.0,0.0,0.0,0.0,0.0,0.0,0.0,1.0,0.8333333333333334,1.0,0.3766217885773547,0.14184397163120566,1.0,1.0,0.0,8.0,1.0,0.0,1.86798332490621,3.4893617021276597,8.0,0.0,0.0,0.0,0.0,0.0,0.0,0.0,0.0,0.0,0.0,0.0,0.0,0.0,0.0,0.0,0.0,0.0,0.0,0.0,0.0,0.0,0.0,0.0,0.0,0.0,0.0,1.0,0.041666666666666664,0.0,0.20194093652345887,0.04078014184397164,1.0,0.0,0.0,5.0,1.0833333333333333,0.0,1.5956501154012874,2.546099290780142,5.0,0.0,28.0,20.0,4.0,28.0,,,,2.0,,,
23,97,Usergrid 10,1,7,5,18,2,6,0,0,4,15,1,3,2,6,9,5,,,10.0,8.0,40.0,,,4.0,0.0,5.0,0.5833333333333334,0.0,1.199881790868058,1.4397163120567378,5.0,0.0,0.0,0.0,0.0,0.0,0.0,0.0,0.0,0.0,0.0,1.0,0.75,1.0,0.4375949744936837,0.19148936170212766,1.0,1.0,0.0,8.0,0.75,0.0,1.7805091311075736,3.1702127659574466,8.0,0.0,0.0,0.0,0.0,0.0,0.0,0.0,0.0,0.0,0.0,0.0,0.0,0.0,0.0,0.0,0.0,0.0,0.0,1.0,0.041666666666666664,0.0,0.20194093652345887,0.04078014184397164,1.0,0.0,0.0,0.0,0.0,0.0,0.0,0.0,0.0,0.0,0.0,11.0,0.9583333333333334,0.0,2.3243240457181407,5.402482269503546,11.0,0.0,32.0,16.0,4.0,28.0,,,,2.0,,,
23,98,Usergrid 11,-6,14,9,27,10,24,4,9,4,15,3,7,8,20,9,6,,,20.0,,45.0,2.0,,4.0,0.0,3.0,0.5471698113207547,0.0,0.889382623722102,0.7910014513788101,3.0,0.0,0.0,0.0,0.0,0.0,0.0,0.0,0.0,0.0,0.0,1.0,0.4528301886792453,0.0,0.5025334943237828,0.25253991291727146,1.0,0.0,0.0,5.0,0.7169811320754716,0.0,1.3780889567491927,1.8991291727140782,5.0,0.0,0.0,0.0,0.0,0.0,0.0,0.0,0.0,0.0,0.0,0.0,0.0,0.0,0.0,0.0,0.0,0.0,0.0,1.0,0.03773584905660377,0.0,0.19238024756109728,0.03701015965166908,1.0,0.0,0.0,0.0,0.0,0.0,0.0,0.0,0.0,0.0,0.0,11.0,0.8301886792452831,0.0,2.190327065993392,4.797532656023222,11.0,0.0,35.0,18.0,2.0,33.0,,,,,,,
23,103,Usergrid 12,-29,14,15,44,1,2,1,2,4,10,6,18,5,16,9,5,,,26.0,,30.0,2.0,,2.0,0.0,8.0,1.1111111111111112,0.0,1.9387444799999198,3.758730158730159,8.0,0.0,0.0,1.0,0.05555555555555555,0.0,0.2323106841457232,0.053968253968253964,1.0,0.0,0.0,1.0,0.2222222222222222,0.0,0.42163702135578396,0.1777777777777778,1.0,0.0,0.0,5.0,0.8333333333333334,0.0,1.4040757000349273,1.971428571428571,5.0,0.0,0.0,0.0,0.0,0.0,0.0,0.0,0.0,0.0,0.0,0.0,0.0,0.0,0.0,0.0,0.0,0.0,0.0,0.0,0.0,0.0,0.0,0.0,0.0,0.0,0.0,1.0,0.05555555555555555,0.0,0.2323106841457232,0.05396825396825397,1.0,0.0,0.0,2.0,0.2777777777777778,0.0,0.5662463427121809,0.3206349206349206,2.0,0.0,26.0,10.0,2.0,10.0,,,,,,,
23,107,Usergrid 13,5,14,15,33,4,13,5,21,14,25,0,0,0,0,9,6,,,24.0,,45.0,4.0,,4.0,0.0,9.0,1.528301886792453,1.0,2.117725317999568,4.484760522496372,9.0,0.0,0.0,1.0,0.11320754716981132,0.0,0.31987842392976584,0.10232220609579099,1.0,0.0,0.0,1.0,0.5283018867924528,1.0,0.5039754872284373,0.25399129172714074,1.0,1.0,0.0,5.0,0.6037735849056604,0.0,1.1492409307804572,1.3207547169811318,5.0,0.0,0.0,0.0,0.0,0.0,0.0,0.0,0.0,0.0,0.0,0.0,0.0,0.0,0.0,0.0,0.0,0.0,0.0,1.0,0.03773584905660377,0.0,0.1923802475610973,0.03701015965166909,1.0,0.0,0.0,0.0,0.0,0.0,0.0,0.0,0.0,0.0,0.0,10.0,0.8113207547169812,0.0,2.010133977295131,4.0406386066763424,10.0,0.0,31.0,22.0,,29.0,,,,,,,
23,109,Usergrid 14,-23,14,21,48,1,5,2,6,18,41,0,0,2,6,9,6,,,16.0,,39.0,4.0,,8.0,0.0,10.0,1.1372549019607843,0.0,2.2092497173758994,4.88078431372549,10.0,0.0,0.0,1.0,0.0784313725490196,0.0,0.2715243823233531,0.07372549019607842,1.0,0.0,0.0,1.0,0.47058823529411764,0.0,0.5041008302500836,0.25411764705882356,1.0,0.0,0.0,3.0,0.3137254901960784,0.0,0.7345800454254492,0.5396078431372551,3.0,0.0,0.0,0.0,0.0,0.0,0.0,0.0,0.0,0.0,0.0,0.0,0.0,0.0,0.0,0.0,0.0,0.0,0.0,0.0,0.0,0.0,0.0,0.0,0.0,0.0,0.0,0.0,0.0,0.0,0.0,0.0,0.0,0.0,0.0,11.0,0.803921568627451,0.0,2.2362433485033533,5.00078431372549,11.0,0.0,39.0,12.0,,35.0,,,,,,,
23,114,Usergrid 15,-9,7,14,29,2,8,0,0,9,22,1,5,6,10,9,5,,,22.0,2.0,52.0,2.0,,8.0,0.0,11.0,0.75,0.0,2.0625150312102587,4.253968253968254,11.0,0.0,0.0,0.0,0.0,0.0,0.0,0.0,0.0,0.0,0.0,2.0,0.59375,1.0,0.5554563403470574,0.30853174603174605,2.0,1.0,0.0,12.0,0.71875,0.0,2.156339858951178,4.649801587301587,12.0,0.0,0.0,0.0,0.0,0.0,0.0,0.0,0.0,0.0,0.0,0.0,0.0,0.0,0.0,0.0,0.0,0.0,0.0,0.0,0.0,0.0,0.0,0.0,0.0,0.0,0.0,0.0,0.0,0.0,0.0,0.0,0.0,0.0,0.0,11.0,0.65625,0.0,1.9937899620317112,3.9751984126984126,11.0,0.0,56.0,8.0,2.0,40.0,,,,,,,
23,123,Usergrid 16,-5,14,13,23,3,8,8,16,8,15,0,0,0,0,9,5,,,6.0,2.0,30.0,,,4.0,0.0,5.0,1.1176470588235294,0.0,1.5128681546902676,2.2887700534759357,5.0,0.0,0.0,1.0,0.058823529411764705,0.0,0.23883257361061289,0.057040998217468816,1.0,0.0,0.0,1.0,0.5882352941176471,1.0,0.4995541684356422,0.249554367201426,1.0,1.0,0.0,12.0,1.1176470588235294,0.0,2.8259051205667953,7.985739750445633,12.0,0.0,0.0,0.0,0.0,0.0,0.0,0.0,0.0,0.0,0.0,0.0,0.0,0.0,0.0,0.0,0.0,0.0,0.0,0.0,0.0,0.0,0.0,0.0,0.0,0.0,0.0,0.0,0.0,0.0,0.0,0.0,0.0,0.0,0.0,4.0,0.5294117647058824,0.0,1.1608589849278423,1.3475935828877006,4.0,0.0,30.0,4.0,,26.0,,,,,,,
23,124,Usergrid 17,-17,7,23,46,1,3,0,0,7,13,3,6,14,30,9,4,,,42.0,2.0,62.0,,,4.0,0.0,5.0,0.6060606060606061,0.0,1.1619451579642432,1.35011655011655,5.0,0.0,0.0,0.0,0.0,0.0,0.0,0.0,0.0,0.0,0.0,1.0,0.5757575757575758,1.0,0.4980147066288786,0.248018648018648,1.0,1.0,0.0,12.0,0.696969696969697,0.0,2.067846869570055,4.275990675990675,12.0,0.0,0.0,0.0,0.0,0.0,0.0,0.0,0.0,0.0,0.0,0.0,0.0,0.0,0.0,0.0,0.0,0.0,0.0,0.0,0.0,0.0,0.0,0.0,0.0,0.0,0.0,0.0,0.0,0.0,0.0,0.0,0.0,0.0,0.0,4.0,0.21212121212121213,0.0,0.7341169790488018,0.5389277389277389,4.0,0.0,52.0,14.0,,22.0,,,,,,,
23,125,Usergrid 18,-26,14,18,36,1,3,0,0,12,24,1,3,6,12,9,6,,,20.0,2.0,42.0,,,2.0,0.0,10.0,0.9090909090909091,0.0,2.2185075836066206,4.921775898520086,10.0,0.0,0.0,0.0,0.0,0.0,0.0,0.0,0.0,0.0,0.0,1.0,0.8181818181818182,1.0,0.390153653257413,0.15221987315010568,1.0,1.0,0.0,12.0,1.0454545454545454,0.0,2.523881704508147,6.369978858350951,12.0,0.0,0.0,0.0,0.0,0.0,0.0,0.0,0.0,0.0,0.0,0.0,0.0,0.0,0.0,0.0,0.0,0.0,0.0,0.0,0.0,0.0,0.0,0.0,0.0,0.0,0.0,0.0,0.0,0.0,0.0,0.0,0.0,0.0,0.0,4.0,0.22727272727272727,0.0,0.8589782021664113,0.7378435517970402,4.0,0.0,32.0,12.0,,22.0,,,,,,,
23,126,Usergrid 19,-37,14,22,48,6,8,2,7,19,36,2,4,5,9,9,5,,,30.0,2.0,58.0,,,,0.0,3.0,0.7586206896551724,0.0,1.0141169320374894,1.0284331518451297,3.0,0.0,0.0,0.0,0.0,0.0,0.0,0.0,0.0,0.0,0.0,2.0,0.8620689655172413,1.0,0.43722714246451244,0.19116757410768304,2.0,1.0,0.0,12.0,0.896551724137931,0.0,2.190006450142018,4.796128251663642,12.0,0.0,0.0,0.0,0.0,0.0,0.0,0.0,0.0,0.0,0.0,0.0,0.0,0.0,0.0,0.0,0.0,0.0,0.0,0.0,0.0,0.0,0.0,0.0,0.0,0.0,0.0,0.0,0.0,0.0,0.0,0.0,0.0,0.0,0.0,4.0,0.4827586206896552,0.0,1.0469903283848412,1.0961887477313976,4.0,0.0,52.0,6.0,,26.0,,,,,,,
23,129,Usergrid 20,8,6,23,43,1,5,1,5,8,19,1,2,14,22,9,6,,,52.0,2.0,80.0,,,,0.0,4.0,0.6,0.0,1.0744442190020083,1.1544303797468354,4.0,0.0,0.0,0.0,0.0,0.0,0.0,0.0,0.0,0.0,0.0,2.0,0.875,1.0,0.40173673601413545,0.16139240506329114,2.0,1.0,0.0,12.0,0.65,0.0,1.903361450205027,3.622784810126583,12.0,0.0,0.0,0.0,0.0,0.0,0.0,0.0,0.0,0.0,0.0,0.0,0.0,0.0,0.0,0.0,0.0,0.0,0.0,2.0,0.05,0.0,0.3142199503774225,0.09873417721518987,2.0,0.0,0.0,0.0,0.0,0.0,0.0,0.0,0.0,0.0,0.0,4.0,0.325,0.0,0.9907802832213876,0.981645569620253,4.0,0.0,62.0,18.0,,26.0,,,,,,,
23,133,Usergrid 21,-12,14,13,35,8,20,4,13,17,42,0,0,0,0,9,6,,,24.0,2.0,66.0,,,2.0,0.0,8.0,0.8529411764705882,0.0,1.604701170696406,2.575065847234416,8.0,0.0,0.0,0.0,0.0,0.0,0.0,0.0,0.0,0.0,0.0,1.0,0.8235294117647058,1.0,0.38405442985621985,0.1474978050921861,1.0,1.0,0.0,1.0,0.11764705882352941,0.0,0.32458523544031886,0.10535557506584724,1.0,0.0,0.0,0.0,0.0,0.0,0.0,0.0,0.0,0.0,0.0,0.0,0.0,0.0,0.0,0.0,0.0,0.0,0.0,0.0,0.0,0.0,0.0,0.0,0.0,0.0,0.0,0.0,0.0,0.0,0.0,0.0,0.0,0.0,0.0,3.0,0.29411764705882354,0.0,0.6704603793520898,0.4495171202809482,3.0,0.0,58.0,10.0,,42.0,,,,,,,
23,138,Usergrid 22,-40,7,24,69,4,8,0,0,23,66,1,3,4,8,9,7,,,28.0,2.0,64.0,2.0,,4.0,0.0,6.0,0.4857142857142857,0.0,1.3698921690649317,1.8766045548654233,6.0,0.0,0.0,0.0,0.0,0.0,0.0,0.0,0.0,0.0,0.0,2.0,0.8285714285714286,1.0,0.4495224058650928,0.20207039337474123,2.0,1.0,0.0,1.0,0.17142857142857143,0.0,0.3796042398103419,0.1440993788819876,1.0,0.0,0.0,0.0,0.0,0.0,0.0,0.0,0.0,0.0,0.0,0.0,0.0,0.0,0.0,0.0,0.0,0.0,0.0,0.0,0.0,0.0,0.0,0.0,0.0,0.0,0.0,1.0,0.02857142857142857,0.0,0.1678015193509294,0.028157349896480333,1.0,0.0,0.0,9.0,0.7142857142857143,0.0,1.6431046712435962,2.699792960662526,9.0,0.0,48.0,22.0,,40.0,,,,,,,
23,140,Usergrid 23,-10,14,14,33,4,11,0,0,5,17,1,2,12,25,9,7,,,18.0,2.0,44.0,2.0,,,0.0,7.0,0.9130434782608695,0.0,1.6842550210242542,2.836714975845411,7.0,0.0,0.0,1.0,0.043478260869565216,0.0,0.2061845709423622,0.04251207729468599,1.0,0.0,0.0,1.0,0.6956521739130435,1.0,0.4652151338606117,0.21642512077294687,1.0,1.0,0.0,1.0,0.08695652173913043,0.0,0.2848849246447679,0.0811594202898551,1.0,0.0,0.0,0.0,0.0,0.0,0.0,0.0,0.0,0.0,0.0,0.0,0.0,0.0,0.0,0.0,0.0,0.0,0.0,0.0,0.0,0.0,0.0,0.0,0.0,0.0,0.0,0.0,0.0,0.0,0.0,0.0,0.0,0.0,0.0,1.0,0.21739130434782608,0.0,0.41702882811414954,0.17391304347826086,1.0,0.0,32.0,14.0,,26.0,,,,,,,
23,146,Usergrid 24,-20,14,14,38,1,1,0,0,13,35,1,1,1,3,9,5,,,8.0,2.0,30.0,,,,0.0,2.0,0.11764705882352941,0.0,0.47766514722122577,0.22816399286987527,2.0,0.0,0.0,0.0,0.0,0.0,0.0,0.0,0.0,0.0,0.0,1.0,0.7058823529411765,1.0,0.4624972900628803,0.21390374331550807,1.0,1.0,0.0,1.0,0.11764705882352941,0.0,0.3270349700838643,0.10695187165775401,1.0,0.0,0.0,0.0,0.0,0.0,0.0,0.0,0.0,0.0,0.0,0.0,0.0,0.0,0.0,0.0,0.0,0.0,0.0,0.0,0.0,0.0,0.0,0.0,0.0,0.0,0.0,0.0,0.0,0.0,0.0,0.0,0.0,0.0,0.0,3.0,0.7058823529411765,0.0,0.9055188288357753,0.8199643493761141,3.0,0.0,28.0,6.0,4.0,24.0,,,,,,,
23,152,Usergrid 25,-33,7,20,57,0,0,0,0,14,37,2,13,4,7,9,8,,,6.0,2.0,42.0,,,4.0,0.0,2.0,0.3333333333333333,0.0,0.6302087912488812,0.3971631205673759,2.0,0.0,0.0,1.0,0.08333333333333333,0.0,0.279310193865464,0.07801418439716311,1.0,0.0,0.0,2.0,0.8333333333333334,1.0,0.5586203877309281,0.3120567375886525,2.0,1.0,0.0,1.0,0.08333333333333333,0.0,0.2793101938654641,0.07801418439716312,1.0,0.0,0.0,0.0,0.0,0.0,0.0,0.0,0.0,0.0,0.0,0.0,0.0,0.0,0.0,0.0,0.0,0.0,0.0,3.0,0.875,1.0,0.9368348704377336,0.8776595744680851,3.0,1.0,0.0,1.0,0.041666666666666664,0.0,0.20194093652345887,0.04078014184397164,1.0,0.0,0.0,10.0,1.6666666666666667,1.0,2.503897670852244,6.269503546099291,10.0,0.0,32.0,16.0,2.0,40.0,,,,,,,
35,8,Q2'14 Sprint 1,5,9,1,1,19,35,11,27,9,9,0,0,0,0,2,5,18.0,17.0,7.0,1.0,31.0,9.0,2.0,1.0,0.0,32.0,2.5348837209302326,1.0,5.011172456713016,25.111849390919165,32.0,1.0,0.0,9.0,0.3953488372093023,0.0,1.6350263560380585,2.6733111849390916,9.0,0.0,0.0,1.0,0.627906976744186,1.0,0.4890834875635335,0.239202657807309,1.0,1.0,0.0,10.0,1.302325581395349,1.0,1.9090621447258467,3.6445182724252496,10.0,0.0,0.0,0.0,0.0,0.0,0.0,0.0,0.0,0.0,0.0,0.0,0.0,0.0,0.0,0.0,0.0,0.0,0.0,13.0,1.1395348837209303,0.0,2.512647961517104,6.313399778516058,13.0,0.0,0.0,1.0,0.046511627906976744,0.0,0.21308263231644634,0.045404208194905864,1.0,0.0,0.0,2.0,0.18604651162790697,0.0,0.5002767783217783,0.2502768549280177,2.0,0.0,24.0,19.0,,,,,,,,,
35,12,Q2'14 Sprint 2,-16,13,17,38,2,2,0,0,9,23,6,13,4,4,2,4,9.0,6.0,21.0,,25.0,7.0,1.0,2.0,0.0,17.0,1.2777777777777777,0.0,3.066977209949433,9.406349206349208,17.0,0.0,0.0,9.0,0.6944444444444444,0.0,1.7698982124799385,3.1325396825396816,9.0,0.0,0.0,1.0,0.7222222222222222,1.0,0.45425676257949793,0.20634920634920637,1.0,1.0,0.0,2.0,0.6944444444444444,1.0,0.749073501808141,0.561111111111111,2.0,0.0,0.0,0.0,0.0,0.0,0.0,0.0,0.0,0.0,0.0,0.0,0.0,0.0,0.0,0.0,0.0,0.0,0.0,13.0,0.9722222222222222,0.0,2.4783186825070525,6.142063492063493,13.0,0.0,0.0,0.0,0.0,0.0,0.0,0.0,0.0,0.0,0.0,2.0,0.08333333333333333,0.0,0.3683941988065037,0.13571428571428576,2.0,0.0,16.0,20.0,1.0,,,,,,,,
35,13,Q2 Sprint 3,-18,12,21,52,5,5,2,2,17,34,5,19,2,2,2,3,5.0,13.0,19.0,,30.0,4.0,,2.0,0.0,7.0,0.972972972972973,0.0,1.8780380792271032,3.5270270270270268,7.0,0.0,0.0,9.0,0.6486486486486487,0.0,1.751447277986856,3.067567567567567,9.0,0.0,0.0,1.0,0.4864864864864865,0.0,0.5067117097095317,0.25675675675675674,1.0,0.0,0.0,2.0,0.35135135135135137,0.0,0.6331673561554646,0.4009009009009009,2.0,0.0,0.0,0.0,0.0,0.0,0.0,0.0,0.0,0.0,0.0,0.0,0.0,0.0,0.0,0.0,0.0,0.0,0.0,14.0,0.8648648648648649,0.0,2.6890948721142633,7.231231231231226,14.0,0.0,0.0,0.0,0.0,0.0,0.0,0.0,0.0,0.0,0.0,2.0,0.16216216216216217,0.0,0.44180900307168386,0.19519519519519515,2.0,0.0,16.0,21.0,1.0,,,,,,,,
35,20,Q2 Sprint 4,8,12,14,27,11,11,3,10,3,5,6,6,13,17,2,7,5.0,14.0,26.0,,40.0,7.0,,2.0,0.0,9.0,1.6938775510204083,1.0,2.0837074494021173,4.341836734693877,9.0,0.0,0.0,9.0,0.4897959183673469,0.0,1.5562032988922088,2.421768707482993,9.0,0.0,0.0,1.0,0.46938775510204084,0.0,0.5042337758225565,0.2542517006802721,1.0,0.0,0.0,3.0,0.4897959183673469,0.0,0.8196149751456432,0.6717687074829932,3.0,0.0,0.0,0.0,0.0,0.0,0.0,0.0,0.0,0.0,0.0,0.0,0.0,0.0,0.0,0.0,0.0,0.0,0.0,14.0,1.2040816326530612,0.0,2.5081499808684913,6.290816326530613,14.0,0.0,0.0,0.0,0.0,0.0,0.0,0.0,0.0,0.0,0.0,1.0,0.08163265306122448,0.0,0.2766416675862441,0.07653061224489796,1.0,0.0,27.0,22.0,,3.0,1.0,,,,,,
35,22,Q2 Sprint 5,3,4,9,9,1,1,0,0,3,3,1,1,6,6,2,5,,2.0,17.0,,21.0,,,,0.0,7.0,1.7142857142857142,1.0,2.239260081876537,5.014285714285714,7.0,0.0,0.0,0.0,0.0,0.0,0.0,0.0,0.0,0.0,0.0,1.0,0.42857142857142855,0.0,0.5070925528371099,0.25714285714285706,1.0,0.0,0.0,2.0,0.3333333333333333,0.0,0.5773502691896257,0.3333333333333333,2.0,0.0,0.0,0.0,0.0,0.0,0.0,0.0,0.0,0.0,0.0,0.0,0.0,0.0,0.0,0.0,0.0,0.0,0.0,9.0,1.7142857142857142,1.0,2.9856801091687157,8.914285714285715,9.0,0.0,0.0,0.0,0.0,0.0,0.0,0.0,0.0,0.0,0.0,2.0,0.19047619047619047,0.0,0.511766315719159,0.26190476190476186,2.0,0.0,6.0,15.0,,,2.0,,,,,,
35,24,Q3 Sprint 1,-8,9,6,13,5,5,0,0,0,0,5,7,6,6,2,5,2.0,8.0,15.0,,29.0,,,,0.0,10.0,1.8620689655172413,1.0,2.2634382495132503,5.123152709359607,10.0,0.0,0.0,1.0,0.20689655172413793,0.0,0.4122508203948855,0.16995073891625614,1.0,0.0,0.0,1.0,0.4827586206896552,0.0,0.5085476277156078,0.2586206896551724,1.0,0.0,0.0,3.0,0.41379310344827586,0.0,0.6822882392210131,0.46551724137931044,3.0,0.0,0.0,0.0,0.0,0.0,0.0,0.0,0.0,0.0,0.0,0.0,0.0,0.0,0.0,0.0,0.0,0.0,0.0,9.0,1.2758620689655173,0.0,2.343631975681853,5.492610837438424,9.0,0.0,0.0,0.0,0.0,0.0,0.0,0.0,0.0,0.0,0.0,2.0,0.10344827586206896,0.0,0.40925259281898757,0.16748768472906403,2.0,0.0,4.0,25.0,,1.0,3.0,,,,,,
35,25,Q3 Sprint 2,9,9,7,19,1,1,0,0,1,6,4,7,3,7,2,3,4.0,7.0,15.0,,22.0,3.0,,1.0,0.0,11.0,1.8461538461538463,1.0,2.5249523986373714,6.375384615384616,11.0,0.0,0.0,1.0,0.15384615384615385,0.0,0.36794648440311994,0.1353846153846154,1.0,0.0,0.0,1.0,0.5769230769230769,1.0,0.503831473655779,0.2538461538461539,1.0,1.0,0.0,3.0,0.4230769230769231,0.0,0.7575263387144726,0.5738461538461539,3.0,0.0,0.0,0.0,0.0,0.0,0.0,0.0,0.0,0.0,0.0,0.0,0.0,0.0,0.0,0.0,0.0,0.0,0.0,9.0,1.4230769230769231,0.0,2.858993905877757,8.173846153846153,9.0,0.0,0.0,0.0,0.0,0.0,0.0,0.0,0.0,0.0,0.0,2.0,0.11538461538461539,0.0,0.43145549730400484,0.18615384615384614,2.0,0.0,6.0,20.0,,,,,,,,,
35,26,Aurora Q3 Sprint 2,0,11,0,0,0,0,0,0,0,0,0,0,0,0,2,1,35.0,,23.0,2.0,101.0,1.0,,9.0,0.0,8.0,2.017391304347826,1.0,2.060414745745411,4.245308924485126,8.0,1.0,0.0,1.0,0.02608695652173913,0.0,0.16009150701348573,0.025629290617848955,1.0,0.0,1.0,1.0,1.0,1.0,0.0,0.0,0.0,1.0,0.0,4.0,0.48695652173913045,0.0,0.8621191494901502,0.74324942791762,4.0,0.0,0.0,0.0,0.0,0.0,0.0,0.0,0.0,0.0,0.0,0.0,0.0,0.0,0.0,0.0,0.0,0.0,0.0,1.0,0.2608695652173913,0.0,0.4410306215596805,0.1945080091533181,1.0,0.0,0.0,1.0,0.02608695652173913,0.0,0.16009150701348573,0.025629290617848955,1.0,0.0,0.0,1.0,0.02608695652173913,0.0,0.16009150701348573,0.025629290617848955,1.0,0.0,80.0,35.0,4.0,13.0,,,42.0,,,,
35,30,Q3 Sprint 3,-15,11,6,23,3,5,0,0,2,11,2,7,5,10,2,4,2.0,2.0,9.0,,13.0,1.0,,,1.0,6.0,2.5,2.0,1.4005493427717788,1.9615384615384615,5.0,2.0,0.0,1.0,0.14285714285714285,0.0,0.3631365196012815,0.1318681318681319,1.0,0.0,0.0,1.0,0.5714285714285714,1.0,0.5135525910130955,0.26373626373626374,1.0,1.0,0.0,4.0,1.2857142857142858,0.0,1.8156825980064073,3.296703296703297,4.0,0.0,0.0,0.0,0.0,0.0,0.0,0.0,0.0,0.0,0.0,0.0,0.0,0.0,0.0,0.0,0.0,0.0,0.0,2.0,0.5,0.0,0.6504436355879909,0.4230769230769231,2.0,0.0,0.0,0.0,0.0,0.0,0.0,0.0,0.0,0.0,0.0,2.0,0.2857142857142857,0.0,0.726273039202563,0.5274725274725276,2.0,0.0,3.0,11.0,,,1.0,,,,,,
35,31,Q3 Sprint 4,-12,11,9,26,2,3,0,0,4,15,1,2,6,12,2,7,3.0,7.0,19.0,,22.0,6.0,1.0,,0.0,44.0,3.586206896551724,0.0,9.217674177436482,84.96551724137933,44.0,0.0,0.0,1.0,0.3793103448275862,0.0,0.49380397379124,0.24384236453201966,1.0,0.0,0.0,1.0,0.3793103448275862,0.0,0.49380397379124,0.24384236453201966,1.0,0.0,0.0,6.0,0.8620689655172413,0.0,1.5288683473881328,2.3374384236453203,6.0,0.0,0.0,0.0,0.0,0.0,0.0,0.0,0.0,0.0,0.0,0.0,0.0,0.0,0.0,0.0,0.0,0.0,0.0,8.0,0.7241379310344828,0.0,1.645264888011696,2.706896551724139,8.0,0.0,0.0,0.0,0.0,0.0,0.0,0.0,0.0,0.0,0.0,2.0,0.20689655172413793,0.0,0.6198680933892069,0.3842364532019705,2.0,0.0,8.0,21.0,,,,,,,,,
35,36,Mesos Q3 Sprint 5,14,14,0,0,7,11,2,2,5,9,0,0,0,0,2,5,2.0,9.0,22.0,7.0,38.0,2.0,,1.0,0.0,11.0,2.261904761904762,2.0,2.43009107336635,5.905342624854819,11.0,0.0,0.0,1.0,0.30952380952380953,0.0,0.4679011380933327,0.218931475029036,1.0,0.0,0.0,1.0,0.38095238095238093,0.0,0.49150743499231975,0.2415795586527294,1.0,0.0,0.0,8.0,1.7857142857142858,0.5,2.6368469186651446,6.952961672473867,8.0,0.0,0.0,0.0,0.0,0.0,0.0,0.0,0.0,0.0,0.0,0.0,0.0,0.0,0.0,0.0,0.0,0.0,0.0,1.0,0.21428571428571427,0.0,0.4152997322366327,0.17247386759581881,1.0,0.0,0.0,0.0,0.0,0.0,0.0,0.0,0.0,0.0,0.0,2.0,0.16666666666666666,0.0,0.5372316876161176,0.2886178861788618,2.0,0.0,7.0,35.0,1.0,1.0,1.0,,,,,,
35,38,Mesos Q3 Sprint 6,-28,14,10,41,1,1,0,0,3,23,4,12,4,7,2,7,2.0,4.0,15.0,2.0,19.0,5.0,,,0.0,35.0,4.541666666666667,3.0,7.168646507788146,51.38949275362317,35.0,0.0,0.0,1.0,0.4583333333333333,0.0,0.5089773777040516,0.2590579710144928,1.0,0.0,0.0,1.0,0.5,0.5,0.5107539184552492,0.2608695652173913,1.0,0.0,0.0,3.0,1.125,1.0,0.8998792189486611,0.8097826086956522,3.0,2.0,0.0,0.0,0.0,0.0,0.0,0.0,0.0,0.0,0.0,0.0,0.0,0.0,0.0,0.0,0.0,0.0,0.0,1.0,0.125,0.0,0.3378319623460881,0.11413043478260869,1.0,0.0,0.0,0.0,0.0,0.0,0.0,0.0,0.0,0.0,0.0,2.0,0.2916666666666667,0.0,0.6240935455708451,0.3894927536231884,2.0,0.0,5.0,19.0,,1.0,,,,,,,
35,43,Twitter Q4 Sprint 1,-18,14,14,45,0,0,0,0,7,16,2,18,5,11,2,6,2.0,4.0,17.0,2.0,21.0,4.0,,1.0,0.0,12.0,2.814814814814815,2.0,3.0386869258971436,9.233618233618232,12.0,2.0,0.0,7.0,0.6666666666666666,0.0,1.3867504905630728,1.9230769230769231,7.0,0.0,0.0,1.0,0.5925925925925926,1.0,0.5007117441325405,0.2507122507122507,1.0,1.0,0.0,5.0,1.1851851851851851,1.0,1.001423488265081,1.0028490028490027,5.0,1.0,0.0,0.0,0.0,0.0,0.0,0.0,0.0,0.0,0.0,0.0,0.0,0.0,0.0,0.0,0.0,0.0,0.0,9.0,0.5555555555555556,0.0,1.7394369852458083,3.0256410256410264,9.0,0.0,0.0,0.0,0.0,0.0,0.0,0.0,0.0,0.0,0.0,5.0,0.48148148148148145,0.0,1.08735283249559,1.1823361823361822,5.0,0.0,7.0,20.0,1.0,2.0,,,,,,,
35,45,Mesosphere Q4 Sprint 1 10/31,0,12,0,0,10,30,10,30,0,0,0,0,0,0,2,4,9.0,13.0,13.0,6.0,30.0,9.0,,4.0,0.0,18.0,4.372093023255814,3.0,5.2735785979954715,27.81063122923588,18.0,3.0,0.0,7.0,0.3953488372093023,0.0,1.1368196004585385,1.292358803986711,7.0,0.0,0.0,1.0,0.18604651162790697,0.0,0.3937496154790789,0.15503875968992248,1.0,0.0,0.0,5.0,1.0,1.0,1.3627702877384937,1.8571428571428572,5.0,0.0,0.0,0.0,0.0,0.0,0.0,0.0,0.0,0.0,0.0,0.0,0.0,0.0,0.0,0.0,0.0,0.0,0.0,10.0,0.27906976744186046,0.0,1.5325916642414332,2.348837209302326,10.0,0.0,0.0,1.0,0.06976744186046512,0.0,0.2577696311132336,0.06644518272425251,1.0,0.0,0.0,5.0,0.4883720930232558,0.0,0.9849363775260239,0.9700996677740864,5.0,0.0,14.0,29.0,,2.0,,,,,,,
35,47,Mesosphere Q4 Sprint 2 - 11/14,0,10,0,0,0,0,0,0,0,0,0,0,0,0,2,1,1.0,4.0,3.0,2.0,8.0,,,3.0,0.0,18.0,5.2727272727272725,2.0,7.01556710595671,49.21818181818181,18.0,0.0,0.0,0.0,0.0,0.0,0.0,0.0,0.0,0.0,0.0,1.0,0.09090909090909091,0.0,0.3015113445777636,0.09090909090909088,1.0,0.0,0.0,4.0,0.7272727272727273,0.0,1.6180796699117808,2.6181818181818173,4.0,0.0,0.0,0.0,0.0,0.0,0.0,0.0,0.0,0.0,0.0,0.0,0.0,0.0,0.0,0.0,0.0,0.0,0.0,0.0,0.0,0.0,0.0,0.0,0.0,0.0,0.0,0.0,0.0,0.0,0.0,0.0,0.0,0.0,0.0,2.0,0.45454545454545453,0.0,0.6875516509523286,0.47272727272727266,2.0,0.0,7.0,4.0,,,1.0,,,,,,
35,49,Twitter Mesos Q4 Sprint 2,-22,14,15,40,6,14,0,0,5,13,7,25,9,16,2,6,3.0,8.0,16.0,2.0,25.0,9.0,,,0.0,12.0,2.8529411764705883,2.5,2.903836051607727,8.432263814616753,12.0,4.0,0.0,7.0,0.6176470588235294,0.0,1.2556467820827337,1.5766488413547242,7.0,0.0,0.0,1.0,0.5294117647058824,1.0,0.5066403971048989,0.25668449197860965,1.0,1.0,0.0,5.0,1.0294117647058822,1.0,1.1142409868727206,1.2415329768270944,5.0,1.0,0.0,0.0,0.0,0.0,0.0,0.0,0.0,0.0,0.0,0.0,0.0,0.0,0.0,0.0,0.0,0.0,0.0,10.0,0.5882352941176471,0.0,1.7253483979979676,2.976827094474153,10.0,0.0,0.0,0.0,0.0,0.0,0.0,0.0,0.0,0.0,0.0,5.0,0.6764705882352942,0.0,1.0651671724050364,1.1345811051693404,5.0,0.0,10.0,24.0,,4.0,1.0,,,,,,
35,51,Twitter Mesos Q4 Sprint 3,26,14,3,15,2,3,0,0,5,18,0,0,0,0,2,6,8.0,7.0,15.0,,26.0,11.0,,1.0,0.0,7.0,2.3684210526315788,2.0,2.032453618121476,4.130867709815079,7.0,0.0,0.0,1.0,0.2894736842105263,0.0,0.45960586739381004,0.2112375533428165,1.0,0.0,0.0,1.0,0.47368421052631576,0.0,0.506009406240056,0.256045519203414,1.0,0.0,0.0,5.0,1.236842105263158,1.0,1.4599927901768632,2.131578947368422,5.0,1.0,0.0,0.0,0.0,0.0,0.0,0.0,0.0,0.0,0.0,0.0,0.0,0.0,0.0,0.0,0.0,0.0,0.0,10.0,0.42105263157894735,0.0,1.6379218696900972,2.682788051209104,10.0,0.0,0.0,1.0,0.02631578947368421,0.0,0.16222142113076257,0.02631578947368422,1.0,0.0,0.0,2.0,0.21052631578947367,0.0,0.5280200004832999,0.278805120910384,2.0,0.0,8.0,30.0,,6.0,2.0,,,,,,
35,56,Twitter Mesos Q4 Sprint 4,-26,14,12,56,3,7,1,8,2,8,4,18,8,29,2,5,8.0,6.0,5.0,,19.0,2.0,,,0.0,7.0,2.0476190476190474,2.0,2.011869540407391,4.0476190476190474,7.0,2.0,0.0,1.0,0.09523809523809523,0.0,0.30079260375911915,0.09047619047619046,1.0,0.0,0.0,1.0,0.7142857142857143,1.0,0.4629100498862757,0.21428571428571427,1.0,1.0,0.0,5.0,0.9523809523809523,1.0,1.1608699529314415,1.3476190476190473,5.0,1.0,0.0,0.0,0.0,0.0,0.0,0.0,0.0,0.0,0.0,0.0,0.0,0.0,0.0,0.0,0.0,0.0,0.0,1.0,0.3333333333333333,0.0,0.4830458915396479,0.23333333333333325,1.0,0.0,0.0,0.0,0.0,0.0,0.0,0.0,0.0,0.0,0.0,4.0,0.47619047619047616,0.0,1.0779168622415933,1.1619047619047622,4.0,0.0,4.0,17.0,,2.0,,,,,,,
35,57,Twitter Mesos Q4 Sprint 5,-33,14,7,37,1,5,0,0,4,28,3,13,1,1,2,6,5.0,1.0,4.0,,9.0,1.0,,,0.0,6.0,1.1818181818181819,0.0,1.9908883353006928,3.963636363636364,6.0,0.0,0.0,1.0,0.09090909090909091,0.0,0.30151134457776363,0.0909090909090909,1.0,0.0,0.0,1.0,0.6363636363636364,1.0,0.504524979109513,0.2545454545454545,1.0,1.0,0.0,5.0,1.2727272727272727,1.0,1.4206272622267315,2.0181818181818185,5.0,1.0,0.0,0.0,0.0,0.0,0.0,0.0,0.0,0.0,0.0,0.0,0.0,0.0,0.0,0.0,0.0,0.0,0.0,0.0,0.0,0.0,0.0,0.0,0.0,0.0,0.0,0.0,0.0,0.0,0.0,0.0,0.0,0.0,0.0,2.0,0.2727272727272727,0.0,0.6466697906828633,0.41818181818181827,2.0,0.0,2.0,9.0,1.0,1.0,,,,,,,
35,63,Twitter Mesos Q4 Sprint 6,-24,14,6,32,0,0,0,0,4,21,1,3,1,8,2,5,4.0,1.0,2.0,,7.0,,,,0.0,3.0,1.2857142857142858,0.0,1.6035674514745464,2.5714285714285716,3.0,0.0,0.0,0.0,0.0,0.0,0.0,0.0,0.0,0.0,0.0,1.0,0.5714285714285714,1.0,0.5345224838248488,0.2857142857142857,1.0,1.0,0.0,2.0,1.1428571428571428,1.0,0.6900655593423543,0.4761904761904763,2.0,1.0,0.0,0.0,0.0,0.0,0.0,0.0,0.0,0.0,0.0,0.0,0.0,0.0,0.0,0.0,0.0,0.0,0.0,1.0,0.14285714285714285,0.0,0.37796447300922725,0.14285714285714288,1.0,0.0,0.0,0.0,0.0,0.0,0.0,0.0,0.0,0.0,0.0,2.0,0.42857142857142855,0.0,0.7867957924694431,0.619047619047619,2.0,0.0,1.0,6.0,,,,,,,,,
35,72,Twitter Mesos Q1 Sprint 1,-16,14,11,41,0,0,0,0,6,32,3,5,2,4,2,6,5.0,4.0,9.0,,16.0,3.0,,,0.0,6.0,1.0,0.0,1.5986105077709065,2.5555555555555554,6.0,0.0,0.0,2.0,0.3157894736842105,0.0,0.5823927253578186,0.3391812865497076,2.0,0.0,0.0,1.0,0.8947368421052632,1.0,0.3153017676423058,0.09941520467836257,1.0,1.0,0.0,5.0,0.9473684210526315,0.0,1.3529262199858298,1.830409356725146,5.0,0.0,0.0,0.0,0.0,0.0,0.0,0.0,0.0,0.0,0.0,0.0,0.0,0.0,0.0,0.0,0.0,0.0,0.0,2.0,0.21052631578947367,0.0,0.5353033790313108,0.2865497076023391,2.0,0.0,0.0,0.0,0.0,0.0,0.0,0.0,0.0,0.0,0.0,2.0,0.21052631578947367,0.0,0.5353033790313108,0.2865497076023391,2.0,0.0,5.0,14.0,,1.0,,,,,,,
35,80,Twitter Mesos Q1 Sprint 2,-14,14,10,42,1,2,0,0,3,17,3,16,5,11,2,6,7.0,7.0,10.0,,21.0,6.0,,,0.0,9.0,2.259259259259259,1.0,2.7539145927289725,7.584045584045583,9.0,0.0,0.0,7.0,0.5925925925925926,0.0,1.3660515605557744,1.8660968660968664,7.0,0.0,0.0,1.0,0.7037037037037037,1.0,0.4653216269680752,0.21652421652421652,1.0,1.0,0.0,5.0,1.0740740740740742,1.0,1.4656562175858798,2.148148148148148,5.0,0.0,0.0,0.0,0.0,0.0,0.0,0.0,0.0,0.0,0.0,0.0,0.0,0.0,0.0,0.0,0.0,0.0,0.0,3.0,0.2962962962962963,0.0,0.6688000054526371,0.4472934472934474,3.0,0.0,0.0,0.0,0.0,0.0,0.0,0.0,0.0,0.0,0.0,1.0,0.1111111111111111,0.0,0.32025630761017426,0.10256410256410257,1.0,0.0,7.0,20.0,,3.0,,,,,,,
35,81,Mesosphere Q1 Sprint 4 - 3/6,0,14,0,0,1,1,0,0,0,0,1,1,0,0,2,2,16.0,4.0,11.0,1.0,20.0,4.0,2.0,6.0,0.0,16.0,4.363636363636363,4.0,4.400413203738527,19.363636363636367,16.0,1.0,0.0,1.0,0.09090909090909091,0.0,0.2919371040605711,0.08522727272727272,1.0,0.0,0.0,1.0,0.45454545454545453,0.0,0.5056498968474316,0.2556818181818181,1.0,0.0,0.0,4.0,0.8181818181818182,1.0,1.0141050689692321,1.028409090909091,4.0,0.0,0.0,0.0,0.0,0.0,0.0,0.0,0.0,0.0,0.0,0.0,0.0,0.0,0.0,0.0,0.0,0.0,0.0,1.0,0.06060606060606061,0.0,0.24230584229877994,0.058712121212121215,1.0,0.0,0.0,1.0,0.030303030303030304,0.0,0.17407765595569785,0.030303030303030307,1.0,0.0,0.0,4.0,0.45454545454545453,0.0,0.7941547822570976,0.6306818181818181,4.0,0.0,11.0,22.0,1.0,,1.0,,,,,,
35,87,Twitter Mesos Q1 Sprint 3,-19,13,10,49,0,0,0,0,5,28,2,7,3,14,2,8,6.0,13.0,12.0,,29.0,3.0,,,0.0,6.0,1.5,0.0,2.079081683138325,4.32258064516129,6.0,0.0,0.0,7.0,0.84375,0.0,1.4167061980569235,2.007056451612903,7.0,0.0,0.0,1.0,0.71875,1.0,0.45680340939917435,0.2086693548387097,1.0,1.0,0.0,5.0,1.03125,0.0,1.3316101095557091,1.7731854838709677,5.0,0.0,0.0,0.0,0.0,0.0,0.0,0.0,0.0,0.0,0.0,0.0,0.0,0.0,0.0,0.0,0.0,0.0,0.0,1.0,0.09375,0.0,0.29614458108029906,0.08770161290322581,1.0,0.0,0.0,0.0,0.0,0.0,0.0,0.0,0.0,0.0,0.0,3.0,0.125,0.0,0.5535807194106618,0.3064516129032258,3.0,0.0,9.0,23.0,,,1.0,,,,,,
35,93,Twitter Mesos Q1 Sprint 4,-20,14,8,41,5,10,0,0,5,28,3,16,5,7,2,8,5.0,8.0,6.0,,17.0,1.0,,1.0,0.0,12.0,2.526315789473684,1.0,3.1511624143168993,9.929824561403509,12.0,0.0,0.0,2.0,0.5263157894736842,0.0,0.7723284457212329,0.5964912280701755,2.0,0.0,1.0,1.0,1.0,1.0,0.0,0.0,0.0,1.0,0.0,4.0,1.1578947368421053,1.0,1.067872125861979,1.1403508771929824,4.0,2.0,0.0,0.0,0.0,0.0,0.0,0.0,0.0,0.0,0.0,0.0,0.0,0.0,0.0,0.0,0.0,0.0,0.0,1.0,0.2631578947368421,0.0,0.4524139283588641,0.20467836257309946,1.0,0.0,0.0,1.0,0.05263157894736842,0.0,0.22941573387056177,0.052631578947368425,1.0,0.0,0.0,3.0,0.21052631578947367,0.0,0.7132825035177586,0.5087719298245613,3.0,0.0,6.0,13.0,,,,,,,,,
35,99,Twitter Mesos Q1 Sprint 5,11,14,0,0,4,18,2,11,2,7,0,0,0,0,2,6,2.0,11.0,6.0,,15.0,2.0,,1.0,0.0,12.0,2.9473684210526314,1.0,3.341218743222071,11.163742690058477,12.0,1.0,0.0,3.0,0.631578947368421,0.0,0.8950807732508138,0.8011695906432748,3.0,0.0,0.0,1.0,0.8947368421052632,1.0,0.3153017676423058,0.09941520467836257,1.0,1.0,0.0,4.0,1.0,1.0,1.1547005383792515,1.3333333333333333,4.0,0.0,0.0,0.0,0.0,0.0,0.0,0.0,0.0,0.0,0.0,0.0,0.0,0.0,0.0,0.0,0.0,0.0,0.0,0.0,0.0,0.0,0.0,0.0,0.0,0.0,0.0,1.0,0.05263157894736842,0.0,0.22941573387056177,0.05263157894736842,1.0,0.0,0.0,3.0,0.42105263157894735,0.0,0.7685331969757723,0.5906432748538012,3.0,0.0,2.0,17.0,1.0,,,,,,,,
35,102,Mesosphere Q1 Sprint 6 - 4/3,0,14,0,0,0,0,0,0,0,0,0,0,0,0,2,1,14.0,3.0,11.0,5.0,28.0,1.0,2.0,8.0,0.0,10.0,3.230769230769231,2.0,2.8696372268572876,8.234817813765183,10.0,1.0,0.0,1.0,0.1794871794871795,0.0,0.38877641198447155,0.15114709851551955,1.0,0.0,0.0,1.0,0.3333333333333333,0.0,0.47756693294091923,0.22807017543859642,1.0,0.0,0.0,4.0,1.0769230769230769,1.0,1.3838279362279908,1.9149797570850204,4.0,0.0,0.0,0.0,0.0,0.0,0.0,0.0,0.0,0.0,0.0,0.0,0.0,0.0,0.0,0.0,0.0,0.0,0.0,1.0,0.02564102564102564,0.0,0.16012815380508716,0.02564102564102565,1.0,0.0,0.0,1.0,0.10256410256410256,0.0,0.30735474060472817,0.09446693657219973,1.0,0.0,0.0,5.0,0.6666666666666666,0.0,1.1994150621148918,1.4385964912280698,5.0,0.0,11.0,28.0,,4.0,2.0,,,,,,
35,104,Twitter Mesos Q1 Sprint 6,-18,7,8,38,3,8,0,0,3,20,2,5,6,21,2,6,3.0,15.0,2.0,,15.0,5.0,,,0.0,30.0,4.2,1.5,7.082966966789523,50.16842105263157,30.0,0.0,0.0,2.0,0.3,0.0,0.6569466853317862,0.431578947368421,2.0,0.0,0.0,2.0,0.65,1.0,0.5871429486123999,0.34473684210526323,2.0,1.0,0.0,4.0,0.75,0.0,1.118033988749895,1.25,4.0,0.0,0.0,0.0,0.0,0.0,0.0,0.0,0.0,0.0,0.0,0.0,0.0,0.0,0.0,0.0,0.0,0.0,0.0,1.0,0.2,0.0,0.4103913408340617,0.168421052631579,1.0,0.0,0.0,0.0,0.0,0.0,0.0,0.0,0.0,0.0,0.0,1.0,0.3,0.0,0.4701623459816272,0.22105263157894733,1.0,0.0,6.0,14.0,,,,,,,,,
35,106,Mesosphere Q1 Sprint 7 - 4/17,-1,14,0,0,1,1,0,0,0,0,1,1,0,0,2,2,9.0,3.0,9.0,10.0,27.0,1.0,5.0,8.0,0.0,10.0,3.4146341463414633,4.0,3.209171308578724,10.29878048780488,10.0,0.0,0.0,1.0,0.24390243902439024,0.0,0.43476935292624114,0.1890243902439024,1.0,0.0,0.0,1.0,0.2926829268292683,0.0,0.4606464174952623,0.21219512195121948,1.0,0.0,0.0,8.0,1.7073170731707317,0.0,2.6855530383798456,7.21219512195122,8.0,0.0,0.0,0.0,0.0,0.0,0.0,0.0,0.0,0.0,0.0,0.0,0.0,0.0,0.0,0.0,0.0,0.0,0.0,0.0,0.0,0.0,0.0,0.0,0.0,0.0,0.0,1.0,0.12195121951219512,0.0,0.33129457822453967,0.10975609756097562,1.0,0.0,0.0,5.0,0.6341463414634146,0.0,1.1780513053550685,1.3878048780487808,5.0,0.0,10.0,31.0,,2.0,8.0,,,,,,
35,108,Mesosphere Q2 Sprint 8 - 5/1,-1,14,1,1,0,0,0,0,1,1,0,0,0,0,2,2,13.0,3.0,8.0,8.0,22.0,1.0,3.0,8.0,0.0,12.0,4.235294117647059,4.5,3.5849755802339076,12.852049910873442,12.0,1.0,0.0,1.0,0.23529411764705882,0.0,0.4305615452020461,0.1853832442067736,1.0,0.0,0.0,1.0,0.4411764705882353,0.0,0.5039947372613783,0.25401069518716574,1.0,0.0,0.0,8.0,1.3823529411764706,0.0,2.3614929263825295,5.576648841354723,8.0,0.0,0.0,0.0,0.0,0.0,0.0,0.0,0.0,0.0,0.0,0.0,0.0,0.0,0.0,0.0,0.0,0.0,0.0,2.0,0.058823529411764705,0.0,0.34299717028501764,0.1176470588235294,2.0,0.0,0.0,1.0,0.029411764705882353,0.0,0.17149858514250882,0.02941176470588235,1.0,0.0,0.0,8.0,1.4705882352941178,0.0,2.415044941142128,5.832442067736186,8.0,0.0,8.0,26.0,,,2.0,,,,,,
35,113,Twitter Q2 Sprint 1 - 4/13,22,14,0,0,0,0,0,0,0,0,0,0,0,0,2,5,3.0,6.0,2.0,,9.0,1.0,,1.0,1.0,13.0,4.363636363636363,1.0,5.045249791095131,25.45454545454546,12.0,1.0,0.0,2.0,0.45454545454545453,0.0,0.8201995322647243,0.6727272727272726,2.0,0.0,0.0,1.0,0.8181818181818182,1.0,0.40451991747794525,0.16363636363636364,1.0,1.0,0.0,4.0,1.2727272727272727,1.0,1.4206272622267313,2.018181818181818,4.0,0.0,0.0,0.0,0.0,0.0,0.0,0.0,0.0,0.0,0.0,0.0,0.0,0.0,0.0,0.0,0.0,0.0,0.0,1.0,0.09090909090909091,0.0,0.3015113445777636,0.09090909090909088,1.0,0.0,0.0,1.0,0.09090909090909091,0.0,0.3015113445777636,0.09090909090909088,1.0,0.0,0.0,1.0,0.09090909090909091,0.0,0.3015113445777636,0.09090909090909088,1.0,0.0,2.0,9.0,,,,,,,,,
35,115,Mesosphere Q1 Sprint 9 - 5/15,0,14,0,0,0,0,0,0,0,0,0,0,0,0,2,2,9.0,4.0,3.0,8.0,23.0,1.0,2.0,4.0,0.0,12.0,3.933333333333333,1.5,4.03376553208241,16.27126436781609,12.0,0.0,0.0,1.0,0.23333333333333334,0.0,0.4301830671520762,0.18505747126436772,1.0,0.0,0.0,1.0,0.43333333333333335,0.0,0.5040069329937308,0.25402298850574706,1.0,0.0,0.0,8.0,1.8333333333333333,1.0,2.4080802674978763,5.7988505747126435,8.0,0.0,0.0,0.0,0.0,0.0,0.0,0.0,0.0,0.0,0.0,0.0,0.0,0.0,0.0,0.0,0.0,0.0,0.0,2.0,0.13333333333333333,0.0,0.507416263404925,0.25747126436781614,2.0,0.0,0.0,1.0,0.03333333333333333,0.0,0.18257418583505536,0.033333333333333326,1.0,0.0,0.0,5.0,0.6,0.0,1.2757688689165259,1.6275862068965519,5.0,0.0,9.0,21.0,,4.0,2.0,,,,,,
35,118,Twitter Q2 Sprint 2,-16,14,5,17,3,7,1,1,4,16,2,6,1,1,2,4,10.0,6.0,4.0,4.0,17.0,6.0,,1.0,0.0,5.0,0.6666666666666666,0.0,1.0901402648748688,1.188405797101449,5.0,0.0,0.0,2.0,0.375,0.0,0.6468989572333266,0.41847826086956524,2.0,0.0,0.0,1.0,0.5833333333333334,1.0,0.5036101551853349,0.2536231884057971,1.0,1.0,0.0,4.0,0.7083333333333334,0.0,1.0417028979206266,1.0851449275362317,4.0,0.0,0.0,0.0,0.0,0.0,0.0,0.0,0.0,0.0,0.0,0.0,0.0,0.0,0.0,0.0,0.0,0.0,0.0,1.0,0.08333333333333333,0.0,0.28232985128663995,0.07971014492753623,1.0,0.0,0.0,0.0,0.0,0.0,0.0,0.0,0.0,0.0,0.0,1.0,0.041666666666666664,0.0,0.20412414523193154,0.04166666666666668,1.0,0.0,17.0,7.0,,,,,,,,,
35,128,Twitter Q2 Sprint 3 - 5/11,34,14,0,0,1,5,0,0,1,5,0,0,0,0,2,3,8.0,7.0,2.0,,19.0,,,1.0,0.0,5.0,1.25,1.0,1.332784974957958,1.7763157894736843,5.0,1.0,0.0,2.0,0.2,0.0,0.6155870112510925,0.3789473684210527,2.0,0.0,0.0,1.0,0.75,1.0,0.4442616583193193,0.19736842105263158,1.0,1.0,0.0,3.0,0.7,0.0,0.9787209698591856,0.9578947368421048,3.0,0.0,0.0,0.0,0.0,0.0,0.0,0.0,0.0,0.0,0.0,0.0,0.0,0.0,0.0,0.0,0.0,0.0,0.0,1.0,0.15,0.0,0.36634754853252327,0.13421052631578947,1.0,0.0,0.0,0.0,0.0,0.0,0.0,0.0,0.0,0.0,0.0,3.0,0.35,0.0,0.7451598203705947,0.5552631578947369,3.0,0.0,9.0,11.0,,2.0,1.0,,,,,,
35,132,Twitter Q2 Sprint 3,36,13,0,0,2,4,1,3,1,1,0,0,0,0,2,4,9.0,29.0,6.0,,44.0,,,,0.0,14.0,1.1818181818181819,1.0,2.1703362430816626,4.710359408033826,14.0,0.0,0.0,2.0,0.4318181818181818,0.0,0.586583615750035,0.34408033826638473,2.0,0.0,0.0,1.0,0.4772727272727273,0.0,0.5052577681363806,0.25528541226215645,1.0,0.0,0.0,3.0,0.38636363636363635,0.0,0.8412589981110147,0.7077167019027483,3.0,0.0,0.0,0.0,0.0,0.0,0.0,0.0,0.0,0.0,0.0,0.0,0.0,0.0,0.0,0.0,0.0,0.0,0.0,1.0,0.09090909090909091,0.0,0.29080336345115265,0.08456659619450319,1.0,0.0,0.0,0.0,0.0,0.0,0.0,0.0,0.0,0.0,0.0,4.0,0.5227272727272727,0.0,1.2480428653125284,1.5576109936575058,4.0,0.0,18.0,26.0,,,,,,,,,
35,141,Twitter Mesos Q2 Sprint 5,-5,14,12,43,3,8,0,0,15,51,0,0,0,0,2,7,7.0,26.0,10.0,,30.0,9.0,,3.0,0.0,12.0,1.8604651162790697,1.0,2.3358632069051475,5.456256921373201,12.0,0.0,0.0,2.0,0.37209302325581395,0.0,0.5783085275572238,0.33444075304540427,2.0,0.0,0.0,1.0,0.5116279069767442,1.0,0.5057805388588732,0.2558139534883721,1.0,1.0,0.0,4.0,0.5813953488372093,0.0,1.028928201936246,1.0586932447397561,4.0,0.0,0.0,0.0,0.0,0.0,0.0,0.0,0.0,0.0,0.0,0.0,0.0,0.0,0.0,0.0,0.0,0.0,0.0,1.0,0.16279069767441862,0.0,0.3735436838188142,0.13953488372093023,1.0,0.0,0.0,0.0,0.0,0.0,0.0,0.0,0.0,0.0,0.0,2.0,0.2558139534883721,0.0,0.49246818876301196,0.24252491694352157,2.0,0.0,24.0,19.0,1.0,,,,,,,,
35,142,Mesosphere Sprint 12,0,14,0,0,1,3,1,3,0,0,0,0,0,0,2,1,10.0,26.0,28.0,4.0,66.0,6.0,1.0,13.0,0.0,32.0,3.7790697674418605,2.0,5.2140109045457805,27.185909712722307,32.0,0.0,0.0,1.0,0.1511627906976744,0.0,0.3603084254117694,0.12982216142270858,1.0,0.0,0.0,1.0,0.3488372093023256,0.0,0.47939770694352374,0.22982216142270864,1.0,0.0,0.0,5.0,0.8837209302325582,1.0,1.0999315984204794,1.2098495212038307,5.0,0.0,0.0,0.0,0.0,0.0,0.0,0.0,0.0,0.0,0.0,0.0,0.0,0.0,0.0,0.0,0.0,0.0,0.0,2.0,0.06976744186046512,0.0,0.2986517812719495,0.08919288645690837,2.0,0.0,0.0,1.0,0.023255813953488372,0.0,0.15159886590034527,0.022982216142270865,1.0,0.0,0.0,5.0,0.813953488372093,0.0,1.4512601251162365,2.1061559507523944,5.0,0.0,48.0,38.0,,8.0,8.0,2.0,,,,,
35,143,Mesosphere Sprint 13,0,14,0,0,1,8,1,8,0,0,0,0,0,0,2,2,41.0,52.0,47.0,4.0,136.0,16.0,,16.0,0.0,14.0,1.971264367816092,0.0,3.3408111591920253,11.161019201381963,14.0,0.0,0.0,2.0,0.11494252873563218,0.0,0.3374603331456124,0.11387947644674773,2.0,0.0,0.0,1.0,0.40804597701149425,0.0,0.49289011797166987,0.24294066839412665,1.0,0.0,0.0,5.0,0.6379310344827587,0.0,1.0148881745182363,1.0299980067769583,5.0,0.0,0.0,0.0,0.0,0.0,0.0,0.0,0.0,0.0,0.0,0.0,0.0,0.0,0.0,0.0,0.0,0.0,0.0,3.0,0.05172413793103448,0.0,0.344523485601135,0.11869643213075548,3.0,0.0,0.0,1.0,0.09770114942528736,0.0,0.2977670313680973,0.08866520496976944,1.0,0.0,0.0,6.0,0.41379310344827586,0.0,1.1384171562684158,1.2959936216862666,6.0,0.0,105.0,69.0,6.0,12.0,16.0,2.0,,,,,
35,150,Twitter Mesos Q2 Sprint 6,-14,14,10,30,4,14,0,0,4,13,6,24,4,7,2,7,25.0,27.0,16.0,,63.0,3.0,,6.0,0.0,9.0,1.6527777777777777,1.0,2.0360118584993363,4.145344287949922,9.0,0.0,0.0,2.0,0.19444444444444445,0.0,0.46387494942181934,0.21517996870109546,2.0,0.0,0.0,1.0,0.5138888888888888,1.0,0.503314522547481,0.2533255086071987,1.0,1.0,0.0,4.0,0.9722222222222222,0.0,1.209961263752236,1.4640062597809076,4.0,0.0,0.0,0.0,0.0,0.0,0.0,0.0,0.0,0.0,0.0,0.0,0.0,0.0,0.0,0.0,0.0,0.0,0.0,7.0,0.5138888888888888,0.0,1.6184939578836215,2.61952269170579,7.0,0.0,0.0,1.0,0.013888888888888888,0.0,0.11785113019775795,0.013888888888888895,1.0,0.0,0.0,3.0,0.4583333333333333,0.0,0.8381317251675863,0.7024647887323944,3.0,0.0,46.0,26.0,,4.0,,,,,,,
35,154,Mesosphere Sprint 14,0,14,0,0,2,26,2,26,0,0,0,0,0,0,2,1,56.0,63.0,48.0,4.0,141.0,17.0,,18.0,0.0,13.0,2.4739583333333335,1.0,3.3251932130349906,11.056909904013963,13.0,0.0,0.0,2.0,0.15625,0.0,0.4176254239918804,0.1744109947643979,2.0,0.0,0.0,1.0,0.15104166666666666,0.0,0.35902567151914516,0.12889943280977312,1.0,0.0,0.0,6.0,0.8020833333333334,0.0,1.4334799429869602,2.0548647469458987,6.0,0.0,0.0,0.0,0.0,0.0,0.0,0.0,0.0,0.0,0.0,0.0,0.0,0.0,0.0,0.0,0.0,0.0,0.0,3.0,0.3385416666666667,0.0,0.748453175103735,0.5601821553228622,3.0,0.0,0.0,1.0,0.0625,0.0,0.24269430063396508,0.058900523560209424,1.0,0.0,0.0,4.0,0.5104166666666666,0.0,0.9036840441536746,0.8166448516579407,4.0,0.0,104.0,88.0,16.0,9.0,8.0,4.0,,,,,
35,155,Twitter Mesos Q3 Sprint 1,-22,14,12,51,1,8,0,0,3,19,5,25,5,15,2,6,29.0,14.0,14.0,,53.0,,,,0.0,7.0,2.0350877192982457,2.0,2.0525673147192114,4.213032581453634,7.0,0.0,0.0,2.0,0.24561403508771928,0.0,0.5099265267238424,0.2600250626566416,2.0,0.0,0.0,1.0,0.49122807017543857,0.0,0.5043668951391246,0.25438596491228066,1.0,0.0,0.0,4.0,1.1228070175438596,1.0,1.2687194815273461,1.6096491228070178,4.0,0.0,0.0,0.0,0.0,0.0,0.0,0.0,0.0,0.0,0.0,0.0,0.0,0.0,0.0,0.0,0.0,0.0,0.0,7.0,0.7017543859649122,0.0,1.7924933978828579,3.2130325814536334,7.0,0.0,0.0,0.0,0.0,0.0,0.0,0.0,0.0,0.0,0.0,2.0,0.47368421052631576,0.0,0.7344887229975191,0.5394736842105263,2.0,0.0,27.0,30.0,4.0,,,,,,,,
37,7,Q2 Sprint 1,-8,4,16,18,2,2,1,3,3,3,5,5,9,9,2,6,26.0,,12.0,,43.0,3.0,3.0,3.0,0.0,11.0,1.6181818181818182,1.0,2.556697153888261,6.536700336700335,11.0,1.0,0.0,1.0,0.05454545454545454,0.0,0.22918388365077622,0.052525252525252523,1.0,0.0,1.0,1.0,1.0,1.0,0.0,0.0,0.0,1.0,0.0,2.0,0.23636363636363636,0.0,0.5430925289022994,0.29494949494949496,2.0,0.0,0.0,0.0,0.0,0.0,0.0,0.0,0.0,0.0,0.0,0.0,0.0,0.0,0.0,0.0,0.0,0.0,0.0,0.0,0.0,0.0,0.0,0.0,0.0,0.0,0.0,1.0,0.05454545454545454,0.0,0.22918388365077622,0.052525252525252523,1.0,0.0,0.0,1.0,0.18181818181818182,0.0,0.38924947208076155,0.15151515151515157,1.0,0.0,41.0,14.0,3.0,17.0,,,,,,,
37,11,Q2 Sprint 2,12,4,2,2,3,3,2,2,3,3,0,0,0,0,2,6,36.0,,5.0,,47.0,3.0,,,0.0,11.0,1.830188679245283,1.0,2.8805438125505436,8.29753265602322,11.0,1.0,0.0,0.0,0.0,0.0,0.0,0.0,0.0,0.0,0.0,1.0,0.8867924528301887,1.0,0.31987842392976584,0.10232220609579099,1.0,1.0,0.0,3.0,0.4716981132075472,0.0,0.8683267194594099,0.7539912917271407,3.0,0.0,0.0,0.0,0.0,0.0,0.0,0.0,0.0,0.0,0.0,0.0,0.0,0.0,0.0,0.0,0.0,0.0,0.0,2.0,0.22641509433962265,0.0,0.6397568478595317,0.40928882438316394,2.0,0.0,0.0,0.0,0.0,0.0,0.0,0.0,0.0,0.0,0.0,1.0,0.3018867924528302,0.0,0.46346959324282283,0.21480406386066767,1.0,0.0,34.0,19.0,3.0,12.0,,,,,,,
37,13,Q2 Sprint 3,0,12,0,0,0,0,0,0,0,0,0,0,0,0,2,1,5.0,13.0,19.0,,30.0,4.0,,2.0,0.0,7.0,0.972972972972973,0.0,1.8780380792271032,3.5270270270270268,7.0,0.0,0.0,9.0,0.6486486486486487,0.0,1.751447277986856,3.067567567567567,9.0,0.0,0.0,1.0,0.4864864864864865,0.0,0.5067117097095317,0.25675675675675674,1.0,0.0,0.0,2.0,0.35135135135135137,0.0,0.6331673561554646,0.4009009009009009,2.0,0.0,0.0,0.0,0.0,0.0,0.0,0.0,0.0,0.0,0.0,0.0,0.0,0.0,0.0,0.0,0.0,0.0,0.0,14.0,0.8648648648648649,0.0,2.6890948721142633,7.231231231231226,14.0,0.0,0.0,0.0,0.0,0.0,0.0,0.0,0.0,0.0,0.0,2.0,0.16216216216216217,0.0,0.44180900307168386,0.19519519519519515,2.0,0.0,16.0,21.0,1.0,,,,,,,,
37,15,Q2 Sprint 3,19,4,0,0,4,4,0,0,4,4,0,0,0,0,2,4,16.0,,9.0,,27.0,4.0,,,0.0,12.0,1.1612903225806452,1.0,2.3251777594203906,5.406451612903227,12.0,0.0,0.0,0.0,0.0,0.0,0.0,0.0,0.0,0.0,1.0,1.0,1.0,1.0,0.0,0.0,0.0,1.0,0.0,2.0,0.1935483870967742,0.0,0.47744841527364174,0.22795698924731186,2.0,0.0,0.0,0.0,0.0,0.0,0.0,0.0,0.0,0.0,0.0,0.0,0.0,0.0,0.0,0.0,0.0,0.0,0.0,0.0,0.0,0.0,0.0,0.0,0.0,0.0,0.0,0.0,0.0,0.0,0.0,0.0,0.0,0.0,0.0,1.0,0.06451612903225806,0.0,0.24973103811470743,0.06236559139784945,1.0,0.0,22.0,9.0,,6.0,,,,,,,
37,23,Q3 Sprint 1,-6,4,9,9,0,0,0,0,9,9,0,0,0,0,2,2,6.0,,2.0,,8.0,1.0,,,0.0,3.0,1.2222222222222223,1.0,0.8333333333333334,0.6944444444444444,3.0,1.0,0.0,0.0,0.0,0.0,0.0,0.0,0.0,0.0,0.0,1.0,0.8888888888888888,1.0,0.33333333333333337,0.11111111111111112,1.0,1.0,0.0,1.0,0.3333333333333333,0.0,0.5,0.25,1.0,0.0,0.0,0.0,0.0,0.0,0.0,0.0,0.0,0.0,0.0,0.0,0.0,0.0,0.0,0.0,0.0,0.0,0.0,0.0,0.0,0.0,0.0,0.0,0.0,0.0,0.0,0.0,0.0,0.0,0.0,0.0,0.0,0.0,0.0,1.0,0.1111111111111111,0.0,0.3333333333333333,0.1111111111111111,1.0,0.0,5.0,4.0,,1.0,,,,,,,
37,26,Aurora Q3 Sprint 2,6,11,21,21,2,2,0,0,17,17,0,0,6,6,2,8,35.0,,23.0,2.0,101.0,1.0,,9.0,0.0,8.0,2.017391304347826,1.0,2.060414745745411,4.245308924485126,8.0,1.0,0.0,1.0,0.02608695652173913,0.0,0.16009150701348573,0.025629290617848955,1.0,0.0,1.0,1.0,1.0,1.0,0.0,0.0,0.0,1.0,0.0,4.0,0.48695652173913045,0.0,0.8621191494901502,0.74324942791762,4.0,0.0,0.0,0.0,0.0,0.0,0.0,0.0,0.0,0.0,0.0,0.0,0.0,0.0,0.0,0.0,0.0,0.0,0.0,1.0,0.2608695652173913,0.0,0.4410306215596805,0.1945080091533181,1.0,0.0,0.0,1.0,0.02608695652173913,0.0,0.16009150701348573,0.025629290617848955,1.0,0.0,0.0,1.0,0.02608695652173913,0.0,0.16009150701348573,0.025629290617848955,1.0,0.0,80.0,35.0,4.0,13.0,,,42.0,,,,
37,39,Aurora Q3 Sprint 3,-5,10,16,16,1,1,0,0,10,10,2,2,5,5,2,7,8.0,,5.0,,17.0,1.0,,3.0,0.0,13.0,2.0434782608695654,1.0,3.0072376462244486,9.043478260869561,13.0,1.0,0.0,1.0,0.043478260869565216,0.0,0.2085144140570748,0.04347826086956523,1.0,0.0,1.0,1.0,1.0,1.0,0.0,0.0,0.0,1.0,0.0,4.0,0.6521739130434783,0.0,1.0706283478819987,1.146245059288538,4.0,0.0,0.0,0.0,0.0,0.0,0.0,0.0,0.0,0.0,0.0,0.0,0.0,0.0,0.0,0.0,0.0,0.0,0.0,0.0,0.0,0.0,0.0,0.0,0.0,0.0,0.0,1.0,0.17391304347826086,0.0,0.3875533878815898,0.150197628458498,1.0,0.0,0.0,1.0,0.13043478260869565,0.0,0.34435022157509093,0.11857707509881421,1.0,0.0,10.0,13.0,2.0,10.0,,,,,,,
37,42,Aurora Q4 Sprint 1,6,11,24,24,4,4,1,1,7,7,7,7,13,13,2,9,49.0,,41.0,2.0,77.0,9.0,,23.0,0.0,13.0,1.6557377049180328,1.0,2.5120223054073603,6.31025606286411,13.0,0.0,0.0,1.0,0.03278688524590164,0.0,0.17881271561216866,0.031973987264598304,1.0,0.0,0.0,1.0,0.9508196721311475,1.0,0.21713609307435303,0.0471480829155941,1.0,1.0,0.0,6.0,0.6147540983606558,0.0,1.181445544828998,1.3958135753962877,6.0,0.0,0.0,0.0,0.0,0.0,0.0,0.0,0.0,0.0,0.0,0.0,0.0,0.0,0.0,0.0,0.0,0.0,0.0,1.0,0.03278688524590164,0.0,0.17881271561216866,0.031973987264598304,1.0,0.0,0.0,1.0,0.1721311475409836,0.0,0.379051075971783,0.14367971819536643,1.0,0.0,0.0,3.0,0.18032786885245902,0.0,0.6032473204500219,0.3639073296301314,3.0,0.0,57.0,65.0,13.0,30.0,,,,,,,
37,46,Twitter Aurora Q4 Sprint 2,-6,11,15,15,8,8,0,0,23,23,0,0,0,0,2,9,40.0,,25.0,,56.0,6.0,,9.0,0.0,28.0,2.282051282051282,1.0,3.6534894755542067,13.347985347985352,28.0,1.0,0.0,1.0,0.038461538461538464,0.0,0.19355241528469094,0.037462537462537464,1.0,0.0,1.0,1.0,1.0,1.0,0.0,0.0,0.0,1.0,0.0,2.0,0.4230769230769231,0.0,0.712034414191482,0.5069930069930069,2.0,0.0,0.0,0.0,0.0,0.0,0.0,0.0,0.0,0.0,0.0,0.0,0.0,0.0,0.0,0.0,0.0,0.0,0.0,1.0,0.038461538461538464,0.0,0.19355241528469094,0.037462537462537464,1.0,0.0,0.0,1.0,0.08974358974358974,0.0,0.2876640101760781,0.08275058275058277,1.0,0.0,0.0,3.0,0.3076923076923077,0.0,0.7780710799114726,0.6053946053946052,3.0,0.0,56.0,22.0,7.0,13.0,,,,,,,
37,52,Twitter Aurora Q4 Sprint 3,-3,10,23,23,3,3,0,0,10,10,7,7,9,9,2,8,19.0,,42.0,,57.0,4.0,,4.0,0.0,13.0,1.4074074074074074,1.0,2.483836638034886,6.169444444444444,13.0,1.0,0.0,0.0,0.0,0.0,0.0,0.0,0.0,0.0,0.0,1.0,0.9259259259259259,1.0,0.26352313834736496,0.06944444444444446,1.0,1.0,0.0,3.0,0.5308641975308642,0.0,0.7919346524980205,0.6271604938271605,3.0,0.0,0.0,0.0,0.0,0.0,0.0,0.0,0.0,0.0,0.0,0.0,0.0,0.0,0.0,0.0,0.0,0.0,0.0,2.0,0.024691358024691357,0.0,0.22222222222222224,0.04938271604938273,2.0,0.0,0.0,1.0,0.04938271604938271,0.0,0.21801574300387316,0.04753086419753087,1.0,0.0,0.0,3.0,0.16049382716049382,0.0,0.6011819633741682,0.3614197530864197,3.0,0.0,30.0,51.0,16.0,20.0,,,,,,,
37,53,Twitter Aurora Q4 Sprint 4,0,9,8,8,2,2,0,0,1,1,4,4,5,5,2,4,11.0,,20.0,,22.0,6.0,,6.0,0.0,4.0,1.0,1.0,1.3026778945578592,1.696969696969697,4.0,0.0,0.0,0.0,0.0,0.0,0.0,0.0,0.0,0.0,1.0,1.0,1.0,1.0,0.0,0.0,0.0,1.0,0.0,2.0,0.20588235294117646,0.0,0.5918339122415548,0.3502673796791444,2.0,0.0,0.0,0.0,0.0,0.0,0.0,0.0,0.0,0.0,0.0,0.0,0.0,0.0,0.0,0.0,0.0,0.0,0.0,0.0,0.0,0.0,0.0,0.0,0.0,0.0,0.0,1.0,0.029411764705882353,0.0,0.17149858514250882,0.029411764705882346,1.0,0.0,0.0,0.0,0.0,0.0,0.0,0.0,0.0,0.0,11.0,23.0,,3.0,,,,,,,
37,56,Twitter Mesos Q4 Sprint 4,0,14,0,0,2,2,2,2,0,0,0,0,0,0,2,1,8.0,6.0,5.0,,19.0,2.0,,,0.0,7.0,2.0476190476190474,2.0,2.011869540407391,4.0476190476190474,7.0,2.0,0.0,1.0,0.09523809523809523,0.0,0.30079260375911915,0.09047619047619046,1.0,0.0,0.0,1.0,0.7142857142857143,1.0,0.4629100498862757,0.21428571428571427,1.0,1.0,0.0,5.0,0.9523809523809523,1.0,1.1608699529314415,1.3476190476190473,5.0,1.0,0.0,0.0,0.0,0.0,0.0,0.0,0.0,0.0,0.0,0.0,0.0,0.0,0.0,0.0,0.0,0.0,0.0,1.0,0.3333333333333333,0.0,0.4830458915396479,0.23333333333333325,1.0,0.0,0.0,0.0,0.0,0.0,0.0,0.0,0.0,0.0,0.0,4.0,0.47619047619047616,0.0,1.0779168622415933,1.1619047619047622,4.0,0.0,4.0,17.0,,2.0,,,,,,,
37,59,Twitter Aurora Q4 Sprint 5,-11,12,9,16,14,14,2,2,7,14,5,5,9,9,2,8,46.0,,16.0,,58.0,15.0,,3.0,0.0,7.0,1.2151898734177216,1.0,1.6066439466098856,2.581304771178189,7.0,1.0,0.0,2.0,0.1518987341772152,0.0,0.45541211527798303,0.20740019474196691,2.0,0.0,0.0,1.0,0.9240506329113924,1.0,0.26660986087588917,0.07108081791626099,1.0,1.0,0.0,6.0,0.759493670886076,0.0,1.4070809015195134,1.9798766634209664,6.0,0.0,0.0,0.0,0.0,0.0,0.0,0.0,0.0,0.0,0.0,0.0,0.0,0.0,0.0,0.0,0.0,0.0,0.0,1.0,0.0759493670886076,0.0,0.26660986087588917,0.07108081791626097,1.0,0.0,0.0,1.0,0.0379746835443038,0.0,0.192356371638255,0.037000973709834475,1.0,0.0,0.0,2.0,0.20253164556962025,0.0,0.490414446273684,0.2405063291139241,2.0,0.0,49.0,30.0,3.0,17.0,,,,,,,
37,62,Twitter Aurora Q4 Sprint 6,-3,5,8,8,1,1,0,0,7,7,2,2,0,0,2,6,12.0,,7.0,,18.0,,,3.0,0.0,7.0,1.9047619047619047,1.0,2.3217399058628834,5.39047619047619,7.0,1.0,0.0,1.0,0.2857142857142857,0.0,0.4629100498862757,0.21428571428571427,1.0,0.0,0.0,1.0,0.8571428571428571,1.0,0.35856858280031806,0.12857142857142853,1.0,1.0,0.0,3.0,0.8571428571428571,1.0,0.9102589898327995,0.8285714285714286,3.0,0.0,0.0,0.0,0.0,0.0,0.0,0.0,0.0,0.0,0.0,0.0,0.0,0.0,0.0,0.0,0.0,0.0,0.0,1.0,0.047619047619047616,0.0,0.21821789023599242,0.04761904761904763,1.0,0.0,0.0,1.0,0.14285714285714285,0.0,0.35856858280031806,0.12857142857142856,1.0,0.0,0.0,0.0,0.0,0.0,0.0,0.0,0.0,0.0,11.0,10.0,,2.0,,,,,,,
37,73,Twitter Aurora Q1'15 Sprint 1,-29,11,11,33,4,4,1,1,8,26,5,9,1,1,2,4,13.0,,28.0,,29.0,3.0,,6.0,0.0,2.0,0.7446808510638298,1.0,0.674636298356477,0.4551341350601294,2.0,1.0,0.0,1.0,0.1276595744680851,0.0,0.33731814917823855,0.11378353376503238,1.0,0.0,0.0,1.0,0.9361702127659575,1.0,0.24709224814516545,0.06105457909343202,1.0,1.0,0.0,5.0,0.851063829787234,0.0,1.3018168475376404,1.6947271045328403,5.0,0.0,0.0,0.0,0.0,0.0,0.0,0.0,0.0,0.0,0.0,0.0,0.0,0.0,0.0,0.0,0.0,0.0,0.0,0.0,0.0,0.0,0.0,0.0,0.0,0.0,0.0,1.0,0.06382978723404255,0.0,0.24709224814516542,0.06105457909343201,1.0,0.0,0.0,2.0,0.44680851063829785,0.0,0.618852747755276,0.38297872340425526,2.0,0.0,28.0,19.0,9.0,6.0,,,,,,,
37,76,Twitter Aurora Q1'15 Sprint 2,-20,13,14,43,2,13,0,0,11,36,2,9,3,11,2,7,18.0,,11.0,,40.0,,,3.0,0.0,7.0,0.9069767441860465,0.0,1.3418883902274596,1.8006644518272428,7.0,0.0,0.0,1.0,0.046511627906976744,0.0,0.21308263231644636,0.04540420819490587,1.0,0.0,0.0,1.0,0.9534883720930233,1.0,0.21308263231644636,0.04540420819490588,1.0,1.0,0.0,17.0,1.3255813953488371,0.0,2.9172796381671526,8.510520487264673,17.0,0.0,0.0,0.0,0.0,0.0,0.0,0.0,0.0,0.0,0.0,0.0,0.0,0.0,0.0,0.0,0.0,0.0,0.0,0.0,0.0,0.0,0.0,0.0,0.0,0.0,0.0,1.0,0.023255813953488372,0.0,0.15249857033260467,0.023255813953488375,1.0,0.0,0.0,2.0,0.37209302325581395,0.0,0.6181098613227682,0.38205980066445183,2.0,0.0,27.0,16.0,,14.0,,,,,,,
37,85,Twitter Aurora Q1'15 Sprint 3,-19,12,16,58,1,3,0,0,12,41,4,17,1,3,2,4,15.0,,17.0,,42.0,,,9.0,0.0,8.0,0.7058823529411765,0.0,1.4872002911115747,2.2117647058823526,8.0,0.0,0.0,1.0,0.0196078431372549,0.0,0.14002800840280097,0.0196078431372549,1.0,0.0,0.0,1.0,0.8431372549019608,1.0,0.36729002271272454,0.1349019607843137,1.0,1.0,0.0,4.0,0.6666666666666666,0.0,0.9729679679550951,0.9466666666666669,4.0,0.0,0.0,0.0,0.0,0.0,0.0,0.0,0.0,0.0,0.0,0.0,0.0,0.0,0.0,0.0,0.0,0.0,0.0,0.0,0.0,0.0,0.0,0.0,0.0,0.0,0.0,0.0,0.0,0.0,0.0,0.0,0.0,0.0,0.0,2.0,0.47058823529411764,0.0,0.643519733231875,0.4141176470588235,2.0,0.0,26.0,25.0,,19.0,,,,,,,
37,92,Twitter Aurora Q1'15 Sprint 4,-11,14,13,44,3,3,0,0,4,10,6,18,6,19,2,4,22.0,,8.0,,36.0,1.0,,,0.0,4.0,1.55,1.0,1.218447940872069,1.484615384615385,4.0,1.0,0.0,1.0,0.025,0.0,0.15811388300841897,0.024999999999999998,1.0,0.0,0.0,1.0,0.875,1.0,0.3349320635285418,0.11217948717948718,1.0,1.0,0.0,2.0,0.625,0.0,0.7741827783921407,0.5993589743589743,2.0,0.0,0.0,0.0,0.0,0.0,0.0,0.0,0.0,0.0,0.0,0.0,0.0,0.0,0.0,0.0,0.0,0.0,0.0,0.0,0.0,0.0,0.0,0.0,0.0,0.0,0.0,1.0,0.025,0.0,0.15811388300841897,0.024999999999999998,1.0,0.0,0.0,1.0,0.225,0.0,0.42290206176626033,0.17884615384615385,1.0,0.0,20.0,20.0,3.0,10.0,,,,,,,
37,100,Twitter Aurora Q1'15 Sprint 5,-37,14,10,30,4,22,0,0,6,19,3,23,5,10,2,4,18.0,,6.0,,32.0,3.0,,,0.0,5.0,1.3333333333333333,1.0,1.414213562373095,1.9999999999999996,5.0,1.0,0.0,0.0,0.0,0.0,0.0,0.0,0.0,0.0,0.0,1.0,0.7777777777777778,1.0,0.42163702135578396,0.1777777777777778,1.0,1.0,0.0,2.0,0.8055555555555556,1.0,0.7099072150416941,0.5039682539682541,2.0,1.0,0.0,0.0,0.0,0.0,0.0,0.0,0.0,0.0,0.0,0.0,0.0,0.0,0.0,0.0,0.0,0.0,0.0,1.0,0.027777777777777776,0.0,0.16666666666666663,0.02777777777777777,1.0,0.0,0.0,0.0,0.0,0.0,0.0,0.0,0.0,0.0,0.0,2.0,0.4444444444444444,0.0,0.6522245206957689,0.4253968253968255,2.0,0.0,16.0,20.0,1.0,12.0,,,,,,,
37,105,Twitter Aurora Q1'15 Sprint 6,-5,13,6,24,0,0,0,0,4,14,0,0,2,10,2,3,4.0,,2.0,,8.0,,,,0.0,5.0,1.75,1.0,1.5811388300841898,2.5,5.0,1.0,0.0,0.0,0.0,0.0,0.0,0.0,0.0,0.0,0.0,1.0,0.625,1.0,0.5175491695067657,0.26785714285714285,1.0,1.0,0.0,2.0,0.625,0.5,0.7440238091428449,0.5535714285714286,2.0,0.0,0.0,0.0,0.0,0.0,0.0,0.0,0.0,0.0,0.0,0.0,0.0,0.0,0.0,0.0,0.0,0.0,0.0,1.0,0.125,0.0,0.3535533905932738,0.125,1.0,0.0,0.0,0.0,0.0,0.0,0.0,0.0,0.0,0.0,0.0,2.0,0.75,1.0,0.7071067811865476,0.5,2.0,1.0,3.0,5.0,,2.0,,,,,,,
37,112,Twitter Aurora Q2'15 Sprint 1,-5,14,5,12,0,0,0,0,5,12,0,0,0,0,2,3,10.0,,2.0,,15.0,,,,0.0,2.0,0.4666666666666667,0.0,0.6399404734221844,0.40952380952380957,2.0,0.0,0.0,0.0,0.0,0.0,0.0,0.0,0.0,0.0,0.0,1.0,0.8666666666666667,1.0,0.35186577527449836,0.12380952380952379,1.0,1.0,0.0,2.0,0.6,0.0,0.8280786712108251,0.6857142857142858,2.0,0.0,0.0,0.0,0.0,0.0,0.0,0.0,0.0,0.0,0.0,0.0,0.0,0.0,0.0,0.0,0.0,0.0,0.0,0.0,0.0,0.0,0.0,0.0,0.0,0.0,0.0,0.0,0.0,0.0,0.0,0.0,0.0,0.0,0.0,1.0,0.13333333333333333,0.0,0.35186577527449836,0.12380952380952379,1.0,0.0,12.0,3.0,,3.0,,,,,,,
37,117,Twitter Aurora Q2'15 Sprint 2,5,14,4,10,11,22,0,0,2,8,5,13,8,11,2,4,19.0,,17.0,,45.0,9.0,6.0,6.0,0.0,4.0,0.9545454545454546,1.0,0.9834291368130532,0.967132867132867,4.0,1.0,0.0,0.0,0.0,0.0,0.0,0.0,0.0,0.0,0.0,1.0,0.9696969696969697,1.0,0.17273340683501223,0.029836829836829847,1.0,1.0,0.0,2.0,0.3939393939393939,0.0,0.6045669239225426,0.3655011655011655,2.0,0.0,0.0,0.0,0.0,0.0,0.0,0.0,0.0,0.0,0.0,0.0,0.0,0.0,0.0,0.0,0.0,0.0,0.0,0.0,0.0,0.0,0.0,0.0,0.0,0.0,0.0,1.0,0.045454545454545456,0.0,0.20989507868443238,0.04405594405594406,1.0,0.0,0.0,2.0,0.25757575757575757,0.0,0.535238438903809,0.28648018648018647,2.0,0.0,34.0,32.0,,30.0,,,,,,,
37,127,Twitter Aurora Q2'15 Sprint 3,1,14,7,18,2,6,0,0,1,1,5,19,3,4,2,4,12.0,,17.0,,26.0,6.0,,,0.0,8.0,1.875,1.0,2.352075267612865,5.532258064516129,8.0,1.0,0.0,0.0,0.0,0.0,0.0,0.0,0.0,0.0,0.0,1.0,0.84375,1.0,0.36890203262847354,0.13608870967741934,1.0,1.0,0.0,4.0,0.8125,0.0,1.2296734420949118,1.5120967741935485,4.0,0.0,0.0,0.0,0.0,0.0,0.0,0.0,0.0,0.0,0.0,0.0,0.0,0.0,0.0,0.0,0.0,0.0,0.0,0.0,0.0,0.0,0.0,0.0,0.0,0.0,0.0,0.0,0.0,0.0,0.0,0.0,0.0,0.0,0.0,1.0,0.28125,0.0,0.45680340939917435,0.2086693548387097,1.0,0.0,10.0,22.0,,3.0,,,,,,,
37,131,Twitter Aurora Q2'15 Sprint 4,0,13,4,13,0,0,0,0,2,6,1,5,1,2,2,2,7.0,,6.0,,10.0,3.0,,,0.0,1.0,0.5384615384615384,1.0,0.5188745216627708,0.2692307692307693,1.0,1.0,0.0,0.0,0.0,0.0,0.0,0.0,0.0,0.0,0.0,1.0,0.8461538461538461,1.0,0.37553380809940534,0.141025641025641,1.0,1.0,0.0,0.0,0.0,0.0,0.0,0.0,0.0,0.0,0.0,0.0,0.0,0.0,0.0,0.0,0.0,0.0,0.0,0.0,0.0,0.0,0.0,0.0,0.0,0.0,0.0,0.0,0.0,0.0,0.0,0.0,0.0,0.0,0.0,0.0,0.0,0.0,0.0,0.0,0.0,0.0,0.0,1.0,0.23076923076923078,0.0,0.4385290096535146,0.19230769230769232,1.0,0.0,6.0,7.0,,,,,,,,,
37,139,Twitter Aurora Q2'15 Sprint 5,13,14,0,0,1,5,0,0,1,5,0,0,0,0,2,2,4.0,,2.0,,7.0,,,,0.0,1.0,0.14285714285714285,0.0,0.3779644730092273,0.1428571428571429,1.0,0.0,0.0,0.0,0.0,0.0,0.0,0.0,0.0,0.0,1.0,1.0,1.0,1.0,0.0,0.0,0.0,1.0,0.0,2.0,0.42857142857142855,0.0,0.7867957924694431,0.619047619047619,2.0,0.0,0.0,0.0,0.0,0.0,0.0,0.0,0.0,0.0,0.0,0.0,0.0,0.0,0.0,0.0,0.0,0.0,0.0,0.0,0.0,0.0,0.0,0.0,0.0,0.0,0.0,0.0,0.0,0.0,0.0,0.0,0.0,0.0,0.0,4.0,0.5714285714285714,0.0,1.5118578920369092,2.2857142857142865,4.0,0.0,4.0,3.0,,1.0,,,,,,,
37,151,Twitter Aurora Q2'15 Sprint 6,0,14,4,13,5,11,0,0,1,1,4,9,4,14,2,4,15.0,,7.0,,23.0,,,,0.0,4.0,1.6923076923076923,1.5,1.3789628209413267,1.9015384615384614,4.0,1.0,0.0,0.0,0.0,0.0,0.0,0.0,0.0,0.0,1.0,1.0,1.0,1.0,0.0,0.0,0.0,1.0,0.0,1.0,0.23076923076923078,0.0,0.4296689244236597,0.1846153846153846,1.0,0.0,0.0,0.0,0.0,0.0,0.0,0.0,0.0,0.0,0.0,0.0,0.0,0.0,0.0,0.0,0.0,0.0,0.0,0.0,0.0,0.0,0.0,0.0,0.0,0.0,0.0,0.0,0.0,0.0,0.0,0.0,0.0,0.0,0.0,2.0,0.5384615384615384,0.0,0.9046886417224097,0.8184615384615387,2.0,0.0,19.0,7.0,3.0,4.0,,,,,,,
37,156,Twitter Aurora Q2'15 Sprint 7,0,14,4,12,5,16,0,0,3,10,1,5,5,13,2,3,,,9.0,,9.0,1.0,,2.0,0.0,7.0,1.8333333333333333,1.0,2.124888588879783,4.515151515151516,7.0,1.0,0.0,0.0,0.0,0.0,0.0,0.0,0.0,0.0,0.0,1.0,0.9166666666666666,1.0,0.28867513459481287,0.08333333333333331,1.0,1.0,0.0,2.0,0.5,0.0,0.674199862463242,0.45454545454545453,2.0,0.0,0.0,0.0,0.0,0.0,0.0,0.0,0.0,0.0,0.0,0.0,0.0,0.0,0.0,0.0,0.0,0.0,0.0,0.0,0.0,0.0,0.0,0.0,0.0,0.0,0.0,2.0,0.16666666666666666,0.0,0.5773502691896257,0.33333333333333326,2.0,0.0,0.0,1.0,0.08333333333333333,0.0,0.28867513459481287,0.08333333333333331,1.0,0.0,4.0,8.0,,3.0,,,,,,,
38,7,Q2 Sprint 1,-12,4,12,14,2,2,2,4,0,0,4,4,8,8,1,6,26.0,,12.0,,43.0,3.0,3.0,3.0,0.0,11.0,1.6181818181818182,1.0,2.556697153888261,6.536700336700335,11.0,1.0,0.0,1.0,0.05454545454545454,0.0,0.22918388365077622,0.052525252525252523,1.0,0.0,1.0,1.0,1.0,1.0,0.0,0.0,0.0,1.0,0.0,2.0,0.23636363636363636,0.0,0.5430925289022994,0.29494949494949496,2.0,0.0,0.0,0.0,0.0,0.0,0.0,0.0,0.0,0.0,0.0,0.0,0.0,0.0,0.0,0.0,0.0,0.0,0.0,0.0,0.0,0.0,0.0,0.0,0.0,0.0,0.0,1.0,0.05454545454545454,0.0,0.22918388365077622,0.052525252525252523,1.0,0.0,0.0,1.0,0.18181818181818182,0.0,0.38924947208076155,0.15151515151515157,1.0,0.0,41.0,14.0,3.0,17.0,,,,,,,
38,11,Q2 Sprint 2,1,4,1,1,3,3,3,3,1,1,0,0,0,0,1,4,36.0,,5.0,,47.0,3.0,,,0.0,11.0,1.830188679245283,1.0,2.8805438125505436,8.29753265602322,11.0,1.0,0.0,0.0,0.0,0.0,0.0,0.0,0.0,0.0,0.0,1.0,0.8867924528301887,1.0,0.31987842392976584,0.10232220609579099,1.0,1.0,0.0,3.0,0.4716981132075472,0.0,0.8683267194594099,0.7539912917271407,3.0,0.0,0.0,0.0,0.0,0.0,0.0,0.0,0.0,0.0,0.0,0.0,0.0,0.0,0.0,0.0,0.0,0.0,0.0,2.0,0.22641509433962265,0.0,0.6397568478595317,0.40928882438316394,2.0,0.0,0.0,0.0,0.0,0.0,0.0,0.0,0.0,0.0,0.0,1.0,0.3018867924528302,0.0,0.46346959324282283,0.21480406386066767,1.0,0.0,34.0,19.0,3.0,12.0,,,,,,,
38,26,Aurora Q3 Sprint 2,-8,11,8,8,2,2,1,1,4,4,0,0,5,5,1,7,35.0,,23.0,2.0,101.0,1.0,,9.0,0.0,8.0,2.017391304347826,1.0,2.060414745745411,4.245308924485126,8.0,1.0,0.0,1.0,0.02608695652173913,0.0,0.16009150701348573,0.025629290617848955,1.0,0.0,1.0,1.0,1.0,1.0,0.0,0.0,0.0,1.0,0.0,4.0,0.48695652173913045,0.0,0.8621191494901502,0.74324942791762,4.0,0.0,0.0,0.0,0.0,0.0,0.0,0.0,0.0,0.0,0.0,0.0,0.0,0.0,0.0,0.0,0.0,0.0,0.0,1.0,0.2608695652173913,0.0,0.4410306215596805,0.1945080091533181,1.0,0.0,0.0,1.0,0.02608695652173913,0.0,0.16009150701348573,0.025629290617848955,1.0,0.0,0.0,1.0,0.02608695652173913,0.0,0.16009150701348573,0.025629290617848955,1.0,0.0,80.0,35.0,4.0,13.0,,,42.0,,,,
38,42,Aurora Q4 Sprint 1,-2,11,10,10,5,5,4,4,11,11,0,0,0,0,1,9,49.0,,41.0,2.0,77.0,9.0,,23.0,0.0,13.0,1.6557377049180328,1.0,2.5120223054073603,6.31025606286411,13.0,0.0,0.0,1.0,0.03278688524590164,0.0,0.17881271561216866,0.031973987264598304,1.0,0.0,0.0,1.0,0.9508196721311475,1.0,0.21713609307435303,0.0471480829155941,1.0,1.0,0.0,6.0,0.6147540983606558,0.0,1.181445544828998,1.3958135753962877,6.0,0.0,0.0,0.0,0.0,0.0,0.0,0.0,0.0,0.0,0.0,0.0,0.0,0.0,0.0,0.0,0.0,0.0,0.0,1.0,0.03278688524590164,0.0,0.17881271561216866,0.031973987264598304,1.0,0.0,0.0,1.0,0.1721311475409836,0.0,0.379051075971783,0.14367971819536643,1.0,0.0,0.0,3.0,0.18032786885245902,0.0,0.6032473204500219,0.3639073296301314,3.0,0.0,57.0,65.0,13.0,30.0,,,,,,,
38,46,Twitter Aurora Q4 Sprint 2,-14,11,13,13,7,7,3,3,17,17,0,0,0,0,1,8,40.0,,25.0,,56.0,6.0,,9.0,0.0,28.0,2.282051282051282,1.0,3.6534894755542067,13.347985347985352,28.0,1.0,0.0,1.0,0.038461538461538464,0.0,0.19355241528469094,0.037462537462537464,1.0,0.0,1.0,1.0,1.0,1.0,0.0,0.0,0.0,1.0,0.0,2.0,0.4230769230769231,0.0,0.712034414191482,0.5069930069930069,2.0,0.0,0.0,0.0,0.0,0.0,0.0,0.0,0.0,0.0,0.0,0.0,0.0,0.0,0.0,0.0,0.0,0.0,0.0,1.0,0.038461538461538464,0.0,0.19355241528469094,0.037462537462537464,1.0,0.0,0.0,1.0,0.08974358974358974,0.0,0.2876640101760781,0.08275058275058277,1.0,0.0,0.0,3.0,0.3076923076923077,0.0,0.7780710799114726,0.6053946053946052,3.0,0.0,56.0,22.0,7.0,13.0,,,,,,,
38,52,Twitter Aurora Q4 Sprint 3,-13,10,16,16,3,3,3,3,2,2,7,7,7,7,1,7,19.0,,42.0,,57.0,4.0,,4.0,0.0,13.0,1.4074074074074074,1.0,2.483836638034886,6.169444444444444,13.0,1.0,0.0,0.0,0.0,0.0,0.0,0.0,0.0,0.0,0.0,1.0,0.9259259259259259,1.0,0.26352313834736496,0.06944444444444446,1.0,1.0,0.0,3.0,0.5308641975308642,0.0,0.7919346524980205,0.6271604938271605,3.0,0.0,0.0,0.0,0.0,0.0,0.0,0.0,0.0,0.0,0.0,0.0,0.0,0.0,0.0,0.0,0.0,0.0,0.0,2.0,0.024691358024691357,0.0,0.22222222222222224,0.04938271604938273,2.0,0.0,0.0,1.0,0.04938271604938271,0.0,0.21801574300387316,0.04753086419753087,1.0,0.0,0.0,3.0,0.16049382716049382,0.0,0.6011819633741682,0.3614197530864197,3.0,0.0,30.0,51.0,16.0,20.0,,,,,,,
38,53,Twitter Aurora Q4 Sprint 4,-6,9,4,4,2,2,0,0,0,0,4,4,2,2,1,4,11.0,,20.0,,22.0,6.0,,6.0,0.0,4.0,1.0,1.0,1.3026778945578592,1.696969696969697,4.0,0.0,0.0,0.0,0.0,0.0,0.0,0.0,0.0,0.0,1.0,1.0,1.0,1.0,0.0,0.0,0.0,1.0,0.0,2.0,0.20588235294117646,0.0,0.5918339122415548,0.3502673796791444,2.0,0.0,0.0,0.0,0.0,0.0,0.0,0.0,0.0,0.0,0.0,0.0,0.0,0.0,0.0,0.0,0.0,0.0,0.0,0.0,0.0,0.0,0.0,0.0,0.0,0.0,0.0,1.0,0.029411764705882353,0.0,0.17149858514250882,0.029411764705882346,1.0,0.0,0.0,0.0,0.0,0.0,0.0,0.0,0.0,0.0,11.0,23.0,,3.0,,,,,,,
38,59,Twitter Aurora Q4 Sprint 5,-6,12,4,4,14,14,9,9,9,9,0,0,0,0,1,8,46.0,,16.0,,58.0,15.0,,3.0,0.0,7.0,1.2151898734177216,1.0,1.6066439466098856,2.581304771178189,7.0,1.0,0.0,2.0,0.1518987341772152,0.0,0.45541211527798303,0.20740019474196691,2.0,0.0,0.0,1.0,0.9240506329113924,1.0,0.26660986087588917,0.07108081791626099,1.0,1.0,0.0,6.0,0.759493670886076,0.0,1.4070809015195134,1.9798766634209664,6.0,0.0,0.0,0.0,0.0,0.0,0.0,0.0,0.0,0.0,0.0,0.0,0.0,0.0,0.0,0.0,0.0,0.0,0.0,1.0,0.0759493670886076,0.0,0.26660986087588917,0.07108081791626097,1.0,0.0,0.0,1.0,0.0379746835443038,0.0,0.192356371638255,0.037000973709834475,1.0,0.0,0.0,2.0,0.20253164556962025,0.0,0.490414446273684,0.2405063291139241,2.0,0.0,49.0,30.0,3.0,17.0,,,,,,,
38,62,Twitter Aurora Q4 Sprint 6,-2,5,2,2,1,1,1,1,1,1,1,1,0,0,1,1,12.0,,7.0,,18.0,,,3.0,0.0,7.0,1.9047619047619047,1.0,2.3217399058628834,5.39047619047619,7.0,1.0,0.0,1.0,0.2857142857142857,0.0,0.4629100498862757,0.21428571428571427,1.0,0.0,0.0,1.0,0.8571428571428571,1.0,0.35856858280031806,0.12857142857142853,1.0,1.0,0.0,3.0,0.8571428571428571,1.0,0.9102589898327995,0.8285714285714286,3.0,0.0,0.0,0.0,0.0,0.0,0.0,0.0,0.0,0.0,0.0,0.0,0.0,0.0,0.0,0.0,0.0,0.0,0.0,1.0,0.047619047619047616,0.0,0.21821789023599242,0.04761904761904763,1.0,0.0,0.0,1.0,0.14285714285714285,0.0,0.35856858280031806,0.12857142857142856,1.0,0.0,0.0,0.0,0.0,0.0,0.0,0.0,0.0,0.0,11.0,10.0,,2.0,,,,,,,
38,73,Twitter Aurora Q1'15 Sprint 1,-26,11,10,32,4,4,2,2,6,24,5,9,1,1,1,4,13.0,,28.0,,29.0,3.0,,6.0,0.0,2.0,0.7446808510638298,1.0,0.674636298356477,0.4551341350601294,2.0,1.0,0.0,1.0,0.1276595744680851,0.0,0.33731814917823855,0.11378353376503238,1.0,0.0,0.0,1.0,0.9361702127659575,1.0,0.24709224814516545,0.06105457909343202,1.0,1.0,0.0,5.0,0.851063829787234,0.0,1.3018168475376404,1.6947271045328403,5.0,0.0,0.0,0.0,0.0,0.0,0.0,0.0,0.0,0.0,0.0,0.0,0.0,0.0,0.0,0.0,0.0,0.0,0.0,0.0,0.0,0.0,0.0,0.0,0.0,0.0,0.0,1.0,0.06382978723404255,0.0,0.24709224814516542,0.06105457909343201,1.0,0.0,0.0,2.0,0.44680851063829785,0.0,0.618852747755276,0.38297872340425526,2.0,0.0,28.0,19.0,9.0,6.0,,,,,,,
38,76,Twitter Aurora Q1'15 Sprint 2,-11,13,4,11,2,13,2,13,0,0,2,9,2,9,1,5,18.0,,11.0,,40.0,,,3.0,0.0,7.0,0.9069767441860465,0.0,1.3418883902274596,1.8006644518272428,7.0,0.0,0.0,1.0,0.046511627906976744,0.0,0.21308263231644636,0.04540420819490587,1.0,0.0,0.0,1.0,0.9534883720930233,1.0,0.21308263231644636,0.04540420819490588,1.0,1.0,0.0,17.0,1.3255813953488371,0.0,2.9172796381671526,8.510520487264673,17.0,0.0,0.0,0.0,0.0,0.0,0.0,0.0,0.0,0.0,0.0,0.0,0.0,0.0,0.0,0.0,0.0,0.0,0.0,0.0,0.0,0.0,0.0,0.0,0.0,0.0,0.0,1.0,0.023255813953488372,0.0,0.15249857033260467,0.023255813953488375,1.0,0.0,0.0,2.0,0.37209302325581395,0.0,0.6181098613227682,0.38205980066445183,2.0,0.0,27.0,16.0,,14.0,,,,,,,
38,85,Twitter Aurora Q1'15 Sprint 3,-20,12,9,26,1,3,1,3,6,19,2,4,1,3,1,5,15.0,,17.0,,42.0,,,9.0,0.0,8.0,0.7058823529411765,0.0,1.4872002911115747,2.2117647058823526,8.0,0.0,0.0,1.0,0.0196078431372549,0.0,0.14002800840280097,0.0196078431372549,1.0,0.0,0.0,1.0,0.8431372549019608,1.0,0.36729002271272454,0.1349019607843137,1.0,1.0,0.0,4.0,0.6666666666666666,0.0,0.9729679679550951,0.9466666666666669,4.0,0.0,0.0,0.0,0.0,0.0,0.0,0.0,0.0,0.0,0.0,0.0,0.0,0.0,0.0,0.0,0.0,0.0,0.0,0.0,0.0,0.0,0.0,0.0,0.0,0.0,0.0,0.0,0.0,0.0,0.0,0.0,0.0,0.0,0.0,2.0,0.47058823529411764,0.0,0.643519733231875,0.4141176470588235,2.0,0.0,26.0,25.0,,19.0,,,,,,,
38,92,Twitter Aurora Q1'15 Sprint 4,-18,14,8,24,3,3,3,3,8,24,0,0,0,0,1,4,22.0,,8.0,,36.0,1.0,,,0.0,4.0,1.55,1.0,1.218447940872069,1.484615384615385,4.0,1.0,0.0,1.0,0.025,0.0,0.15811388300841897,0.024999999999999998,1.0,0.0,0.0,1.0,0.875,1.0,0.3349320635285418,0.11217948717948718,1.0,1.0,0.0,2.0,0.625,0.0,0.7741827783921407,0.5993589743589743,2.0,0.0,0.0,0.0,0.0,0.0,0.0,0.0,0.0,0.0,0.0,0.0,0.0,0.0,0.0,0.0,0.0,0.0,0.0,0.0,0.0,0.0,0.0,0.0,0.0,0.0,0.0,1.0,0.025,0.0,0.15811388300841897,0.024999999999999998,1.0,0.0,0.0,1.0,0.225,0.0,0.42290206176626033,0.17884615384615385,1.0,0.0,20.0,20.0,3.0,10.0,,,,,,,
38,100,Twitter Aurora Q1'15 Sprint 5,-19,14,7,19,4,22,4,22,0,0,3,23,4,8,1,5,18.0,,6.0,,32.0,3.0,,,0.0,5.0,1.3333333333333333,1.0,1.414213562373095,1.9999999999999996,5.0,1.0,0.0,0.0,0.0,0.0,0.0,0.0,0.0,0.0,0.0,1.0,0.7777777777777778,1.0,0.42163702135578396,0.1777777777777778,1.0,1.0,0.0,2.0,0.8055555555555556,1.0,0.7099072150416941,0.5039682539682541,2.0,1.0,0.0,0.0,0.0,0.0,0.0,0.0,0.0,0.0,0.0,0.0,0.0,0.0,0.0,0.0,0.0,0.0,0.0,1.0,0.027777777777777776,0.0,0.16666666666666663,0.02777777777777777,1.0,0.0,0.0,0.0,0.0,0.0,0.0,0.0,0.0,0.0,0.0,2.0,0.4444444444444444,0.0,0.6522245206957689,0.4253968253968255,2.0,0.0,16.0,20.0,1.0,12.0,,,,,,,
38,105,Twitter Aurora Q1'15 Sprint 6,-1,13,1,1,0,0,0,0,1,1,0,0,0,0,1,1,4.0,,2.0,,8.0,,,,0.0,5.0,1.75,1.0,1.5811388300841898,2.5,5.0,1.0,0.0,0.0,0.0,0.0,0.0,0.0,0.0,0.0,0.0,1.0,0.625,1.0,0.5175491695067657,0.26785714285714285,1.0,1.0,0.0,2.0,0.625,0.5,0.7440238091428449,0.5535714285714286,2.0,0.0,0.0,0.0,0.0,0.0,0.0,0.0,0.0,0.0,0.0,0.0,0.0,0.0,0.0,0.0,0.0,0.0,0.0,1.0,0.125,0.0,0.3535533905932738,0.125,1.0,0.0,0.0,0.0,0.0,0.0,0.0,0.0,0.0,0.0,0.0,2.0,0.75,1.0,0.7071067811865476,0.5,2.0,1.0,3.0,5.0,,2.0,,,,,,,
38,112,Twitter Aurora Q2'15 Sprint 1,-5,14,5,8,0,0,0,0,5,8,0,0,0,0,1,4,10.0,,2.0,,15.0,,,,0.0,2.0,0.4666666666666667,0.0,0.6399404734221844,0.40952380952380957,2.0,0.0,0.0,0.0,0.0,0.0,0.0,0.0,0.0,0.0,0.0,1.0,0.8666666666666667,1.0,0.35186577527449836,0.12380952380952379,1.0,1.0,0.0,2.0,0.6,0.0,0.8280786712108251,0.6857142857142858,2.0,0.0,0.0,0.0,0.0,0.0,0.0,0.0,0.0,0.0,0.0,0.0,0.0,0.0,0.0,0.0,0.0,0.0,0.0,0.0,0.0,0.0,0.0,0.0,0.0,0.0,0.0,0.0,0.0,0.0,0.0,0.0,0.0,0.0,0.0,1.0,0.13333333333333333,0.0,0.35186577527449836,0.12380952380952379,1.0,0.0,12.0,3.0,,3.0,,,,,,,
38,117,Twitter Aurora Q2'15 Sprint 2,-11,14,4,9,11,22,8,15,7,16,0,0,0,0,1,5,19.0,,17.0,,45.0,9.0,6.0,6.0,0.0,4.0,0.9545454545454546,1.0,0.9834291368130532,0.967132867132867,4.0,1.0,0.0,0.0,0.0,0.0,0.0,0.0,0.0,0.0,0.0,1.0,0.9696969696969697,1.0,0.17273340683501223,0.029836829836829847,1.0,1.0,0.0,2.0,0.3939393939393939,0.0,0.6045669239225426,0.3655011655011655,2.0,0.0,0.0,0.0,0.0,0.0,0.0,0.0,0.0,0.0,0.0,0.0,0.0,0.0,0.0,0.0,0.0,0.0,0.0,0.0,0.0,0.0,0.0,0.0,0.0,0.0,0.0,1.0,0.045454545454545456,0.0,0.20989507868443238,0.04405594405594406,1.0,0.0,0.0,2.0,0.25757575757575757,0.0,0.535238438903809,0.28648018648018647,2.0,0.0,34.0,32.0,,30.0,,,,,,,
38,127,Twitter Aurora Q2'15 Sprint 3,-13,14,5,16,2,6,3,8,4,14,0,0,0,0,1,4,12.0,,17.0,,26.0,6.0,,,0.0,8.0,1.875,1.0,2.352075267612865,5.532258064516129,8.0,1.0,0.0,0.0,0.0,0.0,0.0,0.0,0.0,0.0,0.0,1.0,0.84375,1.0,0.36890203262847354,0.13608870967741934,1.0,1.0,0.0,4.0,0.8125,0.0,1.2296734420949118,1.5120967741935485,4.0,0.0,0.0,0.0,0.0,0.0,0.0,0.0,0.0,0.0,0.0,0.0,0.0,0.0,0.0,0.0,0.0,0.0,0.0,0.0,0.0,0.0,0.0,0.0,0.0,0.0,0.0,0.0,0.0,0.0,0.0,0.0,0.0,0.0,0.0,1.0,0.28125,0.0,0.45680340939917435,0.2086693548387097,1.0,0.0,10.0,22.0,,3.0,,,,,,,
38,131,Twitter Aurora Q2'15 Sprint 4,-7,13,3,7,0,0,0,0,2,2,1,5,0,0,1,3,7.0,,6.0,,10.0,3.0,,,0.0,1.0,0.5384615384615384,1.0,0.5188745216627708,0.2692307692307693,1.0,1.0,0.0,0.0,0.0,0.0,0.0,0.0,0.0,0.0,0.0,1.0,0.8461538461538461,1.0,0.37553380809940534,0.141025641025641,1.0,1.0,0.0,0.0,0.0,0.0,0.0,0.0,0.0,0.0,0.0,0.0,0.0,0.0,0.0,0.0,0.0,0.0,0.0,0.0,0.0,0.0,0.0,0.0,0.0,0.0,0.0,0.0,0.0,0.0,0.0,0.0,0.0,0.0,0.0,0.0,0.0,0.0,0.0,0.0,0.0,0.0,0.0,1.0,0.23076923076923078,0.0,0.4385290096535146,0.19230769230769232,1.0,0.0,6.0,7.0,,,,,,,,,
38,151,Twitter Aurora Q2'15 Sprint 6,-9,14,2,7,5,11,4,9,3,9,0,0,0,0,1,4,15.0,,7.0,,23.0,,,,0.0,4.0,1.6923076923076923,1.5,1.3789628209413267,1.9015384615384614,4.0,1.0,0.0,0.0,0.0,0.0,0.0,0.0,0.0,0.0,1.0,1.0,1.0,1.0,0.0,0.0,0.0,1.0,0.0,1.0,0.23076923076923078,0.0,0.4296689244236597,0.1846153846153846,1.0,0.0,0.0,0.0,0.0,0.0,0.0,0.0,0.0,0.0,0.0,0.0,0.0,0.0,0.0,0.0,0.0,0.0,0.0,0.0,0.0,0.0,0.0,0.0,0.0,0.0,0.0,0.0,0.0,0.0,0.0,0.0,0.0,0.0,0.0,2.0,0.5384615384615384,0.0,0.9046886417224097,0.8184615384615387,2.0,0.0,19.0,7.0,3.0,4.0,,,,,,,
41,9,slider may 1,0,14,3,3,1,1,0,0,2,2,0,0,2,2,1,3,2.0,3.0,1.0,,29.0,3.0,,,0.0,4.0,0.5151515151515151,0.0,1.0344446614371199,1.0700757575757576,4.0,0.0,0.0,1.0,0.15151515151515152,0.0,0.36410954062720957,0.13257575757575757,1.0,0.0,0.0,1.0,0.5757575757575758,1.0,0.5018903659106632,0.2518939393939394,1.0,1.0,0.0,2.0,0.24242424242424243,0.0,0.5607084263625252,0.31439393939393934,2.0,0.0,0.0,0.0,0.0,0.0,0.0,0.0,0.0,0.0,0.0,0.0,0.0,0.0,0.0,0.0,0.0,0.0,0.0,1.0,0.18181818181818182,0.0,0.3916747259003201,0.15340909090909088,1.0,0.0,0.0,1.0,0.030303030303030304,0.0,0.17407765595569785,0.03030303030303031,1.0,0.0,0.0,1.0,0.06060606060606061,0.0,0.24230584229877994,0.05871212121212121,1.0,0.0,25.0,8.0,1.0,,,,25.0,,1.0,1.0,
41,14,slider may 2,-3,14,6,6,1,1,0,0,6,6,0,0,1,1,1,4,2.0,2.0,1.0,,29.0,3.0,,,0.0,5.0,0.8484848484848485,0.0,1.4387757843304696,2.070075757575758,5.0,0.0,0.0,1.0,0.21212121212121213,0.0,0.41514875026728054,0.17234848484848486,1.0,0.0,0.0,1.0,0.5454545454545454,1.0,0.5056498968474316,0.2556818181818182,1.0,1.0,0.0,5.0,0.3333333333333333,0.0,0.9574271077563382,0.9166666666666669,5.0,0.0,0.0,0.0,0.0,0.0,0.0,0.0,0.0,0.0,0.0,0.0,0.0,0.0,0.0,0.0,0.0,0.0,0.0,1.0,0.36363636363636365,0.0,0.48850421045919723,0.23863636363636365,1.0,0.0,0.0,1.0,0.030303030303030304,0.0,0.17407765595569785,0.03030303030303031,1.0,0.0,0.0,1.0,0.06060606060606061,0.0,0.24230584229877994,0.05871212121212121,1.0,0.0,24.0,9.0,1.0,,,,25.0,,2.0,1.0,
41,16,slider June 1,-8,14,9,9,0,0,0,0,8,8,0,0,1,1,1,4,2.0,3.0,3.0,,28.0,1.0,,,0.0,13.0,1.6333333333333333,1.0,2.6714755490543802,7.136781609195402,13.0,0.0,0.0,1.0,0.3333333333333333,0.0,0.4794633014853841,0.2298850574712643,1.0,0.0,0.0,1.0,0.7666666666666667,1.0,0.4301830671520763,0.1850574712643678,1.0,1.0,0.0,5.0,0.7,0.0,1.2077336998093464,1.4586206896551723,5.0,0.0,0.0,0.0,0.0,0.0,0.0,0.0,0.0,0.0,0.0,0.0,0.0,0.0,0.0,0.0,0.0,0.0,0.0,3.0,0.8666666666666667,0.0,1.1366415543118709,1.2919540229885056,3.0,0.0,0.0,1.0,0.06666666666666667,0.0,0.2537081317024625,0.06436781609195404,1.0,0.0,0.0,2.0,0.06666666666666667,0.0,0.36514837167011066,0.13333333333333328,2.0,0.0,21.0,9.0,1.0,,,,20.0,,1.0,1.0,
41,17,slider June 2,-1,14,15,15,1,1,1,1,10,10,2,2,3,3,1,3,3.0,4.0,17.0,,63.0,2.0,,1.0,0.0,14.0,1.0298507462686568,0.0,2.5641476181547795,6.574853007688828,14.0,0.0,0.0,1.0,0.6716417910447762,1.0,0.4731602234073838,0.22388059701492535,1.0,1.0,0.0,1.0,0.7611940298507462,1.0,0.42957174723720287,0.18453188602442333,1.0,1.0,0.0,14.0,0.8208955223880597,0.0,1.953438096794969,3.81592039800995,14.0,0.0,0.0,0.0,0.0,0.0,0.0,0.0,0.0,0.0,0.0,0.0,0.0,0.0,0.0,0.0,0.0,0.0,0.0,3.0,0.2537313432835821,0.0,0.7249510658948697,0.5255540479421077,3.0,0.0,0.0,1.0,0.014925373134328358,0.0,0.12216944435630518,0.01492537313432835,1.0,0.0,0.0,3.0,0.208955223880597,0.0,0.5650774533351619,0.3193125282677521,3.0,0.0,51.0,16.0,1.0,,,,36.0,,2.0,2.0,3.0
41,21,Slider July #1,-11,14,24,24,1,1,0,0,21,21,1,1,3,3,1,3,5.0,5.0,14.0,,72.0,3.0,,4.0,0.0,13.0,0.675,0.0,1.8403012961902445,3.386708860759494,13.0,0.0,0.0,1.0,0.8,1.0,0.4025236843413021,0.1620253164556962,1.0,1.0,0.0,1.0,0.8125,1.0,0.39277493797177815,0.15427215189873417,1.0,1.0,0.0,6.0,0.6375,0.0,1.1718615505557326,1.373259493670886,6.0,0.0,0.0,0.0,0.0,0.0,0.0,0.0,0.0,0.0,0.0,0.0,0.0,0.0,0.0,0.0,0.0,0.0,0.0,3.0,0.125,0.0,0.4320982073088173,0.18670886075949367,3.0,0.0,0.0,0.0,0.0,0.0,0.0,0.0,0.0,0.0,0.0,2.0,0.1,0.0,0.34125605665325803,0.11645569620253164,2.0,0.0,64.0,16.0,1.0,,1.0,,50.0,,2.0,1.0,2.0
41,27,Slider August #1,-6,14,28,28,1,1,2,2,14,14,2,2,11,11,1,5,5.0,7.0,18.0,,76.0,7.0,,3.0,0.0,13.0,1.3258426966292134,0.0,2.807357544750111,7.88125638406537,13.0,0.0,0.0,1.0,0.7640449438202247,1.0,0.4269998911569044,0.18232890704800822,1.0,1.0,0.0,1.0,0.8202247191011236,1.0,0.386175824087028,0.14913176710929518,1.0,1.0,0.0,7.0,0.7415730337078652,0.0,1.3014684877933467,1.6938202247191008,7.0,0.0,0.0,0.0,0.0,0.0,0.0,0.0,0.0,0.0,0.0,0.0,0.0,0.0,0.0,0.0,0.0,0.0,0.0,5.0,0.16853932584269662,0.0,0.6947196140788772,0.4826353421859041,5.0,0.0,0.0,0.0,0.0,0.0,0.0,0.0,0.0,0.0,0.0,3.0,0.11235955056179775,0.0,0.4111569664647833,0.16905005107252294,3.0,0.0,69.0,20.0,3.0,,,1.0,50.0,,5.0,,3.0
41,28,Slider August #2,-10,13,45,45,1,1,9,9,21,21,0,0,16,16,1,6,7.0,9.0,25.0,,91.0,7.0,1.0,3.0,0.0,20.0,1.9230769230769231,0.0,4.128264657383782,17.042569081404032,20.0,0.0,0.0,1.0,0.7884615384615384,1.0,0.41037697382074245,0.16840926064227035,1.0,1.0,0.0,1.0,0.8076923076923077,1.0,0.39602204206878633,0.15683345780433158,1.0,1.0,0.0,7.0,0.8173076923076923,0.0,1.3348533469277932,1.7818334578043316,7.0,0.0,0.0,0.0,0.0,0.0,0.0,0.0,0.0,0.0,0.0,0.0,0.0,0.0,0.0,0.0,0.0,0.0,0.0,7.0,0.34615384615384615,0.0,0.9113015419571137,0.830470500373413,7.0,0.0,0.0,1.0,0.009615384615384616,0.0,0.09805806756909202,0.009615384615384618,1.0,0.0,0.0,1.0,0.04807692307692308,0.0,0.2149647834019842,0.046209858103061975,1.0,0.0,78.0,26.0,2.0,,,,50.0,,8.0,,5.0
41,32,Slider September #1,-10,11,31,31,1,1,0,0,29,29,0,0,3,3,1,5,5.0,9.0,15.0,,78.0,8.0,,2.0,0.0,23.0,1.5444444444444445,0.0,4.227149040870553,17.868789013732833,23.0,0.0,0.0,1.0,0.7555555555555555,1.0,0.43216494747112666,0.18676654182272165,1.0,1.0,0.0,1.0,0.8888888888888888,1.0,0.31603030875998483,0.09987515605493134,1.0,1.0,0.0,7.0,0.7444444444444445,0.0,1.2592231519143475,1.5856429463171038,7.0,0.0,0.0,0.0,0.0,0.0,0.0,0.0,0.0,0.0,0.0,0.0,0.0,0.0,0.0,0.0,0.0,0.0,0.0,7.0,0.26666666666666666,0.0,0.909376870244032,0.8269662921348311,7.0,0.0,0.0,0.0,0.0,0.0,0.0,0.0,0.0,0.0,0.0,1.0,0.06666666666666667,0.0,0.25084128112136317,0.06292134831460676,1.0,0.0,70.0,20.0,2.0,,,,49.0,,5.0,,7.0
41,33,Slider October #1,-2,14,32,32,1,1,1,1,24,24,0,0,8,8,1,6,2.0,10.0,21.0,,72.0,11.0,,3.0,0.0,62.0,2.6179775280898876,0.0,7.789132315397011,60.67058222676201,62.0,0.0,0.0,1.0,0.797752808988764,1.0,0.4039513719861834,0.1631767109295199,1.0,1.0,0.0,1.0,0.9101123595505618,1.0,0.28764124744526687,0.08273748723186926,1.0,1.0,0.0,7.0,0.6067415730337079,0.0,1.1443336442116738,1.3094994892747698,7.0,0.0,0.0,0.0,0.0,0.0,0.0,0.0,0.0,0.0,0.0,0.0,0.0,0.0,0.0,0.0,0.0,0.0,0.0,7.0,0.24719101123595505,0.0,0.8295795604949601,0.6882022471910111,7.0,0.0,0.0,1.0,0.011235955056179775,0.0,0.10599978800063597,0.01123595505617977,1.0,0.0,0.0,2.0,0.07865168539325842,0.0,0.3098650403116725,0.09601634320735443,2.0,0.0,71.0,18.0,3.0,,,,45.0,,6.0,,5.0
41,40,Slider October #2,16,14,59,59,8,8,4,4,42,42,3,3,18,18,1,9,5.0,10.0,77.0,,109.0,7.0,,10.0,0.0,62.0,2.109375,0.0,6.005554351670305,36.06668307086614,62.0,0.0,0.0,1.0,0.703125,1.0,0.4586762019853619,0.21038385826771652,1.0,1.0,0.0,1.0,0.9921875,1.0,0.08838834764831845,0.0078125,1.0,1.0,0.0,7.0,0.5078125,0.0,0.913555774730425,0.8345841535433071,7.0,0.0,0.0,0.0,0.0,0.0,0.0,0.0,0.0,0.0,0.0,0.0,0.0,0.0,0.0,0.0,0.0,0.0,0.0,7.0,0.2890625,0.0,0.9569665307339029,0.9157849409448819,7.0,0.0,0.0,2.0,0.046875,0.0,0.24653105089444233,0.06077755905511811,2.0,0.0,0.0,2.0,0.109375,0.0,0.3601044249247622,0.1296751968503937,2.0,0.0,84.0,44.0,2.0,,1.0,,26.0,,3.0,3.0,3.0
41,41,Slider November #1,2,14,13,13,9,9,6,6,8,8,1,1,7,7,1,5,2.0,3.0,17.0,,24.0,,,3.0,0.0,62.0,5.133333333333334,2.0,11.41606047555851,130.3264367816092,62.0,0.0,0.0,1.0,0.7,1.0,0.466091599699399,0.2172413793103448,1.0,1.0,0.0,2.0,1.0,1.0,0.2626128657194451,0.06896551724137931,2.0,1.0,0.0,7.0,0.5333333333333333,0.0,1.3578211078487255,1.8436781609195403,7.0,0.0,0.0,0.0,0.0,0.0,0.0,0.0,0.0,0.0,0.0,0.0,0.0,0.0,0.0,0.0,0.0,0.0,0.0,7.0,0.7333333333333333,0.0,1.529780992514115,2.3402298850574708,7.0,0.0,0.0,1.0,0.06666666666666667,0.0,0.2537081317024624,0.06436781609195402,1.0,0.0,0.0,1.0,0.16666666666666666,0.0,0.3790490217894517,0.14367816091954025,1.0,0.0,22.0,8.0,3.0,,2.0,,,,2.0,3.0,1.0
41,54,Slider November #2,5,14,5,5,1,1,0,0,4,4,0,0,2,2,1,2,2.0,8.0,2.0,,45.0,5.0,,1.0,0.0,86.0,5.69811320754717,2.0,14.466918370571662,209.29172714078382,86.0,0.0,0.0,1.0,0.8490566037735849,1.0,0.3614195524432012,0.13062409288824386,1.0,1.0,0.0,1.0,0.9245283018867925,1.0,0.26667876121581074,0.07111756168359941,1.0,1.0,0.0,7.0,0.5471698113207547,0.0,1.1695830574618833,1.3679245283018868,7.0,0.0,0.0,0.0,0.0,0.0,0.0,0.0,0.0,0.0,0.0,0.0,0.0,0.0,0.0,0.0,0.0,0.0,0.0,9.0,0.8679245283018868,0.0,1.494061782383547,2.232220609579101,9.0,0.0,0.0,1.0,0.018867924528301886,0.0,0.137360563948689,0.01886792452830188,1.0,0.0,0.0,2.0,0.1509433962264151,0.0,0.41120023267233474,0.16908563134978222,2.0,0.0,44.0,9.0,2.0,,,,40.0,,1.0,,
41,58,Slider December #1,-10,14,16,16,1,1,1,1,13,13,0,0,3,3,1,3,1.0,4.0,11.0,,37.0,7.0,,,0.0,13.0,1.3777777777777778,0.0,2.9487199756758002,8.694949494949492,13.0,0.0,0.0,1.0,0.7777777777777778,1.0,0.4204374825912609,0.1767676767676768,1.0,1.0,0.0,1.0,0.7555555555555555,1.0,0.43461349368017665,0.18888888888888894,1.0,1.0,0.0,14.0,1.0,0.0,2.335496832484569,5.454545454545454,14.0,0.0,0.0,0.0,0.0,0.0,0.0,0.0,0.0,0.0,0.0,0.0,0.0,0.0,0.0,0.0,0.0,0.0,0.0,5.0,0.4444444444444444,0.0,1.0347497623614468,1.0707070707070707,5.0,0.0,0.0,0.0,0.0,0.0,0.0,0.0,0.0,0.0,0.0,5.0,0.2222222222222222,0.0,0.8226589066968623,0.6767676767676767,5.0,0.0,26.0,19.0,1.0,,,,26.0,,2.0,1.0,
41,65,Slider Jan #1,2,14,1,1,3,3,3,3,1,1,0,0,0,0,1,1,2.0,4.0,2.0,,6.0,1.0,,,0.0,15.0,3.888888888888889,3.0,4.85912657903775,23.611111111111107,15.0,0.0,1.0,1.0,1.0,1.0,0.0,0.0,0.0,1.0,0.0,2.0,1.1111111111111112,1.0,0.6009252125773316,0.36111111111111116,2.0,1.0,0.0,14.0,2.2222222222222223,1.0,4.521553322083513,20.444444444444446,14.0,0.0,0.0,0.0,0.0,0.0,0.0,0.0,0.0,0.0,0.0,0.0,0.0,0.0,0.0,0.0,0.0,0.0,0.0,5.0,0.8888888888888888,0.0,1.8333333333333333,3.3611111111111107,5.0,0.0,0.0,0.0,0.0,0.0,0.0,0.0,0.0,0.0,0.0,4.0,0.6666666666666666,0.0,1.3228756555322954,1.7500000000000002,4.0,0.0,8.0,1.0,2.0,,,,,,1.0,,
41,66,Slider Jan #2,1,14,11,11,2,2,2,2,4,4,0,0,7,7,1,4,2.0,9.0,6.0,,15.0,3.0,,,0.0,18.0,5.555555555555555,5.0,4.841271371936511,23.437908496732028,18.0,7.0,0.0,2.0,1.0,1.0,0.3429971702850177,0.11764705882352941,2.0,1.0,1.0,1.0,1.0,1.0,0.0,0.0,0.0,1.0,0.0,14.0,1.3888888888888888,0.5,3.2564666685533097,10.604575163398692,14.0,0.0,0.0,0.0,0.0,0.0,0.0,0.0,0.0,0.0,0.0,0.0,0.0,0.0,0.0,0.0,0.0,0.0,0.0,5.0,1.0,1.0,1.3284223283101428,1.7647058823529411,5.0,0.0,0.0,0.0,0.0,0.0,0.0,0.0,0.0,0.0,0.0,4.0,0.6111111111111112,0.0,1.0921586228732252,1.1928104575163396,4.0,0.0,10.0,8.0,,,,,,,1.0,,
41,67,Slider Feb #1,1,9,9,9,0,0,0,0,9,9,0,0,0,0,1,3,3.0,4.0,9.0,,39.0,6.0,,4.0,0.0,86.0,4.5,1.0,12.383575460119367,153.35294117647058,86.0,0.0,0.0,1.0,0.8846153846153846,1.0,0.3226025390322358,0.10407239819004523,1.0,1.0,0.0,1.0,0.9230769230769231,1.0,0.269069117598525,0.07239819004524886,1.0,1.0,0.0,14.0,0.8269230769230769,0.0,2.0361551025916365,4.145927601809957,14.0,0.0,0.0,0.0,0.0,0.0,0.0,0.0,0.0,0.0,0.0,0.0,0.0,0.0,0.0,0.0,0.0,0.0,0.0,5.0,0.6153846153846154,0.0,1.0874298923328642,1.1825037707390649,5.0,0.0,0.0,0.0,0.0,0.0,0.0,0.0,0.0,0.0,0.0,2.0,0.15384615384615385,0.0,0.41466335907271334,0.171945701357466,2.0,0.0,37.0,15.0,3.0,,,,33.0,,3.0,,
55,8,Q2'14 Sprint 1,0,9,0,0,0,0,0,0,0,0,0,0,0,0,2,1,18.0,17.0,7.0,1.0,31.0,9.0,2.0,1.0,0.0,32.0,2.5348837209302326,1.0,5.011172456713016,25.111849390919165,32.0,1.0,0.0,9.0,0.3953488372093023,0.0,1.6350263560380585,2.6733111849390916,9.0,0.0,0.0,1.0,0.627906976744186,1.0,0.4890834875635335,0.239202657807309,1.0,1.0,0.0,10.0,1.302325581395349,1.0,1.9090621447258467,3.6445182724252496,10.0,0.0,0.0,0.0,0.0,0.0,0.0,0.0,0.0,0.0,0.0,0.0,0.0,0.0,0.0,0.0,0.0,0.0,0.0,13.0,1.1395348837209303,0.0,2.512647961517104,6.313399778516058,13.0,0.0,0.0,1.0,0.046511627906976744,0.0,0.21308263231644634,0.045404208194905864,1.0,0.0,0.0,2.0,0.18604651162790697,0.0,0.5002767783217783,0.2502768549280177,2.0,0.0,24.0,19.0,,,,,,,,,
55,12,Q2'14 Sprint 2,-3,13,2,3,0,0,0,0,2,3,0,0,0,0,2,1,9.0,6.0,21.0,,25.0,7.0,1.0,2.0,0.0,17.0,1.2777777777777777,0.0,3.066977209949433,9.406349206349208,17.0,0.0,0.0,9.0,0.6944444444444444,0.0,1.7698982124799385,3.1325396825396816,9.0,0.0,0.0,1.0,0.7222222222222222,1.0,0.45425676257949793,0.20634920634920637,1.0,1.0,0.0,2.0,0.6944444444444444,1.0,0.749073501808141,0.561111111111111,2.0,0.0,0.0,0.0,0.0,0.0,0.0,0.0,0.0,0.0,0.0,0.0,0.0,0.0,0.0,0.0,0.0,0.0,0.0,13.0,0.9722222222222222,0.0,2.4783186825070525,6.142063492063493,13.0,0.0,0.0,0.0,0.0,0.0,0.0,0.0,0.0,0.0,0.0,2.0,0.08333333333333333,0.0,0.3683941988065037,0.13571428571428576,2.0,0.0,16.0,20.0,1.0,,,,,,,,
55,13,Q2 Sprint 3,-8,12,1,8,0,0,0,0,1,8,0,0,0,0,2,1,5.0,13.0,19.0,,30.0,4.0,,2.0,0.0,7.0,0.972972972972973,0.0,1.8780380792271032,3.5270270270270268,7.0,0.0,0.0,9.0,0.6486486486486487,0.0,1.751447277986856,3.067567567567567,9.0,0.0,0.0,1.0,0.4864864864864865,0.0,0.5067117097095317,0.25675675675675674,1.0,0.0,0.0,2.0,0.35135135135135137,0.0,0.6331673561554646,0.4009009009009009,2.0,0.0,0.0,0.0,0.0,0.0,0.0,0.0,0.0,0.0,0.0,0.0,0.0,0.0,0.0,0.0,0.0,0.0,0.0,14.0,0.8648648648648649,0.0,2.6890948721142633,7.231231231231226,14.0,0.0,0.0,0.0,0.0,0.0,0.0,0.0,0.0,0.0,0.0,2.0,0.16216216216216217,0.0,0.44180900307168386,0.19519519519519515,2.0,0.0,16.0,21.0,1.0,,,,,,,,
55,20,Q2 Sprint 4,-1,12,3,10,1,1,3,10,0,0,1,1,0,0,2,2,5.0,14.0,26.0,,40.0,7.0,,2.0,0.0,9.0,1.6938775510204083,1.0,2.0837074494021173,4.341836734693877,9.0,0.0,0.0,9.0,0.4897959183673469,0.0,1.5562032988922088,2.421768707482993,9.0,0.0,0.0,1.0,0.46938775510204084,0.0,0.5042337758225565,0.2542517006802721,1.0,0.0,0.0,3.0,0.4897959183673469,0.0,0.8196149751456432,0.6717687074829932,3.0,0.0,0.0,0.0,0.0,0.0,0.0,0.0,0.0,0.0,0.0,0.0,0.0,0.0,0.0,0.0,0.0,0.0,0.0,14.0,1.2040816326530612,0.0,2.5081499808684913,6.290816326530613,14.0,0.0,0.0,0.0,0.0,0.0,0.0,0.0,0.0,0.0,0.0,1.0,0.08163265306122448,0.0,0.2766416675862441,0.07653061224489796,1.0,0.0,27.0,22.0,,3.0,1.0,,,,,,
55,22,Q2 Sprint 5,-1,4,4,4,0,0,3,3,1,1,0,0,0,0,2,3,,2.0,17.0,,21.0,,,,0.0,7.0,1.7142857142857142,1.0,2.239260081876537,5.014285714285714,7.0,0.0,0.0,0.0,0.0,0.0,0.0,0.0,0.0,0.0,0.0,1.0,0.42857142857142855,0.0,0.5070925528371099,0.25714285714285706,1.0,0.0,0.0,2.0,0.3333333333333333,0.0,0.5773502691896257,0.3333333333333333,2.0,0.0,0.0,0.0,0.0,0.0,0.0,0.0,0.0,0.0,0.0,0.0,0.0,0.0,0.0,0.0,0.0,0.0,0.0,9.0,1.7142857142857142,1.0,2.9856801091687157,8.914285714285715,9.0,0.0,0.0,0.0,0.0,0.0,0.0,0.0,0.0,0.0,0.0,2.0,0.19047619047619047,0.0,0.511766315719159,0.26190476190476186,2.0,0.0,6.0,15.0,,,2.0,,,,,,
55,24,Q3 Sprint 1,-8,9,4,4,2,4,0,0,6,8,0,0,0,0,2,3,2.0,8.0,15.0,,29.0,,,,0.0,10.0,1.8620689655172413,1.0,2.2634382495132503,5.123152709359607,10.0,0.0,0.0,1.0,0.20689655172413793,0.0,0.4122508203948855,0.16995073891625614,1.0,0.0,0.0,1.0,0.4827586206896552,0.0,0.5085476277156078,0.2586206896551724,1.0,0.0,0.0,3.0,0.41379310344827586,0.0,0.6822882392210131,0.46551724137931044,3.0,0.0,0.0,0.0,0.0,0.0,0.0,0.0,0.0,0.0,0.0,0.0,0.0,0.0,0.0,0.0,0.0,0.0,0.0,9.0,1.2758620689655173,0.0,2.343631975681853,5.492610837438424,9.0,0.0,0.0,0.0,0.0,0.0,0.0,0.0,0.0,0.0,0.0,2.0,0.10344827586206896,0.0,0.40925259281898757,0.16748768472906403,2.0,0.0,4.0,25.0,,1.0,3.0,,,,,,
55,25,Q3 Sprint 2,-4,9,3,5,0,0,0,0,0,0,3,5,0,0,2,2,4.0,7.0,15.0,,22.0,3.0,,1.0,0.0,11.0,1.8461538461538463,1.0,2.5249523986373714,6.375384615384616,11.0,0.0,0.0,1.0,0.15384615384615385,0.0,0.36794648440311994,0.1353846153846154,1.0,0.0,0.0,1.0,0.5769230769230769,1.0,0.503831473655779,0.2538461538461539,1.0,1.0,0.0,3.0,0.4230769230769231,0.0,0.7575263387144726,0.5738461538461539,3.0,0.0,0.0,0.0,0.0,0.0,0.0,0.0,0.0,0.0,0.0,0.0,0.0,0.0,0.0,0.0,0.0,0.0,0.0,9.0,1.4230769230769231,0.0,2.858993905877757,8.173846153846153,9.0,0.0,0.0,0.0,0.0,0.0,0.0,0.0,0.0,0.0,0.0,2.0,0.11538461538461539,0.0,0.43145549730400484,0.18615384615384614,2.0,0.0,6.0,20.0,,,,,,,,,
55,26,Aurora Q3 Sprint 2,0,11,0,0,0,0,0,0,0,0,0,0,0,0,2,1,35.0,,23.0,2.0,101.0,1.0,,9.0,0.0,8.0,2.017391304347826,1.0,2.060414745745411,4.245308924485126,8.0,1.0,0.0,1.0,0.02608695652173913,0.0,0.16009150701348573,0.025629290617848955,1.0,0.0,1.0,1.0,1.0,1.0,0.0,0.0,0.0,1.0,0.0,4.0,0.48695652173913045,0.0,0.8621191494901502,0.74324942791762,4.0,0.0,0.0,0.0,0.0,0.0,0.0,0.0,0.0,0.0,0.0,0.0,0.0,0.0,0.0,0.0,0.0,0.0,0.0,1.0,0.2608695652173913,0.0,0.4410306215596805,0.1945080091533181,1.0,0.0,0.0,1.0,0.02608695652173913,0.0,0.16009150701348573,0.025629290617848955,1.0,0.0,0.0,1.0,0.02608695652173913,0.0,0.16009150701348573,0.025629290617848955,1.0,0.0,80.0,35.0,4.0,13.0,,,42.0,,,,
55,30,Q3 Sprint 3,-8,11,1,8,0,0,0,0,1,8,0,0,0,0,2,2,2.0,2.0,9.0,,13.0,1.0,,,1.0,6.0,2.5,2.0,1.4005493427717788,1.9615384615384615,5.0,2.0,0.0,1.0,0.14285714285714285,0.0,0.3631365196012815,0.1318681318681319,1.0,0.0,0.0,1.0,0.5714285714285714,1.0,0.5135525910130955,0.26373626373626374,1.0,1.0,0.0,4.0,1.2857142857142858,0.0,1.8156825980064073,3.296703296703297,4.0,0.0,0.0,0.0,0.0,0.0,0.0,0.0,0.0,0.0,0.0,0.0,0.0,0.0,0.0,0.0,0.0,0.0,0.0,2.0,0.5,0.0,0.6504436355879909,0.4230769230769231,2.0,0.0,0.0,0.0,0.0,0.0,0.0,0.0,0.0,0.0,0.0,2.0,0.2857142857142857,0.0,0.726273039202563,0.5274725274725276,2.0,0.0,3.0,11.0,,,1.0,,,,,,
55,31,Q3 Sprint 4,-3,11,4,4,0,0,0,0,4,4,0,0,0,0,2,3,3.0,7.0,19.0,,22.0,6.0,1.0,,0.0,44.0,3.586206896551724,0.0,9.217674177436482,84.96551724137933,44.0,0.0,0.0,1.0,0.3793103448275862,0.0,0.49380397379124,0.24384236453201966,1.0,0.0,0.0,1.0,0.3793103448275862,0.0,0.49380397379124,0.24384236453201966,1.0,0.0,0.0,6.0,0.8620689655172413,0.0,1.5288683473881328,2.3374384236453203,6.0,0.0,0.0,0.0,0.0,0.0,0.0,0.0,0.0,0.0,0.0,0.0,0.0,0.0,0.0,0.0,0.0,0.0,0.0,8.0,0.7241379310344828,0.0,1.645264888011696,2.706896551724139,8.0,0.0,0.0,0.0,0.0,0.0,0.0,0.0,0.0,0.0,0.0,2.0,0.20689655172413793,0.0,0.6198680933892069,0.3842364532019705,2.0,0.0,8.0,21.0,,,,,,,,,
55,36,Mesos Q3 Sprint 5,-8,14,2,9,2,2,3,3,0,0,1,1,0,0,2,4,2.0,9.0,22.0,7.0,38.0,2.0,,1.0,0.0,11.0,2.261904761904762,2.0,2.43009107336635,5.905342624854819,11.0,0.0,0.0,1.0,0.30952380952380953,0.0,0.4679011380933327,0.218931475029036,1.0,0.0,0.0,1.0,0.38095238095238093,0.0,0.49150743499231975,0.2415795586527294,1.0,0.0,0.0,8.0,1.7857142857142858,0.5,2.6368469186651446,6.952961672473867,8.0,0.0,0.0,0.0,0.0,0.0,0.0,0.0,0.0,0.0,0.0,0.0,0.0,0.0,0.0,0.0,0.0,0.0,0.0,1.0,0.21428571428571427,0.0,0.4152997322366327,0.17247386759581881,1.0,0.0,0.0,0.0,0.0,0.0,0.0,0.0,0.0,0.0,0.0,2.0,0.16666666666666666,0.0,0.5372316876161176,0.2886178861788618,2.0,0.0,7.0,35.0,1.0,1.0,1.0,,,,,,
55,38,Mesos Q3 Sprint 6,-5,14,1,5,0,0,0,0,1,5,0,0,0,0,2,1,2.0,4.0,15.0,2.0,19.0,5.0,,,0.0,35.0,4.541666666666667,3.0,7.168646507788146,51.38949275362317,35.0,0.0,0.0,1.0,0.4583333333333333,0.0,0.5089773777040516,0.2590579710144928,1.0,0.0,0.0,1.0,0.5,0.5,0.5107539184552492,0.2608695652173913,1.0,0.0,0.0,3.0,1.125,1.0,0.8998792189486611,0.8097826086956522,3.0,2.0,0.0,0.0,0.0,0.0,0.0,0.0,0.0,0.0,0.0,0.0,0.0,0.0,0.0,0.0,0.0,0.0,0.0,1.0,0.125,0.0,0.3378319623460881,0.11413043478260869,1.0,0.0,0.0,0.0,0.0,0.0,0.0,0.0,0.0,0.0,0.0,2.0,0.2916666666666667,0.0,0.6240935455708451,0.3894927536231884,2.0,0.0,5.0,19.0,,1.0,,,,,,,
55,43,Twitter Q4 Sprint 1,-3,14,1,3,0,0,0,0,1,3,0,0,0,0,2,1,2.0,4.0,17.0,2.0,21.0,4.0,,1.0,0.0,12.0,2.814814814814815,2.0,3.0386869258971436,9.233618233618232,12.0,2.0,0.0,7.0,0.6666666666666666,0.0,1.3867504905630728,1.9230769230769231,7.0,0.0,0.0,1.0,0.5925925925925926,1.0,0.5007117441325405,0.2507122507122507,1.0,1.0,0.0,5.0,1.1851851851851851,1.0,1.001423488265081,1.0028490028490027,5.0,1.0,0.0,0.0,0.0,0.0,0.0,0.0,0.0,0.0,0.0,0.0,0.0,0.0,0.0,0.0,0.0,0.0,0.0,9.0,0.5555555555555556,0.0,1.7394369852458083,3.0256410256410264,9.0,0.0,0.0,0.0,0.0,0.0,0.0,0.0,0.0,0.0,0.0,5.0,0.48148148148148145,0.0,1.08735283249559,1.1823361823361822,5.0,0.0,7.0,20.0,1.0,2.0,,,,,,,
55,45,Mesosphere Q4 Sprint 1 10/31,-4,12,6,9,1,1,3,6,4,4,0,0,0,0,2,5,9.0,13.0,13.0,6.0,30.0,9.0,,4.0,0.0,18.0,4.372093023255814,3.0,5.2735785979954715,27.81063122923588,18.0,3.0,0.0,7.0,0.3953488372093023,0.0,1.1368196004585385,1.292358803986711,7.0,0.0,0.0,1.0,0.18604651162790697,0.0,0.3937496154790789,0.15503875968992248,1.0,0.0,0.0,5.0,1.0,1.0,1.3627702877384937,1.8571428571428572,5.0,0.0,0.0,0.0,0.0,0.0,0.0,0.0,0.0,0.0,0.0,0.0,0.0,0.0,0.0,0.0,0.0,0.0,0.0,10.0,0.27906976744186046,0.0,1.5325916642414332,2.348837209302326,10.0,0.0,0.0,1.0,0.06976744186046512,0.0,0.2577696311132336,0.06644518272425251,1.0,0.0,0.0,5.0,0.4883720930232558,0.0,0.9849363775260239,0.9700996677740864,5.0,0.0,14.0,29.0,,2.0,,,,,,,
55,47,Mesosphere Q4 Sprint 2 - 11/14,-1,10,1,1,0,0,0,0,1,1,0,0,0,0,2,1,1.0,4.0,3.0,2.0,8.0,,,3.0,0.0,18.0,5.2727272727272725,2.0,7.01556710595671,49.21818181818181,18.0,0.0,0.0,0.0,0.0,0.0,0.0,0.0,0.0,0.0,0.0,1.0,0.09090909090909091,0.0,0.3015113445777636,0.09090909090909088,1.0,0.0,0.0,4.0,0.7272727272727273,0.0,1.6180796699117808,2.6181818181818173,4.0,0.0,0.0,0.0,0.0,0.0,0.0,0.0,0.0,0.0,0.0,0.0,0.0,0.0,0.0,0.0,0.0,0.0,0.0,0.0,0.0,0.0,0.0,0.0,0.0,0.0,0.0,0.0,0.0,0.0,0.0,0.0,0.0,0.0,0.0,2.0,0.45454545454545453,0.0,0.6875516509523286,0.47272727272727266,2.0,0.0,7.0,4.0,,,1.0,,,,,,
55,49,Twitter Mesos Q4 Sprint 2,0,14,0,0,1,2,1,2,0,0,0,0,0,0,2,2,3.0,8.0,16.0,2.0,25.0,9.0,,,0.0,12.0,2.8529411764705883,2.5,2.903836051607727,8.432263814616753,12.0,4.0,0.0,7.0,0.6176470588235294,0.0,1.2556467820827337,1.5766488413547242,7.0,0.0,0.0,1.0,0.5294117647058824,1.0,0.5066403971048989,0.25668449197860965,1.0,1.0,0.0,5.0,1.0294117647058822,1.0,1.1142409868727206,1.2415329768270944,5.0,1.0,0.0,0.0,0.0,0.0,0.0,0.0,0.0,0.0,0.0,0.0,0.0,0.0,0.0,0.0,0.0,0.0,0.0,10.0,0.5882352941176471,0.0,1.7253483979979676,2.976827094474153,10.0,0.0,0.0,0.0,0.0,0.0,0.0,0.0,0.0,0.0,0.0,5.0,0.6764705882352942,0.0,1.0651671724050364,1.1345811051693404,5.0,0.0,10.0,24.0,,4.0,1.0,,,,,,
55,51,Twitter Mesos Q4 Sprint 3,1,14,0,0,0,0,0,0,0,0,0,0,0,0,2,4,8.0,7.0,15.0,,26.0,11.0,,1.0,0.0,7.0,2.3684210526315788,2.0,2.032453618121476,4.130867709815079,7.0,0.0,0.0,1.0,0.2894736842105263,0.0,0.45960586739381004,0.2112375533428165,1.0,0.0,0.0,1.0,0.47368421052631576,0.0,0.506009406240056,0.256045519203414,1.0,0.0,0.0,5.0,1.236842105263158,1.0,1.4599927901768632,2.131578947368422,5.0,1.0,0.0,0.0,0.0,0.0,0.0,0.0,0.0,0.0,0.0,0.0,0.0,0.0,0.0,0.0,0.0,0.0,0.0,10.0,0.42105263157894735,0.0,1.6379218696900972,2.682788051209104,10.0,0.0,0.0,1.0,0.02631578947368421,0.0,0.16222142113076257,0.02631578947368422,1.0,0.0,0.0,2.0,0.21052631578947367,0.0,0.5280200004832999,0.278805120910384,2.0,0.0,8.0,30.0,,6.0,2.0,,,,,,
55,55,Mesosphere Q4 Sprint 3 - 12/7,-7,18,5,21,0,0,0,0,3,15,2,6,0,0,2,2,14.0,15.0,2.0,2.0,24.0,4.0,,6.0,0.0,16.0,2.6470588235294117,1.0,4.965836942740819,24.659536541889484,16.0,0.0,0.0,0.0,0.0,0.0,0.0,0.0,0.0,0.0,0.0,1.0,0.2647058823529412,0.0,0.4478110755198991,0.20053475935828882,1.0,0.0,0.0,4.0,0.7941176470588235,0.0,1.1488970142602486,1.319964349376114,4.0,0.0,0.0,0.0,0.0,0.0,0.0,0.0,0.0,0.0,0.0,0.0,0.0,0.0,0.0,0.0,0.0,0.0,0.0,0.0,0.0,0.0,0.0,0.0,0.0,0.0,0.0,0.0,0.0,0.0,0.0,0.0,0.0,0.0,0.0,4.0,0.6764705882352942,0.0,0.9760957552162384,0.9527629233511588,4.0,0.0,17.0,17.0,,,1.0,,,,,,
55,56,Twitter Mesos Q4 Sprint 4,0,14,1,3,0,0,1,3,0,0,0,0,0,0,2,1,8.0,6.0,5.0,,19.0,2.0,,,0.0,7.0,2.0476190476190474,2.0,2.011869540407391,4.0476190476190474,7.0,2.0,0.0,1.0,0.09523809523809523,0.0,0.30079260375911915,0.09047619047619046,1.0,0.0,0.0,1.0,0.7142857142857143,1.0,0.4629100498862757,0.21428571428571427,1.0,1.0,0.0,5.0,0.9523809523809523,1.0,1.1608699529314415,1.3476190476190473,5.0,1.0,0.0,0.0,0.0,0.0,0.0,0.0,0.0,0.0,0.0,0.0,0.0,0.0,0.0,0.0,0.0,0.0,0.0,1.0,0.3333333333333333,0.0,0.4830458915396479,0.23333333333333325,1.0,0.0,0.0,0.0,0.0,0.0,0.0,0.0,0.0,0.0,0.0,4.0,0.47619047619047616,0.0,1.0779168622415933,1.1619047619047622,4.0,0.0,4.0,17.0,,2.0,,,,,,,
55,69,Mesosphere Q1 Sprint 1 - 1/23,-1,8,3,15,0,0,0,0,3,15,0,0,0,0,2,2,11.0,9.0,,2.0,15.0,1.0,,6.0,0.0,13.0,3.0454545454545454,1.0,4.785665826465259,22.902597402597408,13.0,0.0,0.0,0.0,0.0,0.0,0.0,0.0,0.0,0.0,0.0,1.0,0.3181818181818182,0.0,0.4767312946227962,0.22727272727272727,1.0,0.0,0.0,4.0,1.0,0.5,1.2724180205607036,1.619047619047619,4.0,0.0,0.0,0.0,0.0,0.0,0.0,0.0,0.0,0.0,0.0,0.0,0.0,0.0,0.0,0.0,0.0,0.0,0.0,0.0,0.0,0.0,0.0,0.0,0.0,0.0,0.0,0.0,0.0,0.0,0.0,0.0,0.0,0.0,0.0,7.0,1.0,0.0,1.6035674514745464,2.5714285714285716,7.0,0.0,9.0,13.0,,,,,,,,,
55,74,Mesosphere Q1 Sprint 2 - 2/6,-1,14,2,14,1,1,0,0,3,15,0,0,0,0,2,3,17.0,5.0,3.0,3.0,19.0,1.0,2.0,6.0,0.0,13.0,1.5,1.0,2.44191788620399,5.962962962962963,13.0,1.0,0.0,1.0,0.07142857142857142,0.0,0.262265264156481,0.06878306878306877,1.0,0.0,0.0,1.0,0.2857142857142857,0.0,0.46004370622823615,0.21164021164021166,1.0,0.0,0.0,4.0,0.8571428571428571,0.0,1.268252974948456,1.6084656084656086,4.0,0.0,0.0,0.0,0.0,0.0,0.0,0.0,0.0,0.0,0.0,0.0,0.0,0.0,0.0,0.0,0.0,0.0,0.0,0.0,0.0,0.0,0.0,0.0,0.0,0.0,0.0,0.0,0.0,0.0,0.0,0.0,0.0,0.0,0.0,9.0,0.9642857142857143,0.0,2.027261295390498,4.10978835978836,9.0,0.0,13.0,15.0,,,,,,,,,
55,75,Mesosphere Q1 Sprint 3 - 2/20,-13,14,3,15,0,0,1,1,2,14,0,0,0,0,2,3,16.0,8.0,5.0,3.0,23.0,1.0,2.0,6.0,0.0,13.0,2.0625,1.0,2.9723185258909983,8.834677419354838,13.0,1.0,0.0,1.0,0.0625,0.0,0.24593468841898236,0.06048387096774194,1.0,0.0,0.0,1.0,0.40625,0.0,0.49899091723584604,0.24899193548387097,1.0,0.0,0.0,4.0,0.875,0.0,1.237844119635477,1.532258064516129,4.0,0.0,0.0,0.0,0.0,0.0,0.0,0.0,0.0,0.0,0.0,0.0,0.0,0.0,0.0,0.0,0.0,0.0,0.0,0.0,0.0,0.0,0.0,0.0,0.0,0.0,0.0,0.0,0.0,0.0,0.0,0.0,0.0,0.0,0.0,4.0,0.5625,0.0,1.189673308368798,1.4153225806451613,4.0,0.0,11.0,21.0,,,,,,,,,
55,80,Twitter Mesos Q1 Sprint 2,-11,14,4,14,0,0,1,3,2,3,1,8,0,0,2,3,7.0,7.0,10.0,,21.0,6.0,,,0.0,9.0,2.259259259259259,1.0,2.7539145927289725,7.584045584045583,9.0,0.0,0.0,7.0,0.5925925925925926,0.0,1.3660515605557744,1.8660968660968664,7.0,0.0,0.0,1.0,0.7037037037037037,1.0,0.4653216269680752,0.21652421652421652,1.0,1.0,0.0,5.0,1.0740740740740742,1.0,1.4656562175858798,2.148148148148148,5.0,0.0,0.0,0.0,0.0,0.0,0.0,0.0,0.0,0.0,0.0,0.0,0.0,0.0,0.0,0.0,0.0,0.0,0.0,3.0,0.2962962962962963,0.0,0.6688000054526371,0.4472934472934474,3.0,0.0,0.0,0.0,0.0,0.0,0.0,0.0,0.0,0.0,0.0,1.0,0.1111111111111111,0.0,0.32025630761017426,0.10256410256410257,1.0,0.0,7.0,20.0,,3.0,,,,,,,
55,81,Mesosphere Q1 Sprint 4 - 3/6,2,14,1,1,0,0,0,0,1,1,0,0,0,0,2,3,16.0,4.0,11.0,1.0,20.0,4.0,2.0,6.0,0.0,16.0,4.363636363636363,4.0,4.400413203738527,19.363636363636367,16.0,1.0,0.0,1.0,0.09090909090909091,0.0,0.2919371040605711,0.08522727272727272,1.0,0.0,0.0,1.0,0.45454545454545453,0.0,0.5056498968474316,0.2556818181818181,1.0,0.0,0.0,4.0,0.8181818181818182,1.0,1.0141050689692321,1.028409090909091,4.0,0.0,0.0,0.0,0.0,0.0,0.0,0.0,0.0,0.0,0.0,0.0,0.0,0.0,0.0,0.0,0.0,0.0,0.0,1.0,0.06060606060606061,0.0,0.24230584229877994,0.058712121212121215,1.0,0.0,0.0,1.0,0.030303030303030304,0.0,0.17407765595569785,0.030303030303030307,1.0,0.0,0.0,4.0,0.45454545454545453,0.0,0.7941547822570976,0.6306818181818181,4.0,0.0,11.0,22.0,1.0,,1.0,,,,,,
55,87,Twitter Mesos Q1 Sprint 3,-2,13,1,2,0,0,0,0,0,0,1,5,0,0,2,1,6.0,13.0,12.0,,29.0,3.0,,,0.0,6.0,1.5,0.0,2.079081683138325,4.32258064516129,6.0,0.0,0.0,7.0,0.84375,0.0,1.4167061980569235,2.007056451612903,7.0,0.0,0.0,1.0,0.71875,1.0,0.45680340939917435,0.2086693548387097,1.0,1.0,0.0,5.0,1.03125,0.0,1.3316101095557091,1.7731854838709677,5.0,0.0,0.0,0.0,0.0,0.0,0.0,0.0,0.0,0.0,0.0,0.0,0.0,0.0,0.0,0.0,0.0,0.0,0.0,1.0,0.09375,0.0,0.29614458108029906,0.08770161290322581,1.0,0.0,0.0,0.0,0.0,0.0,0.0,0.0,0.0,0.0,0.0,3.0,0.125,0.0,0.5535807194106618,0.3064516129032258,3.0,0.0,9.0,23.0,,,1.0,,,,,,
55,95,Mesosphere Q1 Sprint 5 - 3/20,-5,11,3,4,3,4,0,0,5,7,1,1,0,0,2,4,16.0,4.0,10.0,5.0,23.0,3.0,4.0,10.0,0.0,16.0,4.2926829268292686,4.0,3.995271595517784,15.96219512195122,16.0,1.0,0.0,1.0,0.0975609756097561,0.0,0.30040622902833486,0.09024390243902439,1.0,0.0,0.0,1.0,0.4146341463414634,0.0,0.49877899695644573,0.2487804878048781,1.0,0.0,0.0,4.0,0.6829268292682927,0.0,0.9066152544007823,0.8219512195121952,4.0,0.0,0.0,0.0,0.0,0.0,0.0,0.0,0.0,0.0,0.0,0.0,0.0,0.0,0.0,0.0,0.0,0.0,0.0,1.0,0.024390243902439025,0.0,0.15617376188860607,0.024390243902439025,1.0,0.0,0.0,0.0,0.0,0.0,0.0,0.0,0.0,0.0,0.0,6.0,0.9512195121951219,0.0,1.6725910963561166,2.7975609756097564,6.0,0.0,18.0,23.0,1.0,,6.0,,,,,,
55,102,Mesosphere Q1 Sprint 6 - 4/3,-1,14,3,4,0,0,1,1,1,2,1,1,0,0,2,2,14.0,3.0,11.0,5.0,28.0,1.0,2.0,8.0,0.0,10.0,3.230769230769231,2.0,2.8696372268572876,8.234817813765183,10.0,1.0,0.0,1.0,0.1794871794871795,0.0,0.38877641198447155,0.15114709851551955,1.0,0.0,0.0,1.0,0.3333333333333333,0.0,0.47756693294091923,0.22807017543859642,1.0,0.0,0.0,4.0,1.0769230769230769,1.0,1.3838279362279908,1.9149797570850204,4.0,0.0,0.0,0.0,0.0,0.0,0.0,0.0,0.0,0.0,0.0,0.0,0.0,0.0,0.0,0.0,0.0,0.0,0.0,1.0,0.02564102564102564,0.0,0.16012815380508716,0.02564102564102565,1.0,0.0,0.0,1.0,0.10256410256410256,0.0,0.30735474060472817,0.09446693657219973,1.0,0.0,0.0,5.0,0.6666666666666666,0.0,1.1994150621148918,1.4385964912280698,5.0,0.0,11.0,28.0,,4.0,2.0,,,,,,
55,106,Mesosphere Q1 Sprint 7 - 4/17,-3,14,3,5,1,1,1,1,2,4,1,1,0,0,2,3,9.0,3.0,9.0,10.0,27.0,1.0,5.0,8.0,0.0,10.0,3.4146341463414633,4.0,3.209171308578724,10.29878048780488,10.0,0.0,0.0,1.0,0.24390243902439024,0.0,0.43476935292624114,0.1890243902439024,1.0,0.0,0.0,1.0,0.2926829268292683,0.0,0.4606464174952623,0.21219512195121948,1.0,0.0,0.0,8.0,1.7073170731707317,0.0,2.6855530383798456,7.21219512195122,8.0,0.0,0.0,0.0,0.0,0.0,0.0,0.0,0.0,0.0,0.0,0.0,0.0,0.0,0.0,0.0,0.0,0.0,0.0,0.0,0.0,0.0,0.0,0.0,0.0,0.0,0.0,1.0,0.12195121951219512,0.0,0.33129457822453967,0.10975609756097562,1.0,0.0,0.0,5.0,0.6341463414634146,0.0,1.1780513053550685,1.3878048780487808,5.0,0.0,10.0,31.0,,2.0,8.0,,,,,,
55,108,Mesosphere Q2 Sprint 8 - 5/1,-2,14,1,2,0,0,0,0,0,0,1,2,0,0,2,2,13.0,3.0,8.0,8.0,22.0,1.0,3.0,8.0,0.0,12.0,4.235294117647059,4.5,3.5849755802339076,12.852049910873442,12.0,1.0,0.0,1.0,0.23529411764705882,0.0,0.4305615452020461,0.1853832442067736,1.0,0.0,0.0,1.0,0.4411764705882353,0.0,0.5039947372613783,0.25401069518716574,1.0,0.0,0.0,8.0,1.3823529411764706,0.0,2.3614929263825295,5.576648841354723,8.0,0.0,0.0,0.0,0.0,0.0,0.0,0.0,0.0,0.0,0.0,0.0,0.0,0.0,0.0,0.0,0.0,0.0,0.0,2.0,0.058823529411764705,0.0,0.34299717028501764,0.1176470588235294,2.0,0.0,0.0,1.0,0.029411764705882353,0.0,0.17149858514250882,0.02941176470588235,1.0,0.0,0.0,8.0,1.4705882352941178,0.0,2.415044941142128,5.832442067736186,8.0,0.0,8.0,26.0,,,2.0,,,,,,
55,115,Mesosphere Q1 Sprint 9 - 5/15,8,14,0,0,0,0,0,0,0,0,0,0,0,0,2,1,9.0,4.0,3.0,8.0,23.0,1.0,2.0,4.0,0.0,12.0,3.933333333333333,1.5,4.03376553208241,16.27126436781609,12.0,0.0,0.0,1.0,0.23333333333333334,0.0,0.4301830671520762,0.18505747126436772,1.0,0.0,0.0,1.0,0.43333333333333335,0.0,0.5040069329937308,0.25402298850574706,1.0,0.0,0.0,8.0,1.8333333333333333,1.0,2.4080802674978763,5.7988505747126435,8.0,0.0,0.0,0.0,0.0,0.0,0.0,0.0,0.0,0.0,0.0,0.0,0.0,0.0,0.0,0.0,0.0,0.0,0.0,2.0,0.13333333333333333,0.0,0.507416263404925,0.25747126436781614,2.0,0.0,0.0,1.0,0.03333333333333333,0.0,0.18257418583505536,0.033333333333333326,1.0,0.0,0.0,5.0,0.6,0.0,1.2757688689165259,1.6275862068965519,5.0,0.0,9.0,21.0,,4.0,2.0,,,,,,
55,118,Twitter Q2 Sprint 2,0,14,0,0,1,1,1,1,0,0,0,0,0,0,2,1,10.0,6.0,4.0,4.0,17.0,6.0,,1.0,0.0,5.0,0.6666666666666666,0.0,1.0901402648748688,1.188405797101449,5.0,0.0,0.0,2.0,0.375,0.0,0.6468989572333266,0.41847826086956524,2.0,0.0,0.0,1.0,0.5833333333333334,1.0,0.5036101551853349,0.2536231884057971,1.0,1.0,0.0,4.0,0.7083333333333334,0.0,1.0417028979206266,1.0851449275362317,4.0,0.0,0.0,0.0,0.0,0.0,0.0,0.0,0.0,0.0,0.0,0.0,0.0,0.0,0.0,0.0,0.0,0.0,0.0,1.0,0.08333333333333333,0.0,0.28232985128663995,0.07971014492753623,1.0,0.0,0.0,0.0,0.0,0.0,0.0,0.0,0.0,0.0,0.0,1.0,0.041666666666666664,0.0,0.20412414523193154,0.04166666666666668,1.0,0.0,17.0,7.0,,,,,,,,,
55,130,Mesosphere Sprint 10,8,10,1,2,0,0,0,0,0,0,0,0,1,3,2,3,11.0,10.0,4.0,3.0,25.0,6.0,2.0,6.0,0.0,10.0,2.4615384615384617,1.0,2.9986501686605753,8.991902834008096,10.0,0.0,0.0,1.0,0.20512820512820512,0.0,0.4090738692453055,0.16734143049932526,1.0,0.0,0.0,1.0,0.2564102564102564,0.0,0.44235903005475674,0.1956815114709852,1.0,0.0,0.0,4.0,0.9743589743589743,0.0,1.2667234876096987,1.6045883940620784,4.0,0.0,0.0,0.0,0.0,0.0,0.0,0.0,0.0,0.0,0.0,0.0,0.0,0.0,0.0,0.0,0.0,0.0,0.0,2.0,0.15384615384615385,0.0,0.488739600156498,0.2388663967611335,2.0,0.0,0.0,1.0,0.07692307692307693,0.0,0.2699527623995085,0.0728744939271255,1.0,0.0,0.0,5.0,0.9487179487179487,0.0,1.503482237808684,2.2604588394062084,5.0,0.0,18.0,21.0,,5.0,6.0,,,,,,
55,132,Twitter Q2 Sprint 3,9,13,0,0,0,0,0,0,0,0,0,0,0,0,2,3,9.0,29.0,6.0,,44.0,,,,0.0,14.0,1.1818181818181819,1.0,2.1703362430816626,4.710359408033826,14.0,0.0,0.0,2.0,0.4318181818181818,0.0,0.586583615750035,0.34408033826638473,2.0,0.0,0.0,1.0,0.4772727272727273,0.0,0.5052577681363806,0.25528541226215645,1.0,0.0,0.0,3.0,0.38636363636363635,0.0,0.8412589981110147,0.7077167019027483,3.0,0.0,0.0,0.0,0.0,0.0,0.0,0.0,0.0,0.0,0.0,0.0,0.0,0.0,0.0,0.0,0.0,0.0,0.0,1.0,0.09090909090909091,0.0,0.29080336345115265,0.08456659619450319,1.0,0.0,0.0,0.0,0.0,0.0,0.0,0.0,0.0,0.0,0.0,4.0,0.5227272727272727,0.0,1.2480428653125284,1.5576109936575058,4.0,0.0,18.0,26.0,,,,,,,,,
55,134,Mesosphere Sprint 11,-3,13,0,0,4,18,0,0,4,18,0,0,0,0,2,4,12.0,12.0,4.0,3.0,27.0,6.0,2.0,8.0,0.0,26.0,3.3488372093023258,1.0,4.623355413808464,21.37541528239203,26.0,1.0,0.0,1.0,0.18604651162790697,0.0,0.3937496154790789,0.15503875968992248,1.0,0.0,0.0,1.0,0.3023255813953488,0.0,0.4647008111181006,0.21594684385382057,1.0,0.0,0.0,5.0,1.1627906976744187,0.0,1.4130384781964669,1.996677740863787,5.0,0.0,0.0,0.0,0.0,0.0,0.0,0.0,0.0,0.0,0.0,0.0,0.0,0.0,0.0,0.0,0.0,0.0,0.0,2.0,0.13953488372093023,0.0,0.46707781287271866,0.2181616832779624,2.0,0.0,0.0,1.0,0.06976744186046512,0.0,0.2577696311132336,0.06644518272425251,1.0,0.0,0.0,5.0,1.0930232558139534,1.0,1.4770297332077047,2.1816168327796235,5.0,0.0,19.0,24.0,,5.0,7.0,,,,,,
55,141,Twitter Mesos Q2 Sprint 5,1,14,1,5,1,3,1,3,1,5,0,0,0,0,2,2,7.0,26.0,10.0,,30.0,9.0,,3.0,0.0,12.0,1.8604651162790697,1.0,2.3358632069051475,5.456256921373201,12.0,0.0,0.0,2.0,0.37209302325581395,0.0,0.5783085275572238,0.33444075304540427,2.0,0.0,0.0,1.0,0.5116279069767442,1.0,0.5057805388588732,0.2558139534883721,1.0,1.0,0.0,4.0,0.5813953488372093,0.0,1.028928201936246,1.0586932447397561,4.0,0.0,0.0,0.0,0.0,0.0,0.0,0.0,0.0,0.0,0.0,0.0,0.0,0.0,0.0,0.0,0.0,0.0,0.0,1.0,0.16279069767441862,0.0,0.3735436838188142,0.13953488372093023,1.0,0.0,0.0,0.0,0.0,0.0,0.0,0.0,0.0,0.0,0.0,2.0,0.2558139534883721,0.0,0.49246818876301196,0.24252491694352157,2.0,0.0,24.0,19.0,1.0,,,,,,,,
55,142,Mesosphere Sprint 12,1,14,0,0,8,25,8,25,0,0,0,0,0,0,2,4,10.0,26.0,28.0,4.0,66.0,6.0,1.0,13.0,0.0,32.0,3.7790697674418605,2.0,5.2140109045457805,27.185909712722307,32.0,0.0,0.0,1.0,0.1511627906976744,0.0,0.3603084254117694,0.12982216142270858,1.0,0.0,0.0,1.0,0.3488372093023256,0.0,0.47939770694352374,0.22982216142270864,1.0,0.0,0.0,5.0,0.8837209302325582,1.0,1.0999315984204794,1.2098495212038307,5.0,0.0,0.0,0.0,0.0,0.0,0.0,0.0,0.0,0.0,0.0,0.0,0.0,0.0,0.0,0.0,0.0,0.0,0.0,2.0,0.06976744186046512,0.0,0.2986517812719495,0.08919288645690837,2.0,0.0,0.0,1.0,0.023255813953488372,0.0,0.15159886590034527,0.022982216142270865,1.0,0.0,0.0,5.0,0.813953488372093,0.0,1.4512601251162365,2.1061559507523944,5.0,0.0,48.0,38.0,,8.0,8.0,2.0,,,,,
55,143,Mesosphere Sprint 13,-15,14,3,24,3,14,4,22,2,16,0,0,0,0,2,12,41.0,52.0,47.0,4.0,136.0,16.0,,16.0,0.0,14.0,1.971264367816092,0.0,3.3408111591920253,11.161019201381963,14.0,0.0,0.0,2.0,0.11494252873563218,0.0,0.3374603331456124,0.11387947644674773,2.0,0.0,0.0,1.0,0.40804597701149425,0.0,0.49289011797166987,0.24294066839412665,1.0,0.0,0.0,5.0,0.6379310344827587,0.0,1.0148881745182363,1.0299980067769583,5.0,0.0,0.0,0.0,0.0,0.0,0.0,0.0,0.0,0.0,0.0,0.0,0.0,0.0,0.0,0.0,0.0,0.0,0.0,3.0,0.05172413793103448,0.0,0.344523485601135,0.11869643213075548,3.0,0.0,0.0,1.0,0.09770114942528736,0.0,0.2977670313680973,0.08866520496976944,1.0,0.0,0.0,6.0,0.41379310344827586,0.0,1.1384171562684158,1.2959936216862666,6.0,0.0,105.0,69.0,6.0,12.0,16.0,2.0,,,,,
55,150,Twitter Mesos Q2 Sprint 6,1,14,2,11,4,14,1,8,5,17,0,0,0,0,2,7,25.0,27.0,16.0,,63.0,3.0,,6.0,0.0,9.0,1.6527777777777777,1.0,2.0360118584993363,4.145344287949922,9.0,0.0,0.0,2.0,0.19444444444444445,0.0,0.46387494942181934,0.21517996870109546,2.0,0.0,0.0,1.0,0.5138888888888888,1.0,0.503314522547481,0.2533255086071987,1.0,1.0,0.0,4.0,0.9722222222222222,0.0,1.209961263752236,1.4640062597809076,4.0,0.0,0.0,0.0,0.0,0.0,0.0,0.0,0.0,0.0,0.0,0.0,0.0,0.0,0.0,0.0,0.0,0.0,0.0,7.0,0.5138888888888888,0.0,1.6184939578836215,2.61952269170579,7.0,0.0,0.0,1.0,0.013888888888888888,0.0,0.11785113019775795,0.013888888888888895,1.0,0.0,0.0,3.0,0.4583333333333333,0.0,0.8381317251675863,0.7024647887323944,3.0,0.0,46.0,26.0,,4.0,,,,,,,
55,154,Mesosphere Sprint 14,-1,14,0,0,16,73,12,66,4,7,0,0,0,0,2,14,56.0,63.0,48.0,4.0,141.0,17.0,,18.0,0.0,13.0,2.4739583333333335,1.0,3.3251932130349906,11.056909904013963,13.0,0.0,0.0,2.0,0.15625,0.0,0.4176254239918804,0.1744109947643979,2.0,0.0,0.0,1.0,0.15104166666666666,0.0,0.35902567151914516,0.12889943280977312,1.0,0.0,0.0,6.0,0.8020833333333334,0.0,1.4334799429869602,2.0548647469458987,6.0,0.0,0.0,0.0,0.0,0.0,0.0,0.0,0.0,0.0,0.0,0.0,0.0,0.0,0.0,0.0,0.0,0.0,0.0,3.0,0.3385416666666667,0.0,0.748453175103735,0.5601821553228622,3.0,0.0,0.0,1.0,0.0625,0.0,0.24269430063396508,0.058900523560209424,1.0,0.0,0.0,4.0,0.5104166666666666,0.0,0.9036840441536746,0.8166448516579407,4.0,0.0,104.0,88.0,16.0,9.0,8.0,4.0,,,,,
55,155,Twitter Mesos Q3 Sprint 1,-19,14,5,20,1,8,0,0,6,28,0,0,0,0,2,3,29.0,14.0,14.0,,53.0,,,,0.0,7.0,2.0350877192982457,2.0,2.0525673147192114,4.213032581453634,7.0,0.0,0.0,2.0,0.24561403508771928,0.0,0.5099265267238424,0.2600250626566416,2.0,0.0,0.0,1.0,0.49122807017543857,0.0,0.5043668951391246,0.25438596491228066,1.0,0.0,0.0,4.0,1.1228070175438596,1.0,1.2687194815273461,1.6096491228070178,4.0,0.0,0.0,0.0,0.0,0.0,0.0,0.0,0.0,0.0,0.0,0.0,0.0,0.0,0.0,0.0,0.0,0.0,0.0,7.0,0.7017543859649122,0.0,1.7924933978828579,3.2130325814536334,7.0,0.0,0.0,0.0,0.0,0.0,0.0,0.0,0.0,0.0,0.0,2.0,0.47368421052631576,0.0,0.7344887229975191,0.5394736842105263,2.0,0.0,27.0,30.0,4.0,,,,,,,,
60,7,Q2 Sprint 1,-12,4,12,14,2,2,2,4,0,0,4,4,8,8,1,6,26.0,,12.0,,43.0,3.0,3.0,3.0,0.0,11.0,1.6181818181818182,1.0,2.556697153888261,6.536700336700335,11.0,1.0,0.0,1.0,0.05454545454545454,0.0,0.22918388365077622,0.052525252525252523,1.0,0.0,1.0,1.0,1.0,1.0,0.0,0.0,0.0,1.0,0.0,2.0,0.23636363636363636,0.0,0.5430925289022994,0.29494949494949496,2.0,0.0,0.0,0.0,0.0,0.0,0.0,0.0,0.0,0.0,0.0,0.0,0.0,0.0,0.0,0.0,0.0,0.0,0.0,0.0,0.0,0.0,0.0,0.0,0.0,0.0,0.0,1.0,0.05454545454545454,0.0,0.22918388365077622,0.052525252525252523,1.0,0.0,0.0,1.0,0.18181818181818182,0.0,0.38924947208076155,0.15151515151515157,1.0,0.0,41.0,14.0,3.0,17.0,,,,,,,
60,11,Q2 Sprint 2,1,4,1,1,3,3,3,3,1,1,0,0,0,0,1,4,36.0,,5.0,,47.0,3.0,,,0.0,11.0,1.830188679245283,1.0,2.8805438125505436,8.29753265602322,11.0,1.0,0.0,0.0,0.0,0.0,0.0,0.0,0.0,0.0,0.0,1.0,0.8867924528301887,1.0,0.31987842392976584,0.10232220609579099,1.0,1.0,0.0,3.0,0.4716981132075472,0.0,0.8683267194594099,0.7539912917271407,3.0,0.0,0.0,0.0,0.0,0.0,0.0,0.0,0.0,0.0,0.0,0.0,0.0,0.0,0.0,0.0,0.0,0.0,0.0,2.0,0.22641509433962265,0.0,0.6397568478595317,0.40928882438316394,2.0,0.0,0.0,0.0,0.0,0.0,0.0,0.0,0.0,0.0,0.0,1.0,0.3018867924528302,0.0,0.46346959324282283,0.21480406386066767,1.0,0.0,34.0,19.0,3.0,12.0,,,,,,,
60,26,Aurora Q3 Sprint 2,-8,11,8,8,2,2,1,1,4,4,0,0,5,5,1,7,35.0,,23.0,2.0,101.0,1.0,,9.0,0.0,8.0,2.017391304347826,1.0,2.060414745745411,4.245308924485126,8.0,1.0,0.0,1.0,0.02608695652173913,0.0,0.16009150701348573,0.025629290617848955,1.0,0.0,1.0,1.0,1.0,1.0,0.0,0.0,0.0,1.0,0.0,4.0,0.48695652173913045,0.0,0.8621191494901502,0.74324942791762,4.0,0.0,0.0,0.0,0.0,0.0,0.0,0.0,0.0,0.0,0.0,0.0,0.0,0.0,0.0,0.0,0.0,0.0,0.0,1.0,0.2608695652173913,0.0,0.4410306215596805,0.1945080091533181,1.0,0.0,0.0,1.0,0.02608695652173913,0.0,0.16009150701348573,0.025629290617848955,1.0,0.0,0.0,1.0,0.02608695652173913,0.0,0.16009150701348573,0.025629290617848955,1.0,0.0,80.0,35.0,4.0,13.0,,,42.0,,,,
60,42,Aurora Q4 Sprint 1,-1,11,10,10,5,5,4,4,11,11,0,0,0,0,1,9,49.0,,41.0,2.0,77.0,9.0,,23.0,0.0,13.0,1.6557377049180328,1.0,2.5120223054073603,6.31025606286411,13.0,0.0,0.0,1.0,0.03278688524590164,0.0,0.17881271561216866,0.031973987264598304,1.0,0.0,0.0,1.0,0.9508196721311475,1.0,0.21713609307435303,0.0471480829155941,1.0,1.0,0.0,6.0,0.6147540983606558,0.0,1.181445544828998,1.3958135753962877,6.0,0.0,0.0,0.0,0.0,0.0,0.0,0.0,0.0,0.0,0.0,0.0,0.0,0.0,0.0,0.0,0.0,0.0,0.0,1.0,0.03278688524590164,0.0,0.17881271561216866,0.031973987264598304,1.0,0.0,0.0,1.0,0.1721311475409836,0.0,0.379051075971783,0.14367971819536643,1.0,0.0,0.0,3.0,0.18032786885245902,0.0,0.6032473204500219,0.3639073296301314,3.0,0.0,57.0,65.0,13.0,30.0,,,,,,,
60,46,Twitter Aurora Q4 Sprint 2,-13,11,13,13,7,7,3,3,17,17,0,0,0,0,1,8,40.0,,25.0,,56.0,6.0,,9.0,0.0,28.0,2.282051282051282,1.0,3.6534894755542067,13.347985347985352,28.0,1.0,0.0,1.0,0.038461538461538464,0.0,0.19355241528469094,0.037462537462537464,1.0,0.0,1.0,1.0,1.0,1.0,0.0,0.0,0.0,1.0,0.0,2.0,0.4230769230769231,0.0,0.712034414191482,0.5069930069930069,2.0,0.0,0.0,0.0,0.0,0.0,0.0,0.0,0.0,0.0,0.0,0.0,0.0,0.0,0.0,0.0,0.0,0.0,0.0,1.0,0.038461538461538464,0.0,0.19355241528469094,0.037462537462537464,1.0,0.0,0.0,1.0,0.08974358974358974,0.0,0.2876640101760781,0.08275058275058277,1.0,0.0,0.0,3.0,0.3076923076923077,0.0,0.7780710799114726,0.6053946053946052,3.0,0.0,56.0,22.0,7.0,13.0,,,,,,,
60,52,Twitter Aurora Q4 Sprint 3,-13,10,16,16,3,3,3,3,2,2,7,7,7,7,1,7,19.0,,42.0,,57.0,4.0,,4.0,0.0,13.0,1.4074074074074074,1.0,2.483836638034886,6.169444444444444,13.0,1.0,0.0,0.0,0.0,0.0,0.0,0.0,0.0,0.0,0.0,1.0,0.9259259259259259,1.0,0.26352313834736496,0.06944444444444446,1.0,1.0,0.0,3.0,0.5308641975308642,0.0,0.7919346524980205,0.6271604938271605,3.0,0.0,0.0,0.0,0.0,0.0,0.0,0.0,0.0,0.0,0.0,0.0,0.0,0.0,0.0,0.0,0.0,0.0,0.0,2.0,0.024691358024691357,0.0,0.22222222222222224,0.04938271604938273,2.0,0.0,0.0,1.0,0.04938271604938271,0.0,0.21801574300387316,0.04753086419753087,1.0,0.0,0.0,3.0,0.16049382716049382,0.0,0.6011819633741682,0.3614197530864197,3.0,0.0,30.0,51.0,16.0,20.0,,,,,,,
60,53,Twitter Aurora Q4 Sprint 4,-6,9,4,4,2,2,0,0,0,0,4,4,2,2,1,4,11.0,,20.0,,22.0,6.0,,6.0,0.0,4.0,1.0,1.0,1.3026778945578592,1.696969696969697,4.0,0.0,0.0,0.0,0.0,0.0,0.0,0.0,0.0,0.0,1.0,1.0,1.0,1.0,0.0,0.0,0.0,1.0,0.0,2.0,0.20588235294117646,0.0,0.5918339122415548,0.3502673796791444,2.0,0.0,0.0,0.0,0.0,0.0,0.0,0.0,0.0,0.0,0.0,0.0,0.0,0.0,0.0,0.0,0.0,0.0,0.0,0.0,0.0,0.0,0.0,0.0,0.0,0.0,0.0,1.0,0.029411764705882353,0.0,0.17149858514250882,0.029411764705882346,1.0,0.0,0.0,0.0,0.0,0.0,0.0,0.0,0.0,0.0,11.0,23.0,,3.0,,,,,,,
60,59,Twitter Aurora Q4 Sprint 5,-6,12,4,4,14,14,9,9,9,9,0,0,0,0,1,8,46.0,,16.0,,58.0,15.0,,3.0,0.0,7.0,1.2151898734177216,1.0,1.6066439466098856,2.581304771178189,7.0,1.0,0.0,2.0,0.1518987341772152,0.0,0.45541211527798303,0.20740019474196691,2.0,0.0,0.0,1.0,0.9240506329113924,1.0,0.26660986087588917,0.07108081791626099,1.0,1.0,0.0,6.0,0.759493670886076,0.0,1.4070809015195134,1.9798766634209664,6.0,0.0,0.0,0.0,0.0,0.0,0.0,0.0,0.0,0.0,0.0,0.0,0.0,0.0,0.0,0.0,0.0,0.0,0.0,1.0,0.0759493670886076,0.0,0.26660986087588917,0.07108081791626097,1.0,0.0,0.0,1.0,0.0379746835443038,0.0,0.192356371638255,0.037000973709834475,1.0,0.0,0.0,2.0,0.20253164556962025,0.0,0.490414446273684,0.2405063291139241,2.0,0.0,49.0,30.0,3.0,17.0,,,,,,,
60,62,Twitter Aurora Q4 Sprint 6,-2,5,2,2,1,1,1,1,1,1,1,1,0,0,1,1,12.0,,7.0,,18.0,,,3.0,0.0,7.0,1.9047619047619047,1.0,2.3217399058628834,5.39047619047619,7.0,1.0,0.0,1.0,0.2857142857142857,0.0,0.4629100498862757,0.21428571428571427,1.0,0.0,0.0,1.0,0.8571428571428571,1.0,0.35856858280031806,0.12857142857142853,1.0,1.0,0.0,3.0,0.8571428571428571,1.0,0.9102589898327995,0.8285714285714286,3.0,0.0,0.0,0.0,0.0,0.0,0.0,0.0,0.0,0.0,0.0,0.0,0.0,0.0,0.0,0.0,0.0,0.0,0.0,1.0,0.047619047619047616,0.0,0.21821789023599242,0.04761904761904763,1.0,0.0,0.0,1.0,0.14285714285714285,0.0,0.35856858280031806,0.12857142857142856,1.0,0.0,0.0,0.0,0.0,0.0,0.0,0.0,0.0,0.0,11.0,10.0,,2.0,,,,,,,
60,73,Twitter Aurora Q1'15 Sprint 1,-26,11,10,32,4,4,2,2,6,24,5,9,1,1,1,4,13.0,,28.0,,29.0,3.0,,6.0,0.0,2.0,0.7446808510638298,1.0,0.674636298356477,0.4551341350601294,2.0,1.0,0.0,1.0,0.1276595744680851,0.0,0.33731814917823855,0.11378353376503238,1.0,0.0,0.0,1.0,0.9361702127659575,1.0,0.24709224814516545,0.06105457909343202,1.0,1.0,0.0,5.0,0.851063829787234,0.0,1.3018168475376404,1.6947271045328403,5.0,0.0,0.0,0.0,0.0,0.0,0.0,0.0,0.0,0.0,0.0,0.0,0.0,0.0,0.0,0.0,0.0,0.0,0.0,0.0,0.0,0.0,0.0,0.0,0.0,0.0,0.0,1.0,0.06382978723404255,0.0,0.24709224814516542,0.06105457909343201,1.0,0.0,0.0,2.0,0.44680851063829785,0.0,0.618852747755276,0.38297872340425526,2.0,0.0,28.0,19.0,9.0,6.0,,,,,,,
60,76,Twitter Aurora Q1'15 Sprint 2,-11,13,4,11,2,13,2,13,0,0,2,9,2,9,1,5,18.0,,11.0,,40.0,,,3.0,0.0,7.0,0.9069767441860465,0.0,1.3418883902274596,1.8006644518272428,7.0,0.0,0.0,1.0,0.046511627906976744,0.0,0.21308263231644636,0.04540420819490587,1.0,0.0,0.0,1.0,0.9534883720930233,1.0,0.21308263231644636,0.04540420819490588,1.0,1.0,0.0,17.0,1.3255813953488371,0.0,2.9172796381671526,8.510520487264673,17.0,0.0,0.0,0.0,0.0,0.0,0.0,0.0,0.0,0.0,0.0,0.0,0.0,0.0,0.0,0.0,0.0,0.0,0.0,0.0,0.0,0.0,0.0,0.0,0.0,0.0,0.0,1.0,0.023255813953488372,0.0,0.15249857033260467,0.023255813953488375,1.0,0.0,0.0,2.0,0.37209302325581395,0.0,0.6181098613227682,0.38205980066445183,2.0,0.0,27.0,16.0,,14.0,,,,,,,
60,85,Twitter Aurora Q1'15 Sprint 3,-20,12,9,26,1,3,1,3,6,19,2,4,1,3,1,5,15.0,,17.0,,42.0,,,9.0,0.0,8.0,0.7058823529411765,0.0,1.4872002911115747,2.2117647058823526,8.0,0.0,0.0,1.0,0.0196078431372549,0.0,0.14002800840280097,0.0196078431372549,1.0,0.0,0.0,1.0,0.8431372549019608,1.0,0.36729002271272454,0.1349019607843137,1.0,1.0,0.0,4.0,0.6666666666666666,0.0,0.9729679679550951,0.9466666666666669,4.0,0.0,0.0,0.0,0.0,0.0,0.0,0.0,0.0,0.0,0.0,0.0,0.0,0.0,0.0,0.0,0.0,0.0,0.0,0.0,0.0,0.0,0.0,0.0,0.0,0.0,0.0,0.0,0.0,0.0,0.0,0.0,0.0,0.0,0.0,2.0,0.47058823529411764,0.0,0.643519733231875,0.4141176470588235,2.0,0.0,26.0,25.0,,19.0,,,,,,,
60,92,Twitter Aurora Q1'15 Sprint 4,-18,14,8,24,3,3,3,3,8,24,0,0,0,0,1,4,22.0,,8.0,,36.0,1.0,,,0.0,4.0,1.55,1.0,1.218447940872069,1.484615384615385,4.0,1.0,0.0,1.0,0.025,0.0,0.15811388300841897,0.024999999999999998,1.0,0.0,0.0,1.0,0.875,1.0,0.3349320635285418,0.11217948717948718,1.0,1.0,0.0,2.0,0.625,0.0,0.7741827783921407,0.5993589743589743,2.0,0.0,0.0,0.0,0.0,0.0,0.0,0.0,0.0,0.0,0.0,0.0,0.0,0.0,0.0,0.0,0.0,0.0,0.0,0.0,0.0,0.0,0.0,0.0,0.0,0.0,0.0,1.0,0.025,0.0,0.15811388300841897,0.024999999999999998,1.0,0.0,0.0,1.0,0.225,0.0,0.42290206176626033,0.17884615384615385,1.0,0.0,20.0,20.0,3.0,10.0,,,,,,,
60,100,Twitter Aurora Q1'15 Sprint 5,-19,14,7,19,4,22,4,22,0,0,3,23,4,8,1,5,18.0,,6.0,,32.0,3.0,,,0.0,5.0,1.3333333333333333,1.0,1.414213562373095,1.9999999999999996,5.0,1.0,0.0,0.0,0.0,0.0,0.0,0.0,0.0,0.0,0.0,1.0,0.7777777777777778,1.0,0.42163702135578396,0.1777777777777778,1.0,1.0,0.0,2.0,0.8055555555555556,1.0,0.7099072150416941,0.5039682539682541,2.0,1.0,0.0,0.0,0.0,0.0,0.0,0.0,0.0,0.0,0.0,0.0,0.0,0.0,0.0,0.0,0.0,0.0,0.0,1.0,0.027777777777777776,0.0,0.16666666666666663,0.02777777777777777,1.0,0.0,0.0,0.0,0.0,0.0,0.0,0.0,0.0,0.0,0.0,2.0,0.4444444444444444,0.0,0.6522245206957689,0.4253968253968255,2.0,0.0,16.0,20.0,1.0,12.0,,,,,,,
60,105,Twitter Aurora Q1'15 Sprint 6,-1,13,1,1,0,0,0,0,1,1,0,0,0,0,1,1,4.0,,2.0,,8.0,,,,0.0,5.0,1.75,1.0,1.5811388300841898,2.5,5.0,1.0,0.0,0.0,0.0,0.0,0.0,0.0,0.0,0.0,0.0,1.0,0.625,1.0,0.5175491695067657,0.26785714285714285,1.0,1.0,0.0,2.0,0.625,0.5,0.7440238091428449,0.5535714285714286,2.0,0.0,0.0,0.0,0.0,0.0,0.0,0.0,0.0,0.0,0.0,0.0,0.0,0.0,0.0,0.0,0.0,0.0,0.0,1.0,0.125,0.0,0.3535533905932738,0.125,1.0,0.0,0.0,0.0,0.0,0.0,0.0,0.0,0.0,0.0,0.0,2.0,0.75,1.0,0.7071067811865476,0.5,2.0,1.0,3.0,5.0,,2.0,,,,,,,
60,112,Twitter Aurora Q2'15 Sprint 1,-5,14,5,8,0,0,0,0,5,8,0,0,0,0,1,4,10.0,,2.0,,15.0,,,,0.0,2.0,0.4666666666666667,0.0,0.6399404734221844,0.40952380952380957,2.0,0.0,0.0,0.0,0.0,0.0,0.0,0.0,0.0,0.0,0.0,1.0,0.8666666666666667,1.0,0.35186577527449836,0.12380952380952379,1.0,1.0,0.0,2.0,0.6,0.0,0.8280786712108251,0.6857142857142858,2.0,0.0,0.0,0.0,0.0,0.0,0.0,0.0,0.0,0.0,0.0,0.0,0.0,0.0,0.0,0.0,0.0,0.0,0.0,0.0,0.0,0.0,0.0,0.0,0.0,0.0,0.0,0.0,0.0,0.0,0.0,0.0,0.0,0.0,0.0,1.0,0.13333333333333333,0.0,0.35186577527449836,0.12380952380952379,1.0,0.0,12.0,3.0,,3.0,,,,,,,
60,117,Twitter Aurora Q2'15 Sprint 2,-11,14,4,9,11,22,8,15,7,16,0,0,0,0,1,5,19.0,,17.0,,45.0,9.0,6.0,6.0,0.0,4.0,0.9545454545454546,1.0,0.9834291368130532,0.967132867132867,4.0,1.0,0.0,0.0,0.0,0.0,0.0,0.0,0.0,0.0,0.0,1.0,0.9696969696969697,1.0,0.17273340683501223,0.029836829836829847,1.0,1.0,0.0,2.0,0.3939393939393939,0.0,0.6045669239225426,0.3655011655011655,2.0,0.0,0.0,0.0,0.0,0.0,0.0,0.0,0.0,0.0,0.0,0.0,0.0,0.0,0.0,0.0,0.0,0.0,0.0,0.0,0.0,0.0,0.0,0.0,0.0,0.0,0.0,1.0,0.045454545454545456,0.0,0.20989507868443238,0.04405594405594406,1.0,0.0,0.0,2.0,0.25757575757575757,0.0,0.535238438903809,0.28648018648018647,2.0,0.0,34.0,32.0,,30.0,,,,,,,
60,127,Twitter Aurora Q2'15 Sprint 3,-13,14,5,16,2,6,3,8,4,14,0,0,0,0,1,4,12.0,,17.0,,26.0,6.0,,,0.0,8.0,1.875,1.0,2.352075267612865,5.532258064516129,8.0,1.0,0.0,0.0,0.0,0.0,0.0,0.0,0.0,0.0,0.0,1.0,0.84375,1.0,0.36890203262847354,0.13608870967741934,1.0,1.0,0.0,4.0,0.8125,0.0,1.2296734420949118,1.5120967741935485,4.0,0.0,0.0,0.0,0.0,0.0,0.0,0.0,0.0,0.0,0.0,0.0,0.0,0.0,0.0,0.0,0.0,0.0,0.0,0.0,0.0,0.0,0.0,0.0,0.0,0.0,0.0,0.0,0.0,0.0,0.0,0.0,0.0,0.0,0.0,1.0,0.28125,0.0,0.45680340939917435,0.2086693548387097,1.0,0.0,10.0,22.0,,3.0,,,,,,,
60,131,Twitter Aurora Q2'15 Sprint 4,-7,13,3,7,0,0,0,0,2,2,1,5,0,0,1,3,7.0,,6.0,,10.0,3.0,,,0.0,1.0,0.5384615384615384,1.0,0.5188745216627708,0.2692307692307693,1.0,1.0,0.0,0.0,0.0,0.0,0.0,0.0,0.0,0.0,0.0,1.0,0.8461538461538461,1.0,0.37553380809940534,0.141025641025641,1.0,1.0,0.0,0.0,0.0,0.0,0.0,0.0,0.0,0.0,0.0,0.0,0.0,0.0,0.0,0.0,0.0,0.0,0.0,0.0,0.0,0.0,0.0,0.0,0.0,0.0,0.0,0.0,0.0,0.0,0.0,0.0,0.0,0.0,0.0,0.0,0.0,0.0,0.0,0.0,0.0,0.0,0.0,1.0,0.23076923076923078,0.0,0.4385290096535146,0.19230769230769232,1.0,0.0,6.0,7.0,,,,,,,,,
60,151,Twitter Aurora Q2'15 Sprint 6,-9,14,2,7,5,11,4,9,3,9,0,0,0,0,1,4,15.0,,7.0,,23.0,,,,0.0,4.0,1.6923076923076923,1.5,1.3789628209413267,1.9015384615384614,4.0,1.0,0.0,0.0,0.0,0.0,0.0,0.0,0.0,0.0,1.0,1.0,1.0,1.0,0.0,0.0,0.0,1.0,0.0,1.0,0.23076923076923078,0.0,0.4296689244236597,0.1846153846153846,1.0,0.0,0.0,0.0,0.0,0.0,0.0,0.0,0.0,0.0,0.0,0.0,0.0,0.0,0.0,0.0,0.0,0.0,0.0,0.0,0.0,0.0,0.0,0.0,0.0,0.0,0.0,0.0,0.0,0.0,0.0,0.0,0.0,0.0,0.0,2.0,0.5384615384615384,0.0,0.9046886417224097,0.8184615384615387,2.0,0.0,19.0,7.0,3.0,4.0,,,,,,,
62,36,Mesos Q3 Sprint 5,0,14,0,0,2,2,2,2,0,0,0,0,0,0,6,3,2.0,9.0,22.0,7.0,38.0,2.0,,1.0,0.0,11.0,2.261904761904762,2.0,2.43009107336635,5.905342624854819,11.0,0.0,0.0,1.0,0.30952380952380953,0.0,0.4679011380933327,0.218931475029036,1.0,0.0,0.0,1.0,0.38095238095238093,0.0,0.49150743499231975,0.2415795586527294,1.0,0.0,0.0,8.0,1.7857142857142858,0.5,2.6368469186651446,6.952961672473867,8.0,0.0,0.0,0.0,0.0,0.0,0.0,0.0,0.0,0.0,0.0,0.0,0.0,0.0,0.0,0.0,0.0,0.0,0.0,1.0,0.21428571428571427,0.0,0.4152997322366327,0.17247386759581881,1.0,0.0,0.0,0.0,0.0,0.0,0.0,0.0,0.0,0.0,0.0,2.0,0.16666666666666666,0.0,0.5372316876161176,0.2886178861788618,2.0,0.0,7.0,35.0,1.0,1.0,1.0,,,,,,
62,38,Mesos Q3 Sprint 6,-3,14,1,3,0,0,0,0,1,3,0,0,0,0,6,2,2.0,4.0,15.0,2.0,19.0,5.0,,,0.0,35.0,4.541666666666667,3.0,7.168646507788146,51.38949275362317,35.0,0.0,0.0,1.0,0.4583333333333333,0.0,0.5089773777040516,0.2590579710144928,1.0,0.0,0.0,1.0,0.5,0.5,0.5107539184552492,0.2608695652173913,1.0,0.0,0.0,3.0,1.125,1.0,0.8998792189486611,0.8097826086956522,3.0,2.0,0.0,0.0,0.0,0.0,0.0,0.0,0.0,0.0,0.0,0.0,0.0,0.0,0.0,0.0,0.0,0.0,0.0,1.0,0.125,0.0,0.3378319623460881,0.11413043478260869,1.0,0.0,0.0,0.0,0.0,0.0,0.0,0.0,0.0,0.0,0.0,2.0,0.2916666666666667,0.0,0.6240935455708451,0.3894927536231884,2.0,0.0,5.0,19.0,,1.0,,,,,,,
62,43,Twitter Q4 Sprint 1,-3,14,1,3,0,0,0,0,0,0,1,3,0,0,6,2,2.0,4.0,17.0,2.0,21.0,4.0,,1.0,0.0,12.0,2.814814814814815,2.0,3.0386869258971436,9.233618233618232,12.0,2.0,0.0,7.0,0.6666666666666666,0.0,1.3867504905630728,1.9230769230769231,7.0,0.0,0.0,1.0,0.5925925925925926,1.0,0.5007117441325405,0.2507122507122507,1.0,1.0,0.0,5.0,1.1851851851851851,1.0,1.001423488265081,1.0028490028490027,5.0,1.0,0.0,0.0,0.0,0.0,0.0,0.0,0.0,0.0,0.0,0.0,0.0,0.0,0.0,0.0,0.0,0.0,0.0,9.0,0.5555555555555556,0.0,1.7394369852458083,3.0256410256410264,9.0,0.0,0.0,0.0,0.0,0.0,0.0,0.0,0.0,0.0,0.0,5.0,0.48148148148148145,0.0,1.08735283249559,1.1823361823361822,5.0,0.0,7.0,20.0,1.0,2.0,,,,,,,
62,45,Mesosphere Q4 Sprint 1 10/31,-2,12,1,2,1,3,1,3,0,0,1,1,0,0,6,3,9.0,13.0,13.0,6.0,30.0,9.0,,4.0,0.0,18.0,4.372093023255814,3.0,5.2735785979954715,27.81063122923588,18.0,3.0,0.0,7.0,0.3953488372093023,0.0,1.1368196004585385,1.292358803986711,7.0,0.0,0.0,1.0,0.18604651162790697,0.0,0.3937496154790789,0.15503875968992248,1.0,0.0,0.0,5.0,1.0,1.0,1.3627702877384937,1.8571428571428572,5.0,0.0,0.0,0.0,0.0,0.0,0.0,0.0,0.0,0.0,0.0,0.0,0.0,0.0,0.0,0.0,0.0,0.0,0.0,10.0,0.27906976744186046,0.0,1.5325916642414332,2.348837209302326,10.0,0.0,0.0,1.0,0.06976744186046512,0.0,0.2577696311132336,0.06644518272425251,1.0,0.0,0.0,5.0,0.4883720930232558,0.0,0.9849363775260239,0.9700996677740864,5.0,0.0,14.0,29.0,,2.0,,,,,,,
62,47,Mesosphere Q4 Sprint 2 - 11/14,-5,10,4,5,0,0,0,0,4,5,0,0,0,0,6,3,1.0,4.0,3.0,2.0,8.0,,,3.0,0.0,18.0,5.2727272727272725,2.0,7.01556710595671,49.21818181818181,18.0,0.0,0.0,0.0,0.0,0.0,0.0,0.0,0.0,0.0,0.0,1.0,0.09090909090909091,0.0,0.3015113445777636,0.09090909090909088,1.0,0.0,0.0,4.0,0.7272727272727273,0.0,1.6180796699117808,2.6181818181818173,4.0,0.0,0.0,0.0,0.0,0.0,0.0,0.0,0.0,0.0,0.0,0.0,0.0,0.0,0.0,0.0,0.0,0.0,0.0,0.0,0.0,0.0,0.0,0.0,0.0,0.0,0.0,0.0,0.0,0.0,0.0,0.0,0.0,0.0,0.0,2.0,0.45454545454545453,0.0,0.6875516509523286,0.47272727272727266,2.0,0.0,7.0,4.0,,,1.0,,,,,,
62,49,Twitter Mesos Q4 Sprint 2,-3,14,1,3,0,0,0,0,1,3,0,0,0,0,6,2,3.0,8.0,16.0,2.0,25.0,9.0,,,0.0,12.0,2.8529411764705883,2.5,2.903836051607727,8.432263814616753,12.0,4.0,0.0,7.0,0.6176470588235294,0.0,1.2556467820827337,1.5766488413547242,7.0,0.0,0.0,1.0,0.5294117647058824,1.0,0.5066403971048989,0.25668449197860965,1.0,1.0,0.0,5.0,1.0294117647058822,1.0,1.1142409868727206,1.2415329768270944,5.0,1.0,0.0,0.0,0.0,0.0,0.0,0.0,0.0,0.0,0.0,0.0,0.0,0.0,0.0,0.0,0.0,0.0,0.0,10.0,0.5882352941176471,0.0,1.7253483979979676,2.976827094474153,10.0,0.0,0.0,0.0,0.0,0.0,0.0,0.0,0.0,0.0,0.0,5.0,0.6764705882352942,0.0,1.0651671724050364,1.1345811051693404,5.0,0.0,10.0,24.0,,4.0,1.0,,,,,,
62,55,Mesosphere Q4 Sprint 3 - 12/7,-20,18,6,23,1,1,0,0,6,19,1,5,0,0,6,4,14.0,15.0,2.0,2.0,24.0,4.0,,6.0,0.0,16.0,2.6470588235294117,1.0,4.965836942740819,24.659536541889484,16.0,0.0,0.0,0.0,0.0,0.0,0.0,0.0,0.0,0.0,0.0,1.0,0.2647058823529412,0.0,0.4478110755198991,0.20053475935828882,1.0,0.0,0.0,4.0,0.7941176470588235,0.0,1.1488970142602486,1.319964349376114,4.0,0.0,0.0,0.0,0.0,0.0,0.0,0.0,0.0,0.0,0.0,0.0,0.0,0.0,0.0,0.0,0.0,0.0,0.0,0.0,0.0,0.0,0.0,0.0,0.0,0.0,0.0,0.0,0.0,0.0,0.0,0.0,0.0,0.0,0.0,4.0,0.6764705882352942,0.0,0.9760957552162384,0.9527629233511588,4.0,0.0,17.0,17.0,,,1.0,,,,,,
62,69,Mesosphere Q1 Sprint 1 - 1/23,-35,8,8,35,0,0,0,0,7,34,1,1,0,0,6,3,11.0,9.0,,2.0,15.0,1.0,,6.0,0.0,13.0,3.0454545454545454,1.0,4.785665826465259,22.902597402597408,13.0,0.0,0.0,0.0,0.0,0.0,0.0,0.0,0.0,0.0,0.0,1.0,0.3181818181818182,0.0,0.4767312946227962,0.22727272727272727,1.0,0.0,0.0,4.0,1.0,0.5,1.2724180205607036,1.619047619047619,4.0,0.0,0.0,0.0,0.0,0.0,0.0,0.0,0.0,0.0,0.0,0.0,0.0,0.0,0.0,0.0,0.0,0.0,0.0,0.0,0.0,0.0,0.0,0.0,0.0,0.0,0.0,0.0,0.0,0.0,0.0,0.0,0.0,0.0,0.0,7.0,1.0,0.0,1.6035674514745464,2.5714285714285716,7.0,0.0,9.0,13.0,,,,,,,,,
62,74,Mesosphere Q1 Sprint 2 - 2/6,-42,14,10,43,1,1,0,0,9,38,2,6,0,0,6,6,17.0,5.0,3.0,3.0,19.0,1.0,2.0,6.0,0.0,13.0,1.5,1.0,2.44191788620399,5.962962962962963,13.0,1.0,0.0,1.0,0.07142857142857142,0.0,0.262265264156481,0.06878306878306877,1.0,0.0,0.0,1.0,0.2857142857142857,0.0,0.46004370622823615,0.21164021164021166,1.0,0.0,0.0,4.0,0.8571428571428571,0.0,1.268252974948456,1.6084656084656086,4.0,0.0,0.0,0.0,0.0,0.0,0.0,0.0,0.0,0.0,0.0,0.0,0.0,0.0,0.0,0.0,0.0,0.0,0.0,0.0,0.0,0.0,0.0,0.0,0.0,0.0,0.0,0.0,0.0,0.0,0.0,0.0,0.0,0.0,0.0,9.0,0.9642857142857143,0.0,2.027261295390498,4.10978835978836,9.0,0.0,13.0,15.0,,,,,,,,,
62,75,Mesosphere Q1 Sprint 3 - 2/20,-44,14,13,46,1,1,0,0,12,45,0,0,2,2,6,8,16.0,8.0,5.0,3.0,23.0,1.0,2.0,6.0,0.0,13.0,2.0625,1.0,2.9723185258909983,8.834677419354838,13.0,1.0,0.0,1.0,0.0625,0.0,0.24593468841898236,0.06048387096774194,1.0,0.0,0.0,1.0,0.40625,0.0,0.49899091723584604,0.24899193548387097,1.0,0.0,0.0,4.0,0.875,0.0,1.237844119635477,1.532258064516129,4.0,0.0,0.0,0.0,0.0,0.0,0.0,0.0,0.0,0.0,0.0,0.0,0.0,0.0,0.0,0.0,0.0,0.0,0.0,0.0,0.0,0.0,0.0,0.0,0.0,0.0,0.0,0.0,0.0,0.0,0.0,0.0,0.0,0.0,0.0,4.0,0.5625,0.0,1.189673308368798,1.4153225806451613,4.0,0.0,11.0,21.0,,,,,,,,,
62,81,Mesosphere Q1 Sprint 4 - 3/6,-45,14,13,47,2,2,0,0,11,45,2,2,2,2,6,9,16.0,4.0,11.0,1.0,20.0,4.0,2.0,6.0,0.0,16.0,4.363636363636363,4.0,4.400413203738527,19.363636363636367,16.0,1.0,0.0,1.0,0.09090909090909091,0.0,0.2919371040605711,0.08522727272727272,1.0,0.0,0.0,1.0,0.45454545454545453,0.0,0.5056498968474316,0.2556818181818181,1.0,0.0,0.0,4.0,0.8181818181818182,1.0,1.0141050689692321,1.028409090909091,4.0,0.0,0.0,0.0,0.0,0.0,0.0,0.0,0.0,0.0,0.0,0.0,0.0,0.0,0.0,0.0,0.0,0.0,0.0,1.0,0.06060606060606061,0.0,0.24230584229877994,0.058712121212121215,1.0,0.0,0.0,1.0,0.030303030303030304,0.0,0.17407765595569785,0.030303030303030307,1.0,0.0,0.0,4.0,0.45454545454545453,0.0,0.7941547822570976,0.6306818181818181,4.0,0.0,11.0,22.0,1.0,,1.0,,,,,,
62,87,Twitter Mesos Q1 Sprint 3,0,13,0,0,0,0,0,0,0,0,0,0,0,0,6,1,6.0,13.0,12.0,,29.0,3.0,,,0.0,6.0,1.5,0.0,2.079081683138325,4.32258064516129,6.0,0.0,0.0,7.0,0.84375,0.0,1.4167061980569235,2.007056451612903,7.0,0.0,0.0,1.0,0.71875,1.0,0.45680340939917435,0.2086693548387097,1.0,1.0,0.0,5.0,1.03125,0.0,1.3316101095557091,1.7731854838709677,5.0,0.0,0.0,0.0,0.0,0.0,0.0,0.0,0.0,0.0,0.0,0.0,0.0,0.0,0.0,0.0,0.0,0.0,0.0,1.0,0.09375,0.0,0.29614458108029906,0.08770161290322581,1.0,0.0,0.0,0.0,0.0,0.0,0.0,0.0,0.0,0.0,0.0,3.0,0.125,0.0,0.5535807194106618,0.3064516129032258,3.0,0.0,9.0,23.0,,,1.0,,,,,,
62,95,Mesosphere Q1 Sprint 5 - 3/20,-52,11,14,49,4,5,0,0,12,47,4,5,2,2,6,10,16.0,4.0,10.0,5.0,23.0,3.0,4.0,10.0,0.0,16.0,4.2926829268292686,4.0,3.995271595517784,15.96219512195122,16.0,1.0,0.0,1.0,0.0975609756097561,0.0,0.30040622902833486,0.09024390243902439,1.0,0.0,0.0,1.0,0.4146341463414634,0.0,0.49877899695644573,0.2487804878048781,1.0,0.0,0.0,4.0,0.6829268292682927,0.0,0.9066152544007823,0.8219512195121952,4.0,0.0,0.0,0.0,0.0,0.0,0.0,0.0,0.0,0.0,0.0,0.0,0.0,0.0,0.0,0.0,0.0,0.0,0.0,1.0,0.024390243902439025,0.0,0.15617376188860607,0.024390243902439025,1.0,0.0,0.0,0.0,0.0,0.0,0.0,0.0,0.0,0.0,0.0,6.0,0.9512195121951219,0.0,1.6725910963561166,2.7975609756097564,6.0,0.0,18.0,23.0,1.0,,6.0,,,,,,
62,102,Mesosphere Q1 Sprint 6 - 4/3,-43,14,15,47,1,1,1,1,10,38,2,6,3,3,6,11,14.0,3.0,11.0,5.0,28.0,1.0,2.0,8.0,0.0,10.0,3.230769230769231,2.0,2.8696372268572876,8.234817813765183,10.0,1.0,0.0,1.0,0.1794871794871795,0.0,0.38877641198447155,0.15114709851551955,1.0,0.0,0.0,1.0,0.3333333333333333,0.0,0.47756693294091923,0.22807017543859642,1.0,0.0,0.0,4.0,1.0769230769230769,1.0,1.3838279362279908,1.9149797570850204,4.0,0.0,0.0,0.0,0.0,0.0,0.0,0.0,0.0,0.0,0.0,0.0,0.0,0.0,0.0,0.0,0.0,0.0,0.0,1.0,0.02564102564102564,0.0,0.16012815380508716,0.02564102564102565,1.0,0.0,0.0,1.0,0.10256410256410256,0.0,0.30735474060472817,0.09446693657219973,1.0,0.0,0.0,5.0,0.6666666666666666,0.0,1.1994150621148918,1.4385964912280698,5.0,0.0,11.0,28.0,,4.0,2.0,,,,,,
62,106,Mesosphere Q1 Sprint 7 - 4/17,-57,14,18,58,1,1,0,0,14,46,4,12,1,1,6,11,9.0,3.0,9.0,10.0,27.0,1.0,5.0,8.0,0.0,10.0,3.4146341463414633,4.0,3.209171308578724,10.29878048780488,10.0,0.0,0.0,1.0,0.24390243902439024,0.0,0.43476935292624114,0.1890243902439024,1.0,0.0,0.0,1.0,0.2926829268292683,0.0,0.4606464174952623,0.21219512195121948,1.0,0.0,0.0,8.0,1.7073170731707317,0.0,2.6855530383798456,7.21219512195122,8.0,0.0,0.0,0.0,0.0,0.0,0.0,0.0,0.0,0.0,0.0,0.0,0.0,0.0,0.0,0.0,0.0,0.0,0.0,0.0,0.0,0.0,0.0,0.0,0.0,0.0,0.0,1.0,0.12195121951219512,0.0,0.33129457822453967,0.10975609756097562,1.0,0.0,0.0,5.0,0.6341463414634146,0.0,1.1780513053550685,1.3878048780487808,5.0,0.0,10.0,31.0,,2.0,8.0,,,,,,
62,108,Mesosphere Q2 Sprint 8 - 5/1,-51,14,16,55,0,0,0,0,14,52,2,3,0,0,6,12,13.0,3.0,8.0,8.0,22.0,1.0,3.0,8.0,0.0,12.0,4.235294117647059,4.5,3.5849755802339076,12.852049910873442,12.0,1.0,0.0,1.0,0.23529411764705882,0.0,0.4305615452020461,0.1853832442067736,1.0,0.0,0.0,1.0,0.4411764705882353,0.0,0.5039947372613783,0.25401069518716574,1.0,0.0,0.0,8.0,1.3823529411764706,0.0,2.3614929263825295,5.576648841354723,8.0,0.0,0.0,0.0,0.0,0.0,0.0,0.0,0.0,0.0,0.0,0.0,0.0,0.0,0.0,0.0,0.0,0.0,0.0,2.0,0.058823529411764705,0.0,0.34299717028501764,0.1176470588235294,2.0,0.0,0.0,1.0,0.029411764705882353,0.0,0.17149858514250882,0.02941176470588235,1.0,0.0,0.0,8.0,1.4705882352941178,0.0,2.415044941142128,5.832442067736186,8.0,0.0,8.0,26.0,,,2.0,,,,,,
62,115,Mesosphere Q1 Sprint 9 - 5/15,13,14,0,0,0,0,0,0,0,0,0,0,0,0,6,12,9.0,4.0,3.0,8.0,23.0,1.0,2.0,4.0,0.0,12.0,3.933333333333333,1.5,4.03376553208241,16.27126436781609,12.0,0.0,0.0,1.0,0.23333333333333334,0.0,0.4301830671520762,0.18505747126436772,1.0,0.0,0.0,1.0,0.43333333333333335,0.0,0.5040069329937308,0.25402298850574706,1.0,0.0,0.0,8.0,1.8333333333333333,1.0,2.4080802674978763,5.7988505747126435,8.0,0.0,0.0,0.0,0.0,0.0,0.0,0.0,0.0,0.0,0.0,0.0,0.0,0.0,0.0,0.0,0.0,0.0,0.0,2.0,0.13333333333333333,0.0,0.507416263404925,0.25747126436781614,2.0,0.0,0.0,1.0,0.03333333333333333,0.0,0.18257418583505536,0.033333333333333326,1.0,0.0,0.0,5.0,0.6,0.0,1.2757688689165259,1.6275862068965519,5.0,0.0,9.0,21.0,,4.0,2.0,,,,,,
62,118,Twitter Q2 Sprint 2,0,14,0,0,1,3,0,0,0,0,0,0,1,3,6,1,10.0,6.0,4.0,4.0,17.0,6.0,,1.0,0.0,5.0,0.6666666666666666,0.0,1.0901402648748688,1.188405797101449,5.0,0.0,0.0,2.0,0.375,0.0,0.6468989572333266,0.41847826086956524,2.0,0.0,0.0,1.0,0.5833333333333334,1.0,0.5036101551853349,0.2536231884057971,1.0,1.0,0.0,4.0,0.7083333333333334,0.0,1.0417028979206266,1.0851449275362317,4.0,0.0,0.0,0.0,0.0,0.0,0.0,0.0,0.0,0.0,0.0,0.0,0.0,0.0,0.0,0.0,0.0,0.0,0.0,1.0,0.08333333333333333,0.0,0.28232985128663995,0.07971014492753623,1.0,0.0,0.0,0.0,0.0,0.0,0.0,0.0,0.0,0.0,0.0,1.0,0.041666666666666664,0.0,0.20412414523193154,0.04166666666666668,1.0,0.0,17.0,7.0,,,,,,,,,
62,130,Mesosphere Sprint 10,-22,10,8,35,0,0,0,0,7,32,0,0,1,3,6,12,11.0,10.0,4.0,3.0,25.0,6.0,2.0,6.0,0.0,10.0,2.4615384615384617,1.0,2.9986501686605753,8.991902834008096,10.0,0.0,0.0,1.0,0.20512820512820512,0.0,0.4090738692453055,0.16734143049932526,1.0,0.0,0.0,1.0,0.2564102564102564,0.0,0.44235903005475674,0.1956815114709852,1.0,0.0,0.0,4.0,0.9743589743589743,0.0,1.2667234876096987,1.6045883940620784,4.0,0.0,0.0,0.0,0.0,0.0,0.0,0.0,0.0,0.0,0.0,0.0,0.0,0.0,0.0,0.0,0.0,0.0,0.0,2.0,0.15384615384615385,0.0,0.488739600156498,0.2388663967611335,2.0,0.0,0.0,1.0,0.07692307692307693,0.0,0.2699527623995085,0.0728744939271255,1.0,0.0,0.0,5.0,0.9487179487179487,0.0,1.503482237808684,2.2604588394062084,5.0,0.0,18.0,21.0,,5.0,6.0,,,,,,
62,134,Mesosphere Sprint 11,-61,13,0,0,19,76,0,0,17,69,1,5,1,2,6,15,12.0,12.0,4.0,3.0,27.0,6.0,2.0,8.0,0.0,26.0,3.3488372093023258,1.0,4.623355413808464,21.37541528239203,26.0,1.0,0.0,1.0,0.18604651162790697,0.0,0.3937496154790789,0.15503875968992248,1.0,0.0,0.0,1.0,0.3023255813953488,0.0,0.4647008111181006,0.21594684385382057,1.0,0.0,0.0,5.0,1.1627906976744187,0.0,1.4130384781964669,1.996677740863787,5.0,0.0,0.0,0.0,0.0,0.0,0.0,0.0,0.0,0.0,0.0,0.0,0.0,0.0,0.0,0.0,0.0,0.0,0.0,2.0,0.13953488372093023,0.0,0.46707781287271866,0.2181616832779624,2.0,0.0,0.0,1.0,0.06976744186046512,0.0,0.2577696311132336,0.06644518272425251,1.0,0.0,0.0,5.0,1.0930232558139534,1.0,1.4770297332077047,2.1816168327796235,5.0,0.0,19.0,24.0,,5.0,7.0,,,,,,
62,142,Mesosphere Sprint 12,39,14,0,0,16,47,14,41,2,6,0,0,0,0,6,19,10.0,26.0,28.0,4.0,66.0,6.0,1.0,13.0,0.0,32.0,3.7790697674418605,2.0,5.2140109045457805,27.185909712722307,32.0,0.0,0.0,1.0,0.1511627906976744,0.0,0.3603084254117694,0.12982216142270858,1.0,0.0,0.0,1.0,0.3488372093023256,0.0,0.47939770694352374,0.22982216142270864,1.0,0.0,0.0,5.0,0.8837209302325582,1.0,1.0999315984204794,1.2098495212038307,5.0,0.0,0.0,0.0,0.0,0.0,0.0,0.0,0.0,0.0,0.0,0.0,0.0,0.0,0.0,0.0,0.0,0.0,0.0,2.0,0.06976744186046512,0.0,0.2986517812719495,0.08919288645690837,2.0,0.0,0.0,1.0,0.023255813953488372,0.0,0.15159886590034527,0.022982216142270865,1.0,0.0,0.0,5.0,0.813953488372093,0.0,1.4512601251162365,2.1061559507523944,5.0,0.0,48.0,38.0,,8.0,8.0,2.0,,,,,
62,143,Mesosphere Sprint 13,49,14,1,8,6,23,1,8,6,23,0,0,0,0,6,15,41.0,52.0,47.0,4.0,136.0,16.0,,16.0,0.0,14.0,1.971264367816092,0.0,3.3408111591920253,11.161019201381963,14.0,0.0,0.0,2.0,0.11494252873563218,0.0,0.3374603331456124,0.11387947644674773,2.0,0.0,0.0,1.0,0.40804597701149425,0.0,0.49289011797166987,0.24294066839412665,1.0,0.0,0.0,5.0,0.6379310344827587,0.0,1.0148881745182363,1.0299980067769583,5.0,0.0,0.0,0.0,0.0,0.0,0.0,0.0,0.0,0.0,0.0,0.0,0.0,0.0,0.0,0.0,0.0,0.0,0.0,3.0,0.05172413793103448,0.0,0.344523485601135,0.11869643213075548,3.0,0.0,0.0,1.0,0.09770114942528736,0.0,0.2977670313680973,0.08866520496976944,1.0,0.0,0.0,6.0,0.41379310344827586,0.0,1.1384171562684158,1.2959936216862666,6.0,0.0,105.0,69.0,6.0,12.0,16.0,2.0,,,,,
62,150,Twitter Mesos Q2 Sprint 6,-8,14,1,8,0,0,0,0,0,0,1,8,0,0,6,1,25.0,27.0,16.0,,63.0,3.0,,6.0,0.0,9.0,1.6527777777777777,1.0,2.0360118584993363,4.145344287949922,9.0,0.0,0.0,2.0,0.19444444444444445,0.0,0.46387494942181934,0.21517996870109546,2.0,0.0,0.0,1.0,0.5138888888888888,1.0,0.503314522547481,0.2533255086071987,1.0,1.0,0.0,4.0,0.9722222222222222,0.0,1.209961263752236,1.4640062597809076,4.0,0.0,0.0,0.0,0.0,0.0,0.0,0.0,0.0,0.0,0.0,0.0,0.0,0.0,0.0,0.0,0.0,0.0,0.0,7.0,0.5138888888888888,0.0,1.6184939578836215,2.61952269170579,7.0,0.0,0.0,1.0,0.013888888888888888,0.0,0.11785113019775795,0.013888888888888895,1.0,0.0,0.0,3.0,0.4583333333333333,0.0,0.8381317251675863,0.7024647887323944,3.0,0.0,46.0,26.0,,4.0,,,,,,,
62,154,Mesosphere Sprint 14,20,14,0,0,18,86,13,77,5,9,0,0,0,0,6,18,56.0,63.0,48.0,4.0,141.0,17.0,,18.0,0.0,13.0,2.4739583333333335,1.0,3.3251932130349906,11.056909904013963,13.0,0.0,0.0,2.0,0.15625,0.0,0.4176254239918804,0.1744109947643979,2.0,0.0,0.0,1.0,0.15104166666666666,0.0,0.35902567151914516,0.12889943280977312,1.0,0.0,0.0,6.0,0.8020833333333334,0.0,1.4334799429869602,2.0548647469458987,6.0,0.0,0.0,0.0,0.0,0.0,0.0,0.0,0.0,0.0,0.0,0.0,0.0,0.0,0.0,0.0,0.0,0.0,0.0,3.0,0.3385416666666667,0.0,0.748453175103735,0.5601821553228622,3.0,0.0,0.0,1.0,0.0625,0.0,0.24269430063396508,0.058900523560209424,1.0,0.0,0.0,4.0,0.5104166666666666,0.0,0.9036840441536746,0.8166448516579407,4.0,0.0,104.0,88.0,16.0,9.0,8.0,4.0,,,,,
63,8,Q2'14 Sprint 1,0,9,0,0,0,0,0,0,0,0,0,0,0,0,1,1,18.0,17.0,7.0,1.0,31.0,9.0,2.0,1.0,0.0,32.0,2.5348837209302326,1.0,5.011172456713016,25.111849390919165,32.0,1.0,0.0,9.0,0.3953488372093023,0.0,1.6350263560380585,2.6733111849390916,9.0,0.0,0.0,1.0,0.627906976744186,1.0,0.4890834875635335,0.239202657807309,1.0,1.0,0.0,10.0,1.302325581395349,1.0,1.9090621447258467,3.6445182724252496,10.0,0.0,0.0,0.0,0.0,0.0,0.0,0.0,0.0,0.0,0.0,0.0,0.0,0.0,0.0,0.0,0.0,0.0,0.0,13.0,1.1395348837209303,0.0,2.512647961517104,6.313399778516058,13.0,0.0,0.0,1.0,0.046511627906976744,0.0,0.21308263231644634,0.045404208194905864,1.0,0.0,0.0,2.0,0.18604651162790697,0.0,0.5002767783217783,0.2502768549280177,2.0,0.0,24.0,19.0,,,,,,,,,
63,12,Q2'14 Sprint 2,-3,13,2,3,0,0,0,0,2,3,0,0,0,0,1,1,9.0,6.0,21.0,,25.0,7.0,1.0,2.0,0.0,17.0,1.2777777777777777,0.0,3.066977209949433,9.406349206349208,17.0,0.0,0.0,9.0,0.6944444444444444,0.0,1.7698982124799385,3.1325396825396816,9.0,0.0,0.0,1.0,0.7222222222222222,1.0,0.45425676257949793,0.20634920634920637,1.0,1.0,0.0,2.0,0.6944444444444444,1.0,0.749073501808141,0.561111111111111,2.0,0.0,0.0,0.0,0.0,0.0,0.0,0.0,0.0,0.0,0.0,0.0,0.0,0.0,0.0,0.0,0.0,0.0,0.0,13.0,0.9722222222222222,0.0,2.4783186825070525,6.142063492063493,13.0,0.0,0.0,0.0,0.0,0.0,0.0,0.0,0.0,0.0,0.0,2.0,0.08333333333333333,0.0,0.3683941988065037,0.13571428571428576,2.0,0.0,16.0,20.0,1.0,,,,,,,,
63,13,Q2 Sprint 3,-7,12,1,8,0,0,0,0,1,8,0,0,0,0,1,1,5.0,13.0,19.0,,30.0,4.0,,2.0,0.0,7.0,0.972972972972973,0.0,1.8780380792271032,3.5270270270270268,7.0,0.0,0.0,9.0,0.6486486486486487,0.0,1.751447277986856,3.067567567567567,9.0,0.0,0.0,1.0,0.4864864864864865,0.0,0.5067117097095317,0.25675675675675674,1.0,0.0,0.0,2.0,0.35135135135135137,0.0,0.6331673561554646,0.4009009009009009,2.0,0.0,0.0,0.0,0.0,0.0,0.0,0.0,0.0,0.0,0.0,0.0,0.0,0.0,0.0,0.0,0.0,0.0,0.0,14.0,0.8648648648648649,0.0,2.6890948721142633,7.231231231231226,14.0,0.0,0.0,0.0,0.0,0.0,0.0,0.0,0.0,0.0,0.0,2.0,0.16216216216216217,0.0,0.44180900307168386,0.19519519519519515,2.0,0.0,16.0,21.0,1.0,,,,,,,,
63,20,Q2 Sprint 4,-1,12,3,10,1,1,3,10,0,0,1,1,0,0,1,2,5.0,14.0,26.0,,40.0,7.0,,2.0,0.0,9.0,1.6938775510204083,1.0,2.0837074494021173,4.341836734693877,9.0,0.0,0.0,9.0,0.4897959183673469,0.0,1.5562032988922088,2.421768707482993,9.0,0.0,0.0,1.0,0.46938775510204084,0.0,0.5042337758225565,0.2542517006802721,1.0,0.0,0.0,3.0,0.4897959183673469,0.0,0.8196149751456432,0.6717687074829932,3.0,0.0,0.0,0.0,0.0,0.0,0.0,0.0,0.0,0.0,0.0,0.0,0.0,0.0,0.0,0.0,0.0,0.0,0.0,14.0,1.2040816326530612,0.0,2.5081499808684913,6.290816326530613,14.0,0.0,0.0,0.0,0.0,0.0,0.0,0.0,0.0,0.0,0.0,1.0,0.08163265306122448,0.0,0.2766416675862441,0.07653061224489796,1.0,0.0,27.0,22.0,,3.0,1.0,,,,,,
63,22,Q2 Sprint 5,-1,4,4,4,0,0,3,3,1,1,0,0,0,0,1,3,,2.0,17.0,,21.0,,,,0.0,7.0,1.7142857142857142,1.0,2.239260081876537,5.014285714285714,7.0,0.0,0.0,0.0,0.0,0.0,0.0,0.0,0.0,0.0,0.0,1.0,0.42857142857142855,0.0,0.5070925528371099,0.25714285714285706,1.0,0.0,0.0,2.0,0.3333333333333333,0.0,0.5773502691896257,0.3333333333333333,2.0,0.0,0.0,0.0,0.0,0.0,0.0,0.0,0.0,0.0,0.0,0.0,0.0,0.0,0.0,0.0,0.0,0.0,0.0,9.0,1.7142857142857142,1.0,2.9856801091687157,8.914285714285715,9.0,0.0,0.0,0.0,0.0,0.0,0.0,0.0,0.0,0.0,0.0,2.0,0.19047619047619047,0.0,0.511766315719159,0.26190476190476186,2.0,0.0,6.0,15.0,,,2.0,,,,,,
63,24,Q3 Sprint 1,-8,9,4,4,2,4,0,0,6,8,0,0,0,0,1,3,2.0,8.0,15.0,,29.0,,,,0.0,10.0,1.8620689655172413,1.0,2.2634382495132503,5.123152709359607,10.0,0.0,0.0,1.0,0.20689655172413793,0.0,0.4122508203948855,0.16995073891625614,1.0,0.0,0.0,1.0,0.4827586206896552,0.0,0.5085476277156078,0.2586206896551724,1.0,0.0,0.0,3.0,0.41379310344827586,0.0,0.6822882392210131,0.46551724137931044,3.0,0.0,0.0,0.0,0.0,0.0,0.0,0.0,0.0,0.0,0.0,0.0,0.0,0.0,0.0,0.0,0.0,0.0,0.0,9.0,1.2758620689655173,0.0,2.343631975681853,5.492610837438424,9.0,0.0,0.0,0.0,0.0,0.0,0.0,0.0,0.0,0.0,0.0,2.0,0.10344827586206896,0.0,0.40925259281898757,0.16748768472906403,2.0,0.0,4.0,25.0,,1.0,3.0,,,,,,
63,25,Q3 Sprint 2,-4,9,3,5,0,0,0,0,0,0,3,5,0,0,1,2,4.0,7.0,15.0,,22.0,3.0,,1.0,0.0,11.0,1.8461538461538463,1.0,2.5249523986373714,6.375384615384616,11.0,0.0,0.0,1.0,0.15384615384615385,0.0,0.36794648440311994,0.1353846153846154,1.0,0.0,0.0,1.0,0.5769230769230769,1.0,0.503831473655779,0.2538461538461539,1.0,1.0,0.0,3.0,0.4230769230769231,0.0,0.7575263387144726,0.5738461538461539,3.0,0.0,0.0,0.0,0.0,0.0,0.0,0.0,0.0,0.0,0.0,0.0,0.0,0.0,0.0,0.0,0.0,0.0,0.0,9.0,1.4230769230769231,0.0,2.858993905877757,8.173846153846153,9.0,0.0,0.0,0.0,0.0,0.0,0.0,0.0,0.0,0.0,0.0,2.0,0.11538461538461539,0.0,0.43145549730400484,0.18615384615384614,2.0,0.0,6.0,20.0,,,,,,,,,
63,26,Aurora Q3 Sprint 2,0,11,0,0,0,0,0,0,0,0,0,0,0,0,1,1,35.0,,23.0,2.0,101.0,1.0,,9.0,0.0,8.0,2.017391304347826,1.0,2.060414745745411,4.245308924485126,8.0,1.0,0.0,1.0,0.02608695652173913,0.0,0.16009150701348573,0.025629290617848955,1.0,0.0,1.0,1.0,1.0,1.0,0.0,0.0,0.0,1.0,0.0,4.0,0.48695652173913045,0.0,0.8621191494901502,0.74324942791762,4.0,0.0,0.0,0.0,0.0,0.0,0.0,0.0,0.0,0.0,0.0,0.0,0.0,0.0,0.0,0.0,0.0,0.0,0.0,1.0,0.2608695652173913,0.0,0.4410306215596805,0.1945080091533181,1.0,0.0,0.0,1.0,0.02608695652173913,0.0,0.16009150701348573,0.025629290617848955,1.0,0.0,0.0,1.0,0.02608695652173913,0.0,0.16009150701348573,0.025629290617848955,1.0,0.0,80.0,35.0,4.0,13.0,,,42.0,,,,
63,30,Q3 Sprint 3,-8,11,1,8,0,0,0,0,1,8,0,0,0,0,1,2,2.0,2.0,9.0,,13.0,1.0,,,1.0,6.0,2.5,2.0,1.4005493427717788,1.9615384615384615,5.0,2.0,0.0,1.0,0.14285714285714285,0.0,0.3631365196012815,0.1318681318681319,1.0,0.0,0.0,1.0,0.5714285714285714,1.0,0.5135525910130955,0.26373626373626374,1.0,1.0,0.0,4.0,1.2857142857142858,0.0,1.8156825980064073,3.296703296703297,4.0,0.0,0.0,0.0,0.0,0.0,0.0,0.0,0.0,0.0,0.0,0.0,0.0,0.0,0.0,0.0,0.0,0.0,0.0,2.0,0.5,0.0,0.6504436355879909,0.4230769230769231,2.0,0.0,0.0,0.0,0.0,0.0,0.0,0.0,0.0,0.0,0.0,2.0,0.2857142857142857,0.0,0.726273039202563,0.5274725274725276,2.0,0.0,3.0,11.0,,,1.0,,,,,,
63,31,Q3 Sprint 4,-3,11,4,4,0,0,0,0,4,4,0,0,0,0,1,3,3.0,7.0,19.0,,22.0,6.0,1.0,,0.0,44.0,3.586206896551724,0.0,9.217674177436482,84.96551724137933,44.0,0.0,0.0,1.0,0.3793103448275862,0.0,0.49380397379124,0.24384236453201966,1.0,0.0,0.0,1.0,0.3793103448275862,0.0,0.49380397379124,0.24384236453201966,1.0,0.0,0.0,6.0,0.8620689655172413,0.0,1.5288683473881328,2.3374384236453203,6.0,0.0,0.0,0.0,0.0,0.0,0.0,0.0,0.0,0.0,0.0,0.0,0.0,0.0,0.0,0.0,0.0,0.0,0.0,8.0,0.7241379310344828,0.0,1.645264888011696,2.706896551724139,8.0,0.0,0.0,0.0,0.0,0.0,0.0,0.0,0.0,0.0,0.0,2.0,0.20689655172413793,0.0,0.6198680933892069,0.3842364532019705,2.0,0.0,8.0,21.0,,,,,,,,,
63,36,Mesos Q3 Sprint 5,-8,14,2,9,2,2,3,3,0,0,1,1,0,0,1,4,2.0,9.0,22.0,7.0,38.0,2.0,,1.0,0.0,11.0,2.261904761904762,2.0,2.43009107336635,5.905342624854819,11.0,0.0,0.0,1.0,0.30952380952380953,0.0,0.4679011380933327,0.218931475029036,1.0,0.0,0.0,1.0,0.38095238095238093,0.0,0.49150743499231975,0.2415795586527294,1.0,0.0,0.0,8.0,1.7857142857142858,0.5,2.6368469186651446,6.952961672473867,8.0,0.0,0.0,0.0,0.0,0.0,0.0,0.0,0.0,0.0,0.0,0.0,0.0,0.0,0.0,0.0,0.0,0.0,0.0,1.0,0.21428571428571427,0.0,0.4152997322366327,0.17247386759581881,1.0,0.0,0.0,0.0,0.0,0.0,0.0,0.0,0.0,0.0,0.0,2.0,0.16666666666666666,0.0,0.5372316876161176,0.2886178861788618,2.0,0.0,7.0,35.0,1.0,1.0,1.0,,,,,,
63,38,Mesos Q3 Sprint 6,-5,14,1,5,0,0,0,0,1,5,0,0,0,0,1,1,2.0,4.0,15.0,2.0,19.0,5.0,,,0.0,35.0,4.541666666666667,3.0,7.168646507788146,51.38949275362317,35.0,0.0,0.0,1.0,0.4583333333333333,0.0,0.5089773777040516,0.2590579710144928,1.0,0.0,0.0,1.0,0.5,0.5,0.5107539184552492,0.2608695652173913,1.0,0.0,0.0,3.0,1.125,1.0,0.8998792189486611,0.8097826086956522,3.0,2.0,0.0,0.0,0.0,0.0,0.0,0.0,0.0,0.0,0.0,0.0,0.0,0.0,0.0,0.0,0.0,0.0,0.0,1.0,0.125,0.0,0.3378319623460881,0.11413043478260869,1.0,0.0,0.0,0.0,0.0,0.0,0.0,0.0,0.0,0.0,0.0,2.0,0.2916666666666667,0.0,0.6240935455708451,0.3894927536231884,2.0,0.0,5.0,19.0,,1.0,,,,,,,
63,43,Twitter Q4 Sprint 1,-3,14,1,3,0,0,0,0,1,3,0,0,0,0,1,1,2.0,4.0,17.0,2.0,21.0,4.0,,1.0,0.0,12.0,2.814814814814815,2.0,3.0386869258971436,9.233618233618232,12.0,2.0,0.0,7.0,0.6666666666666666,0.0,1.3867504905630728,1.9230769230769231,7.0,0.0,0.0,1.0,0.5925925925925926,1.0,0.5007117441325405,0.2507122507122507,1.0,1.0,0.0,5.0,1.1851851851851851,1.0,1.001423488265081,1.0028490028490027,5.0,1.0,0.0,0.0,0.0,0.0,0.0,0.0,0.0,0.0,0.0,0.0,0.0,0.0,0.0,0.0,0.0,0.0,0.0,9.0,0.5555555555555556,0.0,1.7394369852458083,3.0256410256410264,9.0,0.0,0.0,0.0,0.0,0.0,0.0,0.0,0.0,0.0,0.0,5.0,0.48148148148148145,0.0,1.08735283249559,1.1823361823361822,5.0,0.0,7.0,20.0,1.0,2.0,,,,,,,
63,45,Mesosphere Q4 Sprint 1 10/31,-3,12,6,9,1,1,3,6,4,4,0,0,0,0,1,5,9.0,13.0,13.0,6.0,30.0,9.0,,4.0,0.0,18.0,4.372093023255814,3.0,5.2735785979954715,27.81063122923588,18.0,3.0,0.0,7.0,0.3953488372093023,0.0,1.1368196004585385,1.292358803986711,7.0,0.0,0.0,1.0,0.18604651162790697,0.0,0.3937496154790789,0.15503875968992248,1.0,0.0,0.0,5.0,1.0,1.0,1.3627702877384937,1.8571428571428572,5.0,0.0,0.0,0.0,0.0,0.0,0.0,0.0,0.0,0.0,0.0,0.0,0.0,0.0,0.0,0.0,0.0,0.0,0.0,10.0,0.27906976744186046,0.0,1.5325916642414332,2.348837209302326,10.0,0.0,0.0,1.0,0.06976744186046512,0.0,0.2577696311132336,0.06644518272425251,1.0,0.0,0.0,5.0,0.4883720930232558,0.0,0.9849363775260239,0.9700996677740864,5.0,0.0,14.0,29.0,,2.0,,,,,,,
63,47,Mesosphere Q4 Sprint 2 - 11/14,-1,10,1,1,0,0,0,0,1,1,0,0,0,0,1,1,1.0,4.0,3.0,2.0,8.0,,,3.0,0.0,18.0,5.2727272727272725,2.0,7.01556710595671,49.21818181818181,18.0,0.0,0.0,0.0,0.0,0.0,0.0,0.0,0.0,0.0,0.0,1.0,0.09090909090909091,0.0,0.3015113445777636,0.09090909090909088,1.0,0.0,0.0,4.0,0.7272727272727273,0.0,1.6180796699117808,2.6181818181818173,4.0,0.0,0.0,0.0,0.0,0.0,0.0,0.0,0.0,0.0,0.0,0.0,0.0,0.0,0.0,0.0,0.0,0.0,0.0,0.0,0.0,0.0,0.0,0.0,0.0,0.0,0.0,0.0,0.0,0.0,0.0,0.0,0.0,0.0,0.0,2.0,0.45454545454545453,0.0,0.6875516509523286,0.47272727272727266,2.0,0.0,7.0,4.0,,,1.0,,,,,,
63,49,Twitter Mesos Q4 Sprint 2,0,14,0,0,1,2,1,2,0,0,0,0,0,0,1,2,3.0,8.0,16.0,2.0,25.0,9.0,,,0.0,12.0,2.8529411764705883,2.5,2.903836051607727,8.432263814616753,12.0,4.0,0.0,7.0,0.6176470588235294,0.0,1.2556467820827337,1.5766488413547242,7.0,0.0,0.0,1.0,0.5294117647058824,1.0,0.5066403971048989,0.25668449197860965,1.0,1.0,0.0,5.0,1.0294117647058822,1.0,1.1142409868727206,1.2415329768270944,5.0,1.0,0.0,0.0,0.0,0.0,0.0,0.0,0.0,0.0,0.0,0.0,0.0,0.0,0.0,0.0,0.0,0.0,0.0,10.0,0.5882352941176471,0.0,1.7253483979979676,2.976827094474153,10.0,0.0,0.0,0.0,0.0,0.0,0.0,0.0,0.0,0.0,0.0,5.0,0.6764705882352942,0.0,1.0651671724050364,1.1345811051693404,5.0,0.0,10.0,24.0,,4.0,1.0,,,,,,
63,51,Twitter Mesos Q4 Sprint 3,1,14,0,0,0,0,0,0,0,0,0,0,0,0,1,4,8.0,7.0,15.0,,26.0,11.0,,1.0,0.0,7.0,2.3684210526315788,2.0,2.032453618121476,4.130867709815079,7.0,0.0,0.0,1.0,0.2894736842105263,0.0,0.45960586739381004,0.2112375533428165,1.0,0.0,0.0,1.0,0.47368421052631576,0.0,0.506009406240056,0.256045519203414,1.0,0.0,0.0,5.0,1.236842105263158,1.0,1.4599927901768632,2.131578947368422,5.0,1.0,0.0,0.0,0.0,0.0,0.0,0.0,0.0,0.0,0.0,0.0,0.0,0.0,0.0,0.0,0.0,0.0,0.0,10.0,0.42105263157894735,0.0,1.6379218696900972,2.682788051209104,10.0,0.0,0.0,1.0,0.02631578947368421,0.0,0.16222142113076257,0.02631578947368422,1.0,0.0,0.0,2.0,0.21052631578947367,0.0,0.5280200004832999,0.278805120910384,2.0,0.0,8.0,30.0,,6.0,2.0,,,,,,
63,55,Mesosphere Q4 Sprint 3 - 12/7,-7,18,5,21,0,0,0,0,3,15,2,6,0,0,1,2,14.0,15.0,2.0,2.0,24.0,4.0,,6.0,0.0,16.0,2.6470588235294117,1.0,4.965836942740819,24.659536541889484,16.0,0.0,0.0,0.0,0.0,0.0,0.0,0.0,0.0,0.0,0.0,1.0,0.2647058823529412,0.0,0.4478110755198991,0.20053475935828882,1.0,0.0,0.0,4.0,0.7941176470588235,0.0,1.1488970142602486,1.319964349376114,4.0,0.0,0.0,0.0,0.0,0.0,0.0,0.0,0.0,0.0,0.0,0.0,0.0,0.0,0.0,0.0,0.0,0.0,0.0,0.0,0.0,0.0,0.0,0.0,0.0,0.0,0.0,0.0,0.0,0.0,0.0,0.0,0.0,0.0,0.0,4.0,0.6764705882352942,0.0,0.9760957552162384,0.9527629233511588,4.0,0.0,17.0,17.0,,,1.0,,,,,,
63,56,Twitter Mesos Q4 Sprint 4,0,14,1,3,0,0,1,3,0,0,0,0,0,0,1,1,8.0,6.0,5.0,,19.0,2.0,,,0.0,7.0,2.0476190476190474,2.0,2.011869540407391,4.0476190476190474,7.0,2.0,0.0,1.0,0.09523809523809523,0.0,0.30079260375911915,0.09047619047619046,1.0,0.0,0.0,1.0,0.7142857142857143,1.0,0.4629100498862757,0.21428571428571427,1.0,1.0,0.0,5.0,0.9523809523809523,1.0,1.1608699529314415,1.3476190476190473,5.0,1.0,0.0,0.0,0.0,0.0,0.0,0.0,0.0,0.0,0.0,0.0,0.0,0.0,0.0,0.0,0.0,0.0,0.0,1.0,0.3333333333333333,0.0,0.4830458915396479,0.23333333333333325,1.0,0.0,0.0,0.0,0.0,0.0,0.0,0.0,0.0,0.0,0.0,4.0,0.47619047619047616,0.0,1.0779168622415933,1.1619047619047622,4.0,0.0,4.0,17.0,,2.0,,,,,,,
63,69,Mesosphere Q1 Sprint 1 - 1/23,-1,8,3,15,0,0,0,0,3,15,0,0,0,0,1,2,11.0,9.0,,2.0,15.0,1.0,,6.0,0.0,13.0,3.0454545454545454,1.0,4.785665826465259,22.902597402597408,13.0,0.0,0.0,0.0,0.0,0.0,0.0,0.0,0.0,0.0,0.0,1.0,0.3181818181818182,0.0,0.4767312946227962,0.22727272727272727,1.0,0.0,0.0,4.0,1.0,0.5,1.2724180205607036,1.619047619047619,4.0,0.0,0.0,0.0,0.0,0.0,0.0,0.0,0.0,0.0,0.0,0.0,0.0,0.0,0.0,0.0,0.0,0.0,0.0,0.0,0.0,0.0,0.0,0.0,0.0,0.0,0.0,0.0,0.0,0.0,0.0,0.0,0.0,0.0,0.0,7.0,1.0,0.0,1.6035674514745464,2.5714285714285716,7.0,0.0,9.0,13.0,,,,,,,,,
63,74,Mesosphere Q1 Sprint 2 - 2/6,-1,14,2,14,1,1,0,0,3,15,0,0,0,0,1,3,17.0,5.0,3.0,3.0,19.0,1.0,2.0,6.0,0.0,13.0,1.5,1.0,2.44191788620399,5.962962962962963,13.0,1.0,0.0,1.0,0.07142857142857142,0.0,0.262265264156481,0.06878306878306877,1.0,0.0,0.0,1.0,0.2857142857142857,0.0,0.46004370622823615,0.21164021164021166,1.0,0.0,0.0,4.0,0.8571428571428571,0.0,1.268252974948456,1.6084656084656086,4.0,0.0,0.0,0.0,0.0,0.0,0.0,0.0,0.0,0.0,0.0,0.0,0.0,0.0,0.0,0.0,0.0,0.0,0.0,0.0,0.0,0.0,0.0,0.0,0.0,0.0,0.0,0.0,0.0,0.0,0.0,0.0,0.0,0.0,0.0,9.0,0.9642857142857143,0.0,2.027261295390498,4.10978835978836,9.0,0.0,13.0,15.0,,,,,,,,,
63,75,Mesosphere Q1 Sprint 3 - 2/20,-13,14,3,15,0,0,1,1,2,14,0,0,0,0,1,3,16.0,8.0,5.0,3.0,23.0,1.0,2.0,6.0,0.0,13.0,2.0625,1.0,2.9723185258909983,8.834677419354838,13.0,1.0,0.0,1.0,0.0625,0.0,0.24593468841898236,0.06048387096774194,1.0,0.0,0.0,1.0,0.40625,0.0,0.49899091723584604,0.24899193548387097,1.0,0.0,0.0,4.0,0.875,0.0,1.237844119635477,1.532258064516129,4.0,0.0,0.0,0.0,0.0,0.0,0.0,0.0,0.0,0.0,0.0,0.0,0.0,0.0,0.0,0.0,0.0,0.0,0.0,0.0,0.0,0.0,0.0,0.0,0.0,0.0,0.0,0.0,0.0,0.0,0.0,0.0,0.0,0.0,0.0,4.0,0.5625,0.0,1.189673308368798,1.4153225806451613,4.0,0.0,11.0,21.0,,,,,,,,,
63,80,Twitter Mesos Q1 Sprint 2,-11,14,4,14,0,0,1,3,2,3,1,8,0,0,1,3,7.0,7.0,10.0,,21.0,6.0,,,0.0,9.0,2.259259259259259,1.0,2.7539145927289725,7.584045584045583,9.0,0.0,0.0,7.0,0.5925925925925926,0.0,1.3660515605557744,1.8660968660968664,7.0,0.0,0.0,1.0,0.7037037037037037,1.0,0.4653216269680752,0.21652421652421652,1.0,1.0,0.0,5.0,1.0740740740740742,1.0,1.4656562175858798,2.148148148148148,5.0,0.0,0.0,0.0,0.0,0.0,0.0,0.0,0.0,0.0,0.0,0.0,0.0,0.0,0.0,0.0,0.0,0.0,0.0,3.0,0.2962962962962963,0.0,0.6688000054526371,0.4472934472934474,3.0,0.0,0.0,0.0,0.0,0.0,0.0,0.0,0.0,0.0,0.0,1.0,0.1111111111111111,0.0,0.32025630761017426,0.10256410256410257,1.0,0.0,7.0,20.0,,3.0,,,,,,,
63,81,Mesosphere Q1 Sprint 4 - 3/6,2,14,1,1,0,0,0,0,1,1,0,0,0,0,1,3,16.0,4.0,11.0,1.0,20.0,4.0,2.0,6.0,0.0,16.0,4.363636363636363,4.0,4.400413203738527,19.363636363636367,16.0,1.0,0.0,1.0,0.09090909090909091,0.0,0.2919371040605711,0.08522727272727272,1.0,0.0,0.0,1.0,0.45454545454545453,0.0,0.5056498968474316,0.2556818181818181,1.0,0.0,0.0,4.0,0.8181818181818182,1.0,1.0141050689692321,1.028409090909091,4.0,0.0,0.0,0.0,0.0,0.0,0.0,0.0,0.0,0.0,0.0,0.0,0.0,0.0,0.0,0.0,0.0,0.0,0.0,1.0,0.06060606060606061,0.0,0.24230584229877994,0.058712121212121215,1.0,0.0,0.0,1.0,0.030303030303030304,0.0,0.17407765595569785,0.030303030303030307,1.0,0.0,0.0,4.0,0.45454545454545453,0.0,0.7941547822570976,0.6306818181818181,4.0,0.0,11.0,22.0,1.0,,1.0,,,,,,
63,87,Twitter Mesos Q1 Sprint 3,-2,13,1,2,0,0,0,0,0,0,1,5,0,0,1,1,6.0,13.0,12.0,,29.0,3.0,,,0.0,6.0,1.5,0.0,2.079081683138325,4.32258064516129,6.0,0.0,0.0,7.0,0.84375,0.0,1.4167061980569235,2.007056451612903,7.0,0.0,0.0,1.0,0.71875,1.0,0.45680340939917435,0.2086693548387097,1.0,1.0,0.0,5.0,1.03125,0.0,1.3316101095557091,1.7731854838709677,5.0,0.0,0.0,0.0,0.0,0.0,0.0,0.0,0.0,0.0,0.0,0.0,0.0,0.0,0.0,0.0,0.0,0.0,0.0,1.0,0.09375,0.0,0.29614458108029906,0.08770161290322581,1.0,0.0,0.0,0.0,0.0,0.0,0.0,0.0,0.0,0.0,0.0,3.0,0.125,0.0,0.5535807194106618,0.3064516129032258,3.0,0.0,9.0,23.0,,,1.0,,,,,,
63,95,Mesosphere Q1 Sprint 5 - 3/20,-5,11,3,4,3,4,0,0,5,7,1,1,0,0,1,4,16.0,4.0,10.0,5.0,23.0,3.0,4.0,10.0,0.0,16.0,4.2926829268292686,4.0,3.995271595517784,15.96219512195122,16.0,1.0,0.0,1.0,0.0975609756097561,0.0,0.30040622902833486,0.09024390243902439,1.0,0.0,0.0,1.0,0.4146341463414634,0.0,0.49877899695644573,0.2487804878048781,1.0,0.0,0.0,4.0,0.6829268292682927,0.0,0.9066152544007823,0.8219512195121952,4.0,0.0,0.0,0.0,0.0,0.0,0.0,0.0,0.0,0.0,0.0,0.0,0.0,0.0,0.0,0.0,0.0,0.0,0.0,1.0,0.024390243902439025,0.0,0.15617376188860607,0.024390243902439025,1.0,0.0,0.0,0.0,0.0,0.0,0.0,0.0,0.0,0.0,0.0,6.0,0.9512195121951219,0.0,1.6725910963561166,2.7975609756097564,6.0,0.0,18.0,23.0,1.0,,6.0,,,,,,
63,102,Mesosphere Q1 Sprint 6 - 4/3,-1,14,3,4,0,0,1,1,1,2,1,1,0,0,1,2,14.0,3.0,11.0,5.0,28.0,1.0,2.0,8.0,0.0,10.0,3.230769230769231,2.0,2.8696372268572876,8.234817813765183,10.0,1.0,0.0,1.0,0.1794871794871795,0.0,0.38877641198447155,0.15114709851551955,1.0,0.0,0.0,1.0,0.3333333333333333,0.0,0.47756693294091923,0.22807017543859642,1.0,0.0,0.0,4.0,1.0769230769230769,1.0,1.3838279362279908,1.9149797570850204,4.0,0.0,0.0,0.0,0.0,0.0,0.0,0.0,0.0,0.0,0.0,0.0,0.0,0.0,0.0,0.0,0.0,0.0,0.0,1.0,0.02564102564102564,0.0,0.16012815380508716,0.02564102564102565,1.0,0.0,0.0,1.0,0.10256410256410256,0.0,0.30735474060472817,0.09446693657219973,1.0,0.0,0.0,5.0,0.6666666666666666,0.0,1.1994150621148918,1.4385964912280698,5.0,0.0,11.0,28.0,,4.0,2.0,,,,,,
63,106,Mesosphere Q1 Sprint 7 - 4/17,-3,14,3,5,1,1,1,1,2,4,1,1,0,0,1,3,9.0,3.0,9.0,10.0,27.0,1.0,5.0,8.0,0.0,10.0,3.4146341463414633,4.0,3.209171308578724,10.29878048780488,10.0,0.0,0.0,1.0,0.24390243902439024,0.0,0.43476935292624114,0.1890243902439024,1.0,0.0,0.0,1.0,0.2926829268292683,0.0,0.4606464174952623,0.21219512195121948,1.0,0.0,0.0,8.0,1.7073170731707317,0.0,2.6855530383798456,7.21219512195122,8.0,0.0,0.0,0.0,0.0,0.0,0.0,0.0,0.0,0.0,0.0,0.0,0.0,0.0,0.0,0.0,0.0,0.0,0.0,0.0,0.0,0.0,0.0,0.0,0.0,0.0,0.0,1.0,0.12195121951219512,0.0,0.33129457822453967,0.10975609756097562,1.0,0.0,0.0,5.0,0.6341463414634146,0.0,1.1780513053550685,1.3878048780487808,5.0,0.0,10.0,31.0,,2.0,8.0,,,,,,
63,108,Mesosphere Q2 Sprint 8 - 5/1,-2,14,1,2,0,0,0,0,0,0,1,2,0,0,1,2,13.0,3.0,8.0,8.0,22.0,1.0,3.0,8.0,0.0,12.0,4.235294117647059,4.5,3.5849755802339076,12.852049910873442,12.0,1.0,0.0,1.0,0.23529411764705882,0.0,0.4305615452020461,0.1853832442067736,1.0,0.0,0.0,1.0,0.4411764705882353,0.0,0.5039947372613783,0.25401069518716574,1.0,0.0,0.0,8.0,1.3823529411764706,0.0,2.3614929263825295,5.576648841354723,8.0,0.0,0.0,0.0,0.0,0.0,0.0,0.0,0.0,0.0,0.0,0.0,0.0,0.0,0.0,0.0,0.0,0.0,0.0,2.0,0.058823529411764705,0.0,0.34299717028501764,0.1176470588235294,2.0,0.0,0.0,1.0,0.029411764705882353,0.0,0.17149858514250882,0.02941176470588235,1.0,0.0,0.0,8.0,1.4705882352941178,0.0,2.415044941142128,5.832442067736186,8.0,0.0,8.0,26.0,,,2.0,,,,,,
63,115,Mesosphere Q1 Sprint 9 - 5/15,8,14,0,0,0,0,0,0,0,0,0,0,0,0,1,1,9.0,4.0,3.0,8.0,23.0,1.0,2.0,4.0,0.0,12.0,3.933333333333333,1.5,4.03376553208241,16.27126436781609,12.0,0.0,0.0,1.0,0.23333333333333334,0.0,0.4301830671520762,0.18505747126436772,1.0,0.0,0.0,1.0,0.43333333333333335,0.0,0.5040069329937308,0.25402298850574706,1.0,0.0,0.0,8.0,1.8333333333333333,1.0,2.4080802674978763,5.7988505747126435,8.0,0.0,0.0,0.0,0.0,0.0,0.0,0.0,0.0,0.0,0.0,0.0,0.0,0.0,0.0,0.0,0.0,0.0,0.0,2.0,0.13333333333333333,0.0,0.507416263404925,0.25747126436781614,2.0,0.0,0.0,1.0,0.03333333333333333,0.0,0.18257418583505536,0.033333333333333326,1.0,0.0,0.0,5.0,0.6,0.0,1.2757688689165259,1.6275862068965519,5.0,0.0,9.0,21.0,,4.0,2.0,,,,,,
63,118,Twitter Q2 Sprint 2,0,14,0,0,1,1,1,1,0,0,0,0,0,0,1,1,10.0,6.0,4.0,4.0,17.0,6.0,,1.0,0.0,5.0,0.6666666666666666,0.0,1.0901402648748688,1.188405797101449,5.0,0.0,0.0,2.0,0.375,0.0,0.6468989572333266,0.41847826086956524,2.0,0.0,0.0,1.0,0.5833333333333334,1.0,0.5036101551853349,0.2536231884057971,1.0,1.0,0.0,4.0,0.7083333333333334,0.0,1.0417028979206266,1.0851449275362317,4.0,0.0,0.0,0.0,0.0,0.0,0.0,0.0,0.0,0.0,0.0,0.0,0.0,0.0,0.0,0.0,0.0,0.0,0.0,1.0,0.08333333333333333,0.0,0.28232985128663995,0.07971014492753623,1.0,0.0,0.0,0.0,0.0,0.0,0.0,0.0,0.0,0.0,0.0,1.0,0.041666666666666664,0.0,0.20412414523193154,0.04166666666666668,1.0,0.0,17.0,7.0,,,,,,,,,
63,130,Mesosphere Sprint 10,11,10,1,2,0,0,0,0,0,0,0,0,1,3,1,3,11.0,10.0,4.0,3.0,25.0,6.0,2.0,6.0,0.0,10.0,2.4615384615384617,1.0,2.9986501686605753,8.991902834008096,10.0,0.0,0.0,1.0,0.20512820512820512,0.0,0.4090738692453055,0.16734143049932526,1.0,0.0,0.0,1.0,0.2564102564102564,0.0,0.44235903005475674,0.1956815114709852,1.0,0.0,0.0,4.0,0.9743589743589743,0.0,1.2667234876096987,1.6045883940620784,4.0,0.0,0.0,0.0,0.0,0.0,0.0,0.0,0.0,0.0,0.0,0.0,0.0,0.0,0.0,0.0,0.0,0.0,0.0,2.0,0.15384615384615385,0.0,0.488739600156498,0.2388663967611335,2.0,0.0,0.0,1.0,0.07692307692307693,0.0,0.2699527623995085,0.0728744939271255,1.0,0.0,0.0,5.0,0.9487179487179487,0.0,1.503482237808684,2.2604588394062084,5.0,0.0,18.0,21.0,,5.0,6.0,,,,,,
63,132,Twitter Q2 Sprint 3,9,13,0,0,0,0,0,0,0,0,0,0,0,0,1,3,9.0,29.0,6.0,,44.0,,,,0.0,14.0,1.1818181818181819,1.0,2.1703362430816626,4.710359408033826,14.0,0.0,0.0,2.0,0.4318181818181818,0.0,0.586583615750035,0.34408033826638473,2.0,0.0,0.0,1.0,0.4772727272727273,0.0,0.5052577681363806,0.25528541226215645,1.0,0.0,0.0,3.0,0.38636363636363635,0.0,0.8412589981110147,0.7077167019027483,3.0,0.0,0.0,0.0,0.0,0.0,0.0,0.0,0.0,0.0,0.0,0.0,0.0,0.0,0.0,0.0,0.0,0.0,0.0,1.0,0.09090909090909091,0.0,0.29080336345115265,0.08456659619450319,1.0,0.0,0.0,0.0,0.0,0.0,0.0,0.0,0.0,0.0,0.0,4.0,0.5227272727272727,0.0,1.2480428653125284,1.5576109936575058,4.0,0.0,18.0,26.0,,,,,,,,,
63,134,Mesosphere Sprint 11,0,13,0,0,4,18,0,0,4,18,0,0,0,0,1,4,12.0,12.0,4.0,3.0,27.0,6.0,2.0,8.0,0.0,26.0,3.3488372093023258,1.0,4.623355413808464,21.37541528239203,26.0,1.0,0.0,1.0,0.18604651162790697,0.0,0.3937496154790789,0.15503875968992248,1.0,0.0,0.0,1.0,0.3023255813953488,0.0,0.4647008111181006,0.21594684385382057,1.0,0.0,0.0,5.0,1.1627906976744187,0.0,1.4130384781964669,1.996677740863787,5.0,0.0,0.0,0.0,0.0,0.0,0.0,0.0,0.0,0.0,0.0,0.0,0.0,0.0,0.0,0.0,0.0,0.0,0.0,2.0,0.13953488372093023,0.0,0.46707781287271866,0.2181616832779624,2.0,0.0,0.0,1.0,0.06976744186046512,0.0,0.2577696311132336,0.06644518272425251,1.0,0.0,0.0,5.0,1.0930232558139534,1.0,1.4770297332077047,2.1816168327796235,5.0,0.0,19.0,24.0,,5.0,7.0,,,,,,
63,141,Twitter Mesos Q2 Sprint 5,1,14,1,5,1,3,1,3,1,5,0,0,0,0,1,2,7.0,26.0,10.0,,30.0,9.0,,3.0,0.0,12.0,1.8604651162790697,1.0,2.3358632069051475,5.456256921373201,12.0,0.0,0.0,2.0,0.37209302325581395,0.0,0.5783085275572238,0.33444075304540427,2.0,0.0,0.0,1.0,0.5116279069767442,1.0,0.5057805388588732,0.2558139534883721,1.0,1.0,0.0,4.0,0.5813953488372093,0.0,1.028928201936246,1.0586932447397561,4.0,0.0,0.0,0.0,0.0,0.0,0.0,0.0,0.0,0.0,0.0,0.0,0.0,0.0,0.0,0.0,0.0,0.0,0.0,1.0,0.16279069767441862,0.0,0.3735436838188142,0.13953488372093023,1.0,0.0,0.0,0.0,0.0,0.0,0.0,0.0,0.0,0.0,0.0,2.0,0.2558139534883721,0.0,0.49246818876301196,0.24252491694352157,2.0,0.0,24.0,19.0,1.0,,,,,,,,
63,142,Mesosphere Sprint 12,1,14,0,0,8,25,8,25,0,0,0,0,0,0,1,4,10.0,26.0,28.0,4.0,66.0,6.0,1.0,13.0,0.0,32.0,3.7790697674418605,2.0,5.2140109045457805,27.185909712722307,32.0,0.0,0.0,1.0,0.1511627906976744,0.0,0.3603084254117694,0.12982216142270858,1.0,0.0,0.0,1.0,0.3488372093023256,0.0,0.47939770694352374,0.22982216142270864,1.0,0.0,0.0,5.0,0.8837209302325582,1.0,1.0999315984204794,1.2098495212038307,5.0,0.0,0.0,0.0,0.0,0.0,0.0,0.0,0.0,0.0,0.0,0.0,0.0,0.0,0.0,0.0,0.0,0.0,0.0,2.0,0.06976744186046512,0.0,0.2986517812719495,0.08919288645690837,2.0,0.0,0.0,1.0,0.023255813953488372,0.0,0.15159886590034527,0.022982216142270865,1.0,0.0,0.0,5.0,0.813953488372093,0.0,1.4512601251162365,2.1061559507523944,5.0,0.0,48.0,38.0,,8.0,8.0,2.0,,,,,
63,143,Mesosphere Sprint 13,-15,14,3,24,3,14,4,22,2,16,0,0,0,0,1,12,41.0,52.0,47.0,4.0,136.0,16.0,,16.0,0.0,14.0,1.971264367816092,0.0,3.3408111591920253,11.161019201381963,14.0,0.0,0.0,2.0,0.11494252873563218,0.0,0.3374603331456124,0.11387947644674773,2.0,0.0,0.0,1.0,0.40804597701149425,0.0,0.49289011797166987,0.24294066839412665,1.0,0.0,0.0,5.0,0.6379310344827587,0.0,1.0148881745182363,1.0299980067769583,5.0,0.0,0.0,0.0,0.0,0.0,0.0,0.0,0.0,0.0,0.0,0.0,0.0,0.0,0.0,0.0,0.0,0.0,0.0,3.0,0.05172413793103448,0.0,0.344523485601135,0.11869643213075548,3.0,0.0,0.0,1.0,0.09770114942528736,0.0,0.2977670313680973,0.08866520496976944,1.0,0.0,0.0,6.0,0.41379310344827586,0.0,1.1384171562684158,1.2959936216862666,6.0,0.0,105.0,69.0,6.0,12.0,16.0,2.0,,,,,
63,150,Twitter Mesos Q2 Sprint 6,1,14,2,11,4,14,1,8,5,17,0,0,0,0,1,7,25.0,27.0,16.0,,63.0,3.0,,6.0,0.0,9.0,1.6527777777777777,1.0,2.0360118584993363,4.145344287949922,9.0,0.0,0.0,2.0,0.19444444444444445,0.0,0.46387494942181934,0.21517996870109546,2.0,0.0,0.0,1.0,0.5138888888888888,1.0,0.503314522547481,0.2533255086071987,1.0,1.0,0.0,4.0,0.9722222222222222,0.0,1.209961263752236,1.4640062597809076,4.0,0.0,0.0,0.0,0.0,0.0,0.0,0.0,0.0,0.0,0.0,0.0,0.0,0.0,0.0,0.0,0.0,0.0,0.0,7.0,0.5138888888888888,0.0,1.6184939578836215,2.61952269170579,7.0,0.0,0.0,1.0,0.013888888888888888,0.0,0.11785113019775795,0.013888888888888895,1.0,0.0,0.0,3.0,0.4583333333333333,0.0,0.8381317251675863,0.7024647887323944,3.0,0.0,46.0,26.0,,4.0,,,,,,,
63,154,Mesosphere Sprint 14,-1,14,0,0,16,73,12,66,4,7,0,0,0,0,1,14,56.0,63.0,48.0,4.0,141.0,17.0,,18.0,0.0,13.0,2.4739583333333335,1.0,3.3251932130349906,11.056909904013963,13.0,0.0,0.0,2.0,0.15625,0.0,0.4176254239918804,0.1744109947643979,2.0,0.0,0.0,1.0,0.15104166666666666,0.0,0.35902567151914516,0.12889943280977312,1.0,0.0,0.0,6.0,0.8020833333333334,0.0,1.4334799429869602,2.0548647469458987,6.0,0.0,0.0,0.0,0.0,0.0,0.0,0.0,0.0,0.0,0.0,0.0,0.0,0.0,0.0,0.0,0.0,0.0,0.0,3.0,0.3385416666666667,0.0,0.748453175103735,0.5601821553228622,3.0,0.0,0.0,1.0,0.0625,0.0,0.24269430063396508,0.058900523560209424,1.0,0.0,0.0,4.0,0.5104166666666666,0.0,0.9036840441536746,0.8166448516579407,4.0,0.0,104.0,88.0,16.0,9.0,8.0,4.0,,,,,
63,155,Twitter Mesos Q3 Sprint 1,-19,14,5,20,1,8,0,0,6,28,0,0,0,0,1,3,29.0,14.0,14.0,,53.0,,,,0.0,7.0,2.0350877192982457,2.0,2.0525673147192114,4.213032581453634,7.0,0.0,0.0,2.0,0.24561403508771928,0.0,0.5099265267238424,0.2600250626566416,2.0,0.0,0.0,1.0,0.49122807017543857,0.0,0.5043668951391246,0.25438596491228066,1.0,0.0,0.0,4.0,1.1228070175438596,1.0,1.2687194815273461,1.6096491228070178,4.0,0.0,0.0,0.0,0.0,0.0,0.0,0.0,0.0,0.0,0.0,0.0,0.0,0.0,0.0,0.0,0.0,0.0,0.0,7.0,0.7017543859649122,0.0,1.7924933978828579,3.2130325814536334,7.0,0.0,0.0,0.0,0.0,0.0,0.0,0.0,0.0,0.0,0.0,2.0,0.47368421052631576,0.0,0.7344887229975191,0.5394736842105263,2.0,0.0,27.0,30.0,4.0,,,,,,,,
64,84,Sharan - Jira Test Sprint,-4,7,4,8,2,4,1,2,4,8,0,0,1,2,1,4,3.0,6.0,6.0,,12.0,6.0,,,0.0,142.0,32.666666666666664,13.0,50.82727382720701,2583.411764705883,142.0,142.0,0.0,4.0,2.0,1.5,1.5718104959867516,2.4705882352941178,4.0,1.0,0.0,3.0,1.1666666666666667,1.0,1.0981267472114393,1.2058823529411764,3.0,0.0,0.0,3.0,0.8333333333333334,0.5,1.098126747211439,1.205882352941176,3.0,0.0,0.0,0.0,0.0,0.0,0.0,0.0,0.0,0.0,0.0,0.0,0.0,0.0,0.0,0.0,0.0,0.0,0.0,4.0,1.6666666666666667,1.0,1.4142135623730951,2.0,4.0,1.0,0.0,2.0,0.3333333333333333,0.0,0.7669649888473704,0.5882352941176471,2.0,0.0,0.0,2.0,0.8333333333333334,1.0,0.7071067811865475,0.4999999999999999,2.0,1.0,12.0,6.0,,,,3.0,,,,,
64,96,Community Day 1 - 2015,-8,4,3,6,13,26,0,0,2,4,3,6,11,22,1,7,3.0,21.0,30.0,,87.0,6.0,3.0,,0.0,19.0,3.25,1.0,4.715037534036015,22.231578947368423,19.0,0.0,0.0,10.0,1.375,1.0,1.6811650095911717,2.8263157894736843,10.0,1.0,0.0,4.0,1.03125,0.0,1.4970365463316624,2.2411184210526316,4.0,0.0,0.0,5.0,0.53125,0.0,1.0047584155826765,1.0095394736842105,5.0,0.0,0.0,0.0,0.0,0.0,0.0,0.0,0.0,0.0,0.0,0.0,0.0,0.0,0.0,0.0,0.0,0.0,0.0,8.0,1.0625,0.0,1.9456429055172157,3.7855263157894736,8.0,0.0,0.0,0.0,0.0,0.0,0.0,0.0,0.0,0.0,0.0,3.0,0.28125,0.0,0.6759496244076493,0.4569078947368421,3.0,0.0,66.0,30.0,,,,,42.0,,,,
64,145,Community Day 2 - 2015,-22,3,16,32,18,36,0,0,10,20,3,6,21,42,1,10,,51.0,63.0,,60.0,87.0,12.0,,0.0,17.0,4.037735849056604,3.0,3.788534990312302,14.352997372820631,17.0,2.0,0.0,3.0,0.7924528301886793,1.0,0.7881678136715315,0.621208502507762,3.0,1.0,0.0,4.0,0.5660377358490566,0.0,0.9448615321954267,0.8927633150226894,4.0,0.0,0.0,6.0,1.0377358490566038,0.0,2.015405203008642,4.061858132314305,6.0,0.0,0.0,0.0,0.0,0.0,0.0,0.0,0.0,0.0,0.0,0.0,0.0,0.0,0.0,0.0,0.0,0.0,0.0,5.0,0.4528301886792453,0.0,1.0231380940954182,1.0468115595892047,5.0,0.0,0.0,1.0,0.05660377358490566,0.0,0.2318140628445681,0.053737759732505365,1.0,0.0,0.0,2.0,0.3018867924528302,0.0,0.6033106656233059,0.3639837592548364,2.0,0.0,99.0,60.0,,,,,45.0,,,,
68,77,Sprint 11,-6,7,0,0,7,14,1,2,0,0,4,8,2,4,1,5,4.0,2.0,1.0,,7.0,,,,0.0,11.0,2.142857142857143,1.0,3.9761191895520196,15.809523809523808,11.0,0.0,0.0,0.0,0.0,0.0,0.0,0.0,0.0,0.0,0.0,1.0,0.42857142857142855,0.0,0.5345224838248487,0.28571428571428564,1.0,0.0,0.0,2.0,0.5714285714285714,0.0,0.7867957924694432,0.6190476190476191,2.0,0.0,0.0,0.0,0.0,0.0,0.0,0.0,0.0,0.0,0.0,0.0,0.0,0.0,0.0,0.0,0.0,0.0,0.0,3.0,0.5714285714285714,0.0,1.133893419027682,1.285714285714286,3.0,0.0,0.0,0.0,0.0,0.0,0.0,0.0,0.0,0.0,0.0,0.0,0.0,0.0,0.0,0.0,0.0,0.0,4.0,3.0,,,,,,,,,
68,110,Sprint 12,4,14,0,0,0,0,0,0,0,0,0,0,0,0,1,4,3.0,3.0,1.0,,10.0,1.0,,,0.0,11.0,1.0,0.0,3.3166247903554,11.0,11.0,0.0,0.0,1.0,0.18181818181818182,0.0,0.4045199174779452,0.16363636363636358,1.0,0.0,0.0,1.0,0.5454545454545454,1.0,0.5222329678670935,0.2727272727272727,1.0,1.0,0.0,6.0,0.6363636363636364,0.0,1.8040358795061295,3.254545454545454,6.0,0.0,0.0,0.0,0.0,0.0,0.0,0.0,0.0,0.0,0.0,0.0,0.0,0.0,0.0,0.0,0.0,0.0,0.0,1.0,0.09090909090909091,0.0,0.3015113445777636,0.09090909090909088,1.0,0.0,0.0,0.0,0.0,0.0,0.0,0.0,0.0,0.0,0.0,0.0,0.0,0.0,0.0,0.0,0.0,0.0,5.0,6.0,,,,,4.0,,,,
68,111,Sprint 39,8,13,0,0,0,0,0,0,0,0,0,0,0,0,1,2,3.0,7.0,2.0,,12.0,2.0,,,0.0,11.0,0.7857142857142857,0.0,2.939873661036668,8.642857142857142,11.0,0.0,0.0,1.0,0.21428571428571427,0.0,0.42581531362632,0.18131868131868129,1.0,0.0,0.0,1.0,0.5714285714285714,1.0,0.5135525910130955,0.26373626373626374,1.0,1.0,0.0,6.0,1.0,0.5,1.6172150801252798,2.6153846153846154,6.0,0.0,0.0,0.0,0.0,0.0,0.0,0.0,0.0,0.0,0.0,0.0,0.0,0.0,0.0,0.0,0.0,0.0,0.0,1.0,0.07142857142857142,0.0,0.26726124191242434,0.07142857142857141,1.0,0.0,0.0,0.0,0.0,0.0,0.0,0.0,0.0,0.0,0.0,0.0,0.0,0.0,0.0,0.0,0.0,0.0,7.0,7.0,,,,,,,2.0,,
68,119,Sprint 40,0,13,0,0,8,16,1,2,4,8,2,4,1,2,1,5,2.0,5.0,3.0,,17.0,1.0,,,0.0,11.0,0.7777777777777778,0.0,2.6021609923418185,6.771241830065358,11.0,0.0,0.0,1.0,0.2777777777777778,0.0,0.4608885989624768,0.2124183006535948,1.0,0.0,0.0,1.0,0.6111111111111112,1.0,0.5016313257045502,0.2516339869281045,1.0,1.0,0.0,6.0,0.5555555555555556,0.0,1.4234267774809048,2.026143790849673,6.0,0.0,0.0,0.0,0.0,0.0,0.0,0.0,0.0,0.0,0.0,0.0,0.0,0.0,0.0,0.0,0.0,0.0,0.0,1.0,0.1111111111111111,0.0,0.32338083338177726,0.1045751633986928,1.0,0.0,0.0,0.0,0.0,0.0,0.0,0.0,0.0,0.0,0.0,0.0,0.0,0.0,0.0,0.0,0.0,0.0,13.0,5.0,,,,,7.0,,1.0,,
68,120,Sprint 41,16,13,1,2,0,0,0,0,1,2,0,0,0,0,1,4,2.0,8.0,2.0,,19.0,1.0,,,0.0,4.0,0.4,0.0,1.046296727561194,1.0947368421052635,4.0,0.0,0.0,3.0,0.35,0.0,0.7451598203705947,0.5552631578947369,3.0,0.0,0.0,2.0,0.6,1.0,0.5982430416161189,0.3578947368421053,2.0,1.0,0.0,6.0,0.65,0.0,1.5652475842498528,2.4499999999999997,6.0,0.0,0.0,0.0,0.0,0.0,0.0,0.0,0.0,0.0,0.0,0.0,0.0,0.0,0.0,0.0,0.0,0.0,0.0,1.0,0.1,0.0,0.30779350562554625,0.09473684210526317,1.0,0.0,0.0,0.0,0.0,0.0,0.0,0.0,0.0,0.0,0.0,1.0,0.05,0.0,0.22360679774997894,0.04999999999999999,1.0,0.0,17.0,3.0,,,,,7.0,,1.0,,
68,121,Sprint 42,-2,13,0,0,11,22,3,6,6,12,0,0,2,4,1,6,2.0,9.0,6.0,,33.0,2.0,,,0.0,4.0,0.37142857142857144,0.0,0.9420164319072112,0.8873949579831933,4.0,0.0,0.0,2.0,0.37142857142857144,0.0,0.5469549011258115,0.2991596638655462,2.0,0.0,0.0,2.0,0.9428571428571428,1.0,0.4815939919779354,0.2319327731092437,2.0,1.0,0.0,6.0,0.4,0.0,1.1167178800079327,1.2470588235294116,6.0,0.0,0.0,0.0,0.0,0.0,0.0,0.0,0.0,0.0,0.0,0.0,0.0,0.0,0.0,0.0,0.0,0.0,0.0,4.0,0.3142857142857143,0.0,0.7581490064402819,0.5747899159663866,4.0,0.0,0.0,0.0,0.0,0.0,0.0,0.0,0.0,0.0,0.0,2.0,0.22857142857142856,0.0,0.5983169672316765,0.357983193277311,2.0,0.0,23.0,12.0,,,,,15.0,,3.0,,
68,135,Sprint 43,-22,10,16,32,6,12,4,8,14,28,0,0,4,8,1,5,2.0,10.0,10.0,,39.0,2.0,,,0.0,4.0,0.34146341463414637,0.0,0.8834522085987724,0.7804878048780488,4.0,0.0,0.0,2.0,0.4146341463414634,0.0,0.6314906870294115,0.39878048780487807,2.0,0.0,0.0,2.0,0.9024390243902439,1.0,0.5387428908477814,0.2902439024390244,2.0,1.0,0.0,2.0,0.2926829268292683,0.0,0.6018264882432639,0.3621951219512195,2.0,0.0,0.0,0.0,0.0,0.0,0.0,0.0,0.0,0.0,0.0,0.0,0.0,0.0,0.0,0.0,0.0,0.0,0.0,3.0,0.5853658536585366,0.0,0.8054691103977099,0.6487804878048781,3.0,0.0,0.0,0.0,0.0,0.0,0.0,0.0,0.0,0.0,0.0,2.0,0.2926829268292683,0.0,0.6798493376853577,0.4621951219512196,2.0,0.0,29.0,12.0,,,,,15.0,,3.0,1.0,
70,1,Usergrid 0,14,14,0,0,0,0,0,0,0,0,0,0,0,0,1,1,,2.0,2.0,,36.0,,,,0.0,3.0,0.16666666666666666,0.0,0.6969320524371697,0.48571428571428593,3.0,0.0,0.0,6.0,0.19444444444444445,0.0,1.0090857090723109,1.0182539682539686,6.0,0.0,0.0,2.0,1.0277777777777777,1.0,0.446325384900242,0.19920634920634914,2.0,1.0,0.0,5.0,0.3888888888888889,0.0,1.177837674427842,1.387301587301587,5.0,0.0,0.0,0.0,0.0,0.0,0.0,0.0,0.0,0.0,0.0,0.0,0.0,0.0,0.0,0.0,0.0,0.0,0.0,1.0,0.027777777777777776,0.0,0.16666666666666663,0.02777777777777777,1.0,0.0,0.0,0.0,0.0,0.0,0.0,0.0,0.0,0.0,0.0,0.0,0.0,0.0,0.0,0.0,0.0,0.0,24.0,12.0,,32.0,,,,,,,
70,60,Usergrid 1,-18,14,11,28,2,4,0,0,8,22,0,0,5,10,1,6,,4.0,,,28.0,,,,0.0,9.0,2.0714285714285716,1.0,2.992937011978695,8.957671957671957,9.0,0.0,0.0,0.0,0.0,0.0,0.0,0.0,0.0,0.0,1.0,2.0,1.2142857142857142,1.0,0.41785544701867255,0.17460317460317465,1.0,1.0,0.0,5.0,0.35714285714285715,0.0,1.3113263207824053,1.71957671957672,5.0,0.0,0.0,0.0,0.0,0.0,0.0,0.0,0.0,0.0,0.0,0.0,0.0,0.0,0.0,0.0,0.0,0.0,0.0,1.0,0.07142857142857142,0.0,0.262265264156481,0.06878306878306877,1.0,0.0,0.0,0.0,0.0,0.0,0.0,0.0,0.0,0.0,0.0,5.0,0.7142857142857143,0.0,1.3569339855976197,1.8412698412698414,5.0,0.0,22.0,6.0,,24.0,,,,,,,
70,61,Usergrid 2,-30,14,9,24,4,8,0,0,3,12,5,10,5,10,1,5,,,18.0,,36.0,,,,0.0,3.0,0.8888888888888888,1.0,0.9495195109039632,0.9015873015873016,3.0,0.0,0.0,0.0,0.0,0.0,0.0,0.0,0.0,0.0,1.0,2.0,1.1666666666666667,1.0,0.3779644730092272,0.14285714285714282,1.0,1.0,0.0,5.0,0.2777777777777778,0.0,1.161553420728616,1.349206349206349,5.0,0.0,0.0,0.0,0.0,0.0,0.0,0.0,0.0,0.0,0.0,0.0,0.0,0.0,0.0,0.0,0.0,0.0,0.0,1.0,0.05555555555555555,0.0,0.2323106841457232,0.05396825396825397,1.0,0.0,0.0,0.0,0.0,0.0,0.0,0.0,0.0,0.0,0.0,5.0,0.5555555555555556,0.0,1.3189702573153572,1.7396825396825397,5.0,0.0,30.0,6.0,,18.0,,,,,,,
70,64,Usergrid 3,-40,14,18,42,2,4,0,0,13,32,1,2,6,12,1,5,,,18.0,,40.0,,,,0.0,3.0,1.15,1.0,1.0753651735156093,1.1564102564102565,3.0,0.0,0.0,0.0,0.0,0.0,0.0,0.0,0.0,0.0,0.0,2.0,1.1,1.0,0.4414428557263045,0.19487179487179487,2.0,1.0,0.0,5.0,0.3,0.0,1.1140133037920334,1.2410256410256413,5.0,0.0,0.0,0.0,0.0,0.0,0.0,0.0,0.0,0.0,0.0,0.0,0.0,0.0,0.0,0.0,0.0,0.0,0.0,1.0,0.15,0.0,0.36162028533978946,0.13076923076923075,1.0,0.0,0.0,0.0,0.0,0.0,0.0,0.0,0.0,0.0,0.0,5.0,0.55,0.0,1.259833118781804,1.587179487179487,5.0,0.0,34.0,6.0,,22.0,,,,,,,
70,70,Usergrid 4,-58,14,28,66,0,0,0,0,25,60,1,2,2,4,1,6,,4.0,16.0,4.0,56.0,2.0,,,0.0,8.0,1.4827586206896552,1.0,1.7294292670810971,2.9909255898366607,8.0,0.0,0.0,1.0,0.06896551724137931,0.0,0.255608593705383,0.06533575317604357,1.0,0.0,0.0,2.0,1.1379310344827587,1.0,0.6337932548529975,0.40169388989715665,2.0,1.0,0.0,8.0,0.6551724137931034,0.0,1.7019258867935263,2.8965517241379306,8.0,0.0,0.0,0.0,0.0,0.0,0.0,0.0,0.0,0.0,0.0,0.0,0.0,0.0,0.0,0.0,0.0,0.0,0.0,3.0,0.27586206896551724,0.0,0.643267520902677,0.41379310344827597,3.0,0.0,0.0,1.0,0.034482758620689655,0.0,0.18405922400991945,0.03387779794313371,1.0,0.0,0.0,5.0,0.5517241379310345,0.0,1.1109094392497327,1.2341197822141559,5.0,0.0,42.0,16.0,,32.0,,,,2.0,,,
70,71,Usergrid 5,-50,14,24,58,0,0,0,0,20,50,0,0,4,8,1,6,,4.0,16.0,4.0,54.0,,,,0.0,5.0,1.1111111111111112,1.0,1.2387861780664788,1.5345911949685536,5.0,1.0,0.0,1.0,0.037037037037037035,0.0,0.19062587709298623,0.03633822501747029,1.0,0.0,0.0,2.0,1.1481481481481481,1.0,0.4517223812403886,0.20405310971348697,2.0,1.0,0.0,8.0,0.7407407407407407,0.0,1.750311941849387,3.063591893780572,8.0,0.0,0.0,0.0,0.0,0.0,0.0,0.0,0.0,0.0,0.0,0.0,0.0,0.0,0.0,0.0,0.0,0.0,0.0,3.0,0.18518518518518517,0.0,0.616566086193771,0.3801537386443046,3.0,0.0,0.0,0.0,0.0,0.0,0.0,0.0,0.0,0.0,0.0,5.0,0.4074074074074074,0.0,1.0373863842044457,1.076170510132774,5.0,0.0,46.0,8.0,,24.0,,,,6.0,,,
70,78,Usergrid 6,-66,8,25,61,2,11,0,0,24,64,1,2,2,6,1,6,,,16.0,6.0,58.0,,,,0.0,5.0,0.6896551724137931,0.0,1.1877576773317424,1.4107683000604958,5.0,0.0,0.0,0.0,0.0,0.0,0.0,0.0,0.0,0.0,0.0,2.0,0.9655172413793104,1.0,0.5608739183890605,0.31457955232909857,2.0,1.0,0.0,8.0,0.5862068965517241,0.0,1.510599773514175,2.2819116757410765,8.0,0.0,0.0,0.0,0.0,0.0,0.0,0.0,0.0,0.0,0.0,0.0,0.0,0.0,0.0,0.0,0.0,0.0,0.0,1.0,0.13793103448275862,0.0,0.34783923802698247,0.12099213551119176,1.0,0.0,0.0,0.0,0.0,0.0,0.0,0.0,0.0,0.0,0.0,3.0,0.6551724137931034,0.0,0.9652147136446775,0.9316394434361768,3.0,0.0,52.0,6.0,,34.0,,,,2.0,,,
70,79,Usergrid 7,-81,14,28,75,2,8,0,0,25,67,0,0,5,16,1,6,,,12.0,6.0,62.0,,,,0.0,5.0,0.7419354838709677,0.0,1.253656734869712,1.5716552088841875,5.0,0.0,0.0,0.0,0.0,0.0,0.0,0.0,0.0,0.0,0.0,2.0,1.0,1.0,0.5725983343138682,0.32786885245901637,2.0,1.0,0.0,8.0,0.5806451612903226,0.0,1.465990261153148,2.149127445795875,8.0,0.0,0.0,0.0,0.0,0.0,0.0,0.0,0.0,0.0,0.0,0.0,0.0,0.0,0.0,0.0,0.0,0.0,0.0,1.0,0.16129032258064516,0.0,0.37080101097607315,0.13749338974087794,1.0,0.0,0.0,0.0,0.0,0.0,0.0,0.0,0.0,0.0,0.0,4.0,0.8064516129032258,0.0,1.1851362192912864,1.404547858276044,4.0,0.0,50.0,12.0,,42.0,,,,2.0,,,
70,82,Usergrid 8,-4,14,30,83,6,22,5,19,26,72,4,11,1,3,1,6,,,12.0,6.0,90.0,,,4.0,0.0,3.0,0.5319148936170213,0.0,0.8513383222406822,0.7247769389155796,3.0,0.0,0.0,0.0,0.0,0.0,0.0,0.0,0.0,0.0,0.0,2.0,0.8723404255319149,1.0,0.6087894307856995,0.3706245710363759,2.0,1.0,0.0,8.0,0.9361702127659575,0.0,1.5849324848298023,2.5120109814687717,8.0,0.0,0.0,0.0,0.0,0.0,0.0,0.0,0.0,0.0,0.0,0.0,0.0,0.0,0.0,0.0,0.0,0.0,0.0,1.0,0.1276595744680851,0.0,0.3354997092507591,0.1125600549073439,1.0,0.0,0.0,1.0,0.02127659574468085,0.0,0.14507865158346242,0.021047815145275685,1.0,0.0,0.0,5.0,0.9787234042553191,1.0,1.2866454124178168,1.6554564172958137,5.0,0.0,72.0,22.0,,74.0,,,,2.0,,,
70,83,Usergrid 9,-12,6,13,36,2,6,1,3,12,33,1,3,1,3,1,6,,,12.0,6.0,40.0,2.0,,2.0,0.0,5.0,0.5416666666666666,0.0,1.3039764606499145,1.7003546099290778,5.0,0.0,0.0,0.0,0.0,0.0,0.0,0.0,0.0,0.0,0.0,1.0,0.8333333333333334,1.0,0.3766217885773547,0.14184397163120566,1.0,1.0,0.0,8.0,1.0,0.0,1.86798332490621,3.4893617021276597,8.0,0.0,0.0,0.0,0.0,0.0,0.0,0.0,0.0,0.0,0.0,0.0,0.0,0.0,0.0,0.0,0.0,0.0,0.0,0.0,0.0,0.0,0.0,0.0,0.0,0.0,0.0,1.0,0.041666666666666664,0.0,0.20194093652345887,0.04078014184397164,1.0,0.0,0.0,5.0,1.0833333333333333,0.0,1.5956501154012874,2.546099290780142,5.0,0.0,28.0,20.0,4.0,28.0,,,,2.0,,,
70,97,Usergrid 10,1,7,5,18,2,6,0,0,4,15,1,3,2,6,1,5,,,10.0,8.0,40.0,,,4.0,0.0,5.0,0.5833333333333334,0.0,1.199881790868058,1.4397163120567378,5.0,0.0,0.0,0.0,0.0,0.0,0.0,0.0,0.0,0.0,0.0,1.0,0.75,1.0,0.4375949744936837,0.19148936170212766,1.0,1.0,0.0,8.0,0.75,0.0,1.7805091311075736,3.1702127659574466,8.0,0.0,0.0,0.0,0.0,0.0,0.0,0.0,0.0,0.0,0.0,0.0,0.0,0.0,0.0,0.0,0.0,0.0,0.0,1.0,0.041666666666666664,0.0,0.20194093652345887,0.04078014184397164,1.0,0.0,0.0,0.0,0.0,0.0,0.0,0.0,0.0,0.0,0.0,11.0,0.9583333333333334,0.0,2.3243240457181407,5.402482269503546,11.0,0.0,32.0,16.0,4.0,28.0,,,,2.0,,,
70,98,Usergrid 11,-6,14,9,27,11,29,5,14,4,15,3,7,8,20,1,6,,,20.0,,45.0,2.0,,4.0,0.0,3.0,0.5471698113207547,0.0,0.889382623722102,0.7910014513788101,3.0,0.0,0.0,0.0,0.0,0.0,0.0,0.0,0.0,0.0,0.0,1.0,0.4528301886792453,0.0,0.5025334943237828,0.25253991291727146,1.0,0.0,0.0,5.0,0.7169811320754716,0.0,1.3780889567491927,1.8991291727140782,5.0,0.0,0.0,0.0,0.0,0.0,0.0,0.0,0.0,0.0,0.0,0.0,0.0,0.0,0.0,0.0,0.0,0.0,0.0,1.0,0.03773584905660377,0.0,0.19238024756109728,0.03701015965166908,1.0,0.0,0.0,0.0,0.0,0.0,0.0,0.0,0.0,0.0,0.0,11.0,0.8301886792452831,0.0,2.190327065993392,4.797532656023222,11.0,0.0,35.0,18.0,2.0,33.0,,,,,,,
70,103,Usergrid 12,-29,14,15,44,1,2,1,2,4,10,6,18,5,16,1,5,,,26.0,,30.0,2.0,,2.0,0.0,8.0,1.1111111111111112,0.0,1.9387444799999198,3.758730158730159,8.0,0.0,0.0,1.0,0.05555555555555555,0.0,0.2323106841457232,0.053968253968253964,1.0,0.0,0.0,1.0,0.2222222222222222,0.0,0.42163702135578396,0.1777777777777778,1.0,0.0,0.0,5.0,0.8333333333333334,0.0,1.4040757000349273,1.971428571428571,5.0,0.0,0.0,0.0,0.0,0.0,0.0,0.0,0.0,0.0,0.0,0.0,0.0,0.0,0.0,0.0,0.0,0.0,0.0,0.0,0.0,0.0,0.0,0.0,0.0,0.0,0.0,1.0,0.05555555555555555,0.0,0.2323106841457232,0.05396825396825397,1.0,0.0,0.0,2.0,0.2777777777777778,0.0,0.5662463427121809,0.3206349206349206,2.0,0.0,26.0,10.0,2.0,10.0,,,,,,,
70,107,Usergrid 13,0,14,15,33,5,18,5,21,15,30,0,0,0,0,1,7,,,24.0,,45.0,4.0,,4.0,0.0,9.0,1.528301886792453,1.0,2.117725317999568,4.484760522496372,9.0,0.0,0.0,1.0,0.11320754716981132,0.0,0.31987842392976584,0.10232220609579099,1.0,0.0,0.0,1.0,0.5283018867924528,1.0,0.5039754872284373,0.25399129172714074,1.0,1.0,0.0,5.0,0.6037735849056604,0.0,1.1492409307804572,1.3207547169811318,5.0,0.0,0.0,0.0,0.0,0.0,0.0,0.0,0.0,0.0,0.0,0.0,0.0,0.0,0.0,0.0,0.0,0.0,0.0,1.0,0.03773584905660377,0.0,0.1923802475610973,0.03701015965166909,1.0,0.0,0.0,0.0,0.0,0.0,0.0,0.0,0.0,0.0,0.0,10.0,0.8113207547169812,0.0,2.010133977295131,4.0406386066763424,10.0,0.0,31.0,22.0,,29.0,,,,,,,
70,109,Usergrid 14,-28,14,22,53,1,5,2,6,18,41,1,5,2,6,1,6,,,16.0,,39.0,4.0,,8.0,0.0,10.0,1.1372549019607843,0.0,2.2092497173758994,4.88078431372549,10.0,0.0,0.0,1.0,0.0784313725490196,0.0,0.2715243823233531,0.07372549019607842,1.0,0.0,0.0,1.0,0.47058823529411764,0.0,0.5041008302500836,0.25411764705882356,1.0,0.0,0.0,3.0,0.3137254901960784,0.0,0.7345800454254492,0.5396078431372551,3.0,0.0,0.0,0.0,0.0,0.0,0.0,0.0,0.0,0.0,0.0,0.0,0.0,0.0,0.0,0.0,0.0,0.0,0.0,0.0,0.0,0.0,0.0,0.0,0.0,0.0,0.0,0.0,0.0,0.0,0.0,0.0,0.0,0.0,0.0,11.0,0.803921568627451,0.0,2.2362433485033533,5.00078431372549,11.0,0.0,39.0,12.0,,35.0,,,,,,,
70,114,Usergrid 15,-9,7,14,29,2,8,0,0,9,22,1,5,6,10,1,5,,,22.0,2.0,52.0,2.0,,8.0,0.0,11.0,0.75,0.0,2.0625150312102587,4.253968253968254,11.0,0.0,0.0,0.0,0.0,0.0,0.0,0.0,0.0,0.0,0.0,2.0,0.59375,1.0,0.5554563403470574,0.30853174603174605,2.0,1.0,0.0,12.0,0.71875,0.0,2.156339858951178,4.649801587301587,12.0,0.0,0.0,0.0,0.0,0.0,0.0,0.0,0.0,0.0,0.0,0.0,0.0,0.0,0.0,0.0,0.0,0.0,0.0,0.0,0.0,0.0,0.0,0.0,0.0,0.0,0.0,0.0,0.0,0.0,0.0,0.0,0.0,0.0,0.0,11.0,0.65625,0.0,1.9937899620317112,3.9751984126984126,11.0,0.0,56.0,8.0,2.0,40.0,,,,,,,
70,123,Usergrid 16,-5,14,13,23,3,8,8,16,8,15,0,0,0,0,1,5,,,6.0,2.0,30.0,,,4.0,0.0,5.0,1.1176470588235294,0.0,1.5128681546902676,2.2887700534759357,5.0,0.0,0.0,1.0,0.058823529411764705,0.0,0.23883257361061289,0.057040998217468816,1.0,0.0,0.0,1.0,0.5882352941176471,1.0,0.4995541684356422,0.249554367201426,1.0,1.0,0.0,12.0,1.1176470588235294,0.0,2.8259051205667953,7.985739750445633,12.0,0.0,0.0,0.0,0.0,0.0,0.0,0.0,0.0,0.0,0.0,0.0,0.0,0.0,0.0,0.0,0.0,0.0,0.0,0.0,0.0,0.0,0.0,0.0,0.0,0.0,0.0,0.0,0.0,0.0,0.0,0.0,0.0,0.0,0.0,4.0,0.5294117647058824,0.0,1.1608589849278423,1.3475935828877006,4.0,0.0,30.0,4.0,,26.0,,,,,,,
70,124,Usergrid 17,-17,7,23,46,1,3,0,0,7,13,3,6,14,30,1,4,,,42.0,2.0,62.0,,,4.0,0.0,5.0,0.6060606060606061,0.0,1.1619451579642432,1.35011655011655,5.0,0.0,0.0,0.0,0.0,0.0,0.0,0.0,0.0,0.0,0.0,1.0,0.5757575757575758,1.0,0.4980147066288786,0.248018648018648,1.0,1.0,0.0,12.0,0.696969696969697,0.0,2.067846869570055,4.275990675990675,12.0,0.0,0.0,0.0,0.0,0.0,0.0,0.0,0.0,0.0,0.0,0.0,0.0,0.0,0.0,0.0,0.0,0.0,0.0,0.0,0.0,0.0,0.0,0.0,0.0,0.0,0.0,0.0,0.0,0.0,0.0,0.0,0.0,0.0,0.0,4.0,0.21212121212121213,0.0,0.7341169790488018,0.5389277389277389,4.0,0.0,52.0,14.0,,22.0,,,,,,,
70,125,Usergrid 18,-26,14,18,36,1,3,0,0,12,24,1,3,6,12,1,6,,,20.0,2.0,42.0,,,2.0,0.0,10.0,0.9090909090909091,0.0,2.2185075836066206,4.921775898520086,10.0,0.0,0.0,0.0,0.0,0.0,0.0,0.0,0.0,0.0,0.0,1.0,0.8181818181818182,1.0,0.390153653257413,0.15221987315010568,1.0,1.0,0.0,12.0,1.0454545454545454,0.0,2.523881704508147,6.369978858350951,12.0,0.0,0.0,0.0,0.0,0.0,0.0,0.0,0.0,0.0,0.0,0.0,0.0,0.0,0.0,0.0,0.0,0.0,0.0,0.0,0.0,0.0,0.0,0.0,0.0,0.0,0.0,0.0,0.0,0.0,0.0,0.0,0.0,0.0,0.0,4.0,0.22727272727272727,0.0,0.8589782021664113,0.7378435517970402,4.0,0.0,32.0,12.0,,22.0,,,,,,,
70,126,Usergrid 19,-37,14,22,48,6,8,2,7,19,36,2,4,5,9,1,5,,,30.0,2.0,58.0,,,,0.0,3.0,0.7586206896551724,0.0,1.0141169320374894,1.0284331518451297,3.0,0.0,0.0,0.0,0.0,0.0,0.0,0.0,0.0,0.0,0.0,2.0,0.8620689655172413,1.0,0.43722714246451244,0.19116757410768304,2.0,1.0,0.0,12.0,0.896551724137931,0.0,2.190006450142018,4.796128251663642,12.0,0.0,0.0,0.0,0.0,0.0,0.0,0.0,0.0,0.0,0.0,0.0,0.0,0.0,0.0,0.0,0.0,0.0,0.0,0.0,0.0,0.0,0.0,0.0,0.0,0.0,0.0,0.0,0.0,0.0,0.0,0.0,0.0,0.0,0.0,4.0,0.4827586206896552,0.0,1.0469903283848412,1.0961887477313976,4.0,0.0,52.0,6.0,,26.0,,,,,,,
70,129,Usergrid 20,8,6,23,43,1,5,1,5,8,19,1,2,14,22,1,6,,,52.0,2.0,80.0,,,,0.0,4.0,0.6,0.0,1.0744442190020083,1.1544303797468354,4.0,0.0,0.0,0.0,0.0,0.0,0.0,0.0,0.0,0.0,0.0,2.0,0.875,1.0,0.40173673601413545,0.16139240506329114,2.0,1.0,0.0,12.0,0.65,0.0,1.903361450205027,3.622784810126583,12.0,0.0,0.0,0.0,0.0,0.0,0.0,0.0,0.0,0.0,0.0,0.0,0.0,0.0,0.0,0.0,0.0,0.0,0.0,2.0,0.05,0.0,0.3142199503774225,0.09873417721518987,2.0,0.0,0.0,0.0,0.0,0.0,0.0,0.0,0.0,0.0,0.0,4.0,0.325,0.0,0.9907802832213876,0.981645569620253,4.0,0.0,62.0,18.0,,26.0,,,,,,,
70,133,Usergrid 21,-12,14,13,35,8,20,4,13,17,42,0,0,0,0,1,6,,,24.0,2.0,66.0,,,2.0,0.0,8.0,0.8529411764705882,0.0,1.604701170696406,2.575065847234416,8.0,0.0,0.0,0.0,0.0,0.0,0.0,0.0,0.0,0.0,0.0,1.0,0.8235294117647058,1.0,0.38405442985621985,0.1474978050921861,1.0,1.0,0.0,1.0,0.11764705882352941,0.0,0.32458523544031886,0.10535557506584724,1.0,0.0,0.0,0.0,0.0,0.0,0.0,0.0,0.0,0.0,0.0,0.0,0.0,0.0,0.0,0.0,0.0,0.0,0.0,0.0,0.0,0.0,0.0,0.0,0.0,0.0,0.0,0.0,0.0,0.0,0.0,0.0,0.0,0.0,0.0,3.0,0.29411764705882354,0.0,0.6704603793520898,0.4495171202809482,3.0,0.0,58.0,10.0,,42.0,,,,,,,
70,138,Usergrid 22,-40,7,24,69,4,8,0,0,23,66,1,3,4,8,1,7,,,28.0,2.0,64.0,2.0,,4.0,0.0,6.0,0.4857142857142857,0.0,1.3698921690649317,1.8766045548654233,6.0,0.0,0.0,0.0,0.0,0.0,0.0,0.0,0.0,0.0,0.0,2.0,0.8285714285714286,1.0,0.4495224058650928,0.20207039337474123,2.0,1.0,0.0,1.0,0.17142857142857143,0.0,0.3796042398103419,0.1440993788819876,1.0,0.0,0.0,0.0,0.0,0.0,0.0,0.0,0.0,0.0,0.0,0.0,0.0,0.0,0.0,0.0,0.0,0.0,0.0,0.0,0.0,0.0,0.0,0.0,0.0,0.0,0.0,1.0,0.02857142857142857,0.0,0.1678015193509294,0.028157349896480333,1.0,0.0,0.0,9.0,0.7142857142857143,0.0,1.6431046712435962,2.699792960662526,9.0,0.0,48.0,22.0,,40.0,,,,,,,
70,140,Usergrid 23,-10,14,14,33,4,11,0,0,5,17,1,2,12,25,1,7,,,18.0,2.0,44.0,2.0,,,0.0,7.0,0.9130434782608695,0.0,1.6842550210242542,2.836714975845411,7.0,0.0,0.0,1.0,0.043478260869565216,0.0,0.2061845709423622,0.04251207729468599,1.0,0.0,0.0,1.0,0.6956521739130435,1.0,0.4652151338606117,0.21642512077294687,1.0,1.0,0.0,1.0,0.08695652173913043,0.0,0.2848849246447679,0.0811594202898551,1.0,0.0,0.0,0.0,0.0,0.0,0.0,0.0,0.0,0.0,0.0,0.0,0.0,0.0,0.0,0.0,0.0,0.0,0.0,0.0,0.0,0.0,0.0,0.0,0.0,0.0,0.0,0.0,0.0,0.0,0.0,0.0,0.0,0.0,0.0,1.0,0.21739130434782608,0.0,0.41702882811414954,0.17391304347826086,1.0,0.0,32.0,14.0,,26.0,,,,,,,
70,146,Usergrid 24,-20,14,14,38,1,1,0,0,13,35,1,1,1,3,1,5,,,8.0,2.0,30.0,,,,0.0,2.0,0.11764705882352941,0.0,0.47766514722122577,0.22816399286987527,2.0,0.0,0.0,0.0,0.0,0.0,0.0,0.0,0.0,0.0,0.0,1.0,0.7058823529411765,1.0,0.4624972900628803,0.21390374331550807,1.0,1.0,0.0,1.0,0.11764705882352941,0.0,0.3270349700838643,0.10695187165775401,1.0,0.0,0.0,0.0,0.0,0.0,0.0,0.0,0.0,0.0,0.0,0.0,0.0,0.0,0.0,0.0,0.0,0.0,0.0,0.0,0.0,0.0,0.0,0.0,0.0,0.0,0.0,0.0,0.0,0.0,0.0,0.0,0.0,0.0,0.0,3.0,0.7058823529411765,0.0,0.9055188288357753,0.8199643493761141,3.0,0.0,28.0,6.0,4.0,24.0,,,,,,,
70,152,Usergrid 25,-33,7,20,57,0,0,0,0,14,37,2,13,4,7,1,8,,,6.0,2.0,42.0,,,4.0,0.0,2.0,0.3333333333333333,0.0,0.6302087912488812,0.3971631205673759,2.0,0.0,0.0,1.0,0.08333333333333333,0.0,0.279310193865464,0.07801418439716311,1.0,0.0,0.0,2.0,0.8333333333333334,1.0,0.5586203877309281,0.3120567375886525,2.0,1.0,0.0,1.0,0.08333333333333333,0.0,0.2793101938654641,0.07801418439716312,1.0,0.0,0.0,0.0,0.0,0.0,0.0,0.0,0.0,0.0,0.0,0.0,0.0,0.0,0.0,0.0,0.0,0.0,0.0,3.0,0.875,1.0,0.9368348704377336,0.8776595744680851,3.0,1.0,0.0,1.0,0.041666666666666664,0.0,0.20194093652345887,0.04078014184397164,1.0,0.0,0.0,10.0,1.6666666666666667,1.0,2.503897670852244,6.269503546099291,10.0,0.0,32.0,16.0,2.0,40.0,,,,,,,
73,84,Sharan - Jira Test Sprint,-4,7,4,8,2,4,1,2,4,8,0,0,1,2,1,4,3.0,6.0,6.0,,12.0,6.0,,,0.0,142.0,32.666666666666664,13.0,50.82727382720701,2583.411764705883,142.0,142.0,0.0,4.0,2.0,1.5,1.5718104959867516,2.4705882352941178,4.0,1.0,0.0,3.0,1.1666666666666667,1.0,1.0981267472114393,1.2058823529411764,3.0,0.0,0.0,3.0,0.8333333333333334,0.5,1.098126747211439,1.205882352941176,3.0,0.0,0.0,0.0,0.0,0.0,0.0,0.0,0.0,0.0,0.0,0.0,0.0,0.0,0.0,0.0,0.0,0.0,0.0,4.0,1.6666666666666667,1.0,1.4142135623730951,2.0,4.0,1.0,0.0,2.0,0.3333333333333333,0.0,0.7669649888473704,0.5882352941176471,2.0,0.0,0.0,2.0,0.8333333333333334,1.0,0.7071067811865475,0.4999999999999999,2.0,1.0,12.0,6.0,,,,3.0,,,,,
73,96,Community Day 1 - 2015,-8,4,3,6,13,26,0,0,2,4,3,6,11,22,1,7,3.0,21.0,30.0,,87.0,6.0,3.0,,0.0,19.0,3.25,1.0,4.715037534036015,22.231578947368423,19.0,0.0,0.0,10.0,1.375,1.0,1.6811650095911717,2.8263157894736843,10.0,1.0,0.0,4.0,1.03125,0.0,1.4970365463316624,2.2411184210526316,4.0,0.0,0.0,5.0,0.53125,0.0,1.0047584155826765,1.0095394736842105,5.0,0.0,0.0,0.0,0.0,0.0,0.0,0.0,0.0,0.0,0.0,0.0,0.0,0.0,0.0,0.0,0.0,0.0,0.0,8.0,1.0625,0.0,1.9456429055172157,3.7855263157894736,8.0,0.0,0.0,0.0,0.0,0.0,0.0,0.0,0.0,0.0,0.0,3.0,0.28125,0.0,0.6759496244076493,0.4569078947368421,3.0,0.0,66.0,30.0,,,,,42.0,,,,
73,145,Community Day 2 - 2015,-22,3,16,32,18,36,0,0,10,20,3,6,21,42,1,10,,51.0,63.0,,60.0,87.0,12.0,,0.0,17.0,4.037735849056604,3.0,3.788534990312302,14.352997372820631,17.0,2.0,0.0,3.0,0.7924528301886793,1.0,0.7881678136715315,0.621208502507762,3.0,1.0,0.0,4.0,0.5660377358490566,0.0,0.9448615321954267,0.8927633150226894,4.0,0.0,0.0,6.0,1.0377358490566038,0.0,2.015405203008642,4.061858132314305,6.0,0.0,0.0,0.0,0.0,0.0,0.0,0.0,0.0,0.0,0.0,0.0,0.0,0.0,0.0,0.0,0.0,0.0,0.0,5.0,0.4528301886792453,0.0,1.0231380940954182,1.0468115595892047,5.0,0.0,0.0,1.0,0.05660377358490566,0.0,0.2318140628445681,0.053737759732505365,1.0,0.0,0.0,2.0,0.3018867924528302,0.0,0.6033106656233059,0.3639837592548364,2.0,0.0,99.0,60.0,,,,,45.0,,,,
74,84,Sharan - Jira Test Sprint,-4,7,4,8,2,4,1,2,4,8,0,0,1,2,1,4,3.0,6.0,6.0,,12.0,6.0,,,0.0,142.0,32.666666666666664,13.0,50.82727382720701,2583.411764705883,142.0,142.0,0.0,4.0,2.0,1.5,1.5718104959867516,2.4705882352941178,4.0,1.0,0.0,3.0,1.1666666666666667,1.0,1.0981267472114393,1.2058823529411764,3.0,0.0,0.0,3.0,0.8333333333333334,0.5,1.098126747211439,1.205882352941176,3.0,0.0,0.0,0.0,0.0,0.0,0.0,0.0,0.0,0.0,0.0,0.0,0.0,0.0,0.0,0.0,0.0,0.0,0.0,4.0,1.6666666666666667,1.0,1.4142135623730951,2.0,4.0,1.0,0.0,2.0,0.3333333333333333,0.0,0.7669649888473704,0.5882352941176471,2.0,0.0,0.0,2.0,0.8333333333333334,1.0,0.7071067811865475,0.4999999999999999,2.0,1.0,12.0,6.0,,,,3.0,,,,,
74,96,Community Day 1 - 2015,-8,4,3,6,13,26,0,0,2,4,3,6,11,22,1,7,3.0,21.0,30.0,,87.0,6.0,3.0,,0.0,19.0,3.25,1.0,4.715037534036015,22.231578947368423,19.0,0.0,0.0,10.0,1.375,1.0,1.6811650095911717,2.8263157894736843,10.0,1.0,0.0,4.0,1.03125,0.0,1.4970365463316624,2.2411184210526316,4.0,0.0,0.0,5.0,0.53125,0.0,1.0047584155826765,1.0095394736842105,5.0,0.0,0.0,0.0,0.0,0.0,0.0,0.0,0.0,0.0,0.0,0.0,0.0,0.0,0.0,0.0,0.0,0.0,0.0,8.0,1.0625,0.0,1.9456429055172157,3.7855263157894736,8.0,0.0,0.0,0.0,0.0,0.0,0.0,0.0,0.0,0.0,0.0,3.0,0.28125,0.0,0.6759496244076493,0.4569078947368421,3.0,0.0,66.0,30.0,,,,,42.0,,,,
74,145,Community Day 2 - 2015,-22,3,16,32,18,36,0,0,10,20,3,6,21,42,1,10,,51.0,63.0,,60.0,87.0,12.0,,0.0,17.0,4.037735849056604,3.0,3.788534990312302,14.352997372820631,17.0,2.0,0.0,3.0,0.7924528301886793,1.0,0.7881678136715315,0.621208502507762,3.0,1.0,0.0,4.0,0.5660377358490566,0.0,0.9448615321954267,0.8927633150226894,4.0,0.0,0.0,6.0,1.0377358490566038,0.0,2.015405203008642,4.061858132314305,6.0,0.0,0.0,0.0,0.0,0.0,0.0,0.0,0.0,0.0,0.0,0.0,0.0,0.0,0.0,0.0,0.0,0.0,0.0,5.0,0.4528301886792453,0.0,1.0231380940954182,1.0468115595892047,5.0,0.0,0.0,1.0,0.05660377358490566,0.0,0.2318140628445681,0.053737759732505365,1.0,0.0,0.0,2.0,0.3018867924528302,0.0,0.6033106656233059,0.3639837592548364,2.0,0.0,99.0,60.0,,,,,45.0,,,,
