boardid,sprintid,name,vel_diff,planday,no_issue_starttime,vel_starttime,no_issue_added,vel_added,no_issue_removed,vel_removed,no_issuetodo,vel_todo,no_issueinprogress,vel_inprogress,no_issuedone,vel_done,no_admin,no_teammember,no_issues,type_freq_Improvement,type_freq_Task,priority_freq_Major,priority_freq_Minor,no_comment_min,no_comment_max,no_comment_mean,no_comment_median,no_comment_std,no_comment_var,no_comment_range,no_affectversion_min,no_affectversion_max,no_affectversion_mean,no_affectversion_median,no_affectversion_std,no_affectversion_var,no_affectversion_range,no_fixversion_min,no_fixversion_max,no_fixversion_mean,no_fixversion_median,no_fixversion_std,no_fixversion_var,no_fixversion_range,no_issuelink_min,no_issuelink_max,no_issuelink_mean,no_issuelink_median,no_issuelink_std,no_issuelink_var,no_issuelink_range,no_blocking_min,no_blocking_max,no_blocking_mean,no_blocking_median,no_blocking_std,no_blocking_var,no_blocking_range,no_blockedby_min,no_blockedby_max,no_blockedby_mean,no_blockedby_median,no_blockedby_std,no_blockedby_var,no_blockedby_range,no_fixversion_change_min,no_fixversion_change_max,no_fixversion_change_mean,no_fixversion_change_median,no_fixversion_change_std,no_fixversion_change_var,no_fixversion_change_range,no_priority_change_min,no_priority_change_max,no_priority_change_mean,no_priority_change_median,no_priority_change_std,no_priority_change_var,no_priority_change_range,no_des_change_min,no_des_change_max,no_des_change_mean,no_des_change_median,no_des_change_std,no_des_change_var,no_des_change_range,gunning_fog_freq_medium,type_freq_Bug,gunning_fog_freq_hard,gunning_fog_freq_easy,type_freq_Epic,priority_freq_Critical,type_freq_Story,priority_freq_Trivial,type_freq_Documentation,type_freq_Wish,priority_freq_Blocker,type_freq_Sub-task,type_freq_Technical task,type_freq_New Feature,type_freq_Test,type_freq_Umbrella
1,8,Q2'14 Sprint 1,0,9,0,0,0,0,0,0,0,0,0,0,0,0,3,1,3.0,2.0,1.0,2.0,1.0,1.0,1.0,1.0,1.0,0.0,0.0,0.0,0.0,0.0,0.0,0.0,0.0,0.0,0.0,0.0,0.0,0.0,0.0,0.0,0.0,0.0,0.0,2.0,0.6666666666666666,0.0,1.1547005383792517,1.3333333333333335,2.0,0.0,0.0,0.0,0.0,0.0,0.0,0.0,0.0,0.0,0.0,0.0,0.0,0.0,0.0,1.0,1.0,1.0,1.0,0.0,0.0,0.0,0.0,0.0,0.0,0.0,0.0,0.0,0.0,0.0,0.0,0.0,0.0,0.0,0.0,0.0,3.0,0.0,0.0,0.0,0.0,0.0,0.0,0.0,0.0,0.0,0.0,0.0,0.0,0.0,0.0,0.0
1,12,Q2'14 Sprint 2,3,13,0,0,0,0,0,0,0,0,0,0,0,0,3,1,2.0,0.0,0.0,1.0,1.0,0.0,0.0,0.0,0.0,0.0,0.0,0.0,0.0,1.0,0.5,0.5,0.7071067811865476,0.5,1.0,0.0,0.0,0.0,0.0,0.0,0.0,0.0,1.0,1.0,1.0,1.0,0.0,0.0,0.0,0.0,0.0,0.0,0.0,0.0,0.0,0.0,0.0,0.0,0.0,0.0,0.0,0.0,0.0,0.0,1.0,0.5,0.5,0.7071067811865476,0.5,1.0,0.0,0.0,0.0,0.0,0.0,0.0,0.0,0.0,0.0,0.0,0.0,0.0,0.0,0.0,0.0,2.0,2.0,0.0,0.0,0.0,0.0,0.0,0.0,0.0,0.0,0.0,0.0,0.0,0.0,0.0
1,13,Q2 Sprint 3,0,12,0,0,0,0,0,0,0,0,0,0,0,0,3,1,1.0,0.0,0.0,0.0,1.0,0.0,0.0,0.0,0.0,0.0,0.0,0.0,0.0,0.0,0.0,0.0,0.0,0.0,0.0,0.0,0.0,0.0,0.0,0.0,0.0,0.0,0.0,0.0,0.0,0.0,0.0,0.0,0.0,0.0,0.0,0.0,0.0,0.0,0.0,0.0,0.0,0.0,0.0,0.0,0.0,0.0,0.0,0.0,0.0,0.0,0.0,0.0,0.0,0.0,0.0,0.0,0.0,0.0,0.0,0.0,0.0,0.0,0.0,0.0,0.0,0.0,0.0,0.0,1.0,1.0,0.0,0.0,0.0,0.0,0.0,0.0,0.0,0.0,0.0,0.0,0.0,0.0,0.0,0.0
1,20,Q2 Sprint 4,-3,12,3,3,0,0,0,0,3,3,0,0,0,0,3,1,4.0,1.0,1.0,2.0,2.0,0.0,3.0,1.25,1.0,1.2583057392117916,1.5833333333333333,3.0,0.0,0.0,0.0,0.0,0.0,0.0,0.0,0.0,5.0,1.25,0.0,2.5,6.25,5.0,0.0,4.0,1.0,0.0,2.0,4.0,4.0,0.0,0.0,0.0,0.0,0.0,0.0,0.0,0.0,0.0,0.0,0.0,0.0,0.0,0.0,0.0,2.0,1.5,2.0,1.0,1.0,2.0,0.0,0.0,0.0,0.0,0.0,0.0,0.0,0.0,0.0,0.0,0.0,0.0,0.0,0.0,4.0,2.0,0.0,0.0,0.0,0.0,0.0,0.0,0.0,0.0,0.0,0.0,0.0,0.0,0.0,0.0
1,24,Q3 Sprint 1,0,9,0,0,0,0,0,0,0,0,0,0,0,0,3,1,0.0,0.0,0.0,0.0,0.0,0.0,0.0,0.0,0.0,0.0,0.0,0.0,0.0,0.0,0.0,0.0,0.0,0.0,0.0,0.0,0.0,0.0,0.0,0.0,0.0,0.0,0.0,0.0,0.0,0.0,0.0,0.0,0.0,0.0,0.0,0.0,0.0,0.0,0.0,0.0,0.0,0.0,0.0,0.0,0.0,0.0,0.0,0.0,0.0,0.0,0.0,0.0,0.0,0.0,0.0,0.0,0.0,0.0,0.0,0.0,0.0,0.0,0.0,0.0,0.0,0.0,0.0,0.0,0.0,0.0,0.0,0.0,0.0,0.0,0.0,0.0,0.0,0.0,0.0,0.0,0.0,0.0,0.0,0.0
1,25,Q3 Sprint 2,0,9,0,0,0,0,0,0,0,0,0,0,0,0,3,2,3.0,1.0,0.0,3.0,0.0,0.0,4.0,1.6666666666666667,1.0,2.0816659994661326,4.333333333333333,4.0,0.0,1.0,0.3333333333333333,0.0,0.5773502691896258,0.33333333333333337,1.0,0.0,0.0,0.0,0.0,0.0,0.0,0.0,0.0,0.0,0.0,0.0,0.0,0.0,0.0,0.0,0.0,0.0,0.0,0.0,0.0,0.0,0.0,0.0,0.0,0.0,0.0,0.0,0.0,0.0,9.0,3.3333333333333335,1.0,4.932882862316247,24.333333333333332,9.0,0.0,0.0,0.0,0.0,0.0,0.0,0.0,0.0,0.0,0.0,0.0,0.0,0.0,0.0,0.0,2.0,3.0,0.0,0.0,0.0,0.0,0.0,0.0,0.0,0.0,0.0,0.0,0.0,0.0,0.0
1,30,Q3 Sprint 3,-8,11,1,8,0,0,0,0,1,8,0,0,0,0,3,2,1.0,0.0,0.0,1.0,0.0,2.0,2.0,2.0,2.0,0.0,0.0,0.0,0.0,0.0,0.0,0.0,0.0,0.0,0.0,0.0,0.0,0.0,0.0,0.0,0.0,0.0,4.0,4.0,4.0,4.0,0.0,0.0,0.0,0.0,0.0,0.0,0.0,0.0,0.0,0.0,0.0,0.0,0.0,0.0,0.0,0.0,0.0,0.0,0.0,0.0,0.0,0.0,0.0,0.0,0.0,0.0,0.0,0.0,0.0,0.0,0.0,0.0,0.0,0.0,0.0,0.0,0.0,0.0,0.0,1.0,1.0,0.0,0.0,0.0,0.0,0.0,0.0,0.0,0.0,0.0,0.0,0.0,0.0,0.0
1,31,Q3 Sprint 4,-9,11,2,9,0,0,0,0,2,9,0,0,0,0,3,3,3.0,1.0,0.0,2.0,1.0,0.0,3.0,1.3333333333333333,1.0,1.5275252316519468,2.3333333333333335,3.0,0.0,1.0,0.3333333333333333,0.0,0.5773502691896258,0.33333333333333337,1.0,0.0,0.0,0.0,0.0,0.0,0.0,0.0,0.0,4.0,1.3333333333333333,0.0,2.3094010767585034,5.333333333333334,4.0,0.0,0.0,0.0,0.0,0.0,0.0,0.0,0.0,0.0,0.0,0.0,0.0,0.0,0.0,0.0,1.0,0.3333333333333333,0.0,0.5773502691896258,0.33333333333333337,1.0,0.0,0.0,0.0,0.0,0.0,0.0,0.0,0.0,0.0,0.0,0.0,0.0,0.0,0.0,0.0,2.0,2.0,1.0,0.0,0.0,0.0,0.0,0.0,0.0,0.0,0.0,0.0,0.0,0.0,0.0
1,36,Mesos Q3 Sprint 5,0,14,0,0,1,1,1,1,0,0,0,0,0,0,3,5,5.0,1.0,0.0,5.0,0.0,1.0,8.0,3.4,3.0,2.701851217221259,7.299999999999999,7.0,0.0,1.0,0.4,0.0,0.5477225575051662,0.30000000000000004,1.0,0.0,0.0,0.0,0.0,0.0,0.0,0.0,0.0,8.0,3.2,4.0,3.3466401061363023,11.200000000000001,8.0,0.0,0.0,0.0,0.0,0.0,0.0,0.0,0.0,0.0,0.0,0.0,0.0,0.0,0.0,0.0,1.0,0.2,0.0,0.44721359549995804,0.20000000000000007,1.0,0.0,0.0,0.0,0.0,0.0,0.0,0.0,0.0,1.0,0.2,0.0,0.447213595499958,0.20000000000000004,1.0,1.0,2.0,4.0,0.0,2.0,0.0,0.0,0.0,0.0,0.0,0.0,0.0,0.0,0.0,0.0,0.0
1,38,Mesos Q3 Sprint 6,-3,14,1,3,0,0,0,0,1,3,0,0,0,0,3,3,3.0,0.0,0.0,2.0,1.0,3.0,11.0,6.333333333333333,5.0,4.163331998932266,17.333333333333336,8.0,0.0,1.0,0.6666666666666666,1.0,0.5773502691896258,0.33333333333333337,1.0,0.0,0.0,0.0,0.0,0.0,0.0,0.0,1.0,4.0,2.3333333333333335,2.0,1.5275252316519465,2.333333333333333,3.0,0.0,0.0,0.0,0.0,0.0,0.0,0.0,0.0,0.0,0.0,0.0,0.0,0.0,0.0,0.0,0.0,0.0,0.0,0.0,0.0,0.0,0.0,0.0,0.0,0.0,0.0,0.0,0.0,0.0,2.0,0.6666666666666666,0.0,1.1547005383792517,1.3333333333333335,2.0,1.0,2.0,2.0,0.0,1.0,0.0,0.0,0.0,0.0,0.0,0.0,0.0,0.0,0.0,0.0,0.0
1,43,Twitter Q4 Sprint 1,-14,14,5,14,0,0,0,0,5,14,0,0,0,0,3,4,5.0,1.0,0.0,4.0,1.0,0.0,12.0,4.8,4.0,4.43846820423443,19.700000000000003,12.0,0.0,1.0,0.6,1.0,0.5477225575051662,0.30000000000000004,1.0,0.0,0.0,0.0,0.0,0.0,0.0,0.0,1.0,4.0,1.8,1.0,1.30384048104053,1.7000000000000006,3.0,0.0,0.0,0.0,0.0,0.0,0.0,0.0,0.0,0.0,0.0,0.0,0.0,0.0,0.0,0.0,0.0,0.0,0.0,0.0,0.0,0.0,0.0,0.0,0.0,0.0,0.0,0.0,0.0,0.0,2.0,0.4,0.0,0.8944271909999161,0.8000000000000003,2.0,1.0,3.0,4.0,0.0,1.0,0.0,0.0,0.0,0.0,0.0,0.0,0.0,0.0,0.0,0.0,0.0
1,45,Mesosphere Q4 Sprint 1 10/31,-4,12,4,5,5,14,6,15,3,4,0,0,0,0,3,7,11.0,3.0,2.0,7.0,3.0,0.0,17.0,5.545454545454546,3.0,6.186495556672393,38.272727272727266,17.0,0.0,1.0,0.2727272727272727,0.0,0.46709936649691375,0.21818181818181817,1.0,0.0,0.0,0.0,0.0,0.0,0.0,0.0,0.0,4.0,1.2727272727272727,1.0,1.4893561757289016,2.2181818181818187,4.0,0.0,0.0,0.0,0.0,0.0,0.0,0.0,0.0,0.0,0.0,0.0,0.0,0.0,0.0,0.0,0.0,0.0,0.0,0.0,0.0,0.0,0.0,1.0,0.09090909090909091,0.0,0.30151134457776363,0.0909090909090909,1.0,0.0,2.0,0.45454545454545453,0.0,0.8201995322647243,0.6727272727272726,2.0,3.0,4.0,8.0,0.0,2.0,1.0,0.0,0.0,0.0,0.0,0.0,0.0,0.0,0.0,0.0,0.0
1,47,Mesosphere Q4 Sprint 2 - 11/14,-5,10,4,5,0,0,0,0,4,5,0,0,0,0,3,4,4.0,1.0,1.0,3.0,0.0,0.0,18.0,8.5,8.0,9.327379053088816,87.0,18.0,0.0,0.0,0.0,0.0,0.0,0.0,0.0,0.0,0.0,0.0,0.0,0.0,0.0,0.0,0.0,4.0,1.25,0.5,1.8929694486000912,3.5833333333333335,4.0,0.0,0.0,0.0,0.0,0.0,0.0,0.0,0.0,0.0,0.0,0.0,0.0,0.0,0.0,0.0,0.0,0.0,0.0,0.0,0.0,0.0,0.0,0.0,0.0,0.0,0.0,0.0,0.0,0.0,2.0,0.75,0.5,0.9574271077563381,0.9166666666666666,2.0,2.0,1.0,2.0,0.0,1.0,1.0,0.0,0.0,0.0,0.0,0.0,0.0,0.0,0.0,0.0,0.0
1,49,Twitter Mesos Q4 Sprint 2,-13,14,6,15,0,0,1,2,5,13,0,0,0,0,3,4,6.0,1.0,0.0,4.0,2.0,0.0,12.0,4.166666666666667,3.5,4.262237284181474,18.166666666666668,12.0,0.0,1.0,0.5,0.5,0.5477225575051661,0.3,1.0,0.0,0.0,0.0,0.0,0.0,0.0,0.0,1.0,4.0,2.0,1.5,1.2649110640673518,1.6,3.0,0.0,0.0,0.0,0.0,0.0,0.0,0.0,0.0,0.0,0.0,0.0,0.0,0.0,0.0,0.0,0.0,0.0,0.0,0.0,0.0,0.0,0.0,0.0,0.0,0.0,0.0,0.0,0.0,0.0,2.0,0.5,0.0,0.8366600265340756,0.7,2.0,1.0,3.0,5.0,0.0,1.0,0.0,1.0,0.0,0.0,0.0,0.0,0.0,0.0,0.0,0.0,0.0
1,51,Twitter Mesos Q4 Sprint 3,0,14,0,0,0,0,0,0,0,0,0,0,0,0,3,3,4.0,0.0,0.0,2.0,2.0,0.0,5.0,2.75,3.0,2.0615528128088303,4.25,5.0,0.0,1.0,0.5,0.5,0.5773502691896257,0.3333333333333333,1.0,0.0,0.0,0.0,0.0,0.0,0.0,0.0,1.0,3.0,2.25,2.5,0.9574271077563381,0.9166666666666666,2.0,0.0,0.0,0.0,0.0,0.0,0.0,0.0,0.0,0.0,0.0,0.0,0.0,0.0,0.0,0.0,0.0,0.0,0.0,0.0,0.0,0.0,0.0,0.0,0.0,0.0,0.0,0.0,0.0,0.0,1.0,0.25,0.0,0.5,0.25,1.0,0.0,3.0,4.0,0.0,0.0,0.0,1.0,0.0,0.0,0.0,0.0,0.0,0.0,0.0,0.0,0.0
1,55,Mesosphere Q4 Sprint 3 - 12/7,-7,18,5,10,0,0,0,0,5,10,0,0,0,0,3,4,9.0,4.0,3.0,6.0,1.0,0.0,16.0,3.4444444444444446,0.0,6.326750965367435,40.02777777777778,16.0,0.0,0.0,0.0,0.0,0.0,0.0,0.0,0.0,1.0,0.2222222222222222,0.0,0.44095855184409843,0.19444444444444445,1.0,0.0,4.0,1.1111111111111112,1.0,1.3642254619787415,1.861111111111111,4.0,0.0,0.0,0.0,0.0,0.0,0.0,0.0,0.0,0.0,0.0,0.0,0.0,0.0,0.0,0.0,0.0,0.0,0.0,0.0,0.0,0.0,0.0,0.0,0.0,0.0,0.0,0.0,0.0,0.0,2.0,0.6666666666666666,0.0,0.8660254037844386,0.75,2.0,3.0,1.0,5.0,1.0,1.0,2.0,0.0,0.0,0.0,0.0,0.0,0.0,0.0,0.0,0.0,0.0
1,56,Twitter Mesos Q4 Sprint 4,-3,14,1,3,0,0,0,0,1,3,0,0,0,0,3,2,1.0,0.0,0.0,1.0,0.0,2.0,2.0,2.0,2.0,0.0,0.0,0.0,0.0,0.0,0.0,0.0,0.0,0.0,0.0,0.0,0.0,0.0,0.0,0.0,0.0,0.0,3.0,3.0,3.0,3.0,0.0,0.0,0.0,0.0,0.0,0.0,0.0,0.0,0.0,0.0,0.0,0.0,0.0,0.0,0.0,0.0,0.0,0.0,0.0,0.0,0.0,0.0,0.0,0.0,0.0,0.0,0.0,0.0,0.0,0.0,0.0,0.0,0.0,0.0,0.0,0.0,0.0,0.0,0.0,1.0,1.0,0.0,0.0,0.0,0.0,0.0,0.0,0.0,0.0,0.0,0.0,0.0,0.0,0.0
1,57,Twitter Mesos Q4 Sprint 5,-3,14,1,3,0,0,0,0,1,3,0,0,0,0,3,2,1.0,0.0,0.0,1.0,0.0,3.0,3.0,3.0,3.0,0.0,0.0,0.0,0.0,0.0,0.0,0.0,0.0,0.0,0.0,0.0,0.0,0.0,0.0,0.0,0.0,0.0,3.0,3.0,3.0,3.0,0.0,0.0,0.0,0.0,0.0,0.0,0.0,0.0,0.0,0.0,0.0,0.0,0.0,0.0,0.0,0.0,0.0,0.0,0.0,0.0,0.0,0.0,0.0,0.0,0.0,0.0,0.0,0.0,0.0,0.0,0.0,0.0,0.0,0.0,0.0,0.0,0.0,0.0,0.0,1.0,1.0,0.0,0.0,0.0,0.0,0.0,0.0,0.0,0.0,0.0,0.0,0.0,0.0,0.0
1,63,Twitter Mesos Q4 Sprint 6,-3,14,1,3,0,0,0,0,1,3,0,0,0,0,3,2,1.0,0.0,0.0,1.0,0.0,3.0,3.0,3.0,3.0,0.0,0.0,0.0,0.0,0.0,0.0,0.0,0.0,0.0,0.0,0.0,0.0,0.0,0.0,0.0,0.0,0.0,3.0,3.0,3.0,3.0,0.0,0.0,0.0,0.0,0.0,0.0,0.0,0.0,0.0,0.0,0.0,0.0,0.0,0.0,0.0,0.0,0.0,0.0,0.0,0.0,0.0,0.0,0.0,0.0,0.0,0.0,0.0,0.0,0.0,0.0,0.0,0.0,0.0,0.0,0.0,0.0,0.0,0.0,0.0,1.0,1.0,0.0,0.0,0.0,0.0,0.0,0.0,0.0,0.0,0.0,0.0,0.0,0.0,0.0
1,69,Mesosphere Q1 Sprint 1 - 1/23,-31,8,8,31,0,0,0,0,8,31,0,0,0,0,3,5,8.0,3.0,4.0,5.0,1.0,0.0,13.0,3.625,1.0,5.50162313711664,30.267857142857142,13.0,0.0,0.0,0.0,0.0,0.0,0.0,0.0,0.0,1.0,0.25,0.0,0.4629100498862757,0.21428571428571427,1.0,0.0,4.0,1.25,1.0,1.3887301496588271,1.9285714285714286,4.0,0.0,0.0,0.0,0.0,0.0,0.0,0.0,0.0,0.0,0.0,0.0,0.0,0.0,0.0,0.0,0.0,0.0,0.0,0.0,0.0,0.0,0.0,0.0,0.0,0.0,0.0,0.0,0.0,0.0,2.0,0.75,0.5,0.8864052604279183,0.7857142857142857,2.0,2.0,0.0,5.0,1.0,1.0,2.0,0.0,0.0,0.0,0.0,0.0,0.0,0.0,0.0,0.0,0.0
1,74,Mesosphere Q1 Sprint 2 - 2/6,-37,14,8,37,0,0,0,0,8,37,0,0,0,0,3,6,9.0,1.0,6.0,5.0,1.0,0.0,12.0,2.111111111111111,1.0,3.7896056669673572,14.361111111111109,12.0,0.0,1.0,0.1111111111111111,0.0,0.3333333333333333,0.1111111111111111,1.0,0.0,1.0,0.2222222222222222,0.0,0.44095855184409843,0.19444444444444445,1.0,0.0,4.0,1.0,1.0,1.3228756555322954,1.75,4.0,0.0,0.0,0.0,0.0,0.0,0.0,0.0,0.0,0.0,0.0,0.0,0.0,0.0,0.0,0.0,0.0,0.0,0.0,0.0,0.0,0.0,0.0,0.0,0.0,0.0,0.0,0.0,0.0,0.0,2.0,0.4444444444444444,0.0,0.7264831572567789,0.5277777777777778,2.0,2.0,1.0,6.0,1.0,1.0,2.0,0.0,1.0,0.0,0.0,0.0,0.0,0.0,0.0,0.0,0.0
1,75,Mesosphere Q1 Sprint 3 - 2/20,-36,14,8,37,0,0,0,0,8,37,0,0,0,0,3,6,8.0,1.0,5.0,4.0,1.0,0.0,13.0,2.75,1.0,4.334248987508019,18.785714285714285,13.0,0.0,1.0,0.125,0.0,0.3535533905932738,0.125,1.0,0.0,1.0,0.25,0.0,0.4629100498862757,0.21428571428571427,1.0,0.0,4.0,1.125,1.0,1.3562026818605375,1.8392857142857142,4.0,0.0,0.0,0.0,0.0,0.0,0.0,0.0,0.0,0.0,0.0,0.0,0.0,0.0,0.0,0.0,0.0,0.0,0.0,0.0,0.0,0.0,0.0,0.0,0.0,0.0,0.0,0.0,0.0,0.0,4.0,0.625,0.0,1.407885953173359,1.9821428571428572,4.0,2.0,1.0,5.0,1.0,1.0,2.0,0.0,1.0,0.0,0.0,0.0,0.0,0.0,0.0,0.0,0.0
1,80,Twitter Mesos Q1 Sprint 2,-8,14,1,8,0,0,0,0,1,8,0,0,0,0,3,1,1.0,0.0,0.0,0.0,1.0,6.0,6.0,6.0,6.0,0.0,0.0,0.0,1.0,1.0,1.0,1.0,0.0,0.0,0.0,0.0,0.0,0.0,0.0,0.0,0.0,0.0,0.0,0.0,0.0,0.0,0.0,0.0,0.0,0.0,0.0,0.0,0.0,0.0,0.0,0.0,0.0,0.0,0.0,0.0,0.0,0.0,0.0,0.0,0.0,0.0,0.0,0.0,0.0,0.0,0.0,0.0,0.0,0.0,0.0,0.0,0.0,0.0,0.0,0.0,0.0,0.0,0.0,0.0,0.0,1.0,1.0,0.0,0.0,0.0,0.0,0.0,0.0,0.0,0.0,0.0,0.0,0.0,0.0,0.0
1,81,Mesosphere Q1 Sprint 4 - 3/6,-36,14,7,36,0,0,0,0,7,36,0,0,0,0,3,5,8.0,1.0,5.0,4.0,1.0,0.0,15.0,4.25,3.0,4.891683905218266,23.928571428571427,15.0,0.0,1.0,0.125,0.0,0.3535533905932738,0.125,1.0,0.0,1.0,0.375,0.0,0.5175491695067657,0.26785714285714285,1.0,0.0,2.0,0.875,1.0,0.8345229603962802,0.6964285714285714,2.0,0.0,0.0,0.0,0.0,0.0,0.0,0.0,0.0,0.0,0.0,0.0,0.0,0.0,0.0,0.0,0.0,0.0,0.0,0.0,0.0,0.0,0.0,0.0,0.0,0.0,0.0,0.0,0.0,0.0,1.0,0.375,0.0,0.5175491695067657,0.26785714285714285,1.0,2.0,2.0,5.0,1.0,0.0,2.0,0.0,1.0,0.0,0.0,0.0,0.0,0.0,0.0,0.0,0.0
1,87,Twitter Mesos Q1 Sprint 3,-8,13,1,8,0,0,0,0,0,0,1,5,0,0,3,2,3.0,1.0,0.0,2.0,1.0,0.0,6.0,2.0,0.0,3.4641016151377544,12.0,6.0,0.0,2.0,1.0,1.0,1.0,1.0,2.0,0.0,1.0,0.3333333333333333,0.0,0.5773502691896258,0.33333333333333337,1.0,0.0,2.0,0.6666666666666666,0.0,1.1547005383792517,1.3333333333333335,2.0,0.0,0.0,0.0,0.0,0.0,0.0,0.0,0.0,0.0,0.0,0.0,0.0,0.0,0.0,0.0,0.0,0.0,0.0,0.0,0.0,0.0,0.0,0.0,0.0,0.0,0.0,0.0,0.0,0.0,0.0,0.0,0.0,0.0,0.0,0.0,0.0,2.0,3.0,0.0,0.0,0.0,0.0,0.0,0.0,0.0,0.0,0.0,0.0,0.0,0.0,0.0
1,93,Twitter Mesos Q1 Sprint 4,-5,14,1,5,0,0,0,0,1,5,0,0,0,0,3,1,1.0,1.0,0.0,1.0,0.0,1.0,1.0,1.0,1.0,0.0,0.0,0.0,2.0,2.0,2.0,2.0,0.0,0.0,0.0,1.0,1.0,1.0,1.0,0.0,0.0,0.0,2.0,2.0,2.0,2.0,0.0,0.0,0.0,0.0,0.0,0.0,0.0,0.0,0.0,0.0,0.0,0.0,0.0,0.0,0.0,0.0,0.0,0.0,0.0,0.0,0.0,0.0,0.0,0.0,0.0,0.0,0.0,0.0,0.0,0.0,0.0,0.0,0.0,0.0,0.0,0.0,0.0,0.0,0.0,0.0,1.0,0.0,0.0,0.0,0.0,0.0,0.0,0.0,0.0,0.0,0.0,0.0,0.0,0.0
1,95,Mesosphere Q1 Sprint 5 - 3/20,-40,11,7,37,2,3,0,0,8,39,1,1,0,0,3,5,9.0,1.0,4.0,5.0,0.0,0.0,8.0,3.3333333333333335,3.0,2.7386127875258306,7.5,8.0,0.0,1.0,0.1111111111111111,0.0,0.3333333333333333,0.1111111111111111,1.0,0.0,1.0,0.4444444444444444,0.0,0.5270462766947299,0.2777777777777778,1.0,0.0,2.0,0.7777777777777778,1.0,0.8333333333333334,0.6944444444444445,2.0,0.0,0.0,0.0,0.0,0.0,0.0,0.0,0.0,0.0,0.0,0.0,0.0,0.0,0.0,0.0,0.0,0.0,0.0,0.0,0.0,0.0,0.0,0.0,0.0,0.0,0.0,0.0,0.0,0.0,2.0,0.5555555555555556,0.0,0.7264831572567789,0.5277777777777778,2.0,2.0,2.0,6.0,1.0,1.0,3.0,0.0,1.0,1.0,0.0,0.0,0.0,0.0,0.0,0.0,0.0
1,99,Twitter Mesos Q1 Sprint 5,2,14,0,0,0,0,0,0,0,0,0,0,0,0,3,1,3.0,2.0,0.0,3.0,0.0,1.0,5.0,2.6666666666666665,2.0,2.081665999466133,4.333333333333334,4.0,0.0,2.0,1.0,1.0,1.0,1.0,2.0,0.0,1.0,0.6666666666666666,1.0,0.5773502691896258,0.33333333333333337,1.0,0.0,2.0,0.6666666666666666,0.0,1.1547005383792517,1.3333333333333335,2.0,0.0,0.0,0.0,0.0,0.0,0.0,0.0,0.0,0.0,0.0,0.0,0.0,0.0,0.0,0.0,0.0,0.0,0.0,0.0,0.0,0.0,0.0,0.0,0.0,0.0,0.0,0.0,0.0,0.0,1.0,0.3333333333333333,0.0,0.5773502691896258,0.33333333333333337,1.0,0.0,1.0,3.0,0.0,0.0,0.0,0.0,0.0,0.0,0.0,0.0,0.0,0.0,0.0,0.0,0.0
1,102,Mesosphere Q1 Sprint 6 - 4/3,-40,14,9,40,0,0,0,0,9,40,0,0,0,0,3,7,11.0,1.0,4.0,7.0,0.0,0.0,8.0,3.4545454545454546,3.0,2.8058380695840723,7.872727272727273,8.0,0.0,1.0,0.18181818181818182,0.0,0.4045199174779452,0.16363636363636358,1.0,0.0,1.0,0.36363636363636365,0.0,0.504524979109513,0.2545454545454545,1.0,0.0,4.0,1.1818181818181819,1.0,1.2504544628399563,1.563636363636364,4.0,0.0,0.0,0.0,0.0,0.0,0.0,0.0,0.0,0.0,0.0,0.0,0.0,0.0,0.0,0.0,0.0,0.0,0.0,0.0,0.0,0.0,0.0,0.0,0.0,0.0,0.0,0.0,0.0,0.0,5.0,0.7272727272727273,0.0,1.4893561757289013,2.218181818181818,5.0,2.0,2.0,8.0,1.0,2.0,3.0,1.0,1.0,1.0,0.0,0.0,0.0,0.0,0.0,0.0,0.0
1,104,Twitter Mesos Q1 Sprint 6,-10,7,2,10,0,0,0,0,2,10,0,0,0,0,3,2,2.0,2.0,0.0,2.0,0.0,1.0,11.0,6.0,6.0,7.0710678118654755,50.0,10.0,0.0,2.0,1.0,1.0,1.4142135623730951,2.0,2.0,0.0,1.0,0.5,0.5,0.7071067811865476,0.5,1.0,0.0,2.0,1.0,1.0,1.4142135623730951,2.0,2.0,0.0,0.0,0.0,0.0,0.0,0.0,0.0,0.0,0.0,0.0,0.0,0.0,0.0,0.0,0.0,0.0,0.0,0.0,0.0,0.0,0.0,0.0,0.0,0.0,0.0,0.0,0.0,0.0,0.0,1.0,0.5,0.5,0.7071067811865476,0.5,1.0,0.0,0.0,2.0,0.0,0.0,0.0,0.0,0.0,0.0,0.0,0.0,0.0,0.0,0.0,0.0,0.0
1,106,Mesosphere Q1 Sprint 7 - 4/17,-41,14,10,41,0,0,0,0,10,41,0,0,0,0,3,8,11.0,1.0,3.0,7.0,0.0,0.0,9.0,4.181818181818182,4.0,3.1246818019818217,9.763636363636364,9.0,0.0,1.0,0.2727272727272727,0.0,0.46709936649691375,0.21818181818181817,1.0,0.0,1.0,0.36363636363636365,0.0,0.504524979109513,0.2545454545454545,1.0,0.0,8.0,1.8181818181818181,1.0,2.4007574562284217,5.763636363636363,8.0,0.0,0.0,0.0,0.0,0.0,0.0,0.0,0.0,0.0,0.0,0.0,0.0,0.0,0.0,0.0,0.0,0.0,0.0,0.0,0.0,0.0,0.0,1.0,0.09090909090909091,0.0,0.30151134457776363,0.0909090909090909,1.0,0.0,5.0,0.8181818181818182,0.0,1.4709304414677,2.163636363636363,5.0,1.0,2.0,9.0,1.0,3.0,3.0,1.0,1.0,1.0,0.0,0.0,0.0,0.0,0.0,0.0,0.0
1,108,Mesosphere Q2 Sprint 8 - 5/1,-42,14,11,42,0,0,0,0,11,42,0,0,0,0,3,9,11.0,1.0,4.0,6.0,0.0,0.0,10.0,4.363636363636363,5.0,3.471965647086021,12.054545454545455,10.0,0.0,1.0,0.2727272727272727,0.0,0.46709936649691375,0.21818181818181817,1.0,0.0,1.0,0.36363636363636365,0.0,0.504524979109513,0.2545454545454545,1.0,0.0,8.0,1.4545454545454546,1.0,2.3393860888547815,5.472727272727272,8.0,0.0,0.0,0.0,0.0,0.0,0.0,0.0,0.0,0.0,0.0,0.0,0.0,0.0,0.0,0.0,0.0,0.0,0.0,0.0,0.0,0.0,0.0,0.0,0.0,0.0,0.0,0.0,0.0,0.0,5.0,0.8181818181818182,0.0,1.4709304414677,2.163636363636363,5.0,1.0,2.0,8.0,2.0,3.0,3.0,0.0,2.0,1.0,0.0,0.0,0.0,0.0,0.0,0.0,0.0
1,113,Twitter Q2 Sprint 1 - 4/13,0,14,0,0,0,0,0,0,0,0,0,0,0,0,3,1,1.0,1.0,0.0,1.0,0.0,1.0,1.0,1.0,1.0,0.0,0.0,0.0,2.0,2.0,2.0,2.0,0.0,0.0,0.0,1.0,1.0,1.0,1.0,0.0,0.0,0.0,2.0,2.0,2.0,2.0,0.0,0.0,0.0,0.0,0.0,0.0,0.0,0.0,0.0,0.0,0.0,0.0,0.0,0.0,0.0,0.0,0.0,0.0,0.0,0.0,0.0,0.0,0.0,0.0,0.0,0.0,0.0,0.0,0.0,0.0,0.0,0.0,0.0,0.0,0.0,0.0,0.0,0.0,0.0,0.0,1.0,0.0,0.0,0.0,0.0,0.0,0.0,0.0,0.0,0.0,0.0,0.0,0.0,0.0
1,115,Mesosphere Q1 Sprint 9 - 5/15,0,14,0,0,0,0,0,0,0,0,0,0,0,0,3,9,10.0,1.0,3.0,7.0,0.0,0.0,10.0,4.6,4.5,3.9496835316263,15.600000000000001,10.0,0.0,1.0,0.3,0.0,0.48304589153964794,0.23333333333333334,1.0,0.0,1.0,0.4,0.0,0.5163977794943223,0.2666666666666667,1.0,0.0,8.0,1.7,1.0,2.4517567397911053,6.01111111111111,8.0,0.0,0.0,0.0,0.0,0.0,0.0,0.0,0.0,0.0,0.0,0.0,0.0,0.0,0.0,0.0,0.0,0.0,0.0,0.0,0.0,0.0,0.0,0.0,0.0,0.0,0.0,0.0,0.0,0.0,5.0,0.8,0.0,1.5491933384829668,2.4000000000000004,5.0,1.0,1.0,7.0,2.0,3.0,2.0,1.0,1.0,1.0,0.0,0.0,0.0,0.0,0.0,0.0,0.0
1,118,Twitter Q2 Sprint 2,-6,14,2,6,0,0,0,0,2,6,0,0,0,0,3,1,3.0,1.0,1.0,2.0,1.0,0.0,1.0,0.3333333333333333,0.0,0.5773502691896258,0.33333333333333337,1.0,0.0,2.0,1.0,1.0,1.0,1.0,2.0,0.0,1.0,0.3333333333333333,0.0,0.5773502691896258,0.33333333333333337,1.0,0.0,2.0,0.6666666666666666,0.0,1.1547005383792517,1.3333333333333335,2.0,0.0,0.0,0.0,0.0,0.0,0.0,0.0,0.0,0.0,0.0,0.0,0.0,0.0,0.0,0.0,0.0,0.0,0.0,0.0,0.0,0.0,0.0,0.0,0.0,0.0,0.0,0.0,0.0,0.0,0.0,0.0,0.0,0.0,0.0,0.0,2.0,0.0,1.0,0.0,1.0,0.0,0.0,0.0,0.0,0.0,0.0,0.0,0.0,0.0,0.0,0.0
1,128,Twitter Q2 Sprint 3 - 5/11,0,14,0,0,0,0,0,0,0,0,0,0,0,0,3,1,2.0,1.0,0.0,2.0,0.0,0.0,1.0,0.5,0.5,0.7071067811865476,0.5,1.0,0.0,2.0,1.0,1.0,1.4142135623730951,2.0,2.0,0.0,1.0,0.5,0.5,0.7071067811865476,0.5,1.0,1.0,2.0,1.5,1.5,0.7071067811865476,0.5,1.0,0.0,0.0,0.0,0.0,0.0,0.0,0.0,0.0,0.0,0.0,0.0,0.0,0.0,0.0,0.0,0.0,0.0,0.0,0.0,0.0,0.0,0.0,0.0,0.0,0.0,0.0,0.0,0.0,0.0,1.0,0.5,0.5,0.7071067811865476,0.5,1.0,0.0,0.0,2.0,0.0,0.0,0.0,1.0,0.0,0.0,0.0,0.0,0.0,0.0,0.0,0.0,0.0
1,130,Mesosphere Sprint 10,-17,10,5,17,0,0,0,0,5,17,0,0,0,0,3,9,14.0,5.0,4.0,7.0,3.0,0.0,10.0,2.5,1.0,3.3224180258452636,11.038461538461538,10.0,0.0,1.0,0.21428571428571427,0.0,0.42581531362632,0.18131868131868129,1.0,0.0,1.0,0.35714285714285715,0.0,0.4972451580988468,0.24725274725274715,1.0,0.0,3.0,0.8571428571428571,0.0,1.167320591199077,1.3626373626373625,3.0,0.0,0.0,0.0,0.0,0.0,0.0,0.0,0.0,0.0,0.0,0.0,0.0,0.0,0.0,0.0,1.0,0.07142857142857142,0.0,0.2672612419124244,0.07142857142857142,1.0,0.0,1.0,0.07142857142857142,0.0,0.2672612419124244,0.07142857142857142,1.0,0.0,5.0,0.8571428571428571,0.0,1.6104057232283402,2.593406593406593,5.0,3.0,1.0,8.0,3.0,1.0,3.0,1.0,1.0,2.0,0.0,0.0,0.0,0.0,0.0,0.0,0.0
1,132,Twitter Q2 Sprint 3,0,13,0,0,0,0,0,0,0,0,0,0,0,0,3,3,7.0,7.0,0.0,7.0,0.0,0.0,2.0,0.7142857142857143,0.0,0.9511897312113419,0.9047619047619048,2.0,0.0,2.0,0.7142857142857143,1.0,0.7559289460184544,0.5714285714285714,2.0,0.0,1.0,0.7142857142857143,1.0,0.48795003647426666,0.23809523809523814,1.0,0.0,2.0,0.2857142857142857,0.0,0.7559289460184546,0.5714285714285716,2.0,0.0,0.0,0.0,0.0,0.0,0.0,0.0,0.0,0.0,0.0,0.0,0.0,0.0,0.0,0.0,0.0,0.0,0.0,0.0,0.0,0.0,0.0,0.0,0.0,0.0,0.0,0.0,0.0,0.0,4.0,0.5714285714285714,0.0,1.5118578920369092,2.2857142857142865,4.0,1.0,0.0,5.0,1.0,0.0,0.0,0.0,0.0,0.0,0.0,0.0,0.0,0.0,0.0,0.0,0.0
1,134,Mesosphere Sprint 11,-64,13,0,0,14,64,0,0,14,64,0,0,0,0,3,9,14.0,5.0,4.0,7.0,3.0,0.0,11.0,2.9285714285714284,1.0,3.5183974873684867,12.37912087912088,11.0,0.0,1.0,0.21428571428571427,0.0,0.42581531362632,0.18131868131868129,1.0,0.0,1.0,0.35714285714285715,0.0,0.4972451580988468,0.24725274725274715,1.0,0.0,3.0,0.8571428571428571,0.0,1.167320591199077,1.3626373626373625,3.0,0.0,0.0,0.0,0.0,0.0,0.0,0.0,0.0,0.0,0.0,0.0,0.0,0.0,0.0,0.0,1.0,0.07142857142857142,0.0,0.2672612419124244,0.07142857142857142,1.0,0.0,1.0,0.07142857142857142,0.0,0.2672612419124244,0.07142857142857142,1.0,0.0,5.0,1.1428571428571428,0.5,1.6574838603294897,2.7472527472527473,5.0,3.0,1.0,8.0,3.0,1.0,3.0,1.0,1.0,2.0,0.0,0.0,0.0,0.0,0.0,0.0,0.0
1,141,Twitter Mesos Q2 Sprint 5,-19,14,4,16,1,3,0,0,5,19,0,0,0,0,3,4,8.0,7.0,0.0,6.0,2.0,0.0,5.0,1.25,1.0,1.6690459207925603,2.7857142857142856,5.0,0.0,2.0,0.75,1.0,0.7071067811865476,0.5,2.0,0.0,1.0,0.625,1.0,0.5175491695067657,0.26785714285714285,1.0,0.0,2.0,0.375,0.0,0.7440238091428449,0.5535714285714286,2.0,0.0,0.0,0.0,0.0,0.0,0.0,0.0,0.0,0.0,0.0,0.0,0.0,0.0,0.0,0.0,0.0,0.0,0.0,0.0,0.0,0.0,0.0,0.0,0.0,0.0,0.0,0.0,0.0,0.0,1.0,0.125,0.0,0.3535533905932738,0.125,1.0,2.0,1.0,4.0,2.0,0.0,0.0,0.0,0.0,0.0,0.0,0.0,0.0,0.0,0.0,0.0,0.0
1,142,Mesosphere Sprint 12,0,14,0,0,9,32,9,32,0,0,0,0,0,0,3,9,23.0,8.0,3.0,17.0,2.0,0.0,13.0,3.0434782608695654,2.0,3.4964691393872975,12.225296442687748,13.0,0.0,1.0,0.13043478260869565,0.0,0.34435022157509093,0.11857707509881421,1.0,0.0,1.0,0.5217391304347826,1.0,0.5107539184552491,0.26086956521739124,1.0,0.0,3.0,0.8260869565217391,1.0,0.984062724952183,0.9683794466403159,3.0,0.0,0.0,0.0,0.0,0.0,0.0,0.0,0.0,0.0,0.0,0.0,0.0,0.0,0.0,0.0,1.0,0.043478260869565216,0.0,0.2085144140570748,0.04347826086956523,1.0,0.0,1.0,0.043478260869565216,0.0,0.2085144140570748,0.04347826086956523,1.0,0.0,5.0,0.6956521739130435,0.0,1.4281196349394556,2.039525691699604,5.0,9.0,7.0,10.0,4.0,1.0,4.0,2.0,0.0,2.0,0.0,0.0,0.0,0.0,0.0,0.0,0.0
1,143,Mesosphere Sprint 13,50,14,1,8,1,8,1,8,1,8,0,0,0,0,3,14,50.0,15.0,11.0,39.0,5.0,0.0,14.0,1.68,0.0,2.881609527570964,8.303673469387753,14.0,0.0,1.0,0.1,0.0,0.30304576336566325,0.09183673469387756,1.0,0.0,6.0,0.74,1.0,0.8992059989632123,0.8085714285714285,6.0,0.0,5.0,0.86,1.0,1.0881551510024023,1.1840816326530612,5.0,0.0,0.0,0.0,0.0,0.0,0.0,0.0,0.0,0.0,0.0,0.0,0.0,0.0,0.0,0.0,1.0,0.02,0.0,0.14142135623730948,0.019999999999999993,1.0,0.0,1.0,0.08,0.0,0.27404751561786966,0.07510204081632653,1.0,0.0,6.0,0.4,0.0,1.160576914947994,1.3469387755102036,6.0,16.0,14.0,20.0,14.0,1.0,5.0,4.0,0.0,4.0,1.0,1.0,0.0,0.0,0.0,0.0,0.0
1,150,Twitter Mesos Q2 Sprint 6,-23,14,8,33,1,8,0,0,6,27,3,14,0,0,3,9,20.0,9.0,7.0,18.0,1.0,0.0,8.0,1.1,0.5,1.9166857359844667,3.6736842105263166,8.0,0.0,2.0,0.25,0.0,0.5501196042201808,0.3026315789473684,2.0,0.0,1.0,0.65,1.0,0.48936048492959294,0.23947368421052637,1.0,0.0,4.0,1.0,0.0,1.2977713690461004,1.6842105263157894,4.0,0.0,0.0,0.0,0.0,0.0,0.0,0.0,0.0,0.0,0.0,0.0,0.0,0.0,0.0,0.0,7.0,0.35,0.0,1.5652475842498528,2.45,7.0,0.0,0.0,0.0,0.0,0.0,0.0,0.0,0.0,2.0,0.25,0.0,0.5501196042201808,0.3026315789473684,2.0,8.0,3.0,7.0,5.0,0.0,1.0,1.0,0.0,0.0,0.0,0.0,0.0,0.0,0.0,0.0,0.0
1,154,Mesosphere Sprint 14,26,14,0,0,14,68,10,62,4,6,0,0,0,0,3,18,58.0,20.0,15.0,43.0,6.0,0.0,13.0,2.2413793103448274,1.0,3.039565670886978,9.238959467634604,13.0,0.0,2.0,0.13793103448275862,0.0,0.39506943036564773,0.15607985480943737,2.0,0.0,1.0,0.4482758620689655,0.0,0.5016608833298435,0.2516636418632789,1.0,0.0,8.0,0.9655172413793104,0.5,1.5097986067786835,2.279491833030854,8.0,0.0,0.0,0.0,0.0,0.0,0.0,0.0,0.0,0.0,0.0,0.0,0.0,0.0,0.0,0.0,3.0,0.29310344827586204,0.0,0.7256846903528159,0.5266182698124623,3.0,0.0,1.0,0.05172413793103448,0.0,0.2234037956221125,0.0499092558983666,1.0,0.0,4.0,0.5344827586206896,0.0,0.9590843081939333,0.9198427102238356,4.0,21.0,14.0,26.0,11.0,2.0,5.0,3.0,0.0,3.0,1.0,4.0,0.0,0.0,0.0,0.0,0.0
1,155,Twitter Mesos Q3 Sprint 1,-12,14,12,49,0,0,0,0,9,35,2,11,1,3,3,6,18.0,6.0,8.0,17.0,0.0,0.0,5.0,0.9444444444444444,0.5,1.3048426644944466,1.7026143790849673,5.0,0.0,2.0,0.3333333333333333,0.0,0.5940885257860047,0.3529411764705883,2.0,0.0,1.0,0.5555555555555556,1.0,0.5113099925649136,0.26143790849673204,1.0,0.0,4.0,1.1111111111111112,0.5,1.323493100445977,1.7516339869281048,4.0,0.0,0.0,0.0,0.0,0.0,0.0,0.0,0.0,0.0,0.0,0.0,0.0,0.0,0.0,0.0,7.0,0.3888888888888889,0.0,1.6499158227686108,2.722222222222222,7.0,0.0,0.0,0.0,0.0,0.0,0.0,0.0,0.0,2.0,0.2222222222222222,0.0,0.5483188805533162,0.3006535947712418,2.0,6.0,4.0,9.0,3.0,0.0,0.0,0.0,0.0,0.0,0.0,1.0,0.0,0.0,0.0,0.0,0.0
14,1,Usergrid 0,0,14,2,4,0,0,2,4,0,0,0,0,0,0,1,1,2.0,0.0,0.0,2.0,0.0,3.0,3.0,3.0,3.0,0.0,0.0,0.0,1.0,6.0,3.5,3.5,3.5355339059327378,12.5,5.0,0.0,1.0,0.5,0.5,0.7071067811865476,0.5,1.0,0.0,0.0,0.0,0.0,0.0,0.0,0.0,0.0,0.0,0.0,0.0,0.0,0.0,0.0,0.0,0.0,0.0,0.0,0.0,0.0,0.0,0.0,1.0,0.5,0.5,0.7071067811865476,0.5,1.0,0.0,0.0,0.0,0.0,0.0,0.0,0.0,0.0,0.0,0.0,0.0,0.0,0.0,0.0,0.0,2.0,2.0,0.0,0.0,0.0,0.0,0.0,0.0,0.0,0.0,0.0,0.0,0.0,0.0,0.0
18,2,Sprint #3 9/9 - 10/1,0,21,1,2,0,0,0,0,1,2,0,0,0,0,5,1,20.0,0.0,3.0,20.0,0.0,0.0,4.0,0.2,0.0,0.8944271909999157,0.7999999999999998,4.0,0.0,1.0,0.6,1.0,0.5026246899500346,0.2526315789473685,1.0,0.0,1.0,0.85,1.0,0.36634754853252327,0.13421052631578947,1.0,0.0,1.0,0.05,0.0,0.22360679774997894,0.04999999999999999,1.0,0.0,0.0,0.0,0.0,0.0,0.0,0.0,0.0,0.0,0.0,0.0,0.0,0.0,0.0,0.0,3.0,0.8,1.0,0.6958523739384594,0.48421052631578965,3.0,0.0,0.0,0.0,0.0,0.0,0.0,0.0,0.0,1.0,0.05,0.0,0.22360679774997894,0.04999999999999999,1.0,4.0,0.0,3.0,13.0,0.0,0.0,0.0,0.0,0.0,0.0,0.0,17.0,0.0,0.0,0.0,0.0
18,3,Sprint #4 10/2 - 10/16,-6,13,7,14,1,2,0,0,8,16,0,0,0,0,5,3,51.0,0.0,6.0,46.0,3.0,0.0,4.0,0.23529411764705882,0.0,0.7095980635294222,0.503529411764706,4.0,0.0,1.0,0.2549019607843137,0.0,0.44014257939453943,0.19372549019607846,1.0,0.0,2.0,0.6078431372549019,1.0,0.5684516293423396,0.3231372549019607,2.0,0.0,0.0,0.0,0.0,0.0,0.0,0.0,0.0,0.0,0.0,0.0,0.0,0.0,0.0,0.0,0.0,0.0,0.0,0.0,0.0,0.0,0.0,1.0,0.29411764705882354,0.0,0.46017899330842227,0.21176470588235294,1.0,0.0,0.0,0.0,0.0,0.0,0.0,0.0,0.0,2.0,0.21568627450980393,0.0,0.5408780080645201,0.2925490196078431,2.0,11.0,2.0,7.0,33.0,0.0,2.0,0.0,0.0,0.0,0.0,0.0,43.0,0.0,0.0,0.0,0.0
18,29,Scrumban #1,0,7,0,0,0,0,0,0,0,0,0,0,0,0,5,2,50.0,2.0,1.0,50.0,0.0,0.0,6.0,0.94,0.0,1.2682946931101733,1.6085714285714288,6.0,0.0,0.0,0.0,0.0,0.0,0.0,0.0,0.0,2.0,0.92,1.0,0.804071273112588,0.646530612244898,2.0,0.0,0.0,0.0,0.0,0.0,0.0,0.0,0.0,0.0,0.0,0.0,0.0,0.0,0.0,0.0,0.0,0.0,0.0,0.0,0.0,0.0,0.0,1.0,0.02,0.0,0.14142135623730948,0.019999999999999993,1.0,0.0,0.0,0.0,0.0,0.0,0.0,0.0,0.0,4.0,0.34,0.0,0.8233827686279751,0.6779591836734696,4.0,22.0,0.0,9.0,19.0,0.0,0.0,0.0,0.0,0.0,0.0,0.0,47.0,0.0,0.0,0.0,0.0
18,34,Scrumban #2,-6,14,0,0,5,10,2,4,3,6,0,0,0,0,5,4,27.0,2.0,2.0,27.0,0.0,0.0,4.0,1.0,1.0,1.1094003924504583,1.2307692307692308,4.0,0.0,0.0,0.0,0.0,0.0,0.0,0.0,0.0,1.0,0.5185185185185185,1.0,0.5091750772173156,0.25925925925925924,1.0,0.0,0.0,0.0,0.0,0.0,0.0,0.0,0.0,0.0,0.0,0.0,0.0,0.0,0.0,0.0,0.0,0.0,0.0,0.0,0.0,0.0,0.0,1.0,0.5555555555555556,1.0,0.5063696835418333,0.25641025641025644,1.0,0.0,0.0,0.0,0.0,0.0,0.0,0.0,0.0,2.0,0.2222222222222222,0.0,0.5773502691896258,0.33333333333333337,2.0,7.0,1.0,6.0,14.0,0.0,0.0,0.0,0.0,0.0,0.0,0.0,22.0,0.0,0.0,0.0,0.0
18,37,Scrumban #3,-4,14,4,8,0,0,0,0,4,8,0,0,0,0,5,4,26.0,1.0,0.0,26.0,0.0,0.0,4.0,1.1153846153846154,1.0,1.1773503497913635,1.386153846153846,4.0,0.0,2.0,0.15384615384615385,0.0,0.4640954808922571,0.2153846153846154,2.0,0.0,1.0,0.6153846153846154,1.0,0.4961389383568338,0.24615384615384617,1.0,0.0,0.0,0.0,0.0,0.0,0.0,0.0,0.0,0.0,0.0,0.0,0.0,0.0,0.0,0.0,0.0,0.0,0.0,0.0,0.0,0.0,0.0,1.0,0.5769230769230769,1.0,0.5038314736557788,0.25384615384615383,1.0,0.0,0.0,0.0,0.0,0.0,0.0,0.0,0.0,2.0,0.23076923076923078,0.0,0.5870395085642742,0.34461538461538466,2.0,8.0,3.0,4.0,14.0,0.0,0.0,0.0,0.0,0.0,0.0,0.0,22.0,0.0,0.0,0.0,0.0
18,44,Scrumban #4,-2,14,0,0,2,4,0,0,2,4,0,0,0,0,5,1,2.0,0.0,0.0,2.0,0.0,0.0,0.0,0.0,0.0,0.0,0.0,0.0,0.0,0.0,0.0,0.0,0.0,0.0,0.0,0.0,0.0,0.0,0.0,0.0,0.0,0.0,0.0,0.0,0.0,0.0,0.0,0.0,0.0,0.0,0.0,0.0,0.0,0.0,0.0,0.0,0.0,0.0,0.0,0.0,0.0,0.0,0.0,0.0,0.0,0.0,0.0,0.0,0.0,0.0,0.0,0.0,0.0,0.0,0.0,0.0,0.0,1.0,2.0,1.5,1.5,0.7071067811865476,0.5,1.0,1.0,2.0,1.0,0.0,0.0,0.0,0.0,0.0,0.0,0.0,0.0,0.0,0.0,0.0,0.0,0.0
23,1,Usergrid 0,14,14,0,0,0,0,0,0,0,0,0,0,0,0,9,1,17.0,1.0,0.0,17.0,0.0,0.0,0.0,0.0,0.0,0.0,0.0,0.0,0.0,0.0,0.0,0.0,0.0,0.0,0.0,0.0,2.0,1.0588235294117647,1.0,0.4287464628562721,0.18382352941176472,2.0,0.0,5.0,0.4117647058823529,0.0,1.227743027337753,1.5073529411764706,5.0,0.0,0.0,0.0,0.0,0.0,0.0,0.0,0.0,0.0,0.0,0.0,0.0,0.0,0.0,0.0,0.0,0.0,0.0,0.0,0.0,0.0,0.0,0.0,0.0,0.0,0.0,0.0,0.0,0.0,0.0,0.0,0.0,0.0,0.0,0.0,1.0,0.0,5.0,11.0,0.0,0.0,16.0,0.0,0.0,0.0,0.0,0.0,0.0,0.0,0.0,0.0
23,60,Usergrid 1,-14,14,11,28,0,0,0,0,11,28,0,0,0,0,9,6,14.0,2.0,0.0,14.0,0.0,0.0,9.0,1.3571428571428572,0.0,2.619663597227201,6.862637362637359,9.0,0.0,0.0,0.0,0.0,0.0,0.0,0.0,1.0,2.0,1.2142857142857142,1.0,0.42581531362632,0.18131868131868129,1.0,0.0,5.0,0.35714285714285715,0.0,1.3363062095621219,1.7857142857142858,5.0,0.0,0.0,0.0,0.0,0.0,0.0,0.0,0.0,0.0,0.0,0.0,0.0,0.0,0.0,0.0,1.0,0.07142857142857142,0.0,0.26726124191242434,0.07142857142857141,1.0,0.0,0.0,0.0,0.0,0.0,0.0,0.0,0.0,5.0,0.5,0.0,1.3445044840729643,1.8076923076923077,5.0,2.0,0.0,3.0,9.0,0.0,0.0,12.0,0.0,0.0,0.0,0.0,0.0,0.0,0.0,0.0,0.0
23,61,Usergrid 2,-26,14,9,24,2,4,0,0,8,22,1,2,2,4,9,5,18.0,0.0,0.0,18.0,0.0,0.0,2.0,0.6666666666666666,0.0,0.9074852129730302,0.823529411764706,2.0,0.0,0.0,0.0,0.0,0.0,0.0,0.0,1.0,2.0,1.1666666666666667,1.0,0.3834824944236852,0.14705882352941174,1.0,0.0,5.0,0.2777777777777778,0.0,1.1785113019775793,1.388888888888889,5.0,0.0,0.0,0.0,0.0,0.0,0.0,0.0,0.0,0.0,0.0,0.0,0.0,0.0,0.0,0.0,1.0,0.05555555555555555,0.0,0.23570226039551584,0.05555555555555556,1.0,0.0,0.0,0.0,0.0,0.0,0.0,0.0,0.0,5.0,0.5,0.0,1.2485285456935955,1.5588235294117647,5.0,3.0,9.0,3.0,12.0,0.0,0.0,9.0,0.0,0.0,0.0,0.0,0.0,0.0,0.0,0.0,0.0
23,64,Usergrid 3,-36,14,18,42,0,0,0,0,18,42,0,0,0,0,9,5,20.0,0.0,0.0,20.0,0.0,0.0,3.0,0.85,1.0,0.9333020044867296,0.8710526315789474,3.0,0.0,0.0,0.0,0.0,0.0,0.0,0.0,0.0,2.0,1.1,1.0,0.447213595499958,0.20000000000000004,2.0,0.0,5.0,0.3,0.0,1.1285761872936695,1.2736842105263158,5.0,0.0,0.0,0.0,0.0,0.0,0.0,0.0,0.0,0.0,0.0,0.0,0.0,0.0,0.0,0.0,1.0,0.05,0.0,0.22360679774997894,0.04999999999999999,1.0,0.0,0.0,0.0,0.0,0.0,0.0,0.0,0.0,5.0,0.55,0.0,1.2763022245616642,1.6289473684210525,5.0,3.0,9.0,3.0,14.0,0.0,0.0,11.0,0.0,0.0,0.0,0.0,0.0,0.0,0.0,0.0,0.0
23,70,Usergrid 4,-58,14,28,66,0,0,0,0,27,64,1,2,0,0,9,6,29.0,2.0,0.0,28.0,1.0,0.0,8.0,1.2413793103448276,1.0,1.7040953279378206,2.903940886699508,8.0,0.0,1.0,0.06896551724137931,0.0,0.25788071477756375,0.06650246305418718,1.0,0.0,2.0,1.1379310344827587,1.0,0.6394270834691721,0.4088669950738916,2.0,0.0,8.0,0.6551724137931034,0.0,1.7170544144170168,2.9482758620689644,8.0,0.0,0.0,0.0,0.0,0.0,0.0,0.0,0.0,0.0,0.0,0.0,0.0,0.0,0.0,0.0,3.0,0.27586206896551724,0.0,0.6489855668732951,0.42118226600985226,3.0,0.0,1.0,0.034482758620689655,0.0,0.18569533817705192,0.034482758620689676,1.0,0.0,5.0,0.5172413793103449,0.0,1.089583460881543,1.1871921182266008,5.0,5.0,8.0,8.0,16.0,2.0,0.0,16.0,0.0,0.0,0.0,0.0,0.0,1.0,0.0,0.0,0.0
23,71,Usergrid 5,-50,14,24,58,0,0,0,0,24,58,0,0,0,0,9,6,27.0,2.0,0.0,27.0,0.0,0.0,5.0,1.0,1.0,1.270977818604485,1.6153846153846154,5.0,0.0,1.0,0.037037037037037035,0.0,0.19245008972987526,0.037037037037037035,1.0,0.0,2.0,1.1481481481481481,1.0,0.4560451819471487,0.20797720797720798,2.0,0.0,8.0,0.7407407407407407,0.0,1.7670617200616179,3.1225071225071233,8.0,0.0,0.0,0.0,0.0,0.0,0.0,0.0,0.0,0.0,0.0,0.0,0.0,0.0,0.0,0.0,3.0,0.18518518518518517,0.0,0.6224663745652351,0.38746438746438755,3.0,0.0,0.0,0.0,0.0,0.0,0.0,0.0,0.0,5.0,0.4074074074074074,0.0,1.0473137528296366,1.096866096866097,5.0,6.0,8.0,4.0,17.0,2.0,0.0,12.0,0.0,0.0,0.0,0.0,0.0,3.0,0.0,0.0,0.0
23,78,Usergrid 6,-58,8,25,61,1,3,0,0,25,61,1,3,0,0,9,6,29.0,0.0,0.0,26.0,3.0,0.0,5.0,0.6896551724137931,0.0,1.1983157309878751,1.4359605911330053,5.0,0.0,0.0,0.0,0.0,0.0,0.0,0.0,0.0,2.0,0.9655172413793104,1.0,0.5658595623783125,0.32019704433497526,2.0,0.0,8.0,0.5862068965517241,0.0,1.5240275911289034,2.3226600985221677,8.0,0.0,0.0,0.0,0.0,0.0,0.0,0.0,0.0,0.0,0.0,0.0,0.0,0.0,0.0,0.0,1.0,0.10344827586206896,0.0,0.30993404669460345,0.09605911330049262,1.0,0.0,0.0,0.0,0.0,0.0,0.0,0.0,0.0,3.0,0.5517241379310345,0.0,0.869573249052649,0.7561576354679803,3.0,5.0,8.0,3.0,21.0,3.0,0.0,17.0,0.0,0.0,0.0,0.0,0.0,1.0,0.0,0.0,0.0
23,79,Usergrid 7,-81,14,28,75,2,8,0,0,25,67,0,0,5,16,9,6,31.0,0.0,0.0,28.0,3.0,0.0,5.0,0.7419354838709677,0.0,1.2640607035920357,1.597849462365592,5.0,0.0,0.0,0.0,0.0,0.0,0.0,0.0,0.0,2.0,1.0,1.0,0.5773502691896257,0.3333333333333333,2.0,0.0,8.0,0.5806451612903226,0.0,1.4781563640424311,2.1849462365591403,8.0,0.0,0.0,0.0,0.0,0.0,0.0,0.0,0.0,0.0,0.0,0.0,0.0,0.0,0.0,0.0,1.0,0.16129032258064516,0.0,0.373878250552983,0.13978494623655913,1.0,0.0,0.0,0.0,0.0,0.0,0.0,0.0,0.0,4.0,0.7741935483870968,0.0,1.1168311546321534,1.247311827956989,4.0,5.0,6.0,6.0,20.0,3.0,0.0,21.0,0.0,0.0,0.0,0.0,0.0,1.0,0.0,0.0,0.0
23,82,Usergrid 8,-1,14,30,83,4,14,4,14,29,82,1,1,0,0,9,6,47.0,0.0,0.0,38.0,7.0,0.0,3.0,0.44680851063829785,0.0,0.8024015756599974,0.6438482886216466,3.0,0.0,0.0,0.0,0.0,0.0,0.0,0.0,0.0,2.0,0.8723404255319149,1.0,0.6120891266657363,0.3746530989824238,2.0,0.0,8.0,0.9361702127659575,0.0,1.593522967722351,2.539315448658649,8.0,0.0,0.0,0.0,0.0,0.0,0.0,0.0,0.0,0.0,0.0,0.0,0.0,0.0,0.0,0.0,1.0,0.1276595744680851,0.0,0.33731814917823844,0.11378353376503232,1.0,0.0,1.0,0.02127659574468085,0.0,0.14586499149789456,0.021276595744680854,1.0,0.0,5.0,0.8723404255319149,0.0,1.2617624195268493,1.592044403330249,5.0,4.0,6.0,11.0,32.0,3.0,2.0,37.0,0.0,0.0,0.0,0.0,0.0,1.0,0.0,0.0,0.0
23,83,Usergrid 9,-12,6,13,36,2,6,1,3,14,39,0,0,0,0,9,6,24.0,0.0,0.0,18.0,3.0,0.0,5.0,0.5,0.0,1.2158375177486576,1.4782608695652173,5.0,0.0,0.0,0.0,0.0,0.0,0.0,0.0,0.0,1.0,0.8333333333333334,1.0,0.38069349381344053,0.14492753623188406,1.0,0.0,8.0,1.0,0.0,1.8881783261398664,3.5652173913043477,8.0,0.0,0.0,0.0,0.0,0.0,0.0,0.0,0.0,0.0,0.0,0.0,0.0,0.0,0.0,0.0,0.0,0.0,0.0,0.0,0.0,0.0,0.0,1.0,0.041666666666666664,0.0,0.2041241452319315,0.04166666666666667,1.0,0.0,5.0,1.0833333333333333,0.0,1.6129008882638507,2.601449275362319,5.0,3.0,6.0,10.0,11.0,3.0,1.0,14.0,0.0,0.0,0.0,2.0,0.0,1.0,0.0,0.0,0.0
23,97,Usergrid 10,1,7,5,18,2,6,0,0,4,15,1,3,2,6,9,4,24.0,0.0,0.0,18.0,2.0,0.0,5.0,0.5416666666666666,0.0,1.2150922908825974,1.4764492753623186,5.0,0.0,0.0,0.0,0.0,0.0,0.0,0.0,0.0,1.0,0.75,1.0,0.4423258684646914,0.1956521739130435,1.0,0.0,8.0,0.75,0.0,1.7997584378973221,3.239130434782609,8.0,0.0,0.0,0.0,0.0,0.0,0.0,0.0,0.0,0.0,0.0,0.0,0.0,0.0,0.0,0.0,1.0,0.041666666666666664,0.0,0.2041241452319315,0.04166666666666667,1.0,0.0,0.0,0.0,0.0,0.0,0.0,0.0,0.0,11.0,0.9583333333333334,0.0,2.3494526035295715,5.519927536231883,11.0,7.0,5.0,8.0,9.0,4.0,2.0,14.0,0.0,0.0,0.0,2.0,0.0,1.0,0.0,0.0,0.0
23,98,Usergrid 11,11,14,9,27,1,5,3,7,7,25,0,0,0,0,9,6,26.0,0.0,0.0,19.0,4.0,0.0,3.0,0.19230769230769232,0.0,0.6336706254344299,0.4015384615384615,3.0,0.0,0.0,0.0,0.0,0.0,0.0,0.0,0.0,1.0,0.46153846153846156,0.0,0.508391127441794,0.25846153846153846,1.0,0.0,5.0,0.7307692307692307,0.0,1.4016473824094933,1.9646153846153842,5.0,0.0,0.0,0.0,0.0,0.0,0.0,0.0,0.0,0.0,0.0,0.0,0.0,0.0,0.0,0.0,1.0,0.038461538461538464,0.0,0.19611613513818404,0.038461538461538464,1.0,0.0,0.0,0.0,0.0,0.0,0.0,0.0,0.0,11.0,0.8076923076923077,0.0,2.227451113164655,4.961538461538461,11.0,5.0,10.0,9.0,12.0,0.0,2.0,16.0,0.0,0.0,0.0,1.0,0.0,0.0,0.0,0.0,0.0
23,103,Usergrid 12,-29,14,15,44,0,0,0,0,14,39,1,5,0,0,9,5,18.0,0.0,0.0,15.0,1.0,0.0,3.0,0.5555555555555556,0.0,0.9835244081556433,0.9673202614379086,3.0,0.0,1.0,0.05555555555555555,0.0,0.23570226039551584,0.05555555555555555,1.0,0.0,1.0,0.2222222222222222,0.0,0.42779263194649864,0.18300653594771243,1.0,0.0,5.0,0.8333333333333334,0.0,1.4245742398014511,2.0294117647058822,5.0,0.0,0.0,0.0,0.0,0.0,0.0,0.0,0.0,0.0,0.0,0.0,0.0,0.0,0.0,0.0,0.0,0.0,0.0,0.0,0.0,0.0,0.0,1.0,0.05555555555555555,0.0,0.23570226039551584,0.05555555555555556,1.0,0.0,2.0,0.2777777777777778,0.0,0.5745131499601417,0.33006535947712423,2.0,5.0,13.0,5.0,8.0,0.0,1.0,5.0,0.0,0.0,0.0,1.0,0.0,0.0,0.0,0.0,0.0
23,107,Usergrid 13,-3,14,15,33,0,0,0,0,10,20,1,5,4,8,9,6,26.0,0.0,0.0,22.0,2.0,0.0,5.0,0.8461538461538461,0.0,1.3767296813044365,1.8953846153846154,5.0,0.0,1.0,0.11538461538461539,0.0,0.32581259360842113,0.10615384615384617,1.0,0.0,1.0,0.5384615384615384,1.0,0.508391127441794,0.2584615384615385,1.0,0.0,5.0,0.6153846153846154,0.0,1.1688258408136973,1.3661538461538465,5.0,0.0,0.0,0.0,0.0,0.0,0.0,0.0,0.0,0.0,0.0,0.0,0.0,0.0,0.0,0.0,1.0,0.038461538461538464,0.0,0.19611613513818402,0.03846153846153846,1.0,0.0,0.0,0.0,0.0,0.0,0.0,0.0,0.0,9.0,0.6153846153846154,0.0,1.8563819235690286,3.446153846153847,9.0,3.0,12.0,11.0,12.0,0.0,2.0,14.0,0.0,0.0,0.0,0.0,0.0,0.0,0.0,0.0,0.0
23,109,Usergrid 14,-24,14,21,48,0,0,0,0,20,43,1,5,0,0,9,5,25.0,0.0,0.0,16.0,5.0,0.0,7.0,0.72,0.0,1.6206994374857624,2.626666666666667,7.0,0.0,1.0,0.08,0.0,0.27688746209726917,0.07666666666666667,1.0,0.0,1.0,0.48,0.0,0.5099019513592785,0.26000000000000006,1.0,0.0,3.0,0.32,0.0,0.7483314773547882,0.5599999999999999,3.0,0.0,0.0,0.0,0.0,0.0,0.0,0.0,0.0,0.0,0.0,0.0,0.0,0.0,0.0,0.0,0.0,0.0,0.0,0.0,0.0,0.0,0.0,0.0,0.0,0.0,0.0,0.0,0.0,0.0,10.0,0.72,0.0,2.072036035722674,4.293333333333334,10.0,6.0,8.0,6.0,13.0,0.0,4.0,17.0,0.0,0.0,0.0,0.0,0.0,0.0,0.0,0.0,0.0
23,114,Usergrid 15,-4,7,14,29,1,3,0,0,9,22,0,0,6,10,9,5,32.0,0.0,0.0,25.0,2.0,0.0,11.0,0.75,0.0,2.079081683138325,4.32258064516129,11.0,0.0,0.0,0.0,0.0,0.0,0.0,0.0,0.0,2.0,0.59375,1.0,0.5599179087296003,0.31350806451612906,2.0,0.0,12.0,0.71875,0.0,2.173660136060091,4.724798387096774,12.0,0.0,0.0,0.0,0.0,0.0,0.0,0.0,0.0,0.0,0.0,0.0,0.0,0.0,0.0,0.0,0.0,0.0,0.0,0.0,0.0,0.0,0.0,0.0,0.0,0.0,0.0,0.0,0.0,0.0,11.0,0.625,0.0,2.012060410816284,4.048387096774194,11.0,6.0,11.0,4.0,22.0,1.0,4.0,20.0,0.0,0.0,0.0,1.0,0.0,0.0,0.0,0.0,0.0
23,123,Usergrid 16,-13,14,13,23,0,0,0,0,13,23,0,0,0,0,9,5,17.0,0.0,0.0,15.0,0.0,0.0,4.0,0.5294117647058824,0.0,1.2307338795828047,1.5147058823529413,4.0,0.0,1.0,0.058823529411764705,0.0,0.242535625036333,0.05882352941176471,1.0,0.0,1.0,0.5882352941176471,1.0,0.5072996561958923,0.25735294117647056,1.0,0.0,12.0,1.1176470588235294,0.0,2.869720215917757,8.235294117647058,12.0,0.0,0.0,0.0,0.0,0.0,0.0,0.0,0.0,0.0,0.0,0.0,0.0,0.0,0.0,0.0,0.0,0.0,0.0,0.0,0.0,0.0,0.0,0.0,0.0,0.0,0.0,0.0,0.0,0.0,4.0,0.4117647058823529,0.0,1.0036697371030328,1.0073529411764708,4.0,3.0,3.0,2.0,12.0,1.0,2.0,13.0,0.0,0.0,0.0,0.0,0.0,0.0,0.0,0.0,0.0
23,124,Usergrid 17,-17,7,23,46,1,3,0,0,10,21,2,4,12,24,9,3,33.0,0.0,0.0,29.0,2.0,0.0,5.0,0.6060606060606061,0.0,1.1709876691119,1.371212121212121,5.0,0.0,0.0,0.0,0.0,0.0,0.0,0.0,0.0,1.0,0.5757575757575758,1.0,0.5018903659106632,0.2518939393939394,1.0,0.0,12.0,0.696969696969697,0.0,2.0839393058107594,4.342803030303029,12.0,0.0,0.0,0.0,0.0,0.0,0.0,0.0,0.0,0.0,0.0,0.0,0.0,0.0,0.0,0.0,0.0,0.0,0.0,0.0,0.0,0.0,0.0,0.0,0.0,0.0,0.0,0.0,0.0,0.0,4.0,0.18181818181818182,0.0,0.7269175268963398,0.5284090909090909,4.0,3.0,21.0,8.0,22.0,1.0,2.0,11.0,0.0,0.0,0.0,0.0,0.0,0.0,0.0,0.0,0.0
23,125,Usergrid 18,-23,14,18,36,0,0,0,0,18,36,0,0,0,0,9,5,22.0,0.0,0.0,19.0,2.0,0.0,10.0,0.7727272727272727,0.0,2.245245096003004,5.041125541125539,10.0,0.0,0.0,0.0,0.0,0.0,0.0,0.0,0.0,1.0,0.8181818181818182,1.0,0.39477101697586137,0.15584415584415584,1.0,0.0,12.0,1.0454545454545454,0.0,2.553751166743742,6.521645021645025,12.0,0.0,0.0,0.0,0.0,0.0,0.0,0.0,0.0,0.0,0.0,0.0,0.0,0.0,0.0,0.0,0.0,0.0,0.0,0.0,0.0,0.0,0.0,0.0,0.0,0.0,0.0,0.0,0.0,0.0,4.0,0.22727272727272727,0.0,0.8691439785278707,0.7554112554112558,4.0,3.0,10.0,6.0,13.0,1.0,1.0,11.0,0.0,0.0,0.0,0.0,0.0,0.0,0.0,0.0,0.0
23,126,Usergrid 19,-36,14,22,48,0,0,0,0,21,45,0,0,1,3,9,4,29.0,0.0,0.0,27.0,2.0,0.0,2.0,0.4482758620689655,0.0,0.5723514714723389,0.3275862068965516,2.0,0.0,0.0,0.0,0.0,0.0,0.0,0.0,0.0,2.0,0.8620689655172413,1.0,0.4411136823860458,0.1945812807881773,2.0,0.0,12.0,0.896551724137931,0.0,2.2094735569847357,4.88177339901478,12.0,0.0,0.0,0.0,0.0,0.0,0.0,0.0,0.0,0.0,0.0,0.0,0.0,0.0,0.0,0.0,0.0,0.0,0.0,0.0,0.0,0.0,0.0,0.0,0.0,0.0,0.0,0.0,0.0,0.0,4.0,0.41379310344827586,0.0,1.0527936095153945,1.108374384236453,4.0,4.0,15.0,3.0,22.0,1.0,0.0,13.0,0.0,0.0,0.0,0.0,0.0,0.0,0.0,0.0,0.0
23,129,Usergrid 20,8,6,23,43,1,5,1,5,8,19,1,2,14,22,9,6,40.0,0.0,0.0,38.0,2.0,0.0,4.0,0.6,0.0,1.0813097471264972,1.169230769230769,4.0,0.0,0.0,0.0,0.0,0.0,0.0,0.0,0.0,2.0,0.875,1.0,0.40430377003131995,0.16346153846153846,2.0,0.0,12.0,0.65,0.0,1.9155236279489662,3.66923076923077,12.0,0.0,0.0,0.0,0.0,0.0,0.0,0.0,0.0,0.0,0.0,0.0,0.0,0.0,0.0,0.0,2.0,0.05,0.0,0.31622776601683794,0.09999999999999999,2.0,0.0,0.0,0.0,0.0,0.0,0.0,0.0,0.0,4.0,0.325,0.0,0.9971112120675251,0.994230769230769,4.0,4.0,26.0,9.0,27.0,1.0,0.0,13.0,0.0,0.0,0.0,0.0,0.0,0.0,0.0,0.0,0.0
23,133,Usergrid 21,-5,14,13,35,0,0,0,0,6,19,4,13,3,3,9,5,34.0,0.0,0.0,30.0,3.0,0.0,5.0,0.23529411764705882,0.0,0.8896313001841717,0.7914438502673798,5.0,0.0,0.0,0.0,0.0,0.0,0.0,0.0,0.0,1.0,0.8235294117647058,1.0,0.3869529949759475,0.14973262032085566,1.0,0.0,1.0,0.11764705882352941,0.0,0.3270349700838643,0.10695187165775401,1.0,0.0,0.0,0.0,0.0,0.0,0.0,0.0,0.0,0.0,0.0,0.0,0.0,0.0,0.0,0.0,0.0,0.0,0.0,0.0,0.0,0.0,0.0,0.0,0.0,0.0,0.0,0.0,0.0,0.0,3.0,0.29411764705882354,0.0,0.6755205294731985,0.45632798573975053,3.0,6.0,12.0,5.0,23.0,1.0,1.0,21.0,0.0,0.0,0.0,0.0,0.0,0.0,0.0,0.0,0.0
23,138,Usergrid 22,-40,7,24,69,4,8,0,0,23,66,3,8,2,3,9,7,35.0,0.0,0.0,30.0,3.0,0.0,6.0,0.42857142857142855,0.0,1.3347331587407338,1.781512605042017,6.0,0.0,0.0,0.0,0.0,0.0,0.0,0.0,0.0,2.0,0.8285714285714286,1.0,0.45281565433046006,0.2050420168067227,2.0,0.0,1.0,0.17142857142857143,0.0,0.38238526043109716,0.14621848739495802,1.0,0.0,0.0,0.0,0.0,0.0,0.0,0.0,0.0,0.0,0.0,0.0,0.0,0.0,0.0,0.0,0.0,0.0,0.0,0.0,0.0,0.0,0.0,1.0,0.02857142857142857,0.0,0.16903085094570333,0.028571428571428574,1.0,0.0,9.0,0.6285714285714286,0.0,1.6464884966946776,2.7109243697478993,9.0,6.0,14.0,11.0,18.0,1.0,2.0,20.0,0.0,0.0,0.0,0.0,0.0,0.0,0.0,0.0,0.0
23,140,Usergrid 23,1,14,14,33,0,0,0,0,9,22,2,3,3,8,9,6,23.0,0.0,0.0,22.0,1.0,0.0,7.0,0.5217391304347826,0.0,1.5629100252527568,2.442687747035573,7.0,0.0,1.0,0.043478260869565216,0.0,0.20851441405707477,0.04347826086956522,1.0,0.0,1.0,0.6521739130434783,1.0,0.48698475355767407,0.23715415019762853,1.0,0.0,1.0,0.08695652173913043,0.0,0.28810406552003043,0.08300395256916998,1.0,0.0,0.0,0.0,0.0,0.0,0.0,0.0,0.0,0.0,0.0,0.0,0.0,0.0,0.0,0.0,0.0,0.0,0.0,0.0,0.0,0.0,0.0,0.0,0.0,0.0,0.0,0.0,0.0,0.0,1.0,0.21739130434782608,0.0,0.4217411678366499,0.1778656126482213,1.0,6.0,9.0,7.0,10.0,1.0,0.0,13.0,0.0,0.0,0.0,0.0,0.0,0.0,0.0,0.0,0.0
23,146,Usergrid 24,-20,14,14,38,1,1,0,0,13,35,1,1,1,3,9,4,17.0,0.0,0.0,15.0,0.0,0.0,1.0,0.058823529411764705,0.0,0.242535625036333,0.05882352941176471,1.0,0.0,0.0,0.0,0.0,0.0,0.0,0.0,0.0,1.0,0.6470588235294118,1.0,0.492592183071889,0.2426470588235294,1.0,0.0,2.0,0.23529411764705882,0.0,0.5622957145383871,0.3161764705882353,2.0,0.0,0.0,0.0,0.0,0.0,0.0,0.0,0.0,0.0,0.0,0.0,0.0,0.0,0.0,0.0,0.0,0.0,0.0,0.0,0.0,0.0,0.0,0.0,0.0,0.0,0.0,0.0,0.0,0.0,3.0,0.5882352941176471,0.0,0.8702602720890289,0.7573529411764706,3.0,1.0,4.0,3.0,13.0,1.0,0.0,12.0,0.0,0.0,0.0,2.0,0.0,0.0,0.0,0.0,0.0
23,152,Usergrid 25,-33,7,20,57,0,0,0,0,15,45,2,8,3,4,9,8,24.0,0.0,0.0,20.0,1.0,0.0,2.0,0.2916666666666667,0.0,0.6240935455708451,0.3894927536231884,2.0,0.0,1.0,0.08333333333333333,0.0,0.28232985128663995,0.07971014492753623,1.0,0.0,2.0,0.7916666666666666,1.0,0.5882299658752717,0.3460144927536232,2.0,0.0,1.0,0.08333333333333333,0.0,0.28232985128663995,0.07971014492753623,1.0,0.0,0.0,0.0,0.0,0.0,0.0,0.0,0.0,0.0,0.0,0.0,0.0,0.0,0.0,0.0,3.0,0.875,1.0,0.9469631093315001,0.8967391304347826,3.0,0.0,1.0,0.041666666666666664,0.0,0.20412414523193154,0.04166666666666668,1.0,0.0,10.0,1.6666666666666667,1.0,2.5309676215726813,6.405797101449275,10.0,5.0,3.0,8.0,11.0,1.0,2.0,20.0,0.0,0.0,0.0,1.0,0.0,0.0,0.0,0.0,0.0
35,8,Q2'14 Sprint 1,12,9,1,1,4,4,3,3,2,2,0,0,0,0,2,4,32.0,9.0,15.0,25.0,6.0,0.0,32.0,1.90625,0.5,5.721264100111601,32.73286290322581,32.0,0.0,9.0,0.53125,0.0,1.883448707095063,3.5473790322580645,9.0,0.0,1.0,0.84375,1.0,0.36890203262847354,0.13608870967741934,1.0,0.0,10.0,1.5,1.0,2.1251185925162073,4.516129032258065,10.0,0.0,0.0,0.0,0.0,0.0,0.0,0.0,0.0,0.0,0.0,0.0,0.0,0.0,0.0,0.0,13.0,1.375,0.0,2.8708771279647216,8.241935483870968,13.0,0.0,0.0,0.0,0.0,0.0,0.0,0.0,0.0,2.0,0.1875,0.0,0.47092907485988494,0.2217741935483871,2.0,10.0,7.0,13.0,9.0,1.0,1.0,0.0,0.0,0.0,0.0,0.0,0.0,0.0,0.0,0.0,0.0
35,12,Q2'14 Sprint 2,-15,13,17,38,1,1,0,0,11,27,4,9,3,3,2,4,30.0,6.0,9.0,22.0,4.0,0.0,13.0,1.2666666666666666,0.5,2.625253135030698,6.891954022988509,13.0,0.0,9.0,0.7333333333333333,0.0,1.9286109586656035,3.719540229885058,9.0,0.0,1.0,0.8666666666666667,1.0,0.34574590364176044,0.11954022988505751,1.0,0.0,2.0,0.6333333333333333,0.0,0.8087168778415268,0.6540229885057469,2.0,0.0,0.0,0.0,0.0,0.0,0.0,0.0,0.0,0.0,0.0,0.0,0.0,0.0,0.0,0.0,13.0,1.0666666666666667,0.0,2.702914561438593,7.305747126436782,13.0,0.0,0.0,0.0,0.0,0.0,0.0,0.0,0.0,2.0,0.1,0.0,0.4025778999364487,0.16206896551724131,2.0,6.0,15.0,14.0,10.0,0.0,2.0,0.0,1.0,0.0,0.0,1.0,0.0,0.0,0.0,0.0,0.0
35,13,Q2 Sprint 3,-15,12,21,52,0,0,0,0,21,52,0,0,0,0,2,3,31.0,11.0,4.0,27.0,1.0,0.0,7.0,0.8064516129032258,0.0,2.006977077409533,4.027956989247311,7.0,0.0,9.0,0.7741935483870968,0.0,1.8922592743306408,3.580645161290323,9.0,0.0,1.0,0.5806451612903226,1.0,0.501610310127101,0.2516129032258065,1.0,0.0,2.0,0.3870967741935484,0.0,0.6672040844618538,0.4451612903225805,2.0,0.0,0.0,0.0,0.0,0.0,0.0,0.0,0.0,0.0,0.0,0.0,0.0,0.0,0.0,0.0,14.0,0.967741935483871,0.0,2.9267031618955586,8.565591397849461,14.0,0.0,0.0,0.0,0.0,0.0,0.0,0.0,0.0,1.0,0.12903225806451613,0.0,0.3407771005482388,0.11612903225806445,1.0,9.0,16.0,18.0,4.0,0.0,2.0,0.0,0.0,0.0,0.0,1.0,0.0,0.0,0.0,0.0,0.0
35,20,Q2 Sprint 4,9,12,14,27,0,0,0,0,14,27,0,0,0,0,2,5,37.0,11.0,4.0,32.0,3.0,0.0,7.0,1.0810810810810811,0.0,2.0463840518552936,4.1876876876876885,7.0,0.0,9.0,0.6486486486486487,0.0,1.7672360122867354,3.123123123123123,9.0,0.0,1.0,0.6216216216216216,1.0,0.49167239269837154,0.24174174174174168,1.0,0.0,3.0,0.4594594594594595,0.0,0.8364805435272835,0.6996996996996997,3.0,0.0,0.0,0.0,0.0,0.0,0.0,0.0,0.0,0.0,0.0,0.0,0.0,0.0,0.0,0.0,14.0,1.162162162162162,0.0,2.843252377838465,8.084084084084086,14.0,0.0,0.0,0.0,0.0,0.0,0.0,0.0,0.0,1.0,0.08108108108108109,0.0,0.2767247306920301,0.07657657657657656,1.0,12.0,20.0,20.0,5.0,0.0,2.0,1.0,0.0,1.0,0.0,0.0,0.0,0.0,0.0,0.0,0.0
35,22,Q2 Sprint 5,3,4,9,9,1,1,0,0,7,7,2,2,1,1,2,4,13.0,2.0,0.0,13.0,0.0,0.0,7.0,2.076923076923077,2.0,2.325995788959303,5.4102564102564115,7.0,0.0,0.0,0.0,0.0,0.0,0.0,0.0,0.0,1.0,0.6923076923076923,1.0,0.48038446141526137,0.23076923076923075,1.0,0.0,2.0,0.38461538461538464,0.0,0.650443635587991,0.4230769230769232,2.0,0.0,0.0,0.0,0.0,0.0,0.0,0.0,0.0,0.0,0.0,0.0,0.0,0.0,0.0,0.0,8.0,1.0769230769230769,0.0,2.215909838025097,4.910256410256411,8.0,0.0,0.0,0.0,0.0,0.0,0.0,0.0,0.0,2.0,0.3076923076923077,0.0,0.6304251719561151,0.39743589743589736,2.0,5.0,9.0,7.0,1.0,0.0,0.0,0.0,0.0,2.0,0.0,0.0,0.0,0.0,0.0,0.0,0.0
35,24,Q3 Sprint 1,-5,9,6,13,2,2,0,0,3,9,3,4,2,2,2,5,17.0,6.0,2.0,17.0,0.0,0.0,10.0,1.6470588235294117,0.0,2.760008525136024,7.617647058823531,10.0,0.0,1.0,0.11764705882352941,0.0,0.3321055820775357,0.1102941176470588,1.0,0.0,1.0,0.8235294117647058,1.0,0.3929526239966879,0.15441176470588236,1.0,0.0,3.0,0.47058823529411764,0.0,0.7998161553463027,0.639705882352941,3.0,0.0,0.0,0.0,0.0,0.0,0.0,0.0,0.0,0.0,0.0,0.0,0.0,0.0,0.0,0.0,3.0,0.47058823529411764,0.0,0.8744746321952062,0.7647058823529411,3.0,0.0,0.0,0.0,0.0,0.0,0.0,0.0,0.0,2.0,0.17647058823529413,0.0,0.5285941398709244,0.27941176470588236,2.0,4.0,7.0,13.0,0.0,0.0,0.0,1.0,0.0,1.0,0.0,0.0,0.0,0.0,0.0,0.0,0.0
35,25,Q3 Sprint 2,10,9,7,19,0,0,0,0,5,14,1,3,1,2,2,3,17.0,4.0,4.0,13.0,3.0,0.0,11.0,1.8823529411764706,1.0,2.891417319870492,8.360294117647058,11.0,0.0,1.0,0.058823529411764705,0.0,0.242535625036333,0.05882352941176471,1.0,0.0,1.0,0.8823529411764706,1.0,0.3321055820775357,0.11029411764705882,1.0,0.0,3.0,0.6470588235294118,0.0,0.8617697249402124,0.7426470588235294,3.0,0.0,0.0,0.0,0.0,0.0,0.0,0.0,0.0,0.0,0.0,0.0,0.0,0.0,0.0,0.0,2.0,0.29411764705882354,0.0,0.6859943405700354,0.4705882352941177,2.0,0.0,0.0,0.0,0.0,0.0,0.0,0.0,0.0,2.0,0.17647058823529413,0.0,0.5285941398709244,0.27941176470588236,2.0,4.0,9.0,11.0,2.0,0.0,1.0,0.0,0.0,0.0,0.0,0.0,0.0,0.0,0.0,0.0,0.0
35,26,Aurora Q3 Sprint 2,0,11,0,0,0,0,0,0,0,0,0,0,0,0,2,1,7.0,0.0,0.0,7.0,0.0,1.0,3.0,1.5714285714285714,1.0,0.7867957924694431,0.619047619047619,2.0,0.0,0.0,0.0,0.0,0.0,0.0,0.0,1.0,1.0,1.0,1.0,0.0,0.0,0.0,0.0,2.0,0.2857142857142857,0.0,0.7559289460184545,0.5714285714285715,2.0,0.0,0.0,0.0,0.0,0.0,0.0,0.0,0.0,0.0,0.0,0.0,0.0,0.0,0.0,0.0,1.0,0.7142857142857143,1.0,0.48795003647426655,0.23809523809523805,1.0,0.0,0.0,0.0,0.0,0.0,0.0,0.0,0.0,0.0,0.0,0.0,0.0,0.0,0.0,5.0,0.0,0.0,2.0,0.0,0.0,0.0,0.0,0.0,0.0,0.0,7.0,0.0,0.0,0.0,0.0
35,30,Q3 Sprint 3,-10,11,6,23,0,0,0,0,6,23,0,0,0,0,2,4,11.0,2.0,2.0,10.0,1.0,0.0,6.0,1.7272727272727273,2.0,2.1019471492361115,4.418181818181816,6.0,0.0,1.0,0.18181818181818182,0.0,0.40451991747794525,0.16363636363636364,1.0,0.0,1.0,0.7272727272727273,1.0,0.46709936649691375,0.21818181818181817,1.0,0.0,4.0,0.5454545454545454,0.0,1.2135597524338357,1.4727272727272729,4.0,0.0,0.0,0.0,0.0,0.0,0.0,0.0,0.0,0.0,0.0,0.0,0.0,0.0,0.0,0.0,2.0,0.18181818181818182,0.0,0.6030226891555271,0.36363636363636354,2.0,0.0,0.0,0.0,0.0,0.0,0.0,0.0,0.0,2.0,0.2727272727272727,0.0,0.6466697906828633,0.41818181818181827,2.0,1.0,6.0,8.0,2.0,0.0,0.0,0.0,0.0,1.0,0.0,0.0,0.0,0.0,0.0,0.0,0.0
35,31,Q3 Sprint 4,-9,11,9,26,0,0,0,0,5,17,3,8,1,1,2,7,14.0,4.0,1.0,10.0,3.0,0.0,34.0,5.5,2.0,9.525270034532838,90.73076923076923,34.0,0.0,1.0,0.42857142857142855,0.0,0.5135525910130955,0.2637362637362637,1.0,0.0,1.0,0.7857142857142857,1.0,0.4258153136263201,0.1813186813186813,1.0,0.0,6.0,1.0714285714285714,0.0,1.8590438284354558,3.456043956043956,6.0,0.0,0.0,0.0,0.0,0.0,0.0,0.0,0.0,0.0,0.0,0.0,0.0,0.0,0.0,0.0,7.0,0.8571428571428571,0.0,1.9158104473902606,3.6703296703296706,7.0,0.0,0.0,0.0,0.0,0.0,0.0,0.0,0.0,2.0,0.42857142857142855,0.0,0.8516306272526403,0.7252747252747255,2.0,1.0,9.0,11.0,2.0,0.0,0.0,0.0,1.0,0.0,0.0,0.0,0.0,0.0,0.0,0.0,0.0
35,36,Mesos Q3 Sprint 5,23,14,0,0,1,1,1,1,0,0,0,0,0,0,2,5,22.0,5.0,2.0,18.0,2.0,0.0,4.0,0.9545454545454546,0.0,1.3965015038360862,1.9502164502164505,4.0,0.0,1.0,0.2727272727272727,0.0,0.4558423058385518,0.20779220779220778,1.0,0.0,1.0,0.7272727272727273,1.0,0.4558423058385518,0.20779220779220778,1.0,0.0,8.0,1.3181818181818181,1.0,1.8869568253158473,3.560606060606061,8.0,0.0,0.0,0.0,0.0,0.0,0.0,0.0,0.0,0.0,0.0,0.0,0.0,0.0,0.0,0.0,1.0,0.09090909090909091,0.0,0.29424494316824984,0.08658008658008656,1.0,0.0,0.0,0.0,0.0,0.0,0.0,0.0,0.0,2.0,0.09090909090909091,0.0,0.426401432711221,0.1818181818181819,2.0,2.0,12.0,19.0,1.0,1.0,1.0,1.0,0.0,1.0,0.0,1.0,0.0,0.0,0.0,0.0,0.0
35,38,Mesos Q3 Sprint 6,-28,14,10,41,1,1,0,0,7,32,4,10,0,0,2,7,16.0,4.0,2.0,14.0,2.0,0.0,34.0,3.5,1.0,8.302610031389728,68.93333333333334,34.0,0.0,1.0,0.3125,0.0,0.47871355387816905,0.22916666666666666,1.0,0.0,1.0,0.75,1.0,0.4472135954999579,0.2,1.0,0.0,3.0,1.0,1.0,0.9660917830792959,0.9333333333333333,3.0,0.0,0.0,0.0,0.0,0.0,0.0,0.0,0.0,0.0,0.0,0.0,0.0,0.0,0.0,0.0,0.0,0.0,0.0,0.0,0.0,0.0,0.0,0.0,0.0,0.0,0.0,0.0,0.0,0.0,1.0,0.125,0.0,0.3415650255319866,0.11666666666666667,1.0,2.0,9.0,13.0,1.0,0.0,0.0,1.0,0.0,0.0,0.0,0.0,0.0,0.0,0.0,0.0,0.0
35,43,Twitter Q4 Sprint 1,-18,14,14,45,0,0,0,0,12,40,0,0,2,5,2,6,19.0,1.0,2.0,14.0,3.0,0.0,5.0,1.5789473684210527,1.0,1.6437014284732228,2.7017543859649127,5.0,0.0,7.0,0.7894736842105263,0.0,1.6186052764450238,2.6198830409356724,7.0,0.0,1.0,0.8421052631578947,1.0,0.3746343246326776,0.14035087719298245,1.0,0.0,5.0,1.1578947368421053,1.0,1.1672930649220892,1.3625730994152045,5.0,0.0,0.0,0.0,0.0,0.0,0.0,0.0,0.0,0.0,0.0,0.0,0.0,0.0,0.0,0.0,9.0,0.631578947368421,0.0,2.060488785479727,4.245614035087719,9.0,0.0,0.0,0.0,0.0,0.0,0.0,0.0,0.0,5.0,0.42105263157894735,0.0,1.1697953037312037,1.3684210526315792,5.0,3.0,14.0,14.0,2.0,0.0,1.0,2.0,0.0,0.0,0.0,1.0,0.0,0.0,0.0,0.0,0.0
35,45,Mesosphere Q4 Sprint 1 10/31,0,12,0,0,10,30,10,30,0,0,0,0,0,0,2,4,10.0,1.0,1.0,8.0,2.0,0.0,5.0,3.0,3.0,1.632993161855452,2.6666666666666665,5.0,0.0,7.0,1.2,0.5,2.1499353995462798,4.622222222222222,7.0,0.0,1.0,0.8,1.0,0.42163702135578396,0.1777777777777778,1.0,0.0,5.0,1.5,1.0,1.4337208778404378,2.0555555555555554,5.0,0.0,0.0,0.0,0.0,0.0,0.0,0.0,0.0,0.0,0.0,0.0,0.0,0.0,0.0,0.0,9.0,0.9,0.0,2.8460498941515415,8.100000000000001,9.0,0.0,0.0,0.0,0.0,0.0,0.0,0.0,0.0,5.0,0.8,0.0,1.5491933384829668,2.4000000000000004,5.0,2.0,6.0,8.0,0.0,0.0,0.0,2.0,0.0,0.0,0.0,0.0,0.0,0.0,0.0,0.0,0.0
35,47,Mesosphere Q4 Sprint 2 - 11/14,0,10,0,0,0,0,0,0,0,0,0,0,0,0,2,1,1.0,0.0,0.0,0.0,0.0,0.0,0.0,0.0,0.0,0.0,0.0,0.0,0.0,0.0,0.0,0.0,0.0,0.0,0.0,1.0,1.0,1.0,1.0,0.0,0.0,0.0,0.0,0.0,0.0,0.0,0.0,0.0,0.0,0.0,0.0,0.0,0.0,0.0,0.0,0.0,0.0,0.0,0.0,0.0,0.0,0.0,0.0,0.0,0.0,0.0,0.0,0.0,0.0,0.0,0.0,0.0,0.0,0.0,0.0,0.0,0.0,0.0,0.0,0.0,0.0,0.0,0.0,0.0,0.0,1.0,1.0,0.0,0.0,1.0,0.0,0.0,0.0,0.0,0.0,0.0,0.0,0.0,0.0,0.0
35,49,Twitter Mesos Q4 Sprint 2,-13,14,15,40,4,5,0,0,15,39,2,4,2,2,2,5,23.0,5.0,3.0,16.0,7.0,0.0,5.0,1.826086956521739,1.0,1.8003073957987255,3.241106719367589,5.0,0.0,7.0,0.6956521739130435,0.0,1.4904173487710703,2.221343873517786,7.0,0.0,1.0,0.782608695652174,1.0,0.42174116783664994,0.17786561264822132,1.0,0.0,5.0,0.8695652173913043,0.0,1.2542418146610599,1.5731225296442686,5.0,0.0,0.0,0.0,0.0,0.0,0.0,0.0,0.0,0.0,0.0,0.0,0.0,0.0,0.0,0.0,10.0,0.6521739130434783,0.0,2.080399779154651,4.32806324110672,10.0,0.0,0.0,0.0,0.0,0.0,0.0,0.0,0.0,5.0,0.6521739130434783,0.0,1.1912062508297252,1.4189723320158103,5.0,5.0,11.0,15.0,3.0,0.0,0.0,3.0,0.0,1.0,0.0,0.0,0.0,0.0,0.0,0.0,0.0
35,51,Twitter Mesos Q4 Sprint 3,29,14,3,15,0,0,0,0,3,15,0,0,0,0,2,6,26.0,5.0,8.0,18.0,7.0,0.0,7.0,2.0,1.0,2.1908902300206643,4.8,7.0,0.0,1.0,0.2692307692307692,0.0,0.45234432086120485,0.20461538461538467,1.0,0.0,1.0,0.6923076923076923,1.0,0.4706787243316416,0.22153846153846146,1.0,0.0,5.0,1.1538461538461537,0.0,1.6897883344918128,2.8553846153846147,5.0,0.0,0.0,0.0,0.0,0.0,0.0,0.0,0.0,0.0,0.0,0.0,0.0,0.0,0.0,0.0,9.0,0.4230769230769231,0.0,1.7702672549211753,3.1338461538461537,9.0,0.0,1.0,0.038461538461538464,0.0,0.19611613513818402,0.03846153846153846,1.0,0.0,2.0,0.19230769230769232,0.0,0.5670436151994496,0.32153846153846144,2.0,3.0,8.0,18.0,5.0,0.0,1.0,3.0,0.0,2.0,0.0,0.0,0.0,0.0,0.0,0.0,0.0
35,56,Twitter Mesos Q4 Sprint 4,-27,14,12,56,0,0,0,0,11,51,0,0,1,5,2,5,16.0,4.0,8.0,14.0,2.0,0.0,7.0,1.125,0.0,2.217355782608345,4.916666666666667,7.0,0.0,1.0,0.125,0.0,0.3415650255319866,0.11666666666666667,1.0,0.0,1.0,0.8125,1.0,0.4031128874149275,0.1625,1.0,0.0,5.0,1.0625,1.0,1.3889444433333777,1.9291666666666667,5.0,0.0,0.0,0.0,0.0,0.0,0.0,0.0,0.0,0.0,0.0,0.0,0.0,0.0,0.0,0.0,1.0,0.125,0.0,0.3415650255319866,0.11666666666666667,1.0,0.0,0.0,0.0,0.0,0.0,0.0,0.0,0.0,3.0,0.4375,0.0,0.963932916061417,0.9291666666666667,3.0,3.0,3.0,12.0,1.0,0.0,0.0,1.0,0.0,0.0,0.0,0.0,0.0,0.0,0.0,0.0,0.0
35,57,Twitter Mesos Q4 Sprint 5,-28,14,7,37,0,0,0,0,7,37,0,0,0,0,2,6,10.0,1.0,5.0,8.0,1.0,0.0,6.0,0.9,0.0,2.024845673131659,4.1000000000000005,6.0,0.0,1.0,0.1,0.0,0.31622776601683794,0.10000000000000002,1.0,0.0,1.0,0.7,1.0,0.4830458915396479,0.23333333333333328,1.0,0.0,5.0,1.5,1.0,1.5811388300841898,2.5,5.0,0.0,0.0,0.0,0.0,0.0,0.0,0.0,0.0,0.0,0.0,0.0,0.0,0.0,0.0,0.0,0.0,0.0,0.0,0.0,0.0,0.0,0.0,0.0,0.0,0.0,0.0,0.0,0.0,0.0,2.0,0.3,0.0,0.6749485577105528,0.4555555555555555,2.0,2.0,3.0,8.0,0.0,0.0,0.0,1.0,0.0,0.0,0.0,1.0,0.0,0.0,0.0,0.0,0.0
35,63,Twitter Mesos Q4 Sprint 6,-24,14,6,32,0,0,0,0,5,24,1,8,0,0,2,5,6.0,1.0,4.0,6.0,0.0,0.0,3.0,0.6666666666666666,0.0,1.2110601416389968,1.466666666666667,3.0,0.0,0.0,0.0,0.0,0.0,0.0,0.0,0.0,1.0,0.6666666666666666,1.0,0.5163977794943223,0.2666666666666667,1.0,0.0,3.0,1.5,1.5,1.0488088481701516,1.1,3.0,0.0,0.0,0.0,0.0,0.0,0.0,0.0,0.0,0.0,0.0,0.0,0.0,0.0,0.0,0.0,0.0,0.0,0.0,0.0,0.0,0.0,0.0,0.0,0.0,0.0,0.0,0.0,0.0,0.0,2.0,0.5,0.0,0.8366600265340756,0.7,2.0,1.0,1.0,5.0,0.0,0.0,0.0,0.0,0.0,0.0,0.0,0.0,0.0,0.0,0.0,0.0,0.0
35,72,Twitter Mesos Q1 Sprint 1,-16,14,11,41,0,0,0,0,10,38,1,3,0,0,2,6,19.0,4.0,5.0,16.0,3.0,0.0,6.0,0.6842105263157895,0.0,1.529438225803745,2.339181286549708,6.0,0.0,2.0,0.3157894736842105,0.0,0.5823927253578186,0.3391812865497076,2.0,0.0,1.0,0.8947368421052632,1.0,0.3153017676423058,0.09941520467836257,1.0,0.0,5.0,1.0,0.0,1.3743685418725535,1.8888888888888888,5.0,0.0,0.0,0.0,0.0,0.0,0.0,0.0,0.0,0.0,0.0,0.0,0.0,0.0,0.0,0.0,2.0,0.21052631578947367,0.0,0.5353033790313108,0.2865497076023391,2.0,0.0,0.0,0.0,0.0,0.0,0.0,0.0,0.0,2.0,0.15789473684210525,0.0,0.501459857121279,0.2514619883040936,2.0,4.0,9.0,14.0,1.0,0.0,0.0,1.0,0.0,0.0,0.0,0.0,0.0,0.0,0.0,0.0,0.0
35,80,Twitter Mesos Q1 Sprint 2,-12,14,10,42,0,0,0,0,7,35,1,3,2,4,2,6,18.0,5.0,5.0,15.0,3.0,0.0,8.0,1.6111111111111112,0.0,2.6599179308190717,7.075163398692812,8.0,0.0,7.0,0.7222222222222222,0.0,1.6379885640466825,2.6830065359477127,7.0,0.0,1.0,0.9444444444444444,1.0,0.23570226039551584,0.05555555555555556,1.0,0.0,5.0,1.3888888888888888,1.0,1.685191170474659,2.8398692810457513,5.0,0.0,0.0,0.0,0.0,0.0,0.0,0.0,0.0,0.0,0.0,0.0,0.0,0.0,0.0,0.0,2.0,0.2777777777777778,0.0,0.5745131499601417,0.3300653594771243,2.0,0.0,0.0,0.0,0.0,0.0,0.0,0.0,0.0,1.0,0.16666666666666666,0.0,0.3834824944236852,0.14705882352941177,1.0,4.0,7.0,13.0,1.0,0.0,0.0,1.0,0.0,0.0,0.0,0.0,0.0,0.0,0.0,0.0,0.0
35,81,Mesosphere Q1 Sprint 4 - 3/6,1,14,0,0,0,0,0,0,0,0,0,0,0,0,2,1,1.0,0.0,0.0,1.0,0.0,0.0,0.0,0.0,0.0,0.0,0.0,0.0,0.0,0.0,0.0,0.0,0.0,0.0,0.0,1.0,1.0,1.0,1.0,0.0,0.0,0.0,2.0,2.0,2.0,2.0,0.0,0.0,0.0,0.0,0.0,0.0,0.0,0.0,0.0,0.0,0.0,0.0,0.0,0.0,0.0,0.0,0.0,0.0,0.0,0.0,0.0,0.0,0.0,0.0,0.0,0.0,0.0,0.0,0.0,0.0,0.0,0.0,0.0,0.0,0.0,0.0,0.0,0.0,0.0,1.0,1.0,0.0,0.0,0.0,0.0,0.0,0.0,0.0,0.0,0.0,0.0,0.0,0.0,0.0
35,87,Twitter Mesos Q1 Sprint 3,-19,13,10,49,0,0,0,0,7,38,1,5,2,6,2,8,20.0,8.0,4.0,18.0,2.0,0.0,6.0,1.4,1.0,1.7888543819998317,3.2,6.0,0.0,7.0,0.8,0.0,1.6415653633362466,2.6947368421052635,7.0,0.0,1.0,0.85,1.0,0.36634754853252327,0.13421052631578947,1.0,0.0,5.0,1.25,1.0,1.4823523268955432,2.1973684210526314,5.0,0.0,0.0,0.0,0.0,0.0,0.0,0.0,0.0,0.0,0.0,0.0,0.0,0.0,0.0,0.0,1.0,0.1,0.0,0.30779350562554625,0.09473684210526317,1.0,0.0,0.0,0.0,0.0,0.0,0.0,0.0,0.0,3.0,0.2,0.0,0.6958523739384592,0.48421052631578926,3.0,6.0,7.0,13.0,1.0,0.0,0.0,0.0,0.0,1.0,0.0,0.0,0.0,0.0,0.0,0.0,0.0
35,93,Twitter Mesos Q1 Sprint 4,-10,14,8,41,0,0,0,0,5,30,1,8,2,3,2,6,18.0,7.0,5.0,16.0,1.0,0.0,7.0,2.0,1.0,2.6121886248440607,6.823529411764706,7.0,0.0,2.0,0.4444444444444444,0.0,0.7047921864945659,0.496732026143791,2.0,1.0,1.0,1.0,1.0,0.0,0.0,0.0,0.0,4.0,1.2222222222222223,1.0,1.0602749674192764,1.1241830065359475,4.0,0.0,0.0,0.0,0.0,0.0,0.0,0.0,0.0,0.0,0.0,0.0,0.0,0.0,0.0,0.0,1.0,0.16666666666666666,0.0,0.3834824944236852,0.14705882352941177,1.0,0.0,0.0,0.0,0.0,0.0,0.0,0.0,0.0,3.0,0.2222222222222222,0.0,0.7320844981409597,0.5359477124183007,3.0,2.0,6.0,12.0,4.0,0.0,1.0,0.0,0.0,0.0,0.0,0.0,0.0,0.0,0.0,0.0,0.0
35,99,Twitter Mesos Q1 Sprint 5,18,14,0,0,0,0,0,0,0,0,0,0,0,0,2,6,16.0,9.0,2.0,12.0,2.0,0.0,8.0,1.8125,1.0,2.4554361459151544,6.029166666666667,8.0,0.0,3.0,0.5625,0.0,0.8920949127381756,0.7958333333333333,3.0,0.0,1.0,0.9375,1.0,0.25,0.0625,1.0,0.0,4.0,1.125,1.0,1.1474609652039003,1.3166666666666667,4.0,0.0,0.0,0.0,0.0,0.0,0.0,0.0,0.0,0.0,0.0,0.0,0.0,0.0,0.0,0.0,0.0,0.0,0.0,0.0,0.0,0.0,0.0,0.0,0.0,0.0,0.0,0.0,0.0,0.0,3.0,0.4375,0.0,0.8139410298049853,0.6625,3.0,1.0,5.0,14.0,1.0,0.0,1.0,0.0,0.0,0.0,0.0,1.0,0.0,0.0,0.0,0.0,0.0
35,102,Mesosphere Q1 Sprint 6 - 4/3,0,14,0,0,0,0,0,0,0,0,0,0,0,0,2,1,1.0,1.0,0.0,1.0,0.0,0.0,0.0,0.0,0.0,0.0,0.0,0.0,0.0,0.0,0.0,0.0,0.0,0.0,0.0,0.0,0.0,0.0,0.0,0.0,0.0,0.0,1.0,1.0,1.0,1.0,0.0,0.0,0.0,0.0,0.0,0.0,0.0,0.0,0.0,0.0,0.0,0.0,0.0,0.0,0.0,0.0,0.0,0.0,0.0,0.0,0.0,0.0,0.0,0.0,0.0,0.0,0.0,0.0,0.0,0.0,0.0,0.0,0.0,0.0,0.0,0.0,0.0,0.0,0.0,0.0,1.0,0.0,0.0,0.0,0.0,0.0,0.0,0.0,0.0,0.0,0.0,0.0,0.0,0.0
35,104,Twitter Mesos Q1 Sprint 6,-10,7,8,38,0,0,0,0,4,23,3,7,1,8,2,5,18.0,13.0,3.0,13.0,5.0,0.0,27.0,3.3333333333333335,0.5,6.799653970434603,46.23529411764706,27.0,0.0,2.0,0.2222222222222222,0.0,0.5483188805533162,0.30065359477124187,2.0,0.0,2.0,0.6666666666666666,1.0,0.5940885257860047,0.3529411764705883,2.0,0.0,4.0,0.7777777777777778,0.0,1.114374293206496,1.2418300653594774,4.0,0.0,0.0,0.0,0.0,0.0,0.0,0.0,0.0,0.0,0.0,0.0,0.0,0.0,0.0,0.0,1.0,0.05555555555555555,0.0,0.23570226039551584,0.05555555555555556,1.0,0.0,0.0,0.0,0.0,0.0,0.0,0.0,0.0,1.0,0.2222222222222222,0.0,0.42779263194649864,0.18300653594771243,1.0,2.0,2.0,12.0,4.0,0.0,0.0,0.0,0.0,0.0,0.0,0.0,0.0,0.0,0.0,0.0,0.0
35,106,Mesosphere Q1 Sprint 7 - 4/17,0,14,0,0,0,0,0,0,0,0,0,0,0,0,2,1,1.0,0.0,0.0,1.0,0.0,6.0,6.0,6.0,6.0,0.0,0.0,0.0,1.0,1.0,1.0,1.0,0.0,0.0,0.0,0.0,0.0,0.0,0.0,0.0,0.0,0.0,8.0,8.0,8.0,8.0,0.0,0.0,0.0,0.0,0.0,0.0,0.0,0.0,0.0,0.0,0.0,0.0,0.0,0.0,0.0,0.0,0.0,0.0,0.0,0.0,0.0,0.0,0.0,0.0,0.0,0.0,0.0,0.0,0.0,0.0,0.0,0.0,0.0,0.0,0.0,0.0,0.0,0.0,0.0,0.0,1.0,0.0,1.0,0.0,0.0,0.0,0.0,0.0,0.0,0.0,0.0,0.0,0.0,0.0
35,108,Mesosphere Q2 Sprint 8 - 5/1,-1,14,1,1,0,0,0,0,1,1,0,0,0,0,2,2,1.0,0.0,0.0,1.0,0.0,7.0,7.0,7.0,7.0,0.0,0.0,0.0,1.0,1.0,1.0,1.0,0.0,0.0,0.0,0.0,0.0,0.0,0.0,0.0,0.0,0.0,8.0,8.0,8.0,8.0,0.0,0.0,0.0,0.0,0.0,0.0,0.0,0.0,0.0,0.0,0.0,0.0,0.0,0.0,0.0,0.0,0.0,0.0,0.0,0.0,0.0,0.0,0.0,0.0,0.0,0.0,0.0,0.0,0.0,0.0,0.0,0.0,0.0,0.0,0.0,0.0,0.0,0.0,0.0,0.0,1.0,0.0,1.0,0.0,0.0,0.0,0.0,0.0,0.0,0.0,0.0,0.0,0.0,0.0
35,113,Twitter Q2 Sprint 1 - 4/13,22,14,0,0,0,0,0,0,0,0,0,0,0,0,2,5,10.0,5.0,3.0,8.0,1.0,0.0,13.0,4.2,1.0,5.287301349039561,27.95555555555556,13.0,0.0,2.0,0.3,0.0,0.6749485577105528,0.4555555555555555,2.0,0.0,1.0,0.8,1.0,0.42163702135578396,0.1777777777777778,1.0,0.0,4.0,1.2,0.5,1.4757295747452437,2.177777777777778,4.0,0.0,0.0,0.0,0.0,0.0,0.0,0.0,0.0,0.0,0.0,0.0,0.0,0.0,0.0,0.0,0.0,0.0,0.0,0.0,0.0,0.0,0.0,1.0,0.1,0.0,0.31622776601683794,0.10000000000000002,1.0,0.0,1.0,0.1,0.0,0.31622776601683794,0.10000000000000002,1.0,1.0,2.0,8.0,1.0,0.0,1.0,0.0,0.0,0.0,0.0,0.0,0.0,0.0,0.0,0.0,0.0
35,115,Mesosphere Q1 Sprint 9 - 5/15,0,14,0,0,0,0,0,0,0,0,0,0,0,0,2,2,1.0,0.0,0.0,1.0,0.0,9.0,9.0,9.0,9.0,0.0,0.0,0.0,1.0,1.0,1.0,1.0,0.0,0.0,0.0,0.0,0.0,0.0,0.0,0.0,0.0,0.0,8.0,8.0,8.0,8.0,0.0,0.0,0.0,0.0,0.0,0.0,0.0,0.0,0.0,0.0,0.0,0.0,0.0,0.0,0.0,0.0,0.0,0.0,0.0,0.0,0.0,0.0,0.0,0.0,0.0,0.0,0.0,0.0,0.0,0.0,0.0,0.0,0.0,0.0,0.0,0.0,0.0,0.0,0.0,0.0,1.0,0.0,1.0,0.0,0.0,0.0,0.0,0.0,0.0,0.0,0.0,0.0,0.0,0.0
35,118,Twitter Q2 Sprint 2,-11,14,5,17,1,1,0,0,5,17,0,0,1,1,2,4,16.0,5.0,7.0,12.0,3.0,0.0,2.0,0.5,0.0,0.6324555320336759,0.4,2.0,0.0,2.0,0.25,0.0,0.5773502691896257,0.3333333333333333,2.0,0.0,1.0,0.75,1.0,0.4472135954999579,0.2,1.0,0.0,4.0,0.875,0.5,1.1474609652039003,1.3166666666666667,4.0,0.0,0.0,0.0,0.0,0.0,0.0,0.0,0.0,0.0,0.0,0.0,0.0,0.0,0.0,0.0,1.0,0.0625,0.0,0.25,0.0625,1.0,0.0,0.0,0.0,0.0,0.0,0.0,0.0,0.0,0.0,0.0,0.0,0.0,0.0,0.0,7.0,3.0,5.0,4.0,1.0,1.0,0.0,0.0,0.0,0.0,0.0,0.0,0.0,0.0,0.0,0.0
35,128,Twitter Q2 Sprint 3 - 5/11,39,14,0,0,0,0,0,0,0,0,0,0,0,0,2,3,18.0,6.0,8.0,17.0,0.0,0.0,2.0,0.5555555555555556,0.0,0.7047921864945659,0.49673202614379086,2.0,0.0,2.0,0.1111111111111111,0.0,0.4714045207910317,0.22222222222222224,2.0,0.0,1.0,0.7777777777777778,1.0,0.42779263194649864,0.18300653594771243,1.0,0.0,3.0,0.6111111111111112,0.0,0.9785276387866012,0.9575163398692811,3.0,0.0,0.0,0.0,0.0,0.0,0.0,0.0,0.0,0.0,0.0,0.0,0.0,0.0,0.0,0.0,1.0,0.05555555555555555,0.0,0.23570226039551584,0.05555555555555556,1.0,0.0,0.0,0.0,0.0,0.0,0.0,0.0,0.0,3.0,0.3333333333333333,0.0,0.7669649888473704,0.5882352941176471,3.0,7.0,2.0,9.0,2.0,0.0,1.0,1.0,0.0,1.0,0.0,0.0,0.0,0.0,0.0,0.0,0.0
35,132,Twitter Q2 Sprint 3,37,13,0,0,0,0,0,0,0,0,0,0,0,0,2,4,25.0,10.0,9.0,25.0,0.0,0.0,13.0,1.12,0.0,2.6032031550892576,6.776666666666666,13.0,0.0,2.0,0.32,0.0,0.5567764362830021,0.30999999999999994,2.0,0.0,1.0,0.8,1.0,0.408248290463863,0.16666666666666666,1.0,0.0,3.0,0.6,0.0,1.0,1.0,3.0,0.0,0.0,0.0,0.0,0.0,0.0,0.0,0.0,0.0,0.0,0.0,0.0,0.0,0.0,0.0,0.0,0.0,0.0,0.0,0.0,0.0,0.0,0.0,0.0,0.0,0.0,0.0,0.0,0.0,4.0,0.36,0.0,0.99498743710662,0.9900000000000001,4.0,9.0,6.0,13.0,3.0,0.0,0.0,0.0,0.0,0.0,0.0,0.0,0.0,0.0,0.0,0.0,0.0
35,141,Twitter Mesos Q2 Sprint 5,3,14,12,43,0,0,0,0,7,32,3,3,2,8,2,7,27.0,13.0,7.0,20.0,3.0,0.0,12.0,1.5185185185185186,1.0,2.532410988189992,6.413105413105412,12.0,0.0,2.0,0.2222222222222222,0.0,0.5063696835418333,0.25641025641025644,2.0,0.0,1.0,0.8518518518518519,1.0,0.36201399289824565,0.13105413105413105,1.0,0.0,4.0,0.8888888888888888,0.0,1.1547005383792517,1.3333333333333335,4.0,0.0,0.0,0.0,0.0,0.0,0.0,0.0,0.0,0.0,0.0,0.0,0.0,0.0,0.0,0.0,1.0,0.07407407407407407,0.0,0.2668802563418119,0.07122507122507124,1.0,0.0,0.0,0.0,0.0,0.0,0.0,0.0,0.0,2.0,0.2222222222222222,0.0,0.5063696835418333,0.25641025641025644,2.0,11.0,7.0,13.0,3.0,0.0,3.0,0.0,0.0,0.0,0.0,1.0,0.0,0.0,0.0,0.0,0.0
35,142,Mesosphere Sprint 12,0,14,0,0,1,3,1,3,0,0,0,0,0,0,2,1,1.0,1.0,0.0,1.0,0.0,3.0,3.0,3.0,3.0,0.0,0.0,0.0,0.0,0.0,0.0,0.0,0.0,0.0,0.0,1.0,1.0,1.0,1.0,0.0,0.0,0.0,0.0,0.0,0.0,0.0,0.0,0.0,0.0,0.0,0.0,0.0,0.0,0.0,0.0,0.0,0.0,0.0,0.0,0.0,0.0,0.0,0.0,0.0,0.0,0.0,0.0,0.0,0.0,0.0,0.0,0.0,0.0,0.0,0.0,0.0,0.0,2.0,2.0,2.0,2.0,0.0,0.0,0.0,1.0,0.0,0.0,0.0,0.0,0.0,0.0,0.0,0.0,0.0,0.0,0.0,0.0,0.0,0.0,0.0
35,143,Mesosphere Sprint 13,0,14,0,0,1,8,1,8,0,0,0,0,0,0,2,2,1.0,0.0,0.0,1.0,0.0,1.0,1.0,1.0,1.0,0.0,0.0,0.0,0.0,0.0,0.0,0.0,0.0,0.0,0.0,1.0,1.0,1.0,1.0,0.0,0.0,0.0,0.0,0.0,0.0,0.0,0.0,0.0,0.0,0.0,0.0,0.0,0.0,0.0,0.0,0.0,0.0,0.0,0.0,0.0,0.0,0.0,0.0,0.0,0.0,0.0,0.0,0.0,0.0,0.0,0.0,0.0,0.0,0.0,0.0,0.0,0.0,0.0,0.0,0.0,0.0,0.0,0.0,0.0,1.0,0.0,0.0,0.0,0.0,0.0,1.0,0.0,0.0,0.0,0.0,0.0,0.0,0.0,0.0,0.0
35,150,Twitter Mesos Q2 Sprint 6,-8,14,10,30,1,8,0,0,8,26,2,11,1,1,2,6,23.0,10.0,5.0,20.0,0.0,0.0,4.0,1.0434782608695652,1.0,1.2605287804426006,1.5889328063241102,4.0,0.0,2.0,0.30434782608695654,0.0,0.5587959953568722,0.3122529644268775,2.0,0.0,1.0,0.7391304347826086,1.0,0.44897775854487965,0.20158102766798425,1.0,0.0,4.0,0.9565217391304348,0.0,1.260528780442601,1.588932806324111,4.0,0.0,0.0,0.0,0.0,0.0,0.0,0.0,0.0,0.0,0.0,0.0,0.0,0.0,0.0,0.0,7.0,0.43478260869565216,0.0,1.4717363572115556,2.16600790513834,7.0,0.0,1.0,0.043478260869565216,0.0,0.2085144140570748,0.04347826086956523,1.0,0.0,2.0,0.13043478260869565,0.0,0.45769658728016005,0.20948616600790515,2.0,8.0,7.0,11.0,4.0,0.0,3.0,1.0,0.0,0.0,0.0,0.0,0.0,0.0,0.0,0.0,0.0
35,154,Mesosphere Sprint 14,0,14,0,0,2,26,2,26,0,0,0,0,0,0,2,1,2.0,0.0,2.0,2.0,0.0,0.0,0.0,0.0,0.0,0.0,0.0,0.0,0.0,0.0,0.0,0.0,0.0,0.0,0.0,0.0,0.0,0.0,0.0,0.0,0.0,0.0,5.0,8.0,6.5,6.5,2.1213203435596424,4.5,3.0,0.0,0.0,0.0,0.0,0.0,0.0,0.0,0.0,0.0,0.0,0.0,0.0,0.0,0.0,2.0,2.0,2.0,2.0,0.0,0.0,0.0,0.0,0.0,0.0,0.0,0.0,0.0,0.0,0.0,0.0,0.0,0.0,0.0,0.0,0.0,0.0,0.0,2.0,0.0,0.0,0.0,0.0,0.0,0.0,0.0,0.0,0.0,0.0,0.0,0.0,0.0
35,155,Twitter Mesos Q3 Sprint 1,-14,14,12,51,0,0,0,0,9,37,2,11,1,3,2,6,17.0,6.0,7.0,16.0,0.0,0.0,5.0,1.0,1.0,1.3228756555322954,1.75,5.0,0.0,2.0,0.35294117647058826,0.0,0.6063390625908325,0.36764705882352944,2.0,0.0,1.0,0.5882352941176471,1.0,0.5072996561958923,0.2573529411764706,1.0,0.0,4.0,1.0588235294117647,0.0,1.3449251017851385,1.808823529411765,4.0,0.0,0.0,0.0,0.0,0.0,0.0,0.0,0.0,0.0,0.0,0.0,0.0,0.0,0.0,0.0,7.0,0.4117647058823529,0.0,1.697749375254331,2.8823529411764706,7.0,0.0,0.0,0.0,0.0,0.0,0.0,0.0,0.0,2.0,0.17647058823529413,0.0,0.5285941398709244,0.27941176470588236,2.0,5.0,4.0,9.0,3.0,0.0,0.0,0.0,0.0,0.0,0.0,1.0,0.0,0.0,0.0,0.0,0.0
37,7,Q2 Sprint 1,-9,4,16,18,0,0,0,0,12,14,3,3,1,1,2,6,21.0,0.0,10.0,17.0,1.0,0.0,10.0,1.2380952380952381,1.0,2.2562083659263816,5.090476190476193,10.0,0.0,1.0,0.047619047619047616,0.0,0.21821789023599242,0.04761904761904763,1.0,1.0,1.0,1.0,1.0,0.0,0.0,0.0,0.0,2.0,0.23809523809523808,0.0,0.5389584311207967,0.2904761904761905,2.0,0.0,0.0,0.0,0.0,0.0,0.0,0.0,0.0,0.0,0.0,0.0,0.0,0.0,0.0,0.0,0.0,0.0,0.0,0.0,0.0,0.0,0.0,1.0,0.047619047619047616,0.0,0.21821789023599242,0.04761904761904763,1.0,0.0,1.0,0.14285714285714285,0.0,0.35856858280031806,0.12857142857142856,1.0,4.0,4.0,6.0,11.0,0.0,1.0,7.0,1.0,0.0,0.0,1.0,0.0,0.0,0.0,0.0,0.0
37,11,Q2 Sprint 2,13,4,2,2,2,2,2,2,1,1,1,1,0,0,2,6,25.0,0.0,16.0,23.0,1.0,0.0,11.0,1.2,1.0,2.327373340628157,5.416666666666667,11.0,0.0,0.0,0.0,0.0,0.0,0.0,0.0,0.0,1.0,0.92,1.0,0.27688746209726917,0.07666666666666667,1.0,0.0,3.0,0.44,0.0,0.8205689083394114,0.6733333333333335,3.0,0.0,0.0,0.0,0.0,0.0,0.0,0.0,0.0,0.0,0.0,0.0,0.0,0.0,0.0,0.0,2.0,0.16,0.0,0.5537749241945383,0.3066666666666667,2.0,0.0,0.0,0.0,0.0,0.0,0.0,0.0,0.0,1.0,0.24,0.0,0.43588989435406733,0.18999999999999997,1.0,7.0,3.0,9.0,9.0,0.0,0.0,6.0,0.0,0.0,0.0,1.0,0.0,0.0,0.0,0.0,0.0
37,13,Q2 Sprint 3,0,12,0,0,0,0,0,0,0,0,0,0,0,0,2,1,1.0,0.0,1.0,1.0,0.0,0.0,0.0,0.0,0.0,0.0,0.0,0.0,0.0,0.0,0.0,0.0,0.0,0.0,0.0,0.0,0.0,0.0,0.0,0.0,0.0,0.0,1.0,1.0,1.0,1.0,0.0,0.0,0.0,0.0,0.0,0.0,0.0,0.0,0.0,0.0,0.0,0.0,0.0,0.0,0.0,0.0,0.0,0.0,0.0,0.0,0.0,0.0,0.0,0.0,0.0,0.0,0.0,0.0,0.0,0.0,0.0,0.0,0.0,0.0,0.0,0.0,0.0,0.0,0.0,0.0,1.0,0.0,0.0,0.0,0.0,0.0,0.0,0.0,0.0,0.0,0.0,0.0,0.0,0.0
37,15,Q2 Sprint 3,22,4,0,0,1,1,0,0,1,1,0,0,0,0,2,4,31.0,0.0,16.0,27.0,4.0,0.0,11.0,1.064516129032258,0.0,2.1899084283894568,4.795698924731181,11.0,0.0,0.0,0.0,0.0,0.0,0.0,0.0,1.0,1.0,1.0,1.0,0.0,0.0,0.0,0.0,2.0,0.1935483870967742,0.0,0.47744841527364174,0.22795698924731186,2.0,0.0,0.0,0.0,0.0,0.0,0.0,0.0,0.0,0.0,0.0,0.0,0.0,0.0,0.0,0.0,0.0,0.0,0.0,0.0,0.0,0.0,0.0,0.0,0.0,0.0,0.0,0.0,0.0,0.0,1.0,0.06451612903225806,0.0,0.24973103811470743,0.06236559139784945,1.0,10.0,9.0,9.0,12.0,0.0,0.0,6.0,0.0,0.0,0.0,0.0,0.0,0.0,0.0,0.0,0.0
37,23,Q3 Sprint 1,-6,4,9,9,0,0,0,0,9,9,0,0,0,0,2,2,9.0,0.0,6.0,8.0,1.0,0.0,3.0,1.2222222222222223,1.0,0.8333333333333334,0.6944444444444444,3.0,0.0,0.0,0.0,0.0,0.0,0.0,0.0,0.0,1.0,0.8888888888888888,1.0,0.33333333333333337,0.11111111111111112,1.0,0.0,1.0,0.3333333333333333,0.0,0.5,0.25,1.0,0.0,0.0,0.0,0.0,0.0,0.0,0.0,0.0,0.0,0.0,0.0,0.0,0.0,0.0,0.0,0.0,0.0,0.0,0.0,0.0,0.0,0.0,0.0,0.0,0.0,0.0,0.0,0.0,0.0,1.0,0.1111111111111111,0.0,0.3333333333333333,0.1111111111111111,1.0,2.0,2.0,4.0,3.0,0.0,0.0,1.0,0.0,0.0,0.0,0.0,0.0,0.0,0.0,0.0,0.0
37,26,Aurora Q3 Sprint 2,8,11,21,21,0,0,0,0,20,20,0,0,1,1,2,8,42.0,0.0,17.0,36.0,1.0,0.0,8.0,2.0952380952380953,1.0,2.2503064702881415,5.063879210220675,8.0,0.0,1.0,0.023809523809523808,0.0,0.15430334996209188,0.023809523809523805,1.0,1.0,1.0,1.0,1.0,0.0,0.0,0.0,0.0,4.0,0.47619047619047616,0.0,0.8333914033193509,0.694541231126597,4.0,0.0,0.0,0.0,0.0,0.0,0.0,0.0,0.0,0.0,0.0,0.0,0.0,0.0,0.0,0.0,1.0,0.11904761904761904,0.0,0.32777006756156785,0.10743321718931476,1.0,0.0,1.0,0.023809523809523808,0.0,0.15430334996209188,0.023809523809523805,1.0,0.0,1.0,0.023809523809523808,0.0,0.15430334996209188,0.023809523809523805,1.0,14.0,11.0,15.0,13.0,0.0,3.0,7.0,0.0,0.0,0.0,2.0,7.0,0.0,0.0,0.0,0.0
37,39,Aurora Q3 Sprint 3,-4,10,16,16,0,0,0,0,11,11,2,2,3,3,2,7,23.0,0.0,8.0,17.0,1.0,0.0,13.0,1.826086956521739,1.0,3.0249293592509723,9.150197628458498,13.0,0.0,1.0,0.043478260869565216,0.0,0.2085144140570748,0.04347826086956523,1.0,1.0,1.0,1.0,1.0,0.0,0.0,0.0,0.0,4.0,0.6521739130434783,0.0,1.0706283478819987,1.146245059288538,4.0,0.0,0.0,0.0,0.0,0.0,0.0,0.0,0.0,0.0,0.0,0.0,0.0,0.0,0.0,0.0,0.0,0.0,0.0,0.0,0.0,0.0,0.0,1.0,0.17391304347826086,0.0,0.3875533878815898,0.150197628458498,1.0,0.0,1.0,0.13043478260869565,0.0,0.34435022157509093,0.11857707509881421,1.0,6.0,5.0,13.0,4.0,0.0,3.0,10.0,0.0,0.0,0.0,2.0,0.0,0.0,0.0,0.0,0.0
37,42,Aurora Q4 Sprint 1,6,11,24,24,3,3,0,0,18,18,4,4,5,5,2,9,48.0,0.0,19.0,31.0,5.0,0.0,13.0,1.6666666666666667,1.0,2.7001444668469077,7.290780141843972,13.0,0.0,1.0,0.041666666666666664,0.0,0.20194093652345887,0.04078014184397164,1.0,0.0,1.0,0.9583333333333334,1.0,0.20194093652345885,0.040780141843971635,1.0,0.0,6.0,0.6458333333333334,0.0,1.1937707704925051,1.4250886524822692,6.0,0.0,0.0,0.0,0.0,0.0,0.0,0.0,0.0,0.0,0.0,0.0,0.0,0.0,0.0,0.0,1.0,0.020833333333333332,0.0,0.14433756729740643,0.020833333333333332,1.0,0.0,1.0,0.10416666666666667,0.0,0.3087092781885836,0.0953014184397163,1.0,0.0,3.0,0.16666666666666666,0.0,0.5586203877309281,0.3120567375886525,3.0,13.0,17.0,27.0,8.0,0.0,7.0,12.0,0.0,0.0,0.0,5.0,0.0,0.0,0.0,0.0,0.0
37,46,Twitter Aurora Q4 Sprint 2,0,11,15,15,2,2,0,0,11,11,3,3,3,3,2,7,28.0,0.0,14.0,20.0,2.0,0.0,26.0,2.25,1.0,5.154106597152877,26.564814814814813,26.0,0.0,1.0,0.03571428571428571,0.0,0.18898223650461365,0.035714285714285726,1.0,1.0,1.0,1.0,1.0,0.0,0.0,0.0,0.0,2.0,0.4642857142857143,0.0,0.7444681351359534,0.5542328042328042,2.0,0.0,0.0,0.0,0.0,0.0,0.0,0.0,0.0,0.0,0.0,0.0,0.0,0.0,0.0,0.0,1.0,0.03571428571428571,0.0,0.18898223650461365,0.035714285714285726,1.0,0.0,1.0,0.10714285714285714,0.0,0.314970394174356,0.09920634920634921,1.0,0.0,2.0,0.10714285714285714,0.0,0.4162696521251859,0.17328042328042328,2.0,15.0,9.0,8.0,5.0,0.0,3.0,5.0,0.0,0.0,0.0,3.0,0.0,0.0,0.0,0.0,0.0
37,52,Twitter Aurora Q4 Sprint 3,0,10,23,23,0,0,0,0,18,18,3,3,2,2,2,8,31.0,0.0,7.0,21.0,2.0,0.0,13.0,1.032258064516129,0.0,2.3872420763682083,5.698924731182794,13.0,0.0,0.0,0.0,0.0,0.0,0.0,0.0,0.0,1.0,0.9354838709677419,1.0,0.24973103811470743,0.06236559139784945,1.0,0.0,3.0,0.4838709677419355,0.0,0.7690239589651062,0.5913978494623654,3.0,0.0,0.0,0.0,0.0,0.0,0.0,0.0,0.0,0.0,0.0,0.0,0.0,0.0,0.0,0.0,2.0,0.06451612903225806,0.0,0.3592106040535499,0.12903225806451618,2.0,0.0,1.0,0.06451612903225806,0.0,0.24973103811470743,0.06236559139784946,1.0,0.0,3.0,0.16129032258064516,0.0,0.5829107532346263,0.3397849462365594,3.0,7.0,16.0,19.0,5.0,0.0,2.0,8.0,0.0,0.0,0.0,6.0,0.0,0.0,0.0,0.0,0.0
37,53,Twitter Aurora Q4 Sprint 4,2,9,8,8,0,0,0,0,5,5,3,3,0,0,2,4,14.0,0.0,5.0,10.0,2.0,0.0,3.0,0.5714285714285714,0.0,0.937614461876991,0.8791208791208794,3.0,0.0,0.0,0.0,0.0,0.0,0.0,0.0,1.0,1.0,1.0,1.0,0.0,0.0,0.0,0.0,2.0,0.21428571428571427,0.0,0.5789342235218395,0.33516483516483525,2.0,0.0,0.0,0.0,0.0,0.0,0.0,0.0,0.0,0.0,0.0,0.0,0.0,0.0,0.0,0.0,0.0,0.0,0.0,0.0,0.0,0.0,0.0,1.0,0.07142857142857142,0.0,0.26726124191242434,0.07142857142857141,1.0,0.0,0.0,0.0,0.0,0.0,0.0,0.0,3.0,8.0,9.0,2.0,0.0,2.0,1.0,0.0,0.0,0.0,0.0,0.0,0.0,0.0,0.0,0.0
37,56,Twitter Mesos Q4 Sprint 4,0,14,0,0,0,0,0,0,0,0,0,0,0,0,2,1,2.0,0.0,0.0,2.0,0.0,0.0,0.0,0.0,0.0,0.0,0.0,0.0,0.0,0.0,0.0,0.0,0.0,0.0,0.0,1.0,1.0,1.0,1.0,0.0,0.0,0.0,0.0,2.0,1.0,1.0,1.4142135623730951,2.0,2.0,0.0,0.0,0.0,0.0,0.0,0.0,0.0,0.0,0.0,0.0,0.0,0.0,0.0,0.0,0.0,0.0,0.0,0.0,0.0,0.0,0.0,0.0,0.0,0.0,0.0,0.0,0.0,0.0,0.0,0.0,0.0,0.0,0.0,0.0,0.0,0.0,1.0,2.0,0.0,0.0,0.0,1.0,0.0,0.0,0.0,0.0,0.0,0.0,0.0,0.0,0.0
37,59,Twitter Aurora Q4 Sprint 5,-1,12,9,16,2,2,0,0,7,14,1,1,3,3,2,8,29.0,0.0,16.0,22.0,5.0,0.0,7.0,0.8275862068965517,0.0,1.5826958357101923,2.504926108374384,7.0,0.0,2.0,0.13793103448275862,0.0,0.4411136823860458,0.1945812807881773,2.0,0.0,1.0,0.9310344827586207,1.0,0.25788071477756375,0.0665024630541872,1.0,0.0,6.0,0.7586206896551724,0.0,1.3798336445744126,1.9039408866995067,6.0,0.0,0.0,0.0,0.0,0.0,0.0,0.0,0.0,0.0,0.0,0.0,0.0,0.0,0.0,0.0,1.0,0.06896551724137931,0.0,0.25788071477756375,0.06650246305418718,1.0,0.0,1.0,0.034482758620689655,0.0,0.18569533817705192,0.034482758620689676,1.0,0.0,2.0,0.1724137931034483,0.0,0.4682006222337797,0.21921182266009848,2.0,7.0,6.0,12.0,10.0,0.0,1.0,7.0,0.0,0.0,0.0,1.0,0.0,0.0,0.0,0.0,0.0
37,62,Twitter Aurora Q4 Sprint 6,-3,5,8,8,1,1,0,0,8,8,1,1,0,0,2,6,11.0,0.0,6.0,10.0,0.0,0.0,7.0,1.7272727272727273,1.0,2.053821272209882,4.218181818181817,7.0,0.0,1.0,0.18181818181818182,0.0,0.40451991747794525,0.16363636363636364,1.0,0.0,1.0,0.9090909090909091,1.0,0.30151134457776363,0.0909090909090909,1.0,0.0,3.0,0.9090909090909091,1.0,1.0444659357341868,1.0909090909090906,3.0,0.0,0.0,0.0,0.0,0.0,0.0,0.0,0.0,0.0,0.0,0.0,0.0,0.0,0.0,0.0,1.0,0.09090909090909091,0.0,0.3015113445777636,0.09090909090909088,1.0,0.0,1.0,0.09090909090909091,0.0,0.3015113445777636,0.09090909090909088,1.0,0.0,0.0,0.0,0.0,0.0,0.0,0.0,5.0,3.0,4.0,2.0,0.0,1.0,2.0,0.0,0.0,0.0,0.0,0.0,0.0,0.0,0.0,0.0
37,73,Twitter Aurora Q1'15 Sprint 1,-26,11,11,33,1,1,1,1,9,31,1,1,1,1,2,4,17.0,0.0,5.0,11.0,1.0,0.0,2.0,0.29411764705882354,0.0,0.5878675320972554,0.34558823529411764,2.0,0.0,1.0,0.11764705882352941,0.0,0.3321055820775357,0.1102941176470588,1.0,0.0,1.0,0.9411764705882353,1.0,0.242535625036333,0.05882352941176471,1.0,0.0,5.0,0.8235294117647058,0.0,1.2862393885688164,1.6544117647058825,5.0,0.0,0.0,0.0,0.0,0.0,0.0,0.0,0.0,0.0,0.0,0.0,0.0,0.0,0.0,0.0,0.0,0.0,0.0,0.0,0.0,0.0,0.0,1.0,0.058823529411764705,0.0,0.242535625036333,0.05882352941176471,1.0,0.0,2.0,0.35294117647058826,0.0,0.6063390625908325,0.36764705882352944,2.0,7.0,10.0,7.0,3.0,0.0,2.0,2.0,0.0,0.0,0.0,3.0,0.0,0.0,0.0,0.0,0.0
37,76,Twitter Aurora Q1'15 Sprint 2,-7,13,14,43,0,0,0,0,13,41,0,0,1,2,2,7,21.0,0.0,10.0,18.0,0.0,0.0,6.0,0.9047619047619048,1.0,1.3749458863810569,1.8904761904761904,6.0,0.0,1.0,0.09523809523809523,0.0,0.30079260375911915,0.09047619047619047,1.0,1.0,1.0,1.0,1.0,0.0,0.0,0.0,0.0,17.0,1.619047619047619,0.0,3.7878251078447445,14.347619047619052,17.0,0.0,0.0,0.0,0.0,0.0,0.0,0.0,0.0,0.0,0.0,0.0,0.0,0.0,0.0,0.0,0.0,0.0,0.0,0.0,0.0,0.0,0.0,1.0,0.047619047619047616,0.0,0.2182178902359924,0.04761904761904762,1.0,0.0,2.0,0.38095238095238093,0.0,0.5895922723535711,0.34761904761904755,2.0,8.0,5.0,8.0,5.0,0.0,3.0,6.0,0.0,0.0,0.0,0.0,0.0,0.0,0.0,0.0,0.0
37,85,Twitter Aurora Q1'15 Sprint 3,-16,12,16,58,0,0,0,0,13,44,3,14,0,0,2,4,21.0,0.0,7.0,18.0,0.0,0.0,8.0,0.9047619047619048,0.0,1.9210612146613626,3.69047619047619,8.0,0.0,1.0,0.047619047619047616,0.0,0.2182178902359924,0.04761904761904762,1.0,0.0,1.0,0.9047619047619048,1.0,0.30079260375911915,0.09047619047619046,1.0,0.0,4.0,0.8095238095238095,0.0,1.0779168622415933,1.161904761904762,4.0,0.0,0.0,0.0,0.0,0.0,0.0,0.0,0.0,0.0,0.0,0.0,0.0,0.0,0.0,0.0,0.0,0.0,0.0,0.0,0.0,0.0,0.0,0.0,0.0,0.0,0.0,0.0,0.0,0.0,2.0,0.47619047619047616,0.0,0.6796357567879737,0.46190476190476176,2.0,9.0,5.0,9.0,3.0,0.0,3.0,9.0,0.0,0.0,0.0,0.0,0.0,0.0,0.0,0.0,0.0
37,92,Twitter Aurora Q1'15 Sprint 4,-8,14,13,44,0,0,0,0,10,33,2,6,1,5,2,4,16.0,0.0,10.0,14.0,1.0,0.0,3.0,0.75,1.0,0.8563488385776752,0.7333333333333333,3.0,0.0,1.0,0.0625,0.0,0.25,0.0625,1.0,0.0,1.0,0.9375,1.0,0.25,0.0625,1.0,0.0,2.0,0.6875,0.5,0.7932002689527196,0.6291666666666667,2.0,0.0,0.0,0.0,0.0,0.0,0.0,0.0,0.0,0.0,0.0,0.0,0.0,0.0,0.0,0.0,0.0,0.0,0.0,0.0,0.0,0.0,0.0,1.0,0.0625,0.0,0.25,0.0625,1.0,0.0,1.0,0.1875,0.0,0.4031128874149275,0.1625,1.0,7.0,2.0,8.0,1.0,0.0,0.0,4.0,0.0,0.0,0.0,1.0,0.0,0.0,0.0,0.0,0.0
37,100,Twitter Aurora Q1'15 Sprint 5,-24,14,10,30,3,9,0,0,8,26,3,10,2,3,2,4,14.0,0.0,8.0,12.0,1.0,0.0,4.0,1.0714285714285714,1.0,1.2688144505364485,1.6098901098901095,4.0,0.0,0.0,0.0,0.0,0.0,0.0,0.0,0.0,1.0,0.8571428571428571,1.0,0.36313651960128146,0.13186813186813187,1.0,0.0,2.0,0.7142857142857143,1.0,0.6112498455021266,0.3736263736263736,2.0,0.0,0.0,0.0,0.0,0.0,0.0,0.0,0.0,0.0,0.0,0.0,0.0,0.0,0.0,0.0,1.0,0.07142857142857142,0.0,0.26726124191242434,0.07142857142857141,1.0,0.0,0.0,0.0,0.0,0.0,0.0,0.0,0.0,2.0,0.42857142857142855,0.0,0.646206172658864,0.4175824175824176,2.0,4.0,2.0,8.0,2.0,0.0,0.0,4.0,0.0,0.0,0.0,1.0,0.0,0.0,0.0,0.0,0.0
37,105,Twitter Aurora Q1'15 Sprint 6,-5,13,6,24,0,0,0,0,6,24,0,0,0,0,2,3,6.0,0.0,4.0,6.0,0.0,0.0,5.0,2.0,1.5,1.7888543819998317,3.2,5.0,0.0,0.0,0.0,0.0,0.0,0.0,0.0,0.0,1.0,0.8333333333333334,1.0,0.408248290463863,0.16666666666666669,1.0,0.0,2.0,0.8333333333333334,1.0,0.752772652709081,0.5666666666666667,2.0,0.0,0.0,0.0,0.0,0.0,0.0,0.0,0.0,0.0,0.0,0.0,0.0,0.0,0.0,0.0,0.0,0.0,0.0,0.0,0.0,0.0,0.0,0.0,0.0,0.0,0.0,0.0,0.0,0.0,2.0,0.6666666666666666,0.5,0.816496580927726,0.6666666666666667,2.0,2.0,0.0,3.0,1.0,0.0,0.0,2.0,0.0,0.0,0.0,0.0,0.0,0.0,0.0,0.0,0.0
37,112,Twitter Aurora Q2'15 Sprint 1,-5,14,5,12,0,0,0,0,5,12,0,0,0,0,2,3,5.0,0.0,4.0,5.0,0.0,0.0,2.0,0.4,0.0,0.8944271909999161,0.8000000000000003,2.0,0.0,0.0,0.0,0.0,0.0,0.0,0.0,1.0,1.0,1.0,1.0,0.0,0.0,0.0,0.0,2.0,0.6,0.0,0.8944271909999159,0.8,2.0,0.0,0.0,0.0,0.0,0.0,0.0,0.0,0.0,0.0,0.0,0.0,0.0,0.0,0.0,0.0,0.0,0.0,0.0,0.0,0.0,0.0,0.0,0.0,0.0,0.0,0.0,0.0,0.0,0.0,0.0,0.0,0.0,0.0,0.0,0.0,4.0,0.0,1.0,0.0,0.0,0.0,1.0,0.0,0.0,0.0,0.0,0.0,0.0,0.0,0.0,0.0
37,117,Twitter Aurora Q2'15 Sprint 2,27,14,4,10,0,0,0,0,2,7,1,1,1,2,2,4,22.0,0.0,7.0,15.0,3.0,0.0,3.0,0.45454545454545453,0.0,0.857864054457777,0.7359307359307359,3.0,0.0,0.0,0.0,0.0,0.0,0.0,0.0,1.0,1.0,1.0,1.0,0.0,0.0,0.0,0.0,2.0,0.45454545454545453,0.0,0.6709817063202619,0.4502164502164502,2.0,0.0,0.0,0.0,0.0,0.0,0.0,0.0,0.0,0.0,0.0,0.0,0.0,0.0,0.0,0.0,0.0,0.0,0.0,0.0,0.0,0.0,0.0,1.0,0.045454545454545456,0.0,0.21320071635561044,0.04545454545454546,1.0,0.0,1.0,0.13636363636363635,0.0,0.3512500866571044,0.12337662337662333,1.0,9.0,5.0,10.0,3.0,0.0,2.0,10.0,2.0,0.0,0.0,0.0,0.0,0.0,0.0,0.0,0.0
37,127,Twitter Aurora Q2'15 Sprint 3,7,14,7,18,0,0,0,0,5,15,0,0,2,3,2,3,12.0,0.0,6.0,10.0,2.0,0.0,7.0,1.4166666666666667,0.5,2.1514618004482156,4.628787878787878,7.0,0.0,0.0,0.0,0.0,0.0,0.0,0.0,0.0,1.0,0.9166666666666666,1.0,0.28867513459481287,0.08333333333333331,1.0,0.0,4.0,1.0,1.0,1.2792042981336627,1.6363636363636365,4.0,0.0,0.0,0.0,0.0,0.0,0.0,0.0,0.0,0.0,0.0,0.0,0.0,0.0,0.0,0.0,0.0,0.0,0.0,0.0,0.0,0.0,0.0,0.0,0.0,0.0,0.0,0.0,0.0,0.0,1.0,0.25,0.0,0.45226701686664544,0.20454545454545456,1.0,1.0,5.0,8.0,3.0,0.0,0.0,1.0,0.0,0.0,0.0,0.0,0.0,0.0,0.0,0.0,0.0
37,131,Twitter Aurora Q2'15 Sprint 4,0,13,4,13,0,0,0,0,4,13,0,0,0,0,2,2,5.0,0.0,3.0,4.0,1.0,0.0,1.0,0.4,0.0,0.5477225575051662,0.30000000000000004,1.0,0.0,0.0,0.0,0.0,0.0,0.0,0.0,1.0,1.0,1.0,1.0,0.0,0.0,0.0,0.0,0.0,0.0,0.0,0.0,0.0,0.0,0.0,0.0,0.0,0.0,0.0,0.0,0.0,0.0,0.0,0.0,0.0,0.0,0.0,0.0,0.0,0.0,0.0,0.0,0.0,0.0,0.0,0.0,0.0,0.0,0.0,0.0,0.0,0.0,0.0,1.0,0.2,0.0,0.44721359549995804,0.20000000000000007,1.0,1.0,2.0,3.0,1.0,0.0,0.0,0.0,0.0,0.0,0.0,0.0,0.0,0.0,0.0,0.0,0.0
37,139,Twitter Aurora Q2'15 Sprint 5,13,14,0,0,1,5,0,0,0,0,1,5,0,0,2,1,7.0,0.0,4.0,7.0,0.0,0.0,0.0,0.0,0.0,0.0,0.0,0.0,0.0,0.0,0.0,0.0,0.0,0.0,0.0,1.0,1.0,1.0,1.0,0.0,0.0,0.0,0.0,2.0,0.42857142857142855,0.0,0.7867957924694431,0.619047619047619,2.0,0.0,0.0,0.0,0.0,0.0,0.0,0.0,0.0,0.0,0.0,0.0,0.0,0.0,0.0,0.0,0.0,0.0,0.0,0.0,0.0,0.0,0.0,0.0,0.0,0.0,0.0,0.0,0.0,0.0,4.0,0.5714285714285714,0.0,1.5118578920369092,2.2857142857142865,4.0,2.0,2.0,3.0,2.0,0.0,0.0,1.0,0.0,0.0,0.0,0.0,0.0,0.0,0.0,0.0,0.0
37,151,Twitter Aurora Q2'15 Sprint 6,9,14,4,13,1,2,0,0,3,10,1,2,1,3,2,4,10.0,0.0,5.0,9.0,0.0,0.0,4.0,1.1,0.5,1.449137674618944,2.1,4.0,0.0,0.0,0.0,0.0,0.0,0.0,0.0,1.0,1.0,1.0,1.0,0.0,0.0,0.0,0.0,1.0,0.2,0.0,0.42163702135578396,0.17777777777777784,1.0,0.0,0.0,0.0,0.0,0.0,0.0,0.0,0.0,0.0,0.0,0.0,0.0,0.0,0.0,0.0,0.0,0.0,0.0,0.0,0.0,0.0,0.0,0.0,0.0,0.0,0.0,0.0,0.0,0.0,2.0,0.6,0.0,0.9660917830792958,0.9333333333333331,2.0,4.0,3.0,3.0,3.0,0.0,0.0,2.0,0.0,0.0,0.0,1.0,0.0,0.0,0.0,0.0,0.0
37,156,Twitter Aurora Q2'15 Sprint 7,16,14,4,12,0,0,0,0,4,12,0,0,0,0,2,3,12.0,0.0,0.0,9.0,1.0,0.0,6.0,0.9166666666666666,0.0,1.97522534195852,3.901515151515152,6.0,0.0,0.0,0.0,0.0,0.0,0.0,0.0,1.0,1.0,1.0,1.0,0.0,0.0,0.0,0.0,3.0,0.6666666666666666,0.0,0.9847319278346619,0.9696969696969698,3.0,0.0,0.0,0.0,0.0,0.0,0.0,0.0,0.0,0.0,0.0,0.0,0.0,0.0,0.0,0.0,0.0,0.0,0.0,0.0,0.0,0.0,0.0,2.0,0.16666666666666666,0.0,0.5773502691896257,0.33333333333333326,2.0,0.0,1.0,0.08333333333333333,0.0,0.28867513459481287,0.08333333333333331,1.0,3.0,9.0,8.0,1.0,0.0,2.0,3.0,0.0,0.0,0.0,0.0,0.0,0.0,0.0,0.0,0.0
38,7,Q2 Sprint 1,-14,4,12,14,0,0,0,0,8,10,3,3,1,1,1,6,17.0,0.0,8.0,13.0,1.0,0.0,10.0,1.2941176470588236,1.0,2.443478715948661,5.970588235294117,10.0,0.0,1.0,0.058823529411764705,0.0,0.242535625036333,0.05882352941176471,1.0,1.0,1.0,1.0,1.0,0.0,0.0,0.0,0.0,2.0,0.23529411764705882,0.0,0.562295714538387,0.3161764705882352,2.0,0.0,0.0,0.0,0.0,0.0,0.0,0.0,0.0,0.0,0.0,0.0,0.0,0.0,0.0,0.0,0.0,0.0,0.0,0.0,0.0,0.0,0.0,1.0,0.058823529411764705,0.0,0.242535625036333,0.05882352941176471,1.0,0.0,1.0,0.11764705882352941,0.0,0.3321055820775357,0.1102941176470588,1.0,4.0,4.0,4.0,9.0,0.0,1.0,5.0,1.0,0.0,0.0,1.0,0.0,0.0,0.0,0.0,0.0
38,11,Q2 Sprint 2,1,4,1,1,2,2,2,2,1,1,0,0,0,0,1,4,14.0,0.0,10.0,12.0,1.0,0.0,5.0,0.6428571428571429,0.0,1.3363062095621216,1.785714285714285,5.0,0.0,0.0,0.0,0.0,0.0,0.0,0.0,0.0,1.0,0.8571428571428571,1.0,0.36313651960128146,0.13186813186813187,1.0,0.0,3.0,0.5,0.0,0.9405399431259602,0.8846153846153846,3.0,0.0,0.0,0.0,0.0,0.0,0.0,0.0,0.0,0.0,0.0,0.0,0.0,0.0,0.0,0.0,2.0,0.2857142857142857,0.0,0.726273039202563,0.5274725274725276,2.0,0.0,0.0,0.0,0.0,0.0,0.0,0.0,0.0,1.0,0.35714285714285715,0.0,0.4972451580988468,0.24725274725274715,1.0,5.0,1.0,5.0,4.0,0.0,0.0,3.0,0.0,0.0,0.0,1.0,0.0,0.0,0.0,0.0,0.0
38,26,Aurora Q3 Sprint 2,-7,11,8,8,0,0,0,0,7,7,0,0,1,1,1,7,26.0,0.0,9.0,22.0,0.0,0.0,8.0,1.5,1.0,1.9849433241279208,3.94,8.0,0.0,1.0,0.038461538461538464,0.0,0.19611613513818402,0.03846153846153846,1.0,1.0,1.0,1.0,1.0,0.0,0.0,0.0,0.0,4.0,0.5769230769230769,0.0,0.9454343731037887,0.893846153846154,4.0,0.0,0.0,0.0,0.0,0.0,0.0,0.0,0.0,0.0,0.0,0.0,0.0,0.0,0.0,0.0,1.0,0.19230769230769232,0.0,0.40191847623425025,0.16153846153846158,1.0,0.0,1.0,0.038461538461538464,0.0,0.19611613513818402,0.03846153846153846,1.0,0.0,1.0,0.038461538461538464,0.0,0.19611613513818402,0.03846153846153846,1.0,11.0,6.0,10.0,5.0,1.0,3.0,3.0,0.0,0.0,0.0,1.0,7.0,0.0,0.0,0.0,0.0
38,42,Aurora Q4 Sprint 1,-2,11,10,10,4,4,3,3,4,4,4,4,3,3,1,9,37.0,0.0,15.0,23.0,2.0,0.0,9.0,1.162162162162162,0.0,2.2424380768548615,5.028528528528529,9.0,0.0,1.0,0.02702702702702703,0.0,0.1643989873053573,0.027027027027027025,1.0,0.0,1.0,0.9459459459459459,1.0,0.22924343513512563,0.052552552552552555,1.0,0.0,6.0,0.5945945945945946,0.0,1.1892915598853018,1.4144144144144142,6.0,0.0,0.0,0.0,0.0,0.0,0.0,0.0,0.0,0.0,0.0,0.0,0.0,0.0,0.0,0.0,0.0,0.0,0.0,0.0,0.0,0.0,0.0,1.0,0.16216216216216217,0.0,0.3736838766118223,0.13963963963963963,1.0,0.0,3.0,0.16216216216216217,0.0,0.6015495506289251,0.3618618618618618,3.0,11.0,12.0,19.0,7.0,1.0,8.0,9.0,0.0,0.0,0.0,4.0,0.0,0.0,0.0,0.0,0.0
38,46,Twitter Aurora Q4 Sprint 2,-11,11,13,13,2,2,1,1,9,9,3,3,2,2,1,6,25.0,0.0,13.0,18.0,2.0,0.0,10.0,1.16,0.0,2.1924111536540467,4.8066666666666675,10.0,0.0,1.0,0.04,0.0,0.2,0.04,1.0,1.0,1.0,1.0,1.0,0.0,0.0,0.0,0.0,2.0,0.4,0.0,0.7071067811865476,0.5000000000000001,2.0,0.0,0.0,0.0,0.0,0.0,0.0,0.0,0.0,0.0,0.0,0.0,0.0,0.0,0.0,0.0,1.0,0.04,0.0,0.2,0.04,1.0,0.0,1.0,0.08,0.0,0.27688746209726917,0.07666666666666667,1.0,0.0,2.0,0.12,0.0,0.439696865275764,0.19333333333333336,2.0,13.0,8.0,7.0,5.0,0.0,3.0,4.0,0.0,0.0,0.0,2.0,0.0,0.0,0.0,0.0,0.0
38,52,Twitter Aurora Q4 Sprint 3,-13,10,16,16,0,0,0,0,12,12,3,3,1,1,1,7,25.0,0.0,6.0,18.0,1.0,0.0,13.0,1.0,0.0,2.661453237111885,7.083333333333333,13.0,0.0,0.0,0.0,0.0,0.0,0.0,0.0,0.0,1.0,0.92,1.0,0.27688746209726917,0.07666666666666667,1.0,0.0,3.0,0.56,0.0,0.8205689083394114,0.6733333333333333,3.0,0.0,0.0,0.0,0.0,0.0,0.0,0.0,0.0,0.0,0.0,0.0,0.0,0.0,0.0,0.0,0.0,0.0,0.0,0.0,0.0,0.0,0.0,1.0,0.04,0.0,0.2,0.04000000000000001,1.0,0.0,3.0,0.16,0.0,0.6244997998398399,0.3900000000000001,3.0,5.0,13.0,16.0,4.0,0.0,1.0,6.0,0.0,0.0,0.0,5.0,0.0,0.0,0.0,0.0,0.0
38,53,Twitter Aurora Q4 Sprint 4,-4,9,4,4,0,0,0,0,1,1,3,3,0,0,1,4,10.0,0.0,3.0,6.0,2.0,0.0,3.0,0.4,0.0,0.966091783079296,0.9333333333333336,3.0,0.0,0.0,0.0,0.0,0.0,0.0,0.0,1.0,1.0,1.0,1.0,0.0,0.0,0.0,0.0,2.0,0.2,0.0,0.6324555320336759,0.4000000000000001,2.0,0.0,0.0,0.0,0.0,0.0,0.0,0.0,0.0,0.0,0.0,0.0,0.0,0.0,0.0,0.0,0.0,0.0,0.0,0.0,0.0,0.0,0.0,0.0,0.0,0.0,0.0,0.0,0.0,0.0,0.0,0.0,0.0,0.0,0.0,0.0,2.0,6.0,7.0,1.0,0.0,2.0,1.0,0.0,0.0,0.0,0.0,0.0,0.0,0.0,0.0,0.0
38,59,Twitter Aurora Q4 Sprint 5,-3,12,4,4,2,2,0,0,3,3,1,1,2,2,1,7,25.0,0.0,15.0,18.0,5.0,0.0,7.0,0.68,0.0,1.5470401847829727,2.393333333333334,7.0,0.0,2.0,0.16,0.0,0.4725815626252608,0.2233333333333333,2.0,0.0,1.0,0.92,1.0,0.27688746209726917,0.07666666666666666,1.0,0.0,6.0,0.76,0.0,1.451436070471816,2.1066666666666665,6.0,0.0,0.0,0.0,0.0,0.0,0.0,0.0,0.0,0.0,0.0,0.0,0.0,0.0,0.0,0.0,1.0,0.08,0.0,0.27688746209726917,0.07666666666666667,1.0,0.0,1.0,0.04,0.0,0.2,0.04000000000000001,1.0,0.0,2.0,0.16,0.0,0.4725815626252608,0.2233333333333333,2.0,7.0,5.0,9.0,9.0,0.0,1.0,5.0,0.0,0.0,0.0,1.0,0.0,0.0,0.0,0.0,0.0
38,62,Twitter Aurora Q4 Sprint 6,-2,5,2,2,1,1,1,1,1,1,1,1,0,0,1,1,5.0,0.0,3.0,4.0,0.0,0.0,7.0,2.0,1.0,2.9154759474226504,8.5,7.0,0.0,1.0,0.4,0.0,0.5477225575051662,0.30000000000000004,1.0,0.0,1.0,0.8,1.0,0.44721359549995804,0.20000000000000007,1.0,0.0,2.0,0.8,1.0,0.8366600265340756,0.7000000000000001,2.0,0.0,0.0,0.0,0.0,0.0,0.0,0.0,0.0,0.0,0.0,0.0,0.0,0.0,0.0,0.0,0.0,0.0,0.0,0.0,0.0,0.0,0.0,1.0,0.2,0.0,0.44721359549995804,0.20000000000000007,1.0,0.0,0.0,0.0,0.0,0.0,0.0,0.0,1.0,2.0,3.0,1.0,0.0,1.0,0.0,0.0,0.0,0.0,0.0,0.0,0.0,0.0,0.0,0.0
38,73,Twitter Aurora Q1'15 Sprint 1,-25,11,10,32,1,1,0,0,9,31,1,1,1,1,1,4,15.0,0.0,4.0,9.0,1.0,0.0,2.0,0.2,0.0,0.5606119105813882,0.31428571428571433,2.0,0.0,1.0,0.13333333333333333,0.0,0.3518657752744984,0.12380952380952381,1.0,0.0,1.0,0.9333333333333333,1.0,0.25819888974716115,0.06666666666666668,1.0,0.0,5.0,0.8666666666666667,0.0,1.3557637102737472,1.8380952380952373,5.0,0.0,0.0,0.0,0.0,0.0,0.0,0.0,0.0,0.0,0.0,0.0,0.0,0.0,0.0,0.0,0.0,0.0,0.0,0.0,0.0,0.0,0.0,1.0,0.06666666666666667,0.0,0.25819888974716115,0.06666666666666668,1.0,0.0,2.0,0.4,0.0,0.6324555320336759,0.4000000000000001,2.0,6.0,9.0,6.0,3.0,0.0,2.0,2.0,0.0,0.0,0.0,3.0,0.0,0.0,0.0,0.0,0.0
38,76,Twitter Aurora Q1'15 Sprint 2,-11,13,4,11,0,0,0,0,4,11,0,0,0,0,1,4,11.0,0.0,4.0,11.0,0.0,0.0,1.0,0.18181818181818182,0.0,0.4045199174779452,0.16363636363636358,1.0,0.0,0.0,0.0,0.0,0.0,0.0,0.0,0.0,1.0,0.9090909090909091,1.0,0.30151134457776363,0.0909090909090909,1.0,0.0,5.0,1.1818181818181819,0.0,1.7786613965666325,3.163636363636363,5.0,0.0,0.0,0.0,0.0,0.0,0.0,0.0,0.0,0.0,0.0,0.0,0.0,0.0,0.0,0.0,0.0,0.0,0.0,0.0,0.0,0.0,0.0,0.0,0.0,0.0,0.0,0.0,0.0,0.0,2.0,0.36363636363636365,0.0,0.6741998624632419,0.4545454545454543,2.0,4.0,3.0,4.0,3.0,0.0,0.0,4.0,0.0,0.0,0.0,0.0,0.0,0.0,0.0,0.0,0.0
38,85,Twitter Aurora Q1'15 Sprint 3,-20,12,9,26,0,0,0,0,7,20,2,6,0,0,1,3,15.0,0.0,4.0,12.0,0.0,0.0,2.0,0.4,0.0,0.7367883976130073,0.5428571428571429,2.0,0.0,0.0,0.0,0.0,0.0,0.0,0.0,0.0,1.0,0.8,1.0,0.41403933560541256,0.17142857142857146,1.0,0.0,2.0,0.6,0.0,0.9102589898327995,0.8285714285714285,2.0,0.0,0.0,0.0,0.0,0.0,0.0,0.0,0.0,0.0,0.0,0.0,0.0,0.0,0.0,0.0,0.0,0.0,0.0,0.0,0.0,0.0,0.0,0.0,0.0,0.0,0.0,0.0,0.0,0.0,2.0,0.4666666666666667,0.0,0.6399404734221844,0.40952380952380957,2.0,6.0,6.0,8.0,1.0,0.0,3.0,5.0,0.0,0.0,0.0,0.0,0.0,0.0,0.0,0.0,0.0
38,92,Twitter Aurora Q1'15 Sprint 4,-18,14,8,24,0,0,0,0,5,13,2,6,1,5,1,4,12.0,0.0,6.0,11.0,0.0,0.0,3.0,0.8333333333333334,1.0,0.937436866561092,0.8787878787878788,3.0,0.0,0.0,0.0,0.0,0.0,0.0,0.0,0.0,1.0,0.8333333333333334,1.0,0.38924947208076144,0.1515151515151515,1.0,0.0,2.0,0.5833333333333334,0.0,0.7929614610987591,0.6287878787878788,2.0,0.0,0.0,0.0,0.0,0.0,0.0,0.0,0.0,0.0,0.0,0.0,0.0,0.0,0.0,0.0,0.0,0.0,0.0,0.0,0.0,0.0,0.0,0.0,0.0,0.0,0.0,0.0,0.0,0.0,1.0,0.25,0.0,0.45226701686664544,0.20454545454545456,1.0,6.0,3.0,6.0,0.0,0.0,0.0,3.0,0.0,0.0,0.0,1.0,0.0,0.0,0.0,0.0,0.0
38,100,Twitter Aurora Q1'15 Sprint 5,-19,14,7,19,3,9,3,9,3,8,3,10,1,1,1,5,11.0,0.0,5.0,10.0,1.0,0.0,4.0,0.8181818181818182,0.0,1.2504544628399563,1.5636363636363635,4.0,0.0,0.0,0.0,0.0,0.0,0.0,0.0,0.0,1.0,0.7272727272727273,1.0,0.46709936649691375,0.21818181818181817,1.0,0.0,2.0,0.7272727272727273,1.0,0.6466697906828633,0.41818181818181827,2.0,0.0,0.0,0.0,0.0,0.0,0.0,0.0,0.0,0.0,0.0,0.0,0.0,0.0,0.0,0.0,0.0,0.0,0.0,0.0,0.0,0.0,0.0,0.0,0.0,0.0,0.0,0.0,0.0,0.0,2.0,0.45454545454545453,0.0,0.6875516509523286,0.47272727272727266,2.0,3.0,2.0,6.0,2.0,0.0,0.0,4.0,0.0,0.0,0.0,0.0,0.0,0.0,0.0,0.0,0.0
38,105,Twitter Aurora Q1'15 Sprint 6,-1,13,1,1,0,0,0,0,1,1,0,0,0,0,1,1,1.0,0.0,0.0,1.0,0.0,1.0,1.0,1.0,1.0,0.0,0.0,0.0,0.0,0.0,0.0,0.0,0.0,0.0,0.0,0.0,0.0,0.0,0.0,0.0,0.0,0.0,0.0,0.0,0.0,0.0,0.0,0.0,0.0,0.0,0.0,0.0,0.0,0.0,0.0,0.0,0.0,0.0,0.0,0.0,0.0,0.0,0.0,0.0,0.0,0.0,0.0,0.0,0.0,0.0,0.0,0.0,0.0,0.0,0.0,0.0,0.0,1.0,1.0,1.0,1.0,0.0,0.0,0.0,0.0,1.0,1.0,0.0,0.0,0.0,0.0,0.0,0.0,0.0,0.0,0.0,0.0,0.0,0.0,0.0
38,112,Twitter Aurora Q2'15 Sprint 1,-5,14,5,8,0,0,0,0,5,8,0,0,0,0,1,4,5.0,0.0,3.0,5.0,0.0,0.0,1.0,0.2,0.0,0.44721359549995804,0.20000000000000007,1.0,0.0,0.0,0.0,0.0,0.0,0.0,0.0,0.0,1.0,0.8,1.0,0.44721359549995804,0.20000000000000007,1.0,0.0,2.0,0.6,0.0,0.8944271909999159,0.8,2.0,0.0,0.0,0.0,0.0,0.0,0.0,0.0,0.0,0.0,0.0,0.0,0.0,0.0,0.0,0.0,0.0,0.0,0.0,0.0,0.0,0.0,0.0,0.0,0.0,0.0,0.0,0.0,0.0,0.0,1.0,0.2,0.0,0.44721359549995804,0.20000000000000007,1.0,4.0,1.0,1.0,0.0,0.0,0.0,1.0,0.0,0.0,0.0,0.0,0.0,0.0,0.0,0.0,0.0
38,117,Twitter Aurora Q2'15 Sprint 2,-4,14,4,9,0,0,0,0,3,8,1,1,0,0,1,5,22.0,0.0,6.0,15.0,3.0,0.0,3.0,0.45454545454545453,0.0,0.857864054457777,0.7359307359307359,3.0,0.0,0.0,0.0,0.0,0.0,0.0,0.0,0.0,1.0,0.9545454545454546,1.0,0.21320071635561047,0.04545454545454547,1.0,0.0,2.0,0.36363636363636365,0.0,0.5810872031479765,0.3376623376623376,2.0,0.0,0.0,0.0,0.0,0.0,0.0,0.0,0.0,0.0,0.0,0.0,0.0,0.0,0.0,0.0,0.0,0.0,0.0,0.0,0.0,0.0,0.0,1.0,0.045454545454545456,0.0,0.21320071635561044,0.04545454545454546,1.0,0.0,1.0,0.18181818181818182,0.0,0.3947710169758613,0.15584415584415579,1.0,8.0,6.0,11.0,3.0,0.0,2.0,10.0,2.0,0.0,0.0,0.0,0.0,0.0,0.0,0.0,0.0
38,127,Twitter Aurora Q2'15 Sprint 3,-15,14,5,16,0,0,0,0,4,14,0,0,1,2,1,3,10.0,0.0,3.0,8.0,2.0,0.0,7.0,1.1,0.0,2.1832697191750423,4.7666666666666675,7.0,0.0,0.0,0.0,0.0,0.0,0.0,0.0,0.0,1.0,0.8,1.0,0.42163702135578396,0.1777777777777778,1.0,0.0,4.0,0.7,0.0,1.2516655570345725,1.5666666666666667,4.0,0.0,0.0,0.0,0.0,0.0,0.0,0.0,0.0,0.0,0.0,0.0,0.0,0.0,0.0,0.0,0.0,0.0,0.0,0.0,0.0,0.0,0.0,0.0,0.0,0.0,0.0,0.0,0.0,0.0,1.0,0.3,0.0,0.4830458915396479,0.23333333333333328,1.0,0.0,6.0,7.0,3.0,0.0,0.0,1.0,0.0,0.0,0.0,0.0,0.0,0.0,0.0,0.0,0.0
38,131,Twitter Aurora Q2'15 Sprint 4,-7,13,3,7,0,0,0,0,3,7,0,0,0,0,1,3,4.0,0.0,2.0,3.0,1.0,0.0,1.0,0.25,0.0,0.5,0.25,1.0,0.0,0.0,0.0,0.0,0.0,0.0,0.0,0.0,1.0,0.75,1.0,0.5,0.25,1.0,0.0,0.0,0.0,0.0,0.0,0.0,0.0,0.0,0.0,0.0,0.0,0.0,0.0,0.0,0.0,0.0,0.0,0.0,0.0,0.0,0.0,0.0,0.0,0.0,0.0,0.0,0.0,0.0,0.0,0.0,0.0,0.0,0.0,0.0,0.0,0.0,1.0,0.25,0.0,0.5,0.25,1.0,1.0,2.0,2.0,1.0,0.0,0.0,0.0,0.0,0.0,0.0,0.0,0.0,0.0,0.0,0.0,0.0
38,151,Twitter Aurora Q2'15 Sprint 6,-7,14,2,7,1,2,1,2,0,0,1,2,1,3,1,3,8.0,0.0,5.0,7.0,0.0,0.0,3.0,0.75,0.0,1.164964745021435,1.3571428571428572,3.0,0.0,0.0,0.0,0.0,0.0,0.0,0.0,1.0,1.0,1.0,1.0,0.0,0.0,0.0,0.0,1.0,0.25,0.0,0.4629100498862757,0.21428571428571427,1.0,0.0,0.0,0.0,0.0,0.0,0.0,0.0,0.0,0.0,0.0,0.0,0.0,0.0,0.0,0.0,0.0,0.0,0.0,0.0,0.0,0.0,0.0,0.0,0.0,0.0,0.0,0.0,0.0,0.0,2.0,0.5,0.0,0.9258200997725514,0.8571428571428571,2.0,3.0,2.0,2.0,3.0,0.0,0.0,1.0,0.0,0.0,0.0,1.0,0.0,0.0,0.0,0.0,0.0
41,9,slider may 1,1,14,3,3,0,0,0,0,2,2,0,0,1,1,1,1,33.0,3.0,2.0,29.0,3.0,0.0,3.0,0.36363636363636365,0.0,0.8222751143238882,0.6761363636363635,3.0,0.0,1.0,0.15151515151515152,0.0,0.36410954062720957,0.13257575757575757,1.0,0.0,1.0,0.5757575757575758,1.0,0.5018903659106632,0.2518939393939394,1.0,0.0,2.0,0.24242424242424243,0.0,0.5607084263625252,0.31439393939393934,2.0,0.0,0.0,0.0,0.0,0.0,0.0,0.0,0.0,0.0,0.0,0.0,0.0,0.0,0.0,0.0,1.0,0.18181818181818182,0.0,0.3916747259003201,0.15340909090909088,1.0,0.0,1.0,0.030303030303030304,0.0,0.17407765595569785,0.03030303030303031,1.0,0.0,1.0,0.030303030303030304,0.0,0.17407765595569785,0.03030303030303031,1.0,12.0,1.0,8.0,13.0,0.0,0.0,0.0,0.0,0.0,0.0,1.0,25.0,0.0,1.0,1.0,0.0
41,14,slider may 2,-3,14,6,6,1,1,0,0,6,6,0,0,1,1,1,4,33.0,2.0,2.0,29.0,3.0,0.0,5.0,0.7575757575757576,0.0,1.3699977880981922,1.8768939393939392,5.0,0.0,1.0,0.21212121212121213,0.0,0.41514875026728054,0.17234848484848486,1.0,0.0,1.0,0.5454545454545454,1.0,0.5056498968474316,0.2556818181818182,1.0,0.0,5.0,0.3333333333333333,0.0,0.9574271077563382,0.9166666666666669,5.0,0.0,0.0,0.0,0.0,0.0,0.0,0.0,0.0,0.0,0.0,0.0,0.0,0.0,0.0,0.0,1.0,0.36363636363636365,0.0,0.48850421045919723,0.23863636363636365,1.0,0.0,1.0,0.030303030303030304,0.0,0.17407765595569785,0.03030303030303031,1.0,0.0,1.0,0.06060606060606061,0.0,0.24230584229877994,0.05871212121212121,1.0,11.0,1.0,9.0,13.0,0.0,0.0,0.0,0.0,0.0,0.0,1.0,25.0,0.0,2.0,1.0,0.0
41,16,slider June 1,-8,14,9,9,0,0,0,0,8,8,0,0,1,1,1,4,30.0,3.0,2.0,28.0,1.0,0.0,13.0,1.6333333333333333,1.0,2.6714755490543802,7.136781609195402,13.0,0.0,1.0,0.3333333333333333,0.0,0.4794633014853841,0.2298850574712643,1.0,0.0,1.0,0.7666666666666667,1.0,0.4301830671520763,0.1850574712643678,1.0,0.0,5.0,0.7,0.0,1.2077336998093464,1.4586206896551723,5.0,0.0,0.0,0.0,0.0,0.0,0.0,0.0,0.0,0.0,0.0,0.0,0.0,0.0,0.0,0.0,3.0,0.8666666666666667,0.0,1.1366415543118709,1.2919540229885056,3.0,0.0,1.0,0.06666666666666667,0.0,0.2537081317024625,0.06436781609195404,1.0,0.0,2.0,0.06666666666666667,0.0,0.36514837167011066,0.13333333333333328,2.0,13.0,3.0,9.0,8.0,0.0,0.0,0.0,0.0,0.0,0.0,1.0,20.0,0.0,1.0,1.0,0.0
41,17,slider June 2,-1,14,15,15,0,0,0,0,14,14,1,1,0,0,1,3,67.0,4.0,3.0,63.0,2.0,0.0,13.0,0.6716417910447762,0.0,1.9100060264976522,3.6481230212573497,13.0,0.0,1.0,0.6716417910447762,1.0,0.4731602234073838,0.22388059701492535,1.0,0.0,1.0,0.7611940298507462,1.0,0.42957174723720287,0.18453188602442333,1.0,0.0,14.0,0.8208955223880597,0.0,1.953438096794969,3.81592039800995,14.0,0.0,0.0,0.0,0.0,0.0,0.0,0.0,0.0,0.0,0.0,0.0,0.0,0.0,0.0,0.0,3.0,0.2537313432835821,0.0,0.7249510658948697,0.5255540479421077,3.0,0.0,1.0,0.014925373134328358,0.0,0.12216944435630518,0.01492537313432835,1.0,0.0,2.0,0.13432835820895522,0.0,0.4226726790053584,0.1786521935775667,2.0,18.0,17.0,16.0,33.0,0.0,1.0,0.0,0.0,0.0,0.0,1.0,36.0,0.0,2.0,2.0,3.0
41,21,Slider July #1,-11,14,24,24,1,1,0,0,21,21,1,1,3,3,1,3,80.0,5.0,5.0,72.0,3.0,0.0,13.0,0.625,0.0,1.8027756377319946,3.25,13.0,0.0,1.0,0.8,1.0,0.4025236843413021,0.1620253164556962,1.0,0.0,1.0,0.8125,1.0,0.39277493797177815,0.15427215189873417,1.0,0.0,6.0,0.6375,0.0,1.1718615505557326,1.373259493670886,6.0,0.0,0.0,0.0,0.0,0.0,0.0,0.0,0.0,0.0,0.0,0.0,0.0,0.0,0.0,0.0,3.0,0.125,0.0,0.4320982073088173,0.18670886075949367,3.0,0.0,0.0,0.0,0.0,0.0,0.0,0.0,0.0,2.0,0.0875,0.0,0.32583874244163996,0.10617088607594938,2.0,26.0,14.0,16.0,38.0,0.0,4.0,0.0,0.0,1.0,0.0,1.0,50.0,0.0,2.0,1.0,2.0
41,27,Slider August #1,-6,14,28,28,1,1,2,2,16,16,1,1,10,10,1,4,89.0,7.0,5.0,76.0,7.0,0.0,13.0,1.101123595505618,0.0,2.5763123038217417,6.63738508682329,13.0,0.0,1.0,0.7640449438202247,1.0,0.4269998911569044,0.18232890704800822,1.0,0.0,1.0,0.8202247191011236,1.0,0.386175824087028,0.14913176710929518,1.0,0.0,7.0,0.7415730337078652,0.0,1.3014684877933467,1.6938202247191008,7.0,0.0,0.0,0.0,0.0,0.0,0.0,0.0,0.0,0.0,0.0,0.0,0.0,0.0,0.0,0.0,5.0,0.14606741573033707,0.0,0.6665815403601628,0.44433094994892736,5.0,0.0,0.0,0.0,0.0,0.0,0.0,0.0,0.0,3.0,0.11235955056179775,0.0,0.4111569664647833,0.16905005107252294,3.0,31.0,18.0,20.0,38.0,0.0,3.0,0.0,0.0,0.0,1.0,3.0,50.0,0.0,5.0,0.0,3.0
41,28,Slider August #2,-18,13,45,45,0,0,0,0,41,41,0,0,4,4,1,6,104.0,9.0,7.0,91.0,7.0,0.0,16.0,1.7019230769230769,0.0,3.808217501366579,14.50252053771471,16.0,0.0,1.0,0.7884615384615384,1.0,0.41037697382074245,0.16840926064227035,1.0,0.0,1.0,0.8076923076923077,1.0,0.39602204206878633,0.15683345780433158,1.0,0.0,7.0,0.8173076923076923,0.0,1.3348533469277932,1.7818334578043316,7.0,0.0,0.0,0.0,0.0,0.0,0.0,0.0,0.0,0.0,0.0,0.0,0.0,0.0,0.0,0.0,7.0,0.2980769230769231,0.0,0.901776108224873,0.8132001493651979,7.0,0.0,1.0,0.009615384615384616,0.0,0.09805806756909202,0.009615384615384618,1.0,0.0,1.0,0.04807692307692308,0.0,0.2149647834019842,0.046209858103061975,1.0,40.0,25.0,26.0,38.0,0.0,3.0,0.0,1.0,0.0,0.0,2.0,50.0,0.0,8.0,0.0,5.0
41,32,Slider September #1,-9,11,31,31,0,0,0,0,28,28,0,0,3,3,1,5,90.0,9.0,5.0,78.0,8.0,0.0,21.0,1.3888888888888888,0.0,3.8356531004011196,14.712234706616721,21.0,0.0,1.0,0.7555555555555555,1.0,0.43216494747112666,0.18676654182272165,1.0,0.0,1.0,0.8888888888888888,1.0,0.31603030875998483,0.09987515605493134,1.0,0.0,7.0,0.7444444444444445,0.0,1.2592231519143475,1.5856429463171038,7.0,0.0,0.0,0.0,0.0,0.0,0.0,0.0,0.0,0.0,0.0,0.0,0.0,0.0,0.0,0.0,7.0,0.26666666666666666,0.0,0.909376870244032,0.8269662921348311,7.0,0.0,0.0,0.0,0.0,0.0,0.0,0.0,0.0,1.0,0.06666666666666667,0.0,0.25084128112136317,0.06292134831460676,1.0,30.0,15.0,20.0,40.0,0.0,2.0,0.0,0.0,0.0,0.0,2.0,49.0,0.0,5.0,0.0,7.0
41,33,Slider October #1,-2,14,32,32,0,0,0,0,31,31,0,0,1,1,1,6,89.0,10.0,2.0,72.0,11.0,0.0,45.0,2.0898876404494384,0.0,6.1007459481276145,37.21910112359551,45.0,0.0,1.0,0.797752808988764,1.0,0.4039513719861834,0.1631767109295199,1.0,0.0,1.0,0.9101123595505618,1.0,0.28764124744526687,0.08273748723186926,1.0,0.0,7.0,0.6067415730337079,0.0,1.1443336442116738,1.3094994892747698,7.0,0.0,0.0,0.0,0.0,0.0,0.0,0.0,0.0,0.0,0.0,0.0,0.0,0.0,0.0,0.0,7.0,0.21348314606741572,0.0,0.8184229584495186,0.6698161389172625,7.0,0.0,1.0,0.011235955056179775,0.0,0.10599978800063597,0.01123595505617977,1.0,0.0,2.0,0.07865168539325842,0.0,0.3098650403116725,0.09601634320735443,2.0,32.0,21.0,18.0,39.0,0.0,3.0,0.0,0.0,0.0,0.0,3.0,45.0,0.0,6.0,0.0,5.0
41,40,Slider October #2,20,14,59,59,0,0,0,0,55,55,2,2,2,2,1,9,128.0,10.0,5.0,109.0,7.0,0.0,62.0,1.765625,0.0,5.982236664644004,35.78715551181102,62.0,0.0,1.0,0.703125,1.0,0.4586762019853619,0.21038385826771652,1.0,0.0,1.0,0.9921875,1.0,0.08838834764831845,0.0078125,1.0,0.0,7.0,0.515625,0.0,0.9134547642325879,0.8343996062992126,7.0,0.0,0.0,0.0,0.0,0.0,0.0,0.0,0.0,0.0,0.0,0.0,0.0,0.0,0.0,0.0,7.0,0.203125,0.0,0.8070494037898054,0.6513287401574803,7.0,0.0,2.0,0.0390625,0.0,0.23147400833664472,0.05358021653543307,2.0,0.0,2.0,0.09375,0.0,0.3422367371454568,0.1171259842519685,2.0,41.0,77.0,44.0,43.0,0.0,10.0,0.0,0.0,1.0,0.0,2.0,26.0,0.0,3.0,3.0,3.0
41,41,Slider November #1,3,14,13,13,2,2,0,0,10,10,2,2,3,3,1,4,30.0,3.0,2.0,24.0,0.0,0.0,62.0,3.4,0.5,11.196058419726606,125.35172413793104,62.0,0.0,1.0,0.7,1.0,0.466091599699399,0.2172413793103448,1.0,0.0,2.0,1.0,1.0,0.2626128657194451,0.06896551724137931,2.0,0.0,7.0,0.5333333333333333,0.0,1.3578211078487255,1.8436781609195403,7.0,0.0,0.0,0.0,0.0,0.0,0.0,0.0,0.0,0.0,0.0,0.0,0.0,0.0,0.0,0.0,7.0,0.5666666666666667,0.0,1.4064710873459962,1.978160919540229,7.0,0.0,1.0,0.03333333333333333,0.0,0.18257418583505533,0.03333333333333332,1.0,0.0,1.0,0.1,0.0,0.30512857662936466,0.09310344827586207,1.0,7.0,17.0,8.0,15.0,0.0,3.0,0.0,0.0,2.0,0.0,3.0,0.0,0.0,2.0,3.0,1.0
41,54,Slider November #2,6,14,5,5,0,0,0,0,5,5,0,0,0,0,1,2,53.0,8.0,2.0,45.0,5.0,0.0,86.0,5.490566037735849,1.0,14.42436859237951,208.06240928882445,86.0,0.0,1.0,0.8490566037735849,1.0,0.3614195524432012,0.13062409288824386,1.0,0.0,1.0,0.9245283018867925,1.0,0.26667876121581074,0.07111756168359941,1.0,0.0,7.0,0.5471698113207547,0.0,1.1695830574618833,1.3679245283018868,7.0,0.0,0.0,0.0,0.0,0.0,0.0,0.0,0.0,0.0,0.0,0.0,0.0,0.0,0.0,0.0,9.0,0.8490566037735849,0.0,1.4986689788852172,2.2460087082728597,9.0,0.0,0.0,0.0,0.0,0.0,0.0,0.0,0.0,2.0,0.1320754716981132,0.0,0.3940780793903961,0.1552975326560233,2.0,18.0,2.0,9.0,26.0,0.0,1.0,0.0,0.0,0.0,0.0,2.0,40.0,0.0,1.0,0.0,0.0
41,58,Slider December #1,-10,14,16,16,0,0,0,0,16,16,0,0,0,0,1,3,45.0,4.0,1.0,37.0,7.0,0.0,12.0,1.2666666666666666,0.0,2.7748873851023212,7.699999999999999,12.0,0.0,1.0,0.7777777777777778,1.0,0.4204374825912609,0.1767676767676768,1.0,0.0,1.0,0.7555555555555555,1.0,0.43461349368017665,0.18888888888888894,1.0,0.0,14.0,1.0,0.0,2.335496832484569,5.454545454545454,14.0,0.0,0.0,0.0,0.0,0.0,0.0,0.0,0.0,0.0,0.0,0.0,0.0,0.0,0.0,0.0,5.0,0.4222222222222222,0.0,1.0332844563220565,1.0676767676767678,5.0,0.0,0.0,0.0,0.0,0.0,0.0,0.0,0.0,5.0,0.17777777777777778,0.0,0.7772003628668763,0.6040404040404042,5.0,14.0,11.0,19.0,12.0,0.0,0.0,0.0,0.0,0.0,0.0,1.0,26.0,0.0,2.0,1.0,0.0
41,65,Slider Jan #1,2,14,1,1,0,0,0,0,1,1,0,0,0,0,1,1,9.0,4.0,2.0,6.0,1.0,0.0,14.0,3.0,0.0,4.795831523312719,23.0,14.0,1.0,1.0,1.0,1.0,0.0,0.0,0.0,0.0,2.0,1.1111111111111112,1.0,0.6009252125773316,0.36111111111111116,2.0,0.0,14.0,2.2222222222222223,1.0,4.521553322083513,20.444444444444446,14.0,0.0,0.0,0.0,0.0,0.0,0.0,0.0,0.0,0.0,0.0,0.0,0.0,0.0,0.0,0.0,5.0,0.8888888888888888,0.0,1.8333333333333333,3.3611111111111107,5.0,0.0,0.0,0.0,0.0,0.0,0.0,0.0,0.0,4.0,0.6666666666666666,0.0,1.3228756555322954,1.7500000000000002,4.0,3.0,2.0,1.0,5.0,0.0,0.0,0.0,0.0,0.0,0.0,2.0,0.0,0.0,1.0,0.0,0.0
41,66,Slider Jan #2,3,14,11,11,0,0,2,2,7,7,0,0,2,2,1,4,18.0,9.0,2.0,15.0,3.0,0.0,18.0,4.555555555555555,4.5,4.853406592853679,23.555555555555554,18.0,0.0,2.0,1.0,1.0,0.3429971702850177,0.11764705882352941,2.0,1.0,1.0,1.0,1.0,0.0,0.0,0.0,0.0,14.0,1.3888888888888888,0.5,3.2564666685533097,10.604575163398692,14.0,0.0,0.0,0.0,0.0,0.0,0.0,0.0,0.0,0.0,0.0,0.0,0.0,0.0,0.0,0.0,5.0,0.9444444444444444,0.5,1.3491706481792793,1.8202614379084965,5.0,0.0,0.0,0.0,0.0,0.0,0.0,0.0,0.0,4.0,0.5,0.0,1.0431851677040116,1.088235294117647,4.0,4.0,6.0,8.0,6.0,0.0,0.0,0.0,0.0,0.0,0.0,0.0,0.0,0.0,1.0,0.0,0.0
41,67,Slider Feb #1,1,9,9,9,0,0,0,0,9,9,0,0,0,0,1,3,52.0,4.0,3.0,39.0,6.0,0.0,86.0,4.480769230769231,1.0,12.375640818607803,153.1564856711916,86.0,0.0,1.0,0.8846153846153846,1.0,0.3226025390322358,0.10407239819004523,1.0,0.0,1.0,0.9230769230769231,1.0,0.269069117598525,0.07239819004524886,1.0,0.0,14.0,0.8269230769230769,0.0,2.0361551025916365,4.145927601809957,14.0,0.0,0.0,0.0,0.0,0.0,0.0,0.0,0.0,0.0,0.0,0.0,0.0,0.0,0.0,0.0,5.0,0.6153846153846154,0.0,1.0874298923328642,1.1825037707390649,5.0,0.0,0.0,0.0,0.0,0.0,0.0,0.0,0.0,2.0,0.15384615384615385,0.0,0.41466335907271334,0.171945701357466,2.0,16.0,9.0,15.0,21.0,0.0,4.0,0.0,0.0,0.0,0.0,3.0,33.0,0.0,3.0,0.0,0.0
55,8,Q2'14 Sprint 1,0,9,0,0,0,0,0,0,0,0,0,0,0,0,2,1,4.0,3.0,1.0,2.0,1.0,0.0,6.0,2.75,2.5,2.753785273643051,7.583333333333333,6.0,0.0,0.0,0.0,0.0,0.0,0.0,0.0,0.0,0.0,0.0,0.0,0.0,0.0,0.0,0.0,2.0,0.75,0.5,0.9574271077563381,0.9166666666666666,2.0,0.0,0.0,0.0,0.0,0.0,0.0,0.0,0.0,0.0,0.0,0.0,0.0,0.0,0.0,0.0,1.0,0.25,0.0,0.5,0.25,1.0,0.0,1.0,0.25,0.0,0.5,0.25,1.0,0.0,0.0,0.0,0.0,0.0,0.0,0.0,1.0,0.0,3.0,0.0,0.0,0.0,0.0,1.0,0.0,0.0,0.0,0.0,0.0,0.0,0.0,0.0
55,12,Q2'14 Sprint 2,-3,13,2,3,0,0,0,0,2,3,0,0,0,0,2,1,2.0,0.0,0.0,1.0,1.0,0.0,0.0,0.0,0.0,0.0,0.0,0.0,0.0,1.0,0.5,0.5,0.7071067811865476,0.5,1.0,0.0,0.0,0.0,0.0,0.0,0.0,0.0,1.0,1.0,1.0,1.0,0.0,0.0,0.0,0.0,0.0,0.0,0.0,0.0,0.0,0.0,0.0,0.0,0.0,0.0,0.0,0.0,0.0,0.0,1.0,0.5,0.5,0.7071067811865476,0.5,1.0,0.0,0.0,0.0,0.0,0.0,0.0,0.0,0.0,0.0,0.0,0.0,0.0,0.0,0.0,0.0,2.0,2.0,0.0,0.0,0.0,0.0,0.0,0.0,0.0,0.0,0.0,0.0,0.0,0.0,0.0
55,13,Q2 Sprint 3,-8,12,1,8,0,0,0,0,1,8,0,0,0,0,2,1,2.0,1.0,0.0,1.0,1.0,0.0,0.0,0.0,0.0,0.0,0.0,0.0,0.0,0.0,0.0,0.0,0.0,0.0,0.0,0.0,0.0,0.0,0.0,0.0,0.0,0.0,0.0,0.0,0.0,0.0,0.0,0.0,0.0,0.0,0.0,0.0,0.0,0.0,0.0,0.0,0.0,0.0,0.0,0.0,0.0,0.0,0.0,0.0,0.0,0.0,0.0,0.0,0.0,0.0,0.0,0.0,0.0,0.0,0.0,0.0,0.0,0.0,0.0,0.0,0.0,0.0,0.0,0.0,1.0,1.0,1.0,0.0,0.0,0.0,0.0,0.0,0.0,0.0,0.0,0.0,0.0,0.0,0.0,0.0
55,20,Q2 Sprint 4,-10,12,3,10,0,0,0,0,3,10,0,0,0,0,2,1,4.0,1.0,0.0,3.0,1.0,0.0,3.0,0.75,0.0,1.5,2.25,3.0,0.0,0.0,0.0,0.0,0.0,0.0,0.0,0.0,5.0,1.25,0.0,2.5,6.25,5.0,0.0,4.0,1.5,1.0,1.9148542155126762,3.6666666666666665,4.0,0.0,0.0,0.0,0.0,0.0,0.0,0.0,0.0,0.0,0.0,0.0,0.0,0.0,0.0,0.0,2.0,1.0,1.0,1.1547005383792515,1.3333333333333333,2.0,0.0,0.0,0.0,0.0,0.0,0.0,0.0,0.0,0.0,0.0,0.0,0.0,0.0,0.0,3.0,2.0,1.0,0.0,0.0,0.0,1.0,0.0,0.0,0.0,0.0,0.0,0.0,0.0,0.0,0.0
55,22,Q2 Sprint 5,-2,4,4,4,0,0,2,2,2,2,0,0,0,0,2,3,4.0,0.0,0.0,4.0,0.0,0.0,0.0,0.0,0.0,0.0,0.0,0.0,0.0,0.0,0.0,0.0,0.0,0.0,0.0,0.0,0.0,0.0,0.0,0.0,0.0,0.0,0.0,1.0,0.25,0.0,0.5,0.25,1.0,0.0,0.0,0.0,0.0,0.0,0.0,0.0,0.0,0.0,0.0,0.0,0.0,0.0,0.0,0.0,9.0,2.25,0.0,4.5,20.25,9.0,0.0,0.0,0.0,0.0,0.0,0.0,0.0,0.0,0.0,0.0,0.0,0.0,0.0,0.0,0.0,4.0,4.0,0.0,0.0,0.0,0.0,0.0,0.0,0.0,0.0,0.0,0.0,0.0,0.0,0.0
55,24,Q3 Sprint 1,-5,9,4,4,1,1,0,0,5,5,0,0,0,0,2,3,6.0,1.0,0.0,6.0,0.0,0.0,3.0,0.6666666666666666,0.0,1.2110601416389968,1.4666666666666668,3.0,0.0,1.0,0.3333333333333333,0.0,0.5163977794943223,0.2666666666666667,1.0,0.0,0.0,0.0,0.0,0.0,0.0,0.0,0.0,1.0,0.3333333333333333,0.0,0.5163977794943223,0.2666666666666667,1.0,0.0,0.0,0.0,0.0,0.0,0.0,0.0,0.0,0.0,0.0,0.0,0.0,0.0,0.0,0.0,9.0,2.1666666666666665,0.5,3.5449494589721118,12.566666666666666,9.0,0.0,0.0,0.0,0.0,0.0,0.0,0.0,0.0,0.0,0.0,0.0,0.0,0.0,0.0,0.0,4.0,6.0,0.0,0.0,0.0,0.0,0.0,1.0,0.0,0.0,0.0,0.0,0.0,0.0,0.0
55,25,Q3 Sprint 2,-4,9,3,5,0,0,0,0,3,5,0,0,0,0,2,2,3.0,1.0,0.0,3.0,0.0,0.0,4.0,1.6666666666666667,1.0,2.0816659994661326,4.333333333333333,4.0,0.0,1.0,0.3333333333333333,0.0,0.5773502691896258,0.33333333333333337,1.0,0.0,0.0,0.0,0.0,0.0,0.0,0.0,0.0,0.0,0.0,0.0,0.0,0.0,0.0,0.0,0.0,0.0,0.0,0.0,0.0,0.0,0.0,0.0,0.0,0.0,0.0,0.0,0.0,0.0,9.0,3.3333333333333335,1.0,4.932882862316247,24.333333333333332,9.0,0.0,0.0,0.0,0.0,0.0,0.0,0.0,0.0,0.0,0.0,0.0,0.0,0.0,0.0,0.0,2.0,3.0,0.0,0.0,0.0,0.0,0.0,0.0,0.0,0.0,0.0,0.0,0.0,0.0,0.0
55,26,Aurora Q3 Sprint 2,0,11,0,0,0,0,0,0,0,0,0,0,0,0,2,1,7.0,0.0,0.0,7.0,0.0,1.0,3.0,1.5714285714285714,1.0,0.7867957924694431,0.619047619047619,2.0,0.0,0.0,0.0,0.0,0.0,0.0,0.0,1.0,1.0,1.0,1.0,0.0,0.0,0.0,0.0,2.0,0.2857142857142857,0.0,0.7559289460184545,0.5714285714285715,2.0,0.0,0.0,0.0,0.0,0.0,0.0,0.0,0.0,0.0,0.0,0.0,0.0,0.0,0.0,0.0,1.0,0.7142857142857143,1.0,0.48795003647426655,0.23809523809523805,1.0,0.0,0.0,0.0,0.0,0.0,0.0,0.0,0.0,0.0,0.0,0.0,0.0,0.0,0.0,5.0,0.0,0.0,2.0,0.0,0.0,0.0,0.0,0.0,0.0,0.0,7.0,0.0,0.0,0.0,0.0
55,30,Q3 Sprint 3,-8,11,1,8,0,0,0,0,1,8,0,0,0,0,2,2,1.0,0.0,0.0,1.0,0.0,2.0,2.0,2.0,2.0,0.0,0.0,0.0,0.0,0.0,0.0,0.0,0.0,0.0,0.0,0.0,0.0,0.0,0.0,0.0,0.0,0.0,4.0,4.0,4.0,4.0,0.0,0.0,0.0,0.0,0.0,0.0,0.0,0.0,0.0,0.0,0.0,0.0,0.0,0.0,0.0,0.0,0.0,0.0,0.0,0.0,0.0,0.0,0.0,0.0,0.0,0.0,0.0,0.0,0.0,0.0,0.0,0.0,0.0,0.0,0.0,0.0,0.0,0.0,0.0,1.0,1.0,0.0,0.0,0.0,0.0,0.0,0.0,0.0,0.0,0.0,0.0,0.0,0.0,0.0
55,31,Q3 Sprint 4,-3,11,4,4,0,0,0,0,4,4,0,0,0,0,2,3,6.0,1.0,1.0,5.0,1.0,0.0,1.0,0.16666666666666666,0.0,0.408248290463863,0.16666666666666669,1.0,0.0,1.0,0.3333333333333333,0.0,0.5163977794943223,0.2666666666666667,1.0,0.0,0.0,0.0,0.0,0.0,0.0,0.0,0.0,2.0,0.5,0.0,0.8366600265340756,0.7,2.0,0.0,0.0,0.0,0.0,0.0,0.0,0.0,0.0,0.0,0.0,0.0,0.0,0.0,0.0,0.0,1.0,0.16666666666666666,0.0,0.408248290463863,0.16666666666666669,1.0,0.0,0.0,0.0,0.0,0.0,0.0,0.0,0.0,0.0,0.0,0.0,0.0,0.0,0.0,0.0,4.0,4.0,2.0,0.0,0.0,0.0,0.0,0.0,0.0,0.0,0.0,0.0,0.0,0.0,0.0
55,36,Mesos Q3 Sprint 5,-9,14,2,9,2,2,2,2,2,9,0,0,0,0,2,4,6.0,1.0,0.0,6.0,0.0,0.0,3.0,1.6666666666666667,1.5,1.2110601416389968,1.4666666666666668,3.0,0.0,1.0,0.3333333333333333,0.0,0.5163977794943223,0.2666666666666667,1.0,0.0,0.0,0.0,0.0,0.0,0.0,0.0,0.0,8.0,2.0,0.0,3.3466401061363023,11.2,8.0,0.0,0.0,0.0,0.0,0.0,0.0,0.0,0.0,0.0,0.0,0.0,0.0,0.0,0.0,0.0,1.0,0.16666666666666666,0.0,0.408248290463863,0.16666666666666669,1.0,0.0,0.0,0.0,0.0,0.0,0.0,0.0,0.0,0.0,0.0,0.0,0.0,0.0,0.0,0.0,4.0,5.0,1.0,1.0,0.0,0.0,0.0,0.0,0.0,0.0,0.0,0.0,0.0,0.0,0.0
55,38,Mesos Q3 Sprint 6,-5,14,1,5,0,0,0,0,1,5,0,0,0,0,2,1,2.0,0.0,0.0,1.0,1.0,3.0,5.0,4.0,4.0,1.4142135623730951,2.0,2.0,1.0,1.0,1.0,1.0,0.0,0.0,0.0,0.0,0.0,0.0,0.0,0.0,0.0,0.0,1.0,2.0,1.5,1.5,0.7071067811865476,0.5,1.0,0.0,0.0,0.0,0.0,0.0,0.0,0.0,0.0,0.0,0.0,0.0,0.0,0.0,0.0,0.0,0.0,0.0,0.0,0.0,0.0,0.0,0.0,0.0,0.0,0.0,0.0,0.0,0.0,0.0,0.0,0.0,0.0,0.0,0.0,0.0,0.0,2.0,2.0,0.0,0.0,0.0,0.0,0.0,0.0,0.0,0.0,0.0,0.0,0.0,0.0,0.0
55,43,Twitter Q4 Sprint 1,-3,14,1,3,0,0,0,0,1,3,0,0,0,0,2,1,1.0,1.0,0.0,1.0,0.0,0.0,0.0,0.0,0.0,0.0,0.0,0.0,0.0,0.0,0.0,0.0,0.0,0.0,0.0,0.0,0.0,0.0,0.0,0.0,0.0,0.0,1.0,1.0,1.0,1.0,0.0,0.0,0.0,0.0,0.0,0.0,0.0,0.0,0.0,0.0,0.0,0.0,0.0,0.0,0.0,0.0,0.0,0.0,0.0,0.0,0.0,0.0,0.0,0.0,0.0,0.0,0.0,0.0,0.0,0.0,0.0,0.0,0.0,0.0,0.0,0.0,0.0,0.0,0.0,0.0,1.0,0.0,0.0,0.0,0.0,0.0,0.0,0.0,0.0,0.0,0.0,0.0,0.0,0.0
55,45,Mesosphere Q4 Sprint 1 10/31,-4,12,6,9,1,1,3,6,4,4,0,0,0,0,2,5,9.0,4.0,3.0,6.0,2.0,0.0,17.0,3.2222222222222223,2.0,5.40318835914911,29.194444444444446,17.0,0.0,1.0,0.1111111111111111,0.0,0.3333333333333333,0.1111111111111111,1.0,0.0,0.0,0.0,0.0,0.0,0.0,0.0,0.0,4.0,0.6666666666666666,0.0,1.3228756555322954,1.7500000000000002,4.0,0.0,0.0,0.0,0.0,0.0,0.0,0.0,0.0,0.0,0.0,0.0,0.0,0.0,0.0,0.0,0.0,0.0,0.0,0.0,0.0,0.0,0.0,1.0,0.1111111111111111,0.0,0.3333333333333333,0.1111111111111111,1.0,0.0,2.0,0.3333333333333333,0.0,0.7071067811865476,0.5,2.0,3.0,1.0,6.0,0.0,1.0,1.0,0.0,0.0,0.0,0.0,0.0,0.0,0.0,0.0,0.0,0.0
55,47,Mesosphere Q4 Sprint 2 - 11/14,-1,10,1,1,0,0,0,0,1,1,0,0,0,0,2,1,1.0,1.0,0.0,1.0,0.0,3.0,3.0,3.0,3.0,0.0,0.0,0.0,0.0,0.0,0.0,0.0,0.0,0.0,0.0,0.0,0.0,0.0,0.0,0.0,0.0,0.0,0.0,0.0,0.0,0.0,0.0,0.0,0.0,0.0,0.0,0.0,0.0,0.0,0.0,0.0,0.0,0.0,0.0,0.0,0.0,0.0,0.0,0.0,0.0,0.0,0.0,0.0,0.0,0.0,0.0,0.0,0.0,0.0,0.0,0.0,0.0,0.0,0.0,0.0,0.0,0.0,0.0,0.0,1.0,0.0,0.0,0.0,0.0,0.0,0.0,0.0,0.0,0.0,0.0,0.0,0.0,0.0,0.0,0.0
55,49,Twitter Mesos Q4 Sprint 2,0,14,0,0,1,2,1,2,0,0,0,0,0,0,2,2,2.0,1.0,0.0,2.0,0.0,0.0,4.0,2.0,2.0,2.8284271247461903,8.0,4.0,0.0,1.0,0.5,0.5,0.7071067811865476,0.5,1.0,0.0,0.0,0.0,0.0,0.0,0.0,0.0,1.0,1.0,1.0,1.0,0.0,0.0,0.0,0.0,0.0,0.0,0.0,0.0,0.0,0.0,0.0,0.0,0.0,0.0,0.0,0.0,0.0,0.0,0.0,0.0,0.0,0.0,0.0,0.0,0.0,0.0,0.0,0.0,0.0,0.0,0.0,0.0,0.0,0.0,0.0,0.0,0.0,0.0,0.0,1.0,2.0,0.0,0.0,0.0,0.0,0.0,0.0,0.0,0.0,0.0,0.0,0.0,0.0,0.0
55,51,Twitter Mesos Q4 Sprint 3,1,14,0,0,0,0,0,0,0,0,0,0,0,0,2,4,4.0,1.0,0.0,3.0,1.0,0.0,5.0,2.5,2.5,2.0816659994661326,4.333333333333333,5.0,0.0,1.0,0.25,0.0,0.5,0.25,1.0,0.0,0.0,0.0,0.0,0.0,0.0,0.0,1.0,3.0,2.0,2.0,1.1547005383792515,1.3333333333333333,2.0,0.0,0.0,0.0,0.0,0.0,0.0,0.0,0.0,0.0,0.0,0.0,0.0,0.0,0.0,0.0,0.0,0.0,0.0,0.0,0.0,0.0,0.0,0.0,0.0,0.0,0.0,0.0,0.0,0.0,1.0,0.25,0.0,0.5,0.25,1.0,0.0,2.0,4.0,0.0,0.0,0.0,1.0,0.0,0.0,0.0,0.0,0.0,0.0,0.0,0.0,0.0
55,55,Mesosphere Q4 Sprint 3 - 12/7,-7,18,5,21,0,0,0,0,5,21,0,0,0,0,2,2,7.0,4.0,3.0,5.0,1.0,0.0,13.0,2.4285714285714284,0.0,4.790864322059324,22.95238095238095,13.0,0.0,0.0,0.0,0.0,0.0,0.0,0.0,0.0,1.0,0.2857142857142857,0.0,0.48795003647426666,0.23809523809523814,1.0,0.0,2.0,0.7142857142857143,0.0,0.9511897312113418,0.9047619047619047,2.0,0.0,0.0,0.0,0.0,0.0,0.0,0.0,0.0,0.0,0.0,0.0,0.0,0.0,0.0,0.0,0.0,0.0,0.0,0.0,0.0,0.0,0.0,0.0,0.0,0.0,0.0,0.0,0.0,0.0,2.0,0.5714285714285714,0.0,0.7867957924694431,0.619047619047619,2.0,2.0,0.0,4.0,1.0,0.0,1.0,0.0,0.0,0.0,0.0,0.0,0.0,0.0,0.0,0.0,0.0
55,56,Twitter Mesos Q4 Sprint 4,-3,14,1,3,0,0,0,0,1,3,0,0,0,0,2,1,1.0,1.0,0.0,1.0,0.0,2.0,2.0,2.0,2.0,0.0,0.0,0.0,0.0,0.0,0.0,0.0,0.0,0.0,0.0,0.0,0.0,0.0,0.0,0.0,0.0,0.0,1.0,1.0,1.0,1.0,0.0,0.0,0.0,0.0,0.0,0.0,0.0,0.0,0.0,0.0,0.0,0.0,0.0,0.0,0.0,0.0,0.0,0.0,0.0,0.0,0.0,0.0,0.0,0.0,0.0,0.0,0.0,0.0,0.0,0.0,0.0,0.0,0.0,0.0,0.0,0.0,0.0,0.0,0.0,0.0,1.0,0.0,0.0,0.0,0.0,0.0,0.0,0.0,0.0,0.0,0.0,0.0,0.0,0.0
55,69,Mesosphere Q1 Sprint 1 - 1/23,-1,8,3,15,0,0,0,0,3,15,0,0,0,0,2,2,3.0,2.0,1.0,2.0,0.0,0.0,13.0,5.333333333333333,3.0,6.8068592855540455,46.333333333333336,13.0,0.0,0.0,0.0,0.0,0.0,0.0,0.0,0.0,1.0,0.3333333333333333,0.0,0.5773502691896258,0.33333333333333337,1.0,0.0,2.0,0.6666666666666666,0.0,1.1547005383792517,1.3333333333333335,2.0,0.0,0.0,0.0,0.0,0.0,0.0,0.0,0.0,0.0,0.0,0.0,0.0,0.0,0.0,0.0,0.0,0.0,0.0,0.0,0.0,0.0,0.0,0.0,0.0,0.0,0.0,0.0,0.0,0.0,2.0,0.6666666666666666,0.0,1.1547005383792517,1.3333333333333335,2.0,1.0,0.0,2.0,0.0,0.0,1.0,0.0,0.0,0.0,0.0,0.0,0.0,0.0,0.0,0.0,0.0
55,74,Mesosphere Q1 Sprint 2 - 2/6,0,14,2,14,0,0,0,0,2,14,0,0,0,0,2,2,3.0,1.0,2.0,2.0,0.0,0.0,3.0,1.0,0.0,1.7320508075688772,3.0,3.0,0.0,0.0,0.0,0.0,0.0,0.0,0.0,0.0,1.0,0.3333333333333333,0.0,0.5773502691896258,0.33333333333333337,1.0,0.0,1.0,0.3333333333333333,0.0,0.5773502691896258,0.33333333333333337,1.0,0.0,0.0,0.0,0.0,0.0,0.0,0.0,0.0,0.0,0.0,0.0,0.0,0.0,0.0,0.0,0.0,0.0,0.0,0.0,0.0,0.0,0.0,0.0,0.0,0.0,0.0,0.0,0.0,0.0,0.0,0.0,0.0,0.0,0.0,0.0,2.0,0.0,1.0,0.0,0.0,1.0,0.0,0.0,0.0,0.0,0.0,0.0,0.0,0.0,0.0,0.0
55,75,Mesosphere Q1 Sprint 3 - 2/20,-14,14,3,15,0,0,0,0,3,15,0,0,0,0,2,3,4.0,2.0,2.0,3.0,0.0,0.0,3.0,1.0,0.5,1.4142135623730951,2.0,3.0,0.0,0.0,0.0,0.0,0.0,0.0,0.0,0.0,1.0,0.25,0.0,0.5,0.25,1.0,0.0,1.0,0.25,0.0,0.5,0.25,1.0,0.0,0.0,0.0,0.0,0.0,0.0,0.0,0.0,0.0,0.0,0.0,0.0,0.0,0.0,0.0,0.0,0.0,0.0,0.0,0.0,0.0,0.0,0.0,0.0,0.0,0.0,0.0,0.0,0.0,0.0,0.0,0.0,0.0,0.0,0.0,2.0,0.0,2.0,0.0,0.0,1.0,0.0,0.0,0.0,0.0,0.0,0.0,0.0,0.0,0.0,0.0
55,80,Twitter Mesos Q1 Sprint 2,-14,14,4,14,0,0,0,0,4,14,0,0,0,0,2,3,4.0,1.0,1.0,3.0,1.0,0.0,6.0,2.0,1.0,2.8284271247461903,8.0,6.0,0.0,1.0,0.25,0.0,0.5,0.25,1.0,0.0,1.0,0.25,0.0,0.5,0.25,1.0,0.0,1.0,0.5,0.5,0.5773502691896257,0.3333333333333333,1.0,0.0,0.0,0.0,0.0,0.0,0.0,0.0,0.0,0.0,0.0,0.0,0.0,0.0,0.0,0.0,0.0,0.0,0.0,0.0,0.0,0.0,0.0,0.0,0.0,0.0,0.0,0.0,0.0,0.0,0.0,0.0,0.0,0.0,0.0,0.0,1.0,1.0,3.0,0.0,0.0,0.0,1.0,0.0,0.0,0.0,0.0,0.0,0.0,0.0,0.0,0.0
55,81,Mesosphere Q1 Sprint 4 - 3/6,2,14,1,1,0,0,0,0,1,1,0,0,0,0,2,3,3.0,0.0,2.0,1.0,1.0,2.0,15.0,7.0,4.0,7.0,49.0,13.0,0.0,0.0,0.0,0.0,0.0,0.0,0.0,0.0,1.0,0.3333333333333333,0.0,0.5773502691896258,0.33333333333333337,1.0,1.0,2.0,1.3333333333333333,1.0,0.5773502691896257,0.3333333333333333,1.0,0.0,0.0,0.0,0.0,0.0,0.0,0.0,0.0,0.0,0.0,0.0,0.0,0.0,0.0,0.0,0.0,0.0,0.0,0.0,0.0,0.0,0.0,0.0,0.0,0.0,0.0,0.0,0.0,0.0,1.0,0.3333333333333333,0.0,0.5773502691896258,0.33333333333333337,1.0,2.0,1.0,1.0,0.0,0.0,1.0,0.0,0.0,0.0,0.0,0.0,0.0,0.0,0.0,0.0,0.0
55,87,Twitter Mesos Q1 Sprint 3,-2,13,1,2,0,0,0,0,0,0,1,5,0,0,2,1,4.0,2.0,1.0,4.0,0.0,0.0,4.0,1.0,0.0,2.0,4.0,4.0,0.0,2.0,1.0,1.0,1.1547005383792515,1.3333333333333333,2.0,0.0,1.0,0.5,0.5,0.5773502691896257,0.3333333333333333,1.0,0.0,2.0,0.5,0.0,1.0,1.0,2.0,0.0,0.0,0.0,0.0,0.0,0.0,0.0,0.0,0.0,0.0,0.0,0.0,0.0,0.0,0.0,0.0,0.0,0.0,0.0,0.0,0.0,0.0,0.0,0.0,0.0,0.0,0.0,0.0,0.0,0.0,0.0,0.0,0.0,0.0,0.0,1.0,1.0,3.0,0.0,0.0,0.0,0.0,0.0,0.0,0.0,0.0,0.0,0.0,0.0,0.0,0.0
55,95,Mesosphere Q1 Sprint 5 - 3/20,-5,11,3,4,3,4,0,0,5,7,1,1,0,0,2,4,6.0,0.0,2.0,2.0,1.0,0.0,16.0,5.5,3.5,5.787918451395113,33.5,16.0,0.0,0.0,0.0,0.0,0.0,0.0,0.0,0.0,1.0,0.3333333333333333,0.0,0.5163977794943223,0.2666666666666667,1.0,0.0,2.0,0.8333333333333334,1.0,0.752772652709081,0.5666666666666667,2.0,0.0,0.0,0.0,0.0,0.0,0.0,0.0,0.0,0.0,0.0,0.0,0.0,0.0,0.0,0.0,0.0,0.0,0.0,0.0,0.0,0.0,0.0,0.0,0.0,0.0,0.0,0.0,0.0,0.0,2.0,0.5,0.0,0.8366600265340756,0.7,2.0,3.0,1.0,2.0,1.0,1.0,2.0,0.0,1.0,2.0,0.0,0.0,0.0,0.0,0.0,0.0,0.0
55,102,Mesosphere Q1 Sprint 6 - 4/3,-2,14,3,4,0,0,0,0,3,4,0,0,0,0,2,2,3.0,0.0,1.0,2.0,0.0,1.0,4.0,2.3333333333333335,2.0,1.5275252316519465,2.333333333333333,3.0,0.0,0.0,0.0,0.0,0.0,0.0,0.0,0.0,1.0,0.3333333333333333,0.0,0.5773502691896258,0.33333333333333337,1.0,1.0,4.0,2.3333333333333335,2.0,1.5275252316519465,2.333333333333333,3.0,0.0,0.0,0.0,0.0,0.0,0.0,0.0,0.0,0.0,0.0,0.0,0.0,0.0,0.0,0.0,0.0,0.0,0.0,0.0,0.0,0.0,0.0,0.0,0.0,0.0,0.0,0.0,0.0,0.0,1.0,0.3333333333333333,0.0,0.5773502691896258,0.33333333333333337,1.0,1.0,1.0,2.0,0.0,0.0,1.0,1.0,0.0,0.0,0.0,0.0,0.0,0.0,0.0,0.0,0.0
55,106,Mesosphere Q1 Sprint 7 - 4/17,-3,14,3,5,0,0,0,0,3,5,0,0,0,0,2,2,4.0,0.0,0.0,2.0,0.0,0.0,6.0,2.5,2.0,3.0,9.0,6.0,0.0,1.0,0.25,0.0,0.5,0.25,1.0,0.0,1.0,0.25,0.0,0.5,0.25,1.0,0.0,8.0,2.5,1.0,3.7859388972001824,14.333333333333334,8.0,0.0,0.0,0.0,0.0,0.0,0.0,0.0,0.0,0.0,0.0,0.0,0.0,0.0,0.0,0.0,0.0,0.0,0.0,0.0,0.0,0.0,0.0,1.0,0.25,0.0,0.5,0.25,1.0,0.0,1.0,0.25,0.0,0.5,0.25,1.0,1.0,1.0,2.0,1.0,1.0,1.0,0.0,1.0,2.0,0.0,0.0,0.0,0.0,0.0,0.0,0.0
55,108,Mesosphere Q2 Sprint 8 - 5/1,-2,14,1,2,0,0,0,0,1,2,0,0,0,0,2,2,1.0,0.0,0.0,0.0,0.0,5.0,5.0,5.0,5.0,0.0,0.0,0.0,0.0,0.0,0.0,0.0,0.0,0.0,0.0,1.0,1.0,1.0,1.0,0.0,0.0,0.0,2.0,2.0,2.0,2.0,0.0,0.0,0.0,0.0,0.0,0.0,0.0,0.0,0.0,0.0,0.0,0.0,0.0,0.0,0.0,0.0,0.0,0.0,0.0,0.0,0.0,0.0,0.0,0.0,0.0,0.0,0.0,0.0,0.0,0.0,0.0,1.0,1.0,1.0,1.0,0.0,0.0,0.0,0.0,1.0,1.0,0.0,0.0,1.0,0.0,0.0,0.0,0.0,0.0,0.0,0.0,0.0,0.0,0.0
55,115,Mesosphere Q1 Sprint 9 - 5/15,8,14,0,0,0,0,0,0,0,0,0,0,0,0,2,1,1.0,0.0,0.0,1.0,0.0,0.0,0.0,0.0,0.0,0.0,0.0,0.0,0.0,0.0,0.0,0.0,0.0,0.0,0.0,1.0,1.0,1.0,1.0,0.0,0.0,0.0,3.0,3.0,3.0,3.0,0.0,0.0,0.0,0.0,0.0,0.0,0.0,0.0,0.0,0.0,0.0,0.0,0.0,0.0,0.0,0.0,0.0,0.0,0.0,0.0,0.0,0.0,0.0,0.0,0.0,0.0,0.0,0.0,0.0,0.0,0.0,0.0,0.0,0.0,0.0,0.0,0.0,0.0,0.0,0.0,0.0,1.0,0.0,0.0,1.0,0.0,0.0,0.0,0.0,0.0,0.0,0.0,0.0,0.0
55,118,Twitter Q2 Sprint 2,0,14,0,0,0,0,0,0,0,0,0,0,0,0,2,1,2.0,0.0,1.0,1.0,1.0,0.0,0.0,0.0,0.0,0.0,0.0,0.0,0.0,1.0,0.5,0.5,0.7071067811865476,0.5,1.0,0.0,0.0,0.0,0.0,0.0,0.0,0.0,0.0,0.0,0.0,0.0,0.0,0.0,0.0,0.0,0.0,0.0,0.0,0.0,0.0,0.0,0.0,0.0,0.0,0.0,0.0,0.0,0.0,0.0,0.0,0.0,0.0,0.0,0.0,0.0,0.0,0.0,0.0,0.0,0.0,0.0,0.0,0.0,0.0,0.0,0.0,0.0,0.0,0.0,2.0,0.0,0.0,0.0,1.0,0.0,0.0,0.0,0.0,0.0,0.0,0.0,0.0,0.0,0.0,0.0
55,130,Mesosphere Sprint 10,8,10,1,2,0,0,0,0,1,2,0,0,0,0,2,3,3.0,0.0,0.0,3.0,0.0,0.0,4.0,1.3333333333333333,0.0,2.3094010767585034,5.333333333333334,4.0,0.0,1.0,0.3333333333333333,0.0,0.5773502691896258,0.33333333333333337,1.0,0.0,1.0,0.3333333333333333,0.0,0.5773502691896258,0.33333333333333337,1.0,0.0,3.0,1.0,0.0,1.7320508075688772,3.0,3.0,0.0,0.0,0.0,0.0,0.0,0.0,0.0,0.0,0.0,0.0,0.0,0.0,0.0,0.0,0.0,0.0,0.0,0.0,0.0,0.0,0.0,0.0,0.0,0.0,0.0,0.0,0.0,0.0,0.0,0.0,0.0,0.0,0.0,0.0,0.0,1.0,1.0,1.0,1.0,0.0,0.0,1.0,0.0,1.0,0.0,0.0,0.0,0.0,0.0,0.0,0.0
55,132,Twitter Q2 Sprint 3,9,13,0,0,0,0,0,0,0,0,0,0,0,0,2,2,6.0,6.0,0.0,6.0,0.0,0.0,2.0,0.6666666666666666,0.0,1.0327955589886446,1.0666666666666669,2.0,0.0,1.0,0.5,0.5,0.5477225575051661,0.3,1.0,0.0,1.0,0.6666666666666666,1.0,0.5163977794943223,0.2666666666666667,1.0,0.0,0.0,0.0,0.0,0.0,0.0,0.0,0.0,0.0,0.0,0.0,0.0,0.0,0.0,0.0,0.0,0.0,0.0,0.0,0.0,0.0,0.0,0.0,0.0,0.0,0.0,0.0,0.0,0.0,0.0,0.0,0.0,0.0,0.0,0.0,0.0,4.0,0.6666666666666666,0.0,1.632993161855452,2.666666666666667,4.0,1.0,0.0,4.0,1.0,0.0,0.0,0.0,0.0,0.0,0.0,0.0,0.0,0.0,0.0,0.0,0.0
55,134,Mesosphere Sprint 11,-3,13,0,0,4,18,0,0,4,18,0,0,0,0,2,4,4.0,0.0,1.0,3.0,0.0,0.0,6.0,2.5,2.0,2.6457513110645907,7.0,6.0,0.0,1.0,0.25,0.0,0.5,0.25,1.0,0.0,1.0,0.5,0.5,0.5773502691896257,0.3333333333333333,1.0,0.0,3.0,1.5,1.5,1.7320508075688772,3.0,3.0,0.0,0.0,0.0,0.0,0.0,0.0,0.0,0.0,0.0,0.0,0.0,0.0,0.0,0.0,0.0,0.0,0.0,0.0,0.0,0.0,0.0,0.0,0.0,0.0,0.0,0.0,0.0,0.0,0.0,3.0,1.0,0.5,1.4142135623730951,2.0,3.0,2.0,1.0,1.0,1.0,0.0,1.0,1.0,0.0,1.0,0.0,0.0,0.0,0.0,0.0,0.0,0.0
55,141,Twitter Mesos Q2 Sprint 5,1,14,1,5,1,3,1,3,1,5,0,0,0,0,2,2,4.0,3.0,0.0,2.0,2.0,0.0,5.0,1.75,1.0,2.362907813126304,5.583333333333333,5.0,0.0,1.0,0.5,0.5,0.5773502691896257,0.3333333333333333,1.0,0.0,1.0,0.25,0.0,0.5,0.25,1.0,0.0,1.0,0.25,0.0,0.5,0.25,1.0,0.0,0.0,0.0,0.0,0.0,0.0,0.0,0.0,0.0,0.0,0.0,0.0,0.0,0.0,0.0,0.0,0.0,0.0,0.0,0.0,0.0,0.0,0.0,0.0,0.0,0.0,0.0,0.0,0.0,1.0,0.25,0.0,0.5,0.25,1.0,1.0,1.0,1.0,2.0,0.0,0.0,0.0,0.0,0.0,0.0,0.0,0.0,0.0,0.0,0.0,0.0
55,142,Mesosphere Sprint 12,1,14,0,0,5,20,5,20,0,0,0,0,0,0,2,4,12.0,2.0,1.0,10.0,0.0,0.0,13.0,3.0,0.5,4.264014327112209,18.181818181818183,13.0,0.0,1.0,0.25,0.0,0.45226701686664544,0.20454545454545456,1.0,0.0,1.0,0.6666666666666666,1.0,0.49236596391733095,0.24242424242424246,1.0,0.0,3.0,1.1666666666666667,1.0,1.1146408580454257,1.2424242424242427,3.0,0.0,0.0,0.0,0.0,0.0,0.0,0.0,0.0,0.0,0.0,0.0,0.0,0.0,0.0,0.0,0.0,0.0,0.0,0.0,0.0,0.0,0.0,0.0,0.0,0.0,0.0,0.0,0.0,0.0,5.0,0.75,0.0,1.6025547785276542,2.5681818181818183,5.0,6.0,5.0,4.0,2.0,1.0,2.0,2.0,0.0,1.0,0.0,0.0,0.0,0.0,0.0,0.0,0.0
55,143,Mesosphere Sprint 13,-15,14,3,24,0,0,1,8,1,13,1,3,0,0,2,10,33.0,11.0,8.0,27.0,2.0,0.0,14.0,1.1818181818181819,0.0,2.973366625713871,8.840909090909092,14.0,0.0,1.0,0.12121212121212122,0.0,0.33143398263980844,0.10984848484848483,1.0,0.0,6.0,0.8787878787878788,1.0,1.0234004518508308,1.0473484848484849,6.0,0.0,5.0,0.8484848484848485,1.0,1.1214168527250505,1.2575757575757576,5.0,0.0,0.0,0.0,0.0,0.0,0.0,0.0,0.0,0.0,0.0,0.0,0.0,0.0,0.0,0.0,0.0,0.0,0.0,0.0,0.0,0.0,0.0,1.0,0.06060606060606061,0.0,0.24230584229877994,0.05871212121212121,1.0,0.0,6.0,0.36363636363636365,0.0,1.1677484162422846,1.363636363636364,6.0,9.0,9.0,14.0,10.0,1.0,3.0,2.0,0.0,2.0,0.0,1.0,0.0,0.0,0.0,0.0,0.0
55,150,Twitter Mesos Q2 Sprint 6,7,14,2,11,1,8,1,8,2,11,0,0,0,0,2,7,14.0,4.0,6.0,12.0,1.0,0.0,8.0,1.0714285714285714,0.0,2.26899793925681,5.14835164835165,8.0,0.0,1.0,0.07142857142857142,0.0,0.2672612419124244,0.07142857142857142,1.0,0.0,1.0,0.5714285714285714,1.0,0.5135525910130955,0.26373626373626374,1.0,0.0,4.0,1.2857142857142858,1.0,1.3827826698682308,1.9120879120879124,4.0,0.0,0.0,0.0,0.0,0.0,0.0,0.0,0.0,0.0,0.0,0.0,0.0,0.0,0.0,0.0,7.0,0.5,0.0,1.8708286933869707,3.5,7.0,0.0,0.0,0.0,0.0,0.0,0.0,0.0,0.0,2.0,0.2857142857142857,0.0,0.6112498455021267,0.37362637362637374,2.0,6.0,3.0,4.0,4.0,0.0,1.0,1.0,0.0,0.0,0.0,0.0,0.0,0.0,0.0,0.0,0.0
55,154,Mesosphere Sprint 14,2,14,0,0,13,63,10,59,3,4,0,0,0,0,2,14,38.0,10.0,12.0,27.0,3.0,0.0,13.0,1.9473684210526316,0.0,3.1014152691002623,9.618776671408252,13.0,0.0,2.0,0.18421052631578946,0.0,0.4565003867790751,0.2083926031294452,2.0,0.0,1.0,0.34210526315789475,0.0,0.48078290821993186,0.2311522048364154,1.0,0.0,8.0,0.8947368421052632,0.0,1.6405251908609078,2.6913229018492175,8.0,0.0,0.0,0.0,0.0,0.0,0.0,0.0,0.0,0.0,0.0,0.0,0.0,0.0,0.0,0.0,3.0,0.3157894736842105,0.0,0.7390740429532641,0.5462304409672832,3.0,0.0,1.0,0.02631578947368421,0.0,0.16222142113076257,0.02631578947368422,1.0,0.0,3.0,0.47368421052631576,0.0,0.8297457150451855,0.6884779516358461,3.0,12.0,10.0,20.0,6.0,2.0,4.0,2.0,0.0,1.0,1.0,4.0,0.0,0.0,0.0,0.0,0.0
55,155,Twitter Mesos Q3 Sprint 1,-11,14,5,20,0,0,0,0,3,9,1,8,1,3,2,3,11.0,1.0,7.0,10.0,0.0,0.0,5.0,0.7272727272727273,0.0,1.4893561757289013,2.218181818181818,5.0,0.0,1.0,0.09090909090909091,0.0,0.30151134457776363,0.0909090909090909,1.0,0.0,1.0,0.5454545454545454,1.0,0.5222329678670935,0.2727272727272727,1.0,0.0,4.0,1.3636363636363635,1.0,1.3618169680781096,1.8545454545454547,4.0,0.0,0.0,0.0,0.0,0.0,0.0,0.0,0.0,0.0,0.0,0.0,0.0,0.0,0.0,0.0,7.0,0.6363636363636364,0.0,2.1105794120443453,4.454545454545455,7.0,0.0,0.0,0.0,0.0,0.0,0.0,0.0,0.0,2.0,0.36363636363636365,0.0,0.674199862463242,0.4545454545454545,2.0,3.0,3.0,6.0,2.0,0.0,0.0,0.0,0.0,0.0,0.0,1.0,0.0,0.0,0.0,0.0,0.0
60,7,Q2 Sprint 1,-14,4,12,14,0,0,0,0,8,10,3,3,1,1,1,6,17.0,0.0,8.0,13.0,1.0,0.0,10.0,1.2941176470588236,1.0,2.443478715948661,5.970588235294117,10.0,0.0,1.0,0.058823529411764705,0.0,0.242535625036333,0.05882352941176471,1.0,1.0,1.0,1.0,1.0,0.0,0.0,0.0,0.0,2.0,0.23529411764705882,0.0,0.562295714538387,0.3161764705882352,2.0,0.0,0.0,0.0,0.0,0.0,0.0,0.0,0.0,0.0,0.0,0.0,0.0,0.0,0.0,0.0,0.0,0.0,0.0,0.0,0.0,0.0,0.0,1.0,0.058823529411764705,0.0,0.242535625036333,0.05882352941176471,1.0,0.0,1.0,0.11764705882352941,0.0,0.3321055820775357,0.1102941176470588,1.0,4.0,4.0,4.0,9.0,0.0,1.0,5.0,1.0,0.0,0.0,1.0,0.0,0.0,0.0,0.0,0.0
60,11,Q2 Sprint 2,1,4,1,1,2,2,2,2,1,1,0,0,0,0,1,4,14.0,0.0,10.0,12.0,1.0,0.0,5.0,0.6428571428571429,0.0,1.3363062095621216,1.785714285714285,5.0,0.0,0.0,0.0,0.0,0.0,0.0,0.0,0.0,1.0,0.8571428571428571,1.0,0.36313651960128146,0.13186813186813187,1.0,0.0,3.0,0.5,0.0,0.9405399431259602,0.8846153846153846,3.0,0.0,0.0,0.0,0.0,0.0,0.0,0.0,0.0,0.0,0.0,0.0,0.0,0.0,0.0,0.0,2.0,0.2857142857142857,0.0,0.726273039202563,0.5274725274725276,2.0,0.0,0.0,0.0,0.0,0.0,0.0,0.0,0.0,1.0,0.35714285714285715,0.0,0.4972451580988468,0.24725274725274715,1.0,5.0,1.0,5.0,4.0,0.0,0.0,3.0,0.0,0.0,0.0,1.0,0.0,0.0,0.0,0.0,0.0
60,26,Aurora Q3 Sprint 2,-7,11,8,8,0,0,0,0,7,7,0,0,1,1,1,7,26.0,0.0,9.0,22.0,0.0,0.0,8.0,1.5,1.0,1.9849433241279208,3.94,8.0,0.0,1.0,0.038461538461538464,0.0,0.19611613513818402,0.03846153846153846,1.0,1.0,1.0,1.0,1.0,0.0,0.0,0.0,0.0,4.0,0.5769230769230769,0.0,0.9454343731037887,0.893846153846154,4.0,0.0,0.0,0.0,0.0,0.0,0.0,0.0,0.0,0.0,0.0,0.0,0.0,0.0,0.0,0.0,1.0,0.19230769230769232,0.0,0.40191847623425025,0.16153846153846158,1.0,0.0,1.0,0.038461538461538464,0.0,0.19611613513818402,0.03846153846153846,1.0,0.0,1.0,0.038461538461538464,0.0,0.19611613513818402,0.03846153846153846,1.0,11.0,6.0,10.0,5.0,1.0,3.0,3.0,0.0,0.0,0.0,1.0,7.0,0.0,0.0,0.0,0.0
60,42,Aurora Q4 Sprint 1,-1,11,10,10,4,4,3,3,4,4,4,4,3,3,1,9,37.0,0.0,15.0,23.0,2.0,0.0,9.0,1.162162162162162,0.0,2.2424380768548615,5.028528528528529,9.0,0.0,1.0,0.02702702702702703,0.0,0.1643989873053573,0.027027027027027025,1.0,0.0,1.0,0.9459459459459459,1.0,0.22924343513512563,0.052552552552552555,1.0,0.0,6.0,0.5945945945945946,0.0,1.1892915598853018,1.4144144144144142,6.0,0.0,0.0,0.0,0.0,0.0,0.0,0.0,0.0,0.0,0.0,0.0,0.0,0.0,0.0,0.0,0.0,0.0,0.0,0.0,0.0,0.0,0.0,1.0,0.16216216216216217,0.0,0.3736838766118223,0.13963963963963963,1.0,0.0,3.0,0.16216216216216217,0.0,0.6015495506289251,0.3618618618618618,3.0,11.0,12.0,19.0,7.0,1.0,8.0,9.0,0.0,0.0,0.0,4.0,0.0,0.0,0.0,0.0,0.0
60,46,Twitter Aurora Q4 Sprint 2,-10,11,13,13,2,2,1,1,9,9,3,3,2,2,1,6,25.0,0.0,13.0,18.0,2.0,0.0,10.0,1.16,0.0,2.1924111536540467,4.8066666666666675,10.0,0.0,1.0,0.04,0.0,0.2,0.04,1.0,1.0,1.0,1.0,1.0,0.0,0.0,0.0,0.0,2.0,0.4,0.0,0.7071067811865476,0.5000000000000001,2.0,0.0,0.0,0.0,0.0,0.0,0.0,0.0,0.0,0.0,0.0,0.0,0.0,0.0,0.0,0.0,1.0,0.04,0.0,0.2,0.04,1.0,0.0,1.0,0.08,0.0,0.27688746209726917,0.07666666666666667,1.0,0.0,2.0,0.12,0.0,0.439696865275764,0.19333333333333336,2.0,13.0,8.0,7.0,5.0,0.0,3.0,4.0,0.0,0.0,0.0,2.0,0.0,0.0,0.0,0.0,0.0
60,52,Twitter Aurora Q4 Sprint 3,-13,10,16,16,0,0,0,0,12,12,3,3,1,1,1,7,25.0,0.0,6.0,18.0,1.0,0.0,13.0,1.0,0.0,2.661453237111885,7.083333333333333,13.0,0.0,0.0,0.0,0.0,0.0,0.0,0.0,0.0,1.0,0.92,1.0,0.27688746209726917,0.07666666666666667,1.0,0.0,3.0,0.56,0.0,0.8205689083394114,0.6733333333333333,3.0,0.0,0.0,0.0,0.0,0.0,0.0,0.0,0.0,0.0,0.0,0.0,0.0,0.0,0.0,0.0,0.0,0.0,0.0,0.0,0.0,0.0,0.0,1.0,0.04,0.0,0.2,0.04000000000000001,1.0,0.0,3.0,0.16,0.0,0.6244997998398399,0.3900000000000001,3.0,5.0,13.0,16.0,4.0,0.0,1.0,6.0,0.0,0.0,0.0,5.0,0.0,0.0,0.0,0.0,0.0
60,53,Twitter Aurora Q4 Sprint 4,-4,9,4,4,0,0,0,0,1,1,3,3,0,0,1,4,10.0,0.0,3.0,6.0,2.0,0.0,3.0,0.4,0.0,0.966091783079296,0.9333333333333336,3.0,0.0,0.0,0.0,0.0,0.0,0.0,0.0,1.0,1.0,1.0,1.0,0.0,0.0,0.0,0.0,2.0,0.2,0.0,0.6324555320336759,0.4000000000000001,2.0,0.0,0.0,0.0,0.0,0.0,0.0,0.0,0.0,0.0,0.0,0.0,0.0,0.0,0.0,0.0,0.0,0.0,0.0,0.0,0.0,0.0,0.0,0.0,0.0,0.0,0.0,0.0,0.0,0.0,0.0,0.0,0.0,0.0,0.0,0.0,2.0,6.0,7.0,1.0,0.0,2.0,1.0,0.0,0.0,0.0,0.0,0.0,0.0,0.0,0.0,0.0
60,59,Twitter Aurora Q4 Sprint 5,-3,12,4,4,2,2,0,0,3,3,1,1,2,2,1,7,25.0,0.0,15.0,18.0,5.0,0.0,7.0,0.68,0.0,1.5470401847829727,2.393333333333334,7.0,0.0,2.0,0.16,0.0,0.4725815626252608,0.2233333333333333,2.0,0.0,1.0,0.92,1.0,0.27688746209726917,0.07666666666666666,1.0,0.0,6.0,0.76,0.0,1.451436070471816,2.1066666666666665,6.0,0.0,0.0,0.0,0.0,0.0,0.0,0.0,0.0,0.0,0.0,0.0,0.0,0.0,0.0,0.0,1.0,0.08,0.0,0.27688746209726917,0.07666666666666667,1.0,0.0,1.0,0.04,0.0,0.2,0.04000000000000001,1.0,0.0,2.0,0.16,0.0,0.4725815626252608,0.2233333333333333,2.0,7.0,5.0,9.0,9.0,0.0,1.0,5.0,0.0,0.0,0.0,1.0,0.0,0.0,0.0,0.0,0.0
60,62,Twitter Aurora Q4 Sprint 6,-2,5,2,2,1,1,1,1,1,1,1,1,0,0,1,1,5.0,0.0,3.0,4.0,0.0,0.0,7.0,2.0,1.0,2.9154759474226504,8.5,7.0,0.0,1.0,0.4,0.0,0.5477225575051662,0.30000000000000004,1.0,0.0,1.0,0.8,1.0,0.44721359549995804,0.20000000000000007,1.0,0.0,2.0,0.8,1.0,0.8366600265340756,0.7000000000000001,2.0,0.0,0.0,0.0,0.0,0.0,0.0,0.0,0.0,0.0,0.0,0.0,0.0,0.0,0.0,0.0,0.0,0.0,0.0,0.0,0.0,0.0,0.0,1.0,0.2,0.0,0.44721359549995804,0.20000000000000007,1.0,0.0,0.0,0.0,0.0,0.0,0.0,0.0,1.0,2.0,3.0,1.0,0.0,1.0,0.0,0.0,0.0,0.0,0.0,0.0,0.0,0.0,0.0,0.0
60,73,Twitter Aurora Q1'15 Sprint 1,-25,11,10,32,1,1,0,0,9,31,1,1,1,1,1,4,15.0,0.0,4.0,9.0,1.0,0.0,2.0,0.2,0.0,0.5606119105813882,0.31428571428571433,2.0,0.0,1.0,0.13333333333333333,0.0,0.3518657752744984,0.12380952380952381,1.0,0.0,1.0,0.9333333333333333,1.0,0.25819888974716115,0.06666666666666668,1.0,0.0,5.0,0.8666666666666667,0.0,1.3557637102737472,1.8380952380952373,5.0,0.0,0.0,0.0,0.0,0.0,0.0,0.0,0.0,0.0,0.0,0.0,0.0,0.0,0.0,0.0,0.0,0.0,0.0,0.0,0.0,0.0,0.0,1.0,0.06666666666666667,0.0,0.25819888974716115,0.06666666666666668,1.0,0.0,2.0,0.4,0.0,0.6324555320336759,0.4000000000000001,2.0,6.0,9.0,6.0,3.0,0.0,2.0,2.0,0.0,0.0,0.0,3.0,0.0,0.0,0.0,0.0,0.0
60,76,Twitter Aurora Q1'15 Sprint 2,-11,13,4,11,0,0,0,0,4,11,0,0,0,0,1,4,11.0,0.0,4.0,11.0,0.0,0.0,1.0,0.18181818181818182,0.0,0.4045199174779452,0.16363636363636358,1.0,0.0,0.0,0.0,0.0,0.0,0.0,0.0,0.0,1.0,0.9090909090909091,1.0,0.30151134457776363,0.0909090909090909,1.0,0.0,5.0,1.1818181818181819,0.0,1.7786613965666325,3.163636363636363,5.0,0.0,0.0,0.0,0.0,0.0,0.0,0.0,0.0,0.0,0.0,0.0,0.0,0.0,0.0,0.0,0.0,0.0,0.0,0.0,0.0,0.0,0.0,0.0,0.0,0.0,0.0,0.0,0.0,0.0,2.0,0.36363636363636365,0.0,0.6741998624632419,0.4545454545454543,2.0,4.0,3.0,4.0,3.0,0.0,0.0,4.0,0.0,0.0,0.0,0.0,0.0,0.0,0.0,0.0,0.0
60,85,Twitter Aurora Q1'15 Sprint 3,-20,12,9,26,0,0,0,0,7,20,2,6,0,0,1,3,15.0,0.0,4.0,12.0,0.0,0.0,2.0,0.4,0.0,0.7367883976130073,0.5428571428571429,2.0,0.0,0.0,0.0,0.0,0.0,0.0,0.0,0.0,1.0,0.8,1.0,0.41403933560541256,0.17142857142857146,1.0,0.0,2.0,0.6,0.0,0.9102589898327995,0.8285714285714285,2.0,0.0,0.0,0.0,0.0,0.0,0.0,0.0,0.0,0.0,0.0,0.0,0.0,0.0,0.0,0.0,0.0,0.0,0.0,0.0,0.0,0.0,0.0,0.0,0.0,0.0,0.0,0.0,0.0,0.0,2.0,0.4666666666666667,0.0,0.6399404734221844,0.40952380952380957,2.0,6.0,6.0,8.0,1.0,0.0,3.0,5.0,0.0,0.0,0.0,0.0,0.0,0.0,0.0,0.0,0.0
60,92,Twitter Aurora Q1'15 Sprint 4,-18,14,8,24,0,0,0,0,5,13,2,6,1,5,1,4,12.0,0.0,6.0,11.0,0.0,0.0,3.0,0.8333333333333334,1.0,0.937436866561092,0.8787878787878788,3.0,0.0,0.0,0.0,0.0,0.0,0.0,0.0,0.0,1.0,0.8333333333333334,1.0,0.38924947208076144,0.1515151515151515,1.0,0.0,2.0,0.5833333333333334,0.0,0.7929614610987591,0.6287878787878788,2.0,0.0,0.0,0.0,0.0,0.0,0.0,0.0,0.0,0.0,0.0,0.0,0.0,0.0,0.0,0.0,0.0,0.0,0.0,0.0,0.0,0.0,0.0,0.0,0.0,0.0,0.0,0.0,0.0,0.0,1.0,0.25,0.0,0.45226701686664544,0.20454545454545456,1.0,6.0,3.0,6.0,0.0,0.0,0.0,3.0,0.0,0.0,0.0,1.0,0.0,0.0,0.0,0.0,0.0
60,100,Twitter Aurora Q1'15 Sprint 5,-19,14,7,19,3,9,3,9,3,8,3,10,1,1,1,5,11.0,0.0,5.0,10.0,1.0,0.0,4.0,0.8181818181818182,0.0,1.2504544628399563,1.5636363636363635,4.0,0.0,0.0,0.0,0.0,0.0,0.0,0.0,0.0,1.0,0.7272727272727273,1.0,0.46709936649691375,0.21818181818181817,1.0,0.0,2.0,0.7272727272727273,1.0,0.6466697906828633,0.41818181818181827,2.0,0.0,0.0,0.0,0.0,0.0,0.0,0.0,0.0,0.0,0.0,0.0,0.0,0.0,0.0,0.0,0.0,0.0,0.0,0.0,0.0,0.0,0.0,0.0,0.0,0.0,0.0,0.0,0.0,0.0,2.0,0.45454545454545453,0.0,0.6875516509523286,0.47272727272727266,2.0,3.0,2.0,6.0,2.0,0.0,0.0,4.0,0.0,0.0,0.0,0.0,0.0,0.0,0.0,0.0,0.0
60,105,Twitter Aurora Q1'15 Sprint 6,-1,13,1,1,0,0,0,0,1,1,0,0,0,0,1,1,1.0,0.0,0.0,1.0,0.0,1.0,1.0,1.0,1.0,0.0,0.0,0.0,0.0,0.0,0.0,0.0,0.0,0.0,0.0,0.0,0.0,0.0,0.0,0.0,0.0,0.0,0.0,0.0,0.0,0.0,0.0,0.0,0.0,0.0,0.0,0.0,0.0,0.0,0.0,0.0,0.0,0.0,0.0,0.0,0.0,0.0,0.0,0.0,0.0,0.0,0.0,0.0,0.0,0.0,0.0,0.0,0.0,0.0,0.0,0.0,0.0,1.0,1.0,1.0,1.0,0.0,0.0,0.0,0.0,1.0,1.0,0.0,0.0,0.0,0.0,0.0,0.0,0.0,0.0,0.0,0.0,0.0,0.0,0.0
60,112,Twitter Aurora Q2'15 Sprint 1,-5,14,5,8,0,0,0,0,5,8,0,0,0,0,1,4,5.0,0.0,3.0,5.0,0.0,0.0,1.0,0.2,0.0,0.44721359549995804,0.20000000000000007,1.0,0.0,0.0,0.0,0.0,0.0,0.0,0.0,0.0,1.0,0.8,1.0,0.44721359549995804,0.20000000000000007,1.0,0.0,2.0,0.6,0.0,0.8944271909999159,0.8,2.0,0.0,0.0,0.0,0.0,0.0,0.0,0.0,0.0,0.0,0.0,0.0,0.0,0.0,0.0,0.0,0.0,0.0,0.0,0.0,0.0,0.0,0.0,0.0,0.0,0.0,0.0,0.0,0.0,0.0,1.0,0.2,0.0,0.44721359549995804,0.20000000000000007,1.0,4.0,1.0,1.0,0.0,0.0,0.0,1.0,0.0,0.0,0.0,0.0,0.0,0.0,0.0,0.0,0.0
60,117,Twitter Aurora Q2'15 Sprint 2,-4,14,4,9,0,0,0,0,3,8,1,1,0,0,1,5,22.0,0.0,6.0,15.0,3.0,0.0,3.0,0.45454545454545453,0.0,0.857864054457777,0.7359307359307359,3.0,0.0,0.0,0.0,0.0,0.0,0.0,0.0,0.0,1.0,0.9545454545454546,1.0,0.21320071635561047,0.04545454545454547,1.0,0.0,2.0,0.36363636363636365,0.0,0.5810872031479765,0.3376623376623376,2.0,0.0,0.0,0.0,0.0,0.0,0.0,0.0,0.0,0.0,0.0,0.0,0.0,0.0,0.0,0.0,0.0,0.0,0.0,0.0,0.0,0.0,0.0,1.0,0.045454545454545456,0.0,0.21320071635561044,0.04545454545454546,1.0,0.0,1.0,0.18181818181818182,0.0,0.3947710169758613,0.15584415584415579,1.0,8.0,6.0,11.0,3.0,0.0,2.0,10.0,2.0,0.0,0.0,0.0,0.0,0.0,0.0,0.0,0.0
60,127,Twitter Aurora Q2'15 Sprint 3,-15,14,5,16,0,0,0,0,4,14,0,0,1,2,1,3,10.0,0.0,3.0,8.0,2.0,0.0,7.0,1.1,0.0,2.1832697191750423,4.7666666666666675,7.0,0.0,0.0,0.0,0.0,0.0,0.0,0.0,0.0,1.0,0.8,1.0,0.42163702135578396,0.1777777777777778,1.0,0.0,4.0,0.7,0.0,1.2516655570345725,1.5666666666666667,4.0,0.0,0.0,0.0,0.0,0.0,0.0,0.0,0.0,0.0,0.0,0.0,0.0,0.0,0.0,0.0,0.0,0.0,0.0,0.0,0.0,0.0,0.0,0.0,0.0,0.0,0.0,0.0,0.0,0.0,1.0,0.3,0.0,0.4830458915396479,0.23333333333333328,1.0,0.0,6.0,7.0,3.0,0.0,0.0,1.0,0.0,0.0,0.0,0.0,0.0,0.0,0.0,0.0,0.0
60,131,Twitter Aurora Q2'15 Sprint 4,-7,13,3,7,0,0,0,0,3,7,0,0,0,0,1,3,4.0,0.0,2.0,3.0,1.0,0.0,1.0,0.25,0.0,0.5,0.25,1.0,0.0,0.0,0.0,0.0,0.0,0.0,0.0,0.0,1.0,0.75,1.0,0.5,0.25,1.0,0.0,0.0,0.0,0.0,0.0,0.0,0.0,0.0,0.0,0.0,0.0,0.0,0.0,0.0,0.0,0.0,0.0,0.0,0.0,0.0,0.0,0.0,0.0,0.0,0.0,0.0,0.0,0.0,0.0,0.0,0.0,0.0,0.0,0.0,0.0,0.0,1.0,0.25,0.0,0.5,0.25,1.0,1.0,2.0,2.0,1.0,0.0,0.0,0.0,0.0,0.0,0.0,0.0,0.0,0.0,0.0,0.0,0.0
60,151,Twitter Aurora Q2'15 Sprint 6,-7,14,2,7,1,2,1,2,0,0,1,2,1,3,1,3,8.0,0.0,5.0,7.0,0.0,0.0,3.0,0.75,0.0,1.164964745021435,1.3571428571428572,3.0,0.0,0.0,0.0,0.0,0.0,0.0,0.0,1.0,1.0,1.0,1.0,0.0,0.0,0.0,0.0,1.0,0.25,0.0,0.4629100498862757,0.21428571428571427,1.0,0.0,0.0,0.0,0.0,0.0,0.0,0.0,0.0,0.0,0.0,0.0,0.0,0.0,0.0,0.0,0.0,0.0,0.0,0.0,0.0,0.0,0.0,0.0,0.0,0.0,0.0,0.0,0.0,0.0,2.0,0.5,0.0,0.9258200997725514,0.8571428571428571,2.0,3.0,2.0,2.0,3.0,0.0,0.0,1.0,0.0,0.0,0.0,1.0,0.0,0.0,0.0,0.0,0.0
62,36,Mesos Q3 Sprint 5,0,14,0,0,1,1,1,1,0,0,0,0,0,0,6,2,3.0,1.0,0.0,3.0,0.0,2.0,8.0,4.333333333333333,3.0,3.2145502536643185,10.333333333333334,6.0,0.0,1.0,0.3333333333333333,0.0,0.5773502691896258,0.33333333333333337,1.0,0.0,0.0,0.0,0.0,0.0,0.0,0.0,0.0,8.0,4.0,4.0,4.0,16.0,8.0,0.0,0.0,0.0,0.0,0.0,0.0,0.0,0.0,0.0,0.0,0.0,0.0,0.0,0.0,0.0,0.0,0.0,0.0,0.0,0.0,0.0,0.0,0.0,0.0,0.0,0.0,0.0,0.0,0.0,1.0,0.3333333333333333,0.0,0.5773502691896258,0.33333333333333337,1.0,1.0,0.0,2.0,0.0,2.0,0.0,0.0,0.0,0.0,0.0,0.0,0.0,0.0,0.0,0.0,0.0
62,38,Mesos Q3 Sprint 6,-3,14,1,3,0,0,0,0,1,3,0,0,0,0,6,2,1.0,0.0,0.0,1.0,0.0,11.0,11.0,11.0,11.0,0.0,0.0,0.0,0.0,0.0,0.0,0.0,0.0,0.0,0.0,0.0,0.0,0.0,0.0,0.0,0.0,0.0,4.0,4.0,4.0,4.0,0.0,0.0,0.0,0.0,0.0,0.0,0.0,0.0,0.0,0.0,0.0,0.0,0.0,0.0,0.0,0.0,0.0,0.0,0.0,0.0,0.0,0.0,0.0,0.0,0.0,0.0,0.0,0.0,0.0,0.0,0.0,2.0,2.0,2.0,2.0,0.0,0.0,0.0,1.0,0.0,0.0,0.0,1.0,0.0,0.0,0.0,0.0,0.0,0.0,0.0,0.0,0.0,0.0,0.0
62,43,Twitter Q4 Sprint 1,-3,14,1,3,0,0,0,0,1,3,0,0,0,0,6,2,1.0,0.0,0.0,1.0,0.0,12.0,12.0,12.0,12.0,0.0,0.0,0.0,0.0,0.0,0.0,0.0,0.0,0.0,0.0,0.0,0.0,0.0,0.0,0.0,0.0,0.0,4.0,4.0,4.0,4.0,0.0,0.0,0.0,0.0,0.0,0.0,0.0,0.0,0.0,0.0,0.0,0.0,0.0,0.0,0.0,0.0,0.0,0.0,0.0,0.0,0.0,0.0,0.0,0.0,0.0,0.0,0.0,0.0,0.0,0.0,0.0,2.0,2.0,2.0,2.0,0.0,0.0,0.0,1.0,0.0,0.0,0.0,1.0,0.0,0.0,0.0,0.0,0.0,0.0,0.0,0.0,0.0,0.0,0.0
62,45,Mesosphere Q4 Sprint 1 10/31,-2,12,1,2,1,3,1,3,1,2,0,0,0,0,6,3,4.0,1.0,0.0,3.0,0.0,0.0,15.0,6.75,6.0,7.88986691902975,62.25,15.0,0.0,0.0,0.0,0.0,0.0,0.0,0.0,0.0,0.0,0.0,0.0,0.0,0.0,0.0,0.0,4.0,2.25,2.5,2.0615528128088303,4.25,4.0,0.0,0.0,0.0,0.0,0.0,0.0,0.0,0.0,0.0,0.0,0.0,0.0,0.0,0.0,0.0,0.0,0.0,0.0,0.0,0.0,0.0,0.0,0.0,0.0,0.0,0.0,0.0,0.0,0.0,2.0,0.5,0.0,1.0,1.0,2.0,3.0,1.0,1.0,0.0,2.0,1.0,0.0,0.0,0.0,0.0,0.0,0.0,0.0,0.0,0.0,0.0
62,47,Mesosphere Q4 Sprint 2 - 11/14,-5,10,4,5,0,0,0,0,4,5,0,0,0,0,6,3,4.0,1.0,0.0,3.0,0.0,0.0,15.0,4.5,1.5,7.047458170621991,49.666666666666664,15.0,0.0,0.0,0.0,0.0,0.0,0.0,0.0,0.0,0.0,0.0,0.0,0.0,0.0,0.0,0.0,4.0,1.25,0.5,1.8929694486000912,3.5833333333333335,4.0,0.0,0.0,0.0,0.0,0.0,0.0,0.0,0.0,0.0,0.0,0.0,0.0,0.0,0.0,0.0,0.0,0.0,0.0,0.0,0.0,0.0,0.0,0.0,0.0,0.0,0.0,0.0,0.0,0.0,1.0,0.5,0.5,0.5773502691896257,0.3333333333333333,1.0,3.0,1.0,1.0,0.0,1.0,1.0,0.0,0.0,1.0,0.0,0.0,0.0,0.0,0.0,0.0,0.0
62,49,Twitter Mesos Q4 Sprint 2,-3,14,1,3,0,0,0,0,1,3,0,0,0,0,6,2,1.0,0.0,0.0,1.0,0.0,12.0,12.0,12.0,12.0,0.0,0.0,0.0,0.0,0.0,0.0,0.0,0.0,0.0,0.0,0.0,0.0,0.0,0.0,0.0,0.0,0.0,4.0,4.0,4.0,4.0,0.0,0.0,0.0,0.0,0.0,0.0,0.0,0.0,0.0,0.0,0.0,0.0,0.0,0.0,0.0,0.0,0.0,0.0,0.0,0.0,0.0,0.0,0.0,0.0,0.0,0.0,0.0,0.0,0.0,0.0,0.0,2.0,2.0,2.0,2.0,0.0,0.0,0.0,1.0,0.0,0.0,0.0,1.0,0.0,0.0,0.0,0.0,0.0,0.0,0.0,0.0,0.0,0.0,0.0
62,55,Mesosphere Q4 Sprint 3 - 12/7,-20,18,6,23,1,1,0,0,7,24,0,0,0,0,6,4,11.0,3.0,5.0,8.0,1.0,0.0,16.0,1.9090909090909092,0.0,4.72132492960494,22.29090909090909,16.0,0.0,0.0,0.0,0.0,0.0,0.0,0.0,0.0,1.0,0.2727272727272727,0.0,0.46709936649691375,0.21818181818181817,1.0,0.0,4.0,0.8181818181818182,0.0,1.2504544628399563,1.5636363636363635,4.0,0.0,0.0,0.0,0.0,0.0,0.0,0.0,0.0,0.0,0.0,0.0,0.0,0.0,0.0,0.0,0.0,0.0,0.0,0.0,0.0,0.0,0.0,0.0,0.0,0.0,0.0,0.0,0.0,0.0,4.0,0.8181818181818182,0.0,1.3280197150781925,1.7636363636363637,4.0,5.0,1.0,4.0,2.0,1.0,2.0,0.0,0.0,1.0,0.0,0.0,0.0,0.0,0.0,0.0,0.0
62,69,Mesosphere Q1 Sprint 1 - 1/23,-35,8,8,35,0,0,0,0,8,35,0,0,0,0,6,3,8.0,2.0,5.0,6.0,0.0,0.0,3.0,0.75,0.5,1.0350983390135313,1.0714285714285714,3.0,0.0,0.0,0.0,0.0,0.0,0.0,0.0,0.0,1.0,0.375,0.0,0.5175491695067657,0.26785714285714285,1.0,0.0,4.0,1.0,0.5,1.4142135623730951,2.0,4.0,0.0,0.0,0.0,0.0,0.0,0.0,0.0,0.0,0.0,0.0,0.0,0.0,0.0,0.0,0.0,0.0,0.0,0.0,0.0,0.0,0.0,0.0,0.0,0.0,0.0,0.0,0.0,0.0,0.0,7.0,1.5,0.5,2.390457218668787,5.714285714285714,7.0,2.0,0.0,4.0,2.0,1.0,2.0,0.0,0.0,0.0,0.0,0.0,0.0,0.0,0.0,0.0,0.0
62,74,Mesosphere Q1 Sprint 2 - 2/6,-41,14,10,43,0,0,0,0,10,43,0,0,0,0,6,6,13.0,2.0,7.0,10.0,0.0,0.0,3.0,0.7692307692307693,0.0,1.0127393670836666,1.0256410256410258,3.0,0.0,1.0,0.07692307692307693,0.0,0.2773500981126146,0.07692307692307694,1.0,0.0,1.0,0.3076923076923077,0.0,0.48038446141526137,0.23076923076923075,1.0,0.0,4.0,1.0,0.0,1.4719601443879744,2.1666666666666665,4.0,0.0,0.0,0.0,0.0,0.0,0.0,0.0,0.0,0.0,0.0,0.0,0.0,0.0,0.0,0.0,0.0,0.0,0.0,0.0,0.0,0.0,0.0,0.0,0.0,0.0,0.0,0.0,0.0,0.0,7.0,1.0,0.0,1.9578900207451218,3.8333333333333335,7.0,3.0,2.0,7.0,3.0,2.0,2.0,0.0,1.0,0.0,0.0,0.0,0.0,0.0,0.0,0.0,0.0
62,75,Mesosphere Q1 Sprint 3 - 2/20,-43,14,13,46,0,0,0,0,13,46,0,0,0,0,6,7,16.0,3.0,7.0,13.0,0.0,0.0,8.0,1.5625,1.0,2.159282288168918,4.6625,8.0,0.0,1.0,0.0625,0.0,0.25,0.0625,1.0,0.0,1.0,0.5625,1.0,0.51234753829798,0.2625,1.0,0.0,4.0,1.0625,0.5,1.3889444433333777,1.9291666666666667,4.0,0.0,0.0,0.0,0.0,0.0,0.0,0.0,0.0,0.0,0.0,0.0,0.0,0.0,0.0,0.0,0.0,0.0,0.0,0.0,0.0,0.0,0.0,0.0,0.0,0.0,0.0,0.0,0.0,0.0,4.0,0.6875,0.0,1.352466881911223,1.8291666666666666,4.0,2.0,4.0,12.0,2.0,2.0,2.0,0.0,1.0,0.0,0.0,0.0,0.0,0.0,0.0,0.0,0.0
62,81,Mesosphere Q1 Sprint 4 - 3/6,-43,14,13,47,0,0,0,0,13,47,0,0,0,0,6,8,18.0,3.0,7.0,13.0,1.0,0.0,7.0,2.3333333333333335,1.0,2.4733877696033693,6.117647058823529,7.0,0.0,1.0,0.1111111111111111,0.0,0.3233808333817773,0.10457516339869281,1.0,0.0,1.0,0.7222222222222222,1.0,0.4608885989624768,0.2124183006535948,1.0,0.0,4.0,1.0,0.5,1.2366938848016846,1.5294117647058822,4.0,0.0,0.0,0.0,0.0,0.0,0.0,0.0,0.0,0.0,0.0,0.0,0.0,0.0,0.0,0.0,0.0,0.0,0.0,0.0,0.0,0.0,0.0,0.0,0.0,0.0,0.0,0.0,0.0,0.0,4.0,0.5555555555555556,0.0,0.9835244081556435,0.9673202614379088,4.0,1.0,6.0,14.0,3.0,1.0,2.0,0.0,1.0,1.0,0.0,1.0,0.0,0.0,0.0,0.0,0.0
62,87,Twitter Mesos Q1 Sprint 3,0,13,0,0,0,0,0,0,0,0,0,0,0,0,6,1,1.0,0.0,0.0,1.0,0.0,0.0,0.0,0.0,0.0,0.0,0.0,0.0,0.0,0.0,0.0,0.0,0.0,0.0,0.0,1.0,1.0,1.0,1.0,0.0,0.0,0.0,2.0,2.0,2.0,2.0,0.0,0.0,0.0,0.0,0.0,0.0,0.0,0.0,0.0,0.0,0.0,0.0,0.0,0.0,0.0,0.0,0.0,0.0,0.0,0.0,0.0,0.0,0.0,0.0,0.0,0.0,0.0,0.0,0.0,0.0,0.0,0.0,0.0,0.0,0.0,0.0,0.0,0.0,0.0,1.0,1.0,0.0,0.0,0.0,0.0,0.0,0.0,0.0,0.0,0.0,0.0,0.0,0.0,0.0
62,95,Mesosphere Q1 Sprint 5 - 3/20,-51,11,14,49,3,4,0,0,14,50,2,2,1,1,6,10,20.0,3.0,8.0,14.0,1.0,0.0,10.0,3.05,2.0,3.03445130737702,9.207894736842107,10.0,0.0,1.0,0.15,0.0,0.36634754853252327,0.13421052631578947,1.0,0.0,1.0,0.65,1.0,0.48936048492959283,0.23947368421052626,1.0,0.0,4.0,0.95,1.0,1.145931016569864,1.313157894736842,4.0,0.0,0.0,0.0,0.0,0.0,0.0,0.0,0.0,0.0,0.0,0.0,0.0,0.0,0.0,0.0,1.0,0.05,0.0,0.22360679774997894,0.04999999999999999,1.0,0.0,0.0,0.0,0.0,0.0,0.0,0.0,0.0,4.0,0.65,0.0,0.9880869341680842,0.976315789473684,4.0,4.0,6.0,13.0,3.0,2.0,3.0,0.0,1.0,1.0,0.0,1.0,0.0,0.0,0.0,0.0,0.0
62,102,Mesosphere Q1 Sprint 6 - 4/3,-43,14,15,47,0,0,0,0,15,47,0,0,0,0,6,11,21.0,1.0,8.0,16.0,1.0,0.0,10.0,2.8095238095238093,1.0,2.976895154671182,8.86190476190476,10.0,0.0,1.0,0.23809523809523808,0.0,0.4364357804719847,0.19047619047619044,1.0,0.0,1.0,0.5238095238095238,1.0,0.511766315719159,0.26190476190476186,1.0,0.0,4.0,1.0476190476190477,0.0,1.3592715135759477,1.8476190476190475,4.0,0.0,0.0,0.0,0.0,0.0,0.0,0.0,0.0,0.0,0.0,0.0,0.0,0.0,0.0,0.0,0.0,0.0,0.0,0.0,0.0,0.0,0.0,0.0,0.0,0.0,0.0,0.0,0.0,0.0,5.0,0.6666666666666666,0.0,1.2382783747337804,1.533333333333333,5.0,4.0,7.0,15.0,2.0,3.0,3.0,1.0,1.0,1.0,0.0,0.0,0.0,0.0,0.0,0.0,0.0
62,106,Mesosphere Q1 Sprint 7 - 4/17,-56,14,18,58,0,0,0,0,18,58,0,0,0,0,6,11,21.0,2.0,6.0,15.0,1.0,0.0,10.0,3.0952380952380953,1.0,3.300072149283435,10.89047619047619,10.0,0.0,1.0,0.19047619047619047,0.0,0.4023739080814782,0.16190476190476188,1.0,0.0,1.0,0.47619047619047616,0.0,0.511766315719159,0.26190476190476186,1.0,0.0,8.0,1.4285714285714286,0.0,2.0873770280289223,4.357142857142857,8.0,0.0,0.0,0.0,0.0,0.0,0.0,0.0,0.0,0.0,0.0,0.0,0.0,0.0,0.0,0.0,0.0,0.0,0.0,0.0,0.0,0.0,0.0,1.0,0.09523809523809523,0.0,0.3007926037591192,0.09047619047619049,1.0,0.0,5.0,0.7142857142857143,0.0,1.2305631695633161,1.5142857142857145,5.0,2.0,5.0,17.0,2.0,4.0,3.0,1.0,2.0,3.0,0.0,0.0,0.0,0.0,0.0,0.0,0.0
62,108,Mesosphere Q2 Sprint 8 - 5/1,-51,14,16,55,0,0,0,0,16,55,0,0,0,0,6,12,20.0,2.0,9.0,15.0,1.0,0.0,12.0,3.5,1.0,3.7626978003610794,14.157894736842104,12.0,0.0,1.0,0.2,0.0,0.41039134083406165,0.16842105263157897,1.0,0.0,1.0,0.65,1.0,0.4893604849295929,0.2394736842105263,1.0,0.0,8.0,1.35,0.5,2.0332758116683998,4.1342105263157904,8.0,0.0,0.0,0.0,0.0,0.0,0.0,0.0,0.0,0.0,0.0,0.0,0.0,0.0,0.0,0.0,2.0,0.1,0.0,0.44721359549995787,0.19999999999999996,2.0,0.0,1.0,0.05,0.0,0.22360679774997894,0.04999999999999999,1.0,0.0,8.0,0.95,0.0,2.012461179749811,4.050000000000001,8.0,4.0,4.0,15.0,1.0,4.0,3.0,0.0,1.0,1.0,0.0,0.0,0.0,0.0,0.0,0.0,0.0
62,115,Mesosphere Q1 Sprint 9 - 5/15,13,14,0,0,0,0,0,0,0,0,0,0,0,0,6,12,17.0,3.0,6.0,13.0,1.0,0.0,12.0,3.7058823529411766,1.0,4.10433773406796,16.845588235294116,12.0,0.0,1.0,0.17647058823529413,0.0,0.3929526239966879,0.15441176470588236,1.0,0.0,1.0,0.6470588235294118,1.0,0.49259218307188896,0.24264705882352938,1.0,0.0,8.0,1.411764705882353,1.0,2.0934070175616757,4.38235294117647,8.0,0.0,0.0,0.0,0.0,0.0,0.0,0.0,0.0,0.0,0.0,0.0,0.0,0.0,0.0,0.0,2.0,0.17647058823529413,0.0,0.5285941398709244,0.27941176470588236,2.0,0.0,1.0,0.058823529411764705,0.0,0.242535625036333,0.05882352941176471,1.0,0.0,5.0,0.5882352941176471,0.0,1.2277430273377532,1.5073529411764708,5.0,1.0,2.0,13.0,3.0,4.0,2.0,1.0,1.0,1.0,0.0,0.0,0.0,0.0,0.0,0.0,0.0
62,118,Twitter Q2 Sprint 2,0,14,0,0,1,3,0,0,0,0,1,3,0,0,6,1,1.0,0.0,0.0,1.0,0.0,4.0,4.0,4.0,4.0,0.0,0.0,0.0,0.0,0.0,0.0,0.0,0.0,0.0,0.0,1.0,1.0,1.0,1.0,0.0,0.0,0.0,3.0,3.0,3.0,3.0,0.0,0.0,0.0,0.0,0.0,0.0,0.0,0.0,0.0,0.0,0.0,0.0,0.0,0.0,0.0,0.0,0.0,0.0,0.0,0.0,0.0,0.0,0.0,0.0,0.0,0.0,0.0,0.0,0.0,0.0,0.0,0.0,0.0,0.0,0.0,0.0,0.0,0.0,0.0,1.0,1.0,0.0,0.0,0.0,0.0,0.0,0.0,0.0,0.0,0.0,0.0,0.0,0.0,0.0
62,130,Mesosphere Sprint 10,-22,10,8,35,0,0,0,0,8,35,0,0,0,0,6,12,19.0,5.0,7.0,12.0,3.0,0.0,10.0,2.473684210526316,1.0,2.931977358041868,8.596491228070173,10.0,0.0,1.0,0.15789473684210525,0.0,0.37463432463267754,0.14035087719298242,1.0,0.0,1.0,0.47368421052631576,0.0,0.5129891760425771,0.2631578947368422,1.0,0.0,4.0,1.0526315789473684,0.0,1.3112201362143716,1.719298245614035,4.0,0.0,0.0,0.0,0.0,0.0,0.0,0.0,0.0,0.0,0.0,0.0,0.0,0.0,0.0,0.0,2.0,0.2631578947368421,0.0,0.6533762964749499,0.42690058479532167,2.0,0.0,1.0,0.10526315789473684,0.0,0.3153017676423058,0.09941520467836257,1.0,0.0,5.0,1.0,0.0,1.4907119849998598,2.2222222222222223,5.0,5.0,1.0,11.0,3.0,2.0,3.0,2.0,1.0,2.0,0.0,0.0,0.0,0.0,0.0,0.0,0.0
62,134,Mesosphere Sprint 11,-56,13,0,0,18,71,0,0,18,71,0,0,0,0,6,15,21.0,7.0,6.0,14.0,3.0,0.0,20.0,3.4761904761904763,1.0,4.823059688818372,23.261904761904766,20.0,0.0,1.0,0.14285714285714285,0.0,0.35856858280031817,0.12857142857142861,1.0,0.0,2.0,0.6190476190476191,1.0,0.5895922723535711,0.3476190476190476,2.0,0.0,5.0,1.2380952380952381,1.0,1.5134319246256802,2.2904761904761903,5.0,0.0,0.0,0.0,0.0,0.0,0.0,0.0,0.0,0.0,0.0,0.0,0.0,0.0,0.0,0.0,2.0,0.23809523809523808,0.0,0.6248809410409238,0.39047619047619053,2.0,0.0,1.0,0.09523809523809523,0.0,0.30079260375911915,0.09047619047619047,1.0,0.0,5.0,1.0952380952380953,1.0,1.4800257398019097,2.19047619047619,5.0,5.0,1.0,14.0,2.0,2.0,3.0,2.0,1.0,3.0,0.0,0.0,0.0,0.0,0.0,0.0,0.0
62,142,Mesosphere Sprint 12,39,14,0,0,13,42,11,36,2,6,0,0,0,0,6,19,38.0,13.0,5.0,28.0,4.0,0.0,31.0,4.421052631578948,2.0,6.537342128515467,42.73684210526314,31.0,0.0,1.0,0.10526315789473684,0.0,0.3110117477759048,0.09672830725462303,1.0,0.0,1.0,0.631578947368421,1.0,0.4888515295293514,0.2389758179231863,1.0,0.0,5.0,0.9210526315789473,1.0,1.1480083563912935,1.317923186344239,5.0,0.0,0.0,0.0,0.0,0.0,0.0,0.0,0.0,0.0,0.0,0.0,0.0,0.0,0.0,0.0,2.0,0.10526315789473684,0.0,0.3883070451442738,0.1507823613086771,2.0,0.0,1.0,0.02631578947368421,0.0,0.16222142113076257,0.02631578947368422,1.0,0.0,5.0,0.5789473684210527,0.0,1.2440469911036194,1.547652916073969,5.0,11.0,11.0,20.0,7.0,1.0,5.0,2.0,1.0,4.0,2.0,0.0,0.0,0.0,0.0,0.0,0.0
62,143,Mesosphere Sprint 13,57,14,1,8,2,7,0,0,3,15,0,0,0,0,6,15,57.0,15.0,14.0,42.0,7.0,0.0,14.0,2.491228070175439,1.0,3.72790063008249,13.897243107769427,14.0,0.0,2.0,0.12280701754385964,0.0,0.38126553544911884,0.1453634085213033,2.0,0.0,6.0,0.7192982456140351,1.0,0.8609460320922785,0.7412280701754386,6.0,0.0,5.0,0.8771929824561403,1.0,1.0363082731951587,1.0739348370927317,5.0,0.0,0.0,0.0,0.0,0.0,0.0,0.0,0.0,0.0,0.0,0.0,0.0,0.0,0.0,0.0,1.0,0.05263157894736842,0.0,0.2252817784447915,0.05075187969924812,1.0,0.0,1.0,0.08771929824561403,0.0,0.28540083056153326,0.08145363408521301,1.0,0.0,6.0,0.42105263157894735,0.0,1.1171930454276378,1.2481203007518797,6.0,18.0,15.0,25.0,14.0,1.0,5.0,3.0,0.0,8.0,1.0,3.0,0.0,0.0,0.0,0.0,0.0
62,150,Twitter Mesos Q2 Sprint 6,-8,14,1,8,0,0,0,0,1,8,0,0,0,0,6,1,1.0,0.0,1.0,1.0,0.0,0.0,0.0,0.0,0.0,0.0,0.0,0.0,0.0,0.0,0.0,0.0,0.0,0.0,0.0,1.0,1.0,1.0,1.0,0.0,0.0,0.0,0.0,0.0,0.0,0.0,0.0,0.0,0.0,0.0,0.0,0.0,0.0,0.0,0.0,0.0,0.0,0.0,0.0,0.0,0.0,0.0,0.0,0.0,0.0,0.0,0.0,0.0,0.0,0.0,0.0,0.0,0.0,0.0,0.0,0.0,0.0,1.0,1.0,1.0,1.0,0.0,0.0,0.0,0.0,0.0,0.0,1.0,0.0,0.0,0.0,0.0,0.0,0.0,0.0,0.0,0.0,0.0,0.0,0.0
62,154,Mesosphere Sprint 14,23,14,0,0,14,68,10,62,4,6,0,0,0,0,6,18,56.0,19.0,15.0,42.0,5.0,0.0,13.0,2.1607142857142856,1.0,2.9404810102139023,8.646428571428572,13.0,0.0,2.0,0.14285714285714285,0.0,0.4012965998347868,0.16103896103896104,2.0,0.0,1.0,0.44642857142857145,0.0,0.5016207497934836,0.25162337662337664,1.0,0.0,8.0,0.9821428571428571,0.5,1.5313816866248176,2.345129870129871,8.0,0.0,0.0,0.0,0.0,0.0,0.0,0.0,0.0,0.0,0.0,0.0,0.0,0.0,0.0,0.0,3.0,0.2857142857142857,0.0,0.7314813292661236,0.5350649350649351,3.0,0.0,1.0,0.05357142857142857,0.0,0.227207782928703,0.05162337662337662,1.0,0.0,4.0,0.5535714285714286,0.0,0.9708411134333298,0.9425324675324674,4.0,21.0,14.0,24.0,11.0,2.0,5.0,2.0,0.0,3.0,1.0,4.0,0.0,0.0,0.0,0.0,0.0
63,8,Q2'14 Sprint 1,0,9,0,0,0,0,0,0,0,0,0,0,0,0,1,1,4.0,3.0,1.0,2.0,1.0,0.0,6.0,2.75,2.5,2.753785273643051,7.583333333333333,6.0,0.0,0.0,0.0,0.0,0.0,0.0,0.0,0.0,0.0,0.0,0.0,0.0,0.0,0.0,0.0,2.0,0.75,0.5,0.9574271077563381,0.9166666666666666,2.0,0.0,0.0,0.0,0.0,0.0,0.0,0.0,0.0,0.0,0.0,0.0,0.0,0.0,0.0,0.0,1.0,0.25,0.0,0.5,0.25,1.0,0.0,1.0,0.25,0.0,0.5,0.25,1.0,0.0,0.0,0.0,0.0,0.0,0.0,0.0,1.0,0.0,3.0,0.0,0.0,0.0,0.0,1.0,0.0,0.0,0.0,0.0,0.0,0.0,0.0,0.0
63,12,Q2'14 Sprint 2,-3,13,2,3,0,0,0,0,2,3,0,0,0,0,1,1,2.0,0.0,0.0,1.0,1.0,0.0,0.0,0.0,0.0,0.0,0.0,0.0,0.0,1.0,0.5,0.5,0.7071067811865476,0.5,1.0,0.0,0.0,0.0,0.0,0.0,0.0,0.0,1.0,1.0,1.0,1.0,0.0,0.0,0.0,0.0,0.0,0.0,0.0,0.0,0.0,0.0,0.0,0.0,0.0,0.0,0.0,0.0,0.0,0.0,1.0,0.5,0.5,0.7071067811865476,0.5,1.0,0.0,0.0,0.0,0.0,0.0,0.0,0.0,0.0,0.0,0.0,0.0,0.0,0.0,0.0,0.0,2.0,2.0,0.0,0.0,0.0,0.0,0.0,0.0,0.0,0.0,0.0,0.0,0.0,0.0,0.0
63,13,Q2 Sprint 3,-7,12,1,8,0,0,0,0,1,8,0,0,0,0,1,1,2.0,1.0,0.0,1.0,1.0,0.0,0.0,0.0,0.0,0.0,0.0,0.0,0.0,0.0,0.0,0.0,0.0,0.0,0.0,0.0,0.0,0.0,0.0,0.0,0.0,0.0,0.0,0.0,0.0,0.0,0.0,0.0,0.0,0.0,0.0,0.0,0.0,0.0,0.0,0.0,0.0,0.0,0.0,0.0,0.0,0.0,0.0,0.0,0.0,0.0,0.0,0.0,0.0,0.0,0.0,0.0,0.0,0.0,0.0,0.0,0.0,0.0,0.0,0.0,0.0,0.0,0.0,0.0,1.0,1.0,1.0,0.0,0.0,0.0,0.0,0.0,0.0,0.0,0.0,0.0,0.0,0.0,0.0,0.0
63,20,Q2 Sprint 4,-10,12,3,10,0,0,0,0,3,10,0,0,0,0,1,1,4.0,1.0,0.0,3.0,1.0,0.0,3.0,0.75,0.0,1.5,2.25,3.0,0.0,0.0,0.0,0.0,0.0,0.0,0.0,0.0,5.0,1.25,0.0,2.5,6.25,5.0,0.0,4.0,1.5,1.0,1.9148542155126762,3.6666666666666665,4.0,0.0,0.0,0.0,0.0,0.0,0.0,0.0,0.0,0.0,0.0,0.0,0.0,0.0,0.0,0.0,2.0,1.0,1.0,1.1547005383792515,1.3333333333333333,2.0,0.0,0.0,0.0,0.0,0.0,0.0,0.0,0.0,0.0,0.0,0.0,0.0,0.0,0.0,3.0,2.0,1.0,0.0,0.0,0.0,1.0,0.0,0.0,0.0,0.0,0.0,0.0,0.0,0.0,0.0
63,22,Q2 Sprint 5,-2,4,4,4,0,0,2,2,2,2,0,0,0,0,1,3,4.0,0.0,0.0,4.0,0.0,0.0,0.0,0.0,0.0,0.0,0.0,0.0,0.0,0.0,0.0,0.0,0.0,0.0,0.0,0.0,0.0,0.0,0.0,0.0,0.0,0.0,0.0,1.0,0.25,0.0,0.5,0.25,1.0,0.0,0.0,0.0,0.0,0.0,0.0,0.0,0.0,0.0,0.0,0.0,0.0,0.0,0.0,0.0,9.0,2.25,0.0,4.5,20.25,9.0,0.0,0.0,0.0,0.0,0.0,0.0,0.0,0.0,0.0,0.0,0.0,0.0,0.0,0.0,0.0,4.0,4.0,0.0,0.0,0.0,0.0,0.0,0.0,0.0,0.0,0.0,0.0,0.0,0.0,0.0
63,24,Q3 Sprint 1,-5,9,4,4,1,1,0,0,5,5,0,0,0,0,1,3,6.0,1.0,0.0,6.0,0.0,0.0,3.0,0.6666666666666666,0.0,1.2110601416389968,1.4666666666666668,3.0,0.0,1.0,0.3333333333333333,0.0,0.5163977794943223,0.2666666666666667,1.0,0.0,0.0,0.0,0.0,0.0,0.0,0.0,0.0,1.0,0.3333333333333333,0.0,0.5163977794943223,0.2666666666666667,1.0,0.0,0.0,0.0,0.0,0.0,0.0,0.0,0.0,0.0,0.0,0.0,0.0,0.0,0.0,0.0,9.0,2.1666666666666665,0.5,3.5449494589721118,12.566666666666666,9.0,0.0,0.0,0.0,0.0,0.0,0.0,0.0,0.0,0.0,0.0,0.0,0.0,0.0,0.0,0.0,4.0,6.0,0.0,0.0,0.0,0.0,0.0,1.0,0.0,0.0,0.0,0.0,0.0,0.0,0.0
63,25,Q3 Sprint 2,-4,9,3,5,0,0,0,0,3,5,0,0,0,0,1,2,3.0,1.0,0.0,3.0,0.0,0.0,4.0,1.6666666666666667,1.0,2.0816659994661326,4.333333333333333,4.0,0.0,1.0,0.3333333333333333,0.0,0.5773502691896258,0.33333333333333337,1.0,0.0,0.0,0.0,0.0,0.0,0.0,0.0,0.0,0.0,0.0,0.0,0.0,0.0,0.0,0.0,0.0,0.0,0.0,0.0,0.0,0.0,0.0,0.0,0.0,0.0,0.0,0.0,0.0,0.0,9.0,3.3333333333333335,1.0,4.932882862316247,24.333333333333332,9.0,0.0,0.0,0.0,0.0,0.0,0.0,0.0,0.0,0.0,0.0,0.0,0.0,0.0,0.0,0.0,2.0,3.0,0.0,0.0,0.0,0.0,0.0,0.0,0.0,0.0,0.0,0.0,0.0,0.0,0.0
63,26,Aurora Q3 Sprint 2,0,11,0,0,0,0,0,0,0,0,0,0,0,0,1,1,7.0,0.0,0.0,7.0,0.0,1.0,3.0,1.5714285714285714,1.0,0.7867957924694431,0.619047619047619,2.0,0.0,0.0,0.0,0.0,0.0,0.0,0.0,1.0,1.0,1.0,1.0,0.0,0.0,0.0,0.0,2.0,0.2857142857142857,0.0,0.7559289460184545,0.5714285714285715,2.0,0.0,0.0,0.0,0.0,0.0,0.0,0.0,0.0,0.0,0.0,0.0,0.0,0.0,0.0,0.0,1.0,0.7142857142857143,1.0,0.48795003647426655,0.23809523809523805,1.0,0.0,0.0,0.0,0.0,0.0,0.0,0.0,0.0,0.0,0.0,0.0,0.0,0.0,0.0,5.0,0.0,0.0,2.0,0.0,0.0,0.0,0.0,0.0,0.0,0.0,7.0,0.0,0.0,0.0,0.0
63,30,Q3 Sprint 3,-8,11,1,8,0,0,0,0,1,8,0,0,0,0,1,2,1.0,0.0,0.0,1.0,0.0,2.0,2.0,2.0,2.0,0.0,0.0,0.0,0.0,0.0,0.0,0.0,0.0,0.0,0.0,0.0,0.0,0.0,0.0,0.0,0.0,0.0,4.0,4.0,4.0,4.0,0.0,0.0,0.0,0.0,0.0,0.0,0.0,0.0,0.0,0.0,0.0,0.0,0.0,0.0,0.0,0.0,0.0,0.0,0.0,0.0,0.0,0.0,0.0,0.0,0.0,0.0,0.0,0.0,0.0,0.0,0.0,0.0,0.0,0.0,0.0,0.0,0.0,0.0,0.0,1.0,1.0,0.0,0.0,0.0,0.0,0.0,0.0,0.0,0.0,0.0,0.0,0.0,0.0,0.0
63,31,Q3 Sprint 4,-3,11,4,4,0,0,0,0,4,4,0,0,0,0,1,3,6.0,1.0,1.0,5.0,1.0,0.0,1.0,0.16666666666666666,0.0,0.408248290463863,0.16666666666666669,1.0,0.0,1.0,0.3333333333333333,0.0,0.5163977794943223,0.2666666666666667,1.0,0.0,0.0,0.0,0.0,0.0,0.0,0.0,0.0,2.0,0.5,0.0,0.8366600265340756,0.7,2.0,0.0,0.0,0.0,0.0,0.0,0.0,0.0,0.0,0.0,0.0,0.0,0.0,0.0,0.0,0.0,1.0,0.16666666666666666,0.0,0.408248290463863,0.16666666666666669,1.0,0.0,0.0,0.0,0.0,0.0,0.0,0.0,0.0,0.0,0.0,0.0,0.0,0.0,0.0,0.0,4.0,4.0,2.0,0.0,0.0,0.0,0.0,0.0,0.0,0.0,0.0,0.0,0.0,0.0,0.0
63,36,Mesos Q3 Sprint 5,-9,14,2,9,2,2,2,2,2,9,0,0,0,0,1,4,6.0,1.0,0.0,6.0,0.0,0.0,3.0,1.6666666666666667,1.5,1.2110601416389968,1.4666666666666668,3.0,0.0,1.0,0.3333333333333333,0.0,0.5163977794943223,0.2666666666666667,1.0,0.0,0.0,0.0,0.0,0.0,0.0,0.0,0.0,8.0,2.0,0.0,3.3466401061363023,11.2,8.0,0.0,0.0,0.0,0.0,0.0,0.0,0.0,0.0,0.0,0.0,0.0,0.0,0.0,0.0,0.0,1.0,0.16666666666666666,0.0,0.408248290463863,0.16666666666666669,1.0,0.0,0.0,0.0,0.0,0.0,0.0,0.0,0.0,0.0,0.0,0.0,0.0,0.0,0.0,0.0,4.0,5.0,1.0,1.0,0.0,0.0,0.0,0.0,0.0,0.0,0.0,0.0,0.0,0.0,0.0
63,38,Mesos Q3 Sprint 6,-5,14,1,5,0,0,0,0,1,5,0,0,0,0,1,1,2.0,0.0,0.0,1.0,1.0,3.0,5.0,4.0,4.0,1.4142135623730951,2.0,2.0,1.0,1.0,1.0,1.0,0.0,0.0,0.0,0.0,0.0,0.0,0.0,0.0,0.0,0.0,1.0,2.0,1.5,1.5,0.7071067811865476,0.5,1.0,0.0,0.0,0.0,0.0,0.0,0.0,0.0,0.0,0.0,0.0,0.0,0.0,0.0,0.0,0.0,0.0,0.0,0.0,0.0,0.0,0.0,0.0,0.0,0.0,0.0,0.0,0.0,0.0,0.0,0.0,0.0,0.0,0.0,0.0,0.0,0.0,2.0,2.0,0.0,0.0,0.0,0.0,0.0,0.0,0.0,0.0,0.0,0.0,0.0,0.0,0.0
63,43,Twitter Q4 Sprint 1,-3,14,1,3,0,0,0,0,1,3,0,0,0,0,1,1,1.0,1.0,0.0,1.0,0.0,0.0,0.0,0.0,0.0,0.0,0.0,0.0,0.0,0.0,0.0,0.0,0.0,0.0,0.0,0.0,0.0,0.0,0.0,0.0,0.0,0.0,1.0,1.0,1.0,1.0,0.0,0.0,0.0,0.0,0.0,0.0,0.0,0.0,0.0,0.0,0.0,0.0,0.0,0.0,0.0,0.0,0.0,0.0,0.0,0.0,0.0,0.0,0.0,0.0,0.0,0.0,0.0,0.0,0.0,0.0,0.0,0.0,0.0,0.0,0.0,0.0,0.0,0.0,0.0,0.0,1.0,0.0,0.0,0.0,0.0,0.0,0.0,0.0,0.0,0.0,0.0,0.0,0.0,0.0
63,45,Mesosphere Q4 Sprint 1 10/31,-3,12,6,9,1,1,3,6,4,4,0,0,0,0,1,5,9.0,4.0,3.0,6.0,2.0,0.0,17.0,3.2222222222222223,2.0,5.40318835914911,29.194444444444446,17.0,0.0,1.0,0.1111111111111111,0.0,0.3333333333333333,0.1111111111111111,1.0,0.0,0.0,0.0,0.0,0.0,0.0,0.0,0.0,4.0,0.6666666666666666,0.0,1.3228756555322954,1.7500000000000002,4.0,0.0,0.0,0.0,0.0,0.0,0.0,0.0,0.0,0.0,0.0,0.0,0.0,0.0,0.0,0.0,0.0,0.0,0.0,0.0,0.0,0.0,0.0,1.0,0.1111111111111111,0.0,0.3333333333333333,0.1111111111111111,1.0,0.0,2.0,0.3333333333333333,0.0,0.7071067811865476,0.5,2.0,3.0,1.0,6.0,0.0,1.0,1.0,0.0,0.0,0.0,0.0,0.0,0.0,0.0,0.0,0.0,0.0
63,47,Mesosphere Q4 Sprint 2 - 11/14,-1,10,1,1,0,0,0,0,1,1,0,0,0,0,1,1,1.0,1.0,0.0,1.0,0.0,3.0,3.0,3.0,3.0,0.0,0.0,0.0,0.0,0.0,0.0,0.0,0.0,0.0,0.0,0.0,0.0,0.0,0.0,0.0,0.0,0.0,0.0,0.0,0.0,0.0,0.0,0.0,0.0,0.0,0.0,0.0,0.0,0.0,0.0,0.0,0.0,0.0,0.0,0.0,0.0,0.0,0.0,0.0,0.0,0.0,0.0,0.0,0.0,0.0,0.0,0.0,0.0,0.0,0.0,0.0,0.0,0.0,0.0,0.0,0.0,0.0,0.0,0.0,1.0,0.0,0.0,0.0,0.0,0.0,0.0,0.0,0.0,0.0,0.0,0.0,0.0,0.0,0.0,0.0
63,49,Twitter Mesos Q4 Sprint 2,0,14,0,0,1,2,1,2,0,0,0,0,0,0,1,2,2.0,1.0,0.0,2.0,0.0,0.0,4.0,2.0,2.0,2.8284271247461903,8.0,4.0,0.0,1.0,0.5,0.5,0.7071067811865476,0.5,1.0,0.0,0.0,0.0,0.0,0.0,0.0,0.0,1.0,1.0,1.0,1.0,0.0,0.0,0.0,0.0,0.0,0.0,0.0,0.0,0.0,0.0,0.0,0.0,0.0,0.0,0.0,0.0,0.0,0.0,0.0,0.0,0.0,0.0,0.0,0.0,0.0,0.0,0.0,0.0,0.0,0.0,0.0,0.0,0.0,0.0,0.0,0.0,0.0,0.0,0.0,1.0,2.0,0.0,0.0,0.0,0.0,0.0,0.0,0.0,0.0,0.0,0.0,0.0,0.0,0.0
63,51,Twitter Mesos Q4 Sprint 3,1,14,0,0,0,0,0,0,0,0,0,0,0,0,1,4,4.0,1.0,0.0,3.0,1.0,0.0,5.0,2.5,2.5,2.0816659994661326,4.333333333333333,5.0,0.0,1.0,0.25,0.0,0.5,0.25,1.0,0.0,0.0,0.0,0.0,0.0,0.0,0.0,1.0,3.0,2.0,2.0,1.1547005383792515,1.3333333333333333,2.0,0.0,0.0,0.0,0.0,0.0,0.0,0.0,0.0,0.0,0.0,0.0,0.0,0.0,0.0,0.0,0.0,0.0,0.0,0.0,0.0,0.0,0.0,0.0,0.0,0.0,0.0,0.0,0.0,0.0,1.0,0.25,0.0,0.5,0.25,1.0,0.0,2.0,4.0,0.0,0.0,0.0,1.0,0.0,0.0,0.0,0.0,0.0,0.0,0.0,0.0,0.0
63,55,Mesosphere Q4 Sprint 3 - 12/7,-7,18,5,21,0,0,0,0,5,21,0,0,0,0,1,2,7.0,4.0,3.0,5.0,1.0,0.0,13.0,2.4285714285714284,0.0,4.790864322059324,22.95238095238095,13.0,0.0,0.0,0.0,0.0,0.0,0.0,0.0,0.0,1.0,0.2857142857142857,0.0,0.48795003647426666,0.23809523809523814,1.0,0.0,2.0,0.7142857142857143,0.0,0.9511897312113418,0.9047619047619047,2.0,0.0,0.0,0.0,0.0,0.0,0.0,0.0,0.0,0.0,0.0,0.0,0.0,0.0,0.0,0.0,0.0,0.0,0.0,0.0,0.0,0.0,0.0,0.0,0.0,0.0,0.0,0.0,0.0,0.0,2.0,0.5714285714285714,0.0,0.7867957924694431,0.619047619047619,2.0,2.0,0.0,4.0,1.0,0.0,1.0,0.0,0.0,0.0,0.0,0.0,0.0,0.0,0.0,0.0,0.0
63,56,Twitter Mesos Q4 Sprint 4,-3,14,1,3,0,0,0,0,1,3,0,0,0,0,1,1,1.0,1.0,0.0,1.0,0.0,2.0,2.0,2.0,2.0,0.0,0.0,0.0,0.0,0.0,0.0,0.0,0.0,0.0,0.0,0.0,0.0,0.0,0.0,0.0,0.0,0.0,1.0,1.0,1.0,1.0,0.0,0.0,0.0,0.0,0.0,0.0,0.0,0.0,0.0,0.0,0.0,0.0,0.0,0.0,0.0,0.0,0.0,0.0,0.0,0.0,0.0,0.0,0.0,0.0,0.0,0.0,0.0,0.0,0.0,0.0,0.0,0.0,0.0,0.0,0.0,0.0,0.0,0.0,0.0,0.0,1.0,0.0,0.0,0.0,0.0,0.0,0.0,0.0,0.0,0.0,0.0,0.0,0.0,0.0
63,69,Mesosphere Q1 Sprint 1 - 1/23,-1,8,3,15,0,0,0,0,3,15,0,0,0,0,1,2,3.0,2.0,1.0,2.0,0.0,0.0,13.0,5.333333333333333,3.0,6.8068592855540455,46.333333333333336,13.0,0.0,0.0,0.0,0.0,0.0,0.0,0.0,0.0,1.0,0.3333333333333333,0.0,0.5773502691896258,0.33333333333333337,1.0,0.0,2.0,0.6666666666666666,0.0,1.1547005383792517,1.3333333333333335,2.0,0.0,0.0,0.0,0.0,0.0,0.0,0.0,0.0,0.0,0.0,0.0,0.0,0.0,0.0,0.0,0.0,0.0,0.0,0.0,0.0,0.0,0.0,0.0,0.0,0.0,0.0,0.0,0.0,0.0,2.0,0.6666666666666666,0.0,1.1547005383792517,1.3333333333333335,2.0,1.0,0.0,2.0,0.0,0.0,1.0,0.0,0.0,0.0,0.0,0.0,0.0,0.0,0.0,0.0,0.0
63,74,Mesosphere Q1 Sprint 2 - 2/6,0,14,2,14,0,0,0,0,2,14,0,0,0,0,1,2,3.0,1.0,2.0,2.0,0.0,0.0,3.0,1.0,0.0,1.7320508075688772,3.0,3.0,0.0,0.0,0.0,0.0,0.0,0.0,0.0,0.0,1.0,0.3333333333333333,0.0,0.5773502691896258,0.33333333333333337,1.0,0.0,1.0,0.3333333333333333,0.0,0.5773502691896258,0.33333333333333337,1.0,0.0,0.0,0.0,0.0,0.0,0.0,0.0,0.0,0.0,0.0,0.0,0.0,0.0,0.0,0.0,0.0,0.0,0.0,0.0,0.0,0.0,0.0,0.0,0.0,0.0,0.0,0.0,0.0,0.0,0.0,0.0,0.0,0.0,0.0,0.0,2.0,0.0,1.0,0.0,0.0,1.0,0.0,0.0,0.0,0.0,0.0,0.0,0.0,0.0,0.0,0.0
63,75,Mesosphere Q1 Sprint 3 - 2/20,-14,14,3,15,0,0,0,0,3,15,0,0,0,0,1,3,4.0,2.0,2.0,3.0,0.0,0.0,3.0,1.0,0.5,1.4142135623730951,2.0,3.0,0.0,0.0,0.0,0.0,0.0,0.0,0.0,0.0,1.0,0.25,0.0,0.5,0.25,1.0,0.0,1.0,0.25,0.0,0.5,0.25,1.0,0.0,0.0,0.0,0.0,0.0,0.0,0.0,0.0,0.0,0.0,0.0,0.0,0.0,0.0,0.0,0.0,0.0,0.0,0.0,0.0,0.0,0.0,0.0,0.0,0.0,0.0,0.0,0.0,0.0,0.0,0.0,0.0,0.0,0.0,0.0,2.0,0.0,2.0,0.0,0.0,1.0,0.0,0.0,0.0,0.0,0.0,0.0,0.0,0.0,0.0,0.0
63,80,Twitter Mesos Q1 Sprint 2,-14,14,4,14,0,0,0,0,4,14,0,0,0,0,1,3,4.0,1.0,1.0,3.0,1.0,0.0,6.0,2.0,1.0,2.8284271247461903,8.0,6.0,0.0,1.0,0.25,0.0,0.5,0.25,1.0,0.0,1.0,0.25,0.0,0.5,0.25,1.0,0.0,1.0,0.5,0.5,0.5773502691896257,0.3333333333333333,1.0,0.0,0.0,0.0,0.0,0.0,0.0,0.0,0.0,0.0,0.0,0.0,0.0,0.0,0.0,0.0,0.0,0.0,0.0,0.0,0.0,0.0,0.0,0.0,0.0,0.0,0.0,0.0,0.0,0.0,0.0,0.0,0.0,0.0,0.0,0.0,1.0,1.0,3.0,0.0,0.0,0.0,1.0,0.0,0.0,0.0,0.0,0.0,0.0,0.0,0.0,0.0
63,81,Mesosphere Q1 Sprint 4 - 3/6,2,14,1,1,0,0,0,0,1,1,0,0,0,0,1,3,3.0,0.0,2.0,1.0,1.0,2.0,15.0,7.0,4.0,7.0,49.0,13.0,0.0,0.0,0.0,0.0,0.0,0.0,0.0,0.0,1.0,0.3333333333333333,0.0,0.5773502691896258,0.33333333333333337,1.0,1.0,2.0,1.3333333333333333,1.0,0.5773502691896257,0.3333333333333333,1.0,0.0,0.0,0.0,0.0,0.0,0.0,0.0,0.0,0.0,0.0,0.0,0.0,0.0,0.0,0.0,0.0,0.0,0.0,0.0,0.0,0.0,0.0,0.0,0.0,0.0,0.0,0.0,0.0,0.0,1.0,0.3333333333333333,0.0,0.5773502691896258,0.33333333333333337,1.0,2.0,1.0,1.0,0.0,0.0,1.0,0.0,0.0,0.0,0.0,0.0,0.0,0.0,0.0,0.0,0.0
63,87,Twitter Mesos Q1 Sprint 3,-2,13,1,2,0,0,0,0,0,0,1,5,0,0,1,1,4.0,2.0,1.0,4.0,0.0,0.0,4.0,1.0,0.0,2.0,4.0,4.0,0.0,2.0,1.0,1.0,1.1547005383792515,1.3333333333333333,2.0,0.0,1.0,0.5,0.5,0.5773502691896257,0.3333333333333333,1.0,0.0,2.0,0.5,0.0,1.0,1.0,2.0,0.0,0.0,0.0,0.0,0.0,0.0,0.0,0.0,0.0,0.0,0.0,0.0,0.0,0.0,0.0,0.0,0.0,0.0,0.0,0.0,0.0,0.0,0.0,0.0,0.0,0.0,0.0,0.0,0.0,0.0,0.0,0.0,0.0,0.0,0.0,1.0,1.0,3.0,0.0,0.0,0.0,0.0,0.0,0.0,0.0,0.0,0.0,0.0,0.0,0.0,0.0
63,95,Mesosphere Q1 Sprint 5 - 3/20,-5,11,3,4,3,4,0,0,5,7,1,1,0,0,1,4,6.0,0.0,2.0,2.0,1.0,0.0,16.0,5.5,3.5,5.787918451395113,33.5,16.0,0.0,0.0,0.0,0.0,0.0,0.0,0.0,0.0,1.0,0.3333333333333333,0.0,0.5163977794943223,0.2666666666666667,1.0,0.0,2.0,0.8333333333333334,1.0,0.752772652709081,0.5666666666666667,2.0,0.0,0.0,0.0,0.0,0.0,0.0,0.0,0.0,0.0,0.0,0.0,0.0,0.0,0.0,0.0,0.0,0.0,0.0,0.0,0.0,0.0,0.0,0.0,0.0,0.0,0.0,0.0,0.0,0.0,2.0,0.5,0.0,0.8366600265340756,0.7,2.0,3.0,1.0,2.0,1.0,1.0,2.0,0.0,1.0,2.0,0.0,0.0,0.0,0.0,0.0,0.0,0.0
63,102,Mesosphere Q1 Sprint 6 - 4/3,-2,14,3,4,0,0,0,0,3,4,0,0,0,0,1,2,3.0,0.0,1.0,2.0,0.0,1.0,4.0,2.3333333333333335,2.0,1.5275252316519465,2.333333333333333,3.0,0.0,0.0,0.0,0.0,0.0,0.0,0.0,0.0,1.0,0.3333333333333333,0.0,0.5773502691896258,0.33333333333333337,1.0,1.0,4.0,2.3333333333333335,2.0,1.5275252316519465,2.333333333333333,3.0,0.0,0.0,0.0,0.0,0.0,0.0,0.0,0.0,0.0,0.0,0.0,0.0,0.0,0.0,0.0,0.0,0.0,0.0,0.0,0.0,0.0,0.0,0.0,0.0,0.0,0.0,0.0,0.0,0.0,1.0,0.3333333333333333,0.0,0.5773502691896258,0.33333333333333337,1.0,1.0,1.0,2.0,0.0,0.0,1.0,1.0,0.0,0.0,0.0,0.0,0.0,0.0,0.0,0.0,0.0
63,106,Mesosphere Q1 Sprint 7 - 4/17,-3,14,3,5,0,0,0,0,3,5,0,0,0,0,1,2,4.0,0.0,0.0,2.0,0.0,0.0,6.0,2.5,2.0,3.0,9.0,6.0,0.0,1.0,0.25,0.0,0.5,0.25,1.0,0.0,1.0,0.25,0.0,0.5,0.25,1.0,0.0,8.0,2.5,1.0,3.7859388972001824,14.333333333333334,8.0,0.0,0.0,0.0,0.0,0.0,0.0,0.0,0.0,0.0,0.0,0.0,0.0,0.0,0.0,0.0,0.0,0.0,0.0,0.0,0.0,0.0,0.0,1.0,0.25,0.0,0.5,0.25,1.0,0.0,1.0,0.25,0.0,0.5,0.25,1.0,1.0,1.0,2.0,1.0,1.0,1.0,0.0,1.0,2.0,0.0,0.0,0.0,0.0,0.0,0.0,0.0
63,108,Mesosphere Q2 Sprint 8 - 5/1,-2,14,1,2,0,0,0,0,1,2,0,0,0,0,1,2,1.0,0.0,0.0,0.0,0.0,5.0,5.0,5.0,5.0,0.0,0.0,0.0,0.0,0.0,0.0,0.0,0.0,0.0,0.0,1.0,1.0,1.0,1.0,0.0,0.0,0.0,2.0,2.0,2.0,2.0,0.0,0.0,0.0,0.0,0.0,0.0,0.0,0.0,0.0,0.0,0.0,0.0,0.0,0.0,0.0,0.0,0.0,0.0,0.0,0.0,0.0,0.0,0.0,0.0,0.0,0.0,0.0,0.0,0.0,0.0,0.0,1.0,1.0,1.0,1.0,0.0,0.0,0.0,0.0,1.0,1.0,0.0,0.0,1.0,0.0,0.0,0.0,0.0,0.0,0.0,0.0,0.0,0.0,0.0
63,115,Mesosphere Q1 Sprint 9 - 5/15,8,14,0,0,0,0,0,0,0,0,0,0,0,0,1,1,1.0,0.0,0.0,1.0,0.0,0.0,0.0,0.0,0.0,0.0,0.0,0.0,0.0,0.0,0.0,0.0,0.0,0.0,0.0,1.0,1.0,1.0,1.0,0.0,0.0,0.0,3.0,3.0,3.0,3.0,0.0,0.0,0.0,0.0,0.0,0.0,0.0,0.0,0.0,0.0,0.0,0.0,0.0,0.0,0.0,0.0,0.0,0.0,0.0,0.0,0.0,0.0,0.0,0.0,0.0,0.0,0.0,0.0,0.0,0.0,0.0,0.0,0.0,0.0,0.0,0.0,0.0,0.0,0.0,0.0,0.0,1.0,0.0,0.0,1.0,0.0,0.0,0.0,0.0,0.0,0.0,0.0,0.0,0.0
63,118,Twitter Q2 Sprint 2,0,14,0,0,0,0,0,0,0,0,0,0,0,0,1,1,2.0,0.0,1.0,1.0,1.0,0.0,0.0,0.0,0.0,0.0,0.0,0.0,0.0,1.0,0.5,0.5,0.7071067811865476,0.5,1.0,0.0,0.0,0.0,0.0,0.0,0.0,0.0,0.0,0.0,0.0,0.0,0.0,0.0,0.0,0.0,0.0,0.0,0.0,0.0,0.0,0.0,0.0,0.0,0.0,0.0,0.0,0.0,0.0,0.0,0.0,0.0,0.0,0.0,0.0,0.0,0.0,0.0,0.0,0.0,0.0,0.0,0.0,0.0,0.0,0.0,0.0,0.0,0.0,0.0,2.0,0.0,0.0,0.0,1.0,0.0,0.0,0.0,0.0,0.0,0.0,0.0,0.0,0.0,0.0,0.0
63,130,Mesosphere Sprint 10,11,10,1,2,0,0,0,0,1,2,0,0,0,0,1,3,3.0,0.0,0.0,3.0,0.0,0.0,4.0,1.3333333333333333,0.0,2.3094010767585034,5.333333333333334,4.0,0.0,1.0,0.3333333333333333,0.0,0.5773502691896258,0.33333333333333337,1.0,0.0,1.0,0.3333333333333333,0.0,0.5773502691896258,0.33333333333333337,1.0,0.0,3.0,1.0,0.0,1.7320508075688772,3.0,3.0,0.0,0.0,0.0,0.0,0.0,0.0,0.0,0.0,0.0,0.0,0.0,0.0,0.0,0.0,0.0,0.0,0.0,0.0,0.0,0.0,0.0,0.0,0.0,0.0,0.0,0.0,0.0,0.0,0.0,0.0,0.0,0.0,0.0,0.0,0.0,1.0,1.0,1.0,1.0,0.0,0.0,1.0,0.0,1.0,0.0,0.0,0.0,0.0,0.0,0.0,0.0
63,132,Twitter Q2 Sprint 3,9,13,0,0,0,0,0,0,0,0,0,0,0,0,1,2,6.0,6.0,0.0,6.0,0.0,0.0,2.0,0.6666666666666666,0.0,1.0327955589886446,1.0666666666666669,2.0,0.0,1.0,0.5,0.5,0.5477225575051661,0.3,1.0,0.0,1.0,0.6666666666666666,1.0,0.5163977794943223,0.2666666666666667,1.0,0.0,0.0,0.0,0.0,0.0,0.0,0.0,0.0,0.0,0.0,0.0,0.0,0.0,0.0,0.0,0.0,0.0,0.0,0.0,0.0,0.0,0.0,0.0,0.0,0.0,0.0,0.0,0.0,0.0,0.0,0.0,0.0,0.0,0.0,0.0,0.0,4.0,0.6666666666666666,0.0,1.632993161855452,2.666666666666667,4.0,1.0,0.0,4.0,1.0,0.0,0.0,0.0,0.0,0.0,0.0,0.0,0.0,0.0,0.0,0.0,0.0
63,134,Mesosphere Sprint 11,0,13,0,0,4,18,0,0,4,18,0,0,0,0,1,4,4.0,0.0,1.0,3.0,0.0,0.0,6.0,2.5,2.0,2.6457513110645907,7.0,6.0,0.0,1.0,0.25,0.0,0.5,0.25,1.0,0.0,1.0,0.5,0.5,0.5773502691896257,0.3333333333333333,1.0,0.0,3.0,1.5,1.5,1.7320508075688772,3.0,3.0,0.0,0.0,0.0,0.0,0.0,0.0,0.0,0.0,0.0,0.0,0.0,0.0,0.0,0.0,0.0,0.0,0.0,0.0,0.0,0.0,0.0,0.0,0.0,0.0,0.0,0.0,0.0,0.0,0.0,3.0,1.0,0.5,1.4142135623730951,2.0,3.0,2.0,1.0,1.0,1.0,0.0,1.0,1.0,0.0,1.0,0.0,0.0,0.0,0.0,0.0,0.0,0.0
63,141,Twitter Mesos Q2 Sprint 5,1,14,1,5,1,3,1,3,1,5,0,0,0,0,1,2,4.0,3.0,0.0,2.0,2.0,0.0,5.0,1.75,1.0,2.362907813126304,5.583333333333333,5.0,0.0,1.0,0.5,0.5,0.5773502691896257,0.3333333333333333,1.0,0.0,1.0,0.25,0.0,0.5,0.25,1.0,0.0,1.0,0.25,0.0,0.5,0.25,1.0,0.0,0.0,0.0,0.0,0.0,0.0,0.0,0.0,0.0,0.0,0.0,0.0,0.0,0.0,0.0,0.0,0.0,0.0,0.0,0.0,0.0,0.0,0.0,0.0,0.0,0.0,0.0,0.0,0.0,1.0,0.25,0.0,0.5,0.25,1.0,1.0,1.0,1.0,2.0,0.0,0.0,0.0,0.0,0.0,0.0,0.0,0.0,0.0,0.0,0.0,0.0
63,142,Mesosphere Sprint 12,1,14,0,0,5,20,5,20,0,0,0,0,0,0,1,4,12.0,2.0,1.0,10.0,0.0,0.0,13.0,3.0,0.5,4.264014327112209,18.181818181818183,13.0,0.0,1.0,0.25,0.0,0.45226701686664544,0.20454545454545456,1.0,0.0,1.0,0.6666666666666666,1.0,0.49236596391733095,0.24242424242424246,1.0,0.0,3.0,1.1666666666666667,1.0,1.1146408580454257,1.2424242424242427,3.0,0.0,0.0,0.0,0.0,0.0,0.0,0.0,0.0,0.0,0.0,0.0,0.0,0.0,0.0,0.0,0.0,0.0,0.0,0.0,0.0,0.0,0.0,0.0,0.0,0.0,0.0,0.0,0.0,0.0,5.0,0.75,0.0,1.6025547785276542,2.5681818181818183,5.0,6.0,5.0,4.0,2.0,1.0,2.0,2.0,0.0,1.0,0.0,0.0,0.0,0.0,0.0,0.0,0.0
63,143,Mesosphere Sprint 13,-15,14,3,24,0,0,1,8,1,13,1,3,0,0,1,10,33.0,11.0,8.0,27.0,2.0,0.0,14.0,1.1818181818181819,0.0,2.973366625713871,8.840909090909092,14.0,0.0,1.0,0.12121212121212122,0.0,0.33143398263980844,0.10984848484848483,1.0,0.0,6.0,0.8787878787878788,1.0,1.0234004518508308,1.0473484848484849,6.0,0.0,5.0,0.8484848484848485,1.0,1.1214168527250505,1.2575757575757576,5.0,0.0,0.0,0.0,0.0,0.0,0.0,0.0,0.0,0.0,0.0,0.0,0.0,0.0,0.0,0.0,0.0,0.0,0.0,0.0,0.0,0.0,0.0,1.0,0.06060606060606061,0.0,0.24230584229877994,0.05871212121212121,1.0,0.0,6.0,0.36363636363636365,0.0,1.1677484162422846,1.363636363636364,6.0,9.0,9.0,14.0,10.0,1.0,3.0,2.0,0.0,2.0,0.0,1.0,0.0,0.0,0.0,0.0,0.0
63,150,Twitter Mesos Q2 Sprint 6,7,14,2,11,1,8,1,8,2,11,0,0,0,0,1,7,14.0,4.0,6.0,12.0,1.0,0.0,8.0,1.0714285714285714,0.0,2.26899793925681,5.14835164835165,8.0,0.0,1.0,0.07142857142857142,0.0,0.2672612419124244,0.07142857142857142,1.0,0.0,1.0,0.5714285714285714,1.0,0.5135525910130955,0.26373626373626374,1.0,0.0,4.0,1.2857142857142858,1.0,1.3827826698682308,1.9120879120879124,4.0,0.0,0.0,0.0,0.0,0.0,0.0,0.0,0.0,0.0,0.0,0.0,0.0,0.0,0.0,0.0,7.0,0.5,0.0,1.8708286933869707,3.5,7.0,0.0,0.0,0.0,0.0,0.0,0.0,0.0,0.0,2.0,0.2857142857142857,0.0,0.6112498455021267,0.37362637362637374,2.0,6.0,3.0,4.0,4.0,0.0,1.0,1.0,0.0,0.0,0.0,0.0,0.0,0.0,0.0,0.0,0.0
63,154,Mesosphere Sprint 14,2,14,0,0,13,63,10,59,3,4,0,0,0,0,1,14,38.0,10.0,12.0,27.0,3.0,0.0,13.0,1.9473684210526316,0.0,3.1014152691002623,9.618776671408252,13.0,0.0,2.0,0.18421052631578946,0.0,0.4565003867790751,0.2083926031294452,2.0,0.0,1.0,0.34210526315789475,0.0,0.48078290821993186,0.2311522048364154,1.0,0.0,8.0,0.8947368421052632,0.0,1.6405251908609078,2.6913229018492175,8.0,0.0,0.0,0.0,0.0,0.0,0.0,0.0,0.0,0.0,0.0,0.0,0.0,0.0,0.0,0.0,3.0,0.3157894736842105,0.0,0.7390740429532641,0.5462304409672832,3.0,0.0,1.0,0.02631578947368421,0.0,0.16222142113076257,0.02631578947368422,1.0,0.0,3.0,0.47368421052631576,0.0,0.8297457150451855,0.6884779516358461,3.0,12.0,10.0,20.0,6.0,2.0,4.0,2.0,0.0,1.0,1.0,4.0,0.0,0.0,0.0,0.0,0.0
63,155,Twitter Mesos Q3 Sprint 1,-11,14,5,20,0,0,0,0,3,9,1,8,1,3,1,3,11.0,1.0,7.0,10.0,0.0,0.0,5.0,0.7272727272727273,0.0,1.4893561757289013,2.218181818181818,5.0,0.0,1.0,0.09090909090909091,0.0,0.30151134457776363,0.0909090909090909,1.0,0.0,1.0,0.5454545454545454,1.0,0.5222329678670935,0.2727272727272727,1.0,0.0,4.0,1.3636363636363635,1.0,1.3618169680781096,1.8545454545454547,4.0,0.0,0.0,0.0,0.0,0.0,0.0,0.0,0.0,0.0,0.0,0.0,0.0,0.0,0.0,0.0,7.0,0.6363636363636364,0.0,2.1105794120443453,4.454545454545455,7.0,0.0,0.0,0.0,0.0,0.0,0.0,0.0,0.0,2.0,0.36363636363636365,0.0,0.674199862463242,0.4545454545454545,2.0,3.0,3.0,6.0,2.0,0.0,0.0,0.0,0.0,0.0,0.0,1.0,0.0,0.0,0.0,0.0,0.0
64,84,Sharan - Jira Test Sprint,-4,7,4,8,1,2,0,0,5,10,0,0,0,0,1,4,6.0,2.0,1.0,4.0,2.0,0.0,142.0,31.166666666666668,11.0,54.872275938461556,3010.9666666666667,142.0,0.0,4.0,2.0,1.5,1.6733200530681511,2.8,4.0,0.0,3.0,1.1666666666666667,1.0,1.1690451944500122,1.3666666666666667,3.0,0.0,3.0,0.8333333333333334,0.5,1.1690451944500122,1.3666666666666667,3.0,0.0,0.0,0.0,0.0,0.0,0.0,0.0,0.0,0.0,0.0,0.0,0.0,0.0,0.0,0.0,3.0,1.0,1.0,1.0954451150103321,1.2,3.0,0.0,2.0,0.3333333333333333,0.0,0.816496580927726,0.6666666666666667,2.0,0.0,2.0,0.8333333333333334,1.0,0.752772652709081,0.5666666666666667,2.0,1.0,2.0,2.0,3.0,0.0,0.0,0.0,0.0,0.0,1.0,0.0,0.0,0.0,0.0,0.0,0.0
64,96,Community Day 1 - 2015,14,4,3,6,2,4,0,0,2,4,3,6,0,0,1,4,32.0,7.0,1.0,29.0,2.0,0.0,19.0,1.9375,0.0,4.087253987861572,16.705645161290324,19.0,0.0,10.0,1.375,1.0,1.699145895499721,2.8870967741935485,10.0,0.0,4.0,1.03125,0.0,1.513048087844214,2.2893145161290325,4.0,0.0,5.0,0.53125,0.0,1.015504800579495,1.03125,5.0,0.0,0.0,0.0,0.0,0.0,0.0,0.0,0.0,0.0,0.0,0.0,0.0,0.0,0.0,0.0,4.0,0.15625,0.0,0.7233156184342819,0.5231854838709677,4.0,0.0,0.0,0.0,0.0,0.0,0.0,0.0,0.0,2.0,0.15625,0.0,0.447889315243931,0.2006048387096774,2.0,12.0,10.0,10.0,10.0,0.0,0.0,0.0,1.0,0.0,0.0,0.0,14.0,0.0,0.0,0.0,0.0
64,145,Community Day 2 - 2015,14,3,16,32,0,0,0,0,16,32,0,0,0,0,1,7,53.0,17.0,0.0,20.0,29.0,0.0,17.0,3.018867924528302,2.0,3.728737495338561,13.903483309143686,17.0,0.0,3.0,0.7924528301886793,1.0,0.7932040809768784,0.6291727140783744,3.0,0.0,4.0,0.5660377358490566,0.0,0.9508990475064224,0.9042089985486215,4.0,0.0,6.0,1.0377358490566038,0.0,2.028283322559929,4.113933236574745,6.0,0.0,0.0,0.0,0.0,0.0,0.0,0.0,0.0,0.0,0.0,0.0,0.0,0.0,0.0,0.0,1.0,0.018867924528301886,0.0,0.137360563948689,0.01886792452830188,1.0,0.0,1.0,0.05660377358490566,0.0,0.23329531793437605,0.0544267053701016,1.0,0.0,2.0,0.3018867924528302,0.0,0.6071657250757996,0.3686502177068215,2.0,18.0,21.0,20.0,15.0,0.0,0.0,0.0,4.0,0.0,0.0,0.0,15.0,0.0,0.0,0.0,0.0
68,77,Sprint 11,-2,7,0,0,5,10,1,2,2,4,2,4,0,0,1,4,7.0,2.0,4.0,7.0,0.0,0.0,11.0,1.7142857142857142,0.0,4.111540089159038,16.90476190476191,11.0,0.0,0.0,0.0,0.0,0.0,0.0,0.0,0.0,1.0,0.42857142857142855,0.0,0.5345224838248487,0.28571428571428564,1.0,0.0,2.0,0.5714285714285714,0.0,0.7867957924694432,0.6190476190476191,2.0,0.0,0.0,0.0,0.0,0.0,0.0,0.0,0.0,0.0,0.0,0.0,0.0,0.0,0.0,0.0,1.0,0.2857142857142857,0.0,0.48795003647426666,0.23809523809523814,1.0,0.0,0.0,0.0,0.0,0.0,0.0,0.0,0.0,0.0,0.0,0.0,0.0,0.0,0.0,1.0,1.0,3.0,3.0,0.0,0.0,0.0,0.0,0.0,0.0,0.0,0.0,0.0,0.0,0.0,0.0
68,110,Sprint 12,4,14,0,0,0,0,0,0,0,0,0,0,0,0,1,4,11.0,3.0,3.0,10.0,1.0,0.0,11.0,1.0,0.0,3.3166247903554,11.0,11.0,0.0,1.0,0.18181818181818182,0.0,0.4045199174779452,0.16363636363636358,1.0,0.0,1.0,0.5454545454545454,1.0,0.5222329678670935,0.2727272727272727,1.0,0.0,6.0,0.6363636363636364,0.0,1.8040358795061295,3.254545454545454,6.0,0.0,0.0,0.0,0.0,0.0,0.0,0.0,0.0,0.0,0.0,0.0,0.0,0.0,0.0,0.0,1.0,0.09090909090909091,0.0,0.3015113445777636,0.09090909090909088,1.0,0.0,0.0,0.0,0.0,0.0,0.0,0.0,0.0,0.0,0.0,0.0,0.0,0.0,0.0,1.0,1.0,6.0,4.0,0.0,0.0,0.0,0.0,0.0,0.0,0.0,4.0,0.0,0.0,0.0,0.0
68,111,Sprint 39,8,13,0,0,0,0,0,0,0,0,0,0,0,0,1,2,14.0,7.0,3.0,12.0,2.0,0.0,11.0,0.7857142857142857,0.0,2.939873661036668,8.642857142857142,11.0,0.0,1.0,0.21428571428571427,0.0,0.42581531362632,0.18131868131868129,1.0,0.0,1.0,0.5714285714285714,1.0,0.5135525910130955,0.26373626373626374,1.0,0.0,6.0,1.0,0.5,1.6172150801252798,2.6153846153846154,6.0,0.0,0.0,0.0,0.0,0.0,0.0,0.0,0.0,0.0,0.0,0.0,0.0,0.0,0.0,0.0,1.0,0.07142857142857142,0.0,0.26726124191242434,0.07142857142857141,1.0,0.0,0.0,0.0,0.0,0.0,0.0,0.0,0.0,0.0,0.0,0.0,0.0,0.0,0.0,2.0,2.0,7.0,5.0,0.0,0.0,0.0,0.0,0.0,0.0,0.0,0.0,0.0,2.0,0.0,0.0
68,119,Sprint 40,14,13,0,0,0,0,0,0,0,0,0,0,0,0,1,3,18.0,5.0,2.0,17.0,1.0,0.0,11.0,0.7222222222222222,0.0,2.607806280146446,6.800653594771243,11.0,0.0,1.0,0.2777777777777778,0.0,0.4608885989624768,0.2124183006535948,1.0,0.0,1.0,0.6111111111111112,1.0,0.5016313257045502,0.2516339869281045,1.0,0.0,6.0,0.5555555555555556,0.0,1.4234267774809048,2.026143790849673,6.0,0.0,0.0,0.0,0.0,0.0,0.0,0.0,0.0,0.0,0.0,0.0,0.0,0.0,0.0,0.0,1.0,0.05555555555555555,0.0,0.23570226039551584,0.05555555555555556,1.0,0.0,0.0,0.0,0.0,0.0,0.0,0.0,0.0,0.0,0.0,0.0,0.0,0.0,0.0,2.0,3.0,5.0,11.0,0.0,0.0,0.0,0.0,0.0,0.0,0.0,7.0,0.0,1.0,0.0,0.0
68,120,Sprint 41,16,13,1,2,0,0,0,0,1,2,0,0,0,0,1,4,20.0,8.0,2.0,19.0,1.0,0.0,4.0,0.4,0.0,1.046296727561194,1.0947368421052635,4.0,0.0,3.0,0.35,0.0,0.7451598203705947,0.5552631578947369,3.0,0.0,2.0,0.6,1.0,0.5982430416161189,0.3578947368421053,2.0,0.0,6.0,0.65,0.0,1.5652475842498528,2.4499999999999997,6.0,0.0,0.0,0.0,0.0,0.0,0.0,0.0,0.0,0.0,0.0,0.0,0.0,0.0,0.0,0.0,1.0,0.1,0.0,0.30779350562554625,0.09473684210526317,1.0,0.0,0.0,0.0,0.0,0.0,0.0,0.0,0.0,1.0,0.05,0.0,0.22360679774997894,0.04999999999999999,1.0,3.0,2.0,3.0,14.0,0.0,0.0,0.0,0.0,0.0,0.0,0.0,7.0,0.0,1.0,0.0,0.0
68,121,Sprint 42,14,13,0,0,0,0,0,0,0,0,0,0,0,0,1,6,35.0,9.0,2.0,33.0,2.0,0.0,4.0,0.2857142857142857,0.0,0.8250286473253902,0.6806722689075629,4.0,0.0,2.0,0.37142857142857144,0.0,0.5469549011258115,0.2991596638655462,2.0,0.0,2.0,0.9428571428571428,1.0,0.4815939919779354,0.2319327731092437,2.0,0.0,6.0,0.4,0.0,1.1167178800079327,1.2470588235294116,6.0,0.0,0.0,0.0,0.0,0.0,0.0,0.0,0.0,0.0,0.0,0.0,0.0,0.0,0.0,0.0,1.0,0.17142857142857143,0.0,0.38238526043109716,0.14621848739495802,1.0,0.0,0.0,0.0,0.0,0.0,0.0,0.0,0.0,2.0,0.08571428571428572,0.0,0.37349136311209086,0.1394957983193277,2.0,7.0,6.0,12.0,16.0,0.0,0.0,0.0,0.0,0.0,0.0,0.0,15.0,0.0,3.0,0.0,0.0
68,135,Sprint 43,-18,10,16,32,0,0,0,0,16,32,0,0,0,0,1,4,41.0,10.0,2.0,39.0,2.0,0.0,4.0,0.3170731707317073,0.0,0.8786075457860553,0.7719512195121951,4.0,0.0,2.0,0.4146341463414634,0.0,0.6314906870294115,0.39878048780487807,2.0,0.0,2.0,0.9024390243902439,1.0,0.5387428908477814,0.2902439024390244,2.0,0.0,2.0,0.2926829268292683,0.0,0.6018264882432639,0.3621951219512195,2.0,0.0,0.0,0.0,0.0,0.0,0.0,0.0,0.0,0.0,0.0,0.0,0.0,0.0,0.0,0.0,3.0,0.5609756097560976,0.0,0.8077369772334582,0.652439024390244,3.0,0.0,0.0,0.0,0.0,0.0,0.0,0.0,0.0,2.0,0.2682926829268293,0.0,0.6717287489717274,0.451219512195122,2.0,8.0,10.0,12.0,21.0,0.0,0.0,0.0,0.0,0.0,0.0,0.0,15.0,0.0,3.0,1.0,0.0
70,1,Usergrid 0,14,14,0,0,0,0,0,0,0,0,0,0,0,0,1,1,17.0,1.0,0.0,17.0,0.0,0.0,0.0,0.0,0.0,0.0,0.0,0.0,0.0,0.0,0.0,0.0,0.0,0.0,0.0,0.0,2.0,1.0588235294117647,1.0,0.4287464628562721,0.18382352941176472,2.0,0.0,5.0,0.4117647058823529,0.0,1.227743027337753,1.5073529411764706,5.0,0.0,0.0,0.0,0.0,0.0,0.0,0.0,0.0,0.0,0.0,0.0,0.0,0.0,0.0,0.0,0.0,0.0,0.0,0.0,0.0,0.0,0.0,0.0,0.0,0.0,0.0,0.0,0.0,0.0,0.0,0.0,0.0,0.0,0.0,0.0,1.0,0.0,5.0,11.0,0.0,0.0,16.0,0.0,0.0,0.0,0.0,0.0,0.0,0.0,0.0,0.0
70,60,Usergrid 1,-14,14,11,28,0,0,0,0,11,28,0,0,0,0,1,6,14.0,2.0,0.0,14.0,0.0,0.0,9.0,1.3571428571428572,0.0,2.619663597227201,6.862637362637359,9.0,0.0,0.0,0.0,0.0,0.0,0.0,0.0,1.0,2.0,1.2142857142857142,1.0,0.42581531362632,0.18131868131868129,1.0,0.0,5.0,0.35714285714285715,0.0,1.3363062095621219,1.7857142857142858,5.0,0.0,0.0,0.0,0.0,0.0,0.0,0.0,0.0,0.0,0.0,0.0,0.0,0.0,0.0,0.0,1.0,0.07142857142857142,0.0,0.26726124191242434,0.07142857142857141,1.0,0.0,0.0,0.0,0.0,0.0,0.0,0.0,0.0,5.0,0.5,0.0,1.3445044840729643,1.8076923076923077,5.0,2.0,0.0,3.0,9.0,0.0,0.0,12.0,0.0,0.0,0.0,0.0,0.0,0.0,0.0,0.0,0.0
70,61,Usergrid 2,-26,14,9,24,2,4,0,0,8,22,1,2,2,4,1,5,18.0,0.0,0.0,18.0,0.0,0.0,2.0,0.6666666666666666,0.0,0.9074852129730302,0.823529411764706,2.0,0.0,0.0,0.0,0.0,0.0,0.0,0.0,1.0,2.0,1.1666666666666667,1.0,0.3834824944236852,0.14705882352941174,1.0,0.0,5.0,0.2777777777777778,0.0,1.1785113019775793,1.388888888888889,5.0,0.0,0.0,0.0,0.0,0.0,0.0,0.0,0.0,0.0,0.0,0.0,0.0,0.0,0.0,0.0,1.0,0.05555555555555555,0.0,0.23570226039551584,0.05555555555555556,1.0,0.0,0.0,0.0,0.0,0.0,0.0,0.0,0.0,5.0,0.5,0.0,1.2485285456935955,1.5588235294117647,5.0,3.0,9.0,3.0,12.0,0.0,0.0,9.0,0.0,0.0,0.0,0.0,0.0,0.0,0.0,0.0,0.0
70,64,Usergrid 3,-36,14,18,42,0,0,0,0,18,42,0,0,0,0,1,5,20.0,0.0,0.0,20.0,0.0,0.0,3.0,0.85,1.0,0.9333020044867296,0.8710526315789474,3.0,0.0,0.0,0.0,0.0,0.0,0.0,0.0,0.0,2.0,1.1,1.0,0.447213595499958,0.20000000000000004,2.0,0.0,5.0,0.3,0.0,1.1285761872936695,1.2736842105263158,5.0,0.0,0.0,0.0,0.0,0.0,0.0,0.0,0.0,0.0,0.0,0.0,0.0,0.0,0.0,0.0,1.0,0.05,0.0,0.22360679774997894,0.04999999999999999,1.0,0.0,0.0,0.0,0.0,0.0,0.0,0.0,0.0,5.0,0.55,0.0,1.2763022245616642,1.6289473684210525,5.0,3.0,9.0,3.0,14.0,0.0,0.0,11.0,0.0,0.0,0.0,0.0,0.0,0.0,0.0,0.0,0.0
70,70,Usergrid 4,-58,14,28,66,0,0,0,0,27,64,1,2,0,0,1,6,29.0,2.0,0.0,28.0,1.0,0.0,8.0,1.2413793103448276,1.0,1.7040953279378206,2.903940886699508,8.0,0.0,1.0,0.06896551724137931,0.0,0.25788071477756375,0.06650246305418718,1.0,0.0,2.0,1.1379310344827587,1.0,0.6394270834691721,0.4088669950738916,2.0,0.0,8.0,0.6551724137931034,0.0,1.7170544144170168,2.9482758620689644,8.0,0.0,0.0,0.0,0.0,0.0,0.0,0.0,0.0,0.0,0.0,0.0,0.0,0.0,0.0,0.0,3.0,0.27586206896551724,0.0,0.6489855668732951,0.42118226600985226,3.0,0.0,1.0,0.034482758620689655,0.0,0.18569533817705192,0.034482758620689676,1.0,0.0,5.0,0.5172413793103449,0.0,1.089583460881543,1.1871921182266008,5.0,5.0,8.0,8.0,16.0,2.0,0.0,16.0,0.0,0.0,0.0,0.0,0.0,1.0,0.0,0.0,0.0
70,71,Usergrid 5,-50,14,24,58,0,0,0,0,24,58,0,0,0,0,1,6,27.0,2.0,0.0,27.0,0.0,0.0,5.0,1.0,1.0,1.270977818604485,1.6153846153846154,5.0,0.0,1.0,0.037037037037037035,0.0,0.19245008972987526,0.037037037037037035,1.0,0.0,2.0,1.1481481481481481,1.0,0.4560451819471487,0.20797720797720798,2.0,0.0,8.0,0.7407407407407407,0.0,1.7670617200616179,3.1225071225071233,8.0,0.0,0.0,0.0,0.0,0.0,0.0,0.0,0.0,0.0,0.0,0.0,0.0,0.0,0.0,0.0,3.0,0.18518518518518517,0.0,0.6224663745652351,0.38746438746438755,3.0,0.0,0.0,0.0,0.0,0.0,0.0,0.0,0.0,5.0,0.4074074074074074,0.0,1.0473137528296366,1.096866096866097,5.0,6.0,8.0,4.0,17.0,2.0,0.0,12.0,0.0,0.0,0.0,0.0,0.0,3.0,0.0,0.0,0.0
70,78,Usergrid 6,-58,8,25,61,1,3,0,0,25,61,1,3,0,0,1,6,29.0,0.0,0.0,26.0,3.0,0.0,5.0,0.6896551724137931,0.0,1.1983157309878751,1.4359605911330053,5.0,0.0,0.0,0.0,0.0,0.0,0.0,0.0,0.0,2.0,0.9655172413793104,1.0,0.5658595623783125,0.32019704433497526,2.0,0.0,8.0,0.5862068965517241,0.0,1.5240275911289034,2.3226600985221677,8.0,0.0,0.0,0.0,0.0,0.0,0.0,0.0,0.0,0.0,0.0,0.0,0.0,0.0,0.0,0.0,1.0,0.10344827586206896,0.0,0.30993404669460345,0.09605911330049262,1.0,0.0,0.0,0.0,0.0,0.0,0.0,0.0,0.0,3.0,0.5517241379310345,0.0,0.869573249052649,0.7561576354679803,3.0,5.0,8.0,3.0,21.0,3.0,0.0,17.0,0.0,0.0,0.0,0.0,0.0,1.0,0.0,0.0,0.0
70,79,Usergrid 7,-81,14,28,75,2,8,0,0,25,67,0,0,5,16,1,6,31.0,0.0,0.0,28.0,3.0,0.0,5.0,0.7419354838709677,0.0,1.2640607035920357,1.597849462365592,5.0,0.0,0.0,0.0,0.0,0.0,0.0,0.0,0.0,2.0,1.0,1.0,0.5773502691896257,0.3333333333333333,2.0,0.0,8.0,0.5806451612903226,0.0,1.4781563640424311,2.1849462365591403,8.0,0.0,0.0,0.0,0.0,0.0,0.0,0.0,0.0,0.0,0.0,0.0,0.0,0.0,0.0,0.0,1.0,0.16129032258064516,0.0,0.373878250552983,0.13978494623655913,1.0,0.0,0.0,0.0,0.0,0.0,0.0,0.0,0.0,4.0,0.7741935483870968,0.0,1.1168311546321534,1.247311827956989,4.0,5.0,6.0,6.0,20.0,3.0,0.0,21.0,0.0,0.0,0.0,0.0,0.0,1.0,0.0,0.0,0.0
70,82,Usergrid 8,-1,14,30,83,4,14,4,14,29,82,1,1,0,0,1,6,47.0,0.0,0.0,38.0,7.0,0.0,3.0,0.44680851063829785,0.0,0.8024015756599974,0.6438482886216466,3.0,0.0,0.0,0.0,0.0,0.0,0.0,0.0,0.0,2.0,0.8723404255319149,1.0,0.6120891266657363,0.3746530989824238,2.0,0.0,8.0,0.9361702127659575,0.0,1.593522967722351,2.539315448658649,8.0,0.0,0.0,0.0,0.0,0.0,0.0,0.0,0.0,0.0,0.0,0.0,0.0,0.0,0.0,0.0,1.0,0.1276595744680851,0.0,0.33731814917823844,0.11378353376503232,1.0,0.0,1.0,0.02127659574468085,0.0,0.14586499149789456,0.021276595744680854,1.0,0.0,5.0,0.8723404255319149,0.0,1.2617624195268493,1.592044403330249,5.0,4.0,6.0,11.0,32.0,3.0,2.0,37.0,0.0,0.0,0.0,0.0,0.0,1.0,0.0,0.0,0.0
70,83,Usergrid 9,-12,6,13,36,2,6,1,3,14,39,0,0,0,0,1,6,24.0,0.0,0.0,18.0,3.0,0.0,5.0,0.5,0.0,1.2158375177486576,1.4782608695652173,5.0,0.0,0.0,0.0,0.0,0.0,0.0,0.0,0.0,1.0,0.8333333333333334,1.0,0.38069349381344053,0.14492753623188406,1.0,0.0,8.0,1.0,0.0,1.8881783261398664,3.5652173913043477,8.0,0.0,0.0,0.0,0.0,0.0,0.0,0.0,0.0,0.0,0.0,0.0,0.0,0.0,0.0,0.0,0.0,0.0,0.0,0.0,0.0,0.0,0.0,1.0,0.041666666666666664,0.0,0.2041241452319315,0.04166666666666667,1.0,0.0,5.0,1.0833333333333333,0.0,1.6129008882638507,2.601449275362319,5.0,3.0,6.0,10.0,11.0,3.0,1.0,14.0,0.0,0.0,0.0,2.0,0.0,1.0,0.0,0.0,0.0
70,97,Usergrid 10,1,7,5,18,2,6,0,0,4,15,1,3,2,6,1,4,24.0,0.0,0.0,18.0,2.0,0.0,5.0,0.5416666666666666,0.0,1.2150922908825974,1.4764492753623186,5.0,0.0,0.0,0.0,0.0,0.0,0.0,0.0,0.0,1.0,0.75,1.0,0.4423258684646914,0.1956521739130435,1.0,0.0,8.0,0.75,0.0,1.7997584378973221,3.239130434782609,8.0,0.0,0.0,0.0,0.0,0.0,0.0,0.0,0.0,0.0,0.0,0.0,0.0,0.0,0.0,0.0,1.0,0.041666666666666664,0.0,0.2041241452319315,0.04166666666666667,1.0,0.0,0.0,0.0,0.0,0.0,0.0,0.0,0.0,11.0,0.9583333333333334,0.0,2.3494526035295715,5.519927536231883,11.0,7.0,5.0,8.0,9.0,4.0,2.0,14.0,0.0,0.0,0.0,2.0,0.0,1.0,0.0,0.0,0.0
70,98,Usergrid 11,11,14,9,27,1,5,3,7,7,25,0,0,0,0,1,6,27.0,0.0,0.0,20.0,4.0,0.0,3.0,0.18518518518518517,0.0,0.6224663745652351,0.38746438746438755,3.0,0.0,0.0,0.0,0.0,0.0,0.0,0.0,0.0,1.0,0.4444444444444444,0.0,0.5063696835418333,0.25641025641025644,1.0,0.0,5.0,0.7037037037037037,0.0,1.3816048309237736,1.9088319088319088,5.0,0.0,0.0,0.0,0.0,0.0,0.0,0.0,0.0,0.0,0.0,0.0,0.0,0.0,0.0,0.0,1.0,0.037037037037037035,0.0,0.19245008972987526,0.03703703703703704,1.0,0.0,0.0,0.0,0.0,0.0,0.0,0.0,0.0,11.0,0.7777777777777778,0.0,2.189719569915699,4.794871794871794,11.0,6.0,10.0,9.0,12.0,0.0,2.0,17.0,0.0,0.0,0.0,1.0,0.0,0.0,0.0,0.0,0.0
70,103,Usergrid 12,-29,14,15,44,0,0,0,0,14,39,1,5,0,0,1,5,18.0,0.0,0.0,15.0,1.0,0.0,3.0,0.5555555555555556,0.0,0.9835244081556433,0.9673202614379086,3.0,0.0,1.0,0.05555555555555555,0.0,0.23570226039551584,0.05555555555555555,1.0,0.0,1.0,0.2222222222222222,0.0,0.42779263194649864,0.18300653594771243,1.0,0.0,5.0,0.8333333333333334,0.0,1.4245742398014511,2.0294117647058822,5.0,0.0,0.0,0.0,0.0,0.0,0.0,0.0,0.0,0.0,0.0,0.0,0.0,0.0,0.0,0.0,0.0,0.0,0.0,0.0,0.0,0.0,0.0,1.0,0.05555555555555555,0.0,0.23570226039551584,0.05555555555555556,1.0,0.0,2.0,0.2777777777777778,0.0,0.5745131499601417,0.33006535947712423,2.0,5.0,13.0,5.0,8.0,0.0,1.0,5.0,0.0,0.0,0.0,1.0,0.0,0.0,0.0,0.0,0.0
70,107,Usergrid 13,-3,14,15,33,0,0,0,0,10,20,1,5,4,8,1,6,27.0,0.0,0.0,23.0,2.0,0.0,5.0,0.8518518518518519,0.0,1.3503191561115553,1.823361823361823,5.0,0.0,1.0,0.1111111111111111,0.0,0.32025630761017426,0.10256410256410257,1.0,0.0,1.0,0.5185185185185185,1.0,0.5091750772173156,0.2592592592592593,1.0,0.0,5.0,0.5925925925925926,0.0,1.152230587875243,1.3276353276353279,5.0,0.0,0.0,0.0,0.0,0.0,0.0,0.0,0.0,0.0,0.0,0.0,0.0,0.0,0.0,0.0,1.0,0.037037037037037035,0.0,0.19245008972987523,0.03703703703703703,1.0,0.0,0.0,0.0,0.0,0.0,0.0,0.0,0.0,9.0,0.6666666666666666,0.0,1.8397324220155997,3.3846153846153846,9.0,4.0,12.0,11.0,12.0,0.0,2.0,15.0,0.0,0.0,0.0,0.0,0.0,0.0,0.0,0.0,0.0
70,109,Usergrid 14,-29,14,22,53,0,0,0,0,21,48,1,5,0,0,1,5,26.0,0.0,0.0,17.0,5.0,0.0,7.0,0.7307692307692307,0.0,1.5889038311412633,2.5246153846153843,7.0,0.0,1.0,0.07692307692307693,0.0,0.271746488194703,0.07384615384615385,1.0,0.0,1.0,0.46153846153846156,0.0,0.508391127441794,0.25846153846153846,1.0,0.0,3.0,0.3076923076923077,0.0,0.7358929688062399,0.5415384615384616,3.0,0.0,0.0,0.0,0.0,0.0,0.0,0.0,0.0,0.0,0.0,0.0,0.0,0.0,0.0,0.0,0.0,0.0,0.0,0.0,0.0,0.0,0.0,0.0,0.0,0.0,0.0,0.0,0.0,0.0,10.0,0.8076923076923077,0.0,2.0788310324647505,4.321538461538461,10.0,7.0,8.0,6.0,13.0,0.0,4.0,18.0,0.0,0.0,0.0,0.0,0.0,0.0,0.0,0.0,0.0
70,114,Usergrid 15,-4,7,14,29,1,3,0,0,9,22,0,0,6,10,1,5,32.0,0.0,0.0,25.0,2.0,0.0,11.0,0.75,0.0,2.079081683138325,4.32258064516129,11.0,0.0,0.0,0.0,0.0,0.0,0.0,0.0,0.0,2.0,0.59375,1.0,0.5599179087296003,0.31350806451612906,2.0,0.0,12.0,0.71875,0.0,2.173660136060091,4.724798387096774,12.0,0.0,0.0,0.0,0.0,0.0,0.0,0.0,0.0,0.0,0.0,0.0,0.0,0.0,0.0,0.0,0.0,0.0,0.0,0.0,0.0,0.0,0.0,0.0,0.0,0.0,0.0,0.0,0.0,0.0,11.0,0.625,0.0,2.012060410816284,4.048387096774194,11.0,6.0,11.0,4.0,22.0,1.0,4.0,20.0,0.0,0.0,0.0,1.0,0.0,0.0,0.0,0.0,0.0
70,123,Usergrid 16,-13,14,13,23,0,0,0,0,13,23,0,0,0,0,1,5,17.0,0.0,0.0,15.0,0.0,0.0,4.0,0.5294117647058824,0.0,1.2307338795828047,1.5147058823529413,4.0,0.0,1.0,0.058823529411764705,0.0,0.242535625036333,0.05882352941176471,1.0,0.0,1.0,0.5882352941176471,1.0,0.5072996561958923,0.25735294117647056,1.0,0.0,12.0,1.1176470588235294,0.0,2.869720215917757,8.235294117647058,12.0,0.0,0.0,0.0,0.0,0.0,0.0,0.0,0.0,0.0,0.0,0.0,0.0,0.0,0.0,0.0,0.0,0.0,0.0,0.0,0.0,0.0,0.0,0.0,0.0,0.0,0.0,0.0,0.0,0.0,4.0,0.4117647058823529,0.0,1.0036697371030328,1.0073529411764708,4.0,3.0,3.0,2.0,12.0,1.0,2.0,13.0,0.0,0.0,0.0,0.0,0.0,0.0,0.0,0.0,0.0
70,124,Usergrid 17,-17,7,23,46,1,3,0,0,10,21,2,4,12,24,1,3,33.0,0.0,0.0,29.0,2.0,0.0,5.0,0.6060606060606061,0.0,1.1709876691119,1.371212121212121,5.0,0.0,0.0,0.0,0.0,0.0,0.0,0.0,0.0,1.0,0.5757575757575758,1.0,0.5018903659106632,0.2518939393939394,1.0,0.0,12.0,0.696969696969697,0.0,2.0839393058107594,4.342803030303029,12.0,0.0,0.0,0.0,0.0,0.0,0.0,0.0,0.0,0.0,0.0,0.0,0.0,0.0,0.0,0.0,0.0,0.0,0.0,0.0,0.0,0.0,0.0,0.0,0.0,0.0,0.0,0.0,0.0,0.0,4.0,0.18181818181818182,0.0,0.7269175268963398,0.5284090909090909,4.0,3.0,21.0,8.0,22.0,1.0,2.0,11.0,0.0,0.0,0.0,0.0,0.0,0.0,0.0,0.0,0.0
70,125,Usergrid 18,-23,14,18,36,0,0,0,0,18,36,0,0,0,0,1,5,22.0,0.0,0.0,19.0,2.0,0.0,10.0,0.7727272727272727,0.0,2.245245096003004,5.041125541125539,10.0,0.0,0.0,0.0,0.0,0.0,0.0,0.0,0.0,1.0,0.8181818181818182,1.0,0.39477101697586137,0.15584415584415584,1.0,0.0,12.0,1.0454545454545454,0.0,2.553751166743742,6.521645021645025,12.0,0.0,0.0,0.0,0.0,0.0,0.0,0.0,0.0,0.0,0.0,0.0,0.0,0.0,0.0,0.0,0.0,0.0,0.0,0.0,0.0,0.0,0.0,0.0,0.0,0.0,0.0,0.0,0.0,0.0,4.0,0.22727272727272727,0.0,0.8691439785278707,0.7554112554112558,4.0,3.0,10.0,6.0,13.0,1.0,1.0,11.0,0.0,0.0,0.0,0.0,0.0,0.0,0.0,0.0,0.0
70,126,Usergrid 19,-36,14,22,48,0,0,0,0,21,45,0,0,1,3,1,4,29.0,0.0,0.0,27.0,2.0,0.0,2.0,0.4482758620689655,0.0,0.5723514714723389,0.3275862068965516,2.0,0.0,0.0,0.0,0.0,0.0,0.0,0.0,0.0,2.0,0.8620689655172413,1.0,0.4411136823860458,0.1945812807881773,2.0,0.0,12.0,0.896551724137931,0.0,2.2094735569847357,4.88177339901478,12.0,0.0,0.0,0.0,0.0,0.0,0.0,0.0,0.0,0.0,0.0,0.0,0.0,0.0,0.0,0.0,0.0,0.0,0.0,0.0,0.0,0.0,0.0,0.0,0.0,0.0,0.0,0.0,0.0,0.0,4.0,0.41379310344827586,0.0,1.0527936095153945,1.108374384236453,4.0,4.0,15.0,3.0,22.0,1.0,0.0,13.0,0.0,0.0,0.0,0.0,0.0,0.0,0.0,0.0,0.0
70,129,Usergrid 20,8,6,23,43,1,5,1,5,8,19,1,2,14,22,1,6,40.0,0.0,0.0,38.0,2.0,0.0,4.0,0.6,0.0,1.0813097471264972,1.169230769230769,4.0,0.0,0.0,0.0,0.0,0.0,0.0,0.0,0.0,2.0,0.875,1.0,0.40430377003131995,0.16346153846153846,2.0,0.0,12.0,0.65,0.0,1.9155236279489662,3.66923076923077,12.0,0.0,0.0,0.0,0.0,0.0,0.0,0.0,0.0,0.0,0.0,0.0,0.0,0.0,0.0,0.0,2.0,0.05,0.0,0.31622776601683794,0.09999999999999999,2.0,0.0,0.0,0.0,0.0,0.0,0.0,0.0,0.0,4.0,0.325,0.0,0.9971112120675251,0.994230769230769,4.0,4.0,26.0,9.0,27.0,1.0,0.0,13.0,0.0,0.0,0.0,0.0,0.0,0.0,0.0,0.0,0.0
70,133,Usergrid 21,-5,14,13,35,0,0,0,0,6,19,4,13,3,3,1,5,34.0,0.0,0.0,30.0,3.0,0.0,5.0,0.23529411764705882,0.0,0.8896313001841717,0.7914438502673798,5.0,0.0,0.0,0.0,0.0,0.0,0.0,0.0,0.0,1.0,0.8235294117647058,1.0,0.3869529949759475,0.14973262032085566,1.0,0.0,1.0,0.11764705882352941,0.0,0.3270349700838643,0.10695187165775401,1.0,0.0,0.0,0.0,0.0,0.0,0.0,0.0,0.0,0.0,0.0,0.0,0.0,0.0,0.0,0.0,0.0,0.0,0.0,0.0,0.0,0.0,0.0,0.0,0.0,0.0,0.0,0.0,0.0,0.0,3.0,0.29411764705882354,0.0,0.6755205294731985,0.45632798573975053,3.0,6.0,12.0,5.0,23.0,1.0,1.0,21.0,0.0,0.0,0.0,0.0,0.0,0.0,0.0,0.0,0.0
70,138,Usergrid 22,-40,7,24,69,4,8,0,0,23,66,3,8,2,3,1,7,35.0,0.0,0.0,30.0,3.0,0.0,6.0,0.42857142857142855,0.0,1.3347331587407338,1.781512605042017,6.0,0.0,0.0,0.0,0.0,0.0,0.0,0.0,0.0,2.0,0.8285714285714286,1.0,0.45281565433046006,0.2050420168067227,2.0,0.0,1.0,0.17142857142857143,0.0,0.38238526043109716,0.14621848739495802,1.0,0.0,0.0,0.0,0.0,0.0,0.0,0.0,0.0,0.0,0.0,0.0,0.0,0.0,0.0,0.0,0.0,0.0,0.0,0.0,0.0,0.0,0.0,1.0,0.02857142857142857,0.0,0.16903085094570333,0.028571428571428574,1.0,0.0,9.0,0.6285714285714286,0.0,1.6464884966946776,2.7109243697478993,9.0,6.0,14.0,11.0,18.0,1.0,2.0,20.0,0.0,0.0,0.0,0.0,0.0,0.0,0.0,0.0,0.0
70,140,Usergrid 23,1,14,14,33,0,0,0,0,9,22,2,3,3,8,1,6,23.0,0.0,0.0,22.0,1.0,0.0,7.0,0.5217391304347826,0.0,1.5629100252527568,2.442687747035573,7.0,0.0,1.0,0.043478260869565216,0.0,0.20851441405707477,0.04347826086956522,1.0,0.0,1.0,0.6521739130434783,1.0,0.48698475355767407,0.23715415019762853,1.0,0.0,1.0,0.08695652173913043,0.0,0.28810406552003043,0.08300395256916998,1.0,0.0,0.0,0.0,0.0,0.0,0.0,0.0,0.0,0.0,0.0,0.0,0.0,0.0,0.0,0.0,0.0,0.0,0.0,0.0,0.0,0.0,0.0,0.0,0.0,0.0,0.0,0.0,0.0,0.0,1.0,0.21739130434782608,0.0,0.4217411678366499,0.1778656126482213,1.0,6.0,9.0,7.0,10.0,1.0,0.0,13.0,0.0,0.0,0.0,0.0,0.0,0.0,0.0,0.0,0.0
70,146,Usergrid 24,-20,14,14,38,1,1,0,0,13,35,1,1,1,3,1,4,17.0,0.0,0.0,15.0,0.0,0.0,1.0,0.058823529411764705,0.0,0.242535625036333,0.05882352941176471,1.0,0.0,0.0,0.0,0.0,0.0,0.0,0.0,0.0,1.0,0.6470588235294118,1.0,0.492592183071889,0.2426470588235294,1.0,0.0,2.0,0.23529411764705882,0.0,0.5622957145383871,0.3161764705882353,2.0,0.0,0.0,0.0,0.0,0.0,0.0,0.0,0.0,0.0,0.0,0.0,0.0,0.0,0.0,0.0,0.0,0.0,0.0,0.0,0.0,0.0,0.0,0.0,0.0,0.0,0.0,0.0,0.0,0.0,3.0,0.5882352941176471,0.0,0.8702602720890289,0.7573529411764706,3.0,1.0,4.0,3.0,13.0,1.0,0.0,12.0,0.0,0.0,0.0,2.0,0.0,0.0,0.0,0.0,0.0
70,152,Usergrid 25,-33,7,20,57,0,0,0,0,15,45,2,8,3,4,1,8,24.0,0.0,0.0,20.0,1.0,0.0,2.0,0.2916666666666667,0.0,0.6240935455708451,0.3894927536231884,2.0,0.0,1.0,0.08333333333333333,0.0,0.28232985128663995,0.07971014492753623,1.0,0.0,2.0,0.7916666666666666,1.0,0.5882299658752717,0.3460144927536232,2.0,0.0,1.0,0.08333333333333333,0.0,0.28232985128663995,0.07971014492753623,1.0,0.0,0.0,0.0,0.0,0.0,0.0,0.0,0.0,0.0,0.0,0.0,0.0,0.0,0.0,0.0,3.0,0.875,1.0,0.9469631093315001,0.8967391304347826,3.0,0.0,1.0,0.041666666666666664,0.0,0.20412414523193154,0.04166666666666668,1.0,0.0,10.0,1.6666666666666667,1.0,2.5309676215726813,6.405797101449275,10.0,5.0,3.0,8.0,11.0,1.0,2.0,20.0,0.0,0.0,0.0,1.0,0.0,0.0,0.0,0.0,0.0
73,84,Sharan - Jira Test Sprint,-4,7,4,8,1,2,0,0,5,10,0,0,0,0,1,4,6.0,2.0,1.0,4.0,2.0,0.0,142.0,31.166666666666668,11.0,54.872275938461556,3010.9666666666667,142.0,0.0,4.0,2.0,1.5,1.6733200530681511,2.8,4.0,0.0,3.0,1.1666666666666667,1.0,1.1690451944500122,1.3666666666666667,3.0,0.0,3.0,0.8333333333333334,0.5,1.1690451944500122,1.3666666666666667,3.0,0.0,0.0,0.0,0.0,0.0,0.0,0.0,0.0,0.0,0.0,0.0,0.0,0.0,0.0,0.0,3.0,1.0,1.0,1.0954451150103321,1.2,3.0,0.0,2.0,0.3333333333333333,0.0,0.816496580927726,0.6666666666666667,2.0,0.0,2.0,0.8333333333333334,1.0,0.752772652709081,0.5666666666666667,2.0,1.0,2.0,2.0,3.0,0.0,0.0,0.0,0.0,0.0,1.0,0.0,0.0,0.0,0.0,0.0,0.0
73,96,Community Day 1 - 2015,14,4,3,6,2,4,0,0,2,4,3,6,0,0,1,4,32.0,7.0,1.0,29.0,2.0,0.0,19.0,1.9375,0.0,4.087253987861572,16.705645161290324,19.0,0.0,10.0,1.375,1.0,1.699145895499721,2.8870967741935485,10.0,0.0,4.0,1.03125,0.0,1.513048087844214,2.2893145161290325,4.0,0.0,5.0,0.53125,0.0,1.015504800579495,1.03125,5.0,0.0,0.0,0.0,0.0,0.0,0.0,0.0,0.0,0.0,0.0,0.0,0.0,0.0,0.0,0.0,4.0,0.15625,0.0,0.7233156184342819,0.5231854838709677,4.0,0.0,0.0,0.0,0.0,0.0,0.0,0.0,0.0,2.0,0.15625,0.0,0.447889315243931,0.2006048387096774,2.0,12.0,10.0,10.0,10.0,0.0,0.0,0.0,1.0,0.0,0.0,0.0,14.0,0.0,0.0,0.0,0.0
73,145,Community Day 2 - 2015,14,3,16,32,0,0,0,0,16,32,0,0,0,0,1,7,53.0,17.0,0.0,20.0,29.0,0.0,17.0,3.018867924528302,2.0,3.728737495338561,13.903483309143686,17.0,0.0,3.0,0.7924528301886793,1.0,0.7932040809768784,0.6291727140783744,3.0,0.0,4.0,0.5660377358490566,0.0,0.9508990475064224,0.9042089985486215,4.0,0.0,6.0,1.0377358490566038,0.0,2.028283322559929,4.113933236574745,6.0,0.0,0.0,0.0,0.0,0.0,0.0,0.0,0.0,0.0,0.0,0.0,0.0,0.0,0.0,0.0,1.0,0.018867924528301886,0.0,0.137360563948689,0.01886792452830188,1.0,0.0,1.0,0.05660377358490566,0.0,0.23329531793437605,0.0544267053701016,1.0,0.0,2.0,0.3018867924528302,0.0,0.6071657250757996,0.3686502177068215,2.0,18.0,21.0,20.0,15.0,0.0,0.0,0.0,4.0,0.0,0.0,0.0,15.0,0.0,0.0,0.0,0.0
74,84,Sharan - Jira Test Sprint,-4,7,4,8,1,2,0,0,5,10,0,0,0,0,1,4,6.0,2.0,1.0,4.0,2.0,0.0,142.0,31.166666666666668,11.0,54.872275938461556,3010.9666666666667,142.0,0.0,4.0,2.0,1.5,1.6733200530681511,2.8,4.0,0.0,3.0,1.1666666666666667,1.0,1.1690451944500122,1.3666666666666667,3.0,0.0,3.0,0.8333333333333334,0.5,1.1690451944500122,1.3666666666666667,3.0,0.0,0.0,0.0,0.0,0.0,0.0,0.0,0.0,0.0,0.0,0.0,0.0,0.0,0.0,0.0,3.0,1.0,1.0,1.0954451150103321,1.2,3.0,0.0,2.0,0.3333333333333333,0.0,0.816496580927726,0.6666666666666667,2.0,0.0,2.0,0.8333333333333334,1.0,0.752772652709081,0.5666666666666667,2.0,1.0,2.0,2.0,3.0,0.0,0.0,0.0,0.0,0.0,1.0,0.0,0.0,0.0,0.0,0.0,0.0
74,96,Community Day 1 - 2015,14,4,3,6,2,4,0,0,2,4,3,6,0,0,1,4,32.0,7.0,1.0,29.0,2.0,0.0,19.0,1.9375,0.0,4.087253987861572,16.705645161290324,19.0,0.0,10.0,1.375,1.0,1.699145895499721,2.8870967741935485,10.0,0.0,4.0,1.03125,0.0,1.513048087844214,2.2893145161290325,4.0,0.0,5.0,0.53125,0.0,1.015504800579495,1.03125,5.0,0.0,0.0,0.0,0.0,0.0,0.0,0.0,0.0,0.0,0.0,0.0,0.0,0.0,0.0,0.0,4.0,0.15625,0.0,0.7233156184342819,0.5231854838709677,4.0,0.0,0.0,0.0,0.0,0.0,0.0,0.0,0.0,2.0,0.15625,0.0,0.447889315243931,0.2006048387096774,2.0,12.0,10.0,10.0,10.0,0.0,0.0,0.0,1.0,0.0,0.0,0.0,14.0,0.0,0.0,0.0,0.0
74,145,Community Day 2 - 2015,14,3,16,32,0,0,0,0,16,32,0,0,0,0,1,7,53.0,17.0,0.0,20.0,29.0,0.0,17.0,3.018867924528302,2.0,3.728737495338561,13.903483309143686,17.0,0.0,3.0,0.7924528301886793,1.0,0.7932040809768784,0.6291727140783744,3.0,0.0,4.0,0.5660377358490566,0.0,0.9508990475064224,0.9042089985486215,4.0,0.0,6.0,1.0377358490566038,0.0,2.028283322559929,4.113933236574745,6.0,0.0,0.0,0.0,0.0,0.0,0.0,0.0,0.0,0.0,0.0,0.0,0.0,0.0,0.0,0.0,1.0,0.018867924528301886,0.0,0.137360563948689,0.01886792452830188,1.0,0.0,1.0,0.05660377358490566,0.0,0.23329531793437605,0.0544267053701016,1.0,0.0,2.0,0.3018867924528302,0.0,0.6071657250757996,0.3686502177068215,2.0,18.0,21.0,20.0,15.0,0.0,0.0,0.0,4.0,0.0,0.0,0.0,15.0,0.0,0.0,0.0,0.0
