valid_issues,no_issues,no_issue_starttime,no_issue_added,no_issue_removed,boardid,sprintid,name,vel_diff,planday,no_issue_starttime,vel_starttime,no_issue_added,vel_added,no_issue_removed,vel_removed,no_issuetodo,vel_todo,no_issueinprogress,vel_inprogress,no_issuedone,vel_done,no_admin,no_teammember,no_issues,type_freq_Improvement,type_freq_Task,priority_freq_Major,priority_freq_Minor,no_comment_min,no_comment_max,no_comment_mean,no_comment_median,no_comment_std,no_comment_var,no_comment_range,no_affectversion_min,no_affectversion_max,no_affectversion_mean,no_affectversion_median,no_affectversion_std,no_affectversion_var,no_affectversion_range,no_fixversion_min,no_fixversion_max,no_fixversion_mean,no_fixversion_median,no_fixversion_std,no_fixversion_var,no_fixversion_range,no_issuelink_min,no_issuelink_max,no_issuelink_mean,no_issuelink_median,no_issuelink_std,no_issuelink_var,no_issuelink_range,no_blocking_min,no_blocking_max,no_blocking_mean,no_blocking_median,no_blocking_std,no_blocking_var,no_blocking_range,no_blockedby_min,no_blockedby_max,no_blockedby_mean,no_blockedby_median,no_blockedby_std,no_blockedby_var,no_blockedby_range,no_fixversion_change_min,no_fixversion_change_max,no_fixversion_change_mean,no_fixversion_change_median,no_fixversion_change_std,no_fixversion_change_var,no_fixversion_change_range,no_priority_change_min,no_priority_change_max,no_priority_change_mean,no_priority_change_median,no_priority_change_std,no_priority_change_var,no_priority_change_range,no_des_change_min,no_des_change_max,no_des_change_mean,no_des_change_median,no_des_change_std,no_des_change_var,no_des_change_range,gunning_fog_freq_easy,type_freq_Bug,gunning_fog_freq_hard,type_freq_Epic,priority_freq_Critical,type_freq_Story,priority_freq_Trivial,type_freq_Documentation,type_freq_Wish,priority_freq_Blocker,type_freq_Sub-task,type_freq_Technical task,type_freq_New Feature,type_freq_Test,type_freq_Umbrella
False,3.0,0,2,2,1,8,Q2'14 Sprint 1,0,9,0,0,2,2,2,2,0,0,0,0,0,0,3,1,3.0,2.0,1.0,2.0,1.0,1.0,1.0,1.0,1.0,0.0,0.0,0.0,0.0,0.0,0.0,0.0,0.0,0.0,0.0,0.0,0.0,0.0,0.0,0.0,0.0,0.0,0.0,2.0,0.6666666666666666,0.0,1.1547005383792517,1.3333333333333337,2.0,0.0,0.0,0.0,0.0,0.0,0.0,0.0,0.0,0.0,0.0,0.0,0.0,0.0,0.0,1.0,1.0,1.0,1.0,0.0,0.0,0.0,0.0,0.0,0.0,0.0,0.0,0.0,0.0,0.0,0.0,0.0,0.0,0.0,0.0,0.0,3.0,0.0,0.0,0.0,0.0,0.0,0.0,0.0,0.0,0.0,0.0,0.0,0.0,0.0,0.0
False,2.0,0,0,0,1,12,Q2'14 Sprint 2,3,13,0,0,0,0,0,0,0,0,0,0,0,0,3,1,2.0,0.0,0.0,1.0,1.0,0.0,0.0,0.0,0.0,0.0,0.0,0.0,0.0,1.0,0.5,0.5,0.7071067811865476,0.5,1.0,0.0,0.0,0.0,0.0,0.0,0.0,0.0,1.0,1.0,1.0,1.0,0.0,0.0,0.0,0.0,0.0,0.0,0.0,0.0,0.0,0.0,0.0,0.0,0.0,0.0,0.0,0.0,0.0,0.0,1.0,0.5,0.5,0.7071067811865476,0.5,1.0,0.0,0.0,0.0,0.0,0.0,0.0,0.0,0.0,0.0,0.0,0.0,0.0,0.0,0.0,0.0,2.0,2.0,0.0,0.0,0.0,0.0,0.0,0.0,0.0,0.0,0.0,0.0,0.0,0.0
False,1.0,0,0,0,1,13,Q2 Sprint 3,0,12,0,0,0,0,0,0,0,0,0,0,0,0,3,1,1.0,0.0,0.0,0.0,1.0,0.0,0.0,0.0,0.0,0.0,0.0,0.0,0.0,0.0,0.0,0.0,0.0,0.0,0.0,0.0,0.0,0.0,0.0,0.0,0.0,0.0,0.0,0.0,0.0,0.0,0.0,0.0,0.0,0.0,0.0,0.0,0.0,0.0,0.0,0.0,0.0,0.0,0.0,0.0,0.0,0.0,0.0,0.0,0.0,0.0,0.0,0.0,0.0,0.0,0.0,0.0,0.0,0.0,0.0,0.0,0.0,0.0,0.0,0.0,0.0,0.0,0.0,0.0,1.0,1.0,0.0,0.0,0.0,0.0,0.0,0.0,0.0,0.0,0.0,0.0,0.0,0.0,0.0
False,4.0,3,1,3,1,20,Q2 Sprint 4,-1,12,3,3,1,1,3,3,0,0,1,1,0,0,3,1,4.0,1.0,1.0,2.0,2.0,1.0,3.0,1.75,1.5,0.957427107756338,0.9166666666666666,2.0,0.0,0.0,0.0,0.0,0.0,0.0,0.0,0.0,0.0,0.0,0.0,0.0,0.0,0.0,0.0,1.0,0.25,0.0,0.5,0.25,1.0,0.0,0.0,0.0,0.0,0.0,0.0,0.0,0.0,0.0,0.0,0.0,0.0,0.0,0.0,0.0,2.0,1.5,2.0,1.0,1.0,2.0,0.0,0.0,0.0,0.0,0.0,0.0,0.0,0.0,0.0,0.0,0.0,0.0,0.0,0.0,4.0,2.0,0.0,0.0,0.0,0.0,0.0,0.0,0.0,0.0,0.0,0.0,0.0,0.0,0.0
True,0.0,0,0,0,1,24,Q3 Sprint 1,0,9,0,0,0,0,0,0,0,0,0,0,0,0,3,1,0.0,0.0,0.0,0.0,0.0,0.0,0.0,0.0,0.0,0.0,0.0,0.0,0.0,0.0,0.0,0.0,0.0,0.0,0.0,0.0,0.0,0.0,0.0,0.0,0.0,0.0,0.0,0.0,0.0,0.0,0.0,0.0,0.0,0.0,0.0,0.0,0.0,0.0,0.0,0.0,0.0,0.0,0.0,0.0,0.0,0.0,0.0,0.0,0.0,0.0,0.0,0.0,0.0,0.0,0.0,0.0,0.0,0.0,0.0,0.0,0.0,0.0,0.0,0.0,0.0,0.0,0.0,0.0,0.0,0.0,0.0,0.0,0.0,0.0,0.0,0.0,0.0,0.0,0.0,0.0,0.0,0.0,0.0
False,3.0,0,0,0,1,25,Q3 Sprint 2,0,9,0,0,0,0,0,0,0,0,0,0,0,0,3,2,3.0,1.0,0.0,3.0,0.0,0.0,4.0,1.6666666666666667,1.0,2.0816659994661326,4.333333333333333,4.0,0.0,1.0,0.3333333333333333,0.0,0.5773502691896258,0.3333333333333333,1.0,0.0,0.0,0.0,0.0,0.0,0.0,0.0,0.0,0.0,0.0,0.0,0.0,0.0,0.0,0.0,0.0,0.0,0.0,0.0,0.0,0.0,0.0,0.0,0.0,0.0,0.0,0.0,0.0,0.0,9.0,3.333333333333333,1.0,4.932882862316247,24.33333333333333,9.0,0.0,0.0,0.0,0.0,0.0,0.0,0.0,0.0,0.0,0.0,0.0,0.0,0.0,0.0,0.0,2.0,3.0,0.0,0.0,0.0,0.0,0.0,0.0,0.0,0.0,0.0,0.0,0.0,0.0
True,1.0,1,0,0,1,30,Q3 Sprint 3,-8,11,1,8,0,0,0,0,1,8,0,0,0,0,3,2,1.0,0.0,0.0,1.0,0.0,2.0,2.0,2.0,2.0,0.0,0.0,0.0,0.0,0.0,0.0,0.0,0.0,0.0,0.0,0.0,0.0,0.0,0.0,0.0,0.0,0.0,4.0,4.0,4.0,4.0,0.0,0.0,0.0,0.0,0.0,0.0,0.0,0.0,0.0,0.0,0.0,0.0,0.0,0.0,0.0,0.0,0.0,0.0,0.0,0.0,0.0,0.0,0.0,0.0,0.0,0.0,0.0,0.0,0.0,0.0,0.0,0.0,0.0,0.0,0.0,0.0,0.0,0.0,0.0,1.0,1.0,0.0,0.0,0.0,0.0,0.0,0.0,0.0,0.0,0.0,0.0,0.0,0.0
False,3.0,2,0,0,1,31,Q3 Sprint 4,-9,11,2,9,0,0,0,0,2,9,0,0,0,0,3,3,3.0,1.0,0.0,2.0,1.0,0.0,3.0,1.3333333333333333,1.0,1.5275252316519468,2.333333333333333,3.0,0.0,1.0,0.3333333333333333,0.0,0.5773502691896258,0.3333333333333333,1.0,0.0,0.0,0.0,0.0,0.0,0.0,0.0,0.0,4.0,1.3333333333333333,0.0,2.309401076758504,5.333333333333334,4.0,0.0,0.0,0.0,0.0,0.0,0.0,0.0,0.0,0.0,0.0,0.0,0.0,0.0,0.0,0.0,1.0,0.3333333333333333,0.0,0.5773502691896258,0.3333333333333333,1.0,0.0,0.0,0.0,0.0,0.0,0.0,0.0,0.0,0.0,0.0,0.0,0.0,0.0,0.0,1.0,2.0,2.0,0.0,0.0,0.0,0.0,0.0,0.0,0.0,0.0,0.0,0.0,0.0,0.0
False,5.0,0,2,2,1,36,Mesos Q3 Sprint 5,0,14,0,0,2,2,2,2,0,0,0,0,0,0,3,6,5.0,1.0,0.0,5.0,0.0,1.0,11.0,4.2,3.0,3.96232255123179,15.7,10.0,0.0,1.0,0.4,0.0,0.5477225575051662,0.3,1.0,0.0,0.0,0.0,0.0,0.0,0.0,0.0,0.0,8.0,2.8,2.0,3.3466401061363023,11.2,8.0,0.0,0.0,0.0,0.0,0.0,0.0,0.0,0.0,0.0,0.0,0.0,0.0,0.0,0.0,0.0,1.0,0.2,0.0,0.447213595499958,0.2,1.0,0.0,0.0,0.0,0.0,0.0,0.0,0.0,0.0,2.0,0.4,0.0,0.894427190999916,0.8000000000000002,2.0,1.0,2.0,4.0,2.0,0.0,0.0,0.0,0.0,0.0,0.0,0.0,0.0,0.0,0.0,0.0
False,3.0,1,0,0,1,38,Mesos Q3 Sprint 6,-3,14,1,3,0,0,0,0,1,3,0,0,0,0,3,3,3.0,0.0,0.0,2.0,1.0,3.0,11.0,6.333333333333333,5.0,4.163331998932266,17.333333333333336,8.0,0.0,1.0,0.6666666666666666,1.0,0.5773502691896258,0.3333333333333333,1.0,0.0,0.0,0.0,0.0,0.0,0.0,0.0,1.0,2.0,1.6666666666666667,2.0,0.5773502691896257,0.3333333333333333,1.0,0.0,0.0,0.0,0.0,0.0,0.0,0.0,0.0,0.0,0.0,0.0,0.0,0.0,0.0,0.0,0.0,0.0,0.0,0.0,0.0,0.0,0.0,0.0,0.0,0.0,0.0,0.0,0.0,0.0,2.0,0.6666666666666666,0.0,1.1547005383792517,1.3333333333333337,2.0,1.0,2.0,2.0,1.0,0.0,0.0,0.0,0.0,0.0,0.0,0.0,0.0,0.0,0.0,0.0
True,5.0,5,0,0,1,43,Twitter Q4 Sprint 1,-14,14,5,14,0,0,0,0,4,11,1,3,0,0,3,4,5.0,1.0,0.0,4.0,1.0,0.0,12.0,4.8,4.0,4.43846820423443,19.700000000000003,12.0,0.0,1.0,0.6,1.0,0.5477225575051662,0.3,1.0,0.0,0.0,0.0,0.0,0.0,0.0,0.0,1.0,2.0,1.4,1.0,0.5477225575051661,0.3,1.0,0.0,0.0,0.0,0.0,0.0,0.0,0.0,0.0,0.0,0.0,0.0,0.0,0.0,0.0,0.0,0.0,0.0,0.0,0.0,0.0,0.0,0.0,0.0,0.0,0.0,0.0,0.0,0.0,0.0,2.0,0.4,0.0,0.8944271909999161,0.8000000000000003,2.0,1.0,3.0,4.0,1.0,0.0,0.0,0.0,0.0,0.0,0.0,0.0,0.0,0.0,0.0,0.0
False,11.0,4,5,6,1,45,Mesosphere Q4 Sprint 1 10/31,-4,12,4,5,5,14,6,15,3,4,0,0,0,0,3,7,11.0,3.0,2.0,7.0,3.0,0.0,18.0,5.727272727272728,3.0,6.294297563523815,39.618181818181824,18.0,0.0,1.0,0.2727272727272727,0.0,0.4670993664969137,0.2181818181818181,1.0,0.0,0.0,0.0,0.0,0.0,0.0,0.0,0.0,4.0,1.0,1.0,1.2649110640673518,1.6,4.0,0.0,0.0,0.0,0.0,0.0,0.0,0.0,0.0,0.0,0.0,0.0,0.0,0.0,0.0,0.0,0.0,0.0,0.0,0.0,0.0,0.0,0.0,1.0,0.0909090909090909,0.0,0.3015113445777636,0.0909090909090909,1.0,0.0,2.0,0.4545454545454545,0.0,0.8201995322647243,0.6727272727272726,2.0,3.0,4.0,8.0,2.0,1.0,0.0,0.0,0.0,0.0,0.0,0.0,0.0,0.0,0.0,0.0
True,4.0,4,0,0,1,47,Mesosphere Q4 Sprint 2 - 11/14,-5,10,4,5,0,0,0,0,4,5,0,0,0,0,3,4,4.0,1.0,1.0,3.0,0.0,0.0,18.0,8.5,8.0,9.327379053088816,87.0,18.0,0.0,0.0,0.0,0.0,0.0,0.0,0.0,0.0,0.0,0.0,0.0,0.0,0.0,0.0,0.0,4.0,1.0,0.0,2.0,4.0,4.0,0.0,0.0,0.0,0.0,0.0,0.0,0.0,0.0,0.0,0.0,0.0,0.0,0.0,0.0,0.0,0.0,0.0,0.0,0.0,0.0,0.0,0.0,0.0,0.0,0.0,0.0,0.0,0.0,0.0,2.0,0.75,0.5,0.957427107756338,0.9166666666666666,2.0,2.0,1.0,2.0,1.0,1.0,0.0,0.0,0.0,0.0,0.0,0.0,0.0,0.0,0.0,0.0
False,6.0,6,0,1,1,49,Twitter Mesos Q4 Sprint 2,-13,14,6,15,0,0,1,2,2,6,3,7,0,0,3,4,6.0,1.0,0.0,4.0,2.0,0.0,12.0,4.166666666666667,3.5,4.262237284181474,18.166666666666668,12.0,0.0,1.0,0.5,0.5,0.5477225575051661,0.3,1.0,0.0,0.0,0.0,0.0,0.0,0.0,0.0,1.0,3.0,1.6666666666666667,1.5,0.816496580927726,0.6666666666666667,2.0,0.0,0.0,0.0,0.0,0.0,0.0,0.0,0.0,0.0,0.0,0.0,0.0,0.0,0.0,0.0,0.0,0.0,0.0,0.0,0.0,0.0,0.0,0.0,0.0,0.0,0.0,0.0,0.0,0.0,2.0,0.5,0.0,0.8366600265340756,0.7,2.0,1.0,3.0,5.0,1.0,0.0,1.0,0.0,0.0,0.0,0.0,0.0,0.0,0.0,0.0,0.0
False,4.0,0,0,0,1,51,Twitter Mesos Q4 Sprint 3,0,14,0,0,0,0,0,0,0,0,0,0,0,0,3,3,4.0,0.0,0.0,2.0,2.0,0.0,5.0,2.75,3.0,2.0615528128088303,4.25,5.0,0.0,1.0,0.5,0.5,0.5773502691896257,0.3333333333333333,1.0,0.0,0.0,0.0,0.0,0.0,0.0,0.0,1.0,3.0,1.75,1.5,0.957427107756338,0.9166666666666666,2.0,0.0,0.0,0.0,0.0,0.0,0.0,0.0,0.0,0.0,0.0,0.0,0.0,0.0,0.0,0.0,0.0,0.0,0.0,0.0,0.0,0.0,0.0,0.0,0.0,0.0,0.0,0.0,0.0,0.0,1.0,0.25,0.0,0.5,0.25,1.0,0.0,3.0,4.0,0.0,0.0,1.0,0.0,0.0,0.0,0.0,0.0,0.0,0.0,0.0,0.0
False,9.0,5,0,0,1,55,Mesosphere Q4 Sprint 3 - 12/7,-7,18,5,10,0,0,0,0,3,4,2,6,0,0,3,4,9.0,4.0,3.0,6.0,1.0,0.0,16.0,3.555555555555556,1.0,6.267198558987722,39.27777777777778,16.0,0.0,0.0,0.0,0.0,0.0,0.0,0.0,0.0,1.0,0.2222222222222222,0.0,0.4409585518440984,0.1944444444444444,1.0,0.0,4.0,1.0,0.0,1.4142135623730951,2.0,4.0,0.0,0.0,0.0,0.0,0.0,0.0,0.0,0.0,0.0,0.0,0.0,0.0,0.0,0.0,0.0,0.0,0.0,0.0,0.0,0.0,0.0,0.0,0.0,0.0,0.0,0.0,0.0,0.0,0.0,2.0,0.6666666666666666,0.0,0.8660254037844386,0.75,2.0,4.0,1.0,5.0,1.0,2.0,0.0,0.0,0.0,0.0,0.0,0.0,0.0,0.0,0.0,0.0
True,1.0,1,0,0,1,56,Twitter Mesos Q4 Sprint 4,-3,14,1,3,0,0,0,0,1,3,0,0,0,0,3,2,1.0,0.0,0.0,1.0,0.0,2.0,2.0,2.0,2.0,0.0,0.0,0.0,0.0,0.0,0.0,0.0,0.0,0.0,0.0,0.0,0.0,0.0,0.0,0.0,0.0,0.0,1.0,1.0,1.0,1.0,0.0,0.0,0.0,0.0,0.0,0.0,0.0,0.0,0.0,0.0,0.0,0.0,0.0,0.0,0.0,0.0,0.0,0.0,0.0,0.0,0.0,0.0,0.0,0.0,0.0,0.0,0.0,0.0,0.0,0.0,0.0,0.0,0.0,0.0,0.0,0.0,0.0,0.0,0.0,1.0,1.0,0.0,0.0,0.0,0.0,0.0,0.0,0.0,0.0,0.0,0.0,0.0,0.0
True,1.0,1,0,0,1,57,Twitter Mesos Q4 Sprint 5,-3,14,1,3,0,0,0,0,1,3,0,0,0,0,3,2,1.0,0.0,0.0,1.0,0.0,3.0,3.0,3.0,3.0,0.0,0.0,0.0,0.0,0.0,0.0,0.0,0.0,0.0,0.0,0.0,0.0,0.0,0.0,0.0,0.0,0.0,1.0,1.0,1.0,1.0,0.0,0.0,0.0,0.0,0.0,0.0,0.0,0.0,0.0,0.0,0.0,0.0,0.0,0.0,0.0,0.0,0.0,0.0,0.0,0.0,0.0,0.0,0.0,0.0,0.0,0.0,0.0,0.0,0.0,0.0,0.0,0.0,0.0,0.0,0.0,0.0,0.0,0.0,0.0,1.0,1.0,0.0,0.0,0.0,0.0,0.0,0.0,0.0,0.0,0.0,0.0,0.0,0.0
True,1.0,1,0,0,1,63,Twitter Mesos Q4 Sprint 6,-3,14,1,3,0,0,0,0,0,0,1,3,0,0,3,2,1.0,0.0,0.0,1.0,0.0,3.0,3.0,3.0,3.0,0.0,0.0,0.0,0.0,0.0,0.0,0.0,0.0,0.0,0.0,0.0,0.0,0.0,0.0,0.0,0.0,0.0,1.0,1.0,1.0,1.0,0.0,0.0,0.0,0.0,0.0,0.0,0.0,0.0,0.0,0.0,0.0,0.0,0.0,0.0,0.0,0.0,0.0,0.0,0.0,0.0,0.0,0.0,0.0,0.0,0.0,0.0,0.0,0.0,0.0,0.0,0.0,0.0,0.0,0.0,0.0,0.0,0.0,0.0,0.0,1.0,1.0,0.0,0.0,0.0,0.0,0.0,0.0,0.0,0.0,0.0,0.0,0.0,0.0
True,8.0,8,0,0,1,69,Mesosphere Q1 Sprint 1 - 1/23,-31,8,8,31,0,0,0,0,7,30,1,1,0,0,3,5,8.0,3.0,4.0,5.0,1.0,0.0,13.0,3.625,1.0,5.50162313711664,30.267857142857142,13.0,0.0,0.0,0.0,0.0,0.0,0.0,0.0,0.0,1.0,0.25,0.0,0.4629100498862757,0.2142857142857142,1.0,0.0,4.0,1.25,1.0,1.3887301496588271,1.9285714285714288,4.0,0.0,0.0,0.0,0.0,0.0,0.0,0.0,0.0,0.0,0.0,0.0,0.0,0.0,0.0,0.0,0.0,0.0,0.0,0.0,0.0,0.0,0.0,0.0,0.0,0.0,0.0,0.0,0.0,0.0,2.0,0.75,0.5,0.8864052604279183,0.7857142857142857,2.0,3.0,0.0,5.0,1.0,2.0,0.0,0.0,0.0,0.0,0.0,0.0,0.0,0.0,0.0,0.0
True,9.0,8,1,0,1,74,Mesosphere Q1 Sprint 2 - 2/6,-38,14,8,37,1,1,0,0,8,37,1,1,0,0,3,6,9.0,1.0,6.0,5.0,1.0,0.0,13.0,2.333333333333333,1.0,4.06201920231798,16.5,13.0,0.0,1.0,0.1111111111111111,0.0,0.3333333333333333,0.1111111111111111,1.0,0.0,1.0,0.2222222222222222,0.0,0.4409585518440984,0.1944444444444444,1.0,0.0,4.0,1.0,1.0,1.3228756555322954,1.75,4.0,0.0,0.0,0.0,0.0,0.0,0.0,0.0,0.0,0.0,0.0,0.0,0.0,0.0,0.0,0.0,0.0,0.0,0.0,0.0,0.0,0.0,0.0,0.0,0.0,0.0,0.0,0.0,0.0,0.0,4.0,0.6666666666666666,0.0,1.3228756555322954,1.7500000000000002,4.0,3.0,1.0,6.0,1.0,2.0,0.0,1.0,0.0,0.0,0.0,0.0,0.0,0.0,0.0,0.0
True,8.0,8,0,0,1,75,Mesosphere Q1 Sprint 3 - 2/20,-36,14,8,37,0,0,0,0,8,37,0,0,0,0,3,6,8.0,1.0,5.0,4.0,1.0,0.0,13.0,3.125,1.0,4.580626906564522,20.982142857142858,13.0,0.0,1.0,0.125,0.0,0.3535533905932738,0.125,1.0,0.0,1.0,0.25,0.0,0.4629100498862757,0.2142857142857142,1.0,0.0,4.0,1.125,1.0,1.3562026818605375,1.8392857142857144,4.0,0.0,0.0,0.0,0.0,0.0,0.0,0.0,0.0,0.0,0.0,0.0,0.0,0.0,0.0,0.0,0.0,0.0,0.0,0.0,0.0,0.0,0.0,0.0,0.0,0.0,0.0,0.0,0.0,0.0,4.0,0.75,0.0,1.3887301496588271,1.9285714285714288,4.0,3.0,1.0,5.0,1.0,2.0,0.0,1.0,0.0,0.0,0.0,0.0,0.0,0.0,0.0,0.0
True,1.0,1,0,0,1,80,Twitter Mesos Q1 Sprint 2,-8,14,1,8,0,0,0,0,0,0,1,8,0,0,3,1,1.0,0.0,0.0,0.0,1.0,6.0,6.0,6.0,6.0,0.0,0.0,0.0,1.0,1.0,1.0,1.0,0.0,0.0,0.0,0.0,0.0,0.0,0.0,0.0,0.0,0.0,0.0,0.0,0.0,0.0,0.0,0.0,0.0,0.0,0.0,0.0,0.0,0.0,0.0,0.0,0.0,0.0,0.0,0.0,0.0,0.0,0.0,0.0,0.0,0.0,0.0,0.0,0.0,0.0,0.0,0.0,0.0,0.0,0.0,0.0,0.0,0.0,0.0,0.0,0.0,0.0,0.0,0.0,0.0,1.0,1.0,0.0,0.0,0.0,0.0,0.0,0.0,0.0,0.0,0.0,0.0,0.0,0.0
False,8.0,7,0,0,1,81,Mesosphere Q1 Sprint 4 - 3/6,-36,14,7,36,0,0,0,0,7,36,0,0,0,0,3,5,8.0,1.0,5.0,4.0,1.0,0.0,16.0,4.375,3.0,5.208166663999915,27.125,16.0,0.0,1.0,0.125,0.0,0.3535533905932738,0.125,1.0,0.0,1.0,0.25,0.0,0.4629100498862757,0.2142857142857142,1.0,0.0,2.0,0.625,0.5,0.7440238091428449,0.5535714285714286,2.0,0.0,0.0,0.0,0.0,0.0,0.0,0.0,0.0,0.0,0.0,0.0,0.0,0.0,0.0,0.0,0.0,0.0,0.0,0.0,0.0,0.0,0.0,0.0,0.0,0.0,0.0,0.0,0.0,0.0,1.0,0.375,0.0,0.5175491695067657,0.2678571428571428,1.0,3.0,2.0,5.0,0.0,2.0,0.0,1.0,0.0,0.0,0.0,0.0,0.0,0.0,0.0,0.0
False,3.0,1,0,0,1,87,Twitter Mesos Q1 Sprint 3,-8,13,1,8,0,0,0,0,0,0,1,5,0,0,3,2,3.0,1.0,0.0,2.0,1.0,0.0,6.0,2.0,0.0,3.4641016151377544,12.0,6.0,0.0,2.0,1.0,1.0,1.0,1.0,2.0,0.0,1.0,0.3333333333333333,0.0,0.5773502691896258,0.3333333333333333,1.0,0.0,2.0,0.6666666666666666,0.0,1.1547005383792517,1.3333333333333337,2.0,0.0,0.0,0.0,0.0,0.0,0.0,0.0,0.0,0.0,0.0,0.0,0.0,0.0,0.0,0.0,0.0,0.0,0.0,0.0,0.0,0.0,0.0,0.0,0.0,0.0,0.0,0.0,0.0,0.0,0.0,0.0,0.0,0.0,0.0,0.0,0.0,2.0,3.0,0.0,0.0,0.0,0.0,0.0,0.0,0.0,0.0,0.0,0.0,0.0,0.0
True,1.0,1,0,0,1,93,Twitter Mesos Q1 Sprint 4,-5,14,1,5,0,0,0,0,0,0,1,5,0,0,3,1,1.0,1.0,0.0,1.0,0.0,1.0,1.0,1.0,1.0,0.0,0.0,0.0,2.0,2.0,2.0,2.0,0.0,0.0,0.0,1.0,1.0,1.0,1.0,0.0,0.0,0.0,2.0,2.0,2.0,2.0,0.0,0.0,0.0,0.0,0.0,0.0,0.0,0.0,0.0,0.0,0.0,0.0,0.0,0.0,0.0,0.0,0.0,0.0,0.0,0.0,0.0,0.0,0.0,0.0,0.0,0.0,0.0,0.0,0.0,0.0,0.0,0.0,0.0,0.0,0.0,0.0,0.0,0.0,0.0,0.0,1.0,0.0,0.0,0.0,0.0,0.0,0.0,0.0,0.0,0.0,0.0,0.0,0.0
True,9.0,7,2,0,1,95,Mesosphere Q1 Sprint 5 - 3/20,-40,11,7,37,2,3,0,0,8,39,1,1,0,0,3,5,9.0,1.0,4.0,5.0,0.0,0.0,8.0,3.7777777777777777,4.0,2.9907264074877267,8.944444444444445,8.0,0.0,1.0,0.1111111111111111,0.0,0.3333333333333333,0.1111111111111111,1.0,0.0,1.0,0.3333333333333333,0.0,0.5,0.25,1.0,0.0,2.0,0.5555555555555556,0.0,0.7264831572567789,0.5277777777777778,2.0,0.0,0.0,0.0,0.0,0.0,0.0,0.0,0.0,0.0,0.0,0.0,0.0,0.0,0.0,0.0,0.0,0.0,0.0,0.0,0.0,0.0,0.0,0.0,0.0,0.0,0.0,0.0,0.0,0.0,5.0,0.8888888888888888,0.0,1.615893285805443,2.6111111111111103,5.0,3.0,2.0,6.0,1.0,3.0,0.0,1.0,1.0,0.0,0.0,0.0,0.0,0.0,0.0,0.0
False,3.0,0,1,0,1,99,Twitter Mesos Q1 Sprint 5,0,14,0,0,1,2,0,0,1,2,0,0,0,0,3,1,3.0,2.0,0.0,3.0,0.0,1.0,5.0,3.333333333333333,4.0,2.081665999466133,4.333333333333334,4.0,0.0,2.0,1.0,1.0,1.0,1.0,2.0,0.0,1.0,0.6666666666666666,1.0,0.5773502691896258,0.3333333333333333,1.0,0.0,2.0,0.6666666666666666,0.0,1.1547005383792517,1.3333333333333337,2.0,0.0,0.0,0.0,0.0,0.0,0.0,0.0,0.0,0.0,0.0,0.0,0.0,0.0,0.0,0.0,0.0,0.0,0.0,0.0,0.0,0.0,0.0,0.0,0.0,0.0,0.0,0.0,0.0,0.0,1.0,0.3333333333333333,0.0,0.5773502691896258,0.3333333333333333,1.0,0.0,1.0,3.0,0.0,0.0,0.0,0.0,0.0,0.0,0.0,0.0,0.0,0.0,0.0,0.0
False,11.0,9,1,1,1,102,Mesosphere Q1 Sprint 6 - 4/3,-40,14,9,40,1,1,1,1,8,39,1,1,0,0,3,7,11.0,1.0,4.0,7.0,0.0,0.0,9.0,3.8181818181818175,4.0,3.1246818019818217,9.763636363636364,9.0,0.0,1.0,0.1818181818181818,0.0,0.4045199174779452,0.1636363636363635,1.0,0.0,1.0,0.2727272727272727,0.0,0.4670993664969137,0.2181818181818181,1.0,0.0,4.0,1.0,1.0,1.2649110640673518,1.6,4.0,0.0,0.0,0.0,0.0,0.0,0.0,0.0,0.0,0.0,0.0,0.0,0.0,0.0,0.0,0.0,0.0,0.0,0.0,0.0,0.0,0.0,0.0,1.0,0.0909090909090909,0.0,0.3015113445777636,0.0909090909090909,1.0,0.0,5.0,0.8181818181818182,0.0,1.4709304414677,2.163636363636363,5.0,3.0,2.0,8.0,2.0,3.0,1.0,1.0,1.0,0.0,0.0,0.0,0.0,0.0,0.0,0.0
True,2.0,2,0,0,1,104,Twitter Mesos Q1 Sprint 6,-10,7,2,10,0,0,0,0,2,10,0,0,0,0,3,2,2.0,2.0,0.0,2.0,0.0,1.0,11.0,6.0,6.0,7.071067811865476,50.0,10.0,0.0,2.0,1.0,1.0,1.4142135623730951,2.0,2.0,0.0,1.0,0.5,0.5,0.7071067811865476,0.5,1.0,0.0,2.0,1.0,1.0,1.4142135623730951,2.0,2.0,0.0,0.0,0.0,0.0,0.0,0.0,0.0,0.0,0.0,0.0,0.0,0.0,0.0,0.0,0.0,0.0,0.0,0.0,0.0,0.0,0.0,0.0,0.0,0.0,0.0,0.0,0.0,0.0,0.0,1.0,0.5,0.5,0.7071067811865476,0.5,1.0,0.0,0.0,2.0,0.0,0.0,0.0,0.0,0.0,0.0,0.0,0.0,0.0,0.0,0.0,0.0
True,11.0,10,1,0,1,106,Mesosphere Q1 Sprint 7 - 4/17,-42,14,10,41,1,1,0,0,9,39,2,3,0,0,3,8,11.0,1.0,3.0,7.0,0.0,0.0,10.0,4.2727272727272725,4.0,3.289100457295553,10.818181818181817,10.0,0.0,1.0,0.2727272727272727,0.0,0.4670993664969137,0.2181818181818181,1.0,0.0,1.0,0.2727272727272727,0.0,0.4670993664969137,0.2181818181818181,1.0,0.0,8.0,1.6363636363636365,1.0,2.4605985967941733,6.054545454545455,8.0,0.0,0.0,0.0,0.0,0.0,0.0,0.0,0.0,0.0,0.0,0.0,0.0,0.0,0.0,0.0,0.0,0.0,0.0,0.0,0.0,0.0,0.0,1.0,0.0909090909090909,0.0,0.3015113445777636,0.0909090909090909,1.0,0.0,5.0,0.8181818181818182,0.0,1.4709304414677,2.163636363636363,5.0,2.0,2.0,9.0,3.0,3.0,1.0,1.0,1.0,0.0,0.0,0.0,0.0,0.0,0.0,0.0
True,11.0,11,0,0,1,108,Mesosphere Q2 Sprint 8 - 5/1,-42,14,11,42,0,0,0,0,9,39,2,3,0,0,3,9,11.0,1.0,4.0,6.0,0.0,0.0,10.0,4.636363636363637,5.0,3.471965647086021,12.054545454545456,10.0,0.0,1.0,0.2727272727272727,0.0,0.4670993664969137,0.2181818181818181,1.0,0.0,1.0,0.2727272727272727,0.0,0.4670993664969137,0.2181818181818181,1.0,0.0,8.0,1.2727272727272727,0.0,2.370270410350224,5.618181818181819,8.0,0.0,0.0,0.0,0.0,0.0,0.0,0.0,0.0,0.0,0.0,0.0,0.0,0.0,0.0,0.0,0.0,0.0,0.0,0.0,0.0,0.0,0.0,0.0,0.0,0.0,0.0,0.0,0.0,0.0,6.0,1.2727272727272727,0.0,2.1489955370316194,4.618181818181819,6.0,3.0,2.0,8.0,3.0,3.0,0.0,2.0,1.0,0.0,0.0,0.0,0.0,0.0,0.0,0.0
False,1.0,0,0,0,1,113,Twitter Q2 Sprint 1 - 4/13,0,14,0,0,0,0,0,0,0,0,0,0,0,0,3,1,1.0,1.0,0.0,1.0,0.0,1.0,1.0,1.0,1.0,0.0,0.0,0.0,2.0,2.0,2.0,2.0,0.0,0.0,0.0,1.0,1.0,1.0,1.0,0.0,0.0,0.0,2.0,2.0,2.0,2.0,0.0,0.0,0.0,0.0,0.0,0.0,0.0,0.0,0.0,0.0,0.0,0.0,0.0,0.0,0.0,0.0,0.0,0.0,0.0,0.0,0.0,0.0,0.0,0.0,0.0,0.0,0.0,0.0,0.0,0.0,0.0,0.0,0.0,0.0,0.0,0.0,0.0,0.0,0.0,0.0,1.0,0.0,0.0,0.0,0.0,0.0,0.0,0.0,0.0,0.0,0.0,0.0,0.0
False,10.0,0,0,0,1,115,Mesosphere Q1 Sprint 9 - 5/15,0,14,0,0,0,0,0,0,0,0,0,0,0,0,3,9,10.0,1.0,3.0,7.0,0.0,0.0,10.0,4.6,4.5,3.9496835316263,15.6,10.0,0.0,1.0,0.3,0.0,0.4830458915396479,0.2333333333333333,1.0,0.0,1.0,0.3,0.0,0.4830458915396479,0.2333333333333332,1.0,0.0,8.0,1.7,1.0,2.4517567397911053,6.01111111111111,8.0,0.0,0.0,0.0,0.0,0.0,0.0,0.0,0.0,0.0,0.0,0.0,0.0,0.0,0.0,0.0,0.0,0.0,0.0,0.0,0.0,0.0,0.0,0.0,0.0,0.0,0.0,0.0,0.0,0.0,5.0,0.8,0.0,1.5491933384829668,2.4000000000000004,5.0,3.0,1.0,7.0,3.0,2.0,1.0,1.0,1.0,0.0,0.0,0.0,0.0,0.0,0.0,0.0
False,3.0,2,0,1,1,118,Twitter Q2 Sprint 2,-5,14,2,6,0,0,1,1,1,5,0,0,0,0,3,1,3.0,1.0,1.0,2.0,1.0,0.0,1.0,0.3333333333333333,0.0,0.5773502691896258,0.3333333333333333,1.0,0.0,2.0,1.0,1.0,1.0,1.0,2.0,0.0,1.0,0.3333333333333333,0.0,0.5773502691896258,0.3333333333333333,1.0,0.0,2.0,0.6666666666666666,0.0,1.1547005383792517,1.3333333333333337,2.0,0.0,0.0,0.0,0.0,0.0,0.0,0.0,0.0,0.0,0.0,0.0,0.0,0.0,0.0,0.0,0.0,0.0,0.0,0.0,0.0,0.0,0.0,0.0,0.0,0.0,0.0,0.0,0.0,0.0,0.0,0.0,0.0,0.0,0.0,0.0,2.0,0.0,1.0,1.0,0.0,0.0,0.0,0.0,0.0,0.0,0.0,0.0,0.0,0.0,0.0
False,2.0,0,0,0,1,128,Twitter Q2 Sprint 3 - 5/11,0,14,0,0,0,0,0,0,0,0,0,0,0,0,3,1,2.0,1.0,0.0,2.0,0.0,0.0,1.0,0.5,0.5,0.7071067811865476,0.5,1.0,0.0,2.0,1.0,1.0,1.4142135623730951,2.0,2.0,0.0,1.0,0.5,0.5,0.7071067811865476,0.5,1.0,1.0,2.0,1.5,1.5,0.7071067811865476,0.5,1.0,0.0,0.0,0.0,0.0,0.0,0.0,0.0,0.0,0.0,0.0,0.0,0.0,0.0,0.0,0.0,0.0,0.0,0.0,0.0,0.0,0.0,0.0,0.0,0.0,0.0,0.0,0.0,0.0,0.0,1.0,0.5,0.5,0.7071067811865476,0.5,1.0,0.0,0.0,2.0,0.0,0.0,1.0,0.0,0.0,0.0,0.0,0.0,0.0,0.0,0.0,0.0
False,14.0,5,0,0,1,130,Mesosphere Sprint 10,-17,10,5,17,0,0,0,0,4,14,0,0,1,3,3,9,14.0,5.0,4.0,7.0,3.0,0.0,10.0,2.571428571428572,1.0,3.367589544564382,11.340659340659345,10.0,0.0,1.0,0.2142857142857142,0.0,0.42581531362632,0.1813186813186812,1.0,0.0,1.0,0.2142857142857142,0.0,0.4258153136263202,0.1813186813186814,1.0,0.0,3.0,0.8571428571428571,0.0,1.167320591199077,1.3626373626373625,3.0,0.0,0.0,0.0,0.0,0.0,0.0,0.0,0.0,0.0,0.0,0.0,0.0,0.0,0.0,0.0,1.0,0.0714285714285714,0.0,0.2672612419124244,0.0714285714285714,1.0,0.0,1.0,0.0714285714285714,0.0,0.2672612419124244,0.0714285714285714,1.0,0.0,5.0,1.0714285714285714,0.0,1.6854255666327542,2.840659340659341,5.0,6.0,1.0,8.0,1.0,3.0,1.0,1.0,2.0,0.0,0.0,0.0,0.0,0.0,0.0,0.0
False,7.0,0,0,0,1,132,Twitter Q2 Sprint 3,0,13,0,0,0,0,0,0,0,0,0,0,0,0,3,4,7.0,7.0,0.0,7.0,0.0,0.0,2.0,0.8571428571428571,1.0,0.8997354108424372,0.8095238095238094,2.0,0.0,2.0,0.7142857142857143,1.0,0.7559289460184544,0.5714285714285714,2.0,0.0,1.0,0.2857142857142857,0.0,0.4879500364742666,0.2380952380952381,1.0,0.0,2.0,0.2857142857142857,0.0,0.7559289460184546,0.5714285714285716,2.0,0.0,0.0,0.0,0.0,0.0,0.0,0.0,0.0,0.0,0.0,0.0,0.0,0.0,0.0,0.0,0.0,0.0,0.0,0.0,0.0,0.0,0.0,0.0,0.0,0.0,0.0,0.0,0.0,0.0,4.0,0.5714285714285714,0.0,1.5118578920369092,2.2857142857142865,4.0,2.0,0.0,5.0,0.0,0.0,0.0,0.0,0.0,0.0,0.0,0.0,0.0,0.0,0.0,0.0
True,14.0,0,14,0,1,134,Mesosphere Sprint 11,-64,13,0,0,14,64,0,0,14,64,0,0,0,0,3,9,14.0,5.0,4.0,7.0,3.0,0.0,11.0,3.0,1.0,3.4641016151377544,12.0,11.0,0.0,1.0,0.2142857142857142,0.0,0.42581531362632,0.1813186813186812,1.0,0.0,1.0,0.2142857142857142,0.0,0.4258153136263202,0.1813186813186814,1.0,0.0,3.0,0.8571428571428571,0.0,1.167320591199077,1.3626373626373625,3.0,0.0,0.0,0.0,0.0,0.0,0.0,0.0,0.0,0.0,0.0,0.0,0.0,0.0,0.0,0.0,1.0,0.0714285714285714,0.0,0.2672612419124244,0.0714285714285714,1.0,0.0,1.0,0.0714285714285714,0.0,0.2672612419124244,0.0714285714285714,1.0,0.0,5.0,1.1428571428571428,0.5,1.6574838603294897,2.7472527472527477,5.0,6.0,1.0,8.0,1.0,3.0,1.0,1.0,2.0,0.0,0.0,0.0,0.0,0.0,0.0,0.0
False,8.0,4,1,0,1,141,Twitter Mesos Q2 Sprint 5,-19,14,4,16,1,3,0,0,2,10,3,9,0,0,3,4,8.0,7.0,0.0,6.0,2.0,0.0,5.0,1.25,1.0,1.6690459207925603,2.7857142857142856,5.0,0.0,2.0,0.75,1.0,0.7071067811865476,0.5,2.0,0.0,1.0,0.25,0.0,0.4629100498862757,0.2142857142857142,1.0,0.0,2.0,0.25,0.0,0.7071067811865476,0.5,2.0,0.0,0.0,0.0,0.0,0.0,0.0,0.0,0.0,0.0,0.0,0.0,0.0,0.0,0.0,0.0,0.0,0.0,0.0,0.0,0.0,0.0,0.0,0.0,0.0,0.0,0.0,0.0,0.0,0.0,1.0,0.125,0.0,0.3535533905932738,0.125,1.0,4.0,1.0,4.0,0.0,0.0,0.0,0.0,0.0,0.0,0.0,0.0,0.0,0.0,0.0,0.0
False,23.0,0,12,12,1,142,Mesosphere Sprint 12,0,14,0,0,12,37,12,37,0,0,0,0,0,0,3,9,23.0,8.0,3.0,17.0,2.0,0.0,13.0,3.130434782608696,2.0,3.4549614894063048,11.936758893280633,13.0,0.0,1.0,0.1304347826086956,0.0,0.3443502215750909,0.1185770750988142,1.0,0.0,1.0,0.2608695652173913,0.0,0.4489777585448796,0.2015810276679842,1.0,0.0,3.0,0.782608695652174,0.0,0.9980217586956908,0.9960474308300394,3.0,0.0,0.0,0.0,0.0,0.0,0.0,0.0,0.0,0.0,0.0,0.0,0.0,0.0,0.0,0.0,1.0,0.0434782608695652,0.0,0.2085144140570748,0.0434782608695652,1.0,0.0,1.0,0.0434782608695652,0.0,0.2085144140570748,0.0434782608695652,1.0,0.0,5.0,0.8260869565217391,0.0,1.497032638043536,2.2411067193675893,5.0,13.0,7.0,10.0,1.0,4.0,2.0,0.0,2.0,0.0,0.0,0.0,0.0,0.0,0.0,0.0
False,50.0,1,4,2,1,143,Mesosphere Sprint 13,44,14,1,8,4,22,2,16,3,14,0,0,0,0,3,15,50.0,15.0,11.0,39.0,5.0,0.0,14.0,1.86,0.5,2.9555206040250046,8.735102040816328,14.0,0.0,1.0,0.1,0.0,0.3030457633656632,0.0918367346938775,1.0,0.0,1.0,0.36,0.0,0.4848732213850611,0.2351020408163265,1.0,0.0,5.0,0.66,0.0,1.0421719862765415,1.086122448979592,5.0,0.0,0.0,0.0,0.0,0.0,0.0,0.0,0.0,0.0,0.0,0.0,0.0,0.0,0.0,0.0,3.0,0.06,0.0,0.4242640687119285,0.18,3.0,0.0,1.0,0.1,0.0,0.3030457633656632,0.0918367346938775,1.0,0.0,6.0,0.42,0.0,1.1621584422521567,1.3506122448979594,6.0,31.0,14.0,19.0,1.0,5.0,4.0,0.0,4.0,1.0,1.0,0.0,0.0,0.0,0.0,0.0
False,20.0,8,4,0,1,150,Twitter Mesos Q2 Sprint 6,-29,14,8,33,4,14,0,0,2,7,9,38,1,2,3,9,20.0,9.0,7.0,18.0,1.0,0.0,9.0,1.6,1.0,2.087557121815378,4.3578947368421055,9.0,0.0,2.0,0.25,0.0,0.5501196042201808,0.3026315789473684,2.0,0.0,1.0,0.45,0.0,0.5104177855340405,0.2605263157894737,1.0,0.0,4.0,0.9,0.0,1.2096106376585989,1.4631578947368422,4.0,0.0,0.0,0.0,0.0,0.0,0.0,0.0,0.0,0.0,0.0,0.0,0.0,0.0,0.0,0.0,7.0,0.4,0.0,1.5694450913417908,2.4631578947368418,7.0,0.0,0.0,0.0,0.0,0.0,0.0,0.0,0.0,3.0,0.45,0.0,0.8255779474818965,0.6815789473684211,3.0,13.0,3.0,7.0,0.0,1.0,1.0,0.0,0.0,0.0,0.0,0.0,0.0,0.0,0.0,0.0
False,58.0,0,18,13,1,154,Mesosphere Sprint 14,23,14,0,0,18,86,13,77,5,9,0,0,0,0,3,18,58.0,21.0,15.0,43.0,6.0,0.0,13.0,2.586206896551724,1.0,3.282246143407974,10.773139745916518,13.0,0.0,2.0,0.1379310344827586,0.0,0.3950694303656477,0.1560798548094373,2.0,0.0,1.0,0.1551724137931034,0.0,0.3652311999283316,0.1333938294010889,1.0,0.0,6.0,0.7931034482758621,0.0,1.3476245597431755,1.8160919540229885,6.0,0.0,0.0,0.0,0.0,0.0,0.0,0.0,0.0,0.0,0.0,0.0,0.0,0.0,0.0,0.0,3.0,0.3103448275862069,0.0,0.7304623998566632,0.5335753176043557,3.0,0.0,1.0,0.0689655172413793,0.0,0.255608593705383,0.0653357531760435,1.0,0.0,4.0,0.5344827586206896,0.0,0.9590843081939332,0.9198427102238356,4.0,33.0,14.0,25.0,1.0,5.0,3.0,0.0,3.0,1.0,4.0,0.0,0.0,0.0,0.0,0.0
False,18.0,12,1,0,1,155,Twitter Mesos Q3 Sprint 1,-20,14,12,49,1,8,0,0,2,14,6,28,5,15,3,6,18.0,6.0,8.0,17.0,0.0,0.0,7.0,2.1666666666666665,2.0,2.229481606852615,4.970588235294118,7.0,0.0,2.0,0.3333333333333333,0.0,0.5940885257860047,0.3529411764705883,2.0,0.0,1.0,0.4444444444444444,0.0,0.5113099925649136,0.261437908496732,1.0,0.0,4.0,1.0,0.5,1.2366938848016846,1.5294117647058822,4.0,0.0,0.0,0.0,0.0,0.0,0.0,0.0,0.0,0.0,0.0,0.0,0.0,0.0,0.0,0.0,7.0,0.6111111111111112,0.0,1.649915822768611,2.7222222222222228,7.0,0.0,0.0,0.0,0.0,0.0,0.0,0.0,0.0,2.0,0.3888888888888889,0.0,0.6978023391872253,0.4869281045751634,2.0,9.0,4.0,9.0,0.0,0.0,0.0,0.0,0.0,0.0,1.0,0.0,0.0,0.0,0.0,0.0
False,2.0,2,0,2,14,1,Usergrid 0,0,14,2,4,0,0,2,4,0,0,0,0,0,0,1,1,2.0,0.0,0.0,2.0,0.0,3.0,3.0,3.0,3.0,0.0,0.0,0.0,1.0,6.0,3.5,3.5,3.5355339059327378,12.5,5.0,0.0,1.0,0.5,0.5,0.7071067811865476,0.5,1.0,0.0,0.0,0.0,0.0,0.0,0.0,0.0,0.0,0.0,0.0,0.0,0.0,0.0,0.0,0.0,0.0,0.0,0.0,0.0,0.0,0.0,0.0,1.0,0.5,0.5,0.7071067811865476,0.5,1.0,0.0,0.0,0.0,0.0,0.0,0.0,0.0,0.0,0.0,0.0,0.0,0.0,0.0,0.0,0.0,2.0,2.0,0.0,0.0,0.0,0.0,0.0,0.0,0.0,0.0,0.0,0.0,0.0,0.0
False,20.0,1,0,0,18,2,Sprint #3 9/9 - 10/1,0,21,1,2,0,0,0,0,1,2,0,0,0,0,5,2,20.0,0.0,3.0,20.0,0.0,0.0,4.0,0.25,0.0,0.910465468000326,0.8289473684210527,4.0,0.0,1.0,0.6,1.0,0.5026246899500346,0.2526315789473685,1.0,0.0,1.0,0.85,1.0,0.3663475485325232,0.1342105263157894,1.0,0.0,1.0,0.05,0.0,0.2236067977499789,0.0499999999999999,1.0,0.0,0.0,0.0,0.0,0.0,0.0,0.0,0.0,0.0,0.0,0.0,0.0,0.0,0.0,0.0,3.0,0.9,1.0,0.6407232755171874,0.4105263157894737,3.0,0.0,0.0,0.0,0.0,0.0,0.0,0.0,0.0,1.0,0.05,0.0,0.2236067977499789,0.0499999999999999,1.0,17.0,0.0,3.0,0.0,0.0,0.0,0.0,0.0,0.0,0.0,17.0,0.0,0.0,0.0,0.0
False,51.0,7,1,0,18,3,Sprint #4 10/2 - 10/16,-6,13,7,14,1,2,0,0,7,14,1,2,0,0,5,3,51.0,0.0,6.0,46.0,3.0,0.0,4.0,0.2745098039215686,0.0,0.7504247163453245,0.5631372549019608,4.0,0.0,1.0,0.2549019607843137,0.0,0.4401425793945394,0.1937254901960784,1.0,0.0,2.0,0.6078431372549019,1.0,0.5684516293423396,0.3231372549019607,2.0,0.0,0.0,0.0,0.0,0.0,0.0,0.0,0.0,0.0,0.0,0.0,0.0,0.0,0.0,0.0,0.0,0.0,0.0,0.0,0.0,0.0,0.0,1.0,0.3137254901960784,0.0,0.4686233489032049,0.2196078431372549,1.0,0.0,0.0,0.0,0.0,0.0,0.0,0.0,0.0,2.0,0.2156862745098039,0.0,0.5408780080645201,0.2925490196078431,2.0,44.0,2.0,7.0,0.0,2.0,0.0,0.0,0.0,0.0,0.0,43.0,0.0,0.0,0.0,0.0
False,50.0,0,0,0,18,29,Scrumban #1,0,7,0,0,0,0,0,0,0,0,0,0,0,0,5,2,50.0,2.0,1.0,50.0,0.0,0.0,6.0,0.94,0.0,1.2682946931101733,1.6085714285714288,6.0,0.0,0.0,0.0,0.0,0.0,0.0,0.0,0.0,2.0,0.92,1.0,0.804071273112588,0.646530612244898,2.0,0.0,0.0,0.0,0.0,0.0,0.0,0.0,0.0,0.0,0.0,0.0,0.0,0.0,0.0,0.0,0.0,0.0,0.0,0.0,0.0,0.0,0.0,1.0,0.02,0.0,0.1414213562373094,0.0199999999999999,1.0,0.0,0.0,0.0,0.0,0.0,0.0,0.0,0.0,4.0,0.34,0.0,0.8233827686279751,0.6779591836734696,4.0,41.0,0.0,9.0,0.0,0.0,0.0,0.0,0.0,0.0,0.0,47.0,0.0,0.0,0.0,0.0
False,27.0,0,5,2,18,34,Scrumban #2,-6,14,0,0,5,10,2,4,3,6,0,0,0,0,5,4,27.0,2.0,2.0,27.0,0.0,0.0,4.0,1.037037037037037,1.0,1.0912759462588697,1.190883190883191,4.0,0.0,0.0,0.0,0.0,0.0,0.0,0.0,0.0,1.0,0.5185185185185185,1.0,0.5091750772173156,0.2592592592592592,1.0,0.0,0.0,0.0,0.0,0.0,0.0,0.0,0.0,0.0,0.0,0.0,0.0,0.0,0.0,0.0,0.0,0.0,0.0,0.0,0.0,0.0,0.0,1.0,0.5555555555555556,1.0,0.5063696835418333,0.2564102564102564,1.0,0.0,0.0,0.0,0.0,0.0,0.0,0.0,0.0,2.0,0.2222222222222222,0.0,0.5773502691896258,0.3333333333333333,2.0,21.0,1.0,6.0,0.0,0.0,0.0,0.0,0.0,0.0,0.0,22.0,0.0,0.0,0.0,0.0
False,26.0,4,0,0,18,37,Scrumban #3,-4,14,4,8,0,0,0,0,4,8,0,0,0,0,5,4,26.0,1.0,0.0,26.0,0.0,0.0,4.0,1.1153846153846154,1.0,1.1773503497913635,1.386153846153846,4.0,0.0,2.0,0.1538461538461538,0.0,0.4640954808922571,0.2153846153846154,2.0,0.0,1.0,0.6153846153846154,1.0,0.4961389383568338,0.2461538461538461,1.0,0.0,0.0,0.0,0.0,0.0,0.0,0.0,0.0,0.0,0.0,0.0,0.0,0.0,0.0,0.0,0.0,0.0,0.0,0.0,0.0,0.0,0.0,1.0,0.5769230769230769,1.0,0.5038314736557788,0.2538461538461538,1.0,0.0,0.0,0.0,0.0,0.0,0.0,0.0,0.0,2.0,0.2307692307692307,0.0,0.5870395085642742,0.3446153846153846,2.0,22.0,3.0,4.0,0.0,0.0,0.0,0.0,0.0,0.0,0.0,22.0,0.0,0.0,0.0,0.0
True,2.0,0,2,0,18,44,Scrumban #4,-2,14,0,0,2,4,0,0,2,4,0,0,0,0,5,1,2.0,0.0,0.0,2.0,0.0,0.0,0.0,0.0,0.0,0.0,0.0,0.0,0.0,0.0,0.0,0.0,0.0,0.0,0.0,0.0,0.0,0.0,0.0,0.0,0.0,0.0,0.0,0.0,0.0,0.0,0.0,0.0,0.0,0.0,0.0,0.0,0.0,0.0,0.0,0.0,0.0,0.0,0.0,0.0,0.0,0.0,0.0,0.0,0.0,0.0,0.0,0.0,0.0,0.0,0.0,0.0,0.0,0.0,0.0,0.0,0.0,1.0,2.0,1.5,1.5,0.7071067811865476,0.5,1.0,1.0,2.0,1.0,0.0,0.0,0.0,0.0,0.0,0.0,0.0,0.0,0.0,0.0,0.0,0.0
False,17.0,0,0,0,23,1,Usergrid 0,14,14,0,0,0,0,0,0,0,0,0,0,0,0,9,1,17.0,1.0,0.0,17.0,0.0,0.0,0.0,0.0,0.0,0.0,0.0,0.0,0.0,0.0,0.0,0.0,0.0,0.0,0.0,0.0,2.0,1.0588235294117647,1.0,0.4287464628562721,0.1838235294117647,2.0,0.0,5.0,0.4117647058823529,0.0,1.227743027337753,1.5073529411764706,5.0,0.0,0.0,0.0,0.0,0.0,0.0,0.0,0.0,0.0,0.0,0.0,0.0,0.0,0.0,0.0,0.0,0.0,0.0,0.0,0.0,0.0,0.0,0.0,0.0,0.0,0.0,0.0,0.0,0.0,0.0,0.0,0.0,0.0,0.0,0.0,12.0,0.0,5.0,0.0,0.0,16.0,0.0,0.0,0.0,0.0,0.0,0.0,0.0,0.0,0.0
False,14.0,11,2,0,23,60,Usergrid 1,-18,14,11,28,2,4,0,0,8,22,0,0,5,10,9,6,14.0,2.0,0.0,14.0,0.0,0.0,9.0,2.071428571428572,1.0,3.0499504589743425,9.302197802197805,9.0,0.0,0.0,0.0,0.0,0.0,0.0,0.0,1.0,2.0,1.2142857142857142,1.0,0.42581531362632,0.1813186813186812,1.0,0.0,5.0,0.3571428571428571,0.0,1.336306209562122,1.7857142857142858,5.0,0.0,0.0,0.0,0.0,0.0,0.0,0.0,0.0,0.0,0.0,0.0,0.0,0.0,0.0,0.0,1.0,0.0714285714285714,0.0,0.2672612419124243,0.0714285714285714,1.0,0.0,0.0,0.0,0.0,0.0,0.0,0.0,0.0,5.0,0.7142857142857143,0.0,1.3827826698682308,1.9120879120879124,5.0,11.0,0.0,3.0,0.0,0.0,12.0,0.0,0.0,0.0,0.0,0.0,0.0,0.0,0.0,0.0
False,18.0,9,4,0,23,61,Usergrid 2,-30,14,9,24,4,8,0,0,3,12,5,10,5,10,9,5,18.0,0.0,0.0,18.0,0.0,0.0,3.0,0.8888888888888888,1.0,0.9633818428657448,0.9281045751633988,3.0,0.0,0.0,0.0,0.0,0.0,0.0,0.0,1.0,2.0,1.1666666666666667,1.0,0.3834824944236852,0.1470588235294117,1.0,0.0,5.0,0.2777777777777778,0.0,1.1785113019775793,1.388888888888889,5.0,0.0,0.0,0.0,0.0,0.0,0.0,0.0,0.0,0.0,0.0,0.0,0.0,0.0,0.0,0.0,1.0,0.0555555555555555,0.0,0.2357022603955158,0.0555555555555555,1.0,0.0,0.0,0.0,0.0,0.0,0.0,0.0,0.0,5.0,0.5555555555555556,0.0,1.3382263161373769,1.790849673202615,5.0,15.0,9.0,3.0,0.0,0.0,9.0,0.0,0.0,0.0,0.0,0.0,0.0,0.0,0.0,0.0
True,20.0,18,2,0,23,64,Usergrid 3,-40,14,18,42,2,4,0,0,13,32,1,2,6,12,9,5,20.0,0.0,0.0,20.0,0.0,0.0,3.0,1.15,1.0,1.0894228312566052,1.1868421052631577,3.0,0.0,0.0,0.0,0.0,0.0,0.0,0.0,0.0,2.0,1.1,1.0,0.447213595499958,0.2,2.0,0.0,5.0,0.3,0.0,1.1285761872936697,1.2736842105263158,5.0,0.0,0.0,0.0,0.0,0.0,0.0,0.0,0.0,0.0,0.0,0.0,0.0,0.0,0.0,0.0,1.0,0.15,0.0,0.3663475485325232,0.1342105263157894,1.0,0.0,0.0,0.0,0.0,0.0,0.0,0.0,0.0,5.0,0.55,0.0,1.2763022245616642,1.6289473684210525,5.0,17.0,9.0,3.0,0.0,0.0,11.0,0.0,0.0,0.0,0.0,0.0,0.0,0.0,0.0,0.0
False,29.0,28,0,0,23,70,Usergrid 4,-58,14,28,66,0,0,0,0,25,60,1,2,2,4,9,6,29.0,2.0,0.0,28.0,1.0,0.0,8.0,1.4827586206896552,1.0,1.7448022740039797,3.044334975369458,8.0,0.0,1.0,0.0689655172413793,0.0,0.2578807147775637,0.0665024630541871,1.0,0.0,2.0,1.137931034482759,1.0,0.6394270834691721,0.4088669950738916,2.0,0.0,8.0,0.6551724137931034,0.0,1.7170544144170168,2.9482758620689644,8.0,0.0,0.0,0.0,0.0,0.0,0.0,0.0,0.0,0.0,0.0,0.0,0.0,0.0,0.0,0.0,3.0,0.2758620689655172,0.0,0.6489855668732951,0.4211822660098522,3.0,0.0,1.0,0.0344827586206896,0.0,0.1856953381770519,0.0344827586206896,1.0,0.0,5.0,0.5517241379310345,0.0,1.1207843840221814,1.2561576354679804,5.0,21.0,8.0,8.0,2.0,0.0,16.0,0.0,0.0,0.0,0.0,0.0,1.0,0.0,0.0,0.0
False,27.0,24,0,0,23,71,Usergrid 5,-50,14,24,58,0,0,0,0,20,50,0,0,4,8,9,6,27.0,2.0,0.0,27.0,0.0,0.0,5.0,1.1111111111111112,1.0,1.2506408613597129,1.5641025641025643,5.0,0.0,1.0,0.037037037037037,0.0,0.1924500897298752,0.037037037037037,1.0,0.0,2.0,1.148148148148148,1.0,0.4560451819471487,0.2079772079772079,2.0,0.0,8.0,0.7407407407407407,0.0,1.767061720061618,3.1225071225071237,8.0,0.0,0.0,0.0,0.0,0.0,0.0,0.0,0.0,0.0,0.0,0.0,0.0,0.0,0.0,0.0,3.0,0.1851851851851851,0.0,0.6224663745652351,0.3874643874643875,3.0,0.0,0.0,0.0,0.0,0.0,0.0,0.0,0.0,5.0,0.4074074074074074,0.0,1.0473137528296366,1.096866096866097,5.0,23.0,8.0,4.0,2.0,0.0,12.0,0.0,0.0,0.0,0.0,0.0,3.0,0.0,0.0,0.0
False,29.0,25,2,0,23,78,Usergrid 6,-66,8,25,61,2,11,0,0,24,64,1,2,2,6,9,6,29.0,0.0,0.0,29.0,0.0,0.0,5.0,0.6896551724137931,0.0,1.1983157309878751,1.4359605911330051,5.0,0.0,0.0,0.0,0.0,0.0,0.0,0.0,0.0,2.0,0.9655172413793104,1.0,0.5658595623783125,0.3201970443349752,2.0,0.0,8.0,0.5862068965517241,0.0,1.5240275911289034,2.322660098522168,8.0,0.0,0.0,0.0,0.0,0.0,0.0,0.0,0.0,0.0,0.0,0.0,0.0,0.0,0.0,0.0,1.0,0.1379310344827586,0.0,0.3509312031717981,0.1231527093596058,1.0,0.0,0.0,0.0,0.0,0.0,0.0,0.0,0.0,3.0,0.6551724137931034,0.0,0.9737945687202026,0.9482758620689654,3.0,26.0,8.0,3.0,3.0,0.0,17.0,0.0,0.0,0.0,0.0,0.0,1.0,0.0,0.0,0.0
False,31.0,28,2,0,23,79,Usergrid 7,-81,14,28,75,2,8,0,0,25,67,0,0,5,16,9,6,31.0,0.0,0.0,31.0,0.0,0.0,5.0,0.7419354838709677,0.0,1.2640607035920357,1.597849462365592,5.0,0.0,0.0,0.0,0.0,0.0,0.0,0.0,0.0,2.0,1.0,1.0,0.5773502691896257,0.3333333333333333,2.0,0.0,8.0,0.5806451612903226,0.0,1.4781563640424311,2.1849462365591403,8.0,0.0,0.0,0.0,0.0,0.0,0.0,0.0,0.0,0.0,0.0,0.0,0.0,0.0,0.0,0.0,1.0,0.1612903225806451,0.0,0.373878250552983,0.1397849462365591,1.0,0.0,0.0,0.0,0.0,0.0,0.0,0.0,0.0,4.0,0.8064516129032258,0.0,1.1949715432792998,1.4279569892473114,4.0,25.0,6.0,6.0,3.0,0.0,21.0,0.0,0.0,0.0,0.0,0.0,1.0,0.0,0.0,0.0
False,47.0,30,6,5,23,82,Usergrid 8,-4,14,30,83,6,22,5,19,26,72,4,11,1,3,9,6,47.0,0.0,0.0,45.0,0.0,0.0,3.0,0.5319148936170213,0.0,0.8559526558876865,0.7326549491211843,3.0,0.0,0.0,0.0,0.0,0.0,0.0,0.0,0.0,2.0,0.8723404255319149,1.0,0.6120891266657363,0.3746530989824238,2.0,0.0,8.0,0.9361702127659576,0.0,1.593522967722351,2.539315448658649,8.0,0.0,0.0,0.0,0.0,0.0,0.0,0.0,0.0,0.0,0.0,0.0,0.0,0.0,0.0,0.0,1.0,0.1276595744680851,0.0,0.3373181491782384,0.1137835337650323,1.0,0.0,1.0,0.0212765957446808,0.0,0.1458649914978945,0.0212765957446808,1.0,0.0,5.0,0.9787234042553192,1.0,1.2936191513688098,1.6734505087881597,5.0,36.0,6.0,11.0,3.0,2.0,37.0,0.0,0.0,0.0,0.0,0.0,1.0,0.0,0.0,0.0
False,24.0,13,2,1,23,83,Usergrid 9,-12,6,13,36,2,6,1,3,12,33,1,3,1,3,9,6,24.0,0.0,0.0,20.0,1.0,0.0,5.0,0.5416666666666666,0.0,1.3180739131701644,1.73731884057971,5.0,0.0,0.0,0.0,0.0,0.0,0.0,0.0,0.0,1.0,0.8333333333333334,1.0,0.3806934938134405,0.144927536231884,1.0,0.0,8.0,1.0,0.0,1.8881783261398664,3.565217391304348,8.0,0.0,0.0,0.0,0.0,0.0,0.0,0.0,0.0,0.0,0.0,0.0,0.0,0.0,0.0,0.0,0.0,0.0,0.0,0.0,0.0,0.0,0.0,1.0,0.0416666666666666,0.0,0.2041241452319315,0.0416666666666666,1.0,0.0,5.0,1.0833333333333333,0.0,1.6129008882638507,2.601449275362319,5.0,14.0,6.0,10.0,3.0,1.0,14.0,0.0,0.0,0.0,2.0,0.0,1.0,0.0,0.0,0.0
False,24.0,5,2,0,23,97,Usergrid 10,1,7,5,18,2,6,0,0,4,15,1,3,2,6,9,5,24.0,0.0,0.0,20.0,0.0,0.0,5.0,0.5833333333333334,0.0,1.2128538629008951,1.4710144927536233,5.0,0.0,0.0,0.0,0.0,0.0,0.0,0.0,0.0,1.0,0.75,1.0,0.4423258684646914,0.1956521739130435,1.0,0.0,8.0,0.75,0.0,1.799758437897322,3.239130434782609,8.0,0.0,0.0,0.0,0.0,0.0,0.0,0.0,0.0,0.0,0.0,0.0,0.0,0.0,0.0,0.0,1.0,0.0416666666666666,0.0,0.2041241452319315,0.0416666666666666,1.0,0.0,0.0,0.0,0.0,0.0,0.0,0.0,0.0,11.0,0.9583333333333334,0.0,2.3494526035295715,5.519927536231883,11.0,16.0,5.0,8.0,4.0,2.0,14.0,0.0,0.0,0.0,2.0,0.0,1.0,0.0,0.0,0.0
False,26.0,9,10,4,23,98,Usergrid 11,-6,14,9,27,10,24,4,9,4,15,3,7,8,20,9,6,26.0,0.0,0.0,22.0,1.0,0.0,3.0,0.5384615384615384,0.0,0.9046886417224096,0.8184615384615387,3.0,0.0,0.0,0.0,0.0,0.0,0.0,0.0,0.0,1.0,0.4615384615384615,0.0,0.508391127441794,0.2584615384615384,1.0,0.0,5.0,0.7307692307692307,0.0,1.4016473824094933,1.964615384615384,5.0,0.0,0.0,0.0,0.0,0.0,0.0,0.0,0.0,0.0,0.0,0.0,0.0,0.0,0.0,0.0,1.0,0.0384615384615384,0.0,0.196116135138184,0.0384615384615384,1.0,0.0,0.0,0.0,0.0,0.0,0.0,0.0,0.0,11.0,0.8076923076923077,0.0,2.227451113164655,4.961538461538461,11.0,17.0,10.0,9.0,0.0,2.0,16.0,0.0,0.0,0.0,1.0,0.0,0.0,0.0,0.0,0.0
False,18.0,15,1,1,23,103,Usergrid 12,-29,14,15,44,1,2,1,2,4,10,6,18,5,16,9,5,18.0,0.0,0.0,15.0,1.0,0.0,8.0,1.1111111111111112,0.0,1.967048816311287,3.8692810457516353,8.0,0.0,1.0,0.0555555555555555,0.0,0.2357022603955158,0.0555555555555555,1.0,0.0,1.0,0.2222222222222222,0.0,0.4277926319464986,0.1830065359477124,1.0,0.0,5.0,0.8333333333333334,0.0,1.4245742398014511,2.0294117647058822,5.0,0.0,0.0,0.0,0.0,0.0,0.0,0.0,0.0,0.0,0.0,0.0,0.0,0.0,0.0,0.0,0.0,0.0,0.0,0.0,0.0,0.0,0.0,1.0,0.0555555555555555,0.0,0.2357022603955158,0.0555555555555555,1.0,0.0,2.0,0.2777777777777778,0.0,0.5745131499601417,0.3300653594771242,2.0,13.0,13.0,5.0,0.0,1.0,5.0,0.0,0.0,0.0,1.0,0.0,0.0,0.0,0.0,0.0
False,26.0,15,4,5,23,107,Usergrid 13,5,14,15,33,4,13,5,21,14,25,0,0,0,0,9,6,26.0,0.0,0.0,22.0,2.0,0.0,9.0,1.5384615384615383,1.0,2.1583469458040194,4.658461538461538,9.0,0.0,1.0,0.1153846153846153,0.0,0.3258125936084211,0.1061538461538461,1.0,0.0,1.0,0.5384615384615384,1.0,0.508391127441794,0.2584615384615385,1.0,0.0,5.0,0.6153846153846154,0.0,1.1688258408136971,1.3661538461538465,5.0,0.0,0.0,0.0,0.0,0.0,0.0,0.0,0.0,0.0,0.0,0.0,0.0,0.0,0.0,0.0,1.0,0.0384615384615384,0.0,0.196116135138184,0.0384615384615384,1.0,0.0,0.0,0.0,0.0,0.0,0.0,0.0,0.0,10.0,0.7692307692307693,0.0,2.025985040570484,4.104615384615384,10.0,15.0,12.0,11.0,0.0,2.0,14.0,0.0,0.0,0.0,0.0,0.0,0.0,0.0,0.0,0.0
False,25.0,21,1,2,23,109,Usergrid 14,-23,14,21,48,1,5,2,6,18,41,0,0,2,6,9,6,25.0,0.0,0.0,19.0,2.0,0.0,10.0,1.08,0.0,2.215851980616033,4.909999999999999,10.0,0.0,1.0,0.08,0.0,0.2768874620972691,0.0766666666666666,1.0,0.0,1.0,0.48,0.0,0.5099019513592785,0.26,1.0,0.0,3.0,0.32,0.0,0.7483314773547882,0.5599999999999999,3.0,0.0,0.0,0.0,0.0,0.0,0.0,0.0,0.0,0.0,0.0,0.0,0.0,0.0,0.0,0.0,0.0,0.0,0.0,0.0,0.0,0.0,0.0,0.0,0.0,0.0,0.0,0.0,0.0,0.0,11.0,0.76,0.0,2.259793500890439,5.106666666666667,11.0,19.0,8.0,6.0,0.0,4.0,17.0,0.0,0.0,0.0,0.0,0.0,0.0,0.0,0.0,0.0
False,32.0,14,2,0,23,114,Usergrid 15,-9,7,14,29,2,8,0,0,9,22,1,5,6,10,9,5,32.0,0.0,0.0,26.0,1.0,0.0,11.0,0.75,0.0,2.079081683138325,4.32258064516129,11.0,0.0,0.0,0.0,0.0,0.0,0.0,0.0,0.0,2.0,0.59375,1.0,0.5599179087296003,0.313508064516129,2.0,0.0,12.0,0.71875,0.0,2.173660136060091,4.724798387096774,12.0,0.0,0.0,0.0,0.0,0.0,0.0,0.0,0.0,0.0,0.0,0.0,0.0,0.0,0.0,0.0,0.0,0.0,0.0,0.0,0.0,0.0,0.0,0.0,0.0,0.0,0.0,0.0,0.0,0.0,11.0,0.65625,0.0,2.009804596504106,4.039314516129032,11.0,28.0,11.0,4.0,1.0,4.0,20.0,0.0,0.0,0.0,1.0,0.0,0.0,0.0,0.0,0.0
False,17.0,13,3,8,23,123,Usergrid 16,-5,14,13,23,3,8,8,16,8,15,0,0,0,0,9,5,17.0,0.0,0.0,15.0,0.0,0.0,5.0,1.1176470588235294,0.0,1.536324873731809,2.360294117647059,5.0,0.0,1.0,0.0588235294117647,0.0,0.242535625036333,0.0588235294117647,1.0,0.0,1.0,0.5882352941176471,1.0,0.5072996561958923,0.2573529411764705,1.0,0.0,12.0,1.1176470588235294,0.0,2.869720215917757,8.235294117647058,12.0,0.0,0.0,0.0,0.0,0.0,0.0,0.0,0.0,0.0,0.0,0.0,0.0,0.0,0.0,0.0,0.0,0.0,0.0,0.0,0.0,0.0,0.0,0.0,0.0,0.0,0.0,0.0,0.0,0.0,4.0,0.5294117647058824,0.0,1.1788578719900635,1.3897058823529411,4.0,15.0,3.0,2.0,1.0,2.0,13.0,0.0,0.0,0.0,0.0,0.0,0.0,0.0,0.0,0.0
False,33.0,23,1,0,23,124,Usergrid 17,-17,7,23,46,1,3,0,0,7,13,3,6,14,30,9,4,33.0,0.0,0.0,31.0,0.0,0.0,5.0,0.6060606060606061,0.0,1.1709876691119,1.371212121212121,5.0,0.0,0.0,0.0,0.0,0.0,0.0,0.0,0.0,1.0,0.5757575757575758,1.0,0.5018903659106632,0.2518939393939394,1.0,0.0,12.0,0.696969696969697,0.0,2.08393930581076,4.342803030303029,12.0,0.0,0.0,0.0,0.0,0.0,0.0,0.0,0.0,0.0,0.0,0.0,0.0,0.0,0.0,0.0,0.0,0.0,0.0,0.0,0.0,0.0,0.0,0.0,0.0,0.0,0.0,0.0,0.0,0.0,4.0,0.2121212121212121,0.0,0.7398300378117159,0.547348484848485,4.0,26.0,21.0,7.0,1.0,2.0,11.0,0.0,0.0,0.0,0.0,0.0,0.0,0.0,0.0,0.0
False,22.0,18,1,0,23,125,Usergrid 18,-26,14,18,36,1,3,0,0,12,24,1,3,6,12,9,6,22.0,0.0,0.0,21.0,0.0,0.0,10.0,0.9090909090909092,0.0,2.244763025123373,5.038961038961039,10.0,0.0,0.0,0.0,0.0,0.0,0.0,0.0,0.0,1.0,0.8181818181818182,1.0,0.3947710169758613,0.1558441558441558,1.0,0.0,12.0,1.0454545454545454,0.0,2.553751166743742,6.521645021645025,12.0,0.0,0.0,0.0,0.0,0.0,0.0,0.0,0.0,0.0,0.0,0.0,0.0,0.0,0.0,0.0,0.0,0.0,0.0,0.0,0.0,0.0,0.0,0.0,0.0,0.0,0.0,0.0,0.0,0.0,4.0,0.2272727272727272,0.0,0.8691439785278707,0.7554112554112558,4.0,16.0,10.0,6.0,1.0,1.0,11.0,0.0,0.0,0.0,0.0,0.0,0.0,0.0,0.0,0.0
False,29.0,22,6,2,23,126,Usergrid 19,-37,14,22,48,6,8,2,7,19,36,2,4,5,9,9,5,29.0,0.0,0.0,29.0,0.0,0.0,3.0,0.7586206896551724,0.0,1.0231314820474688,1.04679802955665,3.0,0.0,0.0,0.0,0.0,0.0,0.0,0.0,0.0,2.0,0.8620689655172413,1.0,0.4411136823860458,0.1945812807881773,2.0,0.0,12.0,0.896551724137931,0.0,2.209473556984736,4.88177339901478,12.0,0.0,0.0,0.0,0.0,0.0,0.0,0.0,0.0,0.0,0.0,0.0,0.0,0.0,0.0,0.0,0.0,0.0,0.0,0.0,0.0,0.0,0.0,0.0,0.0,0.0,0.0,0.0,0.0,0.0,4.0,0.4827586206896552,0.0,1.0562970921090475,1.1157635467980296,4.0,26.0,15.0,3.0,1.0,0.0,13.0,0.0,0.0,0.0,0.0,0.0,0.0,0.0,0.0,0.0
False,40.0,23,1,1,23,129,Usergrid 20,8,6,23,43,1,5,1,5,8,19,1,2,14,22,9,6,40.0,0.0,0.0,40.0,0.0,0.0,4.0,0.6,0.0,1.0813097471264972,1.169230769230769,4.0,0.0,0.0,0.0,0.0,0.0,0.0,0.0,0.0,2.0,0.875,1.0,0.4043037700313199,0.1634615384615384,2.0,0.0,12.0,0.65,0.0,1.9155236279489665,3.66923076923077,12.0,0.0,0.0,0.0,0.0,0.0,0.0,0.0,0.0,0.0,0.0,0.0,0.0,0.0,0.0,0.0,2.0,0.05,0.0,0.3162277660168379,0.0999999999999999,2.0,0.0,0.0,0.0,0.0,0.0,0.0,0.0,0.0,4.0,0.325,0.0,0.9971112120675252,0.994230769230769,4.0,31.0,26.0,9.0,1.0,0.0,13.0,0.0,0.0,0.0,0.0,0.0,0.0,0.0,0.0,0.0
False,34.0,13,8,4,23,133,Usergrid 21,-12,14,13,35,8,20,4,13,17,42,0,0,0,0,9,6,34.0,0.0,0.0,33.0,0.0,0.0,8.0,0.8529411764705882,0.0,1.6168122947438697,2.6140819964349378,8.0,0.0,0.0,0.0,0.0,0.0,0.0,0.0,0.0,1.0,0.8235294117647058,1.0,0.3869529949759475,0.1497326203208556,1.0,0.0,1.0,0.1176470588235294,0.0,0.3270349700838643,0.106951871657754,1.0,0.0,0.0,0.0,0.0,0.0,0.0,0.0,0.0,0.0,0.0,0.0,0.0,0.0,0.0,0.0,0.0,0.0,0.0,0.0,0.0,0.0,0.0,0.0,0.0,0.0,0.0,0.0,0.0,0.0,3.0,0.2941176470588235,0.0,0.6755205294731985,0.4563279857397505,3.0,29.0,12.0,5.0,1.0,1.0,21.0,0.0,0.0,0.0,0.0,0.0,0.0,0.0,0.0,0.0
False,35.0,24,4,0,23,138,Usergrid 22,-40,7,24,69,4,8,0,0,23,66,1,3,4,8,9,7,35.0,0.0,0.0,32.0,1.0,0.0,6.0,0.4857142857142857,0.0,1.37992814330032,1.904201680672269,6.0,0.0,0.0,0.0,0.0,0.0,0.0,0.0,0.0,2.0,0.8285714285714286,1.0,0.45281565433046,0.2050420168067227,2.0,0.0,1.0,0.1714285714285714,0.0,0.3823852604310971,0.146218487394958,1.0,0.0,0.0,0.0,0.0,0.0,0.0,0.0,0.0,0.0,0.0,0.0,0.0,0.0,0.0,0.0,0.0,0.0,0.0,0.0,0.0,0.0,0.0,1.0,0.0285714285714285,0.0,0.1690308509457033,0.0285714285714285,1.0,0.0,9.0,0.7142857142857143,0.0,1.655142229030281,2.739495798319328,9.0,24.0,14.0,11.0,1.0,2.0,20.0,0.0,0.0,0.0,0.0,0.0,0.0,0.0,0.0,0.0
False,23.0,14,4,0,23,140,Usergrid 23,-10,14,14,33,4,11,0,0,5,17,1,2,12,25,9,7,23.0,0.0,0.0,22.0,1.0,0.0,7.0,0.9130434782608696,0.0,1.7032867552913655,2.9011857707509883,7.0,0.0,1.0,0.0434782608695652,0.0,0.2085144140570747,0.0434782608695652,1.0,0.0,1.0,0.6956521739130435,1.0,0.4704719688969648,0.2213438735177866,1.0,0.0,1.0,0.0869565217391304,0.0,0.2881040655200304,0.0830039525691699,1.0,0.0,0.0,0.0,0.0,0.0,0.0,0.0,0.0,0.0,0.0,0.0,0.0,0.0,0.0,0.0,0.0,0.0,0.0,0.0,0.0,0.0,0.0,0.0,0.0,0.0,0.0,0.0,0.0,0.0,1.0,0.217391304347826,0.0,0.4217411678366499,0.1778656126482213,1.0,16.0,9.0,7.0,1.0,0.0,13.0,0.0,0.0,0.0,0.0,0.0,0.0,0.0,0.0,0.0
False,17.0,14,1,0,23,146,Usergrid 24,-20,14,14,38,1,1,0,0,13,35,1,1,1,3,9,5,17.0,0.0,0.0,15.0,0.0,0.0,2.0,0.1176470588235294,0.0,0.485071250072666,0.2352941176470588,2.0,0.0,0.0,0.0,0.0,0.0,0.0,0.0,0.0,1.0,0.7058823529411765,1.0,0.4696682183138621,0.2205882352941176,1.0,0.0,1.0,0.1176470588235294,0.0,0.3321055820775357,0.1102941176470588,1.0,0.0,0.0,0.0,0.0,0.0,0.0,0.0,0.0,0.0,0.0,0.0,0.0,0.0,0.0,0.0,0.0,0.0,0.0,0.0,0.0,0.0,0.0,0.0,0.0,0.0,0.0,0.0,0.0,0.0,3.0,0.7058823529411765,0.0,0.919558717697852,0.8455882352941178,3.0,14.0,4.0,3.0,1.0,0.0,12.0,0.0,0.0,0.0,2.0,0.0,0.0,0.0,0.0,0.0
False,24.0,20,0,0,23,152,Usergrid 25,-33,7,20,57,0,0,0,0,14,37,2,13,4,7,9,8,24.0,0.0,0.0,21.0,0.0,0.0,2.0,0.3333333333333333,0.0,0.6370220572706061,0.4057971014492754,2.0,0.0,1.0,0.0833333333333333,0.0,0.2823298512866399,0.0797101449275362,1.0,0.0,2.0,0.8333333333333334,1.0,0.5646597025732799,0.3188405797101449,2.0,0.0,1.0,0.0833333333333333,0.0,0.2823298512866399,0.0797101449275362,1.0,0.0,0.0,0.0,0.0,0.0,0.0,0.0,0.0,0.0,0.0,0.0,0.0,0.0,0.0,0.0,3.0,0.875,1.0,0.9469631093315,0.8967391304347826,3.0,0.0,1.0,0.0416666666666666,0.0,0.2041241452319315,0.0416666666666666,1.0,0.0,10.0,1.6666666666666667,1.0,2.5309676215726813,6.405797101449275,10.0,16.0,3.0,8.0,1.0,2.0,20.0,0.0,0.0,0.0,1.0,0.0,0.0,0.0,0.0,0.0
False,32.0,1,19,11,35,8,Q2'14 Sprint 1,5,9,1,1,19,35,11,27,9,9,0,0,0,0,2,5,32.0,9.0,15.0,25.0,6.0,0.0,32.0,2.625,1.0,5.683876460031764,32.306451612903224,32.0,0.0,9.0,0.53125,0.0,1.883448707095063,3.5473790322580645,9.0,0.0,1.0,0.84375,1.0,0.3689020326284735,0.1360887096774193,1.0,0.0,10.0,1.5,1.0,2.1251185925162077,4.516129032258065,10.0,0.0,0.0,0.0,0.0,0.0,0.0,0.0,0.0,0.0,0.0,0.0,0.0,0.0,0.0,0.0,13.0,1.375,0.0,2.8708771279647216,8.241935483870968,13.0,0.0,0.0,0.0,0.0,0.0,0.0,0.0,0.0,2.0,0.25,0.0,0.5679618342470648,0.3225806451612903,2.0,19.0,7.0,13.0,1.0,1.0,0.0,0.0,0.0,0.0,0.0,0.0,0.0,0.0,0.0,0.0
False,30.0,17,2,0,35,12,Q2'14 Sprint 2,-16,13,17,38,2,2,0,0,9,23,6,13,4,4,2,4,30.0,6.0,9.0,22.0,4.0,0.0,17.0,1.5333333333333334,1.0,3.308644199182137,10.947126436781604,17.0,0.0,9.0,0.7333333333333333,0.0,1.9286109586656035,3.719540229885058,9.0,0.0,1.0,0.8666666666666667,1.0,0.3457459036417604,0.1195402298850575,1.0,0.0,2.0,0.6333333333333333,0.0,0.8087168778415268,0.6540229885057469,2.0,0.0,0.0,0.0,0.0,0.0,0.0,0.0,0.0,0.0,0.0,0.0,0.0,0.0,0.0,0.0,13.0,1.0666666666666669,0.0,2.702914561438593,7.305747126436782,13.0,0.0,0.0,0.0,0.0,0.0,0.0,0.0,0.0,2.0,0.1,0.0,0.4025778999364487,0.1620689655172413,2.0,16.0,15.0,14.0,0.0,2.0,0.0,1.0,0.0,0.0,1.0,0.0,0.0,0.0,0.0,0.0
False,31.0,21,5,2,35,13,Q2 Sprint 3,-18,12,21,52,5,5,2,2,17,34,5,19,2,2,2,3,31.0,11.0,4.0,27.0,1.0,0.0,7.0,1.1612903225806452,0.0,2.0016122533855616,4.006451612903226,7.0,0.0,9.0,0.7741935483870968,0.0,1.8922592743306408,3.580645161290323,9.0,0.0,1.0,0.5806451612903226,1.0,0.501610310127101,0.2516129032258065,1.0,0.0,2.0,0.3870967741935484,0.0,0.6672040844618538,0.4451612903225805,2.0,0.0,0.0,0.0,0.0,0.0,0.0,0.0,0.0,0.0,0.0,0.0,0.0,0.0,0.0,0.0,14.0,1.032258064516129,0.0,2.9152915345095067,8.498924731182795,14.0,0.0,0.0,0.0,0.0,0.0,0.0,0.0,0.0,2.0,0.1935483870967742,0.0,0.4774484152736417,0.2279569892473118,2.0,13.0,16.0,18.0,0.0,2.0,0.0,0.0,0.0,0.0,1.0,0.0,0.0,0.0,0.0,0.0
False,37.0,14,11,3,35,20,Q2 Sprint 4,8,12,14,27,11,11,3,10,3,5,6,6,13,17,2,7,37.0,11.0,4.0,32.0,3.0,0.0,9.0,1.7837837837837838,1.0,2.2989748335476152,5.285285285285286,9.0,0.0,9.0,0.6486486486486487,0.0,1.7672360122867354,3.123123123123123,9.0,0.0,1.0,0.6216216216216216,1.0,0.4916723926983715,0.2417417417417416,1.0,0.0,3.0,0.4594594594594595,0.0,0.8364805435272835,0.6996996996996997,3.0,0.0,0.0,0.0,0.0,0.0,0.0,0.0,0.0,0.0,0.0,0.0,0.0,0.0,0.0,0.0,14.0,1.2162162162162162,0.0,2.8395533210459463,8.063063063063062,14.0,0.0,0.0,0.0,0.0,0.0,0.0,0.0,0.0,1.0,0.1081081081081081,0.0,0.3148000938676784,0.0990990990990991,1.0,17.0,20.0,20.0,0.0,2.0,1.0,0.0,1.0,0.0,0.0,0.0,0.0,0.0,0.0,0.0
False,13.0,9,1,0,35,22,Q2 Sprint 5,3,4,9,9,1,1,0,0,3,3,1,1,6,6,2,5,13.0,2.0,0.0,13.0,0.0,0.0,7.0,2.769230769230769,2.0,2.27866357593825,5.192307692307692,7.0,0.0,0.0,0.0,0.0,0.0,0.0,0.0,0.0,1.0,0.6923076923076923,1.0,0.4803844614152613,0.2307692307692307,1.0,0.0,2.0,0.3846153846153846,0.0,0.650443635587991,0.4230769230769232,2.0,0.0,0.0,0.0,0.0,0.0,0.0,0.0,0.0,0.0,0.0,0.0,0.0,0.0,0.0,0.0,8.0,1.3846153846153846,1.0,2.103111248383433,4.4230769230769225,8.0,0.0,0.0,0.0,0.0,0.0,0.0,0.0,0.0,2.0,0.3076923076923077,0.0,0.6304251719561151,0.3974358974358973,2.0,6.0,9.0,7.0,0.0,0.0,0.0,0.0,2.0,0.0,0.0,0.0,0.0,0.0,0.0,0.0
False,17.0,6,5,0,35,24,Q3 Sprint 1,-8,9,6,13,5,5,0,0,0,0,5,7,6,6,2,5,17.0,6.0,2.0,17.0,0.0,0.0,10.0,2.3529411764705883,2.0,2.6443613706949227,6.99264705882353,10.0,0.0,1.0,0.1176470588235294,0.0,0.3321055820775357,0.1102941176470588,1.0,0.0,1.0,0.8235294117647058,1.0,0.3929526239966879,0.1544117647058823,1.0,0.0,3.0,0.4705882352941176,0.0,0.7998161553463027,0.639705882352941,3.0,0.0,0.0,0.0,0.0,0.0,0.0,0.0,0.0,0.0,0.0,0.0,0.0,0.0,0.0,0.0,3.0,0.6470588235294118,0.0,0.8617697249402124,0.7426470588235294,3.0,0.0,0.0,0.0,0.0,0.0,0.0,0.0,0.0,2.0,0.1764705882352941,0.0,0.5285941398709244,0.2794117647058823,2.0,4.0,7.0,13.0,0.0,0.0,1.0,0.0,1.0,0.0,0.0,0.0,0.0,0.0,0.0,0.0
False,17.0,7,1,0,35,25,Q3 Sprint 2,9,9,7,19,1,1,0,0,1,6,4,7,3,7,2,3,17.0,4.0,4.0,13.0,3.0,0.0,11.0,1.9411764705882355,1.0,2.8825029972944978,8.308823529411764,11.0,0.0,1.0,0.0588235294117647,0.0,0.242535625036333,0.0588235294117647,1.0,0.0,1.0,0.8823529411764706,1.0,0.3321055820775357,0.1102941176470588,1.0,0.0,3.0,0.6470588235294118,0.0,0.8617697249402124,0.7426470588235294,3.0,0.0,0.0,0.0,0.0,0.0,0.0,0.0,0.0,0.0,0.0,0.0,0.0,0.0,0.0,0.0,2.0,0.4117647058823529,0.0,0.7122871199007256,0.5073529411764706,2.0,0.0,0.0,0.0,0.0,0.0,0.0,0.0,0.0,2.0,0.1764705882352941,0.0,0.5285941398709244,0.2794117647058823,2.0,6.0,9.0,11.0,0.0,1.0,0.0,0.0,0.0,0.0,0.0,0.0,0.0,0.0,0.0,0.0
False,7.0,0,0,0,35,26,Aurora Q3 Sprint 2,0,11,0,0,0,0,0,0,0,0,0,0,0,0,2,1,7.0,0.0,0.0,7.0,0.0,1.0,3.0,1.5714285714285714,1.0,0.7867957924694431,0.619047619047619,2.0,0.0,0.0,0.0,0.0,0.0,0.0,0.0,1.0,1.0,1.0,1.0,0.0,0.0,0.0,0.0,2.0,0.2857142857142857,0.0,0.7559289460184545,0.5714285714285715,2.0,0.0,0.0,0.0,0.0,0.0,0.0,0.0,0.0,0.0,0.0,0.0,0.0,0.0,0.0,0.0,1.0,0.7142857142857143,1.0,0.4879500364742665,0.238095238095238,1.0,0.0,0.0,0.0,0.0,0.0,0.0,0.0,0.0,0.0,0.0,0.0,0.0,0.0,0.0,7.0,0.0,0.0,0.0,0.0,0.0,0.0,0.0,0.0,0.0,7.0,0.0,0.0,0.0,0.0
False,11.0,6,3,0,35,30,Q3 Sprint 3,-15,11,6,23,3,5,0,0,2,11,2,7,5,10,2,4,11.0,2.0,2.0,10.0,1.0,1.0,6.0,2.636363636363636,2.0,1.5666989036012806,2.454545454545455,5.0,0.0,1.0,0.1818181818181818,0.0,0.4045199174779452,0.1636363636363636,1.0,0.0,1.0,0.7272727272727273,1.0,0.4670993664969137,0.2181818181818181,1.0,0.0,4.0,0.5454545454545454,0.0,1.2135597524338355,1.4727272727272729,4.0,0.0,0.0,0.0,0.0,0.0,0.0,0.0,0.0,0.0,0.0,0.0,0.0,0.0,0.0,0.0,2.0,0.6363636363636364,1.0,0.674199862463242,0.4545454545454545,2.0,0.0,0.0,0.0,0.0,0.0,0.0,0.0,0.0,2.0,0.3636363636363636,0.0,0.8090398349558904,0.6545454545454543,2.0,3.0,6.0,8.0,0.0,0.0,0.0,0.0,1.0,0.0,0.0,0.0,0.0,0.0,0.0,0.0
False,14.0,9,2,0,35,31,Q3 Sprint 4,-12,11,9,26,2,3,0,0,4,15,1,2,6,12,2,7,14.0,4.0,1.0,10.0,3.0,0.0,44.0,7.0,2.0,12.569805089976535,158.0,44.0,0.0,1.0,0.4285714285714285,0.0,0.5135525910130955,0.2637362637362637,1.0,0.0,1.0,0.7857142857142857,1.0,0.4258153136263201,0.1813186813186813,1.0,0.0,6.0,1.0714285714285714,0.0,1.859043828435456,3.456043956043956,6.0,0.0,0.0,0.0,0.0,0.0,0.0,0.0,0.0,0.0,0.0,0.0,0.0,0.0,0.0,0.0,8.0,1.2857142857142858,0.0,2.2336094083368714,4.989010989010989,8.0,0.0,0.0,0.0,0.0,0.0,0.0,0.0,0.0,2.0,0.4285714285714285,0.0,0.8516306272526403,0.7252747252747255,2.0,3.0,9.0,11.0,0.0,0.0,0.0,1.0,0.0,0.0,0.0,0.0,0.0,0.0,0.0,0.0
False,22.0,0,7,2,35,36,Mesos Q3 Sprint 5,14,14,0,0,7,11,2,2,5,9,0,0,0,0,2,5,22.0,5.0,2.0,18.0,2.0,0.0,4.0,1.5909090909090908,1.5,1.501081860941219,2.2532467532467537,4.0,0.0,1.0,0.2727272727272727,0.0,0.4558423058385518,0.2077922077922077,1.0,0.0,1.0,0.7272727272727273,1.0,0.4558423058385518,0.2077922077922077,1.0,0.0,8.0,1.2272727272727273,1.0,1.8754508837386323,3.517316017316017,8.0,0.0,0.0,0.0,0.0,0.0,0.0,0.0,0.0,0.0,0.0,0.0,0.0,0.0,0.0,0.0,1.0,0.2727272727272727,0.0,0.4558423058385519,0.2077922077922078,1.0,0.0,0.0,0.0,0.0,0.0,0.0,0.0,0.0,2.0,0.1363636363636363,0.0,0.4675625290960757,0.2186147186147186,2.0,3.0,12.0,19.0,1.0,1.0,1.0,0.0,1.0,0.0,1.0,0.0,0.0,0.0,0.0,0.0
False,16.0,10,1,0,35,38,Mesos Q3 Sprint 6,-28,14,10,41,1,1,0,0,3,23,4,12,4,7,2,7,16.0,4.0,2.0,14.0,2.0,0.0,35.0,3.9375,2.0,8.504655587774655,72.32916666666667,35.0,0.0,1.0,0.3125,0.0,0.478713553878169,0.2291666666666666,1.0,0.0,1.0,0.75,1.0,0.4472135954999579,0.2,1.0,0.0,3.0,0.875,1.0,0.957427107756338,0.9166666666666666,3.0,0.0,0.0,0.0,0.0,0.0,0.0,0.0,0.0,0.0,0.0,0.0,0.0,0.0,0.0,0.0,1.0,0.1875,0.0,0.4031128874149275,0.1625,1.0,0.0,0.0,0.0,0.0,0.0,0.0,0.0,0.0,1.0,0.1875,0.0,0.4031128874149275,0.1625,1.0,3.0,9.0,13.0,0.0,0.0,1.0,0.0,0.0,0.0,0.0,0.0,0.0,0.0,0.0,0.0
False,19.0,14,0,0,35,43,Twitter Q4 Sprint 1,-18,14,14,45,0,0,0,0,7,16,2,18,5,11,2,6,19.0,1.0,2.0,14.0,3.0,0.0,5.0,2.1052631578947367,2.0,1.3289401308354825,1.7660818713450293,5.0,0.0,7.0,0.7894736842105263,0.0,1.6186052764450238,2.6198830409356724,7.0,0.0,1.0,0.8421052631578947,1.0,0.3746343246326776,0.1403508771929824,1.0,0.0,5.0,1.105263157894737,1.0,1.1496249070460265,1.3216374269005848,5.0,0.0,0.0,0.0,0.0,0.0,0.0,0.0,0.0,0.0,0.0,0.0,0.0,0.0,0.0,0.0,9.0,0.7894736842105263,0.0,2.043388997839429,4.175438596491229,9.0,0.0,0.0,0.0,0.0,0.0,0.0,0.0,0.0,5.0,0.4736842105263157,0.0,1.1722922015640782,1.3742690058479532,5.0,5.0,14.0,14.0,0.0,1.0,2.0,0.0,0.0,0.0,1.0,0.0,0.0,0.0,0.0,0.0
False,10.0,0,10,10,35,45,Mesosphere Q4 Sprint 1 10/31,0,12,0,0,10,30,10,30,0,0,0,0,0,0,2,4,10.0,1.0,1.0,8.0,2.0,0.0,5.0,3.3,3.5,1.7029386365926402,2.9000000000000004,5.0,0.0,7.0,1.2,0.5,2.14993539954628,4.622222222222222,7.0,0.0,1.0,0.8,1.0,0.4216370213557839,0.1777777777777778,1.0,0.0,5.0,1.4,1.0,1.4298407059684812,2.0444444444444447,5.0,0.0,0.0,0.0,0.0,0.0,0.0,0.0,0.0,0.0,0.0,0.0,0.0,0.0,0.0,0.0,10.0,1.2,0.0,3.1198290551460244,9.733333333333334,10.0,0.0,0.0,0.0,0.0,0.0,0.0,0.0,0.0,5.0,0.8,0.0,1.5491933384829668,2.4000000000000004,5.0,2.0,6.0,8.0,0.0,0.0,2.0,0.0,0.0,0.0,0.0,0.0,0.0,0.0,0.0,0.0
False,1.0,0,0,0,35,47,Mesosphere Q4 Sprint 2 - 11/14,0,10,0,0,0,0,0,0,0,0,0,0,0,0,2,1,1.0,0.0,0.0,0.0,0.0,0.0,0.0,0.0,0.0,0.0,0.0,0.0,0.0,0.0,0.0,0.0,0.0,0.0,0.0,1.0,1.0,1.0,1.0,0.0,0.0,0.0,0.0,0.0,0.0,0.0,0.0,0.0,0.0,0.0,0.0,0.0,0.0,0.0,0.0,0.0,0.0,0.0,0.0,0.0,0.0,0.0,0.0,0.0,0.0,0.0,0.0,0.0,0.0,0.0,0.0,0.0,0.0,0.0,0.0,0.0,0.0,0.0,0.0,0.0,0.0,0.0,0.0,0.0,0.0,1.0,1.0,0.0,1.0,0.0,0.0,0.0,0.0,0.0,0.0,0.0,0.0,0.0,0.0
False,23.0,15,6,0,35,49,Twitter Mesos Q4 Sprint 2,-22,14,15,40,6,14,0,0,5,13,7,25,9,16,2,6,23.0,5.0,3.0,16.0,7.0,0.0,5.0,2.260869565217391,2.0,1.7377464849194206,3.019762845849802,5.0,0.0,7.0,0.6956521739130435,0.0,1.4904173487710703,2.221343873517786,7.0,0.0,1.0,0.782608695652174,1.0,0.4217411678366499,0.1778656126482213,1.0,0.0,5.0,0.8260869565217391,0.0,1.2303796130035891,1.5138339920948616,5.0,0.0,0.0,0.0,0.0,0.0,0.0,0.0,0.0,0.0,0.0,0.0,0.0,0.0,0.0,0.0,10.0,0.8695652173913043,0.0,2.05170323536517,4.209486166007905,10.0,0.0,0.0,0.0,0.0,0.0,0.0,0.0,0.0,5.0,0.782608695652174,0.0,1.166054799083818,1.3596837944664033,5.0,8.0,11.0,15.0,0.0,0.0,3.0,0.0,1.0,0.0,0.0,0.0,0.0,0.0,0.0,0.0
False,26.0,3,2,0,35,51,Twitter Mesos Q4 Sprint 3,26,14,3,15,2,3,0,0,5,18,0,0,0,0,2,6,26.0,5.0,8.0,18.0,7.0,0.0,7.0,2.269230769230769,2.0,2.1271143327558546,4.524615384615384,7.0,0.0,1.0,0.2692307692307692,0.0,0.4523443208612048,0.2046153846153846,1.0,0.0,1.0,0.6923076923076923,1.0,0.4706787243316416,0.2215384615384614,1.0,0.0,5.0,1.0769230769230769,0.0,1.6473755351607462,2.7138461538461547,5.0,0.0,0.0,0.0,0.0,0.0,0.0,0.0,0.0,0.0,0.0,0.0,0.0,0.0,0.0,0.0,10.0,0.6153846153846154,0.0,1.9611613513818404,3.8461538461538463,10.0,0.0,1.0,0.0384615384615384,0.0,0.196116135138184,0.0384615384615384,1.0,0.0,2.0,0.1923076923076923,0.0,0.5670436151994496,0.3215384615384614,2.0,8.0,8.0,18.0,0.0,1.0,3.0,0.0,2.0,0.0,0.0,0.0,0.0,0.0,0.0,0.0
False,16.0,12,3,1,35,56,Twitter Mesos Q4 Sprint 4,-26,14,12,56,3,7,1,8,2,8,4,18,8,29,2,5,16.0,4.0,8.0,14.0,2.0,0.0,7.0,2.0,2.0,2.250925735484551,5.066666666666666,7.0,0.0,1.0,0.125,0.0,0.3415650255319866,0.1166666666666666,1.0,0.0,1.0,0.8125,1.0,0.4031128874149275,0.1625,1.0,0.0,5.0,0.9375,1.0,1.2893796958227628,1.6625,5.0,0.0,0.0,0.0,0.0,0.0,0.0,0.0,0.0,0.0,0.0,0.0,0.0,0.0,0.0,0.0,1.0,0.4375,0.0,0.51234753829798,0.2625,1.0,0.0,0.0,0.0,0.0,0.0,0.0,0.0,0.0,4.0,0.625,0.0,1.2041594578792296,1.45,4.0,4.0,3.0,12.0,0.0,0.0,1.0,0.0,0.0,0.0,0.0,0.0,0.0,0.0,0.0,0.0
False,10.0,7,1,0,35,57,Twitter Mesos Q4 Sprint 5,-33,14,7,37,1,5,0,0,4,28,3,13,1,1,2,6,10.0,1.0,5.0,8.0,1.0,0.0,6.0,1.0,0.0,2.0,4.0,6.0,0.0,1.0,0.1,0.0,0.3162277660168379,0.1,1.0,0.0,1.0,0.7,1.0,0.4830458915396479,0.2333333333333332,1.0,0.0,5.0,1.3,1.0,1.4944341180973264,2.2333333333333334,5.0,0.0,0.0,0.0,0.0,0.0,0.0,0.0,0.0,0.0,0.0,0.0,0.0,0.0,0.0,0.0,0.0,0.0,0.0,0.0,0.0,0.0,0.0,0.0,0.0,0.0,0.0,0.0,0.0,0.0,2.0,0.3,0.0,0.6749485577105528,0.4555555555555555,2.0,2.0,3.0,8.0,0.0,0.0,1.0,0.0,0.0,0.0,1.0,0.0,0.0,0.0,0.0,0.0
True,6.0,6,0,0,35,63,Twitter Mesos Q4 Sprint 6,-24,14,6,32,0,0,0,0,4,21,1,3,1,8,2,5,6.0,1.0,4.0,6.0,0.0,0.0,3.0,1.0,0.0,1.5491933384829668,2.4,3.0,0.0,0.0,0.0,0.0,0.0,0.0,0.0,0.0,1.0,0.6666666666666666,1.0,0.5163977794943223,0.2666666666666667,1.0,0.0,2.0,1.1666666666666667,1.0,0.752772652709081,0.5666666666666667,2.0,0.0,0.0,0.0,0.0,0.0,0.0,0.0,0.0,0.0,0.0,0.0,0.0,0.0,0.0,0.0,1.0,0.1666666666666666,0.0,0.408248290463863,0.1666666666666666,1.0,0.0,0.0,0.0,0.0,0.0,0.0,0.0,0.0,2.0,0.5,0.0,0.8366600265340756,0.7,2.0,1.0,1.0,5.0,0.0,0.0,0.0,0.0,0.0,0.0,0.0,0.0,0.0,0.0,0.0,0.0
False,19.0,11,0,0,35,72,Twitter Mesos Q1 Sprint 1,-16,14,11,41,0,0,0,0,6,32,3,5,2,4,2,6,19.0,4.0,5.0,16.0,3.0,0.0,6.0,1.0,0.0,1.5986105077709063,2.555555555555556,6.0,0.0,2.0,0.3157894736842105,0.0,0.5823927253578186,0.3391812865497076,2.0,0.0,1.0,0.8947368421052632,1.0,0.3153017676423058,0.0994152046783625,1.0,0.0,5.0,0.9473684210526316,0.0,1.3529262199858298,1.830409356725146,5.0,0.0,0.0,0.0,0.0,0.0,0.0,0.0,0.0,0.0,0.0,0.0,0.0,0.0,0.0,0.0,2.0,0.2105263157894736,0.0,0.5353033790313108,0.2865497076023391,2.0,0.0,0.0,0.0,0.0,0.0,0.0,0.0,0.0,2.0,0.2105263157894736,0.0,0.5353033790313108,0.2865497076023391,2.0,5.0,9.0,14.0,0.0,0.0,1.0,0.0,0.0,0.0,0.0,0.0,0.0,0.0,0.0,0.0
False,18.0,10,1,0,35,80,Twitter Mesos Q1 Sprint 2,-14,14,10,42,1,2,0,0,3,17,3,16,5,11,2,6,18.0,5.0,5.0,15.0,3.0,0.0,9.0,2.1666666666666665,1.0,2.8127859331777016,7.911764705882355,9.0,0.0,7.0,0.7222222222222222,0.0,1.6379885640466825,2.6830065359477127,7.0,0.0,1.0,0.9444444444444444,1.0,0.2357022603955158,0.0555555555555555,1.0,0.0,5.0,1.3888888888888888,1.0,1.685191170474659,2.8398692810457518,5.0,0.0,0.0,0.0,0.0,0.0,0.0,0.0,0.0,0.0,0.0,0.0,0.0,0.0,0.0,0.0,3.0,0.4444444444444444,0.0,0.7838233761296739,0.6143790849673202,3.0,0.0,0.0,0.0,0.0,0.0,0.0,0.0,0.0,1.0,0.1666666666666666,0.0,0.3834824944236852,0.1470588235294117,1.0,5.0,7.0,13.0,0.0,0.0,1.0,0.0,0.0,0.0,0.0,0.0,0.0,0.0,0.0,0.0
True,1.0,0,1,0,35,81,Mesosphere Q1 Sprint 4 - 3/6,0,14,0,0,1,1,0,0,0,0,1,1,0,0,2,2,1.0,0.0,0.0,1.0,0.0,6.0,6.0,6.0,6.0,0.0,0.0,0.0,0.0,0.0,0.0,0.0,0.0,0.0,0.0,1.0,1.0,1.0,1.0,0.0,0.0,0.0,2.0,2.0,2.0,2.0,0.0,0.0,0.0,0.0,0.0,0.0,0.0,0.0,0.0,0.0,0.0,0.0,0.0,0.0,0.0,0.0,0.0,0.0,0.0,0.0,0.0,0.0,0.0,0.0,0.0,0.0,0.0,0.0,0.0,0.0,0.0,0.0,0.0,0.0,0.0,0.0,0.0,0.0,0.0,1.0,1.0,0.0,0.0,0.0,0.0,0.0,0.0,0.0,0.0,0.0,0.0,0.0,0.0
False,20.0,10,0,0,35,87,Twitter Mesos Q1 Sprint 3,-19,13,10,49,0,0,0,0,5,28,2,7,3,14,2,8,20.0,8.0,4.0,18.0,2.0,0.0,6.0,1.7,1.0,2.054520048960085,4.221052631578948,6.0,0.0,7.0,0.8,0.0,1.6415653633362466,2.6947368421052635,7.0,0.0,1.0,0.85,1.0,0.3663475485325232,0.1342105263157894,1.0,0.0,5.0,1.25,1.0,1.4823523268955432,2.1973684210526314,5.0,0.0,0.0,0.0,0.0,0.0,0.0,0.0,0.0,0.0,0.0,0.0,0.0,0.0,0.0,0.0,1.0,0.15,0.0,0.3663475485325232,0.1342105263157894,1.0,0.0,0.0,0.0,0.0,0.0,0.0,0.0,0.0,3.0,0.2,0.0,0.6958523739384592,0.4842105263157892,3.0,7.0,7.0,13.0,0.0,0.0,0.0,0.0,1.0,0.0,0.0,0.0,0.0,0.0,0.0,0.0
False,18.0,8,5,0,35,93,Twitter Mesos Q1 Sprint 4,-20,14,8,41,5,10,0,0,5,28,3,16,5,7,2,8,18.0,7.0,5.0,16.0,1.0,0.0,12.0,2.611111111111111,1.5,3.220136805440358,10.369281045751634,12.0,0.0,2.0,0.4444444444444444,0.0,0.7047921864945659,0.496732026143791,2.0,1.0,1.0,1.0,1.0,0.0,0.0,0.0,0.0,4.0,1.1111111111111112,1.0,1.078609610939221,1.1633986928104576,4.0,0.0,0.0,0.0,0.0,0.0,0.0,0.0,0.0,0.0,0.0,0.0,0.0,0.0,0.0,0.0,1.0,0.2777777777777778,0.0,0.4608885989624768,0.2124183006535948,1.0,0.0,1.0,0.0555555555555555,0.0,0.2357022603955158,0.0555555555555555,1.0,0.0,3.0,0.2222222222222222,0.0,0.7320844981409597,0.5359477124183007,3.0,6.0,6.0,12.0,0.0,1.0,0.0,0.0,0.0,0.0,0.0,0.0,0.0,0.0,0.0,0.0
False,16.0,0,4,2,35,99,Twitter Mesos Q1 Sprint 5,11,14,0,0,4,18,2,11,2,7,0,0,0,0,2,6,16.0,9.0,2.0,12.0,2.0,0.0,12.0,2.875,1.0,3.5753787678137448,12.783333333333331,12.0,0.0,3.0,0.5625,0.0,0.8920949127381756,0.7958333333333333,3.0,0.0,1.0,0.9375,1.0,0.25,0.0625,1.0,0.0,4.0,1.0625,1.0,1.181453906563152,1.3958333333333333,4.0,0.0,0.0,0.0,0.0,0.0,0.0,0.0,0.0,0.0,0.0,0.0,0.0,0.0,0.0,0.0,0.0,0.0,0.0,0.0,0.0,0.0,0.0,1.0,0.0625,0.0,0.25,0.0625,1.0,0.0,3.0,0.4375,0.0,0.8139410298049853,0.6625,3.0,2.0,5.0,14.0,0.0,1.0,0.0,0.0,0.0,0.0,1.0,0.0,0.0,0.0,0.0,0.0
False,1.0,0,0,0,35,102,Mesosphere Q1 Sprint 6 - 4/3,0,14,0,0,0,0,0,0,0,0,0,0,0,0,2,1,1.0,1.0,0.0,1.0,0.0,0.0,0.0,0.0,0.0,0.0,0.0,0.0,0.0,0.0,0.0,0.0,0.0,0.0,0.0,0.0,0.0,0.0,0.0,0.0,0.0,0.0,1.0,1.0,1.0,1.0,0.0,0.0,0.0,0.0,0.0,0.0,0.0,0.0,0.0,0.0,0.0,0.0,0.0,0.0,0.0,0.0,0.0,0.0,0.0,0.0,0.0,0.0,0.0,0.0,0.0,0.0,0.0,0.0,0.0,0.0,0.0,0.0,0.0,0.0,0.0,0.0,0.0,0.0,0.0,0.0,1.0,0.0,0.0,0.0,0.0,0.0,0.0,0.0,0.0,0.0,0.0,0.0,0.0
False,18.0,8,3,0,35,104,Twitter Mesos Q1 Sprint 6,-18,7,8,38,3,8,0,0,3,20,2,5,6,21,2,6,18.0,13.0,3.0,13.0,5.0,0.0,30.0,4.0,1.5,7.259881703784241,52.70588235294117,30.0,0.0,2.0,0.2222222222222222,0.0,0.5483188805533162,0.3006535947712418,2.0,0.0,2.0,0.6666666666666666,1.0,0.5940885257860047,0.3529411764705883,2.0,0.0,4.0,0.7222222222222222,0.0,1.127493605332358,1.2712418300653592,4.0,0.0,0.0,0.0,0.0,0.0,0.0,0.0,0.0,0.0,0.0,0.0,0.0,0.0,0.0,0.0,1.0,0.2222222222222222,0.0,0.4277926319464986,0.1830065359477124,1.0,0.0,0.0,0.0,0.0,0.0,0.0,0.0,0.0,1.0,0.2777777777777778,0.0,0.4608885989624768,0.2124183006535948,1.0,6.0,2.0,12.0,0.0,0.0,0.0,0.0,0.0,0.0,0.0,0.0,0.0,0.0,0.0,0.0
True,1.0,0,1,0,35,106,Mesosphere Q1 Sprint 7 - 4/17,-1,14,0,0,1,1,0,0,0,0,1,1,0,0,2,2,1.0,0.0,0.0,1.0,0.0,6.0,6.0,6.0,6.0,0.0,0.0,0.0,1.0,1.0,1.0,1.0,0.0,0.0,0.0,0.0,0.0,0.0,0.0,0.0,0.0,0.0,8.0,8.0,8.0,8.0,0.0,0.0,0.0,0.0,0.0,0.0,0.0,0.0,0.0,0.0,0.0,0.0,0.0,0.0,0.0,0.0,0.0,0.0,0.0,0.0,0.0,0.0,0.0,0.0,0.0,0.0,0.0,0.0,0.0,0.0,0.0,0.0,0.0,0.0,0.0,0.0,0.0,0.0,0.0,0.0,1.0,1.0,0.0,0.0,0.0,0.0,0.0,0.0,0.0,0.0,0.0,0.0,0.0
True,1.0,1,0,0,35,108,Mesosphere Q2 Sprint 8 - 5/1,-1,14,1,1,0,0,0,0,1,1,0,0,0,0,2,2,1.0,0.0,0.0,1.0,0.0,7.0,7.0,7.0,7.0,0.0,0.0,0.0,1.0,1.0,1.0,1.0,0.0,0.0,0.0,0.0,0.0,0.0,0.0,0.0,0.0,0.0,8.0,8.0,8.0,8.0,0.0,0.0,0.0,0.0,0.0,0.0,0.0,0.0,0.0,0.0,0.0,0.0,0.0,0.0,0.0,0.0,0.0,0.0,0.0,0.0,0.0,0.0,0.0,0.0,0.0,0.0,0.0,0.0,0.0,0.0,0.0,0.0,0.0,0.0,0.0,0.0,0.0,0.0,0.0,0.0,1.0,1.0,0.0,0.0,0.0,0.0,0.0,0.0,0.0,0.0,0.0,0.0,0.0
False,10.0,0,0,0,35,113,Twitter Q2 Sprint 1 - 4/13,22,14,0,0,0,0,0,0,0,0,0,0,0,0,2,5,10.0,5.0,3.0,8.0,1.0,1.0,13.0,4.7,1.5,5.186520991955976,26.9,12.0,0.0,2.0,0.3,0.0,0.6749485577105528,0.4555555555555555,2.0,0.0,1.0,0.8,1.0,0.4216370213557839,0.1777777777777778,1.0,0.0,4.0,1.2,0.5,1.4757295747452437,2.177777777777778,4.0,0.0,0.0,0.0,0.0,0.0,0.0,0.0,0.0,0.0,0.0,0.0,0.0,0.0,0.0,0.0,1.0,0.1,0.0,0.3162277660168379,0.1,1.0,0.0,1.0,0.1,0.0,0.3162277660168379,0.1,1.0,0.0,1.0,0.1,0.0,0.3162277660168379,0.1,1.0,2.0,2.0,8.0,0.0,1.0,0.0,0.0,0.0,0.0,0.0,0.0,0.0,0.0,0.0,0.0
False,1.0,0,0,0,35,115,Mesosphere Q1 Sprint 9 - 5/15,0,14,0,0,0,0,0,0,0,0,0,0,0,0,2,2,1.0,0.0,0.0,1.0,0.0,9.0,9.0,9.0,9.0,0.0,0.0,0.0,1.0,1.0,1.0,1.0,0.0,0.0,0.0,0.0,0.0,0.0,0.0,0.0,0.0,0.0,8.0,8.0,8.0,8.0,0.0,0.0,0.0,0.0,0.0,0.0,0.0,0.0,0.0,0.0,0.0,0.0,0.0,0.0,0.0,0.0,0.0,0.0,0.0,0.0,0.0,0.0,0.0,0.0,0.0,0.0,0.0,0.0,0.0,0.0,0.0,0.0,0.0,0.0,0.0,0.0,0.0,0.0,0.0,0.0,1.0,1.0,0.0,0.0,0.0,0.0,0.0,0.0,0.0,0.0,0.0,0.0,0.0
False,16.0,5,3,1,35,118,Twitter Q2 Sprint 2,-16,14,5,17,3,7,1,1,4,16,2,6,1,1,2,4,16.0,5.0,7.0,12.0,3.0,0.0,2.0,0.625,1.0,0.6191391873668903,0.3833333333333333,2.0,0.0,2.0,0.25,0.0,0.5773502691896257,0.3333333333333333,2.0,0.0,1.0,0.75,1.0,0.4472135954999579,0.2,1.0,0.0,4.0,0.875,0.5,1.1474609652039005,1.3166666666666669,4.0,0.0,0.0,0.0,0.0,0.0,0.0,0.0,0.0,0.0,0.0,0.0,0.0,0.0,0.0,0.0,1.0,0.0625,0.0,0.25,0.0625,1.0,0.0,0.0,0.0,0.0,0.0,0.0,0.0,0.0,1.0,0.0625,0.0,0.25,0.0625,1.0,11.0,3.0,5.0,1.0,1.0,0.0,0.0,0.0,0.0,0.0,0.0,0.0,0.0,0.0,0.0
False,18.0,0,1,0,35,128,Twitter Q2 Sprint 3 - 5/11,34,14,0,0,1,5,0,0,1,5,0,0,0,0,2,3,18.0,6.0,8.0,17.0,0.0,0.0,5.0,1.3333333333333333,1.0,1.3719886811400708,1.882352941176471,5.0,0.0,2.0,0.1111111111111111,0.0,0.4714045207910317,0.2222222222222222,2.0,0.0,1.0,0.7777777777777778,1.0,0.4277926319464986,0.1830065359477124,1.0,0.0,3.0,0.6111111111111112,0.0,0.9785276387866012,0.9575163398692812,3.0,0.0,0.0,0.0,0.0,0.0,0.0,0.0,0.0,0.0,0.0,0.0,0.0,0.0,0.0,0.0,1.0,0.1666666666666666,0.0,0.3834824944236852,0.1470588235294117,1.0,0.0,0.0,0.0,0.0,0.0,0.0,0.0,0.0,3.0,0.3333333333333333,0.0,0.7669649888473704,0.5882352941176471,3.0,9.0,2.0,9.0,0.0,1.0,1.0,0.0,1.0,0.0,0.0,0.0,0.0,0.0,0.0,0.0
False,25.0,0,2,1,35,132,Twitter Q2 Sprint 3,36,13,0,0,2,4,1,3,1,1,0,0,0,0,2,4,25.0,10.0,9.0,25.0,0.0,0.0,14.0,1.44,1.0,2.770078217908898,7.673333333333335,14.0,0.0,2.0,0.32,0.0,0.5567764362830021,0.3099999999999999,2.0,0.0,1.0,0.68,1.0,0.4760952285695233,0.2266666666666666,1.0,0.0,3.0,0.6,0.0,1.0,1.0,3.0,0.0,0.0,0.0,0.0,0.0,0.0,0.0,0.0,0.0,0.0,0.0,0.0,0.0,0.0,0.0,1.0,0.16,0.0,0.374165738677394,0.1399999999999999,1.0,0.0,0.0,0.0,0.0,0.0,0.0,0.0,0.0,4.0,0.44,0.0,1.044030650891055,1.09,4.0,12.0,6.0,13.0,0.0,0.0,0.0,0.0,0.0,0.0,0.0,0.0,0.0,0.0,0.0,0.0
False,27.0,12,3,0,35,141,Twitter Mesos Q2 Sprint 5,-5,14,12,43,3,8,0,0,15,51,0,0,0,0,2,7,27.0,13.0,7.0,20.0,3.0,0.0,12.0,2.074074074074074,1.0,2.5709310783618085,6.6096866096866105,12.0,0.0,2.0,0.2222222222222222,0.0,0.5063696835418333,0.2564102564102564,2.0,0.0,1.0,0.7407407407407407,1.0,0.4465760847047224,0.1994301994301994,1.0,0.0,4.0,0.8518518518518519,0.0,1.166971877049041,1.3618233618233615,4.0,0.0,0.0,0.0,0.0,0.0,0.0,0.0,0.0,0.0,0.0,0.0,0.0,0.0,0.0,0.0,1.0,0.2592592592592592,0.0,0.4465760847047224,0.1994301994301994,1.0,0.0,0.0,0.0,0.0,0.0,0.0,0.0,0.0,2.0,0.2962962962962963,0.0,0.5417077564954128,0.2934472934472934,2.0,14.0,7.0,13.0,0.0,3.0,0.0,0.0,0.0,0.0,1.0,0.0,0.0,0.0,0.0,0.0
False,1.0,0,1,1,35,142,Mesosphere Sprint 12,0,14,0,0,1,3,1,3,0,0,0,0,0,0,2,1,1.0,1.0,0.0,1.0,0.0,3.0,3.0,3.0,3.0,0.0,0.0,0.0,0.0,0.0,0.0,0.0,0.0,0.0,0.0,0.0,0.0,0.0,0.0,0.0,0.0,0.0,0.0,0.0,0.0,0.0,0.0,0.0,0.0,0.0,0.0,0.0,0.0,0.0,0.0,0.0,0.0,0.0,0.0,0.0,0.0,0.0,0.0,0.0,0.0,0.0,0.0,0.0,0.0,0.0,0.0,0.0,0.0,0.0,0.0,0.0,0.0,2.0,2.0,2.0,2.0,0.0,0.0,0.0,1.0,0.0,0.0,0.0,0.0,0.0,0.0,0.0,0.0,0.0,0.0,0.0,0.0,0.0,0.0
False,1.0,0,1,1,35,143,Mesosphere Sprint 13,0,14,0,0,1,8,1,8,0,0,0,0,0,0,2,2,1.0,0.0,0.0,1.0,0.0,3.0,3.0,3.0,3.0,0.0,0.0,0.0,0.0,0.0,0.0,0.0,0.0,0.0,0.0,1.0,1.0,1.0,1.0,0.0,0.0,0.0,0.0,0.0,0.0,0.0,0.0,0.0,0.0,0.0,0.0,0.0,0.0,0.0,0.0,0.0,0.0,0.0,0.0,0.0,0.0,0.0,0.0,0.0,0.0,0.0,0.0,0.0,0.0,0.0,0.0,0.0,0.0,0.0,0.0,0.0,0.0,0.0,0.0,0.0,0.0,0.0,0.0,0.0,1.0,0.0,0.0,0.0,0.0,1.0,0.0,0.0,0.0,0.0,0.0,0.0,0.0,0.0,0.0
False,23.0,10,4,0,35,150,Twitter Mesos Q2 Sprint 6,-14,14,10,30,4,14,0,0,4,13,6,24,4,7,2,7,23.0,10.0,5.0,20.0,0.0,0.0,6.0,1.7826086956521738,2.0,1.5062452335384542,2.2687747035573125,6.0,0.0,2.0,0.3043478260869565,0.0,0.5587959953568722,0.3122529644268775,2.0,0.0,1.0,0.6086956521739131,1.0,0.4990108793478453,0.2490118577075098,1.0,0.0,4.0,0.8695652173913043,0.0,1.179535649239177,1.391304347826087,4.0,0.0,0.0,0.0,0.0,0.0,0.0,0.0,0.0,0.0,0.0,0.0,0.0,0.0,0.0,0.0,7.0,0.5652173913043478,0.0,1.4717363572115556,2.16600790513834,7.0,0.0,1.0,0.0434782608695652,0.0,0.2085144140570748,0.0434782608695652,1.0,0.0,3.0,0.3043478260869565,0.0,0.7648400075533119,0.5849802371541503,3.0,12.0,7.0,11.0,0.0,3.0,1.0,0.0,0.0,0.0,0.0,0.0,0.0,0.0,0.0,0.0
False,2.0,0,2,2,35,154,Mesosphere Sprint 14,0,14,0,0,2,26,2,26,0,0,0,0,0,0,2,1,2.0,0.0,2.0,2.0,0.0,0.0,0.0,0.0,0.0,0.0,0.0,0.0,0.0,0.0,0.0,0.0,0.0,0.0,0.0,0.0,0.0,0.0,0.0,0.0,0.0,0.0,5.0,6.0,5.5,5.5,0.7071067811865476,0.5,1.0,0.0,0.0,0.0,0.0,0.0,0.0,0.0,0.0,0.0,0.0,0.0,0.0,0.0,0.0,2.0,2.0,2.0,2.0,0.0,0.0,0.0,0.0,0.0,0.0,0.0,0.0,0.0,0.0,0.0,0.0,0.0,0.0,0.0,0.0,0.0,0.0,0.0,2.0,0.0,0.0,0.0,0.0,0.0,0.0,0.0,0.0,0.0,0.0,0.0,0.0
False,17.0,12,1,0,35,155,Twitter Mesos Q3 Sprint 1,-22,14,12,51,1,8,0,0,3,19,5,25,5,15,2,6,17.0,6.0,7.0,16.0,0.0,0.0,7.0,2.294117647058824,2.0,2.229481606852615,4.970588235294118,7.0,0.0,2.0,0.3529411764705882,0.0,0.6063390625908325,0.3676470588235294,2.0,0.0,1.0,0.4705882352941176,0.0,0.5144957554275266,0.2647058823529412,1.0,0.0,4.0,0.9411764705882352,0.0,1.2485285456935955,1.5588235294117645,4.0,0.0,0.0,0.0,0.0,0.0,0.0,0.0,0.0,0.0,0.0,0.0,0.0,0.0,0.0,0.0,7.0,0.6470588235294118,0.0,1.6934128435864448,2.867647058823529,7.0,0.0,0.0,0.0,0.0,0.0,0.0,0.0,0.0,2.0,0.3529411764705882,0.0,0.701888209634219,0.4926470588235294,2.0,8.0,4.0,9.0,0.0,0.0,0.0,0.0,0.0,0.0,1.0,0.0,0.0,0.0,0.0,0.0
False,21.0,16,2,1,37,7,Q2 Sprint 1,-8,4,16,18,2,2,1,3,3,3,5,5,9,9,2,6,21.0,0.0,10.0,17.0,1.0,0.0,11.0,1.5714285714285714,1.0,2.4611263391266323,6.057142857142859,11.0,0.0,1.0,0.0476190476190476,0.0,0.2182178902359924,0.0476190476190476,1.0,1.0,1.0,1.0,1.0,0.0,0.0,0.0,0.0,2.0,0.238095238095238,0.0,0.5389584311207967,0.2904761904761905,2.0,0.0,0.0,0.0,0.0,0.0,0.0,0.0,0.0,0.0,0.0,0.0,0.0,0.0,0.0,0.0,0.0,0.0,0.0,0.0,0.0,0.0,0.0,1.0,0.0476190476190476,0.0,0.2182178902359924,0.0476190476190476,1.0,0.0,1.0,0.1904761904761904,0.0,0.4023739080814782,0.1619047619047619,1.0,15.0,4.0,6.0,0.0,1.0,7.0,1.0,0.0,0.0,1.0,0.0,0.0,0.0,0.0,0.0
False,25.0,2,3,2,37,11,Q2 Sprint 2,12,4,2,2,3,3,2,2,3,3,0,0,0,0,2,6,25.0,0.0,16.0,23.0,1.0,0.0,11.0,1.96,1.0,2.922327839240491,8.539999999999997,11.0,0.0,0.0,0.0,0.0,0.0,0.0,0.0,0.0,1.0,0.92,1.0,0.2768874620972691,0.0766666666666666,1.0,0.0,3.0,0.44,0.0,0.8205689083394114,0.6733333333333335,3.0,0.0,0.0,0.0,0.0,0.0,0.0,0.0,0.0,0.0,0.0,0.0,0.0,0.0,0.0,0.0,2.0,0.16,0.0,0.5537749241945383,0.3066666666666667,2.0,0.0,0.0,0.0,0.0,0.0,0.0,0.0,0.0,1.0,0.24,0.0,0.4358898943540673,0.1899999999999999,1.0,16.0,3.0,9.0,0.0,0.0,6.0,0.0,0.0,0.0,1.0,0.0,0.0,0.0,0.0,0.0
False,1.0,0,0,0,37,13,Q2 Sprint 3,0,12,0,0,0,0,0,0,0,0,0,0,0,0,2,1,1.0,0.0,1.0,1.0,0.0,0.0,0.0,0.0,0.0,0.0,0.0,0.0,0.0,0.0,0.0,0.0,0.0,0.0,0.0,0.0,0.0,0.0,0.0,0.0,0.0,0.0,1.0,1.0,1.0,1.0,0.0,0.0,0.0,0.0,0.0,0.0,0.0,0.0,0.0,0.0,0.0,0.0,0.0,0.0,0.0,0.0,0.0,0.0,0.0,0.0,0.0,0.0,0.0,0.0,0.0,0.0,0.0,0.0,0.0,0.0,0.0,0.0,0.0,0.0,0.0,0.0,0.0,0.0,0.0,0.0,1.0,0.0,0.0,0.0,0.0,0.0,0.0,0.0,0.0,0.0,0.0,0.0,0.0
False,31.0,0,4,0,37,15,Q2 Sprint 3,19,4,0,0,4,4,0,0,4,4,0,0,0,0,2,4,31.0,0.0,16.0,27.0,4.0,0.0,12.0,1.1612903225806452,1.0,2.3251777594203906,5.406451612903227,12.0,0.0,0.0,0.0,0.0,0.0,0.0,0.0,1.0,1.0,1.0,1.0,0.0,0.0,0.0,0.0,2.0,0.1935483870967742,0.0,0.4774484152736417,0.2279569892473118,2.0,0.0,0.0,0.0,0.0,0.0,0.0,0.0,0.0,0.0,0.0,0.0,0.0,0.0,0.0,0.0,0.0,0.0,0.0,0.0,0.0,0.0,0.0,0.0,0.0,0.0,0.0,0.0,0.0,0.0,1.0,0.064516129032258,0.0,0.2497310381147074,0.0623655913978494,1.0,22.0,9.0,9.0,0.0,0.0,6.0,0.0,0.0,0.0,0.0,0.0,0.0,0.0,0.0,0.0
True,9.0,9,0,0,37,23,Q3 Sprint 1,-6,4,9,9,0,0,0,0,9,9,0,0,0,0,2,2,9.0,0.0,6.0,8.0,1.0,0.0,3.0,1.2222222222222223,1.0,0.8333333333333334,0.6944444444444444,3.0,0.0,0.0,0.0,0.0,0.0,0.0,0.0,0.0,1.0,0.8888888888888888,1.0,0.3333333333333333,0.1111111111111111,1.0,0.0,1.0,0.3333333333333333,0.0,0.5,0.25,1.0,0.0,0.0,0.0,0.0,0.0,0.0,0.0,0.0,0.0,0.0,0.0,0.0,0.0,0.0,0.0,0.0,0.0,0.0,0.0,0.0,0.0,0.0,0.0,0.0,0.0,0.0,0.0,0.0,0.0,1.0,0.1111111111111111,0.0,0.3333333333333333,0.1111111111111111,1.0,5.0,2.0,4.0,0.0,0.0,1.0,0.0,0.0,0.0,0.0,0.0,0.0,0.0,0.0,0.0
False,42.0,21,2,0,37,26,Aurora Q3 Sprint 2,6,11,21,21,2,2,0,0,17,17,0,0,6,6,2,8,42.0,0.0,17.0,36.0,1.0,0.0,8.0,2.357142857142857,1.0,2.3145502494313788,5.357142857142857,8.0,0.0,1.0,0.0238095238095238,0.0,0.1543033499620918,0.0238095238095238,1.0,1.0,1.0,1.0,1.0,0.0,0.0,0.0,0.0,4.0,0.4761904761904761,0.0,0.8333914033193509,0.694541231126597,4.0,0.0,0.0,0.0,0.0,0.0,0.0,0.0,0.0,0.0,0.0,0.0,0.0,0.0,0.0,0.0,1.0,0.119047619047619,0.0,0.3277700675615678,0.1074332171893147,1.0,0.0,1.0,0.0238095238095238,0.0,0.1543033499620918,0.0238095238095238,1.0,0.0,1.0,0.0238095238095238,0.0,0.1543033499620918,0.0238095238095238,1.0,27.0,11.0,15.0,0.0,3.0,7.0,0.0,0.0,0.0,2.0,7.0,0.0,0.0,0.0,0.0
False,23.0,16,1,0,37,39,Aurora Q3 Sprint 3,-5,10,16,16,1,1,0,0,10,10,2,2,5,5,2,7,23.0,0.0,8.0,17.0,1.0,0.0,13.0,2.0434782608695654,1.0,3.007237646224449,9.04347826086956,13.0,0.0,1.0,0.0434782608695652,0.0,0.2085144140570748,0.0434782608695652,1.0,1.0,1.0,1.0,1.0,0.0,0.0,0.0,0.0,4.0,0.6521739130434783,0.0,1.070628347881999,1.146245059288538,4.0,0.0,0.0,0.0,0.0,0.0,0.0,0.0,0.0,0.0,0.0,0.0,0.0,0.0,0.0,0.0,0.0,0.0,0.0,0.0,0.0,0.0,0.0,1.0,0.1739130434782608,0.0,0.3875533878815898,0.150197628458498,1.0,0.0,1.0,0.1304347826086956,0.0,0.3443502215750909,0.1185770750988142,1.0,10.0,5.0,13.0,0.0,3.0,10.0,0.0,0.0,0.0,2.0,0.0,0.0,0.0,0.0,0.0
False,48.0,24,4,1,37,42,Aurora Q4 Sprint 1,6,11,24,24,4,4,1,1,7,7,7,7,13,13,2,9,48.0,0.0,19.0,31.0,5.0,0.0,13.0,1.9166666666666667,1.0,2.7663120340090965,7.652482269503546,13.0,0.0,1.0,0.0416666666666666,0.0,0.2019409365234588,0.0407801418439716,1.0,0.0,1.0,0.9583333333333334,1.0,0.2019409365234588,0.0407801418439716,1.0,0.0,6.0,0.6458333333333334,0.0,1.1937707704925051,1.4250886524822692,6.0,0.0,0.0,0.0,0.0,0.0,0.0,0.0,0.0,0.0,0.0,0.0,0.0,0.0,0.0,0.0,1.0,0.0416666666666666,0.0,0.2019409365234588,0.0407801418439716,1.0,0.0,1.0,0.1458333333333333,0.0,0.3566739576374165,0.1272163120567376,1.0,0.0,3.0,0.2083333333333333,0.0,0.6174185563771672,0.3812056737588652,3.0,21.0,17.0,27.0,0.0,7.0,12.0,0.0,0.0,0.0,5.0,0.0,0.0,0.0,0.0,0.0
False,28.0,15,8,0,37,46,Twitter Aurora Q4 Sprint 2,-6,11,15,15,8,8,0,0,23,23,0,0,0,0,2,9,28.0,0.0,14.0,20.0,2.0,0.0,28.0,3.0,1.0,5.361039147473253,28.74074074074074,28.0,0.0,1.0,0.0357142857142857,0.0,0.1889822365046136,0.0357142857142857,1.0,1.0,1.0,1.0,1.0,0.0,0.0,0.0,0.0,2.0,0.4642857142857143,0.0,0.7444681351359534,0.5542328042328042,2.0,0.0,0.0,0.0,0.0,0.0,0.0,0.0,0.0,0.0,0.0,0.0,0.0,0.0,0.0,0.0,1.0,0.0357142857142857,0.0,0.1889822365046136,0.0357142857142857,1.0,0.0,1.0,0.1071428571428571,0.0,0.314970394174356,0.0992063492063492,1.0,0.0,3.0,0.2857142857142857,0.0,0.7628961803617725,0.5820105820105821,3.0,20.0,9.0,8.0,0.0,3.0,5.0,0.0,0.0,0.0,3.0,0.0,0.0,0.0,0.0,0.0
False,31.0,23,3,0,37,52,Twitter Aurora Q4 Sprint 3,-3,10,23,23,3,3,0,0,10,10,7,7,9,9,2,8,31.0,0.0,7.0,21.0,2.0,0.0,13.0,1.4193548387096775,1.0,2.377312117334576,5.651612903225806,13.0,0.0,0.0,0.0,0.0,0.0,0.0,0.0,0.0,1.0,0.935483870967742,1.0,0.2497310381147074,0.0623655913978494,1.0,0.0,3.0,0.4838709677419355,0.0,0.7690239589651062,0.5913978494623654,3.0,0.0,0.0,0.0,0.0,0.0,0.0,0.0,0.0,0.0,0.0,0.0,0.0,0.0,0.0,0.0,2.0,0.064516129032258,0.0,0.3592106040535499,0.1290322580645161,2.0,0.0,1.0,0.064516129032258,0.0,0.2497310381147074,0.0623655913978494,1.0,0.0,3.0,0.1612903225806451,0.0,0.5829107532346263,0.3397849462365594,3.0,12.0,16.0,19.0,0.0,2.0,8.0,0.0,0.0,0.0,6.0,0.0,0.0,0.0,0.0,0.0
False,14.0,8,2,0,37,53,Twitter Aurora Q4 Sprint 4,0,9,8,8,2,2,0,0,1,1,4,4,5,5,2,4,14.0,0.0,5.0,10.0,2.0,0.0,4.0,1.0,1.0,1.2403473458920846,1.5384615384615383,4.0,0.0,0.0,0.0,0.0,0.0,0.0,0.0,1.0,1.0,1.0,1.0,0.0,0.0,0.0,0.0,2.0,0.2142857142857142,0.0,0.5789342235218395,0.3351648351648352,2.0,0.0,0.0,0.0,0.0,0.0,0.0,0.0,0.0,0.0,0.0,0.0,0.0,0.0,0.0,0.0,0.0,0.0,0.0,0.0,0.0,0.0,0.0,1.0,0.0714285714285714,0.0,0.2672612419124243,0.0714285714285714,1.0,0.0,0.0,0.0,0.0,0.0,0.0,0.0,5.0,8.0,9.0,0.0,2.0,1.0,0.0,0.0,0.0,0.0,0.0,0.0,0.0,0.0,0.0
False,2.0,0,2,2,37,56,Twitter Mesos Q4 Sprint 4,0,14,0,0,2,2,2,2,0,0,0,0,0,0,2,1,2.0,0.0,0.0,2.0,0.0,1.0,4.0,2.5,2.5,2.1213203435596424,4.5,3.0,0.0,0.0,0.0,0.0,0.0,0.0,0.0,1.0,1.0,1.0,1.0,0.0,0.0,0.0,0.0,2.0,1.0,1.0,1.4142135623730951,2.0,2.0,0.0,0.0,0.0,0.0,0.0,0.0,0.0,0.0,0.0,0.0,0.0,0.0,0.0,0.0,0.0,0.0,0.0,0.0,0.0,0.0,0.0,0.0,0.0,0.0,0.0,0.0,0.0,0.0,0.0,0.0,0.0,0.0,0.0,0.0,0.0,0.0,1.0,2.0,0.0,0.0,1.0,0.0,0.0,0.0,0.0,0.0,0.0,0.0,0.0,0.0
False,29.0,9,14,2,37,59,Twitter Aurora Q4 Sprint 5,-11,12,9,16,14,14,2,2,7,14,5,5,9,9,2,8,29.0,0.0,16.0,22.0,5.0,0.0,7.0,1.3103448275862069,1.0,1.627957709960157,2.6502463054187184,7.0,0.0,2.0,0.1379310344827586,0.0,0.4411136823860458,0.1945812807881773,2.0,0.0,1.0,0.9310344827586208,1.0,0.2578807147775637,0.0665024630541872,1.0,0.0,6.0,0.7586206896551724,0.0,1.3798336445744126,1.903940886699507,6.0,0.0,0.0,0.0,0.0,0.0,0.0,0.0,0.0,0.0,0.0,0.0,0.0,0.0,0.0,0.0,1.0,0.0689655172413793,0.0,0.2578807147775637,0.0665024630541871,1.0,0.0,1.0,0.0344827586206896,0.0,0.1856953381770519,0.0344827586206896,1.0,0.0,2.0,0.2068965517241379,0.0,0.4913036844405175,0.2413793103448275,2.0,17.0,6.0,12.0,0.0,1.0,7.0,0.0,0.0,0.0,1.0,0.0,0.0,0.0,0.0,0.0
False,11.0,8,1,0,37,62,Twitter Aurora Q4 Sprint 6,-3,5,8,8,1,1,0,0,7,7,2,2,0,0,2,6,11.0,0.0,6.0,10.0,0.0,0.0,7.0,1.818181818181818,1.0,1.9908883353006928,3.9636363636363634,7.0,0.0,1.0,0.1818181818181818,0.0,0.4045199174779452,0.1636363636363636,1.0,0.0,1.0,0.9090909090909092,1.0,0.3015113445777636,0.0909090909090909,1.0,0.0,3.0,0.9090909090909092,1.0,1.0444659357341868,1.0909090909090906,3.0,0.0,0.0,0.0,0.0,0.0,0.0,0.0,0.0,0.0,0.0,0.0,0.0,0.0,0.0,0.0,1.0,0.0909090909090909,0.0,0.3015113445777636,0.0909090909090908,1.0,0.0,1.0,0.0909090909090909,0.0,0.3015113445777636,0.0909090909090908,1.0,0.0,0.0,0.0,0.0,0.0,0.0,0.0,7.0,3.0,4.0,0.0,1.0,2.0,0.0,0.0,0.0,0.0,0.0,0.0,0.0,0.0,0.0
False,17.0,11,4,1,37,73,Twitter Aurora Q1'15 Sprint 1,-29,11,11,33,4,4,1,1,8,26,5,9,1,1,2,4,17.0,0.0,5.0,11.0,1.0,0.0,2.0,0.7647058823529411,1.0,0.6642111641550714,0.4411764705882352,2.0,0.0,1.0,0.1176470588235294,0.0,0.3321055820775357,0.1102941176470588,1.0,0.0,1.0,0.9411764705882352,1.0,0.242535625036333,0.0588235294117647,1.0,0.0,5.0,0.8235294117647058,0.0,1.2862393885688164,1.6544117647058825,5.0,0.0,0.0,0.0,0.0,0.0,0.0,0.0,0.0,0.0,0.0,0.0,0.0,0.0,0.0,0.0,0.0,0.0,0.0,0.0,0.0,0.0,0.0,1.0,0.0588235294117647,0.0,0.242535625036333,0.0588235294117647,1.0,0.0,2.0,0.4117647058823529,0.0,0.6183469424008423,0.3823529411764706,2.0,10.0,10.0,7.0,0.0,2.0,2.0,0.0,0.0,0.0,3.0,0.0,0.0,0.0,0.0,0.0
False,21.0,14,2,0,37,76,Twitter Aurora Q1'15 Sprint 2,-20,13,14,43,2,13,0,0,11,36,2,9,3,11,2,7,21.0,0.0,10.0,18.0,0.0,0.0,7.0,1.1904761904761905,1.0,1.600595127415038,2.5619047619047617,7.0,0.0,1.0,0.0952380952380952,0.0,0.3007926037591191,0.0904761904761904,1.0,1.0,1.0,1.0,1.0,0.0,0.0,0.0,0.0,17.0,1.5714285714285714,0.0,3.80225497003329,14.457142857142856,17.0,0.0,0.0,0.0,0.0,0.0,0.0,0.0,0.0,0.0,0.0,0.0,0.0,0.0,0.0,0.0,0.0,0.0,0.0,0.0,0.0,0.0,0.0,1.0,0.0476190476190476,0.0,0.2182178902359924,0.0476190476190476,1.0,0.0,2.0,0.3809523809523809,0.0,0.5895922723535711,0.3476190476190475,2.0,13.0,5.0,8.0,0.0,3.0,6.0,0.0,0.0,0.0,0.0,0.0,0.0,0.0,0.0,0.0
False,21.0,16,1,0,37,85,Twitter Aurora Q1'15 Sprint 3,-19,12,16,58,1,3,0,0,12,41,4,17,1,3,2,4,21.0,0.0,7.0,18.0,0.0,0.0,8.0,1.0476190476190477,0.0,2.036570413125715,4.147619047619047,8.0,0.0,1.0,0.0476190476190476,0.0,0.2182178902359924,0.0476190476190476,1.0,0.0,1.0,0.9047619047619048,1.0,0.3007926037591191,0.0904761904761904,1.0,0.0,4.0,0.7619047619047619,0.0,1.0910894511799618,1.1904761904761905,4.0,0.0,0.0,0.0,0.0,0.0,0.0,0.0,0.0,0.0,0.0,0.0,0.0,0.0,0.0,0.0,0.0,0.0,0.0,0.0,0.0,0.0,0.0,0.0,0.0,0.0,0.0,0.0,0.0,0.0,2.0,0.4761904761904761,0.0,0.6796357567879737,0.4619047619047617,2.0,12.0,5.0,9.0,0.0,3.0,9.0,0.0,0.0,0.0,0.0,0.0,0.0,0.0,0.0,0.0
True,16.0,13,3,0,37,92,Twitter Aurora Q1'15 Sprint 4,-11,14,13,44,3,3,0,0,4,10,6,18,6,19,2,4,16.0,0.0,10.0,14.0,1.0,0.0,4.0,1.5,1.0,1.1547005383792517,1.3333333333333333,4.0,0.0,1.0,0.0625,0.0,0.25,0.0625,1.0,0.0,1.0,0.9375,1.0,0.25,0.0625,1.0,0.0,2.0,0.6875,0.5,0.7932002689527196,0.6291666666666667,2.0,0.0,0.0,0.0,0.0,0.0,0.0,0.0,0.0,0.0,0.0,0.0,0.0,0.0,0.0,0.0,0.0,0.0,0.0,0.0,0.0,0.0,0.0,1.0,0.0625,0.0,0.25,0.0625,1.0,0.0,1.0,0.1875,0.0,0.4031128874149275,0.1625,1.0,8.0,2.0,8.0,0.0,0.0,4.0,0.0,0.0,0.0,1.0,0.0,0.0,0.0,0.0,0.0
True,14.0,10,4,0,37,100,Twitter Aurora Q1'15 Sprint 5,-37,14,10,30,4,22,0,0,6,19,3,23,5,10,2,4,14.0,0.0,8.0,12.0,1.0,0.0,5.0,1.5714285714285714,1.0,1.6035674514745464,2.571428571428572,5.0,0.0,0.0,0.0,0.0,0.0,0.0,0.0,0.0,1.0,0.8571428571428571,1.0,0.3631365196012814,0.1318681318681318,1.0,0.0,2.0,0.7857142857142857,1.0,0.699293206753068,0.4890109890109891,2.0,0.0,0.0,0.0,0.0,0.0,0.0,0.0,0.0,0.0,0.0,0.0,0.0,0.0,0.0,0.0,1.0,0.0714285714285714,0.0,0.2672612419124243,0.0714285714285714,1.0,0.0,0.0,0.0,0.0,0.0,0.0,0.0,0.0,2.0,0.4285714285714285,0.0,0.646206172658864,0.4175824175824176,2.0,6.0,2.0,8.0,0.0,0.0,4.0,0.0,0.0,0.0,1.0,0.0,0.0,0.0,0.0,0.0
True,6.0,6,0,0,37,105,Twitter Aurora Q1'15 Sprint 6,-5,13,6,24,0,0,0,0,4,14,0,0,2,10,2,3,6.0,0.0,4.0,6.0,0.0,0.0,5.0,2.0,1.5,1.7888543819998317,3.2,5.0,0.0,0.0,0.0,0.0,0.0,0.0,0.0,0.0,1.0,0.8333333333333334,1.0,0.408248290463863,0.1666666666666666,1.0,0.0,2.0,0.8333333333333334,1.0,0.752772652709081,0.5666666666666667,2.0,0.0,0.0,0.0,0.0,0.0,0.0,0.0,0.0,0.0,0.0,0.0,0.0,0.0,0.0,0.0,1.0,0.1666666666666666,0.0,0.408248290463863,0.1666666666666666,1.0,0.0,0.0,0.0,0.0,0.0,0.0,0.0,0.0,2.0,0.6666666666666666,0.5,0.816496580927726,0.6666666666666667,2.0,3.0,0.0,3.0,0.0,0.0,2.0,0.0,0.0,0.0,0.0,0.0,0.0,0.0,0.0,0.0
True,5.0,5,0,0,37,112,Twitter Aurora Q2'15 Sprint 1,-5,14,5,12,0,0,0,0,5,12,0,0,0,0,2,3,5.0,0.0,4.0,5.0,0.0,0.0,2.0,0.6,0.0,0.8944271909999159,0.7999999999999999,2.0,0.0,0.0,0.0,0.0,0.0,0.0,0.0,1.0,1.0,1.0,1.0,0.0,0.0,0.0,0.0,2.0,0.6,0.0,0.8944271909999159,0.8,2.0,0.0,0.0,0.0,0.0,0.0,0.0,0.0,0.0,0.0,0.0,0.0,0.0,0.0,0.0,0.0,0.0,0.0,0.0,0.0,0.0,0.0,0.0,0.0,0.0,0.0,0.0,0.0,0.0,0.0,0.0,0.0,0.0,0.0,0.0,0.0,4.0,0.0,1.0,0.0,0.0,1.0,0.0,0.0,0.0,0.0,0.0,0.0,0.0,0.0,0.0
False,22.0,4,11,0,37,117,Twitter Aurora Q2'15 Sprint 2,5,14,4,10,11,22,0,0,2,8,5,13,8,11,2,4,22.0,0.0,7.0,15.0,3.0,0.0,4.0,0.9545454545454546,1.0,0.9989171626493848,0.9978354978354976,4.0,0.0,0.0,0.0,0.0,0.0,0.0,0.0,1.0,1.0,1.0,1.0,0.0,0.0,0.0,0.0,2.0,0.4545454545454545,0.0,0.6709817063202619,0.4502164502164502,2.0,0.0,0.0,0.0,0.0,0.0,0.0,0.0,0.0,0.0,0.0,0.0,0.0,0.0,0.0,0.0,0.0,0.0,0.0,0.0,0.0,0.0,0.0,1.0,0.0454545454545454,0.0,0.2132007163556104,0.0454545454545454,1.0,0.0,2.0,0.2272727272727272,0.0,0.5284134548067253,0.2792207792207791,2.0,12.0,5.0,10.0,0.0,2.0,10.0,2.0,0.0,0.0,0.0,0.0,0.0,0.0,0.0,0.0
False,12.0,7,2,0,37,127,Twitter Aurora Q2'15 Sprint 3,1,14,7,18,2,6,0,0,1,1,5,19,3,4,2,4,12.0,0.0,6.0,10.0,2.0,0.0,8.0,2.0,1.0,2.335496832484569,5.454545454545454,8.0,0.0,0.0,0.0,0.0,0.0,0.0,0.0,0.0,1.0,0.9166666666666666,1.0,0.2886751345948128,0.0833333333333333,1.0,0.0,4.0,1.0,1.0,1.2792042981336629,1.6363636363636365,4.0,0.0,0.0,0.0,0.0,0.0,0.0,0.0,0.0,0.0,0.0,0.0,0.0,0.0,0.0,0.0,0.0,0.0,0.0,0.0,0.0,0.0,0.0,0.0,0.0,0.0,0.0,0.0,0.0,0.0,1.0,0.25,0.0,0.4522670168666454,0.2045454545454545,1.0,4.0,5.0,8.0,0.0,0.0,1.0,0.0,0.0,0.0,0.0,0.0,0.0,0.0,0.0,0.0
False,5.0,4,0,0,37,131,Twitter Aurora Q2'15 Sprint 4,0,13,4,13,0,0,0,0,2,6,1,5,1,2,2,2,5.0,0.0,3.0,4.0,1.0,0.0,1.0,0.6,1.0,0.5477225575051662,0.3,1.0,0.0,0.0,0.0,0.0,0.0,0.0,0.0,1.0,1.0,1.0,1.0,0.0,0.0,0.0,0.0,0.0,0.0,0.0,0.0,0.0,0.0,0.0,0.0,0.0,0.0,0.0,0.0,0.0,0.0,0.0,0.0,0.0,0.0,0.0,0.0,0.0,0.0,0.0,0.0,0.0,0.0,0.0,0.0,0.0,0.0,0.0,0.0,0.0,0.0,0.0,1.0,0.2,0.0,0.447213595499958,0.2,1.0,2.0,2.0,3.0,0.0,0.0,0.0,0.0,0.0,0.0,0.0,0.0,0.0,0.0,0.0,0.0
False,7.0,0,1,0,37,139,Twitter Aurora Q2'15 Sprint 5,13,14,0,0,1,5,0,0,1,5,0,0,0,0,2,2,7.0,0.0,4.0,7.0,0.0,0.0,1.0,0.1428571428571428,0.0,0.3779644730092273,0.1428571428571429,1.0,0.0,0.0,0.0,0.0,0.0,0.0,0.0,1.0,1.0,1.0,1.0,0.0,0.0,0.0,0.0,2.0,0.4285714285714285,0.0,0.7867957924694431,0.619047619047619,2.0,0.0,0.0,0.0,0.0,0.0,0.0,0.0,0.0,0.0,0.0,0.0,0.0,0.0,0.0,0.0,0.0,0.0,0.0,0.0,0.0,0.0,0.0,0.0,0.0,0.0,0.0,0.0,0.0,0.0,4.0,0.5714285714285714,0.0,1.5118578920369092,2.2857142857142865,4.0,4.0,2.0,3.0,0.0,0.0,1.0,0.0,0.0,0.0,0.0,0.0,0.0,0.0,0.0,0.0
False,10.0,4,5,0,37,151,Twitter Aurora Q2'15 Sprint 6,0,14,4,13,5,11,0,0,1,1,4,9,4,14,2,4,10.0,0.0,5.0,9.0,0.0,0.0,4.0,1.8,1.5,1.4757295747452437,2.177777777777778,4.0,0.0,0.0,0.0,0.0,0.0,0.0,0.0,1.0,1.0,1.0,1.0,0.0,0.0,0.0,0.0,1.0,0.2,0.0,0.4216370213557839,0.1777777777777778,1.0,0.0,0.0,0.0,0.0,0.0,0.0,0.0,0.0,0.0,0.0,0.0,0.0,0.0,0.0,0.0,0.0,0.0,0.0,0.0,0.0,0.0,0.0,0.0,0.0,0.0,0.0,0.0,0.0,0.0,2.0,0.6,0.0,0.9660917830792958,0.9333333333333332,2.0,7.0,3.0,3.0,0.0,0.0,2.0,0.0,0.0,0.0,1.0,0.0,0.0,0.0,0.0,0.0
False,12.0,4,5,0,37,156,Twitter Aurora Q2'15 Sprint 7,0,14,4,12,5,16,0,0,3,10,1,5,5,13,2,3,12.0,0.0,0.0,9.0,1.0,0.0,7.0,1.8333333333333333,1.0,2.124888588879783,4.515151515151516,7.0,0.0,0.0,0.0,0.0,0.0,0.0,0.0,0.0,1.0,0.9166666666666666,1.0,0.2886751345948128,0.0833333333333333,1.0,0.0,2.0,0.5,0.0,0.674199862463242,0.4545454545454545,2.0,0.0,0.0,0.0,0.0,0.0,0.0,0.0,0.0,0.0,0.0,0.0,0.0,0.0,0.0,0.0,0.0,0.0,0.0,0.0,0.0,0.0,0.0,2.0,0.1666666666666666,0.0,0.5773502691896257,0.3333333333333332,2.0,0.0,1.0,0.0833333333333333,0.0,0.2886751345948128,0.0833333333333333,1.0,4.0,9.0,8.0,0.0,2.0,3.0,0.0,0.0,0.0,0.0,0.0,0.0,0.0,0.0,0.0
False,17.0,12,2,2,38,7,Q2 Sprint 1,-12,4,12,14,2,2,2,4,0,0,4,4,8,8,1,6,17.0,0.0,8.0,13.0,1.0,0.0,11.0,1.6470588235294117,1.0,2.6912166502947192,7.242647058823529,11.0,0.0,1.0,0.0588235294117647,0.0,0.242535625036333,0.0588235294117647,1.0,1.0,1.0,1.0,1.0,0.0,0.0,0.0,0.0,2.0,0.2352941176470588,0.0,0.562295714538387,0.3161764705882352,2.0,0.0,0.0,0.0,0.0,0.0,0.0,0.0,0.0,0.0,0.0,0.0,0.0,0.0,0.0,0.0,0.0,0.0,0.0,0.0,0.0,0.0,0.0,1.0,0.0588235294117647,0.0,0.242535625036333,0.0588235294117647,1.0,0.0,1.0,0.1764705882352941,0.0,0.3929526239966879,0.1544117647058823,1.0,13.0,4.0,4.0,0.0,1.0,5.0,1.0,0.0,0.0,1.0,0.0,0.0,0.0,0.0,0.0
False,14.0,1,3,3,38,11,Q2 Sprint 2,1,4,1,1,3,3,3,3,1,1,0,0,0,0,1,4,14.0,0.0,10.0,12.0,1.0,0.0,11.0,1.7142857142857142,1.0,2.9464077588342525,8.681318681318682,11.0,0.0,0.0,0.0,0.0,0.0,0.0,0.0,0.0,1.0,0.8571428571428571,1.0,0.3631365196012814,0.1318681318681318,1.0,0.0,3.0,0.5,0.0,0.9405399431259602,0.8846153846153846,3.0,0.0,0.0,0.0,0.0,0.0,0.0,0.0,0.0,0.0,0.0,0.0,0.0,0.0,0.0,0.0,2.0,0.2857142857142857,0.0,0.726273039202563,0.5274725274725276,2.0,0.0,0.0,0.0,0.0,0.0,0.0,0.0,0.0,1.0,0.3571428571428571,0.0,0.4972451580988468,0.2472527472527471,1.0,9.0,1.0,5.0,0.0,0.0,3.0,0.0,0.0,0.0,1.0,0.0,0.0,0.0,0.0,0.0
False,26.0,8,2,1,38,26,Aurora Q3 Sprint 2,-8,11,8,8,2,2,1,1,4,4,0,0,5,5,1,7,26.0,0.0,9.0,22.0,0.0,0.0,8.0,1.9230769230769231,1.0,2.20767890641872,4.873846153846154,8.0,0.0,1.0,0.0384615384615384,0.0,0.196116135138184,0.0384615384615384,1.0,1.0,1.0,1.0,1.0,0.0,0.0,0.0,0.0,4.0,0.5769230769230769,0.0,0.9454343731037887,0.893846153846154,4.0,0.0,0.0,0.0,0.0,0.0,0.0,0.0,0.0,0.0,0.0,0.0,0.0,0.0,0.0,0.0,1.0,0.1923076923076923,0.0,0.4019184762342502,0.1615384615384615,1.0,0.0,1.0,0.0384615384615384,0.0,0.196116135138184,0.0384615384615384,1.0,0.0,1.0,0.0384615384615384,0.0,0.196116135138184,0.0384615384615384,1.0,16.0,6.0,10.0,1.0,3.0,3.0,0.0,0.0,0.0,1.0,7.0,0.0,0.0,0.0,0.0
False,37.0,10,5,4,38,42,Aurora Q4 Sprint 1,-2,11,10,10,5,5,4,4,11,11,0,0,0,0,1,9,37.0,0.0,15.0,23.0,2.0,0.0,10.0,1.4864864864864864,1.0,2.352559145810055,5.5345345345345365,10.0,0.0,1.0,0.027027027027027,0.0,0.1643989873053573,0.027027027027027,1.0,0.0,1.0,0.945945945945946,1.0,0.2292434351351256,0.0525525525525525,1.0,0.0,6.0,0.5945945945945946,0.0,1.1892915598853018,1.4144144144144142,6.0,0.0,0.0,0.0,0.0,0.0,0.0,0.0,0.0,0.0,0.0,0.0,0.0,0.0,0.0,0.0,1.0,0.027027027027027,0.0,0.1643989873053573,0.027027027027027,1.0,0.0,1.0,0.1891891891891892,0.0,0.3970612769556578,0.1576576576576576,1.0,0.0,3.0,0.1621621621621621,0.0,0.6015495506289251,0.3618618618618618,3.0,18.0,12.0,19.0,1.0,8.0,9.0,0.0,0.0,0.0,4.0,0.0,0.0,0.0,0.0,0.0
False,25.0,13,7,3,38,46,Twitter Aurora Q4 Sprint 2,-14,11,13,13,7,7,3,3,17,17,0,0,0,0,1,8,25.0,0.0,13.0,18.0,2.0,0.0,10.0,1.88,1.0,2.1855586623714007,4.776666666666667,10.0,0.0,1.0,0.04,0.0,0.2,0.04,1.0,1.0,1.0,1.0,1.0,0.0,0.0,0.0,0.0,2.0,0.4,0.0,0.7071067811865476,0.5000000000000001,2.0,0.0,0.0,0.0,0.0,0.0,0.0,0.0,0.0,0.0,0.0,0.0,0.0,0.0,0.0,0.0,1.0,0.04,0.0,0.2,0.04,1.0,0.0,1.0,0.08,0.0,0.2768874620972691,0.0766666666666666,1.0,0.0,3.0,0.32,0.0,0.8020806277010643,0.6433333333333332,3.0,18.0,8.0,7.0,0.0,3.0,4.0,0.0,0.0,0.0,2.0,0.0,0.0,0.0,0.0,0.0
False,25.0,16,3,3,38,52,Twitter Aurora Q4 Sprint 3,-13,10,16,16,3,3,3,3,2,2,7,7,7,7,1,7,25.0,0.0,6.0,18.0,1.0,0.0,13.0,1.4,1.0,2.598076211353316,6.75,13.0,0.0,0.0,0.0,0.0,0.0,0.0,0.0,0.0,1.0,0.92,1.0,0.2768874620972691,0.0766666666666666,1.0,0.0,3.0,0.56,0.0,0.8205689083394114,0.6733333333333333,3.0,0.0,0.0,0.0,0.0,0.0,0.0,0.0,0.0,0.0,0.0,0.0,0.0,0.0,0.0,0.0,0.0,0.0,0.0,0.0,0.0,0.0,0.0,1.0,0.04,0.0,0.2,0.04,1.0,0.0,3.0,0.16,0.0,0.6244997998398399,0.3900000000000001,3.0,9.0,13.0,16.0,0.0,1.0,6.0,0.0,0.0,0.0,5.0,0.0,0.0,0.0,0.0,0.0
False,10.0,4,2,0,38,53,Twitter Aurora Q4 Sprint 4,-6,9,4,4,2,2,0,0,0,0,4,4,2,2,1,4,10.0,0.0,3.0,6.0,2.0,0.0,4.0,1.0,0.5,1.4142135623730951,2.0,4.0,0.0,0.0,0.0,0.0,0.0,0.0,0.0,1.0,1.0,1.0,1.0,0.0,0.0,0.0,0.0,2.0,0.2,0.0,0.6324555320336759,0.4000000000000001,2.0,0.0,0.0,0.0,0.0,0.0,0.0,0.0,0.0,0.0,0.0,0.0,0.0,0.0,0.0,0.0,0.0,0.0,0.0,0.0,0.0,0.0,0.0,0.0,0.0,0.0,0.0,0.0,0.0,0.0,0.0,0.0,0.0,0.0,0.0,0.0,3.0,6.0,7.0,0.0,2.0,1.0,0.0,0.0,0.0,0.0,0.0,0.0,0.0,0.0,0.0
False,25.0,4,14,9,38,59,Twitter Aurora Q4 Sprint 5,-6,12,4,4,14,14,9,9,9,9,0,0,0,0,1,8,25.0,0.0,15.0,18.0,5.0,0.0,7.0,1.16,1.0,1.624807680927192,2.6399999999999992,7.0,0.0,2.0,0.16,0.0,0.4725815626252608,0.2233333333333333,2.0,0.0,1.0,0.92,1.0,0.2768874620972691,0.0766666666666666,1.0,0.0,6.0,0.76,0.0,1.451436070471816,2.1066666666666665,6.0,0.0,0.0,0.0,0.0,0.0,0.0,0.0,0.0,0.0,0.0,0.0,0.0,0.0,0.0,0.0,1.0,0.08,0.0,0.2768874620972691,0.0766666666666666,1.0,0.0,1.0,0.04,0.0,0.2,0.04,1.0,0.0,2.0,0.2,0.0,0.5,0.25,2.0,16.0,5.0,9.0,0.0,1.0,5.0,0.0,0.0,0.0,1.0,0.0,0.0,0.0,0.0,0.0
False,5.0,2,1,1,38,62,Twitter Aurora Q4 Sprint 6,-2,5,2,2,1,1,1,1,1,1,1,1,0,0,1,1,5.0,0.0,3.0,4.0,0.0,0.0,7.0,2.0,1.0,2.9154759474226504,8.5,7.0,0.0,1.0,0.4,0.0,0.5477225575051662,0.3,1.0,0.0,1.0,0.8,1.0,0.447213595499958,0.2,1.0,0.0,2.0,0.8,1.0,0.8366600265340756,0.7000000000000001,2.0,0.0,0.0,0.0,0.0,0.0,0.0,0.0,0.0,0.0,0.0,0.0,0.0,0.0,0.0,0.0,0.0,0.0,0.0,0.0,0.0,0.0,0.0,1.0,0.2,0.0,0.447213595499958,0.2,1.0,0.0,0.0,0.0,0.0,0.0,0.0,0.0,2.0,2.0,3.0,0.0,1.0,0.0,0.0,0.0,0.0,0.0,0.0,0.0,0.0,0.0,0.0
False,15.0,10,4,2,38,73,Twitter Aurora Q1'15 Sprint 1,-26,11,10,32,4,4,2,2,6,24,5,9,1,1,1,4,15.0,0.0,4.0,9.0,1.0,0.0,2.0,0.7333333333333333,1.0,0.7037315505489968,0.4952380952380952,2.0,0.0,1.0,0.1333333333333333,0.0,0.3518657752744984,0.1238095238095238,1.0,0.0,1.0,0.9333333333333332,1.0,0.2581988897471611,0.0666666666666666,1.0,0.0,5.0,0.8666666666666667,0.0,1.3557637102737472,1.8380952380952371,5.0,0.0,0.0,0.0,0.0,0.0,0.0,0.0,0.0,0.0,0.0,0.0,0.0,0.0,0.0,0.0,0.0,0.0,0.0,0.0,0.0,0.0,0.0,1.0,0.0666666666666666,0.0,0.2581988897471611,0.0666666666666666,1.0,0.0,2.0,0.4666666666666667,0.0,0.6399404734221845,0.4095238095238097,2.0,9.0,9.0,6.0,0.0,2.0,2.0,0.0,0.0,0.0,3.0,0.0,0.0,0.0,0.0,0.0
False,11.0,4,2,2,38,76,Twitter Aurora Q1'15 Sprint 2,-11,13,4,11,2,13,2,13,0,0,2,9,2,9,1,5,11.0,0.0,4.0,11.0,0.0,0.0,3.0,0.6363636363636364,0.0,1.0269106361049412,1.054545454545455,3.0,0.0,0.0,0.0,0.0,0.0,0.0,0.0,0.0,1.0,0.9090909090909092,1.0,0.3015113445777636,0.0909090909090909,1.0,0.0,5.0,1.0909090909090908,0.0,1.8140862964338524,3.2909090909090915,5.0,0.0,0.0,0.0,0.0,0.0,0.0,0.0,0.0,0.0,0.0,0.0,0.0,0.0,0.0,0.0,0.0,0.0,0.0,0.0,0.0,0.0,0.0,0.0,0.0,0.0,0.0,0.0,0.0,0.0,2.0,0.3636363636363636,0.0,0.6741998624632419,0.4545454545454543,2.0,7.0,3.0,4.0,0.0,0.0,4.0,0.0,0.0,0.0,0.0,0.0,0.0,0.0,0.0,0.0
False,15.0,9,1,1,38,85,Twitter Aurora Q1'15 Sprint 3,-20,12,9,26,1,3,1,3,6,19,2,4,1,3,1,5,15.0,0.0,4.0,12.0,0.0,0.0,3.0,0.4666666666666667,0.0,0.9154754164341268,0.8380952380952381,3.0,0.0,0.0,0.0,0.0,0.0,0.0,0.0,0.0,1.0,0.8,1.0,0.4140393356054125,0.1714285714285714,1.0,0.0,2.0,0.6,0.0,0.9102589898327996,0.8285714285714285,2.0,0.0,0.0,0.0,0.0,0.0,0.0,0.0,0.0,0.0,0.0,0.0,0.0,0.0,0.0,0.0,0.0,0.0,0.0,0.0,0.0,0.0,0.0,0.0,0.0,0.0,0.0,0.0,0.0,0.0,2.0,0.4666666666666667,0.0,0.6399404734221844,0.4095238095238095,2.0,7.0,6.0,8.0,0.0,3.0,5.0,0.0,0.0,0.0,0.0,0.0,0.0,0.0,0.0,0.0
False,12.0,8,3,3,38,92,Twitter Aurora Q1'15 Sprint 4,-18,14,8,24,3,3,3,3,8,24,0,0,0,0,1,4,12.0,0.0,6.0,11.0,0.0,0.0,4.0,1.5833333333333333,1.0,1.311372170551507,1.7196969696969702,4.0,0.0,0.0,0.0,0.0,0.0,0.0,0.0,0.0,1.0,0.8333333333333334,1.0,0.3892494720807614,0.1515151515151515,1.0,0.0,2.0,0.5833333333333334,0.0,0.7929614610987591,0.6287878787878788,2.0,0.0,0.0,0.0,0.0,0.0,0.0,0.0,0.0,0.0,0.0,0.0,0.0,0.0,0.0,0.0,0.0,0.0,0.0,0.0,0.0,0.0,0.0,0.0,0.0,0.0,0.0,0.0,0.0,0.0,1.0,0.25,0.0,0.4522670168666454,0.2045454545454545,1.0,6.0,3.0,6.0,0.0,0.0,3.0,0.0,0.0,0.0,1.0,0.0,0.0,0.0,0.0,0.0
False,11.0,7,4,4,38,100,Twitter Aurora Q1'15 Sprint 5,-19,14,7,19,4,22,4,22,0,0,3,23,4,8,1,5,11.0,0.0,5.0,10.0,1.0,0.0,4.0,1.181818181818182,1.0,1.3280197150781925,1.7636363636363637,4.0,0.0,0.0,0.0,0.0,0.0,0.0,0.0,0.0,1.0,0.7272727272727273,1.0,0.4670993664969137,0.2181818181818181,1.0,0.0,2.0,0.8181818181818182,1.0,0.7507571935295483,0.5636363636363636,2.0,0.0,0.0,0.0,0.0,0.0,0.0,0.0,0.0,0.0,0.0,0.0,0.0,0.0,0.0,0.0,0.0,0.0,0.0,0.0,0.0,0.0,0.0,0.0,0.0,0.0,0.0,0.0,0.0,0.0,2.0,0.4545454545454545,0.0,0.6875516509523286,0.4727272727272726,2.0,5.0,2.0,6.0,0.0,0.0,4.0,0.0,0.0,0.0,0.0,0.0,0.0,0.0,0.0,0.0
True,1.0,1,0,0,38,105,Twitter Aurora Q1'15 Sprint 6,-1,13,1,1,0,0,0,0,1,1,0,0,0,0,1,1,1.0,0.0,0.0,1.0,0.0,1.0,1.0,1.0,1.0,0.0,0.0,0.0,0.0,0.0,0.0,0.0,0.0,0.0,0.0,0.0,0.0,0.0,0.0,0.0,0.0,0.0,0.0,0.0,0.0,0.0,0.0,0.0,0.0,0.0,0.0,0.0,0.0,0.0,0.0,0.0,0.0,0.0,0.0,0.0,0.0,0.0,0.0,0.0,0.0,0.0,0.0,0.0,0.0,0.0,0.0,0.0,0.0,0.0,0.0,0.0,0.0,1.0,1.0,1.0,1.0,0.0,0.0,0.0,0.0,1.0,1.0,0.0,0.0,0.0,0.0,0.0,0.0,0.0,0.0,0.0,0.0,0.0,0.0
True,5.0,5,0,0,38,112,Twitter Aurora Q2'15 Sprint 1,-5,14,5,8,0,0,0,0,5,8,0,0,0,0,1,4,5.0,0.0,3.0,5.0,0.0,0.0,1.0,0.4,0.0,0.5477225575051662,0.3,1.0,0.0,0.0,0.0,0.0,0.0,0.0,0.0,0.0,1.0,0.8,1.0,0.447213595499958,0.2,1.0,0.0,2.0,0.6,0.0,0.8944271909999159,0.8,2.0,0.0,0.0,0.0,0.0,0.0,0.0,0.0,0.0,0.0,0.0,0.0,0.0,0.0,0.0,0.0,0.0,0.0,0.0,0.0,0.0,0.0,0.0,0.0,0.0,0.0,0.0,0.0,0.0,0.0,1.0,0.2,0.0,0.447213595499958,0.2,1.0,4.0,1.0,1.0,0.0,0.0,1.0,0.0,0.0,0.0,0.0,0.0,0.0,0.0,0.0,0.0
False,22.0,4,11,8,38,117,Twitter Aurora Q2'15 Sprint 2,-11,14,4,9,11,22,8,15,7,16,0,0,0,0,1,5,22.0,0.0,6.0,15.0,3.0,0.0,4.0,0.9545454545454546,1.0,0.9989171626493848,0.9978354978354976,4.0,0.0,0.0,0.0,0.0,0.0,0.0,0.0,0.0,1.0,0.9545454545454546,1.0,0.2132007163556104,0.0454545454545454,1.0,0.0,2.0,0.3636363636363636,0.0,0.5810872031479765,0.3376623376623376,2.0,0.0,0.0,0.0,0.0,0.0,0.0,0.0,0.0,0.0,0.0,0.0,0.0,0.0,0.0,0.0,0.0,0.0,0.0,0.0,0.0,0.0,0.0,1.0,0.0454545454545454,0.0,0.2132007163556104,0.0454545454545454,1.0,0.0,2.0,0.2727272727272727,0.0,0.5504818825631804,0.3030303030303031,2.0,11.0,6.0,11.0,0.0,2.0,10.0,2.0,0.0,0.0,0.0,0.0,0.0,0.0,0.0,0.0
False,10.0,5,2,3,38,127,Twitter Aurora Q2'15 Sprint 3,-13,14,5,16,2,6,3,8,4,14,0,0,0,0,1,4,10.0,0.0,3.0,8.0,2.0,0.0,8.0,1.8,1.0,2.485513584307633,6.177777777777779,8.0,0.0,0.0,0.0,0.0,0.0,0.0,0.0,0.0,1.0,0.8,1.0,0.4216370213557839,0.1777777777777778,1.0,0.0,4.0,0.7,0.0,1.2516655570345725,1.5666666666666669,4.0,0.0,0.0,0.0,0.0,0.0,0.0,0.0,0.0,0.0,0.0,0.0,0.0,0.0,0.0,0.0,0.0,0.0,0.0,0.0,0.0,0.0,0.0,0.0,0.0,0.0,0.0,0.0,0.0,0.0,1.0,0.3,0.0,0.4830458915396479,0.2333333333333332,1.0,3.0,6.0,7.0,0.0,0.0,1.0,0.0,0.0,0.0,0.0,0.0,0.0,0.0,0.0,0.0
False,4.0,3,0,0,38,131,Twitter Aurora Q2'15 Sprint 4,-7,13,3,7,0,0,0,0,2,2,1,5,0,0,1,3,4.0,0.0,2.0,3.0,1.0,0.0,1.0,0.5,0.5,0.5773502691896257,0.3333333333333333,1.0,0.0,0.0,0.0,0.0,0.0,0.0,0.0,0.0,1.0,0.75,1.0,0.5,0.25,1.0,0.0,0.0,0.0,0.0,0.0,0.0,0.0,0.0,0.0,0.0,0.0,0.0,0.0,0.0,0.0,0.0,0.0,0.0,0.0,0.0,0.0,0.0,0.0,0.0,0.0,0.0,0.0,0.0,0.0,0.0,0.0,0.0,0.0,0.0,0.0,0.0,1.0,0.25,0.0,0.5,0.25,1.0,2.0,2.0,2.0,0.0,0.0,0.0,0.0,0.0,0.0,0.0,0.0,0.0,0.0,0.0,0.0
False,8.0,2,5,4,38,151,Twitter Aurora Q2'15 Sprint 6,-9,14,2,7,5,11,4,9,3,9,0,0,0,0,1,4,8.0,0.0,5.0,7.0,0.0,0.0,4.0,1.625,1.5,1.407885953173359,1.9821428571428568,4.0,0.0,0.0,0.0,0.0,0.0,0.0,0.0,1.0,1.0,1.0,1.0,0.0,0.0,0.0,0.0,1.0,0.25,0.0,0.4629100498862757,0.2142857142857142,1.0,0.0,0.0,0.0,0.0,0.0,0.0,0.0,0.0,0.0,0.0,0.0,0.0,0.0,0.0,0.0,0.0,0.0,0.0,0.0,0.0,0.0,0.0,0.0,0.0,0.0,0.0,0.0,0.0,0.0,2.0,0.5,0.0,0.9258200997725514,0.8571428571428571,2.0,6.0,2.0,2.0,0.0,0.0,1.0,0.0,0.0,0.0,1.0,0.0,0.0,0.0,0.0,0.0
False,33.0,3,1,0,41,9,slider may 1,0,14,3,3,1,1,0,0,2,2,0,0,2,2,1,3,33.0,3.0,2.0,29.0,3.0,0.0,4.0,0.5151515151515151,0.0,1.03444466143712,1.0700757575757576,4.0,0.0,1.0,0.1515151515151515,0.0,0.3641095406272095,0.1325757575757575,1.0,0.0,1.0,0.5757575757575758,1.0,0.5018903659106632,0.2518939393939394,1.0,0.0,2.0,0.2424242424242424,0.0,0.5607084263625252,0.3143939393939393,2.0,0.0,0.0,0.0,0.0,0.0,0.0,0.0,0.0,0.0,0.0,0.0,0.0,0.0,0.0,0.0,1.0,0.1818181818181818,0.0,0.3916747259003201,0.1534090909090908,1.0,0.0,1.0,0.0303030303030303,0.0,0.1740776559556978,0.0303030303030303,1.0,0.0,1.0,0.0606060606060606,0.0,0.2423058422987799,0.0587121212121212,1.0,25.0,1.0,8.0,0.0,0.0,0.0,0.0,0.0,0.0,1.0,25.0,0.0,1.0,1.0,0.0
False,33.0,6,1,0,41,14,slider may 2,-3,14,6,6,1,1,0,0,6,6,0,0,1,1,1,4,33.0,2.0,2.0,29.0,3.0,0.0,5.0,0.8484848484848485,0.0,1.4387757843304696,2.070075757575758,5.0,0.0,1.0,0.2121212121212121,0.0,0.4151487502672805,0.1723484848484848,1.0,0.0,1.0,0.5454545454545454,1.0,0.5056498968474316,0.2556818181818182,1.0,0.0,5.0,0.3333333333333333,0.0,0.9574271077563382,0.9166666666666669,5.0,0.0,0.0,0.0,0.0,0.0,0.0,0.0,0.0,0.0,0.0,0.0,0.0,0.0,0.0,0.0,1.0,0.3636363636363636,0.0,0.4885042104591972,0.2386363636363636,1.0,0.0,1.0,0.0303030303030303,0.0,0.1740776559556978,0.0303030303030303,1.0,0.0,1.0,0.0606060606060606,0.0,0.2423058422987799,0.0587121212121212,1.0,24.0,1.0,9.0,0.0,0.0,0.0,0.0,0.0,0.0,1.0,25.0,0.0,2.0,1.0,0.0
False,30.0,9,0,0,41,16,slider June 1,-8,14,9,9,0,0,0,0,8,8,0,0,1,1,1,4,30.0,3.0,2.0,28.0,1.0,0.0,13.0,1.6333333333333333,1.0,2.67147554905438,7.136781609195402,13.0,0.0,1.0,0.3333333333333333,0.0,0.4794633014853841,0.2298850574712643,1.0,0.0,1.0,0.7666666666666667,1.0,0.4301830671520763,0.1850574712643678,1.0,0.0,5.0,0.7,0.0,1.2077336998093464,1.4586206896551723,5.0,0.0,0.0,0.0,0.0,0.0,0.0,0.0,0.0,0.0,0.0,0.0,0.0,0.0,0.0,0.0,3.0,0.8666666666666667,0.0,1.1366415543118709,1.2919540229885056,3.0,0.0,1.0,0.0666666666666666,0.0,0.2537081317024625,0.064367816091954,1.0,0.0,2.0,0.0666666666666666,0.0,0.3651483716701106,0.1333333333333332,2.0,21.0,3.0,9.0,0.0,0.0,0.0,0.0,0.0,0.0,1.0,20.0,0.0,1.0,1.0,0.0
False,67.0,15,1,1,41,17,slider June 2,-1,14,15,15,1,1,1,1,10,10,2,2,3,3,1,3,67.0,4.0,3.0,63.0,2.0,0.0,14.0,1.0298507462686568,0.0,2.5641476181547795,6.574853007688828,14.0,0.0,1.0,0.6716417910447762,1.0,0.4731602234073838,0.2238805970149253,1.0,0.0,1.0,0.7611940298507462,1.0,0.4295717472372028,0.1845318860244233,1.0,0.0,14.0,0.8208955223880597,0.0,1.953438096794969,3.81592039800995,14.0,0.0,0.0,0.0,0.0,0.0,0.0,0.0,0.0,0.0,0.0,0.0,0.0,0.0,0.0,0.0,3.0,0.2537313432835821,0.0,0.7249510658948697,0.5255540479421077,3.0,0.0,1.0,0.0149253731343283,0.0,0.1221694443563051,0.0149253731343283,1.0,0.0,3.0,0.208955223880597,0.0,0.5650774533351619,0.3193125282677521,3.0,51.0,17.0,16.0,0.0,1.0,0.0,0.0,0.0,0.0,1.0,36.0,0.0,2.0,2.0,3.0
False,80.0,24,1,0,41,21,Slider July #1,-11,14,24,24,1,1,0,0,21,21,1,1,3,3,1,3,80.0,5.0,5.0,72.0,3.0,0.0,13.0,0.675,0.0,1.8403012961902443,3.386708860759494,13.0,0.0,1.0,0.8,1.0,0.4025236843413021,0.1620253164556962,1.0,0.0,1.0,0.8125,1.0,0.3927749379717781,0.1542721518987341,1.0,0.0,6.0,0.6375,0.0,1.1718615505557326,1.373259493670886,6.0,0.0,0.0,0.0,0.0,0.0,0.0,0.0,0.0,0.0,0.0,0.0,0.0,0.0,0.0,0.0,3.0,0.125,0.0,0.4320982073088173,0.1867088607594936,3.0,0.0,0.0,0.0,0.0,0.0,0.0,0.0,0.0,2.0,0.1,0.0,0.341256056653258,0.1164556962025316,2.0,64.0,14.0,16.0,0.0,4.0,0.0,0.0,1.0,0.0,1.0,50.0,0.0,2.0,1.0,2.0
False,89.0,28,1,2,41,27,Slider August #1,-6,14,28,28,1,1,2,2,14,14,2,2,11,11,1,5,89.0,7.0,5.0,76.0,7.0,0.0,13.0,1.3258426966292134,0.0,2.807357544750111,7.88125638406537,13.0,0.0,1.0,0.7640449438202247,1.0,0.4269998911569044,0.1823289070480082,1.0,0.0,1.0,0.8202247191011236,1.0,0.386175824087028,0.1491317671092951,1.0,0.0,7.0,0.7415730337078652,0.0,1.301468487793347,1.6938202247191008,7.0,0.0,0.0,0.0,0.0,0.0,0.0,0.0,0.0,0.0,0.0,0.0,0.0,0.0,0.0,0.0,5.0,0.1685393258426966,0.0,0.6947196140788772,0.4826353421859041,5.0,0.0,0.0,0.0,0.0,0.0,0.0,0.0,0.0,3.0,0.1123595505617977,0.0,0.4111569664647833,0.1690500510725229,3.0,69.0,18.0,20.0,0.0,3.0,0.0,0.0,0.0,1.0,3.0,50.0,0.0,5.0,0.0,3.0
False,104.0,45,1,9,41,28,Slider August #2,-10,13,45,45,1,1,9,9,21,21,0,0,16,16,1,6,104.0,9.0,7.0,91.0,7.0,0.0,20.0,1.9230769230769231,0.0,4.128264657383782,17.042569081404032,20.0,0.0,1.0,0.7884615384615384,1.0,0.4103769738207424,0.1684092606422703,1.0,0.0,1.0,0.8076923076923077,1.0,0.3960220420687863,0.1568334578043315,1.0,0.0,7.0,0.8173076923076923,0.0,1.3348533469277932,1.7818334578043316,7.0,0.0,0.0,0.0,0.0,0.0,0.0,0.0,0.0,0.0,0.0,0.0,0.0,0.0,0.0,0.0,7.0,0.3461538461538461,0.0,0.9113015419571135,0.830470500373413,7.0,0.0,1.0,0.0096153846153846,0.0,0.098058067569092,0.0096153846153846,1.0,0.0,1.0,0.048076923076923,0.0,0.2149647834019842,0.0462098581030619,1.0,78.0,25.0,26.0,0.0,3.0,0.0,1.0,0.0,0.0,2.0,50.0,0.0,8.0,0.0,5.0
False,90.0,31,1,0,41,32,Slider September #1,-10,11,31,31,1,1,0,0,29,29,0,0,3,3,1,5,90.0,9.0,5.0,78.0,8.0,0.0,23.0,1.5444444444444445,0.0,4.227149040870553,17.868789013732833,23.0,0.0,1.0,0.7555555555555555,1.0,0.4321649474711266,0.1867665418227216,1.0,0.0,1.0,0.8888888888888888,1.0,0.3160303087599848,0.0998751560549313,1.0,0.0,7.0,0.7444444444444445,0.0,1.2592231519143475,1.5856429463171038,7.0,0.0,0.0,0.0,0.0,0.0,0.0,0.0,0.0,0.0,0.0,0.0,0.0,0.0,0.0,0.0,7.0,0.2666666666666666,0.0,0.909376870244032,0.8269662921348311,7.0,0.0,0.0,0.0,0.0,0.0,0.0,0.0,0.0,1.0,0.0666666666666666,0.0,0.2508412811213631,0.0629213483146067,1.0,70.0,15.0,20.0,0.0,2.0,0.0,0.0,0.0,0.0,2.0,49.0,0.0,5.0,0.0,7.0
False,89.0,32,1,1,41,33,Slider October #1,-2,14,32,32,1,1,1,1,24,24,0,0,8,8,1,6,89.0,10.0,2.0,72.0,11.0,0.0,62.0,2.617977528089888,0.0,7.789132315397011,60.67058222676201,62.0,0.0,1.0,0.797752808988764,1.0,0.4039513719861834,0.1631767109295199,1.0,0.0,1.0,0.9101123595505618,1.0,0.2876412474452668,0.0827374872318692,1.0,0.0,7.0,0.6067415730337079,0.0,1.1443336442116738,1.3094994892747698,7.0,0.0,0.0,0.0,0.0,0.0,0.0,0.0,0.0,0.0,0.0,0.0,0.0,0.0,0.0,0.0,7.0,0.247191011235955,0.0,0.8295795604949601,0.6882022471910111,7.0,0.0,1.0,0.0112359550561797,0.0,0.1059997880006359,0.0112359550561797,1.0,0.0,2.0,0.0786516853932584,0.0,0.3098650403116725,0.0960163432073544,2.0,71.0,21.0,18.0,0.0,3.0,0.0,0.0,0.0,0.0,3.0,45.0,0.0,6.0,0.0,5.0
False,128.0,59,8,4,41,40,Slider October #2,16,14,59,59,8,8,4,4,42,42,3,3,18,18,1,9,128.0,10.0,5.0,109.0,7.0,0.0,62.0,2.109375,0.0,6.005554351670305,36.06668307086614,62.0,0.0,1.0,0.703125,1.0,0.4586762019853619,0.2103838582677165,1.0,0.0,1.0,0.9921875,1.0,0.0883883476483184,0.0078125,1.0,0.0,7.0,0.5078125,0.0,0.913555774730425,0.8345841535433071,7.0,0.0,0.0,0.0,0.0,0.0,0.0,0.0,0.0,0.0,0.0,0.0,0.0,0.0,0.0,0.0,7.0,0.2890625,0.0,0.9569665307339028,0.915784940944882,7.0,0.0,2.0,0.046875,0.0,0.2465310508944423,0.0607775590551181,2.0,0.0,2.0,0.109375,0.0,0.3601044249247622,0.1296751968503937,2.0,84.0,77.0,44.0,0.0,10.0,0.0,0.0,1.0,0.0,2.0,26.0,0.0,3.0,3.0,3.0
False,30.0,13,9,6,41,41,Slider November #1,2,14,13,13,9,9,6,6,8,8,1,1,7,7,1,5,30.0,3.0,2.0,24.0,0.0,0.0,62.0,5.133333333333334,2.0,11.41606047555851,130.3264367816092,62.0,0.0,1.0,0.7,1.0,0.466091599699399,0.2172413793103448,1.0,0.0,2.0,1.0,1.0,0.2626128657194451,0.0689655172413793,2.0,0.0,7.0,0.5333333333333333,0.0,1.3578211078487257,1.8436781609195405,7.0,0.0,0.0,0.0,0.0,0.0,0.0,0.0,0.0,0.0,0.0,0.0,0.0,0.0,0.0,0.0,7.0,0.7333333333333333,0.0,1.529780992514115,2.3402298850574708,7.0,0.0,1.0,0.0666666666666666,0.0,0.2537081317024624,0.064367816091954,1.0,0.0,1.0,0.1666666666666666,0.0,0.3790490217894517,0.1436781609195402,1.0,22.0,17.0,8.0,0.0,3.0,0.0,0.0,2.0,0.0,3.0,0.0,0.0,2.0,3.0,1.0
False,53.0,5,1,0,41,54,Slider November #2,5,14,5,5,1,1,0,0,4,4,0,0,2,2,1,2,53.0,8.0,2.0,45.0,5.0,0.0,86.0,5.69811320754717,2.0,14.466918370571662,209.29172714078385,86.0,0.0,1.0,0.8490566037735849,1.0,0.3614195524432012,0.1306240928882438,1.0,0.0,1.0,0.9245283018867924,1.0,0.2666787612158107,0.0711175616835994,1.0,0.0,7.0,0.5471698113207547,0.0,1.1695830574618833,1.3679245283018868,7.0,0.0,0.0,0.0,0.0,0.0,0.0,0.0,0.0,0.0,0.0,0.0,0.0,0.0,0.0,0.0,9.0,0.8679245283018868,0.0,1.494061782383547,2.232220609579101,9.0,0.0,1.0,0.0188679245283018,0.0,0.137360563948689,0.0188679245283018,1.0,0.0,2.0,0.1509433962264151,0.0,0.4112002326723347,0.1690856313497822,2.0,44.0,2.0,9.0,0.0,1.0,0.0,0.0,0.0,0.0,2.0,40.0,0.0,1.0,0.0,0.0
False,45.0,16,1,1,41,58,Slider December #1,-10,14,16,16,1,1,1,1,13,13,0,0,3,3,1,3,45.0,4.0,1.0,37.0,7.0,0.0,13.0,1.3777777777777778,0.0,2.9487199756758,8.694949494949492,13.0,0.0,1.0,0.7777777777777778,1.0,0.4204374825912609,0.1767676767676768,1.0,0.0,1.0,0.7555555555555555,1.0,0.4346134936801766,0.1888888888888889,1.0,0.0,14.0,1.0,0.0,2.335496832484569,5.454545454545454,14.0,0.0,0.0,0.0,0.0,0.0,0.0,0.0,0.0,0.0,0.0,0.0,0.0,0.0,0.0,0.0,5.0,0.4444444444444444,0.0,1.0347497623614468,1.0707070707070707,5.0,0.0,0.0,0.0,0.0,0.0,0.0,0.0,0.0,5.0,0.2222222222222222,0.0,0.8226589066968623,0.6767676767676767,5.0,26.0,11.0,19.0,0.0,0.0,0.0,0.0,0.0,0.0,1.0,26.0,0.0,2.0,1.0,0.0
False,9.0,1,3,3,41,65,Slider Jan #1,2,14,1,1,3,3,3,3,1,1,0,0,0,0,1,1,9.0,4.0,2.0,6.0,1.0,0.0,15.0,3.888888888888889,3.0,4.85912657903775,23.611111111111107,15.0,1.0,1.0,1.0,1.0,0.0,0.0,0.0,0.0,2.0,1.1111111111111112,1.0,0.6009252125773316,0.3611111111111111,2.0,0.0,14.0,2.2222222222222223,1.0,4.521553322083513,20.444444444444446,14.0,0.0,0.0,0.0,0.0,0.0,0.0,0.0,0.0,0.0,0.0,0.0,0.0,0.0,0.0,0.0,5.0,0.8888888888888888,0.0,1.8333333333333333,3.3611111111111107,5.0,0.0,0.0,0.0,0.0,0.0,0.0,0.0,0.0,4.0,0.6666666666666666,0.0,1.3228756555322954,1.7500000000000002,4.0,8.0,2.0,1.0,0.0,0.0,0.0,0.0,0.0,0.0,2.0,0.0,0.0,1.0,0.0,0.0
False,18.0,11,2,2,41,66,Slider Jan #2,1,14,11,11,2,2,2,2,4,4,0,0,7,7,1,4,18.0,9.0,2.0,15.0,3.0,0.0,18.0,5.555555555555555,5.0,4.841271371936511,23.437908496732028,18.0,0.0,2.0,1.0,1.0,0.3429971702850177,0.1176470588235294,2.0,1.0,1.0,1.0,1.0,0.0,0.0,0.0,0.0,14.0,1.3888888888888888,0.5,3.2564666685533097,10.604575163398692,14.0,0.0,0.0,0.0,0.0,0.0,0.0,0.0,0.0,0.0,0.0,0.0,0.0,0.0,0.0,0.0,5.0,1.0,1.0,1.3284223283101428,1.7647058823529411,5.0,0.0,0.0,0.0,0.0,0.0,0.0,0.0,0.0,4.0,0.6111111111111112,0.0,1.0921586228732252,1.1928104575163396,4.0,10.0,6.0,8.0,0.0,0.0,0.0,0.0,0.0,0.0,0.0,0.0,0.0,1.0,0.0,0.0
False,52.0,9,0,0,41,67,Slider Feb #1,1,9,9,9,0,0,0,0,9,9,0,0,0,0,1,3,52.0,4.0,3.0,39.0,6.0,0.0,86.0,4.5,1.0,12.383575460119369,153.35294117647058,86.0,0.0,1.0,0.8846153846153846,1.0,0.3226025390322358,0.1040723981900452,1.0,0.0,1.0,0.9230769230769232,1.0,0.269069117598525,0.0723981900452488,1.0,0.0,14.0,0.8269230769230769,0.0,2.0361551025916365,4.145927601809957,14.0,0.0,0.0,0.0,0.0,0.0,0.0,0.0,0.0,0.0,0.0,0.0,0.0,0.0,0.0,0.0,5.0,0.6153846153846154,0.0,1.0874298923328642,1.1825037707390649,5.0,0.0,0.0,0.0,0.0,0.0,0.0,0.0,0.0,2.0,0.1538461538461538,0.0,0.4146633590727133,0.171945701357466,2.0,37.0,9.0,15.0,0.0,4.0,0.0,0.0,0.0,0.0,3.0,33.0,0.0,3.0,0.0,0.0
False,4.0,0,0,0,55,8,Q2'14 Sprint 1,0,9,0,0,0,0,0,0,0,0,0,0,0,0,2,1,4.0,3.0,1.0,2.0,1.0,0.0,6.0,2.75,2.5,2.753785273643051,7.583333333333333,6.0,0.0,0.0,0.0,0.0,0.0,0.0,0.0,0.0,0.0,0.0,0.0,0.0,0.0,0.0,0.0,2.0,0.75,0.5,0.957427107756338,0.9166666666666666,2.0,0.0,0.0,0.0,0.0,0.0,0.0,0.0,0.0,0.0,0.0,0.0,0.0,0.0,0.0,0.0,1.0,0.25,0.0,0.5,0.25,1.0,0.0,1.0,0.25,0.0,0.5,0.25,1.0,0.0,0.0,0.0,0.0,0.0,0.0,0.0,1.0,0.0,3.0,0.0,0.0,0.0,1.0,0.0,0.0,0.0,0.0,0.0,0.0,0.0,0.0
True,2.0,2,0,0,55,12,Q2'14 Sprint 2,-3,13,2,3,0,0,0,0,2,3,0,0,0,0,2,1,2.0,0.0,0.0,1.0,1.0,0.0,0.0,0.0,0.0,0.0,0.0,0.0,0.0,1.0,0.5,0.5,0.7071067811865476,0.5,1.0,0.0,0.0,0.0,0.0,0.0,0.0,0.0,1.0,1.0,1.0,1.0,0.0,0.0,0.0,0.0,0.0,0.0,0.0,0.0,0.0,0.0,0.0,0.0,0.0,0.0,0.0,0.0,0.0,0.0,1.0,0.5,0.5,0.7071067811865476,0.5,1.0,0.0,0.0,0.0,0.0,0.0,0.0,0.0,0.0,0.0,0.0,0.0,0.0,0.0,0.0,0.0,2.0,2.0,0.0,0.0,0.0,0.0,0.0,0.0,0.0,0.0,0.0,0.0,0.0,0.0
False,2.0,1,0,0,55,13,Q2 Sprint 3,-8,12,1,8,0,0,0,0,1,8,0,0,0,0,2,1,2.0,1.0,0.0,1.0,1.0,0.0,0.0,0.0,0.0,0.0,0.0,0.0,0.0,0.0,0.0,0.0,0.0,0.0,0.0,0.0,0.0,0.0,0.0,0.0,0.0,0.0,0.0,0.0,0.0,0.0,0.0,0.0,0.0,0.0,0.0,0.0,0.0,0.0,0.0,0.0,0.0,0.0,0.0,0.0,0.0,0.0,0.0,0.0,0.0,0.0,0.0,0.0,0.0,0.0,0.0,0.0,0.0,0.0,0.0,0.0,0.0,0.0,0.0,0.0,0.0,0.0,0.0,0.0,1.0,1.0,1.0,0.0,0.0,0.0,0.0,0.0,0.0,0.0,0.0,0.0,0.0,0.0,0.0
False,4.0,3,1,3,55,20,Q2 Sprint 4,-1,12,3,10,1,1,3,10,0,0,1,1,0,0,2,2,4.0,1.0,0.0,3.0,1.0,0.0,3.0,1.25,1.0,1.5,2.25,3.0,0.0,0.0,0.0,0.0,0.0,0.0,0.0,0.0,0.0,0.0,0.0,0.0,0.0,0.0,0.0,2.0,0.75,0.5,0.957427107756338,0.9166666666666666,2.0,0.0,0.0,0.0,0.0,0.0,0.0,0.0,0.0,0.0,0.0,0.0,0.0,0.0,0.0,0.0,2.0,1.0,1.0,1.1547005383792517,1.3333333333333333,2.0,0.0,0.0,0.0,0.0,0.0,0.0,0.0,0.0,0.0,0.0,0.0,0.0,0.0,0.0,3.0,2.0,1.0,0.0,0.0,1.0,0.0,0.0,0.0,0.0,0.0,0.0,0.0,0.0,0.0
False,4.0,4,0,3,55,22,Q2 Sprint 5,-1,4,4,4,0,0,3,3,1,1,0,0,0,0,2,3,4.0,0.0,0.0,4.0,0.0,0.0,0.0,0.0,0.0,0.0,0.0,0.0,0.0,0.0,0.0,0.0,0.0,0.0,0.0,0.0,0.0,0.0,0.0,0.0,0.0,0.0,0.0,1.0,0.25,0.0,0.5,0.25,1.0,0.0,0.0,0.0,0.0,0.0,0.0,0.0,0.0,0.0,0.0,0.0,0.0,0.0,0.0,0.0,9.0,2.25,0.0,4.5,20.25,9.0,0.0,0.0,0.0,0.0,0.0,0.0,0.0,0.0,0.0,0.0,0.0,0.0,0.0,0.0,0.0,4.0,4.0,0.0,0.0,0.0,0.0,0.0,0.0,0.0,0.0,0.0,0.0,0.0,0.0
True,6.0,4,2,0,55,24,Q3 Sprint 1,-8,9,4,4,2,4,0,0,6,8,0,0,0,0,2,3,6.0,1.0,0.0,6.0,0.0,0.0,3.0,1.1666666666666667,0.5,1.4719601443879746,2.166666666666667,3.0,0.0,1.0,0.3333333333333333,0.0,0.5163977794943223,0.2666666666666667,1.0,0.0,0.0,0.0,0.0,0.0,0.0,0.0,0.0,1.0,0.3333333333333333,0.0,0.5163977794943223,0.2666666666666667,1.0,0.0,0.0,0.0,0.0,0.0,0.0,0.0,0.0,0.0,0.0,0.0,0.0,0.0,0.0,0.0,9.0,2.1666666666666665,0.5,3.544949458972112,12.566666666666666,9.0,0.0,0.0,0.0,0.0,0.0,0.0,0.0,0.0,0.0,0.0,0.0,0.0,0.0,0.0,0.0,4.0,6.0,0.0,0.0,0.0,0.0,1.0,0.0,0.0,0.0,0.0,0.0,0.0,0.0
True,3.0,3,0,0,55,25,Q3 Sprint 2,-4,9,3,5,0,0,0,0,0,0,3,5,0,0,2,2,3.0,1.0,0.0,3.0,0.0,0.0,4.0,1.6666666666666667,1.0,2.0816659994661326,4.333333333333333,4.0,0.0,1.0,0.3333333333333333,0.0,0.5773502691896258,0.3333333333333333,1.0,0.0,0.0,0.0,0.0,0.0,0.0,0.0,0.0,0.0,0.0,0.0,0.0,0.0,0.0,0.0,0.0,0.0,0.0,0.0,0.0,0.0,0.0,0.0,0.0,0.0,0.0,0.0,0.0,0.0,9.0,3.333333333333333,1.0,4.932882862316247,24.33333333333333,9.0,0.0,0.0,0.0,0.0,0.0,0.0,0.0,0.0,0.0,0.0,0.0,0.0,0.0,0.0,0.0,2.0,3.0,0.0,0.0,0.0,0.0,0.0,0.0,0.0,0.0,0.0,0.0,0.0,0.0
False,7.0,0,0,0,55,26,Aurora Q3 Sprint 2,0,11,0,0,0,0,0,0,0,0,0,0,0,0,2,1,7.0,0.0,0.0,7.0,0.0,1.0,3.0,1.5714285714285714,1.0,0.7867957924694431,0.619047619047619,2.0,0.0,0.0,0.0,0.0,0.0,0.0,0.0,1.0,1.0,1.0,1.0,0.0,0.0,0.0,0.0,2.0,0.2857142857142857,0.0,0.7559289460184545,0.5714285714285715,2.0,0.0,0.0,0.0,0.0,0.0,0.0,0.0,0.0,0.0,0.0,0.0,0.0,0.0,0.0,0.0,1.0,0.7142857142857143,1.0,0.4879500364742665,0.238095238095238,1.0,0.0,0.0,0.0,0.0,0.0,0.0,0.0,0.0,0.0,0.0,0.0,0.0,0.0,0.0,7.0,0.0,0.0,0.0,0.0,0.0,0.0,0.0,0.0,0.0,7.0,0.0,0.0,0.0,0.0
True,1.0,1,0,0,55,30,Q3 Sprint 3,-8,11,1,8,0,0,0,0,1,8,0,0,0,0,2,2,1.0,0.0,0.0,1.0,0.0,2.0,2.0,2.0,2.0,0.0,0.0,0.0,0.0,0.0,0.0,0.0,0.0,0.0,0.0,0.0,0.0,0.0,0.0,0.0,0.0,0.0,4.0,4.0,4.0,4.0,0.0,0.0,0.0,0.0,0.0,0.0,0.0,0.0,0.0,0.0,0.0,0.0,0.0,0.0,0.0,0.0,0.0,0.0,0.0,0.0,0.0,0.0,0.0,0.0,0.0,0.0,0.0,0.0,0.0,0.0,0.0,0.0,0.0,0.0,0.0,0.0,0.0,0.0,0.0,1.0,1.0,0.0,0.0,0.0,0.0,0.0,0.0,0.0,0.0,0.0,0.0,0.0,0.0
False,6.0,4,0,0,55,31,Q3 Sprint 4,-3,11,4,4,0,0,0,0,4,4,0,0,0,0,2,3,6.0,1.0,1.0,5.0,1.0,0.0,1.0,0.1666666666666666,0.0,0.408248290463863,0.1666666666666666,1.0,0.0,1.0,0.3333333333333333,0.0,0.5163977794943223,0.2666666666666667,1.0,0.0,0.0,0.0,0.0,0.0,0.0,0.0,0.0,2.0,0.5,0.0,0.8366600265340756,0.7,2.0,0.0,0.0,0.0,0.0,0.0,0.0,0.0,0.0,0.0,0.0,0.0,0.0,0.0,0.0,0.0,1.0,0.1666666666666666,0.0,0.408248290463863,0.1666666666666666,1.0,0.0,0.0,0.0,0.0,0.0,0.0,0.0,0.0,0.0,0.0,0.0,0.0,0.0,0.0,2.0,4.0,4.0,0.0,0.0,0.0,0.0,0.0,0.0,0.0,0.0,0.0,0.0,0.0,0.0
False,6.0,2,2,3,55,36,Mesos Q3 Sprint 5,-8,14,2,9,2,2,3,3,0,0,1,1,0,0,2,4,6.0,1.0,0.0,6.0,0.0,0.0,4.0,1.8333333333333333,1.5,1.4719601443879746,2.166666666666667,4.0,0.0,1.0,0.3333333333333333,0.0,0.5163977794943223,0.2666666666666667,1.0,0.0,0.0,0.0,0.0,0.0,0.0,0.0,0.0,8.0,2.0,0.0,3.3466401061363023,11.2,8.0,0.0,0.0,0.0,0.0,0.0,0.0,0.0,0.0,0.0,0.0,0.0,0.0,0.0,0.0,0.0,1.0,0.1666666666666666,0.0,0.408248290463863,0.1666666666666666,1.0,0.0,0.0,0.0,0.0,0.0,0.0,0.0,0.0,0.0,0.0,0.0,0.0,0.0,0.0,1.0,4.0,5.0,1.0,0.0,0.0,0.0,0.0,0.0,0.0,0.0,0.0,0.0,0.0,0.0
False,2.0,1,0,0,55,38,Mesos Q3 Sprint 6,-5,14,1,5,0,0,0,0,1,5,0,0,0,0,2,1,2.0,0.0,0.0,1.0,1.0,3.0,5.0,4.0,4.0,1.4142135623730951,2.0,2.0,1.0,1.0,1.0,1.0,0.0,0.0,0.0,0.0,0.0,0.0,0.0,0.0,0.0,0.0,1.0,2.0,1.5,1.5,0.7071067811865476,0.5,1.0,0.0,0.0,0.0,0.0,0.0,0.0,0.0,0.0,0.0,0.0,0.0,0.0,0.0,0.0,0.0,0.0,0.0,0.0,0.0,0.0,0.0,0.0,0.0,0.0,0.0,0.0,0.0,0.0,0.0,0.0,0.0,0.0,0.0,0.0,0.0,0.0,2.0,2.0,0.0,0.0,0.0,0.0,0.0,0.0,0.0,0.0,0.0,0.0,0.0,0.0
True,1.0,1,0,0,55,43,Twitter Q4 Sprint 1,-3,14,1,3,0,0,0,0,1,3,0,0,0,0,2,1,1.0,1.0,0.0,1.0,0.0,0.0,0.0,0.0,0.0,0.0,0.0,0.0,0.0,0.0,0.0,0.0,0.0,0.0,0.0,0.0,0.0,0.0,0.0,0.0,0.0,0.0,1.0,1.0,1.0,1.0,0.0,0.0,0.0,0.0,0.0,0.0,0.0,0.0,0.0,0.0,0.0,0.0,0.0,0.0,0.0,0.0,0.0,0.0,0.0,0.0,0.0,0.0,0.0,0.0,0.0,0.0,0.0,0.0,0.0,0.0,0.0,0.0,0.0,0.0,0.0,0.0,0.0,0.0,0.0,0.0,1.0,0.0,0.0,0.0,0.0,0.0,0.0,0.0,0.0,0.0,0.0,0.0,0.0
False,9.0,6,1,3,55,45,Mesosphere Q4 Sprint 1 10/31,-4,12,6,9,1,1,3,6,4,4,0,0,0,0,2,5,9.0,4.0,3.0,6.0,2.0,0.0,18.0,3.555555555555556,2.0,5.592653911854172,31.27777777777777,18.0,0.0,1.0,0.1111111111111111,0.0,0.3333333333333333,0.1111111111111111,1.0,0.0,0.0,0.0,0.0,0.0,0.0,0.0,0.0,4.0,0.6666666666666666,0.0,1.3228756555322954,1.7500000000000002,4.0,0.0,0.0,0.0,0.0,0.0,0.0,0.0,0.0,0.0,0.0,0.0,0.0,0.0,0.0,0.0,0.0,0.0,0.0,0.0,0.0,0.0,0.0,1.0,0.1111111111111111,0.0,0.3333333333333333,0.1111111111111111,1.0,0.0,2.0,0.3333333333333333,0.0,0.7071067811865476,0.5,2.0,3.0,1.0,6.0,1.0,1.0,0.0,0.0,0.0,0.0,0.0,0.0,0.0,0.0,0.0,0.0
True,1.0,1,0,0,55,47,Mesosphere Q4 Sprint 2 - 11/14,-1,10,1,1,0,0,0,0,1,1,0,0,0,0,2,1,1.0,1.0,0.0,1.0,0.0,3.0,3.0,3.0,3.0,0.0,0.0,0.0,0.0,0.0,0.0,0.0,0.0,0.0,0.0,0.0,0.0,0.0,0.0,0.0,0.0,0.0,0.0,0.0,0.0,0.0,0.0,0.0,0.0,0.0,0.0,0.0,0.0,0.0,0.0,0.0,0.0,0.0,0.0,0.0,0.0,0.0,0.0,0.0,0.0,0.0,0.0,0.0,0.0,0.0,0.0,0.0,0.0,0.0,0.0,0.0,0.0,0.0,0.0,0.0,0.0,0.0,0.0,0.0,1.0,0.0,0.0,0.0,0.0,0.0,0.0,0.0,0.0,0.0,0.0,0.0,0.0,0.0,0.0
False,2.0,0,1,1,55,49,Twitter Mesos Q4 Sprint 2,0,14,0,0,1,2,1,2,0,0,0,0,0,0,2,2,2.0,1.0,0.0,2.0,0.0,0.0,4.0,2.0,2.0,2.8284271247461903,8.0,4.0,0.0,1.0,0.5,0.5,0.7071067811865476,0.5,1.0,0.0,0.0,0.0,0.0,0.0,0.0,0.0,1.0,1.0,1.0,1.0,0.0,0.0,0.0,0.0,0.0,0.0,0.0,0.0,0.0,0.0,0.0,0.0,0.0,0.0,0.0,0.0,0.0,0.0,0.0,0.0,0.0,0.0,0.0,0.0,0.0,0.0,0.0,0.0,0.0,0.0,0.0,0.0,0.0,0.0,0.0,0.0,0.0,0.0,0.0,1.0,2.0,0.0,0.0,0.0,0.0,0.0,0.0,0.0,0.0,0.0,0.0,0.0,0.0
False,4.0,0,0,0,55,51,Twitter Mesos Q4 Sprint 3,1,14,0,0,0,0,0,0,0,0,0,0,0,0,2,4,4.0,1.0,0.0,3.0,1.0,0.0,5.0,2.5,2.5,2.0816659994661326,4.333333333333333,5.0,0.0,1.0,0.25,0.0,0.5,0.25,1.0,0.0,0.0,0.0,0.0,0.0,0.0,0.0,1.0,3.0,1.5,1.0,1.0,1.0,2.0,0.0,0.0,0.0,0.0,0.0,0.0,0.0,0.0,0.0,0.0,0.0,0.0,0.0,0.0,0.0,0.0,0.0,0.0,0.0,0.0,0.0,0.0,0.0,0.0,0.0,0.0,0.0,0.0,0.0,1.0,0.25,0.0,0.5,0.25,1.0,0.0,2.0,4.0,0.0,0.0,1.0,0.0,0.0,0.0,0.0,0.0,0.0,0.0,0.0,0.0
False,7.0,5,0,0,55,55,Mesosphere Q4 Sprint 3 - 12/7,-7,18,5,21,0,0,0,0,3,15,2,6,0,0,2,2,7.0,4.0,3.0,5.0,1.0,0.0,13.0,2.571428571428572,1.0,4.720774754816659,22.28571428571429,13.0,0.0,0.0,0.0,0.0,0.0,0.0,0.0,0.0,1.0,0.2857142857142857,0.0,0.4879500364742666,0.2380952380952381,1.0,0.0,2.0,0.7142857142857143,0.0,0.9511897312113418,0.9047619047619048,2.0,0.0,0.0,0.0,0.0,0.0,0.0,0.0,0.0,0.0,0.0,0.0,0.0,0.0,0.0,0.0,0.0,0.0,0.0,0.0,0.0,0.0,0.0,0.0,0.0,0.0,0.0,0.0,0.0,0.0,2.0,0.5714285714285714,0.0,0.7867957924694431,0.619047619047619,2.0,3.0,0.0,4.0,0.0,1.0,0.0,0.0,0.0,0.0,0.0,0.0,0.0,0.0,0.0,0.0
False,1.0,1,0,1,55,56,Twitter Mesos Q4 Sprint 4,0,14,1,3,0,0,1,3,0,0,0,0,0,0,2,1,1.0,1.0,0.0,1.0,0.0,2.0,2.0,2.0,2.0,0.0,0.0,0.0,0.0,0.0,0.0,0.0,0.0,0.0,0.0,0.0,0.0,0.0,0.0,0.0,0.0,0.0,1.0,1.0,1.0,1.0,0.0,0.0,0.0,0.0,0.0,0.0,0.0,0.0,0.0,0.0,0.0,0.0,0.0,0.0,0.0,0.0,0.0,0.0,0.0,0.0,0.0,0.0,0.0,0.0,0.0,0.0,0.0,0.0,0.0,0.0,0.0,0.0,0.0,0.0,0.0,0.0,0.0,0.0,0.0,0.0,1.0,0.0,0.0,0.0,0.0,0.0,0.0,0.0,0.0,0.0,0.0,0.0,0.0
True,3.0,3,0,0,55,69,Mesosphere Q1 Sprint 1 - 1/23,-1,8,3,15,0,0,0,0,3,15,0,0,0,0,2,2,3.0,2.0,1.0,2.0,0.0,0.0,13.0,5.333333333333333,3.0,6.8068592855540455,46.333333333333336,13.0,0.0,0.0,0.0,0.0,0.0,0.0,0.0,0.0,1.0,0.3333333333333333,0.0,0.5773502691896258,0.3333333333333333,1.0,0.0,2.0,0.6666666666666666,0.0,1.1547005383792517,1.3333333333333337,2.0,0.0,0.0,0.0,0.0,0.0,0.0,0.0,0.0,0.0,0.0,0.0,0.0,0.0,0.0,0.0,0.0,0.0,0.0,0.0,0.0,0.0,0.0,0.0,0.0,0.0,0.0,0.0,0.0,0.0,2.0,0.6666666666666666,0.0,1.1547005383792517,1.3333333333333337,2.0,1.0,0.0,2.0,0.0,1.0,0.0,0.0,0.0,0.0,0.0,0.0,0.0,0.0,0.0,0.0
True,3.0,2,1,0,55,74,Mesosphere Q1 Sprint 2 - 2/6,-1,14,2,14,1,1,0,0,3,15,0,0,0,0,2,3,3.0,1.0,2.0,2.0,0.0,0.0,3.0,1.3333333333333333,1.0,1.5275252316519468,2.333333333333333,3.0,0.0,0.0,0.0,0.0,0.0,0.0,0.0,0.0,1.0,0.3333333333333333,0.0,0.5773502691896258,0.3333333333333333,1.0,0.0,1.0,0.3333333333333333,0.0,0.5773502691896258,0.3333333333333333,1.0,0.0,0.0,0.0,0.0,0.0,0.0,0.0,0.0,0.0,0.0,0.0,0.0,0.0,0.0,0.0,0.0,0.0,0.0,0.0,0.0,0.0,0.0,0.0,0.0,0.0,0.0,0.0,0.0,0.0,0.0,0.0,0.0,0.0,0.0,0.0,2.0,0.0,1.0,0.0,1.0,0.0,0.0,0.0,0.0,0.0,0.0,0.0,0.0,0.0,0.0
False,4.0,3,0,1,55,75,Mesosphere Q1 Sprint 3 - 2/20,-13,14,3,15,0,0,1,1,2,14,0,0,0,0,2,3,4.0,2.0,2.0,3.0,0.0,0.0,3.0,1.0,0.5,1.4142135623730951,2.0,3.0,0.0,0.0,0.0,0.0,0.0,0.0,0.0,0.0,1.0,0.25,0.0,0.5,0.25,1.0,0.0,1.0,0.25,0.0,0.5,0.25,1.0,0.0,0.0,0.0,0.0,0.0,0.0,0.0,0.0,0.0,0.0,0.0,0.0,0.0,0.0,0.0,0.0,0.0,0.0,0.0,0.0,0.0,0.0,0.0,0.0,0.0,0.0,0.0,0.0,0.0,0.0,0.0,0.0,0.0,0.0,0.0,2.0,0.0,2.0,0.0,1.0,0.0,0.0,0.0,0.0,0.0,0.0,0.0,0.0,0.0,0.0
False,4.0,4,0,1,55,80,Twitter Mesos Q1 Sprint 2,-11,14,4,14,0,0,1,3,2,3,1,8,0,0,2,3,4.0,1.0,1.0,3.0,1.0,0.0,6.0,2.0,1.0,2.8284271247461903,8.0,6.0,0.0,1.0,0.25,0.0,0.5,0.25,1.0,0.0,1.0,0.25,0.0,0.5,0.25,1.0,0.0,1.0,0.5,0.5,0.5773502691896257,0.3333333333333333,1.0,0.0,0.0,0.0,0.0,0.0,0.0,0.0,0.0,0.0,0.0,0.0,0.0,0.0,0.0,0.0,0.0,0.0,0.0,0.0,0.0,0.0,0.0,0.0,0.0,0.0,0.0,0.0,0.0,0.0,0.0,0.0,0.0,0.0,0.0,0.0,1.0,1.0,3.0,0.0,0.0,1.0,0.0,0.0,0.0,0.0,0.0,0.0,0.0,0.0,0.0
False,3.0,1,0,0,55,81,Mesosphere Q1 Sprint 4 - 3/6,2,14,1,1,0,0,0,0,1,1,0,0,0,0,2,3,3.0,0.0,2.0,1.0,1.0,2.0,16.0,7.333333333333333,4.0,7.571877794400366,57.33333333333334,14.0,0.0,0.0,0.0,0.0,0.0,0.0,0.0,0.0,0.0,0.0,0.0,0.0,0.0,0.0,0.0,1.0,0.6666666666666666,1.0,0.5773502691896258,0.3333333333333333,1.0,0.0,0.0,0.0,0.0,0.0,0.0,0.0,0.0,0.0,0.0,0.0,0.0,0.0,0.0,0.0,0.0,0.0,0.0,0.0,0.0,0.0,0.0,0.0,0.0,0.0,0.0,0.0,0.0,0.0,1.0,0.3333333333333333,0.0,0.5773502691896258,0.3333333333333333,1.0,2.0,1.0,1.0,0.0,1.0,0.0,0.0,0.0,0.0,0.0,0.0,0.0,0.0,0.0,0.0
False,4.0,1,0,0,55,87,Twitter Mesos Q1 Sprint 3,-2,13,1,2,0,0,0,0,0,0,1,5,0,0,2,1,4.0,2.0,1.0,4.0,0.0,0.0,4.0,1.0,0.0,2.0,4.0,4.0,0.0,2.0,1.0,1.0,1.1547005383792517,1.3333333333333333,2.0,0.0,1.0,0.5,0.5,0.5773502691896257,0.3333333333333333,1.0,0.0,2.0,0.5,0.0,1.0,1.0,2.0,0.0,0.0,0.0,0.0,0.0,0.0,0.0,0.0,0.0,0.0,0.0,0.0,0.0,0.0,0.0,0.0,0.0,0.0,0.0,0.0,0.0,0.0,0.0,0.0,0.0,0.0,0.0,0.0,0.0,0.0,0.0,0.0,0.0,0.0,0.0,1.0,1.0,3.0,0.0,0.0,0.0,0.0,0.0,0.0,0.0,0.0,0.0,0.0,0.0,0.0
True,6.0,3,3,0,55,95,Mesosphere Q1 Sprint 5 - 3/20,-5,11,3,4,3,4,0,0,5,7,1,1,0,0,2,4,6.0,0.0,2.0,2.0,1.0,0.0,16.0,6.166666666666667,5.5,5.671566509057851,32.166666666666664,16.0,0.0,0.0,0.0,0.0,0.0,0.0,0.0,0.0,1.0,0.1666666666666666,0.0,0.408248290463863,0.1666666666666666,1.0,0.0,1.0,0.5,0.5,0.5477225575051661,0.3,1.0,0.0,0.0,0.0,0.0,0.0,0.0,0.0,0.0,0.0,0.0,0.0,0.0,0.0,0.0,0.0,0.0,0.0,0.0,0.0,0.0,0.0,0.0,0.0,0.0,0.0,0.0,0.0,0.0,0.0,5.0,1.0,0.0,2.0,4.0,5.0,4.0,1.0,2.0,1.0,2.0,0.0,1.0,2.0,0.0,0.0,0.0,0.0,0.0,0.0,0.0
False,3.0,3,0,1,55,102,Mesosphere Q1 Sprint 6 - 4/3,-1,14,3,4,0,0,1,1,1,2,1,1,0,0,2,2,3.0,0.0,1.0,2.0,0.0,1.0,4.0,2.333333333333333,2.0,1.5275252316519463,2.333333333333333,3.0,0.0,0.0,0.0,0.0,0.0,0.0,0.0,0.0,0.0,0.0,0.0,0.0,0.0,0.0,0.0,4.0,1.6666666666666667,1.0,2.0816659994661326,4.333333333333333,4.0,0.0,0.0,0.0,0.0,0.0,0.0,0.0,0.0,0.0,0.0,0.0,0.0,0.0,0.0,0.0,0.0,0.0,0.0,0.0,0.0,0.0,0.0,1.0,0.3333333333333333,0.0,0.5773502691896258,0.3333333333333333,1.0,0.0,1.0,0.3333333333333333,0.0,0.5773502691896258,0.3333333333333333,1.0,1.0,1.0,2.0,0.0,1.0,1.0,0.0,0.0,0.0,0.0,0.0,0.0,0.0,0.0,0.0
False,4.0,3,1,1,55,106,Mesosphere Q1 Sprint 7 - 4/17,-3,14,3,5,1,1,1,1,2,4,1,1,0,0,2,3,4.0,0.0,0.0,2.0,0.0,0.0,6.0,2.5,2.0,3.0,9.0,6.0,0.0,1.0,0.25,0.0,0.5,0.25,1.0,0.0,0.0,0.0,0.0,0.0,0.0,0.0,0.0,8.0,2.0,0.0,4.0,16.0,8.0,0.0,0.0,0.0,0.0,0.0,0.0,0.0,0.0,0.0,0.0,0.0,0.0,0.0,0.0,0.0,0.0,0.0,0.0,0.0,0.0,0.0,0.0,1.0,0.25,0.0,0.5,0.25,1.0,0.0,1.0,0.25,0.0,0.5,0.25,1.0,2.0,1.0,2.0,1.0,1.0,0.0,1.0,2.0,0.0,0.0,0.0,0.0,0.0,0.0,0.0
True,1.0,1,0,0,55,108,Mesosphere Q2 Sprint 8 - 5/1,-2,14,1,2,0,0,0,0,0,0,1,2,0,0,2,2,1.0,0.0,0.0,0.0,0.0,6.0,6.0,6.0,6.0,0.0,0.0,0.0,0.0,0.0,0.0,0.0,0.0,0.0,0.0,0.0,0.0,0.0,0.0,0.0,0.0,0.0,0.0,0.0,0.0,0.0,0.0,0.0,0.0,0.0,0.0,0.0,0.0,0.0,0.0,0.0,0.0,0.0,0.0,0.0,0.0,0.0,0.0,0.0,0.0,0.0,0.0,0.0,0.0,0.0,0.0,0.0,0.0,0.0,0.0,0.0,0.0,6.0,6.0,6.0,6.0,0.0,0.0,0.0,0.0,1.0,1.0,0.0,1.0,0.0,0.0,0.0,0.0,0.0,0.0,0.0,0.0,0.0,0.0
False,1.0,0,0,0,55,115,Mesosphere Q1 Sprint 9 - 5/15,8,14,0,0,0,0,0,0,0,0,0,0,0,0,2,1,1.0,0.0,0.0,1.0,0.0,0.0,0.0,0.0,0.0,0.0,0.0,0.0,0.0,0.0,0.0,0.0,0.0,0.0,0.0,0.0,0.0,0.0,0.0,0.0,0.0,0.0,3.0,3.0,3.0,3.0,0.0,0.0,0.0,0.0,0.0,0.0,0.0,0.0,0.0,0.0,0.0,0.0,0.0,0.0,0.0,0.0,0.0,0.0,0.0,0.0,0.0,0.0,0.0,0.0,0.0,0.0,0.0,0.0,0.0,0.0,0.0,0.0,0.0,0.0,0.0,0.0,0.0,0.0,1.0,0.0,0.0,0.0,0.0,1.0,0.0,0.0,0.0,0.0,0.0,0.0,0.0,0.0,0.0
False,2.0,0,1,1,55,118,Twitter Q2 Sprint 2,0,14,0,0,1,1,1,1,0,0,0,0,0,0,2,1,2.0,0.0,1.0,1.0,1.0,0.0,0.0,0.0,0.0,0.0,0.0,0.0,0.0,1.0,0.5,0.5,0.7071067811865476,0.5,1.0,0.0,0.0,0.0,0.0,0.0,0.0,0.0,0.0,0.0,0.0,0.0,0.0,0.0,0.0,0.0,0.0,0.0,0.0,0.0,0.0,0.0,0.0,0.0,0.0,0.0,0.0,0.0,0.0,0.0,0.0,0.0,0.0,0.0,0.0,0.0,0.0,0.0,0.0,0.0,0.0,0.0,0.0,0.0,0.0,0.0,0.0,0.0,0.0,0.0,2.0,0.0,0.0,1.0,0.0,0.0,0.0,0.0,0.0,0.0,0.0,0.0,0.0,0.0,0.0
False,3.0,1,0,0,55,130,Mesosphere Sprint 10,8,10,1,2,0,0,0,0,0,0,0,0,1,3,2,3,3.0,0.0,0.0,3.0,0.0,0.0,5.0,1.6666666666666667,0.0,2.8867513459481287,8.333333333333332,5.0,0.0,1.0,0.3333333333333333,0.0,0.5773502691896258,0.3333333333333333,1.0,0.0,0.0,0.0,0.0,0.0,0.0,0.0,0.0,3.0,1.0,0.0,1.7320508075688772,3.0,3.0,0.0,0.0,0.0,0.0,0.0,0.0,0.0,0.0,0.0,0.0,0.0,0.0,0.0,0.0,0.0,0.0,0.0,0.0,0.0,0.0,0.0,0.0,0.0,0.0,0.0,0.0,0.0,0.0,0.0,0.0,0.0,0.0,0.0,0.0,0.0,2.0,1.0,1.0,0.0,0.0,1.0,0.0,1.0,0.0,0.0,0.0,0.0,0.0,0.0,0.0
False,6.0,0,0,0,55,132,Twitter Q2 Sprint 3,9,13,0,0,0,0,0,0,0,0,0,0,0,0,2,3,6.0,6.0,0.0,6.0,0.0,0.0,2.0,0.8333333333333334,0.5,0.983192080250175,0.9666666666666666,2.0,0.0,1.0,0.5,0.5,0.5477225575051661,0.3,1.0,0.0,1.0,0.1666666666666666,0.0,0.408248290463863,0.1666666666666666,1.0,0.0,0.0,0.0,0.0,0.0,0.0,0.0,0.0,0.0,0.0,0.0,0.0,0.0,0.0,0.0,0.0,0.0,0.0,0.0,0.0,0.0,0.0,0.0,0.0,0.0,0.0,0.0,0.0,0.0,0.0,0.0,0.0,0.0,0.0,0.0,0.0,4.0,0.6666666666666666,0.0,1.632993161855452,2.666666666666667,4.0,2.0,0.0,4.0,0.0,0.0,0.0,0.0,0.0,0.0,0.0,0.0,0.0,0.0,0.0,0.0
True,4.0,0,4,0,55,134,Mesosphere Sprint 11,-3,13,0,0,4,18,0,0,4,18,0,0,0,0,2,4,4.0,0.0,1.0,3.0,0.0,0.0,6.0,2.5,2.0,2.6457513110645907,7.0,6.0,0.0,1.0,0.25,0.0,0.5,0.25,1.0,0.0,0.0,0.0,0.0,0.0,0.0,0.0,0.0,3.0,1.5,1.5,1.7320508075688772,3.0,3.0,0.0,0.0,0.0,0.0,0.0,0.0,0.0,0.0,0.0,0.0,0.0,0.0,0.0,0.0,0.0,0.0,0.0,0.0,0.0,0.0,0.0,0.0,0.0,0.0,0.0,0.0,0.0,0.0,0.0,3.0,1.0,0.5,1.4142135623730951,2.0,3.0,3.0,1.0,1.0,0.0,1.0,1.0,0.0,1.0,0.0,0.0,0.0,0.0,0.0,0.0,0.0
False,4.0,1,1,1,55,141,Twitter Mesos Q2 Sprint 5,1,14,1,5,1,3,1,3,1,5,0,0,0,0,2,2,4.0,3.0,0.0,2.0,2.0,0.0,5.0,1.75,1.0,2.362907813126304,5.583333333333333,5.0,0.0,1.0,0.5,0.5,0.5773502691896257,0.3333333333333333,1.0,0.0,0.0,0.0,0.0,0.0,0.0,0.0,0.0,0.0,0.0,0.0,0.0,0.0,0.0,0.0,0.0,0.0,0.0,0.0,0.0,0.0,0.0,0.0,0.0,0.0,0.0,0.0,0.0,0.0,0.0,0.0,0.0,0.0,0.0,0.0,0.0,0.0,0.0,0.0,0.0,0.0,0.0,0.0,1.0,0.25,0.0,0.5,0.25,1.0,3.0,1.0,1.0,0.0,0.0,0.0,0.0,0.0,0.0,0.0,0.0,0.0,0.0,0.0,0.0
False,12.0,0,8,8,55,142,Mesosphere Sprint 12,1,14,0,0,8,25,8,25,0,0,0,0,0,0,2,4,12.0,2.0,1.0,10.0,0.0,0.0,13.0,3.1666666666666665,1.0,4.19595765065147,17.606060606060606,13.0,0.0,1.0,0.25,0.0,0.4522670168666454,0.2045454545454545,1.0,0.0,1.0,0.25,0.0,0.4522670168666454,0.2045454545454545,1.0,0.0,3.0,1.0833333333333333,1.0,1.164500152881315,1.356060606060606,3.0,0.0,0.0,0.0,0.0,0.0,0.0,0.0,0.0,0.0,0.0,0.0,0.0,0.0,0.0,0.0,0.0,0.0,0.0,0.0,0.0,0.0,0.0,0.0,0.0,0.0,0.0,0.0,0.0,0.0,5.0,1.0,0.0,1.7056057308448835,2.909090909090909,5.0,8.0,5.0,4.0,1.0,2.0,2.0,0.0,1.0,0.0,0.0,0.0,0.0,0.0,0.0,0.0
False,33.0,3,3,4,55,143,Mesosphere Sprint 13,-15,14,3,24,3,14,4,22,2,16,0,0,0,0,2,12,33.0,11.0,8.0,27.0,2.0,0.0,14.0,1.3636363636363635,0.0,3.100586454791474,9.613636363636362,14.0,0.0,1.0,0.1212121212121212,0.0,0.3314339826398084,0.1098484848484848,1.0,0.0,1.0,0.4545454545454545,0.0,0.5056498968474316,0.2556818181818181,1.0,0.0,5.0,0.5757575757575758,0.0,1.0316946929174051,1.0643939393939394,5.0,0.0,0.0,0.0,0.0,0.0,0.0,0.0,0.0,0.0,0.0,0.0,0.0,0.0,0.0,0.0,0.0,0.0,0.0,0.0,0.0,0.0,0.0,1.0,0.0909090909090909,0.0,0.2919371040605711,0.0852272727272727,1.0,0.0,6.0,0.3939393939393939,0.0,1.1709876691119,1.371212121212121,6.0,20.0,9.0,13.0,1.0,3.0,2.0,0.0,2.0,0.0,1.0,0.0,0.0,0.0,0.0,0.0
False,14.0,2,4,1,55,150,Twitter Mesos Q2 Sprint 6,1,14,2,11,4,14,1,8,5,17,0,0,0,0,2,7,14.0,4.0,6.0,12.0,1.0,0.0,9.0,1.6428571428571428,1.0,2.468482650011256,6.093406593406594,9.0,0.0,1.0,0.0714285714285714,0.0,0.2672612419124244,0.0714285714285714,1.0,0.0,1.0,0.5,0.5,0.5188745216627708,0.2692307692307692,1.0,0.0,4.0,1.1428571428571428,1.0,1.292412345317728,1.6703296703296706,4.0,0.0,0.0,0.0,0.0,0.0,0.0,0.0,0.0,0.0,0.0,0.0,0.0,0.0,0.0,0.0,7.0,0.5714285714285714,0.0,1.869359648250035,3.4945054945054945,7.0,0.0,0.0,0.0,0.0,0.0,0.0,0.0,0.0,3.0,0.5714285714285714,0.0,0.9376144618769908,0.8791208791208793,3.0,10.0,3.0,4.0,0.0,1.0,1.0,0.0,0.0,0.0,0.0,0.0,0.0,0.0,0.0,0.0
False,38.0,0,16,12,55,154,Mesosphere Sprint 14,-1,14,0,0,16,73,12,66,4,7,0,0,0,0,2,14,38.0,11.0,12.0,27.0,3.0,0.0,13.0,2.421052631578948,0.5,3.523140329441737,12.412517780938831,13.0,0.0,2.0,0.1842105263157894,0.0,0.4565003867790751,0.2083926031294452,2.0,0.0,1.0,0.1578947368421052,0.0,0.369537021476632,0.1365576102418208,1.0,0.0,6.0,0.6842105263157895,0.0,1.377527419806457,1.8975817923186349,6.0,0.0,0.0,0.0,0.0,0.0,0.0,0.0,0.0,0.0,0.0,0.0,0.0,0.0,0.0,0.0,3.0,0.3421052631578947,0.0,0.7453029780973237,0.5554765291607399,3.0,0.0,1.0,0.0526315789473684,0.0,0.2262942859214142,0.0512091038406827,1.0,0.0,3.0,0.4736842105263157,0.0,0.8297457150451855,0.6884779516358461,3.0,19.0,10.0,19.0,1.0,4.0,2.0,0.0,1.0,1.0,4.0,0.0,0.0,0.0,0.0,0.0
False,11.0,5,1,0,55,155,Twitter Mesos Q3 Sprint 1,-19,14,5,20,1,8,0,0,6,28,0,0,0,0,2,3,11.0,1.0,7.0,10.0,0.0,0.0,5.0,1.7272727272727273,1.0,1.8488325554743508,3.418181818181818,5.0,0.0,1.0,0.0909090909090909,0.0,0.3015113445777636,0.0909090909090909,1.0,0.0,1.0,0.5454545454545454,1.0,0.5222329678670935,0.2727272727272727,1.0,0.0,4.0,1.3636363636363635,1.0,1.3618169680781096,1.8545454545454547,4.0,0.0,0.0,0.0,0.0,0.0,0.0,0.0,0.0,0.0,0.0,0.0,0.0,0.0,0.0,0.0,7.0,0.8181818181818182,0.0,2.088931871468374,4.363636363636363,7.0,0.0,0.0,0.0,0.0,0.0,0.0,0.0,0.0,2.0,0.6363636363636364,0.0,0.8090398349558906,0.6545454545454547,2.0,5.0,3.0,6.0,0.0,0.0,0.0,0.0,0.0,0.0,1.0,0.0,0.0,0.0,0.0,0.0
False,17.0,12,2,2,60,7,Q2 Sprint 1,-12,4,12,14,2,2,2,4,0,0,4,4,8,8,1,6,17.0,0.0,8.0,13.0,1.0,0.0,11.0,1.6470588235294117,1.0,2.6912166502947192,7.242647058823529,11.0,0.0,1.0,0.0588235294117647,0.0,0.242535625036333,0.0588235294117647,1.0,1.0,1.0,1.0,1.0,0.0,0.0,0.0,0.0,2.0,0.2352941176470588,0.0,0.562295714538387,0.3161764705882352,2.0,0.0,0.0,0.0,0.0,0.0,0.0,0.0,0.0,0.0,0.0,0.0,0.0,0.0,0.0,0.0,0.0,0.0,0.0,0.0,0.0,0.0,0.0,1.0,0.0588235294117647,0.0,0.242535625036333,0.0588235294117647,1.0,0.0,1.0,0.1764705882352941,0.0,0.3929526239966879,0.1544117647058823,1.0,13.0,4.0,4.0,0.0,1.0,5.0,1.0,0.0,0.0,1.0,0.0,0.0,0.0,0.0,0.0
False,14.0,1,3,3,60,11,Q2 Sprint 2,1,4,1,1,3,3,3,3,1,1,0,0,0,0,1,4,14.0,0.0,10.0,12.0,1.0,0.0,11.0,1.7142857142857142,1.0,2.9464077588342525,8.681318681318682,11.0,0.0,0.0,0.0,0.0,0.0,0.0,0.0,0.0,1.0,0.8571428571428571,1.0,0.3631365196012814,0.1318681318681318,1.0,0.0,3.0,0.5,0.0,0.9405399431259602,0.8846153846153846,3.0,0.0,0.0,0.0,0.0,0.0,0.0,0.0,0.0,0.0,0.0,0.0,0.0,0.0,0.0,0.0,2.0,0.2857142857142857,0.0,0.726273039202563,0.5274725274725276,2.0,0.0,0.0,0.0,0.0,0.0,0.0,0.0,0.0,1.0,0.3571428571428571,0.0,0.4972451580988468,0.2472527472527471,1.0,9.0,1.0,5.0,0.0,0.0,3.0,0.0,0.0,0.0,1.0,0.0,0.0,0.0,0.0,0.0
False,26.0,8,2,1,60,26,Aurora Q3 Sprint 2,-8,11,8,8,2,2,1,1,4,4,0,0,5,5,1,7,26.0,0.0,9.0,22.0,0.0,0.0,8.0,1.9230769230769231,1.0,2.20767890641872,4.873846153846154,8.0,0.0,1.0,0.0384615384615384,0.0,0.196116135138184,0.0384615384615384,1.0,1.0,1.0,1.0,1.0,0.0,0.0,0.0,0.0,4.0,0.5769230769230769,0.0,0.9454343731037887,0.893846153846154,4.0,0.0,0.0,0.0,0.0,0.0,0.0,0.0,0.0,0.0,0.0,0.0,0.0,0.0,0.0,0.0,1.0,0.1923076923076923,0.0,0.4019184762342502,0.1615384615384615,1.0,0.0,1.0,0.0384615384615384,0.0,0.196116135138184,0.0384615384615384,1.0,0.0,1.0,0.0384615384615384,0.0,0.196116135138184,0.0384615384615384,1.0,16.0,6.0,10.0,1.0,3.0,3.0,0.0,0.0,0.0,1.0,7.0,0.0,0.0,0.0,0.0
False,37.0,10,5,4,60,42,Aurora Q4 Sprint 1,-1,11,10,10,5,5,4,4,11,11,0,0,0,0,1,9,37.0,0.0,15.0,23.0,2.0,0.0,10.0,1.4864864864864864,1.0,2.352559145810055,5.5345345345345365,10.0,0.0,1.0,0.027027027027027,0.0,0.1643989873053573,0.027027027027027,1.0,0.0,1.0,0.945945945945946,1.0,0.2292434351351256,0.0525525525525525,1.0,0.0,6.0,0.5945945945945946,0.0,1.1892915598853018,1.4144144144144142,6.0,0.0,0.0,0.0,0.0,0.0,0.0,0.0,0.0,0.0,0.0,0.0,0.0,0.0,0.0,0.0,1.0,0.027027027027027,0.0,0.1643989873053573,0.027027027027027,1.0,0.0,1.0,0.1891891891891892,0.0,0.3970612769556578,0.1576576576576576,1.0,0.0,3.0,0.1621621621621621,0.0,0.6015495506289251,0.3618618618618618,3.0,18.0,12.0,19.0,1.0,8.0,9.0,0.0,0.0,0.0,4.0,0.0,0.0,0.0,0.0,0.0
False,25.0,13,7,3,60,46,Twitter Aurora Q4 Sprint 2,-13,11,13,13,7,7,3,3,17,17,0,0,0,0,1,8,25.0,0.0,13.0,18.0,2.0,0.0,10.0,1.88,1.0,2.1855586623714007,4.776666666666667,10.0,0.0,1.0,0.04,0.0,0.2,0.04,1.0,1.0,1.0,1.0,1.0,0.0,0.0,0.0,0.0,2.0,0.4,0.0,0.7071067811865476,0.5000000000000001,2.0,0.0,0.0,0.0,0.0,0.0,0.0,0.0,0.0,0.0,0.0,0.0,0.0,0.0,0.0,0.0,1.0,0.04,0.0,0.2,0.04,1.0,0.0,1.0,0.08,0.0,0.2768874620972691,0.0766666666666666,1.0,0.0,3.0,0.32,0.0,0.8020806277010643,0.6433333333333332,3.0,18.0,8.0,7.0,0.0,3.0,4.0,0.0,0.0,0.0,2.0,0.0,0.0,0.0,0.0,0.0
False,25.0,16,3,3,60,52,Twitter Aurora Q4 Sprint 3,-13,10,16,16,3,3,3,3,2,2,7,7,7,7,1,7,25.0,0.0,6.0,18.0,1.0,0.0,13.0,1.4,1.0,2.598076211353316,6.75,13.0,0.0,0.0,0.0,0.0,0.0,0.0,0.0,0.0,1.0,0.92,1.0,0.2768874620972691,0.0766666666666666,1.0,0.0,3.0,0.56,0.0,0.8205689083394114,0.6733333333333333,3.0,0.0,0.0,0.0,0.0,0.0,0.0,0.0,0.0,0.0,0.0,0.0,0.0,0.0,0.0,0.0,0.0,0.0,0.0,0.0,0.0,0.0,0.0,1.0,0.04,0.0,0.2,0.04,1.0,0.0,3.0,0.16,0.0,0.6244997998398399,0.3900000000000001,3.0,9.0,13.0,16.0,0.0,1.0,6.0,0.0,0.0,0.0,5.0,0.0,0.0,0.0,0.0,0.0
False,10.0,4,2,0,60,53,Twitter Aurora Q4 Sprint 4,-6,9,4,4,2,2,0,0,0,0,4,4,2,2,1,4,10.0,0.0,3.0,6.0,2.0,0.0,4.0,1.0,0.5,1.4142135623730951,2.0,4.0,0.0,0.0,0.0,0.0,0.0,0.0,0.0,1.0,1.0,1.0,1.0,0.0,0.0,0.0,0.0,2.0,0.2,0.0,0.6324555320336759,0.4000000000000001,2.0,0.0,0.0,0.0,0.0,0.0,0.0,0.0,0.0,0.0,0.0,0.0,0.0,0.0,0.0,0.0,0.0,0.0,0.0,0.0,0.0,0.0,0.0,0.0,0.0,0.0,0.0,0.0,0.0,0.0,0.0,0.0,0.0,0.0,0.0,0.0,3.0,6.0,7.0,0.0,2.0,1.0,0.0,0.0,0.0,0.0,0.0,0.0,0.0,0.0,0.0
False,25.0,4,14,9,60,59,Twitter Aurora Q4 Sprint 5,-6,12,4,4,14,14,9,9,9,9,0,0,0,0,1,8,25.0,0.0,15.0,18.0,5.0,0.0,7.0,1.16,1.0,1.624807680927192,2.6399999999999992,7.0,0.0,2.0,0.16,0.0,0.4725815626252608,0.2233333333333333,2.0,0.0,1.0,0.92,1.0,0.2768874620972691,0.0766666666666666,1.0,0.0,6.0,0.76,0.0,1.451436070471816,2.1066666666666665,6.0,0.0,0.0,0.0,0.0,0.0,0.0,0.0,0.0,0.0,0.0,0.0,0.0,0.0,0.0,0.0,1.0,0.08,0.0,0.2768874620972691,0.0766666666666666,1.0,0.0,1.0,0.04,0.0,0.2,0.04,1.0,0.0,2.0,0.2,0.0,0.5,0.25,2.0,16.0,5.0,9.0,0.0,1.0,5.0,0.0,0.0,0.0,1.0,0.0,0.0,0.0,0.0,0.0
False,5.0,2,1,1,60,62,Twitter Aurora Q4 Sprint 6,-2,5,2,2,1,1,1,1,1,1,1,1,0,0,1,1,5.0,0.0,3.0,4.0,0.0,0.0,7.0,2.0,1.0,2.9154759474226504,8.5,7.0,0.0,1.0,0.4,0.0,0.5477225575051662,0.3,1.0,0.0,1.0,0.8,1.0,0.447213595499958,0.2,1.0,0.0,2.0,0.8,1.0,0.8366600265340756,0.7000000000000001,2.0,0.0,0.0,0.0,0.0,0.0,0.0,0.0,0.0,0.0,0.0,0.0,0.0,0.0,0.0,0.0,0.0,0.0,0.0,0.0,0.0,0.0,0.0,1.0,0.2,0.0,0.447213595499958,0.2,1.0,0.0,0.0,0.0,0.0,0.0,0.0,0.0,2.0,2.0,3.0,0.0,1.0,0.0,0.0,0.0,0.0,0.0,0.0,0.0,0.0,0.0,0.0
False,15.0,10,4,2,60,73,Twitter Aurora Q1'15 Sprint 1,-26,11,10,32,4,4,2,2,6,24,5,9,1,1,1,4,15.0,0.0,4.0,9.0,1.0,0.0,2.0,0.7333333333333333,1.0,0.7037315505489968,0.4952380952380952,2.0,0.0,1.0,0.1333333333333333,0.0,0.3518657752744984,0.1238095238095238,1.0,0.0,1.0,0.9333333333333332,1.0,0.2581988897471611,0.0666666666666666,1.0,0.0,5.0,0.8666666666666667,0.0,1.3557637102737472,1.8380952380952371,5.0,0.0,0.0,0.0,0.0,0.0,0.0,0.0,0.0,0.0,0.0,0.0,0.0,0.0,0.0,0.0,0.0,0.0,0.0,0.0,0.0,0.0,0.0,1.0,0.0666666666666666,0.0,0.2581988897471611,0.0666666666666666,1.0,0.0,2.0,0.4666666666666667,0.0,0.6399404734221845,0.4095238095238097,2.0,9.0,9.0,6.0,0.0,2.0,2.0,0.0,0.0,0.0,3.0,0.0,0.0,0.0,0.0,0.0
False,11.0,4,2,2,60,76,Twitter Aurora Q1'15 Sprint 2,-11,13,4,11,2,13,2,13,0,0,2,9,2,9,1,5,11.0,0.0,4.0,11.0,0.0,0.0,3.0,0.6363636363636364,0.0,1.0269106361049412,1.054545454545455,3.0,0.0,0.0,0.0,0.0,0.0,0.0,0.0,0.0,1.0,0.9090909090909092,1.0,0.3015113445777636,0.0909090909090909,1.0,0.0,5.0,1.0909090909090908,0.0,1.8140862964338524,3.2909090909090915,5.0,0.0,0.0,0.0,0.0,0.0,0.0,0.0,0.0,0.0,0.0,0.0,0.0,0.0,0.0,0.0,0.0,0.0,0.0,0.0,0.0,0.0,0.0,0.0,0.0,0.0,0.0,0.0,0.0,0.0,2.0,0.3636363636363636,0.0,0.6741998624632419,0.4545454545454543,2.0,7.0,3.0,4.0,0.0,0.0,4.0,0.0,0.0,0.0,0.0,0.0,0.0,0.0,0.0,0.0
False,15.0,9,1,1,60,85,Twitter Aurora Q1'15 Sprint 3,-20,12,9,26,1,3,1,3,6,19,2,4,1,3,1,5,15.0,0.0,4.0,12.0,0.0,0.0,3.0,0.4666666666666667,0.0,0.9154754164341268,0.8380952380952381,3.0,0.0,0.0,0.0,0.0,0.0,0.0,0.0,0.0,1.0,0.8,1.0,0.4140393356054125,0.1714285714285714,1.0,0.0,2.0,0.6,0.0,0.9102589898327996,0.8285714285714285,2.0,0.0,0.0,0.0,0.0,0.0,0.0,0.0,0.0,0.0,0.0,0.0,0.0,0.0,0.0,0.0,0.0,0.0,0.0,0.0,0.0,0.0,0.0,0.0,0.0,0.0,0.0,0.0,0.0,0.0,2.0,0.4666666666666667,0.0,0.6399404734221844,0.4095238095238095,2.0,7.0,6.0,8.0,0.0,3.0,5.0,0.0,0.0,0.0,0.0,0.0,0.0,0.0,0.0,0.0
False,12.0,8,3,3,60,92,Twitter Aurora Q1'15 Sprint 4,-18,14,8,24,3,3,3,3,8,24,0,0,0,0,1,4,12.0,0.0,6.0,11.0,0.0,0.0,4.0,1.5833333333333333,1.0,1.311372170551507,1.7196969696969702,4.0,0.0,0.0,0.0,0.0,0.0,0.0,0.0,0.0,1.0,0.8333333333333334,1.0,0.3892494720807614,0.1515151515151515,1.0,0.0,2.0,0.5833333333333334,0.0,0.7929614610987591,0.6287878787878788,2.0,0.0,0.0,0.0,0.0,0.0,0.0,0.0,0.0,0.0,0.0,0.0,0.0,0.0,0.0,0.0,0.0,0.0,0.0,0.0,0.0,0.0,0.0,0.0,0.0,0.0,0.0,0.0,0.0,0.0,1.0,0.25,0.0,0.4522670168666454,0.2045454545454545,1.0,6.0,3.0,6.0,0.0,0.0,3.0,0.0,0.0,0.0,1.0,0.0,0.0,0.0,0.0,0.0
False,11.0,7,4,4,60,100,Twitter Aurora Q1'15 Sprint 5,-19,14,7,19,4,22,4,22,0,0,3,23,4,8,1,5,11.0,0.0,5.0,10.0,1.0,0.0,4.0,1.181818181818182,1.0,1.3280197150781925,1.7636363636363637,4.0,0.0,0.0,0.0,0.0,0.0,0.0,0.0,0.0,1.0,0.7272727272727273,1.0,0.4670993664969137,0.2181818181818181,1.0,0.0,2.0,0.8181818181818182,1.0,0.7507571935295483,0.5636363636363636,2.0,0.0,0.0,0.0,0.0,0.0,0.0,0.0,0.0,0.0,0.0,0.0,0.0,0.0,0.0,0.0,0.0,0.0,0.0,0.0,0.0,0.0,0.0,0.0,0.0,0.0,0.0,0.0,0.0,0.0,2.0,0.4545454545454545,0.0,0.6875516509523286,0.4727272727272726,2.0,5.0,2.0,6.0,0.0,0.0,4.0,0.0,0.0,0.0,0.0,0.0,0.0,0.0,0.0,0.0
True,1.0,1,0,0,60,105,Twitter Aurora Q1'15 Sprint 6,-1,13,1,1,0,0,0,0,1,1,0,0,0,0,1,1,1.0,0.0,0.0,1.0,0.0,1.0,1.0,1.0,1.0,0.0,0.0,0.0,0.0,0.0,0.0,0.0,0.0,0.0,0.0,0.0,0.0,0.0,0.0,0.0,0.0,0.0,0.0,0.0,0.0,0.0,0.0,0.0,0.0,0.0,0.0,0.0,0.0,0.0,0.0,0.0,0.0,0.0,0.0,0.0,0.0,0.0,0.0,0.0,0.0,0.0,0.0,0.0,0.0,0.0,0.0,0.0,0.0,0.0,0.0,0.0,0.0,1.0,1.0,1.0,1.0,0.0,0.0,0.0,0.0,1.0,1.0,0.0,0.0,0.0,0.0,0.0,0.0,0.0,0.0,0.0,0.0,0.0,0.0
True,5.0,5,0,0,60,112,Twitter Aurora Q2'15 Sprint 1,-5,14,5,8,0,0,0,0,5,8,0,0,0,0,1,4,5.0,0.0,3.0,5.0,0.0,0.0,1.0,0.4,0.0,0.5477225575051662,0.3,1.0,0.0,0.0,0.0,0.0,0.0,0.0,0.0,0.0,1.0,0.8,1.0,0.447213595499958,0.2,1.0,0.0,2.0,0.6,0.0,0.8944271909999159,0.8,2.0,0.0,0.0,0.0,0.0,0.0,0.0,0.0,0.0,0.0,0.0,0.0,0.0,0.0,0.0,0.0,0.0,0.0,0.0,0.0,0.0,0.0,0.0,0.0,0.0,0.0,0.0,0.0,0.0,0.0,1.0,0.2,0.0,0.447213595499958,0.2,1.0,4.0,1.0,1.0,0.0,0.0,1.0,0.0,0.0,0.0,0.0,0.0,0.0,0.0,0.0,0.0
False,22.0,4,11,8,60,117,Twitter Aurora Q2'15 Sprint 2,-11,14,4,9,11,22,8,15,7,16,0,0,0,0,1,5,22.0,0.0,6.0,15.0,3.0,0.0,4.0,0.9545454545454546,1.0,0.9989171626493848,0.9978354978354976,4.0,0.0,0.0,0.0,0.0,0.0,0.0,0.0,0.0,1.0,0.9545454545454546,1.0,0.2132007163556104,0.0454545454545454,1.0,0.0,2.0,0.3636363636363636,0.0,0.5810872031479765,0.3376623376623376,2.0,0.0,0.0,0.0,0.0,0.0,0.0,0.0,0.0,0.0,0.0,0.0,0.0,0.0,0.0,0.0,0.0,0.0,0.0,0.0,0.0,0.0,0.0,1.0,0.0454545454545454,0.0,0.2132007163556104,0.0454545454545454,1.0,0.0,2.0,0.2727272727272727,0.0,0.5504818825631804,0.3030303030303031,2.0,11.0,6.0,11.0,0.0,2.0,10.0,2.0,0.0,0.0,0.0,0.0,0.0,0.0,0.0,0.0
False,10.0,5,2,3,60,127,Twitter Aurora Q2'15 Sprint 3,-13,14,5,16,2,6,3,8,4,14,0,0,0,0,1,4,10.0,0.0,3.0,8.0,2.0,0.0,8.0,1.8,1.0,2.485513584307633,6.177777777777779,8.0,0.0,0.0,0.0,0.0,0.0,0.0,0.0,0.0,1.0,0.8,1.0,0.4216370213557839,0.1777777777777778,1.0,0.0,4.0,0.7,0.0,1.2516655570345725,1.5666666666666669,4.0,0.0,0.0,0.0,0.0,0.0,0.0,0.0,0.0,0.0,0.0,0.0,0.0,0.0,0.0,0.0,0.0,0.0,0.0,0.0,0.0,0.0,0.0,0.0,0.0,0.0,0.0,0.0,0.0,0.0,1.0,0.3,0.0,0.4830458915396479,0.2333333333333332,1.0,3.0,6.0,7.0,0.0,0.0,1.0,0.0,0.0,0.0,0.0,0.0,0.0,0.0,0.0,0.0
False,4.0,3,0,0,60,131,Twitter Aurora Q2'15 Sprint 4,-7,13,3,7,0,0,0,0,2,2,1,5,0,0,1,3,4.0,0.0,2.0,3.0,1.0,0.0,1.0,0.5,0.5,0.5773502691896257,0.3333333333333333,1.0,0.0,0.0,0.0,0.0,0.0,0.0,0.0,0.0,1.0,0.75,1.0,0.5,0.25,1.0,0.0,0.0,0.0,0.0,0.0,0.0,0.0,0.0,0.0,0.0,0.0,0.0,0.0,0.0,0.0,0.0,0.0,0.0,0.0,0.0,0.0,0.0,0.0,0.0,0.0,0.0,0.0,0.0,0.0,0.0,0.0,0.0,0.0,0.0,0.0,0.0,1.0,0.25,0.0,0.5,0.25,1.0,2.0,2.0,2.0,0.0,0.0,0.0,0.0,0.0,0.0,0.0,0.0,0.0,0.0,0.0,0.0
False,8.0,2,5,4,60,151,Twitter Aurora Q2'15 Sprint 6,-9,14,2,7,5,11,4,9,3,9,0,0,0,0,1,4,8.0,0.0,5.0,7.0,0.0,0.0,4.0,1.625,1.5,1.407885953173359,1.9821428571428568,4.0,0.0,0.0,0.0,0.0,0.0,0.0,0.0,1.0,1.0,1.0,1.0,0.0,0.0,0.0,0.0,1.0,0.25,0.0,0.4629100498862757,0.2142857142857142,1.0,0.0,0.0,0.0,0.0,0.0,0.0,0.0,0.0,0.0,0.0,0.0,0.0,0.0,0.0,0.0,0.0,0.0,0.0,0.0,0.0,0.0,0.0,0.0,0.0,0.0,0.0,0.0,0.0,0.0,2.0,0.5,0.0,0.9258200997725514,0.8571428571428571,2.0,6.0,2.0,2.0,0.0,0.0,1.0,0.0,0.0,0.0,1.0,0.0,0.0,0.0,0.0,0.0
False,3.0,0,2,2,62,36,Mesos Q3 Sprint 5,0,14,0,0,2,2,2,2,0,0,0,0,0,0,6,3,3.0,1.0,0.0,3.0,0.0,2.0,11.0,5.666666666666667,4.0,4.725815626252608,22.33333333333333,9.0,0.0,1.0,0.3333333333333333,0.0,0.5773502691896258,0.3333333333333333,1.0,0.0,0.0,0.0,0.0,0.0,0.0,0.0,0.0,8.0,3.333333333333333,2.0,4.163331998932265,17.333333333333332,8.0,0.0,0.0,0.0,0.0,0.0,0.0,0.0,0.0,0.0,0.0,0.0,0.0,0.0,0.0,0.0,0.0,0.0,0.0,0.0,0.0,0.0,0.0,0.0,0.0,0.0,0.0,0.0,0.0,0.0,2.0,0.6666666666666666,0.0,1.1547005383792517,1.3333333333333337,2.0,1.0,0.0,2.0,2.0,0.0,0.0,0.0,0.0,0.0,0.0,0.0,0.0,0.0,0.0,0.0
True,1.0,1,0,0,62,38,Mesos Q3 Sprint 6,-3,14,1,3,0,0,0,0,1,3,0,0,0,0,6,2,1.0,0.0,0.0,1.0,0.0,11.0,11.0,11.0,11.0,0.0,0.0,0.0,0.0,0.0,0.0,0.0,0.0,0.0,0.0,0.0,0.0,0.0,0.0,0.0,0.0,0.0,2.0,2.0,2.0,2.0,0.0,0.0,0.0,0.0,0.0,0.0,0.0,0.0,0.0,0.0,0.0,0.0,0.0,0.0,0.0,0.0,0.0,0.0,0.0,0.0,0.0,0.0,0.0,0.0,0.0,0.0,0.0,0.0,0.0,0.0,0.0,2.0,2.0,2.0,2.0,0.0,0.0,0.0,1.0,0.0,0.0,1.0,0.0,0.0,0.0,0.0,0.0,0.0,0.0,0.0,0.0,0.0,0.0
True,1.0,1,0,0,62,43,Twitter Q4 Sprint 1,-3,14,1,3,0,0,0,0,0,0,1,3,0,0,6,2,1.0,0.0,0.0,1.0,0.0,12.0,12.0,12.0,12.0,0.0,0.0,0.0,0.0,0.0,0.0,0.0,0.0,0.0,0.0,0.0,0.0,0.0,0.0,0.0,0.0,0.0,2.0,2.0,2.0,2.0,0.0,0.0,0.0,0.0,0.0,0.0,0.0,0.0,0.0,0.0,0.0,0.0,0.0,0.0,0.0,0.0,0.0,0.0,0.0,0.0,0.0,0.0,0.0,0.0,0.0,0.0,0.0,0.0,0.0,0.0,0.0,2.0,2.0,2.0,2.0,0.0,0.0,0.0,1.0,0.0,0.0,1.0,0.0,0.0,0.0,0.0,0.0,0.0,0.0,0.0,0.0,0.0,0.0
False,4.0,1,1,1,62,45,Mesosphere Q4 Sprint 1 10/31,-2,12,1,2,1,3,1,3,0,0,1,1,0,0,6,3,4.0,1.0,0.0,3.0,0.0,0.0,15.0,7.0,6.5,7.615773105863909,58.0,15.0,0.0,0.0,0.0,0.0,0.0,0.0,0.0,0.0,0.0,0.0,0.0,0.0,0.0,0.0,0.0,4.0,1.5,1.0,1.914854215512676,3.6666666666666665,4.0,0.0,0.0,0.0,0.0,0.0,0.0,0.0,0.0,0.0,0.0,0.0,0.0,0.0,0.0,0.0,0.0,0.0,0.0,0.0,0.0,0.0,0.0,0.0,0.0,0.0,0.0,0.0,0.0,0.0,2.0,0.5,0.0,1.0,1.0,2.0,3.0,1.0,1.0,2.0,1.0,0.0,0.0,0.0,0.0,0.0,0.0,0.0,0.0,0.0,0.0
True,4.0,4,0,0,62,47,Mesosphere Q4 Sprint 2 - 11/14,-5,10,4,5,0,0,0,0,4,5,0,0,0,0,6,3,4.0,1.0,0.0,3.0,0.0,0.0,15.0,4.5,1.5,7.047458170621991,49.66666666666666,15.0,0.0,0.0,0.0,0.0,0.0,0.0,0.0,0.0,0.0,0.0,0.0,0.0,0.0,0.0,0.0,4.0,1.0,0.0,2.0,4.0,4.0,0.0,0.0,0.0,0.0,0.0,0.0,0.0,0.0,0.0,0.0,0.0,0.0,0.0,0.0,0.0,0.0,0.0,0.0,0.0,0.0,0.0,0.0,0.0,0.0,0.0,0.0,0.0,0.0,0.0,1.0,0.5,0.5,0.5773502691896257,0.3333333333333333,1.0,3.0,1.0,1.0,1.0,1.0,0.0,0.0,1.0,0.0,0.0,0.0,0.0,0.0,0.0,0.0
True,1.0,1,0,0,62,49,Twitter Mesos Q4 Sprint 2,-3,14,1,3,0,0,0,0,1,3,0,0,0,0,6,2,1.0,0.0,0.0,1.0,0.0,12.0,12.0,12.0,12.0,0.0,0.0,0.0,0.0,0.0,0.0,0.0,0.0,0.0,0.0,0.0,0.0,0.0,0.0,0.0,0.0,0.0,2.0,2.0,2.0,2.0,0.0,0.0,0.0,0.0,0.0,0.0,0.0,0.0,0.0,0.0,0.0,0.0,0.0,0.0,0.0,0.0,0.0,0.0,0.0,0.0,0.0,0.0,0.0,0.0,0.0,0.0,0.0,0.0,0.0,0.0,0.0,2.0,2.0,2.0,2.0,0.0,0.0,0.0,1.0,0.0,0.0,1.0,0.0,0.0,0.0,0.0,0.0,0.0,0.0,0.0,0.0,0.0,0.0
False,11.0,6,1,0,62,55,Mesosphere Q4 Sprint 3 - 12/7,-20,18,6,23,1,1,0,0,6,19,1,5,0,0,6,4,11.0,3.0,5.0,8.0,1.0,0.0,16.0,2.0,1.0,4.69041575982343,22.0,16.0,0.0,0.0,0.0,0.0,0.0,0.0,0.0,0.0,1.0,0.2727272727272727,0.0,0.4670993664969137,0.2181818181818181,1.0,0.0,4.0,0.7272727272727273,0.0,1.2720777563426766,1.618181818181818,4.0,0.0,0.0,0.0,0.0,0.0,0.0,0.0,0.0,0.0,0.0,0.0,0.0,0.0,0.0,0.0,0.0,0.0,0.0,0.0,0.0,0.0,0.0,0.0,0.0,0.0,0.0,0.0,0.0,0.0,4.0,0.8181818181818182,0.0,1.3280197150781925,1.7636363636363637,4.0,7.0,1.0,4.0,1.0,2.0,0.0,0.0,1.0,0.0,0.0,0.0,0.0,0.0,0.0,0.0
True,8.0,8,0,0,62,69,Mesosphere Q1 Sprint 1 - 1/23,-35,8,8,35,0,0,0,0,7,34,1,1,0,0,6,3,8.0,2.0,5.0,6.0,0.0,0.0,3.0,0.75,0.5,1.035098339013531,1.0714285714285714,3.0,0.0,0.0,0.0,0.0,0.0,0.0,0.0,0.0,1.0,0.375,0.0,0.5175491695067657,0.2678571428571428,1.0,0.0,4.0,1.0,0.5,1.4142135623730951,2.0,4.0,0.0,0.0,0.0,0.0,0.0,0.0,0.0,0.0,0.0,0.0,0.0,0.0,0.0,0.0,0.0,0.0,0.0,0.0,0.0,0.0,0.0,0.0,0.0,0.0,0.0,0.0,0.0,0.0,0.0,7.0,1.5,0.5,2.390457218668787,5.714285714285714,7.0,4.0,0.0,4.0,1.0,2.0,0.0,0.0,0.0,0.0,0.0,0.0,0.0,0.0,0.0,0.0
False,13.0,10,1,0,62,74,Mesosphere Q1 Sprint 2 - 2/6,-42,14,10,43,1,1,0,0,9,38,2,6,0,0,6,6,13.0,2.0,7.0,10.0,0.0,0.0,3.0,1.0,1.0,0.9128709291752768,0.8333333333333334,3.0,0.0,1.0,0.0769230769230769,0.0,0.2773500981126146,0.0769230769230769,1.0,0.0,1.0,0.3076923076923077,0.0,0.4803844614152613,0.2307692307692307,1.0,0.0,4.0,1.0,0.0,1.4719601443879744,2.1666666666666665,4.0,0.0,0.0,0.0,0.0,0.0,0.0,0.0,0.0,0.0,0.0,0.0,0.0,0.0,0.0,0.0,0.0,0.0,0.0,0.0,0.0,0.0,0.0,0.0,0.0,0.0,0.0,0.0,0.0,0.0,9.0,1.6153846153846154,0.0,2.6626572422569885,7.08974358974359,9.0,6.0,2.0,7.0,2.0,2.0,0.0,1.0,0.0,0.0,0.0,0.0,0.0,0.0,0.0,0.0
False,16.0,13,1,0,62,75,Mesosphere Q1 Sprint 3 - 2/20,-44,14,13,46,1,1,0,0,12,45,0,0,2,2,6,8,16.0,3.0,7.0,13.0,0.0,0.0,8.0,2.0625,1.0,2.5421447637772325,6.4625,8.0,0.0,1.0,0.0625,0.0,0.25,0.0625,1.0,0.0,1.0,0.5625,1.0,0.51234753829798,0.2625,1.0,0.0,4.0,1.0625,0.5,1.3889444433333775,1.9291666666666667,4.0,0.0,0.0,0.0,0.0,0.0,0.0,0.0,0.0,0.0,0.0,0.0,0.0,0.0,0.0,0.0,0.0,0.0,0.0,0.0,0.0,0.0,0.0,0.0,0.0,0.0,0.0,0.0,0.0,0.0,4.0,0.75,0.0,1.3416407864998738,1.8,4.0,4.0,4.0,12.0,2.0,2.0,0.0,1.0,0.0,0.0,0.0,0.0,0.0,0.0,0.0,0.0
False,18.0,13,2,0,62,81,Mesosphere Q1 Sprint 4 - 3/6,-45,14,13,47,2,2,0,0,11,45,2,2,2,2,6,9,18.0,3.0,7.0,13.0,1.0,0.0,8.0,3.2777777777777777,3.0,2.6965240273480524,7.27124183006536,8.0,0.0,1.0,0.1111111111111111,0.0,0.3233808333817773,0.1045751633986928,1.0,0.0,1.0,0.6666666666666666,1.0,0.4850712500726659,0.2352941176470588,1.0,0.0,4.0,0.8888888888888888,0.0,1.2313975269103985,1.5163398692810457,4.0,0.0,0.0,0.0,0.0,0.0,0.0,0.0,0.0,0.0,0.0,0.0,0.0,0.0,0.0,0.0,1.0,0.1111111111111111,0.0,0.3233808333817772,0.1045751633986928,1.0,0.0,1.0,0.0555555555555555,0.0,0.2357022603955158,0.0555555555555555,1.0,0.0,4.0,0.5555555555555556,0.0,0.9835244081556436,0.9673202614379088,4.0,4.0,6.0,14.0,1.0,2.0,0.0,1.0,1.0,0.0,1.0,0.0,0.0,0.0,0.0,0.0
False,1.0,0,0,0,62,87,Twitter Mesos Q1 Sprint 3,0,13,0,0,0,0,0,0,0,0,0,0,0,0,6,1,1.0,0.0,0.0,1.0,0.0,0.0,0.0,0.0,0.0,0.0,0.0,0.0,0.0,0.0,0.0,0.0,0.0,0.0,0.0,1.0,1.0,1.0,1.0,0.0,0.0,0.0,2.0,2.0,2.0,2.0,0.0,0.0,0.0,0.0,0.0,0.0,0.0,0.0,0.0,0.0,0.0,0.0,0.0,0.0,0.0,0.0,0.0,0.0,0.0,0.0,0.0,0.0,0.0,0.0,0.0,0.0,0.0,0.0,0.0,0.0,0.0,0.0,0.0,0.0,0.0,0.0,0.0,0.0,0.0,1.0,1.0,0.0,0.0,0.0,0.0,0.0,0.0,0.0,0.0,0.0,0.0,0.0,0.0
False,20.0,14,4,0,62,95,Mesosphere Q1 Sprint 5 - 3/20,-52,11,14,49,4,5,0,0,12,47,4,5,2,2,6,10,20.0,3.0,8.0,14.0,1.0,0.0,10.0,3.4,2.0,3.1187041843486347,9.726315789473684,10.0,0.0,1.0,0.15,0.0,0.3663475485325232,0.1342105263157894,1.0,0.0,1.0,0.6,1.0,0.5026246899500346,0.2526315789473685,1.0,0.0,4.0,0.85,0.5,1.1367080817685318,1.2921052631578949,4.0,0.0,0.0,0.0,0.0,0.0,0.0,0.0,0.0,0.0,0.0,0.0,0.0,0.0,0.0,0.0,1.0,0.05,0.0,0.2236067977499789,0.0499999999999999,1.0,0.0,0.0,0.0,0.0,0.0,0.0,0.0,0.0,6.0,0.95,0.5,1.637552731171861,2.681578947368421,6.0,7.0,6.0,13.0,2.0,3.0,0.0,1.0,1.0,0.0,1.0,0.0,0.0,0.0,0.0,0.0
False,21.0,15,1,1,62,102,Mesosphere Q1 Sprint 6 - 4/3,-43,14,15,47,1,1,1,1,10,38,2,6,3,3,6,11,21.0,1.0,8.0,16.0,1.0,0.0,10.0,3.333333333333333,2.0,3.055050463303893,9.333333333333332,10.0,0.0,1.0,0.238095238095238,0.0,0.4364357804719847,0.1904761904761904,1.0,0.0,1.0,0.4761904761904761,0.0,0.511766315719159,0.2619047619047618,1.0,0.0,4.0,0.9523809523809524,0.0,1.3592715135759477,1.8476190476190475,4.0,0.0,0.0,0.0,0.0,0.0,0.0,0.0,0.0,0.0,0.0,0.0,0.0,0.0,0.0,0.0,1.0,0.0476190476190476,0.0,0.2182178902359924,0.0476190476190476,1.0,0.0,1.0,0.0476190476190476,0.0,0.2182178902359923,0.0476190476190476,1.0,0.0,5.0,0.7142857142857143,0.0,1.230563169563316,1.5142857142857145,5.0,6.0,7.0,15.0,3.0,3.0,1.0,1.0,1.0,0.0,0.0,0.0,0.0,0.0,0.0,0.0
False,21.0,18,1,0,62,106,Mesosphere Q1 Sprint 7 - 4/17,-57,14,18,58,1,1,0,0,14,46,4,12,1,1,6,11,21.0,2.0,6.0,15.0,1.0,0.0,10.0,3.1904761904761907,1.0,3.3707424644883157,11.36190476190476,10.0,0.0,1.0,0.1904761904761904,0.0,0.4023739080814782,0.1619047619047618,1.0,0.0,1.0,0.4285714285714285,0.0,0.50709255283711,0.2571428571428571,1.0,0.0,8.0,1.3333333333333333,0.0,2.1055482263138345,4.433333333333335,8.0,0.0,0.0,0.0,0.0,0.0,0.0,0.0,0.0,0.0,0.0,0.0,0.0,0.0,0.0,0.0,0.0,0.0,0.0,0.0,0.0,0.0,0.0,1.0,0.0952380952380952,0.0,0.3007926037591192,0.0904761904761904,1.0,0.0,5.0,0.7142857142857143,0.0,1.230563169563316,1.5142857142857145,5.0,4.0,5.0,17.0,4.0,3.0,1.0,2.0,3.0,0.0,0.0,0.0,0.0,0.0,0.0,0.0
False,20.0,16,0,0,62,108,Mesosphere Q2 Sprint 8 - 5/1,-51,14,16,55,0,0,0,0,14,52,2,3,0,0,6,12,20.0,2.0,9.0,15.0,1.0,0.0,12.0,3.7,1.5,3.853911205379201,14.852631578947369,12.0,0.0,1.0,0.2,0.0,0.4103913408340616,0.1684210526315789,1.0,0.0,1.0,0.6,1.0,0.5026246899500346,0.2526315789473685,1.0,0.0,8.0,1.25,0.0,2.0487480130686238,4.197368421052632,8.0,0.0,0.0,0.0,0.0,0.0,0.0,0.0,0.0,0.0,0.0,0.0,0.0,0.0,0.0,0.0,2.0,0.1,0.0,0.4472135954999578,0.1999999999999999,2.0,0.0,1.0,0.05,0.0,0.2236067977499789,0.0499999999999999,1.0,0.0,8.0,1.2,0.0,2.30788123383195,5.326315789473683,8.0,5.0,4.0,15.0,4.0,3.0,0.0,1.0,1.0,0.0,0.0,0.0,0.0,0.0,0.0,0.0
False,17.0,0,0,0,62,115,Mesosphere Q1 Sprint 9 - 5/15,13,14,0,0,0,0,0,0,0,0,0,0,0,0,6,12,17.0,3.0,6.0,13.0,1.0,0.0,12.0,3.7058823529411766,1.0,4.10433773406796,16.845588235294116,12.0,0.0,1.0,0.1764705882352941,0.0,0.3929526239966879,0.1544117647058823,1.0,0.0,1.0,0.5882352941176471,1.0,0.5072996561958923,0.2573529411764706,1.0,0.0,8.0,1.411764705882353,1.0,2.093407017561676,4.38235294117647,8.0,0.0,0.0,0.0,0.0,0.0,0.0,0.0,0.0,0.0,0.0,0.0,0.0,0.0,0.0,0.0,2.0,0.2352941176470588,0.0,0.6642111641550714,0.4411764705882352,2.0,0.0,1.0,0.0588235294117647,0.0,0.242535625036333,0.0588235294117647,1.0,0.0,5.0,0.5882352941176471,0.0,1.2277430273377532,1.5073529411764708,5.0,4.0,2.0,13.0,4.0,2.0,1.0,1.0,1.0,0.0,0.0,0.0,0.0,0.0,0.0,0.0
True,1.0,0,1,0,62,118,Twitter Q2 Sprint 2,0,14,0,0,1,3,0,0,0,0,0,0,1,3,6,1,1.0,0.0,0.0,1.0,0.0,5.0,5.0,5.0,5.0,0.0,0.0,0.0,0.0,0.0,0.0,0.0,0.0,0.0,0.0,1.0,1.0,1.0,1.0,0.0,0.0,0.0,1.0,1.0,1.0,1.0,0.0,0.0,0.0,0.0,0.0,0.0,0.0,0.0,0.0,0.0,0.0,0.0,0.0,0.0,0.0,0.0,0.0,1.0,1.0,1.0,1.0,0.0,0.0,0.0,0.0,0.0,0.0,0.0,0.0,0.0,0.0,0.0,0.0,0.0,0.0,0.0,0.0,0.0,0.0,1.0,1.0,0.0,0.0,0.0,0.0,0.0,0.0,0.0,0.0,0.0,0.0,0.0,0.0
False,19.0,8,0,0,62,130,Mesosphere Sprint 10,-22,10,8,35,0,0,0,0,7,32,0,0,1,3,6,12,19.0,5.0,7.0,12.0,3.0,0.0,10.0,2.631578947368421,1.0,2.947890513491328,8.690058479532164,10.0,0.0,1.0,0.1578947368421052,0.0,0.3746343246326775,0.1403508771929824,1.0,0.0,1.0,0.3684210526315789,0.0,0.4955946277833521,0.2456140350877193,1.0,0.0,4.0,1.0526315789473684,0.0,1.3112201362143716,1.719298245614035,4.0,0.0,0.0,0.0,0.0,0.0,0.0,0.0,0.0,0.0,0.0,0.0,0.0,0.0,0.0,0.0,2.0,0.2631578947368421,0.0,0.6533762964749499,0.4269005847953216,2.0,0.0,1.0,0.1052631578947368,0.0,0.3153017676423058,0.0994152046783625,1.0,0.0,5.0,1.1578947368421053,1.0,1.5370663939515443,2.3625730994152048,5.0,8.0,1.0,11.0,2.0,3.0,2.0,1.0,2.0,0.0,0.0,0.0,0.0,0.0,0.0,0.0
False,21.0,0,19,0,62,134,Mesosphere Sprint 11,-61,13,0,0,19,76,0,0,17,69,1,5,1,2,6,15,21.0,7.0,6.0,14.0,3.0,0.0,26.0,3.9047619047619047,1.0,5.8558070486036495,34.290476190476184,26.0,0.0,1.0,0.1428571428571428,0.0,0.3585685828003181,0.1285714285714286,1.0,0.0,1.0,0.4761904761904761,0.0,0.511766315719159,0.2619047619047618,1.0,0.0,5.0,1.238095238095238,1.0,1.5134319246256802,2.2904761904761903,5.0,0.0,0.0,0.0,0.0,0.0,0.0,0.0,0.0,0.0,0.0,0.0,0.0,0.0,0.0,0.0,2.0,0.238095238095238,0.0,0.6248809410409238,0.3904761904761905,2.0,0.0,1.0,0.0952380952380952,0.0,0.3007926037591191,0.0904761904761904,1.0,0.0,5.0,1.0952380952380951,1.0,1.4800257398019097,2.19047619047619,5.0,7.0,1.0,14.0,2.0,3.0,2.0,1.0,3.0,0.0,0.0,0.0,0.0,0.0,0.0,0.0
False,38.0,0,16,14,62,142,Mesosphere Sprint 12,39,14,0,0,16,47,14,41,2,6,0,0,0,0,6,19,38.0,13.0,5.0,28.0,4.0,0.0,32.0,4.578947368421052,2.5,6.61133988524536,43.709815078236126,32.0,0.0,1.0,0.1052631578947368,0.0,0.3110117477759048,0.096728307254623,1.0,0.0,1.0,0.4736842105263157,0.0,0.506009406240056,0.2560455192034139,1.0,0.0,5.0,0.8421052631578947,0.5,1.1514107865705487,1.32574679943101,5.0,0.0,0.0,0.0,0.0,0.0,0.0,0.0,0.0,0.0,0.0,0.0,0.0,0.0,0.0,0.0,2.0,0.131578947368421,0.0,0.4140147948511245,0.1714082503556187,2.0,0.0,1.0,0.0263157894736842,0.0,0.1622214211307625,0.0263157894736842,1.0,0.0,5.0,0.6578947368421053,0.0,1.300235234215669,1.6906116642958748,5.0,18.0,11.0,20.0,1.0,5.0,2.0,1.0,4.0,2.0,0.0,0.0,0.0,0.0,0.0,0.0
False,57.0,1,6,1,62,143,Mesosphere Sprint 13,49,14,1,8,6,23,1,8,6,23,0,0,0,0,6,15,57.0,15.0,14.0,42.0,7.0,0.0,14.0,2.754385964912281,2.0,3.8418778042328,14.76002506265664,14.0,0.0,2.0,0.1228070175438596,0.0,0.3812655354491188,0.1453634085213033,2.0,0.0,1.0,0.3859649122807017,0.0,0.4911497431287515,0.2412280701754385,1.0,0.0,5.0,0.7017543859649122,0.0,0.9993732371681362,0.9987468671679196,5.0,0.0,0.0,0.0,0.0,0.0,0.0,0.0,0.0,0.0,0.0,0.0,0.0,0.0,0.0,0.0,3.0,0.1052631578947368,0.0,0.4505635568895831,0.2030075187969925,3.0,0.0,1.0,0.1052631578947368,0.0,0.3096201893516237,0.0958646616541353,1.0,0.0,6.0,0.4385964912280701,0.0,1.1183141626645172,1.25062656641604,6.0,33.0,15.0,24.0,1.0,5.0,3.0,0.0,8.0,1.0,3.0,0.0,0.0,0.0,0.0,0.0
True,1.0,1,0,0,62,150,Twitter Mesos Q2 Sprint 6,-8,14,1,8,0,0,0,0,0,0,1,8,0,0,6,1,1.0,0.0,1.0,1.0,0.0,0.0,0.0,0.0,0.0,0.0,0.0,0.0,0.0,0.0,0.0,0.0,0.0,0.0,0.0,0.0,0.0,0.0,0.0,0.0,0.0,0.0,0.0,0.0,0.0,0.0,0.0,0.0,0.0,0.0,0.0,0.0,0.0,0.0,0.0,0.0,0.0,0.0,0.0,0.0,0.0,0.0,0.0,0.0,0.0,0.0,0.0,0.0,0.0,0.0,0.0,0.0,0.0,0.0,0.0,0.0,0.0,1.0,1.0,1.0,1.0,0.0,0.0,0.0,1.0,0.0,0.0,0.0,0.0,0.0,0.0,0.0,0.0,0.0,0.0,0.0,0.0,0.0,0.0
False,56.0,0,18,13,62,154,Mesosphere Sprint 14,20,14,0,0,18,86,13,77,5,9,0,0,0,0,6,18,56.0,20.0,15.0,42.0,5.0,0.0,13.0,2.517857142857143,1.0,3.2078940779870546,10.290584415584416,13.0,0.0,2.0,0.1428571428571428,0.0,0.4012965998347868,0.161038961038961,2.0,0.0,1.0,0.1428571428571428,0.0,0.3530939318018998,0.1246753246753247,1.0,0.0,6.0,0.8035714285714286,0.0,1.3674082034290984,1.8698051948051944,6.0,0.0,0.0,0.0,0.0,0.0,0.0,0.0,0.0,0.0,0.0,0.0,0.0,0.0,0.0,0.0,3.0,0.3035714285714285,0.0,0.7365680332002384,0.5425324675324675,3.0,0.0,1.0,0.0714285714285714,0.0,0.259870097418821,0.0675324675324675,1.0,0.0,4.0,0.5535714285714286,0.0,0.9708411134333298,0.9425324675324674,4.0,33.0,14.0,23.0,1.0,5.0,2.0,0.0,3.0,1.0,4.0,0.0,0.0,0.0,0.0,0.0
False,4.0,0,0,0,63,8,Q2'14 Sprint 1,0,9,0,0,0,0,0,0,0,0,0,0,0,0,1,1,4.0,3.0,1.0,2.0,1.0,0.0,6.0,2.75,2.5,2.753785273643051,7.583333333333333,6.0,0.0,0.0,0.0,0.0,0.0,0.0,0.0,0.0,0.0,0.0,0.0,0.0,0.0,0.0,0.0,2.0,0.75,0.5,0.957427107756338,0.9166666666666666,2.0,0.0,0.0,0.0,0.0,0.0,0.0,0.0,0.0,0.0,0.0,0.0,0.0,0.0,0.0,0.0,1.0,0.25,0.0,0.5,0.25,1.0,0.0,1.0,0.25,0.0,0.5,0.25,1.0,0.0,0.0,0.0,0.0,0.0,0.0,0.0,1.0,0.0,3.0,0.0,0.0,0.0,1.0,0.0,0.0,0.0,0.0,0.0,0.0,0.0,0.0
True,2.0,2,0,0,63,12,Q2'14 Sprint 2,-3,13,2,3,0,0,0,0,2,3,0,0,0,0,1,1,2.0,0.0,0.0,1.0,1.0,0.0,0.0,0.0,0.0,0.0,0.0,0.0,0.0,1.0,0.5,0.5,0.7071067811865476,0.5,1.0,0.0,0.0,0.0,0.0,0.0,0.0,0.0,1.0,1.0,1.0,1.0,0.0,0.0,0.0,0.0,0.0,0.0,0.0,0.0,0.0,0.0,0.0,0.0,0.0,0.0,0.0,0.0,0.0,0.0,1.0,0.5,0.5,0.7071067811865476,0.5,1.0,0.0,0.0,0.0,0.0,0.0,0.0,0.0,0.0,0.0,0.0,0.0,0.0,0.0,0.0,0.0,2.0,2.0,0.0,0.0,0.0,0.0,0.0,0.0,0.0,0.0,0.0,0.0,0.0,0.0
False,2.0,1,0,0,63,13,Q2 Sprint 3,-7,12,1,8,0,0,0,0,1,8,0,0,0,0,1,1,2.0,1.0,0.0,1.0,1.0,0.0,0.0,0.0,0.0,0.0,0.0,0.0,0.0,0.0,0.0,0.0,0.0,0.0,0.0,0.0,0.0,0.0,0.0,0.0,0.0,0.0,0.0,0.0,0.0,0.0,0.0,0.0,0.0,0.0,0.0,0.0,0.0,0.0,0.0,0.0,0.0,0.0,0.0,0.0,0.0,0.0,0.0,0.0,0.0,0.0,0.0,0.0,0.0,0.0,0.0,0.0,0.0,0.0,0.0,0.0,0.0,0.0,0.0,0.0,0.0,0.0,0.0,0.0,1.0,1.0,1.0,0.0,0.0,0.0,0.0,0.0,0.0,0.0,0.0,0.0,0.0,0.0,0.0
False,4.0,3,1,3,63,20,Q2 Sprint 4,-1,12,3,10,1,1,3,10,0,0,1,1,0,0,1,2,4.0,1.0,0.0,3.0,1.0,0.0,3.0,1.25,1.0,1.5,2.25,3.0,0.0,0.0,0.0,0.0,0.0,0.0,0.0,0.0,0.0,0.0,0.0,0.0,0.0,0.0,0.0,2.0,0.75,0.5,0.957427107756338,0.9166666666666666,2.0,0.0,0.0,0.0,0.0,0.0,0.0,0.0,0.0,0.0,0.0,0.0,0.0,0.0,0.0,0.0,2.0,1.0,1.0,1.1547005383792517,1.3333333333333333,2.0,0.0,0.0,0.0,0.0,0.0,0.0,0.0,0.0,0.0,0.0,0.0,0.0,0.0,0.0,3.0,2.0,1.0,0.0,0.0,1.0,0.0,0.0,0.0,0.0,0.0,0.0,0.0,0.0,0.0
False,4.0,4,0,3,63,22,Q2 Sprint 5,-1,4,4,4,0,0,3,3,1,1,0,0,0,0,1,3,4.0,0.0,0.0,4.0,0.0,0.0,0.0,0.0,0.0,0.0,0.0,0.0,0.0,0.0,0.0,0.0,0.0,0.0,0.0,0.0,0.0,0.0,0.0,0.0,0.0,0.0,0.0,1.0,0.25,0.0,0.5,0.25,1.0,0.0,0.0,0.0,0.0,0.0,0.0,0.0,0.0,0.0,0.0,0.0,0.0,0.0,0.0,0.0,9.0,2.25,0.0,4.5,20.25,9.0,0.0,0.0,0.0,0.0,0.0,0.0,0.0,0.0,0.0,0.0,0.0,0.0,0.0,0.0,0.0,4.0,4.0,0.0,0.0,0.0,0.0,0.0,0.0,0.0,0.0,0.0,0.0,0.0,0.0
True,6.0,4,2,0,63,24,Q3 Sprint 1,-8,9,4,4,2,4,0,0,6,8,0,0,0,0,1,3,6.0,1.0,0.0,6.0,0.0,0.0,3.0,1.1666666666666667,0.5,1.4719601443879746,2.166666666666667,3.0,0.0,1.0,0.3333333333333333,0.0,0.5163977794943223,0.2666666666666667,1.0,0.0,0.0,0.0,0.0,0.0,0.0,0.0,0.0,1.0,0.3333333333333333,0.0,0.5163977794943223,0.2666666666666667,1.0,0.0,0.0,0.0,0.0,0.0,0.0,0.0,0.0,0.0,0.0,0.0,0.0,0.0,0.0,0.0,9.0,2.1666666666666665,0.5,3.544949458972112,12.566666666666666,9.0,0.0,0.0,0.0,0.0,0.0,0.0,0.0,0.0,0.0,0.0,0.0,0.0,0.0,0.0,0.0,4.0,6.0,0.0,0.0,0.0,0.0,1.0,0.0,0.0,0.0,0.0,0.0,0.0,0.0
True,3.0,3,0,0,63,25,Q3 Sprint 2,-4,9,3,5,0,0,0,0,0,0,3,5,0,0,1,2,3.0,1.0,0.0,3.0,0.0,0.0,4.0,1.6666666666666667,1.0,2.0816659994661326,4.333333333333333,4.0,0.0,1.0,0.3333333333333333,0.0,0.5773502691896258,0.3333333333333333,1.0,0.0,0.0,0.0,0.0,0.0,0.0,0.0,0.0,0.0,0.0,0.0,0.0,0.0,0.0,0.0,0.0,0.0,0.0,0.0,0.0,0.0,0.0,0.0,0.0,0.0,0.0,0.0,0.0,0.0,9.0,3.333333333333333,1.0,4.932882862316247,24.33333333333333,9.0,0.0,0.0,0.0,0.0,0.0,0.0,0.0,0.0,0.0,0.0,0.0,0.0,0.0,0.0,0.0,2.0,3.0,0.0,0.0,0.0,0.0,0.0,0.0,0.0,0.0,0.0,0.0,0.0,0.0
False,7.0,0,0,0,63,26,Aurora Q3 Sprint 2,0,11,0,0,0,0,0,0,0,0,0,0,0,0,1,1,7.0,0.0,0.0,7.0,0.0,1.0,3.0,1.5714285714285714,1.0,0.7867957924694431,0.619047619047619,2.0,0.0,0.0,0.0,0.0,0.0,0.0,0.0,1.0,1.0,1.0,1.0,0.0,0.0,0.0,0.0,2.0,0.2857142857142857,0.0,0.7559289460184545,0.5714285714285715,2.0,0.0,0.0,0.0,0.0,0.0,0.0,0.0,0.0,0.0,0.0,0.0,0.0,0.0,0.0,0.0,1.0,0.7142857142857143,1.0,0.4879500364742665,0.238095238095238,1.0,0.0,0.0,0.0,0.0,0.0,0.0,0.0,0.0,0.0,0.0,0.0,0.0,0.0,0.0,7.0,0.0,0.0,0.0,0.0,0.0,0.0,0.0,0.0,0.0,7.0,0.0,0.0,0.0,0.0
True,1.0,1,0,0,63,30,Q3 Sprint 3,-8,11,1,8,0,0,0,0,1,8,0,0,0,0,1,2,1.0,0.0,0.0,1.0,0.0,2.0,2.0,2.0,2.0,0.0,0.0,0.0,0.0,0.0,0.0,0.0,0.0,0.0,0.0,0.0,0.0,0.0,0.0,0.0,0.0,0.0,4.0,4.0,4.0,4.0,0.0,0.0,0.0,0.0,0.0,0.0,0.0,0.0,0.0,0.0,0.0,0.0,0.0,0.0,0.0,0.0,0.0,0.0,0.0,0.0,0.0,0.0,0.0,0.0,0.0,0.0,0.0,0.0,0.0,0.0,0.0,0.0,0.0,0.0,0.0,0.0,0.0,0.0,0.0,1.0,1.0,0.0,0.0,0.0,0.0,0.0,0.0,0.0,0.0,0.0,0.0,0.0,0.0
False,6.0,4,0,0,63,31,Q3 Sprint 4,-3,11,4,4,0,0,0,0,4,4,0,0,0,0,1,3,6.0,1.0,1.0,5.0,1.0,0.0,1.0,0.1666666666666666,0.0,0.408248290463863,0.1666666666666666,1.0,0.0,1.0,0.3333333333333333,0.0,0.5163977794943223,0.2666666666666667,1.0,0.0,0.0,0.0,0.0,0.0,0.0,0.0,0.0,2.0,0.5,0.0,0.8366600265340756,0.7,2.0,0.0,0.0,0.0,0.0,0.0,0.0,0.0,0.0,0.0,0.0,0.0,0.0,0.0,0.0,0.0,1.0,0.1666666666666666,0.0,0.408248290463863,0.1666666666666666,1.0,0.0,0.0,0.0,0.0,0.0,0.0,0.0,0.0,0.0,0.0,0.0,0.0,0.0,0.0,2.0,4.0,4.0,0.0,0.0,0.0,0.0,0.0,0.0,0.0,0.0,0.0,0.0,0.0,0.0
False,6.0,2,2,3,63,36,Mesos Q3 Sprint 5,-8,14,2,9,2,2,3,3,0,0,1,1,0,0,1,4,6.0,1.0,0.0,6.0,0.0,0.0,4.0,1.8333333333333333,1.5,1.4719601443879746,2.166666666666667,4.0,0.0,1.0,0.3333333333333333,0.0,0.5163977794943223,0.2666666666666667,1.0,0.0,0.0,0.0,0.0,0.0,0.0,0.0,0.0,8.0,2.0,0.0,3.3466401061363023,11.2,8.0,0.0,0.0,0.0,0.0,0.0,0.0,0.0,0.0,0.0,0.0,0.0,0.0,0.0,0.0,0.0,1.0,0.1666666666666666,0.0,0.408248290463863,0.1666666666666666,1.0,0.0,0.0,0.0,0.0,0.0,0.0,0.0,0.0,0.0,0.0,0.0,0.0,0.0,0.0,1.0,4.0,5.0,1.0,0.0,0.0,0.0,0.0,0.0,0.0,0.0,0.0,0.0,0.0,0.0
False,2.0,1,0,0,63,38,Mesos Q3 Sprint 6,-5,14,1,5,0,0,0,0,1,5,0,0,0,0,1,1,2.0,0.0,0.0,1.0,1.0,3.0,5.0,4.0,4.0,1.4142135623730951,2.0,2.0,1.0,1.0,1.0,1.0,0.0,0.0,0.0,0.0,0.0,0.0,0.0,0.0,0.0,0.0,1.0,2.0,1.5,1.5,0.7071067811865476,0.5,1.0,0.0,0.0,0.0,0.0,0.0,0.0,0.0,0.0,0.0,0.0,0.0,0.0,0.0,0.0,0.0,0.0,0.0,0.0,0.0,0.0,0.0,0.0,0.0,0.0,0.0,0.0,0.0,0.0,0.0,0.0,0.0,0.0,0.0,0.0,0.0,0.0,2.0,2.0,0.0,0.0,0.0,0.0,0.0,0.0,0.0,0.0,0.0,0.0,0.0,0.0
True,1.0,1,0,0,63,43,Twitter Q4 Sprint 1,-3,14,1,3,0,0,0,0,1,3,0,0,0,0,1,1,1.0,1.0,0.0,1.0,0.0,0.0,0.0,0.0,0.0,0.0,0.0,0.0,0.0,0.0,0.0,0.0,0.0,0.0,0.0,0.0,0.0,0.0,0.0,0.0,0.0,0.0,1.0,1.0,1.0,1.0,0.0,0.0,0.0,0.0,0.0,0.0,0.0,0.0,0.0,0.0,0.0,0.0,0.0,0.0,0.0,0.0,0.0,0.0,0.0,0.0,0.0,0.0,0.0,0.0,0.0,0.0,0.0,0.0,0.0,0.0,0.0,0.0,0.0,0.0,0.0,0.0,0.0,0.0,0.0,0.0,1.0,0.0,0.0,0.0,0.0,0.0,0.0,0.0,0.0,0.0,0.0,0.0,0.0
False,9.0,6,1,3,63,45,Mesosphere Q4 Sprint 1 10/31,-3,12,6,9,1,1,3,6,4,4,0,0,0,0,1,5,9.0,4.0,3.0,6.0,2.0,0.0,18.0,3.555555555555556,2.0,5.592653911854172,31.27777777777777,18.0,0.0,1.0,0.1111111111111111,0.0,0.3333333333333333,0.1111111111111111,1.0,0.0,0.0,0.0,0.0,0.0,0.0,0.0,0.0,4.0,0.6666666666666666,0.0,1.3228756555322954,1.7500000000000002,4.0,0.0,0.0,0.0,0.0,0.0,0.0,0.0,0.0,0.0,0.0,0.0,0.0,0.0,0.0,0.0,0.0,0.0,0.0,0.0,0.0,0.0,0.0,1.0,0.1111111111111111,0.0,0.3333333333333333,0.1111111111111111,1.0,0.0,2.0,0.3333333333333333,0.0,0.7071067811865476,0.5,2.0,3.0,1.0,6.0,1.0,1.0,0.0,0.0,0.0,0.0,0.0,0.0,0.0,0.0,0.0,0.0
True,1.0,1,0,0,63,47,Mesosphere Q4 Sprint 2 - 11/14,-1,10,1,1,0,0,0,0,1,1,0,0,0,0,1,1,1.0,1.0,0.0,1.0,0.0,3.0,3.0,3.0,3.0,0.0,0.0,0.0,0.0,0.0,0.0,0.0,0.0,0.0,0.0,0.0,0.0,0.0,0.0,0.0,0.0,0.0,0.0,0.0,0.0,0.0,0.0,0.0,0.0,0.0,0.0,0.0,0.0,0.0,0.0,0.0,0.0,0.0,0.0,0.0,0.0,0.0,0.0,0.0,0.0,0.0,0.0,0.0,0.0,0.0,0.0,0.0,0.0,0.0,0.0,0.0,0.0,0.0,0.0,0.0,0.0,0.0,0.0,0.0,1.0,0.0,0.0,0.0,0.0,0.0,0.0,0.0,0.0,0.0,0.0,0.0,0.0,0.0,0.0
False,2.0,0,1,1,63,49,Twitter Mesos Q4 Sprint 2,0,14,0,0,1,2,1,2,0,0,0,0,0,0,1,2,2.0,1.0,0.0,2.0,0.0,0.0,4.0,2.0,2.0,2.8284271247461903,8.0,4.0,0.0,1.0,0.5,0.5,0.7071067811865476,0.5,1.0,0.0,0.0,0.0,0.0,0.0,0.0,0.0,1.0,1.0,1.0,1.0,0.0,0.0,0.0,0.0,0.0,0.0,0.0,0.0,0.0,0.0,0.0,0.0,0.0,0.0,0.0,0.0,0.0,0.0,0.0,0.0,0.0,0.0,0.0,0.0,0.0,0.0,0.0,0.0,0.0,0.0,0.0,0.0,0.0,0.0,0.0,0.0,0.0,0.0,0.0,1.0,2.0,0.0,0.0,0.0,0.0,0.0,0.0,0.0,0.0,0.0,0.0,0.0,0.0
False,4.0,0,0,0,63,51,Twitter Mesos Q4 Sprint 3,1,14,0,0,0,0,0,0,0,0,0,0,0,0,1,4,4.0,1.0,0.0,3.0,1.0,0.0,5.0,2.5,2.5,2.0816659994661326,4.333333333333333,5.0,0.0,1.0,0.25,0.0,0.5,0.25,1.0,0.0,0.0,0.0,0.0,0.0,0.0,0.0,1.0,3.0,1.5,1.0,1.0,1.0,2.0,0.0,0.0,0.0,0.0,0.0,0.0,0.0,0.0,0.0,0.0,0.0,0.0,0.0,0.0,0.0,0.0,0.0,0.0,0.0,0.0,0.0,0.0,0.0,0.0,0.0,0.0,0.0,0.0,0.0,1.0,0.25,0.0,0.5,0.25,1.0,0.0,2.0,4.0,0.0,0.0,1.0,0.0,0.0,0.0,0.0,0.0,0.0,0.0,0.0,0.0
False,7.0,5,0,0,63,55,Mesosphere Q4 Sprint 3 - 12/7,-7,18,5,21,0,0,0,0,3,15,2,6,0,0,1,2,7.0,4.0,3.0,5.0,1.0,0.0,13.0,2.571428571428572,1.0,4.720774754816659,22.28571428571429,13.0,0.0,0.0,0.0,0.0,0.0,0.0,0.0,0.0,1.0,0.2857142857142857,0.0,0.4879500364742666,0.2380952380952381,1.0,0.0,2.0,0.7142857142857143,0.0,0.9511897312113418,0.9047619047619048,2.0,0.0,0.0,0.0,0.0,0.0,0.0,0.0,0.0,0.0,0.0,0.0,0.0,0.0,0.0,0.0,0.0,0.0,0.0,0.0,0.0,0.0,0.0,0.0,0.0,0.0,0.0,0.0,0.0,0.0,2.0,0.5714285714285714,0.0,0.7867957924694431,0.619047619047619,2.0,3.0,0.0,4.0,0.0,1.0,0.0,0.0,0.0,0.0,0.0,0.0,0.0,0.0,0.0,0.0
False,1.0,1,0,1,63,56,Twitter Mesos Q4 Sprint 4,0,14,1,3,0,0,1,3,0,0,0,0,0,0,1,1,1.0,1.0,0.0,1.0,0.0,2.0,2.0,2.0,2.0,0.0,0.0,0.0,0.0,0.0,0.0,0.0,0.0,0.0,0.0,0.0,0.0,0.0,0.0,0.0,0.0,0.0,1.0,1.0,1.0,1.0,0.0,0.0,0.0,0.0,0.0,0.0,0.0,0.0,0.0,0.0,0.0,0.0,0.0,0.0,0.0,0.0,0.0,0.0,0.0,0.0,0.0,0.0,0.0,0.0,0.0,0.0,0.0,0.0,0.0,0.0,0.0,0.0,0.0,0.0,0.0,0.0,0.0,0.0,0.0,0.0,1.0,0.0,0.0,0.0,0.0,0.0,0.0,0.0,0.0,0.0,0.0,0.0,0.0
True,3.0,3,0,0,63,69,Mesosphere Q1 Sprint 1 - 1/23,-1,8,3,15,0,0,0,0,3,15,0,0,0,0,1,2,3.0,2.0,1.0,2.0,0.0,0.0,13.0,5.333333333333333,3.0,6.8068592855540455,46.333333333333336,13.0,0.0,0.0,0.0,0.0,0.0,0.0,0.0,0.0,1.0,0.3333333333333333,0.0,0.5773502691896258,0.3333333333333333,1.0,0.0,2.0,0.6666666666666666,0.0,1.1547005383792517,1.3333333333333337,2.0,0.0,0.0,0.0,0.0,0.0,0.0,0.0,0.0,0.0,0.0,0.0,0.0,0.0,0.0,0.0,0.0,0.0,0.0,0.0,0.0,0.0,0.0,0.0,0.0,0.0,0.0,0.0,0.0,0.0,2.0,0.6666666666666666,0.0,1.1547005383792517,1.3333333333333337,2.0,1.0,0.0,2.0,0.0,1.0,0.0,0.0,0.0,0.0,0.0,0.0,0.0,0.0,0.0,0.0
True,3.0,2,1,0,63,74,Mesosphere Q1 Sprint 2 - 2/6,-1,14,2,14,1,1,0,0,3,15,0,0,0,0,1,3,3.0,1.0,2.0,2.0,0.0,0.0,3.0,1.3333333333333333,1.0,1.5275252316519468,2.333333333333333,3.0,0.0,0.0,0.0,0.0,0.0,0.0,0.0,0.0,1.0,0.3333333333333333,0.0,0.5773502691896258,0.3333333333333333,1.0,0.0,1.0,0.3333333333333333,0.0,0.5773502691896258,0.3333333333333333,1.0,0.0,0.0,0.0,0.0,0.0,0.0,0.0,0.0,0.0,0.0,0.0,0.0,0.0,0.0,0.0,0.0,0.0,0.0,0.0,0.0,0.0,0.0,0.0,0.0,0.0,0.0,0.0,0.0,0.0,0.0,0.0,0.0,0.0,0.0,0.0,2.0,0.0,1.0,0.0,1.0,0.0,0.0,0.0,0.0,0.0,0.0,0.0,0.0,0.0,0.0
False,4.0,3,0,1,63,75,Mesosphere Q1 Sprint 3 - 2/20,-13,14,3,15,0,0,1,1,2,14,0,0,0,0,1,3,4.0,2.0,2.0,3.0,0.0,0.0,3.0,1.0,0.5,1.4142135623730951,2.0,3.0,0.0,0.0,0.0,0.0,0.0,0.0,0.0,0.0,1.0,0.25,0.0,0.5,0.25,1.0,0.0,1.0,0.25,0.0,0.5,0.25,1.0,0.0,0.0,0.0,0.0,0.0,0.0,0.0,0.0,0.0,0.0,0.0,0.0,0.0,0.0,0.0,0.0,0.0,0.0,0.0,0.0,0.0,0.0,0.0,0.0,0.0,0.0,0.0,0.0,0.0,0.0,0.0,0.0,0.0,0.0,0.0,2.0,0.0,2.0,0.0,1.0,0.0,0.0,0.0,0.0,0.0,0.0,0.0,0.0,0.0,0.0
False,4.0,4,0,1,63,80,Twitter Mesos Q1 Sprint 2,-11,14,4,14,0,0,1,3,2,3,1,8,0,0,1,3,4.0,1.0,1.0,3.0,1.0,0.0,6.0,2.0,1.0,2.8284271247461903,8.0,6.0,0.0,1.0,0.25,0.0,0.5,0.25,1.0,0.0,1.0,0.25,0.0,0.5,0.25,1.0,0.0,1.0,0.5,0.5,0.5773502691896257,0.3333333333333333,1.0,0.0,0.0,0.0,0.0,0.0,0.0,0.0,0.0,0.0,0.0,0.0,0.0,0.0,0.0,0.0,0.0,0.0,0.0,0.0,0.0,0.0,0.0,0.0,0.0,0.0,0.0,0.0,0.0,0.0,0.0,0.0,0.0,0.0,0.0,0.0,1.0,1.0,3.0,0.0,0.0,1.0,0.0,0.0,0.0,0.0,0.0,0.0,0.0,0.0,0.0
False,3.0,1,0,0,63,81,Mesosphere Q1 Sprint 4 - 3/6,2,14,1,1,0,0,0,0,1,1,0,0,0,0,1,3,3.0,0.0,2.0,1.0,1.0,2.0,16.0,7.333333333333333,4.0,7.571877794400366,57.33333333333334,14.0,0.0,0.0,0.0,0.0,0.0,0.0,0.0,0.0,0.0,0.0,0.0,0.0,0.0,0.0,0.0,1.0,0.6666666666666666,1.0,0.5773502691896258,0.3333333333333333,1.0,0.0,0.0,0.0,0.0,0.0,0.0,0.0,0.0,0.0,0.0,0.0,0.0,0.0,0.0,0.0,0.0,0.0,0.0,0.0,0.0,0.0,0.0,0.0,0.0,0.0,0.0,0.0,0.0,0.0,1.0,0.3333333333333333,0.0,0.5773502691896258,0.3333333333333333,1.0,2.0,1.0,1.0,0.0,1.0,0.0,0.0,0.0,0.0,0.0,0.0,0.0,0.0,0.0,0.0
False,4.0,1,0,0,63,87,Twitter Mesos Q1 Sprint 3,-2,13,1,2,0,0,0,0,0,0,1,5,0,0,1,1,4.0,2.0,1.0,4.0,0.0,0.0,4.0,1.0,0.0,2.0,4.0,4.0,0.0,2.0,1.0,1.0,1.1547005383792517,1.3333333333333333,2.0,0.0,1.0,0.5,0.5,0.5773502691896257,0.3333333333333333,1.0,0.0,2.0,0.5,0.0,1.0,1.0,2.0,0.0,0.0,0.0,0.0,0.0,0.0,0.0,0.0,0.0,0.0,0.0,0.0,0.0,0.0,0.0,0.0,0.0,0.0,0.0,0.0,0.0,0.0,0.0,0.0,0.0,0.0,0.0,0.0,0.0,0.0,0.0,0.0,0.0,0.0,0.0,1.0,1.0,3.0,0.0,0.0,0.0,0.0,0.0,0.0,0.0,0.0,0.0,0.0,0.0,0.0
True,6.0,3,3,0,63,95,Mesosphere Q1 Sprint 5 - 3/20,-5,11,3,4,3,4,0,0,5,7,1,1,0,0,1,4,6.0,0.0,2.0,2.0,1.0,0.0,16.0,6.166666666666667,5.5,5.671566509057851,32.166666666666664,16.0,0.0,0.0,0.0,0.0,0.0,0.0,0.0,0.0,1.0,0.1666666666666666,0.0,0.408248290463863,0.1666666666666666,1.0,0.0,1.0,0.5,0.5,0.5477225575051661,0.3,1.0,0.0,0.0,0.0,0.0,0.0,0.0,0.0,0.0,0.0,0.0,0.0,0.0,0.0,0.0,0.0,0.0,0.0,0.0,0.0,0.0,0.0,0.0,0.0,0.0,0.0,0.0,0.0,0.0,0.0,5.0,1.0,0.0,2.0,4.0,5.0,4.0,1.0,2.0,1.0,2.0,0.0,1.0,2.0,0.0,0.0,0.0,0.0,0.0,0.0,0.0
False,3.0,3,0,1,63,102,Mesosphere Q1 Sprint 6 - 4/3,-1,14,3,4,0,0,1,1,1,2,1,1,0,0,1,2,3.0,0.0,1.0,2.0,0.0,1.0,4.0,2.333333333333333,2.0,1.5275252316519463,2.333333333333333,3.0,0.0,0.0,0.0,0.0,0.0,0.0,0.0,0.0,0.0,0.0,0.0,0.0,0.0,0.0,0.0,4.0,1.6666666666666667,1.0,2.0816659994661326,4.333333333333333,4.0,0.0,0.0,0.0,0.0,0.0,0.0,0.0,0.0,0.0,0.0,0.0,0.0,0.0,0.0,0.0,0.0,0.0,0.0,0.0,0.0,0.0,0.0,1.0,0.3333333333333333,0.0,0.5773502691896258,0.3333333333333333,1.0,0.0,1.0,0.3333333333333333,0.0,0.5773502691896258,0.3333333333333333,1.0,1.0,1.0,2.0,0.0,1.0,1.0,0.0,0.0,0.0,0.0,0.0,0.0,0.0,0.0,0.0
False,4.0,3,1,1,63,106,Mesosphere Q1 Sprint 7 - 4/17,-3,14,3,5,1,1,1,1,2,4,1,1,0,0,1,3,4.0,0.0,0.0,2.0,0.0,0.0,6.0,2.5,2.0,3.0,9.0,6.0,0.0,1.0,0.25,0.0,0.5,0.25,1.0,0.0,0.0,0.0,0.0,0.0,0.0,0.0,0.0,8.0,2.0,0.0,4.0,16.0,8.0,0.0,0.0,0.0,0.0,0.0,0.0,0.0,0.0,0.0,0.0,0.0,0.0,0.0,0.0,0.0,0.0,0.0,0.0,0.0,0.0,0.0,0.0,1.0,0.25,0.0,0.5,0.25,1.0,0.0,1.0,0.25,0.0,0.5,0.25,1.0,2.0,1.0,2.0,1.0,1.0,0.0,1.0,2.0,0.0,0.0,0.0,0.0,0.0,0.0,0.0
True,1.0,1,0,0,63,108,Mesosphere Q2 Sprint 8 - 5/1,-2,14,1,2,0,0,0,0,0,0,1,2,0,0,1,2,1.0,0.0,0.0,0.0,0.0,6.0,6.0,6.0,6.0,0.0,0.0,0.0,0.0,0.0,0.0,0.0,0.0,0.0,0.0,0.0,0.0,0.0,0.0,0.0,0.0,0.0,0.0,0.0,0.0,0.0,0.0,0.0,0.0,0.0,0.0,0.0,0.0,0.0,0.0,0.0,0.0,0.0,0.0,0.0,0.0,0.0,0.0,0.0,0.0,0.0,0.0,0.0,0.0,0.0,0.0,0.0,0.0,0.0,0.0,0.0,0.0,6.0,6.0,6.0,6.0,0.0,0.0,0.0,0.0,1.0,1.0,0.0,1.0,0.0,0.0,0.0,0.0,0.0,0.0,0.0,0.0,0.0,0.0
False,1.0,0,0,0,63,115,Mesosphere Q1 Sprint 9 - 5/15,8,14,0,0,0,0,0,0,0,0,0,0,0,0,1,1,1.0,0.0,0.0,1.0,0.0,0.0,0.0,0.0,0.0,0.0,0.0,0.0,0.0,0.0,0.0,0.0,0.0,0.0,0.0,0.0,0.0,0.0,0.0,0.0,0.0,0.0,3.0,3.0,3.0,3.0,0.0,0.0,0.0,0.0,0.0,0.0,0.0,0.0,0.0,0.0,0.0,0.0,0.0,0.0,0.0,0.0,0.0,0.0,0.0,0.0,0.0,0.0,0.0,0.0,0.0,0.0,0.0,0.0,0.0,0.0,0.0,0.0,0.0,0.0,0.0,0.0,0.0,0.0,1.0,0.0,0.0,0.0,0.0,1.0,0.0,0.0,0.0,0.0,0.0,0.0,0.0,0.0,0.0
False,2.0,0,1,1,63,118,Twitter Q2 Sprint 2,0,14,0,0,1,1,1,1,0,0,0,0,0,0,1,1,2.0,0.0,1.0,1.0,1.0,0.0,0.0,0.0,0.0,0.0,0.0,0.0,0.0,1.0,0.5,0.5,0.7071067811865476,0.5,1.0,0.0,0.0,0.0,0.0,0.0,0.0,0.0,0.0,0.0,0.0,0.0,0.0,0.0,0.0,0.0,0.0,0.0,0.0,0.0,0.0,0.0,0.0,0.0,0.0,0.0,0.0,0.0,0.0,0.0,0.0,0.0,0.0,0.0,0.0,0.0,0.0,0.0,0.0,0.0,0.0,0.0,0.0,0.0,0.0,0.0,0.0,0.0,0.0,0.0,2.0,0.0,0.0,1.0,0.0,0.0,0.0,0.0,0.0,0.0,0.0,0.0,0.0,0.0,0.0
False,3.0,1,0,0,63,130,Mesosphere Sprint 10,11,10,1,2,0,0,0,0,0,0,0,0,1,3,1,3,3.0,0.0,0.0,3.0,0.0,0.0,5.0,1.6666666666666667,0.0,2.8867513459481287,8.333333333333332,5.0,0.0,1.0,0.3333333333333333,0.0,0.5773502691896258,0.3333333333333333,1.0,0.0,0.0,0.0,0.0,0.0,0.0,0.0,0.0,3.0,1.0,0.0,1.7320508075688772,3.0,3.0,0.0,0.0,0.0,0.0,0.0,0.0,0.0,0.0,0.0,0.0,0.0,0.0,0.0,0.0,0.0,0.0,0.0,0.0,0.0,0.0,0.0,0.0,0.0,0.0,0.0,0.0,0.0,0.0,0.0,0.0,0.0,0.0,0.0,0.0,0.0,2.0,1.0,1.0,0.0,0.0,1.0,0.0,1.0,0.0,0.0,0.0,0.0,0.0,0.0,0.0
False,6.0,0,0,0,63,132,Twitter Q2 Sprint 3,9,13,0,0,0,0,0,0,0,0,0,0,0,0,1,3,6.0,6.0,0.0,6.0,0.0,0.0,2.0,0.8333333333333334,0.5,0.983192080250175,0.9666666666666666,2.0,0.0,1.0,0.5,0.5,0.5477225575051661,0.3,1.0,0.0,1.0,0.1666666666666666,0.0,0.408248290463863,0.1666666666666666,1.0,0.0,0.0,0.0,0.0,0.0,0.0,0.0,0.0,0.0,0.0,0.0,0.0,0.0,0.0,0.0,0.0,0.0,0.0,0.0,0.0,0.0,0.0,0.0,0.0,0.0,0.0,0.0,0.0,0.0,0.0,0.0,0.0,0.0,0.0,0.0,0.0,4.0,0.6666666666666666,0.0,1.632993161855452,2.666666666666667,4.0,2.0,0.0,4.0,0.0,0.0,0.0,0.0,0.0,0.0,0.0,0.0,0.0,0.0,0.0,0.0
True,4.0,0,4,0,63,134,Mesosphere Sprint 11,0,13,0,0,4,18,0,0,4,18,0,0,0,0,1,4,4.0,0.0,1.0,3.0,0.0,0.0,6.0,2.5,2.0,2.6457513110645907,7.0,6.0,0.0,1.0,0.25,0.0,0.5,0.25,1.0,0.0,0.0,0.0,0.0,0.0,0.0,0.0,0.0,3.0,1.5,1.5,1.7320508075688772,3.0,3.0,0.0,0.0,0.0,0.0,0.0,0.0,0.0,0.0,0.0,0.0,0.0,0.0,0.0,0.0,0.0,0.0,0.0,0.0,0.0,0.0,0.0,0.0,0.0,0.0,0.0,0.0,0.0,0.0,0.0,3.0,1.0,0.5,1.4142135623730951,2.0,3.0,3.0,1.0,1.0,0.0,1.0,1.0,0.0,1.0,0.0,0.0,0.0,0.0,0.0,0.0,0.0
False,4.0,1,1,1,63,141,Twitter Mesos Q2 Sprint 5,1,14,1,5,1,3,1,3,1,5,0,0,0,0,1,2,4.0,3.0,0.0,2.0,2.0,0.0,5.0,1.75,1.0,2.362907813126304,5.583333333333333,5.0,0.0,1.0,0.5,0.5,0.5773502691896257,0.3333333333333333,1.0,0.0,0.0,0.0,0.0,0.0,0.0,0.0,0.0,0.0,0.0,0.0,0.0,0.0,0.0,0.0,0.0,0.0,0.0,0.0,0.0,0.0,0.0,0.0,0.0,0.0,0.0,0.0,0.0,0.0,0.0,0.0,0.0,0.0,0.0,0.0,0.0,0.0,0.0,0.0,0.0,0.0,0.0,0.0,1.0,0.25,0.0,0.5,0.25,1.0,3.0,1.0,1.0,0.0,0.0,0.0,0.0,0.0,0.0,0.0,0.0,0.0,0.0,0.0,0.0
False,12.0,0,8,8,63,142,Mesosphere Sprint 12,1,14,0,0,8,25,8,25,0,0,0,0,0,0,1,4,12.0,2.0,1.0,10.0,0.0,0.0,13.0,3.1666666666666665,1.0,4.19595765065147,17.606060606060606,13.0,0.0,1.0,0.25,0.0,0.4522670168666454,0.2045454545454545,1.0,0.0,1.0,0.25,0.0,0.4522670168666454,0.2045454545454545,1.0,0.0,3.0,1.0833333333333333,1.0,1.164500152881315,1.356060606060606,3.0,0.0,0.0,0.0,0.0,0.0,0.0,0.0,0.0,0.0,0.0,0.0,0.0,0.0,0.0,0.0,0.0,0.0,0.0,0.0,0.0,0.0,0.0,0.0,0.0,0.0,0.0,0.0,0.0,0.0,5.0,1.0,0.0,1.7056057308448835,2.909090909090909,5.0,8.0,5.0,4.0,1.0,2.0,2.0,0.0,1.0,0.0,0.0,0.0,0.0,0.0,0.0,0.0
False,33.0,3,3,4,63,143,Mesosphere Sprint 13,-15,14,3,24,3,14,4,22,2,16,0,0,0,0,1,12,33.0,11.0,8.0,27.0,2.0,0.0,14.0,1.3636363636363635,0.0,3.100586454791474,9.613636363636362,14.0,0.0,1.0,0.1212121212121212,0.0,0.3314339826398084,0.1098484848484848,1.0,0.0,1.0,0.4545454545454545,0.0,0.5056498968474316,0.2556818181818181,1.0,0.0,5.0,0.5757575757575758,0.0,1.0316946929174051,1.0643939393939394,5.0,0.0,0.0,0.0,0.0,0.0,0.0,0.0,0.0,0.0,0.0,0.0,0.0,0.0,0.0,0.0,0.0,0.0,0.0,0.0,0.0,0.0,0.0,1.0,0.0909090909090909,0.0,0.2919371040605711,0.0852272727272727,1.0,0.0,6.0,0.3939393939393939,0.0,1.1709876691119,1.371212121212121,6.0,20.0,9.0,13.0,1.0,3.0,2.0,0.0,2.0,0.0,1.0,0.0,0.0,0.0,0.0,0.0
False,14.0,2,4,1,63,150,Twitter Mesos Q2 Sprint 6,1,14,2,11,4,14,1,8,5,17,0,0,0,0,1,7,14.0,4.0,6.0,12.0,1.0,0.0,9.0,1.6428571428571428,1.0,2.468482650011256,6.093406593406594,9.0,0.0,1.0,0.0714285714285714,0.0,0.2672612419124244,0.0714285714285714,1.0,0.0,1.0,0.5,0.5,0.5188745216627708,0.2692307692307692,1.0,0.0,4.0,1.1428571428571428,1.0,1.292412345317728,1.6703296703296706,4.0,0.0,0.0,0.0,0.0,0.0,0.0,0.0,0.0,0.0,0.0,0.0,0.0,0.0,0.0,0.0,7.0,0.5714285714285714,0.0,1.869359648250035,3.4945054945054945,7.0,0.0,0.0,0.0,0.0,0.0,0.0,0.0,0.0,3.0,0.5714285714285714,0.0,0.9376144618769908,0.8791208791208793,3.0,10.0,3.0,4.0,0.0,1.0,1.0,0.0,0.0,0.0,0.0,0.0,0.0,0.0,0.0,0.0
False,38.0,0,16,12,63,154,Mesosphere Sprint 14,-1,14,0,0,16,73,12,66,4,7,0,0,0,0,1,14,38.0,11.0,12.0,27.0,3.0,0.0,13.0,2.421052631578948,0.5,3.523140329441737,12.412517780938831,13.0,0.0,2.0,0.1842105263157894,0.0,0.4565003867790751,0.2083926031294452,2.0,0.0,1.0,0.1578947368421052,0.0,0.369537021476632,0.1365576102418208,1.0,0.0,6.0,0.6842105263157895,0.0,1.377527419806457,1.8975817923186349,6.0,0.0,0.0,0.0,0.0,0.0,0.0,0.0,0.0,0.0,0.0,0.0,0.0,0.0,0.0,0.0,3.0,0.3421052631578947,0.0,0.7453029780973237,0.5554765291607399,3.0,0.0,1.0,0.0526315789473684,0.0,0.2262942859214142,0.0512091038406827,1.0,0.0,3.0,0.4736842105263157,0.0,0.8297457150451855,0.6884779516358461,3.0,19.0,10.0,19.0,1.0,4.0,2.0,0.0,1.0,1.0,4.0,0.0,0.0,0.0,0.0,0.0
False,11.0,5,1,0,63,155,Twitter Mesos Q3 Sprint 1,-19,14,5,20,1,8,0,0,6,28,0,0,0,0,1,3,11.0,1.0,7.0,10.0,0.0,0.0,5.0,1.7272727272727273,1.0,1.8488325554743508,3.418181818181818,5.0,0.0,1.0,0.0909090909090909,0.0,0.3015113445777636,0.0909090909090909,1.0,0.0,1.0,0.5454545454545454,1.0,0.5222329678670935,0.2727272727272727,1.0,0.0,4.0,1.3636363636363635,1.0,1.3618169680781096,1.8545454545454547,4.0,0.0,0.0,0.0,0.0,0.0,0.0,0.0,0.0,0.0,0.0,0.0,0.0,0.0,0.0,0.0,7.0,0.8181818181818182,0.0,2.088931871468374,4.363636363636363,7.0,0.0,0.0,0.0,0.0,0.0,0.0,0.0,0.0,2.0,0.6363636363636364,0.0,0.8090398349558906,0.6545454545454547,2.0,5.0,3.0,6.0,0.0,0.0,0.0,0.0,0.0,0.0,1.0,0.0,0.0,0.0,0.0,0.0
False,6.0,4,2,1,64,84,Sharan - Jira Test Sprint,-4,7,4,8,2,4,1,2,4,8,0,0,1,2,1,4,6.0,2.0,1.0,4.0,2.0,0.0,142.0,32.666666666666664,13.0,54.10976498439692,2927.866666666667,142.0,0.0,4.0,2.0,1.5,1.6733200530681511,2.8,4.0,0.0,3.0,1.1666666666666667,1.0,1.1690451944500122,1.3666666666666667,3.0,0.0,3.0,0.8333333333333334,0.5,1.1690451944500122,1.3666666666666667,3.0,0.0,0.0,0.0,0.0,0.0,0.0,0.0,0.0,0.0,0.0,0.0,0.0,0.0,0.0,0.0,4.0,1.6666666666666667,1.0,1.505545305418162,2.2666666666666666,4.0,0.0,2.0,0.3333333333333333,0.0,0.816496580927726,0.6666666666666667,2.0,0.0,2.0,0.8333333333333334,1.0,0.752772652709081,0.5666666666666667,2.0,4.0,2.0,2.0,0.0,0.0,0.0,0.0,0.0,1.0,0.0,0.0,0.0,0.0,0.0,0.0
False,32.0,3,13,0,64,96,Community Day 1 - 2015,-8,4,3,6,13,26,0,0,2,4,3,6,11,22,1,7,32.0,7.0,1.0,29.0,2.0,0.0,19.0,3.25,1.0,4.765467177450165,22.70967741935484,19.0,0.0,10.0,1.375,1.0,1.699145895499721,2.8870967741935485,10.0,0.0,4.0,1.03125,0.0,1.513048087844214,2.2893145161290325,4.0,0.0,5.0,0.53125,0.0,1.015504800579495,1.03125,5.0,0.0,0.0,0.0,0.0,0.0,0.0,0.0,0.0,0.0,0.0,0.0,0.0,0.0,0.0,0.0,8.0,1.0625,0.0,1.9664525124881524,3.866935483870968,8.0,0.0,0.0,0.0,0.0,0.0,0.0,0.0,0.0,3.0,0.28125,0.0,0.6831792378049423,0.4667338709677419,3.0,22.0,10.0,10.0,0.0,0.0,0.0,1.0,0.0,0.0,0.0,14.0,0.0,0.0,0.0,0.0
False,53.0,16,18,0,64,145,Community Day 2 - 2015,-22,3,16,32,18,36,0,0,10,20,3,6,21,42,1,10,53.0,17.0,0.0,20.0,29.0,0.0,17.0,4.037735849056604,3.0,3.812743127939734,14.537010159651668,17.0,0.0,3.0,0.7924528301886793,1.0,0.7932040809768784,0.6291727140783744,3.0,0.0,4.0,0.5660377358490566,0.0,0.9508990475064224,0.9042089985486216,4.0,0.0,6.0,1.0377358490566038,0.0,2.028283322559929,4.113933236574745,6.0,0.0,0.0,0.0,0.0,0.0,0.0,0.0,0.0,0.0,0.0,0.0,0.0,0.0,0.0,0.0,5.0,0.4528301886792453,0.0,1.0296757842202462,1.0602322206095791,5.0,0.0,1.0,0.0566037735849056,0.0,0.233295317934376,0.0544267053701016,1.0,0.0,2.0,0.3018867924528302,0.0,0.6071657250757996,0.3686502177068215,2.0,33.0,21.0,20.0,0.0,0.0,0.0,4.0,0.0,0.0,0.0,15.0,0.0,0.0,0.0,0.0
False,7.0,0,7,1,68,77,Sprint 11,-6,7,0,0,7,14,1,2,0,0,4,8,2,4,1,5,7.0,2.0,4.0,7.0,0.0,0.0,11.0,2.142857142857143,1.0,3.97611918955202,15.809523809523808,11.0,0.0,0.0,0.0,0.0,0.0,0.0,0.0,0.0,1.0,0.4285714285714285,0.0,0.5345224838248487,0.2857142857142856,1.0,0.0,2.0,0.5714285714285714,0.0,0.7867957924694432,0.6190476190476191,2.0,0.0,0.0,0.0,0.0,0.0,0.0,0.0,0.0,0.0,0.0,0.0,0.0,0.0,0.0,0.0,3.0,0.5714285714285714,0.0,1.133893419027682,1.285714285714286,3.0,0.0,0.0,0.0,0.0,0.0,0.0,0.0,0.0,0.0,0.0,0.0,0.0,0.0,0.0,4.0,1.0,3.0,0.0,0.0,0.0,0.0,0.0,0.0,0.0,0.0,0.0,0.0,0.0,0.0
False,11.0,0,0,0,68,110,Sprint 12,4,14,0,0,0,0,0,0,0,0,0,0,0,0,1,4,11.0,3.0,3.0,10.0,1.0,0.0,11.0,1.0,0.0,3.3166247903554,11.0,11.0,0.0,1.0,0.1818181818181818,0.0,0.4045199174779452,0.1636363636363635,1.0,0.0,1.0,0.5454545454545454,1.0,0.5222329678670935,0.2727272727272727,1.0,0.0,6.0,0.6363636363636364,0.0,1.804035879506129,3.254545454545454,6.0,0.0,0.0,0.0,0.0,0.0,0.0,0.0,0.0,0.0,0.0,0.0,0.0,0.0,0.0,0.0,1.0,0.0909090909090909,0.0,0.3015113445777636,0.0909090909090908,1.0,0.0,0.0,0.0,0.0,0.0,0.0,0.0,0.0,0.0,0.0,0.0,0.0,0.0,0.0,5.0,1.0,6.0,0.0,0.0,0.0,0.0,0.0,0.0,0.0,4.0,0.0,0.0,0.0,0.0
False,14.0,0,0,0,68,111,Sprint 39,8,13,0,0,0,0,0,0,0,0,0,0,0,0,1,2,14.0,7.0,3.0,12.0,2.0,0.0,11.0,0.7857142857142857,0.0,2.939873661036668,8.642857142857142,11.0,0.0,1.0,0.2142857142857142,0.0,0.42581531362632,0.1813186813186812,1.0,0.0,1.0,0.5714285714285714,1.0,0.5135525910130955,0.2637362637362637,1.0,0.0,6.0,1.0,0.5,1.6172150801252798,2.6153846153846154,6.0,0.0,0.0,0.0,0.0,0.0,0.0,0.0,0.0,0.0,0.0,0.0,0.0,0.0,0.0,0.0,1.0,0.0714285714285714,0.0,0.2672612419124243,0.0714285714285714,1.0,0.0,0.0,0.0,0.0,0.0,0.0,0.0,0.0,0.0,0.0,0.0,0.0,0.0,0.0,7.0,2.0,7.0,0.0,0.0,0.0,0.0,0.0,0.0,0.0,0.0,0.0,2.0,0.0,0.0
False,18.0,0,8,1,68,119,Sprint 40,0,13,0,0,8,16,1,2,4,8,2,4,1,2,1,5,18.0,5.0,2.0,17.0,1.0,0.0,11.0,0.7777777777777778,0.0,2.6021609923418185,6.771241830065358,11.0,0.0,1.0,0.2777777777777778,0.0,0.4608885989624768,0.2124183006535948,1.0,0.0,1.0,0.6111111111111112,1.0,0.5016313257045502,0.2516339869281045,1.0,0.0,6.0,0.5555555555555556,0.0,1.4234267774809048,2.026143790849673,6.0,0.0,0.0,0.0,0.0,0.0,0.0,0.0,0.0,0.0,0.0,0.0,0.0,0.0,0.0,0.0,1.0,0.1111111111111111,0.0,0.3233808333817772,0.1045751633986928,1.0,0.0,0.0,0.0,0.0,0.0,0.0,0.0,0.0,0.0,0.0,0.0,0.0,0.0,0.0,13.0,3.0,5.0,0.0,0.0,0.0,0.0,0.0,0.0,0.0,7.0,0.0,1.0,0.0,0.0
False,20.0,1,0,0,68,120,Sprint 41,16,13,1,2,0,0,0,0,1,2,0,0,0,0,1,4,20.0,8.0,2.0,19.0,1.0,0.0,4.0,0.4,0.0,1.046296727561194,1.0947368421052637,4.0,0.0,3.0,0.35,0.0,0.7451598203705947,0.5552631578947369,3.0,0.0,2.0,0.6,1.0,0.5982430416161189,0.3578947368421053,2.0,0.0,6.0,0.65,0.0,1.5652475842498528,2.45,6.0,0.0,0.0,0.0,0.0,0.0,0.0,0.0,0.0,0.0,0.0,0.0,0.0,0.0,0.0,0.0,1.0,0.1,0.0,0.3077935056255462,0.0947368421052631,1.0,0.0,0.0,0.0,0.0,0.0,0.0,0.0,0.0,1.0,0.05,0.0,0.2236067977499789,0.0499999999999999,1.0,17.0,2.0,3.0,0.0,0.0,0.0,0.0,0.0,0.0,0.0,7.0,0.0,1.0,0.0,0.0
False,35.0,0,11,3,68,121,Sprint 42,-2,13,0,0,11,22,3,6,6,12,0,0,2,4,1,6,35.0,9.0,2.0,33.0,2.0,0.0,4.0,0.3714285714285714,0.0,0.9420164319072112,0.8873949579831933,4.0,0.0,2.0,0.3714285714285714,0.0,0.5469549011258115,0.2991596638655462,2.0,0.0,2.0,0.9428571428571428,1.0,0.4815939919779354,0.2319327731092437,2.0,0.0,6.0,0.4,0.0,1.1167178800079327,1.2470588235294116,6.0,0.0,0.0,0.0,0.0,0.0,0.0,0.0,0.0,0.0,0.0,0.0,0.0,0.0,0.0,0.0,4.0,0.3142857142857143,0.0,0.7581490064402819,0.5747899159663866,4.0,0.0,0.0,0.0,0.0,0.0,0.0,0.0,0.0,2.0,0.2285714285714285,0.0,0.5983169672316765,0.357983193277311,2.0,23.0,6.0,12.0,0.0,0.0,0.0,0.0,0.0,0.0,0.0,15.0,0.0,3.0,0.0,0.0
False,41.0,16,6,4,68,135,Sprint 43,-22,10,16,32,6,12,4,8,14,28,0,0,4,8,1,5,41.0,10.0,2.0,39.0,2.0,0.0,4.0,0.3414634146341463,0.0,0.8834522085987724,0.7804878048780488,4.0,0.0,2.0,0.4146341463414634,0.0,0.6314906870294115,0.398780487804878,2.0,0.0,2.0,0.902439024390244,1.0,0.5387428908477814,0.2902439024390244,2.0,0.0,2.0,0.2926829268292683,0.0,0.6018264882432639,0.3621951219512195,2.0,0.0,0.0,0.0,0.0,0.0,0.0,0.0,0.0,0.0,0.0,0.0,0.0,0.0,0.0,0.0,3.0,0.5853658536585366,0.0,0.8054691103977099,0.6487804878048781,3.0,0.0,0.0,0.0,0.0,0.0,0.0,0.0,0.0,2.0,0.2926829268292683,0.0,0.6798493376853577,0.4621951219512196,2.0,29.0,10.0,12.0,0.0,0.0,0.0,0.0,0.0,0.0,0.0,15.0,0.0,3.0,1.0,0.0
False,17.0,0,0,0,70,1,Usergrid 0,14,14,0,0,0,0,0,0,0,0,0,0,0,0,1,1,17.0,1.0,0.0,17.0,0.0,0.0,0.0,0.0,0.0,0.0,0.0,0.0,0.0,0.0,0.0,0.0,0.0,0.0,0.0,0.0,2.0,1.0588235294117647,1.0,0.4287464628562721,0.1838235294117647,2.0,0.0,5.0,0.4117647058823529,0.0,1.227743027337753,1.5073529411764706,5.0,0.0,0.0,0.0,0.0,0.0,0.0,0.0,0.0,0.0,0.0,0.0,0.0,0.0,0.0,0.0,0.0,0.0,0.0,0.0,0.0,0.0,0.0,0.0,0.0,0.0,0.0,0.0,0.0,0.0,0.0,0.0,0.0,0.0,0.0,0.0,12.0,0.0,5.0,0.0,0.0,16.0,0.0,0.0,0.0,0.0,0.0,0.0,0.0,0.0,0.0
False,14.0,11,2,0,70,60,Usergrid 1,-18,14,11,28,2,4,0,0,8,22,0,0,5,10,1,6,14.0,2.0,0.0,14.0,0.0,0.0,9.0,2.071428571428572,1.0,3.0499504589743425,9.302197802197805,9.0,0.0,0.0,0.0,0.0,0.0,0.0,0.0,1.0,2.0,1.2142857142857142,1.0,0.42581531362632,0.1813186813186812,1.0,0.0,5.0,0.3571428571428571,0.0,1.336306209562122,1.7857142857142858,5.0,0.0,0.0,0.0,0.0,0.0,0.0,0.0,0.0,0.0,0.0,0.0,0.0,0.0,0.0,0.0,1.0,0.0714285714285714,0.0,0.2672612419124243,0.0714285714285714,1.0,0.0,0.0,0.0,0.0,0.0,0.0,0.0,0.0,5.0,0.7142857142857143,0.0,1.3827826698682308,1.9120879120879124,5.0,11.0,0.0,3.0,0.0,0.0,12.0,0.0,0.0,0.0,0.0,0.0,0.0,0.0,0.0,0.0
False,18.0,9,4,0,70,61,Usergrid 2,-30,14,9,24,4,8,0,0,3,12,5,10,5,10,1,5,18.0,0.0,0.0,18.0,0.0,0.0,3.0,0.8888888888888888,1.0,0.9633818428657448,0.9281045751633988,3.0,0.0,0.0,0.0,0.0,0.0,0.0,0.0,1.0,2.0,1.1666666666666667,1.0,0.3834824944236852,0.1470588235294117,1.0,0.0,5.0,0.2777777777777778,0.0,1.1785113019775793,1.388888888888889,5.0,0.0,0.0,0.0,0.0,0.0,0.0,0.0,0.0,0.0,0.0,0.0,0.0,0.0,0.0,0.0,1.0,0.0555555555555555,0.0,0.2357022603955158,0.0555555555555555,1.0,0.0,0.0,0.0,0.0,0.0,0.0,0.0,0.0,5.0,0.5555555555555556,0.0,1.3382263161373769,1.790849673202615,5.0,15.0,9.0,3.0,0.0,0.0,9.0,0.0,0.0,0.0,0.0,0.0,0.0,0.0,0.0,0.0
True,20.0,18,2,0,70,64,Usergrid 3,-40,14,18,42,2,4,0,0,13,32,1,2,6,12,1,5,20.0,0.0,0.0,20.0,0.0,0.0,3.0,1.15,1.0,1.0894228312566052,1.1868421052631577,3.0,0.0,0.0,0.0,0.0,0.0,0.0,0.0,0.0,2.0,1.1,1.0,0.447213595499958,0.2,2.0,0.0,5.0,0.3,0.0,1.1285761872936697,1.2736842105263158,5.0,0.0,0.0,0.0,0.0,0.0,0.0,0.0,0.0,0.0,0.0,0.0,0.0,0.0,0.0,0.0,1.0,0.15,0.0,0.3663475485325232,0.1342105263157894,1.0,0.0,0.0,0.0,0.0,0.0,0.0,0.0,0.0,5.0,0.55,0.0,1.2763022245616642,1.6289473684210525,5.0,17.0,9.0,3.0,0.0,0.0,11.0,0.0,0.0,0.0,0.0,0.0,0.0,0.0,0.0,0.0
False,29.0,28,0,0,70,70,Usergrid 4,-58,14,28,66,0,0,0,0,25,60,1,2,2,4,1,6,29.0,2.0,0.0,28.0,1.0,0.0,8.0,1.4827586206896552,1.0,1.7448022740039797,3.044334975369458,8.0,0.0,1.0,0.0689655172413793,0.0,0.2578807147775637,0.0665024630541871,1.0,0.0,2.0,1.137931034482759,1.0,0.6394270834691721,0.4088669950738916,2.0,0.0,8.0,0.6551724137931034,0.0,1.7170544144170168,2.9482758620689644,8.0,0.0,0.0,0.0,0.0,0.0,0.0,0.0,0.0,0.0,0.0,0.0,0.0,0.0,0.0,0.0,3.0,0.2758620689655172,0.0,0.6489855668732951,0.4211822660098522,3.0,0.0,1.0,0.0344827586206896,0.0,0.1856953381770519,0.0344827586206896,1.0,0.0,5.0,0.5517241379310345,0.0,1.1207843840221814,1.2561576354679804,5.0,21.0,8.0,8.0,2.0,0.0,16.0,0.0,0.0,0.0,0.0,0.0,1.0,0.0,0.0,0.0
False,27.0,24,0,0,70,71,Usergrid 5,-50,14,24,58,0,0,0,0,20,50,0,0,4,8,1,6,27.0,2.0,0.0,27.0,0.0,0.0,5.0,1.1111111111111112,1.0,1.2506408613597129,1.5641025641025643,5.0,0.0,1.0,0.037037037037037,0.0,0.1924500897298752,0.037037037037037,1.0,0.0,2.0,1.148148148148148,1.0,0.4560451819471487,0.2079772079772079,2.0,0.0,8.0,0.7407407407407407,0.0,1.767061720061618,3.1225071225071237,8.0,0.0,0.0,0.0,0.0,0.0,0.0,0.0,0.0,0.0,0.0,0.0,0.0,0.0,0.0,0.0,3.0,0.1851851851851851,0.0,0.6224663745652351,0.3874643874643875,3.0,0.0,0.0,0.0,0.0,0.0,0.0,0.0,0.0,5.0,0.4074074074074074,0.0,1.0473137528296366,1.096866096866097,5.0,23.0,8.0,4.0,2.0,0.0,12.0,0.0,0.0,0.0,0.0,0.0,3.0,0.0,0.0,0.0
False,29.0,25,2,0,70,78,Usergrid 6,-66,8,25,61,2,11,0,0,24,64,1,2,2,6,1,6,29.0,0.0,0.0,29.0,0.0,0.0,5.0,0.6896551724137931,0.0,1.1983157309878751,1.4359605911330051,5.0,0.0,0.0,0.0,0.0,0.0,0.0,0.0,0.0,2.0,0.9655172413793104,1.0,0.5658595623783125,0.3201970443349752,2.0,0.0,8.0,0.5862068965517241,0.0,1.5240275911289034,2.322660098522168,8.0,0.0,0.0,0.0,0.0,0.0,0.0,0.0,0.0,0.0,0.0,0.0,0.0,0.0,0.0,0.0,1.0,0.1379310344827586,0.0,0.3509312031717981,0.1231527093596058,1.0,0.0,0.0,0.0,0.0,0.0,0.0,0.0,0.0,3.0,0.6551724137931034,0.0,0.9737945687202026,0.9482758620689654,3.0,26.0,8.0,3.0,3.0,0.0,17.0,0.0,0.0,0.0,0.0,0.0,1.0,0.0,0.0,0.0
False,31.0,28,2,0,70,79,Usergrid 7,-81,14,28,75,2,8,0,0,25,67,0,0,5,16,1,6,31.0,0.0,0.0,31.0,0.0,0.0,5.0,0.7419354838709677,0.0,1.2640607035920357,1.597849462365592,5.0,0.0,0.0,0.0,0.0,0.0,0.0,0.0,0.0,2.0,1.0,1.0,0.5773502691896257,0.3333333333333333,2.0,0.0,8.0,0.5806451612903226,0.0,1.4781563640424311,2.1849462365591403,8.0,0.0,0.0,0.0,0.0,0.0,0.0,0.0,0.0,0.0,0.0,0.0,0.0,0.0,0.0,0.0,1.0,0.1612903225806451,0.0,0.373878250552983,0.1397849462365591,1.0,0.0,0.0,0.0,0.0,0.0,0.0,0.0,0.0,4.0,0.8064516129032258,0.0,1.1949715432792998,1.4279569892473114,4.0,25.0,6.0,6.0,3.0,0.0,21.0,0.0,0.0,0.0,0.0,0.0,1.0,0.0,0.0,0.0
False,47.0,30,6,5,70,82,Usergrid 8,-4,14,30,83,6,22,5,19,26,72,4,11,1,3,1,6,47.0,0.0,0.0,45.0,0.0,0.0,3.0,0.5319148936170213,0.0,0.8559526558876865,0.7326549491211843,3.0,0.0,0.0,0.0,0.0,0.0,0.0,0.0,0.0,2.0,0.8723404255319149,1.0,0.6120891266657363,0.3746530989824238,2.0,0.0,8.0,0.9361702127659576,0.0,1.593522967722351,2.539315448658649,8.0,0.0,0.0,0.0,0.0,0.0,0.0,0.0,0.0,0.0,0.0,0.0,0.0,0.0,0.0,0.0,1.0,0.1276595744680851,0.0,0.3373181491782384,0.1137835337650323,1.0,0.0,1.0,0.0212765957446808,0.0,0.1458649914978945,0.0212765957446808,1.0,0.0,5.0,0.9787234042553192,1.0,1.2936191513688098,1.6734505087881597,5.0,36.0,6.0,11.0,3.0,2.0,37.0,0.0,0.0,0.0,0.0,0.0,1.0,0.0,0.0,0.0
False,24.0,13,2,1,70,83,Usergrid 9,-12,6,13,36,2,6,1,3,12,33,1,3,1,3,1,6,24.0,0.0,0.0,20.0,1.0,0.0,5.0,0.5416666666666666,0.0,1.3180739131701644,1.73731884057971,5.0,0.0,0.0,0.0,0.0,0.0,0.0,0.0,0.0,1.0,0.8333333333333334,1.0,0.3806934938134405,0.144927536231884,1.0,0.0,8.0,1.0,0.0,1.8881783261398664,3.565217391304348,8.0,0.0,0.0,0.0,0.0,0.0,0.0,0.0,0.0,0.0,0.0,0.0,0.0,0.0,0.0,0.0,0.0,0.0,0.0,0.0,0.0,0.0,0.0,1.0,0.0416666666666666,0.0,0.2041241452319315,0.0416666666666666,1.0,0.0,5.0,1.0833333333333333,0.0,1.6129008882638507,2.601449275362319,5.0,14.0,6.0,10.0,3.0,1.0,14.0,0.0,0.0,0.0,2.0,0.0,1.0,0.0,0.0,0.0
False,24.0,5,2,0,70,97,Usergrid 10,1,7,5,18,2,6,0,0,4,15,1,3,2,6,1,5,24.0,0.0,0.0,20.0,0.0,0.0,5.0,0.5833333333333334,0.0,1.2128538629008951,1.4710144927536233,5.0,0.0,0.0,0.0,0.0,0.0,0.0,0.0,0.0,1.0,0.75,1.0,0.4423258684646914,0.1956521739130435,1.0,0.0,8.0,0.75,0.0,1.799758437897322,3.239130434782609,8.0,0.0,0.0,0.0,0.0,0.0,0.0,0.0,0.0,0.0,0.0,0.0,0.0,0.0,0.0,0.0,1.0,0.0416666666666666,0.0,0.2041241452319315,0.0416666666666666,1.0,0.0,0.0,0.0,0.0,0.0,0.0,0.0,0.0,11.0,0.9583333333333334,0.0,2.3494526035295715,5.519927536231883,11.0,16.0,5.0,8.0,4.0,2.0,14.0,0.0,0.0,0.0,2.0,0.0,1.0,0.0,0.0,0.0
False,27.0,9,11,5,70,98,Usergrid 11,-6,14,9,27,11,29,5,14,4,15,3,7,8,20,1,6,27.0,0.0,0.0,23.0,1.0,0.0,3.0,0.5555555555555556,0.0,0.8915558282417289,0.794871794871795,3.0,0.0,0.0,0.0,0.0,0.0,0.0,0.0,0.0,1.0,0.4444444444444444,0.0,0.5063696835418333,0.2564102564102564,1.0,0.0,5.0,0.7037037037037037,0.0,1.3816048309237736,1.9088319088319088,5.0,0.0,0.0,0.0,0.0,0.0,0.0,0.0,0.0,0.0,0.0,0.0,0.0,0.0,0.0,0.0,1.0,0.037037037037037,0.0,0.1924500897298752,0.037037037037037,1.0,0.0,0.0,0.0,0.0,0.0,0.0,0.0,0.0,11.0,0.8518518518518519,0.0,2.1962153408447507,4.823361823361824,11.0,18.0,10.0,9.0,0.0,2.0,17.0,0.0,0.0,0.0,1.0,0.0,0.0,0.0,0.0,0.0
False,18.0,15,1,1,70,103,Usergrid 12,-29,14,15,44,1,2,1,2,4,10,6,18,5,16,1,5,18.0,0.0,0.0,15.0,1.0,0.0,8.0,1.1111111111111112,0.0,1.967048816311287,3.8692810457516353,8.0,0.0,1.0,0.0555555555555555,0.0,0.2357022603955158,0.0555555555555555,1.0,0.0,1.0,0.2222222222222222,0.0,0.4277926319464986,0.1830065359477124,1.0,0.0,5.0,0.8333333333333334,0.0,1.4245742398014511,2.0294117647058822,5.0,0.0,0.0,0.0,0.0,0.0,0.0,0.0,0.0,0.0,0.0,0.0,0.0,0.0,0.0,0.0,0.0,0.0,0.0,0.0,0.0,0.0,0.0,1.0,0.0555555555555555,0.0,0.2357022603955158,0.0555555555555555,1.0,0.0,2.0,0.2777777777777778,0.0,0.5745131499601417,0.3300653594771242,2.0,13.0,13.0,5.0,0.0,1.0,5.0,0.0,0.0,0.0,1.0,0.0,0.0,0.0,0.0,0.0
False,27.0,15,5,5,70,107,Usergrid 13,0,14,15,33,5,18,5,21,15,30,0,0,0,0,1,7,27.0,0.0,0.0,23.0,2.0,0.0,9.0,1.5185185185185186,1.0,2.1189687326689106,4.4900284900284895,9.0,0.0,1.0,0.1111111111111111,0.0,0.3202563076101742,0.1025641025641025,1.0,0.0,1.0,0.5185185185185185,1.0,0.5091750772173156,0.2592592592592593,1.0,0.0,5.0,0.5925925925925926,0.0,1.152230587875243,1.327635327635328,5.0,0.0,0.0,0.0,0.0,0.0,0.0,0.0,0.0,0.0,0.0,0.0,0.0,0.0,0.0,0.0,1.0,0.037037037037037,0.0,0.1924500897298752,0.037037037037037,1.0,0.0,0.0,0.0,0.0,0.0,0.0,0.0,0.0,10.0,0.8518518518518519,0.0,2.032499478734037,4.131054131054131,10.0,16.0,12.0,11.0,0.0,2.0,15.0,0.0,0.0,0.0,0.0,0.0,0.0,0.0,0.0,0.0
False,26.0,22,1,2,70,109,Usergrid 14,-28,14,22,53,1,5,2,6,18,41,1,5,2,6,1,6,26.0,0.0,0.0,20.0,2.0,0.0,10.0,1.1923076923076923,0.0,2.2453370485382504,5.041538461538461,10.0,0.0,1.0,0.0769230769230769,0.0,0.271746488194703,0.0738461538461538,1.0,0.0,1.0,0.4615384615384615,0.0,0.508391127441794,0.2584615384615384,1.0,0.0,3.0,0.3076923076923077,0.0,0.7358929688062399,0.5415384615384616,3.0,0.0,0.0,0.0,0.0,0.0,0.0,0.0,0.0,0.0,0.0,0.0,0.0,0.0,0.0,0.0,0.0,0.0,0.0,0.0,0.0,0.0,0.0,0.0,0.0,0.0,0.0,0.0,0.0,0.0,11.0,0.8461538461538461,0.0,2.257295863502305,5.095384615384615,11.0,20.0,8.0,6.0,0.0,4.0,18.0,0.0,0.0,0.0,0.0,0.0,0.0,0.0,0.0,0.0
False,32.0,14,2,0,70,114,Usergrid 15,-9,7,14,29,2,8,0,0,9,22,1,5,6,10,1,5,32.0,0.0,0.0,26.0,1.0,0.0,11.0,0.75,0.0,2.079081683138325,4.32258064516129,11.0,0.0,0.0,0.0,0.0,0.0,0.0,0.0,0.0,2.0,0.59375,1.0,0.5599179087296003,0.313508064516129,2.0,0.0,12.0,0.71875,0.0,2.173660136060091,4.724798387096774,12.0,0.0,0.0,0.0,0.0,0.0,0.0,0.0,0.0,0.0,0.0,0.0,0.0,0.0,0.0,0.0,0.0,0.0,0.0,0.0,0.0,0.0,0.0,0.0,0.0,0.0,0.0,0.0,0.0,0.0,11.0,0.65625,0.0,2.009804596504106,4.039314516129032,11.0,28.0,11.0,4.0,1.0,4.0,20.0,0.0,0.0,0.0,1.0,0.0,0.0,0.0,0.0,0.0
False,17.0,13,3,8,70,123,Usergrid 16,-5,14,13,23,3,8,8,16,8,15,0,0,0,0,1,5,17.0,0.0,0.0,15.0,0.0,0.0,5.0,1.1176470588235294,0.0,1.536324873731809,2.360294117647059,5.0,0.0,1.0,0.0588235294117647,0.0,0.242535625036333,0.0588235294117647,1.0,0.0,1.0,0.5882352941176471,1.0,0.5072996561958923,0.2573529411764705,1.0,0.0,12.0,1.1176470588235294,0.0,2.869720215917757,8.235294117647058,12.0,0.0,0.0,0.0,0.0,0.0,0.0,0.0,0.0,0.0,0.0,0.0,0.0,0.0,0.0,0.0,0.0,0.0,0.0,0.0,0.0,0.0,0.0,0.0,0.0,0.0,0.0,0.0,0.0,0.0,4.0,0.5294117647058824,0.0,1.1788578719900635,1.3897058823529411,4.0,15.0,3.0,2.0,1.0,2.0,13.0,0.0,0.0,0.0,0.0,0.0,0.0,0.0,0.0,0.0
False,33.0,23,1,0,70,124,Usergrid 17,-17,7,23,46,1,3,0,0,7,13,3,6,14,30,1,4,33.0,0.0,0.0,31.0,0.0,0.0,5.0,0.6060606060606061,0.0,1.1709876691119,1.371212121212121,5.0,0.0,0.0,0.0,0.0,0.0,0.0,0.0,0.0,1.0,0.5757575757575758,1.0,0.5018903659106632,0.2518939393939394,1.0,0.0,12.0,0.696969696969697,0.0,2.08393930581076,4.342803030303029,12.0,0.0,0.0,0.0,0.0,0.0,0.0,0.0,0.0,0.0,0.0,0.0,0.0,0.0,0.0,0.0,0.0,0.0,0.0,0.0,0.0,0.0,0.0,0.0,0.0,0.0,0.0,0.0,0.0,0.0,4.0,0.2121212121212121,0.0,0.7398300378117159,0.547348484848485,4.0,26.0,21.0,7.0,1.0,2.0,11.0,0.0,0.0,0.0,0.0,0.0,0.0,0.0,0.0,0.0
False,22.0,18,1,0,70,125,Usergrid 18,-26,14,18,36,1,3,0,0,12,24,1,3,6,12,1,6,22.0,0.0,0.0,21.0,0.0,0.0,10.0,0.9090909090909092,0.0,2.244763025123373,5.038961038961039,10.0,0.0,0.0,0.0,0.0,0.0,0.0,0.0,0.0,1.0,0.8181818181818182,1.0,0.3947710169758613,0.1558441558441558,1.0,0.0,12.0,1.0454545454545454,0.0,2.553751166743742,6.521645021645025,12.0,0.0,0.0,0.0,0.0,0.0,0.0,0.0,0.0,0.0,0.0,0.0,0.0,0.0,0.0,0.0,0.0,0.0,0.0,0.0,0.0,0.0,0.0,0.0,0.0,0.0,0.0,0.0,0.0,0.0,4.0,0.2272727272727272,0.0,0.8691439785278707,0.7554112554112558,4.0,16.0,10.0,6.0,1.0,1.0,11.0,0.0,0.0,0.0,0.0,0.0,0.0,0.0,0.0,0.0
False,29.0,22,6,2,70,126,Usergrid 19,-37,14,22,48,6,8,2,7,19,36,2,4,5,9,1,5,29.0,0.0,0.0,29.0,0.0,0.0,3.0,0.7586206896551724,0.0,1.0231314820474688,1.04679802955665,3.0,0.0,0.0,0.0,0.0,0.0,0.0,0.0,0.0,2.0,0.8620689655172413,1.0,0.4411136823860458,0.1945812807881773,2.0,0.0,12.0,0.896551724137931,0.0,2.209473556984736,4.88177339901478,12.0,0.0,0.0,0.0,0.0,0.0,0.0,0.0,0.0,0.0,0.0,0.0,0.0,0.0,0.0,0.0,0.0,0.0,0.0,0.0,0.0,0.0,0.0,0.0,0.0,0.0,0.0,0.0,0.0,0.0,4.0,0.4827586206896552,0.0,1.0562970921090475,1.1157635467980296,4.0,26.0,15.0,3.0,1.0,0.0,13.0,0.0,0.0,0.0,0.0,0.0,0.0,0.0,0.0,0.0
False,40.0,23,1,1,70,129,Usergrid 20,8,6,23,43,1,5,1,5,8,19,1,2,14,22,1,6,40.0,0.0,0.0,40.0,0.0,0.0,4.0,0.6,0.0,1.0813097471264972,1.169230769230769,4.0,0.0,0.0,0.0,0.0,0.0,0.0,0.0,0.0,2.0,0.875,1.0,0.4043037700313199,0.1634615384615384,2.0,0.0,12.0,0.65,0.0,1.9155236279489665,3.66923076923077,12.0,0.0,0.0,0.0,0.0,0.0,0.0,0.0,0.0,0.0,0.0,0.0,0.0,0.0,0.0,0.0,2.0,0.05,0.0,0.3162277660168379,0.0999999999999999,2.0,0.0,0.0,0.0,0.0,0.0,0.0,0.0,0.0,4.0,0.325,0.0,0.9971112120675252,0.994230769230769,4.0,31.0,26.0,9.0,1.0,0.0,13.0,0.0,0.0,0.0,0.0,0.0,0.0,0.0,0.0,0.0
False,34.0,13,8,4,70,133,Usergrid 21,-12,14,13,35,8,20,4,13,17,42,0,0,0,0,1,6,34.0,0.0,0.0,33.0,0.0,0.0,8.0,0.8529411764705882,0.0,1.6168122947438697,2.6140819964349378,8.0,0.0,0.0,0.0,0.0,0.0,0.0,0.0,0.0,1.0,0.8235294117647058,1.0,0.3869529949759475,0.1497326203208556,1.0,0.0,1.0,0.1176470588235294,0.0,0.3270349700838643,0.106951871657754,1.0,0.0,0.0,0.0,0.0,0.0,0.0,0.0,0.0,0.0,0.0,0.0,0.0,0.0,0.0,0.0,0.0,0.0,0.0,0.0,0.0,0.0,0.0,0.0,0.0,0.0,0.0,0.0,0.0,0.0,3.0,0.2941176470588235,0.0,0.6755205294731985,0.4563279857397505,3.0,29.0,12.0,5.0,1.0,1.0,21.0,0.0,0.0,0.0,0.0,0.0,0.0,0.0,0.0,0.0
False,35.0,24,4,0,70,138,Usergrid 22,-40,7,24,69,4,8,0,0,23,66,1,3,4,8,1,7,35.0,0.0,0.0,32.0,1.0,0.0,6.0,0.4857142857142857,0.0,1.37992814330032,1.904201680672269,6.0,0.0,0.0,0.0,0.0,0.0,0.0,0.0,0.0,2.0,0.8285714285714286,1.0,0.45281565433046,0.2050420168067227,2.0,0.0,1.0,0.1714285714285714,0.0,0.3823852604310971,0.146218487394958,1.0,0.0,0.0,0.0,0.0,0.0,0.0,0.0,0.0,0.0,0.0,0.0,0.0,0.0,0.0,0.0,0.0,0.0,0.0,0.0,0.0,0.0,0.0,1.0,0.0285714285714285,0.0,0.1690308509457033,0.0285714285714285,1.0,0.0,9.0,0.7142857142857143,0.0,1.655142229030281,2.739495798319328,9.0,24.0,14.0,11.0,1.0,2.0,20.0,0.0,0.0,0.0,0.0,0.0,0.0,0.0,0.0,0.0
False,23.0,14,4,0,70,140,Usergrid 23,-10,14,14,33,4,11,0,0,5,17,1,2,12,25,1,7,23.0,0.0,0.0,22.0,1.0,0.0,7.0,0.9130434782608696,0.0,1.7032867552913655,2.9011857707509883,7.0,0.0,1.0,0.0434782608695652,0.0,0.2085144140570747,0.0434782608695652,1.0,0.0,1.0,0.6956521739130435,1.0,0.4704719688969648,0.2213438735177866,1.0,0.0,1.0,0.0869565217391304,0.0,0.2881040655200304,0.0830039525691699,1.0,0.0,0.0,0.0,0.0,0.0,0.0,0.0,0.0,0.0,0.0,0.0,0.0,0.0,0.0,0.0,0.0,0.0,0.0,0.0,0.0,0.0,0.0,0.0,0.0,0.0,0.0,0.0,0.0,0.0,1.0,0.217391304347826,0.0,0.4217411678366499,0.1778656126482213,1.0,16.0,9.0,7.0,1.0,0.0,13.0,0.0,0.0,0.0,0.0,0.0,0.0,0.0,0.0,0.0
False,17.0,14,1,0,70,146,Usergrid 24,-20,14,14,38,1,1,0,0,13,35,1,1,1,3,1,5,17.0,0.0,0.0,15.0,0.0,0.0,2.0,0.1176470588235294,0.0,0.485071250072666,0.2352941176470588,2.0,0.0,0.0,0.0,0.0,0.0,0.0,0.0,0.0,1.0,0.7058823529411765,1.0,0.4696682183138621,0.2205882352941176,1.0,0.0,1.0,0.1176470588235294,0.0,0.3321055820775357,0.1102941176470588,1.0,0.0,0.0,0.0,0.0,0.0,0.0,0.0,0.0,0.0,0.0,0.0,0.0,0.0,0.0,0.0,0.0,0.0,0.0,0.0,0.0,0.0,0.0,0.0,0.0,0.0,0.0,0.0,0.0,0.0,3.0,0.7058823529411765,0.0,0.919558717697852,0.8455882352941178,3.0,14.0,4.0,3.0,1.0,0.0,12.0,0.0,0.0,0.0,2.0,0.0,0.0,0.0,0.0,0.0
False,24.0,20,0,0,70,152,Usergrid 25,-33,7,20,57,0,0,0,0,14,37,2,13,4,7,1,8,24.0,0.0,0.0,21.0,0.0,0.0,2.0,0.3333333333333333,0.0,0.6370220572706061,0.4057971014492754,2.0,0.0,1.0,0.0833333333333333,0.0,0.2823298512866399,0.0797101449275362,1.0,0.0,2.0,0.8333333333333334,1.0,0.5646597025732799,0.3188405797101449,2.0,0.0,1.0,0.0833333333333333,0.0,0.2823298512866399,0.0797101449275362,1.0,0.0,0.0,0.0,0.0,0.0,0.0,0.0,0.0,0.0,0.0,0.0,0.0,0.0,0.0,0.0,3.0,0.875,1.0,0.9469631093315,0.8967391304347826,3.0,0.0,1.0,0.0416666666666666,0.0,0.2041241452319315,0.0416666666666666,1.0,0.0,10.0,1.6666666666666667,1.0,2.5309676215726813,6.405797101449275,10.0,16.0,3.0,8.0,1.0,2.0,20.0,0.0,0.0,0.0,1.0,0.0,0.0,0.0,0.0,0.0
False,6.0,4,2,1,73,84,Sharan - Jira Test Sprint,-4,7,4,8,2,4,1,2,4,8,0,0,1,2,1,4,6.0,2.0,1.0,4.0,2.0,0.0,142.0,32.666666666666664,13.0,54.10976498439692,2927.866666666667,142.0,0.0,4.0,2.0,1.5,1.6733200530681511,2.8,4.0,0.0,3.0,1.1666666666666667,1.0,1.1690451944500122,1.3666666666666667,3.0,0.0,3.0,0.8333333333333334,0.5,1.1690451944500122,1.3666666666666667,3.0,0.0,0.0,0.0,0.0,0.0,0.0,0.0,0.0,0.0,0.0,0.0,0.0,0.0,0.0,0.0,4.0,1.6666666666666667,1.0,1.505545305418162,2.2666666666666666,4.0,0.0,2.0,0.3333333333333333,0.0,0.816496580927726,0.6666666666666667,2.0,0.0,2.0,0.8333333333333334,1.0,0.752772652709081,0.5666666666666667,2.0,4.0,2.0,2.0,0.0,0.0,0.0,0.0,0.0,1.0,0.0,0.0,0.0,0.0,0.0,0.0
False,32.0,3,13,0,73,96,Community Day 1 - 2015,-8,4,3,6,13,26,0,0,2,4,3,6,11,22,1,7,32.0,7.0,1.0,29.0,2.0,0.0,19.0,3.25,1.0,4.765467177450165,22.70967741935484,19.0,0.0,10.0,1.375,1.0,1.699145895499721,2.8870967741935485,10.0,0.0,4.0,1.03125,0.0,1.513048087844214,2.2893145161290325,4.0,0.0,5.0,0.53125,0.0,1.015504800579495,1.03125,5.0,0.0,0.0,0.0,0.0,0.0,0.0,0.0,0.0,0.0,0.0,0.0,0.0,0.0,0.0,0.0,8.0,1.0625,0.0,1.9664525124881524,3.866935483870968,8.0,0.0,0.0,0.0,0.0,0.0,0.0,0.0,0.0,3.0,0.28125,0.0,0.6831792378049423,0.4667338709677419,3.0,22.0,10.0,10.0,0.0,0.0,0.0,1.0,0.0,0.0,0.0,14.0,0.0,0.0,0.0,0.0
False,53.0,16,18,0,73,145,Community Day 2 - 2015,-22,3,16,32,18,36,0,0,10,20,3,6,21,42,1,10,53.0,17.0,0.0,20.0,29.0,0.0,17.0,4.037735849056604,3.0,3.812743127939734,14.537010159651668,17.0,0.0,3.0,0.7924528301886793,1.0,0.7932040809768784,0.6291727140783744,3.0,0.0,4.0,0.5660377358490566,0.0,0.9508990475064224,0.9042089985486216,4.0,0.0,6.0,1.0377358490566038,0.0,2.028283322559929,4.113933236574745,6.0,0.0,0.0,0.0,0.0,0.0,0.0,0.0,0.0,0.0,0.0,0.0,0.0,0.0,0.0,0.0,5.0,0.4528301886792453,0.0,1.0296757842202462,1.0602322206095791,5.0,0.0,1.0,0.0566037735849056,0.0,0.233295317934376,0.0544267053701016,1.0,0.0,2.0,0.3018867924528302,0.0,0.6071657250757996,0.3686502177068215,2.0,33.0,21.0,20.0,0.0,0.0,0.0,4.0,0.0,0.0,0.0,15.0,0.0,0.0,0.0,0.0
False,6.0,4,2,1,74,84,Sharan - Jira Test Sprint,-4,7,4,8,2,4,1,2,4,8,0,0,1,2,1,4,6.0,2.0,1.0,4.0,2.0,0.0,142.0,32.666666666666664,13.0,54.10976498439692,2927.866666666667,142.0,0.0,4.0,2.0,1.5,1.6733200530681511,2.8,4.0,0.0,3.0,1.1666666666666667,1.0,1.1690451944500122,1.3666666666666667,3.0,0.0,3.0,0.8333333333333334,0.5,1.1690451944500122,1.3666666666666667,3.0,0.0,0.0,0.0,0.0,0.0,0.0,0.0,0.0,0.0,0.0,0.0,0.0,0.0,0.0,0.0,4.0,1.6666666666666667,1.0,1.505545305418162,2.2666666666666666,4.0,0.0,2.0,0.3333333333333333,0.0,0.816496580927726,0.6666666666666667,2.0,0.0,2.0,0.8333333333333334,1.0,0.752772652709081,0.5666666666666667,2.0,4.0,2.0,2.0,0.0,0.0,0.0,0.0,0.0,1.0,0.0,0.0,0.0,0.0,0.0,0.0
False,32.0,3,13,0,74,96,Community Day 1 - 2015,-8,4,3,6,13,26,0,0,2,4,3,6,11,22,1,7,32.0,7.0,1.0,29.0,2.0,0.0,19.0,3.25,1.0,4.765467177450165,22.70967741935484,19.0,0.0,10.0,1.375,1.0,1.699145895499721,2.8870967741935485,10.0,0.0,4.0,1.03125,0.0,1.513048087844214,2.2893145161290325,4.0,0.0,5.0,0.53125,0.0,1.015504800579495,1.03125,5.0,0.0,0.0,0.0,0.0,0.0,0.0,0.0,0.0,0.0,0.0,0.0,0.0,0.0,0.0,0.0,8.0,1.0625,0.0,1.9664525124881524,3.866935483870968,8.0,0.0,0.0,0.0,0.0,0.0,0.0,0.0,0.0,3.0,0.28125,0.0,0.6831792378049423,0.4667338709677419,3.0,22.0,10.0,10.0,0.0,0.0,0.0,1.0,0.0,0.0,0.0,14.0,0.0,0.0,0.0,0.0
False,53.0,16,18,0,74,145,Community Day 2 - 2015,-22,3,16,32,18,36,0,0,10,20,3,6,21,42,1,10,53.0,17.0,0.0,20.0,29.0,0.0,17.0,4.037735849056604,3.0,3.812743127939734,14.537010159651668,17.0,0.0,3.0,0.7924528301886793,1.0,0.7932040809768784,0.6291727140783744,3.0,0.0,4.0,0.5660377358490566,0.0,0.9508990475064224,0.9042089985486216,4.0,0.0,6.0,1.0377358490566038,0.0,2.028283322559929,4.113933236574745,6.0,0.0,0.0,0.0,0.0,0.0,0.0,0.0,0.0,0.0,0.0,0.0,0.0,0.0,0.0,0.0,5.0,0.4528301886792453,0.0,1.0296757842202462,1.0602322206095791,5.0,0.0,1.0,0.0566037735849056,0.0,0.233295317934376,0.0544267053701016,1.0,0.0,2.0,0.3018867924528302,0.0,0.6071657250757996,0.3686502177068215,2.0,33.0,21.0,20.0,0.0,0.0,0.0,4.0,0.0,0.0,0.0,15.0,0.0,0.0,0.0,0.0
