boardid,sprintid,name,vel_diff,planday,no_issue_starttime,vel_starttime,no_issue_added,vel_added,no_issue_removed,vel_removed,no_issuetodo,vel_todo,no_issueinprogress,vel_inprogress,no_issuedone,vel_done,no_admin,no_teammember,type_freq_Bug,type_freq_Feature Request,type_freq_Sub-task,priority_freq_Major,priority_freq_Critical,priority_freq_Blocker,no_comment_min,no_comment_max,no_comment_mean,no_comment_median,no_comment_std,no_comment_var,no_comment_range,no_affectversion_min,no_affectversion_max,no_affectversion_mean,no_affectversion_median,no_affectversion_std,no_affectversion_var,no_affectversion_range,no_fixversion_min,no_fixversion_max,no_fixversion_mean,no_fixversion_median,no_fixversion_std,no_fixversion_var,no_fixversion_range,no_issuelink_min,no_issuelink_max,no_issuelink_mean,no_issuelink_median,no_issuelink_std,no_issuelink_var,no_issuelink_range,no_blocking_min,no_blocking_max,no_blocking_mean,no_blocking_median,no_blocking_std,no_blocking_var,no_blocking_range,no_blockedby_min,no_blockedby_max,no_blockedby_mean,no_blockedby_median,no_blockedby_std,no_blockedby_var,no_blockedby_range,no_fixversion_change_min,no_fixversion_change_max,no_fixversion_change_mean,no_fixversion_change_median,no_fixversion_change_std,no_fixversion_change_var,no_fixversion_change_range,no_priority_change_min,no_priority_change_max,no_priority_change_mean,no_priority_change_median,no_priority_change_std,no_priority_change_var,no_priority_change_range,no_des_change_min,no_des_change_max,no_des_change_mean,no_des_change_median,no_des_change_std,no_des_change_var,no_des_change_range,gunning_fog_freq_hard,gunning_fog_freq_easy,type_freq_Enhancement,type_freq_Task,priority_freq_Minor,type_freq_Epic,priority_freq_Optional,priority_freq_Trivial,type_freq_Component  Upgrade,type_freq_Story,type_freq_Release,type_freq_Tracker
21,341,Beta6,-2,2,8,16,1,2,0,0,7,14,2,4,0,0,1,4,7.0,2.0,2.0,4.0,4.0,3.0,0.0,26.0,5.0,2.0,7.536577472566709,56.8,26.0,0.0,2.0,0.9090909090909091,1.0,0.5393598899705937,0.2909090909090909,2.0,0.0,2.0,1.2727272727272727,1.0,0.6466697906828632,0.41818181818181815,2.0,0.0,3.0,1.0,1.0,1.0954451150103321,1.2,3.0,0.0,1.0,0.18181818181818182,0.0,0.4045199174779452,0.16363636363636358,1.0,0.0,0.0,0.0,0.0,0.0,0.0,0.0,0.0,9.0,4.2727272727272725,4.0,2.901410315377992,8.418181818181818,9.0,0.0,2.0,0.7272727272727273,1.0,0.6466697906828632,0.41818181818181815,2.0,0.0,2.0,0.36363636363636365,0.0,0.6741998624632419,0.4545454545454543,2.0,8.0,3.0,0.0,0.0,0.0,0.0,0.0,0.0,0.0,0.0,0.0,0.0
101,111,Sprint 1,1,14,4,20,0,0,2,18,2,2,0,0,0,0,1,1,0.0,2.0,0.0,3.0,0.0,0.0,0.0,2.0,0.6,0.0,0.8944271909999157,0.7999999999999998,2.0,0.0,0.0,0.0,0.0,0.0,0.0,0.0,0.0,0.0,0.0,0.0,0.0,0.0,0.0,0.0,1.0,0.2,0.0,0.44721359549995804,0.20000000000000007,1.0,0.0,0.0,0.0,0.0,0.0,0.0,0.0,0.0,0.0,0.0,0.0,0.0,0.0,0.0,0.0,0.0,0.0,0.0,0.0,0.0,0.0,0.0,0.0,0.0,0.0,0.0,0.0,0.0,0.0,1.0,0.2,0.0,0.44721359549995804,0.20000000000000007,1.0,1.0,4.0,2.0,1.0,2.0,0.0,0.0,0.0,0.0,0.0,0.0,0.0
171,41,Sprint 1 - Critical Issues,-2,14,3,3,0,0,0,0,1,1,2,2,0,0,1,4,0.0,3.0,0.0,0.0,2.0,1.0,3.0,5.0,3.6666666666666665,3.0,1.1547005383792515,1.3333333333333333,2.0,0.0,0.0,0.0,0.0,0.0,0.0,0.0,1.0,1.0,1.0,1.0,0.0,0.0,0.0,1.0,7.0,3.6666666666666665,3.0,3.0550504633038935,9.333333333333334,6.0,0.0,5.0,1.6666666666666667,0.0,2.8867513459481287,8.333333333333332,5.0,0.0,2.0,1.0,1.0,1.0,1.0,2.0,6.0,7.0,6.333333333333333,6.0,0.5773502691896258,0.33333333333333337,1.0,1.0,2.0,1.3333333333333333,1.0,0.5773502691896257,0.3333333333333333,1.0,0.0,2.0,0.6666666666666666,0.0,1.1547005383792517,1.3333333333333335,2.0,0.0,3.0,0.0,0.0,0.0,0.0,0.0,0.0,0.0,0.0,0.0,0.0
171,81,Sprint 1,-32,12,11,32,0,0,0,0,11,32,0,0,0,0,1,3,1.0,7.0,0.0,4.0,2.0,1.0,0.0,5.0,1.4545454545454546,0.0,2.018099916438052,4.072727272727272,5.0,0.0,1.0,0.45454545454545453,0.0,0.5222329678670934,0.27272727272727265,1.0,0.0,1.0,0.9090909090909091,1.0,0.30151134457776363,0.0909090909090909,1.0,0.0,7.0,1.6363636363636365,1.0,2.062654952856986,4.254545454545455,7.0,0.0,5.0,0.5454545454545454,0.0,1.5075567228888183,2.272727272727273,5.0,0.0,2.0,0.36363636363636365,0.0,0.674199862463242,0.4545454545454545,2.0,0.0,12.0,4.090909090909091,2.0,4.20605623962746,17.690909090909095,12.0,0.0,2.0,0.5454545454545454,0.0,0.8201995322647243,0.6727272727272726,2.0,0.0,2.0,0.2727272727272727,0.0,0.6466697906828632,0.41818181818181815,2.0,1.0,10.0,1.0,1.0,2.0,1.0,2.0,0.0,0.0,0.0,0.0,0.0
171,91,Sprint 2,-22,14,9,27,0,0,0,0,4,22,0,0,5,5,1,4,1.0,5.0,0.0,3.0,2.0,1.0,0.0,5.0,2.0,1.0,2.1213203435596424,4.5,5.0,0.0,1.0,0.3333333333333333,0.0,0.5,0.25,1.0,0.0,1.0,0.8888888888888888,1.0,0.33333333333333337,0.11111111111111112,1.0,0.0,7.0,1.8888888888888888,2.0,2.204792759220492,4.861111111111111,7.0,0.0,5.0,0.6666666666666666,0.0,1.6583123951776997,2.7499999999999996,5.0,0.0,2.0,0.4444444444444444,0.0,0.7264831572567789,0.5277777777777778,2.0,0.0,14.0,4.777777777777778,4.0,4.8419463487779835,23.444444444444443,14.0,0.0,2.0,0.7777777777777778,1.0,0.8333333333333334,0.6944444444444445,2.0,0.0,2.0,0.3333333333333333,0.0,0.7071067811865476,0.5,2.0,1.0,8.0,1.0,1.0,2.0,1.0,1.0,0.0,0.0,0.0,0.0,0.0
171,131,Documentation Sprint,0,18,11,31,0,0,0,0,6,18,0,0,5,13,1,4,0.0,5.0,0.0,2.0,0.0,0.0,0.0,4.0,0.45454545454545453,0.0,1.2135597524338357,1.4727272727272727,4.0,0.0,1.0,0.9090909090909091,1.0,0.30151134457776363,0.0909090909090909,1.0,1.0,1.0,1.0,1.0,0.0,0.0,0.0,0.0,0.0,0.0,0.0,0.0,0.0,0.0,0.0,0.0,0.0,0.0,0.0,0.0,0.0,0.0,0.0,0.0,0.0,0.0,0.0,0.0,0.0,1.0,0.6363636363636364,1.0,0.504524979109513,0.2545454545454546,1.0,0.0,1.0,0.5454545454545454,1.0,0.5222329678670935,0.2727272727272727,1.0,0.0,2.0,1.0909090909090908,1.0,0.5393598899705937,0.2909090909090909,2.0,1.0,10.0,0.0,6.0,9.0,0.0,0.0,0.0,0.0,0.0,0.0,0.0
171,271,Sprint 1,-28,14,9,71,0,0,0,0,8,55,1,16,0,0,1,3,1.0,5.0,0.0,4.0,4.0,0.0,0.0,4.0,1.3636363636363635,1.0,1.5015143870590966,2.2545454545454544,4.0,0.0,1.0,0.6363636363636364,1.0,0.504524979109513,0.2545454545454546,1.0,1.0,1.0,1.0,1.0,0.0,0.0,0.0,0.0,3.0,1.1818181818181819,1.0,1.0787197799411874,1.1636363636363636,3.0,0.0,2.0,0.18181818181818182,0.0,0.6030226891555271,0.36363636363636354,2.0,0.0,1.0,0.2727272727272727,0.0,0.46709936649691375,0.21818181818181817,1.0,0.0,14.0,2.5454545454545454,1.0,3.9588795476406293,15.672727272727276,14.0,0.0,1.0,0.5454545454545454,1.0,0.5222329678670935,0.2727272727272727,1.0,0.0,7.0,1.9090909090909092,1.0,2.5081684733903127,6.290909090909091,7.0,8.0,3.0,3.0,2.0,2.0,0.0,0.0,1.0,0.0,0.0,0.0,0.0
171,371,Sprint 2,-53,14,12,65,0,0,0,0,9,62,2,2,1,1,1,6,6.0,5.0,1.0,7.0,4.0,0.0,0.0,9.0,2.2777777777777777,1.0,3.0448713979518676,9.27124183006536,9.0,0.0,1.0,0.6111111111111112,1.0,0.5016313257045503,0.25163398692810457,1.0,0.0,1.0,0.9444444444444444,1.0,0.23570226039551584,0.05555555555555556,1.0,0.0,1.0,0.16666666666666666,0.0,0.38348249442368526,0.1470588235294118,1.0,0.0,0.0,0.0,0.0,0.0,0.0,0.0,0.0,0.0,0.0,0.0,0.0,0.0,0.0,0.0,20.0,1.6111111111111112,0.0,4.654395631315677,21.66339869281046,20.0,0.0,3.0,0.7222222222222222,0.5,0.8947924869885987,0.8006535947712417,3.0,0.0,6.0,0.6666666666666666,0.0,1.4950900031928038,2.2352941176470584,6.0,6.0,12.0,5.0,0.0,3.0,0.0,1.0,3.0,1.0,0.0,0.0,0.0
171,561,Sprint for Alpha4,-57,14,22,69,0,0,0,0,17,61,2,5,3,3,1,6,3.0,10.0,1.0,11.0,5.0,0.0,0.0,6.0,1.1304347826086956,1.0,1.5463842820677163,2.3913043478260865,6.0,0.0,1.0,0.5652173913043478,1.0,0.5068698018697018,0.25691699604743073,1.0,0.0,1.0,0.8695652173913043,1.0,0.34435022157509093,0.11857707509881421,1.0,0.0,2.0,0.2608695652173913,0.0,0.5408235558637171,0.29249011857707513,2.0,0.0,0.0,0.0,0.0,0.0,0.0,0.0,0.0,0.0,0.0,0.0,0.0,0.0,0.0,0.0,24.0,4.565217391304348,3.0,5.6312931419517565,31.711462450592887,24.0,0.0,6.0,0.8260869565217391,0.0,1.5270939101039855,2.3320158102766793,6.0,0.0,3.0,0.5652173913043478,0.0,0.8434823356733,0.7114624505928855,3.0,8.0,15.0,2.0,6.0,5.0,0.0,1.0,1.0,0.0,1.0,0.0,0.0
171,661,Sprint 1,1,14,11,21,2,2,3,10,8,11,0,0,2,2,1,6,2.0,10.0,0.0,8.0,2.0,0.0,0.0,8.0,2.6,1.0,3.0189875313233268,9.114285714285716,8.0,0.0,1.0,0.4,0.0,0.50709255283711,0.2571428571428572,1.0,1.0,1.0,1.0,1.0,0.0,0.0,0.0,0.0,1.0,0.3333333333333333,0.0,0.48795003647426666,0.23809523809523814,1.0,0.0,0.0,0.0,0.0,0.0,0.0,0.0,0.0,0.0,0.0,0.0,0.0,0.0,0.0,0.0,24.0,3.2666666666666666,1.0,6.041128875900438,36.49523809523809,24.0,0.0,2.0,0.4,0.0,0.6324555320336759,0.4000000000000001,2.0,0.0,3.0,0.7333333333333333,0.0,1.0327955589886446,1.0666666666666669,3.0,5.0,10.0,1.0,2.0,4.0,0.0,1.0,0.0,0.0,0.0,0.0,0.0
171,870,Prepare Alpha5 for Release,-1,1,5,5,1,1,0,0,1,1,0,0,5,5,1,2,1.0,1.0,0.0,4.0,1.0,0.0,0.0,4.0,1.0,0.0,1.6733200530681511,2.8,4.0,0.0,1.0,0.3333333333333333,0.0,0.5163977794943223,0.2666666666666667,1.0,1.0,1.0,1.0,1.0,0.0,0.0,0.0,0.0,2.0,0.5,0.0,0.8366600265340756,0.7,2.0,0.0,1.0,0.3333333333333333,0.0,0.5163977794943223,0.2666666666666667,1.0,0.0,0.0,0.0,0.0,0.0,0.0,0.0,0.0,6.0,2.1666666666666665,1.5,2.136976056643281,4.566666666666666,6.0,0.0,1.0,0.3333333333333333,0.0,0.5163977794943223,0.2666666666666667,1.0,0.0,4.0,1.0,0.0,1.6733200530681511,2.8,4.0,2.0,4.0,2.0,1.0,1.0,0.0,0.0,0.0,1.0,0.0,0.0,0.0
171,880,Release Alpha5 Sprint,-1,14,1,1,0,0,0,0,1,1,0,0,0,0,1,2,0.0,0.0,9.0,10.0,0.0,0.0,0.0,1.0,0.1,0.0,0.31622776601683794,0.10000000000000002,1.0,0.0,1.0,0.5,0.5,0.5270462766947299,0.2777777777777778,1.0,1.0,1.0,1.0,1.0,0.0,0.0,0.0,0.0,1.0,0.1,0.0,0.31622776601683794,0.10000000000000002,1.0,0.0,0.0,0.0,0.0,0.0,0.0,0.0,0.0,0.0,0.0,0.0,0.0,0.0,0.0,0.0,1.0,0.3,0.0,0.4830458915396479,0.23333333333333328,1.0,0.0,0.0,0.0,0.0,0.0,0.0,0.0,0.0,0.0,0.0,0.0,0.0,0.0,0.0,0.0,10.0,0.0,0.0,0.0,0.0,0.0,0.0,0.0,0.0,1.0,0.0
171,890,Prepare for Beta,-1,14,2,2,5,5,0,0,1,1,0,0,6,6,1,1,0.0,2.0,4.0,10.0,0.0,0.0,0.0,2.0,0.2727272727272727,0.0,0.6466697906828633,0.41818181818181827,2.0,0.0,1.0,0.36363636363636365,0.0,0.504524979109513,0.2545454545454545,1.0,0.0,1.0,0.9090909090909091,1.0,0.30151134457776363,0.0909090909090909,1.0,0.0,1.0,0.09090909090909091,0.0,0.3015113445777636,0.09090909090909088,1.0,0.0,0.0,0.0,0.0,0.0,0.0,0.0,0.0,0.0,0.0,0.0,0.0,0.0,0.0,0.0,14.0,2.5454545454545454,1.0,4.083225106790866,16.672727272727276,14.0,0.0,2.0,0.18181818181818182,0.0,0.6030226891555271,0.36363636363636354,2.0,0.0,2.0,0.5454545454545454,0.0,0.6875516509523286,0.47272727272727266,2.0,0.0,11.0,1.0,4.0,1.0,0.0,0.0,0.0,0.0,0.0,0.0,0.0
171,900,Prepare for Beta 2,-1,14,7,7,6,13,1,8,8,8,1,1,3,3,1,2,7.0,3.0,5.0,15.0,3.0,0.0,0.0,9.0,1.2,0.0,2.30788123383195,5.326315789473684,9.0,0.0,1.0,0.5,0.5,0.512989176042577,0.2631578947368421,1.0,0.0,1.0,0.75,1.0,0.4442616583193193,0.19736842105263158,1.0,0.0,1.0,0.1,0.0,0.30779350562554625,0.09473684210526317,1.0,0.0,0.0,0.0,0.0,0.0,0.0,0.0,0.0,0.0,0.0,0.0,0.0,0.0,0.0,0.0,7.0,1.35,0.0,1.9540780569443945,3.8184210526315803,7.0,0.0,3.0,0.25,0.0,0.7163503994113789,0.5131578947368421,3.0,0.0,2.0,0.55,0.0,0.7591546545162482,0.5763157894736842,2.0,3.0,17.0,1.0,3.0,1.0,0.0,0.0,1.0,0.0,0.0,1.0,0.0
171,980,Graphene 2.0.0.Beta2,-1,14,4,4,0,0,0,0,1,1,0,0,3,3,1,2,1.0,0.0,0.0,3.0,0.0,0.0,0.0,1.0,0.25,0.0,0.5,0.25,1.0,0.0,0.0,0.0,0.0,0.0,0.0,0.0,1.0,1.0,1.0,1.0,0.0,0.0,0.0,0.0,1.0,0.25,0.0,0.5,0.25,1.0,0.0,0.0,0.0,0.0,0.0,0.0,0.0,0.0,0.0,0.0,0.0,0.0,0.0,0.0,0.0,3.0,1.5,1.5,1.2909944487358056,1.6666666666666667,3.0,0.0,0.0,0.0,0.0,0.0,0.0,0.0,0.0,2.0,0.75,0.5,0.9574271077563381,0.9166666666666666,2.0,0.0,4.0,2.0,0.0,1.0,0.0,0.0,0.0,1.0,0.0,0.0,0.0
171,1061,Graphene 2.0.0.CR2,-1,14,2,2,2,2,0,0,0,0,1,1,3,3,1,2,1.0,0.0,0.0,3.0,0.0,0.0,0.0,4.0,1.25,0.5,1.8929694486000912,3.5833333333333335,4.0,0.0,1.0,0.5,0.5,0.5773502691896257,0.3333333333333333,1.0,1.0,1.0,1.0,1.0,0.0,0.0,0.0,0.0,1.0,0.25,0.0,0.5,0.25,1.0,0.0,1.0,0.25,0.0,0.5,0.25,1.0,0.0,0.0,0.0,0.0,0.0,0.0,0.0,1.0,8.0,4.0,3.5,3.1622776601683795,10.0,7.0,0.0,0.0,0.0,0.0,0.0,0.0,0.0,0.0,2.0,1.0,1.0,1.1547005383792515,1.3333333333333333,2.0,3.0,1.0,3.0,0.0,0.0,0.0,1.0,0.0,0.0,0.0,0.0,0.0
171,1121,Graphene 2.0.1 Sprint 1,-21,32,10,21,0,0,0,0,9,20,1,1,0,0,1,4,4.0,1.0,0.0,4.0,3.0,0.0,0.0,7.0,2.1,1.5,2.282785822435191,5.211111111111112,7.0,0.0,1.0,0.5,0.5,0.5270462766947299,0.2777777777777778,1.0,1.0,1.0,1.0,1.0,0.0,0.0,0.0,0.0,0.0,0.0,0.0,0.0,0.0,0.0,0.0,0.0,0.0,0.0,0.0,0.0,0.0,0.0,0.0,0.0,0.0,0.0,0.0,0.0,1.0,10.0,5.4,5.0,2.988868236194653,8.933333333333334,9.0,0.0,3.0,1.0,1.0,1.0540925533894598,1.1111111111111112,3.0,0.0,1.0,0.5,0.5,0.5270462766947299,0.2777777777777778,1.0,6.0,4.0,2.0,3.0,1.0,0.0,2.0,0.0,0.0,0.0,0.0,0.0
171,1161,Graphene 2.0.0.Final,0,14,4,4,0,0,2,2,1,1,0,0,1,1,1,2,1.0,1.0,7.0,10.0,0.0,0.0,0.0,6.0,1.0,0.0,1.8973665961010275,3.6,6.0,0.0,1.0,0.5454545454545454,1.0,0.5222329678670935,0.2727272727272727,1.0,1.0,1.0,1.0,1.0,0.0,0.0,0.0,0.0,2.0,0.2727272727272727,0.0,0.6466697906828633,0.41818181818181827,2.0,0.0,0.0,0.0,0.0,0.0,0.0,0.0,0.0,0.0,0.0,0.0,0.0,0.0,0.0,0.0,3.0,0.9090909090909091,1.0,0.8312094145936334,0.6909090909090908,3.0,0.0,0.0,0.0,0.0,0.0,0.0,0.0,0.0,1.0,0.36363636363636365,0.0,0.504524979109513,0.2545454545454545,1.0,1.0,10.0,0.0,1.0,1.0,0.0,0.0,0.0,0.0,0.0,1.0,0.0
181,31,Sprint 1 - Critical Issues,23,43,3,111,0,0,0,0,2,61,1,50,0,0,1,1,4.0,2.0,0.0,1.0,3.0,3.0,0.0,12.0,4.142857142857143,4.0,4.059087394500207,16.476190476190478,12.0,0.0,1.0,0.7142857142857143,1.0,0.48795003647426666,0.23809523809523814,1.0,1.0,1.0,1.0,1.0,0.0,0.0,0.0,0.0,1.0,0.42857142857142855,0.0,0.5345224838248487,0.28571428571428564,1.0,0.0,1.0,0.14285714285714285,0.0,0.37796447300922725,0.14285714285714288,1.0,0.0,1.0,0.14285714285714285,0.0,0.37796447300922725,0.14285714285714288,1.0,0.0,2.0,0.5714285714285714,0.0,0.7867957924694432,0.6190476190476191,2.0,0.0,2.0,0.5714285714285714,0.0,0.9759000729485332,0.9523809523809524,2.0,0.0,3.0,1.0,0.0,1.4142135623730951,2.0,3.0,5.0,2.0,1.0,0.0,0.0,0.0,0.0,0.0,0.0,0.0,0.0,0.0
181,291,Low-hanging Fruit,0,15,9,9,5,7,0,0,1,1,1,2,12,13,1,1,2.0,3.0,0.0,3.0,1.0,0.0,0.0,2.0,0.5,0.0,0.7595545253127499,0.5769230769230769,2.0,0.0,2.0,0.7142857142857143,1.0,0.6112498455021266,0.3736263736263736,2.0,0.0,1.0,0.9285714285714286,1.0,0.26726124191242434,0.07142857142857141,1.0,0.0,0.0,0.0,0.0,0.0,0.0,0.0,0.0,0.0,0.0,0.0,0.0,0.0,0.0,0.0,0.0,0.0,0.0,0.0,0.0,0.0,0.0,3.0,0.5714285714285714,0.0,1.0163498575623617,1.032967032967033,3.0,0.0,1.0,0.5714285714285714,1.0,0.5135525910130955,0.26373626373626374,1.0,0.0,2.0,0.8571428571428571,1.0,0.7703288865196432,0.5934065934065933,2.0,2.0,12.0,7.0,2.0,10.0,0.0,0.0,0.0,0.0,0.0,0.0,0.0
181,351,Final Sprint,3,10,5,15,1,1,0,0,2,9,0,0,4,7,1,2,3.0,2.0,0.0,1.0,4.0,2.0,0.0,5.0,1.625,0.5,2.1998376563477846,4.839285714285714,5.0,0.0,1.0,0.5,0.5,0.5345224838248488,0.2857142857142857,1.0,1.0,1.0,1.0,1.0,0.0,0.0,0.0,0.0,2.0,0.25,0.0,0.7071067811865476,0.5,2.0,0.0,0.0,0.0,0.0,0.0,0.0,0.0,0.0,0.0,0.0,0.0,0.0,0.0,0.0,0.0,6.0,1.25,0.0,2.187627547301936,4.785714285714286,6.0,0.0,3.0,0.875,0.5,1.1259916264596033,1.2678571428571428,3.0,0.0,3.0,1.125,1.0,1.1259916264596033,1.2678571428571428,3.0,6.0,2.0,2.0,1.0,1.0,0.0,0.0,0.0,0.0,0.0,0.0,0.0
181,531,Critical Issues,-80,36,11,82,0,0,0,0,9,80,0,0,2,2,1,3,6.0,2.0,0.0,1.0,8.0,2.0,0.0,7.0,1.3636363636363635,1.0,2.013590190318143,4.054545454545455,7.0,0.0,1.0,0.7272727272727273,1.0,0.46709936649691375,0.21818181818181817,1.0,1.0,1.0,1.0,1.0,0.0,0.0,0.0,0.0,4.0,0.6363636363636364,0.0,1.2060453783110545,1.4545454545454546,4.0,0.0,2.0,0.18181818181818182,0.0,0.6030226891555273,0.3636363636363636,2.0,0.0,0.0,0.0,0.0,0.0,0.0,0.0,0.0,5.0,1.9090909090909092,1.0,1.8140862964338524,3.2909090909090915,5.0,0.0,2.0,0.8181818181818182,1.0,0.6030226891555273,0.3636363636363636,2.0,0.0,2.0,0.8181818181818182,1.0,0.8738628975053029,0.7636363636363636,2.0,4.0,7.0,2.0,1.0,0.0,0.0,0.0,0.0,0.0,0.0,0.0,0.0
181,571,Warp Alpha3,10,4,6,28,1,1,3,25,1,1,1,1,2,2,1,2,7.0,8.0,0.0,8.0,9.0,1.0,0.0,1.0,0.21052631578947367,0.0,0.41885390829169555,0.1754385964912281,1.0,0.0,1.0,0.5789473684210527,1.0,0.5072572735017881,0.2573099415204678,1.0,1.0,1.0,1.0,1.0,0.0,0.0,0.0,0.0,4.0,0.42105263157894735,0.0,0.9612370197756297,0.9239766081871343,4.0,0.0,2.0,0.10526315789473684,0.0,0.45883146774112354,0.21052631578947367,2.0,0.0,1.0,0.10526315789473684,0.0,0.3153017676423058,0.09941520467836257,1.0,0.0,7.0,1.368421052631579,0.0,1.8321367706038842,3.35672514619883,7.0,0.0,1.0,0.21052631578947367,0.0,0.41885390829169555,0.1754385964912281,1.0,0.0,9.0,0.7894736842105263,0.0,2.097060041752131,4.39766081871345,9.0,9.0,10.0,3.0,0.0,1.0,0.0,0.0,0.0,1.0,0.0,0.0,0.0
181,800,Warp Beta1,-75,35,13,111,0,0,5,36,5,58,3,17,0,0,1,3,2.0,6.0,0.0,8.0,2.0,0.0,0.0,3.0,0.9230769230769231,0.0,1.255755978254962,1.5769230769230769,3.0,0.0,1.0,0.46153846153846156,0.0,0.5188745216627708,0.2692307692307693,1.0,1.0,1.0,1.0,1.0,0.0,0.0,0.0,0.0,1.0,0.15384615384615385,0.0,0.37553380809940534,0.141025641025641,1.0,0.0,0.0,0.0,0.0,0.0,0.0,0.0,0.0,0.0,0.0,0.0,0.0,0.0,0.0,0.0,6.0,2.1538461538461537,2.0,1.9513309067639728,3.807692307692308,6.0,0.0,1.0,0.3076923076923077,0.0,0.48038446141526137,0.23076923076923075,1.0,0.0,2.0,0.6153846153846154,1.0,0.6504436355879909,0.42307692307692313,2.0,1.0,12.0,3.0,2.0,3.0,0.0,0.0,0.0,0.0,0.0,0.0,0.0
181,920,Warp Alpha4,-1,3,2,2,0,0,0,0,1,1,0,0,1,1,1,1,1.0,1.0,0.0,1.0,0.0,0.0,0.0,0.0,0.0,0.0,0.0,0.0,0.0,0.0,1.0,0.5,0.5,0.7071067811865476,0.5,1.0,1.0,1.0,1.0,1.0,0.0,0.0,0.0,0.0,0.0,0.0,0.0,0.0,0.0,0.0,0.0,0.0,0.0,0.0,0.0,0.0,0.0,0.0,0.0,0.0,0.0,0.0,0.0,0.0,3.0,5.0,4.0,4.0,1.4142135623730951,2.0,2.0,0.0,1.0,0.5,0.5,0.7071067811865476,0.5,1.0,1.0,1.0,1.0,1.0,0.0,0.0,0.0,1.0,1.0,0.0,0.0,1.0,0.0,0.0,0.0,0.0,0.0,0.0,0.0
211,111,Sprint 1,1,14,4,20,0,0,2,18,2,2,0,0,0,0,1,1,0.0,2.0,0.0,3.0,0.0,0.0,0.0,2.0,0.6,0.0,0.8944271909999157,0.7999999999999998,2.0,0.0,0.0,0.0,0.0,0.0,0.0,0.0,0.0,0.0,0.0,0.0,0.0,0.0,0.0,0.0,1.0,0.2,0.0,0.44721359549995804,0.20000000000000007,1.0,0.0,0.0,0.0,0.0,0.0,0.0,0.0,0.0,0.0,0.0,0.0,0.0,0.0,0.0,0.0,0.0,0.0,0.0,0.0,0.0,0.0,0.0,0.0,0.0,0.0,0.0,0.0,0.0,0.0,1.0,0.2,0.0,0.44721359549995804,0.20000000000000007,1.0,1.0,4.0,2.0,1.0,2.0,0.0,0.0,0.0,0.0,0.0,0.0,0.0
221,5,Sprint 1 - Trivial Issues,0,6,9,9,0,0,0,0,9,9,0,0,0,0,1,2,6.0,0.0,0.0,0.0,0.0,0.0,0.0,1.0,0.1111111111111111,0.0,0.3333333333333333,0.1111111111111111,1.0,0.0,1.0,0.8888888888888888,1.0,0.33333333333333337,0.11111111111111112,1.0,1.0,2.0,1.1111111111111112,1.0,0.33333333333333337,0.11111111111111112,1.0,0.0,1.0,0.2222222222222222,0.0,0.44095855184409843,0.19444444444444445,1.0,0.0,0.0,0.0,0.0,0.0,0.0,0.0,0.0,0.0,0.0,0.0,0.0,0.0,0.0,1.0,3.0,1.6666666666666667,1.0,1.0,1.0,2.0,0.0,2.0,0.8888888888888888,1.0,0.7817359599705717,0.6111111111111112,2.0,0.0,2.0,0.2222222222222222,0.0,0.6666666666666666,0.4444444444444444,2.0,4.0,5.0,1.0,2.0,0.0,0.0,0.0,9.0,0.0,0.0,0.0,0.0
221,11,Sprint 2 - Component Upgrades,0,14,4,4,0,0,0,0,3,3,1,1,0,0,1,1,0.0,0.0,0.0,3.0,1.0,0.0,0.0,0.0,0.0,0.0,0.0,0.0,0.0,1.0,1.0,1.0,1.0,0.0,0.0,0.0,1.0,1.0,1.0,1.0,0.0,0.0,0.0,0.0,3.0,1.0,0.5,1.4142135623730951,2.0,3.0,0.0,1.0,0.25,0.0,0.5,0.25,1.0,0.0,0.0,0.0,0.0,0.0,0.0,0.0,1.0,1.0,1.0,1.0,0.0,0.0,0.0,0.0,1.0,0.25,0.0,0.5,0.25,1.0,0.0,1.0,0.25,0.0,0.5,0.25,1.0,0.0,4.0,0.0,0.0,0.0,0.0,0.0,0.0,4.0,0.0,0.0,0.0
221,21,Sprint  - Critical bug fixes,-8,14,3,13,0,0,0,0,3,13,0,0,0,0,1,4,3.0,0.0,0.0,2.0,1.0,0.0,1.0,14.0,6.0,3.0,7.0,49.0,13.0,0.0,1.0,0.6666666666666666,1.0,0.5773502691896258,0.33333333333333337,1.0,1.0,1.0,1.0,1.0,0.0,0.0,0.0,0.0,3.0,1.3333333333333333,1.0,1.5275252316519468,2.3333333333333335,3.0,0.0,0.0,0.0,0.0,0.0,0.0,0.0,0.0,0.0,0.0,0.0,0.0,0.0,0.0,0.0,3.0,2.0,3.0,1.7320508075688772,3.0,3.0,0.0,1.0,0.3333333333333333,0.0,0.5773502691896258,0.33333333333333337,1.0,0.0,3.0,2.0,3.0,1.7320508075688772,3.0,3.0,3.0,0.0,0.0,0.0,0.0,0.0,0.0,0.0,0.0,0.0,0.0,0.0
221,51,Sprint  - Trivial Issues,0,1,2,2,0,0,0,0,0,0,0,0,2,2,1,1,1.0,0.0,0.0,0.0,0.0,0.0,0.0,1.0,0.5,0.5,0.7071067811865476,0.5,1.0,1.0,1.0,1.0,1.0,0.0,0.0,0.0,1.0,1.0,1.0,1.0,0.0,0.0,0.0,0.0,0.0,0.0,0.0,0.0,0.0,0.0,0.0,0.0,0.0,0.0,0.0,0.0,0.0,0.0,0.0,0.0,0.0,0.0,0.0,0.0,1.0,1.0,1.0,1.0,0.0,0.0,0.0,0.0,0.0,0.0,0.0,0.0,0.0,0.0,0.0,2.0,1.0,1.0,1.4142135623730951,2.0,2.0,1.0,1.0,1.0,0.0,0.0,0.0,0.0,2.0,0.0,0.0,0.0,0.0
221,61,Sprint  - Simpify dev-examples,0,1,1,1,0,0,0,0,0,0,1,1,0,0,1,1,0.0,0.0,8.0,1.0,0.0,0.0,0.0,2.0,0.4444444444444444,0.0,0.7264831572567789,0.5277777777777778,2.0,0.0,1.0,0.8888888888888888,1.0,0.33333333333333337,0.11111111111111112,1.0,1.0,1.0,1.0,1.0,0.0,0.0,0.0,0.0,1.0,0.1111111111111111,0.0,0.3333333333333333,0.1111111111111111,1.0,0.0,0.0,0.0,0.0,0.0,0.0,0.0,0.0,0.0,0.0,0.0,0.0,0.0,0.0,2.0,3.0,2.111111111111111,2.0,0.33333333333333337,0.11111111111111112,1.0,0.0,1.0,0.8888888888888888,1.0,0.33333333333333337,0.11111111111111112,1.0,0.0,5.0,0.6666666666666666,0.0,1.6583123951776997,2.7499999999999996,5.0,1.0,8.0,0.0,1.0,8.0,0.0,0.0,0.0,0.0,0.0,0.0,0.0
221,71,CDK issues,-33,2,4,33,0,0,0,0,3,9,1,24,0,0,1,2,2.0,1.0,0.0,2.0,1.0,0.0,1.0,6.0,3.5,3.5,2.0816659994661326,4.333333333333333,5.0,0.0,3.0,1.25,1.0,1.2583057392117916,1.5833333333333333,3.0,1.0,1.0,1.0,1.0,0.0,0.0,0.0,0.0,2.0,1.0,1.0,0.816496580927726,0.6666666666666666,2.0,0.0,1.0,0.25,0.0,0.5,0.25,1.0,0.0,0.0,0.0,0.0,0.0,0.0,0.0,3.0,15.0,9.75,10.5,5.123475382979799,26.25,12.0,0.0,3.0,1.0,0.5,1.4142135623730951,2.0,3.0,0.0,3.0,1.25,1.0,1.2583057392117916,1.5833333333333333,3.0,3.0,1.0,1.0,0.0,1.0,0.0,0.0,0.0,0.0,0.0,0.0,0.0
221,101,4.3.0.M2 sprint 1,0,7,6,29,3,10,0,0,1,8,1,1,7,30,1,4,6.0,1.0,0.0,4.0,2.0,1.0,1.0,12.0,3.888888888888889,3.0,3.443996386628637,11.861111111111109,11.0,0.0,2.0,1.0,1.0,0.5,0.25,2.0,1.0,2.0,1.2222222222222223,1.0,0.4409585518440984,0.19444444444444442,1.0,0.0,2.0,0.7777777777777778,1.0,0.8333333333333334,0.6944444444444445,2.0,0.0,1.0,0.2222222222222222,0.0,0.44095855184409843,0.19444444444444445,1.0,0.0,0.0,0.0,0.0,0.0,0.0,0.0,1.0,16.0,4.444444444444445,1.0,5.74697988318889,33.02777777777778,15.0,0.0,1.0,0.5555555555555556,1.0,0.5270462766947299,0.2777777777777778,1.0,0.0,2.0,0.5555555555555556,0.0,0.7264831572567789,0.5277777777777778,2.0,7.0,2.0,1.0,1.0,1.0,0.0,0.0,1.0,0.0,0.0,0.0,0.0
221,161,4.3.0.M2 iteration sprint,7,14,5,37,2,5,1,1,4,16,1,24,1,1,1,4,10.0,1.0,1.0,8.0,1.0,4.0,0.0,4.0,1.2,0.0,1.4735767952260146,2.1714285714285717,4.0,0.0,1.0,0.8,1.0,0.4140393356054126,0.17142857142857149,1.0,0.0,2.0,1.0,1.0,0.3779644730092272,0.14285714285714285,2.0,0.0,10.0,1.2666666666666666,0.0,2.5764501233470907,6.638095238095239,10.0,0.0,1.0,0.06666666666666667,0.0,0.25819888974716115,0.06666666666666668,1.0,0.0,0.0,0.0,0.0,0.0,0.0,0.0,0.0,10.0,2.2666666666666666,1.0,3.411465262624733,11.638095238095238,10.0,0.0,1.0,0.2,0.0,0.4140393356054126,0.17142857142857149,1.0,0.0,3.0,0.5333333333333333,0.0,0.9904304018720251,0.9809523809523811,3.0,7.0,8.0,0.0,0.0,1.0,0.0,1.0,0.0,3.0,0.0,0.0,0.0
221,191,Release Tasks,0,14,0,0,0,0,0,0,0,0,0,0,0,0,1,2,0.0,0.0,48.0,48.0,0.0,0.0,0.0,1.0,0.041666666666666664,0.0,0.20194093652345887,0.04078014184397165,1.0,0.0,1.0,0.9791666666666666,1.0,0.14433756729740646,0.020833333333333336,1.0,1.0,1.0,1.0,1.0,0.0,0.0,0.0,0.0,1.0,0.2708333333333333,0.0,0.4490928602896294,0.2016843971631206,1.0,0.0,0.0,0.0,0.0,0.0,0.0,0.0,0.0,0.0,0.0,0.0,0.0,0.0,0.0,0.0,1.0,0.020833333333333332,0.0,0.14433756729740643,0.020833333333333332,1.0,0.0,0.0,0.0,0.0,0.0,0.0,0.0,0.0,1.0,0.0625,0.0,0.24462302739504083,0.0598404255319149,1.0,0.0,48.0,0.0,0.0,0.0,0.0,0.0,0.0,0.0,0.0,0.0,0.0
221,201,4.3.0.M2 - Final Sprint,4,16,7,37,3,4,2,28,3,4,2,5,3,4,1,5,8.0,2.0,0.0,9.0,1.0,2.0,0.0,10.0,2.7142857142857144,2.0,3.291681156364455,10.835164835164836,10.0,0.0,2.0,0.9285714285714286,1.0,0.4746311465493234,0.2252747252747253,2.0,1.0,1.0,1.0,1.0,0.0,0.0,0.0,0.0,5.0,1.2142857142857142,1.0,1.3688047244316384,1.8736263736263734,5.0,0.0,1.0,0.07142857142857142,0.0,0.26726124191242434,0.07142857142857141,1.0,0.0,0.0,0.0,0.0,0.0,0.0,0.0,0.0,13.0,3.5714285714285716,1.0,4.36267888263244,19.032967032967033,13.0,0.0,1.0,0.14285714285714285,0.0,0.3631365196012815,0.1318681318681319,1.0,0.0,4.0,0.42857142857142855,0.0,1.0894095588038444,1.186813186813187,4.0,8.0,6.0,3.0,0.0,0.0,0.0,1.0,1.0,1.0,0.0,0.0,0.0
221,231,Release Sprint,2,14,1,1,0,0,0,0,1,1,0,0,0,0,1,1,0.0,0.0,48.0,48.0,0.0,4.0,0.0,1.0,0.019230769230769232,0.0,0.1386750490563073,0.019230769230769232,1.0,1.0,1.0,1.0,1.0,0.0,0.0,0.0,1.0,1.0,1.0,1.0,0.0,0.0,0.0,0.0,1.0,0.07692307692307693,0.0,0.269069117598525,0.07239819004524888,1.0,0.0,0.0,0.0,0.0,0.0,0.0,0.0,0.0,0.0,0.0,0.0,0.0,0.0,0.0,0.0,2.0,0.038461538461538464,0.0,0.2773500981126146,0.07692307692307693,2.0,0.0,0.0,0.0,0.0,0.0,0.0,0.0,0.0,2.0,0.038461538461538464,0.0,0.2773500981126146,0.07692307692307693,2.0,4.0,48.0,0.0,4.0,0.0,0.0,0.0,0.0,0.0,0.0,0.0,0.0
221,241,4.3.0.M3 - Sprint 1,1,8,3,49,1,1,0,0,2,25,1,24,1,1,1,2,0.0,2.0,6.0,9.0,1.0,0.0,0.0,5.0,1.1818181818181819,0.0,1.7215215257545762,2.963636363636364,5.0,0.0,2.0,0.6363636363636364,1.0,0.674199862463242,0.4545454545454545,2.0,1.0,1.0,1.0,1.0,0.0,0.0,0.0,0.0,5.0,1.0,0.0,1.6733200530681511,2.8,5.0,0.0,0.0,0.0,0.0,0.0,0.0,0.0,0.0,0.0,0.0,0.0,0.0,0.0,0.0,0.0,13.0,1.7272727272727273,0.0,4.149479704514992,17.21818181818182,13.0,0.0,1.0,0.18181818181818182,0.0,0.40451991747794525,0.16363636363636364,1.0,0.0,1.0,0.09090909090909091,0.0,0.3015113445777636,0.09090909090909088,1.0,1.0,10.0,2.0,0.0,1.0,0.0,0.0,0.0,1.0,0.0,0.0,0.0
221,301,4.3.0.M3 - Quick Issue Sprint,1,7,14,30,1,1,0,0,7,16,0,0,8,15,1,4,13.0,1.0,0.0,9.0,3.0,1.0,0.0,5.0,1.75,1.0,1.570562531918633,2.466666666666667,5.0,0.0,3.0,0.875,1.0,0.7187952884282609,0.5166666666666667,3.0,1.0,2.0,1.0625,1.0,0.25,0.0625,1.0,0.0,1.0,0.1875,0.0,0.4031128874149275,0.1625,1.0,0.0,1.0,0.0625,0.0,0.25,0.0625,1.0,0.0,0.0,0.0,0.0,0.0,0.0,0.0,0.0,11.0,2.3125,2.0,2.548692475237712,6.495833333333334,11.0,0.0,1.0,0.375,0.0,0.5,0.25,1.0,0.0,4.0,0.875,0.0,1.2583057392117916,1.5833333333333333,4.0,13.0,3.0,0.0,2.0,2.0,0.0,0.0,1.0,0.0,0.0,0.0,0.0
221,311,4.3.0.M3 - IE & Editor Sprint,-1,4,7,16,8,8,1,3,14,21,0,0,0,0,1,5,9.0,1.0,0.0,13.0,0.0,1.0,0.0,9.0,2.3333333333333335,1.0,2.8702082220799308,8.238095238095237,9.0,0.0,2.0,0.6666666666666666,1.0,0.6172133998483675,0.3809523809523809,2.0,1.0,1.0,1.0,1.0,0.0,0.0,0.0,0.0,3.0,0.5333333333333333,0.0,0.990430401872025,0.980952380952381,3.0,0.0,0.0,0.0,0.0,0.0,0.0,0.0,0.0,0.0,0.0,0.0,0.0,0.0,0.0,0.0,19.0,2.6,1.0,4.7629522657396315,22.685714285714287,19.0,0.0,3.0,0.26666666666666666,0.0,0.7988086367179803,0.6380952380952383,3.0,0.0,4.0,0.8666666666666667,0.0,1.3557637102737476,1.8380952380952382,4.0,7.0,8.0,1.0,0.0,1.0,0.0,0.0,0.0,4.0,0.0,0.0,0.0
221,321,4.3.0.M3 - EDT and AJAX,30,7,7,76,2,2,0,0,1,1,1,24,7,50,1,8,13.0,1.0,0.0,11.0,1.0,1.0,0.0,15.0,5.533333333333333,4.0,5.0123656614227095,25.123809523809516,15.0,0.0,3.0,1.1333333333333333,1.0,0.7432233529572065,0.5523809523809524,3.0,1.0,1.0,1.0,1.0,0.0,0.0,0.0,0.0,5.0,1.4666666666666666,1.0,1.8073922282301278,3.266666666666666,5.0,0.0,0.0,0.0,0.0,0.0,0.0,0.0,0.0,0.0,0.0,0.0,0.0,0.0,0.0,0.0,24.0,6.4,3.0,7.219022490218861,52.11428571428572,24.0,0.0,2.0,0.26666666666666666,0.0,0.5936168397046637,0.3523809523809524,2.0,0.0,5.0,1.1333333333333333,0.0,1.5976172734359606,2.5523809523809526,5.0,9.0,6.0,1.0,0.0,2.0,0.0,0.0,0.0,0.0,0.0,0.0,0.0
221,361,4.3.0.CR1 - Regression Fixes,3,2,7,7,0,0,0,0,0,0,3,3,4,4,1,3,7.0,1.0,0.0,6.0,1.0,0.0,0.0,5.0,1.6,0.0,2.1186998109427604,4.488888888888889,5.0,0.0,1.0,0.9,1.0,0.31622776601683794,0.10000000000000002,1.0,1.0,1.0,1.0,1.0,0.0,0.0,0.0,0.0,1.0,0.3,0.0,0.4830458915396479,0.23333333333333328,1.0,0.0,0.0,0.0,0.0,0.0,0.0,0.0,0.0,0.0,0.0,0.0,0.0,0.0,0.0,0.0,3.0,1.3,1.0,0.8232726023485646,0.6777777777777777,3.0,0.0,1.0,0.2,0.0,0.42163702135578396,0.17777777777777784,1.0,0.0,1.0,0.1,0.0,0.31622776601683794,0.10000000000000002,1.0,5.0,5.0,2.0,0.0,2.0,0.0,0.0,1.0,0.0,0.0,0.0,0.0
221,381,4.3.0.CR1 - Bug fixes,7,17,6,8,0,0,0,0,6,8,0,0,0,0,1,2,9.0,0.0,0.0,12.0,0.0,0.0,0.0,6.0,0.9230769230769231,0.0,1.800996874952798,3.243589743589744,6.0,0.0,3.0,1.2307692307692308,1.0,0.7250110520819841,0.5256410256410255,3.0,1.0,1.0,1.0,1.0,0.0,0.0,0.0,0.0,3.0,0.23076923076923078,0.0,0.8320502943378437,0.6923076923076924,3.0,0.0,1.0,0.07692307692307693,0.0,0.2773500981126146,0.07692307692307694,1.0,0.0,0.0,0.0,0.0,0.0,0.0,0.0,0.0,15.0,2.0,0.0,4.183300132670378,17.5,15.0,0.0,0.0,0.0,0.0,0.0,0.0,0.0,0.0,4.0,0.5384615384615384,0.0,1.1266014242982163,1.2692307692307694,4.0,8.0,5.0,0.0,0.0,1.0,0.0,0.0,0.0,4.0,0.0,0.0,0.0
221,411,4.3.0.CR1 Doc Corrections,0,2,7,7,0,0,1,1,4,4,0,0,2,2,1,2,3.0,0.0,0.0,2.0,0.0,0.0,0.0,1.0,0.42857142857142855,0.0,0.5345224838248487,0.28571428571428564,1.0,0.0,1.0,0.8571428571428571,1.0,0.3779644730092272,0.14285714285714285,1.0,1.0,1.0,1.0,1.0,0.0,0.0,0.0,0.0,1.0,0.14285714285714285,0.0,0.37796447300922725,0.14285714285714288,1.0,0.0,0.0,0.0,0.0,0.0,0.0,0.0,0.0,0.0,0.0,0.0,0.0,0.0,0.0,0.0,7.0,1.5714285714285714,0.0,2.63673679998231,6.9523809523809526,7.0,0.0,0.0,0.0,0.0,0.0,0.0,0.0,0.0,0.0,0.0,0.0,0.0,0.0,0.0,7.0,0.0,3.0,1.0,2.0,0.0,0.0,3.0,0.0,0.0,0.0,0.0
221,421,4.3.0.CR1 Doc Features,0,14,8,8,1,1,0,0,0,0,0,0,9,9,1,2,1.0,0.0,0.0,9.0,0.0,0.0,0.0,4.0,0.5555555555555556,0.0,1.3333333333333335,1.7777777777777781,4.0,0.0,1.0,0.1111111111111111,0.0,0.3333333333333333,0.1111111111111111,1.0,1.0,1.0,1.0,1.0,0.0,0.0,0.0,0.0,3.0,1.5555555555555556,1.0,1.130388330520878,1.2777777777777777,3.0,0.0,0.0,0.0,0.0,0.0,0.0,0.0,0.0,0.0,0.0,0.0,0.0,0.0,0.0,0.0,1.0,0.1111111111111111,0.0,0.3333333333333333,0.1111111111111111,1.0,0.0,0.0,0.0,0.0,0.0,0.0,0.0,0.0,1.0,0.2222222222222222,0.0,0.44095855184409843,0.19444444444444445,1.0,0.0,9.0,0.0,8.0,0.0,0.0,0.0,0.0,0.0,0.0,0.0,0.0
221,431,4.3.0.CR1 - Sprint,1,14,8,8,0,0,1,1,7,7,0,0,0,0,1,2,6.0,1.0,0.0,2.0,0.0,4.0,0.0,8.0,3.7777777777777777,4.0,3.345809983314122,11.194444444444446,8.0,0.0,1.0,0.7777777777777778,1.0,0.44095855184409843,0.19444444444444445,1.0,1.0,2.0,1.1111111111111112,1.0,0.33333333333333337,0.11111111111111112,1.0,0.0,6.0,1.3333333333333333,0.0,2.0,4.0,6.0,0.0,0.0,0.0,0.0,0.0,0.0,0.0,0.0,0.0,0.0,0.0,0.0,0.0,0.0,0.0,7.0,1.5555555555555556,1.0,2.0682789409984763,4.277777777777779,7.0,0.0,2.0,0.4444444444444444,0.0,0.7264831572567789,0.5277777777777778,2.0,0.0,5.0,0.8888888888888888,0.0,1.8333333333333333,3.3611111111111107,5.0,4.0,5.0,1.0,1.0,2.0,0.0,0.0,1.0,0.0,0.0,0.0,0.0
221,441,4.3.0.CR2 Blog Sprint,-2,14,10,10,0,0,5,5,1,1,3,3,1,1,1,3,1.0,5.0,0.0,10.0,0.0,0.0,0.0,5.0,1.1818181818181819,1.0,1.5374122295716146,2.3636363636363633,5.0,0.0,1.0,0.18181818181818182,0.0,0.4045199174779452,0.16363636363636358,1.0,1.0,1.0,1.0,1.0,0.0,0.0,0.0,0.0,3.0,1.1818181818181819,0.0,1.4709304414677,2.163636363636363,3.0,0.0,0.0,0.0,0.0,0.0,0.0,0.0,0.0,0.0,0.0,0.0,0.0,0.0,0.0,0.0,7.0,1.0,0.0,2.1908902300206643,4.8,7.0,0.0,0.0,0.0,0.0,0.0,0.0,0.0,0.0,2.0,0.36363636363636365,0.0,0.6741998624632419,0.4545454545454543,2.0,2.0,9.0,0.0,5.0,1.0,0.0,0.0,0.0,0.0,0.0,0.0,0.0
221,461,4.3.0.Final Sprint,-12,5,9,9,3,3,0,0,12,12,0,0,0,0,1,4,7.0,2.0,0.0,10.0,0.0,0.0,0.0,3.0,0.8333333333333334,0.0,1.2673044646258473,1.6060606060606055,3.0,0.0,1.0,0.6666666666666666,1.0,0.4923659639173309,0.2424242424242424,1.0,1.0,1.0,1.0,1.0,0.0,0.0,0.0,0.0,3.0,0.5833333333333334,0.0,0.9003366373785199,0.8106060606060604,3.0,0.0,0.0,0.0,0.0,0.0,0.0,0.0,0.0,0.0,0.0,0.0,0.0,0.0,0.0,0.0,11.0,2.6666666666666665,1.0,3.6762958960278915,13.515151515151517,11.0,0.0,0.0,0.0,0.0,0.0,0.0,0.0,0.0,2.0,0.3333333333333333,0.0,0.7784989441615229,0.606060606060606,2.0,7.0,5.0,1.0,2.0,2.0,0.0,0.0,0.0,0.0,0.0,0.0,0.0
221,471,4.3.0.Final Sprint,-1,4,3,3,9,9,0,0,12,12,0,0,0,0,1,4,7.0,2.0,0.0,10.0,0.0,0.0,0.0,3.0,0.8333333333333334,0.0,1.2673044646258473,1.6060606060606055,3.0,0.0,1.0,0.6666666666666666,1.0,0.4923659639173309,0.2424242424242424,1.0,1.0,1.0,1.0,1.0,0.0,0.0,0.0,0.0,3.0,0.5833333333333334,0.0,0.9003366373785199,0.8106060606060604,3.0,0.0,0.0,0.0,0.0,0.0,0.0,0.0,0.0,0.0,0.0,0.0,0.0,0.0,0.0,0.0,11.0,2.6666666666666665,1.0,3.6762958960278915,13.515151515151517,11.0,0.0,0.0,0.0,0.0,0.0,0.0,0.0,0.0,2.0,0.3333333333333333,0.0,0.7784989441615229,0.606060606060606,2.0,7.0,5.0,1.0,2.0,2.0,0.0,0.0,0.0,0.0,0.0,0.0,0.0
221,491,4.3.1 Sprint - Critical + tabs,-1,16,4,4,1,1,0,0,1,1,0,0,4,4,1,3,3.0,0.0,0.0,4.0,1.0,0.0,2.0,12.0,6.0,4.0,4.301162633521313,18.5,10.0,1.0,4.0,1.8,1.0,1.3038404810405297,1.7000000000000002,3.0,1.0,2.0,1.2,1.0,0.44721359549995804,0.20000000000000007,1.0,0.0,2.0,1.2,1.0,0.8366600265340756,0.7000000000000001,2.0,0.0,0.0,0.0,0.0,0.0,0.0,0.0,0.0,0.0,0.0,0.0,0.0,0.0,0.0,0.0,5.0,2.0,1.0,2.0,4.0,5.0,0.0,0.0,0.0,0.0,0.0,0.0,0.0,0.0,3.0,2.0,2.0,1.224744871391589,1.5,3.0,2.0,3.0,1.0,0.0,0.0,0.0,0.0,0.0,1.0,0.0,0.0,0.0
221,511,4.3.1 Sprint - Fixes,-1,15,6,6,0,0,1,1,0,0,0,0,5,5,1,4,3.0,0.0,0.0,2.0,0.0,0.0,2.0,10.0,3.3333333333333335,2.0,3.265986323710904,10.666666666666666,8.0,0.0,2.0,1.0,1.0,0.8944271909999159,0.8,2.0,1.0,2.0,1.3333333333333333,1.0,0.5163977794943223,0.2666666666666667,1.0,0.0,1.0,0.3333333333333333,0.0,0.5163977794943223,0.2666666666666667,1.0,0.0,0.0,0.0,0.0,0.0,0.0,0.0,0.0,0.0,0.0,0.0,0.0,0.0,0.0,1.0,5.0,2.3333333333333335,2.0,1.632993161855452,2.666666666666667,4.0,0.0,1.0,0.16666666666666666,0.0,0.408248290463863,0.16666666666666669,1.0,0.0,1.0,0.3333333333333333,0.0,0.5163977794943223,0.2666666666666667,1.0,3.0,3.0,3.0,0.0,3.0,0.0,0.0,1.0,0.0,0.0,0.0,0.0
221,521,4.3.1 Sprint - Release,0,6,1,1,0,0,0,0,1,1,0,0,0,0,1,1,0.0,0.0,48.0,48.0,0.0,1.0,0.0,0.0,0.0,0.0,0.0,0.0,0.0,1.0,1.0,1.0,1.0,0.0,0.0,0.0,1.0,1.0,1.0,1.0,0.0,0.0,0.0,0.0,1.0,0.02040816326530612,0.0,0.14285714285714285,0.02040816326530612,1.0,0.0,0.0,0.0,0.0,0.0,0.0,0.0,0.0,0.0,0.0,0.0,0.0,0.0,0.0,0.0,2.0,0.04081632653061224,0.0,0.2857142857142857,0.08163265306122448,2.0,0.0,0.0,0.0,0.0,0.0,0.0,0.0,0.0,6.0,0.12244897959183673,0.0,0.8571428571428572,0.7346938775510204,6.0,4.0,45.0,0.0,1.0,0.0,0.0,0.0,0.0,0.0,0.0,0.0,0.0
221,601,RF5 Alpha1 Sprint 4,-3,14,3,3,0,0,0,0,0,0,0,0,3,3,1,3,0.0,0.0,0.0,2.0,0.0,0.0,2.0,5.0,3.6666666666666665,4.0,1.5275252316519465,2.333333333333333,3.0,1.0,1.0,1.0,1.0,0.0,0.0,0.0,2.0,2.0,2.0,2.0,0.0,0.0,0.0,0.0,1.0,0.3333333333333333,0.0,0.5773502691896258,0.33333333333333337,1.0,0.0,0.0,0.0,0.0,0.0,0.0,0.0,0.0,0.0,0.0,0.0,0.0,0.0,0.0,2.0,6.0,4.333333333333333,5.0,2.0816659994661326,4.333333333333333,4.0,0.0,0.0,0.0,0.0,0.0,0.0,0.0,0.0,1.0,0.6666666666666666,1.0,0.5773502691896258,0.33333333333333337,1.0,0.0,3.0,1.0,0.0,1.0,0.0,0.0,0.0,2.0,0.0,0.0,0.0
221,611,RF 4.3.2 Sprint 2,0,25,3,3,6,6,1,1,8,8,0,0,0,0,1,4,4.0,2.0,0.0,8.0,0.0,0.0,1.0,11.0,3.888888888888889,4.0,3.100179206289712,9.611111111111109,10.0,0.0,1.0,0.8888888888888888,1.0,0.33333333333333337,0.11111111111111112,1.0,2.0,2.0,2.0,2.0,0.0,0.0,0.0,0.0,4.0,0.8888888888888888,0.0,1.3642254619787417,1.8611111111111112,4.0,0.0,0.0,0.0,0.0,0.0,0.0,0.0,0.0,0.0,0.0,0.0,0.0,0.0,0.0,1.0,7.0,3.2222222222222223,3.0,2.279132388529557,5.194444444444445,6.0,0.0,0.0,0.0,0.0,0.0,0.0,0.0,0.0,3.0,0.8888888888888888,1.0,0.927960727138337,0.8611111111111112,3.0,3.0,6.0,1.0,0.0,1.0,0.0,0.0,0.0,2.0,0.0,0.0,0.0
221,621,4.3.2 Sprint 1,-1,4,11,11,0,0,0,0,1,1,1,1,9,9,1,3,6.0,1.0,0.0,7.0,2.0,0.0,0.0,7.0,2.727272727272727,2.0,2.101947149236112,4.418181818181818,7.0,0.0,3.0,1.1818181818181819,1.0,1.0787197799411874,1.1636363636363638,3.0,1.0,2.0,1.8181818181818181,2.0,0.40451991747794525,0.16363636363636364,1.0,0.0,4.0,0.9090909090909091,0.0,1.5782614139961386,2.4909090909090907,4.0,0.0,0.0,0.0,0.0,0.0,0.0,0.0,0.0,0.0,0.0,0.0,0.0,0.0,0.0,0.0,5.0,1.6363636363636365,1.0,1.689540012709215,2.8545454545454545,5.0,0.0,1.0,0.18181818181818182,0.0,0.4045199174779452,0.16363636363636358,1.0,0.0,3.0,0.5454545454545454,0.0,1.0357254813546264,1.0727272727272728,3.0,5.0,6.0,1.0,1.0,0.0,0.0,0.0,2.0,2.0,0.0,0.0,0.0
221,631,4.3.2 Sprint 2,0,3,1,1,0,0,0,0,0,0,0,0,1,1,1,1,1.0,0.0,0.0,1.0,0.0,0.0,5.0,5.0,5.0,5.0,0.0,0.0,0.0,1.0,1.0,1.0,1.0,0.0,0.0,0.0,2.0,2.0,2.0,2.0,0.0,0.0,0.0,0.0,0.0,0.0,0.0,0.0,0.0,0.0,0.0,0.0,0.0,0.0,0.0,0.0,0.0,0.0,0.0,0.0,0.0,0.0,0.0,0.0,1.0,1.0,1.0,1.0,0.0,0.0,0.0,0.0,0.0,0.0,0.0,0.0,0.0,0.0,3.0,3.0,3.0,3.0,0.0,0.0,0.0,1.0,0.0,0.0,0.0,0.0,0.0,0.0,0.0,0.0,0.0,0.0,0.0
221,641,4.3.2 Release,0,3,1,1,0,0,0,0,1,1,0,0,0,0,1,1,0.0,0.0,48.0,48.0,0.0,1.0,0.0,0.0,0.0,0.0,0.0,0.0,0.0,1.0,1.0,1.0,1.0,0.0,0.0,0.0,1.0,1.0,1.0,1.0,0.0,0.0,0.0,0.0,1.0,0.02040816326530612,0.0,0.14285714285714285,0.02040816326530612,1.0,0.0,0.0,0.0,0.0,0.0,0.0,0.0,0.0,0.0,0.0,0.0,0.0,0.0,0.0,0.0,2.0,0.04081632653061224,0.0,0.2857142857142857,0.08163265306122448,2.0,0.0,0.0,0.0,0.0,0.0,0.0,0.0,0.0,5.0,0.10204081632653061,0.0,0.7142857142857142,0.5102040816326529,5.0,4.0,45.0,0.0,1.0,0.0,0.0,0.0,0.0,0.0,0.0,0.0,0.0
221,681,4.3.2.Final Release,0,2,2,2,0,0,0,0,0,0,0,0,2,2,1,3,2.0,0.0,0.0,0.0,1.0,1.0,1.0,2.0,1.5,1.5,0.7071067811865476,0.5,1.0,1.0,1.0,1.0,1.0,0.0,0.0,0.0,2.0,2.0,2.0,2.0,0.0,0.0,0.0,0.0,1.0,0.5,0.5,0.7071067811865476,0.5,1.0,0.0,0.0,0.0,0.0,0.0,0.0,0.0,0.0,0.0,0.0,0.0,0.0,0.0,0.0,1.0,1.0,1.0,1.0,0.0,0.0,0.0,0.0,1.0,0.5,0.5,0.7071067811865476,0.5,1.0,1.0,2.0,1.5,1.5,0.7071067811865476,0.5,1.0,2.0,0.0,0.0,0.0,0.0,0.0,0.0,0.0,0.0,0.0,0.0,0.0
221,731,5.0.0.Alpha1 Sprint,0,2,0,0,4,4,0,0,0,0,0,0,4,4,1,2,3.0,0.0,0.0,2.0,0.0,1.0,0.0,14.0,5.75,4.5,6.238322424070967,38.916666666666664,14.0,0.0,3.0,1.25,1.0,1.2583057392117916,1.5833333333333333,3.0,2.0,2.0,2.0,2.0,0.0,0.0,0.0,0.0,1.0,0.75,1.0,0.5,0.25,1.0,0.0,0.0,0.0,0.0,0.0,0.0,0.0,0.0,0.0,0.0,0.0,0.0,0.0,0.0,1.0,4.0,2.25,2.0,1.2583057392117916,1.5833333333333333,3.0,0.0,1.0,0.5,0.5,0.5773502691896257,0.3333333333333333,1.0,0.0,2.0,0.75,0.5,0.9574271077563381,0.9166666666666666,2.0,3.0,1.0,1.0,0.0,0.0,0.0,0.0,1.0,0.0,0.0,0.0,0.0
221,750,5.0.0.Alpha1 Docs,0,14,2,2,0,0,0,0,0,0,0,0,2,2,1,1,2.0,0.0,0.0,0.0,0.0,0.0,0.0,0.0,0.0,0.0,0.0,0.0,0.0,1.0,2.0,1.5,1.5,0.7071067811865476,0.5,1.0,2.0,2.0,2.0,2.0,0.0,0.0,0.0,0.0,0.0,0.0,0.0,0.0,0.0,0.0,0.0,0.0,0.0,0.0,0.0,0.0,0.0,0.0,0.0,0.0,0.0,0.0,0.0,0.0,1.0,1.0,1.0,1.0,0.0,0.0,0.0,0.0,0.0,0.0,0.0,0.0,0.0,0.0,0.0,0.0,0.0,0.0,0.0,0.0,0.0,0.0,2.0,0.0,0.0,0.0,0.0,0.0,2.0,0.0,0.0,0.0,0.0
221,790,5.0.0.Alpha2 - Sprint 1,0,18,0,0,0,0,0,0,0,0,0,0,0,0,1,1,0.0,1.0,0.0,1.0,0.0,0.0,0.0,0.0,0.0,0.0,0.0,0.0,0.0,0.0,0.0,0.0,0.0,0.0,0.0,0.0,1.0,1.0,1.0,1.0,0.0,0.0,0.0,0.0,0.0,0.0,0.0,0.0,0.0,0.0,0.0,0.0,0.0,0.0,0.0,0.0,0.0,0.0,0.0,0.0,0.0,0.0,0.0,0.0,0.0,0.0,0.0,0.0,0.0,0.0,0.0,0.0,0.0,0.0,0.0,0.0,0.0,0.0,0.0,0.0,0.0,0.0,0.0,0.0,0.0,1.0,0.0,0.0,0.0,0.0,0.0,0.0,0.0,0.0,0.0,0.0,0.0
221,830,RichFaces 4.3.4 Sprint 1,0,16,15,15,7,7,0,0,22,22,0,0,0,0,1,6,19.0,1.0,0.0,18.0,0.0,0.0,0.0,15.0,3.4347826086956523,2.0,3.7395440528652903,13.984189723320162,15.0,0.0,2.0,1.0434782608695652,1.0,0.7057079533454471,0.4980237154150198,2.0,1.0,2.0,1.173913043478261,1.0,0.3875533878815898,0.15019762845849796,1.0,0.0,3.0,0.6086956521739131,0.0,0.8387832331734849,0.7035573122529647,3.0,0.0,0.0,0.0,0.0,0.0,0.0,0.0,0.0,0.0,0.0,0.0,0.0,0.0,0.0,0.0,12.0,2.608695652173913,1.0,3.243723035407737,10.521739130434783,12.0,0.0,3.0,0.21739130434782608,0.0,0.671262158456362,0.4505928853754939,3.0,0.0,3.0,0.6956521739130435,0.0,0.9261249968991351,0.857707509881423,3.0,14.0,9.0,2.0,0.0,3.0,0.0,0.0,2.0,1.0,0.0,0.0,0.0
221,850,RichFaces 4.3.4 Release,-1,7,1,1,0,0,0,0,1,1,0,0,0,0,1,1,0.0,0.0,48.0,48.0,0.0,1.0,0.0,0.0,0.0,0.0,0.0,0.0,0.0,1.0,1.0,1.0,1.0,0.0,0.0,0.0,1.0,1.0,1.0,1.0,0.0,0.0,0.0,0.0,2.0,0.04081632653061224,0.0,0.2857142857142857,0.08163265306122448,2.0,0.0,0.0,0.0,0.0,0.0,0.0,0.0,0.0,0.0,0.0,0.0,0.0,0.0,0.0,0.0,2.0,0.04081632653061224,0.0,0.2857142857142857,0.08163265306122448,2.0,0.0,0.0,0.0,0.0,0.0,0.0,0.0,0.0,2.0,0.04081632653061224,0.0,0.2857142857142857,0.08163265306122448,2.0,3.0,46.0,0.0,1.0,0.0,0.0,0.0,0.0,0.0,0.0,0.0,0.0
221,910,RichFaces 4.3.4 Sprint,-1,3,5,5,0,0,0,0,1,1,1,1,3,3,1,1,1.0,1.0,1.0,4.0,1.0,0.0,0.0,17.0,3.6666666666666665,0.5,6.71317113342619,45.06666666666668,17.0,0.0,1.0,0.5,0.5,0.5477225575051661,0.3,1.0,1.0,1.0,1.0,1.0,0.0,0.0,0.0,0.0,1.0,0.3333333333333333,0.0,0.5163977794943223,0.2666666666666667,1.0,0.0,0.0,0.0,0.0,0.0,0.0,0.0,0.0,0.0,0.0,0.0,0.0,0.0,0.0,0.0,1.0,0.5,0.5,0.5477225575051661,0.3,1.0,0.0,0.0,0.0,0.0,0.0,0.0,0.0,0.0,2.0,0.5,0.0,0.8366600265340756,0.7,2.0,3.0,3.0,2.0,0.0,0.0,0.0,0.0,1.0,1.0,0.0,0.0,0.0
221,930,RichFaces 4.3.4 Release Respin,-1,14,1,1,0,0,0,0,1,1,0,0,0,0,1,1,0.0,0.0,48.0,48.0,0.0,1.0,0.0,1.0,0.02040816326530612,0.0,0.14285714285714285,0.02040816326530612,1.0,1.0,1.0,1.0,1.0,0.0,0.0,0.0,1.0,1.0,1.0,1.0,0.0,0.0,0.0,0.0,2.0,0.04081632653061224,0.0,0.2857142857142857,0.08163265306122448,2.0,0.0,0.0,0.0,0.0,0.0,0.0,0.0,0.0,0.0,0.0,0.0,0.0,0.0,0.0,0.0,2.0,0.04081632653061224,0.0,0.2857142857142857,0.08163265306122448,2.0,0.0,0.0,0.0,0.0,0.0,0.0,0.0,0.0,5.0,0.10204081632653061,0.0,0.7142857142857142,0.5102040816326529,5.0,3.0,46.0,0.0,1.0,0.0,0.0,0.0,0.0,0.0,0.0,0.0,0.0
221,940,RichFaces 4.3.4 Sprint,0,1,1,1,0,0,0,0,0,0,0,0,1,1,1,1,1.0,0.0,0.0,1.0,0.0,0.0,9.0,9.0,9.0,9.0,0.0,0.0,0.0,6.0,6.0,6.0,6.0,0.0,0.0,0.0,1.0,1.0,1.0,1.0,0.0,0.0,0.0,0.0,0.0,0.0,0.0,0.0,0.0,0.0,0.0,0.0,0.0,0.0,0.0,0.0,0.0,0.0,0.0,0.0,0.0,0.0,0.0,0.0,1.0,1.0,1.0,1.0,0.0,0.0,0.0,0.0,0.0,0.0,0.0,0.0,0.0,0.0,0.0,0.0,0.0,0.0,0.0,0.0,0.0,1.0,0.0,0.0,0.0,0.0,0.0,0.0,0.0,0.0,0.0,0.0,0.0
221,950,RichFaces 4.3.4 Sprint 2,0,14,1,1,0,0,0,0,1,1,0,0,0,0,1,1,0.0,0.0,48.0,48.0,0.0,1.0,0.0,1.0,0.02040816326530612,0.0,0.14285714285714285,0.02040816326530612,1.0,1.0,1.0,1.0,1.0,0.0,0.0,0.0,1.0,1.0,1.0,1.0,0.0,0.0,0.0,0.0,2.0,0.04081632653061224,0.0,0.2857142857142857,0.08163265306122448,2.0,0.0,0.0,0.0,0.0,0.0,0.0,0.0,0.0,0.0,0.0,0.0,0.0,0.0,0.0,0.0,2.0,0.04081632653061224,0.0,0.2857142857142857,0.08163265306122448,2.0,0.0,0.0,0.0,0.0,0.0,0.0,0.0,0.0,5.0,0.10204081632653061,0.0,0.7142857142857142,0.5102040816326529,5.0,3.0,46.0,0.0,1.0,0.0,0.0,0.0,0.0,0.0,0.0,0.0,0.0
221,1031,4.3.5 Sprint 1,-1,7,8,8,0,0,0,0,8,8,0,0,0,0,1,5,7.0,0.0,0.0,9.0,1.0,0.0,0.0,5.0,1.3,1.0,1.6363916944844772,2.6777777777777785,5.0,0.0,3.0,1.1,1.0,0.7378647873726218,0.5444444444444445,3.0,1.0,3.0,2.0,2.0,1.0540925533894598,1.1111111111111112,2.0,0.0,2.0,0.7,0.5,0.8232726023485646,0.6777777777777777,2.0,0.0,0.0,0.0,0.0,0.0,0.0,0.0,0.0,0.0,0.0,0.0,0.0,0.0,0.0,0.0,3.0,1.1,1.0,0.8755950357709131,0.7666666666666667,3.0,0.0,0.0,0.0,0.0,0.0,0.0,0.0,0.0,2.0,0.7,1.0,0.674948557710553,0.4555555555555556,2.0,7.0,3.0,1.0,0.0,0.0,0.0,0.0,0.0,2.0,0.0,0.0,0.0
221,1511,5.0.0.Alpha3 - Sprint 1,0,7,0,0,0,0,0,0,0,0,0,0,0,0,1,1,1.0,0.0,0.0,1.0,0.0,0.0,0.0,0.0,0.0,0.0,0.0,0.0,0.0,1.0,1.0,1.0,1.0,0.0,0.0,0.0,3.0,3.0,3.0,3.0,0.0,0.0,0.0,1.0,1.0,1.0,1.0,0.0,0.0,0.0,0.0,0.0,0.0,0.0,0.0,0.0,0.0,0.0,0.0,0.0,0.0,0.0,0.0,0.0,0.0,0.0,0.0,0.0,0.0,0.0,0.0,0.0,0.0,0.0,0.0,0.0,0.0,0.0,0.0,0.0,0.0,0.0,0.0,0.0,0.0,1.0,0.0,0.0,0.0,0.0,0.0,0.0,0.0,0.0,0.0,0.0,0.0
221,1581,4.3.5.Sprint 2,0,3,5,5,3,3,0,0,0,0,1,1,7,7,1,6,5.0,2.0,0.0,7.0,0.0,0.0,0.0,7.0,3.875,3.5,2.1671244937540095,4.696428571428571,7.0,0.0,2.0,0.875,1.0,0.6408699444616557,0.4107142857142857,2.0,1.0,3.0,1.625,1.0,0.9161253813129043,0.8392857142857143,2.0,0.0,1.0,0.625,1.0,0.5175491695067657,0.26785714285714285,1.0,0.0,0.0,0.0,0.0,0.0,0.0,0.0,0.0,0.0,0.0,0.0,0.0,0.0,0.0,0.0,3.0,1.625,1.5,1.0606601717798212,1.125,3.0,0.0,1.0,0.125,0.0,0.3535533905932738,0.125,1.0,0.0,1.0,0.375,0.0,0.5175491695067657,0.26785714285714285,1.0,5.0,3.0,1.0,0.0,1.0,0.0,0.0,0.0,0.0,0.0,0.0,0.0
221,1621,Rel 5.0.0.Alpha2 4.5.0.Alpha2,0,3,1,1,0,0,0,0,1,1,0,0,0,0,1,1,0.0,0.0,48.0,48.0,0.0,1.0,0.0,0.0,0.0,0.0,0.0,0.0,0.0,1.0,1.0,1.0,1.0,0.0,0.0,0.0,1.0,1.0,1.0,1.0,0.0,0.0,0.0,0.0,3.0,0.061224489795918366,0.0,0.4285714285714286,0.1836734693877551,3.0,0.0,0.0,0.0,0.0,0.0,0.0,0.0,0.0,0.0,0.0,0.0,0.0,0.0,0.0,0.0,2.0,0.2857142857142857,0.0,0.7071067811865476,0.5000000000000001,2.0,0.0,0.0,0.0,0.0,0.0,0.0,0.0,0.0,1.0,0.02040816326530612,0.0,0.14285714285714285,0.02040816326530612,1.0,3.0,46.0,0.0,1.0,0.0,0.0,0.0,0.0,0.0,0.0,0.0,0.0
221,1940,4.5.0.Alpha3 - Sprint 2,1,14,0,0,0,0,0,0,0,0,0,0,0,0,1,1,1.0,0.0,0.0,0.0,1.0,0.0,7.0,7.0,7.0,7.0,0.0,0.0,0.0,1.0,1.0,1.0,1.0,0.0,0.0,0.0,1.0,1.0,1.0,1.0,0.0,0.0,0.0,1.0,1.0,1.0,1.0,0.0,0.0,0.0,0.0,0.0,0.0,0.0,0.0,0.0,0.0,0.0,0.0,0.0,0.0,0.0,0.0,0.0,0.0,0.0,0.0,0.0,0.0,0.0,0.0,0.0,0.0,0.0,0.0,0.0,0.0,0.0,4.0,4.0,4.0,4.0,0.0,0.0,0.0,1.0,0.0,0.0,0.0,0.0,0.0,0.0,0.0,0.0,0.0,0.0,0.0
221,1970,4.3.7 Sprint 1,0,15,8,8,1,1,0,0,0,0,0,0,9,9,1,6,4.0,0.0,0.0,5.0,1.0,0.0,0.0,16.0,4.444444444444445,1.0,5.76868943329226,33.27777777777778,16.0,0.0,3.0,1.1111111111111112,1.0,0.927960727138337,0.8611111111111112,3.0,1.0,1.0,1.0,1.0,0.0,0.0,0.0,0.0,2.0,0.7777777777777778,1.0,0.8333333333333334,0.6944444444444445,2.0,0.0,1.0,0.1111111111111111,0.0,0.3333333333333333,0.1111111111111111,1.0,0.0,0.0,0.0,0.0,0.0,0.0,0.0,1.0,15.0,6.0,3.0,5.220153254455275,27.25,14.0,0.0,1.0,0.1111111111111111,0.0,0.3333333333333333,0.1111111111111111,1.0,0.0,2.0,0.6666666666666666,0.0,0.8660254037844387,0.7500000000000001,2.0,6.0,3.0,3.0,1.0,0.0,0.0,0.0,3.0,1.0,0.0,0.0,0.0
221,2060,4.3.7 Release Sprint,-1,25,1,1,0,0,0,0,1,1,0,0,0,0,1,1,0.0,0.0,21.0,21.0,0.0,1.0,0.0,1.0,0.09090909090909091,0.0,0.29424494316824984,0.08658008658008656,1.0,1.0,1.0,1.0,1.0,0.0,0.0,0.0,1.0,1.0,1.0,1.0,0.0,0.0,0.0,0.0,2.0,0.09090909090909091,0.0,0.426401432711221,0.1818181818181819,2.0,0.0,0.0,0.0,0.0,0.0,0.0,0.0,0.0,0.0,0.0,0.0,0.0,0.0,0.0,2.0,2.0,2.0,2.0,0.0,0.0,0.0,0.0,0.0,0.0,0.0,0.0,0.0,0.0,0.0,2.0,0.09090909090909091,0.0,0.426401432711221,0.1818181818181819,2.0,2.0,20.0,0.0,1.0,0.0,0.0,0.0,0.0,0.0,0.0,0.0,0.0
221,2190,4.5.0.Alpha3 - Sprint 4,0,14,1,1,1,1,0,0,0,0,0,0,2,2,1,2,1.0,0.0,0.0,2.0,0.0,0.0,0.0,10.0,5.0,5.0,7.0710678118654755,50.0,10.0,0.0,2.0,1.0,1.0,1.4142135623730951,2.0,2.0,2.0,2.0,2.0,2.0,0.0,0.0,0.0,0.0,2.0,1.0,1.0,1.4142135623730951,2.0,2.0,0.0,0.0,0.0,0.0,0.0,0.0,0.0,0.0,0.0,0.0,0.0,0.0,0.0,0.0,0.0,4.0,2.0,2.0,2.8284271247461903,8.0,4.0,0.0,0.0,0.0,0.0,0.0,0.0,0.0,2.0,2.0,2.0,2.0,0.0,0.0,0.0,0.0,2.0,1.0,0.0,0.0,0.0,0.0,0.0,0.0,0.0,0.0,0.0
221,2250,4.5.0.Alpha3 - Sprint 5,1,11,0,0,0,0,0,0,0,0,0,0,0,0,1,2,1.0,0.0,0.0,1.0,0.0,0.0,8.0,8.0,8.0,8.0,0.0,0.0,0.0,1.0,1.0,1.0,1.0,0.0,0.0,0.0,2.0,2.0,2.0,2.0,0.0,0.0,0.0,2.0,2.0,2.0,2.0,0.0,0.0,0.0,0.0,0.0,0.0,0.0,0.0,0.0,0.0,0.0,0.0,0.0,0.0,0.0,0.0,0.0,2.0,2.0,2.0,2.0,0.0,0.0,0.0,0.0,0.0,0.0,0.0,0.0,0.0,0.0,0.0,0.0,0.0,0.0,0.0,0.0,0.0,1.0,0.0,0.0,0.0,0.0,0.0,0.0,0.0,0.0,0.0,0.0,0.0
221,2400,4.5.0.Beta2 - Sprint 1,0,4,1,1,0,0,0,0,0,0,0,0,1,1,1,1,0.0,1.0,0.0,1.0,0.0,0.0,12.0,12.0,12.0,12.0,0.0,0.0,0.0,1.0,1.0,1.0,1.0,0.0,0.0,0.0,1.0,1.0,1.0,1.0,0.0,0.0,0.0,1.0,1.0,1.0,1.0,0.0,0.0,0.0,0.0,0.0,0.0,0.0,0.0,0.0,0.0,0.0,0.0,0.0,0.0,0.0,0.0,0.0,3.0,3.0,3.0,3.0,0.0,0.0,0.0,0.0,0.0,0.0,0.0,0.0,0.0,0.0,0.0,0.0,0.0,0.0,0.0,0.0,0.0,1.0,0.0,0.0,0.0,0.0,0.0,0.0,0.0,0.0,0.0,0.0,0.0
231,181,PBR_3.1.0.Beta3,0,6,1,3,0,0,1,3,0,0,0,0,0,0,1,1,0.0,0.0,0.0,1.0,0.0,0.0,0.0,0.0,0.0,0.0,0.0,0.0,0.0,1.0,1.0,1.0,1.0,0.0,0.0,0.0,1.0,1.0,1.0,1.0,0.0,0.0,0.0,1.0,1.0,1.0,1.0,0.0,0.0,0.0,0.0,0.0,0.0,0.0,0.0,0.0,0.0,0.0,0.0,0.0,0.0,0.0,0.0,0.0,0.0,0.0,0.0,0.0,0.0,0.0,0.0,0.0,0.0,0.0,0.0,0.0,0.0,0.0,0.0,0.0,0.0,0.0,0.0,0.0,0.0,0.0,1.0,0.0,1.0,0.0,0.0,0.0,0.0,0.0,0.0,0.0,0.0
231,211,ArqExtensions_1.0.0.Alpha2,0,6,8,25,2,10,0,0,5,21,3,10,2,4,1,1,2.0,0.0,0.0,10.0,0.0,0.0,0.0,1.0,0.2,0.0,0.42163702135578396,0.17777777777777784,1.0,0.0,1.0,0.4,0.0,0.5163977794943223,0.2666666666666667,1.0,1.0,1.0,1.0,1.0,0.0,0.0,0.0,0.0,1.0,0.1,0.0,0.31622776601683794,0.10000000000000002,1.0,0.0,0.0,0.0,0.0,0.0,0.0,0.0,0.0,0.0,0.0,0.0,0.0,0.0,0.0,0.0,2.0,0.4,0.0,0.8432740427115679,0.7111111111111114,2.0,0.0,0.0,0.0,0.0,0.0,0.0,0.0,0.0,0.0,0.0,0.0,0.0,0.0,0.0,1.0,9.0,1.0,7.0,0.0,0.0,0.0,0.0,0.0,0.0,0.0,0.0
231,401,PortalExtensions_1.0.0.Alpha4,0,6,3,6,0,0,0,0,3,6,0,0,0,0,1,1,1.0,0.0,0.0,3.0,0.0,0.0,0.0,0.0,0.0,0.0,0.0,0.0,0.0,0.0,1.0,0.3333333333333333,0.0,0.5773502691896258,0.33333333333333337,1.0,1.0,1.0,1.0,1.0,0.0,0.0,0.0,0.0,0.0,0.0,0.0,0.0,0.0,0.0,0.0,0.0,0.0,0.0,0.0,0.0,0.0,0.0,0.0,0.0,0.0,0.0,0.0,0.0,0.0,0.0,0.0,0.0,0.0,0.0,0.0,0.0,0.0,0.0,0.0,0.0,0.0,0.0,0.0,0.0,0.0,0.0,0.0,0.0,0.0,1.0,2.0,0.0,0.0,0.0,0.0,0.0,0.0,2.0,0.0,0.0,0.0
291,341,Beta6,-2,2,1,2,0,0,0,0,1,2,0,0,0,0,1,3,0.0,1.0,2.0,1.0,2.0,0.0,1.0,7.0,3.3333333333333335,2.0,3.2145502536643185,10.333333333333334,6.0,0.0,1.0,0.6666666666666666,1.0,0.5773502691896258,0.33333333333333337,1.0,0.0,2.0,1.0,1.0,1.0,1.0,2.0,0.0,2.0,1.0,1.0,1.0,1.0,2.0,0.0,1.0,0.3333333333333333,0.0,0.5773502691896258,0.33333333333333337,1.0,0.0,0.0,0.0,0.0,0.0,0.0,0.0,4.0,9.0,6.0,5.0,2.6457513110645907,7.0,5.0,0.0,2.0,0.6666666666666666,0.0,1.1547005383792517,1.3333333333333335,2.0,0.0,1.0,0.3333333333333333,0.0,0.5773502691896258,0.33333333333333337,1.0,1.0,2.0,0.0,0.0,0.0,0.0,0.0,0.0,0.0,0.0,0.0,0.0
321,231,Release Sprint,2,14,1,1,0,0,0,0,1,1,0,0,0,0,1,1,0.0,0.0,48.0,48.0,0.0,4.0,0.0,1.0,0.019230769230769232,0.0,0.1386750490563073,0.019230769230769232,1.0,1.0,1.0,1.0,1.0,0.0,0.0,0.0,1.0,1.0,1.0,1.0,0.0,0.0,0.0,0.0,1.0,0.07692307692307693,0.0,0.269069117598525,0.07239819004524888,1.0,0.0,0.0,0.0,0.0,0.0,0.0,0.0,0.0,0.0,0.0,0.0,0.0,0.0,0.0,0.0,2.0,0.038461538461538464,0.0,0.2773500981126146,0.07692307692307693,2.0,0.0,0.0,0.0,0.0,0.0,0.0,0.0,0.0,2.0,0.038461538461538464,0.0,0.2773500981126146,0.07692307692307693,2.0,4.0,48.0,0.0,4.0,0.0,0.0,0.0,0.0,0.0,0.0,0.0,0.0
321,521,4.3.1 Sprint - Release,0,6,1,1,0,0,0,0,1,1,0,0,0,0,1,1,0.0,0.0,48.0,48.0,0.0,1.0,0.0,0.0,0.0,0.0,0.0,0.0,0.0,1.0,1.0,1.0,1.0,0.0,0.0,0.0,1.0,1.0,1.0,1.0,0.0,0.0,0.0,0.0,1.0,0.02040816326530612,0.0,0.14285714285714285,0.02040816326530612,1.0,0.0,0.0,0.0,0.0,0.0,0.0,0.0,0.0,0.0,0.0,0.0,0.0,0.0,0.0,0.0,2.0,0.04081632653061224,0.0,0.2857142857142857,0.08163265306122448,2.0,0.0,0.0,0.0,0.0,0.0,0.0,0.0,0.0,6.0,0.12244897959183673,0.0,0.8571428571428572,0.7346938775510204,6.0,4.0,45.0,0.0,1.0,0.0,0.0,0.0,0.0,0.0,0.0,0.0,0.0
321,641,4.3.2 Release,0,3,1,1,0,0,0,0,1,1,0,0,0,0,1,1,0.0,0.0,48.0,48.0,0.0,1.0,0.0,0.0,0.0,0.0,0.0,0.0,0.0,1.0,1.0,1.0,1.0,0.0,0.0,0.0,1.0,1.0,1.0,1.0,0.0,0.0,0.0,0.0,1.0,0.02040816326530612,0.0,0.14285714285714285,0.02040816326530612,1.0,0.0,0.0,0.0,0.0,0.0,0.0,0.0,0.0,0.0,0.0,0.0,0.0,0.0,0.0,0.0,2.0,0.04081632653061224,0.0,0.2857142857142857,0.08163265306122448,2.0,0.0,0.0,0.0,0.0,0.0,0.0,0.0,0.0,5.0,0.10204081632653061,0.0,0.7142857142857142,0.5102040816326529,5.0,4.0,45.0,0.0,1.0,0.0,0.0,0.0,0.0,0.0,0.0,0.0,0.0
321,711,5.0.0.Alpha1 Release,0,14,1,1,0,0,0,0,1,1,0,0,0,0,1,1,0.0,0.0,48.0,48.0,0.0,3.0,0.0,0.0,0.0,0.0,0.0,0.0,0.0,1.0,1.0,1.0,1.0,0.0,0.0,0.0,1.0,1.0,1.0,1.0,0.0,0.0,0.0,0.0,2.0,0.09803921568627451,0.0,0.412548274061803,0.17019607843137252,2.0,0.0,0.0,0.0,0.0,0.0,0.0,0.0,0.0,0.0,0.0,0.0,0.0,0.0,0.0,0.0,2.0,0.0392156862745098,0.0,0.28005601680560194,0.0784313725490196,2.0,0.0,0.0,0.0,0.0,0.0,0.0,0.0,0.0,4.0,0.0784313725490196,0.0,0.5601120336112039,0.3137254901960784,4.0,4.0,47.0,0.0,3.0,0.0,0.0,0.0,0.0,0.0,0.0,0.0,0.0
321,850,RichFaces 4.3.4 Release,-1,7,1,1,0,0,0,0,1,1,0,0,0,0,1,1,0.0,0.0,48.0,48.0,0.0,1.0,0.0,0.0,0.0,0.0,0.0,0.0,0.0,1.0,1.0,1.0,1.0,0.0,0.0,0.0,1.0,1.0,1.0,1.0,0.0,0.0,0.0,0.0,2.0,0.04081632653061224,0.0,0.2857142857142857,0.08163265306122448,2.0,0.0,0.0,0.0,0.0,0.0,0.0,0.0,0.0,0.0,0.0,0.0,0.0,0.0,0.0,0.0,2.0,0.04081632653061224,0.0,0.2857142857142857,0.08163265306122448,2.0,0.0,0.0,0.0,0.0,0.0,0.0,0.0,0.0,2.0,0.04081632653061224,0.0,0.2857142857142857,0.08163265306122448,2.0,3.0,46.0,0.0,1.0,0.0,0.0,0.0,0.0,0.0,0.0,0.0,0.0
321,930,RichFaces 4.3.4 Release Respin,-1,14,1,1,0,0,0,0,1,1,0,0,0,0,1,1,0.0,0.0,48.0,48.0,0.0,1.0,0.0,1.0,0.02040816326530612,0.0,0.14285714285714285,0.02040816326530612,1.0,1.0,1.0,1.0,1.0,0.0,0.0,0.0,1.0,1.0,1.0,1.0,0.0,0.0,0.0,0.0,2.0,0.04081632653061224,0.0,0.2857142857142857,0.08163265306122448,2.0,0.0,0.0,0.0,0.0,0.0,0.0,0.0,0.0,0.0,0.0,0.0,0.0,0.0,0.0,0.0,2.0,0.04081632653061224,0.0,0.2857142857142857,0.08163265306122448,2.0,0.0,0.0,0.0,0.0,0.0,0.0,0.0,0.0,5.0,0.10204081632653061,0.0,0.7142857142857142,0.5102040816326529,5.0,3.0,46.0,0.0,1.0,0.0,0.0,0.0,0.0,0.0,0.0,0.0,0.0
321,950,RichFaces 4.3.4 Sprint 2,0,14,1,1,0,0,0,0,1,1,0,0,0,0,1,1,0.0,0.0,48.0,48.0,0.0,1.0,0.0,1.0,0.02040816326530612,0.0,0.14285714285714285,0.02040816326530612,1.0,1.0,1.0,1.0,1.0,0.0,0.0,0.0,1.0,1.0,1.0,1.0,0.0,0.0,0.0,0.0,2.0,0.04081632653061224,0.0,0.2857142857142857,0.08163265306122448,2.0,0.0,0.0,0.0,0.0,0.0,0.0,0.0,0.0,0.0,0.0,0.0,0.0,0.0,0.0,0.0,2.0,0.04081632653061224,0.0,0.2857142857142857,0.08163265306122448,2.0,0.0,0.0,0.0,0.0,0.0,0.0,0.0,0.0,5.0,0.10204081632653061,0.0,0.7142857142857142,0.5102040816326529,5.0,3.0,46.0,0.0,1.0,0.0,0.0,0.0,0.0,0.0,0.0,0.0,0.0
321,1521,Rel 5.0.0.Alpha2 4.5.0.Alpha1,0,14,2,2,0,0,0,0,2,2,0,0,0,0,1,1,0.0,0.0,48.0,48.0,0.0,2.0,0.0,1.0,0.04,0.0,0.19794866372215744,0.03918367346938777,1.0,1.0,1.0,1.0,1.0,0.0,0.0,0.0,1.0,1.0,1.0,1.0,0.0,0.0,0.0,0.0,2.0,0.06,0.0,0.3136356914300021,0.0983673469387755,2.0,0.0,0.0,0.0,0.0,0.0,0.0,0.0,0.0,0.0,0.0,0.0,0.0,0.0,0.0,0.0,2.0,1.12,2.0,1.002853072844814,1.0057142857142856,2.0,0.0,0.0,0.0,0.0,0.0,0.0,0.0,0.0,2.0,0.38,0.0,0.5674864018868916,0.32204081632653064,2.0,3.0,47.0,0.0,2.0,0.0,0.0,0.0,0.0,0.0,0.0,0.0,0.0
321,1621,Rel 5.0.0.Alpha2 4.5.0.Alpha2,0,3,1,1,0,0,0,0,1,1,0,0,0,0,1,1,0.0,0.0,48.0,48.0,0.0,1.0,0.0,0.0,0.0,0.0,0.0,0.0,0.0,1.0,1.0,1.0,1.0,0.0,0.0,0.0,1.0,1.0,1.0,1.0,0.0,0.0,0.0,0.0,3.0,0.061224489795918366,0.0,0.4285714285714286,0.1836734693877551,3.0,0.0,0.0,0.0,0.0,0.0,0.0,0.0,0.0,0.0,0.0,0.0,0.0,0.0,0.0,0.0,2.0,0.2857142857142857,0.0,0.7071067811865476,0.5000000000000001,2.0,0.0,0.0,0.0,0.0,0.0,0.0,0.0,0.0,1.0,0.02040816326530612,0.0,0.14285714285714285,0.02040816326530612,1.0,3.0,46.0,0.0,1.0,0.0,0.0,0.0,0.0,0.0,0.0,0.0,0.0
321,2060,4.3.7 Release Sprint,-1,25,1,1,0,0,0,0,1,1,0,0,0,0,1,1,0.0,0.0,21.0,21.0,0.0,1.0,0.0,1.0,0.09090909090909091,0.0,0.29424494316824984,0.08658008658008656,1.0,1.0,1.0,1.0,1.0,0.0,0.0,0.0,1.0,1.0,1.0,1.0,0.0,0.0,0.0,0.0,2.0,0.09090909090909091,0.0,0.426401432711221,0.1818181818181819,2.0,0.0,0.0,0.0,0.0,0.0,0.0,0.0,0.0,0.0,0.0,0.0,0.0,0.0,0.0,2.0,2.0,2.0,2.0,0.0,0.0,0.0,0.0,0.0,0.0,0.0,0.0,0.0,0.0,0.0,2.0,0.09090909090909091,0.0,0.426401432711221,0.1818181818181819,2.0,2.0,20.0,0.0,1.0,0.0,0.0,0.0,0.0,0.0,0.0,0.0,0.0
351,1001,3.3.0.Beta1,0,12,0,0,0,0,0,0,0,0,0,0,0,0,1,1,0.0,0.0,0.0,0.0,0.0,0.0,0.0,0.0,0.0,0.0,0.0,0.0,0.0,0.0,0.0,0.0,0.0,0.0,0.0,0.0,0.0,0.0,0.0,0.0,0.0,0.0,0.0,0.0,0.0,0.0,0.0,0.0,0.0,0.0,0.0,0.0,0.0,0.0,0.0,0.0,0.0,0.0,0.0,0.0,0.0,0.0,0.0,0.0,0.0,0.0,0.0,0.0,0.0,0.0,0.0,0.0,0.0,0.0,0.0,0.0,0.0,0.0,0.0,0.0,0.0,0.0,0.0,0.0,0.0,0.0,0.0,0.0,0.0,0.0,0.0,0.0,0.0,0.0,0.0,0.0,0.0
361,5,Sprint 1 - Trivial Issues,0,6,1,1,0,0,0,0,1,1,0,0,0,0,1,1,1.0,0.0,0.0,0.0,0.0,0.0,0.0,0.0,0.0,0.0,0.0,0.0,0.0,1.0,1.0,1.0,1.0,0.0,0.0,0.0,2.0,2.0,2.0,2.0,0.0,0.0,0.0,1.0,1.0,1.0,1.0,0.0,0.0,0.0,0.0,0.0,0.0,0.0,0.0,0.0,0.0,0.0,0.0,0.0,0.0,0.0,0.0,0.0,1.0,1.0,1.0,1.0,0.0,0.0,0.0,1.0,1.0,1.0,1.0,0.0,0.0,0.0,0.0,0.0,0.0,0.0,0.0,0.0,0.0,0.0,1.0,0.0,0.0,0.0,0.0,0.0,1.0,0.0,0.0,0.0,0.0
361,71,CDK issues,-4,2,1,4,0,0,0,0,1,4,0,0,0,0,1,1,0.0,0.0,0.0,1.0,0.0,0.0,1.0,1.0,1.0,1.0,0.0,0.0,0.0,1.0,1.0,1.0,1.0,0.0,0.0,0.0,1.0,1.0,1.0,1.0,0.0,0.0,0.0,0.0,0.0,0.0,0.0,0.0,0.0,0.0,0.0,0.0,0.0,0.0,0.0,0.0,0.0,0.0,0.0,0.0,0.0,0.0,0.0,0.0,3.0,3.0,3.0,3.0,0.0,0.0,0.0,0.0,0.0,0.0,0.0,0.0,0.0,0.0,1.0,1.0,1.0,1.0,0.0,0.0,0.0,1.0,0.0,1.0,0.0,0.0,0.0,0.0,0.0,0.0,0.0,0.0,0.0
361,101,4.3.0.M2 sprint 1,0,7,1,1,0,0,0,0,0,0,0,0,1,1,1,1,1.0,0.0,0.0,0.0,0.0,0.0,2.0,2.0,2.0,2.0,0.0,0.0,0.0,2.0,2.0,2.0,2.0,0.0,0.0,0.0,1.0,1.0,1.0,1.0,0.0,0.0,0.0,0.0,0.0,0.0,0.0,0.0,0.0,0.0,0.0,0.0,0.0,0.0,0.0,0.0,0.0,0.0,0.0,0.0,0.0,0.0,0.0,0.0,1.0,1.0,1.0,1.0,0.0,0.0,0.0,1.0,1.0,1.0,1.0,0.0,0.0,0.0,0.0,0.0,0.0,0.0,0.0,0.0,0.0,1.0,0.0,0.0,0.0,0.0,0.0,0.0,1.0,0.0,0.0,0.0,0.0
361,201,4.3.0.M2 - Final Sprint,0,16,1,4,0,0,0,0,0,0,1,4,0,0,1,1,0.0,0.0,0.0,1.0,0.0,0.0,2.0,2.0,2.0,2.0,0.0,0.0,0.0,1.0,1.0,1.0,1.0,0.0,0.0,0.0,1.0,1.0,1.0,1.0,0.0,0.0,0.0,0.0,0.0,0.0,0.0,0.0,0.0,0.0,0.0,0.0,0.0,0.0,0.0,0.0,0.0,0.0,0.0,0.0,0.0,0.0,0.0,0.0,3.0,3.0,3.0,3.0,0.0,0.0,0.0,0.0,0.0,0.0,0.0,0.0,0.0,0.0,1.0,1.0,1.0,1.0,0.0,0.0,0.0,1.0,0.0,1.0,0.0,0.0,0.0,0.0,0.0,0.0,0.0,0.0,0.0
361,411,4.3.0.CR1 Doc Corrections,0,2,9,9,0,0,1,1,4,4,0,0,4,4,1,2,4.0,0.0,0.0,4.0,0.0,0.0,0.0,1.0,0.4444444444444444,0.0,0.5270462766947299,0.2777777777777778,1.0,0.0,2.0,1.0,1.0,0.5,0.25,2.0,1.0,1.0,1.0,1.0,0.0,0.0,0.0,0.0,1.0,0.1111111111111111,0.0,0.3333333333333333,0.1111111111111111,1.0,0.0,0.0,0.0,0.0,0.0,0.0,0.0,0.0,0.0,0.0,0.0,0.0,0.0,0.0,0.0,7.0,1.4444444444444444,1.0,2.2973414586817036,5.277777777777778,7.0,0.0,0.0,0.0,0.0,0.0,0.0,0.0,0.0,0.0,0.0,0.0,0.0,0.0,0.0,8.0,1.0,4.0,1.0,2.0,0.0,0.0,3.0,0.0,0.0,0.0,0.0
361,421,4.3.0.CR1 Doc Features,0,14,8,8,1,1,0,0,0,0,0,0,9,9,1,2,1.0,0.0,0.0,9.0,0.0,0.0,0.0,4.0,0.5555555555555556,0.0,1.3333333333333335,1.7777777777777781,4.0,0.0,1.0,0.1111111111111111,0.0,0.3333333333333333,0.1111111111111111,1.0,1.0,1.0,1.0,1.0,0.0,0.0,0.0,0.0,3.0,1.5555555555555556,1.0,1.130388330520878,1.2777777777777777,3.0,0.0,0.0,0.0,0.0,0.0,0.0,0.0,0.0,0.0,0.0,0.0,0.0,0.0,0.0,0.0,1.0,0.1111111111111111,0.0,0.3333333333333333,0.1111111111111111,1.0,0.0,0.0,0.0,0.0,0.0,0.0,0.0,0.0,1.0,0.2222222222222222,0.0,0.44095855184409843,0.19444444444444445,1.0,0.0,9.0,0.0,8.0,0.0,0.0,0.0,0.0,0.0,0.0,0.0,0.0
361,441,4.3.0.CR2 Blog Sprint,-2,14,10,10,0,0,5,5,1,1,3,3,1,1,1,3,1.0,5.0,0.0,10.0,0.0,0.0,0.0,5.0,1.1818181818181819,1.0,1.5374122295716146,2.3636363636363633,5.0,0.0,1.0,0.18181818181818182,0.0,0.4045199174779452,0.16363636363636358,1.0,1.0,1.0,1.0,1.0,0.0,0.0,0.0,0.0,3.0,1.1818181818181819,0.0,1.4709304414677,2.163636363636363,3.0,0.0,0.0,0.0,0.0,0.0,0.0,0.0,0.0,0.0,0.0,0.0,0.0,0.0,0.0,0.0,7.0,1.0,0.0,2.1908902300206643,4.8,7.0,0.0,0.0,0.0,0.0,0.0,0.0,0.0,0.0,2.0,0.36363636363636365,0.0,0.6741998624632419,0.4545454545454543,2.0,2.0,9.0,0.0,5.0,1.0,0.0,0.0,0.0,0.0,0.0,0.0,0.0
361,461,4.3.0.Final Sprint,-11,5,10,10,1,1,0,0,11,11,0,0,0,0,1,2,5.0,2.0,0.0,8.0,0.0,0.0,0.0,3.0,0.6363636363636364,0.0,1.1200649331826502,1.2545454545454546,3.0,0.0,1.0,0.6363636363636364,1.0,0.504524979109513,0.2545454545454545,1.0,0.0,1.0,0.9090909090909091,1.0,0.30151134457776363,0.0909090909090909,1.0,0.0,3.0,0.8181818181818182,1.0,0.9816498172140429,0.9636363636363638,3.0,0.0,0.0,0.0,0.0,0.0,0.0,0.0,0.0,0.0,0.0,0.0,0.0,0.0,0.0,0.0,11.0,3.272727272727273,1.0,3.875329897980534,15.018181818181816,11.0,0.0,0.0,0.0,0.0,0.0,0.0,0.0,0.0,2.0,0.18181818181818182,0.0,0.6030226891555271,0.36363636363636354,2.0,7.0,4.0,1.0,3.0,3.0,0.0,0.0,0.0,0.0,0.0,0.0,0.0
361,471,4.3.0.Final Sprint,-1,4,1,1,10,10,0,0,11,11,0,0,0,0,1,2,5.0,2.0,0.0,8.0,0.0,0.0,0.0,3.0,0.6363636363636364,0.0,1.1200649331826502,1.2545454545454546,3.0,0.0,1.0,0.6363636363636364,1.0,0.504524979109513,0.2545454545454545,1.0,0.0,1.0,0.9090909090909091,1.0,0.30151134457776363,0.0909090909090909,1.0,0.0,3.0,0.8181818181818182,1.0,0.9816498172140429,0.9636363636363638,3.0,0.0,0.0,0.0,0.0,0.0,0.0,0.0,0.0,0.0,0.0,0.0,0.0,0.0,0.0,0.0,11.0,3.272727272727273,1.0,3.875329897980534,15.018181818181816,11.0,0.0,0.0,0.0,0.0,0.0,0.0,0.0,0.0,2.0,0.18181818181818182,0.0,0.6030226891555271,0.36363636363636354,2.0,7.0,4.0,1.0,3.0,3.0,0.0,0.0,0.0,0.0,0.0,0.0,0.0
361,511,4.3.1 Sprint - Fixes,0,15,1,1,1,1,1,1,0,0,0,0,1,1,1,1,0.0,0.0,0.0,0.0,0.0,0.0,2.0,2.0,2.0,2.0,0.0,0.0,0.0,1.0,2.0,1.5,1.5,0.7071067811865476,0.5,1.0,2.0,2.0,2.0,2.0,0.0,0.0,0.0,0.0,0.0,0.0,0.0,0.0,0.0,0.0,0.0,0.0,0.0,0.0,0.0,0.0,0.0,0.0,0.0,0.0,0.0,0.0,0.0,0.0,1.0,3.0,2.0,2.0,1.4142135623730951,2.0,2.0,0.0,0.0,0.0,0.0,0.0,0.0,0.0,0.0,0.0,0.0,0.0,0.0,0.0,0.0,0.0,2.0,2.0,0.0,1.0,0.0,0.0,1.0,0.0,0.0,0.0,0.0
361,591,RF5 Alpha1 Sprint 3,1,4,1,1,0,0,0,0,0,0,0,0,1,1,1,1,0.0,2.0,0.0,2.0,0.0,0.0,0.0,0.0,0.0,0.0,0.0,0.0,0.0,0.0,1.0,0.5,0.5,0.7071067811865476,0.5,1.0,1.0,1.0,1.0,1.0,0.0,0.0,0.0,0.0,0.0,0.0,0.0,0.0,0.0,0.0,0.0,0.0,0.0,0.0,0.0,0.0,0.0,0.0,0.0,0.0,0.0,0.0,0.0,0.0,0.0,0.0,0.0,0.0,0.0,0.0,0.0,0.0,0.0,0.0,0.0,0.0,0.0,0.0,0.0,0.0,0.0,0.0,0.0,0.0,0.0,0.0,2.0,0.0,0.0,0.0,0.0,0.0,0.0,0.0,0.0,0.0,0.0
361,601,RF5 Alpha1 Sprint 4,-2,14,2,2,0,0,0,0,1,1,0,0,1,1,1,1,0.0,1.0,0.0,2.0,0.0,0.0,0.0,0.0,0.0,0.0,0.0,0.0,0.0,1.0,1.0,1.0,1.0,0.0,0.0,0.0,1.0,1.0,1.0,1.0,0.0,0.0,0.0,0.0,0.0,0.0,0.0,0.0,0.0,0.0,0.0,0.0,0.0,0.0,0.0,0.0,0.0,0.0,0.0,0.0,0.0,0.0,0.0,0.0,0.0,1.0,0.5,0.5,0.7071067811865476,0.5,1.0,0.0,0.0,0.0,0.0,0.0,0.0,0.0,0.0,1.0,0.5,0.5,0.7071067811865476,0.5,1.0,1.0,1.0,1.0,0.0,0.0,0.0,0.0,0.0,0.0,0.0,0.0,0.0
361,611,RF 4.3.2 Sprint 2,0,25,2,2,2,2,0,0,0,0,0,0,4,4,1,1,0.0,3.0,0.0,3.0,0.0,0.0,0.0,5.0,2.25,2.0,2.6299556396765835,6.916666666666667,5.0,1.0,1.0,1.0,1.0,0.0,0.0,0.0,1.0,2.0,1.5,1.5,0.5773502691896257,0.3333333333333333,1.0,0.0,0.0,0.0,0.0,0.0,0.0,0.0,0.0,0.0,0.0,0.0,0.0,0.0,0.0,0.0,0.0,0.0,0.0,0.0,0.0,0.0,0.0,6.0,1.75,0.5,2.8722813232690143,8.25,6.0,0.0,0.0,0.0,0.0,0.0,0.0,0.0,0.0,0.0,0.0,0.0,0.0,0.0,0.0,1.0,3.0,1.0,0.0,1.0,0.0,0.0,0.0,0.0,0.0,0.0,0.0
361,621,4.3.2 Sprint 1,-1,4,3,3,0,0,0,0,0,0,1,1,2,2,1,2,1.0,1.0,0.0,2.0,0.0,0.0,1.0,4.0,3.0,4.0,1.7320508075688772,3.0,3.0,0.0,2.0,1.0,1.0,1.0,1.0,2.0,1.0,2.0,1.6666666666666667,2.0,0.5773502691896257,0.3333333333333333,1.0,0.0,0.0,0.0,0.0,0.0,0.0,0.0,0.0,0.0,0.0,0.0,0.0,0.0,0.0,0.0,0.0,0.0,0.0,0.0,0.0,0.0,1.0,4.0,2.0,1.0,1.7320508075688772,3.0,3.0,0.0,0.0,0.0,0.0,0.0,0.0,0.0,0.0,2.0,0.6666666666666666,0.0,1.1547005383792517,1.3333333333333335,2.0,1.0,2.0,1.0,0.0,0.0,0.0,0.0,1.0,0.0,0.0,0.0,0.0
361,651,5.0.0.Alpha1 Sprint 3,1,14,0,0,0,0,0,0,0,0,0,0,0,0,1,1,0.0,1.0,0.0,1.0,0.0,0.0,0.0,0.0,0.0,0.0,0.0,0.0,0.0,1.0,1.0,1.0,1.0,0.0,0.0,0.0,1.0,1.0,1.0,1.0,0.0,0.0,0.0,0.0,0.0,0.0,0.0,0.0,0.0,0.0,0.0,0.0,0.0,0.0,0.0,0.0,0.0,0.0,0.0,0.0,0.0,0.0,0.0,0.0,0.0,0.0,0.0,0.0,0.0,0.0,0.0,0.0,0.0,0.0,0.0,0.0,0.0,0.0,0.0,0.0,0.0,0.0,0.0,0.0,0.0,0.0,1.0,0.0,0.0,0.0,0.0,0.0,0.0,0.0,0.0,0.0,0.0
361,721,5.0.0.Alpha1 Sprint Release,-2,1,3,3,0,0,0,0,2,2,0,0,1,1,1,1,0.0,1.0,0.0,3.0,0.0,0.0,0.0,0.0,0.0,0.0,0.0,0.0,0.0,0.0,0.0,0.0,0.0,0.0,0.0,0.0,1.0,1.0,1.0,1.0,0.0,0.0,0.0,0.0,1.0,0.3333333333333333,0.0,0.5773502691896258,0.33333333333333337,1.0,0.0,0.0,0.0,0.0,0.0,0.0,0.0,0.0,0.0,0.0,0.0,0.0,0.0,0.0,0.0,2.0,1.3333333333333333,2.0,1.1547005383792517,1.3333333333333335,2.0,0.0,0.0,0.0,0.0,0.0,0.0,0.0,0.0,0.0,0.0,0.0,0.0,0.0,0.0,0.0,3.0,0.0,2.0,0.0,0.0,0.0,0.0,0.0,0.0,0.0,0.0
361,750,5.0.0.Alpha1 Docs,-1,14,12,12,0,0,0,0,1,1,1,1,10,10,1,2,6.0,1.0,0.0,4.0,0.0,0.0,0.0,3.0,0.75,1.0,0.8660254037844386,0.75,3.0,0.0,2.0,0.8333333333333334,1.0,0.5773502691896257,0.33333333333333326,2.0,1.0,2.0,1.1666666666666667,1.0,0.3892494720807615,0.15151515151515152,1.0,0.0,1.0,0.25,0.0,0.45226701686664544,0.20454545454545456,1.0,0.0,0.0,0.0,0.0,0.0,0.0,0.0,0.0,0.0,0.0,0.0,0.0,0.0,0.0,0.0,3.0,1.0833333333333333,1.0,0.7929614610987591,0.6287878787878789,3.0,0.0,0.0,0.0,0.0,0.0,0.0,0.0,0.0,3.0,0.5833333333333334,0.0,0.90033663737852,0.8106060606060606,3.0,3.0,9.0,4.0,1.0,4.0,0.0,0.0,4.0,0.0,0.0,0.0,0.0
361,830,RichFaces 4.3.4 Sprint 1,0,16,3,3,0,0,0,0,0,0,0,0,3,3,1,3,1.0,0.0,0.0,0.0,0.0,0.0,0.0,7.0,4.0,5.0,3.605551275463989,13.0,7.0,1.0,2.0,1.6666666666666667,2.0,0.5773502691896257,0.3333333333333333,1.0,1.0,2.0,1.3333333333333333,1.0,0.5773502691896257,0.3333333333333333,1.0,0.0,0.0,0.0,0.0,0.0,0.0,0.0,0.0,0.0,0.0,0.0,0.0,0.0,0.0,0.0,0.0,0.0,0.0,0.0,0.0,0.0,1.0,8.0,3.3333333333333335,1.0,4.041451884327381,16.333333333333332,7.0,0.0,0.0,0.0,0.0,0.0,0.0,0.0,0.0,0.0,0.0,0.0,0.0,0.0,0.0,1.0,2.0,2.0,0.0,1.0,0.0,0.0,2.0,0.0,0.0,0.0,0.0
361,1011,5.0.0.Alpha2 - Sprint 2,1,7,0,0,1,1,0,0,1,1,0,0,0,0,1,1,1.0,0.0,0.0,1.0,0.0,0.0,0.0,0.0,0.0,0.0,0.0,0.0,0.0,1.0,1.0,1.0,1.0,0.0,0.0,0.0,1.0,1.0,1.0,1.0,0.0,0.0,0.0,0.0,0.0,0.0,0.0,0.0,0.0,0.0,0.0,0.0,0.0,0.0,0.0,0.0,0.0,0.0,0.0,0.0,0.0,0.0,0.0,0.0,0.0,1.0,0.5,0.5,0.7071067811865476,0.5,1.0,0.0,1.0,0.5,0.5,0.7071067811865476,0.5,1.0,0.0,1.0,0.5,0.5,0.7071067811865476,0.5,1.0,2.0,0.0,0.0,1.0,1.0,0.0,0.0,0.0,0.0,0.0,0.0,0.0
361,1021,5.0.0.Alpha2 - Sprint 3,-3,7,3,3,0,0,0,0,3,3,0,0,0,0,1,2,1.0,0.0,0.0,2.0,0.0,0.0,0.0,1.0,0.6666666666666666,1.0,0.5773502691896258,0.33333333333333337,1.0,0.0,1.0,0.6666666666666666,1.0,0.5773502691896258,0.33333333333333337,1.0,1.0,1.0,1.0,1.0,0.0,0.0,0.0,0.0,1.0,0.6666666666666666,1.0,0.5773502691896258,0.33333333333333337,1.0,0.0,0.0,0.0,0.0,0.0,0.0,0.0,0.0,0.0,0.0,0.0,0.0,0.0,0.0,0.0,3.0,1.3333333333333333,1.0,1.5275252316519468,2.3333333333333335,3.0,0.0,0.0,0.0,0.0,0.0,0.0,0.0,0.0,3.0,1.0,0.0,1.7320508075688772,3.0,3.0,1.0,2.0,0.0,2.0,0.0,0.0,0.0,1.0,0.0,0.0,0.0,0.0
361,1501,5.0.0.Alpha2 - Sprint 8,1,1,0,0,0,0,0,0,0,0,0,0,0,0,1,2,1.0,1.0,0.0,2.0,0.0,0.0,0.0,1.0,0.6666666666666666,1.0,0.5773502691896258,0.33333333333333337,1.0,0.0,1.0,0.6666666666666666,1.0,0.5773502691896258,0.33333333333333337,1.0,1.0,1.0,1.0,1.0,0.0,0.0,0.0,0.0,1.0,0.6666666666666666,1.0,0.5773502691896258,0.33333333333333337,1.0,0.0,1.0,0.3333333333333333,0.0,0.5773502691896258,0.33333333333333337,1.0,0.0,0.0,0.0,0.0,0.0,0.0,0.0,0.0,3.0,1.3333333333333333,1.0,1.5275252316519465,2.333333333333333,3.0,0.0,0.0,0.0,0.0,0.0,0.0,0.0,0.0,3.0,1.0,0.0,1.7320508075688772,3.0,3.0,0.0,3.0,0.0,1.0,0.0,0.0,0.0,1.0,0.0,0.0,0.0,0.0
361,1511,5.0.0.Alpha3 - Sprint 1,1,7,0,0,0,0,0,0,0,0,0,0,0,0,1,1,0.0,0.0,0.0,1.0,0.0,0.0,0.0,0.0,0.0,0.0,0.0,0.0,0.0,0.0,0.0,0.0,0.0,0.0,0.0,0.0,1.0,1.0,1.0,1.0,0.0,0.0,0.0,0.0,0.0,0.0,0.0,0.0,0.0,0.0,0.0,0.0,0.0,0.0,0.0,0.0,0.0,0.0,0.0,0.0,0.0,0.0,0.0,0.0,0.0,0.0,0.0,0.0,0.0,0.0,0.0,0.0,0.0,0.0,0.0,0.0,0.0,0.0,0.0,0.0,0.0,0.0,0.0,0.0,0.0,0.0,1.0,0.0,1.0,0.0,0.0,0.0,0.0,0.0,0.0,0.0,0.0
361,1940,4.5.0.Alpha3 - Sprint 2,1,14,1,1,0,0,0,0,1,1,0,0,0,0,1,1,0.0,0.0,0.0,2.0,0.0,0.0,0.0,1.0,0.5,0.5,0.7071067811865476,0.5,1.0,0.0,1.0,0.5,0.5,0.7071067811865476,0.5,1.0,1.0,1.0,1.0,1.0,0.0,0.0,0.0,0.0,0.0,0.0,0.0,0.0,0.0,0.0,0.0,0.0,0.0,0.0,0.0,0.0,0.0,0.0,0.0,0.0,0.0,0.0,0.0,0.0,0.0,1.0,0.5,0.5,0.7071067811865476,0.5,1.0,0.0,0.0,0.0,0.0,0.0,0.0,0.0,0.0,0.0,0.0,0.0,0.0,0.0,0.0,1.0,1.0,1.0,1.0,0.0,0.0,0.0,0.0,0.0,0.0,0.0,0.0
361,1970,4.3.7 Sprint 1,0,15,1,1,0,0,0,0,0,0,0,0,1,1,1,1,0.0,0.0,0.0,0.0,0.0,0.0,1.0,1.0,1.0,1.0,0.0,0.0,0.0,2.0,2.0,2.0,2.0,0.0,0.0,0.0,1.0,1.0,1.0,1.0,0.0,0.0,0.0,0.0,0.0,0.0,0.0,0.0,0.0,0.0,0.0,0.0,0.0,0.0,0.0,0.0,0.0,0.0,0.0,0.0,0.0,0.0,0.0,0.0,3.0,3.0,3.0,3.0,0.0,0.0,0.0,0.0,0.0,0.0,0.0,0.0,0.0,0.0,1.0,1.0,1.0,1.0,0.0,0.0,0.0,1.0,0.0,1.0,0.0,0.0,0.0,0.0,1.0,0.0,0.0,0.0,0.0
361,2260,4.5.0.Beta1 - Bug Fix Sprint,0,3,1,1,0,0,0,0,1,1,0,0,0,0,1,1,0.0,0.0,0.0,0.0,0.0,0.0,1.0,1.0,1.0,1.0,0.0,0.0,0.0,1.0,1.0,1.0,1.0,0.0,0.0,0.0,1.0,1.0,1.0,1.0,0.0,0.0,0.0,0.0,0.0,0.0,0.0,0.0,0.0,0.0,0.0,0.0,0.0,0.0,0.0,0.0,0.0,0.0,0.0,0.0,0.0,0.0,0.0,0.0,1.0,1.0,1.0,1.0,0.0,0.0,0.0,0.0,0.0,0.0,0.0,0.0,0.0,0.0,0.0,0.0,0.0,0.0,0.0,0.0,0.0,0.0,1.0,0.0,1.0,1.0,0.0,0.0,0.0,0.0,0.0,0.0,0.0
361,2330,4.5.0.Beta1 - Upgrade Sprint,0,18,0,0,0,0,0,0,0,0,0,0,0,0,1,1,0.0,0.0,0.0,0.0,0.0,0.0,0.0,0.0,0.0,0.0,0.0,0.0,0.0,0.0,0.0,0.0,0.0,0.0,0.0,0.0,0.0,0.0,0.0,0.0,0.0,0.0,0.0,0.0,0.0,0.0,0.0,0.0,0.0,0.0,0.0,0.0,0.0,0.0,0.0,0.0,0.0,0.0,0.0,0.0,0.0,0.0,0.0,0.0,0.0,0.0,0.0,0.0,0.0,0.0,0.0,0.0,0.0,0.0,0.0,0.0,0.0,0.0,0.0,0.0,0.0,0.0,0.0,0.0,0.0,0.0,0.0,0.0,0.0,0.0,0.0,0.0,0.0,0.0,0.0,0.0,0.0
361,2340,4.5.0.Beta1 - Final Sprint,0,18,5,5,0,0,1,1,4,4,0,0,0,0,1,2,1.0,0.0,0.0,5.0,0.0,0.0,0.0,1.0,0.2,0.0,0.447213595499958,0.20000000000000004,1.0,0.0,1.0,0.8,1.0,0.44721359549995804,0.20000000000000007,1.0,1.0,1.0,1.0,1.0,0.0,0.0,0.0,0.0,1.0,0.2,0.0,0.447213595499958,0.20000000000000004,1.0,0.0,0.0,0.0,0.0,0.0,0.0,0.0,0.0,0.0,0.0,0.0,0.0,0.0,0.0,1.0,3.0,2.4,3.0,0.8944271909999159,0.8,2.0,0.0,2.0,0.8,0.0,1.0954451150103324,1.2000000000000002,2.0,0.0,1.0,0.2,0.0,0.447213595499958,0.20000000000000004,1.0,4.0,1.0,2.0,2.0,0.0,0.0,0.0,0.0,0.0,0.0,0.0,0.0
361,2420,4.5.0.Beta2 - Sprint 3,0,7,2,2,0,0,2,2,0,0,0,0,0,0,1,1,0.0,0.0,0.0,2.0,0.0,0.0,1.0,2.0,1.5,1.5,0.7071067811865476,0.5,1.0,1.0,1.0,1.0,1.0,0.0,0.0,0.0,1.0,1.0,1.0,1.0,0.0,0.0,0.0,0.0,0.0,0.0,0.0,0.0,0.0,0.0,0.0,0.0,0.0,0.0,0.0,0.0,0.0,0.0,0.0,0.0,0.0,0.0,0.0,0.0,1.0,3.0,2.0,2.0,1.4142135623730951,2.0,2.0,0.0,0.0,0.0,0.0,0.0,0.0,0.0,0.0,0.0,0.0,0.0,0.0,0.0,0.0,1.0,1.0,1.0,1.0,0.0,0.0,0.0,0.0,0.0,0.0,0.0,0.0
361,2430,4.5.0.CR1 - Sprint 1,0,2,1,1,0,0,0,0,1,1,0,0,0,0,1,1,0.0,0.0,0.0,1.0,0.0,0.0,2.0,2.0,2.0,2.0,0.0,0.0,0.0,1.0,1.0,1.0,1.0,0.0,0.0,0.0,1.0,1.0,1.0,1.0,0.0,0.0,0.0,1.0,1.0,1.0,1.0,0.0,0.0,0.0,0.0,0.0,0.0,0.0,0.0,0.0,0.0,0.0,0.0,0.0,0.0,0.0,0.0,0.0,1.0,1.0,1.0,1.0,0.0,0.0,0.0,0.0,0.0,0.0,0.0,0.0,0.0,0.0,0.0,0.0,0.0,0.0,0.0,0.0,0.0,0.0,1.0,0.0,1.0,0.0,0.0,0.0,0.0,0.0,0.0,0.0,0.0
361,2440,4.5.0.CR1 - Sprint 2,0,5,0,0,0,0,0,0,0,0,0,0,0,0,1,1,0.0,0.0,0.0,0.0,0.0,0.0,0.0,0.0,0.0,0.0,0.0,0.0,0.0,0.0,0.0,0.0,0.0,0.0,0.0,0.0,0.0,0.0,0.0,0.0,0.0,0.0,0.0,0.0,0.0,0.0,0.0,0.0,0.0,0.0,0.0,0.0,0.0,0.0,0.0,0.0,0.0,0.0,0.0,0.0,0.0,0.0,0.0,0.0,0.0,0.0,0.0,0.0,0.0,0.0,0.0,0.0,0.0,0.0,0.0,0.0,0.0,0.0,0.0,0.0,0.0,0.0,0.0,0.0,0.0,0.0,0.0,0.0,0.0,0.0,0.0,0.0,0.0,0.0,0.0,0.0,0.0
361,2460,4.5.0.CR2 - Sprint 1,0,15,3,3,0,0,0,0,3,3,0,0,0,0,1,3,2.0,0.0,0.0,1.0,0.0,0.0,2.0,7.0,4.0,3.0,2.6457513110645907,7.0,5.0,0.0,1.0,0.3333333333333333,0.0,0.5773502691896258,0.33333333333333337,1.0,1.0,1.0,1.0,1.0,0.0,0.0,0.0,0.0,0.0,0.0,0.0,0.0,0.0,0.0,0.0,0.0,0.0,0.0,0.0,0.0,0.0,0.0,0.0,0.0,0.0,0.0,0.0,0.0,0.0,9.0,3.0,0.0,5.196152422706632,27.0,9.0,0.0,0.0,0.0,0.0,0.0,0.0,0.0,0.0,3.0,2.0,3.0,1.7320508075688772,3.0,3.0,1.0,2.0,0.0,1.0,1.0,0.0,0.0,1.0,0.0,0.0,0.0,0.0
450,31,Sprint 1 - Critical Issues,23,43,3,111,0,0,0,0,2,61,1,50,0,0,1,1,4.0,2.0,0.0,1.0,3.0,3.0,0.0,12.0,4.142857142857143,4.0,4.059087394500207,16.476190476190478,12.0,0.0,1.0,0.7142857142857143,1.0,0.48795003647426666,0.23809523809523814,1.0,1.0,1.0,1.0,1.0,0.0,0.0,0.0,0.0,1.0,0.42857142857142855,0.0,0.5345224838248487,0.28571428571428564,1.0,0.0,1.0,0.14285714285714285,0.0,0.37796447300922725,0.14285714285714288,1.0,0.0,1.0,0.14285714285714285,0.0,0.37796447300922725,0.14285714285714288,1.0,0.0,2.0,0.5714285714285714,0.0,0.7867957924694432,0.6190476190476191,2.0,0.0,2.0,0.5714285714285714,0.0,0.9759000729485332,0.9523809523809524,2.0,0.0,3.0,1.0,0.0,1.4142135623730951,2.0,3.0,5.0,2.0,1.0,0.0,0.0,0.0,0.0,0.0,0.0,0.0,0.0,0.0
450,291,Low-hanging Fruit,0,15,9,9,5,7,0,0,1,1,1,2,12,13,1,1,2.0,3.0,0.0,3.0,1.0,0.0,0.0,2.0,0.5,0.0,0.7595545253127499,0.5769230769230769,2.0,0.0,2.0,0.7142857142857143,1.0,0.6112498455021266,0.3736263736263736,2.0,0.0,1.0,0.9285714285714286,1.0,0.26726124191242434,0.07142857142857141,1.0,0.0,0.0,0.0,0.0,0.0,0.0,0.0,0.0,0.0,0.0,0.0,0.0,0.0,0.0,0.0,0.0,0.0,0.0,0.0,0.0,0.0,0.0,3.0,0.5714285714285714,0.0,1.0163498575623617,1.032967032967033,3.0,0.0,1.0,0.5714285714285714,1.0,0.5135525910130955,0.26373626373626374,1.0,0.0,2.0,0.8571428571428571,1.0,0.7703288865196432,0.5934065934065933,2.0,2.0,12.0,7.0,2.0,10.0,0.0,0.0,0.0,0.0,0.0,0.0,0.0
450,351,Final Sprint,3,10,5,15,1,1,0,0,2,9,0,0,4,7,1,2,3.0,2.0,0.0,1.0,4.0,2.0,0.0,5.0,1.625,0.5,2.1998376563477846,4.839285714285714,5.0,0.0,1.0,0.5,0.5,0.5345224838248488,0.2857142857142857,1.0,1.0,1.0,1.0,1.0,0.0,0.0,0.0,0.0,2.0,0.25,0.0,0.7071067811865476,0.5,2.0,0.0,0.0,0.0,0.0,0.0,0.0,0.0,0.0,0.0,0.0,0.0,0.0,0.0,0.0,0.0,6.0,1.25,0.0,2.187627547301936,4.785714285714286,6.0,0.0,3.0,0.875,0.5,1.1259916264596033,1.2678571428571428,3.0,0.0,3.0,1.125,1.0,1.1259916264596033,1.2678571428571428,3.0,6.0,2.0,2.0,1.0,1.0,0.0,0.0,0.0,0.0,0.0,0.0,0.0
450,531,Critical Issues,-80,36,11,82,0,0,0,0,9,80,0,0,2,2,1,3,6.0,2.0,0.0,1.0,8.0,2.0,0.0,7.0,1.3636363636363635,1.0,2.013590190318143,4.054545454545455,7.0,0.0,1.0,0.7272727272727273,1.0,0.46709936649691375,0.21818181818181817,1.0,1.0,1.0,1.0,1.0,0.0,0.0,0.0,0.0,4.0,0.6363636363636364,0.0,1.2060453783110545,1.4545454545454546,4.0,0.0,2.0,0.18181818181818182,0.0,0.6030226891555273,0.3636363636363636,2.0,0.0,0.0,0.0,0.0,0.0,0.0,0.0,0.0,5.0,1.9090909090909092,1.0,1.8140862964338524,3.2909090909090915,5.0,0.0,2.0,0.8181818181818182,1.0,0.6030226891555273,0.3636363636363636,2.0,0.0,2.0,0.8181818181818182,1.0,0.8738628975053029,0.7636363636363636,2.0,4.0,7.0,2.0,1.0,0.0,0.0,0.0,0.0,0.0,0.0,0.0,0.0
450,571,Warp Alpha3,10,4,6,28,1,1,3,25,1,1,1,1,2,2,1,2,7.0,8.0,0.0,8.0,9.0,1.0,0.0,1.0,0.21052631578947367,0.0,0.41885390829169555,0.1754385964912281,1.0,0.0,1.0,0.5789473684210527,1.0,0.5072572735017881,0.2573099415204678,1.0,1.0,1.0,1.0,1.0,0.0,0.0,0.0,0.0,4.0,0.42105263157894735,0.0,0.9612370197756297,0.9239766081871343,4.0,0.0,2.0,0.10526315789473684,0.0,0.45883146774112354,0.21052631578947367,2.0,0.0,1.0,0.10526315789473684,0.0,0.3153017676423058,0.09941520467836257,1.0,0.0,7.0,1.368421052631579,0.0,1.8321367706038842,3.35672514619883,7.0,0.0,1.0,0.21052631578947367,0.0,0.41885390829169555,0.1754385964912281,1.0,0.0,9.0,0.7894736842105263,0.0,2.097060041752131,4.39766081871345,9.0,9.0,10.0,3.0,0.0,1.0,0.0,0.0,0.0,1.0,0.0,0.0,0.0
450,800,Warp Beta1,-75,35,13,111,0,0,5,36,5,58,3,17,0,0,1,3,2.0,6.0,0.0,8.0,2.0,0.0,0.0,3.0,0.9230769230769231,0.0,1.255755978254962,1.5769230769230769,3.0,0.0,1.0,0.46153846153846156,0.0,0.5188745216627708,0.2692307692307693,1.0,1.0,1.0,1.0,1.0,0.0,0.0,0.0,0.0,1.0,0.15384615384615385,0.0,0.37553380809940534,0.141025641025641,1.0,0.0,0.0,0.0,0.0,0.0,0.0,0.0,0.0,0.0,0.0,0.0,0.0,0.0,0.0,0.0,6.0,2.1538461538461537,2.0,1.9513309067639728,3.807692307692308,6.0,0.0,1.0,0.3076923076923077,0.0,0.48038446141526137,0.23076923076923075,1.0,0.0,2.0,0.6153846153846154,1.0,0.6504436355879909,0.42307692307692313,2.0,1.0,12.0,3.0,2.0,3.0,0.0,0.0,0.0,0.0,0.0,0.0,0.0
450,920,Warp Alpha4,-1,3,2,2,0,0,0,0,1,1,0,0,1,1,1,1,1.0,1.0,0.0,1.0,0.0,0.0,0.0,0.0,0.0,0.0,0.0,0.0,0.0,0.0,1.0,0.5,0.5,0.7071067811865476,0.5,1.0,1.0,1.0,1.0,1.0,0.0,0.0,0.0,0.0,0.0,0.0,0.0,0.0,0.0,0.0,0.0,0.0,0.0,0.0,0.0,0.0,0.0,0.0,0.0,0.0,0.0,0.0,0.0,0.0,3.0,5.0,4.0,4.0,1.4142135623730951,2.0,2.0,0.0,1.0,0.5,0.5,0.7071067811865476,0.5,1.0,1.0,1.0,1.0,1.0,0.0,0.0,0.0,1.0,1.0,0.0,0.0,1.0,0.0,0.0,0.0,0.0,0.0,0.0,0.0
490,970,Sprint 77,-24,14,36,72,2,4,0,0,16,32,5,10,17,34,1,5,31.0,2.0,1.0,26.0,1.0,0.0,0.0,6.0,1.0256410256410255,1.0,1.441621519188859,2.078272604588394,6.0,0.0,2.0,0.48717948717948717,0.0,0.5559153131166876,0.30904183535762486,2.0,0.0,2.0,0.8461538461538461,1.0,0.6298897789321865,0.3967611336032387,2.0,0.0,1.0,0.1794871794871795,0.0,0.38877641198447155,0.15114709851551955,1.0,0.0,1.0,0.02564102564102564,0.0,0.16012815380508716,0.02564102564102565,1.0,0.0,1.0,0.02564102564102564,0.0,0.16012815380508716,0.02564102564102565,1.0,0.0,6.0,0.5128205128205128,0.0,1.0226846731132635,1.0458839406207825,6.0,0.0,1.0,0.07692307692307693,0.0,0.26995276239950855,0.07287449392712551,1.0,0.0,5.0,0.23076923076923078,0.0,0.8724297124919955,0.761133603238866,5.0,20.0,19.0,2.0,3.0,9.0,0.0,1.0,2.0,0.0,0.0,0.0,0.0
490,1051,Sprint 78,-20,7,12,24,0,0,2,4,8,16,2,4,0,0,1,4,9.0,2.0,1.0,12.0,0.0,0.0,0.0,10.0,2.8461538461538463,1.0,3.601993749905595,12.974358974358973,10.0,0.0,1.0,0.46153846153846156,0.0,0.5188745216627708,0.2692307692307693,1.0,0.0,3.0,1.0,1.0,0.816496580927726,0.6666666666666666,3.0,0.0,2.0,0.3076923076923077,0.0,0.6304251719561151,0.39743589743589736,2.0,0.0,1.0,0.07692307692307693,0.0,0.2773500981126146,0.07692307692307694,1.0,0.0,0.0,0.0,0.0,0.0,0.0,0.0,0.0,3.0,0.23076923076923078,0.0,0.8320502943378437,0.6923076923076924,3.0,0.0,1.0,0.07692307692307693,0.0,0.2773500981126146,0.07692307692307694,1.0,0.0,2.0,0.15384615384615385,0.0,0.5547001962252291,0.30769230769230776,2.0,9.0,4.0,0.0,1.0,1.0,0.0,0.0,0.0,0.0,0.0,0.0,0.0
490,1081,Sprint 79,-18,7,9,18,0,0,0,0,7,14,2,4,0,0,1,4,7.0,1.0,1.0,9.0,0.0,0.0,0.0,10.0,2.4,1.0,3.3730961708462712,11.377777777777778,10.0,0.0,1.0,0.4,0.0,0.5163977794943223,0.2666666666666667,1.0,0.0,3.0,1.0,1.0,0.816496580927726,0.6666666666666666,3.0,0.0,2.0,0.3,0.0,0.6749485577105528,0.4555555555555555,2.0,0.0,1.0,0.1,0.0,0.31622776601683794,0.10000000000000002,1.0,0.0,0.0,0.0,0.0,0.0,0.0,0.0,0.0,0.0,0.0,0.0,0.0,0.0,0.0,0.0,1.0,0.1,0.0,0.31622776601683794,0.10000000000000002,1.0,0.0,2.0,0.2,0.0,0.6324555320336759,0.4000000000000001,2.0,6.0,4.0,0.0,1.0,1.0,0.0,0.0,0.0,0.0,0.0,0.0,0.0
490,1171,Sprint 81,-6,7,5,10,0,0,1,2,2,4,1,2,1,2,1,4,3.0,1.0,0.0,4.0,0.0,1.0,0.0,8.0,3.6,2.0,3.646916505762094,13.3,8.0,0.0,1.0,0.6,1.0,0.5477225575051662,0.30000000000000004,1.0,1.0,1.0,1.0,1.0,0.0,0.0,0.0,0.0,1.0,0.2,0.0,0.44721359549995804,0.20000000000000007,1.0,0.0,0.0,0.0,0.0,0.0,0.0,0.0,0.0,0.0,0.0,0.0,0.0,0.0,0.0,0.0,1.0,0.6,1.0,0.5477225575051662,0.30000000000000004,1.0,0.0,1.0,0.2,0.0,0.44721359549995804,0.20000000000000007,1.0,0.0,2.0,0.4,0.0,0.8944271909999161,0.8000000000000003,2.0,4.0,1.0,0.0,1.0,0.0,0.0,0.0,0.0,0.0,0.0,0.0,0.0
490,1191,Sprint 83,-6,7,4,8,0,0,0,0,1,2,2,4,1,2,1,6,3.0,1.0,0.0,3.0,0.0,1.0,4.0,9.0,6.5,6.5,2.0816659994661326,4.333333333333333,5.0,1.0,1.0,1.0,1.0,0.0,0.0,0.0,1.0,2.0,1.25,1.0,0.5,0.25,1.0,0.0,2.0,0.75,0.5,0.9574271077563381,0.9166666666666666,2.0,0.0,1.0,0.25,0.0,0.5,0.25,1.0,0.0,0.0,0.0,0.0,0.0,0.0,0.0,0.0,10.0,2.75,0.5,4.856267428111155,23.583333333333332,10.0,0.0,2.0,0.75,0.5,0.9574271077563381,0.9166666666666666,2.0,0.0,4.0,1.75,1.5,1.707825127659933,2.9166666666666665,4.0,4.0,0.0,0.0,0.0,0.0,0.0,0.0,0.0,0.0,0.0,0.0,0.0
490,1341,Sprint 84,-6,14,3,6,0,0,0,0,0,0,3,6,0,0,1,2,1.0,1.0,0.0,2.0,0.0,0.0,1.0,2.0,1.6666666666666667,2.0,0.5773502691896257,0.3333333333333333,1.0,0.0,1.0,0.3333333333333333,0.0,0.5773502691896258,0.33333333333333337,1.0,1.0,1.0,1.0,1.0,0.0,0.0,0.0,0.0,1.0,0.3333333333333333,0.0,0.5773502691896258,0.33333333333333337,1.0,0.0,0.0,0.0,0.0,0.0,0.0,0.0,0.0,0.0,0.0,0.0,0.0,0.0,0.0,0.0,0.0,0.0,0.0,0.0,0.0,0.0,0.0,0.0,0.0,0.0,0.0,0.0,0.0,0.0,0.0,0.0,0.0,0.0,0.0,0.0,2.0,1.0,0.0,1.0,1.0,0.0,0.0,0.0,0.0,0.0,0.0,0.0
490,1381,Sprint 85,0,7,7,14,0,0,0,0,3,6,1,2,3,6,1,5,2.0,1.0,2.0,7.0,0.0,0.0,0.0,2.0,1.2222222222222223,1.0,0.8333333333333334,0.6944444444444444,2.0,0.0,1.0,0.3333333333333333,0.0,0.5,0.25,1.0,1.0,1.0,1.0,1.0,0.0,0.0,0.0,0.0,1.0,0.1111111111111111,0.0,0.3333333333333333,0.1111111111111111,1.0,0.0,0.0,0.0,0.0,0.0,0.0,0.0,0.0,0.0,0.0,0.0,0.0,0.0,0.0,0.0,14.0,2.4444444444444446,1.0,4.503085362035432,20.27777777777778,14.0,0.0,0.0,0.0,0.0,0.0,0.0,0.0,0.0,1.0,0.1111111111111111,0.0,0.3333333333333333,0.1111111111111111,1.0,2.0,7.0,1.0,3.0,2.0,0.0,0.0,0.0,0.0,0.0,0.0,0.0
490,1391,Sprint 87,-20,7,5,10,7,14,0,0,2,4,8,16,2,4,1,5,9.0,0.0,1.0,12.0,0.0,0.0,0.0,14.0,2.230769230769231,0.0,4.833112284954113,23.35897435897436,14.0,0.0,1.0,0.3076923076923077,0.0,0.48038446141526137,0.23076923076923075,1.0,0.0,2.0,1.0,1.0,0.408248290463863,0.16666666666666666,2.0,0.0,2.0,0.3076923076923077,0.0,0.6304251719561151,0.39743589743589736,2.0,0.0,1.0,0.15384615384615385,0.0,0.37553380809940534,0.141025641025641,1.0,0.0,0.0,0.0,0.0,0.0,0.0,0.0,0.0,1.0,0.15384615384615385,0.0,0.37553380809940534,0.141025641025641,1.0,0.0,1.0,0.07692307692307693,0.0,0.2773500981126146,0.07692307692307694,1.0,0.0,1.0,0.15384615384615385,0.0,0.37553380809940534,0.141025641025641,1.0,6.0,7.0,1.0,2.0,1.0,0.0,0.0,0.0,0.0,0.0,0.0,0.0
490,1551,Sprint 88,-2,6,5,10,4,8,0,0,1,2,6,12,2,4,1,3,7.0,0.0,0.0,8.0,0.0,0.0,0.0,6.0,1.4444444444444444,1.0,1.8782379449307742,3.5277777777777777,6.0,0.0,1.0,0.5555555555555556,1.0,0.5270462766947299,0.2777777777777778,1.0,1.0,2.0,1.1111111111111112,1.0,0.33333333333333337,0.11111111111111112,1.0,0.0,2.0,0.2222222222222222,0.0,0.6666666666666666,0.4444444444444444,2.0,0.0,0.0,0.0,0.0,0.0,0.0,0.0,0.0,0.0,0.0,0.0,0.0,0.0,0.0,0.0,2.0,0.5555555555555556,0.0,0.7264831572567789,0.5277777777777778,2.0,0.0,0.0,0.0,0.0,0.0,0.0,0.0,0.0,2.0,0.4444444444444444,0.0,0.7264831572567789,0.5277777777777778,2.0,7.0,2.0,0.0,2.0,1.0,0.0,0.0,0.0,0.0,0.0,0.0,0.0
490,1561,Sprint 89,-12,7,11,22,0,0,0,0,6,12,4,8,1,2,1,4,5.0,1.0,0.0,10.0,0.0,0.0,0.0,3.0,0.75,0.0,1.0552897060221726,1.1136363636363635,3.0,0.0,1.0,0.25,0.0,0.45226701686664544,0.20454545454545456,1.0,0.0,1.0,0.9166666666666666,1.0,0.28867513459481287,0.08333333333333331,1.0,0.0,1.0,0.08333333333333333,0.0,0.28867513459481287,0.08333333333333331,1.0,0.0,0.0,0.0,0.0,0.0,0.0,0.0,0.0,0.0,0.0,0.0,0.0,0.0,0.0,0.0,0.0,0.0,0.0,0.0,0.0,0.0,0.0,0.0,0.0,0.0,0.0,0.0,0.0,0.0,3.0,0.6666666666666666,0.0,0.9847319278346619,0.9696969696969698,3.0,4.0,8.0,1.0,5.0,1.0,0.0,1.0,0.0,0.0,0.0,0.0,0.0
490,1571,Sprint 90,-10,14,9,18,2,4,0,0,5,10,2,4,4,8,1,4,5.0,1.0,0.0,8.0,0.0,0.0,0.0,3.0,1.0909090909090908,1.0,1.044465935734187,1.0909090909090908,3.0,0.0,1.0,0.36363636363636365,0.0,0.504524979109513,0.2545454545454545,1.0,1.0,2.0,1.0909090909090908,1.0,0.30151134457776363,0.09090909090909091,1.0,0.0,1.0,0.09090909090909091,0.0,0.3015113445777636,0.09090909090909088,1.0,0.0,0.0,0.0,0.0,0.0,0.0,0.0,0.0,0.0,0.0,0.0,0.0,0.0,0.0,0.0,1.0,0.18181818181818182,0.0,0.4045199174779452,0.16363636363636358,1.0,0.0,0.0,0.0,0.0,0.0,0.0,0.0,0.0,2.0,0.36363636363636365,0.0,0.674199862463242,0.4545454545454545,2.0,3.0,8.0,2.0,3.0,2.0,0.0,1.0,0.0,0.0,0.0,0.0,0.0
490,1601,Sprint 92,-4,7,2,4,0,0,0,0,0,0,2,4,0,0,1,2,0.0,0.0,2.0,3.0,0.0,0.0,0.0,0.0,0.0,0.0,0.0,0.0,0.0,0.0,1.0,0.25,0.0,0.5,0.25,1.0,1.0,4.0,1.75,1.0,1.5,2.25,3.0,0.0,1.0,0.25,0.0,0.5,0.25,1.0,0.0,0.0,0.0,0.0,0.0,0.0,0.0,0.0,0.0,0.0,0.0,0.0,0.0,0.0,0.0,0.0,0.0,0.0,0.0,0.0,0.0,0.0,0.0,0.0,0.0,0.0,0.0,0.0,0.0,0.0,0.0,0.0,0.0,0.0,0.0,2.0,2.0,1.0,1.0,1.0,0.0,0.0,0.0,0.0,0.0,0.0,0.0
490,1631,Sprint 93,-2,8,2,4,0,0,0,0,1,2,1,2,0,0,1,3,0.0,0.0,2.0,3.0,0.0,0.0,0.0,1.0,0.25,0.0,0.5,0.25,1.0,0.0,0.0,0.0,0.0,0.0,0.0,0.0,1.0,1.0,1.0,1.0,0.0,0.0,0.0,0.0,0.0,0.0,0.0,0.0,0.0,0.0,0.0,0.0,0.0,0.0,0.0,0.0,0.0,0.0,0.0,0.0,0.0,0.0,0.0,0.0,0.0,1.0,0.5,0.5,0.5773502691896257,0.3333333333333333,1.0,0.0,0.0,0.0,0.0,0.0,0.0,0.0,0.0,1.0,0.25,0.0,0.5,0.25,1.0,1.0,3.0,1.0,1.0,1.0,0.0,0.0,0.0,0.0,0.0,0.0,0.0
490,1841,Sprint 94,2,14,2,4,1,2,0,0,2,4,0,0,1,2,1,3,2.0,0.0,2.0,5.0,0.0,0.0,0.0,11.0,2.5,0.5,4.324349662087931,18.7,11.0,0.0,1.0,0.3333333333333333,0.0,0.5163977794943223,0.2666666666666667,1.0,1.0,2.0,1.1666666666666667,1.0,0.408248290463863,0.16666666666666669,1.0,0.0,1.0,0.16666666666666666,0.0,0.408248290463863,0.16666666666666669,1.0,0.0,0.0,0.0,0.0,0.0,0.0,0.0,0.0,0.0,0.0,0.0,0.0,0.0,0.0,0.0,1.0,0.5,0.5,0.5477225575051661,0.3,1.0,0.0,2.0,0.3333333333333333,0.0,0.816496580927726,0.6666666666666667,2.0,0.0,2.0,0.3333333333333333,0.0,0.816496580927726,0.6666666666666667,2.0,2.0,4.0,1.0,1.0,1.0,0.0,0.0,0.0,0.0,0.0,0.0,0.0
490,1861,Sprint 95,0,14,1,2,0,0,0,0,0,0,1,2,0,0,1,1,0.0,0.0,0.0,1.0,0.0,0.0,0.0,1.0,0.5,0.5,0.7071067811865476,0.5,1.0,0.0,1.0,0.5,0.5,0.7071067811865476,0.5,1.0,1.0,1.0,1.0,1.0,0.0,0.0,0.0,0.0,0.0,0.0,0.0,0.0,0.0,0.0,0.0,0.0,0.0,0.0,0.0,0.0,0.0,0.0,0.0,0.0,0.0,0.0,0.0,0.0,0.0,0.0,0.0,0.0,0.0,0.0,0.0,0.0,0.0,0.0,0.0,0.0,0.0,0.0,0.0,1.0,0.5,0.5,0.7071067811865476,0.5,1.0,1.0,1.0,1.0,1.0,1.0,0.0,0.0,0.0,0.0,0.0,0.0,0.0
490,1890,Sprint 96,0,14,3,6,0,0,0,0,1,2,1,2,1,2,1,3,1.0,1.0,0.0,3.0,0.0,0.0,0.0,1.0,0.25,0.0,0.5,0.25,1.0,0.0,1.0,0.5,0.5,0.5773502691896257,0.3333333333333333,1.0,1.0,1.0,1.0,1.0,0.0,0.0,0.0,0.0,1.0,0.25,0.0,0.5,0.25,1.0,0.0,0.0,0.0,0.0,0.0,0.0,0.0,0.0,0.0,0.0,0.0,0.0,0.0,0.0,0.0,3.0,0.75,0.0,1.5,2.25,3.0,0.0,0.0,0.0,0.0,0.0,0.0,0.0,0.0,1.0,0.5,0.5,0.5773502691896257,0.3333333333333333,1.0,3.0,1.0,2.0,0.0,1.0,0.0,0.0,0.0,0.0,0.0,0.0,0.0
490,2180,Sprint 104,-2,7,7,14,0,0,0,0,2,4,2,4,3,6,1,2,4.0,0.0,0.0,7.0,0.0,0.0,0.0,1.0,0.42857142857142855,0.0,0.5345224838248487,0.28571428571428564,1.0,0.0,2.0,0.8571428571428571,1.0,0.8997354108424372,0.8095238095238094,2.0,0.0,3.0,1.2857142857142858,1.0,1.3801311186847085,1.9047619047619049,3.0,0.0,0.0,0.0,0.0,0.0,0.0,0.0,0.0,0.0,0.0,0.0,0.0,0.0,0.0,0.0,0.0,0.0,0.0,0.0,0.0,0.0,0.0,3.0,1.0,0.0,1.4142135623730951,2.0,3.0,0.0,0.0,0.0,0.0,0.0,0.0,0.0,0.0,4.0,1.0,0.0,1.5275252316519468,2.3333333333333335,4.0,6.0,1.0,2.0,1.0,0.0,0.0,0.0,0.0,0.0,0.0,0.0,0.0
541,661,Sprint 1,0,14,1,1,0,0,0,0,1,1,0,0,0,0,1,1,0.0,1.0,0.0,1.0,0.0,0.0,0.0,0.0,0.0,0.0,0.0,0.0,0.0,0.0,0.0,0.0,0.0,0.0,0.0,0.0,1.0,1.0,1.0,1.0,0.0,0.0,0.0,0.0,0.0,0.0,0.0,0.0,0.0,0.0,0.0,0.0,0.0,0.0,0.0,0.0,0.0,0.0,0.0,0.0,0.0,0.0,0.0,0.0,0.0,0.0,0.0,0.0,0.0,0.0,0.0,0.0,0.0,0.0,0.0,0.0,0.0,0.0,0.0,0.0,0.0,0.0,0.0,0.0,0.0,0.0,1.0,0.0,0.0,0.0,0.0,0.0,0.0,0.0,0.0,0.0,0.0
571,41,Sprint 1 - Critical Issues,-2,14,3,3,0,0,0,0,1,1,2,2,0,0,1,4,0.0,3.0,0.0,0.0,2.0,1.0,3.0,5.0,3.6666666666666665,3.0,1.1547005383792515,1.3333333333333333,2.0,0.0,0.0,0.0,0.0,0.0,0.0,0.0,1.0,1.0,1.0,1.0,0.0,0.0,0.0,1.0,7.0,3.6666666666666665,3.0,3.0550504633038935,9.333333333333334,6.0,0.0,5.0,1.6666666666666667,0.0,2.8867513459481287,8.333333333333332,5.0,0.0,2.0,1.0,1.0,1.0,1.0,2.0,6.0,7.0,6.333333333333333,6.0,0.5773502691896258,0.33333333333333337,1.0,1.0,2.0,1.3333333333333333,1.0,0.5773502691896257,0.3333333333333333,1.0,0.0,2.0,0.6666666666666666,0.0,1.1547005383792517,1.3333333333333335,2.0,0.0,3.0,0.0,0.0,0.0,0.0,0.0,0.0,0.0,0.0,0.0,0.0
571,81,Sprint 1,-32,12,11,32,0,0,0,0,11,32,0,0,0,0,1,3,1.0,7.0,0.0,4.0,2.0,1.0,0.0,5.0,1.4545454545454546,0.0,2.018099916438052,4.072727272727272,5.0,0.0,1.0,0.45454545454545453,0.0,0.5222329678670934,0.27272727272727265,1.0,0.0,1.0,0.9090909090909091,1.0,0.30151134457776363,0.0909090909090909,1.0,0.0,7.0,1.6363636363636365,1.0,2.062654952856986,4.254545454545455,7.0,0.0,5.0,0.5454545454545454,0.0,1.5075567228888183,2.272727272727273,5.0,0.0,2.0,0.36363636363636365,0.0,0.674199862463242,0.4545454545454545,2.0,0.0,12.0,4.090909090909091,2.0,4.20605623962746,17.690909090909095,12.0,0.0,2.0,0.5454545454545454,0.0,0.8201995322647243,0.6727272727272726,2.0,0.0,2.0,0.2727272727272727,0.0,0.6466697906828632,0.41818181818181815,2.0,1.0,10.0,1.0,1.0,2.0,1.0,2.0,0.0,0.0,0.0,0.0,0.0
571,91,Sprint 2,-22,14,9,27,0,0,0,0,4,22,0,0,5,5,1,4,1.0,5.0,0.0,3.0,2.0,1.0,0.0,5.0,2.0,1.0,2.1213203435596424,4.5,5.0,0.0,1.0,0.3333333333333333,0.0,0.5,0.25,1.0,0.0,1.0,0.8888888888888888,1.0,0.33333333333333337,0.11111111111111112,1.0,0.0,7.0,1.8888888888888888,2.0,2.204792759220492,4.861111111111111,7.0,0.0,5.0,0.6666666666666666,0.0,1.6583123951776997,2.7499999999999996,5.0,0.0,2.0,0.4444444444444444,0.0,0.7264831572567789,0.5277777777777778,2.0,0.0,14.0,4.777777777777778,4.0,4.8419463487779835,23.444444444444443,14.0,0.0,2.0,0.7777777777777778,1.0,0.8333333333333334,0.6944444444444445,2.0,0.0,2.0,0.3333333333333333,0.0,0.7071067811865476,0.5,2.0,1.0,8.0,1.0,1.0,2.0,1.0,1.0,0.0,0.0,0.0,0.0,0.0
571,131,Documentation Sprint,0,18,11,31,0,0,0,0,6,18,0,0,5,13,1,4,0.0,5.0,0.0,2.0,0.0,0.0,0.0,4.0,0.45454545454545453,0.0,1.2135597524338357,1.4727272727272727,4.0,0.0,1.0,0.9090909090909091,1.0,0.30151134457776363,0.0909090909090909,1.0,1.0,1.0,1.0,1.0,0.0,0.0,0.0,0.0,0.0,0.0,0.0,0.0,0.0,0.0,0.0,0.0,0.0,0.0,0.0,0.0,0.0,0.0,0.0,0.0,0.0,0.0,0.0,0.0,0.0,1.0,0.6363636363636364,1.0,0.504524979109513,0.2545454545454546,1.0,0.0,1.0,0.5454545454545454,1.0,0.5222329678670935,0.2727272727272727,1.0,0.0,2.0,1.0909090909090908,1.0,0.5393598899705937,0.2909090909090909,2.0,1.0,10.0,0.0,6.0,9.0,0.0,0.0,0.0,0.0,0.0,0.0,0.0
571,271,Sprint 1,-28,14,9,71,0,0,0,0,8,55,1,16,0,0,1,3,1.0,5.0,0.0,4.0,4.0,0.0,0.0,4.0,1.3636363636363635,1.0,1.5015143870590966,2.2545454545454544,4.0,0.0,1.0,0.6363636363636364,1.0,0.504524979109513,0.2545454545454546,1.0,1.0,1.0,1.0,1.0,0.0,0.0,0.0,0.0,3.0,1.1818181818181819,1.0,1.0787197799411874,1.1636363636363636,3.0,0.0,2.0,0.18181818181818182,0.0,0.6030226891555271,0.36363636363636354,2.0,0.0,1.0,0.2727272727272727,0.0,0.46709936649691375,0.21818181818181817,1.0,0.0,14.0,2.5454545454545454,1.0,3.9588795476406293,15.672727272727276,14.0,0.0,1.0,0.5454545454545454,1.0,0.5222329678670935,0.2727272727272727,1.0,0.0,7.0,1.9090909090909092,1.0,2.5081684733903127,6.290909090909091,7.0,8.0,3.0,3.0,2.0,2.0,0.0,0.0,1.0,0.0,0.0,0.0,0.0
571,371,Sprint 2,-53,14,12,65,0,0,0,0,9,62,2,2,1,1,1,6,6.0,5.0,1.0,7.0,4.0,0.0,0.0,9.0,2.2777777777777777,1.0,3.0448713979518676,9.27124183006536,9.0,0.0,1.0,0.6111111111111112,1.0,0.5016313257045503,0.25163398692810457,1.0,0.0,1.0,0.9444444444444444,1.0,0.23570226039551584,0.05555555555555556,1.0,0.0,1.0,0.16666666666666666,0.0,0.38348249442368526,0.1470588235294118,1.0,0.0,0.0,0.0,0.0,0.0,0.0,0.0,0.0,0.0,0.0,0.0,0.0,0.0,0.0,0.0,20.0,1.6111111111111112,0.0,4.654395631315677,21.66339869281046,20.0,0.0,3.0,0.7222222222222222,0.5,0.8947924869885987,0.8006535947712417,3.0,0.0,6.0,0.6666666666666666,0.0,1.4950900031928038,2.2352941176470584,6.0,6.0,12.0,5.0,0.0,3.0,0.0,1.0,3.0,1.0,0.0,0.0,0.0
571,561,Sprint for Alpha4,-57,14,22,69,0,0,0,0,17,61,2,5,3,3,1,6,3.0,10.0,1.0,11.0,5.0,0.0,0.0,6.0,1.1304347826086956,1.0,1.5463842820677163,2.3913043478260865,6.0,0.0,1.0,0.5652173913043478,1.0,0.5068698018697018,0.25691699604743073,1.0,0.0,1.0,0.8695652173913043,1.0,0.34435022157509093,0.11857707509881421,1.0,0.0,2.0,0.2608695652173913,0.0,0.5408235558637171,0.29249011857707513,2.0,0.0,0.0,0.0,0.0,0.0,0.0,0.0,0.0,0.0,0.0,0.0,0.0,0.0,0.0,0.0,24.0,4.565217391304348,3.0,5.6312931419517565,31.711462450592887,24.0,0.0,6.0,0.8260869565217391,0.0,1.5270939101039855,2.3320158102766793,6.0,0.0,3.0,0.5652173913043478,0.0,0.8434823356733,0.7114624505928855,3.0,8.0,15.0,2.0,6.0,5.0,0.0,1.0,1.0,0.0,1.0,0.0,0.0
571,661,Sprint 1,1,14,11,21,2,2,3,10,8,11,0,0,2,2,1,6,2.0,10.0,0.0,8.0,2.0,0.0,0.0,8.0,2.6,1.0,3.0189875313233268,9.114285714285716,8.0,0.0,1.0,0.4,0.0,0.50709255283711,0.2571428571428572,1.0,1.0,1.0,1.0,1.0,0.0,0.0,0.0,0.0,1.0,0.3333333333333333,0.0,0.48795003647426666,0.23809523809523814,1.0,0.0,0.0,0.0,0.0,0.0,0.0,0.0,0.0,0.0,0.0,0.0,0.0,0.0,0.0,0.0,24.0,3.2666666666666666,1.0,6.041128875900438,36.49523809523809,24.0,0.0,2.0,0.4,0.0,0.6324555320336759,0.4000000000000001,2.0,0.0,3.0,0.7333333333333333,0.0,1.0327955589886446,1.0666666666666669,3.0,5.0,10.0,1.0,2.0,4.0,0.0,1.0,0.0,0.0,0.0,0.0,0.0
571,870,Prepare Alpha5 for Release,-1,1,5,5,1,1,0,0,1,1,0,0,5,5,1,2,1.0,1.0,0.0,4.0,1.0,0.0,0.0,4.0,1.0,0.0,1.6733200530681511,2.8,4.0,0.0,1.0,0.3333333333333333,0.0,0.5163977794943223,0.2666666666666667,1.0,1.0,1.0,1.0,1.0,0.0,0.0,0.0,0.0,2.0,0.5,0.0,0.8366600265340756,0.7,2.0,0.0,1.0,0.3333333333333333,0.0,0.5163977794943223,0.2666666666666667,1.0,0.0,0.0,0.0,0.0,0.0,0.0,0.0,0.0,6.0,2.1666666666666665,1.5,2.136976056643281,4.566666666666666,6.0,0.0,1.0,0.3333333333333333,0.0,0.5163977794943223,0.2666666666666667,1.0,0.0,4.0,1.0,0.0,1.6733200530681511,2.8,4.0,2.0,4.0,2.0,1.0,1.0,0.0,0.0,0.0,1.0,0.0,0.0,0.0
571,880,Release Alpha5 Sprint,-1,14,1,1,0,0,0,0,1,1,0,0,0,0,1,2,0.0,0.0,9.0,10.0,0.0,0.0,0.0,1.0,0.1,0.0,0.31622776601683794,0.10000000000000002,1.0,0.0,1.0,0.5,0.5,0.5270462766947299,0.2777777777777778,1.0,1.0,1.0,1.0,1.0,0.0,0.0,0.0,0.0,1.0,0.1,0.0,0.31622776601683794,0.10000000000000002,1.0,0.0,0.0,0.0,0.0,0.0,0.0,0.0,0.0,0.0,0.0,0.0,0.0,0.0,0.0,0.0,1.0,0.3,0.0,0.4830458915396479,0.23333333333333328,1.0,0.0,0.0,0.0,0.0,0.0,0.0,0.0,0.0,0.0,0.0,0.0,0.0,0.0,0.0,0.0,10.0,0.0,0.0,0.0,0.0,0.0,0.0,0.0,0.0,1.0,0.0
571,890,Prepare for Beta,-1,14,2,2,5,5,0,0,1,1,0,0,6,6,1,1,0.0,2.0,4.0,10.0,0.0,0.0,0.0,2.0,0.2727272727272727,0.0,0.6466697906828633,0.41818181818181827,2.0,0.0,1.0,0.36363636363636365,0.0,0.504524979109513,0.2545454545454545,1.0,0.0,1.0,0.9090909090909091,1.0,0.30151134457776363,0.0909090909090909,1.0,0.0,1.0,0.09090909090909091,0.0,0.3015113445777636,0.09090909090909088,1.0,0.0,0.0,0.0,0.0,0.0,0.0,0.0,0.0,0.0,0.0,0.0,0.0,0.0,0.0,0.0,14.0,2.5454545454545454,1.0,4.083225106790866,16.672727272727276,14.0,0.0,2.0,0.18181818181818182,0.0,0.6030226891555271,0.36363636363636354,2.0,0.0,2.0,0.5454545454545454,0.0,0.6875516509523286,0.47272727272727266,2.0,0.0,11.0,1.0,4.0,1.0,0.0,0.0,0.0,0.0,0.0,0.0,0.0
571,900,Prepare for Beta 2,-1,14,7,7,6,13,1,8,8,8,1,1,3,3,1,2,7.0,3.0,5.0,15.0,3.0,0.0,0.0,9.0,1.2,0.0,2.30788123383195,5.326315789473684,9.0,0.0,1.0,0.5,0.5,0.512989176042577,0.2631578947368421,1.0,0.0,1.0,0.75,1.0,0.4442616583193193,0.19736842105263158,1.0,0.0,1.0,0.1,0.0,0.30779350562554625,0.09473684210526317,1.0,0.0,0.0,0.0,0.0,0.0,0.0,0.0,0.0,0.0,0.0,0.0,0.0,0.0,0.0,0.0,7.0,1.35,0.0,1.9540780569443945,3.8184210526315803,7.0,0.0,3.0,0.25,0.0,0.7163503994113789,0.5131578947368421,3.0,0.0,2.0,0.55,0.0,0.7591546545162482,0.5763157894736842,2.0,3.0,17.0,1.0,3.0,1.0,0.0,0.0,1.0,0.0,0.0,1.0,0.0
571,980,Graphene 2.0.0.Beta2,-1,14,4,4,0,0,0,0,1,1,0,0,3,3,1,2,1.0,0.0,0.0,3.0,0.0,0.0,0.0,1.0,0.25,0.0,0.5,0.25,1.0,0.0,0.0,0.0,0.0,0.0,0.0,0.0,1.0,1.0,1.0,1.0,0.0,0.0,0.0,0.0,1.0,0.25,0.0,0.5,0.25,1.0,0.0,0.0,0.0,0.0,0.0,0.0,0.0,0.0,0.0,0.0,0.0,0.0,0.0,0.0,0.0,3.0,1.5,1.5,1.2909944487358056,1.6666666666666667,3.0,0.0,0.0,0.0,0.0,0.0,0.0,0.0,0.0,2.0,0.75,0.5,0.9574271077563381,0.9166666666666666,2.0,0.0,4.0,2.0,0.0,1.0,0.0,0.0,0.0,1.0,0.0,0.0,0.0
571,1061,Graphene 2.0.0.CR2,-1,14,2,2,2,2,0,0,0,0,1,1,3,3,1,2,1.0,0.0,0.0,3.0,0.0,0.0,0.0,4.0,1.25,0.5,1.8929694486000912,3.5833333333333335,4.0,0.0,1.0,0.5,0.5,0.5773502691896257,0.3333333333333333,1.0,1.0,1.0,1.0,1.0,0.0,0.0,0.0,0.0,1.0,0.25,0.0,0.5,0.25,1.0,0.0,1.0,0.25,0.0,0.5,0.25,1.0,0.0,0.0,0.0,0.0,0.0,0.0,0.0,1.0,8.0,4.0,3.5,3.1622776601683795,10.0,7.0,0.0,0.0,0.0,0.0,0.0,0.0,0.0,0.0,2.0,1.0,1.0,1.1547005383792515,1.3333333333333333,2.0,3.0,1.0,3.0,0.0,0.0,0.0,1.0,0.0,0.0,0.0,0.0,0.0
571,1121,Graphene 2.0.1 Sprint 1,-21,32,10,21,0,0,0,0,9,20,1,1,0,0,1,4,4.0,1.0,0.0,4.0,3.0,0.0,0.0,7.0,2.1,1.5,2.282785822435191,5.211111111111112,7.0,0.0,1.0,0.5,0.5,0.5270462766947299,0.2777777777777778,1.0,1.0,1.0,1.0,1.0,0.0,0.0,0.0,0.0,0.0,0.0,0.0,0.0,0.0,0.0,0.0,0.0,0.0,0.0,0.0,0.0,0.0,0.0,0.0,0.0,0.0,0.0,0.0,0.0,1.0,10.0,5.4,5.0,2.988868236194653,8.933333333333334,9.0,0.0,3.0,1.0,1.0,1.0540925533894598,1.1111111111111112,3.0,0.0,1.0,0.5,0.5,0.5270462766947299,0.2777777777777778,1.0,6.0,4.0,2.0,3.0,1.0,0.0,2.0,0.0,0.0,0.0,0.0,0.0
571,1161,Graphene 2.0.0.Final,0,14,4,4,0,0,2,2,1,1,0,0,1,1,1,2,1.0,1.0,7.0,10.0,0.0,0.0,0.0,6.0,1.0,0.0,1.8973665961010275,3.6,6.0,0.0,1.0,0.5454545454545454,1.0,0.5222329678670935,0.2727272727272727,1.0,1.0,1.0,1.0,1.0,0.0,0.0,0.0,0.0,2.0,0.2727272727272727,0.0,0.6466697906828633,0.41818181818181827,2.0,0.0,0.0,0.0,0.0,0.0,0.0,0.0,0.0,0.0,0.0,0.0,0.0,0.0,0.0,0.0,3.0,0.9090909090909091,1.0,0.8312094145936334,0.6909090909090908,3.0,0.0,0.0,0.0,0.0,0.0,0.0,0.0,0.0,1.0,0.36363636363636365,0.0,0.504524979109513,0.2545454545454545,1.0,1.0,10.0,0.0,1.0,1.0,0.0,0.0,0.0,0.0,0.0,1.0,0.0
611,1531,Sprint #3,-4,33,3,6,9,18,0,0,6,12,4,8,2,4,2,2,0.0,7.0,0.0,12.0,1.0,0.0,0.0,3.0,0.5714285714285714,0.0,1.0894095588038446,1.1868131868131873,3.0,0.0,0.0,0.0,0.0,0.0,0.0,0.0,0.0,1.0,0.35714285714285715,0.0,0.49724515809884684,0.2472527472527472,1.0,0.0,2.0,0.42857142857142855,0.0,0.7559289460184544,0.5714285714285714,2.0,0.0,2.0,0.21428571428571427,0.0,0.5789342235218395,0.33516483516483525,2.0,0.0,1.0,0.14285714285714285,0.0,0.3631365196012815,0.1318681318681319,1.0,0.0,1.0,0.07142857142857142,0.0,0.26726124191242434,0.07142857142857141,1.0,0.0,0.0,0.0,0.0,0.0,0.0,0.0,0.0,2.0,0.2857142857142857,0.0,0.6112498455021267,0.3736263736263737,2.0,3.0,11.0,6.0,1.0,1.0,0.0,0.0,0.0,0.0,0.0,0.0,0.0
611,1591,Sprint #4,-26,8,18,36,0,0,0,0,18,36,0,0,0,0,2,5,4.0,1.0,0.0,18.0,0.0,0.0,0.0,3.0,0.3333333333333333,0.0,0.8401680504168059,0.7058823529411765,3.0,0.0,0.0,0.0,0.0,0.0,0.0,0.0,0.0,1.0,0.3333333333333333,0.0,0.48507125007266594,0.23529411764705882,1.0,0.0,2.0,0.2222222222222222,0.0,0.6467616667635546,0.41830065359477125,2.0,0.0,1.0,0.1111111111111111,0.0,0.3233808333817773,0.10457516339869281,1.0,0.0,0.0,0.0,0.0,0.0,0.0,0.0,0.0,1.0,0.1111111111111111,0.0,0.32338083338177726,0.1045751633986928,1.0,0.0,0.0,0.0,0.0,0.0,0.0,0.0,0.0,2.0,0.2222222222222222,0.0,0.6467616667635546,0.41830065359477125,2.0,2.0,16.0,4.0,9.0,0.0,0.0,0.0,0.0,0.0,0.0,0.0,0.0
611,2490,Scripting Sprint,-6,8,14,28,0,0,1,2,12,24,0,0,1,2,2,3,8.0,1.0,0.0,22.0,0.0,0.0,0.0,6.0,0.2727272727272727,0.0,1.2792042981336627,1.6363636363636365,6.0,0.0,1.0,0.09090909090909091,0.0,0.29424494316824984,0.08658008658008656,1.0,0.0,1.0,0.5909090909090909,1.0,0.5032362797401965,0.2532467532467533,1.0,0.0,1.0,0.045454545454545456,0.0,0.2132007163556105,0.04545454545454548,1.0,0.0,1.0,0.045454545454545456,0.0,0.2132007163556105,0.04545454545454548,1.0,0.0,0.0,0.0,0.0,0.0,0.0,0.0,0.0,2.0,0.13636363636363635,0.0,0.4675625290960757,0.21861471861471862,2.0,0.0,1.0,0.045454545454545456,0.0,0.2132007163556105,0.04545454545454548,1.0,0.0,2.0,0.22727272727272727,0.0,0.6119304490372042,0.3744588744588744,2.0,3.0,19.0,5.0,8.0,0.0,0.0,0.0,0.0,0.0,0.0,0.0,0.0
641,1851,Sprint to Beta1 CF,12,31,5,5,2,2,3,3,3,3,1,1,0,0,1,8,6.0,19.0,36.0,29.0,29.0,4.0,0.0,17.0,1.765625,0.0,3.7953279026836255,14.40451388888889,17.0,0.0,1.0,0.234375,0.0,0.42695628191498325,0.18229166666666666,1.0,1.0,1.0,1.0,1.0,0.0,0.0,0.0,0.0,20.0,1.25,0.0,3.4686807336141547,12.031746031746032,20.0,0.0,5.0,0.234375,0.0,0.903997954415441,0.8172123015873016,5.0,0.0,7.0,0.171875,0.0,0.9181535559921077,0.8430059523809523,7.0,0.0,8.0,1.5,0.0,2.047065262876636,4.190476190476191,8.0,0.0,1.0,0.046875,0.0,0.21304202581158665,0.04538690476190476,1.0,0.0,4.0,0.265625,0.0,0.7609974135909159,0.5791170634920635,4.0,36.0,28.0,1.0,2.0,2.0,0.0,0.0,0.0,0.0,0.0,0.0,0.0
641,1920,Sprint to Beta2 Release,0,14,17,17,21,101,15,95,19,19,0,0,4,4,1,21,14.0,22.0,39.0,45.0,24.0,6.0,0.0,33.0,3.3580246913580245,2.0,4.659154005759277,21.707716049382714,33.0,0.0,4.0,0.4074074074074074,0.0,0.6280481227138924,0.39444444444444443,4.0,1.0,2.0,1.0246913580246915,1.0,0.15614965913950213,0.0243827160493827,1.0,0.0,11.0,0.8765432098765432,0.0,1.552278293745863,2.409567901234568,11.0,0.0,2.0,0.1111111111111111,0.0,0.4183300132670378,0.175,2.0,0.0,2.0,0.08641975308641975,0.0,0.32394177193585,0.10493827160493827,2.0,0.0,29.0,2.382716049382716,1.0,4.562257942166817,20.8141975308642,29.0,0.0,2.0,0.12345679012345678,0.0,0.39945951138327884,0.15956790123456788,2.0,0.0,4.0,0.5925925925925926,0.0,0.9189365834726815,0.8444444444444444,4.0,42.0,39.0,3.0,3.0,6.0,0.0,0.0,0.0,0.0,0.0,0.0,0.0
641,1960,Sprint 20141112,-79,16,28,98,0,0,0,0,28,98,0,0,0,0,1,12,17.0,8.0,5.0,22.0,2.0,2.0,0.0,19.0,4.7272727272727275,2.0,4.771482521664043,22.767045454545457,19.0,0.0,1.0,0.696969696969697,1.0,0.46669372215943755,0.2178030303030303,1.0,1.0,2.0,1.0909090909090908,1.0,0.2919371040605711,0.08522727272727272,1.0,0.0,20.0,1.6363636363636365,0.0,3.879579405507298,15.051136363636362,20.0,0.0,5.0,0.3333333333333333,0.0,1.0206207261596576,1.041666666666667,5.0,0.0,7.0,0.2727272727272727,0.0,1.2316839913490207,1.5170454545454546,7.0,0.0,26.0,5.0606060606060606,3.0,5.852026326086728,34.246212121212125,26.0,0.0,1.0,0.21212121212121213,0.0,0.41514875026728054,0.17234848484848486,1.0,0.0,4.0,0.6363636363636364,0.0,1.1942095141290594,1.426136363636364,4.0,18.0,15.0,3.0,0.0,7.0,0.0,0.0,0.0,0.0,0.0,0.0,0.0
641,2130,Sprint to Beta3 Release,2,40,24,62,24,86,11,91,25,33,3,3,9,21,1,9,43.0,11.0,7.0,52.0,5.0,4.0,0.0,28.0,2.7746478873239435,1.0,4.388937987709528,19.26277665995976,28.0,0.0,4.0,0.9577464788732394,1.0,0.46094994207025064,0.2124748490945674,4.0,1.0,2.0,1.0422535211267605,1.0,0.2025988096361772,0.04104627766599597,1.0,0.0,7.0,0.8732394366197183,1.0,1.2180731559638271,1.483702213279678,7.0,0.0,3.0,0.16901408450704225,0.0,0.5341459269032801,0.28531187122736423,3.0,0.0,1.0,0.08450704225352113,0.0,0.28012644457404984,0.07847082494969822,1.0,0.0,29.0,2.647887323943662,1.0,4.6263178556394555,21.402816901408446,29.0,0.0,1.0,0.07042253521126761,0.0,0.2576788511734177,0.06639839034205235,1.0,0.0,3.0,0.5633802816901409,0.0,0.787988295166825,0.6209255533199193,3.0,35.0,36.0,6.0,4.0,10.0,0.0,0.0,0.0,0.0,0.0,0.0,0.0
641,2240,Sprint to CR1 Release,-67,49,8,45,15,48,0,0,12,82,3,3,8,8,1,13,18.0,10.0,32.0,35.0,1.0,24.0,0.0,19.0,2.484848484848485,1.0,4.031576993387706,16.253613053613055,19.0,0.0,1.0,0.4696969696969697,0.0,0.5029053120754968,0.2529137529137529,1.0,1.0,2.0,1.0454545454545454,1.0,0.2098950786844324,0.04405594405594407,1.0,0.0,7.0,0.7575757575757576,0.0,1.4786751456896088,2.186480186480186,7.0,0.0,3.0,0.19696969696969696,0.0,0.6614598533011188,0.43752913752913764,3.0,0.0,1.0,0.09090909090909091,0.0,0.2896827297511605,0.08391608391608389,1.0,0.0,24.0,1.606060606060606,1.0,3.1762522079611517,10.08857808857809,24.0,0.0,1.0,0.030303030303030304,0.0,0.1727334068350122,0.029836829836829844,1.0,0.0,4.0,0.5,0.0,0.8086075400626399,0.6538461538461539,4.0,33.0,33.0,5.0,1.0,6.0,0.0,0.0,0.0,0.0,0.0,0.0,0.0
641,2610,Sprint #1 April 2015,-65,16,10,80,0,0,0,0,10,80,0,0,0,0,1,14,20.0,12.0,4.0,28.0,4.0,2.0,0.0,45.0,5.767441860465116,2.0,8.983681526874227,80.70653377630123,45.0,0.0,2.0,0.8837209302325582,1.0,0.4477085747278338,0.20044296788482838,2.0,0.0,2.0,1.0465116279069768,1.0,0.30499714066520933,0.09302325581395349,2.0,0.0,18.0,1.8604651162790697,1.0,3.4335972761386184,11.789590254706539,18.0,0.0,7.0,0.27906976744186046,0.0,1.1196424045489841,1.2535991140642309,7.0,0.0,1.0,0.06976744186046512,0.0,0.25776963111323353,0.0664451827242525,1.0,0.0,28.0,5.232558139534884,2.0,6.913882546842933,47.801771871539316,28.0,0.0,1.0,0.23255813953488372,0.0,0.4274625743754584,0.18272425249169433,1.0,0.0,7.0,0.8372093023255814,0.0,1.4130384781964669,1.996677740863787,7.0,31.0,12.0,6.0,1.0,8.0,0.0,0.0,1.0,0.0,0.0,0.0,0.0
641,2902,2015/S9 (27-Apr > 10-May),0,12,0,0,0,0,0,0,0,0,0,0,0,0,1,1,0.0,1.0,0.0,0.0,0.0,0.0,0.0,0.0,0.0,0.0,0.0,0.0,0.0,1.0,1.0,1.0,1.0,0.0,0.0,0.0,1.0,1.0,1.0,1.0,0.0,0.0,0.0,0.0,0.0,0.0,0.0,0.0,0.0,0.0,0.0,0.0,0.0,0.0,0.0,0.0,0.0,0.0,0.0,0.0,0.0,0.0,0.0,0.0,0.0,0.0,0.0,0.0,0.0,0.0,0.0,0.0,0.0,0.0,0.0,0.0,0.0,0.0,0.0,0.0,0.0,0.0,0.0,0.0,0.0,1.0,0.0,0.0,0.0,1.0,0.0,0.0,0.0,0.0,0.0,0.0,0.0
641,2922,Sprint #2 April 2015,-8,11,39,74,20,20,8,43,20,20,7,7,24,24,1,21,44.0,18.0,33.0,59.0,31.0,15.0,0.0,46.0,4.336065573770492,1.0,7.255218305249097,52.63819265682159,46.0,0.0,2.0,0.639344262295082,1.0,0.5311078981829033,0.2820755995122612,2.0,1.0,2.0,1.0245901639344261,1.0,0.15551114089921197,0.024183714943774557,1.0,0.0,18.0,1.5491803278688525,0.0,2.7184781201119064,7.390123289527165,18.0,0.0,7.0,0.14754098360655737,0.0,0.700320247258128,0.49044844871968557,7.0,0.0,9.0,0.13934426229508196,0.0,0.8558556085302922,0.7324888226527567,9.0,0.0,24.0,3.5327868852459017,1.0,4.285637027451841,18.36668473106625,24.0,0.0,2.0,0.12295081967213115,0.0,0.3539124618025724,0.12525403061915727,2.0,0.0,10.0,0.5081967213114754,0.0,1.2612855939122785,1.5908413494106488,10.0,84.0,38.0,15.0,12.0,15.0,0.0,2.0,0.0,0.0,0.0,0.0,0.0
641,3002,Sprint #3 May 2015,-96,11,60,129,8,8,2,2,45,96,7,9,14,30,1,19,42.0,18.0,10.0,64.0,12.0,7.0,0.0,42.0,5.043010752688172,2.0,7.282966993481708,53.041608228143986,42.0,0.0,4.0,0.7849462365591398,1.0,0.5681675802542652,0.3228143992519868,4.0,1.0,2.0,1.043010752688172,1.0,0.20398095044388956,0.04160822814399253,1.0,0.0,18.0,1.7741935483870968,1.0,3.096734016803427,9.58976157082749,18.0,0.0,7.0,0.1827956989247312,0.0,0.806848896999925,0.6510051425899955,7.0,0.0,9.0,0.17204301075268819,0.0,0.9626012754621047,0.9266012155212707,9.0,0.0,27.0,3.5591397849462365,3.0,4.2871455122600235,18.379616643291257,27.0,0.0,1.0,0.08602150537634409,0.0,0.28191557395227324,0.07947639083683965,1.0,0.0,12.0,0.5913978494623656,0.0,1.505327922817057,2.2660121552127155,12.0,49.0,44.0,12.0,9.0,8.0,2.0,2.0,0.0,0.0,0.0,0.0,0.0
641,3022,Sprint #4 May 2015,-74,17,62,155,6,6,4,4,49,142,4,4,11,11,1,18,51.0,17.0,6.0,70.0,10.0,10.0,0.0,29.0,3.96,1.5,5.977939241557878,35.735757575757575,29.0,0.0,4.0,0.87,1.0,0.5056249258655724,0.2556565656565656,4.0,1.0,2.0,1.04,1.0,0.19694638556693236,0.03878787878787879,1.0,0.0,14.0,1.83,1.0,2.8676354952004157,8.223333333333333,14.0,0.0,7.0,0.17,0.0,0.7792122414154677,0.6071717171717171,7.0,0.0,9.0,0.22,0.0,0.9700567514378223,0.941010101010101,9.0,0.0,13.0,2.76,1.0,3.6296200096072613,13.174141414141415,13.0,0.0,1.0,0.11,0.0,0.3144660377352202,0.09888888888888892,1.0,0.0,12.0,0.68,0.0,1.7631468653197524,3.1086868686868687,12.0,52.0,48.0,12.0,12.0,9.0,2.0,1.0,0.0,0.0,0.0,0.0,0.0
641,3082,08-Jun -> 21-Jun 2015-JBDS/JBT,0,14,0,0,0,0,0,0,0,0,0,0,0,0,1,1,0.0,0.0,2.0,1.0,0.0,0.0,5.0,6.0,5.5,5.5,0.7071067811865476,0.5,1.0,0.0,0.0,0.0,0.0,0.0,0.0,0.0,0.0,1.0,0.5,0.5,0.7071067811865476,0.5,1.0,0.0,0.0,0.0,0.0,0.0,0.0,0.0,0.0,0.0,0.0,0.0,0.0,0.0,0.0,0.0,0.0,0.0,0.0,0.0,0.0,0.0,0.0,1.0,0.5,0.5,0.7071067811865476,0.5,1.0,0.0,0.0,0.0,0.0,0.0,0.0,0.0,0.0,1.0,0.5,0.5,0.7071067811865476,0.5,1.0,0.0,2.0,0.0,0.0,1.0,0.0,0.0,0.0,0.0,0.0,0.0,0.0
641,3142,22-Jun >> 05-Jul 2015-JBDS/JBT,0,14,0,0,1,1,1,1,0,0,0,0,0,0,1,5,1.0,0.0,2.0,1.0,1.0,0.0,6.0,11.0,8.0,7.0,2.6457513110645907,7.0,5.0,0.0,1.0,0.6666666666666666,1.0,0.5773502691896258,0.33333333333333337,1.0,1.0,1.0,1.0,1.0,0.0,0.0,0.0,0.0,3.0,1.0,0.0,1.7320508075688772,3.0,3.0,0.0,0.0,0.0,0.0,0.0,0.0,0.0,0.0,0.0,0.0,0.0,0.0,0.0,0.0,0.0,1.0,0.6666666666666666,1.0,0.5773502691896258,0.33333333333333337,1.0,0.0,0.0,0.0,0.0,0.0,0.0,0.0,0.0,3.0,1.3333333333333333,1.0,1.5275252316519465,2.333333333333333,3.0,1.0,2.0,0.0,0.0,1.0,0.0,0.0,0.0,0.0,0.0,0.0,0.0
641,3172,Sprint #5 Jun 2015,-31,18,2,4,38,42,2,4,33,37,0,0,5,5,1,17,25.0,8.0,7.0,39.0,7.0,3.0,0.0,33.0,4.8545454545454545,2.0,6.617648071125117,43.79326599326599,33.0,0.0,2.0,0.8545454545454545,1.0,0.4045199174779454,0.16363636363636377,2.0,1.0,2.0,1.0363636363636364,1.0,0.18891859540615819,0.035690235690235696,1.0,0.0,12.0,1.8545454545454545,1.0,2.6626231970675627,7.089562289562288,12.0,0.0,2.0,0.07272727272727272,0.0,0.3251521270481031,0.10572390572390576,2.0,0.0,1.0,0.07272727272727272,0.0,0.26208179770229884,0.0686868686868687,1.0,0.0,15.0,4.181818181818182,3.0,4.359285148205724,19.003367003367,15.0,0.0,1.0,0.18181818181818182,0.0,0.38924947208076155,0.15151515151515157,1.0,0.0,12.0,0.8909090909090909,0.0,2.2580943069300496,5.098989898989901,12.0,36.0,19.0,8.0,5.0,5.0,2.0,1.0,0.0,0.0,0.0,0.0,0.0
641,3182,Sprint #6 July 2015,-34,18,40,53,2,39,2,39,40,53,0,0,0,0,1,18,22.0,10.0,7.0,45.0,3.0,4.0,0.0,22.0,4.7368421052631575,3.0,5.639548854136781,31.804511278195488,22.0,0.0,2.0,0.8596491228070176,1.0,0.3981473386299918,0.15852130325814537,2.0,1.0,2.0,1.0175438596491229,1.0,0.13245323570650439,0.017543859649122806,1.0,0.0,12.0,1.894736842105263,1.0,2.609626482073603,6.810150375939849,12.0,0.0,2.0,0.10526315789473684,0.0,0.40901495459543624,0.16729323308270677,2.0,0.0,1.0,0.08771929824561403,0.0,0.28540083056153326,0.08145363408521301,1.0,0.0,15.0,3.9649122807017543,2.0,4.3299823171888265,18.748746867167917,15.0,0.0,1.0,0.15789473684210525,0.0,0.36788360369097944,0.13533834586466162,1.0,0.0,12.0,0.9473684210526315,0.0,2.247387790235421,5.050751879699248,12.0,35.0,22.0,8.0,8.0,3.0,2.0,2.0,0.0,0.0,0.0,0.0,0.0
661,990,Sprint 1,-4,5,6,16,0,0,0,0,5,14,0,0,1,2,3,1,1.0,4.0,0.0,5.0,0.0,0.0,0.0,5.0,1.3333333333333333,0.5,1.9663841605003503,3.866666666666667,5.0,1.0,1.0,1.0,1.0,0.0,0.0,0.0,1.0,1.0,1.0,1.0,0.0,0.0,0.0,0.0,4.0,1.6666666666666667,1.0,1.505545305418162,2.2666666666666666,4.0,0.0,1.0,0.3333333333333333,0.0,0.5163977794943223,0.2666666666666667,1.0,0.0,1.0,0.16666666666666666,0.0,0.408248290463863,0.16666666666666669,1.0,0.0,5.0,2.0,1.0,2.449489742783178,6.0,5.0,0.0,1.0,0.16666666666666666,0.0,0.408248290463863,0.16666666666666669,1.0,0.0,1.0,0.5,0.5,0.5477225575051661,0.3,1.0,3.0,3.0,0.0,1.0,1.0,0.0,0.0,0.0,0.0,0.0,0.0,0.0
661,1101,Sprint 2,-2,2,3,6,0,0,0,0,2,4,0,0,1,2,3,2,0.0,2.0,1.0,4.0,0.0,0.0,0.0,3.0,0.75,0.0,1.5,2.25,3.0,0.0,1.0,0.5,0.5,0.5773502691896257,0.3333333333333333,1.0,1.0,1.0,1.0,1.0,0.0,0.0,0.0,0.0,3.0,1.25,1.0,1.2583057392117916,1.5833333333333333,3.0,0.0,1.0,0.25,0.0,0.5,0.25,1.0,0.0,1.0,0.25,0.0,0.5,0.25,1.0,0.0,4.0,1.25,0.5,1.8929694486000912,3.5833333333333335,4.0,0.0,0.0,0.0,0.0,0.0,0.0,0.0,0.0,1.0,0.5,0.5,0.5773502691896257,0.3333333333333333,1.0,2.0,2.0,0.0,1.0,0.0,0.0,0.0,0.0,0.0,0.0,0.0,0.0
661,1131,Sprint 3,-2,4,2,4,0,0,0,0,2,4,0,0,0,0,3,1,0.0,2.0,6.0,8.0,0.0,0.0,0.0,0.0,0.0,0.0,0.0,0.0,0.0,0.0,1.0,0.25,0.0,0.4629100498862757,0.21428571428571427,1.0,1.0,1.0,1.0,1.0,0.0,0.0,0.0,0.0,2.0,0.5,0.0,0.9258200997725514,0.8571428571428571,2.0,0.0,0.0,0.0,0.0,0.0,0.0,0.0,0.0,0.0,0.0,0.0,0.0,0.0,0.0,0.0,0.0,0.0,0.0,0.0,0.0,0.0,0.0,0.0,0.0,0.0,0.0,0.0,0.0,0.0,1.0,0.25,0.0,0.4629100498862757,0.21428571428571427,1.0,3.0,5.0,0.0,0.0,0.0,0.0,0.0,0.0,0.0,0.0,0.0,0.0
661,1211,Sprint 4,-2,5,2,4,0,0,0,0,1,2,1,2,0,0,3,1,0.0,1.0,3.0,5.0,0.0,0.0,0.0,2.0,1.0,1.0,0.7071067811865476,0.5,2.0,0.0,1.0,0.2,0.0,0.44721359549995804,0.20000000000000007,1.0,1.0,1.0,1.0,1.0,0.0,0.0,0.0,0.0,2.0,0.8,0.0,1.0954451150103324,1.2000000000000002,2.0,0.0,0.0,0.0,0.0,0.0,0.0,0.0,0.0,0.0,0.0,0.0,0.0,0.0,0.0,0.0,0.0,0.0,0.0,0.0,0.0,0.0,0.0,0.0,0.0,0.0,0.0,0.0,0.0,1.0,3.0,2.0,2.0,0.7071067811865476,0.5,2.0,2.0,3.0,0.0,1.0,0.0,0.0,0.0,0.0,0.0,0.0,0.0,0.0
661,1271,Sprint 5,-4,4,5,10,1,2,0,0,4,8,0,0,2,4,3,1,0.0,5.0,5.0,11.0,0.0,0.0,0.0,2.0,0.8181818181818182,1.0,0.7507571935295483,0.5636363636363636,2.0,0.0,1.0,0.7272727272727273,1.0,0.46709936649691375,0.21818181818181817,1.0,1.0,1.0,1.0,1.0,0.0,0.0,0.0,0.0,4.0,1.0,0.0,1.4142135623730951,2.0,4.0,0.0,0.0,0.0,0.0,0.0,0.0,0.0,0.0,1.0,0.09090909090909091,0.0,0.3015113445777636,0.09090909090909088,1.0,0.0,0.0,0.0,0.0,0.0,0.0,0.0,0.0,0.0,0.0,0.0,0.0,0.0,0.0,0.0,10.0,2.1818181818181817,2.0,2.8572077914699108,8.163636363636366,10.0,5.0,6.0,0.0,1.0,0.0,0.0,0.0,0.0,0.0,0.0,0.0,0.0
661,1311,Sprint 6 w5,0,4,2,4,0,0,0,0,2,4,0,0,0,0,3,1,0.0,2.0,0.0,2.0,0.0,0.0,2.0,3.0,2.5,2.5,0.7071067811865476,0.5,1.0,1.0,1.0,1.0,1.0,0.0,0.0,0.0,1.0,1.0,1.0,1.0,0.0,0.0,0.0,3.0,5.0,4.0,4.0,1.4142135623730951,2.0,2.0,0.0,0.0,0.0,0.0,0.0,0.0,0.0,0.0,0.0,0.0,0.0,0.0,0.0,0.0,0.0,0.0,0.0,0.0,0.0,0.0,0.0,0.0,0.0,0.0,0.0,0.0,0.0,0.0,3.0,4.0,3.5,3.5,0.7071067811865476,0.5,1.0,2.0,0.0,0.0,0.0,0.0,0.0,0.0,0.0,0.0,0.0,0.0,0.0
661,1321,Sprint 7 w4 (CR1 build out),-2,10,5,10,2,4,0,0,6,12,0,0,1,2,3,1,1.0,2.0,6.0,13.0,0.0,0.0,0.0,3.0,1.1538461538461537,0.0,1.4051188470584879,1.9743589743589745,3.0,1.0,1.0,1.0,1.0,0.0,0.0,0.0,0.0,1.0,0.9230769230769231,1.0,0.2773500981126146,0.07692307692307694,1.0,0.0,6.0,1.3076923076923077,1.0,1.6525039276108335,2.7307692307692313,6.0,0.0,1.0,0.07692307692307693,0.0,0.2773500981126146,0.07692307692307694,1.0,0.0,1.0,0.07692307692307693,0.0,0.2773500981126146,0.07692307692307694,1.0,0.0,0.0,0.0,0.0,0.0,0.0,0.0,0.0,0.0,0.0,0.0,0.0,0.0,0.0,0.0,11.0,2.5384615384615383,1.0,3.4788739704916165,12.102564102564104,11.0,5.0,8.0,1.0,3.0,0.0,0.0,0.0,0.0,0.0,0.0,0.0,0.0
661,1681,2014/S1 (3-Feb > 16-Feb),-4,13,5,10,1,2,0,0,5,10,1,2,0,0,3,3,2.0,3.0,6.0,9.0,0.0,0.0,0.0,9.0,1.5384615384615385,0.0,3.152125859780576,9.935897435897436,9.0,0.0,1.0,0.3076923076923077,0.0,0.48038446141526137,0.23076923076923075,1.0,1.0,1.0,1.0,1.0,0.0,0.0,0.0,0.0,1.0,0.3076923076923077,0.0,0.48038446141526137,0.23076923076923075,1.0,0.0,0.0,0.0,0.0,0.0,0.0,0.0,0.0,0.0,0.0,0.0,0.0,0.0,0.0,0.0,4.0,0.6153846153846154,0.0,1.1929278784054478,1.4230769230769227,4.0,0.0,1.0,0.15384615384615385,0.0,0.37553380809940534,0.141025641025641,1.0,0.0,1.0,0.07692307692307693,0.0,0.2773500981126146,0.07692307692307694,1.0,12.0,1.0,1.0,1.0,4.0,0.0,0.0,0.0,0.0,0.0,0.0,0.0
661,1751,2014/S2 (17-Feb > 2-Mar),0,14,4,8,1,2,0,0,3,6,0,0,2,4,3,3,0.0,4.0,13.0,9.0,0.0,7.0,0.0,17.0,3.388888888888889,1.0,4.089281382128433,16.72222222222222,17.0,0.0,1.0,0.5555555555555556,1.0,0.5113099925649136,0.26143790849673204,1.0,0.0,1.0,0.9444444444444444,1.0,0.23570226039551584,0.05555555555555556,1.0,0.0,2.0,0.3888888888888889,0.0,0.6978023391872253,0.48692810457516345,2.0,0.0,0.0,0.0,0.0,0.0,0.0,0.0,0.0,0.0,0.0,0.0,0.0,0.0,0.0,0.0,2.0,0.5,0.0,0.6183469424008423,0.38235294117647056,2.0,0.0,1.0,0.1111111111111111,0.0,0.3233808333817773,0.10457516339869281,1.0,0.0,1.0,0.2222222222222222,0.0,0.42779263194649864,0.18300653594771243,1.0,17.0,1.0,1.0,0.0,2.0,0.0,0.0,0.0,0.0,0.0,0.0,0.0
661,1811,2014/S3 (3-Mar > 16-Mar),-2,14,5,10,0,0,0,0,4,8,0,0,1,2,3,1,1.0,3.0,0.0,1.0,0.0,1.0,0.0,0.0,0.0,0.0,0.0,0.0,0.0,0.0,1.0,0.2,0.0,0.447213595499958,0.20000000000000004,1.0,1.0,1.0,1.0,1.0,0.0,0.0,0.0,0.0,1.0,0.8,1.0,0.44721359549995804,0.20000000000000007,1.0,0.0,0.0,0.0,0.0,0.0,0.0,0.0,0.0,0.0,0.0,0.0,0.0,0.0,0.0,0.0,1.0,0.2,0.0,0.44721359549995804,0.20000000000000007,1.0,0.0,1.0,0.4,0.0,0.5477225575051662,0.30000000000000004,1.0,0.0,1.0,0.6,1.0,0.5477225575051662,0.30000000000000004,1.0,4.0,1.0,0.0,1.0,3.0,0.0,0.0,0.0,0.0,0.0,0.0,0.0
661,1821,2014/S4 (17-Mar > 30-Mar),2,13,3,6,0,0,0,0,0,0,1,2,2,4,3,1,0.0,1.0,0.0,2.0,0.0,2.0,0.0,1.0,0.5,0.5,0.5773502691896257,0.3333333333333333,1.0,0.0,1.0,0.25,0.0,0.5,0.25,1.0,1.0,1.0,1.0,1.0,0.0,0.0,0.0,0.0,4.0,1.0,0.0,2.0,4.0,4.0,0.0,0.0,0.0,0.0,0.0,0.0,0.0,0.0,0.0,0.0,0.0,0.0,0.0,0.0,0.0,1.0,0.25,0.0,0.5,0.25,1.0,0.0,1.0,0.5,0.5,0.5773502691896257,0.3333333333333333,1.0,0.0,6.0,1.75,0.5,2.8722813232690143,8.25,6.0,2.0,2.0,1.0,2.0,0.0,0.0,0.0,0.0,0.0,0.0,0.0,0.0
661,1831,2014/S5 (31-Mar > 13-Apr),-14,14,7,14,12,24,0,0,13,26,1,2,5,10,3,1,1.0,8.0,0.0,18.0,0.0,1.0,0.0,5.0,1.368421052631579,1.0,1.5351629054269225,2.3567251461988303,5.0,0.0,1.0,0.7894736842105263,1.0,0.41885390829169555,0.1754385964912281,1.0,1.0,1.0,1.0,1.0,0.0,0.0,0.0,0.0,5.0,1.3157894736842106,1.0,1.4162796168893959,2.005847953216374,5.0,0.0,1.0,0.05263157894736842,0.0,0.22941573387056177,0.05263157894736842,1.0,0.0,5.0,1.0526315789473684,1.0,1.3529262199858298,1.830409356725146,5.0,0.0,2.0,0.2631578947368421,0.0,0.6533762964749499,0.42690058479532167,2.0,0.0,0.0,0.0,0.0,0.0,0.0,0.0,0.0,3.0,0.7368421052631579,0.0,0.9911892555667042,0.9824561403508772,3.0,11.0,8.0,6.0,4.0,0.0,0.0,0.0,0.0,0.0,0.0,0.0,0.0
661,1950,2014/S5 (14-Apr > 27-Apr),0,14,0,0,0,0,0,0,0,0,0,0,0,0,3,1,0.0,0.0,0.0,0.0,0.0,0.0,0.0,0.0,0.0,0.0,0.0,0.0,0.0,0.0,0.0,0.0,0.0,0.0,0.0,0.0,0.0,0.0,0.0,0.0,0.0,0.0,0.0,0.0,0.0,0.0,0.0,0.0,0.0,0.0,0.0,0.0,0.0,0.0,0.0,0.0,0.0,0.0,0.0,0.0,0.0,0.0,0.0,0.0,0.0,0.0,0.0,0.0,0.0,0.0,0.0,0.0,0.0,0.0,0.0,0.0,0.0,0.0,0.0,0.0,0.0,0.0,0.0,0.0,0.0,0.0,0.0,0.0,0.0,0.0,0.0,0.0,0.0,0.0,0.0,0.0,0.0
661,2080,2014/S8 (12-May > 25-May),0,13,0,0,0,0,0,0,0,0,0,0,0,0,3,1,0.0,0.0,0.0,0.0,0.0,0.0,0.0,0.0,0.0,0.0,0.0,0.0,0.0,0.0,0.0,0.0,0.0,0.0,0.0,0.0,0.0,0.0,0.0,0.0,0.0,0.0,0.0,0.0,0.0,0.0,0.0,0.0,0.0,0.0,0.0,0.0,0.0,0.0,0.0,0.0,0.0,0.0,0.0,0.0,0.0,0.0,0.0,0.0,0.0,0.0,0.0,0.0,0.0,0.0,0.0,0.0,0.0,0.0,0.0,0.0,0.0,0.0,0.0,0.0,0.0,0.0,0.0,0.0,0.0,0.0,0.0,0.0,0.0,0.0,0.0,0.0,0.0,0.0,0.0,0.0,0.0
661,2090,2014/S9 (26-May > 8-Jun),-6,13,2,4,1,2,0,0,2,4,1,2,0,0,3,2,2.0,0.0,12.0,14.0,0.0,0.0,0.0,0.0,0.0,0.0,0.0,0.0,0.0,0.0,1.0,0.1875,0.0,0.4031128874149275,0.1625,1.0,0.0,1.0,0.9375,1.0,0.25,0.0625,1.0,0.0,5.0,0.5,0.0,1.4142135623730951,2.0,5.0,0.0,0.0,0.0,0.0,0.0,0.0,0.0,0.0,5.0,0.3125,0.0,1.25,1.5625,5.0,0.0,2.0,0.4375,0.0,0.7274384280931732,0.5291666666666667,2.0,0.0,0.0,0.0,0.0,0.0,0.0,0.0,0.0,4.0,1.125,0.0,1.4548768561863463,2.1166666666666667,4.0,9.0,7.0,1.0,1.0,2.0,0.0,0.0,0.0,0.0,0.0,0.0,0.0
661,2140,2014/S10 (9-Jun > 22-Jun),0,12,5,10,0,0,3,6,2,4,0,0,0,0,3,2,2.0,1.0,18.0,20.0,0.0,1.0,0.0,1.0,0.043478260869565216,0.0,0.2085144140570748,0.04347826086956523,1.0,0.0,1.0,0.13043478260869565,0.0,0.34435022157509093,0.11857707509881421,1.0,0.0,1.0,0.9565217391304348,1.0,0.2085144140570748,0.04347826086956523,1.0,0.0,5.0,0.5217391304347826,0.0,1.4100149972571634,1.9881422924901186,5.0,0.0,0.0,0.0,0.0,0.0,0.0,0.0,0.0,5.0,0.21739130434782608,0.0,1.0425720702853736,1.0869565217391302,5.0,0.0,2.0,0.391304347826087,0.0,0.7223151185146154,0.5217391304347829,2.0,0.0,0.0,0.0,0.0,0.0,0.0,0.0,0.0,4.0,0.8260869565217391,0.0,1.3021720984236471,1.6956521739130443,4.0,12.0,11.0,1.0,1.0,2.0,0.0,0.0,0.0,0.0,0.0,0.0,0.0
661,2160,2014/S11 (23-Jun > 6-Jul),0,13,0,0,0,0,0,0,0,0,0,0,0,0,3,2,0.0,0.0,18.0,18.0,0.0,0.0,0.0,7.0,1.0,0.0,1.8786728732554485,3.5294117647058822,7.0,0.0,0.0,0.0,0.0,0.0,0.0,0.0,1.0,1.0,1.0,1.0,0.0,0.0,0.0,0.0,0.0,0.0,0.0,0.0,0.0,0.0,0.0,0.0,0.0,0.0,0.0,0.0,0.0,0.0,0.0,0.0,0.0,0.0,0.0,0.0,0.0,1.0,0.16666666666666666,0.0,0.3834824944236852,0.14705882352941177,1.0,0.0,0.0,0.0,0.0,0.0,0.0,0.0,0.0,4.0,0.8888888888888888,0.0,1.323493100445977,1.7516339869281046,4.0,10.0,8.0,0.0,0.0,0.0,0.0,0.0,0.0,0.0,0.0,0.0,0.0
661,2170,2014/S12 (7-Jul > 20-Jul),-4,14,0,0,2,4,0,0,2,4,0,0,0,0,3,2,0.0,1.0,19.0,21.0,0.0,0.0,0.0,7.0,0.9523809523809523,0.0,1.745743121887939,3.047619047619047,7.0,0.0,0.0,0.0,0.0,0.0,0.0,0.0,1.0,1.0,1.0,1.0,0.0,0.0,0.0,0.0,2.0,0.09523809523809523,0.0,0.43643578047198484,0.19047619047619052,2.0,0.0,0.0,0.0,0.0,0.0,0.0,0.0,0.0,1.0,0.047619047619047616,0.0,0.21821789023599242,0.04761904761904763,1.0,0.0,2.0,0.23809523809523808,0.0,0.5389584311207967,0.2904761904761905,2.0,0.0,0.0,0.0,0.0,0.0,0.0,0.0,0.0,4.0,0.8571428571428571,0.0,1.2761549390929883,1.6285714285714286,4.0,10.0,11.0,0.0,1.0,0.0,0.0,0.0,0.0,0.0,0.0,0.0,0.0
661,2300,2014/S13 (21-Jul > 3-Aug),-4,14,5,10,0,0,0,0,4,8,0,0,1,2,3,2,0.0,2.0,13.0,17.0,0.0,1.0,0.0,1.0,0.2777777777777778,0.0,0.4608885989624768,0.21241830065359477,1.0,0.0,1.0,0.05555555555555555,0.0,0.23570226039551584,0.05555555555555556,1.0,1.0,1.0,1.0,1.0,0.0,0.0,0.0,0.0,3.0,0.3888888888888889,0.0,0.8498365855987975,0.7222222222222223,3.0,0.0,0.0,0.0,0.0,0.0,0.0,0.0,0.0,2.0,0.16666666666666666,0.0,0.5144957554275265,0.2647058823529411,2.0,0.0,4.0,0.7777777777777778,0.0,1.3527990831890464,1.8300653594771243,4.0,0.0,0.0,0.0,0.0,0.0,0.0,0.0,0.0,4.0,1.0,0.5,1.2833778958394957,1.6470588235294117,4.0,7.0,11.0,0.0,3.0,0.0,0.0,0.0,0.0,0.0,0.0,0.0,0.0
661,2360,2014/S15 (18-Aug > 31-Aug),-2,13,0,0,2,4,0,0,2,4,0,0,0,0,3,1,0.0,1.0,7.0,10.0,0.0,0.0,0.0,2.0,0.2,0.0,0.6324555320336759,0.4000000000000001,2.0,0.0,0.0,0.0,0.0,0.0,0.0,0.0,0.0,1.0,0.4,0.0,0.5163977794943223,0.2666666666666667,1.0,0.0,1.0,0.2,0.0,0.42163702135578396,0.17777777777777784,1.0,0.0,1.0,0.2,0.0,0.42163702135578396,0.17777777777777784,1.0,0.0,0.0,0.0,0.0,0.0,0.0,0.0,0.0,1.0,0.1,0.0,0.31622776601683794,0.10000000000000002,1.0,0.0,0.0,0.0,0.0,0.0,0.0,0.0,0.0,3.0,0.8,0.0,1.1352924243950935,1.288888888888889,3.0,7.0,3.0,0.0,1.0,0.0,1.0,0.0,0.0,0.0,0.0,0.0,0.0
661,2370,2014/S16 (1-Sep > 14-Sep),-2,6,1,2,0,0,0,0,1,2,0,0,0,0,3,1,0.0,0.0,6.0,7.0,0.0,0.0,0.0,2.0,1.2857142857142858,2.0,0.9511897312113418,0.9047619047619047,2.0,0.0,0.0,0.0,0.0,0.0,0.0,0.0,0.0,1.0,0.14285714285714285,0.0,0.3779644730092273,0.1428571428571429,1.0,0.0,1.0,0.2857142857142857,0.0,0.48795003647426666,0.23809523809523814,1.0,0.0,1.0,0.2857142857142857,0.0,0.48795003647426666,0.23809523809523814,1.0,0.0,0.0,0.0,0.0,0.0,0.0,0.0,0.0,0.0,0.0,0.0,0.0,0.0,0.0,0.0,0.0,0.0,0.0,0.0,0.0,0.0,0.0,3.0,1.1428571428571428,1.0,1.2149857925879117,1.4761904761904763,3.0,6.0,1.0,0.0,0.0,0.0,1.0,0.0,0.0,0.0,0.0,0.0,0.0
661,2470,2014/S17 (15-Sep > 28-Sep),2,12,3,6,0,0,0,0,1,2,0,0,2,4,3,1,0.0,1.0,0.0,5.0,0.0,1.0,0.0,1.0,0.16666666666666666,0.0,0.408248290463863,0.16666666666666669,1.0,0.0,1.0,0.16666666666666666,0.0,0.408248290463863,0.16666666666666669,1.0,1.0,1.0,1.0,1.0,0.0,0.0,0.0,0.0,2.0,0.5,0.0,0.8366600265340756,0.7,2.0,0.0,0.0,0.0,0.0,0.0,0.0,0.0,0.0,0.0,0.0,0.0,0.0,0.0,0.0,0.0,4.0,1.1666666666666667,0.5,1.602081978759722,2.5666666666666664,4.0,0.0,0.0,0.0,0.0,0.0,0.0,0.0,0.0,2.0,0.6666666666666666,0.5,0.816496580927726,0.6666666666666667,2.0,2.0,4.0,1.0,3.0,0.0,1.0,0.0,0.0,0.0,0.0,0.0,0.0
661,2520,2014/S18 (29-Sep > 12-Oct),-10,14,8,16,1,2,1,2,1,2,6,12,1,2,3,1,0.0,1.0,0.0,7.0,0.0,2.0,0.0,1.0,0.5555555555555556,1.0,0.5270462766947299,0.2777777777777778,1.0,0.0,1.0,0.1111111111111111,0.0,0.3333333333333333,0.1111111111111111,1.0,1.0,1.0,1.0,1.0,0.0,0.0,0.0,0.0,3.0,0.3333333333333333,0.0,0.9999999999999999,0.9999999999999999,3.0,0.0,0.0,0.0,0.0,0.0,0.0,0.0,0.0,0.0,0.0,0.0,0.0,0.0,0.0,0.0,2.0,0.4444444444444444,0.0,0.8819171036881969,0.7777777777777778,2.0,0.0,1.0,0.1111111111111111,0.0,0.3333333333333333,0.1111111111111111,1.0,0.0,1.0,0.1111111111111111,0.0,0.3333333333333333,0.1111111111111111,1.0,1.0,8.0,0.0,7.0,0.0,1.0,0.0,0.0,0.0,0.0,0.0,0.0
661,2550,2014/S19 (13-Oct > 26-Oct),-2,13,10,20,3,6,0,0,8,16,5,10,0,0,3,2,0.0,2.0,1.0,15.0,1.0,1.0,0.0,7.0,2.0588235294117645,1.0,2.1056646289026575,4.433823529411765,7.0,0.0,2.0,0.29411764705882354,0.0,0.5878675320972555,0.3455882352941177,2.0,0.0,1.0,0.9411764705882353,1.0,0.242535625036333,0.05882352941176471,1.0,0.0,3.0,0.5882352941176471,0.0,1.0641207361838554,1.1323529411764706,3.0,0.0,0.0,0.0,0.0,0.0,0.0,0.0,0.0,0.0,0.0,0.0,0.0,0.0,0.0,0.0,3.0,0.47058823529411764,0.0,0.9432422182837985,0.889705882352941,3.0,0.0,1.0,0.11764705882352941,0.0,0.3321055820775357,0.1102941176470588,1.0,0.0,2.0,0.17647058823529413,0.0,0.5285941398709244,0.27941176470588236,2.0,5.0,12.0,0.0,14.0,0.0,0.0,0.0,0.0,0.0,0.0,0.0,0.0
661,2560,2014/S20 (27-Oct > 9-Nov),-26,13,14,28,2,4,1,2,14,28,1,2,0,0,3,3,10.0,2.0,1.0,11.0,0.0,0.0,0.0,4.0,0.6190476190476191,0.0,1.1169686869465267,1.247619047619048,4.0,0.0,1.0,0.47619047619047616,0.0,0.511766315719159,0.26190476190476186,1.0,0.0,1.0,0.7142857142857143,1.0,0.4629100498862757,0.21428571428571427,1.0,0.0,3.0,0.38095238095238093,0.0,0.8047478161629565,0.6476190476190478,3.0,0.0,0.0,0.0,0.0,0.0,0.0,0.0,0.0,3.0,0.14285714285714285,0.0,0.6546536707079772,0.4285714285714287,3.0,0.0,1.0,0.23809523809523808,0.0,0.4364357804719847,0.19047619047619044,1.0,0.0,1.0,0.2857142857142857,0.0,0.4629100498862757,0.21428571428571427,1.0,0.0,3.0,0.5238095238095238,0.0,0.8728715609439694,0.7619047619047618,3.0,10.0,11.0,2.0,6.0,10.0,0.0,0.0,0.0,0.0,0.0,0.0,0.0
661,2620,2014/S21 (10-Nov > 23-Nov),-8,5,12,24,0,0,1,2,8,16,3,6,0,0,3,3,5.0,1.0,1.0,8.0,0.0,0.0,0.0,7.0,1.6153846153846154,1.0,2.218800784900916,4.9230769230769225,7.0,0.0,1.0,0.38461538461538464,0.0,0.5063696835418333,0.25641025641025644,1.0,0.0,1.0,0.6923076923076923,1.0,0.48038446141526137,0.23076923076923075,1.0,0.0,3.0,0.23076923076923078,0.0,0.8320502943378437,0.6923076923076924,3.0,0.0,0.0,0.0,0.0,0.0,0.0,0.0,0.0,3.0,0.23076923076923078,0.0,0.8320502943378437,0.6923076923076924,3.0,0.0,1.0,0.23076923076923078,0.0,0.4385290096535146,0.1923076923076923,1.0,0.0,1.0,0.3076923076923077,0.0,0.48038446141526137,0.23076923076923075,1.0,0.0,2.0,0.5384615384615384,0.0,0.6602252917735248,0.43589743589743596,2.0,7.0,6.0,1.0,5.0,5.0,0.0,0.0,0.0,0.0,0.0,0.0,0.0
661,2630,2014/S22 (24-Nov > 7-Dec),-4,13,4,8,2,4,0,0,4,8,0,0,2,4,3,1,3.0,1.0,0.0,7.0,0.0,0.0,0.0,8.0,1.75,1.0,2.659215781283755,7.071428571428571,8.0,0.0,1.0,0.625,1.0,0.5175491695067657,0.26785714285714285,1.0,1.0,1.0,1.0,1.0,0.0,0.0,0.0,0.0,2.0,0.375,0.0,0.7440238091428449,0.5535714285714286,2.0,0.0,0.0,0.0,0.0,0.0,0.0,0.0,0.0,0.0,0.0,0.0,0.0,0.0,0.0,0.0,0.0,0.0,0.0,0.0,0.0,0.0,0.0,0.0,0.0,0.0,0.0,0.0,0.0,0.0,1.0,0.25,0.0,0.4629100498862757,0.21428571428571427,1.0,1.0,7.0,0.0,4.0,1.0,0.0,0.0,0.0,0.0,0.0,0.0,0.0
661,2650,2014/S23 (8-Dec > 21-Dec),0,12,6,12,2,4,0,0,5,10,0,0,3,6,3,3,3.0,1.0,0.0,10.0,0.0,0.0,0.0,8.0,2.0,0.5,2.70801280154532,7.333333333333333,8.0,0.0,1.0,0.6,1.0,0.5163977794943223,0.2666666666666667,1.0,1.0,1.0,1.0,1.0,0.0,0.0,0.0,0.0,3.0,0.6,0.0,0.9660917830792958,0.9333333333333331,3.0,0.0,0.0,0.0,0.0,0.0,0.0,0.0,0.0,3.0,0.3,0.0,0.9486832980505139,0.9000000000000001,3.0,0.0,2.0,0.2,0.0,0.6324555320336759,0.4000000000000001,2.0,0.0,0.0,0.0,0.0,0.0,0.0,0.0,0.0,4.0,0.8,0.0,1.3165611772087666,1.7333333333333336,4.0,5.0,5.0,2.0,4.0,0.0,0.0,0.0,0.0,0.0,0.0,0.0,0.0
661,2682,2014/S24 (22-Dec > 04-Jan),-4,13,5,10,0,0,2,4,2,4,0,0,1,2,3,4,0.0,1.0,0.0,5.0,0.0,0.0,0.0,3.0,1.6,1.0,1.3416407864998738,1.8000000000000003,3.0,0.0,1.0,0.8,1.0,0.4472135954999579,0.2,1.0,1.0,1.0,1.0,1.0,0.0,0.0,0.0,0.0,3.0,1.4,1.0,1.5165750888103102,2.3000000000000003,3.0,0.0,0.0,0.0,0.0,0.0,0.0,0.0,0.0,3.0,1.0,0.0,1.4142135623730951,2.0,3.0,0.0,0.0,0.0,0.0,0.0,0.0,0.0,0.0,0.0,0.0,0.0,0.0,0.0,0.0,0.0,4.0,1.2,0.0,1.7888543819998315,3.1999999999999993,4.0,2.0,3.0,2.0,2.0,0.0,0.0,0.0,0.0,0.0,0.0,0.0,0.0
661,2692,2015/S1 (05-Jan > 18-Jan),0,13,3,6,0,0,0,0,3,6,0,0,0,0,3,2,0.0,0.0,4.0,9.0,0.0,0.0,0.0,1.0,0.3333333333333333,0.0,0.5,0.25,1.0,0.0,1.0,0.5555555555555556,1.0,0.5270462766947299,0.2777777777777778,1.0,1.0,1.0,1.0,1.0,0.0,0.0,0.0,0.0,3.0,0.4444444444444444,0.0,1.0137937550497031,1.0277777777777777,3.0,0.0,0.0,0.0,0.0,0.0,0.0,0.0,0.0,2.0,0.2222222222222222,0.0,0.6666666666666666,0.4444444444444444,2.0,0.0,0.0,0.0,0.0,0.0,0.0,0.0,0.0,0.0,0.0,0.0,0.0,0.0,0.0,0.0,4.0,0.6666666666666666,0.0,1.3228756555322954,1.7500000000000002,4.0,3.0,6.0,1.0,4.0,0.0,0.0,0.0,0.0,0.0,0.0,0.0,0.0
661,2702,2015/S2+3 (19-Jan > 15-Feb),0,12,2,4,0,0,0,0,2,4,0,0,0,0,3,1,0.0,0.0,0.0,2.0,0.0,0.0,0.0,0.0,0.0,0.0,0.0,0.0,0.0,1.0,1.0,1.0,1.0,0.0,0.0,0.0,1.0,1.0,1.0,1.0,0.0,0.0,0.0,1.0,3.0,2.0,2.0,1.4142135623730951,2.0,2.0,0.0,0.0,0.0,0.0,0.0,0.0,0.0,0.0,2.0,1.0,1.0,1.4142135623730951,2.0,2.0,0.0,0.0,0.0,0.0,0.0,0.0,0.0,0.0,0.0,0.0,0.0,0.0,0.0,0.0,1.0,4.0,2.5,2.5,2.1213203435596424,4.5,3.0,1.0,1.0,0.0,2.0,0.0,0.0,0.0,0.0,0.0,0.0,0.0,0.0
661,2762,2015/S4 (16-Feb > 01-Mar),4,14,5,10,1,2,0,0,4,8,1,2,1,2,3,1,3.0,0.0,0.0,6.0,0.0,2.0,0.0,1.0,0.2,0.0,0.42163702135578396,0.17777777777777784,1.0,0.0,1.0,0.9,1.0,0.31622776601683794,0.10000000000000002,1.0,0.0,1.0,0.8,1.0,0.4216370213557839,0.17777777777777778,1.0,0.0,2.0,0.2,0.0,0.6324555320336759,0.4000000000000001,2.0,0.0,0.0,0.0,0.0,0.0,0.0,0.0,0.0,0.0,0.0,0.0,0.0,0.0,0.0,0.0,1.0,0.2,0.0,0.42163702135578396,0.17777777777777784,1.0,0.0,1.0,0.1,0.0,0.31622776601683794,0.10000000000000002,1.0,0.0,0.0,0.0,0.0,0.0,0.0,0.0,4.0,6.0,1.0,6.0,2.0,0.0,0.0,0.0,0.0,0.0,0.0,0.0
661,2772,2015/S5 (02-Mar > 15-Mar),-4,13,5,10,1,2,1,2,1,2,2,4,2,4,3,2,2.0,0.0,0.0,4.0,0.0,1.0,0.0,12.0,2.6666666666666665,0.5,4.718756898449704,22.266666666666673,12.0,1.0,4.0,1.5,1.0,1.224744871391589,1.5,3.0,1.0,1.0,1.0,1.0,0.0,0.0,0.0,0.0,2.0,0.6666666666666666,0.0,1.0327955589886446,1.0666666666666669,2.0,0.0,0.0,0.0,0.0,0.0,0.0,0.0,0.0,0.0,0.0,0.0,0.0,0.0,0.0,0.0,2.0,0.6666666666666666,0.0,1.0327955589886446,1.0666666666666669,2.0,0.0,0.0,0.0,0.0,0.0,0.0,0.0,0.0,1.0,0.3333333333333333,0.0,0.5163977794943223,0.2666666666666667,1.0,2.0,4.0,0.0,4.0,0.0,0.0,1.0,0.0,0.0,0.0,0.0,0.0
661,2782,2015/S6 (16-Mar > 29-Mar),0,14,7,14,1,2,4,8,3,6,0,0,1,2,3,3,2.0,2.0,2.0,10.0,0.0,1.0,0.0,7.0,2.8181818181818183,2.0,2.1362669223756576,4.563636363636364,7.0,0.0,4.0,1.0,1.0,1.0954451150103321,1.2,4.0,0.0,1.0,0.8181818181818182,1.0,0.40451991747794525,0.16363636363636364,1.0,0.0,3.0,0.6363636363636364,0.0,1.0269106361049412,1.0545454545454547,3.0,0.0,0.0,0.0,0.0,0.0,0.0,0.0,0.0,1.0,0.09090909090909091,0.0,0.30151134457776363,0.0909090909090909,1.0,0.0,5.0,0.7272727272727273,0.0,1.555050423035156,2.418181818181818,5.0,0.0,0.0,0.0,0.0,0.0,0.0,0.0,0.0,1.0,0.18181818181818182,0.0,0.4045199174779452,0.16363636363636358,1.0,2.0,9.0,0.0,5.0,0.0,0.0,0.0,0.0,0.0,0.0,0.0,0.0
661,2852,2015/S7 (30-Mar > 12-Apr),0,11,3,6,4,8,3,6,1,2,1,2,2,4,3,2,7.0,1.0,4.0,15.0,0.0,0.0,0.0,5.0,1.3125,0.5,1.7017148213885114,2.8958333333333335,5.0,0.0,4.0,0.625,0.0,1.02469507659596,1.05,4.0,0.0,1.0,0.5,0.5,0.5163977794943222,0.26666666666666666,1.0,0.0,2.0,0.25,0.0,0.5773502691896257,0.3333333333333333,2.0,0.0,0.0,0.0,0.0,0.0,0.0,0.0,0.0,0.0,0.0,0.0,0.0,0.0,0.0,0.0,2.0,0.1875,0.0,0.5439056290693574,0.29583333333333334,2.0,0.0,1.0,0.0625,0.0,0.25,0.0625,1.0,0.0,3.0,0.4375,0.0,0.8139410298049853,0.6625,3.0,3.0,13.0,1.0,3.0,1.0,0.0,0.0,0.0,0.0,0.0,0.0,0.0
661,2872,2015/S8 (13-Apr > 26-Apr),-6,13,7,14,1,2,1,2,2,4,1,2,4,8,3,3,7.0,1.0,3.0,11.0,0.0,0.0,0.0,10.0,2.3333333333333335,2.0,2.806917861068948,7.878787878787878,10.0,0.0,4.0,0.5,0.0,1.1677484162422844,1.3636363636363635,4.0,0.0,1.0,0.5,0.5,0.5222329678670935,0.2727272727272727,1.0,0.0,2.0,0.25,0.0,0.621581560508061,0.38636363636363635,2.0,0.0,0.0,0.0,0.0,0.0,0.0,0.0,0.0,0.0,0.0,0.0,0.0,0.0,0.0,0.0,0.0,0.0,0.0,0.0,0.0,0.0,0.0,1.0,0.08333333333333333,0.0,0.28867513459481287,0.08333333333333331,1.0,0.0,3.0,0.9166666666666666,1.0,0.996204919895622,0.9924242424242425,3.0,3.0,9.0,0.0,1.0,1.0,0.0,0.0,0.0,0.0,0.0,0.0,0.0
661,2902,2015/S9 (27-Apr > 10-May),0,12,3,6,7,14,10,20,0,0,0,0,0,0,3,3,6.0,6.0,0.0,10.0,0.0,0.0,0.0,7.0,1.7142857142857142,0.5,2.5548918817579205,6.527472527472527,7.0,0.0,4.0,0.7857142857142857,1.0,1.05090228108783,1.1043956043956045,4.0,0.0,1.0,0.5714285714285714,1.0,0.5135525910130955,0.26373626373626374,1.0,0.0,3.0,0.7142857142857143,0.5,0.9138735334633754,0.8351648351648352,3.0,0.0,0.0,0.0,0.0,0.0,0.0,0.0,0.0,1.0,0.07142857142857142,0.0,0.2672612419124244,0.07142857142857142,1.0,0.0,5.0,0.42857142857142855,0.0,1.3424596091494903,1.802197802197802,5.0,0.0,1.0,0.14285714285714285,0.0,0.3631365196012815,0.1318681318681319,1.0,0.0,1.0,0.42857142857142855,0.0,0.5135525910130955,0.2637362637362637,1.0,3.0,11.0,1.0,1.0,3.0,0.0,1.0,0.0,0.0,0.0,0.0,0.0
661,2982,11-May -> 24-May 2015-JBDS/JBT,-14,14,9,18,0,0,0,0,2,4,4,8,3,6,3,5,4.0,5.0,3.0,9.0,0.0,0.0,0.0,19.0,7.25,5.0,6.4543854013446476,41.65909090909091,19.0,0.0,1.0,0.6666666666666666,1.0,0.49236596391733095,0.24242424242424246,1.0,0.0,1.0,0.6666666666666666,1.0,0.49236596391733095,0.24242424242424246,1.0,0.0,3.0,0.5833333333333334,0.0,0.90033663737852,0.8106060606060607,3.0,0.0,0.0,0.0,0.0,0.0,0.0,0.0,0.0,1.0,0.08333333333333333,0.0,0.28867513459481287,0.08333333333333331,1.0,0.0,7.0,0.9166666666666666,0.0,2.0207259421636903,4.083333333333333,7.0,0.0,1.0,0.08333333333333333,0.0,0.28867513459481287,0.08333333333333331,1.0,0.0,1.0,0.3333333333333333,0.0,0.49236596391733095,0.24242424242424246,1.0,2.0,10.0,0.0,0.0,2.0,0.0,1.0,0.0,0.0,0.0,0.0,0.0
661,2992,25-May -> 07-Jun 2015-JBDS/JBT,-16,14,14,28,0,0,3,6,5,10,4,8,2,4,3,5,7.0,4.0,4.0,13.0,0.0,0.0,0.0,14.0,2.7222222222222223,0.5,4.098860036006505,16.800653594771248,14.0,0.0,4.0,0.6111111111111112,0.0,0.9785276387866012,0.9575163398692811,4.0,0.0,1.0,0.4444444444444444,0.0,0.5113099925649136,0.26143790849673204,1.0,0.0,3.0,0.3888888888888889,0.0,0.8498365855987975,0.7222222222222223,3.0,0.0,0.0,0.0,0.0,0.0,0.0,0.0,0.0,1.0,0.05555555555555555,0.0,0.23570226039551584,0.05555555555555556,1.0,0.0,7.0,0.6111111111111112,0.0,1.6851911704746592,2.8398692810457518,7.0,0.0,1.0,0.05555555555555555,0.0,0.23570226039551584,0.05555555555555556,1.0,0.0,2.0,0.5,0.0,0.6183469424008423,0.38235294117647056,2.0,3.0,15.0,2.0,1.0,4.0,0.0,1.0,0.0,0.0,0.0,0.0,0.0
661,3082,08-Jun -> 21-Jun 2015-JBDS/JBT,-12,14,13,26,0,0,0,0,13,26,0,0,0,0,3,3,8.0,4.0,2.0,13.0,0.0,0.0,0.0,7.0,2.7058823529411766,3.0,2.3389288649495343,5.470588235294118,7.0,0.0,4.0,0.5294117647058824,0.0,1.007326105267277,1.0147058823529411,4.0,0.0,1.0,0.4117647058823529,0.0,0.5072996561958923,0.25735294117647056,1.0,0.0,2.0,0.29411764705882354,0.0,0.5878675320972554,0.34558823529411764,2.0,0.0,0.0,0.0,0.0,0.0,0.0,0.0,0.0,0.0,0.0,0.0,0.0,0.0,0.0,0.0,1.0,0.23529411764705882,0.0,0.4372373160976031,0.19117647058823528,1.0,0.0,0.0,0.0,0.0,0.0,0.0,0.0,0.0,3.0,0.8235294117647058,1.0,0.8828430011649198,0.7794117647058826,3.0,3.0,14.0,2.0,1.0,3.0,0.0,1.0,0.0,0.0,0.0,0.0,0.0
661,3142,22-Jun >> 05-Jul 2015-JBDS/JBT,-16,14,10,20,0,0,2,4,8,16,0,0,0,0,3,5,2.0,5.0,2.0,8.0,0.0,0.0,0.0,14.0,4.166666666666667,4.0,4.468746688915917,19.969696969696965,14.0,0.0,4.0,0.9166666666666666,1.0,1.0836246694508318,1.1742424242424243,4.0,0.0,1.0,0.75,1.0,0.45226701686664544,0.20454545454545456,1.0,0.0,3.0,0.5833333333333334,0.0,0.996204919895622,0.9924242424242425,3.0,0.0,0.0,0.0,0.0,0.0,0.0,0.0,0.0,1.0,0.08333333333333333,0.0,0.28867513459481287,0.08333333333333331,1.0,0.0,7.0,0.9166666666666666,0.0,1.9752253419585197,3.9015151515151514,7.0,0.0,0.0,0.0,0.0,0.0,0.0,0.0,0.0,1.0,0.5,0.5,0.5222329678670935,0.2727272727272727,1.0,3.0,9.0,2.0,1.0,3.0,0.0,1.0,0.0,0.0,0.0,0.0,0.0
661,3202,06-Jul >> 19-Jul 2015-JBDS/JBT,-20,14,11,22,0,0,1,2,10,20,0,0,0,0,3,5,3.0,6.0,2.0,11.0,0.0,0.0,0.0,14.0,3.3333333333333335,1.0,4.320493798938573,18.666666666666664,14.0,0.0,4.0,0.8,1.0,1.01418510567422,1.0285714285714287,4.0,0.0,1.0,0.6666666666666666,1.0,0.48795003647426666,0.23809523809523814,1.0,0.0,3.0,0.4666666666666667,0.0,0.9154754164341269,0.8380952380952381,3.0,0.0,0.0,0.0,0.0,0.0,0.0,0.0,0.0,1.0,0.06666666666666667,0.0,0.25819888974716115,0.06666666666666668,1.0,0.0,7.0,0.8,0.0,1.7808505191139912,3.1714285714285717,7.0,0.0,0.0,0.0,0.0,0.0,0.0,0.0,0.0,1.0,0.4666666666666667,0.0,0.5163977794943222,0.26666666666666666,1.0,4.0,11.0,3.0,1.0,3.0,0.0,1.0,0.0,0.0,0.0,0.0,0.0
661,3242,20-Jul >> 02-Aug 2015-JBDS/JBT,-8,14,13,26,8,16,7,14,3,6,7,14,4,8,3,4,8.0,9.0,1.0,17.0,0.0,1.0,0.0,14.0,2.3043478260869565,1.0,3.3225781693888865,11.039525691699605,14.0,0.0,4.0,0.782608695652174,1.0,0.8504823091062899,0.7233201581027667,4.0,0.0,1.0,0.6086956521739131,1.0,0.4990108793478453,0.24901185770750986,1.0,0.0,3.0,0.391304347826087,0.0,0.7827184815397383,0.6126482213438738,3.0,0.0,0.0,0.0,0.0,0.0,0.0,0.0,0.0,1.0,0.043478260869565216,0.0,0.2085144140570748,0.04347826086956523,1.0,0.0,7.0,0.6521739130434783,0.0,1.4650068461575654,2.1462450592885367,7.0,0.0,1.0,0.043478260869565216,0.0,0.2085144140570748,0.04347826086956523,1.0,0.0,1.0,0.5217391304347826,1.0,0.5107539184552491,0.26086956521739124,1.0,10.0,13.0,4.0,1.0,4.0,0.0,1.0,0.0,0.0,0.0,0.0,0.0
750,1531,Sprint #3,-4,33,3,6,9,18,0,0,6,12,4,8,2,4,1,2,0.0,7.0,0.0,12.0,1.0,0.0,0.0,3.0,0.5714285714285714,0.0,1.0894095588038446,1.1868131868131873,3.0,0.0,0.0,0.0,0.0,0.0,0.0,0.0,0.0,1.0,0.35714285714285715,0.0,0.49724515809884684,0.2472527472527472,1.0,0.0,2.0,0.42857142857142855,0.0,0.7559289460184544,0.5714285714285714,2.0,0.0,2.0,0.21428571428571427,0.0,0.5789342235218395,0.33516483516483525,2.0,0.0,1.0,0.14285714285714285,0.0,0.3631365196012815,0.1318681318681319,1.0,0.0,1.0,0.07142857142857142,0.0,0.26726124191242434,0.07142857142857141,1.0,0.0,0.0,0.0,0.0,0.0,0.0,0.0,0.0,2.0,0.2857142857142857,0.0,0.6112498455021267,0.3736263736263737,2.0,3.0,11.0,6.0,1.0,1.0,0.0,0.0,0.0,0.0,0.0,0.0,0.0
750,1591,Sprint #4,-26,8,18,36,0,0,0,0,18,36,0,0,0,0,1,5,4.0,1.0,0.0,18.0,0.0,0.0,0.0,3.0,0.3333333333333333,0.0,0.8401680504168059,0.7058823529411765,3.0,0.0,0.0,0.0,0.0,0.0,0.0,0.0,0.0,1.0,0.3333333333333333,0.0,0.48507125007266594,0.23529411764705882,1.0,0.0,2.0,0.2222222222222222,0.0,0.6467616667635546,0.41830065359477125,2.0,0.0,1.0,0.1111111111111111,0.0,0.3233808333817773,0.10457516339869281,1.0,0.0,0.0,0.0,0.0,0.0,0.0,0.0,0.0,1.0,0.1111111111111111,0.0,0.32338083338177726,0.1045751633986928,1.0,0.0,0.0,0.0,0.0,0.0,0.0,0.0,0.0,2.0,0.2222222222222222,0.0,0.6467616667635546,0.41830065359477125,2.0,2.0,16.0,4.0,9.0,0.0,0.0,0.0,0.0,0.0,0.0,0.0,0.0
750,2490,Scripting Sprint,-6,8,14,28,0,0,1,2,12,24,0,0,1,2,1,3,8.0,1.0,0.0,22.0,0.0,0.0,0.0,6.0,0.2727272727272727,0.0,1.2792042981336627,1.6363636363636365,6.0,0.0,1.0,0.09090909090909091,0.0,0.29424494316824984,0.08658008658008656,1.0,0.0,1.0,0.5909090909090909,1.0,0.5032362797401965,0.2532467532467533,1.0,0.0,1.0,0.045454545454545456,0.0,0.2132007163556105,0.04545454545454548,1.0,0.0,1.0,0.045454545454545456,0.0,0.2132007163556105,0.04545454545454548,1.0,0.0,0.0,0.0,0.0,0.0,0.0,0.0,0.0,2.0,0.13636363636363635,0.0,0.4675625290960757,0.21861471861471862,2.0,0.0,1.0,0.045454545454545456,0.0,0.2132007163556105,0.04545454545454548,1.0,0.0,2.0,0.22727272727272727,0.0,0.6119304490372042,0.3744588744588744,2.0,3.0,19.0,5.0,8.0,0.0,0.0,0.0,0.0,0.0,0.0,0.0,0.0
920,2200,Sprint 1,0,7,0,0,0,0,0,0,0,0,0,0,0,0,1,1,0.0,0.0,0.0,0.0,0.0,0.0,0.0,0.0,0.0,0.0,0.0,0.0,0.0,0.0,0.0,0.0,0.0,0.0,0.0,0.0,0.0,0.0,0.0,0.0,0.0,0.0,0.0,0.0,0.0,0.0,0.0,0.0,0.0,0.0,0.0,0.0,0.0,0.0,0.0,0.0,0.0,0.0,0.0,0.0,0.0,0.0,0.0,0.0,0.0,0.0,0.0,0.0,0.0,0.0,0.0,0.0,0.0,0.0,0.0,0.0,0.0,0.0,0.0,0.0,0.0,0.0,0.0,0.0,0.0,0.0,0.0,0.0,0.0,0.0,0.0,0.0,0.0,0.0,0.0,0.0,0.0
950,1851,Sprint to Beta1 CF,2,31,0,0,1,1,0,0,1,1,0,0,0,0,1,3,1.0,3.0,36.0,15.0,23.0,2.0,0.0,14.0,0.8,0.0,2.377242531018249,5.65128205128205,14.0,0.0,1.0,0.15,0.0,0.36162028533978946,0.13076923076923075,1.0,1.0,1.0,1.0,1.0,0.0,0.0,0.0,0.0,3.0,0.15,0.0,0.5795665931516722,0.33589743589743604,3.0,0.0,1.0,0.025,0.0,0.15811388300841897,0.024999999999999998,1.0,0.0,1.0,0.025,0.0,0.15811388300841897,0.024999999999999998,1.0,0.0,5.0,1.1,0.0,1.549193338482967,2.400000000000001,5.0,0.0,1.0,0.025,0.0,0.15811388300841897,0.024999999999999998,1.0,0.0,2.0,0.125,0.0,0.40430377003131995,0.16346153846153846,2.0,27.0,13.0,0.0,0.0,0.0,0.0,0.0,0.0,0.0,0.0,0.0,0.0
950,1920,Sprint to Beta2 Release,2,14,2,2,5,40,5,40,2,2,0,0,0,0,1,17,6.0,3.0,39.0,22.0,20.0,4.0,0.0,13.0,2.1666666666666665,1.5,2.4868448208765592,6.1843971631205665,13.0,0.0,1.0,0.3333333333333333,0.0,0.476393067340331,0.22695035460992913,1.0,1.0,2.0,1.0208333333333333,1.0,0.14433756729740646,0.020833333333333336,1.0,0.0,3.0,0.4166666666666667,0.0,0.7944845333666761,0.6312056737588652,3.0,0.0,1.0,0.020833333333333332,0.0,0.14433756729740643,0.020833333333333332,1.0,0.0,0.0,0.0,0.0,0.0,0.0,0.0,0.0,23.0,2.1041666666666665,1.0,4.223740317479703,17.839982269503544,23.0,0.0,1.0,0.041666666666666664,0.0,0.20194093652345887,0.04078014184397165,1.0,0.0,4.0,0.5416666666666666,0.0,0.9215697369932696,0.8492907801418441,4.0,32.0,16.0,0.0,0.0,2.0,0.0,0.0,0.0,0.0,0.0,0.0,0.0
950,1960,Sprint 20141112,-37,16,2,37,0,0,0,0,2,37,0,0,0,0,1,3,2.0,0.0,5.0,6.0,1.0,0.0,0.0,13.0,2.7142857142857144,1.0,4.6084807950229365,21.238095238095234,13.0,0.0,1.0,0.2857142857142857,0.0,0.48795003647426666,0.23809523809523817,1.0,1.0,2.0,1.1428571428571428,1.0,0.3779644730092273,0.1428571428571429,1.0,0.0,3.0,0.8571428571428571,1.0,1.0690449676496974,1.1428571428571426,3.0,0.0,0.0,0.0,0.0,0.0,0.0,0.0,0.0,0.0,0.0,0.0,0.0,0.0,0.0,0.0,26.0,5.285714285714286,0.0,9.844021632684576,96.90476190476193,26.0,0.0,0.0,0.0,0.0,0.0,0.0,0.0,0.0,3.0,0.5714285714285714,0.0,1.133893419027682,1.285714285714286,3.0,3.0,4.0,0.0,0.0,0.0,0.0,0.0,0.0,0.0,0.0,0.0,0.0
950,2130,Sprint to Beta3 Release,1,40,4,39,6,25,3,38,7,26,0,0,0,0,1,4,11.0,3.0,7.0,16.0,1.0,3.0,0.0,28.0,4.761904761904762,2.0,6.766866053829954,45.79047619047618,28.0,0.0,1.0,0.8571428571428571,1.0,0.358568582800318,0.1285714285714285,1.0,1.0,2.0,1.0952380952380953,1.0,0.30079260375911915,0.09047619047619046,1.0,0.0,3.0,1.1428571428571428,1.0,0.9102589898327995,0.8285714285714286,3.0,0.0,1.0,0.047619047619047616,0.0,0.21821789023599242,0.04761904761904763,1.0,0.0,1.0,0.047619047619047616,0.0,0.21821789023599242,0.04761904761904763,1.0,0.0,22.0,3.5714285714285716,3.0,4.632185537858221,21.457142857142852,22.0,0.0,1.0,0.19047619047619047,0.0,0.40237390808147827,0.16190476190476194,1.0,0.0,3.0,0.9523809523809523,1.0,0.9734572654303051,0.9476190476190475,3.0,13.0,8.0,0.0,0.0,1.0,0.0,0.0,0.0,0.0,0.0,0.0,0.0
950,2240,Sprint to CR1 Release,-34,49,2,37,2,2,0,0,3,38,0,0,1,1,1,9,5.0,1.0,32.0,20.0,1.0,18.0,0.0,19.0,1.9,1.0,3.7058512292499453,13.73333333333333,19.0,0.0,1.0,0.275,0.0,0.45220258677630265,0.2044871794871795,1.0,1.0,2.0,1.025,1.0,0.15811388300841897,0.024999999999999998,1.0,0.0,3.0,0.3,0.0,0.6868732574462859,0.4717948717948718,3.0,0.0,1.0,0.05,0.0,0.22072142786315221,0.04871794871794871,1.0,0.0,1.0,0.025,0.0,0.15811388300841897,0.024999999999999998,1.0,0.0,24.0,1.825,1.0,3.908488461193413,15.276282051282054,24.0,0.0,0.0,0.0,0.0,0.0,0.0,0.0,0.0,2.0,0.375,0.0,0.5856182356695512,0.34294871794871795,2.0,22.0,18.0,2.0,0.0,1.0,0.0,0.0,0.0,0.0,0.0,0.0,0.0
950,2610,Sprint #1 April 2015,-37,16,3,38,0,0,0,0,3,38,0,0,0,0,1,2,5.0,1.0,4.0,7.0,0.0,1.0,0.0,27.0,6.6,3.5,8.500980335624043,72.26666666666667,27.0,0.0,1.0,0.9,1.0,0.31622776601683794,0.10000000000000002,1.0,0.0,2.0,1.1,1.0,0.5676462121975467,0.32222222222222224,2.0,0.0,18.0,3.1,1.0,5.546770832355224,30.76666666666667,18.0,0.0,1.0,0.1,0.0,0.31622776601683794,0.10000000000000002,1.0,0.0,1.0,0.1,0.0,0.31622776601683794,0.10000000000000002,1.0,0.0,28.0,6.2,3.0,8.390470785361213,70.4,28.0,0.0,1.0,0.3,0.0,0.4830458915396479,0.23333333333333328,1.0,0.0,4.0,0.8,0.5,1.2292725943057183,1.5111111111111113,4.0,7.0,3.0,0.0,0.0,1.0,0.0,0.0,1.0,0.0,0.0,0.0,0.0
950,2922,Sprint #2 April 2015,-3,11,4,6,2,2,0,0,2,4,1,1,3,3,1,15,5.0,3.0,33.0,8.0,20.0,12.0,0.0,38.0,2.9285714285714284,1.0,7.309842536567231,53.43379790940765,38.0,0.0,1.0,0.2619047619047619,0.0,0.44500061986933037,0.19802555168408825,1.0,1.0,2.0,1.0238095238095237,1.0,0.15430334996209188,0.023809523809523805,1.0,0.0,18.0,1.0476190476190477,0.0,3.0995859751246315,9.607433217189312,18.0,0.0,1.0,0.047619047619047616,0.0,0.21554026870452117,0.04645760743321719,1.0,0.0,2.0,0.11904761904761904,0.0,0.39523879490023855,0.15621370499419282,2.0,0.0,15.0,2.261904761904762,1.0,3.3933904465027,11.515098722415793,15.0,0.0,1.0,0.07142857142857142,0.0,0.26066118021500656,0.06794425087108014,1.0,0.0,4.0,0.14285714285714285,0.0,0.6466208061135635,0.41811846689895477,4.0,36.0,6.0,0.0,1.0,2.0,0.0,0.0,0.0,0.0,0.0,0.0,0.0
950,3002,Sprint #3 May 2015,-4,11,3,15,0,0,1,1,2,14,0,0,0,0,1,7,6.0,0.0,10.0,8.0,3.0,4.0,0.0,42.0,9.5625,2.5,13.0433571854284,170.12916666666666,42.0,0.0,1.0,0.75,1.0,0.4472135954999579,0.2,1.0,1.0,1.0,1.0,1.0,0.0,0.0,0.0,0.0,18.0,2.0625,0.0,4.611127844681819,21.2625,18.0,0.0,1.0,0.125,0.0,0.3415650255319866,0.11666666666666667,1.0,0.0,1.0,0.125,0.0,0.3415650255319866,0.11666666666666667,1.0,0.0,9.0,2.75,2.0,2.9552213679068666,8.733333333333333,9.0,0.0,0.0,0.0,0.0,0.0,0.0,0.0,0.0,4.0,0.8125,0.0,1.2230426539304888,1.4958333333333333,4.0,4.0,12.0,0.0,0.0,0.0,0.0,1.0,0.0,0.0,0.0,0.0,0.0
950,3022,Sprint #4 May 2015,-9,17,1,13,2,2,0,0,2,14,0,0,1,1,1,5,4.0,1.0,6.0,10.0,1.0,0.0,0.0,29.0,4.545454545454546,2.0,8.58328184744782,73.67272727272727,29.0,0.0,1.0,0.9090909090909091,1.0,0.30151134457776363,0.0909090909090909,1.0,1.0,1.0,1.0,1.0,0.0,0.0,0.0,0.0,4.0,1.1818181818181819,0.0,1.6624188291872668,2.7636363636363632,4.0,0.0,0.0,0.0,0.0,0.0,0.0,0.0,0.0,1.0,0.09090909090909091,0.0,0.3015113445777636,0.09090909090909088,1.0,0.0,9.0,1.8181818181818181,1.0,2.600699206681996,6.763636363636364,9.0,0.0,0.0,0.0,0.0,0.0,0.0,0.0,0.0,3.0,0.8181818181818182,0.0,1.0787197799411872,1.1636363636363634,3.0,3.0,8.0,0.0,0.0,0.0,0.0,0.0,0.0,0.0,0.0,0.0,0.0
950,3172,Sprint #5 Jun 2015,1,18,0,0,1,1,0,0,0,0,0,0,1,1,1,3,2.0,0.0,7.0,7.0,1.0,1.0,0.0,6.0,1.2222222222222223,0.0,1.9860625479688307,3.9444444444444438,6.0,1.0,1.0,1.0,1.0,0.0,0.0,0.0,1.0,1.0,1.0,1.0,0.0,0.0,0.0,0.0,2.0,0.6666666666666666,1.0,0.7071067811865476,0.5000000000000001,2.0,0.0,0.0,0.0,0.0,0.0,0.0,0.0,0.0,0.0,0.0,0.0,0.0,0.0,0.0,0.0,4.0,1.3333333333333333,1.0,1.2247448713915892,1.5000000000000002,4.0,0.0,0.0,0.0,0.0,0.0,0.0,0.0,0.0,1.0,0.1111111111111111,0.0,0.3333333333333333,0.1111111111111111,1.0,5.0,4.0,0.0,0.0,0.0,0.0,0.0,0.0,0.0,0.0,0.0,0.0
950,3182,Sprint #6 July 2015,3,18,0,0,1,5,1,5,0,0,0,0,0,0,1,4,0.0,2.0,7.0,9.0,0.0,1.0,0.0,5.0,1.4545454545454546,1.0,1.7529196424044293,3.0727272727272728,5.0,1.0,1.0,1.0,1.0,0.0,0.0,0.0,1.0,1.0,1.0,1.0,0.0,0.0,0.0,0.0,1.0,0.5454545454545454,1.0,0.5222329678670935,0.2727272727272727,1.0,0.0,0.0,0.0,0.0,0.0,0.0,0.0,0.0,1.0,0.09090909090909091,0.0,0.3015113445777636,0.09090909090909088,1.0,0.0,8.0,1.9090909090909092,1.0,2.3001976199685736,5.290909090909091,8.0,0.0,1.0,0.09090909090909091,0.0,0.3015113445777636,0.09090909090909088,1.0,0.0,3.0,0.36363636363636365,0.0,0.9244162777371753,0.8545454545454543,3.0,5.0,6.0,1.0,1.0,1.0,0.0,0.0,0.0,0.0,0.0,0.0,0.0
980,2270,Sprint_July7-112014,2,4,1,2,8,16,1,2,3,6,0,0,5,10,1,2,7.0,5.0,0.0,9.0,1.0,0.0,0.0,4.0,0.75,0.0,1.1254628677422756,1.2666666666666666,4.0,0.0,1.0,0.5625,1.0,0.51234753829798,0.2625,1.0,0.0,1.0,0.875,1.0,0.3415650255319866,0.11666666666666667,1.0,0.0,1.0,0.1875,0.0,0.4031128874149275,0.1625,1.0,0.0,0.0,0.0,0.0,0.0,0.0,0.0,0.0,0.0,0.0,0.0,0.0,0.0,0.0,0.0,21.0,3.125,1.0,5.352569476429054,28.65,21.0,0.0,1.0,0.0625,0.0,0.25,0.0625,1.0,0.0,0.0,0.0,0.0,0.0,0.0,0.0,6.0,10.0,1.0,3.0,6.0,0.0,0.0,0.0,0.0,0.0,0.0,0.0
1000,2310,Sprint 1,0,14,2,2,1,1,2,2,1,1,0,0,0,0,1,1,0.0,0.0,0.0,3.0,0.0,0.0,0.0,1.0,0.3333333333333333,0.0,0.5773502691896258,0.33333333333333337,1.0,0.0,1.0,0.3333333333333333,0.0,0.5773502691896258,0.33333333333333337,1.0,1.0,1.0,1.0,1.0,0.0,0.0,0.0,0.0,0.0,0.0,0.0,0.0,0.0,0.0,0.0,0.0,0.0,0.0,0.0,0.0,0.0,0.0,0.0,0.0,0.0,0.0,0.0,0.0,0.0,0.0,0.0,0.0,0.0,0.0,0.0,0.0,0.0,0.0,0.0,0.0,0.0,0.0,0.0,1.0,0.3333333333333333,0.0,0.5773502691896258,0.33333333333333337,1.0,0.0,3.0,0.0,3.0,0.0,0.0,0.0,0.0,0.0,0.0,0.0,0.0
1000,2350,Sprint 2,0,21,9,9,2,2,11,11,0,0,0,0,0,0,1,4,0.0,0.0,0.0,11.0,0.0,0.0,0.0,6.0,0.6666666666666666,0.0,1.7232808737106582,2.9696969696969693,6.0,0.0,0.0,0.0,0.0,0.0,0.0,0.0,1.0,1.0,1.0,1.0,0.0,0.0,0.0,1.0,11.0,1.8333333333333333,1.0,2.886751345948128,8.33333333333333,10.0,0.0,1.0,0.9166666666666666,1.0,0.28867513459481287,0.08333333333333331,1.0,0.0,11.0,0.9166666666666666,0.0,3.1754264805429413,10.083333333333332,11.0,0.0,1.0,0.08333333333333333,0.0,0.28867513459481287,0.08333333333333331,1.0,0.0,1.0,0.08333333333333333,0.0,0.28867513459481287,0.08333333333333331,1.0,0.0,5.0,2.25,2.5,1.6025547785276542,2.5681818181818183,5.0,2.0,10.0,0.0,12.0,1.0,0.0,0.0,0.0,0.0,0.0,0.0,0.0
1010,2360,2014/S15 (18-Aug > 31-Aug),-4,13,0,0,2,4,0,0,0,0,2,4,0,0,1,2,0.0,4.0,7.0,11.0,0.0,0.0,0.0,2.0,0.18181818181818182,0.0,0.6030226891555271,0.36363636363636354,2.0,0.0,0.0,0.0,0.0,0.0,0.0,0.0,0.0,1.0,0.45454545454545453,0.0,0.5222329678670934,0.27272727272727265,1.0,0.0,1.0,0.18181818181818182,0.0,0.4045199174779452,0.16363636363636358,1.0,0.0,1.0,0.18181818181818182,0.0,0.4045199174779452,0.16363636363636358,1.0,0.0,0.0,0.0,0.0,0.0,0.0,0.0,0.0,1.0,0.09090909090909091,0.0,0.3015113445777636,0.09090909090909088,1.0,0.0,0.0,0.0,0.0,0.0,0.0,0.0,0.0,3.0,0.9090909090909091,1.0,1.0444659357341868,1.0909090909090906,3.0,6.0,5.0,0.0,0.0,0.0,0.0,0.0,0.0,0.0,0.0,0.0,0.0
1010,2370,2014/S16 (1-Sep > 14-Sep),-2,6,4,8,0,0,0,0,4,8,0,0,0,0,1,2,0.0,3.0,6.0,9.0,0.0,1.0,0.0,2.0,0.9,0.5,0.9944289260117534,0.9888888888888892,2.0,0.0,0.0,0.0,0.0,0.0,0.0,0.0,0.0,1.0,0.4,0.0,0.5163977794943223,0.2666666666666667,1.0,0.0,1.0,0.2,0.0,0.42163702135578396,0.17777777777777784,1.0,0.0,1.0,0.2,0.0,0.42163702135578396,0.17777777777777784,1.0,0.0,0.0,0.0,0.0,0.0,0.0,0.0,0.0,1.0,0.2,0.0,0.42163702135578396,0.17777777777777784,1.0,0.0,0.0,0.0,0.0,0.0,0.0,0.0,0.0,3.0,0.9,0.5,1.100504934614612,1.2111111111111115,3.0,6.0,4.0,0.0,1.0,0.0,0.0,0.0,0.0,0.0,0.0,0.0,0.0
1010,2470,2014/S17 (15-Sep > 28-Sep),-8,12,4,8,0,0,0,0,3,6,0,0,1,2,1,1,0.0,4.0,0.0,4.0,0.0,1.0,0.0,1.0,0.2,0.0,0.44721359549995804,0.20000000000000007,1.0,0.0,0.0,0.0,0.0,0.0,0.0,0.0,0.0,1.0,0.8,1.0,0.4472135954999579,0.2,1.0,0.0,0.0,0.0,0.0,0.0,0.0,0.0,0.0,0.0,0.0,0.0,0.0,0.0,0.0,0.0,0.0,0.0,0.0,0.0,0.0,0.0,0.0,1.0,0.2,0.0,0.44721359549995804,0.20000000000000007,1.0,0.0,0.0,0.0,0.0,0.0,0.0,0.0,0.0,1.0,0.6,1.0,0.5477225575051662,0.30000000000000004,1.0,0.0,5.0,0.0,1.0,0.0,0.0,0.0,0.0,0.0,0.0,0.0,0.0
1010,2520,2014/S18 (29-Sep > 12-Oct),-2,14,6,12,0,0,1,2,1,2,1,2,3,6,1,1,0.0,5.0,0.0,5.0,0.0,1.0,0.0,2.0,1.0,1.0,0.8944271909999159,0.8,2.0,0.0,0.0,0.0,0.0,0.0,0.0,0.0,0.0,1.0,0.6666666666666666,1.0,0.5163977794943223,0.2666666666666667,1.0,0.0,0.0,0.0,0.0,0.0,0.0,0.0,0.0,0.0,0.0,0.0,0.0,0.0,0.0,0.0,0.0,0.0,0.0,0.0,0.0,0.0,0.0,1.0,0.3333333333333333,0.0,0.5163977794943223,0.2666666666666667,1.0,0.0,1.0,0.16666666666666666,0.0,0.408248290463863,0.16666666666666669,1.0,0.0,2.0,0.6666666666666666,0.5,0.816496580927726,0.6666666666666667,2.0,0.0,6.0,0.0,1.0,0.0,0.0,0.0,0.0,0.0,0.0,0.0,0.0
1010,2550,2014/S19 (13-Oct > 26-Oct),0,13,2,4,0,0,2,4,0,0,0,0,0,0,1,1,0.0,1.0,1.0,3.0,0.0,0.0,0.0,1.0,0.3333333333333333,0.0,0.5773502691896258,0.33333333333333337,1.0,0.0,0.0,0.0,0.0,0.0,0.0,0.0,0.0,1.0,0.6666666666666666,1.0,0.5773502691896258,0.33333333333333337,1.0,0.0,0.0,0.0,0.0,0.0,0.0,0.0,0.0,0.0,0.0,0.0,0.0,0.0,0.0,0.0,0.0,0.0,0.0,0.0,0.0,0.0,0.0,1.0,0.3333333333333333,0.0,0.5773502691896258,0.33333333333333337,1.0,0.0,0.0,0.0,0.0,0.0,0.0,0.0,0.0,1.0,0.3333333333333333,0.0,0.5773502691896258,0.33333333333333337,1.0,0.0,3.0,0.0,1.0,0.0,0.0,0.0,0.0,0.0,0.0,0.0,0.0
1010,2560,2014/S20 (27-Oct > 9-Nov),0,13,0,0,0,0,0,0,0,0,0,0,0,0,1,1,0.0,0.0,1.0,1.0,0.0,0.0,2.0,2.0,2.0,2.0,0.0,0.0,0.0,0.0,0.0,0.0,0.0,0.0,0.0,0.0,1.0,1.0,1.0,1.0,0.0,0.0,0.0,0.0,0.0,0.0,0.0,0.0,0.0,0.0,0.0,0.0,0.0,0.0,0.0,0.0,0.0,0.0,0.0,0.0,0.0,0.0,0.0,0.0,1.0,1.0,1.0,1.0,0.0,0.0,0.0,0.0,0.0,0.0,0.0,0.0,0.0,0.0,0.0,0.0,0.0,0.0,0.0,0.0,0.0,0.0,1.0,0.0,0.0,0.0,0.0,0.0,0.0,0.0,0.0,0.0,0.0
1030,970,Sprint 77,-18,14,26,52,12,24,3,6,13,26,5,10,17,34,1,5,31.0,2.0,1.0,26.0,1.0,0.0,0.0,6.0,1.0256410256410255,1.0,1.441621519188859,2.078272604588394,6.0,0.0,2.0,0.48717948717948717,0.0,0.5559153131166876,0.30904183535762486,2.0,0.0,2.0,0.8461538461538461,1.0,0.6298897789321865,0.3967611336032387,2.0,0.0,1.0,0.1794871794871795,0.0,0.38877641198447155,0.15114709851551955,1.0,0.0,1.0,0.02564102564102564,0.0,0.16012815380508716,0.02564102564102565,1.0,0.0,1.0,0.02564102564102564,0.0,0.16012815380508716,0.02564102564102565,1.0,0.0,6.0,0.5128205128205128,0.0,1.0226846731132635,1.0458839406207825,6.0,0.0,1.0,0.07692307692307693,0.0,0.26995276239950855,0.07287449392712551,1.0,0.0,5.0,0.23076923076923078,0.0,0.8724297124919955,0.761133603238866,5.0,20.0,19.0,2.0,3.0,9.0,0.0,1.0,2.0,0.0,0.0,0.0,0.0
1030,1051,Sprint 78,-18,7,10,20,2,4,3,6,7,14,2,4,0,0,1,4,9.0,2.0,1.0,12.0,0.0,0.0,0.0,10.0,2.8461538461538463,1.0,3.601993749905595,12.974358974358973,10.0,0.0,1.0,0.46153846153846156,0.0,0.5188745216627708,0.2692307692307693,1.0,0.0,3.0,1.0,1.0,0.816496580927726,0.6666666666666666,3.0,0.0,2.0,0.3076923076923077,0.0,0.6304251719561151,0.39743589743589736,2.0,0.0,1.0,0.07692307692307693,0.0,0.2773500981126146,0.07692307692307694,1.0,0.0,0.0,0.0,0.0,0.0,0.0,0.0,0.0,3.0,0.23076923076923078,0.0,0.8320502943378437,0.6923076923076924,3.0,0.0,1.0,0.07692307692307693,0.0,0.2773500981126146,0.07692307692307694,1.0,0.0,2.0,0.15384615384615385,0.0,0.5547001962252291,0.30769230769230776,2.0,9.0,4.0,0.0,1.0,1.0,0.0,0.0,0.0,0.0,0.0,0.0,0.0
1030,1081,Sprint 79,-14,7,9,18,0,0,2,4,5,10,2,4,0,0,1,4,7.0,1.0,1.0,9.0,0.0,0.0,0.0,10.0,2.4,1.0,3.3730961708462712,11.377777777777778,10.0,0.0,1.0,0.4,0.0,0.5163977794943223,0.2666666666666667,1.0,0.0,3.0,1.0,1.0,0.816496580927726,0.6666666666666666,3.0,0.0,2.0,0.3,0.0,0.6749485577105528,0.4555555555555555,2.0,0.0,1.0,0.1,0.0,0.31622776601683794,0.10000000000000002,1.0,0.0,0.0,0.0,0.0,0.0,0.0,0.0,0.0,0.0,0.0,0.0,0.0,0.0,0.0,0.0,1.0,0.1,0.0,0.31622776601683794,0.10000000000000002,1.0,0.0,2.0,0.2,0.0,0.6324555320336759,0.4000000000000001,2.0,6.0,4.0,0.0,1.0,1.0,0.0,0.0,0.0,0.0,0.0,0.0,0.0
1030,1171,Sprint 81,-4,7,4,8,0,0,1,2,2,4,0,0,1,2,1,3,2.0,1.0,0.0,3.0,0.0,1.0,0.0,7.0,2.5,1.5,3.1091263510296048,9.666666666666666,7.0,0.0,1.0,0.5,0.5,0.5773502691896257,0.3333333333333333,1.0,1.0,1.0,1.0,1.0,0.0,0.0,0.0,0.0,1.0,0.25,0.0,0.5,0.25,1.0,0.0,0.0,0.0,0.0,0.0,0.0,0.0,0.0,0.0,0.0,0.0,0.0,0.0,0.0,0.0,1.0,0.75,1.0,0.5,0.25,1.0,0.0,0.0,0.0,0.0,0.0,0.0,0.0,0.0,0.0,0.0,0.0,0.0,0.0,0.0,3.0,1.0,0.0,1.0,0.0,0.0,0.0,0.0,0.0,0.0,0.0,0.0
1030,1191,Sprint 83,-2,7,3,6,0,0,1,2,2,4,0,0,0,0,1,6,3.0,1.0,0.0,3.0,0.0,1.0,4.0,9.0,6.5,6.5,2.0816659994661326,4.333333333333333,5.0,1.0,1.0,1.0,1.0,0.0,0.0,0.0,1.0,2.0,1.25,1.0,0.5,0.25,1.0,0.0,2.0,0.75,0.5,0.9574271077563381,0.9166666666666666,2.0,0.0,1.0,0.25,0.0,0.5,0.25,1.0,0.0,0.0,0.0,0.0,0.0,0.0,0.0,0.0,10.0,2.75,0.5,4.856267428111155,23.583333333333332,10.0,0.0,2.0,0.75,0.5,0.9574271077563381,0.9166666666666666,2.0,0.0,4.0,1.75,1.5,1.707825127659933,2.9166666666666665,4.0,4.0,0.0,0.0,0.0,0.0,0.0,0.0,0.0,0.0,0.0,0.0,0.0
1030,1341,Sprint 84,-4,14,3,6,0,0,1,2,2,4,0,0,0,0,1,2,1.0,1.0,0.0,2.0,0.0,0.0,1.0,2.0,1.6666666666666667,2.0,0.5773502691896257,0.3333333333333333,1.0,0.0,1.0,0.3333333333333333,0.0,0.5773502691896258,0.33333333333333337,1.0,1.0,1.0,1.0,1.0,0.0,0.0,0.0,0.0,1.0,0.3333333333333333,0.0,0.5773502691896258,0.33333333333333337,1.0,0.0,0.0,0.0,0.0,0.0,0.0,0.0,0.0,0.0,0.0,0.0,0.0,0.0,0.0,0.0,0.0,0.0,0.0,0.0,0.0,0.0,0.0,0.0,0.0,0.0,0.0,0.0,0.0,0.0,0.0,0.0,0.0,0.0,0.0,0.0,2.0,1.0,0.0,1.0,1.0,0.0,0.0,0.0,0.0,0.0,0.0,0.0
1030,1381,Sprint 85,0,7,5,10,2,4,0,0,3,6,1,2,3,6,1,5,2.0,1.0,2.0,7.0,0.0,0.0,0.0,2.0,1.2222222222222223,1.0,0.8333333333333334,0.6944444444444444,2.0,0.0,1.0,0.3333333333333333,0.0,0.5,0.25,1.0,1.0,1.0,1.0,1.0,0.0,0.0,0.0,0.0,1.0,0.1111111111111111,0.0,0.3333333333333333,0.1111111111111111,1.0,0.0,0.0,0.0,0.0,0.0,0.0,0.0,0.0,0.0,0.0,0.0,0.0,0.0,0.0,0.0,14.0,2.4444444444444446,1.0,4.503085362035432,20.27777777777778,14.0,0.0,0.0,0.0,0.0,0.0,0.0,0.0,0.0,1.0,0.1111111111111111,0.0,0.3333333333333333,0.1111111111111111,1.0,2.0,7.0,1.0,3.0,2.0,0.0,0.0,0.0,0.0,0.0,0.0,0.0
1030,1391,Sprint 87,0,7,3,6,7,14,8,16,2,4,0,0,0,0,1,3,8.0,0.0,1.0,11.0,0.0,0.0,0.0,12.0,1.25,0.0,3.4410622038709344,11.840909090909092,12.0,0.0,1.0,0.25,0.0,0.45226701686664544,0.20454545454545456,1.0,0.0,1.0,0.9166666666666666,1.0,0.28867513459481287,0.08333333333333331,1.0,0.0,1.0,0.16666666666666666,0.0,0.38924947208076155,0.15151515151515155,1.0,0.0,1.0,0.08333333333333333,0.0,0.28867513459481287,0.08333333333333331,1.0,0.0,0.0,0.0,0.0,0.0,0.0,0.0,0.0,1.0,0.16666666666666666,0.0,0.38924947208076144,0.1515151515151515,1.0,0.0,0.0,0.0,0.0,0.0,0.0,0.0,0.0,1.0,0.08333333333333333,0.0,0.28867513459481287,0.08333333333333331,1.0,5.0,7.0,1.0,2.0,1.0,0.0,0.0,0.0,0.0,0.0,0.0,0.0
1030,1551,Sprint 88,0,6,4,8,4,8,0,0,0,0,6,12,2,4,1,3,7.0,0.0,0.0,8.0,0.0,0.0,0.0,6.0,1.4444444444444444,1.0,1.8782379449307742,3.5277777777777777,6.0,0.0,1.0,0.5555555555555556,1.0,0.5270462766947299,0.2777777777777778,1.0,1.0,2.0,1.1111111111111112,1.0,0.33333333333333337,0.11111111111111112,1.0,0.0,2.0,0.2222222222222222,0.0,0.6666666666666666,0.4444444444444444,2.0,0.0,0.0,0.0,0.0,0.0,0.0,0.0,0.0,0.0,0.0,0.0,0.0,0.0,0.0,0.0,2.0,0.5555555555555556,0.0,0.7264831572567789,0.5277777777777778,2.0,0.0,0.0,0.0,0.0,0.0,0.0,0.0,0.0,2.0,0.4444444444444444,0.0,0.7264831572567789,0.5277777777777778,2.0,7.0,2.0,0.0,2.0,1.0,0.0,0.0,0.0,0.0,0.0,0.0,0.0
1030,1561,Sprint 89,-2,7,9,18,0,0,3,6,1,2,4,8,1,2,1,4,5.0,1.0,0.0,10.0,0.0,0.0,0.0,3.0,0.75,0.0,1.0552897060221726,1.1136363636363635,3.0,0.0,1.0,0.25,0.0,0.45226701686664544,0.20454545454545456,1.0,0.0,1.0,0.9166666666666666,1.0,0.28867513459481287,0.08333333333333331,1.0,0.0,1.0,0.08333333333333333,0.0,0.28867513459481287,0.08333333333333331,1.0,0.0,0.0,0.0,0.0,0.0,0.0,0.0,0.0,0.0,0.0,0.0,0.0,0.0,0.0,0.0,0.0,0.0,0.0,0.0,0.0,0.0,0.0,0.0,0.0,0.0,0.0,0.0,0.0,0.0,3.0,0.6666666666666666,0.0,0.9847319278346619,0.9696969696969698,3.0,4.0,8.0,1.0,5.0,1.0,0.0,1.0,0.0,0.0,0.0,0.0,0.0
1030,1571,Sprint 90,-6,14,3,6,7,14,1,2,3,6,2,4,4,8,1,4,5.0,1.0,0.0,7.0,0.0,0.0,0.0,3.0,1.0,1.0,1.0540925533894598,1.1111111111111112,3.0,0.0,1.0,0.3,0.0,0.48304589153964794,0.23333333333333334,1.0,1.0,2.0,1.1,1.0,0.31622776601683794,0.1,1.0,0.0,1.0,0.1,0.0,0.31622776601683794,0.10000000000000002,1.0,0.0,0.0,0.0,0.0,0.0,0.0,0.0,0.0,0.0,0.0,0.0,0.0,0.0,0.0,0.0,1.0,0.2,0.0,0.42163702135578396,0.17777777777777784,1.0,0.0,0.0,0.0,0.0,0.0,0.0,0.0,0.0,2.0,0.3,0.0,0.6749485577105528,0.4555555555555555,2.0,2.0,8.0,1.0,3.0,2.0,0.0,1.0,0.0,0.0,0.0,0.0,0.0
1030,1601,Sprint 92,-2,7,2,4,0,0,1,2,1,2,0,0,0,0,1,2,0.0,0.0,2.0,3.0,0.0,0.0,0.0,0.0,0.0,0.0,0.0,0.0,0.0,0.0,1.0,0.25,0.0,0.5,0.25,1.0,1.0,4.0,1.75,1.0,1.5,2.25,3.0,0.0,1.0,0.25,0.0,0.5,0.25,1.0,0.0,0.0,0.0,0.0,0.0,0.0,0.0,0.0,0.0,0.0,0.0,0.0,0.0,0.0,0.0,0.0,0.0,0.0,0.0,0.0,0.0,0.0,0.0,0.0,0.0,0.0,0.0,0.0,0.0,0.0,0.0,0.0,0.0,0.0,0.0,2.0,2.0,1.0,1.0,1.0,0.0,0.0,0.0,0.0,0.0,0.0,0.0
1030,1631,Sprint 93,-2,8,2,4,0,0,0,0,1,2,1,2,0,0,1,3,0.0,0.0,2.0,3.0,0.0,0.0,0.0,1.0,0.25,0.0,0.5,0.25,1.0,0.0,0.0,0.0,0.0,0.0,0.0,0.0,1.0,1.0,1.0,1.0,0.0,0.0,0.0,0.0,0.0,0.0,0.0,0.0,0.0,0.0,0.0,0.0,0.0,0.0,0.0,0.0,0.0,0.0,0.0,0.0,0.0,0.0,0.0,0.0,0.0,1.0,0.5,0.5,0.5773502691896257,0.3333333333333333,1.0,0.0,0.0,0.0,0.0,0.0,0.0,0.0,0.0,1.0,0.25,0.0,0.5,0.25,1.0,1.0,3.0,1.0,1.0,1.0,0.0,0.0,0.0,0.0,0.0,0.0,0.0
1030,1841,Sprint 94,2,14,1,2,2,4,0,0,2,4,0,0,1,2,1,3,2.0,0.0,2.0,5.0,0.0,0.0,0.0,11.0,2.5,0.5,4.324349662087931,18.7,11.0,0.0,1.0,0.3333333333333333,0.0,0.5163977794943223,0.2666666666666667,1.0,1.0,2.0,1.1666666666666667,1.0,0.408248290463863,0.16666666666666669,1.0,0.0,1.0,0.16666666666666666,0.0,0.408248290463863,0.16666666666666669,1.0,0.0,0.0,0.0,0.0,0.0,0.0,0.0,0.0,0.0,0.0,0.0,0.0,0.0,0.0,0.0,1.0,0.5,0.5,0.5477225575051661,0.3,1.0,0.0,2.0,0.3333333333333333,0.0,0.816496580927726,0.6666666666666667,2.0,0.0,2.0,0.3333333333333333,0.0,0.816496580927726,0.6666666666666667,2.0,2.0,4.0,1.0,1.0,1.0,0.0,0.0,0.0,0.0,0.0,0.0,0.0
1030,1861,Sprint 95,0,14,1,2,0,0,0,0,0,0,1,2,0,0,1,1,0.0,0.0,0.0,1.0,0.0,0.0,0.0,1.0,0.5,0.5,0.7071067811865476,0.5,1.0,0.0,1.0,0.5,0.5,0.7071067811865476,0.5,1.0,1.0,1.0,1.0,1.0,0.0,0.0,0.0,0.0,0.0,0.0,0.0,0.0,0.0,0.0,0.0,0.0,0.0,0.0,0.0,0.0,0.0,0.0,0.0,0.0,0.0,0.0,0.0,0.0,0.0,0.0,0.0,0.0,0.0,0.0,0.0,0.0,0.0,0.0,0.0,0.0,0.0,0.0,0.0,1.0,0.5,0.5,0.7071067811865476,0.5,1.0,1.0,1.0,1.0,1.0,1.0,0.0,0.0,0.0,0.0,0.0,0.0,0.0
1030,1890,Sprint 96,0,14,3,6,0,0,0,0,1,2,1,2,1,2,1,3,1.0,1.0,0.0,3.0,0.0,0.0,0.0,1.0,0.25,0.0,0.5,0.25,1.0,0.0,1.0,0.5,0.5,0.5773502691896257,0.3333333333333333,1.0,1.0,1.0,1.0,1.0,0.0,0.0,0.0,0.0,1.0,0.25,0.0,0.5,0.25,1.0,0.0,0.0,0.0,0.0,0.0,0.0,0.0,0.0,0.0,0.0,0.0,0.0,0.0,0.0,0.0,3.0,0.75,0.0,1.5,2.25,3.0,0.0,0.0,0.0,0.0,0.0,0.0,0.0,0.0,1.0,0.5,0.5,0.5773502691896257,0.3333333333333333,1.0,3.0,1.0,2.0,0.0,1.0,0.0,0.0,0.0,0.0,0.0,0.0,0.0
1030,2180,Sprint 104,0,7,4,8,3,6,1,2,1,2,2,4,3,6,1,2,4.0,0.0,0.0,7.0,0.0,0.0,0.0,1.0,0.42857142857142855,0.0,0.5345224838248487,0.28571428571428564,1.0,0.0,2.0,0.8571428571428571,1.0,0.8997354108424372,0.8095238095238094,2.0,0.0,3.0,1.2857142857142858,1.0,1.3801311186847085,1.9047619047619049,3.0,0.0,0.0,0.0,0.0,0.0,0.0,0.0,0.0,0.0,0.0,0.0,0.0,0.0,0.0,0.0,0.0,0.0,0.0,0.0,0.0,0.0,0.0,3.0,1.0,0.0,1.4142135623730951,2.0,3.0,0.0,0.0,0.0,0.0,0.0,0.0,0.0,0.0,4.0,1.0,0.0,1.5275252316519468,2.3333333333333335,4.0,6.0,1.0,2.0,1.0,0.0,0.0,0.0,0.0,0.0,0.0,0.0,0.0
1110,2390,Sprint 2014-A,0,14,0,0,0,0,0,0,0,0,0,0,0,0,1,1,0.0,0.0,0.0,0.0,0.0,0.0,0.0,0.0,0.0,0.0,0.0,0.0,0.0,0.0,0.0,0.0,0.0,0.0,0.0,0.0,0.0,0.0,0.0,0.0,0.0,0.0,0.0,0.0,0.0,0.0,0.0,0.0,0.0,0.0,0.0,0.0,0.0,0.0,0.0,0.0,0.0,0.0,0.0,0.0,0.0,0.0,0.0,0.0,0.0,0.0,0.0,0.0,0.0,0.0,0.0,0.0,0.0,0.0,0.0,0.0,0.0,0.0,0.0,0.0,0.0,0.0,0.0,0.0,0.0,0.0,0.0,0.0,0.0,0.0,0.0,0.0,0.0,0.0,0.0,0.0,0.0
1110,2480,Sprint 2014-B,0,20,1,2,0,0,0,0,1,2,0,0,0,0,1,1,0.0,1.0,1.0,2.0,0.0,0.0,0.0,1.0,0.5,0.5,0.7071067811865476,0.5,1.0,1.0,1.0,1.0,1.0,0.0,0.0,0.0,1.0,1.0,1.0,1.0,0.0,0.0,0.0,0.0,1.0,0.5,0.5,0.7071067811865476,0.5,1.0,0.0,0.0,0.0,0.0,0.0,0.0,0.0,0.0,0.0,0.0,0.0,0.0,0.0,0.0,0.0,1.0,0.5,0.5,0.7071067811865476,0.5,1.0,0.0,0.0,0.0,0.0,0.0,0.0,0.0,0.0,0.0,0.0,0.0,0.0,0.0,0.0,1.0,1.0,0.0,0.0,0.0,0.0,0.0,0.0,0.0,0.0,0.0,0.0
1110,2540,Sprint 2014-C,0,14,0,0,0,0,0,0,0,0,0,0,0,0,1,1,0.0,0.0,0.0,0.0,0.0,0.0,0.0,0.0,0.0,0.0,0.0,0.0,0.0,0.0,0.0,0.0,0.0,0.0,0.0,0.0,0.0,0.0,0.0,0.0,0.0,0.0,0.0,0.0,0.0,0.0,0.0,0.0,0.0,0.0,0.0,0.0,0.0,0.0,0.0,0.0,0.0,0.0,0.0,0.0,0.0,0.0,0.0,0.0,0.0,0.0,0.0,0.0,0.0,0.0,0.0,0.0,0.0,0.0,0.0,0.0,0.0,0.0,0.0,0.0,0.0,0.0,0.0,0.0,0.0,0.0,0.0,0.0,0.0,0.0,0.0,0.0,0.0,0.0,0.0,0.0,0.0
1110,2570,Sprint 2014-D,0,21,0,0,0,0,0,0,0,0,0,0,0,0,1,1,0.0,0.0,0.0,0.0,0.0,0.0,0.0,0.0,0.0,0.0,0.0,0.0,0.0,0.0,0.0,0.0,0.0,0.0,0.0,0.0,0.0,0.0,0.0,0.0,0.0,0.0,0.0,0.0,0.0,0.0,0.0,0.0,0.0,0.0,0.0,0.0,0.0,0.0,0.0,0.0,0.0,0.0,0.0,0.0,0.0,0.0,0.0,0.0,0.0,0.0,0.0,0.0,0.0,0.0,0.0,0.0,0.0,0.0,0.0,0.0,0.0,0.0,0.0,0.0,0.0,0.0,0.0,0.0,0.0,0.0,0.0,0.0,0.0,0.0,0.0,0.0,0.0,0.0,0.0,0.0,0.0
1110,2640,Sprint 2014-E,0,24,0,0,0,0,0,0,0,0,0,0,0,0,1,1,0.0,0.0,0.0,0.0,0.0,0.0,0.0,0.0,0.0,0.0,0.0,0.0,0.0,0.0,0.0,0.0,0.0,0.0,0.0,0.0,0.0,0.0,0.0,0.0,0.0,0.0,0.0,0.0,0.0,0.0,0.0,0.0,0.0,0.0,0.0,0.0,0.0,0.0,0.0,0.0,0.0,0.0,0.0,0.0,0.0,0.0,0.0,0.0,0.0,0.0,0.0,0.0,0.0,0.0,0.0,0.0,0.0,0.0,0.0,0.0,0.0,0.0,0.0,0.0,0.0,0.0,0.0,0.0,0.0,0.0,0.0,0.0,0.0,0.0,0.0,0.0,0.0,0.0,0.0,0.0,0.0
1110,2652,Sprint 2015-A,0,21,0,0,0,0,0,0,0,0,0,0,0,0,1,1,0.0,0.0,0.0,0.0,0.0,0.0,0.0,0.0,0.0,0.0,0.0,0.0,0.0,0.0,0.0,0.0,0.0,0.0,0.0,0.0,0.0,0.0,0.0,0.0,0.0,0.0,0.0,0.0,0.0,0.0,0.0,0.0,0.0,0.0,0.0,0.0,0.0,0.0,0.0,0.0,0.0,0.0,0.0,0.0,0.0,0.0,0.0,0.0,0.0,0.0,0.0,0.0,0.0,0.0,0.0,0.0,0.0,0.0,0.0,0.0,0.0,0.0,0.0,0.0,0.0,0.0,0.0,0.0,0.0,0.0,0.0,0.0,0.0,0.0,0.0,0.0,0.0,0.0,0.0,0.0,0.0
1110,2742,Sprint 2015-B,0,20,0,0,1,2,0,0,0,0,0,0,1,2,1,1,1.0,0.0,0.0,1.0,0.0,0.0,2.0,2.0,2.0,2.0,0.0,0.0,0.0,1.0,1.0,1.0,1.0,0.0,0.0,0.0,1.0,1.0,1.0,1.0,0.0,0.0,0.0,0.0,0.0,0.0,0.0,0.0,0.0,0.0,0.0,0.0,0.0,0.0,0.0,0.0,0.0,0.0,0.0,0.0,0.0,0.0,0.0,0.0,0.0,0.0,0.0,0.0,0.0,0.0,0.0,0.0,0.0,0.0,0.0,0.0,0.0,0.0,0.0,0.0,0.0,0.0,0.0,0.0,0.0,1.0,0.0,0.0,0.0,0.0,0.0,0.0,0.0,0.0,0.0,0.0,0.0
1110,2792,Sprint 2015-C,0,21,0,0,0,0,0,0,0,0,0,0,0,0,1,1,0.0,0.0,0.0,0.0,0.0,0.0,0.0,0.0,0.0,0.0,0.0,0.0,0.0,0.0,0.0,0.0,0.0,0.0,0.0,0.0,0.0,0.0,0.0,0.0,0.0,0.0,0.0,0.0,0.0,0.0,0.0,0.0,0.0,0.0,0.0,0.0,0.0,0.0,0.0,0.0,0.0,0.0,0.0,0.0,0.0,0.0,0.0,0.0,0.0,0.0,0.0,0.0,0.0,0.0,0.0,0.0,0.0,0.0,0.0,0.0,0.0,0.0,0.0,0.0,0.0,0.0,0.0,0.0,0.0,0.0,0.0,0.0,0.0,0.0,0.0,0.0,0.0,0.0,0.0,0.0,0.0
1110,2802,Sprint 2015-D,0,21,0,0,0,0,0,0,0,0,0,0,0,0,1,1,0.0,0.0,0.0,0.0,0.0,0.0,0.0,0.0,0.0,0.0,0.0,0.0,0.0,0.0,0.0,0.0,0.0,0.0,0.0,0.0,0.0,0.0,0.0,0.0,0.0,0.0,0.0,0.0,0.0,0.0,0.0,0.0,0.0,0.0,0.0,0.0,0.0,0.0,0.0,0.0,0.0,0.0,0.0,0.0,0.0,0.0,0.0,0.0,0.0,0.0,0.0,0.0,0.0,0.0,0.0,0.0,0.0,0.0,0.0,0.0,0.0,0.0,0.0,0.0,0.0,0.0,0.0,0.0,0.0,0.0,0.0,0.0,0.0,0.0,0.0,0.0,0.0,0.0,0.0,0.0,0.0
1110,2892,Sprint 2015-E,0,21,0,0,0,0,0,0,0,0,0,0,0,0,1,1,0.0,0.0,0.0,0.0,0.0,0.0,0.0,0.0,0.0,0.0,0.0,0.0,0.0,0.0,0.0,0.0,0.0,0.0,0.0,0.0,0.0,0.0,0.0,0.0,0.0,0.0,0.0,0.0,0.0,0.0,0.0,0.0,0.0,0.0,0.0,0.0,0.0,0.0,0.0,0.0,0.0,0.0,0.0,0.0,0.0,0.0,0.0,0.0,0.0,0.0,0.0,0.0,0.0,0.0,0.0,0.0,0.0,0.0,0.0,0.0,0.0,0.0,0.0,0.0,0.0,0.0,0.0,0.0,0.0,0.0,0.0,0.0,0.0,0.0,0.0,0.0,0.0,0.0,0.0,0.0,0.0
1110,3012,Sprint 2015-F,-2,21,2,4,1,2,0,0,1,2,0,0,2,4,1,3,2.0,0.0,0.0,2.0,0.0,0.0,0.0,1.0,0.3333333333333333,0.0,0.5773502691896258,0.33333333333333337,1.0,0.0,2.0,1.0,1.0,1.0,1.0,2.0,0.0,2.0,1.0,1.0,1.0,1.0,2.0,0.0,0.0,0.0,0.0,0.0,0.0,0.0,0.0,0.0,0.0,0.0,0.0,0.0,0.0,0.0,0.0,0.0,0.0,0.0,0.0,0.0,0.0,1.0,0.3333333333333333,0.0,0.5773502691896258,0.33333333333333337,1.0,0.0,0.0,0.0,0.0,0.0,0.0,0.0,0.0,0.0,0.0,0.0,0.0,0.0,0.0,2.0,1.0,0.0,1.0,1.0,0.0,0.0,0.0,0.0,0.0,0.0,0.0
1110,3062,Sprint 2015-G,-4,21,2,4,0,0,0,0,2,4,0,0,0,0,1,2,1.0,0.0,0.0,1.0,0.0,0.0,0.0,0.0,0.0,0.0,0.0,0.0,0.0,0.0,1.0,0.5,0.5,0.7071067811865476,0.5,1.0,0.0,0.0,0.0,0.0,0.0,0.0,0.0,0.0,0.0,0.0,0.0,0.0,0.0,0.0,0.0,0.0,0.0,0.0,0.0,0.0,0.0,0.0,0.0,0.0,0.0,0.0,0.0,0.0,0.0,0.0,0.0,0.0,0.0,0.0,0.0,0.0,0.0,0.0,0.0,0.0,0.0,0.0,0.0,0.0,0.0,0.0,0.0,0.0,0.0,2.0,0.0,0.0,1.0,1.0,0.0,0.0,0.0,0.0,0.0,0.0,0.0
1110,3162,Sprint 2015-H,-2,22,3,6,0,0,0,0,2,4,1,2,0,0,1,3,2.0,0.0,1.0,4.0,0.0,0.0,0.0,1.0,0.2,0.0,0.44721359549995804,0.20000000000000007,1.0,0.0,1.0,0.2,0.0,0.44721359549995804,0.20000000000000007,1.0,0.0,1.0,0.6,1.0,0.5477225575051662,0.30000000000000004,1.0,0.0,2.0,0.4,0.0,0.8944271909999161,0.8000000000000003,2.0,0.0,0.0,0.0,0.0,0.0,0.0,0.0,0.0,0.0,0.0,0.0,0.0,0.0,0.0,0.0,0.0,0.0,0.0,0.0,0.0,0.0,0.0,0.0,0.0,0.0,0.0,0.0,0.0,0.0,0.0,0.0,0.0,0.0,0.0,0.0,4.0,1.0,1.0,1.0,1.0,0.0,0.0,0.0,0.0,0.0,0.0,0.0
1110,3192,Sprint 2015-I,-8,17,3,6,2,4,0,0,2,4,2,4,1,2,1,3,2.0,0.0,3.0,4.0,0.0,0.0,0.0,1.0,0.2222222222222222,0.0,0.44095855184409843,0.19444444444444445,1.0,0.0,1.0,0.4444444444444444,0.0,0.5270462766947299,0.2777777777777778,1.0,0.0,1.0,0.3333333333333333,0.0,0.5,0.25,1.0,0.0,2.0,0.2222222222222222,0.0,0.6666666666666666,0.4444444444444444,2.0,0.0,0.0,0.0,0.0,0.0,0.0,0.0,0.0,0.0,0.0,0.0,0.0,0.0,0.0,0.0,1.0,0.2222222222222222,0.0,0.44095855184409843,0.19444444444444445,1.0,0.0,0.0,0.0,0.0,0.0,0.0,0.0,0.0,0.0,0.0,0.0,0.0,0.0,0.0,3.0,6.0,3.0,1.0,5.0,0.0,0.0,0.0,0.0,0.0,0.0,0.0
1110,3212,Sprint 2015-J,-2,21,5,10,1,2,0,0,2,4,2,4,2,4,1,3,3.0,0.0,3.0,5.0,0.0,0.0,0.0,2.0,0.6,0.5,0.6992058987801011,0.48888888888888893,2.0,0.0,1.0,0.6,1.0,0.5163977794943223,0.2666666666666667,1.0,0.0,1.0,0.4,0.0,0.5163977794943222,0.26666666666666666,1.0,0.0,2.0,0.2,0.0,0.6324555320336759,0.4000000000000001,2.0,0.0,0.0,0.0,0.0,0.0,0.0,0.0,0.0,0.0,0.0,0.0,0.0,0.0,0.0,0.0,1.0,0.2,0.0,0.42163702135578396,0.17777777777777784,1.0,0.0,0.0,0.0,0.0,0.0,0.0,0.0,0.0,1.0,0.2,0.0,0.42163702135578396,0.17777777777777784,1.0,5.0,5.0,3.0,1.0,5.0,0.0,0.0,0.0,0.0,0.0,0.0,0.0
1140,2500,Sprint 1,-1,14,3,3,0,0,0,0,1,1,0,0,2,2,1,2,0.0,0.0,7.0,10.0,0.0,0.0,0.0,1.0,0.2,0.0,0.42163702135578396,0.17777777777777784,1.0,0.0,1.0,0.7,1.0,0.48304589153964794,0.23333333333333334,1.0,1.0,1.0,1.0,1.0,0.0,0.0,0.0,0.0,2.0,0.2,0.0,0.6324555320336759,0.4000000000000001,2.0,0.0,1.0,0.1,0.0,0.31622776601683794,0.10000000000000002,1.0,0.0,0.0,0.0,0.0,0.0,0.0,0.0,0.0,4.0,1.8,2.0,1.1352924243950933,1.2888888888888888,4.0,0.0,0.0,0.0,0.0,0.0,0.0,0.0,0.0,1.0,0.1,0.0,0.31622776601683794,0.10000000000000002,1.0,0.0,10.0,0.0,3.0,0.0,0.0,0.0,0.0,0.0,0.0,0.0,0.0
1140,2510,Sprint 2,0,8,0,0,5,5,0,0,4,4,0,0,1,1,1,2,0.0,0.0,12.0,17.0,0.0,0.0,0.0,6.0,1.0588235294117647,1.0,1.6382379343098379,2.6838235294117645,6.0,0.0,1.0,0.9411764705882353,1.0,0.242535625036333,0.05882352941176471,1.0,1.0,1.0,1.0,1.0,0.0,0.0,0.0,0.0,3.0,0.35294117647058826,0.0,0.7859052479933757,0.6176470588235293,3.0,0.0,0.0,0.0,0.0,0.0,0.0,0.0,0.0,1.0,0.11764705882352941,0.0,0.3321055820775357,0.1102941176470588,1.0,0.0,5.0,0.5294117647058824,0.0,1.5048939771136505,2.2647058823529407,5.0,0.0,0.0,0.0,0.0,0.0,0.0,0.0,0.0,2.0,0.29411764705882354,0.0,0.6859943405700354,0.47058823529411764,2.0,0.0,17.0,0.0,5.0,0.0,0.0,0.0,0.0,0.0,0.0,0.0,0.0
1242,2902,2015/S9 (27-Apr > 10-May),0,12,0,0,0,0,0,0,0,0,0,0,0,0,1,1,1.0,0.0,0.0,1.0,0.0,0.0,2.0,2.0,2.0,2.0,0.0,0.0,0.0,0.0,0.0,0.0,0.0,0.0,0.0,0.0,1.0,1.0,1.0,1.0,0.0,0.0,0.0,0.0,0.0,0.0,0.0,0.0,0.0,0.0,0.0,0.0,0.0,0.0,0.0,0.0,0.0,0.0,0.0,0.0,0.0,0.0,0.0,0.0,0.0,0.0,0.0,0.0,0.0,0.0,0.0,0.0,0.0,0.0,0.0,0.0,0.0,0.0,0.0,0.0,0.0,0.0,0.0,0.0,0.0,1.0,0.0,0.0,0.0,0.0,0.0,0.0,0.0,0.0,0.0,0.0,0.0
1252,2902,2015/S9 (27-Apr > 10-May),0,12,0,0,0,0,0,0,0,0,0,0,0,0,1,1,1.0,0.0,0.0,1.0,0.0,0.0,2.0,2.0,2.0,2.0,0.0,0.0,0.0,0.0,0.0,0.0,0.0,0.0,0.0,0.0,1.0,1.0,1.0,1.0,0.0,0.0,0.0,0.0,0.0,0.0,0.0,0.0,0.0,0.0,0.0,0.0,0.0,0.0,0.0,0.0,0.0,0.0,0.0,0.0,0.0,0.0,0.0,0.0,0.0,0.0,0.0,0.0,0.0,0.0,0.0,0.0,0.0,0.0,0.0,0.0,0.0,0.0,0.0,0.0,0.0,0.0,0.0,0.0,0.0,1.0,0.0,0.0,0.0,0.0,0.0,0.0,0.0,0.0,0.0,0.0,0.0
1302,341,Beta6,-2,2,9,18,0,0,0,0,7,14,2,4,0,0,1,4,7.0,2.0,2.0,4.0,4.0,3.0,0.0,26.0,5.0,2.0,7.536577472566709,56.8,26.0,0.0,2.0,0.9090909090909091,1.0,0.5393598899705937,0.2909090909090909,2.0,0.0,2.0,1.2727272727272727,1.0,0.6466697906828632,0.41818181818181815,2.0,0.0,3.0,1.0,1.0,1.0954451150103321,1.2,3.0,0.0,1.0,0.18181818181818182,0.0,0.4045199174779452,0.16363636363636358,1.0,0.0,0.0,0.0,0.0,0.0,0.0,0.0,0.0,9.0,4.2727272727272725,4.0,2.901410315377992,8.418181818181818,9.0,0.0,2.0,0.7272727272727273,1.0,0.6466697906828632,0.41818181818181815,2.0,0.0,2.0,0.36363636363636365,0.0,0.6741998624632419,0.4545454545454543,2.0,8.0,3.0,0.0,0.0,0.0,0.0,0.0,0.0,0.0,0.0,0.0,0.0
1452,2812,Sprint 4,-4,14,11,11,1,1,3,3,3,3,5,5,1,1,8,6,3.0,1.0,0.0,12.0,2.0,1.0,0.0,2.0,0.17647058823529413,0.0,0.5285941398709244,0.27941176470588236,2.0,0.0,0.0,0.0,0.0,0.0,0.0,0.0,0.0,1.0,0.8823529411764706,1.0,0.3321055820775357,0.11029411764705882,1.0,0.0,4.0,1.1176470588235294,1.0,1.4090046549415862,1.9852941176470587,4.0,0.0,2.0,0.17647058823529413,0.0,0.5285941398709244,0.27941176470588236,2.0,0.0,1.0,0.058823529411764705,0.0,0.242535625036333,0.05882352941176471,1.0,0.0,3.0,0.8235294117647058,1.0,0.727606875108999,0.5294117647058825,3.0,0.0,1.0,0.11764705882352941,0.0,0.3321055820775357,0.1102941176470588,1.0,0.0,2.0,0.23529411764705882,0.0,0.6642111641550714,0.4411764705882352,2.0,6.0,11.0,7.0,6.0,2.0,0.0,0.0,0.0,0.0,0.0,0.0,0.0
1452,2822,Sprint 5,-6,28,11,11,5,5,0,0,10,10,5,5,1,1,8,7,2.0,2.0,0.0,12.0,2.0,1.0,0.0,2.0,0.375,0.0,0.6191391873668903,0.38333333333333336,2.0,0.0,0.0,0.0,0.0,0.0,0.0,0.0,1.0,1.0,1.0,1.0,0.0,0.0,0.0,0.0,7.0,1.125,0.0,1.9621416870348585,3.85,7.0,0.0,2.0,0.125,0.0,0.5,0.25,2.0,0.0,1.0,0.0625,0.0,0.25,0.0625,1.0,0.0,1.0,0.875,1.0,0.3415650255319866,0.11666666666666667,1.0,0.0,1.0,0.125,0.0,0.3415650255319866,0.11666666666666667,1.0,0.0,1.0,0.125,0.0,0.3415650255319866,0.11666666666666667,1.0,5.0,11.0,5.0,6.0,1.0,0.0,0.0,0.0,0.0,0.0,0.0,1.0
1452,2832,Sprint 6,-2,14,4,4,6,6,1,1,5,5,4,4,0,0,8,6,2.0,2.0,0.0,11.0,1.0,1.0,0.0,3.0,0.35714285714285715,0.0,0.8418973861410953,0.7087912087912085,3.0,0.0,0.0,0.0,0.0,0.0,0.0,0.0,1.0,1.0,1.0,1.0,0.0,0.0,0.0,0.0,4.0,1.1428571428571428,1.0,1.292412345317728,1.6703296703296704,4.0,0.0,3.0,0.42857142857142855,0.0,0.9376144618769909,0.8791208791208793,3.0,0.0,1.0,0.14285714285714285,0.0,0.3631365196012815,0.1318681318681319,1.0,0.0,2.0,0.5714285714285714,0.5,0.646206172658864,0.41758241758241765,2.0,0.0,1.0,0.14285714285714285,0.0,0.3631365196012815,0.1318681318681319,1.0,0.0,2.0,0.35714285714285715,0.0,0.744946343668492,0.554945054945055,2.0,1.0,13.0,4.0,5.0,1.0,1.0,0.0,0.0,0.0,0.0,0.0,0.0
1452,2972,Sprint 7,-4,14,10,10,0,0,1,1,5,5,4,4,0,0,8,6,1.0,1.0,0.0,13.0,1.0,0.0,0.0,1.0,0.07142857142857142,0.0,0.26726124191242434,0.07142857142857141,1.0,0.0,0.0,0.0,0.0,0.0,0.0,0.0,0.0,1.0,0.9285714285714286,1.0,0.26726124191242434,0.07142857142857141,1.0,0.0,3.0,1.0714285714285714,1.0,1.1411388181101378,1.302197802197802,3.0,0.0,3.0,0.2857142857142857,0.0,0.8254203058555569,0.6813186813186811,3.0,0.0,3.0,0.5,0.0,0.9405399431259602,0.8846153846153846,3.0,0.0,3.0,0.7142857142857143,1.0,0.8254203058555569,0.6813186813186812,3.0,0.0,0.0,0.0,0.0,0.0,0.0,0.0,0.0,2.0,0.42857142857142855,0.0,0.7559289460184544,0.5714285714285714,2.0,0.0,14.0,2.0,9.0,0.0,1.0,0.0,0.0,0.0,0.0,0.0,0.0
1472,990,Sprint 1,-4,5,6,16,0,0,0,0,5,14,0,0,1,2,3,1,1.0,4.0,0.0,5.0,0.0,0.0,0.0,5.0,1.3333333333333333,0.5,1.9663841605003503,3.866666666666667,5.0,1.0,1.0,1.0,1.0,0.0,0.0,0.0,1.0,1.0,1.0,1.0,0.0,0.0,0.0,0.0,4.0,1.6666666666666667,1.0,1.505545305418162,2.2666666666666666,4.0,0.0,1.0,0.3333333333333333,0.0,0.5163977794943223,0.2666666666666667,1.0,0.0,1.0,0.16666666666666666,0.0,0.408248290463863,0.16666666666666669,1.0,0.0,5.0,2.0,1.0,2.449489742783178,6.0,5.0,0.0,1.0,0.16666666666666666,0.0,0.408248290463863,0.16666666666666669,1.0,0.0,1.0,0.5,0.5,0.5477225575051661,0.3,1.0,3.0,3.0,0.0,1.0,1.0,0.0,0.0,0.0,0.0,0.0,0.0,0.0
1472,1101,Sprint 2,-2,2,3,6,0,0,0,0,2,4,0,0,1,2,3,2,0.0,2.0,1.0,4.0,0.0,0.0,0.0,3.0,0.75,0.0,1.5,2.25,3.0,0.0,1.0,0.5,0.5,0.5773502691896257,0.3333333333333333,1.0,1.0,1.0,1.0,1.0,0.0,0.0,0.0,0.0,3.0,1.25,1.0,1.2583057392117916,1.5833333333333333,3.0,0.0,1.0,0.25,0.0,0.5,0.25,1.0,0.0,1.0,0.25,0.0,0.5,0.25,1.0,0.0,4.0,1.25,0.5,1.8929694486000912,3.5833333333333335,4.0,0.0,0.0,0.0,0.0,0.0,0.0,0.0,0.0,1.0,0.5,0.5,0.5773502691896257,0.3333333333333333,1.0,2.0,2.0,0.0,1.0,0.0,0.0,0.0,0.0,0.0,0.0,0.0,0.0
1472,1131,Sprint 3,-2,4,2,4,0,0,0,0,2,4,0,0,0,0,3,1,0.0,2.0,6.0,8.0,0.0,0.0,0.0,0.0,0.0,0.0,0.0,0.0,0.0,0.0,1.0,0.25,0.0,0.4629100498862757,0.21428571428571427,1.0,1.0,1.0,1.0,1.0,0.0,0.0,0.0,0.0,2.0,0.5,0.0,0.9258200997725514,0.8571428571428571,2.0,0.0,0.0,0.0,0.0,0.0,0.0,0.0,0.0,0.0,0.0,0.0,0.0,0.0,0.0,0.0,0.0,0.0,0.0,0.0,0.0,0.0,0.0,0.0,0.0,0.0,0.0,0.0,0.0,0.0,1.0,0.25,0.0,0.4629100498862757,0.21428571428571427,1.0,3.0,5.0,0.0,0.0,0.0,0.0,0.0,0.0,0.0,0.0,0.0,0.0
1472,1211,Sprint 4,-2,5,2,4,0,0,0,0,1,2,1,2,0,0,3,1,0.0,1.0,3.0,5.0,0.0,0.0,0.0,2.0,1.0,1.0,0.7071067811865476,0.5,2.0,0.0,1.0,0.2,0.0,0.44721359549995804,0.20000000000000007,1.0,1.0,1.0,1.0,1.0,0.0,0.0,0.0,0.0,2.0,0.8,0.0,1.0954451150103324,1.2000000000000002,2.0,0.0,0.0,0.0,0.0,0.0,0.0,0.0,0.0,0.0,0.0,0.0,0.0,0.0,0.0,0.0,0.0,0.0,0.0,0.0,0.0,0.0,0.0,0.0,0.0,0.0,0.0,0.0,0.0,1.0,3.0,2.0,2.0,0.7071067811865476,0.5,2.0,2.0,3.0,0.0,1.0,0.0,0.0,0.0,0.0,0.0,0.0,0.0,0.0
1472,1271,Sprint 5,-4,4,5,10,1,2,0,0,4,8,0,0,2,4,3,1,0.0,5.0,5.0,11.0,0.0,0.0,0.0,2.0,0.8181818181818182,1.0,0.7507571935295483,0.5636363636363636,2.0,0.0,1.0,0.7272727272727273,1.0,0.46709936649691375,0.21818181818181817,1.0,1.0,1.0,1.0,1.0,0.0,0.0,0.0,0.0,4.0,1.0,0.0,1.4142135623730951,2.0,4.0,0.0,0.0,0.0,0.0,0.0,0.0,0.0,0.0,1.0,0.09090909090909091,0.0,0.3015113445777636,0.09090909090909088,1.0,0.0,0.0,0.0,0.0,0.0,0.0,0.0,0.0,0.0,0.0,0.0,0.0,0.0,0.0,0.0,10.0,2.1818181818181817,2.0,2.8572077914699108,8.163636363636366,10.0,5.0,6.0,0.0,1.0,0.0,0.0,0.0,0.0,0.0,0.0,0.0,0.0
1472,1311,Sprint 6 w5,0,4,2,4,0,0,0,0,2,4,0,0,0,0,3,1,0.0,2.0,0.0,2.0,0.0,0.0,2.0,3.0,2.5,2.5,0.7071067811865476,0.5,1.0,1.0,1.0,1.0,1.0,0.0,0.0,0.0,1.0,1.0,1.0,1.0,0.0,0.0,0.0,3.0,5.0,4.0,4.0,1.4142135623730951,2.0,2.0,0.0,0.0,0.0,0.0,0.0,0.0,0.0,0.0,0.0,0.0,0.0,0.0,0.0,0.0,0.0,0.0,0.0,0.0,0.0,0.0,0.0,0.0,0.0,0.0,0.0,0.0,0.0,0.0,3.0,4.0,3.5,3.5,0.7071067811865476,0.5,1.0,2.0,0.0,0.0,0.0,0.0,0.0,0.0,0.0,0.0,0.0,0.0,0.0
1472,1321,Sprint 7 w4 (CR1 build out),-2,10,5,10,2,4,0,0,6,12,0,0,1,2,3,1,1.0,2.0,6.0,13.0,0.0,0.0,0.0,3.0,1.1538461538461537,0.0,1.4051188470584879,1.9743589743589745,3.0,1.0,1.0,1.0,1.0,0.0,0.0,0.0,0.0,1.0,0.9230769230769231,1.0,0.2773500981126146,0.07692307692307694,1.0,0.0,6.0,1.3076923076923077,1.0,1.6525039276108335,2.7307692307692313,6.0,0.0,1.0,0.07692307692307693,0.0,0.2773500981126146,0.07692307692307694,1.0,0.0,1.0,0.07692307692307693,0.0,0.2773500981126146,0.07692307692307694,1.0,0.0,0.0,0.0,0.0,0.0,0.0,0.0,0.0,0.0,0.0,0.0,0.0,0.0,0.0,0.0,11.0,2.5384615384615383,1.0,3.4788739704916165,12.102564102564104,11.0,5.0,8.0,1.0,3.0,0.0,0.0,0.0,0.0,0.0,0.0,0.0,0.0
1472,1681,2014/S1 (3-Feb > 16-Feb),-4,13,5,10,1,2,0,0,5,10,1,2,0,0,3,3,2.0,3.0,6.0,9.0,0.0,0.0,0.0,9.0,1.5384615384615385,0.0,3.152125859780576,9.935897435897436,9.0,0.0,1.0,0.3076923076923077,0.0,0.48038446141526137,0.23076923076923075,1.0,1.0,1.0,1.0,1.0,0.0,0.0,0.0,0.0,1.0,0.3076923076923077,0.0,0.48038446141526137,0.23076923076923075,1.0,0.0,0.0,0.0,0.0,0.0,0.0,0.0,0.0,0.0,0.0,0.0,0.0,0.0,0.0,0.0,4.0,0.6153846153846154,0.0,1.1929278784054478,1.4230769230769227,4.0,0.0,1.0,0.15384615384615385,0.0,0.37553380809940534,0.141025641025641,1.0,0.0,1.0,0.07692307692307693,0.0,0.2773500981126146,0.07692307692307694,1.0,12.0,1.0,1.0,1.0,4.0,0.0,0.0,0.0,0.0,0.0,0.0,0.0
1472,1751,2014/S2 (17-Feb > 2-Mar),0,14,4,8,1,2,0,0,3,6,0,0,2,4,3,3,0.0,4.0,13.0,9.0,0.0,7.0,0.0,17.0,3.388888888888889,1.0,4.089281382128433,16.72222222222222,17.0,0.0,1.0,0.5555555555555556,1.0,0.5113099925649136,0.26143790849673204,1.0,0.0,1.0,0.9444444444444444,1.0,0.23570226039551584,0.05555555555555556,1.0,0.0,2.0,0.3888888888888889,0.0,0.6978023391872253,0.48692810457516345,2.0,0.0,0.0,0.0,0.0,0.0,0.0,0.0,0.0,0.0,0.0,0.0,0.0,0.0,0.0,0.0,2.0,0.5,0.0,0.6183469424008423,0.38235294117647056,2.0,0.0,1.0,0.1111111111111111,0.0,0.3233808333817773,0.10457516339869281,1.0,0.0,1.0,0.2222222222222222,0.0,0.42779263194649864,0.18300653594771243,1.0,17.0,1.0,1.0,0.0,2.0,0.0,0.0,0.0,0.0,0.0,0.0,0.0
1472,1811,2014/S3 (3-Mar > 16-Mar),-2,14,5,10,0,0,0,0,4,8,0,0,1,2,3,1,1.0,3.0,0.0,1.0,0.0,1.0,0.0,0.0,0.0,0.0,0.0,0.0,0.0,0.0,1.0,0.2,0.0,0.447213595499958,0.20000000000000004,1.0,1.0,1.0,1.0,1.0,0.0,0.0,0.0,0.0,1.0,0.8,1.0,0.44721359549995804,0.20000000000000007,1.0,0.0,0.0,0.0,0.0,0.0,0.0,0.0,0.0,0.0,0.0,0.0,0.0,0.0,0.0,0.0,1.0,0.2,0.0,0.44721359549995804,0.20000000000000007,1.0,0.0,1.0,0.4,0.0,0.5477225575051662,0.30000000000000004,1.0,0.0,1.0,0.6,1.0,0.5477225575051662,0.30000000000000004,1.0,4.0,1.0,0.0,1.0,3.0,0.0,0.0,0.0,0.0,0.0,0.0,0.0
1472,1821,2014/S4 (17-Mar > 30-Mar),2,13,3,6,0,0,0,0,0,0,1,2,2,4,3,1,0.0,1.0,0.0,2.0,0.0,2.0,0.0,1.0,0.5,0.5,0.5773502691896257,0.3333333333333333,1.0,0.0,1.0,0.25,0.0,0.5,0.25,1.0,1.0,1.0,1.0,1.0,0.0,0.0,0.0,0.0,4.0,1.0,0.0,2.0,4.0,4.0,0.0,0.0,0.0,0.0,0.0,0.0,0.0,0.0,0.0,0.0,0.0,0.0,0.0,0.0,0.0,1.0,0.25,0.0,0.5,0.25,1.0,0.0,1.0,0.5,0.5,0.5773502691896257,0.3333333333333333,1.0,0.0,6.0,1.75,0.5,2.8722813232690143,8.25,6.0,2.0,2.0,1.0,2.0,0.0,0.0,0.0,0.0,0.0,0.0,0.0,0.0
1472,1831,2014/S5 (31-Mar > 13-Apr),-14,14,7,14,12,24,0,0,13,26,1,2,5,10,3,1,1.0,8.0,0.0,18.0,0.0,1.0,0.0,5.0,1.368421052631579,1.0,1.5351629054269225,2.3567251461988303,5.0,0.0,1.0,0.7894736842105263,1.0,0.41885390829169555,0.1754385964912281,1.0,1.0,1.0,1.0,1.0,0.0,0.0,0.0,0.0,5.0,1.3157894736842106,1.0,1.4162796168893959,2.005847953216374,5.0,0.0,1.0,0.05263157894736842,0.0,0.22941573387056177,0.05263157894736842,1.0,0.0,5.0,1.0526315789473684,1.0,1.3529262199858298,1.830409356725146,5.0,0.0,2.0,0.2631578947368421,0.0,0.6533762964749499,0.42690058479532167,2.0,0.0,0.0,0.0,0.0,0.0,0.0,0.0,0.0,3.0,0.7368421052631579,0.0,0.9911892555667042,0.9824561403508772,3.0,11.0,8.0,6.0,4.0,0.0,0.0,0.0,0.0,0.0,0.0,0.0,0.0
1472,1950,2014/S5 (14-Apr > 27-Apr),0,14,0,0,0,0,0,0,0,0,0,0,0,0,3,1,0.0,0.0,0.0,0.0,0.0,0.0,0.0,0.0,0.0,0.0,0.0,0.0,0.0,0.0,0.0,0.0,0.0,0.0,0.0,0.0,0.0,0.0,0.0,0.0,0.0,0.0,0.0,0.0,0.0,0.0,0.0,0.0,0.0,0.0,0.0,0.0,0.0,0.0,0.0,0.0,0.0,0.0,0.0,0.0,0.0,0.0,0.0,0.0,0.0,0.0,0.0,0.0,0.0,0.0,0.0,0.0,0.0,0.0,0.0,0.0,0.0,0.0,0.0,0.0,0.0,0.0,0.0,0.0,0.0,0.0,0.0,0.0,0.0,0.0,0.0,0.0,0.0,0.0,0.0,0.0,0.0
1472,2090,2014/S9 (26-May > 8-Jun),-6,13,2,4,1,2,0,0,2,4,1,2,0,0,3,2,2.0,0.0,12.0,14.0,0.0,0.0,0.0,0.0,0.0,0.0,0.0,0.0,0.0,0.0,1.0,0.1875,0.0,0.4031128874149275,0.1625,1.0,0.0,1.0,0.9375,1.0,0.25,0.0625,1.0,0.0,5.0,0.5,0.0,1.4142135623730951,2.0,5.0,0.0,0.0,0.0,0.0,0.0,0.0,0.0,0.0,5.0,0.3125,0.0,1.25,1.5625,5.0,0.0,2.0,0.4375,0.0,0.7274384280931732,0.5291666666666667,2.0,0.0,0.0,0.0,0.0,0.0,0.0,0.0,0.0,4.0,1.125,0.0,1.4548768561863463,2.1166666666666667,4.0,9.0,7.0,1.0,1.0,2.0,0.0,0.0,0.0,0.0,0.0,0.0,0.0
1472,2140,2014/S10 (9-Jun > 22-Jun),0,12,5,10,0,0,3,6,2,4,0,0,0,0,3,2,2.0,1.0,18.0,20.0,0.0,1.0,0.0,1.0,0.043478260869565216,0.0,0.2085144140570748,0.04347826086956523,1.0,0.0,1.0,0.13043478260869565,0.0,0.34435022157509093,0.11857707509881421,1.0,0.0,1.0,0.9565217391304348,1.0,0.2085144140570748,0.04347826086956523,1.0,0.0,5.0,0.5217391304347826,0.0,1.4100149972571634,1.9881422924901186,5.0,0.0,0.0,0.0,0.0,0.0,0.0,0.0,0.0,5.0,0.21739130434782608,0.0,1.0425720702853736,1.0869565217391302,5.0,0.0,2.0,0.391304347826087,0.0,0.7223151185146154,0.5217391304347829,2.0,0.0,0.0,0.0,0.0,0.0,0.0,0.0,0.0,4.0,0.8260869565217391,0.0,1.3021720984236471,1.6956521739130443,4.0,12.0,11.0,1.0,1.0,2.0,0.0,0.0,0.0,0.0,0.0,0.0,0.0
1472,2170,2014/S12 (7-Jul > 20-Jul),-4,14,0,0,2,4,0,0,2,4,0,0,0,0,3,2,0.0,1.0,19.0,21.0,0.0,0.0,0.0,7.0,0.9523809523809523,0.0,1.745743121887939,3.047619047619047,7.0,0.0,0.0,0.0,0.0,0.0,0.0,0.0,1.0,1.0,1.0,1.0,0.0,0.0,0.0,0.0,2.0,0.09523809523809523,0.0,0.43643578047198484,0.19047619047619052,2.0,0.0,0.0,0.0,0.0,0.0,0.0,0.0,0.0,1.0,0.047619047619047616,0.0,0.21821789023599242,0.04761904761904763,1.0,0.0,2.0,0.23809523809523808,0.0,0.5389584311207967,0.2904761904761905,2.0,0.0,0.0,0.0,0.0,0.0,0.0,0.0,0.0,4.0,0.8571428571428571,0.0,1.2761549390929883,1.6285714285714286,4.0,10.0,11.0,0.0,1.0,0.0,0.0,0.0,0.0,0.0,0.0,0.0,0.0
1472,2300,2014/S13 (21-Jul > 3-Aug),-4,14,5,10,0,0,0,0,4,8,0,0,1,2,3,2,0.0,2.0,13.0,17.0,0.0,1.0,0.0,1.0,0.2777777777777778,0.0,0.4608885989624768,0.21241830065359477,1.0,0.0,1.0,0.05555555555555555,0.0,0.23570226039551584,0.05555555555555556,1.0,1.0,1.0,1.0,1.0,0.0,0.0,0.0,0.0,3.0,0.3888888888888889,0.0,0.8498365855987975,0.7222222222222223,3.0,0.0,0.0,0.0,0.0,0.0,0.0,0.0,0.0,2.0,0.16666666666666666,0.0,0.5144957554275265,0.2647058823529411,2.0,0.0,4.0,0.7777777777777778,0.0,1.3527990831890464,1.8300653594771243,4.0,0.0,0.0,0.0,0.0,0.0,0.0,0.0,0.0,4.0,1.0,0.5,1.2833778958394957,1.6470588235294117,4.0,7.0,11.0,0.0,3.0,0.0,0.0,0.0,0.0,0.0,0.0,0.0,0.0
1472,2360,2014/S15 (18-Aug > 31-Aug),-2,13,0,0,2,4,0,0,2,4,0,0,0,0,3,1,0.0,1.0,7.0,10.0,0.0,0.0,0.0,2.0,0.2,0.0,0.6324555320336759,0.4000000000000001,2.0,0.0,0.0,0.0,0.0,0.0,0.0,0.0,0.0,1.0,0.4,0.0,0.5163977794943223,0.2666666666666667,1.0,0.0,1.0,0.2,0.0,0.42163702135578396,0.17777777777777784,1.0,0.0,1.0,0.2,0.0,0.42163702135578396,0.17777777777777784,1.0,0.0,0.0,0.0,0.0,0.0,0.0,0.0,0.0,1.0,0.1,0.0,0.31622776601683794,0.10000000000000002,1.0,0.0,0.0,0.0,0.0,0.0,0.0,0.0,0.0,3.0,0.8,0.0,1.1352924243950935,1.288888888888889,3.0,7.0,3.0,0.0,1.0,0.0,1.0,0.0,0.0,0.0,0.0,0.0,0.0
1472,2370,2014/S16 (1-Sep > 14-Sep),-2,6,1,2,0,0,0,0,1,2,0,0,0,0,3,1,0.0,0.0,6.0,7.0,0.0,0.0,0.0,2.0,1.2857142857142858,2.0,0.9511897312113418,0.9047619047619047,2.0,0.0,0.0,0.0,0.0,0.0,0.0,0.0,0.0,1.0,0.14285714285714285,0.0,0.3779644730092273,0.1428571428571429,1.0,0.0,1.0,0.2857142857142857,0.0,0.48795003647426666,0.23809523809523814,1.0,0.0,1.0,0.2857142857142857,0.0,0.48795003647426666,0.23809523809523814,1.0,0.0,0.0,0.0,0.0,0.0,0.0,0.0,0.0,0.0,0.0,0.0,0.0,0.0,0.0,0.0,0.0,0.0,0.0,0.0,0.0,0.0,0.0,3.0,1.1428571428571428,1.0,1.2149857925879117,1.4761904761904763,3.0,6.0,1.0,0.0,0.0,0.0,1.0,0.0,0.0,0.0,0.0,0.0,0.0
1472,2470,2014/S17 (15-Sep > 28-Sep),2,12,3,6,0,0,0,0,1,2,0,0,2,4,3,1,0.0,1.0,0.0,5.0,0.0,1.0,0.0,1.0,0.16666666666666666,0.0,0.408248290463863,0.16666666666666669,1.0,0.0,1.0,0.16666666666666666,0.0,0.408248290463863,0.16666666666666669,1.0,1.0,1.0,1.0,1.0,0.0,0.0,0.0,0.0,2.0,0.5,0.0,0.8366600265340756,0.7,2.0,0.0,0.0,0.0,0.0,0.0,0.0,0.0,0.0,0.0,0.0,0.0,0.0,0.0,0.0,0.0,4.0,1.1666666666666667,0.5,1.602081978759722,2.5666666666666664,4.0,0.0,0.0,0.0,0.0,0.0,0.0,0.0,0.0,2.0,0.6666666666666666,0.5,0.816496580927726,0.6666666666666667,2.0,2.0,4.0,1.0,3.0,0.0,1.0,0.0,0.0,0.0,0.0,0.0,0.0
1472,2520,2014/S18 (29-Sep > 12-Oct),-10,14,8,16,1,2,1,2,1,2,6,12,1,2,3,1,0.0,1.0,0.0,7.0,0.0,2.0,0.0,1.0,0.5555555555555556,1.0,0.5270462766947299,0.2777777777777778,1.0,0.0,1.0,0.1111111111111111,0.0,0.3333333333333333,0.1111111111111111,1.0,1.0,1.0,1.0,1.0,0.0,0.0,0.0,0.0,3.0,0.3333333333333333,0.0,0.9999999999999999,0.9999999999999999,3.0,0.0,0.0,0.0,0.0,0.0,0.0,0.0,0.0,0.0,0.0,0.0,0.0,0.0,0.0,0.0,2.0,0.4444444444444444,0.0,0.8819171036881969,0.7777777777777778,2.0,0.0,1.0,0.1111111111111111,0.0,0.3333333333333333,0.1111111111111111,1.0,0.0,1.0,0.1111111111111111,0.0,0.3333333333333333,0.1111111111111111,1.0,1.0,8.0,0.0,7.0,0.0,1.0,0.0,0.0,0.0,0.0,0.0,0.0
1472,2550,2014/S19 (13-Oct > 26-Oct),-2,13,10,20,3,6,0,0,8,16,5,10,0,0,3,2,0.0,2.0,1.0,15.0,1.0,1.0,0.0,7.0,2.0588235294117645,1.0,2.1056646289026575,4.433823529411765,7.0,0.0,2.0,0.29411764705882354,0.0,0.5878675320972555,0.3455882352941177,2.0,0.0,1.0,0.9411764705882353,1.0,0.242535625036333,0.05882352941176471,1.0,0.0,3.0,0.5882352941176471,0.0,1.0641207361838554,1.1323529411764706,3.0,0.0,0.0,0.0,0.0,0.0,0.0,0.0,0.0,0.0,0.0,0.0,0.0,0.0,0.0,0.0,3.0,0.47058823529411764,0.0,0.9432422182837985,0.889705882352941,3.0,0.0,1.0,0.11764705882352941,0.0,0.3321055820775357,0.1102941176470588,1.0,0.0,2.0,0.17647058823529413,0.0,0.5285941398709244,0.27941176470588236,2.0,5.0,12.0,0.0,14.0,0.0,0.0,0.0,0.0,0.0,0.0,0.0,0.0
1472,2560,2014/S20 (27-Oct > 9-Nov),-28,13,14,28,2,4,0,0,15,30,1,2,0,0,3,3,10.0,2.0,1.0,11.0,0.0,0.0,0.0,4.0,0.6190476190476191,0.0,1.1169686869465267,1.247619047619048,4.0,0.0,1.0,0.47619047619047616,0.0,0.511766315719159,0.26190476190476186,1.0,0.0,1.0,0.7142857142857143,1.0,0.4629100498862757,0.21428571428571427,1.0,0.0,3.0,0.38095238095238093,0.0,0.8047478161629565,0.6476190476190478,3.0,0.0,0.0,0.0,0.0,0.0,0.0,0.0,0.0,3.0,0.14285714285714285,0.0,0.6546536707079772,0.4285714285714287,3.0,0.0,1.0,0.23809523809523808,0.0,0.4364357804719847,0.19047619047619044,1.0,0.0,1.0,0.2857142857142857,0.0,0.4629100498862757,0.21428571428571427,1.0,0.0,3.0,0.5238095238095238,0.0,0.8728715609439694,0.7619047619047618,3.0,10.0,11.0,2.0,6.0,10.0,0.0,0.0,0.0,0.0,0.0,0.0,0.0
1472,2620,2014/S21 (10-Nov > 23-Nov),-10,5,12,24,0,0,0,0,9,18,3,6,0,0,3,3,5.0,1.0,1.0,8.0,0.0,0.0,0.0,7.0,1.6153846153846154,1.0,2.218800784900916,4.9230769230769225,7.0,0.0,1.0,0.38461538461538464,0.0,0.5063696835418333,0.25641025641025644,1.0,0.0,1.0,0.6923076923076923,1.0,0.48038446141526137,0.23076923076923075,1.0,0.0,3.0,0.23076923076923078,0.0,0.8320502943378437,0.6923076923076924,3.0,0.0,0.0,0.0,0.0,0.0,0.0,0.0,0.0,3.0,0.23076923076923078,0.0,0.8320502943378437,0.6923076923076924,3.0,0.0,1.0,0.23076923076923078,0.0,0.4385290096535146,0.1923076923076923,1.0,0.0,1.0,0.3076923076923077,0.0,0.48038446141526137,0.23076923076923075,1.0,0.0,2.0,0.5384615384615384,0.0,0.6602252917735248,0.43589743589743596,2.0,7.0,6.0,1.0,5.0,5.0,0.0,0.0,0.0,0.0,0.0,0.0,0.0
1472,2630,2014/S22 (24-Nov > 7-Dec),-6,13,5,10,2,4,0,0,5,10,0,0,2,4,3,2,3.0,1.0,0.0,8.0,0.0,0.0,0.0,8.0,1.8888888888888888,1.0,2.5221243250702594,6.361111111111111,8.0,0.0,1.0,0.6666666666666666,1.0,0.5,0.25,1.0,1.0,1.0,1.0,1.0,0.0,0.0,0.0,0.0,2.0,0.3333333333333333,0.0,0.7071067811865476,0.5,2.0,0.0,0.0,0.0,0.0,0.0,0.0,0.0,0.0,0.0,0.0,0.0,0.0,0.0,0.0,0.0,0.0,0.0,0.0,0.0,0.0,0.0,0.0,0.0,0.0,0.0,0.0,0.0,0.0,0.0,1.0,0.2222222222222222,0.0,0.44095855184409843,0.19444444444444445,1.0,1.0,8.0,1.0,4.0,1.0,0.0,0.0,0.0,0.0,0.0,0.0,0.0
1472,2650,2014/S23 (8-Dec > 21-Dec),-2,12,7,14,2,4,0,0,6,12,0,0,3,6,3,3,3.0,1.0,0.0,11.0,0.0,0.0,0.0,8.0,2.090909090909091,1.0,2.586679162731453,6.6909090909090905,8.0,0.0,1.0,0.6363636363636364,1.0,0.504524979109513,0.2545454545454545,1.0,1.0,1.0,1.0,1.0,0.0,0.0,0.0,0.0,3.0,0.5454545454545454,0.0,0.9341987329938275,0.8727272727272727,3.0,0.0,0.0,0.0,0.0,0.0,0.0,0.0,0.0,3.0,0.2727272727272727,0.0,0.9045340337332909,0.8181818181818181,3.0,0.0,2.0,0.18181818181818182,0.0,0.6030226891555271,0.36363636363636354,2.0,0.0,0.0,0.0,0.0,0.0,0.0,0.0,0.0,4.0,0.7272727272727273,0.0,1.2720777563426766,1.618181818181818,4.0,5.0,6.0,3.0,4.0,0.0,0.0,0.0,0.0,0.0,0.0,0.0,0.0
1472,2682,2014/S24 (22-Dec > 04-Jan),-6,13,6,12,0,0,2,4,3,6,0,0,1,2,3,4,0.0,1.0,0.0,6.0,0.0,0.0,0.0,3.0,1.8333333333333333,2.0,1.3291601358251257,1.7666666666666668,3.0,0.0,1.0,0.8333333333333334,1.0,0.408248290463863,0.16666666666666669,1.0,1.0,1.0,1.0,1.0,0.0,0.0,0.0,0.0,3.0,1.1666666666666667,0.5,1.4719601443879744,2.1666666666666665,3.0,0.0,0.0,0.0,0.0,0.0,0.0,0.0,0.0,3.0,0.8333333333333334,0.0,1.3291601358251257,1.7666666666666664,3.0,0.0,0.0,0.0,0.0,0.0,0.0,0.0,0.0,0.0,0.0,0.0,0.0,0.0,0.0,0.0,4.0,1.0,0.0,1.6733200530681511,2.8,4.0,2.0,4.0,3.0,2.0,0.0,0.0,0.0,0.0,0.0,0.0,0.0,0.0
1472,2692,2015/S1 (05-Jan > 18-Jan),-2,13,4,8,0,0,0,0,4,8,0,0,0,0,3,3,0.0,0.0,4.0,10.0,0.0,0.0,0.0,3.0,0.6,0.0,0.9660917830792959,0.9333333333333333,3.0,0.0,1.0,0.6,1.0,0.5163977794943222,0.26666666666666666,1.0,1.0,1.0,1.0,1.0,0.0,0.0,0.0,0.0,3.0,0.4,0.0,0.966091783079296,0.9333333333333336,3.0,0.0,0.0,0.0,0.0,0.0,0.0,0.0,0.0,2.0,0.2,0.0,0.6324555320336759,0.4000000000000001,2.0,0.0,0.0,0.0,0.0,0.0,0.0,0.0,0.0,0.0,0.0,0.0,0.0,0.0,0.0,0.0,4.0,0.6,0.0,1.2649110640673515,1.5999999999999996,4.0,3.0,7.0,2.0,4.0,0.0,0.0,0.0,0.0,0.0,0.0,0.0,0.0
1472,2702,2015/S2+3 (19-Jan > 15-Feb),-2,12,3,6,0,0,0,0,3,6,0,0,0,0,3,2,0.0,0.0,0.0,3.0,0.0,0.0,0.0,3.0,1.0,0.0,1.7320508075688772,3.0,3.0,1.0,1.0,1.0,1.0,0.0,0.0,0.0,1.0,1.0,1.0,1.0,0.0,0.0,0.0,0.0,3.0,1.3333333333333333,1.0,1.5275252316519465,2.333333333333333,3.0,0.0,0.0,0.0,0.0,0.0,0.0,0.0,0.0,2.0,0.6666666666666666,0.0,1.1547005383792517,1.3333333333333335,2.0,0.0,0.0,0.0,0.0,0.0,0.0,0.0,0.0,0.0,0.0,0.0,0.0,0.0,0.0,0.0,4.0,1.6666666666666667,1.0,2.0816659994661326,4.333333333333333,4.0,1.0,2.0,1.0,2.0,0.0,0.0,0.0,0.0,0.0,0.0,0.0,0.0
1472,2762,2015/S4 (16-Feb > 01-Mar),2,14,6,12,1,2,0,0,5,10,1,2,1,2,3,1,3.0,0.0,0.0,7.0,0.0,2.0,0.0,3.0,0.45454545454545453,0.0,0.9341987329938275,0.8727272727272727,3.0,0.0,1.0,0.9090909090909091,1.0,0.30151134457776363,0.0909090909090909,1.0,0.0,1.0,0.8181818181818182,1.0,0.40451991747794525,0.16363636363636364,1.0,0.0,2.0,0.18181818181818182,0.0,0.6030226891555273,0.3636363636363636,2.0,0.0,0.0,0.0,0.0,0.0,0.0,0.0,0.0,0.0,0.0,0.0,0.0,0.0,0.0,0.0,1.0,0.18181818181818182,0.0,0.4045199174779452,0.16363636363636358,1.0,0.0,1.0,0.09090909090909091,0.0,0.3015113445777636,0.09090909090909088,1.0,0.0,0.0,0.0,0.0,0.0,0.0,0.0,4.0,7.0,2.0,6.0,2.0,0.0,0.0,0.0,0.0,0.0,0.0,0.0
1472,2772,2015/S5 (02-Mar > 15-Mar),-6,13,6,12,1,2,1,2,2,4,2,4,2,4,3,2,2.0,0.0,0.0,5.0,0.0,1.0,0.0,12.0,2.7142857142857144,1.0,4.309458036856673,18.571428571428566,12.0,1.0,4.0,1.4285714285714286,1.0,1.1338934190276815,1.2857142857142854,3.0,1.0,1.0,1.0,1.0,0.0,0.0,0.0,0.0,2.0,0.5714285714285714,0.0,0.9759000729485333,0.9523809523809526,2.0,0.0,0.0,0.0,0.0,0.0,0.0,0.0,0.0,0.0,0.0,0.0,0.0,0.0,0.0,0.0,2.0,0.5714285714285714,0.0,0.9759000729485331,0.9523809523809522,2.0,0.0,0.0,0.0,0.0,0.0,0.0,0.0,0.0,1.0,0.2857142857142857,0.0,0.48795003647426666,0.23809523809523814,1.0,2.0,5.0,1.0,4.0,0.0,0.0,1.0,0.0,0.0,0.0,0.0,0.0
1472,2782,2015/S6 (16-Mar > 29-Mar),-2,14,8,16,1,2,4,8,4,8,0,0,1,2,3,3,2.0,2.0,2.0,11.0,0.0,1.0,0.0,7.0,2.8333333333333335,2.5,2.0375267241229382,4.151515151515151,7.0,0.0,4.0,1.0,1.0,1.044465935734187,1.0909090909090908,4.0,0.0,1.0,0.8333333333333334,1.0,0.38924947208076144,0.1515151515151515,1.0,0.0,3.0,0.5833333333333334,0.0,0.9962049198956219,0.9924242424242423,3.0,0.0,0.0,0.0,0.0,0.0,0.0,0.0,0.0,1.0,0.08333333333333333,0.0,0.28867513459481287,0.08333333333333331,1.0,0.0,5.0,0.6666666666666666,0.0,1.497472618255253,2.242424242424242,5.0,0.0,0.0,0.0,0.0,0.0,0.0,0.0,0.0,1.0,0.16666666666666666,0.0,0.3892494720807615,0.15151515151515152,1.0,2.0,10.0,1.0,5.0,0.0,0.0,0.0,0.0,0.0,0.0,0.0,0.0
1472,2852,2015/S7 (30-Mar > 12-Apr),-2,11,3,6,5,10,3,6,2,4,1,2,2,4,3,3,7.0,1.0,4.0,16.0,0.0,0.0,0.0,5.0,1.411764705882353,1.0,1.697749375254331,2.8823529411764706,5.0,0.0,4.0,0.6470588235294118,0.0,0.9963167462326072,0.9926470588235294,4.0,0.0,1.0,0.5294117647058824,1.0,0.5144957554275266,0.2647058823529412,1.0,0.0,2.0,0.23529411764705882,0.0,0.562295714538387,0.3161764705882352,2.0,0.0,0.0,0.0,0.0,0.0,0.0,0.0,0.0,0.0,0.0,0.0,0.0,0.0,0.0,0.0,2.0,0.17647058823529413,0.0,0.5285941398709244,0.27941176470588236,2.0,0.0,1.0,0.058823529411764705,0.0,0.242535625036333,0.05882352941176471,1.0,0.0,3.0,0.4117647058823529,0.0,0.7952062255644573,0.6323529411764706,3.0,3.0,14.0,2.0,3.0,1.0,0.0,0.0,0.0,0.0,0.0,0.0,0.0
1472,2872,2015/S8 (13-Apr > 26-Apr),-8,13,8,16,1,2,1,2,3,6,1,2,4,8,3,4,7.0,1.0,3.0,12.0,0.0,0.0,0.0,10.0,2.3846153846153846,2.0,2.6937724952954465,7.2564102564102555,10.0,0.0,4.0,0.5384615384615384,0.0,1.1266014242982163,1.2692307692307694,4.0,0.0,1.0,0.5384615384615384,1.0,0.5188745216627708,0.2692307692307693,1.0,0.0,2.0,0.23076923076923078,0.0,0.599144689515278,0.3589743589743588,2.0,0.0,0.0,0.0,0.0,0.0,0.0,0.0,0.0,0.0,0.0,0.0,0.0,0.0,0.0,0.0,0.0,0.0,0.0,0.0,0.0,0.0,0.0,1.0,0.07692307692307693,0.0,0.2773500981126146,0.07692307692307694,1.0,0.0,3.0,0.8461538461538461,1.0,0.9870962335856491,0.9743589743589743,3.0,3.0,10.0,1.0,1.0,1.0,0.0,0.0,0.0,0.0,0.0,0.0,0.0
1472,2902,2015/S9 (27-Apr > 10-May),-2,12,3,6,8,16,10,20,1,2,0,0,0,0,3,3,6.0,6.0,0.0,11.0,0.0,0.0,0.0,7.0,1.8,1.0,2.4842360136324753,6.171428571428573,7.0,0.0,4.0,0.8,1.0,1.01418510567422,1.0285714285714287,4.0,0.0,1.0,0.6,1.0,0.50709255283711,0.2571428571428572,1.0,0.0,3.0,0.6666666666666666,0.0,0.8997354108424375,0.8095238095238096,3.0,0.0,0.0,0.0,0.0,0.0,0.0,0.0,0.0,1.0,0.06666666666666667,0.0,0.2581988897471611,0.06666666666666667,1.0,0.0,5.0,0.4,0.0,1.2983506020002014,1.6857142857142855,5.0,0.0,1.0,0.13333333333333333,0.0,0.35186577527449836,0.12380952380952379,1.0,0.0,1.0,0.4,0.0,0.50709255283711,0.2571428571428572,1.0,3.0,12.0,2.0,1.0,3.0,0.0,1.0,0.0,0.0,0.0,0.0,0.0
1472,2982,11-May -> 24-May 2015-JBDS/JBT,-16,14,10,20,0,0,0,0,3,6,4,8,3,6,3,5,4.0,5.0,3.0,10.0,0.0,0.0,0.0,19.0,6.923076923076923,4.0,6.29101923991042,39.57692307692307,19.0,0.0,1.0,0.6923076923076923,1.0,0.48038446141526137,0.23076923076923075,1.0,0.0,1.0,0.6923076923076923,1.0,0.48038446141526137,0.23076923076923075,1.0,0.0,3.0,0.5384615384615384,0.0,0.8770580193070292,0.7692307692307693,3.0,0.0,0.0,0.0,0.0,0.0,0.0,0.0,0.0,1.0,0.07692307692307693,0.0,0.2773500981126146,0.07692307692307694,1.0,0.0,7.0,0.8461538461538461,0.0,1.9513309067639728,3.8076923076923084,7.0,0.0,1.0,0.07692307692307693,0.0,0.2773500981126146,0.07692307692307694,1.0,0.0,1.0,0.3076923076923077,0.0,0.48038446141526137,0.23076923076923075,1.0,2.0,11.0,1.0,0.0,2.0,0.0,1.0,0.0,0.0,0.0,0.0,0.0
1472,2992,25-May -> 07-Jun 2015-JBDS/JBT,-18,14,15,30,0,0,3,6,6,12,4,8,2,4,3,5,7.0,4.0,4.0,14.0,0.0,0.0,0.0,14.0,2.736842105263158,1.0,3.9838856696998435,15.871345029239771,14.0,0.0,4.0,0.631578947368421,0.0,0.9551338658818385,0.9122807017543858,4.0,0.0,1.0,0.47368421052631576,0.0,0.5129891760425771,0.2631578947368422,1.0,0.0,3.0,0.3684210526315789,0.0,0.8306975860878396,0.6900584795321637,3.0,0.0,0.0,0.0,0.0,0.0,0.0,0.0,0.0,1.0,0.05263157894736842,0.0,0.22941573387056177,0.05263157894736842,1.0,0.0,7.0,0.5789473684210527,0.0,1.6437014284732228,2.7017543859649127,7.0,0.0,1.0,0.05263157894736842,0.0,0.22941573387056177,0.05263157894736842,1.0,0.0,2.0,0.47368421052631576,0.0,0.6117752903214981,0.3742690058479533,2.0,3.0,16.0,3.0,1.0,4.0,0.0,1.0,0.0,0.0,0.0,0.0,0.0
1472,3082,08-Jun -> 21-Jun 2015-JBDS/JBT,-16,14,15,30,0,0,0,0,15,30,0,0,0,0,3,4,9.0,4.0,2.0,15.0,0.0,0.0,0.0,7.0,2.6315789473684212,3.0,2.2412924425129126,5.023391812865498,7.0,0.0,4.0,0.5263157894736842,0.0,0.9642741111341261,0.929824561403509,4.0,0.0,1.0,0.42105263157894735,0.0,0.5072572735017881,0.2573099415204678,1.0,0.0,2.0,0.2631578947368421,0.0,0.5619514869490164,0.31578947368421056,2.0,0.0,0.0,0.0,0.0,0.0,0.0,0.0,0.0,0.0,0.0,0.0,0.0,0.0,0.0,0.0,1.0,0.21052631578947367,0.0,0.41885390829169555,0.1754385964912281,1.0,0.0,0.0,0.0,0.0,0.0,0.0,0.0,0.0,3.0,0.7894736842105263,1.0,0.8549819600709617,0.7309941520467835,3.0,3.0,16.0,3.0,1.0,3.0,0.0,1.0,0.0,0.0,0.0,0.0,0.0
1472,3142,22-Jun >> 05-Jul 2015-JBDS/JBT,-20,14,12,24,0,0,2,4,10,20,0,0,0,0,3,5,3.0,5.0,2.0,10.0,0.0,0.0,0.0,14.0,3.857142857142857,3.5,4.20360912435132,17.670329670329668,14.0,0.0,4.0,0.8571428571428571,1.0,1.027105182026191,1.054945054945055,4.0,0.0,1.0,0.7142857142857143,1.0,0.4688072309384954,0.21978021978021978,1.0,0.0,3.0,0.5,0.0,0.9405399431259602,0.8846153846153846,3.0,0.0,0.0,0.0,0.0,0.0,0.0,0.0,0.0,1.0,0.07142857142857142,0.0,0.26726124191242434,0.07142857142857141,1.0,0.0,7.0,0.7857142857142857,0.0,1.847183778644646,3.412087912087912,7.0,0.0,0.0,0.0,0.0,0.0,0.0,0.0,0.0,1.0,0.5,0.5,0.5188745216627708,0.2692307692307692,1.0,3.0,11.0,3.0,1.0,3.0,0.0,1.0,0.0,0.0,0.0,0.0,0.0
1472,3202,06-Jul >> 19-Jul 2015-JBDS/JBT,-24,14,13,26,0,0,1,2,12,24,0,0,0,0,3,5,4.0,6.0,2.0,13.0,0.0,0.0,0.0,14.0,3.176470588235294,1.0,4.0809817158014665,16.654411764705884,14.0,0.0,4.0,0.7647058823529411,1.0,0.970142500145332,0.9411764705882354,4.0,0.0,1.0,0.6470588235294118,1.0,0.492592183071889,0.2426470588235294,1.0,0.0,3.0,0.4117647058823529,0.0,0.8702602720890289,0.7573529411764707,3.0,0.0,0.0,0.0,0.0,0.0,0.0,0.0,0.0,1.0,0.058823529411764705,0.0,0.242535625036333,0.05882352941176471,1.0,0.0,7.0,0.7058823529411765,0.0,1.6868871436151611,2.845588235294117,7.0,0.0,0.0,0.0,0.0,0.0,0.0,0.0,0.0,1.0,0.47058823529411764,0.0,0.5144957554275266,0.2647058823529412,1.0,4.0,13.0,4.0,1.0,3.0,0.0,1.0,0.0,0.0,0.0,0.0,0.0
1472,3242,20-Jul >> 02-Aug 2015-JBDS/JBT,-14,14,15,30,8,16,6,12,6,12,7,14,4,8,3,4,9.0,9.0,1.0,19.0,0.0,1.0,0.0,14.0,2.28,1.0,3.195309061734091,10.209999999999999,14.0,0.0,4.0,0.76,1.0,0.8306623862918076,0.6900000000000001,4.0,0.0,1.0,0.6,1.0,0.5,0.25000000000000006,1.0,0.0,3.0,0.36,0.0,0.7571877794400365,0.5733333333333334,3.0,0.0,0.0,0.0,0.0,0.0,0.0,0.0,0.0,1.0,0.04,0.0,0.2,0.04000000000000001,1.0,0.0,7.0,0.6,0.0,1.4142135623730951,2.0,7.0,0.0,1.0,0.04,0.0,0.2,0.04000000000000001,1.0,0.0,1.0,0.52,1.0,0.5099019513592785,0.26000000000000006,1.0,10.0,15.0,5.0,1.0,4.0,0.0,1.0,0.0,0.0,0.0,0.0,0.0
1522,2932,Sprint 1,-14,28,22,44,0,0,1,2,19,38,0,0,2,4,1,5,9.0,3.0,1.0,17.0,2.0,2.0,0.0,30.0,2.6666666666666665,0.0,6.824932977321281,46.57971014492753,30.0,0.0,1.0,0.7083333333333334,1.0,0.4643056214875365,0.21557971014492752,1.0,1.0,1.0,1.0,1.0,0.0,0.0,0.0,0.0,3.0,0.5,0.0,0.7223151185146152,0.5217391304347826,3.0,0.0,0.0,0.0,0.0,0.0,0.0,0.0,0.0,0.0,0.0,0.0,0.0,0.0,0.0,0.0,3.0,1.0833333333333333,1.0,0.880546602310508,0.7753623188405798,3.0,0.0,1.0,0.125,0.0,0.3378319623460881,0.11413043478260869,1.0,0.0,2.0,0.125,0.0,0.44842720314644063,0.20108695652173914,2.0,7.0,17.0,4.0,7.0,3.0,0.0,0.0,0.0,0.0,0.0,0.0,0.0
1632,990,Sprint 1,-4,5,6,16,0,0,0,0,5,14,0,0,1,2,1,1,1.0,4.0,0.0,5.0,0.0,0.0,0.0,5.0,1.3333333333333333,0.5,1.9663841605003503,3.866666666666667,5.0,1.0,1.0,1.0,1.0,0.0,0.0,0.0,1.0,1.0,1.0,1.0,0.0,0.0,0.0,0.0,4.0,1.6666666666666667,1.0,1.505545305418162,2.2666666666666666,4.0,0.0,1.0,0.3333333333333333,0.0,0.5163977794943223,0.2666666666666667,1.0,0.0,1.0,0.16666666666666666,0.0,0.408248290463863,0.16666666666666669,1.0,0.0,5.0,2.0,1.0,2.449489742783178,6.0,5.0,0.0,1.0,0.16666666666666666,0.0,0.408248290463863,0.16666666666666669,1.0,0.0,1.0,0.5,0.5,0.5477225575051661,0.3,1.0,3.0,3.0,0.0,1.0,1.0,0.0,0.0,0.0,0.0,0.0,0.0,0.0
1632,1101,Sprint 2,-2,2,3,6,0,0,0,0,2,4,0,0,1,2,1,2,0.0,2.0,1.0,4.0,0.0,0.0,0.0,3.0,0.75,0.0,1.5,2.25,3.0,0.0,1.0,0.5,0.5,0.5773502691896257,0.3333333333333333,1.0,1.0,1.0,1.0,1.0,0.0,0.0,0.0,0.0,3.0,1.25,1.0,1.2583057392117916,1.5833333333333333,3.0,0.0,1.0,0.25,0.0,0.5,0.25,1.0,0.0,1.0,0.25,0.0,0.5,0.25,1.0,0.0,4.0,1.25,0.5,1.8929694486000912,3.5833333333333335,4.0,0.0,0.0,0.0,0.0,0.0,0.0,0.0,0.0,1.0,0.5,0.5,0.5773502691896257,0.3333333333333333,1.0,2.0,2.0,0.0,1.0,0.0,0.0,0.0,0.0,0.0,0.0,0.0,0.0
1632,1131,Sprint 3,-2,4,2,4,0,0,0,0,2,4,0,0,0,0,1,1,0.0,2.0,6.0,8.0,0.0,0.0,0.0,0.0,0.0,0.0,0.0,0.0,0.0,0.0,1.0,0.25,0.0,0.4629100498862757,0.21428571428571427,1.0,1.0,1.0,1.0,1.0,0.0,0.0,0.0,0.0,2.0,0.5,0.0,0.9258200997725514,0.8571428571428571,2.0,0.0,0.0,0.0,0.0,0.0,0.0,0.0,0.0,0.0,0.0,0.0,0.0,0.0,0.0,0.0,0.0,0.0,0.0,0.0,0.0,0.0,0.0,0.0,0.0,0.0,0.0,0.0,0.0,0.0,1.0,0.25,0.0,0.4629100498862757,0.21428571428571427,1.0,3.0,5.0,0.0,0.0,0.0,0.0,0.0,0.0,0.0,0.0,0.0,0.0
1632,1211,Sprint 4,-2,5,2,4,0,0,0,0,1,2,1,2,0,0,1,1,0.0,1.0,3.0,5.0,0.0,0.0,0.0,2.0,1.0,1.0,0.7071067811865476,0.5,2.0,0.0,1.0,0.2,0.0,0.44721359549995804,0.20000000000000007,1.0,1.0,1.0,1.0,1.0,0.0,0.0,0.0,0.0,2.0,0.8,0.0,1.0954451150103324,1.2000000000000002,2.0,0.0,0.0,0.0,0.0,0.0,0.0,0.0,0.0,0.0,0.0,0.0,0.0,0.0,0.0,0.0,0.0,0.0,0.0,0.0,0.0,0.0,0.0,0.0,0.0,0.0,0.0,0.0,0.0,1.0,3.0,2.0,2.0,0.7071067811865476,0.5,2.0,2.0,3.0,0.0,1.0,0.0,0.0,0.0,0.0,0.0,0.0,0.0,0.0
1632,1271,Sprint 5,-4,4,5,10,1,2,0,0,4,8,0,0,2,4,1,1,0.0,5.0,5.0,11.0,0.0,0.0,0.0,2.0,0.8181818181818182,1.0,0.7507571935295483,0.5636363636363636,2.0,0.0,1.0,0.7272727272727273,1.0,0.46709936649691375,0.21818181818181817,1.0,1.0,1.0,1.0,1.0,0.0,0.0,0.0,0.0,4.0,1.0,0.0,1.4142135623730951,2.0,4.0,0.0,0.0,0.0,0.0,0.0,0.0,0.0,0.0,1.0,0.09090909090909091,0.0,0.3015113445777636,0.09090909090909088,1.0,0.0,0.0,0.0,0.0,0.0,0.0,0.0,0.0,0.0,0.0,0.0,0.0,0.0,0.0,0.0,10.0,2.1818181818181817,2.0,2.8572077914699108,8.163636363636366,10.0,5.0,6.0,0.0,1.0,0.0,0.0,0.0,0.0,0.0,0.0,0.0,0.0
1632,1311,Sprint 6 w5,0,4,2,4,0,0,0,0,2,4,0,0,0,0,1,1,0.0,2.0,0.0,2.0,0.0,0.0,2.0,3.0,2.5,2.5,0.7071067811865476,0.5,1.0,1.0,1.0,1.0,1.0,0.0,0.0,0.0,1.0,1.0,1.0,1.0,0.0,0.0,0.0,3.0,5.0,4.0,4.0,1.4142135623730951,2.0,2.0,0.0,0.0,0.0,0.0,0.0,0.0,0.0,0.0,0.0,0.0,0.0,0.0,0.0,0.0,0.0,0.0,0.0,0.0,0.0,0.0,0.0,0.0,0.0,0.0,0.0,0.0,0.0,0.0,3.0,4.0,3.5,3.5,0.7071067811865476,0.5,1.0,2.0,0.0,0.0,0.0,0.0,0.0,0.0,0.0,0.0,0.0,0.0,0.0
1632,1321,Sprint 7 w4 (CR1 build out),-2,10,5,10,2,4,0,0,6,12,0,0,1,2,1,1,1.0,2.0,6.0,13.0,0.0,0.0,0.0,3.0,1.1538461538461537,0.0,1.4051188470584879,1.9743589743589745,3.0,1.0,1.0,1.0,1.0,0.0,0.0,0.0,0.0,1.0,0.9230769230769231,1.0,0.2773500981126146,0.07692307692307694,1.0,0.0,6.0,1.3076923076923077,1.0,1.6525039276108335,2.7307692307692313,6.0,0.0,1.0,0.07692307692307693,0.0,0.2773500981126146,0.07692307692307694,1.0,0.0,1.0,0.07692307692307693,0.0,0.2773500981126146,0.07692307692307694,1.0,0.0,0.0,0.0,0.0,0.0,0.0,0.0,0.0,0.0,0.0,0.0,0.0,0.0,0.0,0.0,11.0,2.5384615384615383,1.0,3.4788739704916165,12.102564102564104,11.0,5.0,8.0,1.0,3.0,0.0,0.0,0.0,0.0,0.0,0.0,0.0,0.0
1632,1681,2014/S1 (3-Feb > 16-Feb),-4,13,5,10,1,2,0,0,5,10,1,2,0,0,1,3,2.0,3.0,6.0,9.0,0.0,0.0,0.0,9.0,1.5384615384615385,0.0,3.152125859780576,9.935897435897436,9.0,0.0,1.0,0.3076923076923077,0.0,0.48038446141526137,0.23076923076923075,1.0,1.0,1.0,1.0,1.0,0.0,0.0,0.0,0.0,1.0,0.3076923076923077,0.0,0.48038446141526137,0.23076923076923075,1.0,0.0,0.0,0.0,0.0,0.0,0.0,0.0,0.0,0.0,0.0,0.0,0.0,0.0,0.0,0.0,4.0,0.6153846153846154,0.0,1.1929278784054478,1.4230769230769227,4.0,0.0,1.0,0.15384615384615385,0.0,0.37553380809940534,0.141025641025641,1.0,0.0,1.0,0.07692307692307693,0.0,0.2773500981126146,0.07692307692307694,1.0,12.0,1.0,1.0,1.0,4.0,0.0,0.0,0.0,0.0,0.0,0.0,0.0
1632,1751,2014/S2 (17-Feb > 2-Mar),0,14,4,8,1,2,0,0,3,6,0,0,2,4,1,3,0.0,4.0,13.0,9.0,0.0,7.0,0.0,17.0,3.388888888888889,1.0,4.089281382128433,16.72222222222222,17.0,0.0,1.0,0.5555555555555556,1.0,0.5113099925649136,0.26143790849673204,1.0,0.0,1.0,0.9444444444444444,1.0,0.23570226039551584,0.05555555555555556,1.0,0.0,2.0,0.3888888888888889,0.0,0.6978023391872253,0.48692810457516345,2.0,0.0,0.0,0.0,0.0,0.0,0.0,0.0,0.0,0.0,0.0,0.0,0.0,0.0,0.0,0.0,2.0,0.5,0.0,0.6183469424008423,0.38235294117647056,2.0,0.0,1.0,0.1111111111111111,0.0,0.3233808333817773,0.10457516339869281,1.0,0.0,1.0,0.2222222222222222,0.0,0.42779263194649864,0.18300653594771243,1.0,17.0,1.0,1.0,0.0,2.0,0.0,0.0,0.0,0.0,0.0,0.0,0.0
1632,1811,2014/S3 (3-Mar > 16-Mar),-2,14,5,10,0,0,0,0,4,8,0,0,1,2,1,1,1.0,3.0,0.0,1.0,0.0,1.0,0.0,0.0,0.0,0.0,0.0,0.0,0.0,0.0,1.0,0.2,0.0,0.447213595499958,0.20000000000000004,1.0,1.0,1.0,1.0,1.0,0.0,0.0,0.0,0.0,1.0,0.8,1.0,0.44721359549995804,0.20000000000000007,1.0,0.0,0.0,0.0,0.0,0.0,0.0,0.0,0.0,0.0,0.0,0.0,0.0,0.0,0.0,0.0,1.0,0.2,0.0,0.44721359549995804,0.20000000000000007,1.0,0.0,1.0,0.4,0.0,0.5477225575051662,0.30000000000000004,1.0,0.0,1.0,0.6,1.0,0.5477225575051662,0.30000000000000004,1.0,4.0,1.0,0.0,1.0,3.0,0.0,0.0,0.0,0.0,0.0,0.0,0.0
1632,1821,2014/S4 (17-Mar > 30-Mar),2,13,3,6,0,0,0,0,0,0,1,2,2,4,1,1,0.0,1.0,0.0,2.0,0.0,2.0,0.0,1.0,0.5,0.5,0.5773502691896257,0.3333333333333333,1.0,0.0,1.0,0.25,0.0,0.5,0.25,1.0,1.0,1.0,1.0,1.0,0.0,0.0,0.0,0.0,4.0,1.0,0.0,2.0,4.0,4.0,0.0,0.0,0.0,0.0,0.0,0.0,0.0,0.0,0.0,0.0,0.0,0.0,0.0,0.0,0.0,1.0,0.25,0.0,0.5,0.25,1.0,0.0,1.0,0.5,0.5,0.5773502691896257,0.3333333333333333,1.0,0.0,6.0,1.75,0.5,2.8722813232690143,8.25,6.0,2.0,2.0,1.0,2.0,0.0,0.0,0.0,0.0,0.0,0.0,0.0,0.0
1632,1831,2014/S5 (31-Mar > 13-Apr),-14,14,7,14,12,24,0,0,13,26,1,2,5,10,1,1,1.0,8.0,0.0,18.0,0.0,1.0,0.0,5.0,1.368421052631579,1.0,1.5351629054269225,2.3567251461988303,5.0,0.0,1.0,0.7894736842105263,1.0,0.41885390829169555,0.1754385964912281,1.0,1.0,1.0,1.0,1.0,0.0,0.0,0.0,0.0,5.0,1.3157894736842106,1.0,1.4162796168893959,2.005847953216374,5.0,0.0,1.0,0.05263157894736842,0.0,0.22941573387056177,0.05263157894736842,1.0,0.0,5.0,1.0526315789473684,1.0,1.3529262199858298,1.830409356725146,5.0,0.0,2.0,0.2631578947368421,0.0,0.6533762964749499,0.42690058479532167,2.0,0.0,0.0,0.0,0.0,0.0,0.0,0.0,0.0,3.0,0.7368421052631579,0.0,0.9911892555667042,0.9824561403508772,3.0,11.0,8.0,6.0,4.0,0.0,0.0,0.0,0.0,0.0,0.0,0.0,0.0
1632,1950,2014/S5 (14-Apr > 27-Apr),0,14,0,0,0,0,0,0,0,0,0,0,0,0,1,1,0.0,0.0,0.0,0.0,0.0,0.0,0.0,0.0,0.0,0.0,0.0,0.0,0.0,0.0,0.0,0.0,0.0,0.0,0.0,0.0,0.0,0.0,0.0,0.0,0.0,0.0,0.0,0.0,0.0,0.0,0.0,0.0,0.0,0.0,0.0,0.0,0.0,0.0,0.0,0.0,0.0,0.0,0.0,0.0,0.0,0.0,0.0,0.0,0.0,0.0,0.0,0.0,0.0,0.0,0.0,0.0,0.0,0.0,0.0,0.0,0.0,0.0,0.0,0.0,0.0,0.0,0.0,0.0,0.0,0.0,0.0,0.0,0.0,0.0,0.0,0.0,0.0,0.0,0.0,0.0,0.0
1632,2090,2014/S9 (26-May > 8-Jun),-6,13,2,4,1,2,0,0,2,4,1,2,0,0,1,2,2.0,0.0,12.0,14.0,0.0,0.0,0.0,0.0,0.0,0.0,0.0,0.0,0.0,0.0,1.0,0.1875,0.0,0.4031128874149275,0.1625,1.0,0.0,1.0,0.9375,1.0,0.25,0.0625,1.0,0.0,5.0,0.5,0.0,1.4142135623730951,2.0,5.0,0.0,0.0,0.0,0.0,0.0,0.0,0.0,0.0,5.0,0.3125,0.0,1.25,1.5625,5.0,0.0,2.0,0.4375,0.0,0.7274384280931732,0.5291666666666667,2.0,0.0,0.0,0.0,0.0,0.0,0.0,0.0,0.0,4.0,1.125,0.0,1.4548768561863463,2.1166666666666667,4.0,9.0,7.0,1.0,1.0,2.0,0.0,0.0,0.0,0.0,0.0,0.0,0.0
1632,2140,2014/S10 (9-Jun > 22-Jun),0,12,5,10,0,0,3,6,2,4,0,0,0,0,1,2,2.0,1.0,18.0,20.0,0.0,1.0,0.0,1.0,0.043478260869565216,0.0,0.2085144140570748,0.04347826086956523,1.0,0.0,1.0,0.13043478260869565,0.0,0.34435022157509093,0.11857707509881421,1.0,0.0,1.0,0.9565217391304348,1.0,0.2085144140570748,0.04347826086956523,1.0,0.0,5.0,0.5217391304347826,0.0,1.4100149972571634,1.9881422924901186,5.0,0.0,0.0,0.0,0.0,0.0,0.0,0.0,0.0,5.0,0.21739130434782608,0.0,1.0425720702853736,1.0869565217391302,5.0,0.0,2.0,0.391304347826087,0.0,0.7223151185146154,0.5217391304347829,2.0,0.0,0.0,0.0,0.0,0.0,0.0,0.0,0.0,4.0,0.8260869565217391,0.0,1.3021720984236471,1.6956521739130443,4.0,12.0,11.0,1.0,1.0,2.0,0.0,0.0,0.0,0.0,0.0,0.0,0.0
1632,2170,2014/S12 (7-Jul > 20-Jul),-4,14,0,0,2,4,0,0,2,4,0,0,0,0,1,2,0.0,1.0,19.0,21.0,0.0,0.0,0.0,7.0,0.9523809523809523,0.0,1.745743121887939,3.047619047619047,7.0,0.0,0.0,0.0,0.0,0.0,0.0,0.0,1.0,1.0,1.0,1.0,0.0,0.0,0.0,0.0,2.0,0.09523809523809523,0.0,0.43643578047198484,0.19047619047619052,2.0,0.0,0.0,0.0,0.0,0.0,0.0,0.0,0.0,1.0,0.047619047619047616,0.0,0.21821789023599242,0.04761904761904763,1.0,0.0,2.0,0.23809523809523808,0.0,0.5389584311207967,0.2904761904761905,2.0,0.0,0.0,0.0,0.0,0.0,0.0,0.0,0.0,4.0,0.8571428571428571,0.0,1.2761549390929883,1.6285714285714286,4.0,10.0,11.0,0.0,1.0,0.0,0.0,0.0,0.0,0.0,0.0,0.0,0.0
1632,2300,2014/S13 (21-Jul > 3-Aug),-4,14,5,10,0,0,0,0,4,8,0,0,1,2,1,2,0.0,2.0,13.0,17.0,0.0,1.0,0.0,1.0,0.2777777777777778,0.0,0.4608885989624768,0.21241830065359477,1.0,0.0,1.0,0.05555555555555555,0.0,0.23570226039551584,0.05555555555555556,1.0,1.0,1.0,1.0,1.0,0.0,0.0,0.0,0.0,3.0,0.3888888888888889,0.0,0.8498365855987975,0.7222222222222223,3.0,0.0,0.0,0.0,0.0,0.0,0.0,0.0,0.0,2.0,0.16666666666666666,0.0,0.5144957554275265,0.2647058823529411,2.0,0.0,4.0,0.7777777777777778,0.0,1.3527990831890464,1.8300653594771243,4.0,0.0,0.0,0.0,0.0,0.0,0.0,0.0,0.0,4.0,1.0,0.5,1.2833778958394957,1.6470588235294117,4.0,7.0,11.0,0.0,3.0,0.0,0.0,0.0,0.0,0.0,0.0,0.0,0.0
1632,2360,2014/S15 (18-Aug > 31-Aug),-2,13,0,0,2,4,0,0,2,4,0,0,0,0,1,1,0.0,1.0,7.0,10.0,0.0,0.0,0.0,2.0,0.2,0.0,0.6324555320336759,0.4000000000000001,2.0,0.0,0.0,0.0,0.0,0.0,0.0,0.0,0.0,1.0,0.4,0.0,0.5163977794943223,0.2666666666666667,1.0,0.0,1.0,0.2,0.0,0.42163702135578396,0.17777777777777784,1.0,0.0,1.0,0.2,0.0,0.42163702135578396,0.17777777777777784,1.0,0.0,0.0,0.0,0.0,0.0,0.0,0.0,0.0,1.0,0.1,0.0,0.31622776601683794,0.10000000000000002,1.0,0.0,0.0,0.0,0.0,0.0,0.0,0.0,0.0,3.0,0.8,0.0,1.1352924243950935,1.288888888888889,3.0,7.0,3.0,0.0,1.0,0.0,1.0,0.0,0.0,0.0,0.0,0.0,0.0
1632,2370,2014/S16 (1-Sep > 14-Sep),-2,6,1,2,0,0,0,0,1,2,0,0,0,0,1,1,0.0,0.0,6.0,7.0,0.0,0.0,0.0,2.0,1.2857142857142858,2.0,0.9511897312113418,0.9047619047619047,2.0,0.0,0.0,0.0,0.0,0.0,0.0,0.0,0.0,1.0,0.14285714285714285,0.0,0.3779644730092273,0.1428571428571429,1.0,0.0,1.0,0.2857142857142857,0.0,0.48795003647426666,0.23809523809523814,1.0,0.0,1.0,0.2857142857142857,0.0,0.48795003647426666,0.23809523809523814,1.0,0.0,0.0,0.0,0.0,0.0,0.0,0.0,0.0,0.0,0.0,0.0,0.0,0.0,0.0,0.0,0.0,0.0,0.0,0.0,0.0,0.0,0.0,3.0,1.1428571428571428,1.0,1.2149857925879117,1.4761904761904763,3.0,6.0,1.0,0.0,0.0,0.0,1.0,0.0,0.0,0.0,0.0,0.0,0.0
1632,2470,2014/S17 (15-Sep > 28-Sep),2,12,3,6,0,0,0,0,1,2,0,0,2,4,1,1,0.0,1.0,0.0,5.0,0.0,1.0,0.0,1.0,0.16666666666666666,0.0,0.408248290463863,0.16666666666666669,1.0,0.0,1.0,0.16666666666666666,0.0,0.408248290463863,0.16666666666666669,1.0,1.0,1.0,1.0,1.0,0.0,0.0,0.0,0.0,2.0,0.5,0.0,0.8366600265340756,0.7,2.0,0.0,0.0,0.0,0.0,0.0,0.0,0.0,0.0,0.0,0.0,0.0,0.0,0.0,0.0,0.0,4.0,1.1666666666666667,0.5,1.602081978759722,2.5666666666666664,4.0,0.0,0.0,0.0,0.0,0.0,0.0,0.0,0.0,2.0,0.6666666666666666,0.5,0.816496580927726,0.6666666666666667,2.0,2.0,4.0,1.0,3.0,0.0,1.0,0.0,0.0,0.0,0.0,0.0,0.0
1632,2520,2014/S18 (29-Sep > 12-Oct),-10,14,8,16,1,2,1,2,1,2,6,12,1,2,1,1,0.0,1.0,0.0,7.0,0.0,2.0,0.0,1.0,0.5555555555555556,1.0,0.5270462766947299,0.2777777777777778,1.0,0.0,1.0,0.1111111111111111,0.0,0.3333333333333333,0.1111111111111111,1.0,1.0,1.0,1.0,1.0,0.0,0.0,0.0,0.0,3.0,0.3333333333333333,0.0,0.9999999999999999,0.9999999999999999,3.0,0.0,0.0,0.0,0.0,0.0,0.0,0.0,0.0,0.0,0.0,0.0,0.0,0.0,0.0,0.0,2.0,0.4444444444444444,0.0,0.8819171036881969,0.7777777777777778,2.0,0.0,1.0,0.1111111111111111,0.0,0.3333333333333333,0.1111111111111111,1.0,0.0,1.0,0.1111111111111111,0.0,0.3333333333333333,0.1111111111111111,1.0,1.0,8.0,0.0,7.0,0.0,1.0,0.0,0.0,0.0,0.0,0.0,0.0
1632,2550,2014/S19 (13-Oct > 26-Oct),-2,13,10,20,3,6,0,0,8,16,5,10,0,0,1,2,0.0,2.0,1.0,15.0,1.0,1.0,0.0,7.0,2.0588235294117645,1.0,2.1056646289026575,4.433823529411765,7.0,0.0,2.0,0.29411764705882354,0.0,0.5878675320972555,0.3455882352941177,2.0,0.0,1.0,0.9411764705882353,1.0,0.242535625036333,0.05882352941176471,1.0,0.0,3.0,0.5882352941176471,0.0,1.0641207361838554,1.1323529411764706,3.0,0.0,0.0,0.0,0.0,0.0,0.0,0.0,0.0,0.0,0.0,0.0,0.0,0.0,0.0,0.0,3.0,0.47058823529411764,0.0,0.9432422182837985,0.889705882352941,3.0,0.0,1.0,0.11764705882352941,0.0,0.3321055820775357,0.1102941176470588,1.0,0.0,2.0,0.17647058823529413,0.0,0.5285941398709244,0.27941176470588236,2.0,5.0,12.0,0.0,14.0,0.0,0.0,0.0,0.0,0.0,0.0,0.0,0.0
1632,2560,2014/S20 (27-Oct > 9-Nov),-26,13,14,28,2,4,1,2,14,28,1,2,0,0,1,3,10.0,2.0,1.0,11.0,0.0,0.0,0.0,4.0,0.6190476190476191,0.0,1.1169686869465267,1.247619047619048,4.0,0.0,1.0,0.47619047619047616,0.0,0.511766315719159,0.26190476190476186,1.0,0.0,1.0,0.7142857142857143,1.0,0.4629100498862757,0.21428571428571427,1.0,0.0,3.0,0.38095238095238093,0.0,0.8047478161629565,0.6476190476190478,3.0,0.0,0.0,0.0,0.0,0.0,0.0,0.0,0.0,3.0,0.14285714285714285,0.0,0.6546536707079772,0.4285714285714287,3.0,0.0,1.0,0.23809523809523808,0.0,0.4364357804719847,0.19047619047619044,1.0,0.0,1.0,0.2857142857142857,0.0,0.4629100498862757,0.21428571428571427,1.0,0.0,3.0,0.5238095238095238,0.0,0.8728715609439694,0.7619047619047618,3.0,10.0,11.0,2.0,6.0,10.0,0.0,0.0,0.0,0.0,0.0,0.0,0.0
1632,2620,2014/S21 (10-Nov > 23-Nov),-8,5,12,24,0,0,1,2,8,16,3,6,0,0,1,3,5.0,1.0,1.0,8.0,0.0,0.0,0.0,7.0,1.6153846153846154,1.0,2.218800784900916,4.9230769230769225,7.0,0.0,1.0,0.38461538461538464,0.0,0.5063696835418333,0.25641025641025644,1.0,0.0,1.0,0.6923076923076923,1.0,0.48038446141526137,0.23076923076923075,1.0,0.0,3.0,0.23076923076923078,0.0,0.8320502943378437,0.6923076923076924,3.0,0.0,0.0,0.0,0.0,0.0,0.0,0.0,0.0,3.0,0.23076923076923078,0.0,0.8320502943378437,0.6923076923076924,3.0,0.0,1.0,0.23076923076923078,0.0,0.4385290096535146,0.1923076923076923,1.0,0.0,1.0,0.3076923076923077,0.0,0.48038446141526137,0.23076923076923075,1.0,0.0,2.0,0.5384615384615384,0.0,0.6602252917735248,0.43589743589743596,2.0,7.0,6.0,1.0,5.0,5.0,0.0,0.0,0.0,0.0,0.0,0.0,0.0
1632,2630,2014/S22 (24-Nov > 7-Dec),-4,13,4,8,2,4,0,0,4,8,0,0,2,4,1,1,3.0,1.0,0.0,7.0,0.0,0.0,0.0,8.0,1.75,1.0,2.659215781283755,7.071428571428571,8.0,0.0,1.0,0.625,1.0,0.5175491695067657,0.26785714285714285,1.0,1.0,1.0,1.0,1.0,0.0,0.0,0.0,0.0,2.0,0.375,0.0,0.7440238091428449,0.5535714285714286,2.0,0.0,0.0,0.0,0.0,0.0,0.0,0.0,0.0,0.0,0.0,0.0,0.0,0.0,0.0,0.0,0.0,0.0,0.0,0.0,0.0,0.0,0.0,0.0,0.0,0.0,0.0,0.0,0.0,0.0,1.0,0.25,0.0,0.4629100498862757,0.21428571428571427,1.0,1.0,7.0,0.0,4.0,1.0,0.0,0.0,0.0,0.0,0.0,0.0,0.0
1632,2650,2014/S23 (8-Dec > 21-Dec),0,12,6,12,2,4,0,0,5,10,0,0,3,6,1,3,3.0,1.0,0.0,10.0,0.0,0.0,0.0,8.0,2.0,0.5,2.70801280154532,7.333333333333333,8.0,0.0,1.0,0.6,1.0,0.5163977794943223,0.2666666666666667,1.0,1.0,1.0,1.0,1.0,0.0,0.0,0.0,0.0,3.0,0.6,0.0,0.9660917830792958,0.9333333333333331,3.0,0.0,0.0,0.0,0.0,0.0,0.0,0.0,0.0,3.0,0.3,0.0,0.9486832980505139,0.9000000000000001,3.0,0.0,2.0,0.2,0.0,0.6324555320336759,0.4000000000000001,2.0,0.0,0.0,0.0,0.0,0.0,0.0,0.0,0.0,4.0,0.8,0.0,1.3165611772087666,1.7333333333333336,4.0,5.0,5.0,2.0,4.0,0.0,0.0,0.0,0.0,0.0,0.0,0.0,0.0
1632,2682,2014/S24 (22-Dec > 04-Jan),-4,13,5,10,0,0,2,4,2,4,0,0,1,2,1,4,0.0,1.0,0.0,5.0,0.0,0.0,0.0,3.0,1.6,1.0,1.3416407864998738,1.8000000000000003,3.0,0.0,1.0,0.8,1.0,0.4472135954999579,0.2,1.0,1.0,1.0,1.0,1.0,0.0,0.0,0.0,0.0,3.0,1.4,1.0,1.5165750888103102,2.3000000000000003,3.0,0.0,0.0,0.0,0.0,0.0,0.0,0.0,0.0,3.0,1.0,0.0,1.4142135623730951,2.0,3.0,0.0,0.0,0.0,0.0,0.0,0.0,0.0,0.0,0.0,0.0,0.0,0.0,0.0,0.0,0.0,4.0,1.2,0.0,1.7888543819998315,3.1999999999999993,4.0,2.0,3.0,2.0,2.0,0.0,0.0,0.0,0.0,0.0,0.0,0.0,0.0
1632,2692,2015/S1 (05-Jan > 18-Jan),0,13,3,6,0,0,0,0,3,6,0,0,0,0,1,2,0.0,0.0,4.0,9.0,0.0,0.0,0.0,1.0,0.3333333333333333,0.0,0.5,0.25,1.0,0.0,1.0,0.5555555555555556,1.0,0.5270462766947299,0.2777777777777778,1.0,1.0,1.0,1.0,1.0,0.0,0.0,0.0,0.0,3.0,0.4444444444444444,0.0,1.0137937550497031,1.0277777777777777,3.0,0.0,0.0,0.0,0.0,0.0,0.0,0.0,0.0,2.0,0.2222222222222222,0.0,0.6666666666666666,0.4444444444444444,2.0,0.0,0.0,0.0,0.0,0.0,0.0,0.0,0.0,0.0,0.0,0.0,0.0,0.0,0.0,0.0,4.0,0.6666666666666666,0.0,1.3228756555322954,1.7500000000000002,4.0,3.0,6.0,1.0,4.0,0.0,0.0,0.0,0.0,0.0,0.0,0.0,0.0
1632,2702,2015/S2+3 (19-Jan > 15-Feb),0,12,2,4,0,0,0,0,2,4,0,0,0,0,1,1,0.0,0.0,0.0,2.0,0.0,0.0,0.0,0.0,0.0,0.0,0.0,0.0,0.0,1.0,1.0,1.0,1.0,0.0,0.0,0.0,1.0,1.0,1.0,1.0,0.0,0.0,0.0,1.0,3.0,2.0,2.0,1.4142135623730951,2.0,2.0,0.0,0.0,0.0,0.0,0.0,0.0,0.0,0.0,2.0,1.0,1.0,1.4142135623730951,2.0,2.0,0.0,0.0,0.0,0.0,0.0,0.0,0.0,0.0,0.0,0.0,0.0,0.0,0.0,0.0,1.0,4.0,2.5,2.5,2.1213203435596424,4.5,3.0,1.0,1.0,0.0,2.0,0.0,0.0,0.0,0.0,0.0,0.0,0.0,0.0
1632,2762,2015/S4 (16-Feb > 01-Mar),4,14,5,10,1,2,0,0,4,8,1,2,1,2,1,1,3.0,0.0,0.0,6.0,0.0,2.0,0.0,1.0,0.2,0.0,0.42163702135578396,0.17777777777777784,1.0,0.0,1.0,0.9,1.0,0.31622776601683794,0.10000000000000002,1.0,0.0,1.0,0.8,1.0,0.4216370213557839,0.17777777777777778,1.0,0.0,2.0,0.2,0.0,0.6324555320336759,0.4000000000000001,2.0,0.0,0.0,0.0,0.0,0.0,0.0,0.0,0.0,0.0,0.0,0.0,0.0,0.0,0.0,0.0,1.0,0.2,0.0,0.42163702135578396,0.17777777777777784,1.0,0.0,1.0,0.1,0.0,0.31622776601683794,0.10000000000000002,1.0,0.0,0.0,0.0,0.0,0.0,0.0,0.0,4.0,6.0,1.0,6.0,2.0,0.0,0.0,0.0,0.0,0.0,0.0,0.0
1632,2772,2015/S5 (02-Mar > 15-Mar),-4,13,5,10,1,2,1,2,1,2,2,4,2,4,1,2,2.0,0.0,0.0,4.0,0.0,1.0,0.0,12.0,2.6666666666666665,0.5,4.718756898449704,22.266666666666673,12.0,1.0,4.0,1.5,1.0,1.224744871391589,1.5,3.0,1.0,1.0,1.0,1.0,0.0,0.0,0.0,0.0,2.0,0.6666666666666666,0.0,1.0327955589886446,1.0666666666666669,2.0,0.0,0.0,0.0,0.0,0.0,0.0,0.0,0.0,0.0,0.0,0.0,0.0,0.0,0.0,0.0,2.0,0.6666666666666666,0.0,1.0327955589886446,1.0666666666666669,2.0,0.0,0.0,0.0,0.0,0.0,0.0,0.0,0.0,1.0,0.3333333333333333,0.0,0.5163977794943223,0.2666666666666667,1.0,2.0,4.0,0.0,4.0,0.0,0.0,1.0,0.0,0.0,0.0,0.0,0.0
1632,2782,2015/S6 (16-Mar > 29-Mar),0,14,7,14,1,2,4,8,3,6,0,0,1,2,1,3,2.0,2.0,2.0,10.0,0.0,1.0,0.0,7.0,2.8181818181818183,2.0,2.1362669223756576,4.563636363636364,7.0,0.0,4.0,1.0,1.0,1.0954451150103321,1.2,4.0,0.0,1.0,0.8181818181818182,1.0,0.40451991747794525,0.16363636363636364,1.0,0.0,3.0,0.6363636363636364,0.0,1.0269106361049412,1.0545454545454547,3.0,0.0,0.0,0.0,0.0,0.0,0.0,0.0,0.0,1.0,0.09090909090909091,0.0,0.30151134457776363,0.0909090909090909,1.0,0.0,5.0,0.7272727272727273,0.0,1.555050423035156,2.418181818181818,5.0,0.0,0.0,0.0,0.0,0.0,0.0,0.0,0.0,1.0,0.18181818181818182,0.0,0.4045199174779452,0.16363636363636358,1.0,2.0,9.0,0.0,5.0,0.0,0.0,0.0,0.0,0.0,0.0,0.0,0.0
1632,2852,2015/S7 (30-Mar > 12-Apr),0,11,3,6,4,8,3,6,1,2,1,2,2,4,1,2,7.0,1.0,4.0,15.0,0.0,0.0,0.0,5.0,1.3125,0.5,1.7017148213885114,2.8958333333333335,5.0,0.0,4.0,0.625,0.0,1.02469507659596,1.05,4.0,0.0,1.0,0.5,0.5,0.5163977794943222,0.26666666666666666,1.0,0.0,2.0,0.25,0.0,0.5773502691896257,0.3333333333333333,2.0,0.0,0.0,0.0,0.0,0.0,0.0,0.0,0.0,0.0,0.0,0.0,0.0,0.0,0.0,0.0,2.0,0.1875,0.0,0.5439056290693574,0.29583333333333334,2.0,0.0,1.0,0.0625,0.0,0.25,0.0625,1.0,0.0,3.0,0.4375,0.0,0.8139410298049853,0.6625,3.0,3.0,13.0,1.0,3.0,1.0,0.0,0.0,0.0,0.0,0.0,0.0,0.0
1632,2872,2015/S8 (13-Apr > 26-Apr),-6,13,7,14,1,2,1,2,2,4,1,2,4,8,1,3,7.0,1.0,3.0,11.0,0.0,0.0,0.0,10.0,2.3333333333333335,2.0,2.806917861068948,7.878787878787878,10.0,0.0,4.0,0.5,0.0,1.1677484162422844,1.3636363636363635,4.0,0.0,1.0,0.5,0.5,0.5222329678670935,0.2727272727272727,1.0,0.0,2.0,0.25,0.0,0.621581560508061,0.38636363636363635,2.0,0.0,0.0,0.0,0.0,0.0,0.0,0.0,0.0,0.0,0.0,0.0,0.0,0.0,0.0,0.0,0.0,0.0,0.0,0.0,0.0,0.0,0.0,1.0,0.08333333333333333,0.0,0.28867513459481287,0.08333333333333331,1.0,0.0,3.0,0.9166666666666666,1.0,0.996204919895622,0.9924242424242425,3.0,3.0,9.0,0.0,1.0,1.0,0.0,0.0,0.0,0.0,0.0,0.0,0.0
1632,2902,2015/S9 (27-Apr > 10-May),0,12,3,6,7,14,10,20,0,0,0,0,0,0,1,3,6.0,6.0,0.0,10.0,0.0,0.0,0.0,7.0,1.7142857142857142,0.5,2.5548918817579205,6.527472527472527,7.0,0.0,4.0,0.7857142857142857,1.0,1.05090228108783,1.1043956043956045,4.0,0.0,1.0,0.5714285714285714,1.0,0.5135525910130955,0.26373626373626374,1.0,0.0,3.0,0.7142857142857143,0.5,0.9138735334633754,0.8351648351648352,3.0,0.0,0.0,0.0,0.0,0.0,0.0,0.0,0.0,1.0,0.07142857142857142,0.0,0.2672612419124244,0.07142857142857142,1.0,0.0,5.0,0.42857142857142855,0.0,1.3424596091494903,1.802197802197802,5.0,0.0,1.0,0.14285714285714285,0.0,0.3631365196012815,0.1318681318681319,1.0,0.0,1.0,0.42857142857142855,0.0,0.5135525910130955,0.2637362637362637,1.0,3.0,11.0,1.0,1.0,3.0,0.0,1.0,0.0,0.0,0.0,0.0,0.0
1632,2982,11-May -> 24-May 2015-JBDS/JBT,-14,14,9,18,0,0,0,0,2,4,4,8,3,6,1,5,4.0,5.0,3.0,9.0,0.0,0.0,0.0,19.0,7.25,5.0,6.4543854013446476,41.65909090909091,19.0,0.0,1.0,0.6666666666666666,1.0,0.49236596391733095,0.24242424242424246,1.0,0.0,1.0,0.6666666666666666,1.0,0.49236596391733095,0.24242424242424246,1.0,0.0,3.0,0.5833333333333334,0.0,0.90033663737852,0.8106060606060607,3.0,0.0,0.0,0.0,0.0,0.0,0.0,0.0,0.0,1.0,0.08333333333333333,0.0,0.28867513459481287,0.08333333333333331,1.0,0.0,7.0,0.9166666666666666,0.0,2.0207259421636903,4.083333333333333,7.0,0.0,1.0,0.08333333333333333,0.0,0.28867513459481287,0.08333333333333331,1.0,0.0,1.0,0.3333333333333333,0.0,0.49236596391733095,0.24242424242424246,1.0,2.0,10.0,0.0,0.0,2.0,0.0,1.0,0.0,0.0,0.0,0.0,0.0
1632,2992,25-May -> 07-Jun 2015-JBDS/JBT,-16,14,14,28,0,0,3,6,5,10,4,8,2,4,1,5,7.0,4.0,4.0,13.0,0.0,0.0,0.0,14.0,2.7222222222222223,0.5,4.098860036006505,16.800653594771248,14.0,0.0,4.0,0.6111111111111112,0.0,0.9785276387866012,0.9575163398692811,4.0,0.0,1.0,0.4444444444444444,0.0,0.5113099925649136,0.26143790849673204,1.0,0.0,3.0,0.3888888888888889,0.0,0.8498365855987975,0.7222222222222223,3.0,0.0,0.0,0.0,0.0,0.0,0.0,0.0,0.0,1.0,0.05555555555555555,0.0,0.23570226039551584,0.05555555555555556,1.0,0.0,7.0,0.6111111111111112,0.0,1.6851911704746592,2.8398692810457518,7.0,0.0,1.0,0.05555555555555555,0.0,0.23570226039551584,0.05555555555555556,1.0,0.0,2.0,0.5,0.0,0.6183469424008423,0.38235294117647056,2.0,3.0,15.0,2.0,1.0,4.0,0.0,1.0,0.0,0.0,0.0,0.0,0.0
1632,3082,08-Jun -> 21-Jun 2015-JBDS/JBT,-12,14,13,26,0,0,0,0,13,26,0,0,0,0,1,3,8.0,4.0,2.0,13.0,0.0,0.0,0.0,7.0,2.7058823529411766,3.0,2.3389288649495343,5.470588235294118,7.0,0.0,4.0,0.5294117647058824,0.0,1.007326105267277,1.0147058823529411,4.0,0.0,1.0,0.4117647058823529,0.0,0.5072996561958923,0.25735294117647056,1.0,0.0,2.0,0.29411764705882354,0.0,0.5878675320972554,0.34558823529411764,2.0,0.0,0.0,0.0,0.0,0.0,0.0,0.0,0.0,0.0,0.0,0.0,0.0,0.0,0.0,0.0,1.0,0.23529411764705882,0.0,0.4372373160976031,0.19117647058823528,1.0,0.0,0.0,0.0,0.0,0.0,0.0,0.0,0.0,3.0,0.8235294117647058,1.0,0.8828430011649198,0.7794117647058826,3.0,3.0,14.0,2.0,1.0,3.0,0.0,1.0,0.0,0.0,0.0,0.0,0.0
1632,3142,22-Jun >> 05-Jul 2015-JBDS/JBT,-16,14,10,20,0,0,2,4,8,16,0,0,0,0,1,5,2.0,5.0,2.0,8.0,0.0,0.0,0.0,14.0,4.166666666666667,4.0,4.468746688915917,19.969696969696965,14.0,0.0,4.0,0.9166666666666666,1.0,1.0836246694508318,1.1742424242424243,4.0,0.0,1.0,0.75,1.0,0.45226701686664544,0.20454545454545456,1.0,0.0,3.0,0.5833333333333334,0.0,0.996204919895622,0.9924242424242425,3.0,0.0,0.0,0.0,0.0,0.0,0.0,0.0,0.0,1.0,0.08333333333333333,0.0,0.28867513459481287,0.08333333333333331,1.0,0.0,7.0,0.9166666666666666,0.0,1.9752253419585197,3.9015151515151514,7.0,0.0,0.0,0.0,0.0,0.0,0.0,0.0,0.0,1.0,0.5,0.5,0.5222329678670935,0.2727272727272727,1.0,3.0,9.0,2.0,1.0,3.0,0.0,1.0,0.0,0.0,0.0,0.0,0.0
1632,3202,06-Jul >> 19-Jul 2015-JBDS/JBT,-20,14,11,22,0,0,1,2,10,20,0,0,0,0,1,5,3.0,6.0,2.0,11.0,0.0,0.0,0.0,14.0,3.3333333333333335,1.0,4.320493798938573,18.666666666666664,14.0,0.0,4.0,0.8,1.0,1.01418510567422,1.0285714285714287,4.0,0.0,1.0,0.6666666666666666,1.0,0.48795003647426666,0.23809523809523814,1.0,0.0,3.0,0.4666666666666667,0.0,0.9154754164341269,0.8380952380952381,3.0,0.0,0.0,0.0,0.0,0.0,0.0,0.0,0.0,1.0,0.06666666666666667,0.0,0.25819888974716115,0.06666666666666668,1.0,0.0,7.0,0.8,0.0,1.7808505191139912,3.1714285714285717,7.0,0.0,0.0,0.0,0.0,0.0,0.0,0.0,0.0,1.0,0.4666666666666667,0.0,0.5163977794943222,0.26666666666666666,1.0,4.0,11.0,3.0,1.0,3.0,0.0,1.0,0.0,0.0,0.0,0.0,0.0
1632,3242,20-Jul >> 02-Aug 2015-JBDS/JBT,-8,14,13,26,8,16,7,14,3,6,7,14,4,8,1,4,8.0,9.0,1.0,17.0,0.0,1.0,0.0,14.0,2.3043478260869565,1.0,3.3225781693888865,11.039525691699605,14.0,0.0,4.0,0.782608695652174,1.0,0.8504823091062899,0.7233201581027667,4.0,0.0,1.0,0.6086956521739131,1.0,0.4990108793478453,0.24901185770750986,1.0,0.0,3.0,0.391304347826087,0.0,0.7827184815397383,0.6126482213438738,3.0,0.0,0.0,0.0,0.0,0.0,0.0,0.0,0.0,1.0,0.043478260869565216,0.0,0.2085144140570748,0.04347826086956523,1.0,0.0,7.0,0.6521739130434783,0.0,1.4650068461575654,2.1462450592885367,7.0,0.0,1.0,0.043478260869565216,0.0,0.2085144140570748,0.04347826086956523,1.0,0.0,1.0,0.5217391304347826,1.0,0.5107539184552491,0.26086956521739124,1.0,10.0,13.0,4.0,1.0,4.0,0.0,1.0,0.0,0.0,0.0,0.0,0.0
