boardid,sprintid,name,vel_diff,planday,no_issue_starttime,vel_starttime,no_issue_added,vel_added,no_issue_removed,vel_removed,no_issuetodo,vel_todo,no_issueinprogress,vel_inprogress,no_issuedone,vel_done,no_admin,no_teammember,no_issues,type_freq_Sub-task,priority_freq_Minor,no_comment_min,no_comment_max,no_comment_mean,no_comment_median,no_comment_std,no_comment_var,no_comment_range,no_affectversion_min,no_affectversion_max,no_affectversion_mean,no_affectversion_median,no_affectversion_std,no_affectversion_var,no_affectversion_range,no_fixversion_min,no_fixversion_max,no_fixversion_mean,no_fixversion_median,no_fixversion_std,no_fixversion_var,no_fixversion_range,no_issuelink_min,no_issuelink_max,no_issuelink_mean,no_issuelink_median,no_issuelink_std,no_issuelink_var,no_issuelink_range,no_blocking_min,no_blocking_max,no_blocking_mean,no_blocking_median,no_blocking_std,no_blocking_var,no_blocking_range,no_blockedby_min,no_blockedby_max,no_blockedby_mean,no_blockedby_median,no_blockedby_std,no_blockedby_var,no_blockedby_range,no_fixversion_change_min,no_fixversion_change_max,no_fixversion_change_mean,no_fixversion_change_median,no_fixversion_change_std,no_fixversion_change_var,no_fixversion_change_range,no_priority_change_min,no_priority_change_max,no_priority_change_mean,no_priority_change_median,no_priority_change_std,no_priority_change_var,no_priority_change_range,no_des_change_min,no_des_change_max,no_des_change_mean,no_des_change_median,no_des_change_std,no_des_change_var,no_des_change_range,gunning_fog_freq_easy,type_freq_Dev. Sub-task,type_freq_Bug,type_freq_Improvement,type_freq_Story,type_freq_Task,type_freq_New Feature,priority_freq_Major,priority_freq_Trivial,priority_freq_Critical,gunning_fog_freq_hard,type_freq_Technical task,type_freq_Concern,priority_freq_Blocker,type_freq_Crucible Subtask,type_freq_QA Task,type_freq_Suggestion,type_freq_Support Request,type_freq_Documentation,type_freq_Feedback,type_freq_Third-party issue,type_freq_Development Task,type_freq_Fug,type_freq_Request
43,1,Sprint 1,0,0,0,0,0,0,0,0,0,0,0,0,0,0,1,1,6.0,6.0,6.0,0.0,0.0,0.0,0.0,0.0,0.0,0.0,0.0,1.0,0.16666666666666666,0.0,0.408248290463863,0.16666666666666669,1.0,0.0,2.0,1.1666666666666667,1.5,0.9831920802501751,0.9666666666666668,2.0,0.0,1.0,0.16666666666666666,0.0,0.408248290463863,0.16666666666666669,1.0,0.0,0.0,0.0,0.0,0.0,0.0,0.0,0.0,0.0,0.0,0.0,0.0,0.0,0.0,0.0,0.0,0.0,0.0,0.0,0.0,0.0,0.0,0.0,0.0,0.0,0.0,0.0,0.0,0.0,0.0,0.0,0.0,0.0,0.0,0.0,6.0,0.0,0.0,0.0,0.0,0.0,0.0,0.0,0.0,0.0,0.0,0.0,0.0,0.0,0.0,0.0,0.0,0.0,0.0,0.0,0.0,0.0,0.0,0.0
43,4,Sprint 2,0,11,0,0,0,0,0,0,0,0,0,0,0,0,1,1,0.0,0.0,0.0,0.0,0.0,0.0,0.0,0.0,0.0,0.0,0.0,0.0,0.0,0.0,0.0,0.0,0.0,0.0,0.0,0.0,0.0,0.0,0.0,0.0,0.0,0.0,0.0,0.0,0.0,0.0,0.0,0.0,0.0,0.0,0.0,0.0,0.0,0.0,0.0,0.0,0.0,0.0,0.0,0.0,0.0,0.0,0.0,0.0,0.0,0.0,0.0,0.0,0.0,0.0,0.0,0.0,0.0,0.0,0.0,0.0,0.0,0.0,0.0,0.0,0.0,0.0,0.0,0.0,0.0,0.0,0.0,0.0,0.0,0.0,0.0,0.0,0.0,0.0,0.0,0.0,0.0,0.0,0.0,0.0,0.0,0.0,0.0,0.0,0.0,0.0
43,9,Sprint 1,-30,14,9,37,0,0,0,0,7,35,0,0,2,2,1,4,24.0,11.0,17.0,0.0,2.0,0.16666666666666666,0.0,0.4815434123430768,0.23188405797101447,2.0,0.0,0.0,0.0,0.0,0.0,0.0,0.0,0.0,2.0,0.4166666666666667,0.0,0.8297022339981068,0.6884057971014492,2.0,0.0,1.0,0.041666666666666664,0.0,0.2041241452319315,0.04166666666666667,1.0,0.0,0.0,0.0,0.0,0.0,0.0,0.0,0.0,0.0,0.0,0.0,0.0,0.0,0.0,0.0,2.0,0.16666666666666666,0.0,0.5646597025732799,0.3188405797101449,2.0,0.0,4.0,0.20833333333333334,0.0,0.832970935693524,0.6938405797101449,4.0,0.0,1.0,0.08333333333333333,0.0,0.28232985128663995,0.07971014492753623,1.0,23.0,4.0,4.0,2.0,1.0,1.0,1.0,4.0,2.0,1.0,1.0,0.0,0.0,0.0,0.0,0.0,0.0,0.0,0.0,0.0,0.0,0.0,0.0,0.0
43,10,Sprint 2,-38,14,9,44,0,0,0,0,8,43,0,0,1,1,1,1,23.0,10.0,14.0,0.0,2.0,0.17391304347826086,0.0,0.4910261901035311,0.24110671936758904,2.0,0.0,1.0,0.043478260869565216,0.0,0.2085144140570748,0.04347826086956523,1.0,0.0,2.0,0.8695652173913043,0.0,1.013739603739404,1.0276679841897236,2.0,0.0,1.0,0.043478260869565216,0.0,0.20851441405707477,0.04347826086956522,1.0,0.0,0.0,0.0,0.0,0.0,0.0,0.0,0.0,0.0,0.0,0.0,0.0,0.0,0.0,0.0,2.0,0.5217391304347826,0.0,0.897955517089759,0.8063241106719363,2.0,0.0,1.0,0.043478260869565216,0.0,0.2085144140570748,0.04347826086956523,1.0,0.0,0.0,0.0,0.0,0.0,0.0,0.0,22.0,4.0,3.0,2.0,1.0,2.0,1.0,6.0,2.0,1.0,1.0,0.0,0.0,0.0,0.0,0.0,0.0,0.0,0.0,0.0,0.0,0.0,0.0,0.0
43,14,Sprint 3,-49,14,10,49,0,0,0,0,9,44,1,5,0,0,1,2,24.0,10.0,15.0,0.0,2.0,0.16666666666666666,0.0,0.4815434123430768,0.23188405797101447,2.0,0.0,1.0,0.125,0.0,0.3378319623460881,0.11413043478260869,1.0,0.0,2.0,1.0833333333333333,2.0,1.0179547554081032,1.0362318840579712,2.0,0.0,1.0,0.08333333333333333,0.0,0.28232985128663995,0.07971014492753623,1.0,0.0,0.0,0.0,0.0,0.0,0.0,0.0,0.0,0.0,0.0,0.0,0.0,0.0,0.0,0.0,4.0,0.75,0.0,1.1515584902738285,1.326086956521739,4.0,0.0,1.0,0.041666666666666664,0.0,0.20412414523193154,0.04166666666666668,1.0,0.0,0.0,0.0,0.0,0.0,0.0,0.0,23.0,2.0,5.0,1.0,1.0,2.0,1.0,5.0,2.0,1.0,1.0,1.0,1.0,1.0,0.0,0.0,0.0,0.0,0.0,0.0,0.0,0.0,0.0,0.0
43,64,Sprint 4,-30,14,10,48,0,0,2,18,5,7,3,23,0,0,1,4,26.0,13.0,20.0,0.0,1.0,0.07692307692307693,0.0,0.271746488194703,0.07384615384615385,1.0,0.0,1.0,0.038461538461538464,0.0,0.19611613513818402,0.03846153846153846,1.0,0.0,2.0,1.0,1.0,1.019803902718557,1.04,2.0,0.0,1.0,0.19230769230769232,0.0,0.40191847623425014,0.16153846153846152,1.0,0.0,0.0,0.0,0.0,0.0,0.0,0.0,0.0,0.0,0.0,0.0,0.0,0.0,0.0,0.0,2.0,0.46153846153846156,0.0,0.8593378488473195,0.7384615384615384,2.0,0.0,1.0,0.07692307692307693,0.0,0.271746488194703,0.07384615384615385,1.0,0.0,1.0,0.038461538461538464,0.0,0.19611613513818402,0.03846153846153846,1.0,25.0,2.0,3.0,1.0,1.0,4.0,1.0,4.0,1.0,1.0,1.0,1.0,0.0,0.0,0.0,0.0,0.0,0.0,0.0,0.0,0.0,0.0,0.0,0.0
43,81,Sprint 5,-16,14,4,17,0,0,0,0,3,16,0,0,1,1,1,1,16.0,8.0,11.0,0.0,1.0,0.125,0.0,0.3415650255319866,0.11666666666666667,1.0,0.0,1.0,0.0625,0.0,0.25,0.0625,1.0,0.0,2.0,1.125,2.0,1.02469507659596,1.05,2.0,0.0,1.0,0.0625,0.0,0.25,0.0625,1.0,0.0,0.0,0.0,0.0,0.0,0.0,0.0,0.0,0.0,0.0,0.0,0.0,0.0,0.0,0.0,2.0,0.625,0.0,0.9574271077563381,0.9166666666666666,2.0,0.0,1.0,0.125,0.0,0.3415650255319866,0.11666666666666667,1.0,0.0,0.0,0.0,0.0,0.0,0.0,0.0,16.0,2.0,2.0,0.0,1.0,2.0,0.0,3.0,1.0,1.0,0.0,1.0,0.0,0.0,0.0,0.0,0.0,0.0,0.0,0.0,0.0,0.0,0.0,0.0
43,233,Sprint 6,-27,0,11,36,0,0,2,7,5,20,2,7,2,2,1,6,29.0,8.0,17.0,0.0,0.0,0.0,0.0,0.0,0.0,0.0,0.0,1.0,0.1724137931034483,0.0,0.3844258722192448,0.1477832512315271,1.0,0.0,2.0,0.9655172413793104,1.0,0.9056473068115287,0.8201970443349753,2.0,0.0,2.0,0.27586206896551724,0.0,0.5275652785700641,0.27832512315270935,2.0,0.0,0.0,0.0,0.0,0.0,0.0,0.0,0.0,0.0,0.0,0.0,0.0,0.0,0.0,0.0,4.0,0.9310344827586207,0.0,1.386955413918214,1.9236453201970447,4.0,0.0,1.0,0.10344827586206896,0.0,0.30993404669460345,0.09605911330049262,1.0,0.0,2.0,0.13793103448275862,0.0,0.4411136823860458,0.19458128078817732,2.0,29.0,0.0,4.0,1.0,3.0,3.0,0.0,3.0,1.0,1.0,0.0,1.0,1.0,3.0,6.0,2.0,0.0,0.0,0.0,0.0,0.0,0.0,0.0,0.0
43,314,Sprint 5,0,4,0,0,0,0,0,0,0,0,0,0,0,0,1,1,3.0,3.0,3.0,0.0,0.0,0.0,0.0,0.0,0.0,0.0,0.0,1.0,0.3333333333333333,0.0,0.5773502691896258,0.33333333333333337,1.0,1.0,1.0,1.0,1.0,0.0,0.0,0.0,0.0,0.0,0.0,0.0,0.0,0.0,0.0,0.0,0.0,0.0,0.0,0.0,0.0,0.0,0.0,0.0,0.0,0.0,0.0,0.0,0.0,0.0,0.0,0.0,0.0,0.0,0.0,0.0,0.0,0.0,0.0,0.0,0.0,0.0,0.0,0.0,0.0,0.0,0.0,0.0,0.0,0.0,2.0,0.0,0.0,0.0,0.0,0.0,0.0,0.0,0.0,0.0,1.0,0.0,0.0,0.0,0.0,0.0,0.0,0.0,0.0,0.0,0.0,0.0,0.0,0.0
46,1,Sprint 1,0,0,0,0,0,0,0,0,0,0,0,0,0,0,1,1,6.0,6.0,6.0,0.0,0.0,0.0,0.0,0.0,0.0,0.0,0.0,1.0,0.16666666666666666,0.0,0.408248290463863,0.16666666666666669,1.0,0.0,2.0,1.1666666666666667,1.5,0.9831920802501751,0.9666666666666668,2.0,0.0,1.0,0.16666666666666666,0.0,0.408248290463863,0.16666666666666669,1.0,0.0,0.0,0.0,0.0,0.0,0.0,0.0,0.0,0.0,0.0,0.0,0.0,0.0,0.0,0.0,0.0,0.0,0.0,0.0,0.0,0.0,0.0,0.0,0.0,0.0,0.0,0.0,0.0,0.0,0.0,0.0,0.0,0.0,0.0,0.0,6.0,0.0,0.0,0.0,0.0,0.0,0.0,0.0,0.0,0.0,0.0,0.0,0.0,0.0,0.0,0.0,0.0,0.0,0.0,0.0,0.0,0.0,0.0,0.0
46,2,Sprint 1,0,0,0,0,0,0,0,0,0,0,0,0,0,0,1,1,0.0,0.0,0.0,0.0,0.0,0.0,0.0,0.0,0.0,0.0,0.0,0.0,0.0,0.0,0.0,0.0,0.0,0.0,0.0,0.0,0.0,0.0,0.0,0.0,0.0,0.0,0.0,0.0,0.0,0.0,0.0,0.0,0.0,0.0,0.0,0.0,0.0,0.0,0.0,0.0,0.0,0.0,0.0,0.0,0.0,0.0,0.0,0.0,0.0,0.0,0.0,0.0,0.0,0.0,0.0,0.0,0.0,0.0,0.0,0.0,0.0,0.0,0.0,0.0,0.0,0.0,0.0,0.0,0.0,0.0,0.0,0.0,0.0,0.0,0.0,0.0,0.0,0.0,0.0,0.0,0.0,0.0,0.0,0.0,0.0,0.0,0.0,0.0,0.0,0.0
46,4,Sprint 2,0,11,0,0,0,0,0,0,0,0,0,0,0,0,1,1,0.0,0.0,0.0,0.0,0.0,0.0,0.0,0.0,0.0,0.0,0.0,0.0,0.0,0.0,0.0,0.0,0.0,0.0,0.0,0.0,0.0,0.0,0.0,0.0,0.0,0.0,0.0,0.0,0.0,0.0,0.0,0.0,0.0,0.0,0.0,0.0,0.0,0.0,0.0,0.0,0.0,0.0,0.0,0.0,0.0,0.0,0.0,0.0,0.0,0.0,0.0,0.0,0.0,0.0,0.0,0.0,0.0,0.0,0.0,0.0,0.0,0.0,0.0,0.0,0.0,0.0,0.0,0.0,0.0,0.0,0.0,0.0,0.0,0.0,0.0,0.0,0.0,0.0,0.0,0.0,0.0,0.0,0.0,0.0,0.0,0.0,0.0,0.0,0.0,0.0
46,10,Sprint 2,0,14,0,0,0,0,0,0,0,0,0,0,0,0,1,1,14.0,10.0,10.0,0.0,1.0,0.14285714285714285,0.0,0.3631365196012815,0.1318681318681319,1.0,0.0,1.0,0.07142857142857142,0.0,0.26726124191242434,0.07142857142857141,1.0,0.0,2.0,0.8571428571428571,0.0,1.027105182026191,1.054945054945055,2.0,0.0,0.0,0.0,0.0,0.0,0.0,0.0,0.0,0.0,0.0,0.0,0.0,0.0,0.0,0.0,0.0,0.0,0.0,0.0,0.0,0.0,0.0,2.0,0.42857142857142855,0.0,0.8516306272526404,0.7252747252747257,2.0,0.0,0.0,0.0,0.0,0.0,0.0,0.0,0.0,0.0,0.0,0.0,0.0,0.0,0.0,14.0,4.0,0.0,0.0,0.0,0.0,0.0,3.0,1.0,0.0,0.0,0.0,0.0,0.0,0.0,0.0,0.0,0.0,0.0,0.0,0.0,0.0,0.0,0.0
46,20,1.1-M2-test-r,0,14,0,0,0,0,0,0,0,0,0,0,0,0,1,1,0.0,0.0,0.0,0.0,0.0,0.0,0.0,0.0,0.0,0.0,0.0,0.0,0.0,0.0,0.0,0.0,0.0,0.0,0.0,0.0,0.0,0.0,0.0,0.0,0.0,0.0,0.0,0.0,0.0,0.0,0.0,0.0,0.0,0.0,0.0,0.0,0.0,0.0,0.0,0.0,0.0,0.0,0.0,0.0,0.0,0.0,0.0,0.0,0.0,0.0,0.0,0.0,0.0,0.0,0.0,0.0,0.0,0.0,0.0,0.0,0.0,0.0,0.0,0.0,0.0,0.0,0.0,0.0,0.0,0.0,0.0,0.0,0.0,0.0,0.0,0.0,0.0,0.0,0.0,0.0,0.0,0.0,0.0,0.0,0.0,0.0,0.0,0.0,0.0,0.0
46,21,1.1-M2-Fire,0,4,0,0,0,0,0,0,0,0,0,0,0,0,1,1,0.0,0.0,0.0,0.0,0.0,0.0,0.0,0.0,0.0,0.0,0.0,0.0,0.0,0.0,0.0,0.0,0.0,0.0,0.0,0.0,0.0,0.0,0.0,0.0,0.0,0.0,0.0,0.0,0.0,0.0,0.0,0.0,0.0,0.0,0.0,0.0,0.0,0.0,0.0,0.0,0.0,0.0,0.0,0.0,0.0,0.0,0.0,0.0,0.0,0.0,0.0,0.0,0.0,0.0,0.0,0.0,0.0,0.0,0.0,0.0,0.0,0.0,0.0,0.0,0.0,0.0,0.0,0.0,0.0,0.0,0.0,0.0,0.0,0.0,0.0,0.0,0.0,0.0,0.0,0.0,0.0,0.0,0.0,0.0,0.0,0.0,0.0,0.0,0.0,0.0
46,1790,3.7-m4,0,21,0,0,0,0,0,0,0,0,0,0,0,0,1,1,1.0,0.0,0.0,0.0,0.0,0.0,0.0,0.0,0.0,0.0,1.0,1.0,1.0,1.0,0.0,0.0,0.0,1.0,1.0,1.0,1.0,0.0,0.0,0.0,0.0,0.0,0.0,0.0,0.0,0.0,0.0,0.0,0.0,0.0,0.0,0.0,0.0,0.0,0.0,0.0,0.0,0.0,0.0,0.0,0.0,0.0,0.0,0.0,0.0,0.0,0.0,0.0,0.0,0.0,0.0,0.0,0.0,0.0,0.0,1.0,1.0,1.0,1.0,0.0,0.0,0.0,1.0,0.0,0.0,0.0,0.0,1.0,0.0,0.0,1.0,0.0,0.0,0.0,0.0,0.0,0.0,0.0,0.0,0.0,0.0,0.0,0.0,0.0,0.0,0.0
64,692,$.krypton - 6.3.1 part 2,0,14,0,0,1,1,1,1,0,0,0,0,0,0,1,1,1.0,0.0,0.0,0.0,0.0,0.0,0.0,0.0,0.0,0.0,1.0,1.0,1.0,1.0,0.0,0.0,0.0,0.0,0.0,0.0,0.0,0.0,0.0,0.0,2.0,2.0,2.0,2.0,0.0,0.0,0.0,0.0,0.0,0.0,0.0,0.0,0.0,0.0,0.0,0.0,0.0,0.0,0.0,0.0,0.0,0.0,0.0,0.0,0.0,0.0,0.0,0.0,0.0,0.0,0.0,0.0,0.0,0.0,0.0,3.0,3.0,3.0,3.0,0.0,0.0,0.0,0.0,0.0,1.0,0.0,0.0,0.0,0.0,1.0,0.0,0.0,1.0,0.0,0.0,0.0,0.0,0.0,0.0,0.0,0.0,0.0,0.0,0.0,0.0,0.0
64,693,Jo's last cuppa tea,0,14,0,0,0,0,0,0,0,0,0,0,0,0,1,1,0.0,0.0,0.0,0.0,0.0,0.0,0.0,0.0,0.0,0.0,0.0,0.0,0.0,0.0,0.0,0.0,0.0,0.0,0.0,0.0,0.0,0.0,0.0,0.0,0.0,0.0,0.0,0.0,0.0,0.0,0.0,0.0,0.0,0.0,0.0,0.0,0.0,0.0,0.0,0.0,0.0,0.0,0.0,0.0,0.0,0.0,0.0,0.0,0.0,0.0,0.0,0.0,0.0,0.0,0.0,0.0,0.0,0.0,0.0,0.0,0.0,0.0,0.0,0.0,0.0,0.0,0.0,0.0,0.0,0.0,0.0,0.0,0.0,0.0,0.0,0.0,0.0,0.0,0.0,0.0,0.0,0.0,0.0,0.0,0.0,0.0,0.0,0.0,0.0,0.0
64,750,Reporting kick off,0,14,0,0,0,0,0,0,0,0,0,0,0,0,1,1,0.0,0.0,0.0,0.0,0.0,0.0,0.0,0.0,0.0,0.0,0.0,0.0,0.0,0.0,0.0,0.0,0.0,0.0,0.0,0.0,0.0,0.0,0.0,0.0,0.0,0.0,0.0,0.0,0.0,0.0,0.0,0.0,0.0,0.0,0.0,0.0,0.0,0.0,0.0,0.0,0.0,0.0,0.0,0.0,0.0,0.0,0.0,0.0,0.0,0.0,0.0,0.0,0.0,0.0,0.0,0.0,0.0,0.0,0.0,0.0,0.0,0.0,0.0,0.0,0.0,0.0,0.0,0.0,0.0,0.0,0.0,0.0,0.0,0.0,0.0,0.0,0.0,0.0,0.0,0.0,0.0,0.0,0.0,0.0,0.0,0.0,0.0,0.0,0.0,0.0
64,999,2014s01 - ME,0,14,0,0,0,0,0,0,0,0,0,0,0,0,1,1,0.0,0.0,0.0,0.0,0.0,0.0,0.0,0.0,0.0,0.0,0.0,0.0,0.0,0.0,0.0,0.0,0.0,0.0,0.0,0.0,0.0,0.0,0.0,0.0,0.0,0.0,0.0,0.0,0.0,0.0,0.0,0.0,0.0,0.0,0.0,0.0,0.0,0.0,0.0,0.0,0.0,0.0,0.0,0.0,0.0,0.0,0.0,0.0,0.0,0.0,0.0,0.0,0.0,0.0,0.0,0.0,0.0,0.0,0.0,0.0,0.0,0.0,0.0,0.0,0.0,0.0,0.0,0.0,0.0,0.0,0.0,0.0,0.0,0.0,0.0,0.0,0.0,0.0,0.0,0.0,0.0,0.0,0.0,0.0,0.0,0.0,0.0,0.0,0.0,0.0
68,95,4.2.12,0,10,1,3,0,0,1,3,0,0,0,0,0,0,1,1,1.0,0.0,0.0,4.0,4.0,4.0,4.0,0.0,0.0,0.0,9.0,9.0,9.0,9.0,0.0,0.0,0.0,0.0,0.0,0.0,0.0,0.0,0.0,0.0,0.0,0.0,0.0,0.0,0.0,0.0,0.0,0.0,0.0,0.0,0.0,0.0,0.0,0.0,0.0,0.0,0.0,0.0,0.0,0.0,0.0,0.0,0.0,0.0,0.0,0.0,0.0,0.0,3.0,3.0,3.0,3.0,0.0,0.0,0.0,2.0,2.0,2.0,2.0,0.0,0.0,0.0,0.0,0.0,1.0,0.0,0.0,0.0,0.0,1.0,0.0,0.0,1.0,0.0,0.0,0.0,0.0,0.0,0.0,0.0,0.0,0.0,0.0,0.0,0.0,0.0
68,128,Sprint 8,-3,6,1,3,0,0,0,0,0,0,1,3,0,0,1,2,1.0,0.0,0.0,3.0,3.0,3.0,3.0,0.0,0.0,0.0,1.0,1.0,1.0,1.0,0.0,0.0,0.0,0.0,0.0,0.0,0.0,0.0,0.0,0.0,0.0,0.0,0.0,0.0,0.0,0.0,0.0,0.0,0.0,0.0,0.0,0.0,0.0,0.0,0.0,0.0,0.0,0.0,0.0,0.0,0.0,0.0,0.0,0.0,0.0,0.0,0.0,0.0,0.0,0.0,0.0,0.0,0.0,0.0,0.0,0.0,0.0,0.0,0.0,0.0,0.0,0.0,0.0,0.0,1.0,0.0,0.0,0.0,0.0,1.0,0.0,0.0,1.0,0.0,0.0,0.0,0.0,0.0,0.0,0.0,0.0,0.0,0.0,0.0,0.0,0.0
68,136,Sprint 9,0,7,1,3,0,0,0,0,0,0,0,0,1,3,1,2,1.0,0.0,0.0,3.0,3.0,3.0,3.0,0.0,0.0,0.0,1.0,1.0,1.0,1.0,0.0,0.0,0.0,0.0,0.0,0.0,0.0,0.0,0.0,0.0,0.0,0.0,0.0,0.0,0.0,0.0,0.0,0.0,0.0,0.0,0.0,0.0,0.0,0.0,0.0,0.0,0.0,0.0,0.0,0.0,0.0,0.0,0.0,0.0,0.0,0.0,0.0,0.0,0.0,0.0,0.0,0.0,0.0,0.0,0.0,0.0,0.0,0.0,0.0,0.0,0.0,0.0,0.0,0.0,1.0,0.0,0.0,0.0,0.0,1.0,0.0,0.0,1.0,0.0,0.0,0.0,0.0,0.0,0.0,0.0,0.0,0.0,0.0,0.0,0.0,0.0
68,143,Muppets Sprint 4,0,4,0,0,0,0,0,0,0,0,0,0,0,0,1,1,0.0,0.0,0.0,0.0,0.0,0.0,0.0,0.0,0.0,0.0,0.0,0.0,0.0,0.0,0.0,0.0,0.0,0.0,0.0,0.0,0.0,0.0,0.0,0.0,0.0,0.0,0.0,0.0,0.0,0.0,0.0,0.0,0.0,0.0,0.0,0.0,0.0,0.0,0.0,0.0,0.0,0.0,0.0,0.0,0.0,0.0,0.0,0.0,0.0,0.0,0.0,0.0,0.0,0.0,0.0,0.0,0.0,0.0,0.0,0.0,0.0,0.0,0.0,0.0,0.0,0.0,0.0,0.0,0.0,0.0,0.0,0.0,0.0,0.0,0.0,0.0,0.0,0.0,0.0,0.0,0.0,0.0,0.0,0.0,0.0,0.0,0.0,0.0,0.0,0.0
68,162,Muppets Sprint 3,0,0,0,0,0,0,0,0,0,0,0,0,0,0,1,1,2.0,2.0,0.0,1.0,1.0,1.0,1.0,0.0,0.0,0.0,0.0,0.0,0.0,0.0,0.0,0.0,0.0,0.0,1.0,0.5,0.5,0.7071067811865476,0.5,1.0,0.0,1.0,0.5,0.5,0.7071067811865476,0.5,1.0,0.0,0.0,0.0,0.0,0.0,0.0,0.0,0.0,0.0,0.0,0.0,0.0,0.0,0.0,0.0,1.0,0.5,0.5,0.7071067811865476,0.5,1.0,0.0,0.0,0.0,0.0,0.0,0.0,0.0,0.0,0.0,0.0,0.0,0.0,0.0,0.0,1.0,0.0,0.0,0.0,0.0,0.0,0.0,0.0,0.0,0.0,1.0,0.0,0.0,2.0,0.0,0.0,0.0,0.0,0.0,0.0,0.0,0.0,0.0,0.0
68,163,Muppets Sprint 4,0,4,0,0,0,0,0,0,0,0,0,0,0,0,1,1,2.0,2.0,0.0,1.0,1.0,1.0,1.0,0.0,0.0,0.0,0.0,0.0,0.0,0.0,0.0,0.0,0.0,0.0,1.0,0.5,0.5,0.7071067811865476,0.5,1.0,0.0,1.0,0.5,0.5,0.7071067811865476,0.5,1.0,0.0,0.0,0.0,0.0,0.0,0.0,0.0,0.0,0.0,0.0,0.0,0.0,0.0,0.0,0.0,1.0,0.5,0.5,0.7071067811865476,0.5,1.0,0.0,0.0,0.0,0.0,0.0,0.0,0.0,0.0,0.0,0.0,0.0,0.0,0.0,0.0,1.0,0.0,0.0,0.0,0.0,0.0,0.0,0.0,0.0,0.0,1.0,0.0,0.0,2.0,0.0,0.0,0.0,0.0,0.0,0.0,0.0,0.0,0.0,0.0
68,500,5.1.x Sprint 4,-3,14,0,0,1,3,0,0,1,3,0,0,0,0,1,1,10.0,9.0,6.0,0.0,3.0,0.4,0.0,0.9660917830792959,0.9333333333333333,3.0,1.0,2.0,1.1,1.0,0.31622776601683794,0.1,1.0,0.0,2.0,1.4,2.0,0.8432740427115678,0.7111111111111111,2.0,0.0,4.0,0.4,0.0,1.2649110640673518,1.6000000000000003,4.0,0.0,0.0,0.0,0.0,0.0,0.0,0.0,0.0,0.0,0.0,0.0,0.0,0.0,0.0,0.0,2.0,0.4,0.0,0.6992058987801011,0.48888888888888893,2.0,0.0,1.0,0.1,0.0,0.31622776601683794,0.10000000000000002,1.0,1.0,3.0,2.1,2.0,0.5676462121975467,0.32222222222222224,2.0,7.0,0.0,1.0,0.0,0.0,0.0,0.0,2.0,0.0,0.0,3.0,0.0,0.0,2.0,0.0,0.0,0.0,0.0,0.0,0.0,0.0,0.0,0.0,0.0
68,508,Page Layouts 2 - Sprint 4,-5,7,1,5,0,0,0,0,1,5,0,0,0,0,1,1,1.0,0.0,1.0,0.0,0.0,0.0,0.0,0.0,0.0,0.0,1.0,1.0,1.0,1.0,0.0,0.0,0.0,0.0,0.0,0.0,0.0,0.0,0.0,0.0,1.0,1.0,1.0,1.0,0.0,0.0,0.0,0.0,0.0,0.0,0.0,0.0,0.0,0.0,0.0,0.0,0.0,0.0,0.0,0.0,0.0,0.0,0.0,0.0,0.0,0.0,0.0,0.0,0.0,0.0,0.0,0.0,0.0,0.0,0.0,1.0,1.0,1.0,1.0,0.0,0.0,0.0,1.0,0.0,1.0,0.0,0.0,0.0,0.0,0.0,0.0,0.0,0.0,0.0,0.0,0.0,0.0,0.0,0.0,0.0,0.0,0.0,0.0,0.0,0.0,0.0
68,523,5.1.x Sprint 5,-3,14,0,0,1,3,0,0,1,3,0,0,0,0,1,3,10.0,9.0,6.0,0.0,3.0,0.4,0.0,0.9660917830792959,0.9333333333333333,3.0,1.0,2.0,1.1,1.0,0.31622776601683794,0.1,1.0,0.0,2.0,1.4,2.0,0.8432740427115678,0.7111111111111111,2.0,0.0,4.0,0.4,0.0,1.2649110640673518,1.6000000000000003,4.0,0.0,0.0,0.0,0.0,0.0,0.0,0.0,0.0,0.0,0.0,0.0,0.0,0.0,0.0,0.0,2.0,1.6,2.0,0.6992058987801011,0.48888888888888893,2.0,0.0,1.0,0.1,0.0,0.31622776601683794,0.10000000000000002,1.0,1.0,3.0,2.1,2.0,0.5676462121975467,0.32222222222222224,2.0,7.0,0.0,1.0,0.0,0.0,0.0,0.0,2.0,0.0,0.0,3.0,0.0,0.0,2.0,0.0,0.0,0.0,0.0,0.0,0.0,0.0,0.0,0.0,0.0
68,545,Sidebar V2 Sprint 1,0,14,1,3,0,0,0,0,1,3,0,0,0,0,1,1,1.0,0.0,1.0,0.0,0.0,0.0,0.0,0.0,0.0,0.0,1.0,1.0,1.0,1.0,0.0,0.0,0.0,0.0,0.0,0.0,0.0,0.0,0.0,0.0,0.0,0.0,0.0,0.0,0.0,0.0,0.0,0.0,0.0,0.0,0.0,0.0,0.0,0.0,0.0,0.0,0.0,0.0,0.0,0.0,0.0,0.0,0.0,0.0,0.0,0.0,0.0,0.0,0.0,0.0,0.0,0.0,0.0,0.0,0.0,0.0,0.0,0.0,0.0,0.0,0.0,0.0,1.0,0.0,1.0,0.0,0.0,0.0,0.0,0.0,0.0,0.0,0.0,0.0,0.0,0.0,0.0,0.0,0.0,0.0,0.0,0.0,0.0,0.0,0.0,0.0
68,644,Editor Sprint 1,0,9,1,5,0,0,0,0,0,0,0,0,1,5,1,1,1.0,0.0,1.0,2.0,2.0,2.0,2.0,0.0,0.0,0.0,1.0,1.0,1.0,1.0,0.0,0.0,0.0,0.0,0.0,0.0,0.0,0.0,0.0,0.0,1.0,1.0,1.0,1.0,0.0,0.0,0.0,0.0,0.0,0.0,0.0,0.0,0.0,0.0,0.0,0.0,0.0,0.0,0.0,0.0,0.0,0.0,0.0,0.0,0.0,0.0,0.0,0.0,0.0,0.0,0.0,0.0,0.0,0.0,0.0,1.0,1.0,1.0,1.0,0.0,0.0,0.0,1.0,0.0,1.0,0.0,0.0,0.0,0.0,0.0,0.0,0.0,0.0,0.0,0.0,0.0,0.0,0.0,0.0,0.0,0.0,0.0,0.0,0.0,0.0,0.0
68,777,Thunder 12,0,14,0,0,0,0,0,0,0,0,0,0,0,0,1,1,0.0,0.0,0.0,0.0,0.0,0.0,0.0,0.0,0.0,0.0,0.0,0.0,0.0,0.0,0.0,0.0,0.0,0.0,0.0,0.0,0.0,0.0,0.0,0.0,0.0,0.0,0.0,0.0,0.0,0.0,0.0,0.0,0.0,0.0,0.0,0.0,0.0,0.0,0.0,0.0,0.0,0.0,0.0,0.0,0.0,0.0,0.0,0.0,0.0,0.0,0.0,0.0,0.0,0.0,0.0,0.0,0.0,0.0,0.0,0.0,0.0,0.0,0.0,0.0,0.0,0.0,0.0,0.0,0.0,0.0,0.0,0.0,0.0,0.0,0.0,0.0,0.0,0.0,0.0,0.0,0.0,0.0,0.0,0.0,0.0,0.0,0.0,0.0,0.0,0.0
68,804,Cleanup,0,7,0,0,1,3,0,0,1,3,0,0,0,0,1,1,1.0,0.0,1.0,0.0,0.0,0.0,0.0,0.0,0.0,0.0,1.0,1.0,1.0,1.0,0.0,0.0,0.0,0.0,0.0,0.0,0.0,0.0,0.0,0.0,2.0,2.0,2.0,2.0,0.0,0.0,0.0,0.0,0.0,0.0,0.0,0.0,0.0,0.0,0.0,0.0,0.0,0.0,0.0,0.0,0.0,0.0,0.0,0.0,0.0,0.0,0.0,0.0,0.0,0.0,0.0,0.0,0.0,0.0,0.0,0.0,0.0,0.0,0.0,0.0,0.0,0.0,0.0,0.0,1.0,0.0,0.0,0.0,0.0,0.0,0.0,0.0,1.0,0.0,0.0,0.0,0.0,0.0,0.0,0.0,0.0,0.0,0.0,0.0,0.0,0.0
68,834,Thunder 14,0,14,1,3,0,0,0,0,1,3,0,0,0,0,1,1,1.0,0.0,0.0,1.0,1.0,1.0,1.0,0.0,0.0,0.0,1.0,1.0,1.0,1.0,0.0,0.0,0.0,0.0,0.0,0.0,0.0,0.0,0.0,0.0,0.0,0.0,0.0,0.0,0.0,0.0,0.0,0.0,0.0,0.0,0.0,0.0,0.0,0.0,0.0,0.0,0.0,0.0,0.0,0.0,0.0,0.0,0.0,0.0,0.0,0.0,0.0,0.0,1.0,1.0,1.0,1.0,0.0,0.0,0.0,2.0,2.0,2.0,2.0,0.0,0.0,0.0,0.0,0.0,1.0,0.0,0.0,0.0,0.0,1.0,0.0,0.0,1.0,0.0,0.0,0.0,0.0,0.0,0.0,0.0,0.0,0.0,0.0,0.0,0.0,0.0
68,979,Enterprise Sprint 25,-3,14,1,3,0,0,0,0,1,3,0,0,0,0,1,1,1.0,0.0,1.0,0.0,0.0,0.0,0.0,0.0,0.0,0.0,3.0,3.0,3.0,3.0,0.0,0.0,0.0,0.0,0.0,0.0,0.0,0.0,0.0,0.0,3.0,3.0,3.0,3.0,0.0,0.0,0.0,0.0,0.0,0.0,0.0,0.0,0.0,0.0,0.0,0.0,0.0,0.0,0.0,0.0,0.0,0.0,0.0,0.0,0.0,0.0,0.0,0.0,0.0,0.0,0.0,0.0,0.0,0.0,0.0,3.0,3.0,3.0,3.0,0.0,0.0,0.0,0.0,0.0,1.0,0.0,0.0,0.0,0.0,0.0,0.0,0.0,1.0,0.0,0.0,0.0,0.0,0.0,0.0,0.0,0.0,0.0,0.0,0.0,0.0,0.0
68,1016,Enterprise Sprint 26,0,13,1,3,1,3,0,0,0,0,1,3,1,3,1,2,2.0,0.0,2.0,0.0,0.0,0.0,0.0,0.0,0.0,0.0,0.0,3.0,1.5,1.5,2.1213203435596424,4.5,3.0,0.0,0.0,0.0,0.0,0.0,0.0,0.0,1.0,3.0,2.0,2.0,1.4142135623730951,2.0,2.0,0.0,0.0,0.0,0.0,0.0,0.0,0.0,0.0,0.0,0.0,0.0,0.0,0.0,0.0,0.0,0.0,0.0,0.0,0.0,0.0,0.0,0.0,1.0,0.5,0.5,0.7071067811865476,0.5,1.0,0.0,4.0,2.0,2.0,2.8284271247461903,8.0,4.0,0.0,0.0,2.0,0.0,0.0,0.0,0.0,0.0,0.0,0.0,2.0,0.0,0.0,0.0,0.0,0.0,0.0,0.0,0.0,0.0,0.0,0.0,0.0,0.0
127,1,Sprint 1,0,0,0,0,0,0,0,0,0,0,0,0,0,0,1,1,6.0,6.0,6.0,0.0,0.0,0.0,0.0,0.0,0.0,0.0,0.0,1.0,0.16666666666666666,0.0,0.408248290463863,0.16666666666666669,1.0,0.0,2.0,1.1666666666666667,1.5,0.9831920802501751,0.9666666666666668,2.0,0.0,1.0,0.16666666666666666,0.0,0.408248290463863,0.16666666666666669,1.0,0.0,0.0,0.0,0.0,0.0,0.0,0.0,0.0,0.0,0.0,0.0,0.0,0.0,0.0,0.0,0.0,0.0,0.0,0.0,0.0,0.0,0.0,0.0,0.0,0.0,0.0,0.0,0.0,0.0,0.0,0.0,0.0,0.0,0.0,0.0,6.0,0.0,0.0,0.0,0.0,0.0,0.0,0.0,0.0,0.0,0.0,0.0,0.0,0.0,0.0,0.0,0.0,0.0,0.0,0.0,0.0,0.0,0.0,0.0
127,4,Sprint 2,0,11,0,0,0,0,0,0,0,0,0,0,0,0,1,1,0.0,0.0,0.0,0.0,0.0,0.0,0.0,0.0,0.0,0.0,0.0,0.0,0.0,0.0,0.0,0.0,0.0,0.0,0.0,0.0,0.0,0.0,0.0,0.0,0.0,0.0,0.0,0.0,0.0,0.0,0.0,0.0,0.0,0.0,0.0,0.0,0.0,0.0,0.0,0.0,0.0,0.0,0.0,0.0,0.0,0.0,0.0,0.0,0.0,0.0,0.0,0.0,0.0,0.0,0.0,0.0,0.0,0.0,0.0,0.0,0.0,0.0,0.0,0.0,0.0,0.0,0.0,0.0,0.0,0.0,0.0,0.0,0.0,0.0,0.0,0.0,0.0,0.0,0.0,0.0,0.0,0.0,0.0,0.0,0.0,0.0,0.0,0.0,0.0,0.0
127,9,Sprint 1,-30,14,9,37,0,0,0,0,7,35,0,0,2,2,1,4,24.0,11.0,17.0,0.0,2.0,0.16666666666666666,0.0,0.4815434123430768,0.23188405797101447,2.0,0.0,0.0,0.0,0.0,0.0,0.0,0.0,0.0,2.0,0.4166666666666667,0.0,0.8297022339981068,0.6884057971014492,2.0,0.0,1.0,0.041666666666666664,0.0,0.2041241452319315,0.04166666666666667,1.0,0.0,0.0,0.0,0.0,0.0,0.0,0.0,0.0,0.0,0.0,0.0,0.0,0.0,0.0,0.0,2.0,0.16666666666666666,0.0,0.5646597025732799,0.3188405797101449,2.0,0.0,4.0,0.20833333333333334,0.0,0.832970935693524,0.6938405797101449,4.0,0.0,1.0,0.08333333333333333,0.0,0.28232985128663995,0.07971014492753623,1.0,23.0,4.0,4.0,2.0,1.0,1.0,1.0,4.0,2.0,1.0,1.0,0.0,0.0,0.0,0.0,0.0,0.0,0.0,0.0,0.0,0.0,0.0,0.0,0.0
127,10,Sprint 2,-38,14,9,44,0,0,0,0,8,43,0,0,1,1,1,1,23.0,10.0,14.0,0.0,2.0,0.17391304347826086,0.0,0.4910261901035311,0.24110671936758904,2.0,0.0,1.0,0.043478260869565216,0.0,0.2085144140570748,0.04347826086956523,1.0,0.0,2.0,0.8695652173913043,0.0,1.013739603739404,1.0276679841897236,2.0,0.0,1.0,0.043478260869565216,0.0,0.20851441405707477,0.04347826086956522,1.0,0.0,0.0,0.0,0.0,0.0,0.0,0.0,0.0,0.0,0.0,0.0,0.0,0.0,0.0,0.0,2.0,0.5217391304347826,0.0,0.897955517089759,0.8063241106719363,2.0,0.0,1.0,0.043478260869565216,0.0,0.2085144140570748,0.04347826086956523,1.0,0.0,0.0,0.0,0.0,0.0,0.0,0.0,22.0,4.0,3.0,2.0,1.0,2.0,1.0,6.0,2.0,1.0,1.0,0.0,0.0,0.0,0.0,0.0,0.0,0.0,0.0,0.0,0.0,0.0,0.0,0.0
127,14,Sprint 3,-49,14,10,49,0,0,0,0,9,44,1,5,0,0,1,2,24.0,10.0,15.0,0.0,2.0,0.16666666666666666,0.0,0.4815434123430768,0.23188405797101447,2.0,0.0,1.0,0.125,0.0,0.3378319623460881,0.11413043478260869,1.0,0.0,2.0,1.0833333333333333,2.0,1.0179547554081032,1.0362318840579712,2.0,0.0,1.0,0.08333333333333333,0.0,0.28232985128663995,0.07971014492753623,1.0,0.0,0.0,0.0,0.0,0.0,0.0,0.0,0.0,0.0,0.0,0.0,0.0,0.0,0.0,0.0,4.0,0.75,0.0,1.1515584902738285,1.326086956521739,4.0,0.0,1.0,0.041666666666666664,0.0,0.20412414523193154,0.04166666666666668,1.0,0.0,0.0,0.0,0.0,0.0,0.0,0.0,23.0,2.0,5.0,1.0,1.0,2.0,1.0,5.0,2.0,1.0,1.0,1.0,1.0,1.0,0.0,0.0,0.0,0.0,0.0,0.0,0.0,0.0,0.0,0.0
127,64,Sprint 4,-30,14,10,48,0,0,2,18,5,7,3,23,0,0,1,4,26.0,13.0,20.0,0.0,1.0,0.07692307692307693,0.0,0.271746488194703,0.07384615384615385,1.0,0.0,1.0,0.038461538461538464,0.0,0.19611613513818402,0.03846153846153846,1.0,0.0,2.0,1.0,1.0,1.019803902718557,1.04,2.0,0.0,1.0,0.19230769230769232,0.0,0.40191847623425014,0.16153846153846152,1.0,0.0,0.0,0.0,0.0,0.0,0.0,0.0,0.0,0.0,0.0,0.0,0.0,0.0,0.0,0.0,2.0,0.46153846153846156,0.0,0.8593378488473195,0.7384615384615384,2.0,0.0,1.0,0.07692307692307693,0.0,0.271746488194703,0.07384615384615385,1.0,0.0,1.0,0.038461538461538464,0.0,0.19611613513818402,0.03846153846153846,1.0,25.0,2.0,3.0,1.0,1.0,4.0,1.0,4.0,1.0,1.0,1.0,1.0,0.0,0.0,0.0,0.0,0.0,0.0,0.0,0.0,0.0,0.0,0.0,0.0
127,81,Sprint 5,-16,14,4,17,0,0,0,0,3,16,0,0,1,1,1,1,16.0,8.0,11.0,0.0,1.0,0.125,0.0,0.3415650255319866,0.11666666666666667,1.0,0.0,1.0,0.0625,0.0,0.25,0.0625,1.0,0.0,2.0,1.125,2.0,1.02469507659596,1.05,2.0,0.0,1.0,0.0625,0.0,0.25,0.0625,1.0,0.0,0.0,0.0,0.0,0.0,0.0,0.0,0.0,0.0,0.0,0.0,0.0,0.0,0.0,0.0,2.0,0.625,0.0,0.9574271077563381,0.9166666666666666,2.0,0.0,1.0,0.125,0.0,0.3415650255319866,0.11666666666666667,1.0,0.0,0.0,0.0,0.0,0.0,0.0,0.0,16.0,2.0,2.0,0.0,1.0,2.0,0.0,3.0,1.0,1.0,0.0,1.0,0.0,0.0,0.0,0.0,0.0,0.0,0.0,0.0,0.0,0.0,0.0,0.0
127,233,Sprint 6,-26,0,10,35,0,0,2,7,4,19,2,7,2,2,1,6,28.0,8.0,17.0,0.0,0.0,0.0,0.0,0.0,0.0,0.0,0.0,1.0,0.14285714285714285,0.0,0.35634832254989923,0.126984126984127,1.0,0.0,2.0,0.9285714285714286,1.0,0.8997354108424372,0.8095238095238094,2.0,0.0,2.0,0.2857142857142857,0.0,0.5345224838248488,0.28571428571428575,2.0,0.0,0.0,0.0,0.0,0.0,0.0,0.0,0.0,0.0,0.0,0.0,0.0,0.0,0.0,0.0,4.0,0.9642857142857143,0.0,1.4005856673692658,1.9616402116402114,4.0,0.0,1.0,0.10714285714285714,0.0,0.314970394174356,0.09920634920634921,1.0,0.0,2.0,0.14285714285714285,0.0,0.44839513942303283,0.20105820105820105,2.0,28.0,0.0,4.0,0.0,3.0,3.0,0.0,2.0,1.0,1.0,0.0,1.0,1.0,3.0,6.0,2.0,0.0,0.0,0.0,0.0,0.0,0.0,0.0,0.0
127,314,Sprint 5,0,4,0,0,0,0,0,0,0,0,0,0,0,0,1,1,3.0,3.0,3.0,0.0,0.0,0.0,0.0,0.0,0.0,0.0,0.0,1.0,0.3333333333333333,0.0,0.5773502691896258,0.33333333333333337,1.0,1.0,1.0,1.0,1.0,0.0,0.0,0.0,0.0,0.0,0.0,0.0,0.0,0.0,0.0,0.0,0.0,0.0,0.0,0.0,0.0,0.0,0.0,0.0,0.0,0.0,0.0,0.0,0.0,0.0,0.0,0.0,0.0,0.0,0.0,0.0,0.0,0.0,0.0,0.0,0.0,0.0,0.0,0.0,0.0,0.0,0.0,0.0,0.0,0.0,2.0,0.0,0.0,0.0,0.0,0.0,0.0,0.0,0.0,0.0,1.0,0.0,0.0,0.0,0.0,0.0,0.0,0.0,0.0,0.0,0.0,0.0,0.0,0.0
137,95,4.2.12,0,10,2,6,0,0,2,6,0,0,0,0,0,0,1,1,2.0,0.0,0.0,3.0,37.0,20.0,20.0,24.041630560342615,578.0,34.0,1.0,2.0,1.5,1.5,0.7071067811865476,0.5,1.0,1.0,2.0,1.5,1.5,0.7071067811865476,0.5,1.0,0.0,5.0,2.5,2.5,3.5355339059327378,12.5,5.0,0.0,0.0,0.0,0.0,0.0,0.0,0.0,0.0,0.0,0.0,0.0,0.0,0.0,0.0,0.0,1.0,0.5,0.5,0.7071067811865476,0.5,1.0,0.0,0.0,0.0,0.0,0.0,0.0,0.0,0.0,16.0,8.0,8.0,11.313708498984761,128.0,16.0,0.0,0.0,2.0,0.0,0.0,0.0,0.0,2.0,0.0,0.0,2.0,0.0,0.0,0.0,0.0,0.0,0.0,0.0,0.0,0.0,0.0,0.0,0.0,0.0
137,120,4.2.13,-3,4,1,3,0,0,0,0,1,3,0,0,0,0,1,1,1.0,0.0,0.0,9.0,9.0,9.0,9.0,0.0,0.0,0.0,2.0,2.0,2.0,2.0,0.0,0.0,0.0,1.0,1.0,1.0,1.0,0.0,0.0,0.0,4.0,4.0,4.0,4.0,0.0,0.0,0.0,0.0,0.0,0.0,0.0,0.0,0.0,0.0,0.0,0.0,0.0,0.0,0.0,0.0,0.0,0.0,0.0,0.0,0.0,0.0,0.0,0.0,1.0,1.0,1.0,1.0,0.0,0.0,0.0,0.0,0.0,0.0,0.0,0.0,0.0,0.0,0.0,0.0,1.0,0.0,0.0,0.0,0.0,0.0,0.0,1.0,1.0,0.0,0.0,0.0,0.0,0.0,0.0,0.0,0.0,0.0,0.0,0.0,0.0,0.0
137,131,Muppets Sprint 3,-3,7,3,9,0,0,0,0,1,3,2,6,0,0,1,2,4.0,0.0,1.0,0.0,11.0,4.5,3.5,4.795831523312719,23.0,11.0,1.0,2.0,1.5,1.5,0.5773502691896257,0.3333333333333333,1.0,1.0,1.0,1.0,1.0,0.0,0.0,0.0,0.0,4.0,1.5,1.0,1.9148542155126762,3.6666666666666665,4.0,0.0,0.0,0.0,0.0,0.0,0.0,0.0,0.0,0.0,0.0,0.0,0.0,0.0,0.0,0.0,3.0,1.0,0.5,1.4142135623730951,2.0,3.0,0.0,1.0,0.25,0.0,0.5,0.25,1.0,0.0,2.0,0.5,0.0,1.0,1.0,2.0,0.0,0.0,4.0,0.0,0.0,0.0,0.0,1.0,0.0,1.0,4.0,0.0,0.0,1.0,0.0,0.0,0.0,0.0,0.0,0.0,0.0,0.0,0.0,0.0
137,143,Muppets Sprint 4,-12,4,6,18,0,0,0,0,4,12,2,6,0,0,1,4,6.0,0.0,0.0,1.0,37.0,12.666666666666666,10.0,13.231276078544605,175.0666666666667,36.0,1.0,2.0,1.1666666666666667,1.0,0.408248290463863,0.16666666666666666,1.0,1.0,2.0,1.3333333333333333,1.0,0.5163977794943222,0.26666666666666666,1.0,0.0,10.0,4.166666666666667,4.0,3.371448748930742,11.366666666666665,10.0,0.0,0.0,0.0,0.0,0.0,0.0,0.0,0.0,0.0,0.0,0.0,0.0,0.0,0.0,0.0,5.0,0.8333333333333334,0.0,2.0412414523193148,4.166666666666666,5.0,0.0,1.0,0.3333333333333333,0.0,0.5163977794943223,0.2666666666666667,1.0,0.0,18.0,4.333333333333333,1.5,7.004760286167305,49.06666666666667,18.0,1.0,0.0,6.0,0.0,0.0,0.0,0.0,4.0,0.0,1.0,5.0,0.0,0.0,1.0,0.0,0.0,0.0,0.0,0.0,0.0,0.0,0.0,0.0,0.0
137,162,Muppets Sprint 3,-12,0,4,12,0,0,0,0,3,9,0,0,1,3,1,4,6.0,2.0,0.0,1.0,37.0,11.166666666666666,6.5,13.688194426828787,187.36666666666667,36.0,0.0,2.0,0.8333333333333334,1.0,0.752772652709081,0.5666666666666667,2.0,0.0,2.0,1.1666666666666667,1.0,0.752772652709081,0.5666666666666667,2.0,0.0,10.0,3.5,2.5,3.7282703764614498,13.9,10.0,0.0,0.0,0.0,0.0,0.0,0.0,0.0,0.0,0.0,0.0,0.0,0.0,0.0,0.0,0.0,2.0,0.8333333333333334,1.0,0.752772652709081,0.5666666666666667,2.0,0.0,1.0,0.16666666666666666,0.0,0.408248290463863,0.16666666666666669,1.0,0.0,19.0,5.0,3.0,7.155417527999327,51.2,19.0,2.0,0.0,4.0,0.0,0.0,0.0,0.0,2.0,0.0,1.0,4.0,0.0,0.0,3.0,0.0,0.0,0.0,0.0,0.0,0.0,0.0,0.0,0.0,0.0
137,163,Muppets Sprint 4,-6,4,4,12,0,0,0,0,2,6,1,3,1,3,1,4,6.0,2.0,0.0,1.0,37.0,11.333333333333334,6.5,13.75015151431673,189.06666666666666,36.0,0.0,2.0,0.8333333333333334,1.0,0.752772652709081,0.5666666666666667,2.0,0.0,2.0,1.1666666666666667,1.0,0.752772652709081,0.5666666666666667,2.0,0.0,10.0,3.5,2.5,3.7282703764614498,13.9,10.0,0.0,0.0,0.0,0.0,0.0,0.0,0.0,0.0,0.0,0.0,0.0,0.0,0.0,0.0,0.0,2.0,0.8333333333333334,1.0,0.752772652709081,0.5666666666666667,2.0,0.0,1.0,0.16666666666666666,0.0,0.408248290463863,0.16666666666666669,1.0,0.0,21.0,5.5,3.5,7.867655305108378,61.9,21.0,2.0,0.0,4.0,0.0,0.0,0.0,0.0,2.0,0.0,1.0,4.0,0.0,0.0,3.0,0.0,0.0,0.0,0.0,0.0,0.0,0.0,0.0,0.0,0.0
137,183,Muppets Sprint 5,-6,12,2,6,0,0,0,0,2,6,0,0,0,0,1,4,4.0,2.0,0.0,1.0,37.0,11.0,3.0,17.435595774162696,304.0,36.0,0.0,1.0,0.5,0.5,0.5773502691896257,0.3333333333333333,1.0,0.0,2.0,1.0,1.0,0.816496580927726,0.6666666666666666,2.0,0.0,5.0,1.75,1.0,2.217355782608345,4.916666666666667,5.0,0.0,0.0,0.0,0.0,0.0,0.0,0.0,0.0,0.0,0.0,0.0,0.0,0.0,0.0,0.0,2.0,0.75,0.5,0.9574271077563381,0.9166666666666666,2.0,0.0,0.0,0.0,0.0,0.0,0.0,0.0,0.0,21.0,6.0,1.5,10.099504938362077,102.0,21.0,1.0,0.0,2.0,0.0,0.0,0.0,0.0,1.0,0.0,0.0,3.0,0.0,0.0,3.0,0.0,0.0,0.0,0.0,0.0,0.0,0.0,0.0,0.0,0.0
137,184,Muppets Sprint 6,-6,2,3,9,0,0,0,0,2,6,0,0,1,3,1,4,5.0,2.0,0.0,1.0,37.0,9.0,1.0,15.748015748023622,248.0,36.0,0.0,1.0,0.6,1.0,0.5477225575051662,0.30000000000000004,1.0,0.0,2.0,1.2,1.0,0.8366600265340756,0.7000000000000001,2.0,0.0,5.0,1.4,1.0,2.073644135332772,4.3,5.0,0.0,0.0,0.0,0.0,0.0,0.0,0.0,0.0,0.0,0.0,0.0,0.0,0.0,0.0,0.0,2.0,0.6,0.0,0.8944271909999159,0.7999999999999999,2.0,0.0,0.0,0.0,0.0,0.0,0.0,0.0,0.0,21.0,4.8,0.0,9.148770409186145,83.70000000000002,21.0,1.0,0.0,3.0,0.0,0.0,0.0,0.0,1.0,0.0,1.0,4.0,0.0,0.0,3.0,0.0,0.0,0.0,0.0,0.0,0.0,0.0,0.0,0.0,0.0
137,185,Muppets Sprint 7,-6,14,2,6,0,0,0,0,2,6,0,0,0,0,1,4,4.0,2.0,0.0,1.0,37.0,11.0,3.0,17.435595774162696,304.0,36.0,0.0,1.0,0.5,0.5,0.5773502691896257,0.3333333333333333,1.0,0.0,2.0,1.0,1.0,0.816496580927726,0.6666666666666666,2.0,0.0,5.0,1.75,1.0,2.217355782608345,4.916666666666667,5.0,0.0,0.0,0.0,0.0,0.0,0.0,0.0,0.0,0.0,0.0,0.0,0.0,0.0,0.0,0.0,2.0,0.75,0.5,0.9574271077563381,0.9166666666666666,2.0,0.0,0.0,0.0,0.0,0.0,0.0,0.0,0.0,21.0,6.0,1.5,10.099504938362077,102.0,21.0,1.0,0.0,2.0,0.0,0.0,0.0,0.0,1.0,0.0,0.0,3.0,0.0,0.0,3.0,0.0,0.0,0.0,0.0,0.0,0.0,0.0,0.0,0.0,0.0
137,202,Muppets Sprint 8,-6,7,2,6,0,0,0,0,2,6,0,0,0,0,1,4,4.0,2.0,0.0,1.0,37.0,11.0,3.0,17.435595774162696,304.0,36.0,0.0,1.0,0.5,0.5,0.5773502691896257,0.3333333333333333,1.0,0.0,2.0,1.0,1.0,0.816496580927726,0.6666666666666666,2.0,0.0,5.0,1.75,1.0,2.217355782608345,4.916666666666667,5.0,0.0,0.0,0.0,0.0,0.0,0.0,0.0,0.0,0.0,0.0,0.0,0.0,0.0,0.0,0.0,2.0,0.75,0.5,0.9574271077563381,0.9166666666666666,2.0,0.0,0.0,0.0,0.0,0.0,0.0,0.0,0.0,21.0,6.0,1.5,10.099504938362077,102.0,21.0,1.0,0.0,2.0,0.0,0.0,0.0,0.0,1.0,0.0,0.0,3.0,0.0,0.0,3.0,0.0,0.0,0.0,0.0,0.0,0.0,0.0,0.0,0.0,0.0
137,313,Editor Sprint 8,-3,4,1,3,0,0,0,0,1,3,0,0,0,0,1,1,1.0,0.0,0.0,2.0,2.0,2.0,2.0,0.0,0.0,0.0,7.0,7.0,7.0,7.0,0.0,0.0,0.0,1.0,1.0,1.0,1.0,0.0,0.0,0.0,1.0,1.0,1.0,1.0,0.0,0.0,0.0,0.0,0.0,0.0,0.0,0.0,0.0,0.0,0.0,0.0,0.0,0.0,0.0,0.0,0.0,1.0,1.0,1.0,1.0,0.0,0.0,0.0,0.0,0.0,0.0,0.0,0.0,0.0,0.0,1.0,1.0,1.0,1.0,0.0,0.0,0.0,0.0,0.0,1.0,0.0,0.0,0.0,0.0,1.0,0.0,0.0,1.0,0.0,0.0,0.0,0.0,0.0,0.0,0.0,0.0,0.0,0.0,0.0,0.0,0.0
137,318,Editor Sprint 9 - Jingle Bells,-3,14,1,3,0,0,0,0,1,3,0,0,0,0,1,1,1.0,0.0,0.0,2.0,2.0,2.0,2.0,0.0,0.0,0.0,7.0,7.0,7.0,7.0,0.0,0.0,0.0,1.0,1.0,1.0,1.0,0.0,0.0,0.0,1.0,1.0,1.0,1.0,0.0,0.0,0.0,0.0,0.0,0.0,0.0,0.0,0.0,0.0,0.0,0.0,0.0,0.0,0.0,0.0,0.0,1.0,1.0,1.0,1.0,0.0,0.0,0.0,0.0,0.0,0.0,0.0,0.0,0.0,0.0,1.0,1.0,1.0,1.0,0.0,0.0,0.0,0.0,0.0,1.0,0.0,0.0,0.0,0.0,1.0,0.0,0.0,1.0,0.0,0.0,0.0,0.0,0.0,0.0,0.0,0.0,0.0,0.0,0.0,0.0,0.0
137,393,5.0.x Sprint 1,-3,14,1,3,0,0,0,0,0,0,1,3,0,0,1,1,4.0,2.0,4.0,0.0,0.0,0.0,0.0,0.0,0.0,0.0,0.0,1.0,0.5,0.5,0.5773502691896257,0.3333333333333333,1.0,1.0,1.0,1.0,1.0,0.0,0.0,0.0,0.0,1.0,0.25,0.0,0.5,0.25,1.0,0.0,0.0,0.0,0.0,0.0,0.0,0.0,0.0,0.0,0.0,0.0,0.0,0.0,0.0,0.0,0.0,0.0,0.0,0.0,0.0,0.0,0.0,0.0,0.0,0.0,0.0,0.0,0.0,0.0,0.0,0.0,0.0,0.0,0.0,0.0,2.0,0.0,2.0,0.0,0.0,0.0,0.0,0.0,0.0,0.0,2.0,0.0,0.0,0.0,0.0,0.0,0.0,0.0,0.0,0.0,0.0,0.0,0.0,0.0
137,412,5.0.x Sprint 2,-6,14,3,9,0,0,1,3,0,0,1,3,1,3,1,2,5.0,2.0,4.0,0.0,4.0,0.8,0.0,1.7888543819998322,3.200000000000001,4.0,0.0,1.0,0.6,1.0,0.5477225575051662,0.30000000000000004,1.0,1.0,1.0,1.0,1.0,0.0,0.0,0.0,0.0,1.0,0.2,0.0,0.44721359549995804,0.20000000000000007,1.0,0.0,0.0,0.0,0.0,0.0,0.0,0.0,0.0,0.0,0.0,0.0,0.0,0.0,0.0,0.0,1.0,0.2,0.0,0.44721359549995804,0.20000000000000007,1.0,0.0,0.0,0.0,0.0,0.0,0.0,0.0,0.0,4.0,1.4,0.0,1.9493588689617927,3.8,4.0,2.0,0.0,3.0,0.0,0.0,0.0,0.0,1.0,0.0,0.0,3.0,0.0,0.0,0.0,0.0,0.0,0.0,0.0,0.0,0.0,0.0,0.0,0.0,0.0
137,431,5.1.x Sprint 1,-9,14,3,9,1,3,0,0,2,6,1,3,1,3,1,3,4.0,0.0,1.0,0.0,5.0,2.5,2.5,2.0816659994661326,4.333333333333333,5.0,1.0,3.0,1.5,1.0,1.0,1.0,2.0,1.0,1.0,1.0,1.0,0.0,0.0,0.0,0.0,2.0,1.0,1.0,0.816496580927726,0.6666666666666666,2.0,0.0,0.0,0.0,0.0,0.0,0.0,0.0,0.0,0.0,0.0,0.0,0.0,0.0,0.0,0.0,2.0,0.75,0.5,0.9574271077563381,0.9166666666666666,2.0,0.0,1.0,0.5,0.5,0.5773502691896257,0.3333333333333333,1.0,0.0,4.0,1.75,1.5,2.0615528128088303,4.25,4.0,1.0,0.0,4.0,0.0,0.0,0.0,0.0,2.0,0.0,1.0,3.0,0.0,0.0,0.0,0.0,0.0,0.0,0.0,0.0,0.0,0.0,0.0,0.0,0.0
137,449,5.1.x Sprint 2,-9,14,4,12,0,0,1,3,1,3,1,3,1,3,1,5,13.0,9.0,7.0,0.0,8.0,1.5384615384615385,0.0,2.6336092033362575,6.935897435897437,8.0,1.0,3.0,1.1538461538461537,1.0,0.5547001962252291,0.30769230769230776,2.0,0.0,2.0,1.3846153846153846,1.0,0.6504436355879909,0.4230769230769231,2.0,0.0,2.0,0.3076923076923077,0.0,0.6304251719561152,0.3974358974358974,2.0,0.0,0.0,0.0,0.0,0.0,0.0,0.0,0.0,0.0,0.0,0.0,0.0,0.0,0.0,0.0,3.0,0.38461538461538464,0.0,0.869718492622904,0.7564102564102564,3.0,0.0,1.0,0.15384615384615385,0.0,0.3755338080994054,0.14102564102564105,1.0,0.0,4.0,1.7692307692307692,2.0,1.0919284281983377,1.1923076923076923,4.0,8.0,0.0,4.0,0.0,0.0,0.0,0.0,3.0,0.0,1.0,5.0,0.0,0.0,2.0,0.0,0.0,0.0,0.0,0.0,0.0,0.0,0.0,0.0,0.0
137,478,5.1.x Sprint 3,-3,14,3,9,0,0,0,0,3,9,0,0,0,0,1,4,14.0,9.0,7.0,0.0,6.0,1.0,0.0,1.7097008285302207,2.923076923076923,6.0,1.0,3.0,1.1428571428571428,1.0,0.5345224838248487,0.28571428571428564,2.0,0.0,2.0,1.3571428571428572,1.0,0.633323693776651,0.40109890109890123,2.0,0.0,2.0,0.2857142857142857,0.0,0.6112498455021267,0.37362637362637374,2.0,0.0,0.0,0.0,0.0,0.0,0.0,0.0,0.0,0.0,0.0,0.0,0.0,0.0,0.0,0.0,1.0,0.14285714285714285,0.0,0.3631365196012815,0.1318681318681319,1.0,0.0,1.0,0.14285714285714285,0.0,0.3631365196012815,0.1318681318681319,1.0,0.0,6.0,1.8571428571428572,2.0,1.4600918230947433,2.1318681318681314,6.0,8.0,0.0,5.0,0.0,0.0,0.0,0.0,4.0,0.0,0.0,6.0,0.0,0.0,3.0,0.0,0.0,0.0,0.0,0.0,0.0,0.0,0.0,0.0,0.0
137,500,5.1.x Sprint 4,-9,14,3,9,1,3,0,0,2,6,2,6,0,0,1,4,13.0,9.0,6.0,0.0,6.0,0.8461538461538461,0.0,1.7722938923964169,3.141025641025642,6.0,1.0,3.0,1.1538461538461537,1.0,0.5547001962252291,0.30769230769230776,2.0,0.0,2.0,1.3846153846153846,1.0,0.6504436355879909,0.4230769230769231,2.0,0.0,2.0,0.23076923076923078,0.0,0.5991446895152781,0.358974358974359,2.0,0.0,0.0,0.0,0.0,0.0,0.0,0.0,0.0,0.0,0.0,0.0,0.0,0.0,0.0,0.0,1.0,0.15384615384615385,0.0,0.37553380809940534,0.141025641025641,1.0,0.0,1.0,0.07692307692307693,0.0,0.2773500981126146,0.07692307692307694,1.0,0.0,3.0,1.4615384615384615,2.0,0.9674179220468452,0.9358974358974358,3.0,8.0,0.0,4.0,0.0,0.0,0.0,0.0,4.0,0.0,0.0,5.0,0.0,0.0,3.0,0.0,0.0,0.0,0.0,0.0,0.0,0.0,0.0,0.0,0.0
137,523,5.1.x Sprint 5,0,14,2,6,1,3,0,0,0,0,0,0,3,9,1,4,13.0,9.0,7.0,0.0,6.0,0.8461538461538461,0.0,1.7722938923964169,3.141025641025642,6.0,1.0,3.0,1.1538461538461537,1.0,0.5547001962252291,0.30769230769230776,2.0,0.0,2.0,1.3846153846153846,1.0,0.6504436355879909,0.4230769230769231,2.0,0.0,3.0,0.46153846153846156,0.0,0.9674179220468452,0.9358974358974358,3.0,0.0,0.0,0.0,0.0,0.0,0.0,0.0,0.0,0.0,0.0,0.0,0.0,0.0,0.0,0.0,2.0,1.2307692307692308,1.0,0.8320502943378437,0.6923076923076924,2.0,0.0,1.0,0.07692307692307693,0.0,0.2773500981126146,0.07692307692307694,1.0,0.0,3.0,1.4615384615384615,2.0,0.9674179220468452,0.9358974358974358,3.0,9.0,0.0,4.0,0.0,0.0,0.0,0.0,3.0,0.0,0.0,4.0,0.0,0.0,3.0,0.0,0.0,0.0,0.0,0.0,0.0,0.0,0.0,0.0,0.0
137,545,Sidebar V2 Sprint 1,0,14,1,3,0,0,0,0,0,0,0,0,1,3,1,1,1.0,0.0,1.0,0.0,0.0,0.0,0.0,0.0,0.0,0.0,1.0,1.0,1.0,1.0,0.0,0.0,0.0,1.0,1.0,1.0,1.0,0.0,0.0,0.0,3.0,3.0,3.0,3.0,0.0,0.0,0.0,0.0,0.0,0.0,0.0,0.0,0.0,0.0,0.0,0.0,0.0,0.0,0.0,0.0,0.0,1.0,1.0,1.0,1.0,0.0,0.0,0.0,0.0,0.0,0.0,0.0,0.0,0.0,0.0,1.0,1.0,1.0,1.0,0.0,0.0,0.0,1.0,0.0,1.0,0.0,0.0,0.0,0.0,0.0,0.0,0.0,0.0,0.0,0.0,0.0,0.0,0.0,0.0,0.0,0.0,0.0,0.0,0.0,0.0,0.0
137,590,Thunder 7,0,12,1,3,0,0,1,3,0,0,0,0,0,0,1,2,1.0,0.0,0.0,28.0,28.0,28.0,28.0,0.0,0.0,0.0,0.0,0.0,0.0,0.0,0.0,0.0,0.0,2.0,2.0,2.0,2.0,0.0,0.0,0.0,14.0,14.0,14.0,14.0,0.0,0.0,0.0,0.0,0.0,0.0,0.0,0.0,0.0,0.0,0.0,0.0,0.0,0.0,0.0,0.0,0.0,2.0,2.0,2.0,2.0,0.0,0.0,0.0,6.0,6.0,6.0,6.0,0.0,0.0,0.0,4.0,4.0,4.0,4.0,0.0,0.0,0.0,0.0,0.0,1.0,0.0,0.0,0.0,0.0,0.0,0.0,1.0,1.0,0.0,0.0,0.0,0.0,0.0,0.0,0.0,0.0,0.0,0.0,0.0,0.0,0.0
137,610,Thunder 8,0,14,0,0,1,3,0,0,0,0,0,0,1,3,1,3,1.0,0.0,0.0,33.0,33.0,33.0,33.0,0.0,0.0,0.0,0.0,0.0,0.0,0.0,0.0,0.0,0.0,2.0,2.0,2.0,2.0,0.0,0.0,0.0,14.0,14.0,14.0,14.0,0.0,0.0,0.0,0.0,0.0,0.0,0.0,0.0,0.0,0.0,0.0,0.0,0.0,0.0,0.0,0.0,0.0,4.0,4.0,4.0,4.0,0.0,0.0,0.0,6.0,6.0,6.0,6.0,0.0,0.0,0.0,7.0,7.0,7.0,7.0,0.0,0.0,0.0,0.0,0.0,1.0,0.0,0.0,0.0,0.0,0.0,0.0,1.0,1.0,0.0,0.0,0.0,0.0,0.0,0.0,0.0,0.0,0.0,0.0,0.0,0.0,0.0
137,617,Core Sprint 8,3,14,0,0,0,0,0,0,0,0,0,0,0,0,1,1,1.0,0.0,0.0,1.0,1.0,1.0,1.0,0.0,0.0,0.0,1.0,1.0,1.0,1.0,0.0,0.0,0.0,1.0,1.0,1.0,1.0,0.0,0.0,0.0,1.0,1.0,1.0,1.0,0.0,0.0,0.0,0.0,0.0,0.0,0.0,0.0,0.0,0.0,0.0,0.0,0.0,0.0,0.0,0.0,0.0,0.0,0.0,0.0,0.0,0.0,0.0,0.0,0.0,0.0,0.0,0.0,0.0,0.0,0.0,1.0,1.0,1.0,1.0,0.0,0.0,0.0,0.0,0.0,1.0,0.0,0.0,0.0,0.0,0.0,0.0,0.0,1.0,0.0,0.0,1.0,0.0,0.0,0.0,0.0,0.0,0.0,0.0,0.0,0.0,0.0
137,644,Editor Sprint 1,-8,9,1,8,0,0,0,0,0,0,1,8,0,0,1,1,1.0,0.0,0.0,20.0,20.0,20.0,20.0,0.0,0.0,0.0,8.0,8.0,8.0,8.0,0.0,0.0,0.0,3.0,3.0,3.0,3.0,0.0,0.0,0.0,7.0,7.0,7.0,7.0,0.0,0.0,0.0,0.0,0.0,0.0,0.0,0.0,0.0,0.0,0.0,0.0,0.0,0.0,0.0,0.0,0.0,0.0,0.0,0.0,0.0,0.0,0.0,0.0,1.0,1.0,1.0,1.0,0.0,0.0,0.0,3.0,3.0,3.0,3.0,0.0,0.0,0.0,0.0,0.0,1.0,0.0,0.0,0.0,0.0,0.0,0.0,1.0,1.0,0.0,0.0,0.0,0.0,0.0,0.0,0.0,0.0,0.0,0.0,0.0,0.0,0.0
137,665,Galaxy - Sprint 4,0,14,0,0,1,3,0,0,1,3,0,0,0,0,1,1,2.0,0.0,0.0,0.0,10.0,5.0,5.0,7.0710678118654755,50.0,10.0,0.0,1.0,0.5,0.5,0.7071067811865476,0.5,1.0,2.0,3.0,2.5,2.5,0.7071067811865476,0.5,1.0,0.0,5.0,2.5,2.5,3.5355339059327378,12.5,5.0,0.0,0.0,0.0,0.0,0.0,0.0,0.0,0.0,0.0,0.0,0.0,0.0,0.0,0.0,0.0,0.0,0.0,0.0,0.0,0.0,0.0,0.0,2.0,1.0,1.0,1.4142135623730951,2.0,2.0,0.0,4.0,2.0,2.0,2.8284271247461903,8.0,4.0,0.0,0.0,2.0,0.0,0.0,0.0,0.0,0.0,0.0,1.0,2.0,0.0,0.0,1.0,0.0,0.0,0.0,0.0,0.0,0.0,0.0,0.0,0.0,0.0
137,667,Enterprise Sprint 18,0,14,0,0,0,0,0,0,0,0,0,0,0,0,1,1,2.0,0.0,0.0,0.0,0.0,0.0,0.0,0.0,0.0,0.0,1.0,1.0,1.0,1.0,0.0,0.0,0.0,1.0,2.0,1.5,1.5,0.7071067811865476,0.5,1.0,0.0,1.0,0.5,0.5,0.7071067811865476,0.5,1.0,0.0,0.0,0.0,0.0,0.0,0.0,0.0,0.0,0.0,0.0,0.0,0.0,0.0,0.0,0.0,0.0,0.0,0.0,0.0,0.0,0.0,0.0,0.0,0.0,0.0,0.0,0.0,0.0,0.0,0.0,0.0,0.0,0.0,0.0,0.0,0.0,0.0,2.0,0.0,0.0,0.0,0.0,0.0,0.0,0.0,2.0,0.0,0.0,2.0,0.0,0.0,0.0,0.0,0.0,0.0,0.0,0.0,0.0,0.0
137,673,Editor 5.3 sprint 2,0,9,2,16,0,0,0,0,1,8,1,8,0,0,1,2,2.0,0.0,1.0,3.0,25.0,14.0,14.0,15.556349186104045,242.0,22.0,2.0,8.0,5.0,5.0,4.242640687119285,18.0,6.0,3.0,3.0,3.0,3.0,0.0,0.0,0.0,4.0,7.0,5.5,5.5,2.1213203435596424,4.5,3.0,0.0,0.0,0.0,0.0,0.0,0.0,0.0,0.0,0.0,0.0,0.0,0.0,0.0,0.0,0.0,0.0,0.0,0.0,0.0,0.0,0.0,0.0,1.0,0.5,0.5,0.7071067811865476,0.5,1.0,0.0,3.0,1.5,1.5,2.1213203435596424,4.5,3.0,0.0,0.0,2.0,0.0,0.0,0.0,0.0,0.0,0.0,1.0,2.0,0.0,0.0,0.0,0.0,0.0,0.0,0.0,0.0,0.0,0.0,0.0,0.0,0.0
137,689,Galaxy - Sprint 5,0,15,1,3,0,0,0,0,1,3,0,0,0,0,1,2,1.0,0.0,0.0,15.0,15.0,15.0,15.0,0.0,0.0,0.0,0.0,0.0,0.0,0.0,0.0,0.0,0.0,2.0,2.0,2.0,2.0,0.0,0.0,0.0,0.0,0.0,0.0,0.0,0.0,0.0,0.0,0.0,0.0,0.0,0.0,0.0,0.0,0.0,0.0,0.0,0.0,0.0,0.0,0.0,0.0,0.0,0.0,0.0,0.0,0.0,0.0,0.0,2.0,2.0,2.0,2.0,0.0,0.0,0.0,4.0,4.0,4.0,4.0,0.0,0.0,0.0,0.0,0.0,1.0,0.0,0.0,0.0,0.0,0.0,0.0,1.0,1.0,0.0,0.0,0.0,0.0,0.0,0.0,0.0,0.0,0.0,0.0,0.0,0.0,0.0
137,776,Enterprise Sprint 19,0,14,2,6,0,0,0,0,0,0,0,0,2,6,1,4,2.0,0.0,0.0,0.0,2.0,1.0,1.0,1.4142135623730951,2.0,2.0,1.0,1.0,1.0,1.0,0.0,0.0,0.0,1.0,2.0,1.5,1.5,0.7071067811865476,0.5,1.0,0.0,1.0,0.5,0.5,0.7071067811865476,0.5,1.0,0.0,0.0,0.0,0.0,0.0,0.0,0.0,0.0,0.0,0.0,0.0,0.0,0.0,0.0,1.0,1.0,1.0,1.0,0.0,0.0,0.0,1.0,1.0,1.0,1.0,0.0,0.0,0.0,0.0,0.0,0.0,0.0,0.0,0.0,0.0,0.0,0.0,2.0,0.0,0.0,0.0,0.0,0.0,0.0,0.0,2.0,0.0,0.0,2.0,0.0,0.0,0.0,0.0,0.0,0.0,0.0,0.0,0.0,0.0
137,902,Enterprise Sprint 23,3,14,0,0,0,0,0,0,0,0,0,0,0,0,1,1,1.0,0.0,0.0,0.0,0.0,0.0,0.0,0.0,0.0,0.0,1.0,1.0,1.0,1.0,0.0,0.0,0.0,1.0,1.0,1.0,1.0,0.0,0.0,0.0,0.0,0.0,0.0,0.0,0.0,0.0,0.0,0.0,0.0,0.0,0.0,0.0,0.0,0.0,0.0,0.0,0.0,0.0,0.0,0.0,0.0,0.0,0.0,0.0,0.0,0.0,0.0,0.0,0.0,0.0,0.0,0.0,0.0,0.0,0.0,0.0,0.0,0.0,0.0,0.0,0.0,0.0,0.0,0.0,1.0,0.0,0.0,0.0,0.0,0.0,0.0,0.0,1.0,0.0,0.0,1.0,0.0,0.0,0.0,0.0,0.0,0.0,0.0,0.0,0.0,0.0
137,922,Enterprise Sprint 24,0,14,0,0,1,3,0,0,1,3,0,0,0,0,1,1,1.0,0.0,0.0,0.0,0.0,0.0,0.0,0.0,0.0,0.0,1.0,1.0,1.0,1.0,0.0,0.0,0.0,1.0,1.0,1.0,1.0,0.0,0.0,0.0,2.0,2.0,2.0,2.0,0.0,0.0,0.0,0.0,0.0,0.0,0.0,0.0,0.0,0.0,0.0,0.0,0.0,0.0,0.0,0.0,0.0,0.0,0.0,0.0,0.0,0.0,0.0,0.0,0.0,0.0,0.0,0.0,0.0,0.0,0.0,0.0,0.0,0.0,0.0,0.0,0.0,0.0,0.0,0.0,1.0,0.0,0.0,0.0,0.0,0.0,0.0,0.0,1.0,0.0,0.0,1.0,0.0,0.0,0.0,0.0,0.0,0.0,0.0,0.0,0.0,0.0
137,939,Warranty bugs,3,54,0,0,0,0,0,0,0,0,0,0,0,0,1,1,1.0,0.0,0.0,5.0,5.0,5.0,5.0,0.0,0.0,0.0,2.0,2.0,2.0,2.0,0.0,0.0,0.0,2.0,2.0,2.0,2.0,0.0,0.0,0.0,2.0,2.0,2.0,2.0,0.0,0.0,0.0,0.0,0.0,0.0,0.0,0.0,0.0,0.0,0.0,0.0,0.0,0.0,0.0,0.0,0.0,0.0,0.0,0.0,0.0,0.0,0.0,0.0,0.0,0.0,0.0,0.0,0.0,0.0,0.0,0.0,0.0,0.0,0.0,0.0,0.0,0.0,0.0,0.0,1.0,0.0,0.0,0.0,0.0,0.0,0.0,1.0,1.0,0.0,0.0,0.0,0.0,0.0,0.0,0.0,0.0,0.0,0.0,0.0,0.0,0.0
137,979,Enterprise Sprint 25,0,14,0,0,0,0,0,0,0,0,0,0,0,0,1,1,1.0,0.0,0.0,4.0,4.0,4.0,4.0,0.0,0.0,0.0,5.0,5.0,5.0,5.0,0.0,0.0,0.0,2.0,2.0,2.0,2.0,0.0,0.0,0.0,9.0,9.0,9.0,9.0,0.0,0.0,0.0,0.0,0.0,0.0,0.0,0.0,0.0,0.0,0.0,0.0,0.0,0.0,0.0,0.0,0.0,0.0,0.0,0.0,0.0,0.0,0.0,0.0,0.0,0.0,0.0,0.0,0.0,0.0,0.0,6.0,6.0,6.0,6.0,0.0,0.0,0.0,0.0,0.0,1.0,0.0,0.0,0.0,0.0,0.0,0.0,1.0,1.0,0.0,0.0,0.0,0.0,0.0,0.0,0.0,0.0,0.0,0.0,0.0,0.0,0.0
137,1017,Doraemon - Sprint 12,0,7,0,0,1,1,0,0,0,0,0,0,1,1,1,2,1.0,0.0,0.0,1.0,1.0,1.0,1.0,0.0,0.0,0.0,1.0,1.0,1.0,1.0,0.0,0.0,0.0,2.0,2.0,2.0,2.0,0.0,0.0,0.0,0.0,0.0,0.0,0.0,0.0,0.0,0.0,0.0,0.0,0.0,0.0,0.0,0.0,0.0,0.0,0.0,0.0,0.0,0.0,0.0,0.0,2.0,2.0,2.0,2.0,0.0,0.0,0.0,1.0,1.0,1.0,1.0,0.0,0.0,0.0,0.0,0.0,0.0,0.0,0.0,0.0,0.0,1.0,0.0,1.0,0.0,0.0,0.0,0.0,1.0,0.0,0.0,0.0,0.0,0.0,0.0,0.0,0.0,0.0,0.0,0.0,0.0,0.0,0.0,0.0,0.0
137,1041,5.5 Sprint 4,0,10,0,0,1,2,0,0,0,0,0,0,1,2,1,1,1.0,0.0,0.0,6.0,6.0,6.0,6.0,0.0,0.0,0.0,0.0,0.0,0.0,0.0,0.0,0.0,0.0,1.0,1.0,1.0,1.0,0.0,0.0,0.0,0.0,0.0,0.0,0.0,0.0,0.0,0.0,0.0,0.0,0.0,0.0,0.0,0.0,0.0,0.0,0.0,0.0,0.0,0.0,0.0,0.0,0.0,0.0,0.0,0.0,0.0,0.0,0.0,0.0,0.0,0.0,0.0,0.0,0.0,0.0,0.0,0.0,0.0,0.0,0.0,0.0,0.0,1.0,0.0,1.0,0.0,0.0,0.0,0.0,0.0,0.0,0.0,0.0,0.0,0.0,1.0,0.0,0.0,0.0,0.0,0.0,0.0,0.0,0.0,0.0,0.0
137,1058,Sprint 20,-3,7,1,3,0,0,0,0,0,0,1,3,0,0,1,1,1.0,0.0,0.0,1.0,1.0,1.0,1.0,0.0,0.0,0.0,1.0,1.0,1.0,1.0,0.0,0.0,0.0,1.0,1.0,1.0,1.0,0.0,0.0,0.0,2.0,2.0,2.0,2.0,0.0,0.0,0.0,0.0,0.0,0.0,0.0,0.0,0.0,0.0,0.0,0.0,0.0,0.0,0.0,0.0,0.0,0.0,0.0,0.0,0.0,0.0,0.0,0.0,1.0,1.0,1.0,1.0,0.0,0.0,0.0,0.0,0.0,0.0,0.0,0.0,0.0,0.0,0.0,0.0,1.0,0.0,0.0,0.0,0.0,1.0,0.0,0.0,1.0,0.0,0.0,0.0,0.0,0.0,0.0,0.0,0.0,0.0,0.0,0.0,0.0,0.0
137,1149,5.5 Sprint 7,-3,9,1,3,0,0,0,0,1,3,0,0,0,0,1,1,1.0,0.0,0.0,5.0,5.0,5.0,5.0,0.0,0.0,0.0,1.0,1.0,1.0,1.0,0.0,0.0,0.0,2.0,2.0,2.0,2.0,0.0,0.0,0.0,2.0,2.0,2.0,2.0,0.0,0.0,0.0,0.0,0.0,0.0,0.0,0.0,0.0,0.0,0.0,0.0,0.0,0.0,0.0,0.0,0.0,2.0,2.0,2.0,2.0,0.0,0.0,0.0,5.0,5.0,5.0,5.0,0.0,0.0,0.0,0.0,0.0,0.0,0.0,0.0,0.0,0.0,1.0,0.0,1.0,0.0,0.0,0.0,0.0,1.0,0.0,0.0,0.0,0.0,0.0,0.0,0.0,0.0,0.0,0.0,0.0,0.0,0.0,0.0,0.0,0.0
137,1161,Galaxy Sprint 18,0,14,0,0,0,0,0,0,0,0,0,0,0,0,1,1,1.0,0.0,0.0,1.0,1.0,1.0,1.0,0.0,0.0,0.0,2.0,2.0,2.0,2.0,0.0,0.0,0.0,2.0,2.0,2.0,2.0,0.0,0.0,0.0,5.0,5.0,5.0,5.0,0.0,0.0,0.0,0.0,0.0,0.0,0.0,0.0,0.0,0.0,0.0,0.0,0.0,0.0,0.0,0.0,0.0,0.0,0.0,0.0,0.0,0.0,0.0,0.0,1.0,1.0,1.0,1.0,0.0,0.0,0.0,6.0,6.0,6.0,6.0,0.0,0.0,0.0,0.0,0.0,1.0,0.0,0.0,0.0,0.0,0.0,0.0,1.0,1.0,0.0,0.0,0.0,0.0,0.0,0.0,0.0,0.0,0.0,0.0,0.0,0.0,0.0
137,1183,Editor 5.5 Sprint 8,-3,9,1,3,0,0,0,0,0,0,1,3,0,0,1,1,1.0,0.0,0.0,5.0,5.0,5.0,5.0,0.0,0.0,0.0,1.0,1.0,1.0,1.0,0.0,0.0,0.0,2.0,2.0,2.0,2.0,0.0,0.0,0.0,2.0,2.0,2.0,2.0,0.0,0.0,0.0,0.0,0.0,0.0,0.0,0.0,0.0,0.0,0.0,0.0,0.0,0.0,0.0,0.0,0.0,2.0,2.0,2.0,2.0,0.0,0.0,0.0,5.0,5.0,5.0,5.0,0.0,0.0,0.0,0.0,0.0,0.0,0.0,0.0,0.0,0.0,1.0,0.0,1.0,0.0,0.0,0.0,0.0,1.0,0.0,0.0,0.0,0.0,0.0,0.0,0.0,0.0,0.0,0.0,0.0,0.0,0.0,0.0,0.0,0.0
137,1188,Galaxy - Sprint 19,-8,14,0,0,1,8,0,0,1,8,0,0,0,0,1,1,1.0,0.0,0.0,4.0,4.0,4.0,4.0,0.0,0.0,0.0,2.0,2.0,2.0,2.0,0.0,0.0,0.0,2.0,2.0,2.0,2.0,0.0,0.0,0.0,5.0,5.0,5.0,5.0,0.0,0.0,0.0,0.0,0.0,0.0,0.0,0.0,0.0,0.0,0.0,0.0,0.0,0.0,0.0,0.0,0.0,0.0,0.0,0.0,0.0,0.0,0.0,0.0,1.0,1.0,1.0,1.0,0.0,0.0,0.0,6.0,6.0,6.0,6.0,0.0,0.0,0.0,0.0,0.0,1.0,0.0,0.0,0.0,0.0,0.0,0.0,1.0,1.0,0.0,0.0,0.0,0.0,0.0,0.0,0.0,0.0,0.0,0.0,0.0,0.0,0.0
137,1220,Editor 5.5 Sprint 9,0,14,0,0,0,0,0,0,0,0,0,0,0,0,1,1,0.0,0.0,0.0,0.0,0.0,0.0,0.0,0.0,0.0,0.0,0.0,0.0,0.0,0.0,0.0,0.0,0.0,0.0,0.0,0.0,0.0,0.0,0.0,0.0,0.0,0.0,0.0,0.0,0.0,0.0,0.0,0.0,0.0,0.0,0.0,0.0,0.0,0.0,0.0,0.0,0.0,0.0,0.0,0.0,0.0,0.0,0.0,0.0,0.0,0.0,0.0,0.0,0.0,0.0,0.0,0.0,0.0,0.0,0.0,0.0,0.0,0.0,0.0,0.0,0.0,0.0,0.0,0.0,0.0,0.0,0.0,0.0,0.0,0.0,0.0,0.0,0.0,0.0,0.0,0.0,0.0,0.0,0.0,0.0,0.0,0.0,0.0,0.0,0.0,0.0
137,1224,Galaxy Sprint 20,0,14,1,8,0,0,0,0,0,0,1,8,0,0,1,2,1.0,0.0,0.0,11.0,11.0,11.0,11.0,0.0,0.0,0.0,2.0,2.0,2.0,2.0,0.0,0.0,0.0,2.0,2.0,2.0,2.0,0.0,0.0,0.0,5.0,5.0,5.0,5.0,0.0,0.0,0.0,0.0,0.0,0.0,0.0,0.0,0.0,0.0,0.0,0.0,0.0,0.0,0.0,0.0,0.0,0.0,0.0,0.0,0.0,0.0,0.0,0.0,1.0,1.0,1.0,1.0,0.0,0.0,0.0,6.0,6.0,6.0,6.0,0.0,0.0,0.0,0.0,0.0,1.0,0.0,0.0,0.0,0.0,0.0,0.0,1.0,1.0,0.0,0.0,0.0,0.0,0.0,0.0,0.0,0.0,0.0,0.0,0.0,0.0,0.0
137,1251,Editor 5.6 Sprint 1,-7,9,2,7,0,0,0,0,1,5,1,2,0,0,1,2,2.0,0.0,0.0,5.0,14.0,9.5,9.5,6.363961030678928,40.5,9.0,5.0,6.0,5.5,5.5,0.7071067811865476,0.5,1.0,1.0,1.0,1.0,1.0,0.0,0.0,0.0,0.0,4.0,2.0,2.0,2.8284271247461903,8.0,4.0,0.0,0.0,0.0,0.0,0.0,0.0,0.0,0.0,0.0,0.0,0.0,0.0,0.0,0.0,0.0,0.0,0.0,0.0,0.0,0.0,0.0,1.0,2.0,1.5,1.5,0.7071067811865476,0.5,1.0,0.0,5.0,2.5,2.5,3.5355339059327378,12.5,5.0,1.0,0.0,2.0,0.0,0.0,0.0,0.0,1.0,0.0,1.0,1.0,0.0,0.0,0.0,0.0,0.0,0.0,0.0,0.0,0.0,0.0,0.0,0.0,0.0
137,1298,Editor 5.6 Sprint 2,0,22,1,2,0,0,0,0,1,2,0,0,0,0,1,2,1.0,0.0,0.0,5.0,5.0,5.0,5.0,0.0,0.0,0.0,5.0,5.0,5.0,5.0,0.0,0.0,0.0,1.0,1.0,1.0,1.0,0.0,0.0,0.0,4.0,4.0,4.0,4.0,0.0,0.0,0.0,0.0,0.0,0.0,0.0,0.0,0.0,0.0,0.0,0.0,0.0,0.0,0.0,0.0,0.0,1.0,1.0,1.0,1.0,0.0,0.0,0.0,1.0,1.0,1.0,1.0,0.0,0.0,0.0,6.0,6.0,6.0,6.0,0.0,0.0,0.0,0.0,0.0,1.0,0.0,0.0,0.0,0.0,1.0,0.0,0.0,1.0,0.0,0.0,0.0,0.0,0.0,0.0,0.0,0.0,0.0,0.0,0.0,0.0,0.0
137,1299,Muppets - T24,0,14,1,3,0,0,0,0,0,0,0,0,1,3,1,4,1.0,0.0,0.0,0.0,0.0,0.0,0.0,0.0,0.0,0.0,1.0,1.0,1.0,1.0,0.0,0.0,0.0,2.0,2.0,2.0,2.0,0.0,0.0,0.0,0.0,0.0,0.0,0.0,0.0,0.0,0.0,0.0,0.0,0.0,0.0,0.0,0.0,0.0,0.0,0.0,0.0,0.0,0.0,0.0,0.0,2.0,2.0,2.0,2.0,0.0,0.0,0.0,1.0,1.0,1.0,1.0,0.0,0.0,0.0,4.0,4.0,4.0,4.0,0.0,0.0,0.0,0.0,0.0,1.0,0.0,0.0,0.0,0.0,0.0,0.0,0.0,1.0,0.0,0.0,1.0,0.0,0.0,0.0,0.0,0.0,0.0,0.0,0.0,0.0,0.0
137,1386,API - 5.6 Sprint 5,0,8,1,3,0,0,0,0,1,3,0,0,0,0,1,1,1.0,0.0,0.0,4.0,4.0,4.0,4.0,0.0,0.0,0.0,1.0,1.0,1.0,1.0,0.0,0.0,0.0,2.0,2.0,2.0,2.0,0.0,0.0,0.0,1.0,1.0,1.0,1.0,0.0,0.0,0.0,0.0,0.0,0.0,0.0,0.0,0.0,0.0,0.0,0.0,0.0,0.0,0.0,0.0,0.0,1.0,1.0,1.0,1.0,0.0,0.0,0.0,3.0,3.0,3.0,3.0,0.0,0.0,0.0,5.0,5.0,5.0,5.0,0.0,0.0,0.0,0.0,0.0,1.0,0.0,0.0,0.0,0.0,0.0,0.0,0.0,1.0,0.0,0.0,1.0,0.0,0.0,0.0,0.0,0.0,0.0,0.0,0.0,0.0,0.0
137,1559,atlassian-selenium anyone?,-5,7,0,0,1,5,0,0,1,5,0,0,0,0,1,2,1.0,0.0,0.0,0.0,0.0,0.0,0.0,0.0,0.0,0.0,3.0,3.0,3.0,3.0,0.0,0.0,0.0,3.0,3.0,3.0,3.0,0.0,0.0,0.0,0.0,0.0,0.0,0.0,0.0,0.0,0.0,0.0,0.0,0.0,0.0,0.0,0.0,0.0,0.0,0.0,0.0,0.0,0.0,0.0,0.0,0.0,0.0,0.0,0.0,0.0,0.0,0.0,2.0,2.0,2.0,2.0,0.0,0.0,0.0,1.0,1.0,1.0,1.0,0.0,0.0,0.0,0.0,0.0,1.0,0.0,0.0,0.0,0.0,0.0,0.0,1.0,1.0,0.0,0.0,0.0,0.0,0.0,0.0,0.0,0.0,0.0,0.0,0.0,0.0,0.0
137,1560,Kill 1 token with 2 weeks,0,14,1,5,0,0,0,0,0,0,0,0,1,5,1,3,1.0,0.0,0.0,0.0,0.0,0.0,0.0,0.0,0.0,0.0,3.0,3.0,3.0,3.0,0.0,0.0,0.0,3.0,3.0,3.0,3.0,0.0,0.0,0.0,0.0,0.0,0.0,0.0,0.0,0.0,0.0,0.0,0.0,0.0,0.0,0.0,0.0,0.0,0.0,0.0,0.0,0.0,0.0,0.0,0.0,3.0,3.0,3.0,3.0,0.0,0.0,0.0,2.0,2.0,2.0,2.0,0.0,0.0,0.0,2.0,2.0,2.0,2.0,0.0,0.0,0.0,0.0,0.0,1.0,0.0,0.0,0.0,0.0,0.0,0.0,1.0,1.0,0.0,0.0,0.0,0.0,0.0,0.0,0.0,0.0,0.0,0.0,0.0,0.0,0.0
137,1577,Warranty Bugs - OD-33,3,12,0,0,0,0,0,0,0,0,0,0,0,0,1,2,1.0,0.0,0.0,6.0,6.0,6.0,6.0,0.0,0.0,0.0,3.0,3.0,3.0,3.0,0.0,0.0,0.0,2.0,2.0,2.0,2.0,0.0,0.0,0.0,2.0,2.0,2.0,2.0,0.0,0.0,0.0,0.0,0.0,0.0,0.0,0.0,0.0,0.0,0.0,0.0,0.0,0.0,0.0,0.0,0.0,0.0,0.0,0.0,0.0,0.0,0.0,0.0,0.0,0.0,0.0,0.0,0.0,0.0,0.0,4.0,4.0,4.0,4.0,0.0,0.0,0.0,0.0,0.0,1.0,0.0,0.0,0.0,0.0,1.0,0.0,0.0,1.0,0.0,0.0,0.0,0.0,0.0,0.0,0.0,0.0,0.0,0.0,0.0,0.0,0.0
137,1929,Muppets - OD-43,0,4,0,0,0,0,0,0,0,0,0,0,0,0,1,1,1.0,0.0,0.0,2.0,2.0,2.0,2.0,0.0,0.0,0.0,1.0,1.0,1.0,1.0,0.0,0.0,0.0,2.0,2.0,2.0,2.0,0.0,0.0,0.0,2.0,2.0,2.0,2.0,0.0,0.0,0.0,0.0,0.0,0.0,0.0,0.0,0.0,0.0,0.0,0.0,0.0,0.0,0.0,0.0,0.0,0.0,0.0,0.0,0.0,0.0,0.0,0.0,0.0,0.0,0.0,0.0,0.0,0.0,0.0,6.0,6.0,6.0,6.0,0.0,0.0,0.0,0.0,0.0,1.0,0.0,0.0,0.0,0.0,0.0,0.0,0.0,1.0,0.0,0.0,1.0,0.0,0.0,0.0,0.0,0.0,0.0,0.0,0.0,0.0,0.0
137,1973,Muppets - OD-45,0,5,1,3,0,0,0,0,1,3,0,0,0,0,1,1,1.0,0.0,0.0,5.0,5.0,5.0,5.0,0.0,0.0,0.0,1.0,1.0,1.0,1.0,0.0,0.0,0.0,2.0,2.0,2.0,2.0,0.0,0.0,0.0,2.0,2.0,2.0,2.0,0.0,0.0,0.0,0.0,0.0,0.0,0.0,0.0,0.0,0.0,0.0,0.0,0.0,0.0,0.0,0.0,0.0,1.0,1.0,1.0,1.0,0.0,0.0,0.0,0.0,0.0,0.0,0.0,0.0,0.0,0.0,11.0,11.0,11.0,11.0,0.0,0.0,0.0,0.0,0.0,1.0,0.0,0.0,0.0,0.0,0.0,0.0,0.0,1.0,0.0,0.0,1.0,0.0,0.0,0.0,0.0,0.0,0.0,0.0,0.0,0.0,0.0
137,2324,No rotation restrictions,3,14,0,0,0,0,0,0,0,0,0,0,0,0,1,1,1.0,0.0,0.0,0.0,0.0,0.0,0.0,0.0,0.0,0.0,1.0,1.0,1.0,1.0,0.0,0.0,0.0,2.0,2.0,2.0,2.0,0.0,0.0,0.0,0.0,0.0,0.0,0.0,0.0,0.0,0.0,0.0,0.0,0.0,0.0,0.0,0.0,0.0,0.0,0.0,0.0,0.0,0.0,0.0,0.0,0.0,0.0,0.0,0.0,0.0,0.0,0.0,0.0,0.0,0.0,0.0,0.0,0.0,0.0,0.0,0.0,0.0,0.0,0.0,0.0,0.0,0.0,0.0,1.0,0.0,0.0,0.0,0.0,0.0,0.0,0.0,1.0,0.0,0.0,1.0,0.0,0.0,0.0,0.0,0.0,0.0,0.0,0.0,0.0,0.0
137,2349,Cloud Infrastructure SP13,3,7,0,0,0,0,0,0,0,0,0,0,0,0,1,1,1.0,0.0,0.0,0.0,0.0,0.0,0.0,0.0,0.0,0.0,1.0,1.0,1.0,1.0,0.0,0.0,0.0,0.0,0.0,0.0,0.0,0.0,0.0,0.0,0.0,0.0,0.0,0.0,0.0,0.0,0.0,0.0,0.0,0.0,0.0,0.0,0.0,0.0,0.0,0.0,0.0,0.0,0.0,0.0,0.0,0.0,0.0,0.0,0.0,0.0,0.0,0.0,0.0,0.0,0.0,0.0,0.0,0.0,0.0,0.0,0.0,0.0,0.0,0.0,0.0,0.0,0.0,0.0,1.0,0.0,0.0,0.0,0.0,0.0,0.0,0.0,1.0,0.0,0.0,1.0,0.0,0.0,0.0,0.0,0.0,0.0,0.0,0.0,0.0,0.0
172,315,2.1-M2 Xmas Special,0,16,1,3,0,0,1,3,0,0,0,0,0,0,7,1,1.0,0.0,0.0,1.0,1.0,1.0,1.0,0.0,0.0,0.0,1.0,1.0,1.0,1.0,0.0,0.0,0.0,0.0,0.0,0.0,0.0,0.0,0.0,0.0,1.0,1.0,1.0,1.0,0.0,0.0,0.0,0.0,0.0,0.0,0.0,0.0,0.0,0.0,0.0,0.0,0.0,0.0,0.0,0.0,0.0,0.0,0.0,0.0,0.0,0.0,0.0,0.0,0.0,0.0,0.0,0.0,0.0,0.0,0.0,1.0,1.0,1.0,1.0,0.0,0.0,0.0,0.0,0.0,1.0,0.0,0.0,0.0,0.0,1.0,0.0,0.0,1.0,0.0,0.0,0.0,0.0,0.0,0.0,0.0,0.0,0.0,0.0,0.0,0.0,0.0
172,654,Fire 2.7-M3,0,6,1,3,0,0,1,3,0,0,0,0,0,0,7,1,2.0,1.0,1.0,0.0,11.0,5.5,5.5,7.7781745930520225,60.5,11.0,0.0,1.0,0.5,0.5,0.7071067811865476,0.5,1.0,0.0,1.0,0.5,0.5,0.7071067811865476,0.5,1.0,0.0,2.0,1.0,1.0,1.4142135623730951,2.0,2.0,0.0,0.0,0.0,0.0,0.0,0.0,0.0,0.0,0.0,0.0,0.0,0.0,0.0,0.0,0.0,1.0,0.5,0.5,0.7071067811865476,0.5,1.0,1.0,1.0,1.0,1.0,0.0,0.0,0.0,0.0,1.0,0.5,0.5,0.7071067811865476,0.5,1.0,0.0,0.0,1.0,0.0,0.0,0.0,0.0,1.0,0.0,0.0,2.0,0.0,0.0,0.0,0.0,0.0,0.0,0.0,0.0,0.0,0.0,0.0,0.0,0.0
172,897,Enterprise 2.9-M2,0,6,1,3,0,0,1,3,0,0,0,0,0,0,7,1,1.0,0.0,1.0,0.0,0.0,0.0,0.0,0.0,0.0,0.0,1.0,1.0,1.0,1.0,0.0,0.0,0.0,0.0,0.0,0.0,0.0,0.0,0.0,0.0,0.0,0.0,0.0,0.0,0.0,0.0,0.0,0.0,0.0,0.0,0.0,0.0,0.0,0.0,0.0,0.0,0.0,0.0,0.0,0.0,0.0,0.0,0.0,0.0,0.0,0.0,0.0,0.0,0.0,0.0,0.0,0.0,0.0,0.0,0.0,0.0,0.0,0.0,0.0,0.0,0.0,0.0,0.0,0.0,1.0,0.0,0.0,0.0,0.0,0.0,0.0,0.0,1.0,0.0,0.0,0.0,0.0,0.0,0.0,0.0,0.0,0.0,0.0,0.0,0.0,0.0
172,1781,Mono-sprint,-3,42,1,3,0,0,0,0,1,3,0,0,0,0,7,1,1.0,0.0,1.0,7.0,7.0,7.0,7.0,0.0,0.0,0.0,2.0,2.0,2.0,2.0,0.0,0.0,0.0,0.0,0.0,0.0,0.0,0.0,0.0,0.0,2.0,2.0,2.0,2.0,0.0,0.0,0.0,0.0,0.0,0.0,0.0,0.0,0.0,0.0,0.0,0.0,0.0,0.0,0.0,0.0,0.0,0.0,0.0,0.0,0.0,0.0,0.0,0.0,1.0,1.0,1.0,1.0,0.0,0.0,0.0,0.0,0.0,0.0,0.0,0.0,0.0,0.0,0.0,0.0,1.0,0.0,0.0,0.0,0.0,0.0,0.0,0.0,1.0,0.0,0.0,0.0,0.0,0.0,0.0,0.0,0.0,0.0,0.0,0.0,0.0,0.0
172,1984,Fire 3.8-W1,-3,6,1,3,0,0,0,0,1,3,0,0,0,0,7,1,1.0,0.0,1.0,5.0,5.0,5.0,5.0,0.0,0.0,0.0,1.0,1.0,1.0,1.0,0.0,0.0,0.0,0.0,0.0,0.0,0.0,0.0,0.0,0.0,1.0,1.0,1.0,1.0,0.0,0.0,0.0,0.0,0.0,0.0,0.0,0.0,0.0,0.0,0.0,0.0,0.0,0.0,0.0,0.0,0.0,0.0,0.0,0.0,0.0,0.0,0.0,0.0,0.0,0.0,0.0,0.0,0.0,0.0,0.0,0.0,0.0,0.0,0.0,0.0,0.0,0.0,1.0,0.0,1.0,0.0,0.0,0.0,0.0,0.0,0.0,0.0,0.0,0.0,0.0,0.0,0.0,0.0,0.0,0.0,0.0,0.0,0.0,0.0,0.0,0.0
172,2089,Fire 3.9-W1,0,5,0,0,0,0,0,0,0,0,0,0,0,0,7,1,1.0,0.0,1.0,10.0,10.0,10.0,10.0,0.0,0.0,0.0,1.0,1.0,1.0,1.0,0.0,0.0,0.0,0.0,0.0,0.0,0.0,0.0,0.0,0.0,1.0,1.0,1.0,1.0,0.0,0.0,0.0,0.0,0.0,0.0,0.0,0.0,0.0,0.0,0.0,0.0,0.0,0.0,0.0,0.0,0.0,0.0,0.0,0.0,0.0,0.0,0.0,0.0,0.0,0.0,0.0,0.0,0.0,0.0,0.0,0.0,0.0,0.0,0.0,0.0,0.0,0.0,1.0,0.0,1.0,0.0,0.0,0.0,0.0,0.0,0.0,0.0,0.0,0.0,0.0,0.0,0.0,0.0,0.0,0.0,0.0,0.0,0.0,0.0,0.0,0.0
172,2106,Fire 3.9-W2,-3,6,0,0,1,3,0,0,0,0,1,3,0,0,7,1,1.0,0.0,1.0,11.0,11.0,11.0,11.0,0.0,0.0,0.0,1.0,1.0,1.0,1.0,0.0,0.0,0.0,0.0,0.0,0.0,0.0,0.0,0.0,0.0,1.0,1.0,1.0,1.0,0.0,0.0,0.0,0.0,0.0,0.0,0.0,0.0,0.0,0.0,0.0,0.0,0.0,0.0,0.0,0.0,0.0,0.0,0.0,0.0,0.0,0.0,0.0,0.0,0.0,0.0,0.0,0.0,0.0,0.0,0.0,0.0,0.0,0.0,0.0,0.0,0.0,0.0,1.0,0.0,1.0,0.0,0.0,0.0,0.0,0.0,0.0,0.0,0.0,0.0,0.0,0.0,0.0,0.0,0.0,0.0,0.0,0.0,0.0,0.0,0.0,0.0
172,2132,Fire 3.9-W3,0,20,1,3,0,0,1,3,0,0,0,0,0,0,7,1,1.0,0.0,1.0,11.0,11.0,11.0,11.0,0.0,0.0,0.0,1.0,1.0,1.0,1.0,0.0,0.0,0.0,0.0,0.0,0.0,0.0,0.0,0.0,0.0,1.0,1.0,1.0,1.0,0.0,0.0,0.0,0.0,0.0,0.0,0.0,0.0,0.0,0.0,0.0,0.0,0.0,0.0,0.0,0.0,0.0,0.0,0.0,0.0,0.0,0.0,0.0,0.0,0.0,0.0,0.0,0.0,0.0,0.0,0.0,0.0,0.0,0.0,0.0,0.0,0.0,0.0,1.0,0.0,1.0,0.0,0.0,0.0,0.0,0.0,0.0,0.0,0.0,0.0,0.0,0.0,0.0,0.0,0.0,0.0,0.0,0.0,0.0,0.0,0.0,0.0
172,2186,Fire 3.10 DoB W1,-3,6,1,3,0,0,0,0,1,3,0,0,0,0,7,1,1.0,0.0,1.0,12.0,12.0,12.0,12.0,0.0,0.0,0.0,1.0,1.0,1.0,1.0,0.0,0.0,0.0,0.0,0.0,0.0,0.0,0.0,0.0,0.0,1.0,1.0,1.0,1.0,0.0,0.0,0.0,0.0,0.0,0.0,0.0,0.0,0.0,0.0,0.0,0.0,0.0,0.0,0.0,0.0,0.0,0.0,0.0,0.0,0.0,0.0,0.0,0.0,0.0,0.0,0.0,0.0,0.0,0.0,0.0,0.0,0.0,0.0,0.0,0.0,0.0,0.0,1.0,0.0,1.0,0.0,0.0,0.0,0.0,0.0,0.0,0.0,0.0,0.0,0.0,0.0,0.0,0.0,0.0,0.0,0.0,0.0,0.0,0.0,0.0,0.0
172,2218,Fire 3.10 DoB W2,-3,6,0,0,1,3,0,0,1,3,0,0,0,0,7,2,5.0,0.0,5.0,0.0,12.0,5.2,2.0,6.260990336999411,39.199999999999996,12.0,0.0,3.0,1.0,1.0,1.224744871391589,1.5,3.0,0.0,0.0,0.0,0.0,0.0,0.0,0.0,0.0,2.0,0.8,1.0,0.8366600265340756,0.7000000000000001,2.0,0.0,0.0,0.0,0.0,0.0,0.0,0.0,0.0,0.0,0.0,0.0,0.0,0.0,0.0,0.0,0.0,0.0,0.0,0.0,0.0,0.0,0.0,3.0,1.0,0.0,1.4142135623730951,2.0,3.0,0.0,5.0,1.4,1.0,2.073644135332772,4.3,5.0,1.0,0.0,5.0,0.0,0.0,0.0,0.0,0.0,0.0,0.0,4.0,0.0,0.0,0.0,0.0,0.0,0.0,0.0,0.0,0.0,0.0,0.0,0.0,0.0
172,2235,Fire 3.10 DoB W3,-15,6,5,15,0,0,0,0,5,15,0,0,0,0,7,2,5.0,0.0,5.0,0.0,14.0,5.8,2.0,7.085195833567341,50.2,14.0,0.0,3.0,1.0,1.0,1.224744871391589,1.5,3.0,0.0,0.0,0.0,0.0,0.0,0.0,0.0,0.0,2.0,0.8,1.0,0.8366600265340756,0.7000000000000001,2.0,0.0,0.0,0.0,0.0,0.0,0.0,0.0,0.0,0.0,0.0,0.0,0.0,0.0,0.0,0.0,0.0,0.0,0.0,0.0,0.0,0.0,0.0,4.0,1.2,0.0,1.7888543819998315,3.1999999999999993,4.0,0.0,6.0,1.8,1.0,2.489979919597747,6.200000000000001,6.0,1.0,0.0,5.0,0.0,0.0,0.0,0.0,0.0,0.0,0.0,4.0,0.0,0.0,0.0,0.0,0.0,0.0,0.0,0.0,0.0,0.0,0.0,0.0,0.0
172,2262,Fire 3.10 DoB W4,0,7,0,0,0,0,0,0,0,0,0,0,0,0,7,1,0.0,0.0,0.0,0.0,0.0,0.0,0.0,0.0,0.0,0.0,0.0,0.0,0.0,0.0,0.0,0.0,0.0,0.0,0.0,0.0,0.0,0.0,0.0,0.0,0.0,0.0,0.0,0.0,0.0,0.0,0.0,0.0,0.0,0.0,0.0,0.0,0.0,0.0,0.0,0.0,0.0,0.0,0.0,0.0,0.0,0.0,0.0,0.0,0.0,0.0,0.0,0.0,0.0,0.0,0.0,0.0,0.0,0.0,0.0,0.0,0.0,0.0,0.0,0.0,0.0,0.0,0.0,0.0,0.0,0.0,0.0,0.0,0.0,0.0,0.0,0.0,0.0,0.0,0.0,0.0,0.0,0.0,0.0,0.0,0.0,0.0,0.0,0.0,0.0,0.0
172,2304,Stash Targaryens 3.11,-45,25,0,0,16,48,0,0,16,48,0,0,0,0,7,4,17.0,0.0,14.0,0.0,16.0,2.2941176470588234,0.0,4.857529025676956,23.59558823529412,16.0,0.0,3.0,0.8823529411764706,1.0,0.781213234429025,0.6102941176470589,3.0,0.0,1.0,0.058823529411764705,0.0,0.24253562503633297,0.058823529411764705,1.0,0.0,2.0,0.5882352941176471,0.0,0.7952062255644574,0.6323529411764707,2.0,0.0,0.0,0.0,0.0,0.0,0.0,0.0,0.0,0.0,0.0,0.0,0.0,0.0,0.0,0.0,0.0,0.0,0.0,0.0,0.0,0.0,0.0,4.0,0.5294117647058824,0.0,1.0675700831106785,1.1397058823529411,4.0,0.0,6.0,0.8823529411764706,0.0,1.5363248737318087,2.360294117647058,6.0,4.0,0.0,17.0,0.0,0.0,0.0,0.0,1.0,2.0,0.0,13.0,0.0,0.0,0.0,0.0,0.0,0.0,0.0,0.0,0.0,0.0,0.0,0.0,0.0
172,2422,Enterprise 3.12-M1,6,7,0,0,0,0,0,0,0,0,0,0,0,0,7,2,2.0,0.0,1.0,1.0,3.0,2.0,2.0,1.4142135623730951,2.0,2.0,0.0,1.0,0.5,0.5,0.7071067811865476,0.5,1.0,1.0,1.0,1.0,1.0,0.0,0.0,0.0,0.0,2.0,1.0,1.0,1.4142135623730951,2.0,2.0,0.0,0.0,0.0,0.0,0.0,0.0,0.0,0.0,0.0,0.0,0.0,0.0,0.0,0.0,0.0,0.0,0.0,0.0,0.0,0.0,0.0,0.0,0.0,0.0,0.0,0.0,0.0,0.0,3.0,8.0,5.5,5.5,3.5355339059327378,12.5,5.0,0.0,0.0,2.0,0.0,0.0,0.0,0.0,0.0,0.0,0.0,2.0,0.0,0.0,0.0,0.0,0.0,0.0,0.0,0.0,0.0,0.0,0.0,0.0,0.0
172,2440,Enterprise 3.12-M2,-6,7,6,18,0,0,0,0,2,6,4,12,0,0,7,5,7.0,0.0,4.0,0.0,16.0,3.2857142857142856,1.0,5.707138387268052,32.57142857142858,16.0,0.0,1.0,0.42857142857142855,0.0,0.5345224838248487,0.28571428571428564,1.0,0.0,1.0,0.7142857142857143,1.0,0.48795003647426666,0.23809523809523814,1.0,0.0,2.0,0.42857142857142855,0.0,0.7867957924694431,0.619047619047619,2.0,0.0,0.0,0.0,0.0,0.0,0.0,0.0,0.0,0.0,0.0,0.0,0.0,0.0,0.0,0.0,0.0,0.0,0.0,0.0,0.0,0.0,0.0,1.0,0.14285714285714285,0.0,0.3779644730092273,0.1428571428571429,1.0,0.0,8.0,1.5714285714285714,0.0,3.0472470011002204,9.285714285714286,8.0,2.0,0.0,7.0,0.0,0.0,0.0,0.0,1.0,0.0,0.0,5.0,0.0,0.0,0.0,0.0,0.0,0.0,0.0,0.0,0.0,0.0,0.0,0.0,0.0
183,638,Sprint 1,-13,14,10,12,1,1,0,0,9,11,0,0,2,2,1,2,11.0,0.0,9.0,0.0,18.0,2.727272727272727,2.0,5.178627406773133,26.818181818181824,18.0,0.0,2.0,0.2727272727272727,0.0,0.6466697906828632,0.41818181818181815,2.0,0.0,2.0,1.0,1.0,0.6324555320336759,0.4,2.0,0.0,2.0,0.5454545454545454,0.0,0.6875516509523286,0.47272727272727266,2.0,0.0,0.0,0.0,0.0,0.0,0.0,0.0,0.0,0.0,0.0,0.0,0.0,0.0,0.0,0.0,12.0,2.8181818181818183,1.0,3.600505015082796,12.963636363636365,12.0,0.0,3.0,0.45454545454545453,0.0,0.9341987329938274,0.8727272727272725,3.0,0.0,5.0,0.8181818181818182,0.0,1.5374122295716146,2.363636363636363,5.0,7.0,0.0,0.0,2.0,0.0,9.0,0.0,1.0,0.0,1.0,4.0,0.0,0.0,0.0,0.0,0.0,0.0,0.0,0.0,0.0,0.0,0.0,0.0,0.0
183,639,Sprint 1,-4,14,4,4,1,1,0,0,2,2,3,3,0,0,1,1,5.0,0.0,5.0,0.0,1.0,0.2,0.0,0.447213595499958,0.20000000000000004,1.0,0.0,1.0,0.2,0.0,0.44721359549995804,0.20000000000000007,1.0,0.0,1.0,0.2,0.0,0.44721359549995804,0.20000000000000007,1.0,0.0,1.0,0.2,0.0,0.44721359549995804,0.20000000000000007,1.0,0.0,0.0,0.0,0.0,0.0,0.0,0.0,0.0,0.0,0.0,0.0,0.0,0.0,0.0,0.0,3.0,0.8,0.0,1.30384048104053,1.7000000000000006,3.0,0.0,0.0,0.0,0.0,0.0,0.0,0.0,0.0,1.0,0.2,0.0,0.447213595499958,0.20000000000000004,1.0,3.0,0.0,0.0,4.0,0.0,1.0,0.0,0.0,0.0,0.0,2.0,0.0,0.0,0.0,0.0,0.0,0.0,0.0,0.0,0.0,0.0,0.0,0.0,0.0
183,650,Sprint 2,-3,14,7,7,0,0,0,0,6,6,1,1,0,0,1,2,7.0,0.0,7.0,0.0,4.0,0.8571428571428571,0.0,1.4638501094227998,2.142857142857143,4.0,0.0,3.0,0.5714285714285714,0.0,1.1338934190276817,1.2857142857142858,3.0,0.0,1.0,0.14285714285714285,0.0,0.3779644730092273,0.1428571428571429,1.0,0.0,4.0,0.8571428571428571,0.0,1.4638501094227998,2.142857142857143,4.0,0.0,0.0,0.0,0.0,0.0,0.0,0.0,0.0,0.0,0.0,0.0,0.0,0.0,0.0,0.0,8.0,1.7142857142857142,0.0,2.984084768360628,8.904761904761903,8.0,0.0,0.0,0.0,0.0,0.0,0.0,0.0,0.0,5.0,1.1428571428571428,0.0,1.864454471471609,3.4761904761904767,5.0,4.0,0.0,0.0,4.0,0.0,3.0,0.0,0.0,0.0,0.0,3.0,0.0,0.0,0.0,0.0,0.0,0.0,0.0,0.0,0.0,0.0,0.0,0.0,0.0
183,770,Sprint 3,-3,14,5,5,0,0,0,0,4,4,0,0,1,1,1,1,5.0,0.0,5.0,0.0,1.0,0.2,0.0,0.44721359549995804,0.20000000000000007,1.0,0.0,1.0,0.2,0.0,0.44721359549995804,0.20000000000000007,1.0,0.0,2.0,0.6,0.0,0.8944271909999157,0.7999999999999998,2.0,0.0,1.0,0.2,0.0,0.44721359549995804,0.20000000000000007,1.0,0.0,0.0,0.0,0.0,0.0,0.0,0.0,0.0,0.0,0.0,0.0,0.0,0.0,0.0,0.0,2.0,0.8,1.0,0.8366600265340756,0.7000000000000001,2.0,0.0,0.0,0.0,0.0,0.0,0.0,0.0,0.0,1.0,0.4,0.0,0.5477225575051662,0.30000000000000004,1.0,3.0,0.0,0.0,3.0,0.0,2.0,0.0,0.0,0.0,0.0,2.0,0.0,0.0,0.0,0.0,0.0,0.0,0.0,0.0,0.0,0.0,0.0,0.0,0.0
183,822,Sprint 4,3,14,9,9,0,0,0,0,4,4,1,1,4,4,1,3,17.0,0.0,17.0,0.0,4.0,0.5294117647058824,0.0,1.007326105267277,1.0147058823529411,4.0,0.0,2.0,0.5294117647058824,0.0,0.6242642728467978,0.3897058823529412,2.0,0.0,2.0,1.0,1.0,0.7905694150420949,0.625,2.0,0.0,1.0,0.23529411764705882,0.0,0.4372373160976031,0.19117647058823528,1.0,0.0,0.0,0.0,0.0,0.0,0.0,0.0,0.0,0.0,0.0,0.0,0.0,0.0,0.0,0.0,3.0,0.4117647058823529,0.0,0.8702602720890289,0.7573529411764707,3.0,0.0,0.0,0.0,0.0,0.0,0.0,0.0,0.0,2.0,0.47058823529411764,0.0,0.6242642728467978,0.3897058823529412,2.0,11.0,0.0,0.0,7.0,0.0,10.0,0.0,0.0,0.0,0.0,6.0,0.0,0.0,0.0,0.0,0.0,0.0,0.0,0.0,0.0,0.0,0.0,0.0,0.0
183,915,Sprint 5,-3,14,4,4,0,0,0,0,2,2,1,1,1,1,1,1,4.0,0.0,4.0,0.0,2.0,1.0,1.0,1.1547005383792515,1.3333333333333333,2.0,0.0,0.0,0.0,0.0,0.0,0.0,0.0,0.0,2.0,0.75,0.5,0.9574271077563381,0.9166666666666666,2.0,0.0,1.0,0.5,0.5,0.5773502691896257,0.3333333333333333,1.0,0.0,0.0,0.0,0.0,0.0,0.0,0.0,0.0,0.0,0.0,0.0,0.0,0.0,0.0,0.0,1.0,0.5,0.5,0.5773502691896257,0.3333333333333333,1.0,0.0,0.0,0.0,0.0,0.0,0.0,0.0,0.0,1.0,0.25,0.0,0.5,0.25,1.0,4.0,0.0,0.0,3.0,0.0,1.0,0.0,0.0,0.0,0.0,0.0,0.0,0.0,0.0,0.0,0.0,0.0,0.0,0.0,0.0,0.0,0.0,0.0,0.0
183,916,Sprint 6,-3,14,6,6,0,0,0,0,4,4,0,0,2,2,1,2,8.0,0.0,7.0,0.0,3.0,0.625,0.0,1.0606601717798212,1.125,3.0,0.0,2.0,0.375,0.0,0.7440238091428449,0.5535714285714286,2.0,0.0,2.0,0.5,0.0,0.9258200997725514,0.8571428571428571,2.0,0.0,1.0,0.375,0.0,0.5175491695067657,0.26785714285714285,1.0,0.0,0.0,0.0,0.0,0.0,0.0,0.0,0.0,0.0,0.0,0.0,0.0,0.0,0.0,0.0,4.0,0.75,0.0,1.4880476182856899,2.2142857142857144,4.0,0.0,0.0,0.0,0.0,0.0,0.0,0.0,0.0,3.0,0.75,0.5,1.0350983390135313,1.0714285714285714,3.0,7.0,0.0,0.0,4.0,0.0,3.0,1.0,0.0,0.0,1.0,1.0,0.0,0.0,0.0,0.0,0.0,0.0,0.0,0.0,0.0,0.0,0.0,0.0,0.0
183,928,Sprint 7,-3,14,5,5,0,0,0,0,3,3,1,1,1,1,1,1,7.0,0.0,6.0,0.0,1.0,0.42857142857142855,0.0,0.5345224838248487,0.28571428571428564,1.0,0.0,2.0,0.2857142857142857,0.0,0.7559289460184546,0.5714285714285716,2.0,0.0,2.0,0.2857142857142857,0.0,0.7559289460184546,0.5714285714285716,2.0,0.0,1.0,0.14285714285714285,0.0,0.3779644730092273,0.1428571428571429,1.0,0.0,0.0,0.0,0.0,0.0,0.0,0.0,0.0,0.0,0.0,0.0,0.0,0.0,0.0,0.0,2.0,0.5714285714285714,0.0,0.9759000729485331,0.9523809523809522,2.0,0.0,1.0,0.14285714285714285,0.0,0.37796447300922725,0.14285714285714288,1.0,0.0,4.0,0.8571428571428571,0.0,1.4638501094227998,2.142857142857143,4.0,7.0,0.0,0.0,3.0,0.0,3.0,1.0,0.0,0.0,1.0,0.0,0.0,0.0,0.0,0.0,0.0,0.0,0.0,0.0,0.0,0.0,0.0,0.0,0.0
183,950,Sprint 8,-4,14,7,7,2,2,0,0,5,5,4,4,0,0,1,1,9.0,0.0,6.0,0.0,18.0,3.4444444444444446,1.0,6.326750965367435,40.02777777777777,18.0,0.0,1.0,0.1111111111111111,0.0,0.3333333333333333,0.1111111111111111,1.0,0.0,1.0,0.1111111111111111,0.0,0.3333333333333333,0.1111111111111111,1.0,0.0,2.0,0.5555555555555556,0.0,0.881917103688197,0.7777777777777779,2.0,0.0,0.0,0.0,0.0,0.0,0.0,0.0,0.0,0.0,0.0,0.0,0.0,0.0,0.0,0.0,8.0,1.1111111111111112,0.0,2.666666666666667,7.1111111111111125,8.0,0.0,3.0,0.5555555555555556,0.0,1.0137937550497034,1.027777777777778,3.0,0.0,5.0,1.7777777777777777,1.0,1.986062547968831,3.9444444444444446,5.0,7.0,0.0,1.0,3.0,0.0,5.0,0.0,1.0,0.0,2.0,2.0,0.0,0.0,0.0,0.0,0.0,0.0,0.0,0.0,0.0,0.0,0.0,0.0,0.0
183,1051,Sprint 9,-2,14,6,6,1,1,0,0,7,7,0,0,0,0,1,1,7.0,0.0,5.0,0.0,19.0,3.142857142857143,1.0,7.010196655077313,49.142857142857146,19.0,0.0,0.0,0.0,0.0,0.0,0.0,0.0,0.0,1.0,0.14285714285714285,0.0,0.37796447300922725,0.14285714285714288,1.0,0.0,2.0,0.42857142857142855,0.0,0.7867957924694431,0.619047619047619,2.0,0.0,0.0,0.0,0.0,0.0,0.0,0.0,0.0,0.0,0.0,0.0,0.0,0.0,0.0,0.0,8.0,1.5714285714285714,0.0,2.9358214555806383,8.619047619047619,8.0,0.0,3.0,0.5714285714285714,0.0,1.133893419027682,1.2857142857142863,3.0,0.0,5.0,1.7142857142857142,1.0,1.9760470401187071,3.9047619047619038,5.0,7.0,0.0,0.0,5.0,0.0,2.0,0.0,2.0,0.0,0.0,0.0,0.0,0.0,0.0,0.0,0.0,0.0,0.0,0.0,0.0,0.0,0.0,0.0,0.0
183,1064,Sprint 10,-1,14,4,4,0,0,1,1,3,3,0,0,0,0,1,1,4.0,0.0,4.0,0.0,1.0,0.5,0.5,0.5773502691896257,0.3333333333333333,1.0,0.0,0.0,0.0,0.0,0.0,0.0,0.0,0.0,0.0,0.0,0.0,0.0,0.0,0.0,0.0,0.0,0.0,0.0,0.0,0.0,0.0,0.0,0.0,0.0,0.0,0.0,0.0,0.0,0.0,0.0,0.0,0.0,0.0,0.0,0.0,0.0,0.0,0.0,0.0,0.0,0.0,0.0,0.0,0.0,0.0,0.0,0.0,0.0,0.0,0.0,2.0,0.75,0.5,0.9574271077563381,0.9166666666666666,2.0,4.0,0.0,0.0,4.0,0.0,0.0,0.0,0.0,0.0,0.0,0.0,0.0,0.0,0.0,0.0,0.0,0.0,0.0,0.0,0.0,0.0,0.0,0.0,0.0
185,638,Sprint 1,-13,14,10,12,1,1,0,0,9,11,0,0,2,2,1,2,11.0,0.0,9.0,0.0,18.0,2.727272727272727,2.0,5.178627406773133,26.818181818181824,18.0,0.0,2.0,0.2727272727272727,0.0,0.6466697906828632,0.41818181818181815,2.0,0.0,2.0,1.0,1.0,0.6324555320336759,0.4,2.0,0.0,2.0,0.5454545454545454,0.0,0.6875516509523286,0.47272727272727266,2.0,0.0,0.0,0.0,0.0,0.0,0.0,0.0,0.0,0.0,0.0,0.0,0.0,0.0,0.0,0.0,12.0,2.8181818181818183,1.0,3.600505015082796,12.963636363636365,12.0,0.0,3.0,0.45454545454545453,0.0,0.9341987329938274,0.8727272727272725,3.0,0.0,5.0,0.8181818181818182,0.0,1.5374122295716146,2.363636363636363,5.0,7.0,0.0,0.0,2.0,0.0,9.0,0.0,1.0,0.0,1.0,4.0,0.0,0.0,0.0,0.0,0.0,0.0,0.0,0.0,0.0,0.0,0.0,0.0,0.0
185,639,Sprint 1,-4,14,4,4,1,1,0,0,2,2,3,3,0,0,1,1,5.0,0.0,5.0,0.0,1.0,0.2,0.0,0.447213595499958,0.20000000000000004,1.0,0.0,1.0,0.2,0.0,0.44721359549995804,0.20000000000000007,1.0,0.0,1.0,0.2,0.0,0.44721359549995804,0.20000000000000007,1.0,0.0,1.0,0.2,0.0,0.44721359549995804,0.20000000000000007,1.0,0.0,0.0,0.0,0.0,0.0,0.0,0.0,0.0,0.0,0.0,0.0,0.0,0.0,0.0,0.0,3.0,0.8,0.0,1.30384048104053,1.7000000000000006,3.0,0.0,0.0,0.0,0.0,0.0,0.0,0.0,0.0,1.0,0.2,0.0,0.447213595499958,0.20000000000000004,1.0,3.0,0.0,0.0,4.0,0.0,1.0,0.0,0.0,0.0,0.0,2.0,0.0,0.0,0.0,0.0,0.0,0.0,0.0,0.0,0.0,0.0,0.0,0.0,0.0
185,650,Sprint 2,-3,14,7,7,0,0,0,0,6,6,1,1,0,0,1,2,7.0,0.0,7.0,0.0,4.0,0.8571428571428571,0.0,1.4638501094227998,2.142857142857143,4.0,0.0,3.0,0.5714285714285714,0.0,1.1338934190276817,1.2857142857142858,3.0,0.0,1.0,0.14285714285714285,0.0,0.3779644730092273,0.1428571428571429,1.0,0.0,4.0,0.8571428571428571,0.0,1.4638501094227998,2.142857142857143,4.0,0.0,0.0,0.0,0.0,0.0,0.0,0.0,0.0,0.0,0.0,0.0,0.0,0.0,0.0,0.0,8.0,1.7142857142857142,0.0,2.984084768360628,8.904761904761903,8.0,0.0,0.0,0.0,0.0,0.0,0.0,0.0,0.0,5.0,1.1428571428571428,0.0,1.864454471471609,3.4761904761904767,5.0,4.0,0.0,0.0,4.0,0.0,3.0,0.0,0.0,0.0,0.0,3.0,0.0,0.0,0.0,0.0,0.0,0.0,0.0,0.0,0.0,0.0,0.0,0.0,0.0
185,770,Sprint 3,-3,14,5,5,0,0,0,0,4,4,0,0,1,1,1,1,5.0,0.0,5.0,0.0,1.0,0.2,0.0,0.44721359549995804,0.20000000000000007,1.0,0.0,1.0,0.2,0.0,0.44721359549995804,0.20000000000000007,1.0,0.0,2.0,0.6,0.0,0.8944271909999157,0.7999999999999998,2.0,0.0,1.0,0.2,0.0,0.44721359549995804,0.20000000000000007,1.0,0.0,0.0,0.0,0.0,0.0,0.0,0.0,0.0,0.0,0.0,0.0,0.0,0.0,0.0,0.0,2.0,0.8,1.0,0.8366600265340756,0.7000000000000001,2.0,0.0,0.0,0.0,0.0,0.0,0.0,0.0,0.0,1.0,0.4,0.0,0.5477225575051662,0.30000000000000004,1.0,3.0,0.0,0.0,3.0,0.0,2.0,0.0,0.0,0.0,0.0,2.0,0.0,0.0,0.0,0.0,0.0,0.0,0.0,0.0,0.0,0.0,0.0,0.0,0.0
185,822,Sprint 4,3,14,9,9,0,0,0,0,4,4,1,1,4,4,1,3,17.0,0.0,17.0,0.0,4.0,0.5294117647058824,0.0,1.007326105267277,1.0147058823529411,4.0,0.0,2.0,0.5294117647058824,0.0,0.6242642728467978,0.3897058823529412,2.0,0.0,2.0,1.0,1.0,0.7905694150420949,0.625,2.0,0.0,1.0,0.23529411764705882,0.0,0.4372373160976031,0.19117647058823528,1.0,0.0,0.0,0.0,0.0,0.0,0.0,0.0,0.0,0.0,0.0,0.0,0.0,0.0,0.0,0.0,3.0,0.4117647058823529,0.0,0.8702602720890289,0.7573529411764707,3.0,0.0,0.0,0.0,0.0,0.0,0.0,0.0,0.0,2.0,0.47058823529411764,0.0,0.6242642728467978,0.3897058823529412,2.0,11.0,0.0,0.0,7.0,0.0,10.0,0.0,0.0,0.0,0.0,6.0,0.0,0.0,0.0,0.0,0.0,0.0,0.0,0.0,0.0,0.0,0.0,0.0,0.0
185,915,Sprint 5,-3,14,4,4,0,0,0,0,2,2,1,1,1,1,1,1,4.0,0.0,4.0,0.0,2.0,1.0,1.0,1.1547005383792515,1.3333333333333333,2.0,0.0,0.0,0.0,0.0,0.0,0.0,0.0,0.0,2.0,0.75,0.5,0.9574271077563381,0.9166666666666666,2.0,0.0,1.0,0.5,0.5,0.5773502691896257,0.3333333333333333,1.0,0.0,0.0,0.0,0.0,0.0,0.0,0.0,0.0,0.0,0.0,0.0,0.0,0.0,0.0,0.0,1.0,0.5,0.5,0.5773502691896257,0.3333333333333333,1.0,0.0,0.0,0.0,0.0,0.0,0.0,0.0,0.0,1.0,0.25,0.0,0.5,0.25,1.0,4.0,0.0,0.0,3.0,0.0,1.0,0.0,0.0,0.0,0.0,0.0,0.0,0.0,0.0,0.0,0.0,0.0,0.0,0.0,0.0,0.0,0.0,0.0,0.0
185,916,Sprint 6,-3,14,6,6,0,0,0,0,4,4,0,0,2,2,1,2,8.0,0.0,7.0,0.0,3.0,0.625,0.0,1.0606601717798212,1.125,3.0,0.0,2.0,0.375,0.0,0.7440238091428449,0.5535714285714286,2.0,0.0,2.0,0.5,0.0,0.9258200997725514,0.8571428571428571,2.0,0.0,1.0,0.375,0.0,0.5175491695067657,0.26785714285714285,1.0,0.0,0.0,0.0,0.0,0.0,0.0,0.0,0.0,0.0,0.0,0.0,0.0,0.0,0.0,0.0,4.0,0.75,0.0,1.4880476182856899,2.2142857142857144,4.0,0.0,0.0,0.0,0.0,0.0,0.0,0.0,0.0,3.0,0.75,0.5,1.0350983390135313,1.0714285714285714,3.0,7.0,0.0,0.0,4.0,0.0,3.0,1.0,0.0,0.0,1.0,1.0,0.0,0.0,0.0,0.0,0.0,0.0,0.0,0.0,0.0,0.0,0.0,0.0,0.0
185,928,Sprint 7,-3,14,5,5,0,0,0,0,3,3,1,1,1,1,1,1,7.0,0.0,6.0,0.0,1.0,0.42857142857142855,0.0,0.5345224838248487,0.28571428571428564,1.0,0.0,2.0,0.2857142857142857,0.0,0.7559289460184546,0.5714285714285716,2.0,0.0,2.0,0.2857142857142857,0.0,0.7559289460184546,0.5714285714285716,2.0,0.0,1.0,0.14285714285714285,0.0,0.3779644730092273,0.1428571428571429,1.0,0.0,0.0,0.0,0.0,0.0,0.0,0.0,0.0,0.0,0.0,0.0,0.0,0.0,0.0,0.0,2.0,0.5714285714285714,0.0,0.9759000729485331,0.9523809523809522,2.0,0.0,1.0,0.14285714285714285,0.0,0.37796447300922725,0.14285714285714288,1.0,0.0,4.0,0.8571428571428571,0.0,1.4638501094227998,2.142857142857143,4.0,7.0,0.0,0.0,3.0,0.0,3.0,1.0,0.0,0.0,1.0,0.0,0.0,0.0,0.0,0.0,0.0,0.0,0.0,0.0,0.0,0.0,0.0,0.0,0.0
185,950,Sprint 8,-4,14,7,7,2,2,0,0,5,5,4,4,0,0,1,1,9.0,0.0,6.0,0.0,18.0,3.4444444444444446,1.0,6.326750965367435,40.02777777777777,18.0,0.0,1.0,0.1111111111111111,0.0,0.3333333333333333,0.1111111111111111,1.0,0.0,1.0,0.1111111111111111,0.0,0.3333333333333333,0.1111111111111111,1.0,0.0,2.0,0.5555555555555556,0.0,0.881917103688197,0.7777777777777779,2.0,0.0,0.0,0.0,0.0,0.0,0.0,0.0,0.0,0.0,0.0,0.0,0.0,0.0,0.0,0.0,8.0,1.1111111111111112,0.0,2.666666666666667,7.1111111111111125,8.0,0.0,3.0,0.5555555555555556,0.0,1.0137937550497034,1.027777777777778,3.0,0.0,5.0,1.7777777777777777,1.0,1.986062547968831,3.9444444444444446,5.0,7.0,0.0,1.0,3.0,0.0,5.0,0.0,1.0,0.0,2.0,2.0,0.0,0.0,0.0,0.0,0.0,0.0,0.0,0.0,0.0,0.0,0.0,0.0,0.0
185,1051,Sprint 9,-2,14,6,6,1,1,0,0,7,7,0,0,0,0,1,1,7.0,0.0,5.0,0.0,19.0,3.142857142857143,1.0,7.010196655077313,49.142857142857146,19.0,0.0,0.0,0.0,0.0,0.0,0.0,0.0,0.0,1.0,0.14285714285714285,0.0,0.37796447300922725,0.14285714285714288,1.0,0.0,2.0,0.42857142857142855,0.0,0.7867957924694431,0.619047619047619,2.0,0.0,0.0,0.0,0.0,0.0,0.0,0.0,0.0,0.0,0.0,0.0,0.0,0.0,0.0,0.0,8.0,1.5714285714285714,0.0,2.9358214555806383,8.619047619047619,8.0,0.0,3.0,0.5714285714285714,0.0,1.133893419027682,1.2857142857142863,3.0,0.0,5.0,1.7142857142857142,1.0,1.9760470401187071,3.9047619047619038,5.0,7.0,0.0,0.0,5.0,0.0,2.0,0.0,2.0,0.0,0.0,0.0,0.0,0.0,0.0,0.0,0.0,0.0,0.0,0.0,0.0,0.0,0.0,0.0,0.0
185,1064,Sprint 10,-1,14,4,4,0,0,1,1,3,3,0,0,0,0,1,1,4.0,0.0,4.0,0.0,1.0,0.5,0.5,0.5773502691896257,0.3333333333333333,1.0,0.0,0.0,0.0,0.0,0.0,0.0,0.0,0.0,0.0,0.0,0.0,0.0,0.0,0.0,0.0,0.0,0.0,0.0,0.0,0.0,0.0,0.0,0.0,0.0,0.0,0.0,0.0,0.0,0.0,0.0,0.0,0.0,0.0,0.0,0.0,0.0,0.0,0.0,0.0,0.0,0.0,0.0,0.0,0.0,0.0,0.0,0.0,0.0,0.0,0.0,2.0,0.75,0.5,0.9574271077563381,0.9166666666666666,2.0,4.0,0.0,0.0,4.0,0.0,0.0,0.0,0.0,0.0,0.0,0.0,0.0,0.0,0.0,0.0,0.0,0.0,0.0,0.0,0.0,0.0,0.0,0.0,0.0
193,1,Sprint 1,0,0,0,0,0,0,0,0,0,0,0,0,0,0,1,1,6.0,6.0,6.0,0.0,0.0,0.0,0.0,0.0,0.0,0.0,0.0,1.0,0.16666666666666666,0.0,0.408248290463863,0.16666666666666669,1.0,0.0,2.0,1.1666666666666667,1.5,0.9831920802501751,0.9666666666666668,2.0,0.0,1.0,0.16666666666666666,0.0,0.408248290463863,0.16666666666666669,1.0,0.0,0.0,0.0,0.0,0.0,0.0,0.0,0.0,0.0,0.0,0.0,0.0,0.0,0.0,0.0,0.0,0.0,0.0,0.0,0.0,0.0,0.0,0.0,0.0,0.0,0.0,0.0,0.0,0.0,0.0,0.0,0.0,0.0,0.0,0.0,6.0,0.0,0.0,0.0,0.0,0.0,0.0,0.0,0.0,0.0,0.0,0.0,0.0,0.0,0.0,0.0,0.0,0.0,0.0,0.0,0.0,0.0,0.0,0.0
193,4,Sprint 2,0,11,0,0,0,0,0,0,0,0,0,0,0,0,1,1,0.0,0.0,0.0,0.0,0.0,0.0,0.0,0.0,0.0,0.0,0.0,0.0,0.0,0.0,0.0,0.0,0.0,0.0,0.0,0.0,0.0,0.0,0.0,0.0,0.0,0.0,0.0,0.0,0.0,0.0,0.0,0.0,0.0,0.0,0.0,0.0,0.0,0.0,0.0,0.0,0.0,0.0,0.0,0.0,0.0,0.0,0.0,0.0,0.0,0.0,0.0,0.0,0.0,0.0,0.0,0.0,0.0,0.0,0.0,0.0,0.0,0.0,0.0,0.0,0.0,0.0,0.0,0.0,0.0,0.0,0.0,0.0,0.0,0.0,0.0,0.0,0.0,0.0,0.0,0.0,0.0,0.0,0.0,0.0,0.0,0.0,0.0,0.0,0.0,0.0
193,9,Sprint 1,-30,14,9,37,0,0,0,0,7,35,0,0,2,2,1,4,24.0,11.0,17.0,0.0,2.0,0.16666666666666666,0.0,0.4815434123430768,0.23188405797101447,2.0,0.0,0.0,0.0,0.0,0.0,0.0,0.0,0.0,2.0,0.4166666666666667,0.0,0.8297022339981068,0.6884057971014492,2.0,0.0,1.0,0.041666666666666664,0.0,0.2041241452319315,0.04166666666666667,1.0,0.0,0.0,0.0,0.0,0.0,0.0,0.0,0.0,0.0,0.0,0.0,0.0,0.0,0.0,0.0,2.0,0.16666666666666666,0.0,0.5646597025732799,0.3188405797101449,2.0,0.0,4.0,0.20833333333333334,0.0,0.832970935693524,0.6938405797101449,4.0,0.0,1.0,0.08333333333333333,0.0,0.28232985128663995,0.07971014492753623,1.0,23.0,4.0,4.0,2.0,1.0,1.0,1.0,4.0,2.0,1.0,1.0,0.0,0.0,0.0,0.0,0.0,0.0,0.0,0.0,0.0,0.0,0.0,0.0,0.0
193,10,Sprint 2,-38,14,9,44,0,0,0,0,8,43,0,0,1,1,1,1,23.0,10.0,14.0,0.0,2.0,0.17391304347826086,0.0,0.4910261901035311,0.24110671936758904,2.0,0.0,1.0,0.043478260869565216,0.0,0.2085144140570748,0.04347826086956523,1.0,0.0,2.0,0.8695652173913043,0.0,1.013739603739404,1.0276679841897236,2.0,0.0,1.0,0.043478260869565216,0.0,0.20851441405707477,0.04347826086956522,1.0,0.0,0.0,0.0,0.0,0.0,0.0,0.0,0.0,0.0,0.0,0.0,0.0,0.0,0.0,0.0,2.0,0.5217391304347826,0.0,0.897955517089759,0.8063241106719363,2.0,0.0,1.0,0.043478260869565216,0.0,0.2085144140570748,0.04347826086956523,1.0,0.0,0.0,0.0,0.0,0.0,0.0,0.0,22.0,4.0,3.0,2.0,1.0,2.0,1.0,6.0,2.0,1.0,1.0,0.0,0.0,0.0,0.0,0.0,0.0,0.0,0.0,0.0,0.0,0.0,0.0,0.0
193,14,Sprint 3,-49,14,10,49,0,0,0,0,9,44,1,5,0,0,1,2,24.0,10.0,15.0,0.0,2.0,0.16666666666666666,0.0,0.4815434123430768,0.23188405797101447,2.0,0.0,1.0,0.125,0.0,0.3378319623460881,0.11413043478260869,1.0,0.0,2.0,1.0833333333333333,2.0,1.0179547554081032,1.0362318840579712,2.0,0.0,1.0,0.08333333333333333,0.0,0.28232985128663995,0.07971014492753623,1.0,0.0,0.0,0.0,0.0,0.0,0.0,0.0,0.0,0.0,0.0,0.0,0.0,0.0,0.0,0.0,4.0,0.75,0.0,1.1515584902738285,1.326086956521739,4.0,0.0,1.0,0.041666666666666664,0.0,0.20412414523193154,0.04166666666666668,1.0,0.0,0.0,0.0,0.0,0.0,0.0,0.0,23.0,2.0,5.0,1.0,1.0,2.0,1.0,5.0,2.0,1.0,1.0,1.0,1.0,1.0,0.0,0.0,0.0,0.0,0.0,0.0,0.0,0.0,0.0,0.0
193,64,Sprint 4,-48,14,10,48,0,0,0,0,7,25,3,23,0,0,1,4,26.0,13.0,20.0,0.0,1.0,0.07692307692307693,0.0,0.271746488194703,0.07384615384615385,1.0,0.0,1.0,0.038461538461538464,0.0,0.19611613513818402,0.03846153846153846,1.0,0.0,2.0,1.0,1.0,1.019803902718557,1.04,2.0,0.0,1.0,0.19230769230769232,0.0,0.40191847623425014,0.16153846153846152,1.0,0.0,0.0,0.0,0.0,0.0,0.0,0.0,0.0,0.0,0.0,0.0,0.0,0.0,0.0,0.0,2.0,0.46153846153846156,0.0,0.8593378488473195,0.7384615384615384,2.0,0.0,1.0,0.07692307692307693,0.0,0.271746488194703,0.07384615384615385,1.0,0.0,1.0,0.038461538461538464,0.0,0.19611613513818402,0.03846153846153846,1.0,25.0,2.0,3.0,1.0,1.0,4.0,1.0,4.0,1.0,1.0,1.0,1.0,0.0,0.0,0.0,0.0,0.0,0.0,0.0,0.0,0.0,0.0,0.0,0.0
193,81,Sprint 5,-21,14,5,22,0,0,0,0,4,21,0,0,1,1,1,2,17.0,8.0,12.0,0.0,1.0,0.11764705882352941,0.0,0.3321055820775357,0.1102941176470588,1.0,0.0,1.0,0.058823529411764705,0.0,0.242535625036333,0.05882352941176471,1.0,0.0,2.0,1.0588235294117647,2.0,1.0289915108550531,1.0588235294117647,2.0,0.0,1.0,0.11764705882352941,0.0,0.3321055820775357,0.1102941176470588,1.0,0.0,0.0,0.0,0.0,0.0,0.0,0.0,0.0,0.0,0.0,0.0,0.0,0.0,0.0,0.0,2.0,0.5882352941176471,0.0,0.9393364366277243,0.8823529411764706,2.0,0.0,1.0,0.11764705882352941,0.0,0.3321055820775357,0.1102941176470588,1.0,0.0,0.0,0.0,0.0,0.0,0.0,0.0,17.0,2.0,2.0,0.0,1.0,2.0,1.0,3.0,1.0,1.0,0.0,1.0,0.0,0.0,0.0,0.0,0.0,0.0,0.0,0.0,0.0,0.0,0.0,0.0
193,233,Sprint 6,-34,0,12,49,0,0,1,13,7,27,2,7,2,2,1,7,30.0,8.0,17.0,0.0,0.0,0.0,0.0,0.0,0.0,0.0,0.0,1.0,0.16666666666666666,0.0,0.3790490217894517,0.14367816091954025,1.0,0.0,2.0,1.0,1.0,0.909717652294684,0.8275862068965517,2.0,0.0,2.0,0.26666666666666666,0.0,0.5208304597621878,0.2712643678160919,2.0,0.0,0.0,0.0,0.0,0.0,0.0,0.0,0.0,0.0,0.0,0.0,0.0,0.0,0.0,0.0,4.0,0.9666666666666667,0.0,1.3767361035618173,1.8954022988505748,4.0,0.0,1.0,0.1,0.0,0.30512857662936466,0.09310344827586205,1.0,0.0,2.0,0.13333333333333333,0.0,0.4341724854553048,0.18850574712643683,2.0,29.0,0.0,4.0,2.0,3.0,3.0,0.0,4.0,1.0,1.0,1.0,1.0,1.0,3.0,6.0,2.0,0.0,0.0,0.0,0.0,0.0,0.0,0.0,0.0
193,314,Sprint 5,0,4,0,0,0,0,0,0,0,0,0,0,0,0,1,1,3.0,3.0,3.0,0.0,0.0,0.0,0.0,0.0,0.0,0.0,0.0,1.0,0.3333333333333333,0.0,0.5773502691896258,0.33333333333333337,1.0,1.0,1.0,1.0,1.0,0.0,0.0,0.0,0.0,0.0,0.0,0.0,0.0,0.0,0.0,0.0,0.0,0.0,0.0,0.0,0.0,0.0,0.0,0.0,0.0,0.0,0.0,0.0,0.0,0.0,0.0,0.0,0.0,0.0,0.0,0.0,0.0,0.0,0.0,0.0,0.0,0.0,0.0,0.0,0.0,0.0,0.0,0.0,0.0,0.0,2.0,0.0,0.0,0.0,0.0,0.0,0.0,0.0,0.0,0.0,1.0,0.0,0.0,0.0,0.0,0.0,0.0,0.0,0.0,0.0,0.0,0.0,0.0,0.0
211,1781,Mono-sprint,-12,42,1,3,22,66,17,51,6,18,0,0,0,0,1,9,33.0,0.0,20.0,0.0,10.0,1.606060606060606,0.0,2.7493112085051634,7.558712121212121,10.0,0.0,5.0,1.0606060606060606,1.0,1.3905797788016772,1.933712121212121,5.0,0.0,6.0,1.1515151515151516,1.0,1.2777228798044424,1.6325757575757576,6.0,0.0,4.0,1.2727272727272727,1.0,1.0975178606954215,1.2045454545454546,4.0,0.0,0.0,0.0,0.0,0.0,0.0,0.0,0.0,0.0,0.0,0.0,0.0,0.0,0.0,0.0,2.0,0.12121212121212122,0.0,0.4151487502672805,0.17234848484848483,2.0,0.0,3.0,0.30303030303030304,0.0,0.6366341416410451,0.40530303030303033,3.0,0.0,6.0,1.0303030303030303,0.0,1.5100672270806457,2.2803030303030303,6.0,14.0,0.0,33.0,0.0,0.0,0.0,0.0,10.0,0.0,2.0,19.0,0.0,0.0,0.0,0.0,0.0,0.0,0.0,0.0,0.0,0.0,0.0,0.0,0.0
211,2422,Enterprise 3.12-M1,3,7,0,0,0,0,0,0,0,0,0,0,0,0,1,2,3.0,0.0,1.0,1.0,3.0,1.6666666666666667,1.0,1.1547005383792517,1.3333333333333335,2.0,0.0,2.0,1.0,1.0,1.0,1.0,2.0,1.0,1.0,1.0,1.0,0.0,0.0,0.0,0.0,2.0,0.6666666666666666,0.0,1.1547005383792517,1.3333333333333335,2.0,0.0,0.0,0.0,0.0,0.0,0.0,0.0,0.0,0.0,0.0,0.0,0.0,0.0,0.0,0.0,2.0,0.6666666666666666,0.0,1.1547005383792517,1.3333333333333335,2.0,0.0,0.0,0.0,0.0,0.0,0.0,0.0,3.0,8.0,5.666666666666667,6.0,2.516611478423583,6.333333333333333,5.0,0.0,0.0,3.0,0.0,0.0,0.0,0.0,0.0,0.0,1.0,3.0,0.0,0.0,0.0,0.0,0.0,0.0,0.0,0.0,0.0,0.0,0.0,0.0,0.0
211,2440,Enterprise 3.12-M2,-3,7,2,6,3,9,3,9,2,6,0,0,0,0,1,4,6.0,0.0,2.0,0.0,2.0,1.0,1.0,0.8944271909999159,0.8,2.0,0.0,2.0,0.5,0.0,0.8366600265340756,0.7,2.0,0.0,1.0,0.8333333333333334,1.0,0.408248290463863,0.16666666666666669,1.0,0.0,0.0,0.0,0.0,0.0,0.0,0.0,0.0,0.0,0.0,0.0,0.0,0.0,0.0,0.0,0.0,0.0,0.0,0.0,0.0,0.0,0.0,3.0,0.5,0.0,1.224744871391589,1.5,3.0,0.0,1.0,0.16666666666666666,0.0,0.408248290463863,0.16666666666666669,1.0,0.0,8.0,2.3333333333333335,0.0,3.669695718539436,13.466666666666665,8.0,1.0,0.0,6.0,0.0,0.0,0.0,0.0,1.0,0.0,1.0,5.0,0.0,0.0,0.0,0.0,0.0,0.0,0.0,0.0,0.0,0.0,0.0,0.0,0.0
217,885,Enterprise 2.9-M1,-9,6,0,0,3,9,0,0,2,6,1,3,0,0,1,2,4.0,0.0,1.0,0.0,6.0,3.0,3.0,3.4641016151377544,12.0,6.0,0.0,0.0,0.0,0.0,0.0,0.0,0.0,0.0,2.0,0.75,0.5,0.9574271077563381,0.9166666666666666,2.0,0.0,1.0,0.25,0.0,0.5,0.25,1.0,0.0,0.0,0.0,0.0,0.0,0.0,0.0,0.0,0.0,0.0,0.0,0.0,0.0,0.0,0.0,0.0,0.0,0.0,0.0,0.0,0.0,0.0,0.0,0.0,0.0,0.0,0.0,0.0,0.0,1.0,0.25,0.0,0.5,0.25,1.0,1.0,0.0,2.0,0.0,0.0,0.0,0.0,0.0,0.0,1.0,3.0,0.0,0.0,0.0,0.0,0.0,2.0,0.0,0.0,0.0,0.0,0.0,0.0,0.0
217,897,Enterprise 2.9-M2,-6,6,6,18,0,0,2,6,2,6,2,6,0,0,1,2,6.0,0.0,2.0,0.0,6.0,2.5,1.5,2.8106938645110393,7.9,6.0,0.0,1.0,0.3333333333333333,0.0,0.5163977794943223,0.2666666666666667,1.0,0.0,2.0,0.6666666666666666,0.5,0.816496580927726,0.6666666666666667,2.0,0.0,2.0,0.5,0.0,0.8366600265340756,0.7,2.0,0.0,0.0,0.0,0.0,0.0,0.0,0.0,0.0,0.0,0.0,0.0,0.0,0.0,0.0,0.0,1.0,0.16666666666666666,0.0,0.408248290463863,0.16666666666666669,1.0,0.0,0.0,0.0,0.0,0.0,0.0,0.0,0.0,2.0,0.5,0.0,0.8366600265340756,0.7,2.0,1.0,0.0,4.0,0.0,0.0,0.0,0.0,1.0,0.0,1.0,5.0,0.0,0.0,0.0,0.0,0.0,2.0,0.0,0.0,0.0,0.0,0.0,0.0,0.0
217,959,Enterprise 2.10-M1,-15,6,0,0,6,18,0,0,4,12,0,0,2,6,1,2,6.0,0.0,0.0,0.0,12.0,3.8333333333333335,2.0,4.915960401250874,24.16666666666666,12.0,0.0,1.0,0.8333333333333334,1.0,0.408248290463863,0.16666666666666669,1.0,0.0,1.0,0.8333333333333334,1.0,0.408248290463863,0.16666666666666669,1.0,0.0,1.0,0.16666666666666666,0.0,0.408248290463863,0.16666666666666669,1.0,0.0,0.0,0.0,0.0,0.0,0.0,0.0,0.0,0.0,0.0,0.0,0.0,0.0,0.0,0.0,2.0,0.5,0.0,0.8366600265340756,0.7,2.0,0.0,2.0,0.3333333333333333,0.0,0.816496580927726,0.6666666666666667,2.0,0.0,3.0,1.1666666666666667,0.5,1.4719601443879744,2.1666666666666665,3.0,1.0,0.0,5.0,0.0,0.0,0.0,0.0,3.0,0.0,2.0,5.0,0.0,0.0,0.0,0.0,0.0,1.0,0.0,0.0,0.0,0.0,0.0,0.0,0.0
217,976,Enterprise 2.10-M2,0,13,4,12,1,3,3,9,2,6,0,0,0,0,1,2,6.0,0.0,1.0,0.0,21.0,5.166666666666667,1.5,8.183316361150085,66.96666666666667,21.0,0.0,1.0,0.5,0.5,0.5477225575051661,0.3,1.0,0.0,1.0,0.6666666666666666,1.0,0.5163977794943223,0.2666666666666667,1.0,0.0,0.0,0.0,0.0,0.0,0.0,0.0,0.0,0.0,0.0,0.0,0.0,0.0,0.0,0.0,0.0,0.0,0.0,0.0,0.0,0.0,0.0,1.0,0.3333333333333333,0.0,0.5163977794943223,0.2666666666666667,1.0,0.0,0.0,0.0,0.0,0.0,0.0,0.0,0.0,3.0,1.0,0.0,1.5491933384829668,2.4,3.0,2.0,0.0,4.0,0.0,0.0,0.0,0.0,3.0,0.0,0.0,4.0,0.0,0.0,0.0,0.0,0.0,2.0,0.0,0.0,0.0,0.0,0.0,0.0,0.0
217,1055,Enterprise 2.11-M1,0,7,2,6,1,3,1,3,2,6,0,0,0,0,1,2,3.0,0.0,1.0,0.0,2.0,1.0,1.0,1.0,1.0,2.0,0.0,0.0,0.0,0.0,0.0,0.0,0.0,0.0,1.0,0.3333333333333333,0.0,0.5773502691896258,0.33333333333333337,1.0,0.0,0.0,0.0,0.0,0.0,0.0,0.0,0.0,0.0,0.0,0.0,0.0,0.0,0.0,0.0,0.0,0.0,0.0,0.0,0.0,0.0,0.0,0.0,0.0,0.0,0.0,0.0,0.0,0.0,1.0,0.3333333333333333,0.0,0.5773502691896258,0.33333333333333337,1.0,0.0,3.0,1.0,0.0,1.7320508075688772,3.0,3.0,1.0,0.0,1.0,0.0,0.0,0.0,0.0,0.0,0.0,0.0,2.0,0.0,0.0,0.0,0.0,0.0,2.0,0.0,0.0,0.0,0.0,0.0,0.0,0.0
217,1433,Blue Forever (3.4),-3,5873,0,0,12,36,11,33,1,3,0,0,0,0,1,5,12.0,0.0,8.0,0.0,4.0,1.9166666666666667,2.0,1.5642792899510294,2.446969696969697,4.0,0.0,2.0,0.9166666666666666,1.0,0.5149286505444374,0.26515151515151525,2.0,0.0,2.0,0.5833333333333334,0.5,0.6685579234215214,0.44696969696969685,2.0,0.0,3.0,0.9166666666666666,0.5,1.164500152881315,1.3560606060606062,3.0,0.0,0.0,0.0,0.0,0.0,0.0,0.0,0.0,0.0,0.0,0.0,0.0,0.0,0.0,0.0,2.0,0.5833333333333334,0.5,0.6685579234215214,0.44696969696969685,2.0,0.0,1.0,0.16666666666666666,0.0,0.38924947208076155,0.15151515151515155,1.0,0.0,4.0,0.6666666666666666,0.0,1.2309149097933274,1.5151515151515154,4.0,9.0,0.0,10.0,0.0,0.0,0.0,0.0,2.0,0.0,0.0,3.0,0.0,0.0,0.0,0.0,0.0,2.0,0.0,0.0,0.0,0.0,0.0,0.0,0.0
217,1781,Mono-sprint,-12,42,1,3,22,66,17,51,6,18,0,0,0,0,1,9,33.0,0.0,20.0,0.0,10.0,1.606060606060606,0.0,2.7493112085051634,7.558712121212121,10.0,0.0,5.0,1.0606060606060606,1.0,1.3905797788016772,1.933712121212121,5.0,0.0,6.0,1.1515151515151516,1.0,1.2777228798044424,1.6325757575757576,6.0,0.0,4.0,1.2727272727272727,1.0,1.0975178606954215,1.2045454545454546,4.0,0.0,0.0,0.0,0.0,0.0,0.0,0.0,0.0,0.0,0.0,0.0,0.0,0.0,0.0,0.0,2.0,0.12121212121212122,0.0,0.4151487502672805,0.17234848484848483,2.0,0.0,3.0,0.30303030303030304,0.0,0.6366341416410451,0.40530303030303033,3.0,0.0,6.0,1.0303030303030303,0.0,1.5100672270806457,2.2803030303030303,6.0,14.0,0.0,33.0,0.0,0.0,0.0,0.0,10.0,0.0,2.0,19.0,0.0,0.0,0.0,0.0,0.0,0.0,0.0,0.0,0.0,0.0,0.0,0.0,0.0
217,2304,Stash Targaryens 3.11,-9,25,0,0,27,81,24,72,3,9,0,0,0,0,1,5,28.0,0.0,23.0,0.0,6.0,1.1428571428571428,1.0,1.5566889295168844,2.4232804232804233,6.0,0.0,2.0,0.8214285714285714,1.0,0.6696362433535825,0.44841269841269843,2.0,0.0,1.0,0.8571428571428571,1.0,0.3563483225498991,0.12698412698412695,1.0,0.0,3.0,0.39285714285714285,0.0,0.7859547491585427,0.6177248677248678,3.0,0.0,0.0,0.0,0.0,0.0,0.0,0.0,0.0,0.0,0.0,0.0,0.0,0.0,0.0,0.0,3.0,0.5714285714285714,0.5,0.6900655593423544,0.47619047619047633,3.0,0.0,1.0,0.21428571428571427,0.0,0.4178554470186725,0.17460317460317462,1.0,0.0,6.0,0.42857142857142855,0.0,1.2301331282538137,1.5132275132275135,6.0,14.0,0.0,28.0,0.0,0.0,0.0,0.0,2.0,3.0,0.0,14.0,0.0,0.0,0.0,0.0,0.0,0.0,0.0,0.0,0.0,0.0,0.0,0.0,0.0
217,2422,Enterprise 3.12-M1,3,7,0,0,0,0,0,0,0,0,0,0,0,0,1,2,3.0,0.0,1.0,1.0,3.0,1.6666666666666667,1.0,1.1547005383792517,1.3333333333333335,2.0,0.0,2.0,1.0,1.0,1.0,1.0,2.0,1.0,1.0,1.0,1.0,0.0,0.0,0.0,0.0,2.0,0.6666666666666666,0.0,1.1547005383792517,1.3333333333333335,2.0,0.0,0.0,0.0,0.0,0.0,0.0,0.0,0.0,0.0,0.0,0.0,0.0,0.0,0.0,0.0,2.0,0.6666666666666666,0.0,1.1547005383792517,1.3333333333333335,2.0,0.0,0.0,0.0,0.0,0.0,0.0,0.0,3.0,8.0,5.666666666666667,6.0,2.516611478423583,6.333333333333333,5.0,0.0,0.0,3.0,0.0,0.0,0.0,0.0,0.0,0.0,1.0,3.0,0.0,0.0,0.0,0.0,0.0,0.0,0.0,0.0,0.0,0.0,0.0,0.0,0.0
217,2440,Enterprise 3.12-M2,-9,7,3,9,3,9,2,6,4,12,0,0,0,0,1,4,7.0,0.0,3.0,0.0,3.0,1.2857142857142858,1.0,1.1126972805283737,1.2380952380952381,3.0,0.0,2.0,0.5714285714285714,0.0,0.7867957924694431,0.619047619047619,2.0,0.0,1.0,0.8571428571428571,1.0,0.37796447300922725,0.14285714285714288,1.0,0.0,2.0,0.2857142857142857,0.0,0.7559289460184545,0.5714285714285715,2.0,0.0,0.0,0.0,0.0,0.0,0.0,0.0,0.0,0.0,0.0,0.0,0.0,0.0,0.0,0.0,3.0,0.42857142857142855,0.0,1.1338934190276817,1.2857142857142858,3.0,0.0,1.0,0.14285714285714285,0.0,0.3779644730092273,0.1428571428571429,1.0,0.0,8.0,2.4285714285714284,0.0,3.3594217189442417,11.285714285714285,8.0,1.0,0.0,7.0,0.0,0.0,0.0,0.0,1.0,0.0,1.0,6.0,0.0,0.0,0.0,0.0,0.0,0.0,0.0,0.0,0.0,0.0,0.0,0.0,0.0
218,46,Sprint 1,-6,14,0,0,4,12,1,3,0,0,3,9,0,0,1,3,6.0,0.0,3.0,0.0,7.0,2.0,1.0,2.756809750418044,7.6,7.0,0.0,1.0,0.6666666666666666,1.0,0.5163977794943223,0.2666666666666667,1.0,0.0,2.0,1.6666666666666667,2.0,0.816496580927726,0.6666666666666667,2.0,0.0,4.0,0.8333333333333334,0.0,1.6020819787597222,2.566666666666667,4.0,0.0,0.0,0.0,0.0,0.0,0.0,0.0,0.0,0.0,0.0,0.0,0.0,0.0,0.0,0.0,2.0,1.0,1.0,1.0954451150103321,1.2,2.0,0.0,2.0,0.3333333333333333,0.0,0.816496580927726,0.6666666666666667,2.0,0.0,2.0,0.5,0.0,0.8366600265340756,0.7,2.0,2.0,0.0,1.0,4.0,0.0,0.0,1.0,3.0,0.0,0.0,4.0,0.0,0.0,0.0,0.0,0.0,0.0,0.0,0.0,0.0,0.0,0.0,0.0,0.0
218,56,Sprint 2 - TEAMCAL 2.4,21,52,9,27,15,45,0,0,2,6,5,15,17,51,1,4,36.0,0.0,23.0,0.0,9.0,0.75,0.0,1.6966353257466462,2.8785714285714286,9.0,0.0,1.0,0.8611111111111112,1.0,0.3507361872061009,0.12301587301587306,1.0,0.0,3.0,2.0555555555555554,2.0,0.5828229059350188,0.3396825396825398,3.0,0.0,7.0,0.8055555555555556,0.0,1.4105610726524886,1.9896825396825395,7.0,0.0,0.0,0.0,0.0,0.0,0.0,0.0,0.0,0.0,0.0,0.0,0.0,0.0,0.0,0.0,6.0,1.3611111111111112,2.0,1.457057264837547,2.1230158730158735,6.0,0.0,1.0,0.05555555555555555,0.0,0.2323106841457232,0.05396825396825397,1.0,0.0,3.0,0.2777777777777778,0.0,0.7014723744122018,0.49206349206349226,3.0,26.0,0.0,17.0,14.0,0.0,2.0,3.0,10.0,2.0,0.0,10.0,0.0,0.0,1.0,0.0,0.0,0.0,0.0,0.0,0.0,0.0,0.0,0.0,0.0
218,130,Sprint 2 - TEAMCAL 2.5,27,35,10,30,5,15,0,0,2,6,1,3,12,36,1,4,28.0,0.0,17.0,0.0,4.0,0.75,0.0,1.075828707279838,1.1574074074074074,4.0,0.0,1.0,0.9642857142857143,1.0,0.18898223650461365,0.035714285714285726,1.0,0.0,3.0,2.1785714285714284,2.0,0.6696362433535825,0.44841269841269843,3.0,0.0,2.0,0.4642857142857143,0.0,0.6372477195601849,0.4060846560846561,2.0,0.0,0.0,0.0,0.0,0.0,0.0,0.0,0.0,0.0,0.0,0.0,0.0,0.0,0.0,0.0,6.0,1.2142857142857142,0.0,1.8126539343499317,3.2857142857142865,6.0,0.0,2.0,0.10714285714285714,0.0,0.4162696521251859,0.17328042328042328,2.0,0.0,5.0,0.39285714285714285,0.0,1.030615986761952,1.062169312169312,5.0,15.0,0.0,12.0,9.0,0.0,2.0,5.0,10.0,0.0,1.0,13.0,0.0,0.0,0.0,0.0,0.0,0.0,0.0,0.0,0.0,0.0,0.0,0.0,0.0
218,194,Sprint 2 - TEAMCAL 2.6,21,14,1,3,5,15,0,0,5,15,0,0,1,3,1,2,16.0,0.0,11.0,0.0,8.0,1.3125,0.0,2.1823152842795195,4.7625,8.0,0.0,1.0,0.625,1.0,0.5,0.25,1.0,0.0,3.0,1.8125,2.0,0.6551081335677849,0.42916666666666664,3.0,0.0,4.0,0.875,0.0,1.408308678285174,1.9833333333333334,4.0,0.0,0.0,0.0,0.0,0.0,0.0,0.0,0.0,0.0,0.0,0.0,0.0,0.0,0.0,0.0,4.0,0.75,0.0,1.2382783747337807,1.5333333333333334,4.0,0.0,2.0,0.1875,0.0,0.5439056290693574,0.29583333333333334,2.0,0.0,5.0,0.625,0.0,1.3102162671355697,1.7166666666666666,5.0,10.0,0.0,9.0,4.0,0.0,1.0,2.0,5.0,0.0,0.0,6.0,0.0,0.0,0.0,0.0,0.0,0.0,0.0,0.0,0.0,0.0,0.0,0.0,0.0
218,239,TEAMCAL 3.0 - Timeline Juice,3,43,8,24,5,15,2,6,5,15,0,0,6,18,1,2,17.0,0.0,8.0,0.0,28.0,2.823529411764706,1.0,6.738279584931592,45.40441176470588,28.0,0.0,10.0,1.2941176470588236,1.0,2.2848606599296417,5.220588235294117,10.0,0.0,3.0,1.7058823529411764,2.0,0.7717436331412898,0.5955882352941176,3.0,0.0,9.0,1.2352941176470589,0.0,2.278415341984037,5.1911764705882355,9.0,0.0,0.0,0.0,0.0,0.0,0.0,0.0,0.0,0.0,0.0,0.0,0.0,0.0,0.0,0.0,4.0,1.1176470588235294,0.0,1.495090003192804,2.235294117647059,4.0,0.0,2.0,0.23529411764705882,0.0,0.562295714538387,0.3161764705882352,2.0,0.0,5.0,0.8823529411764706,0.0,1.4090046549415862,1.9852941176470584,5.0,8.0,0.0,8.0,6.0,0.0,1.0,2.0,6.0,1.0,2.0,9.0,0.0,0.0,0.0,0.0,0.0,0.0,0.0,0.0,0.0,0.0,0.0,0.0,0.0
218,297,IT-1249 Features,0,14,0,0,0,0,0,0,0,0,0,0,0,0,1,1,0.0,0.0,0.0,0.0,0.0,0.0,0.0,0.0,0.0,0.0,0.0,0.0,0.0,0.0,0.0,0.0,0.0,0.0,0.0,0.0,0.0,0.0,0.0,0.0,0.0,0.0,0.0,0.0,0.0,0.0,0.0,0.0,0.0,0.0,0.0,0.0,0.0,0.0,0.0,0.0,0.0,0.0,0.0,0.0,0.0,0.0,0.0,0.0,0.0,0.0,0.0,0.0,0.0,0.0,0.0,0.0,0.0,0.0,0.0,0.0,0.0,0.0,0.0,0.0,0.0,0.0,0.0,0.0,0.0,0.0,0.0,0.0,0.0,0.0,0.0,0.0,0.0,0.0,0.0,0.0,0.0,0.0,0.0,0.0,0.0,0.0,0.0,0.0,0.0,0.0
218,304,TEAMCAL 3.1,48,60,5,15,2,6,3,9,4,12,0,0,0,0,1,2,25.0,0.0,11.0,0.0,9.0,0.44,0.0,1.8046236911518887,3.2566666666666673,9.0,0.0,2.0,0.68,1.0,0.6271629240742259,0.3933333333333333,2.0,0.0,3.0,1.52,2.0,0.8225975119502044,0.6766666666666666,3.0,0.0,4.0,0.52,0.0,0.9626352718795768,0.9266666666666667,4.0,0.0,0.0,0.0,0.0,0.0,0.0,0.0,0.0,0.0,0.0,0.0,0.0,0.0,0.0,0.0,2.0,0.24,0.0,0.5972157622389639,0.35666666666666663,2.0,0.0,1.0,0.12,0.0,0.33166247903553997,0.11,1.0,0.0,1.0,0.08,0.0,0.27688746209726917,0.07666666666666667,1.0,17.0,0.0,14.0,5.0,0.0,5.0,0.0,7.0,2.0,3.0,8.0,0.0,0.0,2.0,0.0,0.0,0.0,1.0,0.0,0.0,0.0,0.0,0.0,0.0
218,396,3.2 - Makin' it faster & i18n,15,36,4,12,3,9,3,9,0,0,1,3,3,9,1,3,15.0,0.0,8.0,0.0,15.0,1.5333333333333334,0.0,4.257206774847743,18.123809523809523,15.0,0.0,1.0,0.7333333333333333,1.0,0.45773770821706344,0.2095238095238095,1.0,0.0,3.0,1.4666666666666666,1.0,0.9154754164341269,0.838095238095238,3.0,0.0,4.0,0.4666666666666667,0.0,1.0600988273786194,1.1238095238095238,4.0,0.0,0.0,0.0,0.0,0.0,0.0,0.0,0.0,0.0,0.0,0.0,0.0,0.0,0.0,0.0,4.0,0.8,0.0,1.4242792663559452,2.0285714285714294,4.0,0.0,0.0,0.0,0.0,0.0,0.0,0.0,0.0,2.0,0.26666666666666666,0.0,0.5936168397046637,0.3523809523809524,2.0,12.0,0.0,11.0,1.0,0.0,3.0,0.0,5.0,0.0,2.0,3.0,0.0,0.0,0.0,0.0,0.0,0.0,0.0,0.0,0.0,0.0,0.0,0.0,0.0
218,518,3.2.1 - Dark RSVP & Bug Fix,-3,6,6,18,0,0,0,0,4,12,0,0,2,6,1,1,7.0,0.0,5.0,0.0,7.0,1.8571428571428572,1.0,2.544836041121407,6.4761904761904745,7.0,0.0,1.0,0.7142857142857143,1.0,0.48795003647426666,0.23809523809523814,1.0,0.0,3.0,1.2857142857142858,1.0,0.9511897312113419,0.9047619047619048,3.0,0.0,1.0,0.14285714285714285,0.0,0.37796447300922725,0.14285714285714288,1.0,0.0,0.0,0.0,0.0,0.0,0.0,0.0,0.0,0.0,0.0,0.0,0.0,0.0,0.0,0.0,1.0,0.2857142857142857,0.0,0.48795003647426666,0.23809523809523814,1.0,0.0,1.0,0.2857142857142857,0.0,0.48795003647426666,0.23809523809523814,1.0,0.0,0.0,0.0,0.0,0.0,0.0,0.0,7.0,0.0,6.0,0.0,0.0,1.0,0.0,2.0,0.0,0.0,0.0,0.0,0.0,0.0,0.0,0.0,0.0,0.0,0.0,0.0,0.0,0.0,0.0,0.0
218,533,4.0 - Custom Events 4u,-3,11,11,33,0,0,0,0,11,33,0,0,0,0,1,2,11.0,0.0,3.0,0.0,11.0,3.1818181818181817,2.0,3.6281725928677044,13.163636363636362,11.0,0.0,2.0,0.7272727272727273,1.0,0.6466697906828632,0.41818181818181815,2.0,0.0,3.0,1.5454545454545454,1.0,0.9341987329938275,0.8727272727272727,3.0,0.0,1.0,0.2727272727272727,0.0,0.46709936649691375,0.21818181818181817,1.0,0.0,0.0,0.0,0.0,0.0,0.0,0.0,0.0,0.0,0.0,0.0,0.0,0.0,0.0,0.0,3.0,1.5454545454545454,1.0,0.9341987329938275,0.8727272727272727,3.0,0.0,2.0,0.5454545454545454,0.0,0.6875516509523286,0.47272727272727266,2.0,0.0,11.0,1.0909090909090908,0.0,3.3001377381723165,10.890909090909094,11.0,7.0,0.0,9.0,2.0,0.0,0.0,0.0,4.0,1.0,2.0,4.0,0.0,0.0,1.0,0.0,0.0,0.0,0.0,0.0,0.0,0.0,0.0,0.0,0.0
218,697,Team Calendars 4.1,117,81,9,27,13,39,1,3,1,3,4,12,16,48,1,2,73.0,0.0,30.0,0.0,18.0,1.5753424657534247,0.0,3.5703945013089475,12.747716894977167,18.0,0.0,3.0,1.0136986301369864,1.0,0.5398855507556801,0.2914764079147641,3.0,0.0,3.0,0.9315068493150684,1.0,0.6308893000996396,0.3980213089802131,3.0,0.0,4.0,0.6164383561643836,0.0,0.9807896051750765,0.9619482496194826,4.0,0.0,0.0,0.0,0.0,0.0,0.0,0.0,0.0,0.0,0.0,0.0,0.0,0.0,0.0,0.0,2.0,0.273972602739726,0.0,0.5338610402998857,0.28500761035007616,2.0,0.0,2.0,0.1643835616438356,0.0,0.4413898072545962,0.19482496194824958,2.0,0.0,2.0,0.2465753424657534,0.0,0.5472360327086228,0.2994672754946728,2.0,42.0,0.0,52.0,16.0,1.0,2.0,1.0,27.0,5.0,7.0,31.0,0.0,0.0,3.0,0.0,0.0,0.0,0.0,1.0,0.0,0.0,0.0,0.0,0.0
218,858,Welcome VN Team Sprint!,-9,14,10,30,0,0,0,0,10,30,0,0,0,0,1,1,11.0,0.0,9.0,0.0,3.0,0.6363636363636364,0.0,1.1200649331826502,1.2545454545454546,3.0,0.0,1.0,0.7272727272727273,1.0,0.46709936649691375,0.21818181818181817,1.0,1.0,1.0,1.0,1.0,0.0,0.0,0.0,0.0,1.0,0.18181818181818182,0.0,0.4045199174779452,0.16363636363636358,1.0,0.0,0.0,0.0,0.0,0.0,0.0,0.0,0.0,0.0,0.0,0.0,0.0,0.0,0.0,0.0,0.0,0.0,0.0,0.0,0.0,0.0,0.0,1.0,0.09090909090909091,0.0,0.30151134457776363,0.0909090909090909,1.0,0.0,2.0,0.6363636363636364,0.0,0.9244162777371755,0.8545454545454547,2.0,5.0,0.0,2.0,8.0,0.0,0.0,1.0,1.0,1.0,0.0,6.0,0.0,0.0,0.0,0.0,0.0,0.0,0.0,0.0,0.0,0.0,0.0,0.0,0.0
218,929,Team Calendars 4.1.2,-9,14,7,21,3,9,0,0,2,6,2,6,6,18,1,4,11.0,0.0,4.0,0.0,16.0,2.8181818181818183,1.0,4.707827138249275,22.16363636363636,16.0,0.0,2.0,1.0,1.0,0.4472135954999579,0.2,2.0,0.0,3.0,0.8181818181818182,1.0,0.9816498172140427,0.9636363636363633,3.0,0.0,1.0,0.18181818181818182,0.0,0.4045199174779452,0.16363636363636358,1.0,0.0,0.0,0.0,0.0,0.0,0.0,0.0,0.0,0.0,0.0,0.0,0.0,0.0,0.0,0.0,2.0,0.2727272727272727,0.0,0.6466697906828633,0.41818181818181827,2.0,0.0,1.0,0.2727272727272727,0.0,0.46709936649691375,0.21818181818181817,1.0,0.0,2.0,0.5454545454545454,0.0,0.8201995322647243,0.6727272727272726,2.0,6.0,0.0,9.0,1.0,0.0,1.0,0.0,4.0,0.0,2.0,5.0,0.0,0.0,1.0,0.0,0.0,0.0,0.0,0.0,0.0,0.0,0.0,0.0,0.0
218,986,4.2 - Performance/AO Migration,78,14,1,3,2,6,1,3,1,3,1,3,0,0,1,2,41.0,0.0,15.0,0.0,12.0,0.5609756097560976,0.0,2.049985127846113,4.2024390243902445,12.0,0.0,2.0,0.8536585365853658,1.0,0.4775445324656172,0.22804878048780491,2.0,0.0,3.0,0.6097560975609756,0.0,0.7374974162831963,0.5439024390243902,3.0,0.0,6.0,0.7317073170731707,0.0,1.1624196798898072,1.351219512195122,6.0,0.0,0.0,0.0,0.0,0.0,0.0,0.0,0.0,0.0,0.0,0.0,0.0,0.0,0.0,0.0,0.0,0.0,0.0,0.0,0.0,0.0,0.0,1.0,0.024390243902439025,0.0,0.15617376188860604,0.02439024390243902,1.0,0.0,2.0,0.0975609756097561,0.0,0.3744915251898558,0.14024390243902438,2.0,22.0,0.0,28.0,9.0,0.0,3.0,0.0,20.0,0.0,6.0,19.0,0.0,0.0,0.0,0.0,0.0,0.0,0.0,0.0,1.0,0.0,0.0,0.0,0.0
218,1147,4.2.1 - Performance cleanup,-3,7,14,42,2,6,4,12,12,36,0,0,0,0,1,5,16.0,0.0,9.0,0.0,16.0,2.625,1.0,4.16132991562393,17.316666666666666,16.0,0.0,2.0,1.0625,1.0,0.5737304826019501,0.32916666666666666,2.0,0.0,1.0,0.9375,1.0,0.25,0.0625,1.0,0.0,6.0,0.625,0.0,1.5,2.25,6.0,0.0,0.0,0.0,0.0,0.0,0.0,0.0,0.0,0.0,0.0,0.0,0.0,0.0,0.0,0.0,1.0,0.8125,1.0,0.4031128874149275,0.1625,1.0,0.0,2.0,0.3125,0.0,0.704154339142587,0.49583333333333335,2.0,0.0,2.0,0.375,0.0,0.6191391873668903,0.38333333333333336,2.0,6.0,0.0,14.0,1.0,0.0,1.0,0.0,4.0,1.0,2.0,10.0,0.0,0.0,0.0,0.0,0.0,0.0,0.0,0.0,0.0,0.0,0.0,0.0,0.0
218,1172,4.3.0 - Event Type Change,57,7,16,48,1,3,0,0,10,30,6,18,1,3,1,5,44.0,0.0,23.0,0.0,21.0,1.2272727272727273,0.0,3.456464360785228,11.947145877378436,21.0,0.0,2.0,0.7954545454545454,1.0,0.6317029569289762,0.39904862579281186,2.0,0.0,3.0,0.9318181818181818,1.0,0.6249735723799539,0.39059196617336145,3.0,0.0,4.0,0.3409090909090909,0.0,0.9135461653329312,0.8345665961945032,4.0,0.0,0.0,0.0,0.0,0.0,0.0,0.0,0.0,0.0,0.0,0.0,0.0,0.0,0.0,0.0,2.0,0.13636363636363635,0.0,0.46209377337410695,0.2135306553911205,2.0,0.0,2.0,0.06818181818181818,0.0,0.33394939546509295,0.11152219873150104,2.0,0.0,3.0,0.4318181818181818,0.0,0.7893985721473312,0.6231501057082452,3.0,22.0,0.0,30.0,9.0,0.0,3.0,1.0,12.0,1.0,4.0,22.0,0.0,0.0,4.0,0.0,0.0,0.0,0.0,0.0,1.0,0.0,0.0,0.0,0.0
218,1258,4.2.2 - Code Health Week,3,7,2,6,2,6,0,0,1,3,3,9,0,0,1,1,5.0,0.0,5.0,0.0,2.0,0.4,0.0,0.8944271909999161,0.8000000000000003,2.0,0.0,1.0,0.4,0.0,0.5477225575051662,0.30000000000000004,1.0,0.0,0.0,0.0,0.0,0.0,0.0,0.0,0.0,1.0,0.2,0.0,0.447213595499958,0.20000000000000004,1.0,0.0,0.0,0.0,0.0,0.0,0.0,0.0,0.0,0.0,0.0,0.0,0.0,0.0,0.0,0.0,0.0,0.0,0.0,0.0,0.0,0.0,0.0,0.0,0.0,0.0,0.0,0.0,0.0,0.0,2.0,0.4,0.0,0.8944271909999161,0.8000000000000003,2.0,4.0,0.0,0.0,1.0,0.0,3.0,0.0,0.0,0.0,0.0,1.0,0.0,0.0,0.0,0.0,0.0,0.0,0.0,0.0,0.0,1.0,0.0,0.0,0.0
218,1259,4.2.x - Freezer Work,0,14,1,3,0,0,0,0,1,3,0,0,0,0,1,1,1.0,0.0,0.0,1.0,1.0,1.0,1.0,0.0,0.0,0.0,0.0,0.0,0.0,0.0,0.0,0.0,0.0,0.0,0.0,0.0,0.0,0.0,0.0,0.0,0.0,0.0,0.0,0.0,0.0,0.0,0.0,0.0,0.0,0.0,0.0,0.0,0.0,0.0,0.0,0.0,0.0,0.0,0.0,0.0,0.0,0.0,0.0,0.0,0.0,0.0,0.0,0.0,1.0,1.0,1.0,1.0,0.0,0.0,0.0,0.0,0.0,0.0,0.0,0.0,0.0,0.0,0.0,0.0,0.0,0.0,0.0,1.0,0.0,1.0,0.0,0.0,1.0,0.0,0.0,0.0,0.0,0.0,0.0,0.0,0.0,0.0,0.0,0.0,0.0,0.0
218,1346,4.4.0 - Disable Event Types,-3,14,11,33,0,0,0,0,4,12,6,18,1,3,1,4,17.0,0.0,12.0,0.0,8.0,1.2352941176470589,0.0,2.1368613597021766,4.5661764705882355,8.0,0.0,2.0,0.6470588235294118,1.0,0.6063390625908325,0.36764705882352944,2.0,0.0,1.0,0.5294117647058824,1.0,0.5144957554275266,0.2647058823529412,1.0,0.0,4.0,0.29411764705882354,0.0,0.9851843661437781,0.9705882352941179,4.0,0.0,0.0,0.0,0.0,0.0,0.0,0.0,0.0,0.0,0.0,0.0,0.0,0.0,0.0,0.0,0.0,0.0,0.0,0.0,0.0,0.0,0.0,1.0,0.058823529411764705,0.0,0.242535625036333,0.05882352941176471,1.0,0.0,3.0,0.4117647058823529,0.0,0.8702602720890289,0.7573529411764707,3.0,7.0,0.0,7.0,6.0,1.0,3.0,0.0,3.0,0.0,1.0,10.0,0.0,0.0,1.0,0.0,0.0,0.0,0.0,0.0,0.0,0.0,0.0,0.0,0.0
218,1388,5.0 - Custom Event Types,66,14,0,0,11,33,2,6,5,15,2,6,2,6,1,4,38.0,0.0,27.0,0.0,104.0,3.5526315789473686,0.0,16.871048876253116,284.63229018492154,104.0,0.0,2.0,0.47368421052631576,0.0,0.5568658485285913,0.310099573257468,2.0,0.0,1.0,0.7631578947368421,1.0,0.4308514841827461,0.1856330014224751,1.0,0.0,11.0,0.4473684210526316,0.0,1.8844652036693808,3.551209103840681,11.0,0.0,0.0,0.0,0.0,0.0,0.0,0.0,0.0,0.0,0.0,0.0,0.0,0.0,0.0,0.0,1.0,0.05263157894736842,0.0,0.22629428592141426,0.051209103840682786,1.0,0.0,1.0,0.05263157894736842,0.0,0.22629428592141426,0.051209103840682786,1.0,0.0,3.0,0.23684210526315788,0.0,0.6339157811876048,0.40184921763869125,3.0,27.0,0.0,22.0,6.0,1.0,8.0,1.0,10.0,0.0,1.0,11.0,0.0,0.0,0.0,0.0,0.0,0.0,0.0,0.0,0.0,0.0,0.0,0.0,0.0
218,1565,5.1 - TC Tour & Bug fixed,30,14,11,33,1,3,0,0,7,21,3,9,2,6,1,2,28.0,0.0,14.0,0.0,14.0,1.1785714285714286,0.0,2.789578109991909,7.781746031746032,14.0,0.0,4.0,0.8214285714285714,1.0,0.8629652337776967,0.7447089947089948,4.0,0.0,2.0,0.6785714285714286,1.0,0.5479640045336466,0.30026455026455023,2.0,0.0,4.0,0.4642857142857143,0.0,1.1049431980420852,1.2208994708994707,4.0,0.0,0.0,0.0,0.0,0.0,0.0,0.0,0.0,0.0,0.0,0.0,0.0,0.0,0.0,0.0,1.0,0.03571428571428571,0.0,0.18898223650461365,0.035714285714285726,1.0,0.0,1.0,0.03571428571428571,0.0,0.18898223650461365,0.035714285714285726,1.0,0.0,3.0,0.5357142857142857,0.0,0.8811668550592597,0.7764550264550264,3.0,16.0,0.0,21.0,5.0,0.0,2.0,0.0,12.0,0.0,1.0,12.0,0.0,0.0,1.0,0.0,0.0,0.0,0.0,0.0,0.0,0.0,0.0,0.0,0.0
218,1654,5.2 - Reminder,63,14,0,0,1,3,1,3,0,0,0,0,0,0,1,3,46.0,0.0,29.0,0.0,3.0,0.2608695652173913,0.0,0.7128902863600216,0.5082125603864737,3.0,0.0,1.0,0.4782608695652174,0.0,0.5050469916434667,0.25507246376811593,1.0,0.0,1.0,0.8478260869565217,1.0,0.36315844747302034,0.1318840579710145,1.0,0.0,3.0,0.21739130434782608,0.0,0.5542980938191959,0.30724637681159417,3.0,0.0,0.0,0.0,0.0,0.0,0.0,0.0,0.0,0.0,0.0,0.0,0.0,0.0,0.0,0.0,1.0,0.021739130434782608,0.0,0.1474419561548971,0.021739130434782598,1.0,0.0,1.0,0.043478260869565216,0.0,0.2061845709423622,0.04251207729468599,1.0,0.0,7.0,0.43478260869565216,0.0,1.2410062926341219,1.5400966183574878,7.0,32.0,0.0,32.0,5.0,0.0,9.0,0.0,17.0,0.0,0.0,14.0,0.0,0.0,0.0,0.0,0.0,0.0,0.0,0.0,0.0,0.0,0.0,0.0,0.0
218,1701,5.1.x - AUI update,3,14,5,15,2,6,1,3,0,0,0,0,6,18,1,1,8.0,0.0,3.0,0.0,1.0,0.125,0.0,0.3535533905932738,0.125,1.0,0.0,1.0,0.875,1.0,0.3535533905932738,0.125,1.0,0.0,1.0,0.75,1.0,0.4629100498862757,0.21428571428571427,1.0,0.0,1.0,0.125,0.0,0.3535533905932738,0.125,1.0,0.0,0.0,0.0,0.0,0.0,0.0,0.0,0.0,0.0,0.0,0.0,0.0,0.0,0.0,0.0,1.0,0.625,1.0,0.5175491695067657,0.26785714285714285,1.0,0.0,0.0,0.0,0.0,0.0,0.0,0.0,0.0,0.0,0.0,0.0,0.0,0.0,0.0,6.0,0.0,8.0,0.0,0.0,0.0,0.0,5.0,0.0,0.0,2.0,0.0,0.0,0.0,0.0,0.0,0.0,0.0,0.0,0.0,0.0,0.0,0.0,0.0
218,1730,5.1.1x - Bug fixed,6,14,2,6,15,45,4,12,6,18,2,6,5,15,1,5,20.0,0.0,11.0,0.0,8.0,1.25,0.0,2.197486602557807,4.828947368421052,8.0,0.0,1.0,0.55,1.0,0.5104177855340405,0.2605263157894737,1.0,0.0,1.0,0.85,1.0,0.3663475485325232,0.13421052631578945,1.0,0.0,1.0,0.2,0.0,0.4103913408340617,0.168421052631579,1.0,0.0,0.0,0.0,0.0,0.0,0.0,0.0,0.0,0.0,0.0,0.0,0.0,0.0,0.0,0.0,1.0,0.2,0.0,0.4103913408340617,0.168421052631579,1.0,0.0,1.0,0.1,0.0,0.30779350562554625,0.09473684210526317,1.0,0.0,7.0,0.85,0.0,1.694418080515829,2.8710526315789466,7.0,8.0,0.0,17.0,2.0,0.0,0.0,1.0,8.0,0.0,0.0,12.0,0.0,0.0,1.0,0.0,0.0,0.0,0.0,0.0,0.0,0.0,0.0,0.0,0.0
218,1798,5.1.2x: Bug fix,3,14,1,3,1,3,0,0,1,3,1,3,0,0,1,1,3.0,0.0,2.0,0.0,3.0,1.0,0.0,1.7320508075688772,3.0,3.0,0.0,1.0,0.6666666666666666,1.0,0.5773502691896258,0.33333333333333337,1.0,0.0,1.0,0.3333333333333333,0.0,0.5773502691896258,0.33333333333333337,1.0,0.0,5.0,1.6666666666666667,0.0,2.8867513459481287,8.333333333333332,5.0,0.0,0.0,0.0,0.0,0.0,0.0,0.0,0.0,0.0,0.0,0.0,0.0,0.0,0.0,0.0,0.0,0.0,0.0,0.0,0.0,0.0,0.0,0.0,0.0,0.0,0.0,0.0,0.0,0.0,0.0,0.0,0.0,0.0,0.0,0.0,0.0,0.0,2.0,1.0,0.0,0.0,0.0,1.0,0.0,0.0,3.0,0.0,0.0,0.0,0.0,0.0,0.0,0.0,0.0,0.0,0.0,0.0,0.0,0.0
218,1892,5.2.2x - Small improvement,-12,14,17,51,1,3,0,0,7,21,10,30,1,3,1,3,19.0,0.0,9.0,0.0,16.0,1.9473684210526316,0.0,4.116007831362357,16.94152046783626,16.0,0.0,3.0,0.6842105263157895,1.0,0.8200698871944031,0.672514619883041,3.0,0.0,1.0,0.3157894736842105,0.0,0.4775669329409193,0.2280701754385965,1.0,0.0,2.0,0.21052631578947367,0.0,0.5353033790313108,0.2865497076023391,2.0,0.0,0.0,0.0,0.0,0.0,0.0,0.0,0.0,0.0,0.0,0.0,0.0,0.0,0.0,0.0,1.0,0.05263157894736842,0.0,0.22941573387056177,0.05263157894736842,1.0,0.0,2.0,0.2631578947368421,0.0,0.5619514869490164,0.31578947368421056,2.0,0.0,5.0,1.2105263157894737,0.0,1.618605276445024,2.619883040935673,5.0,6.0,0.0,13.0,2.0,1.0,2.0,1.0,7.0,0.0,3.0,13.0,0.0,0.0,0.0,0.0,0.0,0.0,0.0,0.0,0.0,0.0,0.0,0.0,0.0
218,1893,5.2 - Performance improvement,3,14,10,30,1,3,0,0,9,27,1,3,1,3,1,3,13.0,0.0,3.0,0.0,4.0,0.6153846153846154,0.0,1.1929278784054478,1.4230769230769227,4.0,0.0,4.0,1.1538461538461537,1.0,1.1435437497937313,1.3076923076923077,4.0,0.0,2.0,1.5384615384615385,2.0,0.8770580193070292,0.7692307692307693,2.0,0.0,3.0,0.6153846153846154,0.0,0.9607689228305227,0.923076923076923,3.0,0.0,0.0,0.0,0.0,0.0,0.0,0.0,0.0,0.0,0.0,0.0,0.0,0.0,0.0,0.0,1.0,0.23076923076923078,0.0,0.4385290096535146,0.19230769230769232,1.0,0.0,1.0,0.07692307692307693,0.0,0.2773500981126146,0.07692307692307694,1.0,0.0,5.0,0.6923076923076923,0.0,1.436698494501391,2.0641025641025634,5.0,6.0,0.0,8.0,3.0,1.0,1.0,0.0,8.0,0.0,2.0,7.0,0.0,0.0,0.0,0.0,0.0,0.0,0.0,0.0,0.0,0.0,0.0,0.0,0.0
218,1905,5.2.11 - Jira Reminder- phase1,12,14,0,0,0,0,0,0,0,0,0,0,0,0,1,1,4.0,0.0,0.0,0.0,0.0,0.0,0.0,0.0,0.0,0.0,0.0,0.0,0.0,0.0,0.0,0.0,0.0,1.0,1.0,1.0,1.0,0.0,0.0,0.0,0.0,0.0,0.0,0.0,0.0,0.0,0.0,0.0,0.0,0.0,0.0,0.0,0.0,0.0,0.0,0.0,0.0,0.0,0.0,0.0,0.0,0.0,0.0,0.0,0.0,0.0,0.0,0.0,0.0,0.0,0.0,0.0,0.0,0.0,0.0,0.0,0.0,0.0,0.0,0.0,0.0,0.0,4.0,0.0,4.0,0.0,0.0,0.0,0.0,4.0,0.0,0.0,0.0,0.0,0.0,0.0,0.0,0.0,0.0,0.0,0.0,0.0,0.0,0.0,0.0,0.0
218,2087,5.2.13 - Bug fix,33,14,5,15,4,12,0,0,4,12,3,9,2,6,1,7,25.0,0.0,18.0,0.0,42.0,3.44,0.0,9.023487869628536,81.42333333333333,42.0,0.0,2.0,0.68,1.0,0.6271629240742259,0.3933333333333333,2.0,0.0,2.0,0.68,1.0,0.5567764362830022,0.31,2.0,0.0,8.0,0.76,0.0,1.7146428199482247,2.94,8.0,0.0,0.0,0.0,0.0,0.0,0.0,0.0,0.0,0.0,0.0,0.0,0.0,0.0,0.0,0.0,1.0,0.12,0.0,0.33166247903553997,0.11,1.0,0.0,1.0,0.12,0.0,0.33166247903553997,0.11,1.0,0.0,3.0,0.48,0.0,0.918331820930394,0.8433333333333333,3.0,10.0,0.0,16.0,6.0,0.0,3.0,0.0,6.0,1.0,0.0,15.0,0.0,0.0,0.0,0.0,0.0,0.0,0.0,0.0,0.0,0.0,0.0,0.0,0.0
218,2255,Sprint 1 (test),0,4,0,0,0,0,0,0,0,0,0,0,0,0,1,1,1.0,0.0,0.0,3.0,3.0,3.0,3.0,0.0,0.0,0.0,1.0,1.0,1.0,1.0,0.0,0.0,0.0,0.0,0.0,0.0,0.0,0.0,0.0,0.0,1.0,1.0,1.0,1.0,0.0,0.0,0.0,0.0,0.0,0.0,0.0,0.0,0.0,0.0,0.0,0.0,0.0,0.0,0.0,0.0,0.0,0.0,0.0,0.0,0.0,0.0,0.0,0.0,0.0,0.0,0.0,0.0,0.0,0.0,0.0,3.0,3.0,3.0,3.0,0.0,0.0,0.0,0.0,0.0,1.0,0.0,0.0,0.0,0.0,1.0,0.0,0.0,1.0,0.0,0.0,0.0,0.0,0.0,0.0,0.0,0.0,0.0,0.0,0.0,0.0,0.0
218,2256,Sprint 2 - test,0,4,0,0,0,0,0,0,0,0,0,0,0,0,1,1,1.0,0.0,0.0,43.0,43.0,43.0,43.0,0.0,0.0,0.0,2.0,2.0,2.0,2.0,0.0,0.0,0.0,1.0,1.0,1.0,1.0,0.0,0.0,0.0,8.0,8.0,8.0,8.0,0.0,0.0,0.0,0.0,0.0,0.0,0.0,0.0,0.0,0.0,0.0,0.0,0.0,0.0,0.0,0.0,0.0,0.0,0.0,0.0,0.0,0.0,0.0,0.0,0.0,0.0,0.0,0.0,0.0,0.0,0.0,1.0,1.0,1.0,1.0,0.0,0.0,0.0,0.0,0.0,0.0,1.0,0.0,0.0,0.0,1.0,0.0,0.0,1.0,0.0,0.0,0.0,0.0,0.0,0.0,0.0,0.0,0.0,0.0,0.0,0.0,0.0
218,2257,Sprint 3 - test,0,4,0,0,0,0,0,0,0,0,0,0,0,0,1,1,1.0,0.0,0.0,32.0,32.0,32.0,32.0,0.0,0.0,0.0,1.0,1.0,1.0,1.0,0.0,0.0,0.0,0.0,0.0,0.0,0.0,0.0,0.0,0.0,9.0,9.0,9.0,9.0,0.0,0.0,0.0,0.0,0.0,0.0,0.0,0.0,0.0,0.0,0.0,0.0,0.0,0.0,0.0,0.0,0.0,0.0,0.0,0.0,0.0,0.0,0.0,0.0,0.0,0.0,0.0,0.0,0.0,0.0,0.0,1.0,1.0,1.0,1.0,0.0,0.0,0.0,0.0,0.0,0.0,1.0,0.0,0.0,0.0,1.0,0.0,0.0,1.0,0.0,0.0,0.0,0.0,0.0,0.0,0.0,0.0,0.0,0.0,0.0,0.0,0.0
218,2258,Sprint 4 - test,0,4,0,0,0,0,0,0,0,0,0,0,0,0,1,1,1.0,0.0,1.0,8.0,8.0,8.0,8.0,0.0,0.0,0.0,5.0,5.0,5.0,5.0,0.0,0.0,0.0,0.0,0.0,0.0,0.0,0.0,0.0,0.0,1.0,1.0,1.0,1.0,0.0,0.0,0.0,0.0,0.0,0.0,0.0,0.0,0.0,0.0,0.0,0.0,0.0,0.0,0.0,0.0,0.0,0.0,0.0,0.0,0.0,0.0,0.0,0.0,0.0,0.0,0.0,0.0,0.0,0.0,0.0,0.0,0.0,0.0,0.0,0.0,0.0,0.0,0.0,0.0,0.0,1.0,0.0,0.0,0.0,0.0,0.0,0.0,1.0,0.0,0.0,0.0,0.0,0.0,0.0,0.0,0.0,0.0,0.0,0.0,0.0,0.0
218,2279,Bug fix - 5.2.14,15,4,5,15,0,0,0,0,4,12,1,3,0,0,1,6,14.0,0.0,6.0,0.0,16.0,1.7142857142857142,0.0,4.232267466983616,17.91208791208792,16.0,0.0,1.0,0.42857142857142855,0.0,0.5135525910130955,0.2637362637362637,1.0,0.0,1.0,0.42857142857142855,0.0,0.5135525910130955,0.2637362637362637,1.0,0.0,1.0,0.21428571428571427,0.0,0.42581531362632,0.18131868131868129,1.0,0.0,0.0,0.0,0.0,0.0,0.0,0.0,0.0,0.0,0.0,0.0,0.0,0.0,0.0,0.0,2.0,0.14285714285714285,0.0,0.5345224838248487,0.28571428571428564,2.0,0.0,1.0,0.14285714285714285,0.0,0.3631365196012815,0.1318681318681319,1.0,0.0,2.0,0.42857142857142855,0.0,0.646206172658864,0.41758241758241754,2.0,6.0,0.0,11.0,2.0,0.0,1.0,0.0,7.0,0.0,1.0,8.0,0.0,0.0,0.0,0.0,0.0,0.0,0.0,0.0,0.0,0.0,0.0,0.0,0.0
218,2368,TC on space - w1,0,7,0,0,2,6,0,0,1,3,1,3,0,0,1,2,2.0,0.0,2.0,0.0,0.0,0.0,0.0,0.0,0.0,0.0,0.0,0.0,0.0,0.0,0.0,0.0,0.0,0.0,0.0,0.0,0.0,0.0,0.0,0.0,0.0,0.0,0.0,0.0,0.0,0.0,0.0,0.0,0.0,0.0,0.0,0.0,0.0,0.0,0.0,0.0,0.0,0.0,0.0,0.0,0.0,0.0,0.0,0.0,0.0,0.0,0.0,0.0,0.0,0.0,0.0,0.0,0.0,0.0,0.0,0.0,1.0,0.5,0.5,0.7071067811865476,0.5,1.0,2.0,0.0,0.0,0.0,0.0,2.0,0.0,0.0,0.0,0.0,0.0,0.0,0.0,0.0,0.0,0.0,0.0,0.0,0.0,0.0,0.0,0.0,0.0,0.0
219,1,Sprint 1,0,0,0,0,0,0,0,0,0,0,0,0,0,0,1,1,6.0,6.0,6.0,0.0,0.0,0.0,0.0,0.0,0.0,0.0,0.0,1.0,0.16666666666666666,0.0,0.408248290463863,0.16666666666666669,1.0,0.0,2.0,1.1666666666666667,1.5,0.9831920802501751,0.9666666666666668,2.0,0.0,1.0,0.16666666666666666,0.0,0.408248290463863,0.16666666666666669,1.0,0.0,0.0,0.0,0.0,0.0,0.0,0.0,0.0,0.0,0.0,0.0,0.0,0.0,0.0,0.0,0.0,0.0,0.0,0.0,0.0,0.0,0.0,0.0,0.0,0.0,0.0,0.0,0.0,0.0,0.0,0.0,0.0,0.0,0.0,0.0,6.0,0.0,0.0,0.0,0.0,0.0,0.0,0.0,0.0,0.0,0.0,0.0,0.0,0.0,0.0,0.0,0.0,0.0,0.0,0.0,0.0,0.0,0.0,0.0
219,4,Sprint 2,0,11,0,0,0,0,0,0,0,0,0,0,0,0,1,1,0.0,0.0,0.0,0.0,0.0,0.0,0.0,0.0,0.0,0.0,0.0,0.0,0.0,0.0,0.0,0.0,0.0,0.0,0.0,0.0,0.0,0.0,0.0,0.0,0.0,0.0,0.0,0.0,0.0,0.0,0.0,0.0,0.0,0.0,0.0,0.0,0.0,0.0,0.0,0.0,0.0,0.0,0.0,0.0,0.0,0.0,0.0,0.0,0.0,0.0,0.0,0.0,0.0,0.0,0.0,0.0,0.0,0.0,0.0,0.0,0.0,0.0,0.0,0.0,0.0,0.0,0.0,0.0,0.0,0.0,0.0,0.0,0.0,0.0,0.0,0.0,0.0,0.0,0.0,0.0,0.0,0.0,0.0,0.0,0.0,0.0,0.0,0.0,0.0,0.0
219,9,Sprint 1,-30,14,9,37,0,0,0,0,7,35,0,0,2,2,1,4,24.0,11.0,17.0,0.0,2.0,0.16666666666666666,0.0,0.4815434123430768,0.23188405797101447,2.0,0.0,0.0,0.0,0.0,0.0,0.0,0.0,0.0,2.0,0.4166666666666667,0.0,0.8297022339981068,0.6884057971014492,2.0,0.0,1.0,0.041666666666666664,0.0,0.2041241452319315,0.04166666666666667,1.0,0.0,0.0,0.0,0.0,0.0,0.0,0.0,0.0,0.0,0.0,0.0,0.0,0.0,0.0,0.0,2.0,0.16666666666666666,0.0,0.5646597025732799,0.3188405797101449,2.0,0.0,4.0,0.20833333333333334,0.0,0.832970935693524,0.6938405797101449,4.0,0.0,1.0,0.08333333333333333,0.0,0.28232985128663995,0.07971014492753623,1.0,23.0,4.0,4.0,2.0,1.0,1.0,1.0,4.0,2.0,1.0,1.0,0.0,0.0,0.0,0.0,0.0,0.0,0.0,0.0,0.0,0.0,0.0,0.0,0.0
219,10,Sprint 2,-38,14,9,44,0,0,0,0,8,43,0,0,1,1,1,1,23.0,10.0,14.0,0.0,2.0,0.17391304347826086,0.0,0.4910261901035311,0.24110671936758904,2.0,0.0,1.0,0.043478260869565216,0.0,0.2085144140570748,0.04347826086956523,1.0,0.0,2.0,0.8695652173913043,0.0,1.013739603739404,1.0276679841897236,2.0,0.0,1.0,0.043478260869565216,0.0,0.20851441405707477,0.04347826086956522,1.0,0.0,0.0,0.0,0.0,0.0,0.0,0.0,0.0,0.0,0.0,0.0,0.0,0.0,0.0,0.0,2.0,0.5217391304347826,0.0,0.897955517089759,0.8063241106719363,2.0,0.0,1.0,0.043478260869565216,0.0,0.2085144140570748,0.04347826086956523,1.0,0.0,0.0,0.0,0.0,0.0,0.0,0.0,22.0,4.0,3.0,2.0,1.0,2.0,1.0,6.0,2.0,1.0,1.0,0.0,0.0,0.0,0.0,0.0,0.0,0.0,0.0,0.0,0.0,0.0,0.0,0.0
219,14,Sprint 3,-49,14,10,49,0,0,0,0,9,44,1,5,0,0,1,2,24.0,10.0,15.0,0.0,2.0,0.16666666666666666,0.0,0.4815434123430768,0.23188405797101447,2.0,0.0,1.0,0.125,0.0,0.3378319623460881,0.11413043478260869,1.0,0.0,2.0,1.0833333333333333,2.0,1.0179547554081032,1.0362318840579712,2.0,0.0,1.0,0.08333333333333333,0.0,0.28232985128663995,0.07971014492753623,1.0,0.0,0.0,0.0,0.0,0.0,0.0,0.0,0.0,0.0,0.0,0.0,0.0,0.0,0.0,0.0,4.0,0.75,0.0,1.1515584902738285,1.326086956521739,4.0,0.0,1.0,0.041666666666666664,0.0,0.20412414523193154,0.04166666666666668,1.0,0.0,0.0,0.0,0.0,0.0,0.0,0.0,23.0,2.0,5.0,1.0,1.0,2.0,1.0,5.0,2.0,1.0,1.0,1.0,1.0,1.0,0.0,0.0,0.0,0.0,0.0,0.0,0.0,0.0,0.0,0.0
219,64,Sprint 4,-48,14,10,48,0,0,0,0,7,25,3,23,0,0,1,4,26.0,13.0,20.0,0.0,1.0,0.07692307692307693,0.0,0.271746488194703,0.07384615384615385,1.0,0.0,1.0,0.038461538461538464,0.0,0.19611613513818402,0.03846153846153846,1.0,0.0,2.0,1.0,1.0,1.019803902718557,1.04,2.0,0.0,1.0,0.19230769230769232,0.0,0.40191847623425014,0.16153846153846152,1.0,0.0,0.0,0.0,0.0,0.0,0.0,0.0,0.0,0.0,0.0,0.0,0.0,0.0,0.0,0.0,2.0,0.46153846153846156,0.0,0.8593378488473195,0.7384615384615384,2.0,0.0,1.0,0.07692307692307693,0.0,0.271746488194703,0.07384615384615385,1.0,0.0,1.0,0.038461538461538464,0.0,0.19611613513818402,0.03846153846153846,1.0,25.0,2.0,3.0,1.0,1.0,4.0,1.0,4.0,1.0,1.0,1.0,1.0,0.0,0.0,0.0,0.0,0.0,0.0,0.0,0.0,0.0,0.0,0.0,0.0
219,81,Sprint 5,-21,14,5,22,0,0,0,0,4,21,0,0,1,1,1,2,17.0,8.0,12.0,0.0,1.0,0.11764705882352941,0.0,0.3321055820775357,0.1102941176470588,1.0,0.0,1.0,0.058823529411764705,0.0,0.242535625036333,0.05882352941176471,1.0,0.0,2.0,1.0588235294117647,2.0,1.0289915108550531,1.0588235294117647,2.0,0.0,1.0,0.11764705882352941,0.0,0.3321055820775357,0.1102941176470588,1.0,0.0,0.0,0.0,0.0,0.0,0.0,0.0,0.0,0.0,0.0,0.0,0.0,0.0,0.0,0.0,2.0,0.5882352941176471,0.0,0.9393364366277243,0.8823529411764706,2.0,0.0,1.0,0.11764705882352941,0.0,0.3321055820775357,0.1102941176470588,1.0,0.0,0.0,0.0,0.0,0.0,0.0,0.0,17.0,2.0,2.0,0.0,1.0,2.0,1.0,3.0,1.0,1.0,0.0,1.0,0.0,0.0,0.0,0.0,0.0,0.0,0.0,0.0,0.0,0.0,0.0,0.0
219,233,Sprint 6,-34,0,12,49,0,0,1,13,7,27,2,7,2,2,1,7,30.0,8.0,17.0,0.0,0.0,0.0,0.0,0.0,0.0,0.0,0.0,1.0,0.16666666666666666,0.0,0.3790490217894517,0.14367816091954025,1.0,0.0,2.0,1.0,1.0,0.909717652294684,0.8275862068965517,2.0,0.0,2.0,0.26666666666666666,0.0,0.5208304597621878,0.2712643678160919,2.0,0.0,0.0,0.0,0.0,0.0,0.0,0.0,0.0,0.0,0.0,0.0,0.0,0.0,0.0,0.0,4.0,0.9666666666666667,0.0,1.3767361035618173,1.8954022988505748,4.0,0.0,1.0,0.1,0.0,0.30512857662936466,0.09310344827586205,1.0,0.0,2.0,0.13333333333333333,0.0,0.4341724854553048,0.18850574712643683,2.0,29.0,0.0,4.0,2.0,3.0,3.0,0.0,4.0,1.0,1.0,1.0,1.0,1.0,3.0,6.0,2.0,0.0,0.0,0.0,0.0,0.0,0.0,0.0,0.0
219,314,Sprint 5,0,4,0,0,0,0,0,0,0,0,0,0,0,0,1,1,3.0,3.0,3.0,0.0,0.0,0.0,0.0,0.0,0.0,0.0,0.0,1.0,0.3333333333333333,0.0,0.5773502691896258,0.33333333333333337,1.0,1.0,1.0,1.0,1.0,0.0,0.0,0.0,0.0,0.0,0.0,0.0,0.0,0.0,0.0,0.0,0.0,0.0,0.0,0.0,0.0,0.0,0.0,0.0,0.0,0.0,0.0,0.0,0.0,0.0,0.0,0.0,0.0,0.0,0.0,0.0,0.0,0.0,0.0,0.0,0.0,0.0,0.0,0.0,0.0,0.0,0.0,0.0,0.0,0.0,2.0,0.0,0.0,0.0,0.0,0.0,0.0,0.0,0.0,0.0,1.0,0.0,0.0,0.0,0.0,0.0,0.0,0.0,0.0,0.0,0.0,0.0,0.0,0.0
223,52,Sprint 2,-12,13,4,12,0,0,0,0,4,12,0,0,0,0,1,3,4.0,0.0,1.0,0.0,5.0,2.25,2.0,2.217355782608345,4.916666666666667,5.0,1.0,1.0,1.0,1.0,0.0,0.0,0.0,0.0,1.0,0.75,1.0,0.5,0.25,1.0,1.0,3.0,1.75,1.5,0.9574271077563381,0.9166666666666666,2.0,0.0,0.0,0.0,0.0,0.0,0.0,0.0,0.0,0.0,0.0,0.0,0.0,0.0,0.0,0.0,0.0,0.0,0.0,0.0,0.0,0.0,0.0,0.0,0.0,0.0,0.0,0.0,0.0,0.0,0.0,0.0,0.0,0.0,0.0,0.0,1.0,0.0,4.0,0.0,0.0,0.0,0.0,1.0,0.0,2.0,3.0,0.0,0.0,0.0,0.0,0.0,0.0,0.0,0.0,0.0,0.0,0.0,0.0,0.0
223,61,Sprint 3,-12,7,5,15,1,3,0,0,2,6,3,9,1,3,1,3,6.0,0.0,3.0,0.0,5.0,2.3333333333333335,2.5,2.065591117977289,4.266666666666667,5.0,1.0,2.0,1.1666666666666667,1.0,0.408248290463863,0.16666666666666666,1.0,0.0,1.0,0.8333333333333334,1.0,0.408248290463863,0.16666666666666669,1.0,0.0,3.0,1.1666666666666667,1.0,1.1690451944500122,1.3666666666666667,3.0,0.0,0.0,0.0,0.0,0.0,0.0,0.0,0.0,0.0,0.0,0.0,0.0,0.0,0.0,0.0,1.0,0.16666666666666666,0.0,0.408248290463863,0.16666666666666669,1.0,0.0,0.0,0.0,0.0,0.0,0.0,0.0,0.0,4.0,0.6666666666666666,0.0,1.632993161855452,2.666666666666667,4.0,2.0,0.0,6.0,0.0,0.0,0.0,0.0,1.0,0.0,2.0,4.0,0.0,0.0,0.0,0.0,0.0,0.0,0.0,0.0,0.0,0.0,0.0,0.0,0.0
223,67,Sprint 4,-9,7,4,12,0,0,0,0,2,6,1,3,1,3,1,3,4.0,0.0,3.0,0.0,5.0,2.75,3.0,2.6299556396765835,6.916666666666667,5.0,1.0,2.0,1.25,1.0,0.5,0.25,1.0,0.0,1.0,0.75,1.0,0.5,0.25,1.0,0.0,3.0,1.0,0.5,1.4142135623730951,2.0,3.0,0.0,0.0,0.0,0.0,0.0,0.0,0.0,0.0,0.0,0.0,0.0,0.0,0.0,0.0,0.0,1.0,0.5,0.5,0.5773502691896257,0.3333333333333333,1.0,0.0,0.0,0.0,0.0,0.0,0.0,0.0,0.0,4.0,1.0,0.0,2.0,4.0,4.0,1.0,0.0,4.0,0.0,0.0,0.0,0.0,0.0,0.0,1.0,3.0,0.0,0.0,0.0,0.0,0.0,0.0,0.0,0.0,0.0,0.0,0.0,0.0,0.0
223,76,Sprint 5,-6,7,3,9,0,0,0,0,2,6,0,0,1,3,1,3,3.0,0.0,2.0,0.0,5.0,2.3333333333333335,2.0,2.5166114784235836,6.333333333333334,5.0,1.0,1.0,1.0,1.0,0.0,0.0,0.0,0.0,1.0,0.6666666666666666,1.0,0.5773502691896258,0.33333333333333337,1.0,0.0,3.0,1.3333333333333333,1.0,1.5275252316519468,2.3333333333333335,3.0,0.0,0.0,0.0,0.0,0.0,0.0,0.0,0.0,0.0,0.0,0.0,0.0,0.0,0.0,0.0,1.0,0.3333333333333333,0.0,0.5773502691896258,0.33333333333333337,1.0,0.0,0.0,0.0,0.0,0.0,0.0,0.0,0.0,4.0,1.3333333333333333,0.0,2.3094010767585034,5.333333333333334,4.0,0.0,0.0,3.0,0.0,0.0,0.0,0.0,0.0,0.0,1.0,3.0,0.0,0.0,0.0,0.0,0.0,0.0,0.0,0.0,0.0,0.0,0.0,0.0,0.0
223,87,Sprint 6,-3,7,2,6,0,0,0,0,0,0,2,6,0,0,1,3,3.0,0.0,1.0,0.0,5.0,1.6666666666666667,0.0,2.8867513459481287,8.333333333333332,5.0,0.0,1.0,0.6666666666666666,1.0,0.5773502691896258,0.33333333333333337,1.0,0.0,1.0,0.6666666666666666,1.0,0.5773502691896258,0.33333333333333337,1.0,1.0,3.0,2.0,2.0,1.0,1.0,2.0,0.0,0.0,0.0,0.0,0.0,0.0,0.0,0.0,0.0,0.0,0.0,0.0,0.0,0.0,0.0,1.0,0.3333333333333333,0.0,0.5773502691896258,0.33333333333333337,1.0,0.0,0.0,0.0,0.0,0.0,0.0,0.0,0.0,0.0,0.0,0.0,0.0,0.0,0.0,1.0,0.0,2.0,0.0,0.0,0.0,1.0,0.0,0.0,1.0,2.0,0.0,0.0,0.0,0.0,0.0,0.0,0.0,0.0,0.0,0.0,0.0,0.0,0.0
223,95,4.2.12,0,10,1,3,0,0,1,3,0,0,0,0,0,0,1,1,1.0,0.0,0.0,3.0,3.0,3.0,3.0,0.0,0.0,0.0,2.0,2.0,2.0,2.0,0.0,0.0,0.0,1.0,1.0,1.0,1.0,0.0,0.0,0.0,0.0,0.0,0.0,0.0,0.0,0.0,0.0,0.0,0.0,0.0,0.0,0.0,0.0,0.0,0.0,0.0,0.0,0.0,0.0,0.0,0.0,1.0,1.0,1.0,1.0,0.0,0.0,0.0,0.0,0.0,0.0,0.0,0.0,0.0,0.0,0.0,0.0,0.0,0.0,0.0,0.0,0.0,0.0,0.0,1.0,0.0,0.0,0.0,0.0,1.0,0.0,0.0,1.0,0.0,0.0,0.0,0.0,0.0,0.0,0.0,0.0,0.0,0.0,0.0,0.0,0.0
223,108,Sprint 7,0,7,4,12,3,9,0,0,0,0,1,3,6,18,1,3,10.0,0.0,7.0,0.0,7.0,1.3,0.0,2.359378449224852,5.566666666666666,7.0,0.0,4.0,1.4,1.0,1.2649110640673518,1.6000000000000003,4.0,0.0,1.0,0.9,1.0,0.31622776601683794,0.1,1.0,0.0,3.0,0.9,1.0,0.9944289260117533,0.9888888888888889,3.0,0.0,0.0,0.0,0.0,0.0,0.0,0.0,0.0,0.0,0.0,0.0,0.0,0.0,0.0,0.0,1.0,0.6,1.0,0.5163977794943222,0.26666666666666666,1.0,0.0,0.0,0.0,0.0,0.0,0.0,0.0,0.0,1.0,0.2,0.0,0.42163702135578396,0.17777777777777784,1.0,3.0,0.0,9.0,0.0,0.0,0.0,1.0,1.0,0.0,1.0,7.0,0.0,0.0,0.0,0.0,0.0,0.0,0.0,0.0,0.0,0.0,0.0,0.0,0.0
223,128,Sprint 8,-15,6,6,18,0,0,0,0,2,6,3,9,1,3,1,4,6.0,0.0,3.0,0.0,3.0,1.6666666666666667,2.0,1.3662601021279464,1.8666666666666667,3.0,1.0,4.0,1.5,1.0,1.224744871391589,1.5,3.0,0.0,1.0,0.3333333333333333,0.0,0.5163977794943223,0.2666666666666667,1.0,0.0,2.0,0.5,0.0,0.8366600265340756,0.7,2.0,0.0,0.0,0.0,0.0,0.0,0.0,0.0,0.0,0.0,0.0,0.0,0.0,0.0,0.0,0.0,0.0,0.0,0.0,0.0,0.0,0.0,0.0,0.0,0.0,0.0,0.0,0.0,0.0,0.0,1.0,0.16666666666666666,0.0,0.408248290463863,0.16666666666666669,1.0,1.0,0.0,6.0,0.0,0.0,0.0,0.0,3.0,0.0,0.0,5.0,0.0,0.0,0.0,0.0,0.0,0.0,0.0,0.0,0.0,0.0,0.0,0.0,0.0
223,136,Sprint 9,-6,7,5,15,1,3,0,0,2,6,1,3,3,9,1,4,6.0,0.0,4.0,0.0,3.0,1.6666666666666667,2.0,1.505545305418162,2.2666666666666666,3.0,1.0,4.0,1.8333333333333333,1.0,1.329160135825126,1.766666666666667,3.0,0.0,1.0,0.16666666666666666,0.0,0.408248290463863,0.16666666666666669,1.0,0.0,2.0,0.6666666666666666,0.5,0.816496580927726,0.6666666666666667,2.0,0.0,0.0,0.0,0.0,0.0,0.0,0.0,0.0,0.0,0.0,0.0,0.0,0.0,0.0,0.0,1.0,0.16666666666666666,0.0,0.408248290463863,0.16666666666666669,1.0,0.0,0.0,0.0,0.0,0.0,0.0,0.0,0.0,1.0,0.16666666666666666,0.0,0.408248290463863,0.16666666666666669,1.0,1.0,0.0,6.0,0.0,0.0,0.0,0.0,2.0,0.0,0.0,5.0,0.0,0.0,0.0,0.0,0.0,0.0,0.0,0.0,0.0,0.0,0.0,0.0,0.0
223,147,Sprint 10,-6,7,2,6,0,0,0,0,2,6,0,0,0,0,1,1,2.0,0.0,2.0,0.0,0.0,0.0,0.0,0.0,0.0,0.0,1.0,1.0,1.0,1.0,0.0,0.0,0.0,0.0,0.0,0.0,0.0,0.0,0.0,0.0,0.0,0.0,0.0,0.0,0.0,0.0,0.0,0.0,0.0,0.0,0.0,0.0,0.0,0.0,0.0,0.0,0.0,0.0,0.0,0.0,0.0,0.0,0.0,0.0,0.0,0.0,0.0,0.0,0.0,0.0,0.0,0.0,0.0,0.0,0.0,0.0,0.0,0.0,0.0,0.0,0.0,0.0,1.0,0.0,2.0,0.0,0.0,0.0,0.0,0.0,0.0,0.0,1.0,0.0,0.0,0.0,0.0,0.0,0.0,0.0,0.0,0.0,0.0,0.0,0.0,0.0
223,152,Editor Sprint 2,3,14,0,0,0,0,0,0,0,0,0,0,0,0,1,2,1.0,0.0,0.0,2.0,2.0,2.0,2.0,0.0,0.0,0.0,1.0,1.0,1.0,1.0,0.0,0.0,0.0,1.0,1.0,1.0,1.0,0.0,0.0,0.0,0.0,0.0,0.0,0.0,0.0,0.0,0.0,0.0,0.0,0.0,0.0,0.0,0.0,0.0,0.0,0.0,0.0,0.0,0.0,0.0,0.0,1.0,1.0,1.0,1.0,0.0,0.0,0.0,0.0,0.0,0.0,0.0,0.0,0.0,0.0,1.0,1.0,1.0,1.0,0.0,0.0,0.0,0.0,0.0,1.0,0.0,0.0,0.0,0.0,1.0,0.0,0.0,1.0,0.0,0.0,0.0,0.0,0.0,0.0,0.0,0.0,0.0,0.0,0.0,0.0,0.0
223,154,Sprint 11,-3,7,2,6,0,0,0,0,1,3,1,3,0,0,1,1,2.0,0.0,2.0,0.0,0.0,0.0,0.0,0.0,0.0,0.0,1.0,1.0,1.0,1.0,0.0,0.0,0.0,0.0,0.0,0.0,0.0,0.0,0.0,0.0,0.0,0.0,0.0,0.0,0.0,0.0,0.0,0.0,0.0,0.0,0.0,0.0,0.0,0.0,0.0,0.0,0.0,0.0,0.0,0.0,0.0,0.0,0.0,0.0,0.0,0.0,0.0,0.0,0.0,0.0,0.0,0.0,0.0,0.0,0.0,0.0,0.0,0.0,0.0,0.0,0.0,0.0,1.0,0.0,2.0,0.0,0.0,0.0,0.0,0.0,0.0,0.0,1.0,0.0,0.0,0.0,0.0,0.0,0.0,0.0,0.0,0.0,0.0,0.0,0.0,0.0
223,168,Sprint 12,-3,5,1,3,0,0,0,0,1,3,0,0,0,0,1,1,1.0,0.0,1.0,0.0,0.0,0.0,0.0,0.0,0.0,0.0,1.0,1.0,1.0,1.0,0.0,0.0,0.0,0.0,0.0,0.0,0.0,0.0,0.0,0.0,0.0,0.0,0.0,0.0,0.0,0.0,0.0,0.0,0.0,0.0,0.0,0.0,0.0,0.0,0.0,0.0,0.0,0.0,0.0,0.0,0.0,0.0,0.0,0.0,0.0,0.0,0.0,0.0,0.0,0.0,0.0,0.0,0.0,0.0,0.0,0.0,0.0,0.0,0.0,0.0,0.0,0.0,0.0,0.0,1.0,0.0,0.0,0.0,0.0,0.0,0.0,0.0,1.0,0.0,0.0,0.0,0.0,0.0,0.0,0.0,0.0,0.0,0.0,0.0,0.0,0.0
223,173,Editor Sprint 3,0,14,1,3,0,0,1,3,0,0,0,0,0,0,1,2,1.0,0.0,0.0,2.0,2.0,2.0,2.0,0.0,0.0,0.0,1.0,1.0,1.0,1.0,0.0,0.0,0.0,1.0,1.0,1.0,1.0,0.0,0.0,0.0,0.0,0.0,0.0,0.0,0.0,0.0,0.0,0.0,0.0,0.0,0.0,0.0,0.0,0.0,0.0,0.0,0.0,0.0,0.0,0.0,0.0,1.0,1.0,1.0,1.0,0.0,0.0,0.0,0.0,0.0,0.0,0.0,0.0,0.0,0.0,1.0,1.0,1.0,1.0,0.0,0.0,0.0,0.0,0.0,1.0,0.0,0.0,0.0,0.0,1.0,0.0,0.0,1.0,0.0,0.0,0.0,0.0,0.0,0.0,0.0,0.0,0.0,0.0,0.0,0.0,0.0
223,174,Sprint 13,-3,7,1,3,1,3,0,0,1,3,0,0,1,3,1,2,2.0,0.0,1.0,0.0,0.0,0.0,0.0,0.0,0.0,0.0,1.0,1.0,1.0,1.0,0.0,0.0,0.0,0.0,2.0,1.0,1.0,1.4142135623730951,2.0,2.0,0.0,4.0,2.0,2.0,2.8284271247461903,8.0,4.0,0.0,0.0,0.0,0.0,0.0,0.0,0.0,0.0,0.0,0.0,0.0,0.0,0.0,0.0,0.0,1.0,0.5,0.5,0.7071067811865476,0.5,1.0,0.0,0.0,0.0,0.0,0.0,0.0,0.0,0.0,0.0,0.0,0.0,0.0,0.0,0.0,0.0,0.0,1.0,0.0,0.0,0.0,1.0,0.0,0.0,0.0,2.0,0.0,0.0,0.0,0.0,0.0,0.0,0.0,0.0,0.0,0.0,0.0,0.0,0.0
223,182,Sprint 14,0,7,1,3,0,0,0,0,1,3,0,0,0,0,1,1,1.0,0.0,1.0,0.0,0.0,0.0,0.0,0.0,0.0,0.0,1.0,1.0,1.0,1.0,0.0,0.0,0.0,0.0,0.0,0.0,0.0,0.0,0.0,0.0,0.0,0.0,0.0,0.0,0.0,0.0,0.0,0.0,0.0,0.0,0.0,0.0,0.0,0.0,0.0,0.0,0.0,0.0,0.0,0.0,0.0,0.0,0.0,0.0,0.0,0.0,0.0,0.0,0.0,0.0,0.0,0.0,0.0,0.0,0.0,0.0,0.0,0.0,0.0,0.0,0.0,0.0,0.0,0.0,1.0,0.0,0.0,0.0,0.0,0.0,0.0,0.0,1.0,0.0,0.0,0.0,0.0,0.0,0.0,0.0,0.0,0.0,0.0,0.0,0.0,0.0
223,192,Sprint 15,-3,7,1,3,0,0,0,0,1,3,0,0,0,0,1,1,1.0,0.0,0.0,1.0,1.0,1.0,1.0,0.0,0.0,0.0,1.0,1.0,1.0,1.0,0.0,0.0,0.0,1.0,1.0,1.0,1.0,0.0,0.0,0.0,0.0,0.0,0.0,0.0,0.0,0.0,0.0,0.0,0.0,0.0,0.0,0.0,0.0,0.0,0.0,0.0,0.0,0.0,0.0,0.0,0.0,0.0,0.0,0.0,0.0,0.0,0.0,0.0,3.0,3.0,3.0,3.0,0.0,0.0,0.0,0.0,0.0,0.0,0.0,0.0,0.0,0.0,0.0,0.0,1.0,0.0,0.0,0.0,0.0,0.0,0.0,1.0,1.0,0.0,0.0,0.0,0.0,0.0,0.0,0.0,0.0,0.0,0.0,0.0,0.0,0.0
223,198,Sprint 16,-3,7,1,3,0,0,0,0,0,0,1,3,0,0,1,1,1.0,0.0,0.0,2.0,2.0,2.0,2.0,0.0,0.0,0.0,1.0,1.0,1.0,1.0,0.0,0.0,0.0,1.0,1.0,1.0,1.0,0.0,0.0,0.0,0.0,0.0,0.0,0.0,0.0,0.0,0.0,0.0,0.0,0.0,0.0,0.0,0.0,0.0,0.0,0.0,0.0,0.0,0.0,0.0,0.0,0.0,0.0,0.0,0.0,0.0,0.0,0.0,3.0,3.0,3.0,3.0,0.0,0.0,0.0,0.0,0.0,0.0,0.0,0.0,0.0,0.0,0.0,0.0,1.0,0.0,0.0,0.0,0.0,0.0,0.0,1.0,1.0,0.0,0.0,0.0,0.0,0.0,0.0,0.0,0.0,0.0,0.0,0.0,0.0,0.0
223,208,Sprint 17,-3,7,1,3,0,0,0,0,1,3,0,0,0,0,1,1,1.0,0.0,0.0,3.0,3.0,3.0,3.0,0.0,0.0,0.0,1.0,1.0,1.0,1.0,0.0,0.0,0.0,1.0,1.0,1.0,1.0,0.0,0.0,0.0,0.0,0.0,0.0,0.0,0.0,0.0,0.0,0.0,0.0,0.0,0.0,0.0,0.0,0.0,0.0,0.0,0.0,0.0,0.0,0.0,0.0,0.0,0.0,0.0,0.0,0.0,0.0,0.0,3.0,3.0,3.0,3.0,0.0,0.0,0.0,0.0,0.0,0.0,0.0,0.0,0.0,0.0,0.0,0.0,1.0,0.0,0.0,0.0,0.0,0.0,0.0,1.0,1.0,0.0,0.0,0.0,0.0,0.0,0.0,0.0,0.0,0.0,0.0,0.0,0.0,0.0
223,223,Sprint 18,-6,7,1,3,1,3,0,0,0,0,2,6,0,0,1,2,2.0,0.0,0.0,0.0,3.0,1.5,1.5,2.1213203435596424,4.5,3.0,1.0,1.0,1.0,1.0,0.0,0.0,0.0,1.0,1.0,1.0,1.0,0.0,0.0,0.0,0.0,3.0,1.5,1.5,2.1213203435596424,4.5,3.0,0.0,0.0,0.0,0.0,0.0,0.0,0.0,0.0,0.0,0.0,0.0,0.0,0.0,0.0,0.0,0.0,0.0,0.0,0.0,0.0,0.0,1.0,3.0,2.0,2.0,1.4142135623730951,2.0,2.0,0.0,0.0,0.0,0.0,0.0,0.0,0.0,0.0,0.0,2.0,0.0,0.0,0.0,0.0,0.0,0.0,2.0,2.0,0.0,0.0,0.0,0.0,0.0,0.0,0.0,0.0,0.0,0.0,0.0,0.0,0.0
223,232,Sprint 19,-6,7,2,6,0,0,0,0,2,6,0,0,0,0,1,2,2.0,0.0,0.0,1.0,5.0,3.0,3.0,2.8284271247461903,8.0,4.0,1.0,1.0,1.0,1.0,0.0,0.0,0.0,1.0,1.0,1.0,1.0,0.0,0.0,0.0,0.0,3.0,1.5,1.5,2.1213203435596424,4.5,3.0,0.0,0.0,0.0,0.0,0.0,0.0,0.0,0.0,0.0,0.0,0.0,0.0,0.0,0.0,0.0,0.0,0.0,0.0,0.0,0.0,0.0,1.0,3.0,2.0,2.0,1.4142135623730951,2.0,2.0,0.0,0.0,0.0,0.0,0.0,0.0,0.0,0.0,0.0,2.0,0.0,0.0,0.0,0.0,0.0,0.0,2.0,2.0,0.0,0.0,0.0,0.0,0.0,0.0,0.0,0.0,0.0,0.0,0.0,0.0,0.0
223,244,Sprint 20,0,7,2,6,0,0,0,0,0,0,0,0,2,6,1,4,2.0,0.0,0.0,1.0,6.0,3.5,3.5,3.5355339059327378,12.5,5.0,1.0,1.0,1.0,1.0,0.0,0.0,0.0,1.0,1.0,1.0,1.0,0.0,0.0,0.0,0.0,3.0,1.5,1.5,2.1213203435596424,4.5,3.0,0.0,0.0,0.0,0.0,0.0,0.0,0.0,0.0,0.0,0.0,0.0,0.0,0.0,0.0,0.0,1.0,0.5,0.5,0.7071067811865476,0.5,1.0,1.0,3.0,2.0,2.0,1.4142135623730951,2.0,2.0,0.0,0.0,0.0,0.0,0.0,0.0,0.0,0.0,0.0,2.0,0.0,0.0,0.0,0.0,0.0,0.0,2.0,2.0,0.0,0.0,0.0,0.0,0.0,0.0,0.0,0.0,0.0,0.0,0.0,0.0,0.0
223,252,Sprint 21,0,8,2,6,0,0,0,0,1,3,0,0,1,3,1,4,2.0,0.0,0.0,1.0,6.0,3.5,3.5,3.5355339059327378,12.5,5.0,1.0,1.0,1.0,1.0,0.0,0.0,0.0,1.0,1.0,1.0,1.0,0.0,0.0,0.0,0.0,3.0,1.5,1.5,2.1213203435596424,4.5,3.0,0.0,0.0,0.0,0.0,0.0,0.0,0.0,0.0,0.0,0.0,0.0,0.0,0.0,0.0,0.0,1.0,0.5,0.5,0.7071067811865476,0.5,1.0,1.0,3.0,2.0,2.0,1.4142135623730951,2.0,2.0,0.0,0.0,0.0,0.0,0.0,0.0,0.0,0.0,0.0,2.0,0.0,0.0,0.0,0.0,0.0,0.0,2.0,2.0,0.0,0.0,0.0,0.0,0.0,0.0,0.0,0.0,0.0,0.0,0.0,0.0,0.0
223,266,Sprint 22,0,7,0,0,1,3,0,0,0,0,0,0,1,3,1,1,1.0,0.0,0.0,0.0,0.0,0.0,0.0,0.0,0.0,0.0,1.0,1.0,1.0,1.0,0.0,0.0,0.0,2.0,2.0,2.0,2.0,0.0,0.0,0.0,0.0,0.0,0.0,0.0,0.0,0.0,0.0,0.0,0.0,0.0,0.0,0.0,0.0,0.0,0.0,0.0,0.0,0.0,0.0,0.0,0.0,1.0,1.0,1.0,1.0,0.0,0.0,0.0,0.0,0.0,0.0,0.0,0.0,0.0,0.0,4.0,4.0,4.0,4.0,0.0,0.0,0.0,0.0,0.0,1.0,0.0,0.0,0.0,0.0,1.0,0.0,0.0,1.0,0.0,0.0,0.0,0.0,0.0,0.0,0.0,0.0,0.0,0.0,0.0,0.0,0.0
223,295,Enterprise Sprint 3,3,13,1,1,0,0,0,0,1,1,0,0,0,0,1,1,2.0,0.0,0.0,0.0,25.0,12.5,12.5,17.67766952966369,312.5,25.0,1.0,1.0,1.0,1.0,0.0,0.0,0.0,1.0,1.0,1.0,1.0,0.0,0.0,0.0,2.0,9.0,5.5,5.5,4.949747468305833,24.5,7.0,0.0,0.0,0.0,0.0,0.0,0.0,0.0,0.0,0.0,0.0,0.0,0.0,0.0,0.0,0.0,0.0,0.0,0.0,0.0,0.0,0.0,0.0,0.0,0.0,0.0,0.0,0.0,0.0,0.0,1.0,0.5,0.5,0.7071067811865476,0.5,1.0,2.0,0.0,0.0,1.0,0.0,0.0,1.0,0.0,0.0,0.0,0.0,0.0,0.0,0.0,0.0,0.0,0.0,0.0,0.0,0.0,0.0,0.0,0.0,0.0
223,486,Search Wins Sprint 4,0,7,0,0,0,0,0,0,0,0,0,0,0,0,1,1,2.0,0.0,1.0,0.0,0.0,0.0,0.0,0.0,0.0,0.0,1.0,1.0,1.0,1.0,0.0,0.0,0.0,0.0,0.0,0.0,0.0,0.0,0.0,0.0,0.0,0.0,0.0,0.0,0.0,0.0,0.0,0.0,0.0,0.0,0.0,0.0,0.0,0.0,0.0,0.0,0.0,0.0,0.0,0.0,0.0,0.0,0.0,0.0,0.0,0.0,0.0,0.0,0.0,0.0,0.0,0.0,0.0,0.0,0.0,0.0,0.0,0.0,0.0,0.0,0.0,0.0,0.0,0.0,1.0,0.0,0.0,0.0,1.0,0.0,0.0,0.0,2.0,0.0,0.0,0.0,0.0,0.0,0.0,0.0,0.0,0.0,0.0,0.0,0.0,0.0
223,551,Search Wins Sprint 5,0,7,2,6,0,0,1,3,0,0,1,3,0,0,1,2,2.0,0.0,1.0,0.0,1.0,0.5,0.5,0.7071067811865476,0.5,1.0,1.0,1.0,1.0,1.0,0.0,0.0,0.0,0.0,0.0,0.0,0.0,0.0,0.0,0.0,0.0,0.0,0.0,0.0,0.0,0.0,0.0,0.0,0.0,0.0,0.0,0.0,0.0,0.0,0.0,0.0,0.0,0.0,0.0,0.0,0.0,0.0,0.0,0.0,0.0,0.0,0.0,0.0,0.0,0.0,0.0,0.0,0.0,0.0,0.0,0.0,1.0,0.5,0.5,0.7071067811865476,0.5,1.0,0.0,0.0,1.0,0.0,0.0,0.0,1.0,0.0,0.0,0.0,2.0,0.0,0.0,0.0,0.0,0.0,0.0,0.0,0.0,0.0,0.0,0.0,0.0,0.0
223,590,Thunder 7,0,12,1,3,0,0,1,3,0,0,0,0,0,0,1,1,1.0,0.0,1.0,1.0,1.0,1.0,1.0,0.0,0.0,0.0,1.0,1.0,1.0,1.0,0.0,0.0,0.0,0.0,0.0,0.0,0.0,0.0,0.0,0.0,0.0,0.0,0.0,0.0,0.0,0.0,0.0,0.0,0.0,0.0,0.0,0.0,0.0,0.0,0.0,0.0,0.0,0.0,0.0,0.0,0.0,0.0,0.0,0.0,0.0,0.0,0.0,0.0,0.0,0.0,0.0,0.0,0.0,0.0,0.0,1.0,1.0,1.0,1.0,0.0,0.0,0.0,0.0,0.0,1.0,0.0,0.0,0.0,0.0,0.0,0.0,0.0,1.0,0.0,0.0,0.0,0.0,0.0,0.0,0.0,0.0,0.0,0.0,0.0,0.0,0.0
223,667,Enterprise Sprint 18,6,14,0,0,0,0,0,0,0,0,0,0,0,0,1,1,4.0,0.0,0.0,0.0,4.0,1.0,0.0,2.0,4.0,4.0,1.0,1.0,1.0,1.0,0.0,0.0,0.0,0.0,2.0,1.25,1.5,0.9574271077563381,0.9166666666666666,2.0,0.0,1.0,0.5,0.5,0.5773502691896257,0.3333333333333333,1.0,0.0,0.0,0.0,0.0,0.0,0.0,0.0,0.0,0.0,0.0,0.0,0.0,0.0,0.0,0.0,0.0,0.0,0.0,0.0,0.0,0.0,0.0,0.0,0.0,0.0,0.0,0.0,0.0,0.0,1.0,0.25,0.0,0.5,0.25,1.0,0.0,0.0,4.0,0.0,0.0,0.0,0.0,2.0,0.0,0.0,4.0,0.0,0.0,2.0,0.0,0.0,0.0,0.0,0.0,0.0,0.0,0.0,0.0,0.0
223,776,Enterprise Sprint 19,0,14,0,0,2,6,0,0,0,0,0,0,2,6,1,4,2.0,0.0,0.0,0.0,2.0,1.0,1.0,1.4142135623730951,2.0,2.0,1.0,1.0,1.0,1.0,0.0,0.0,0.0,1.0,2.0,1.5,1.5,0.7071067811865476,0.5,1.0,0.0,1.0,0.5,0.5,0.7071067811865476,0.5,1.0,0.0,0.0,0.0,0.0,0.0,0.0,0.0,0.0,0.0,0.0,0.0,0.0,0.0,0.0,1.0,1.0,1.0,1.0,0.0,0.0,0.0,1.0,1.0,1.0,1.0,0.0,0.0,0.0,0.0,0.0,0.0,0.0,0.0,0.0,0.0,0.0,0.0,2.0,0.0,0.0,0.0,0.0,0.0,0.0,0.0,2.0,0.0,0.0,2.0,0.0,0.0,0.0,0.0,0.0,0.0,0.0,0.0,0.0,0.0
223,807,Enterprise Sprint 20,0,14,0,0,1,3,1,3,0,0,0,0,0,0,1,2,1.0,0.0,0.0,1.0,1.0,1.0,1.0,0.0,0.0,0.0,1.0,1.0,1.0,1.0,0.0,0.0,0.0,1.0,1.0,1.0,1.0,0.0,0.0,0.0,1.0,1.0,1.0,1.0,0.0,0.0,0.0,0.0,0.0,0.0,0.0,0.0,0.0,0.0,0.0,0.0,0.0,0.0,0.0,0.0,0.0,0.0,0.0,0.0,0.0,0.0,0.0,0.0,0.0,0.0,0.0,0.0,0.0,0.0,0.0,0.0,0.0,0.0,0.0,0.0,0.0,0.0,0.0,0.0,1.0,0.0,0.0,0.0,0.0,1.0,0.0,0.0,1.0,0.0,0.0,0.0,0.0,0.0,0.0,0.0,0.0,0.0,0.0,0.0,0.0,0.0
223,827,Enterprise Sprint 21,0,14,0,0,1,3,0,0,0,0,0,0,1,3,1,3,1.0,0.0,0.0,1.0,1.0,1.0,1.0,0.0,0.0,0.0,1.0,1.0,1.0,1.0,0.0,0.0,0.0,1.0,1.0,1.0,1.0,0.0,0.0,0.0,1.0,1.0,1.0,1.0,0.0,0.0,0.0,0.0,0.0,0.0,0.0,0.0,0.0,0.0,0.0,0.0,0.0,0.0,0.0,0.0,0.0,3.0,3.0,3.0,3.0,0.0,0.0,0.0,0.0,0.0,0.0,0.0,0.0,0.0,0.0,0.0,0.0,0.0,0.0,0.0,0.0,0.0,0.0,0.0,1.0,0.0,0.0,0.0,0.0,1.0,0.0,0.0,1.0,0.0,0.0,0.0,0.0,0.0,0.0,0.0,0.0,0.0,0.0,0.0,0.0,0.0
223,2233,Drive Drift'n Dronin,-8,14,1,8,0,0,0,0,1,8,0,0,0,0,1,1,1.0,0.0,0.0,1.0,1.0,1.0,1.0,0.0,0.0,0.0,1.0,1.0,1.0,1.0,0.0,0.0,0.0,0.0,0.0,0.0,0.0,0.0,0.0,0.0,1.0,1.0,1.0,1.0,0.0,0.0,0.0,0.0,0.0,0.0,0.0,0.0,0.0,0.0,0.0,0.0,0.0,0.0,0.0,0.0,0.0,0.0,0.0,0.0,0.0,0.0,0.0,0.0,0.0,0.0,0.0,0.0,0.0,0.0,0.0,0.0,0.0,0.0,0.0,0.0,0.0,0.0,0.0,0.0,1.0,0.0,0.0,0.0,0.0,1.0,0.0,0.0,1.0,0.0,0.0,0.0,0.0,0.0,0.0,0.0,0.0,0.0,0.0,0.0,0.0,0.0
223,2276,No restrictions!,-8,14,1,8,0,0,0,0,1,8,0,0,0,0,1,1,1.0,0.0,0.0,1.0,1.0,1.0,1.0,0.0,0.0,0.0,1.0,1.0,1.0,1.0,0.0,0.0,0.0,0.0,0.0,0.0,0.0,0.0,0.0,0.0,1.0,1.0,1.0,1.0,0.0,0.0,0.0,0.0,0.0,0.0,0.0,0.0,0.0,0.0,0.0,0.0,0.0,0.0,0.0,0.0,0.0,0.0,0.0,0.0,0.0,0.0,0.0,0.0,0.0,0.0,0.0,0.0,0.0,0.0,0.0,0.0,0.0,0.0,0.0,0.0,0.0,0.0,0.0,0.0,1.0,0.0,0.0,0.0,0.0,1.0,0.0,0.0,1.0,0.0,0.0,0.0,0.0,0.0,0.0,0.0,0.0,0.0,0.0,0.0,0.0,0.0
223,2324,No rotation restrictions,3,14,1,8,0,0,0,0,1,8,0,0,0,0,1,1,2.0,0.0,0.0,0.0,1.0,0.5,0.5,0.7071067811865476,0.5,1.0,1.0,1.0,1.0,1.0,0.0,0.0,0.0,0.0,2.0,1.0,1.0,1.4142135623730951,2.0,2.0,0.0,1.0,0.5,0.5,0.7071067811865476,0.5,1.0,0.0,0.0,0.0,0.0,0.0,0.0,0.0,0.0,0.0,0.0,0.0,0.0,0.0,0.0,0.0,0.0,0.0,0.0,0.0,0.0,0.0,0.0,0.0,0.0,0.0,0.0,0.0,0.0,0.0,0.0,0.0,0.0,0.0,0.0,0.0,0.0,0.0,2.0,0.0,0.0,0.0,0.0,1.0,0.0,0.0,2.0,0.0,0.0,1.0,0.0,0.0,0.0,0.0,0.0,0.0,0.0,0.0,0.0,0.0
227,1815,Toothless,-8,9,1,8,0,0,0,0,0,0,1,8,0,0,1,3,1.0,0.0,1.0,9.0,9.0,9.0,9.0,0.0,0.0,0.0,2.0,2.0,2.0,2.0,0.0,0.0,0.0,2.0,2.0,2.0,2.0,0.0,0.0,0.0,2.0,2.0,2.0,2.0,0.0,0.0,0.0,0.0,0.0,0.0,0.0,0.0,0.0,0.0,0.0,0.0,0.0,0.0,0.0,0.0,0.0,0.0,0.0,0.0,0.0,0.0,0.0,0.0,2.0,2.0,2.0,2.0,0.0,0.0,0.0,13.0,13.0,13.0,13.0,0.0,0.0,0.0,0.0,0.0,1.0,0.0,0.0,0.0,0.0,0.0,0.0,0.0,1.0,0.0,0.0,0.0,0.0,0.0,0.0,0.0,0.0,0.0,0.0,0.0,0.0,0.0
227,1833,Dragonfly,-8,10,1,8,0,0,0,0,1,8,0,0,0,0,1,4,1.0,0.0,1.0,9.0,9.0,9.0,9.0,0.0,0.0,0.0,2.0,2.0,2.0,2.0,0.0,0.0,0.0,2.0,2.0,2.0,2.0,0.0,0.0,0.0,2.0,2.0,2.0,2.0,0.0,0.0,0.0,0.0,0.0,0.0,0.0,0.0,0.0,0.0,0.0,0.0,0.0,0.0,0.0,0.0,0.0,0.0,0.0,0.0,0.0,0.0,0.0,0.0,2.0,2.0,2.0,2.0,0.0,0.0,0.0,13.0,13.0,13.0,13.0,0.0,0.0,0.0,0.0,0.0,1.0,0.0,0.0,0.0,0.0,0.0,0.0,0.0,1.0,0.0,0.0,0.0,0.0,0.0,0.0,0.0,0.0,0.0,0.0,0.0,0.0,0.0
227,1876,Dragonfly 2,0,11,1,3,0,0,1,3,0,0,0,0,0,0,1,1,1.0,0.0,1.0,11.0,11.0,11.0,11.0,0.0,0.0,0.0,10.0,10.0,10.0,10.0,0.0,0.0,0.0,1.0,1.0,1.0,1.0,0.0,0.0,0.0,6.0,6.0,6.0,6.0,0.0,0.0,0.0,0.0,0.0,0.0,0.0,0.0,0.0,0.0,0.0,0.0,0.0,0.0,0.0,0.0,0.0,0.0,0.0,0.0,0.0,0.0,0.0,0.0,0.0,0.0,0.0,0.0,0.0,0.0,0.0,7.0,7.0,7.0,7.0,0.0,0.0,0.0,0.0,0.0,1.0,0.0,0.0,0.0,0.0,0.0,0.0,0.0,1.0,0.0,0.0,0.0,0.0,0.0,0.0,0.0,0.0,0.0,0.0,0.0,0.0,0.0
227,1917,Dragonfly 3,-8,11,1,8,2,13,2,13,1,8,0,0,0,0,1,7,3.0,0.0,3.0,5.0,9.0,7.0,7.0,2.0,4.0,4.0,1.0,3.0,2.0,2.0,1.0,1.0,2.0,2.0,2.0,2.0,2.0,0.0,0.0,0.0,1.0,5.0,2.6666666666666665,2.0,2.081665999466133,4.333333333333334,4.0,0.0,0.0,0.0,0.0,0.0,0.0,0.0,0.0,0.0,0.0,0.0,0.0,0.0,0.0,0.0,0.0,0.0,0.0,0.0,0.0,0.0,0.0,2.0,0.6666666666666666,0.0,1.1547005383792517,1.3333333333333335,2.0,1.0,13.0,7.0,7.0,6.0,36.0,12.0,0.0,0.0,3.0,0.0,0.0,0.0,0.0,0.0,0.0,0.0,3.0,0.0,0.0,0.0,0.0,0.0,0.0,0.0,0.0,0.0,0.0,0.0,0.0,0.0
227,1975,Dragonfly 4,8,9,0,0,0,0,0,0,0,0,0,0,0,0,1,1,1.0,0.0,1.0,5.0,5.0,5.0,5.0,0.0,0.0,0.0,1.0,1.0,1.0,1.0,0.0,0.0,0.0,2.0,2.0,2.0,2.0,0.0,0.0,0.0,1.0,1.0,1.0,1.0,0.0,0.0,0.0,0.0,0.0,0.0,0.0,0.0,0.0,0.0,0.0,0.0,0.0,0.0,0.0,0.0,0.0,0.0,0.0,0.0,0.0,0.0,0.0,0.0,0.0,0.0,0.0,0.0,0.0,0.0,0.0,7.0,7.0,7.0,7.0,0.0,0.0,0.0,0.0,0.0,1.0,0.0,0.0,0.0,0.0,0.0,0.0,0.0,1.0,0.0,0.0,0.0,0.0,0.0,0.0,0.0,0.0,0.0,0.0,0.0,0.0,0.0
233,1437,Sprint 1,-3,14,0,0,1,3,0,0,1,3,0,0,0,0,1,1,2.0,1.0,2.0,0.0,1.0,0.5,0.5,0.7071067811865476,0.5,1.0,1.0,2.0,1.5,1.5,0.7071067811865476,0.5,1.0,0.0,0.0,0.0,0.0,0.0,0.0,0.0,0.0,2.0,1.0,1.0,1.4142135623730951,2.0,2.0,0.0,0.0,0.0,0.0,0.0,0.0,0.0,0.0,0.0,0.0,0.0,0.0,0.0,0.0,0.0,0.0,0.0,0.0,0.0,0.0,0.0,0.0,0.0,0.0,0.0,0.0,0.0,0.0,0.0,2.0,1.0,1.0,1.4142135623730951,2.0,2.0,1.0,0.0,1.0,0.0,0.0,0.0,0.0,0.0,0.0,0.0,1.0,0.0,0.0,0.0,0.0,0.0,0.0,0.0,0.0,0.0,0.0,0.0,0.0,0.0
233,1917,Dragonfly 3,0,11,0,0,1,8,1,8,0,0,0,0,0,0,1,1,1.0,0.0,1.0,5.0,5.0,5.0,5.0,0.0,0.0,0.0,1.0,1.0,1.0,1.0,0.0,0.0,0.0,2.0,2.0,2.0,2.0,0.0,0.0,0.0,1.0,1.0,1.0,1.0,0.0,0.0,0.0,0.0,0.0,0.0,0.0,0.0,0.0,0.0,0.0,0.0,0.0,0.0,0.0,0.0,0.0,0.0,0.0,0.0,0.0,0.0,0.0,0.0,0.0,0.0,0.0,0.0,0.0,0.0,0.0,7.0,7.0,7.0,7.0,0.0,0.0,0.0,0.0,0.0,1.0,0.0,0.0,0.0,0.0,0.0,0.0,0.0,1.0,0.0,0.0,0.0,0.0,0.0,0.0,0.0,0.0,0.0,0.0,0.0,0.0,0.0
233,1975,Dragonfly 4,0,9,0,0,0,0,0,0,0,0,0,0,0,0,1,1,0.0,0.0,0.0,0.0,0.0,0.0,0.0,0.0,0.0,0.0,0.0,0.0,0.0,0.0,0.0,0.0,0.0,0.0,0.0,0.0,0.0,0.0,0.0,0.0,0.0,0.0,0.0,0.0,0.0,0.0,0.0,0.0,0.0,0.0,0.0,0.0,0.0,0.0,0.0,0.0,0.0,0.0,0.0,0.0,0.0,0.0,0.0,0.0,0.0,0.0,0.0,0.0,0.0,0.0,0.0,0.0,0.0,0.0,0.0,0.0,0.0,0.0,0.0,0.0,0.0,0.0,0.0,0.0,0.0,0.0,0.0,0.0,0.0,0.0,0.0,0.0,0.0,0.0,0.0,0.0,0.0,0.0,0.0,0.0,0.0,0.0,0.0,0.0,0.0,0.0
235,1,Sprint 1,0,0,0,0,0,0,0,0,0,0,0,0,0,0,1,1,6.0,6.0,6.0,0.0,0.0,0.0,0.0,0.0,0.0,0.0,0.0,1.0,0.16666666666666666,0.0,0.408248290463863,0.16666666666666669,1.0,0.0,2.0,1.1666666666666667,1.5,0.9831920802501751,0.9666666666666668,2.0,0.0,1.0,0.16666666666666666,0.0,0.408248290463863,0.16666666666666669,1.0,0.0,0.0,0.0,0.0,0.0,0.0,0.0,0.0,0.0,0.0,0.0,0.0,0.0,0.0,0.0,0.0,0.0,0.0,0.0,0.0,0.0,0.0,0.0,0.0,0.0,0.0,0.0,0.0,0.0,0.0,0.0,0.0,0.0,0.0,0.0,6.0,0.0,0.0,0.0,0.0,0.0,0.0,0.0,0.0,0.0,0.0,0.0,0.0,0.0,0.0,0.0,0.0,0.0,0.0,0.0,0.0,0.0,0.0,0.0
235,4,Sprint 2,0,11,0,0,0,0,0,0,0,0,0,0,0,0,1,1,0.0,0.0,0.0,0.0,0.0,0.0,0.0,0.0,0.0,0.0,0.0,0.0,0.0,0.0,0.0,0.0,0.0,0.0,0.0,0.0,0.0,0.0,0.0,0.0,0.0,0.0,0.0,0.0,0.0,0.0,0.0,0.0,0.0,0.0,0.0,0.0,0.0,0.0,0.0,0.0,0.0,0.0,0.0,0.0,0.0,0.0,0.0,0.0,0.0,0.0,0.0,0.0,0.0,0.0,0.0,0.0,0.0,0.0,0.0,0.0,0.0,0.0,0.0,0.0,0.0,0.0,0.0,0.0,0.0,0.0,0.0,0.0,0.0,0.0,0.0,0.0,0.0,0.0,0.0,0.0,0.0,0.0,0.0,0.0,0.0,0.0,0.0,0.0,0.0,0.0
235,9,Sprint 1,-30,14,9,37,0,0,0,0,7,35,0,0,2,2,1,4,24.0,11.0,17.0,0.0,2.0,0.16666666666666666,0.0,0.4815434123430768,0.23188405797101447,2.0,0.0,0.0,0.0,0.0,0.0,0.0,0.0,0.0,2.0,0.4166666666666667,0.0,0.8297022339981068,0.6884057971014492,2.0,0.0,1.0,0.041666666666666664,0.0,0.2041241452319315,0.04166666666666667,1.0,0.0,0.0,0.0,0.0,0.0,0.0,0.0,0.0,0.0,0.0,0.0,0.0,0.0,0.0,0.0,2.0,0.16666666666666666,0.0,0.5646597025732799,0.3188405797101449,2.0,0.0,4.0,0.20833333333333334,0.0,0.832970935693524,0.6938405797101449,4.0,0.0,1.0,0.08333333333333333,0.0,0.28232985128663995,0.07971014492753623,1.0,23.0,4.0,4.0,2.0,1.0,1.0,1.0,4.0,2.0,1.0,1.0,0.0,0.0,0.0,0.0,0.0,0.0,0.0,0.0,0.0,0.0,0.0,0.0,0.0
235,10,Sprint 2,-38,14,9,44,0,0,0,0,8,43,0,0,1,1,1,1,23.0,10.0,14.0,0.0,2.0,0.17391304347826086,0.0,0.4910261901035311,0.24110671936758904,2.0,0.0,1.0,0.043478260869565216,0.0,0.2085144140570748,0.04347826086956523,1.0,0.0,2.0,0.8695652173913043,0.0,1.013739603739404,1.0276679841897236,2.0,0.0,1.0,0.043478260869565216,0.0,0.20851441405707477,0.04347826086956522,1.0,0.0,0.0,0.0,0.0,0.0,0.0,0.0,0.0,0.0,0.0,0.0,0.0,0.0,0.0,0.0,2.0,0.5217391304347826,0.0,0.897955517089759,0.8063241106719363,2.0,0.0,1.0,0.043478260869565216,0.0,0.2085144140570748,0.04347826086956523,1.0,0.0,0.0,0.0,0.0,0.0,0.0,0.0,22.0,4.0,3.0,2.0,1.0,2.0,1.0,6.0,2.0,1.0,1.0,0.0,0.0,0.0,0.0,0.0,0.0,0.0,0.0,0.0,0.0,0.0,0.0,0.0
235,14,Sprint 3,-49,14,10,49,0,0,0,0,9,44,1,5,0,0,1,2,24.0,10.0,15.0,0.0,2.0,0.16666666666666666,0.0,0.4815434123430768,0.23188405797101447,2.0,0.0,1.0,0.125,0.0,0.3378319623460881,0.11413043478260869,1.0,0.0,2.0,1.0833333333333333,2.0,1.0179547554081032,1.0362318840579712,2.0,0.0,1.0,0.08333333333333333,0.0,0.28232985128663995,0.07971014492753623,1.0,0.0,0.0,0.0,0.0,0.0,0.0,0.0,0.0,0.0,0.0,0.0,0.0,0.0,0.0,0.0,4.0,0.75,0.0,1.1515584902738285,1.326086956521739,4.0,0.0,1.0,0.041666666666666664,0.0,0.20412414523193154,0.04166666666666668,1.0,0.0,0.0,0.0,0.0,0.0,0.0,0.0,23.0,2.0,5.0,1.0,1.0,2.0,1.0,5.0,2.0,1.0,1.0,1.0,1.0,1.0,0.0,0.0,0.0,0.0,0.0,0.0,0.0,0.0,0.0,0.0
235,64,Sprint 4,-30,14,10,48,0,0,2,18,5,7,3,23,0,0,1,4,26.0,13.0,20.0,0.0,1.0,0.07692307692307693,0.0,0.271746488194703,0.07384615384615385,1.0,0.0,1.0,0.038461538461538464,0.0,0.19611613513818402,0.03846153846153846,1.0,0.0,2.0,1.0,1.0,1.019803902718557,1.04,2.0,0.0,1.0,0.19230769230769232,0.0,0.40191847623425014,0.16153846153846152,1.0,0.0,0.0,0.0,0.0,0.0,0.0,0.0,0.0,0.0,0.0,0.0,0.0,0.0,0.0,0.0,2.0,0.46153846153846156,0.0,0.8593378488473195,0.7384615384615384,2.0,0.0,1.0,0.07692307692307693,0.0,0.271746488194703,0.07384615384615385,1.0,0.0,1.0,0.038461538461538464,0.0,0.19611613513818402,0.03846153846153846,1.0,25.0,2.0,3.0,1.0,1.0,4.0,1.0,4.0,1.0,1.0,1.0,1.0,0.0,0.0,0.0,0.0,0.0,0.0,0.0,0.0,0.0,0.0,0.0,0.0
235,81,Sprint 5,-16,14,4,17,0,0,0,0,3,16,0,0,1,1,1,1,16.0,8.0,11.0,0.0,1.0,0.125,0.0,0.3415650255319866,0.11666666666666667,1.0,0.0,1.0,0.0625,0.0,0.25,0.0625,1.0,0.0,2.0,1.125,2.0,1.02469507659596,1.05,2.0,0.0,1.0,0.0625,0.0,0.25,0.0625,1.0,0.0,0.0,0.0,0.0,0.0,0.0,0.0,0.0,0.0,0.0,0.0,0.0,0.0,0.0,0.0,2.0,0.625,0.0,0.9574271077563381,0.9166666666666666,2.0,0.0,1.0,0.125,0.0,0.3415650255319866,0.11666666666666667,1.0,0.0,0.0,0.0,0.0,0.0,0.0,0.0,16.0,2.0,2.0,0.0,1.0,2.0,0.0,3.0,1.0,1.0,0.0,1.0,0.0,0.0,0.0,0.0,0.0,0.0,0.0,0.0,0.0,0.0,0.0,0.0
235,233,Sprint 6,-26,0,10,35,0,0,2,7,4,19,2,7,2,2,1,6,28.0,8.0,17.0,0.0,0.0,0.0,0.0,0.0,0.0,0.0,0.0,1.0,0.14285714285714285,0.0,0.35634832254989923,0.126984126984127,1.0,0.0,2.0,0.9285714285714286,1.0,0.8997354108424372,0.8095238095238094,2.0,0.0,2.0,0.2857142857142857,0.0,0.5345224838248488,0.28571428571428575,2.0,0.0,0.0,0.0,0.0,0.0,0.0,0.0,0.0,0.0,0.0,0.0,0.0,0.0,0.0,0.0,4.0,0.9642857142857143,0.0,1.4005856673692658,1.9616402116402114,4.0,0.0,1.0,0.10714285714285714,0.0,0.314970394174356,0.09920634920634921,1.0,0.0,2.0,0.14285714285714285,0.0,0.44839513942303283,0.20105820105820105,2.0,28.0,0.0,4.0,0.0,3.0,3.0,0.0,2.0,1.0,1.0,0.0,1.0,1.0,3.0,6.0,2.0,0.0,0.0,0.0,0.0,0.0,0.0,0.0,0.0
235,314,Sprint 5,0,4,0,0,0,0,0,0,0,0,0,0,0,0,1,1,3.0,3.0,3.0,0.0,0.0,0.0,0.0,0.0,0.0,0.0,0.0,1.0,0.3333333333333333,0.0,0.5773502691896258,0.33333333333333337,1.0,1.0,1.0,1.0,1.0,0.0,0.0,0.0,0.0,0.0,0.0,0.0,0.0,0.0,0.0,0.0,0.0,0.0,0.0,0.0,0.0,0.0,0.0,0.0,0.0,0.0,0.0,0.0,0.0,0.0,0.0,0.0,0.0,0.0,0.0,0.0,0.0,0.0,0.0,0.0,0.0,0.0,0.0,0.0,0.0,0.0,0.0,0.0,0.0,0.0,2.0,0.0,0.0,0.0,0.0,0.0,0.0,0.0,0.0,0.0,1.0,0.0,0.0,0.0,0.0,0.0,0.0,0.0,0.0,0.0,0.0,0.0,0.0,0.0
265,1,Sprint 1,0,0,0,0,0,0,0,0,0,0,0,0,0,0,1,1,6.0,6.0,6.0,0.0,0.0,0.0,0.0,0.0,0.0,0.0,0.0,1.0,0.16666666666666666,0.0,0.408248290463863,0.16666666666666669,1.0,0.0,2.0,1.1666666666666667,1.5,0.9831920802501751,0.9666666666666668,2.0,0.0,1.0,0.16666666666666666,0.0,0.408248290463863,0.16666666666666669,1.0,0.0,0.0,0.0,0.0,0.0,0.0,0.0,0.0,0.0,0.0,0.0,0.0,0.0,0.0,0.0,0.0,0.0,0.0,0.0,0.0,0.0,0.0,0.0,0.0,0.0,0.0,0.0,0.0,0.0,0.0,0.0,0.0,0.0,0.0,0.0,6.0,0.0,0.0,0.0,0.0,0.0,0.0,0.0,0.0,0.0,0.0,0.0,0.0,0.0,0.0,0.0,0.0,0.0,0.0,0.0,0.0,0.0,0.0,0.0
265,2,Sprint 1,0,0,0,0,0,0,0,0,0,0,0,0,0,0,1,1,0.0,0.0,0.0,0.0,0.0,0.0,0.0,0.0,0.0,0.0,0.0,0.0,0.0,0.0,0.0,0.0,0.0,0.0,0.0,0.0,0.0,0.0,0.0,0.0,0.0,0.0,0.0,0.0,0.0,0.0,0.0,0.0,0.0,0.0,0.0,0.0,0.0,0.0,0.0,0.0,0.0,0.0,0.0,0.0,0.0,0.0,0.0,0.0,0.0,0.0,0.0,0.0,0.0,0.0,0.0,0.0,0.0,0.0,0.0,0.0,0.0,0.0,0.0,0.0,0.0,0.0,0.0,0.0,0.0,0.0,0.0,0.0,0.0,0.0,0.0,0.0,0.0,0.0,0.0,0.0,0.0,0.0,0.0,0.0,0.0,0.0,0.0,0.0,0.0,0.0
265,4,Sprint 2,0,11,0,0,0,0,0,0,0,0,0,0,0,0,1,1,0.0,0.0,0.0,0.0,0.0,0.0,0.0,0.0,0.0,0.0,0.0,0.0,0.0,0.0,0.0,0.0,0.0,0.0,0.0,0.0,0.0,0.0,0.0,0.0,0.0,0.0,0.0,0.0,0.0,0.0,0.0,0.0,0.0,0.0,0.0,0.0,0.0,0.0,0.0,0.0,0.0,0.0,0.0,0.0,0.0,0.0,0.0,0.0,0.0,0.0,0.0,0.0,0.0,0.0,0.0,0.0,0.0,0.0,0.0,0.0,0.0,0.0,0.0,0.0,0.0,0.0,0.0,0.0,0.0,0.0,0.0,0.0,0.0,0.0,0.0,0.0,0.0,0.0,0.0,0.0,0.0,0.0,0.0,0.0,0.0,0.0,0.0,0.0,0.0,0.0
265,10,Sprint 2,0,14,0,0,0,0,0,0,0,0,0,0,0,0,1,1,14.0,10.0,10.0,0.0,1.0,0.14285714285714285,0.0,0.3631365196012815,0.1318681318681319,1.0,0.0,1.0,0.07142857142857142,0.0,0.26726124191242434,0.07142857142857141,1.0,0.0,2.0,0.8571428571428571,0.0,1.027105182026191,1.054945054945055,2.0,0.0,0.0,0.0,0.0,0.0,0.0,0.0,0.0,0.0,0.0,0.0,0.0,0.0,0.0,0.0,0.0,0.0,0.0,0.0,0.0,0.0,0.0,2.0,0.42857142857142855,0.0,0.8516306272526404,0.7252747252747257,2.0,0.0,0.0,0.0,0.0,0.0,0.0,0.0,0.0,0.0,0.0,0.0,0.0,0.0,0.0,14.0,4.0,0.0,0.0,0.0,0.0,0.0,3.0,1.0,0.0,0.0,0.0,0.0,0.0,0.0,0.0,0.0,0.0,0.0,0.0,0.0,0.0,0.0,0.0
265,20,1.1-M2-test-r,0,14,0,0,0,0,0,0,0,0,0,0,0,0,1,1,0.0,0.0,0.0,0.0,0.0,0.0,0.0,0.0,0.0,0.0,0.0,0.0,0.0,0.0,0.0,0.0,0.0,0.0,0.0,0.0,0.0,0.0,0.0,0.0,0.0,0.0,0.0,0.0,0.0,0.0,0.0,0.0,0.0,0.0,0.0,0.0,0.0,0.0,0.0,0.0,0.0,0.0,0.0,0.0,0.0,0.0,0.0,0.0,0.0,0.0,0.0,0.0,0.0,0.0,0.0,0.0,0.0,0.0,0.0,0.0,0.0,0.0,0.0,0.0,0.0,0.0,0.0,0.0,0.0,0.0,0.0,0.0,0.0,0.0,0.0,0.0,0.0,0.0,0.0,0.0,0.0,0.0,0.0,0.0,0.0,0.0,0.0,0.0,0.0,0.0
265,21,1.1-M2-Fire,0,4,0,0,0,0,0,0,0,0,0,0,0,0,1,1,0.0,0.0,0.0,0.0,0.0,0.0,0.0,0.0,0.0,0.0,0.0,0.0,0.0,0.0,0.0,0.0,0.0,0.0,0.0,0.0,0.0,0.0,0.0,0.0,0.0,0.0,0.0,0.0,0.0,0.0,0.0,0.0,0.0,0.0,0.0,0.0,0.0,0.0,0.0,0.0,0.0,0.0,0.0,0.0,0.0,0.0,0.0,0.0,0.0,0.0,0.0,0.0,0.0,0.0,0.0,0.0,0.0,0.0,0.0,0.0,0.0,0.0,0.0,0.0,0.0,0.0,0.0,0.0,0.0,0.0,0.0,0.0,0.0,0.0,0.0,0.0,0.0,0.0,0.0,0.0,0.0,0.0,0.0,0.0,0.0,0.0,0.0,0.0,0.0,0.0
265,29,1.1-M4-Blue,0,6,0,0,0,0,0,0,0,0,0,0,0,0,1,1,0.0,0.0,0.0,0.0,0.0,0.0,0.0,0.0,0.0,0.0,0.0,0.0,0.0,0.0,0.0,0.0,0.0,0.0,0.0,0.0,0.0,0.0,0.0,0.0,0.0,0.0,0.0,0.0,0.0,0.0,0.0,0.0,0.0,0.0,0.0,0.0,0.0,0.0,0.0,0.0,0.0,0.0,0.0,0.0,0.0,0.0,0.0,0.0,0.0,0.0,0.0,0.0,0.0,0.0,0.0,0.0,0.0,0.0,0.0,0.0,0.0,0.0,0.0,0.0,0.0,0.0,0.0,0.0,0.0,0.0,0.0,0.0,0.0,0.0,0.0,0.0,0.0,0.0,0.0,0.0,0.0,0.0,0.0,0.0,0.0,0.0,0.0,0.0,0.0,0.0
265,1790,3.7-m4,0,21,0,0,0,0,0,0,0,0,0,0,0,0,1,1,1.0,0.0,0.0,0.0,0.0,0.0,0.0,0.0,0.0,0.0,1.0,1.0,1.0,1.0,0.0,0.0,0.0,1.0,1.0,1.0,1.0,0.0,0.0,0.0,0.0,0.0,0.0,0.0,0.0,0.0,0.0,0.0,0.0,0.0,0.0,0.0,0.0,0.0,0.0,0.0,0.0,0.0,0.0,0.0,0.0,0.0,0.0,0.0,0.0,0.0,0.0,0.0,0.0,0.0,0.0,0.0,0.0,0.0,0.0,1.0,1.0,1.0,1.0,0.0,0.0,0.0,1.0,0.0,0.0,0.0,0.0,1.0,0.0,0.0,1.0,0.0,0.0,0.0,0.0,0.0,0.0,0.0,0.0,0.0,0.0,0.0,0.0,0.0,0.0,0.0
276,1815,Toothless,-8,9,1,8,0,0,0,0,0,0,1,8,0,0,1,3,1.0,0.0,1.0,9.0,9.0,9.0,9.0,0.0,0.0,0.0,2.0,2.0,2.0,2.0,0.0,0.0,0.0,2.0,2.0,2.0,2.0,0.0,0.0,0.0,2.0,2.0,2.0,2.0,0.0,0.0,0.0,0.0,0.0,0.0,0.0,0.0,0.0,0.0,0.0,0.0,0.0,0.0,0.0,0.0,0.0,0.0,0.0,0.0,0.0,0.0,0.0,0.0,2.0,2.0,2.0,2.0,0.0,0.0,0.0,13.0,13.0,13.0,13.0,0.0,0.0,0.0,0.0,0.0,1.0,0.0,0.0,0.0,0.0,0.0,0.0,0.0,1.0,0.0,0.0,0.0,0.0,0.0,0.0,0.0,0.0,0.0,0.0,0.0,0.0,0.0
276,1833,Dragonfly,-8,10,1,8,0,0,0,0,1,8,0,0,0,0,1,4,1.0,0.0,1.0,9.0,9.0,9.0,9.0,0.0,0.0,0.0,2.0,2.0,2.0,2.0,0.0,0.0,0.0,2.0,2.0,2.0,2.0,0.0,0.0,0.0,2.0,2.0,2.0,2.0,0.0,0.0,0.0,0.0,0.0,0.0,0.0,0.0,0.0,0.0,0.0,0.0,0.0,0.0,0.0,0.0,0.0,0.0,0.0,0.0,0.0,0.0,0.0,0.0,2.0,2.0,2.0,2.0,0.0,0.0,0.0,13.0,13.0,13.0,13.0,0.0,0.0,0.0,0.0,0.0,1.0,0.0,0.0,0.0,0.0,0.0,0.0,0.0,1.0,0.0,0.0,0.0,0.0,0.0,0.0,0.0,0.0,0.0,0.0,0.0,0.0,0.0
276,1876,Dragonfly 2,0,11,1,3,0,0,1,3,0,0,0,0,0,0,1,1,1.0,0.0,1.0,11.0,11.0,11.0,11.0,0.0,0.0,0.0,10.0,10.0,10.0,10.0,0.0,0.0,0.0,1.0,1.0,1.0,1.0,0.0,0.0,0.0,6.0,6.0,6.0,6.0,0.0,0.0,0.0,0.0,0.0,0.0,0.0,0.0,0.0,0.0,0.0,0.0,0.0,0.0,0.0,0.0,0.0,0.0,0.0,0.0,0.0,0.0,0.0,0.0,0.0,0.0,0.0,0.0,0.0,0.0,0.0,7.0,7.0,7.0,7.0,0.0,0.0,0.0,0.0,0.0,1.0,0.0,0.0,0.0,0.0,0.0,0.0,0.0,1.0,0.0,0.0,0.0,0.0,0.0,0.0,0.0,0.0,0.0,0.0,0.0,0.0,0.0
276,1917,Dragonfly 3,-8,11,1,8,2,13,2,13,1,8,0,0,0,0,1,7,3.0,0.0,3.0,5.0,9.0,7.0,7.0,2.0,4.0,4.0,1.0,3.0,2.0,2.0,1.0,1.0,2.0,2.0,2.0,2.0,2.0,0.0,0.0,0.0,1.0,5.0,2.6666666666666665,2.0,2.081665999466133,4.333333333333334,4.0,0.0,0.0,0.0,0.0,0.0,0.0,0.0,0.0,0.0,0.0,0.0,0.0,0.0,0.0,0.0,0.0,0.0,0.0,0.0,0.0,0.0,0.0,2.0,0.6666666666666666,0.0,1.1547005383792517,1.3333333333333335,2.0,1.0,13.0,7.0,7.0,6.0,36.0,12.0,0.0,0.0,3.0,0.0,0.0,0.0,0.0,0.0,0.0,0.0,3.0,0.0,0.0,0.0,0.0,0.0,0.0,0.0,0.0,0.0,0.0,0.0,0.0,0.0
276,1975,Dragonfly 4,8,9,0,0,0,0,0,0,0,0,0,0,0,0,1,1,1.0,0.0,1.0,5.0,5.0,5.0,5.0,0.0,0.0,0.0,1.0,1.0,1.0,1.0,0.0,0.0,0.0,2.0,2.0,2.0,2.0,0.0,0.0,0.0,1.0,1.0,1.0,1.0,0.0,0.0,0.0,0.0,0.0,0.0,0.0,0.0,0.0,0.0,0.0,0.0,0.0,0.0,0.0,0.0,0.0,0.0,0.0,0.0,0.0,0.0,0.0,0.0,0.0,0.0,0.0,0.0,0.0,0.0,0.0,7.0,7.0,7.0,7.0,0.0,0.0,0.0,0.0,0.0,1.0,0.0,0.0,0.0,0.0,0.0,0.0,0.0,1.0,0.0,0.0,0.0,0.0,0.0,0.0,0.0,0.0,0.0,0.0,0.0,0.0,0.0
280,61,Sprint 3,-3,7,1,3,0,0,0,0,1,3,0,0,0,0,1,1,1.0,0.0,0.0,2.0,2.0,2.0,2.0,0.0,0.0,0.0,2.0,2.0,2.0,2.0,0.0,0.0,0.0,0.0,0.0,0.0,0.0,0.0,0.0,0.0,1.0,1.0,1.0,1.0,0.0,0.0,0.0,0.0,0.0,0.0,0.0,0.0,0.0,0.0,0.0,0.0,0.0,0.0,0.0,0.0,0.0,0.0,0.0,0.0,0.0,0.0,0.0,0.0,0.0,0.0,0.0,0.0,0.0,0.0,0.0,2.0,2.0,2.0,2.0,0.0,0.0,0.0,0.0,0.0,0.0,1.0,0.0,0.0,0.0,0.0,0.0,0.0,1.0,0.0,0.0,0.0,0.0,0.0,0.0,0.0,0.0,0.0,0.0,0.0,0.0,0.0
280,128,Sprint 8,-3,6,1,3,0,0,0,0,1,3,0,0,0,0,1,1,1.0,0.0,0.0,2.0,2.0,2.0,2.0,0.0,0.0,0.0,1.0,1.0,1.0,1.0,0.0,0.0,0.0,0.0,0.0,0.0,0.0,0.0,0.0,0.0,2.0,2.0,2.0,2.0,0.0,0.0,0.0,0.0,0.0,0.0,0.0,0.0,0.0,0.0,0.0,0.0,0.0,0.0,0.0,0.0,0.0,0.0,0.0,0.0,0.0,0.0,0.0,0.0,0.0,0.0,0.0,0.0,0.0,0.0,0.0,0.0,0.0,0.0,0.0,0.0,0.0,0.0,0.0,0.0,1.0,0.0,0.0,0.0,0.0,1.0,0.0,0.0,1.0,0.0,0.0,0.0,0.0,0.0,0.0,0.0,0.0,0.0,0.0,0.0,0.0,0.0
280,136,Sprint 9,0,7,1,3,0,0,0,0,0,0,0,0,1,3,1,1,1.0,0.0,0.0,3.0,3.0,3.0,3.0,0.0,0.0,0.0,1.0,1.0,1.0,1.0,0.0,0.0,0.0,0.0,0.0,0.0,0.0,0.0,0.0,0.0,2.0,2.0,2.0,2.0,0.0,0.0,0.0,0.0,0.0,0.0,0.0,0.0,0.0,0.0,0.0,0.0,0.0,0.0,0.0,0.0,0.0,0.0,0.0,0.0,0.0,0.0,0.0,0.0,0.0,0.0,0.0,0.0,0.0,0.0,0.0,0.0,0.0,0.0,0.0,0.0,0.0,0.0,0.0,0.0,1.0,0.0,0.0,0.0,0.0,1.0,0.0,0.0,1.0,0.0,0.0,0.0,0.0,0.0,0.0,0.0,0.0,0.0,0.0,0.0,0.0,0.0
280,393,5.0.x Sprint 1,-3,14,1,3,0,0,0,0,1,3,0,0,0,0,1,1,3.0,2.0,2.0,0.0,1.0,0.3333333333333333,0.0,0.5773502691896258,0.33333333333333337,1.0,0.0,0.0,0.0,0.0,0.0,0.0,0.0,0.0,1.0,0.6666666666666666,1.0,0.5773502691896258,0.33333333333333337,1.0,0.0,1.0,0.3333333333333333,0.0,0.5773502691896258,0.33333333333333337,1.0,0.0,0.0,0.0,0.0,0.0,0.0,0.0,0.0,0.0,0.0,0.0,0.0,0.0,0.0,0.0,0.0,0.0,0.0,0.0,0.0,0.0,0.0,0.0,0.0,0.0,0.0,0.0,0.0,0.0,1.0,0.3333333333333333,0.0,0.5773502691896258,0.33333333333333337,1.0,2.0,0.0,0.0,1.0,0.0,0.0,0.0,0.0,0.0,0.0,1.0,0.0,0.0,0.0,0.0,0.0,0.0,0.0,0.0,0.0,0.0,0.0,0.0,0.0
280,412,5.0.x Sprint 2,-3,14,1,3,0,0,0,0,1,3,0,0,0,0,1,2,3.0,2.0,2.0,0.0,1.0,0.3333333333333333,0.0,0.5773502691896258,0.33333333333333337,1.0,0.0,0.0,0.0,0.0,0.0,0.0,0.0,0.0,1.0,0.6666666666666666,1.0,0.5773502691896258,0.33333333333333337,1.0,0.0,1.0,0.3333333333333333,0.0,0.5773502691896258,0.33333333333333337,1.0,0.0,0.0,0.0,0.0,0.0,0.0,0.0,0.0,0.0,0.0,0.0,0.0,0.0,0.0,0.0,0.0,0.0,0.0,0.0,0.0,0.0,0.0,0.0,0.0,0.0,0.0,0.0,0.0,0.0,1.0,0.3333333333333333,0.0,0.5773502691896258,0.33333333333333337,1.0,2.0,0.0,0.0,1.0,0.0,0.0,0.0,0.0,0.0,0.0,1.0,0.0,0.0,0.0,0.0,0.0,0.0,0.0,0.0,0.0,0.0,0.0,0.0,0.0
280,431,5.1.x Sprint 1,-3,14,1,3,0,0,0,0,1,3,0,0,0,0,1,1,1.0,0.0,0.0,1.0,1.0,1.0,1.0,0.0,0.0,0.0,0.0,0.0,0.0,0.0,0.0,0.0,0.0,0.0,0.0,0.0,0.0,0.0,0.0,0.0,1.0,1.0,1.0,1.0,0.0,0.0,0.0,0.0,0.0,0.0,0.0,0.0,0.0,0.0,0.0,0.0,0.0,0.0,0.0,0.0,0.0,0.0,0.0,0.0,0.0,0.0,0.0,0.0,0.0,0.0,0.0,0.0,0.0,0.0,0.0,1.0,1.0,1.0,1.0,0.0,0.0,0.0,0.0,0.0,0.0,1.0,0.0,0.0,0.0,0.0,0.0,0.0,1.0,0.0,0.0,0.0,0.0,0.0,0.0,0.0,0.0,0.0,0.0,0.0,0.0,0.0
280,449,5.1.x Sprint 2,0,14,1,3,0,0,0,0,1,3,0,0,0,0,1,2,10.0,9.0,6.0,0.0,1.0,0.2,0.0,0.42163702135578396,0.17777777777777784,1.0,0.0,1.0,0.9,1.0,0.31622776601683794,0.1,1.0,0.0,2.0,1.4,2.0,0.8432740427115678,0.7111111111111111,2.0,0.0,1.0,0.1,0.0,0.31622776601683794,0.10000000000000002,1.0,0.0,0.0,0.0,0.0,0.0,0.0,0.0,0.0,0.0,0.0,0.0,0.0,0.0,0.0,0.0,1.0,0.2,0.0,0.42163702135578396,0.17777777777777784,1.0,0.0,1.0,0.1,0.0,0.31622776601683794,0.10000000000000002,1.0,1.0,3.0,1.9,2.0,0.5676462121975467,0.32222222222222224,2.0,7.0,0.0,0.0,1.0,0.0,0.0,0.0,1.0,0.0,0.0,3.0,0.0,0.0,2.0,0.0,0.0,0.0,0.0,0.0,0.0,0.0,0.0,0.0,0.0
280,580,Enterprise Sprint 15,3,14,0,0,0,0,0,0,0,0,0,0,0,0,1,1,1.0,0.0,0.0,2.0,2.0,2.0,2.0,0.0,0.0,0.0,2.0,2.0,2.0,2.0,0.0,0.0,0.0,1.0,1.0,1.0,1.0,0.0,0.0,0.0,0.0,0.0,0.0,0.0,0.0,0.0,0.0,0.0,0.0,0.0,0.0,0.0,0.0,0.0,0.0,0.0,0.0,0.0,0.0,0.0,0.0,0.0,0.0,0.0,0.0,0.0,0.0,0.0,0.0,0.0,0.0,0.0,0.0,0.0,0.0,0.0,0.0,0.0,0.0,0.0,0.0,0.0,0.0,0.0,1.0,0.0,0.0,0.0,0.0,1.0,0.0,0.0,1.0,0.0,0.0,0.0,0.0,0.0,0.0,0.0,0.0,0.0,0.0,0.0,0.0,0.0
280,627,Enterprise Sprint 17,3,13,0,0,0,0,0,0,0,0,0,0,0,0,1,1,1.0,0.0,1.0,0.0,0.0,0.0,0.0,0.0,0.0,0.0,1.0,1.0,1.0,1.0,0.0,0.0,0.0,1.0,1.0,1.0,1.0,0.0,0.0,0.0,1.0,1.0,1.0,1.0,0.0,0.0,0.0,0.0,0.0,0.0,0.0,0.0,0.0,0.0,0.0,0.0,0.0,0.0,0.0,0.0,0.0,0.0,0.0,0.0,0.0,0.0,0.0,0.0,0.0,0.0,0.0,0.0,0.0,0.0,0.0,0.0,0.0,0.0,0.0,0.0,0.0,0.0,0.0,0.0,1.0,0.0,0.0,0.0,0.0,0.0,0.0,0.0,1.0,0.0,0.0,0.0,0.0,0.0,0.0,0.0,0.0,0.0,0.0,0.0,0.0,0.0
280,667,Enterprise Sprint 18,3,14,1,3,2,6,1,3,1,3,1,3,0,0,1,1,8.0,0.0,0.0,0.0,82.0,11.625,0.0,28.55539728817854,815.4107142857143,82.0,1.0,1.0,1.0,1.0,0.0,0.0,0.0,0.0,2.0,1.125,1.0,0.8345229603962802,0.6964285714285714,2.0,0.0,10.0,2.0,1.0,3.295017884191656,10.857142857142858,10.0,0.0,0.0,0.0,0.0,0.0,0.0,0.0,0.0,0.0,0.0,0.0,0.0,0.0,0.0,0.0,3.0,0.375,0.0,1.0606601717798212,1.125,3.0,0.0,2.0,0.25,0.0,0.7071067811865476,0.5,2.0,0.0,4.0,1.0,0.5,1.4142135623730951,2.0,4.0,0.0,0.0,7.0,0.0,0.0,0.0,1.0,3.0,0.0,2.0,8.0,0.0,0.0,2.0,0.0,0.0,0.0,0.0,0.0,0.0,0.0,0.0,0.0,0.0
280,776,Enterprise Sprint 19,0,14,2,6,3,9,0,0,1,3,2,6,2,6,1,5,8.0,0.0,0.0,0.0,10.0,2.25,0.5,3.575711717366808,12.785714285714286,10.0,0.0,1.0,0.875,1.0,0.3535533905932738,0.125,1.0,0.0,2.0,1.0,1.0,0.5345224838248488,0.2857142857142857,2.0,0.0,2.0,0.75,1.0,0.7071067811865476,0.5,2.0,0.0,0.0,0.0,0.0,0.0,0.0,0.0,0.0,0.0,0.0,0.0,0.0,0.0,0.0,0.0,3.0,1.0,0.5,1.3093073414159542,1.7142857142857142,3.0,0.0,2.0,0.625,0.5,0.7440238091428449,0.5535714285714286,2.0,0.0,2.0,0.625,0.0,0.9161253813129043,0.8392857142857143,2.0,0.0,0.0,8.0,0.0,0.0,0.0,0.0,4.0,0.0,2.0,8.0,0.0,0.0,2.0,0.0,0.0,0.0,0.0,0.0,0.0,0.0,0.0,0.0,0.0
280,807,Enterprise Sprint 20,0,14,1,3,2,6,1,3,2,6,0,0,0,0,1,3,4.0,0.0,1.0,1.0,6.0,2.5,1.5,2.3804761428476167,5.666666666666667,5.0,0.0,3.0,1.25,1.0,1.2583057392117916,1.5833333333333333,3.0,1.0,1.0,1.0,1.0,0.0,0.0,0.0,0.0,1.0,0.5,0.5,0.5773502691896257,0.3333333333333333,1.0,0.0,0.0,0.0,0.0,0.0,0.0,0.0,0.0,0.0,0.0,0.0,0.0,0.0,0.0,0.0,1.0,0.5,0.5,0.5773502691896257,0.3333333333333333,1.0,0.0,1.0,0.5,0.5,0.5773502691896257,0.3333333333333333,1.0,0.0,3.0,1.0,0.5,1.4142135623730951,2.0,3.0,0.0,0.0,4.0,0.0,0.0,0.0,0.0,2.0,0.0,1.0,4.0,0.0,0.0,0.0,0.0,0.0,0.0,0.0,0.0,0.0,0.0,0.0,0.0,0.0
280,827,Enterprise Sprint 21,0,14,1,3,1,3,0,0,0,0,0,0,2,6,1,3,2.0,0.0,1.0,1.0,11.0,6.0,6.0,7.0710678118654755,50.0,10.0,1.0,3.0,2.0,2.0,1.4142135623730951,2.0,2.0,1.0,1.0,1.0,1.0,0.0,0.0,0.0,0.0,1.0,0.5,0.5,0.7071067811865476,0.5,1.0,0.0,0.0,0.0,0.0,0.0,0.0,0.0,0.0,0.0,0.0,0.0,0.0,0.0,0.0,1.0,3.0,2.0,2.0,1.4142135623730951,2.0,2.0,0.0,0.0,0.0,0.0,0.0,0.0,0.0,0.0,1.0,0.5,0.5,0.7071067811865476,0.5,1.0,0.0,0.0,2.0,0.0,0.0,0.0,0.0,1.0,0.0,0.0,2.0,0.0,0.0,0.0,0.0,0.0,0.0,0.0,0.0,0.0,0.0,0.0,0.0,0.0
280,843,Enterprise Sprint 22,0,9,0,0,0,0,0,0,0,0,0,0,0,0,1,1,0.0,0.0,0.0,0.0,0.0,0.0,0.0,0.0,0.0,0.0,0.0,0.0,0.0,0.0,0.0,0.0,0.0,0.0,0.0,0.0,0.0,0.0,0.0,0.0,0.0,0.0,0.0,0.0,0.0,0.0,0.0,0.0,0.0,0.0,0.0,0.0,0.0,0.0,0.0,0.0,0.0,0.0,0.0,0.0,0.0,0.0,0.0,0.0,0.0,0.0,0.0,0.0,0.0,0.0,0.0,0.0,0.0,0.0,0.0,0.0,0.0,0.0,0.0,0.0,0.0,0.0,0.0,0.0,0.0,0.0,0.0,0.0,0.0,0.0,0.0,0.0,0.0,0.0,0.0,0.0,0.0,0.0,0.0,0.0,0.0,0.0,0.0,0.0,0.0,0.0
280,844,Enterprise Sprint 22,-3,9,0,0,2,6,0,0,2,6,0,0,0,0,1,1,7.0,0.0,0.0,0.0,50.0,9.142857142857142,1.0,18.215639538855722,331.8095238095239,50.0,0.0,4.0,1.5714285714285714,1.0,1.2724180205607039,1.6190476190476197,4.0,0.0,1.0,0.7142857142857143,1.0,0.48795003647426655,0.23809523809523805,1.0,0.0,7.0,1.5714285714285714,0.0,2.5727509827124,6.6190476190476195,7.0,0.0,0.0,0.0,0.0,0.0,0.0,0.0,0.0,0.0,0.0,0.0,0.0,0.0,0.0,0.0,5.0,0.8571428571428571,0.0,1.864454471471609,3.4761904761904763,5.0,0.0,2.0,0.5714285714285714,0.0,0.7867957924694431,0.619047619047619,2.0,0.0,4.0,1.8571428571428572,2.0,1.3451854182690985,1.8095238095238095,4.0,2.0,0.0,5.0,1.0,0.0,0.0,1.0,4.0,1.0,0.0,5.0,0.0,0.0,0.0,0.0,0.0,0.0,0.0,0.0,0.0,0.0,0.0,0.0,0.0
280,877,Enterprise Sprint 23,-8,13,0,0,5,14,0,0,2,6,3,8,0,0,1,3,6.0,0.0,0.0,0.0,52.0,10.333333333333334,1.5,20.578305728768505,423.4666666666667,52.0,0.0,4.0,1.1666666666666667,1.0,1.4719601443879746,2.166666666666667,4.0,0.0,1.0,0.6666666666666666,1.0,0.5163977794943223,0.2666666666666667,1.0,0.0,7.0,2.3333333333333335,2.0,2.581988897471611,6.666666666666666,7.0,0.0,0.0,0.0,0.0,0.0,0.0,0.0,0.0,0.0,0.0,0.0,0.0,0.0,0.0,0.0,1.0,0.16666666666666666,0.0,0.408248290463863,0.16666666666666669,1.0,0.0,1.0,0.3333333333333333,0.0,0.5163977794943223,0.2666666666666667,1.0,0.0,3.0,1.1666666666666667,1.0,1.1690451944500122,1.3666666666666667,3.0,2.0,0.0,5.0,0.0,0.0,0.0,1.0,4.0,1.0,0.0,4.0,0.0,0.0,0.0,0.0,0.0,0.0,0.0,0.0,0.0,0.0,0.0,0.0,0.0
280,900,Page Banner Finale,0,7,0,0,0,0,0,0,0,0,0,0,0,0,1,1,0.0,0.0,0.0,0.0,0.0,0.0,0.0,0.0,0.0,0.0,0.0,0.0,0.0,0.0,0.0,0.0,0.0,0.0,0.0,0.0,0.0,0.0,0.0,0.0,0.0,0.0,0.0,0.0,0.0,0.0,0.0,0.0,0.0,0.0,0.0,0.0,0.0,0.0,0.0,0.0,0.0,0.0,0.0,0.0,0.0,0.0,0.0,0.0,0.0,0.0,0.0,0.0,0.0,0.0,0.0,0.0,0.0,0.0,0.0,0.0,0.0,0.0,0.0,0.0,0.0,0.0,0.0,0.0,0.0,0.0,0.0,0.0,0.0,0.0,0.0,0.0,0.0,0.0,0.0,0.0,0.0,0.0,0.0,0.0,0.0,0.0,0.0,0.0,0.0,0.0
280,902,Enterprise Sprint 23,0,14,4,11,0,0,1,2,0,0,1,2,2,6,1,3,5.0,0.0,0.0,0.0,52.0,11.0,1.0,22.93468988235943,526.0,52.0,0.0,1.0,0.6,1.0,0.5477225575051662,0.30000000000000004,1.0,0.0,1.0,0.8,1.0,0.4472135954999579,0.2,1.0,0.0,7.0,1.8,0.0,3.0331501776206204,9.200000000000001,7.0,0.0,0.0,0.0,0.0,0.0,0.0,0.0,0.0,0.0,0.0,0.0,0.0,0.0,0.0,0.0,1.0,0.2,0.0,0.44721359549995804,0.20000000000000007,1.0,0.0,0.0,0.0,0.0,0.0,0.0,0.0,0.0,2.0,0.8,1.0,0.8366600265340756,0.7000000000000001,2.0,2.0,0.0,4.0,0.0,0.0,0.0,1.0,2.0,1.0,0.0,3.0,0.0,0.0,1.0,0.0,0.0,0.0,0.0,0.0,0.0,0.0,0.0,0.0,0.0
280,922,Enterprise Sprint 24,-8,14,4,12,2,5,0,0,4,12,2,5,0,0,1,3,7.0,0.0,0.0,0.0,52.0,7.714285714285714,0.0,19.53385339791995,381.57142857142867,52.0,0.0,10.0,2.4285714285714284,2.0,3.4572215654165053,11.95238095238095,10.0,0.0,1.0,0.8571428571428571,1.0,0.37796447300922725,0.14285714285714288,1.0,0.0,7.0,1.7142857142857142,1.0,2.4976179127511156,6.238095238095238,7.0,0.0,0.0,0.0,0.0,0.0,0.0,0.0,0.0,0.0,0.0,0.0,0.0,0.0,0.0,0.0,2.0,0.2857142857142857,0.0,0.7559289460184546,0.5714285714285716,2.0,0.0,3.0,0.42857142857142855,0.0,1.1338934190276817,1.2857142857142858,3.0,0.0,4.0,1.1428571428571428,1.0,1.4638501094227998,2.142857142857143,4.0,2.0,0.0,5.0,1.0,0.0,0.0,1.0,3.0,0.0,1.0,5.0,0.0,0.0,1.0,0.0,0.0,0.0,0.0,0.0,0.0,0.0,0.0,0.0,0.0
280,939,Warranty bugs,0,54,0,0,0,0,0,0,0,0,0,0,0,0,1,1,1.0,0.0,0.0,0.0,0.0,0.0,0.0,0.0,0.0,0.0,4.0,4.0,4.0,4.0,0.0,0.0,0.0,1.0,1.0,1.0,1.0,0.0,0.0,0.0,1.0,1.0,1.0,1.0,0.0,0.0,0.0,0.0,0.0,0.0,0.0,0.0,0.0,0.0,0.0,0.0,0.0,0.0,0.0,0.0,0.0,0.0,0.0,0.0,0.0,0.0,0.0,0.0,0.0,0.0,0.0,0.0,0.0,0.0,0.0,0.0,0.0,0.0,0.0,0.0,0.0,0.0,0.0,0.0,1.0,0.0,0.0,0.0,0.0,1.0,0.0,0.0,1.0,0.0,0.0,0.0,0.0,0.0,0.0,0.0,0.0,0.0,0.0,0.0,0.0,0.0
280,979,Enterprise Sprint 25,-12,14,6,17,1,3,0,0,5,15,2,5,0,0,1,4,11.0,0.0,4.0,0.0,52.0,5.636363636363637,1.0,15.429016347601214,238.0545454545455,52.0,0.0,10.0,2.3636363636363638,1.0,2.9076701075853597,8.454545454545457,10.0,0.0,2.0,0.7272727272727273,1.0,0.6466697906828632,0.41818181818181815,2.0,0.0,9.0,2.5454545454545454,2.0,2.8762349126466136,8.272727272727273,9.0,0.0,0.0,0.0,0.0,0.0,0.0,0.0,0.0,0.0,0.0,0.0,0.0,0.0,0.0,0.0,1.0,0.18181818181818182,0.0,0.40451991747794525,0.16363636363636364,1.0,0.0,1.0,0.09090909090909091,0.0,0.3015113445777636,0.09090909090909088,1.0,0.0,6.0,2.3636363636363638,2.0,1.9632996344280855,3.8545454545454545,6.0,2.0,0.0,9.0,1.0,0.0,0.0,1.0,3.0,0.0,2.0,9.0,0.0,0.0,0.0,0.0,0.0,0.0,0.0,0.0,0.0,0.0,0.0,0.0,0.0
280,1016,Enterprise Sprint 26,-9,13,6,18,2,6,0,0,6,18,1,3,1,3,1,4,9.0,0.0,5.0,0.0,2.0,0.5555555555555556,0.0,0.881917103688197,0.7777777777777779,2.0,0.0,3.0,1.4444444444444444,1.0,0.8819171036881969,0.7777777777777778,3.0,0.0,1.0,0.4444444444444444,0.0,0.5270462766947299,0.2777777777777778,1.0,0.0,3.0,1.4444444444444444,1.0,0.8819171036881969,0.7777777777777778,3.0,0.0,0.0,0.0,0.0,0.0,0.0,0.0,0.0,0.0,0.0,0.0,0.0,0.0,0.0,0.0,0.0,0.0,0.0,0.0,0.0,0.0,0.0,1.0,0.2222222222222222,0.0,0.44095855184409843,0.19444444444444445,1.0,0.0,5.0,1.8888888888888888,2.0,2.0275875100994063,4.111111111111111,5.0,2.0,0.0,7.0,2.0,0.0,0.0,0.0,1.0,0.0,1.0,7.0,0.0,0.0,0.0,0.0,0.0,0.0,0.0,0.0,0.0,0.0,0.0,0.0,0.0
280,1048,Enterprise Sprint 2014-01,-3,14,3,9,1,3,0,0,3,9,1,3,0,0,1,1,4.0,0.0,1.0,2.0,13.0,7.25,7.0,6.075908711186061,36.916666666666664,11.0,0.0,2.0,1.0,1.0,0.816496580927726,0.6666666666666666,2.0,1.0,2.0,1.25,1.0,0.5,0.25,1.0,0.0,2.0,1.25,1.5,0.9574271077563381,0.9166666666666666,2.0,0.0,0.0,0.0,0.0,0.0,0.0,0.0,0.0,0.0,0.0,0.0,0.0,0.0,0.0,0.0,2.0,0.5,0.0,1.0,1.0,2.0,0.0,2.0,0.5,0.0,1.0,1.0,2.0,0.0,5.0,2.5,2.5,2.0816659994661326,4.333333333333333,5.0,0.0,0.0,3.0,1.0,0.0,0.0,0.0,1.0,0.0,1.0,4.0,0.0,0.0,0.0,0.0,0.0,0.0,0.0,0.0,0.0,0.0,0.0,0.0,0.0
280,1096,Enterprise Sprint 2014-02,3,13,0,0,0,0,0,0,0,0,0,0,0,0,1,1,1.0,0.0,0.0,14.0,14.0,14.0,14.0,0.0,0.0,0.0,0.0,0.0,0.0,0.0,0.0,0.0,0.0,2.0,2.0,2.0,2.0,0.0,0.0,0.0,0.0,0.0,0.0,0.0,0.0,0.0,0.0,0.0,0.0,0.0,0.0,0.0,0.0,0.0,0.0,0.0,0.0,0.0,0.0,0.0,0.0,2.0,2.0,2.0,2.0,0.0,0.0,0.0,0.0,0.0,0.0,0.0,0.0,0.0,0.0,3.0,3.0,3.0,3.0,0.0,0.0,0.0,0.0,0.0,0.0,1.0,0.0,0.0,0.0,0.0,0.0,0.0,1.0,0.0,0.0,0.0,0.0,0.0,0.0,0.0,0.0,0.0,0.0,0.0,0.0,0.0
280,1245,Enterprise Sprint - 2014-7,0,13,0,0,1,3,0,0,0,0,1,3,0,0,1,2,1.0,0.0,0.0,1.0,1.0,1.0,1.0,0.0,0.0,0.0,1.0,1.0,1.0,1.0,0.0,0.0,0.0,1.0,1.0,1.0,1.0,0.0,0.0,0.0,0.0,0.0,0.0,0.0,0.0,0.0,0.0,0.0,0.0,0.0,0.0,0.0,0.0,0.0,0.0,0.0,0.0,0.0,0.0,0.0,0.0,1.0,1.0,1.0,1.0,0.0,0.0,0.0,0.0,0.0,0.0,0.0,0.0,0.0,0.0,2.0,2.0,2.0,2.0,0.0,0.0,0.0,1.0,0.0,1.0,0.0,0.0,0.0,0.0,0.0,0.0,1.0,0.0,0.0,0.0,0.0,0.0,0.0,0.0,0.0,0.0,0.0,0.0,0.0,0.0,0.0
280,1291,Enterprise Sprint - 2014-8,0,13,0,0,1,3,0,0,1,3,0,0,0,0,1,3,3.0,0.0,1.0,0.0,2.0,0.6666666666666666,0.0,1.1547005383792517,1.3333333333333335,2.0,1.0,2.0,1.6666666666666667,2.0,0.5773502691896257,0.3333333333333333,1.0,1.0,2.0,1.3333333333333333,1.0,0.5773502691896257,0.3333333333333333,1.0,0.0,1.0,0.6666666666666666,1.0,0.5773502691896258,0.33333333333333337,1.0,0.0,0.0,0.0,0.0,0.0,0.0,0.0,0.0,0.0,0.0,0.0,0.0,0.0,0.0,0.0,0.0,0.0,0.0,0.0,0.0,0.0,0.0,1.0,0.3333333333333333,0.0,0.5773502691896258,0.33333333333333337,1.0,1.0,9.0,4.0,2.0,4.358898943540674,19.0,8.0,0.0,0.0,3.0,0.0,0.0,0.0,0.0,2.0,0.0,0.0,3.0,0.0,0.0,0.0,0.0,0.0,0.0,0.0,0.0,0.0,0.0,0.0,0.0,0.0
280,1312,Enterprise Sprint - 2014-9,-3,13,0,0,2,6,0,0,0,0,2,6,0,0,1,2,2.0,0.0,1.0,0.0,4.0,2.0,2.0,2.8284271247461903,8.0,4.0,1.0,2.0,1.5,1.5,0.7071067811865476,0.5,1.0,1.0,2.0,1.5,1.5,0.7071067811865476,0.5,1.0,0.0,1.0,0.5,0.5,0.7071067811865476,0.5,1.0,0.0,0.0,0.0,0.0,0.0,0.0,0.0,0.0,0.0,0.0,0.0,0.0,0.0,0.0,0.0,0.0,0.0,0.0,0.0,0.0,0.0,0.0,1.0,0.5,0.5,0.7071067811865476,0.5,1.0,1.0,4.0,2.5,2.5,2.1213203435596424,4.5,3.0,0.0,0.0,2.0,0.0,0.0,0.0,0.0,1.0,0.0,0.0,2.0,0.0,0.0,0.0,0.0,0.0,0.0,0.0,0.0,0.0,0.0,0.0,0.0,0.0
280,1354,Enterprise Sprint - 2014-10,-3,11,1,3,0,0,0,0,0,0,1,3,0,0,1,1,1.0,0.0,1.0,1.0,1.0,1.0,1.0,0.0,0.0,0.0,2.0,2.0,2.0,2.0,0.0,0.0,0.0,1.0,1.0,1.0,1.0,0.0,0.0,0.0,1.0,1.0,1.0,1.0,0.0,0.0,0.0,0.0,0.0,0.0,0.0,0.0,0.0,0.0,0.0,0.0,0.0,0.0,0.0,0.0,0.0,0.0,0.0,0.0,0.0,0.0,0.0,0.0,0.0,0.0,0.0,0.0,0.0,0.0,0.0,1.0,1.0,1.0,1.0,0.0,0.0,0.0,0.0,0.0,1.0,0.0,0.0,0.0,0.0,0.0,0.0,0.0,1.0,0.0,0.0,0.0,0.0,0.0,0.0,0.0,0.0,0.0,0.0,0.0,0.0,0.0
280,1358,Hobbits - T26,-3,14,0,0,1,3,0,0,1,3,0,0,0,0,1,1,1.0,0.0,0.0,8.0,8.0,8.0,8.0,0.0,0.0,0.0,4.0,4.0,4.0,4.0,0.0,0.0,0.0,1.0,1.0,1.0,1.0,0.0,0.0,0.0,1.0,1.0,1.0,1.0,0.0,0.0,0.0,0.0,0.0,0.0,0.0,0.0,0.0,0.0,0.0,0.0,0.0,0.0,0.0,0.0,0.0,0.0,0.0,0.0,0.0,0.0,0.0,0.0,1.0,1.0,1.0,1.0,0.0,0.0,0.0,0.0,0.0,0.0,0.0,0.0,0.0,0.0,0.0,0.0,1.0,0.0,0.0,0.0,0.0,1.0,0.0,0.0,1.0,0.0,0.0,0.0,0.0,0.0,0.0,0.0,0.0,0.0,0.0,0.0,0.0,0.0
280,1373,Enterprise 2014-11,-3,13,1,3,0,0,0,0,1,3,0,0,0,0,1,1,1.0,0.0,1.0,1.0,1.0,1.0,1.0,0.0,0.0,0.0,2.0,2.0,2.0,2.0,0.0,0.0,0.0,1.0,1.0,1.0,1.0,0.0,0.0,0.0,1.0,1.0,1.0,1.0,0.0,0.0,0.0,0.0,0.0,0.0,0.0,0.0,0.0,0.0,0.0,0.0,0.0,0.0,0.0,0.0,0.0,0.0,0.0,0.0,0.0,0.0,0.0,0.0,0.0,0.0,0.0,0.0,0.0,0.0,0.0,1.0,1.0,1.0,1.0,0.0,0.0,0.0,0.0,0.0,1.0,0.0,0.0,0.0,0.0,0.0,0.0,0.0,1.0,0.0,0.0,0.0,0.0,0.0,0.0,0.0,0.0,0.0,0.0,0.0,0.0,0.0
280,1381,Hobbits - T27,0,14,1,3,0,0,0,0,0,0,0,0,1,3,1,1,1.0,0.0,0.0,10.0,10.0,10.0,10.0,0.0,0.0,0.0,4.0,4.0,4.0,4.0,0.0,0.0,0.0,1.0,1.0,1.0,1.0,0.0,0.0,0.0,1.0,1.0,1.0,1.0,0.0,0.0,0.0,0.0,0.0,0.0,0.0,0.0,0.0,0.0,0.0,0.0,0.0,0.0,0.0,0.0,0.0,0.0,0.0,0.0,0.0,0.0,0.0,0.0,1.0,1.0,1.0,1.0,0.0,0.0,0.0,0.0,0.0,0.0,0.0,0.0,0.0,0.0,0.0,0.0,1.0,0.0,0.0,0.0,0.0,1.0,0.0,0.0,1.0,0.0,0.0,0.0,0.0,0.0,0.0,0.0,0.0,0.0,0.0,0.0,0.0,0.0
280,1401,Enterprise 2014-12,0,13,1,3,0,0,0,0,0,0,1,3,0,0,1,1,2.0,0.0,1.0,0.0,1.0,0.5,0.5,0.7071067811865476,0.5,1.0,2.0,2.0,2.0,2.0,0.0,0.0,0.0,1.0,2.0,1.5,1.5,0.7071067811865476,0.5,1.0,0.0,1.0,0.5,0.5,0.7071067811865476,0.5,1.0,0.0,0.0,0.0,0.0,0.0,0.0,0.0,0.0,0.0,0.0,0.0,0.0,0.0,0.0,0.0,0.0,0.0,0.0,0.0,0.0,0.0,0.0,0.0,0.0,0.0,0.0,0.0,0.0,0.0,1.0,0.5,0.5,0.7071067811865476,0.5,1.0,0.0,0.0,2.0,0.0,0.0,0.0,0.0,0.0,0.0,1.0,2.0,0.0,0.0,0.0,0.0,0.0,0.0,0.0,0.0,0.0,0.0,0.0,0.0,0.0
280,1402,Hobbits - T27 reopen,0,11,0,0,1,3,0,0,0,0,0,0,1,3,1,1,1.0,0.0,0.0,10.0,10.0,10.0,10.0,0.0,0.0,0.0,4.0,4.0,4.0,4.0,0.0,0.0,0.0,1.0,1.0,1.0,1.0,0.0,0.0,0.0,1.0,1.0,1.0,1.0,0.0,0.0,0.0,0.0,0.0,0.0,0.0,0.0,0.0,0.0,0.0,0.0,0.0,0.0,0.0,0.0,0.0,0.0,0.0,0.0,0.0,0.0,0.0,0.0,1.0,1.0,1.0,1.0,0.0,0.0,0.0,0.0,0.0,0.0,0.0,0.0,0.0,0.0,0.0,0.0,1.0,0.0,0.0,0.0,0.0,1.0,0.0,0.0,1.0,0.0,0.0,0.0,0.0,0.0,0.0,0.0,0.0,0.0,0.0,0.0,0.0,0.0
280,1441,Enterprise 2014-13,0,12,1,3,0,0,0,0,0,0,0,0,1,3,1,2,1.0,0.0,1.0,3.0,3.0,3.0,3.0,0.0,0.0,0.0,2.0,2.0,2.0,2.0,0.0,0.0,0.0,1.0,1.0,1.0,1.0,0.0,0.0,0.0,1.0,1.0,1.0,1.0,0.0,0.0,0.0,0.0,0.0,0.0,0.0,0.0,0.0,0.0,0.0,0.0,0.0,0.0,0.0,0.0,0.0,0.0,0.0,0.0,0.0,0.0,0.0,0.0,0.0,0.0,0.0,0.0,0.0,0.0,0.0,1.0,1.0,1.0,1.0,0.0,0.0,0.0,0.0,0.0,1.0,0.0,0.0,0.0,0.0,0.0,0.0,0.0,1.0,0.0,0.0,0.0,0.0,0.0,0.0,0.0,0.0,0.0,0.0,0.0,0.0,0.0
280,1508,Enterprise 2014-16,6,14,0,0,0,0,0,0,0,0,0,0,0,0,1,1,2.0,0.0,1.0,1.0,5.0,3.0,3.0,2.8284271247461903,8.0,4.0,1.0,2.0,1.5,1.5,0.7071067811865476,0.5,1.0,1.0,1.0,1.0,1.0,0.0,0.0,0.0,2.0,3.0,2.5,2.5,0.7071067811865476,0.5,1.0,0.0,0.0,0.0,0.0,0.0,0.0,0.0,0.0,0.0,0.0,0.0,0.0,0.0,0.0,0.0,0.0,0.0,0.0,0.0,0.0,0.0,0.0,1.0,0.5,0.5,0.7071067811865476,0.5,1.0,0.0,1.0,0.5,0.5,0.7071067811865476,0.5,1.0,0.0,0.0,2.0,0.0,0.0,0.0,0.0,0.0,0.0,1.0,2.0,0.0,0.0,0.0,0.0,0.0,0.0,0.0,0.0,0.0,0.0,0.0,0.0,0.0
280,1556,Enterprise 2014-17,0,14,0,0,0,0,0,0,0,0,0,0,0,0,1,2,1.0,0.0,1.0,1.0,1.0,1.0,1.0,0.0,0.0,0.0,1.0,1.0,1.0,1.0,0.0,0.0,0.0,2.0,2.0,2.0,2.0,0.0,0.0,0.0,2.0,2.0,2.0,2.0,0.0,0.0,0.0,0.0,0.0,0.0,0.0,0.0,0.0,0.0,0.0,0.0,0.0,0.0,0.0,0.0,0.0,0.0,0.0,0.0,0.0,0.0,0.0,0.0,0.0,0.0,0.0,0.0,0.0,0.0,0.0,1.0,1.0,1.0,1.0,0.0,0.0,0.0,1.0,0.0,1.0,0.0,0.0,0.0,0.0,0.0,0.0,0.0,0.0,0.0,0.0,0.0,0.0,0.0,0.0,0.0,0.0,0.0,0.0,0.0,0.0,0.0
280,1587,Enterprise 2014-18,-3,20,2,6,1,3,0,0,1,3,1,3,1,3,1,4,3.0,0.0,2.0,0.0,1.0,0.3333333333333333,0.0,0.5773502691896258,0.33333333333333337,1.0,1.0,1.0,1.0,1.0,0.0,0.0,0.0,1.0,2.0,1.3333333333333333,1.0,0.5773502691896257,0.3333333333333333,1.0,1.0,2.0,1.6666666666666667,2.0,0.5773502691896257,0.3333333333333333,1.0,0.0,0.0,0.0,0.0,0.0,0.0,0.0,0.0,0.0,0.0,0.0,0.0,0.0,0.0,0.0,1.0,0.3333333333333333,0.0,0.5773502691896258,0.33333333333333337,1.0,0.0,1.0,0.3333333333333333,0.0,0.5773502691896258,0.33333333333333337,1.0,0.0,2.0,1.0,1.0,1.0,1.0,2.0,1.0,0.0,3.0,0.0,0.0,0.0,0.0,0.0,0.0,1.0,2.0,0.0,0.0,0.0,0.0,0.0,0.0,0.0,0.0,0.0,0.0,0.0,0.0,0.0
280,1635,Enterprise 2014-19,0,7,1,3,0,0,1,3,0,0,0,0,0,0,1,2,1.0,0.0,1.0,1.0,1.0,1.0,1.0,0.0,0.0,0.0,1.0,1.0,1.0,1.0,0.0,0.0,0.0,2.0,2.0,2.0,2.0,0.0,0.0,0.0,2.0,2.0,2.0,2.0,0.0,0.0,0.0,0.0,0.0,0.0,0.0,0.0,0.0,0.0,0.0,0.0,0.0,0.0,0.0,0.0,0.0,0.0,0.0,0.0,0.0,0.0,0.0,0.0,0.0,0.0,0.0,0.0,0.0,0.0,0.0,1.0,1.0,1.0,1.0,0.0,0.0,0.0,1.0,0.0,1.0,0.0,0.0,0.0,0.0,0.0,0.0,0.0,0.0,0.0,0.0,0.0,0.0,0.0,0.0,0.0,0.0,0.0,0.0,0.0,0.0,0.0
280,1668,Enterprise 2014-20,0,13,0,0,1,3,0,0,0,0,0,0,1,3,1,2,1.0,0.0,1.0,2.0,2.0,2.0,2.0,0.0,0.0,0.0,1.0,1.0,1.0,1.0,0.0,0.0,0.0,2.0,2.0,2.0,2.0,0.0,0.0,0.0,2.0,2.0,2.0,2.0,0.0,0.0,0.0,0.0,0.0,0.0,0.0,0.0,0.0,0.0,0.0,0.0,0.0,0.0,0.0,0.0,0.0,2.0,2.0,2.0,2.0,0.0,0.0,0.0,0.0,0.0,0.0,0.0,0.0,0.0,0.0,1.0,1.0,1.0,1.0,0.0,0.0,0.0,1.0,0.0,1.0,0.0,0.0,0.0,0.0,0.0,0.0,0.0,0.0,0.0,0.0,0.0,0.0,0.0,0.0,0.0,0.0,0.0,0.0,0.0,0.0,0.0
280,1698,Enterprise 2014-21,-3,13,1,3,0,0,0,0,1,3,0,0,0,0,1,1,1.0,0.0,0.0,2.0,2.0,2.0,2.0,0.0,0.0,0.0,1.0,1.0,1.0,1.0,0.0,0.0,0.0,1.0,1.0,1.0,1.0,0.0,0.0,0.0,0.0,0.0,0.0,0.0,0.0,0.0,0.0,0.0,0.0,0.0,0.0,0.0,0.0,0.0,0.0,0.0,0.0,0.0,0.0,0.0,0.0,0.0,0.0,0.0,0.0,0.0,0.0,0.0,0.0,0.0,0.0,0.0,0.0,0.0,0.0,2.0,2.0,2.0,2.0,0.0,0.0,0.0,0.0,0.0,1.0,0.0,0.0,0.0,0.0,1.0,0.0,0.0,1.0,0.0,0.0,0.0,0.0,0.0,0.0,0.0,0.0,0.0,0.0,0.0,0.0,0.0
280,1725,Enterprise 2014-22,-3,13,2,6,0,0,0,0,1,3,1,3,0,0,1,2,2.0,0.0,0.0,2.0,3.0,2.5,2.5,0.7071067811865476,0.5,1.0,1.0,2.0,1.5,1.5,0.7071067811865476,0.5,1.0,1.0,2.0,1.5,1.5,0.7071067811865476,0.5,1.0,0.0,0.0,0.0,0.0,0.0,0.0,0.0,0.0,0.0,0.0,0.0,0.0,0.0,0.0,0.0,0.0,0.0,0.0,0.0,0.0,0.0,0.0,0.0,0.0,0.0,0.0,0.0,0.0,0.0,1.0,0.5,0.5,0.7071067811865476,0.5,1.0,2.0,3.0,2.5,2.5,0.7071067811865476,0.5,1.0,0.0,0.0,1.0,1.0,0.0,0.0,0.0,1.0,0.0,0.0,2.0,0.0,0.0,0.0,0.0,0.0,0.0,0.0,0.0,0.0,0.0,0.0,0.0,0.0
280,1785,Enterprise 2014-23,-6,13,2,6,0,0,0,0,2,6,0,0,0,0,1,1,2.0,0.0,0.0,0.0,2.0,1.0,1.0,1.4142135623730951,2.0,2.0,1.0,1.0,1.0,1.0,0.0,0.0,0.0,1.0,1.0,1.0,1.0,0.0,0.0,0.0,0.0,0.0,0.0,0.0,0.0,0.0,0.0,0.0,0.0,0.0,0.0,0.0,0.0,0.0,0.0,0.0,0.0,0.0,0.0,0.0,0.0,0.0,0.0,0.0,0.0,0.0,0.0,0.0,0.0,0.0,0.0,0.0,0.0,0.0,0.0,0.0,2.0,1.0,1.0,1.4142135623730951,2.0,2.0,0.0,0.0,2.0,0.0,0.0,0.0,0.0,2.0,0.0,0.0,2.0,0.0,0.0,0.0,0.0,0.0,0.0,0.0,0.0,0.0,0.0,0.0,0.0,0.0
280,1810,Enterprise 2014-24,3,13,2,6,1,3,0,0,1,3,0,0,2,6,1,1,5.0,0.0,2.0,0.0,3.0,1.4,1.0,1.5165750888103102,2.3000000000000003,3.0,1.0,3.0,1.4,1.0,0.8944271909999159,0.8,2.0,0.0,2.0,1.0,1.0,0.7071067811865476,0.5,2.0,0.0,0.0,0.0,0.0,0.0,0.0,0.0,0.0,0.0,0.0,0.0,0.0,0.0,0.0,0.0,0.0,0.0,0.0,0.0,0.0,0.0,0.0,1.0,0.4,0.0,0.5477225575051662,0.30000000000000004,1.0,0.0,0.0,0.0,0.0,0.0,0.0,0.0,0.0,2.0,0.8,0.0,1.0954451150103324,1.2000000000000002,2.0,0.0,0.0,5.0,0.0,0.0,0.0,0.0,2.0,0.0,1.0,5.0,0.0,0.0,0.0,0.0,0.0,0.0,0.0,0.0,0.0,0.0,0.0,0.0,0.0
280,1835,Enterprise 2014-25,0,13,1,3,0,0,1,3,0,0,0,0,0,0,1,1,1.0,0.0,1.0,5.0,5.0,5.0,5.0,0.0,0.0,0.0,1.0,1.0,1.0,1.0,0.0,0.0,0.0,2.0,2.0,2.0,2.0,0.0,0.0,0.0,0.0,0.0,0.0,0.0,0.0,0.0,0.0,0.0,0.0,0.0,0.0,0.0,0.0,0.0,0.0,0.0,0.0,0.0,0.0,0.0,0.0,0.0,0.0,0.0,0.0,0.0,0.0,0.0,0.0,0.0,0.0,0.0,0.0,0.0,0.0,0.0,0.0,0.0,0.0,0.0,0.0,0.0,0.0,0.0,1.0,0.0,0.0,0.0,0.0,0.0,0.0,0.0,1.0,0.0,0.0,0.0,0.0,0.0,0.0,0.0,0.0,0.0,0.0,0.0,0.0,0.0
280,1883,Enterprise 2014-26,0,13,0,0,1,3,0,0,1,3,0,0,0,0,1,3,3.0,0.0,1.0,5.0,11.0,8.333333333333334,9.0,3.055050463303893,9.333333333333332,6.0,1.0,3.0,2.0,2.0,1.0,1.0,2.0,1.0,2.0,1.3333333333333333,1.0,0.5773502691896257,0.3333333333333333,1.0,0.0,4.0,1.6666666666666667,1.0,2.0816659994661326,4.333333333333333,4.0,0.0,0.0,0.0,0.0,0.0,0.0,0.0,0.0,0.0,0.0,0.0,0.0,0.0,0.0,0.0,0.0,0.0,0.0,0.0,0.0,0.0,0.0,3.0,1.3333333333333333,1.0,1.5275252316519468,2.3333333333333335,3.0,0.0,5.0,2.3333333333333335,2.0,2.5166114784235836,6.333333333333334,5.0,0.0,0.0,2.0,1.0,0.0,0.0,0.0,1.0,0.0,0.0,3.0,0.0,0.0,0.0,0.0,0.0,0.0,0.0,0.0,0.0,0.0,0.0,0.0,0.0
280,1921,Enterprise 2015-01,-3,14,1,3,2,6,0,0,1,3,0,0,2,6,1,2,3.0,0.0,0.0,2.0,11.0,7.333333333333333,9.0,4.725815626252609,22.333333333333336,9.0,0.0,3.0,1.6666666666666667,2.0,1.5275252316519468,2.3333333333333335,3.0,0.0,1.0,0.6666666666666666,1.0,0.5773502691896258,0.33333333333333337,1.0,0.0,4.0,1.6666666666666667,1.0,2.0816659994661326,4.333333333333333,4.0,0.0,0.0,0.0,0.0,0.0,0.0,0.0,0.0,0.0,0.0,0.0,0.0,0.0,0.0,0.0,0.0,0.0,0.0,0.0,0.0,0.0,0.0,3.0,1.3333333333333333,1.0,1.5275252316519468,2.3333333333333335,3.0,0.0,5.0,2.3333333333333335,2.0,2.5166114784235836,6.333333333333334,5.0,0.0,0.0,2.0,1.0,0.0,0.0,0.0,1.0,0.0,1.0,3.0,0.0,0.0,0.0,0.0,0.0,0.0,0.0,0.0,0.0,0.0,0.0,0.0,0.0
280,1963,Enterprise 2015-2,-3,14,1,3,0,0,0,0,1,3,0,0,0,0,1,1,2.0,0.0,0.0,0.0,9.0,4.5,4.5,6.363961030678928,40.5,9.0,1.0,2.0,1.5,1.5,0.7071067811865476,0.5,1.0,1.0,1.0,1.0,1.0,0.0,0.0,0.0,1.0,1.0,1.0,1.0,0.0,0.0,0.0,0.0,0.0,0.0,0.0,0.0,0.0,0.0,0.0,0.0,0.0,0.0,0.0,0.0,0.0,0.0,0.0,0.0,0.0,0.0,0.0,0.0,0.0,1.0,0.5,0.5,0.7071067811865476,0.5,1.0,0.0,2.0,1.0,1.0,1.4142135623730951,2.0,2.0,1.0,0.0,1.0,1.0,0.0,0.0,0.0,1.0,0.0,0.0,1.0,0.0,0.0,0.0,0.0,0.0,0.0,0.0,0.0,0.0,0.0,0.0,0.0,0.0
280,1987,Enterprise 2015-3,-3,14,0,0,2,6,0,0,1,3,1,3,0,0,1,2,2.0,0.0,0.0,0.0,9.0,4.5,4.5,6.363961030678928,40.5,9.0,1.0,2.0,1.5,1.5,0.7071067811865476,0.5,1.0,0.0,1.0,0.5,0.5,0.7071067811865476,0.5,1.0,0.0,1.0,0.5,0.5,0.7071067811865476,0.5,1.0,0.0,0.0,0.0,0.0,0.0,0.0,0.0,0.0,0.0,0.0,0.0,0.0,0.0,0.0,0.0,0.0,0.0,0.0,0.0,0.0,0.0,0.0,1.0,0.5,0.5,0.7071067811865476,0.5,1.0,0.0,2.0,1.0,1.0,1.4142135623730951,2.0,2.0,1.0,0.0,1.0,1.0,0.0,0.0,0.0,1.0,0.0,0.0,1.0,0.0,0.0,0.0,0.0,0.0,0.0,0.0,0.0,0.0,0.0,0.0,0.0,0.0
280,2019,Enterprise 2015-4,0,13,1,3,1,3,0,0,1,3,1,3,0,0,1,2,3.0,0.0,0.0,2.0,9.0,4.666666666666667,3.0,3.7859388972001824,14.333333333333332,7.0,1.0,2.0,1.3333333333333333,1.0,0.5773502691896257,0.3333333333333333,1.0,1.0,2.0,1.6666666666666667,2.0,0.5773502691896257,0.3333333333333333,1.0,0.0,1.0,0.6666666666666666,1.0,0.5773502691896258,0.33333333333333337,1.0,0.0,0.0,0.0,0.0,0.0,0.0,0.0,0.0,0.0,0.0,0.0,0.0,0.0,0.0,0.0,0.0,0.0,0.0,0.0,0.0,0.0,0.0,1.0,0.3333333333333333,0.0,0.5773502691896258,0.33333333333333337,1.0,0.0,2.0,0.6666666666666666,0.0,1.1547005383792517,1.3333333333333335,2.0,1.0,0.0,1.0,2.0,0.0,0.0,0.0,1.0,0.0,0.0,2.0,0.0,0.0,0.0,0.0,0.0,0.0,0.0,0.0,0.0,0.0,0.0,0.0,0.0
280,2074,Enterprise 2015-5,-3,13,1,3,1,3,1,3,0,0,1,3,0,0,1,3,2.0,0.0,0.0,2.0,9.0,5.5,5.5,4.949747468305833,24.5,7.0,1.0,2.0,1.5,1.5,0.7071067811865476,0.5,1.0,1.0,1.0,1.0,1.0,0.0,0.0,0.0,0.0,1.0,0.5,0.5,0.7071067811865476,0.5,1.0,0.0,0.0,0.0,0.0,0.0,0.0,0.0,0.0,0.0,0.0,0.0,0.0,0.0,0.0,0.0,0.0,0.0,0.0,0.0,0.0,0.0,1.0,3.0,2.0,2.0,1.4142135623730951,2.0,2.0,2.0,5.0,3.5,3.5,2.1213203435596424,4.5,3.0,0.0,0.0,1.0,1.0,0.0,0.0,0.0,1.0,0.0,0.0,2.0,0.0,0.0,0.0,0.0,0.0,0.0,0.0,0.0,0.0,0.0,0.0,0.0,0.0
280,2125,Hurricane Alessia,-3,14,1,3,1,3,0,0,1,3,0,0,1,3,1,3,2.0,0.0,0.0,2.0,9.0,5.5,5.5,4.949747468305833,24.5,7.0,1.0,2.0,1.5,1.5,0.7071067811865476,0.5,1.0,1.0,1.0,1.0,1.0,0.0,0.0,0.0,0.0,1.0,0.5,0.5,0.7071067811865476,0.5,1.0,0.0,0.0,0.0,0.0,0.0,0.0,0.0,0.0,0.0,0.0,0.0,0.0,0.0,0.0,0.0,1.0,0.5,0.5,0.7071067811865476,0.5,1.0,1.0,3.0,2.0,2.0,1.4142135623730951,2.0,2.0,2.0,6.0,4.0,4.0,2.8284271247461903,8.0,4.0,0.0,0.0,1.0,1.0,0.0,0.0,0.0,1.0,0.0,0.0,2.0,0.0,0.0,0.0,0.0,0.0,0.0,0.0,0.0,0.0,0.0,0.0,0.0,0.0
280,2162,Hurricane Bruce,-3,13,1,3,0,0,0,0,1,3,0,0,0,0,1,1,1.0,0.0,0.0,9.0,9.0,9.0,9.0,0.0,0.0,0.0,2.0,2.0,2.0,2.0,0.0,0.0,0.0,1.0,1.0,1.0,1.0,0.0,0.0,0.0,1.0,1.0,1.0,1.0,0.0,0.0,0.0,0.0,0.0,0.0,0.0,0.0,0.0,0.0,0.0,0.0,0.0,0.0,0.0,0.0,0.0,0.0,0.0,0.0,0.0,0.0,0.0,0.0,1.0,1.0,1.0,1.0,0.0,0.0,0.0,2.0,2.0,2.0,2.0,0.0,0.0,0.0,0.0,0.0,0.0,1.0,0.0,0.0,0.0,0.0,0.0,0.0,1.0,0.0,0.0,0.0,0.0,0.0,0.0,0.0,0.0,0.0,0.0,0.0,0.0,0.0
280,2199,Hurricane Catherine,3,14,0,0,0,0,0,0,0,0,0,0,0,0,1,1,1.0,0.0,0.0,0.0,0.0,0.0,0.0,0.0,0.0,0.0,2.0,2.0,2.0,2.0,0.0,0.0,0.0,1.0,1.0,1.0,1.0,0.0,0.0,0.0,1.0,1.0,1.0,1.0,0.0,0.0,0.0,0.0,0.0,0.0,0.0,0.0,0.0,0.0,0.0,0.0,0.0,0.0,0.0,0.0,0.0,0.0,0.0,0.0,0.0,0.0,0.0,0.0,2.0,2.0,2.0,2.0,0.0,0.0,0.0,0.0,0.0,0.0,0.0,0.0,0.0,0.0,0.0,0.0,1.0,0.0,0.0,0.0,0.0,1.0,0.0,0.0,1.0,0.0,0.0,0.0,0.0,0.0,0.0,0.0,0.0,0.0,0.0,0.0,0.0,0.0
280,2200,Hurricane Dylan,3,41,0,0,0,0,0,0,0,0,0,0,0,0,1,2,1.0,0.0,1.0,25.0,25.0,25.0,25.0,0.0,0.0,0.0,7.0,7.0,7.0,7.0,0.0,0.0,0.0,2.0,2.0,2.0,2.0,0.0,0.0,0.0,1.0,1.0,1.0,1.0,0.0,0.0,0.0,0.0,0.0,0.0,0.0,0.0,0.0,0.0,0.0,0.0,0.0,0.0,0.0,0.0,0.0,2.0,2.0,2.0,2.0,0.0,0.0,0.0,0.0,0.0,0.0,0.0,0.0,0.0,0.0,1.0,1.0,1.0,1.0,0.0,0.0,0.0,0.0,0.0,1.0,0.0,0.0,0.0,0.0,0.0,0.0,0.0,1.0,0.0,0.0,0.0,0.0,0.0,0.0,0.0,0.0,0.0,0.0,0.0,0.0,0.0
290,1,Sprint 1,0,0,0,0,0,0,0,0,0,0,0,0,0,0,1,1,6.0,6.0,6.0,0.0,0.0,0.0,0.0,0.0,0.0,0.0,0.0,1.0,0.16666666666666666,0.0,0.408248290463863,0.16666666666666669,1.0,0.0,2.0,1.1666666666666667,1.5,0.9831920802501751,0.9666666666666668,2.0,0.0,1.0,0.16666666666666666,0.0,0.408248290463863,0.16666666666666669,1.0,0.0,0.0,0.0,0.0,0.0,0.0,0.0,0.0,0.0,0.0,0.0,0.0,0.0,0.0,0.0,0.0,0.0,0.0,0.0,0.0,0.0,0.0,0.0,0.0,0.0,0.0,0.0,0.0,0.0,0.0,0.0,0.0,0.0,0.0,0.0,6.0,0.0,0.0,0.0,0.0,0.0,0.0,0.0,0.0,0.0,0.0,0.0,0.0,0.0,0.0,0.0,0.0,0.0,0.0,0.0,0.0,0.0,0.0,0.0
290,2,Sprint 1,0,0,0,0,0,0,0,0,0,0,0,0,0,0,1,1,0.0,0.0,0.0,0.0,0.0,0.0,0.0,0.0,0.0,0.0,0.0,0.0,0.0,0.0,0.0,0.0,0.0,0.0,0.0,0.0,0.0,0.0,0.0,0.0,0.0,0.0,0.0,0.0,0.0,0.0,0.0,0.0,0.0,0.0,0.0,0.0,0.0,0.0,0.0,0.0,0.0,0.0,0.0,0.0,0.0,0.0,0.0,0.0,0.0,0.0,0.0,0.0,0.0,0.0,0.0,0.0,0.0,0.0,0.0,0.0,0.0,0.0,0.0,0.0,0.0,0.0,0.0,0.0,0.0,0.0,0.0,0.0,0.0,0.0,0.0,0.0,0.0,0.0,0.0,0.0,0.0,0.0,0.0,0.0,0.0,0.0,0.0,0.0,0.0,0.0
290,4,Sprint 2,0,11,0,0,0,0,0,0,0,0,0,0,0,0,1,1,0.0,0.0,0.0,0.0,0.0,0.0,0.0,0.0,0.0,0.0,0.0,0.0,0.0,0.0,0.0,0.0,0.0,0.0,0.0,0.0,0.0,0.0,0.0,0.0,0.0,0.0,0.0,0.0,0.0,0.0,0.0,0.0,0.0,0.0,0.0,0.0,0.0,0.0,0.0,0.0,0.0,0.0,0.0,0.0,0.0,0.0,0.0,0.0,0.0,0.0,0.0,0.0,0.0,0.0,0.0,0.0,0.0,0.0,0.0,0.0,0.0,0.0,0.0,0.0,0.0,0.0,0.0,0.0,0.0,0.0,0.0,0.0,0.0,0.0,0.0,0.0,0.0,0.0,0.0,0.0,0.0,0.0,0.0,0.0,0.0,0.0,0.0,0.0,0.0,0.0
290,10,Sprint 2,0,14,0,0,0,0,0,0,0,0,0,0,0,0,1,1,14.0,10.0,10.0,0.0,1.0,0.14285714285714285,0.0,0.3631365196012815,0.1318681318681319,1.0,0.0,1.0,0.07142857142857142,0.0,0.26726124191242434,0.07142857142857141,1.0,0.0,2.0,0.8571428571428571,0.0,1.027105182026191,1.054945054945055,2.0,0.0,0.0,0.0,0.0,0.0,0.0,0.0,0.0,0.0,0.0,0.0,0.0,0.0,0.0,0.0,0.0,0.0,0.0,0.0,0.0,0.0,0.0,2.0,0.42857142857142855,0.0,0.8516306272526404,0.7252747252747257,2.0,0.0,0.0,0.0,0.0,0.0,0.0,0.0,0.0,0.0,0.0,0.0,0.0,0.0,0.0,14.0,4.0,0.0,0.0,0.0,0.0,0.0,3.0,1.0,0.0,0.0,0.0,0.0,0.0,0.0,0.0,0.0,0.0,0.0,0.0,0.0,0.0,0.0,0.0
290,20,1.1-M2-test-r,0,14,0,0,0,0,0,0,0,0,0,0,0,0,1,1,0.0,0.0,0.0,0.0,0.0,0.0,0.0,0.0,0.0,0.0,0.0,0.0,0.0,0.0,0.0,0.0,0.0,0.0,0.0,0.0,0.0,0.0,0.0,0.0,0.0,0.0,0.0,0.0,0.0,0.0,0.0,0.0,0.0,0.0,0.0,0.0,0.0,0.0,0.0,0.0,0.0,0.0,0.0,0.0,0.0,0.0,0.0,0.0,0.0,0.0,0.0,0.0,0.0,0.0,0.0,0.0,0.0,0.0,0.0,0.0,0.0,0.0,0.0,0.0,0.0,0.0,0.0,0.0,0.0,0.0,0.0,0.0,0.0,0.0,0.0,0.0,0.0,0.0,0.0,0.0,0.0,0.0,0.0,0.0,0.0,0.0,0.0,0.0,0.0,0.0
290,21,1.1-M2-Fire,0,4,0,0,0,0,0,0,0,0,0,0,0,0,1,1,0.0,0.0,0.0,0.0,0.0,0.0,0.0,0.0,0.0,0.0,0.0,0.0,0.0,0.0,0.0,0.0,0.0,0.0,0.0,0.0,0.0,0.0,0.0,0.0,0.0,0.0,0.0,0.0,0.0,0.0,0.0,0.0,0.0,0.0,0.0,0.0,0.0,0.0,0.0,0.0,0.0,0.0,0.0,0.0,0.0,0.0,0.0,0.0,0.0,0.0,0.0,0.0,0.0,0.0,0.0,0.0,0.0,0.0,0.0,0.0,0.0,0.0,0.0,0.0,0.0,0.0,0.0,0.0,0.0,0.0,0.0,0.0,0.0,0.0,0.0,0.0,0.0,0.0,0.0,0.0,0.0,0.0,0.0,0.0,0.0,0.0,0.0,0.0,0.0,0.0
290,29,1.1-M4-Blue,0,6,0,0,0,0,0,0,0,0,0,0,0,0,1,1,0.0,0.0,0.0,0.0,0.0,0.0,0.0,0.0,0.0,0.0,0.0,0.0,0.0,0.0,0.0,0.0,0.0,0.0,0.0,0.0,0.0,0.0,0.0,0.0,0.0,0.0,0.0,0.0,0.0,0.0,0.0,0.0,0.0,0.0,0.0,0.0,0.0,0.0,0.0,0.0,0.0,0.0,0.0,0.0,0.0,0.0,0.0,0.0,0.0,0.0,0.0,0.0,0.0,0.0,0.0,0.0,0.0,0.0,0.0,0.0,0.0,0.0,0.0,0.0,0.0,0.0,0.0,0.0,0.0,0.0,0.0,0.0,0.0,0.0,0.0,0.0,0.0,0.0,0.0,0.0,0.0,0.0,0.0,0.0,0.0,0.0,0.0,0.0,0.0,0.0
290,1790,3.7-m4,0,21,0,0,0,0,0,0,0,0,0,0,0,0,1,1,1.0,0.0,0.0,0.0,0.0,0.0,0.0,0.0,0.0,0.0,1.0,1.0,1.0,1.0,0.0,0.0,0.0,1.0,1.0,1.0,1.0,0.0,0.0,0.0,0.0,0.0,0.0,0.0,0.0,0.0,0.0,0.0,0.0,0.0,0.0,0.0,0.0,0.0,0.0,0.0,0.0,0.0,0.0,0.0,0.0,0.0,0.0,0.0,0.0,0.0,0.0,0.0,0.0,0.0,0.0,0.0,0.0,0.0,0.0,1.0,1.0,1.0,1.0,0.0,0.0,0.0,1.0,0.0,0.0,0.0,0.0,1.0,0.0,0.0,1.0,0.0,0.0,0.0,0.0,0.0,0.0,0.0,0.0,0.0,0.0,0.0,0.0,0.0,0.0,0.0
297,1437,Sprint 1,-3,14,0,0,1,3,0,0,1,3,0,0,0,0,1,1,2.0,1.0,2.0,0.0,1.0,0.5,0.5,0.7071067811865476,0.5,1.0,1.0,2.0,1.5,1.5,0.7071067811865476,0.5,1.0,0.0,0.0,0.0,0.0,0.0,0.0,0.0,0.0,2.0,1.0,1.0,1.4142135623730951,2.0,2.0,0.0,0.0,0.0,0.0,0.0,0.0,0.0,0.0,0.0,0.0,0.0,0.0,0.0,0.0,0.0,0.0,0.0,0.0,0.0,0.0,0.0,0.0,0.0,0.0,0.0,0.0,0.0,0.0,0.0,2.0,1.0,1.0,1.4142135623730951,2.0,2.0,1.0,0.0,1.0,0.0,0.0,0.0,0.0,0.0,0.0,0.0,1.0,0.0,0.0,0.0,0.0,0.0,0.0,0.0,0.0,0.0,0.0,0.0,0.0,0.0
297,1917,Dragonfly 3,0,11,0,0,1,8,1,8,0,0,0,0,0,0,1,1,1.0,0.0,1.0,5.0,5.0,5.0,5.0,0.0,0.0,0.0,1.0,1.0,1.0,1.0,0.0,0.0,0.0,2.0,2.0,2.0,2.0,0.0,0.0,0.0,1.0,1.0,1.0,1.0,0.0,0.0,0.0,0.0,0.0,0.0,0.0,0.0,0.0,0.0,0.0,0.0,0.0,0.0,0.0,0.0,0.0,0.0,0.0,0.0,0.0,0.0,0.0,0.0,0.0,0.0,0.0,0.0,0.0,0.0,0.0,7.0,7.0,7.0,7.0,0.0,0.0,0.0,0.0,0.0,1.0,0.0,0.0,0.0,0.0,0.0,0.0,0.0,1.0,0.0,0.0,0.0,0.0,0.0,0.0,0.0,0.0,0.0,0.0,0.0,0.0,0.0
297,1975,Dragonfly 4,0,9,0,0,0,0,0,0,0,0,0,0,0,0,1,1,0.0,0.0,0.0,0.0,0.0,0.0,0.0,0.0,0.0,0.0,0.0,0.0,0.0,0.0,0.0,0.0,0.0,0.0,0.0,0.0,0.0,0.0,0.0,0.0,0.0,0.0,0.0,0.0,0.0,0.0,0.0,0.0,0.0,0.0,0.0,0.0,0.0,0.0,0.0,0.0,0.0,0.0,0.0,0.0,0.0,0.0,0.0,0.0,0.0,0.0,0.0,0.0,0.0,0.0,0.0,0.0,0.0,0.0,0.0,0.0,0.0,0.0,0.0,0.0,0.0,0.0,0.0,0.0,0.0,0.0,0.0,0.0,0.0,0.0,0.0,0.0,0.0,0.0,0.0,0.0,0.0,0.0,0.0,0.0,0.0,0.0,0.0,0.0,0.0,0.0
300,1,Sprint 1,0,0,0,0,0,0,0,0,0,0,0,0,0,0,1,1,6.0,6.0,6.0,0.0,0.0,0.0,0.0,0.0,0.0,0.0,0.0,1.0,0.16666666666666666,0.0,0.408248290463863,0.16666666666666669,1.0,0.0,2.0,1.1666666666666667,1.5,0.9831920802501751,0.9666666666666668,2.0,0.0,1.0,0.16666666666666666,0.0,0.408248290463863,0.16666666666666669,1.0,0.0,0.0,0.0,0.0,0.0,0.0,0.0,0.0,0.0,0.0,0.0,0.0,0.0,0.0,0.0,0.0,0.0,0.0,0.0,0.0,0.0,0.0,0.0,0.0,0.0,0.0,0.0,0.0,0.0,0.0,0.0,0.0,0.0,0.0,0.0,6.0,0.0,0.0,0.0,0.0,0.0,0.0,0.0,0.0,0.0,0.0,0.0,0.0,0.0,0.0,0.0,0.0,0.0,0.0,0.0,0.0,0.0,0.0,0.0
300,4,Sprint 2,0,11,0,0,0,0,0,0,0,0,0,0,0,0,1,1,0.0,0.0,0.0,0.0,0.0,0.0,0.0,0.0,0.0,0.0,0.0,0.0,0.0,0.0,0.0,0.0,0.0,0.0,0.0,0.0,0.0,0.0,0.0,0.0,0.0,0.0,0.0,0.0,0.0,0.0,0.0,0.0,0.0,0.0,0.0,0.0,0.0,0.0,0.0,0.0,0.0,0.0,0.0,0.0,0.0,0.0,0.0,0.0,0.0,0.0,0.0,0.0,0.0,0.0,0.0,0.0,0.0,0.0,0.0,0.0,0.0,0.0,0.0,0.0,0.0,0.0,0.0,0.0,0.0,0.0,0.0,0.0,0.0,0.0,0.0,0.0,0.0,0.0,0.0,0.0,0.0,0.0,0.0,0.0,0.0,0.0,0.0,0.0,0.0,0.0
300,9,Sprint 1,-30,14,9,37,0,0,0,0,7,35,0,0,2,2,1,4,24.0,11.0,17.0,0.0,2.0,0.16666666666666666,0.0,0.4815434123430768,0.23188405797101447,2.0,0.0,0.0,0.0,0.0,0.0,0.0,0.0,0.0,2.0,0.4166666666666667,0.0,0.8297022339981068,0.6884057971014492,2.0,0.0,1.0,0.041666666666666664,0.0,0.2041241452319315,0.04166666666666667,1.0,0.0,0.0,0.0,0.0,0.0,0.0,0.0,0.0,0.0,0.0,0.0,0.0,0.0,0.0,0.0,2.0,0.16666666666666666,0.0,0.5646597025732799,0.3188405797101449,2.0,0.0,4.0,0.20833333333333334,0.0,0.832970935693524,0.6938405797101449,4.0,0.0,1.0,0.08333333333333333,0.0,0.28232985128663995,0.07971014492753623,1.0,23.0,4.0,4.0,2.0,1.0,1.0,1.0,4.0,2.0,1.0,1.0,0.0,0.0,0.0,0.0,0.0,0.0,0.0,0.0,0.0,0.0,0.0,0.0,0.0
300,10,Sprint 2,-38,14,9,44,0,0,0,0,8,43,0,0,1,1,1,1,23.0,10.0,14.0,0.0,2.0,0.17391304347826086,0.0,0.4910261901035311,0.24110671936758904,2.0,0.0,1.0,0.043478260869565216,0.0,0.2085144140570748,0.04347826086956523,1.0,0.0,2.0,0.8695652173913043,0.0,1.013739603739404,1.0276679841897236,2.0,0.0,1.0,0.043478260869565216,0.0,0.20851441405707477,0.04347826086956522,1.0,0.0,0.0,0.0,0.0,0.0,0.0,0.0,0.0,0.0,0.0,0.0,0.0,0.0,0.0,0.0,2.0,0.5217391304347826,0.0,0.897955517089759,0.8063241106719363,2.0,0.0,1.0,0.043478260869565216,0.0,0.2085144140570748,0.04347826086956523,1.0,0.0,0.0,0.0,0.0,0.0,0.0,0.0,22.0,4.0,3.0,2.0,1.0,2.0,1.0,6.0,2.0,1.0,1.0,0.0,0.0,0.0,0.0,0.0,0.0,0.0,0.0,0.0,0.0,0.0,0.0,0.0
300,14,Sprint 3,-49,14,10,49,0,0,0,0,9,44,1,5,0,0,1,2,24.0,10.0,15.0,0.0,2.0,0.16666666666666666,0.0,0.4815434123430768,0.23188405797101447,2.0,0.0,1.0,0.125,0.0,0.3378319623460881,0.11413043478260869,1.0,0.0,2.0,1.0833333333333333,2.0,1.0179547554081032,1.0362318840579712,2.0,0.0,1.0,0.08333333333333333,0.0,0.28232985128663995,0.07971014492753623,1.0,0.0,0.0,0.0,0.0,0.0,0.0,0.0,0.0,0.0,0.0,0.0,0.0,0.0,0.0,0.0,4.0,0.75,0.0,1.1515584902738285,1.326086956521739,4.0,0.0,1.0,0.041666666666666664,0.0,0.20412414523193154,0.04166666666666668,1.0,0.0,0.0,0.0,0.0,0.0,0.0,0.0,23.0,2.0,5.0,1.0,1.0,2.0,1.0,5.0,2.0,1.0,1.0,1.0,1.0,1.0,0.0,0.0,0.0,0.0,0.0,0.0,0.0,0.0,0.0,0.0
300,64,Sprint 4,-48,14,10,48,0,0,0,0,7,25,3,23,0,0,1,4,26.0,13.0,20.0,0.0,1.0,0.07692307692307693,0.0,0.271746488194703,0.07384615384615385,1.0,0.0,1.0,0.038461538461538464,0.0,0.19611613513818402,0.03846153846153846,1.0,0.0,2.0,1.0,1.0,1.019803902718557,1.04,2.0,0.0,1.0,0.19230769230769232,0.0,0.40191847623425014,0.16153846153846152,1.0,0.0,0.0,0.0,0.0,0.0,0.0,0.0,0.0,0.0,0.0,0.0,0.0,0.0,0.0,0.0,2.0,0.46153846153846156,0.0,0.8593378488473195,0.7384615384615384,2.0,0.0,1.0,0.07692307692307693,0.0,0.271746488194703,0.07384615384615385,1.0,0.0,1.0,0.038461538461538464,0.0,0.19611613513818402,0.03846153846153846,1.0,25.0,2.0,3.0,1.0,1.0,4.0,1.0,4.0,1.0,1.0,1.0,1.0,0.0,0.0,0.0,0.0,0.0,0.0,0.0,0.0,0.0,0.0,0.0,0.0
300,81,Sprint 5,-21,14,5,22,0,0,0,0,4,21,0,0,1,1,1,2,17.0,8.0,12.0,0.0,1.0,0.11764705882352941,0.0,0.3321055820775357,0.1102941176470588,1.0,0.0,1.0,0.058823529411764705,0.0,0.242535625036333,0.05882352941176471,1.0,0.0,2.0,1.0588235294117647,2.0,1.0289915108550531,1.0588235294117647,2.0,0.0,1.0,0.11764705882352941,0.0,0.3321055820775357,0.1102941176470588,1.0,0.0,0.0,0.0,0.0,0.0,0.0,0.0,0.0,0.0,0.0,0.0,0.0,0.0,0.0,0.0,2.0,0.5882352941176471,0.0,0.9393364366277243,0.8823529411764706,2.0,0.0,1.0,0.11764705882352941,0.0,0.3321055820775357,0.1102941176470588,1.0,0.0,0.0,0.0,0.0,0.0,0.0,0.0,17.0,2.0,2.0,0.0,1.0,2.0,1.0,3.0,1.0,1.0,0.0,1.0,0.0,0.0,0.0,0.0,0.0,0.0,0.0,0.0,0.0,0.0,0.0,0.0
300,233,Sprint 6,-34,0,12,49,0,0,1,13,7,27,2,7,2,2,1,7,30.0,8.0,17.0,0.0,0.0,0.0,0.0,0.0,0.0,0.0,0.0,1.0,0.16666666666666666,0.0,0.3790490217894517,0.14367816091954025,1.0,0.0,2.0,1.0,1.0,0.909717652294684,0.8275862068965517,2.0,0.0,2.0,0.26666666666666666,0.0,0.5208304597621878,0.2712643678160919,2.0,0.0,0.0,0.0,0.0,0.0,0.0,0.0,0.0,0.0,0.0,0.0,0.0,0.0,0.0,0.0,4.0,0.9666666666666667,0.0,1.3767361035618173,1.8954022988505748,4.0,0.0,1.0,0.1,0.0,0.30512857662936466,0.09310344827586205,1.0,0.0,2.0,0.13333333333333333,0.0,0.4341724854553048,0.18850574712643683,2.0,29.0,0.0,4.0,2.0,3.0,3.0,0.0,4.0,1.0,1.0,1.0,1.0,1.0,3.0,6.0,2.0,0.0,0.0,0.0,0.0,0.0,0.0,0.0,0.0
300,314,Sprint 5,0,4,0,0,0,0,0,0,0,0,0,0,0,0,1,1,3.0,3.0,3.0,0.0,0.0,0.0,0.0,0.0,0.0,0.0,0.0,1.0,0.3333333333333333,0.0,0.5773502691896258,0.33333333333333337,1.0,1.0,1.0,1.0,1.0,0.0,0.0,0.0,0.0,0.0,0.0,0.0,0.0,0.0,0.0,0.0,0.0,0.0,0.0,0.0,0.0,0.0,0.0,0.0,0.0,0.0,0.0,0.0,0.0,0.0,0.0,0.0,0.0,0.0,0.0,0.0,0.0,0.0,0.0,0.0,0.0,0.0,0.0,0.0,0.0,0.0,0.0,0.0,0.0,0.0,2.0,0.0,0.0,0.0,0.0,0.0,0.0,0.0,0.0,0.0,1.0,0.0,0.0,0.0,0.0,0.0,0.0,0.0,0.0,0.0,0.0,0.0,0.0,0.0
302,1,Sprint 1,0,0,0,0,0,0,0,0,0,0,0,0,0,0,1,1,6.0,6.0,6.0,0.0,0.0,0.0,0.0,0.0,0.0,0.0,0.0,1.0,0.16666666666666666,0.0,0.408248290463863,0.16666666666666669,1.0,0.0,2.0,1.1666666666666667,1.5,0.9831920802501751,0.9666666666666668,2.0,0.0,1.0,0.16666666666666666,0.0,0.408248290463863,0.16666666666666669,1.0,0.0,0.0,0.0,0.0,0.0,0.0,0.0,0.0,0.0,0.0,0.0,0.0,0.0,0.0,0.0,0.0,0.0,0.0,0.0,0.0,0.0,0.0,0.0,0.0,0.0,0.0,0.0,0.0,0.0,0.0,0.0,0.0,0.0,0.0,0.0,6.0,0.0,0.0,0.0,0.0,0.0,0.0,0.0,0.0,0.0,0.0,0.0,0.0,0.0,0.0,0.0,0.0,0.0,0.0,0.0,0.0,0.0,0.0,0.0
302,4,Sprint 2,0,11,0,0,0,0,0,0,0,0,0,0,0,0,1,1,0.0,0.0,0.0,0.0,0.0,0.0,0.0,0.0,0.0,0.0,0.0,0.0,0.0,0.0,0.0,0.0,0.0,0.0,0.0,0.0,0.0,0.0,0.0,0.0,0.0,0.0,0.0,0.0,0.0,0.0,0.0,0.0,0.0,0.0,0.0,0.0,0.0,0.0,0.0,0.0,0.0,0.0,0.0,0.0,0.0,0.0,0.0,0.0,0.0,0.0,0.0,0.0,0.0,0.0,0.0,0.0,0.0,0.0,0.0,0.0,0.0,0.0,0.0,0.0,0.0,0.0,0.0,0.0,0.0,0.0,0.0,0.0,0.0,0.0,0.0,0.0,0.0,0.0,0.0,0.0,0.0,0.0,0.0,0.0,0.0,0.0,0.0,0.0,0.0,0.0
302,9,Sprint 1,-30,14,9,37,0,0,0,0,7,35,0,0,2,2,1,4,24.0,11.0,17.0,0.0,2.0,0.16666666666666666,0.0,0.4815434123430768,0.23188405797101447,2.0,0.0,0.0,0.0,0.0,0.0,0.0,0.0,0.0,2.0,0.4166666666666667,0.0,0.8297022339981068,0.6884057971014492,2.0,0.0,1.0,0.041666666666666664,0.0,0.2041241452319315,0.04166666666666667,1.0,0.0,0.0,0.0,0.0,0.0,0.0,0.0,0.0,0.0,0.0,0.0,0.0,0.0,0.0,0.0,2.0,0.16666666666666666,0.0,0.5646597025732799,0.3188405797101449,2.0,0.0,4.0,0.20833333333333334,0.0,0.832970935693524,0.6938405797101449,4.0,0.0,1.0,0.08333333333333333,0.0,0.28232985128663995,0.07971014492753623,1.0,23.0,4.0,4.0,2.0,1.0,1.0,1.0,4.0,2.0,1.0,1.0,0.0,0.0,0.0,0.0,0.0,0.0,0.0,0.0,0.0,0.0,0.0,0.0,0.0
302,10,Sprint 2,-38,14,9,44,0,0,0,0,8,43,0,0,1,1,1,1,23.0,10.0,14.0,0.0,2.0,0.17391304347826086,0.0,0.4910261901035311,0.24110671936758904,2.0,0.0,1.0,0.043478260869565216,0.0,0.2085144140570748,0.04347826086956523,1.0,0.0,2.0,0.8695652173913043,0.0,1.013739603739404,1.0276679841897236,2.0,0.0,1.0,0.043478260869565216,0.0,0.20851441405707477,0.04347826086956522,1.0,0.0,0.0,0.0,0.0,0.0,0.0,0.0,0.0,0.0,0.0,0.0,0.0,0.0,0.0,0.0,2.0,0.5217391304347826,0.0,0.897955517089759,0.8063241106719363,2.0,0.0,1.0,0.043478260869565216,0.0,0.2085144140570748,0.04347826086956523,1.0,0.0,0.0,0.0,0.0,0.0,0.0,0.0,22.0,4.0,3.0,2.0,1.0,2.0,1.0,6.0,2.0,1.0,1.0,0.0,0.0,0.0,0.0,0.0,0.0,0.0,0.0,0.0,0.0,0.0,0.0,0.0
302,14,Sprint 3,-49,14,10,49,0,0,0,0,9,44,1,5,0,0,1,2,24.0,10.0,15.0,0.0,2.0,0.16666666666666666,0.0,0.4815434123430768,0.23188405797101447,2.0,0.0,1.0,0.125,0.0,0.3378319623460881,0.11413043478260869,1.0,0.0,2.0,1.0833333333333333,2.0,1.0179547554081032,1.0362318840579712,2.0,0.0,1.0,0.08333333333333333,0.0,0.28232985128663995,0.07971014492753623,1.0,0.0,0.0,0.0,0.0,0.0,0.0,0.0,0.0,0.0,0.0,0.0,0.0,0.0,0.0,0.0,4.0,0.75,0.0,1.1515584902738285,1.326086956521739,4.0,0.0,1.0,0.041666666666666664,0.0,0.20412414523193154,0.04166666666666668,1.0,0.0,0.0,0.0,0.0,0.0,0.0,0.0,23.0,2.0,5.0,1.0,1.0,2.0,1.0,5.0,2.0,1.0,1.0,1.0,1.0,1.0,0.0,0.0,0.0,0.0,0.0,0.0,0.0,0.0,0.0,0.0
302,64,Sprint 4,-48,14,10,48,0,0,0,0,7,25,3,23,0,0,1,4,26.0,13.0,20.0,0.0,1.0,0.07692307692307693,0.0,0.271746488194703,0.07384615384615385,1.0,0.0,1.0,0.038461538461538464,0.0,0.19611613513818402,0.03846153846153846,1.0,0.0,2.0,1.0,1.0,1.019803902718557,1.04,2.0,0.0,1.0,0.19230769230769232,0.0,0.40191847623425014,0.16153846153846152,1.0,0.0,0.0,0.0,0.0,0.0,0.0,0.0,0.0,0.0,0.0,0.0,0.0,0.0,0.0,0.0,2.0,0.46153846153846156,0.0,0.8593378488473195,0.7384615384615384,2.0,0.0,1.0,0.07692307692307693,0.0,0.271746488194703,0.07384615384615385,1.0,0.0,1.0,0.038461538461538464,0.0,0.19611613513818402,0.03846153846153846,1.0,25.0,2.0,3.0,1.0,1.0,4.0,1.0,4.0,1.0,1.0,1.0,1.0,0.0,0.0,0.0,0.0,0.0,0.0,0.0,0.0,0.0,0.0,0.0,0.0
302,81,Sprint 5,-21,14,5,22,0,0,0,0,4,21,0,0,1,1,1,2,17.0,8.0,12.0,0.0,1.0,0.11764705882352941,0.0,0.3321055820775357,0.1102941176470588,1.0,0.0,1.0,0.058823529411764705,0.0,0.242535625036333,0.05882352941176471,1.0,0.0,2.0,1.0588235294117647,2.0,1.0289915108550531,1.0588235294117647,2.0,0.0,1.0,0.11764705882352941,0.0,0.3321055820775357,0.1102941176470588,1.0,0.0,0.0,0.0,0.0,0.0,0.0,0.0,0.0,0.0,0.0,0.0,0.0,0.0,0.0,0.0,2.0,0.5882352941176471,0.0,0.9393364366277243,0.8823529411764706,2.0,0.0,1.0,0.11764705882352941,0.0,0.3321055820775357,0.1102941176470588,1.0,0.0,0.0,0.0,0.0,0.0,0.0,0.0,17.0,2.0,2.0,0.0,1.0,2.0,1.0,3.0,1.0,1.0,0.0,1.0,0.0,0.0,0.0,0.0,0.0,0.0,0.0,0.0,0.0,0.0,0.0,0.0
302,233,Sprint 6,-34,0,12,49,0,0,1,13,7,27,2,7,2,2,1,7,30.0,8.0,17.0,0.0,0.0,0.0,0.0,0.0,0.0,0.0,0.0,1.0,0.16666666666666666,0.0,0.3790490217894517,0.14367816091954025,1.0,0.0,2.0,1.0,1.0,0.909717652294684,0.8275862068965517,2.0,0.0,2.0,0.26666666666666666,0.0,0.5208304597621878,0.2712643678160919,2.0,0.0,0.0,0.0,0.0,0.0,0.0,0.0,0.0,0.0,0.0,0.0,0.0,0.0,0.0,0.0,4.0,0.9666666666666667,0.0,1.3767361035618173,1.8954022988505748,4.0,0.0,1.0,0.1,0.0,0.30512857662936466,0.09310344827586205,1.0,0.0,2.0,0.13333333333333333,0.0,0.4341724854553048,0.18850574712643683,2.0,29.0,0.0,4.0,2.0,3.0,3.0,0.0,4.0,1.0,1.0,1.0,1.0,1.0,3.0,6.0,2.0,0.0,0.0,0.0,0.0,0.0,0.0,0.0,0.0
302,314,Sprint 5,0,4,0,0,0,0,0,0,0,0,0,0,0,0,1,1,3.0,3.0,3.0,0.0,0.0,0.0,0.0,0.0,0.0,0.0,0.0,1.0,0.3333333333333333,0.0,0.5773502691896258,0.33333333333333337,1.0,1.0,1.0,1.0,1.0,0.0,0.0,0.0,0.0,0.0,0.0,0.0,0.0,0.0,0.0,0.0,0.0,0.0,0.0,0.0,0.0,0.0,0.0,0.0,0.0,0.0,0.0,0.0,0.0,0.0,0.0,0.0,0.0,0.0,0.0,0.0,0.0,0.0,0.0,0.0,0.0,0.0,0.0,0.0,0.0,0.0,0.0,0.0,0.0,0.0,2.0,0.0,0.0,0.0,0.0,0.0,0.0,0.0,0.0,0.0,1.0,0.0,0.0,0.0,0.0,0.0,0.0,0.0,0.0,0.0,0.0,0.0,0.0,0.0
314,1,Sprint 1,0,0,0,0,0,0,0,0,0,0,0,0,0,0,1,1,6.0,6.0,6.0,0.0,0.0,0.0,0.0,0.0,0.0,0.0,0.0,1.0,0.16666666666666666,0.0,0.408248290463863,0.16666666666666669,1.0,0.0,2.0,1.1666666666666667,1.5,0.9831920802501751,0.9666666666666668,2.0,0.0,1.0,0.16666666666666666,0.0,0.408248290463863,0.16666666666666669,1.0,0.0,0.0,0.0,0.0,0.0,0.0,0.0,0.0,0.0,0.0,0.0,0.0,0.0,0.0,0.0,0.0,0.0,0.0,0.0,0.0,0.0,0.0,0.0,0.0,0.0,0.0,0.0,0.0,0.0,0.0,0.0,0.0,0.0,0.0,0.0,6.0,0.0,0.0,0.0,0.0,0.0,0.0,0.0,0.0,0.0,0.0,0.0,0.0,0.0,0.0,0.0,0.0,0.0,0.0,0.0,0.0,0.0,0.0,0.0
314,2,Sprint 1,0,0,0,0,0,0,0,0,0,0,0,0,0,0,1,1,0.0,0.0,0.0,0.0,0.0,0.0,0.0,0.0,0.0,0.0,0.0,0.0,0.0,0.0,0.0,0.0,0.0,0.0,0.0,0.0,0.0,0.0,0.0,0.0,0.0,0.0,0.0,0.0,0.0,0.0,0.0,0.0,0.0,0.0,0.0,0.0,0.0,0.0,0.0,0.0,0.0,0.0,0.0,0.0,0.0,0.0,0.0,0.0,0.0,0.0,0.0,0.0,0.0,0.0,0.0,0.0,0.0,0.0,0.0,0.0,0.0,0.0,0.0,0.0,0.0,0.0,0.0,0.0,0.0,0.0,0.0,0.0,0.0,0.0,0.0,0.0,0.0,0.0,0.0,0.0,0.0,0.0,0.0,0.0,0.0,0.0,0.0,0.0,0.0,0.0
314,4,Sprint 2,0,11,0,0,0,0,0,0,0,0,0,0,0,0,1,1,0.0,0.0,0.0,0.0,0.0,0.0,0.0,0.0,0.0,0.0,0.0,0.0,0.0,0.0,0.0,0.0,0.0,0.0,0.0,0.0,0.0,0.0,0.0,0.0,0.0,0.0,0.0,0.0,0.0,0.0,0.0,0.0,0.0,0.0,0.0,0.0,0.0,0.0,0.0,0.0,0.0,0.0,0.0,0.0,0.0,0.0,0.0,0.0,0.0,0.0,0.0,0.0,0.0,0.0,0.0,0.0,0.0,0.0,0.0,0.0,0.0,0.0,0.0,0.0,0.0,0.0,0.0,0.0,0.0,0.0,0.0,0.0,0.0,0.0,0.0,0.0,0.0,0.0,0.0,0.0,0.0,0.0,0.0,0.0,0.0,0.0,0.0,0.0,0.0,0.0
314,10,Sprint 2,0,14,0,0,0,0,0,0,0,0,0,0,0,0,1,1,14.0,10.0,10.0,0.0,1.0,0.14285714285714285,0.0,0.3631365196012815,0.1318681318681319,1.0,0.0,1.0,0.07142857142857142,0.0,0.26726124191242434,0.07142857142857141,1.0,0.0,2.0,0.8571428571428571,0.0,1.027105182026191,1.054945054945055,2.0,0.0,0.0,0.0,0.0,0.0,0.0,0.0,0.0,0.0,0.0,0.0,0.0,0.0,0.0,0.0,0.0,0.0,0.0,0.0,0.0,0.0,0.0,2.0,0.42857142857142855,0.0,0.8516306272526404,0.7252747252747257,2.0,0.0,0.0,0.0,0.0,0.0,0.0,0.0,0.0,0.0,0.0,0.0,0.0,0.0,0.0,14.0,4.0,0.0,0.0,0.0,0.0,0.0,3.0,1.0,0.0,0.0,0.0,0.0,0.0,0.0,0.0,0.0,0.0,0.0,0.0,0.0,0.0,0.0,0.0
314,20,1.1-M2-test-r,0,14,0,0,0,0,0,0,0,0,0,0,0,0,1,1,0.0,0.0,0.0,0.0,0.0,0.0,0.0,0.0,0.0,0.0,0.0,0.0,0.0,0.0,0.0,0.0,0.0,0.0,0.0,0.0,0.0,0.0,0.0,0.0,0.0,0.0,0.0,0.0,0.0,0.0,0.0,0.0,0.0,0.0,0.0,0.0,0.0,0.0,0.0,0.0,0.0,0.0,0.0,0.0,0.0,0.0,0.0,0.0,0.0,0.0,0.0,0.0,0.0,0.0,0.0,0.0,0.0,0.0,0.0,0.0,0.0,0.0,0.0,0.0,0.0,0.0,0.0,0.0,0.0,0.0,0.0,0.0,0.0,0.0,0.0,0.0,0.0,0.0,0.0,0.0,0.0,0.0,0.0,0.0,0.0,0.0,0.0,0.0,0.0,0.0
314,21,1.1-M2-Fire,0,4,0,0,0,0,0,0,0,0,0,0,0,0,1,1,0.0,0.0,0.0,0.0,0.0,0.0,0.0,0.0,0.0,0.0,0.0,0.0,0.0,0.0,0.0,0.0,0.0,0.0,0.0,0.0,0.0,0.0,0.0,0.0,0.0,0.0,0.0,0.0,0.0,0.0,0.0,0.0,0.0,0.0,0.0,0.0,0.0,0.0,0.0,0.0,0.0,0.0,0.0,0.0,0.0,0.0,0.0,0.0,0.0,0.0,0.0,0.0,0.0,0.0,0.0,0.0,0.0,0.0,0.0,0.0,0.0,0.0,0.0,0.0,0.0,0.0,0.0,0.0,0.0,0.0,0.0,0.0,0.0,0.0,0.0,0.0,0.0,0.0,0.0,0.0,0.0,0.0,0.0,0.0,0.0,0.0,0.0,0.0,0.0,0.0
314,29,1.1-M4-Blue,0,6,0,0,0,0,0,0,0,0,0,0,0,0,1,1,0.0,0.0,0.0,0.0,0.0,0.0,0.0,0.0,0.0,0.0,0.0,0.0,0.0,0.0,0.0,0.0,0.0,0.0,0.0,0.0,0.0,0.0,0.0,0.0,0.0,0.0,0.0,0.0,0.0,0.0,0.0,0.0,0.0,0.0,0.0,0.0,0.0,0.0,0.0,0.0,0.0,0.0,0.0,0.0,0.0,0.0,0.0,0.0,0.0,0.0,0.0,0.0,0.0,0.0,0.0,0.0,0.0,0.0,0.0,0.0,0.0,0.0,0.0,0.0,0.0,0.0,0.0,0.0,0.0,0.0,0.0,0.0,0.0,0.0,0.0,0.0,0.0,0.0,0.0,0.0,0.0,0.0,0.0,0.0,0.0,0.0,0.0,0.0,0.0,0.0
314,1790,3.7-m4,0,21,0,0,0,0,0,0,0,0,0,0,0,0,1,1,1.0,0.0,0.0,0.0,0.0,0.0,0.0,0.0,0.0,0.0,1.0,1.0,1.0,1.0,0.0,0.0,0.0,1.0,1.0,1.0,1.0,0.0,0.0,0.0,0.0,0.0,0.0,0.0,0.0,0.0,0.0,0.0,0.0,0.0,0.0,0.0,0.0,0.0,0.0,0.0,0.0,0.0,0.0,0.0,0.0,0.0,0.0,0.0,0.0,0.0,0.0,0.0,0.0,0.0,0.0,0.0,0.0,0.0,0.0,1.0,1.0,1.0,1.0,0.0,0.0,0.0,1.0,0.0,0.0,0.0,0.0,1.0,0.0,0.0,1.0,0.0,0.0,0.0,0.0,0.0,0.0,0.0,0.0,0.0,0.0,0.0,0.0,0.0,0.0,0.0
353,95,4.2.12,0,10,1,3,0,0,1,3,0,0,0,0,0,0,1,1,1.0,0.0,0.0,3.0,3.0,3.0,3.0,0.0,0.0,0.0,2.0,2.0,2.0,2.0,0.0,0.0,0.0,1.0,1.0,1.0,1.0,0.0,0.0,0.0,0.0,0.0,0.0,0.0,0.0,0.0,0.0,0.0,0.0,0.0,0.0,0.0,0.0,0.0,0.0,0.0,0.0,0.0,0.0,0.0,0.0,1.0,1.0,1.0,1.0,0.0,0.0,0.0,0.0,0.0,0.0,0.0,0.0,0.0,0.0,0.0,0.0,0.0,0.0,0.0,0.0,0.0,0.0,0.0,1.0,0.0,0.0,0.0,0.0,1.0,0.0,0.0,1.0,0.0,0.0,0.0,0.0,0.0,0.0,0.0,0.0,0.0,0.0,0.0,0.0,0.0
353,192,Sprint 15,-3,7,1,3,0,0,0,0,1,3,0,0,0,0,1,1,1.0,0.0,0.0,1.0,1.0,1.0,1.0,0.0,0.0,0.0,1.0,1.0,1.0,1.0,0.0,0.0,0.0,1.0,1.0,1.0,1.0,0.0,0.0,0.0,0.0,0.0,0.0,0.0,0.0,0.0,0.0,0.0,0.0,0.0,0.0,0.0,0.0,0.0,0.0,0.0,0.0,0.0,0.0,0.0,0.0,0.0,0.0,0.0,0.0,0.0,0.0,0.0,3.0,3.0,3.0,3.0,0.0,0.0,0.0,0.0,0.0,0.0,0.0,0.0,0.0,0.0,0.0,0.0,1.0,0.0,0.0,0.0,0.0,0.0,0.0,1.0,1.0,0.0,0.0,0.0,0.0,0.0,0.0,0.0,0.0,0.0,0.0,0.0,0.0,0.0
353,198,Sprint 16,-3,7,1,3,0,0,0,0,0,0,1,3,0,0,1,1,1.0,0.0,0.0,2.0,2.0,2.0,2.0,0.0,0.0,0.0,1.0,1.0,1.0,1.0,0.0,0.0,0.0,1.0,1.0,1.0,1.0,0.0,0.0,0.0,0.0,0.0,0.0,0.0,0.0,0.0,0.0,0.0,0.0,0.0,0.0,0.0,0.0,0.0,0.0,0.0,0.0,0.0,0.0,0.0,0.0,0.0,0.0,0.0,0.0,0.0,0.0,0.0,3.0,3.0,3.0,3.0,0.0,0.0,0.0,0.0,0.0,0.0,0.0,0.0,0.0,0.0,0.0,0.0,1.0,0.0,0.0,0.0,0.0,0.0,0.0,1.0,1.0,0.0,0.0,0.0,0.0,0.0,0.0,0.0,0.0,0.0,0.0,0.0,0.0,0.0
353,208,Sprint 17,-3,7,1,3,0,0,0,0,1,3,0,0,0,0,1,1,1.0,0.0,0.0,3.0,3.0,3.0,3.0,0.0,0.0,0.0,1.0,1.0,1.0,1.0,0.0,0.0,0.0,1.0,1.0,1.0,1.0,0.0,0.0,0.0,0.0,0.0,0.0,0.0,0.0,0.0,0.0,0.0,0.0,0.0,0.0,0.0,0.0,0.0,0.0,0.0,0.0,0.0,0.0,0.0,0.0,0.0,0.0,0.0,0.0,0.0,0.0,0.0,3.0,3.0,3.0,3.0,0.0,0.0,0.0,0.0,0.0,0.0,0.0,0.0,0.0,0.0,0.0,0.0,1.0,0.0,0.0,0.0,0.0,0.0,0.0,1.0,1.0,0.0,0.0,0.0,0.0,0.0,0.0,0.0,0.0,0.0,0.0,0.0,0.0,0.0
353,223,Sprint 18,-3,7,1,3,0,0,0,0,0,0,1,3,0,0,1,1,1.0,0.0,0.0,3.0,3.0,3.0,3.0,0.0,0.0,0.0,1.0,1.0,1.0,1.0,0.0,0.0,0.0,1.0,1.0,1.0,1.0,0.0,0.0,0.0,0.0,0.0,0.0,0.0,0.0,0.0,0.0,0.0,0.0,0.0,0.0,0.0,0.0,0.0,0.0,0.0,0.0,0.0,0.0,0.0,0.0,0.0,0.0,0.0,0.0,0.0,0.0,0.0,3.0,3.0,3.0,3.0,0.0,0.0,0.0,0.0,0.0,0.0,0.0,0.0,0.0,0.0,0.0,0.0,1.0,0.0,0.0,0.0,0.0,0.0,0.0,1.0,1.0,0.0,0.0,0.0,0.0,0.0,0.0,0.0,0.0,0.0,0.0,0.0,0.0,0.0
353,232,Sprint 19,-3,7,1,3,0,0,0,0,1,3,0,0,0,0,1,1,1.0,0.0,0.0,5.0,5.0,5.0,5.0,0.0,0.0,0.0,1.0,1.0,1.0,1.0,0.0,0.0,0.0,1.0,1.0,1.0,1.0,0.0,0.0,0.0,0.0,0.0,0.0,0.0,0.0,0.0,0.0,0.0,0.0,0.0,0.0,0.0,0.0,0.0,0.0,0.0,0.0,0.0,0.0,0.0,0.0,0.0,0.0,0.0,0.0,0.0,0.0,0.0,3.0,3.0,3.0,3.0,0.0,0.0,0.0,0.0,0.0,0.0,0.0,0.0,0.0,0.0,0.0,0.0,1.0,0.0,0.0,0.0,0.0,0.0,0.0,1.0,1.0,0.0,0.0,0.0,0.0,0.0,0.0,0.0,0.0,0.0,0.0,0.0,0.0,0.0
353,244,Sprint 20,-3,7,1,3,0,0,0,0,0,0,0,0,1,3,1,1,1.0,0.0,0.0,6.0,6.0,6.0,6.0,0.0,0.0,0.0,1.0,1.0,1.0,1.0,0.0,0.0,0.0,1.0,1.0,1.0,1.0,0.0,0.0,0.0,0.0,0.0,0.0,0.0,0.0,0.0,0.0,0.0,0.0,0.0,0.0,0.0,0.0,0.0,0.0,0.0,0.0,0.0,0.0,0.0,0.0,0.0,0.0,0.0,0.0,0.0,0.0,0.0,3.0,3.0,3.0,3.0,0.0,0.0,0.0,0.0,0.0,0.0,0.0,0.0,0.0,0.0,0.0,0.0,1.0,0.0,0.0,0.0,0.0,0.0,0.0,1.0,1.0,0.0,0.0,0.0,0.0,0.0,0.0,0.0,0.0,0.0,0.0,0.0,0.0,0.0
353,252,Sprint 21,0,8,1,3,0,0,0,0,0,0,0,0,1,3,1,1,1.0,0.0,0.0,6.0,6.0,6.0,6.0,0.0,0.0,0.0,1.0,1.0,1.0,1.0,0.0,0.0,0.0,1.0,1.0,1.0,1.0,0.0,0.0,0.0,0.0,0.0,0.0,0.0,0.0,0.0,0.0,0.0,0.0,0.0,0.0,0.0,0.0,0.0,0.0,0.0,0.0,0.0,0.0,0.0,0.0,0.0,0.0,0.0,0.0,0.0,0.0,0.0,3.0,3.0,3.0,3.0,0.0,0.0,0.0,0.0,0.0,0.0,0.0,0.0,0.0,0.0,0.0,0.0,1.0,0.0,0.0,0.0,0.0,0.0,0.0,1.0,1.0,0.0,0.0,0.0,0.0,0.0,0.0,0.0,0.0,0.0,0.0,0.0,0.0,0.0
426,421,Team Black - Sprint 2,0,14,0,0,1,2,0,0,0,0,0,0,1,2,2,1,1.0,0.0,0.0,3.0,3.0,3.0,3.0,0.0,0.0,0.0,1.0,1.0,1.0,1.0,0.0,0.0,0.0,0.0,0.0,0.0,0.0,0.0,0.0,0.0,1.0,1.0,1.0,1.0,0.0,0.0,0.0,0.0,0.0,0.0,0.0,0.0,0.0,0.0,0.0,0.0,0.0,0.0,0.0,0.0,0.0,0.0,0.0,0.0,0.0,0.0,0.0,0.0,0.0,0.0,0.0,0.0,0.0,0.0,0.0,1.0,1.0,1.0,1.0,0.0,0.0,0.0,0.0,0.0,1.0,0.0,0.0,0.0,0.0,0.0,0.0,1.0,1.0,0.0,0.0,0.0,0.0,0.0,0.0,0.0,0.0,0.0,0.0,0.0,0.0,0.0
426,443,Team Black - Sprint 3,-6,14,3,6,0,0,0,0,3,6,0,0,0,0,2,1,4.0,0.0,0.0,0.0,9.0,3.25,2.0,4.031128874149275,16.25,9.0,1.0,3.0,1.75,1.5,0.9574271077563381,0.9166666666666666,2.0,0.0,1.0,0.75,1.0,0.5,0.25,1.0,0.0,2.0,0.5,0.0,1.0,1.0,2.0,0.0,0.0,0.0,0.0,0.0,0.0,0.0,0.0,0.0,0.0,0.0,0.0,0.0,0.0,0.0,0.0,0.0,0.0,0.0,0.0,0.0,0.0,1.0,0.5,0.5,0.5773502691896257,0.3333333333333333,1.0,0.0,3.0,1.0,0.5,1.4142135623730951,2.0,3.0,1.0,0.0,4.0,0.0,0.0,0.0,0.0,4.0,0.0,0.0,3.0,0.0,0.0,0.0,0.0,0.0,0.0,0.0,0.0,0.0,0.0,0.0,0.0,0.0
426,771,Notifications API Sprint 0,0,14,0,0,0,0,0,0,0,0,0,0,0,0,2,1,0.0,0.0,0.0,0.0,0.0,0.0,0.0,0.0,0.0,0.0,0.0,0.0,0.0,0.0,0.0,0.0,0.0,0.0,0.0,0.0,0.0,0.0,0.0,0.0,0.0,0.0,0.0,0.0,0.0,0.0,0.0,0.0,0.0,0.0,0.0,0.0,0.0,0.0,0.0,0.0,0.0,0.0,0.0,0.0,0.0,0.0,0.0,0.0,0.0,0.0,0.0,0.0,0.0,0.0,0.0,0.0,0.0,0.0,0.0,0.0,0.0,0.0,0.0,0.0,0.0,0.0,0.0,0.0,0.0,0.0,0.0,0.0,0.0,0.0,0.0,0.0,0.0,0.0,0.0,0.0,0.0,0.0,0.0,0.0,0.0,0.0,0.0,0.0,0.0,0.0
426,806,Notifications API Sprint 1,0,14,0,0,0,0,0,0,0,0,0,0,0,0,2,1,0.0,0.0,0.0,0.0,0.0,0.0,0.0,0.0,0.0,0.0,0.0,0.0,0.0,0.0,0.0,0.0,0.0,0.0,0.0,0.0,0.0,0.0,0.0,0.0,0.0,0.0,0.0,0.0,0.0,0.0,0.0,0.0,0.0,0.0,0.0,0.0,0.0,0.0,0.0,0.0,0.0,0.0,0.0,0.0,0.0,0.0,0.0,0.0,0.0,0.0,0.0,0.0,0.0,0.0,0.0,0.0,0.0,0.0,0.0,0.0,0.0,0.0,0.0,0.0,0.0,0.0,0.0,0.0,0.0,0.0,0.0,0.0,0.0,0.0,0.0,0.0,0.0,0.0,0.0,0.0,0.0,0.0,0.0,0.0,0.0,0.0,0.0,0.0,0.0,0.0
426,842,Notifications API Sprint 2,-12,14,0,0,4,12,0,0,2,6,2,6,0,0,2,2,4.0,0.0,4.0,0.0,5.0,2.25,2.0,2.217355782608345,4.916666666666667,5.0,1.0,2.0,1.25,1.0,0.5,0.25,1.0,0.0,1.0,0.25,0.0,0.5,0.25,1.0,0.0,3.0,1.25,1.0,1.2583057392117916,1.5833333333333333,3.0,0.0,0.0,0.0,0.0,0.0,0.0,0.0,0.0,0.0,0.0,0.0,0.0,0.0,0.0,0.0,0.0,0.0,0.0,0.0,0.0,0.0,0.0,2.0,0.5,0.0,1.0,1.0,2.0,0.0,4.0,1.25,0.5,1.8929694486000912,3.5833333333333335,4.0,1.0,0.0,4.0,0.0,0.0,0.0,0.0,0.0,0.0,0.0,3.0,0.0,0.0,0.0,0.0,0.0,0.0,0.0,0.0,0.0,0.0,0.0,0.0,0.0
426,862,Notifications API Sprint 3,-3,14,11,33,0,0,0,0,8,24,0,0,3,9,2,2,11.0,0.0,11.0,0.0,5.0,1.4545454545454546,1.0,1.6348477827391983,2.672727272727273,5.0,0.0,2.0,1.1818181818181819,1.0,0.6030226891555273,0.36363636363636365,2.0,0.0,1.0,0.5454545454545454,1.0,0.5222329678670935,0.2727272727272727,1.0,0.0,3.0,1.0909090909090908,1.0,1.2210278829367864,1.4909090909090907,3.0,0.0,0.0,0.0,0.0,0.0,0.0,0.0,0.0,0.0,0.0,0.0,0.0,0.0,0.0,0.0,0.0,0.0,0.0,0.0,0.0,0.0,0.0,2.0,0.2727272727272727,0.0,0.6466697906828633,0.41818181818181827,2.0,0.0,4.0,1.0,1.0,1.2649110640673518,1.6,4.0,1.0,0.0,11.0,0.0,0.0,0.0,0.0,0.0,0.0,0.0,10.0,0.0,0.0,0.0,0.0,0.0,0.0,0.0,0.0,0.0,0.0,0.0,0.0,0.0
426,938,Notifications API Sprint 4,-12,12,4,12,0,0,0,0,4,12,0,0,0,0,2,1,4.0,0.0,2.0,0.0,20.0,5.25,0.5,9.844626283748239,96.91666666666667,20.0,0.0,2.0,1.0,1.0,0.816496580927726,0.6666666666666666,2.0,0.0,2.0,1.0,1.0,0.816496580927726,0.6666666666666666,2.0,0.0,5.0,1.5,0.5,2.3804761428476167,5.666666666666667,5.0,0.0,0.0,0.0,0.0,0.0,0.0,0.0,0.0,0.0,0.0,0.0,0.0,0.0,0.0,0.0,0.0,0.0,0.0,0.0,0.0,0.0,0.0,1.0,0.5,0.5,0.5773502691896257,0.3333333333333333,1.0,0.0,1.0,0.75,1.0,0.5,0.25,1.0,2.0,0.0,4.0,0.0,0.0,0.0,0.0,1.0,0.0,1.0,2.0,0.0,0.0,0.0,0.0,0.0,0.0,0.0,0.0,0.0,0.0,0.0,0.0,0.0
426,963,Notifications API Sprint 5,0,14,4,12,0,0,4,12,0,0,0,0,0,0,2,1,4.0,0.0,2.0,0.0,20.0,5.25,0.5,9.844626283748239,96.91666666666667,20.0,0.0,2.0,1.0,1.0,0.816496580927726,0.6666666666666666,2.0,0.0,2.0,1.0,1.0,0.816496580927726,0.6666666666666666,2.0,0.0,5.0,1.5,0.5,2.3804761428476167,5.666666666666667,5.0,0.0,0.0,0.0,0.0,0.0,0.0,0.0,0.0,0.0,0.0,0.0,0.0,0.0,0.0,0.0,0.0,0.0,0.0,0.0,0.0,0.0,0.0,1.0,0.5,0.5,0.5773502691896257,0.3333333333333333,1.0,0.0,1.0,0.75,1.0,0.5,0.25,1.0,2.0,0.0,4.0,0.0,0.0,0.0,0.0,1.0,0.0,1.0,2.0,0.0,0.0,0.0,0.0,0.0,0.0,0.0,0.0,0.0,0.0,0.0,0.0,0.0
426,985,Notifications API Sprint 6,-3,14,5,15,0,0,0,0,2,6,2,6,1,3,2,2,5.0,0.0,2.0,0.0,20.0,4.2,0.0,8.843076387773658,78.2,20.0,0.0,2.0,1.0,1.0,0.7071067811865476,0.5,2.0,0.0,2.0,1.2,1.0,0.8366600265340756,0.7000000000000001,2.0,0.0,5.0,1.6,1.0,2.073644135332772,4.3,5.0,0.0,0.0,0.0,0.0,0.0,0.0,0.0,0.0,0.0,0.0,0.0,0.0,0.0,0.0,0.0,1.0,0.2,0.0,0.44721359549995804,0.20000000000000007,1.0,0.0,1.0,0.4,0.0,0.5477225575051662,0.30000000000000004,1.0,0.0,1.0,0.8,1.0,0.4472135954999579,0.2,1.0,3.0,0.0,5.0,0.0,0.0,0.0,0.0,1.0,1.0,1.0,2.0,0.0,0.0,0.0,0.0,0.0,0.0,0.0,0.0,0.0,0.0,0.0,0.0,0.0
426,1015,Notifications API Sprint 7,0,13,1,3,0,0,1,3,0,0,0,0,0,0,2,1,1.0,0.0,0.0,20.0,20.0,20.0,20.0,0.0,0.0,0.0,2.0,2.0,2.0,2.0,0.0,0.0,0.0,2.0,2.0,2.0,2.0,0.0,0.0,0.0,5.0,5.0,5.0,5.0,0.0,0.0,0.0,0.0,0.0,0.0,0.0,0.0,0.0,0.0,0.0,0.0,0.0,0.0,0.0,0.0,0.0,0.0,0.0,0.0,0.0,0.0,0.0,0.0,1.0,1.0,1.0,1.0,0.0,0.0,0.0,1.0,1.0,1.0,1.0,0.0,0.0,0.0,1.0,0.0,1.0,0.0,0.0,0.0,0.0,0.0,0.0,1.0,0.0,0.0,0.0,0.0,0.0,0.0,0.0,0.0,0.0,0.0,0.0,0.0,0.0,0.0
426,1089,Mobile sprint 1,-3,14,1,3,0,0,0,0,1,3,0,0,0,0,2,1,1.0,0.0,0.0,2.0,2.0,2.0,2.0,0.0,0.0,0.0,0.0,0.0,0.0,0.0,0.0,0.0,0.0,0.0,0.0,0.0,0.0,0.0,0.0,0.0,0.0,0.0,0.0,0.0,0.0,0.0,0.0,0.0,0.0,0.0,0.0,0.0,0.0,0.0,0.0,0.0,0.0,0.0,0.0,0.0,0.0,0.0,0.0,0.0,0.0,0.0,0.0,0.0,0.0,0.0,0.0,0.0,0.0,0.0,0.0,1.0,1.0,1.0,1.0,0.0,0.0,0.0,1.0,0.0,0.0,0.0,0.0,0.0,1.0,0.0,0.0,0.0,0.0,0.0,0.0,0.0,0.0,0.0,0.0,0.0,0.0,0.0,0.0,0.0,0.0,0.0
426,1104,Mobile Sprint 2,0,14,1,3,0,0,1,3,0,0,0,0,0,0,2,1,1.0,0.0,0.0,2.0,2.0,2.0,2.0,0.0,0.0,0.0,0.0,0.0,0.0,0.0,0.0,0.0,0.0,0.0,0.0,0.0,0.0,0.0,0.0,0.0,0.0,0.0,0.0,0.0,0.0,0.0,0.0,0.0,0.0,0.0,0.0,0.0,0.0,0.0,0.0,0.0,0.0,0.0,0.0,0.0,0.0,0.0,0.0,0.0,0.0,0.0,0.0,0.0,0.0,0.0,0.0,0.0,0.0,0.0,0.0,1.0,1.0,1.0,1.0,0.0,0.0,0.0,1.0,0.0,0.0,0.0,0.0,0.0,1.0,0.0,0.0,0.0,0.0,0.0,0.0,0.0,0.0,0.0,0.0,0.0,0.0,0.0,0.0,0.0,0.0,0.0
426,1105,Notifications API Sprint 8,0,14,0,0,0,0,0,0,0,0,0,0,0,0,2,1,0.0,0.0,0.0,0.0,0.0,0.0,0.0,0.0,0.0,0.0,0.0,0.0,0.0,0.0,0.0,0.0,0.0,0.0,0.0,0.0,0.0,0.0,0.0,0.0,0.0,0.0,0.0,0.0,0.0,0.0,0.0,0.0,0.0,0.0,0.0,0.0,0.0,0.0,0.0,0.0,0.0,0.0,0.0,0.0,0.0,0.0,0.0,0.0,0.0,0.0,0.0,0.0,0.0,0.0,0.0,0.0,0.0,0.0,0.0,0.0,0.0,0.0,0.0,0.0,0.0,0.0,0.0,0.0,0.0,0.0,0.0,0.0,0.0,0.0,0.0,0.0,0.0,0.0,0.0,0.0,0.0,0.0,0.0,0.0,0.0,0.0,0.0,0.0,0.0,0.0
426,1115,Notifications API Sprint 9,-15,21,0,0,5,15,0,0,5,15,0,0,0,0,2,2,5.0,0.0,1.0,0.0,51.0,12.8,4.0,21.580083410404143,465.70000000000005,51.0,0.0,34.0,7.6,1.0,14.774978849392644,218.29999999999998,34.0,0.0,1.0,0.6,1.0,0.5477225575051662,0.30000000000000004,1.0,1.0,9.0,4.0,1.0,4.123105625617661,17.0,8.0,0.0,0.0,0.0,0.0,0.0,0.0,0.0,0.0,0.0,0.0,0.0,0.0,0.0,0.0,0.0,4.0,0.8,0.0,1.7888543819998322,3.200000000000001,4.0,0.0,0.0,0.0,0.0,0.0,0.0,0.0,0.0,2.0,0.6,0.0,0.8944271909999159,0.7999999999999999,2.0,3.0,0.0,1.0,4.0,0.0,0.0,0.0,0.0,0.0,0.0,2.0,0.0,0.0,0.0,0.0,0.0,0.0,0.0,0.0,0.0,0.0,0.0,0.0,0.0
426,1116,Notifications API Sprint 10,-9,14,3,9,0,0,0,0,3,9,0,0,0,0,2,2,3.0,0.0,1.0,1.0,8.0,4.333333333333333,4.0,3.511884584284246,12.333333333333332,7.0,0.0,2.0,1.0,1.0,1.0,1.0,2.0,0.0,1.0,0.6666666666666666,1.0,0.5773502691896258,0.33333333333333337,1.0,1.0,8.0,3.3333333333333335,1.0,4.041451884327381,16.333333333333332,7.0,0.0,0.0,0.0,0.0,0.0,0.0,0.0,0.0,0.0,0.0,0.0,0.0,0.0,0.0,0.0,4.0,1.3333333333333333,0.0,2.3094010767585034,5.333333333333334,4.0,0.0,0.0,0.0,0.0,0.0,0.0,0.0,0.0,1.0,0.3333333333333333,0.0,0.5773502691896258,0.33333333333333337,1.0,2.0,0.0,1.0,2.0,0.0,0.0,0.0,0.0,0.0,0.0,1.0,0.0,0.0,0.0,0.0,0.0,0.0,0.0,0.0,0.0,0.0,0.0,0.0,0.0
426,1117,Mobile Sprint 2,-3,14,1,3,0,0,0,0,1,3,0,0,0,0,2,1,1.0,0.0,0.0,2.0,2.0,2.0,2.0,0.0,0.0,0.0,0.0,0.0,0.0,0.0,0.0,0.0,0.0,0.0,0.0,0.0,0.0,0.0,0.0,0.0,0.0,0.0,0.0,0.0,0.0,0.0,0.0,0.0,0.0,0.0,0.0,0.0,0.0,0.0,0.0,0.0,0.0,0.0,0.0,0.0,0.0,0.0,0.0,0.0,0.0,0.0,0.0,0.0,0.0,0.0,0.0,0.0,0.0,0.0,0.0,1.0,1.0,1.0,1.0,0.0,0.0,0.0,1.0,0.0,0.0,0.0,0.0,0.0,1.0,0.0,0.0,0.0,0.0,0.0,0.0,0.0,0.0,0.0,0.0,0.0,0.0,0.0,0.0,0.0,0.0,0.0
426,1118,Mobile Sprint 3,0,14,1,3,0,0,1,3,0,0,0,0,0,0,2,1,1.0,0.0,0.0,2.0,2.0,2.0,2.0,0.0,0.0,0.0,0.0,0.0,0.0,0.0,0.0,0.0,0.0,0.0,0.0,0.0,0.0,0.0,0.0,0.0,0.0,0.0,0.0,0.0,0.0,0.0,0.0,0.0,0.0,0.0,0.0,0.0,0.0,0.0,0.0,0.0,0.0,0.0,0.0,0.0,0.0,0.0,0.0,0.0,0.0,0.0,0.0,0.0,0.0,0.0,0.0,0.0,0.0,0.0,0.0,1.0,1.0,1.0,1.0,0.0,0.0,0.0,1.0,0.0,0.0,0.0,0.0,0.0,1.0,0.0,0.0,0.0,0.0,0.0,0.0,0.0,0.0,0.0,0.0,0.0,0.0,0.0,0.0,0.0,0.0,0.0
426,1195,Notifications API - Sprint 11,0,14,3,7,0,0,1,3,0,0,0,0,2,4,2,4,3.0,0.0,1.0,0.0,8.0,4.0,4.0,4.0,16.0,8.0,0.0,2.0,1.0,1.0,1.0,1.0,2.0,1.0,2.0,1.3333333333333333,1.0,0.5773502691896257,0.3333333333333333,1.0,1.0,8.0,3.6666666666666665,2.0,3.785938897200183,14.333333333333336,7.0,0.0,0.0,0.0,0.0,0.0,0.0,0.0,0.0,0.0,0.0,0.0,0.0,0.0,0.0,1.0,7.0,3.0,1.0,3.4641016151377544,12.0,6.0,0.0,0.0,0.0,0.0,0.0,0.0,0.0,0.0,1.0,0.6666666666666666,1.0,0.5773502691896258,0.33333333333333337,1.0,1.0,0.0,1.0,2.0,0.0,0.0,0.0,0.0,0.0,0.0,2.0,0.0,0.0,0.0,0.0,0.0,0.0,0.0,0.0,0.0,0.0,0.0,0.0,0.0
426,1196,Core features UI - Sprint 4,0,13,0,0,1,1,1,1,0,0,0,0,0,0,2,1,1.0,0.0,0.0,0.0,0.0,0.0,0.0,0.0,0.0,0.0,0.0,0.0,0.0,0.0,0.0,0.0,0.0,2.0,2.0,2.0,2.0,0.0,0.0,0.0,2.0,2.0,2.0,2.0,0.0,0.0,0.0,0.0,0.0,0.0,0.0,0.0,0.0,0.0,0.0,0.0,0.0,0.0,0.0,0.0,0.0,1.0,1.0,1.0,1.0,0.0,0.0,0.0,0.0,0.0,0.0,0.0,0.0,0.0,0.0,1.0,1.0,1.0,1.0,0.0,0.0,0.0,0.0,0.0,0.0,1.0,0.0,0.0,0.0,0.0,0.0,0.0,1.0,0.0,0.0,0.0,0.0,0.0,0.0,0.0,0.0,0.0,0.0,0.0,0.0,0.0
426,1307,Core features sprint 14,0,14,0,0,0,0,0,0,0,0,0,0,0,0,2,1,0.0,0.0,0.0,0.0,0.0,0.0,0.0,0.0,0.0,0.0,0.0,0.0,0.0,0.0,0.0,0.0,0.0,0.0,0.0,0.0,0.0,0.0,0.0,0.0,0.0,0.0,0.0,0.0,0.0,0.0,0.0,0.0,0.0,0.0,0.0,0.0,0.0,0.0,0.0,0.0,0.0,0.0,0.0,0.0,0.0,0.0,0.0,0.0,0.0,0.0,0.0,0.0,0.0,0.0,0.0,0.0,0.0,0.0,0.0,0.0,0.0,0.0,0.0,0.0,0.0,0.0,0.0,0.0,0.0,0.0,0.0,0.0,0.0,0.0,0.0,0.0,0.0,0.0,0.0,0.0,0.0,0.0,0.0,0.0,0.0,0.0,0.0,0.0,0.0,0.0
426,1329,Core features sprint 15,-4,14,2,4,0,0,0,0,2,4,0,0,0,0,2,1,2.0,0.0,1.0,1.0,22.0,11.5,11.5,14.849242404917497,220.5,21.0,2.0,2.0,2.0,2.0,0.0,0.0,0.0,0.0,2.0,1.0,1.0,1.4142135623730951,2.0,2.0,1.0,5.0,3.0,3.0,2.8284271247461903,8.0,4.0,0.0,0.0,0.0,0.0,0.0,0.0,0.0,0.0,0.0,0.0,0.0,0.0,0.0,0.0,0.0,4.0,2.0,2.0,2.8284271247461903,8.0,4.0,0.0,1.0,0.5,0.5,0.7071067811865476,0.5,1.0,1.0,2.0,1.5,1.5,0.7071067811865476,0.5,1.0,2.0,0.0,2.0,0.0,0.0,0.0,0.0,0.0,0.0,1.0,0.0,0.0,0.0,0.0,0.0,0.0,0.0,0.0,0.0,0.0,0.0,0.0,0.0,0.0
426,1333,Core features sprint 16,0,12,0,0,0,0,0,0,0,0,0,0,0,0,2,1,0.0,0.0,0.0,0.0,0.0,0.0,0.0,0.0,0.0,0.0,0.0,0.0,0.0,0.0,0.0,0.0,0.0,0.0,0.0,0.0,0.0,0.0,0.0,0.0,0.0,0.0,0.0,0.0,0.0,0.0,0.0,0.0,0.0,0.0,0.0,0.0,0.0,0.0,0.0,0.0,0.0,0.0,0.0,0.0,0.0,0.0,0.0,0.0,0.0,0.0,0.0,0.0,0.0,0.0,0.0,0.0,0.0,0.0,0.0,0.0,0.0,0.0,0.0,0.0,0.0,0.0,0.0,0.0,0.0,0.0,0.0,0.0,0.0,0.0,0.0,0.0,0.0,0.0,0.0,0.0,0.0,0.0,0.0,0.0,0.0,0.0,0.0,0.0,0.0,0.0
426,1385,Hipchat notifications sprint 1,0,14,0,0,0,0,0,0,0,0,0,0,0,0,2,1,0.0,0.0,0.0,0.0,0.0,0.0,0.0,0.0,0.0,0.0,0.0,0.0,0.0,0.0,0.0,0.0,0.0,0.0,0.0,0.0,0.0,0.0,0.0,0.0,0.0,0.0,0.0,0.0,0.0,0.0,0.0,0.0,0.0,0.0,0.0,0.0,0.0,0.0,0.0,0.0,0.0,0.0,0.0,0.0,0.0,0.0,0.0,0.0,0.0,0.0,0.0,0.0,0.0,0.0,0.0,0.0,0.0,0.0,0.0,0.0,0.0,0.0,0.0,0.0,0.0,0.0,0.0,0.0,0.0,0.0,0.0,0.0,0.0,0.0,0.0,0.0,0.0,0.0,0.0,0.0,0.0,0.0,0.0,0.0,0.0,0.0,0.0,0.0,0.0,0.0
426,1417,Hipchat notifications sprint 2,0,14,0,0,0,0,0,0,0,0,0,0,0,0,2,1,0.0,0.0,0.0,0.0,0.0,0.0,0.0,0.0,0.0,0.0,0.0,0.0,0.0,0.0,0.0,0.0,0.0,0.0,0.0,0.0,0.0,0.0,0.0,0.0,0.0,0.0,0.0,0.0,0.0,0.0,0.0,0.0,0.0,0.0,0.0,0.0,0.0,0.0,0.0,0.0,0.0,0.0,0.0,0.0,0.0,0.0,0.0,0.0,0.0,0.0,0.0,0.0,0.0,0.0,0.0,0.0,0.0,0.0,0.0,0.0,0.0,0.0,0.0,0.0,0.0,0.0,0.0,0.0,0.0,0.0,0.0,0.0,0.0,0.0,0.0,0.0,0.0,0.0,0.0,0.0,0.0,0.0,0.0,0.0,0.0,0.0,0.0,0.0,0.0,0.0
426,1452,Hipchat notifications sprint 3,0,14,0,0,0,0,0,0,0,0,0,0,0,0,2,1,0.0,0.0,0.0,0.0,0.0,0.0,0.0,0.0,0.0,0.0,0.0,0.0,0.0,0.0,0.0,0.0,0.0,0.0,0.0,0.0,0.0,0.0,0.0,0.0,0.0,0.0,0.0,0.0,0.0,0.0,0.0,0.0,0.0,0.0,0.0,0.0,0.0,0.0,0.0,0.0,0.0,0.0,0.0,0.0,0.0,0.0,0.0,0.0,0.0,0.0,0.0,0.0,0.0,0.0,0.0,0.0,0.0,0.0,0.0,0.0,0.0,0.0,0.0,0.0,0.0,0.0,0.0,0.0,0.0,0.0,0.0,0.0,0.0,0.0,0.0,0.0,0.0,0.0,0.0,0.0,0.0,0.0,0.0,0.0,0.0,0.0,0.0,0.0,0.0,0.0
426,1475,Hipchat notifications sprint 4,0,13,0,0,0,0,0,0,0,0,0,0,0,0,2,1,0.0,0.0,0.0,0.0,0.0,0.0,0.0,0.0,0.0,0.0,0.0,0.0,0.0,0.0,0.0,0.0,0.0,0.0,0.0,0.0,0.0,0.0,0.0,0.0,0.0,0.0,0.0,0.0,0.0,0.0,0.0,0.0,0.0,0.0,0.0,0.0,0.0,0.0,0.0,0.0,0.0,0.0,0.0,0.0,0.0,0.0,0.0,0.0,0.0,0.0,0.0,0.0,0.0,0.0,0.0,0.0,0.0,0.0,0.0,0.0,0.0,0.0,0.0,0.0,0.0,0.0,0.0,0.0,0.0,0.0,0.0,0.0,0.0,0.0,0.0,0.0,0.0,0.0,0.0,0.0,0.0,0.0,0.0,0.0,0.0,0.0,0.0,0.0,0.0,0.0
426,1485,Personal Notifications on PUG,0,10,0,0,0,0,0,0,0,0,0,0,0,0,2,1,0.0,0.0,0.0,0.0,0.0,0.0,0.0,0.0,0.0,0.0,0.0,0.0,0.0,0.0,0.0,0.0,0.0,0.0,0.0,0.0,0.0,0.0,0.0,0.0,0.0,0.0,0.0,0.0,0.0,0.0,0.0,0.0,0.0,0.0,0.0,0.0,0.0,0.0,0.0,0.0,0.0,0.0,0.0,0.0,0.0,0.0,0.0,0.0,0.0,0.0,0.0,0.0,0.0,0.0,0.0,0.0,0.0,0.0,0.0,0.0,0.0,0.0,0.0,0.0,0.0,0.0,0.0,0.0,0.0,0.0,0.0,0.0,0.0,0.0,0.0,0.0,0.0,0.0,0.0,0.0,0.0,0.0,0.0,0.0,0.0,0.0,0.0,0.0,0.0,0.0
426,1509,User Avatar Wrap up,0,6,0,0,0,0,0,0,0,0,0,0,0,0,2,1,0.0,0.0,0.0,0.0,0.0,0.0,0.0,0.0,0.0,0.0,0.0,0.0,0.0,0.0,0.0,0.0,0.0,0.0,0.0,0.0,0.0,0.0,0.0,0.0,0.0,0.0,0.0,0.0,0.0,0.0,0.0,0.0,0.0,0.0,0.0,0.0,0.0,0.0,0.0,0.0,0.0,0.0,0.0,0.0,0.0,0.0,0.0,0.0,0.0,0.0,0.0,0.0,0.0,0.0,0.0,0.0,0.0,0.0,0.0,0.0,0.0,0.0,0.0,0.0,0.0,0.0,0.0,0.0,0.0,0.0,0.0,0.0,0.0,0.0,0.0,0.0,0.0,0.0,0.0,0.0,0.0,0.0,0.0,0.0,0.0,0.0,0.0,0.0,0.0,0.0
426,1538,Notifications on PUG 2,0,11,0,0,0,0,0,0,0,0,0,0,0,0,2,1,0.0,0.0,0.0,0.0,0.0,0.0,0.0,0.0,0.0,0.0,0.0,0.0,0.0,0.0,0.0,0.0,0.0,0.0,0.0,0.0,0.0,0.0,0.0,0.0,0.0,0.0,0.0,0.0,0.0,0.0,0.0,0.0,0.0,0.0,0.0,0.0,0.0,0.0,0.0,0.0,0.0,0.0,0.0,0.0,0.0,0.0,0.0,0.0,0.0,0.0,0.0,0.0,0.0,0.0,0.0,0.0,0.0,0.0,0.0,0.0,0.0,0.0,0.0,0.0,0.0,0.0,0.0,0.0,0.0,0.0,0.0,0.0,0.0,0.0,0.0,0.0,0.0,0.0,0.0,0.0,0.0,0.0,0.0,0.0,0.0,0.0,0.0,0.0,0.0,0.0
426,1550,User Avatar 2,0,14,0,0,0,0,0,0,0,0,0,0,0,0,2,1,0.0,0.0,0.0,0.0,0.0,0.0,0.0,0.0,0.0,0.0,0.0,0.0,0.0,0.0,0.0,0.0,0.0,0.0,0.0,0.0,0.0,0.0,0.0,0.0,0.0,0.0,0.0,0.0,0.0,0.0,0.0,0.0,0.0,0.0,0.0,0.0,0.0,0.0,0.0,0.0,0.0,0.0,0.0,0.0,0.0,0.0,0.0,0.0,0.0,0.0,0.0,0.0,0.0,0.0,0.0,0.0,0.0,0.0,0.0,0.0,0.0,0.0,0.0,0.0,0.0,0.0,0.0,0.0,0.0,0.0,0.0,0.0,0.0,0.0,0.0,0.0,0.0,0.0,0.0,0.0,0.0,0.0,0.0,0.0,0.0,0.0,0.0,0.0,0.0,0.0
426,1589,Installer / NPS 1,0,11,0,0,0,0,0,0,0,0,0,0,0,0,2,1,0.0,0.0,0.0,0.0,0.0,0.0,0.0,0.0,0.0,0.0,0.0,0.0,0.0,0.0,0.0,0.0,0.0,0.0,0.0,0.0,0.0,0.0,0.0,0.0,0.0,0.0,0.0,0.0,0.0,0.0,0.0,0.0,0.0,0.0,0.0,0.0,0.0,0.0,0.0,0.0,0.0,0.0,0.0,0.0,0.0,0.0,0.0,0.0,0.0,0.0,0.0,0.0,0.0,0.0,0.0,0.0,0.0,0.0,0.0,0.0,0.0,0.0,0.0,0.0,0.0,0.0,0.0,0.0,0.0,0.0,0.0,0.0,0.0,0.0,0.0,0.0,0.0,0.0,0.0,0.0,0.0,0.0,0.0,0.0,0.0,0.0,0.0,0.0,0.0,0.0
426,1591,Space to Room 1,0,8,1,3,0,0,1,3,0,0,0,0,0,0,2,1,2.0,0.0,0.0,3.0,23.0,13.0,13.0,14.142135623730951,200.0,20.0,0.0,2.0,1.0,1.0,1.4142135623730951,2.0,2.0,2.0,2.0,2.0,2.0,0.0,0.0,0.0,1.0,5.0,3.0,3.0,2.8284271247461903,8.0,4.0,0.0,0.0,0.0,0.0,0.0,0.0,0.0,0.0,0.0,0.0,0.0,0.0,0.0,0.0,0.0,2.0,1.0,1.0,1.4142135623730951,2.0,2.0,1.0,1.0,1.0,1.0,0.0,0.0,0.0,1.0,2.0,1.5,1.5,0.7071067811865476,0.5,1.0,1.0,0.0,2.0,0.0,0.0,0.0,0.0,1.0,0.0,1.0,1.0,0.0,0.0,0.0,0.0,0.0,0.0,0.0,0.0,0.0,0.0,0.0,0.0,0.0
426,1620,Space to Room for Dogfood,0,10,0,0,0,0,0,0,0,0,0,0,0,0,2,1,0.0,0.0,0.0,0.0,0.0,0.0,0.0,0.0,0.0,0.0,0.0,0.0,0.0,0.0,0.0,0.0,0.0,0.0,0.0,0.0,0.0,0.0,0.0,0.0,0.0,0.0,0.0,0.0,0.0,0.0,0.0,0.0,0.0,0.0,0.0,0.0,0.0,0.0,0.0,0.0,0.0,0.0,0.0,0.0,0.0,0.0,0.0,0.0,0.0,0.0,0.0,0.0,0.0,0.0,0.0,0.0,0.0,0.0,0.0,0.0,0.0,0.0,0.0,0.0,0.0,0.0,0.0,0.0,0.0,0.0,0.0,0.0,0.0,0.0,0.0,0.0,0.0,0.0,0.0,0.0,0.0,0.0,0.0,0.0,0.0,0.0,0.0,0.0,0.0,0.0
426,1621,NPS Plugin,0,10,0,0,0,0,0,0,0,0,0,0,0,0,2,1,0.0,0.0,0.0,0.0,0.0,0.0,0.0,0.0,0.0,0.0,0.0,0.0,0.0,0.0,0.0,0.0,0.0,0.0,0.0,0.0,0.0,0.0,0.0,0.0,0.0,0.0,0.0,0.0,0.0,0.0,0.0,0.0,0.0,0.0,0.0,0.0,0.0,0.0,0.0,0.0,0.0,0.0,0.0,0.0,0.0,0.0,0.0,0.0,0.0,0.0,0.0,0.0,0.0,0.0,0.0,0.0,0.0,0.0,0.0,0.0,0.0,0.0,0.0,0.0,0.0,0.0,0.0,0.0,0.0,0.0,0.0,0.0,0.0,0.0,0.0,0.0,0.0,0.0,0.0,0.0,0.0,0.0,0.0,0.0,0.0,0.0,0.0,0.0,0.0,0.0
426,1652,Space to Room Phase 1 Ship,0,10,0,0,1,3,0,0,0,0,1,3,0,0,2,1,1.0,0.0,0.0,3.0,3.0,3.0,3.0,0.0,0.0,0.0,0.0,0.0,0.0,0.0,0.0,0.0,0.0,2.0,2.0,2.0,2.0,0.0,0.0,0.0,1.0,1.0,1.0,1.0,0.0,0.0,0.0,0.0,0.0,0.0,0.0,0.0,0.0,0.0,0.0,0.0,0.0,0.0,0.0,0.0,0.0,2.0,2.0,2.0,2.0,0.0,0.0,0.0,1.0,1.0,1.0,1.0,0.0,0.0,0.0,2.0,2.0,2.0,2.0,0.0,0.0,0.0,0.0,0.0,1.0,0.0,0.0,0.0,0.0,1.0,0.0,0.0,1.0,0.0,0.0,0.0,0.0,0.0,0.0,0.0,0.0,0.0,0.0,0.0,0.0,0.0
426,1653,NPS Plugin,0,14,0,0,0,0,0,0,0,0,0,0,0,0,2,1,0.0,0.0,0.0,0.0,0.0,0.0,0.0,0.0,0.0,0.0,0.0,0.0,0.0,0.0,0.0,0.0,0.0,0.0,0.0,0.0,0.0,0.0,0.0,0.0,0.0,0.0,0.0,0.0,0.0,0.0,0.0,0.0,0.0,0.0,0.0,0.0,0.0,0.0,0.0,0.0,0.0,0.0,0.0,0.0,0.0,0.0,0.0,0.0,0.0,0.0,0.0,0.0,0.0,0.0,0.0,0.0,0.0,0.0,0.0,0.0,0.0,0.0,0.0,0.0,0.0,0.0,0.0,0.0,0.0,0.0,0.0,0.0,0.0,0.0,0.0,0.0,0.0,0.0,0.0,0.0,0.0,0.0,0.0,0.0,0.0,0.0,0.0,0.0,0.0,0.0
426,1678,Ship Space to Room P1,0,14,0,0,0,0,0,0,0,0,0,0,0,0,2,1,0.0,0.0,0.0,0.0,0.0,0.0,0.0,0.0,0.0,0.0,0.0,0.0,0.0,0.0,0.0,0.0,0.0,0.0,0.0,0.0,0.0,0.0,0.0,0.0,0.0,0.0,0.0,0.0,0.0,0.0,0.0,0.0,0.0,0.0,0.0,0.0,0.0,0.0,0.0,0.0,0.0,0.0,0.0,0.0,0.0,0.0,0.0,0.0,0.0,0.0,0.0,0.0,0.0,0.0,0.0,0.0,0.0,0.0,0.0,0.0,0.0,0.0,0.0,0.0,0.0,0.0,0.0,0.0,0.0,0.0,0.0,0.0,0.0,0.0,0.0,0.0,0.0,0.0,0.0,0.0,0.0,0.0,0.0,0.0,0.0,0.0,0.0,0.0,0.0,0.0
426,1816,Start your engines,-3,14,2,6,0,0,0,0,1,3,1,3,0,0,2,1,2.0,0.0,2.0,1.0,1.0,1.0,1.0,0.0,0.0,0.0,1.0,3.0,2.0,2.0,1.4142135623730951,2.0,2.0,0.0,1.0,0.5,0.5,0.7071067811865476,0.5,1.0,0.0,0.0,0.0,0.0,0.0,0.0,0.0,0.0,0.0,0.0,0.0,0.0,0.0,0.0,0.0,0.0,0.0,0.0,0.0,0.0,0.0,0.0,0.0,0.0,0.0,0.0,0.0,0.0,0.0,0.0,0.0,0.0,0.0,0.0,0.0,0.0,4.0,2.0,2.0,2.8284271247461903,8.0,4.0,1.0,0.0,2.0,0.0,0.0,0.0,0.0,0.0,0.0,0.0,1.0,0.0,0.0,0.0,0.0,0.0,0.0,0.0,0.0,0.0,0.0,0.0,0.0,0.0
441,393,5.0.x Sprint 1,0,14,0,0,0,0,0,0,0,0,0,0,0,0,1,1,3.0,2.0,3.0,0.0,0.0,0.0,0.0,0.0,0.0,0.0,0.0,1.0,0.3333333333333333,0.0,0.5773502691896258,0.33333333333333337,1.0,1.0,1.0,1.0,1.0,0.0,0.0,0.0,0.0,1.0,0.3333333333333333,0.0,0.5773502691896258,0.33333333333333337,1.0,0.0,0.0,0.0,0.0,0.0,0.0,0.0,0.0,0.0,0.0,0.0,0.0,0.0,0.0,0.0,0.0,0.0,0.0,0.0,0.0,0.0,0.0,0.0,0.0,0.0,0.0,0.0,0.0,0.0,0.0,0.0,0.0,0.0,0.0,0.0,2.0,0.0,1.0,0.0,0.0,0.0,0.0,0.0,0.0,0.0,1.0,0.0,0.0,0.0,0.0,0.0,0.0,0.0,0.0,0.0,0.0,0.0,0.0,0.0
441,412,5.0.x Sprint 2,-3,14,1,3,0,0,0,0,1,3,0,0,0,0,1,1,3.0,2.0,3.0,0.0,0.0,0.0,0.0,0.0,0.0,0.0,0.0,1.0,0.3333333333333333,0.0,0.5773502691896258,0.33333333333333337,1.0,1.0,1.0,1.0,1.0,0.0,0.0,0.0,0.0,1.0,0.3333333333333333,0.0,0.5773502691896258,0.33333333333333337,1.0,0.0,0.0,0.0,0.0,0.0,0.0,0.0,0.0,0.0,0.0,0.0,0.0,0.0,0.0,0.0,0.0,0.0,0.0,0.0,0.0,0.0,0.0,0.0,0.0,0.0,0.0,0.0,0.0,0.0,4.0,1.3333333333333333,0.0,2.3094010767585034,5.333333333333334,4.0,2.0,0.0,1.0,0.0,0.0,0.0,0.0,0.0,0.0,0.0,1.0,0.0,0.0,0.0,0.0,0.0,0.0,0.0,0.0,0.0,0.0,0.0,0.0,0.0
441,431,5.1.x Sprint 1,-6,14,2,6,0,0,0,0,2,6,0,0,0,0,1,1,2.0,0.0,2.0,0.0,2.0,1.0,1.0,1.4142135623730951,2.0,2.0,1.0,1.0,1.0,1.0,0.0,0.0,0.0,1.0,1.0,1.0,1.0,0.0,0.0,0.0,1.0,1.0,1.0,1.0,0.0,0.0,0.0,0.0,0.0,0.0,0.0,0.0,0.0,0.0,0.0,0.0,0.0,0.0,0.0,0.0,0.0,0.0,0.0,0.0,0.0,0.0,0.0,0.0,0.0,0.0,0.0,0.0,0.0,0.0,0.0,1.0,4.0,2.5,2.5,2.1213203435596424,4.5,3.0,0.0,0.0,2.0,0.0,0.0,0.0,0.0,0.0,0.0,0.0,2.0,0.0,0.0,0.0,0.0,0.0,0.0,0.0,0.0,0.0,0.0,0.0,0.0,0.0
441,449,5.1.x Sprint 2,-3,14,2,6,0,0,0,0,1,3,0,0,1,3,1,2,11.0,9.0,8.0,0.0,2.0,0.2727272727272727,0.0,0.6466697906828633,0.41818181818181827,2.0,1.0,1.0,1.0,1.0,0.0,0.0,0.0,0.0,2.0,1.4545454545454546,2.0,0.6875516509523286,0.47272727272727266,2.0,0.0,1.0,0.18181818181818182,0.0,0.40451991747794525,0.16363636363636364,1.0,0.0,0.0,0.0,0.0,0.0,0.0,0.0,0.0,0.0,0.0,0.0,0.0,0.0,0.0,0.0,1.0,0.2727272727272727,0.0,0.46709936649691375,0.21818181818181817,1.0,0.0,1.0,0.09090909090909091,0.0,0.3015113445777636,0.09090909090909088,1.0,1.0,4.0,2.090909090909091,2.0,0.8312094145936335,0.6909090909090909,3.0,7.0,0.0,2.0,0.0,0.0,0.0,0.0,1.0,0.0,0.0,4.0,0.0,0.0,2.0,0.0,0.0,0.0,0.0,0.0,0.0,0.0,0.0,0.0,0.0
441,478,5.1.x Sprint 3,-6,14,4,12,0,0,0,0,4,12,0,0,0,0,1,2,13.0,9.0,9.0,0.0,2.0,0.38461538461538464,0.0,0.7679476477883045,0.5897435897435898,2.0,1.0,2.0,1.0769230769230769,1.0,0.2773500981126146,0.07692307692307693,1.0,0.0,2.0,1.3846153846153846,1.0,0.6504436355879909,0.4230769230769231,2.0,0.0,1.0,0.07692307692307693,0.0,0.2773500981126146,0.07692307692307694,1.0,0.0,0.0,0.0,0.0,0.0,0.0,0.0,0.0,0.0,0.0,0.0,0.0,0.0,0.0,0.0,1.0,0.15384615384615385,0.0,0.37553380809940534,0.141025641025641,1.0,0.0,1.0,0.07692307692307693,0.0,0.2773500981126146,0.07692307692307694,1.0,0.0,6.0,1.8461538461538463,2.0,1.5730095277394138,2.474358974358974,6.0,8.0,0.0,4.0,0.0,0.0,0.0,0.0,1.0,0.0,1.0,5.0,0.0,0.0,2.0,0.0,0.0,0.0,0.0,0.0,0.0,0.0,0.0,0.0,0.0
441,500,5.1.x Sprint 4,-6,14,2,6,1,3,0,0,2,6,1,3,0,0,1,3,12.0,9.0,8.0,0.0,2.0,0.25,0.0,0.621581560508061,0.38636363636363635,2.0,1.0,1.0,1.0,1.0,0.0,0.0,0.0,0.0,2.0,1.5,2.0,0.674199862463242,0.45454545454545453,2.0,0.0,1.0,0.08333333333333333,0.0,0.28867513459481287,0.08333333333333331,1.0,0.0,0.0,0.0,0.0,0.0,0.0,0.0,0.0,0.0,0.0,0.0,0.0,0.0,0.0,0.0,1.0,0.25,0.0,0.45226701686664544,0.20454545454545456,1.0,0.0,1.0,0.08333333333333333,0.0,0.28867513459481287,0.08333333333333331,1.0,0.0,3.0,1.6666666666666667,2.0,0.8876253645985945,0.787878787878788,3.0,9.0,0.0,3.0,0.0,0.0,0.0,0.0,1.0,0.0,1.0,3.0,0.0,0.0,2.0,0.0,0.0,0.0,0.0,0.0,0.0,0.0,0.0,0.0,0.0
441,523,5.1.x Sprint 5,-6,14,1,3,1,3,0,0,2,6,0,0,0,0,1,4,11.0,9.0,7.0,0.0,1.0,0.09090909090909091,0.0,0.3015113445777636,0.09090909090909088,1.0,1.0,1.0,1.0,1.0,0.0,0.0,0.0,0.0,2.0,1.5454545454545454,2.0,0.6875516509523286,0.47272727272727266,2.0,0.0,1.0,0.09090909090909091,0.0,0.30151134457776363,0.0909090909090909,1.0,0.0,0.0,0.0,0.0,0.0,0.0,0.0,0.0,0.0,0.0,0.0,0.0,0.0,0.0,0.0,2.0,1.3636363636363635,2.0,0.8090398349558905,0.6545454545454545,2.0,0.0,1.0,0.09090909090909091,0.0,0.3015113445777636,0.09090909090909088,1.0,0.0,3.0,1.8181818181818181,2.0,0.7507571935295483,0.5636363636363636,3.0,8.0,0.0,2.0,0.0,0.0,0.0,0.0,1.0,0.0,1.0,3.0,0.0,0.0,2.0,0.0,0.0,0.0,0.0,0.0,0.0,0.0,0.0,0.0,0.0
441,545,Sidebar V2 Sprint 1,-2,14,6,22,0,0,0,0,4,16,1,3,1,3,1,2,9.0,0.0,6.0,0.0,1.0,0.3333333333333333,0.0,0.5,0.25,1.0,0.0,3.0,1.2222222222222223,1.0,0.9718253158075502,0.9444444444444445,3.0,0.0,1.0,0.5555555555555556,1.0,0.5270462766947299,0.2777777777777778,1.0,0.0,3.0,0.5555555555555556,0.0,1.1303883305208782,1.277777777777778,3.0,0.0,0.0,0.0,0.0,0.0,0.0,0.0,0.0,0.0,0.0,0.0,0.0,0.0,0.0,0.0,2.0,0.3333333333333333,0.0,0.7071067811865476,0.5,2.0,0.0,0.0,0.0,0.0,0.0,0.0,0.0,0.0,2.0,0.3333333333333333,0.0,0.7071067811865476,0.5,2.0,3.0,0.0,9.0,0.0,0.0,0.0,0.0,2.0,0.0,1.0,6.0,0.0,0.0,0.0,0.0,0.0,0.0,0.0,0.0,0.0,0.0,0.0,0.0,0.0
441,564,Sidebar V2 Sprint 2,-3,7,4,12,0,0,0,0,0,0,3,9,1,3,1,3,4.0,0.0,3.0,0.0,1.0,0.5,0.5,0.5773502691896257,0.3333333333333333,1.0,0.0,2.0,0.75,0.5,0.9574271077563381,0.9166666666666666,2.0,0.0,1.0,0.75,1.0,0.5,0.25,1.0,0.0,3.0,0.75,0.0,1.5,2.25,3.0,0.0,0.0,0.0,0.0,0.0,0.0,0.0,0.0,0.0,0.0,0.0,0.0,0.0,0.0,0.0,2.0,0.5,0.0,1.0,1.0,2.0,0.0,0.0,0.0,0.0,0.0,0.0,0.0,0.0,2.0,0.75,0.5,0.9574271077563381,0.9166666666666666,2.0,0.0,0.0,4.0,0.0,0.0,0.0,0.0,1.0,0.0,0.0,4.0,0.0,0.0,0.0,0.0,0.0,0.0,0.0,0.0,0.0,0.0,0.0,0.0,0.0
441,579,Sidebar V2 Sprint 3,0,7,1,3,2,6,0,0,1,3,2,6,0,0,1,2,3.0,0.0,3.0,1.0,2.0,1.3333333333333333,1.0,0.5773502691896257,0.3333333333333333,1.0,0.0,1.0,0.6666666666666666,1.0,0.5773502691896258,0.33333333333333337,1.0,1.0,1.0,1.0,1.0,0.0,0.0,0.0,0.0,2.0,0.6666666666666666,0.0,1.1547005383792517,1.3333333333333335,2.0,0.0,0.0,0.0,0.0,0.0,0.0,0.0,0.0,0.0,0.0,0.0,0.0,0.0,0.0,0.0,0.0,0.0,0.0,0.0,0.0,0.0,0.0,0.0,0.0,0.0,0.0,0.0,0.0,1.0,1.0,1.0,1.0,0.0,0.0,0.0,0.0,0.0,3.0,0.0,0.0,0.0,0.0,0.0,0.0,0.0,3.0,0.0,0.0,0.0,0.0,0.0,0.0,0.0,0.0,0.0,0.0,0.0,0.0,0.0
441,588,Sidebar V2 Sprint 4,0,14,1,3,1,3,0,0,0,0,2,6,0,0,1,2,2.0,0.0,2.0,0.0,1.0,0.5,0.5,0.7071067811865476,0.5,1.0,1.0,2.0,1.5,1.5,0.7071067811865476,0.5,1.0,1.0,2.0,1.5,1.5,0.7071067811865476,0.5,1.0,1.0,2.0,1.5,1.5,0.7071067811865476,0.5,1.0,0.0,0.0,0.0,0.0,0.0,0.0,0.0,0.0,0.0,0.0,0.0,0.0,0.0,0.0,0.0,1.0,0.5,0.5,0.7071067811865476,0.5,1.0,0.0,0.0,0.0,0.0,0.0,0.0,0.0,2.0,5.0,3.5,3.5,2.1213203435596424,4.5,3.0,1.0,0.0,2.0,0.0,0.0,0.0,0.0,0.0,0.0,0.0,1.0,0.0,0.0,0.0,0.0,0.0,0.0,0.0,0.0,0.0,0.0,0.0,0.0,0.0
441,617,Core Sprint 8,3,14,0,0,0,0,0,0,0,0,0,0,0,0,1,1,1.0,0.0,0.0,1.0,1.0,1.0,1.0,0.0,0.0,0.0,1.0,1.0,1.0,1.0,0.0,0.0,0.0,1.0,1.0,1.0,1.0,0.0,0.0,0.0,1.0,1.0,1.0,1.0,0.0,0.0,0.0,0.0,0.0,0.0,0.0,0.0,0.0,0.0,0.0,0.0,0.0,0.0,0.0,0.0,0.0,0.0,0.0,0.0,0.0,0.0,0.0,0.0,0.0,0.0,0.0,0.0,0.0,0.0,0.0,1.0,1.0,1.0,1.0,0.0,0.0,0.0,0.0,0.0,1.0,0.0,0.0,0.0,0.0,0.0,0.0,0.0,1.0,0.0,0.0,1.0,0.0,0.0,0.0,0.0,0.0,0.0,0.0,0.0,0.0,0.0
441,625,Sidebar V2 Sprint 7,0,7,0,0,0,0,0,0,0,0,0,0,0,0,1,1,1.0,0.0,1.0,0.0,0.0,0.0,0.0,0.0,0.0,0.0,1.0,1.0,1.0,1.0,0.0,0.0,0.0,0.0,0.0,0.0,0.0,0.0,0.0,0.0,0.0,0.0,0.0,0.0,0.0,0.0,0.0,0.0,0.0,0.0,0.0,0.0,0.0,0.0,0.0,0.0,0.0,0.0,0.0,0.0,0.0,0.0,0.0,0.0,0.0,0.0,0.0,0.0,0.0,0.0,0.0,0.0,0.0,0.0,0.0,0.0,0.0,0.0,0.0,0.0,0.0,0.0,0.0,0.0,1.0,0.0,0.0,0.0,0.0,0.0,0.0,0.0,1.0,0.0,0.0,0.0,0.0,0.0,0.0,0.0,0.0,0.0,0.0,0.0,0.0,0.0
441,640,Sidebar Polish,0,7,1,3,0,0,0,0,0,0,0,0,1,3,1,1,1.0,0.0,1.0,1.0,1.0,1.0,1.0,0.0,0.0,0.0,1.0,1.0,1.0,1.0,0.0,0.0,0.0,0.0,0.0,0.0,0.0,0.0,0.0,0.0,0.0,0.0,0.0,0.0,0.0,0.0,0.0,0.0,0.0,0.0,0.0,0.0,0.0,0.0,0.0,0.0,0.0,0.0,0.0,0.0,0.0,0.0,0.0,0.0,0.0,0.0,0.0,0.0,0.0,0.0,0.0,0.0,0.0,0.0,0.0,1.0,1.0,1.0,1.0,0.0,0.0,0.0,0.0,0.0,1.0,0.0,0.0,0.0,0.0,0.0,0.0,0.0,1.0,0.0,0.0,0.0,0.0,0.0,0.0,0.0,0.0,0.0,0.0,0.0,0.0,0.0
441,665,Galaxy - Sprint 4,3,14,0,0,1,3,0,0,0,0,1,3,0,0,1,2,2.0,0.0,0.0,0.0,0.0,0.0,0.0,0.0,0.0,0.0,1.0,1.0,1.0,1.0,0.0,0.0,0.0,2.0,3.0,2.5,2.5,0.7071067811865476,0.5,1.0,1.0,5.0,3.0,3.0,2.8284271247461903,8.0,4.0,0.0,0.0,0.0,0.0,0.0,0.0,0.0,0.0,0.0,0.0,0.0,0.0,0.0,0.0,0.0,0.0,0.0,0.0,0.0,0.0,0.0,0.0,2.0,1.0,1.0,1.4142135623730951,2.0,2.0,0.0,1.0,0.5,0.5,0.7071067811865476,0.5,1.0,0.0,0.0,2.0,0.0,0.0,0.0,0.0,0.0,0.0,1.0,2.0,0.0,0.0,1.0,0.0,0.0,0.0,0.0,0.0,0.0,0.0,0.0,0.0,0.0
441,668,Unveiling a less random banner,-6,7,0,0,2,6,0,0,2,6,0,0,0,0,1,1,2.0,0.0,0.0,0.0,0.0,0.0,0.0,0.0,0.0,0.0,1.0,2.0,1.5,1.5,0.7071067811865476,0.5,1.0,2.0,3.0,2.5,2.5,0.7071067811865476,0.5,1.0,0.0,1.0,0.5,0.5,0.7071067811865476,0.5,1.0,0.0,0.0,0.0,0.0,0.0,0.0,0.0,0.0,0.0,0.0,0.0,0.0,0.0,0.0,0.0,1.0,0.5,0.5,0.7071067811865476,0.5,1.0,0.0,1.0,0.5,0.5,0.7071067811865476,0.5,1.0,0.0,1.0,0.5,0.5,0.7071067811865476,0.5,1.0,0.0,0.0,2.0,0.0,0.0,0.0,0.0,2.0,0.0,0.0,2.0,0.0,0.0,0.0,0.0,0.0,0.0,0.0,0.0,0.0,0.0,0.0,0.0,0.0
441,678,It's not a bug!,-6,7,3,9,0,0,0,0,0,0,3,9,0,0,1,2,3.0,0.0,1.0,0.0,1.0,0.3333333333333333,0.0,0.5773502691896258,0.33333333333333337,1.0,1.0,2.0,1.3333333333333333,1.0,0.5773502691896257,0.3333333333333333,1.0,2.0,3.0,2.3333333333333335,2.0,0.5773502691896258,0.33333333333333337,1.0,0.0,1.0,0.6666666666666666,1.0,0.5773502691896258,0.33333333333333337,1.0,0.0,0.0,0.0,0.0,0.0,0.0,0.0,0.0,0.0,0.0,0.0,0.0,0.0,0.0,0.0,2.0,0.6666666666666666,0.0,1.1547005383792517,1.3333333333333335,2.0,0.0,1.0,0.3333333333333333,0.0,0.5773502691896258,0.33333333333333337,1.0,0.0,2.0,1.0,1.0,1.0,1.0,2.0,0.0,0.0,3.0,0.0,0.0,0.0,0.0,2.0,0.0,0.0,3.0,0.0,0.0,0.0,0.0,0.0,0.0,0.0,0.0,0.0,0.0,0.0,0.0,0.0
441,691,Breadcrummy,-6,7,2,6,0,0,0,0,0,0,2,6,0,0,1,1,2.0,0.0,0.0,0.0,0.0,0.0,0.0,0.0,0.0,0.0,1.0,2.0,1.5,1.5,0.7071067811865476,0.5,1.0,2.0,3.0,2.5,2.5,0.7071067811865476,0.5,1.0,0.0,1.0,0.5,0.5,0.7071067811865476,0.5,1.0,0.0,0.0,0.0,0.0,0.0,0.0,0.0,0.0,0.0,0.0,0.0,0.0,0.0,0.0,0.0,2.0,1.0,1.0,1.4142135623730951,2.0,2.0,0.0,1.0,0.5,0.5,0.7071067811865476,0.5,1.0,0.0,1.0,0.5,0.5,0.7071067811865476,0.5,1.0,0.0,0.0,2.0,0.0,0.0,0.0,0.0,2.0,0.0,0.0,2.0,0.0,0.0,0.0,0.0,0.0,0.0,0.0,0.0,0.0,0.0,0.0,0.0,0.0
441,767,Got Feedback?,-6,7,2,6,0,0,0,0,2,6,0,0,0,0,1,1,2.0,0.0,0.0,0.0,0.0,0.0,0.0,0.0,0.0,0.0,1.0,2.0,1.5,1.5,0.7071067811865476,0.5,1.0,2.0,3.0,2.5,2.5,0.7071067811865476,0.5,1.0,0.0,1.0,0.5,0.5,0.7071067811865476,0.5,1.0,0.0,0.0,0.0,0.0,0.0,0.0,0.0,0.0,0.0,0.0,0.0,0.0,0.0,0.0,0.0,2.0,1.0,1.0,1.4142135623730951,2.0,2.0,0.0,1.0,0.5,0.5,0.7071067811865476,0.5,1.0,0.0,1.0,0.5,0.5,0.7071067811865476,0.5,1.0,0.0,0.0,2.0,0.0,0.0,0.0,0.0,2.0,0.0,0.0,2.0,0.0,0.0,0.0,0.0,0.0,0.0,0.0,0.0,0.0,0.0,0.0,0.0,0.0
441,788,Doraemon - Sprint 4,0,13,0,0,0,0,0,0,0,0,0,0,0,0,1,1,0.0,0.0,0.0,0.0,0.0,0.0,0.0,0.0,0.0,0.0,0.0,0.0,0.0,0.0,0.0,0.0,0.0,0.0,0.0,0.0,0.0,0.0,0.0,0.0,0.0,0.0,0.0,0.0,0.0,0.0,0.0,0.0,0.0,0.0,0.0,0.0,0.0,0.0,0.0,0.0,0.0,0.0,0.0,0.0,0.0,0.0,0.0,0.0,0.0,0.0,0.0,0.0,0.0,0.0,0.0,0.0,0.0,0.0,0.0,0.0,0.0,0.0,0.0,0.0,0.0,0.0,0.0,0.0,0.0,0.0,0.0,0.0,0.0,0.0,0.0,0.0,0.0,0.0,0.0,0.0,0.0,0.0,0.0,0.0,0.0,0.0,0.0,0.0,0.0,0.0
441,789,Galaxy - Sprint 6,0,13,2,6,0,0,2,6,0,0,0,0,0,0,1,1,2.0,0.0,0.0,0.0,2.0,1.0,1.0,1.4142135623730951,2.0,2.0,1.0,2.0,1.5,1.5,0.7071067811865476,0.5,1.0,2.0,3.0,2.5,2.5,0.7071067811865476,0.5,1.0,0.0,1.0,0.5,0.5,0.7071067811865476,0.5,1.0,0.0,0.0,0.0,0.0,0.0,0.0,0.0,0.0,0.0,0.0,0.0,0.0,0.0,0.0,0.0,2.0,1.0,1.0,1.4142135623730951,2.0,2.0,0.0,1.0,0.5,0.5,0.7071067811865476,0.5,1.0,0.0,1.0,0.5,0.5,0.7071067811865476,0.5,1.0,0.0,0.0,2.0,0.0,0.0,0.0,0.0,2.0,0.0,0.0,2.0,0.0,0.0,0.0,0.0,0.0,0.0,0.0,0.0,0.0,0.0,0.0,0.0,0.0
441,791,Thundering On,0,7,2,6,0,0,0,0,1,3,1,3,0,0,1,1,2.0,0.0,0.0,0.0,2.0,1.0,1.0,1.4142135623730951,2.0,2.0,1.0,2.0,1.5,1.5,0.7071067811865476,0.5,1.0,2.0,3.0,2.5,2.5,0.7071067811865476,0.5,1.0,0.0,1.0,0.5,0.5,0.7071067811865476,0.5,1.0,0.0,0.0,0.0,0.0,0.0,0.0,0.0,0.0,0.0,0.0,0.0,0.0,0.0,0.0,0.0,2.0,1.0,1.0,1.4142135623730951,2.0,2.0,0.0,1.0,0.5,0.5,0.7071067811865476,0.5,1.0,0.0,1.0,0.5,0.5,0.7071067811865476,0.5,1.0,0.0,0.0,2.0,0.0,0.0,0.0,0.0,2.0,0.0,0.0,2.0,0.0,0.0,0.0,0.0,0.0,0.0,0.0,0.0,0.0,0.0,0.0,0.0,0.0
441,805,Crippling the Doc Theme,-3,7,1,3,0,0,0,0,1,3,0,0,0,0,1,1,1.0,0.0,1.0,1.0,1.0,1.0,1.0,0.0,0.0,0.0,1.0,1.0,1.0,1.0,0.0,0.0,0.0,1.0,1.0,1.0,1.0,0.0,0.0,0.0,0.0,0.0,0.0,0.0,0.0,0.0,0.0,0.0,0.0,0.0,0.0,0.0,0.0,0.0,0.0,0.0,0.0,0.0,0.0,0.0,0.0,0.0,0.0,0.0,0.0,0.0,0.0,0.0,0.0,0.0,0.0,0.0,0.0,0.0,0.0,0.0,0.0,0.0,0.0,0.0,0.0,0.0,0.0,0.0,1.0,0.0,0.0,0.0,0.0,0.0,0.0,0.0,1.0,0.0,0.0,0.0,0.0,0.0,0.0,0.0,0.0,0.0,0.0,0.0,0.0,0.0
441,821,Isaac,0,37,1,3,0,0,0,0,0,0,0,0,1,3,1,1,1.0,0.0,1.0,2.0,2.0,2.0,2.0,0.0,0.0,0.0,1.0,1.0,1.0,1.0,0.0,0.0,0.0,1.0,1.0,1.0,1.0,0.0,0.0,0.0,0.0,0.0,0.0,0.0,0.0,0.0,0.0,0.0,0.0,0.0,0.0,0.0,0.0,0.0,0.0,0.0,0.0,0.0,0.0,0.0,0.0,3.0,3.0,3.0,3.0,0.0,0.0,0.0,0.0,0.0,0.0,0.0,0.0,0.0,0.0,0.0,0.0,0.0,0.0,0.0,0.0,0.0,0.0,0.0,1.0,0.0,0.0,0.0,0.0,0.0,0.0,0.0,1.0,0.0,0.0,0.0,0.0,0.0,0.0,0.0,0.0,0.0,0.0,0.0,0.0,0.0
441,841,Summit-up,0,7,0,0,0,0,0,0,0,0,0,0,0,0,1,1,0.0,0.0,0.0,0.0,0.0,0.0,0.0,0.0,0.0,0.0,0.0,0.0,0.0,0.0,0.0,0.0,0.0,0.0,0.0,0.0,0.0,0.0,0.0,0.0,0.0,0.0,0.0,0.0,0.0,0.0,0.0,0.0,0.0,0.0,0.0,0.0,0.0,0.0,0.0,0.0,0.0,0.0,0.0,0.0,0.0,0.0,0.0,0.0,0.0,0.0,0.0,0.0,0.0,0.0,0.0,0.0,0.0,0.0,0.0,0.0,0.0,0.0,0.0,0.0,0.0,0.0,0.0,0.0,0.0,0.0,0.0,0.0,0.0,0.0,0.0,0.0,0.0,0.0,0.0,0.0,0.0,0.0,0.0,0.0,0.0,0.0,0.0,0.0,0.0,0.0
441,857,Xavi get back to work!,0,7,0,0,0,0,0,0,0,0,0,0,0,0,1,1,0.0,0.0,0.0,0.0,0.0,0.0,0.0,0.0,0.0,0.0,0.0,0.0,0.0,0.0,0.0,0.0,0.0,0.0,0.0,0.0,0.0,0.0,0.0,0.0,0.0,0.0,0.0,0.0,0.0,0.0,0.0,0.0,0.0,0.0,0.0,0.0,0.0,0.0,0.0,0.0,0.0,0.0,0.0,0.0,0.0,0.0,0.0,0.0,0.0,0.0,0.0,0.0,0.0,0.0,0.0,0.0,0.0,0.0,0.0,0.0,0.0,0.0,0.0,0.0,0.0,0.0,0.0,0.0,0.0,0.0,0.0,0.0,0.0,0.0,0.0,0.0,0.0,0.0,0.0,0.0,0.0,0.0,0.0,0.0,0.0,0.0,0.0,0.0,0.0,0.0
441,873,Bring on Summit 2014 and Edith,-3,7,1,3,0,0,0,0,1,3,0,0,0,0,1,1,1.0,0.0,1.0,2.0,2.0,2.0,2.0,0.0,0.0,0.0,2.0,2.0,2.0,2.0,0.0,0.0,0.0,1.0,1.0,1.0,1.0,0.0,0.0,0.0,0.0,0.0,0.0,0.0,0.0,0.0,0.0,0.0,0.0,0.0,0.0,0.0,0.0,0.0,0.0,0.0,0.0,0.0,0.0,0.0,0.0,0.0,0.0,0.0,0.0,0.0,0.0,0.0,0.0,0.0,0.0,0.0,0.0,0.0,0.0,1.0,1.0,1.0,1.0,0.0,0.0,0.0,0.0,0.0,1.0,0.0,0.0,0.0,0.0,0.0,0.0,0.0,1.0,0.0,0.0,0.0,0.0,0.0,0.0,0.0,0.0,0.0,0.0,0.0,0.0,0.0
441,888,Back to the Future,0,7,1,3,0,0,0,0,0,0,1,3,0,0,1,1,1.0,0.0,1.0,2.0,2.0,2.0,2.0,0.0,0.0,0.0,2.0,2.0,2.0,2.0,0.0,0.0,0.0,1.0,1.0,1.0,1.0,0.0,0.0,0.0,0.0,0.0,0.0,0.0,0.0,0.0,0.0,0.0,0.0,0.0,0.0,0.0,0.0,0.0,0.0,0.0,0.0,0.0,0.0,0.0,0.0,0.0,0.0,0.0,0.0,0.0,0.0,0.0,0.0,0.0,0.0,0.0,0.0,0.0,0.0,1.0,1.0,1.0,1.0,0.0,0.0,0.0,0.0,0.0,1.0,0.0,0.0,0.0,0.0,0.0,0.0,0.0,1.0,0.0,0.0,0.0,0.0,0.0,0.0,0.0,0.0,0.0,0.0,0.0,0.0,0.0
441,900,Page Banner Finale,0,7,0,0,0,0,0,0,0,0,0,0,0,0,1,1,0.0,0.0,0.0,0.0,0.0,0.0,0.0,0.0,0.0,0.0,0.0,0.0,0.0,0.0,0.0,0.0,0.0,0.0,0.0,0.0,0.0,0.0,0.0,0.0,0.0,0.0,0.0,0.0,0.0,0.0,0.0,0.0,0.0,0.0,0.0,0.0,0.0,0.0,0.0,0.0,0.0,0.0,0.0,0.0,0.0,0.0,0.0,0.0,0.0,0.0,0.0,0.0,0.0,0.0,0.0,0.0,0.0,0.0,0.0,0.0,0.0,0.0,0.0,0.0,0.0,0.0,0.0,0.0,0.0,0.0,0.0,0.0,0.0,0.0,0.0,0.0,0.0,0.0,0.0,0.0,0.0,0.0,0.0,0.0,0.0,0.0,0.0,0.0,0.0,0.0
441,914,Cans of Dogfood,0,7,0,0,0,0,0,0,0,0,0,0,0,0,1,1,0.0,0.0,0.0,0.0,0.0,0.0,0.0,0.0,0.0,0.0,0.0,0.0,0.0,0.0,0.0,0.0,0.0,0.0,0.0,0.0,0.0,0.0,0.0,0.0,0.0,0.0,0.0,0.0,0.0,0.0,0.0,0.0,0.0,0.0,0.0,0.0,0.0,0.0,0.0,0.0,0.0,0.0,0.0,0.0,0.0,0.0,0.0,0.0,0.0,0.0,0.0,0.0,0.0,0.0,0.0,0.0,0.0,0.0,0.0,0.0,0.0,0.0,0.0,0.0,0.0,0.0,0.0,0.0,0.0,0.0,0.0,0.0,0.0,0.0,0.0,0.0,0.0,0.0,0.0,0.0,0.0,0.0,0.0,0.0,0.0,0.0,0.0,0.0,0.0,0.0
441,935,Hammering below the knees,0,7,0,0,0,0,0,0,0,0,0,0,0,0,1,1,0.0,0.0,0.0,0.0,0.0,0.0,0.0,0.0,0.0,0.0,0.0,0.0,0.0,0.0,0.0,0.0,0.0,0.0,0.0,0.0,0.0,0.0,0.0,0.0,0.0,0.0,0.0,0.0,0.0,0.0,0.0,0.0,0.0,0.0,0.0,0.0,0.0,0.0,0.0,0.0,0.0,0.0,0.0,0.0,0.0,0.0,0.0,0.0,0.0,0.0,0.0,0.0,0.0,0.0,0.0,0.0,0.0,0.0,0.0,0.0,0.0,0.0,0.0,0.0,0.0,0.0,0.0,0.0,0.0,0.0,0.0,0.0,0.0,0.0,0.0,0.0,0.0,0.0,0.0,0.0,0.0,0.0,0.0,0.0,0.0,0.0,0.0,0.0,0.0,0.0
441,948,2-day sprint,0,7,0,0,0,0,0,0,0,0,0,0,0,0,1,1,0.0,0.0,0.0,0.0,0.0,0.0,0.0,0.0,0.0,0.0,0.0,0.0,0.0,0.0,0.0,0.0,0.0,0.0,0.0,0.0,0.0,0.0,0.0,0.0,0.0,0.0,0.0,0.0,0.0,0.0,0.0,0.0,0.0,0.0,0.0,0.0,0.0,0.0,0.0,0.0,0.0,0.0,0.0,0.0,0.0,0.0,0.0,0.0,0.0,0.0,0.0,0.0,0.0,0.0,0.0,0.0,0.0,0.0,0.0,0.0,0.0,0.0,0.0,0.0,0.0,0.0,0.0,0.0,0.0,0.0,0.0,0.0,0.0,0.0,0.0,0.0,0.0,0.0,0.0,0.0,0.0,0.0,0.0,0.0,0.0,0.0,0.0,0.0,0.0,0.0
441,962,Ship It Sprint,0,7,0,0,0,0,0,0,0,0,0,0,0,0,1,1,0.0,0.0,0.0,0.0,0.0,0.0,0.0,0.0,0.0,0.0,0.0,0.0,0.0,0.0,0.0,0.0,0.0,0.0,0.0,0.0,0.0,0.0,0.0,0.0,0.0,0.0,0.0,0.0,0.0,0.0,0.0,0.0,0.0,0.0,0.0,0.0,0.0,0.0,0.0,0.0,0.0,0.0,0.0,0.0,0.0,0.0,0.0,0.0,0.0,0.0,0.0,0.0,0.0,0.0,0.0,0.0,0.0,0.0,0.0,0.0,0.0,0.0,0.0,0.0,0.0,0.0,0.0,0.0,0.0,0.0,0.0,0.0,0.0,0.0,0.0,0.0,0.0,0.0,0.0,0.0,0.0,0.0,0.0,0.0,0.0,0.0,0.0,0.0,0.0,0.0
441,980,Coat hung,0,7,0,0,0,0,0,0,0,0,0,0,0,0,1,1,0.0,0.0,0.0,0.0,0.0,0.0,0.0,0.0,0.0,0.0,0.0,0.0,0.0,0.0,0.0,0.0,0.0,0.0,0.0,0.0,0.0,0.0,0.0,0.0,0.0,0.0,0.0,0.0,0.0,0.0,0.0,0.0,0.0,0.0,0.0,0.0,0.0,0.0,0.0,0.0,0.0,0.0,0.0,0.0,0.0,0.0,0.0,0.0,0.0,0.0,0.0,0.0,0.0,0.0,0.0,0.0,0.0,0.0,0.0,0.0,0.0,0.0,0.0,0.0,0.0,0.0,0.0,0.0,0.0,0.0,0.0,0.0,0.0,0.0,0.0,0.0,0.0,0.0,0.0,0.0,0.0,0.0,0.0,0.0,0.0,0.0,0.0,0.0,0.0,0.0
441,996,Hungover,0,7,1,1,0,0,0,0,0,0,0,0,1,1,1,1,1.0,0.0,1.0,3.0,3.0,3.0,3.0,0.0,0.0,0.0,1.0,1.0,1.0,1.0,0.0,0.0,0.0,2.0,2.0,2.0,2.0,0.0,0.0,0.0,0.0,0.0,0.0,0.0,0.0,0.0,0.0,0.0,0.0,0.0,0.0,0.0,0.0,0.0,0.0,0.0,0.0,0.0,0.0,0.0,0.0,2.0,2.0,2.0,2.0,0.0,0.0,0.0,2.0,2.0,2.0,2.0,0.0,0.0,0.0,0.0,0.0,0.0,0.0,0.0,0.0,0.0,0.0,0.0,1.0,0.0,0.0,0.0,0.0,0.0,0.0,0.0,1.0,0.0,0.0,0.0,0.0,0.0,0.0,0.0,0.0,0.0,0.0,0.0,0.0,0.0
441,1013,Pest Control,0,7,1,2,0,0,0,0,0,0,1,2,0,0,1,1,1.0,0.0,1.0,0.0,0.0,0.0,0.0,0.0,0.0,0.0,1.0,1.0,1.0,1.0,0.0,0.0,0.0,2.0,2.0,2.0,2.0,0.0,0.0,0.0,0.0,0.0,0.0,0.0,0.0,0.0,0.0,0.0,0.0,0.0,0.0,0.0,0.0,0.0,0.0,0.0,0.0,0.0,0.0,0.0,0.0,0.0,0.0,0.0,0.0,0.0,0.0,0.0,0.0,0.0,0.0,0.0,0.0,0.0,0.0,0.0,0.0,0.0,0.0,0.0,0.0,0.0,1.0,0.0,1.0,0.0,0.0,0.0,0.0,0.0,0.0,0.0,0.0,0.0,0.0,0.0,0.0,0.0,0.0,0.0,0.0,0.0,0.0,0.0,0.0,0.0
441,1025,Super Sonic Velocity,0,7,0,0,0,0,0,0,0,0,0,0,0,0,1,1,0.0,0.0,0.0,0.0,0.0,0.0,0.0,0.0,0.0,0.0,0.0,0.0,0.0,0.0,0.0,0.0,0.0,0.0,0.0,0.0,0.0,0.0,0.0,0.0,0.0,0.0,0.0,0.0,0.0,0.0,0.0,0.0,0.0,0.0,0.0,0.0,0.0,0.0,0.0,0.0,0.0,0.0,0.0,0.0,0.0,0.0,0.0,0.0,0.0,0.0,0.0,0.0,0.0,0.0,0.0,0.0,0.0,0.0,0.0,0.0,0.0,0.0,0.0,0.0,0.0,0.0,0.0,0.0,0.0,0.0,0.0,0.0,0.0,0.0,0.0,0.0,0.0,0.0,0.0,0.0,0.0,0.0,0.0,0.0,0.0,0.0,0.0,0.0,0.0,0.0
441,1039,Merry Sprint,0,7,0,0,0,0,0,0,0,0,0,0,0,0,1,1,0.0,0.0,0.0,0.0,0.0,0.0,0.0,0.0,0.0,0.0,0.0,0.0,0.0,0.0,0.0,0.0,0.0,0.0,0.0,0.0,0.0,0.0,0.0,0.0,0.0,0.0,0.0,0.0,0.0,0.0,0.0,0.0,0.0,0.0,0.0,0.0,0.0,0.0,0.0,0.0,0.0,0.0,0.0,0.0,0.0,0.0,0.0,0.0,0.0,0.0,0.0,0.0,0.0,0.0,0.0,0.0,0.0,0.0,0.0,0.0,0.0,0.0,0.0,0.0,0.0,0.0,0.0,0.0,0.0,0.0,0.0,0.0,0.0,0.0,0.0,0.0,0.0,0.0,0.0,0.0,0.0,0.0,0.0,0.0,0.0,0.0,0.0,0.0,0.0,0.0
441,1045,New Year Same Sprint,0,7,0,0,0,0,0,0,0,0,0,0,0,0,1,1,0.0,0.0,0.0,0.0,0.0,0.0,0.0,0.0,0.0,0.0,0.0,0.0,0.0,0.0,0.0,0.0,0.0,0.0,0.0,0.0,0.0,0.0,0.0,0.0,0.0,0.0,0.0,0.0,0.0,0.0,0.0,0.0,0.0,0.0,0.0,0.0,0.0,0.0,0.0,0.0,0.0,0.0,0.0,0.0,0.0,0.0,0.0,0.0,0.0,0.0,0.0,0.0,0.0,0.0,0.0,0.0,0.0,0.0,0.0,0.0,0.0,0.0,0.0,0.0,0.0,0.0,0.0,0.0,0.0,0.0,0.0,0.0,0.0,0.0,0.0,0.0,0.0,0.0,0.0,0.0,0.0,0.0,0.0,0.0,0.0,0.0,0.0,0.0,0.0,0.0
441,1056,New Year's Resolutions,0,7,0,0,0,0,0,0,0,0,0,0,0,0,1,1,0.0,0.0,0.0,0.0,0.0,0.0,0.0,0.0,0.0,0.0,0.0,0.0,0.0,0.0,0.0,0.0,0.0,0.0,0.0,0.0,0.0,0.0,0.0,0.0,0.0,0.0,0.0,0.0,0.0,0.0,0.0,0.0,0.0,0.0,0.0,0.0,0.0,0.0,0.0,0.0,0.0,0.0,0.0,0.0,0.0,0.0,0.0,0.0,0.0,0.0,0.0,0.0,0.0,0.0,0.0,0.0,0.0,0.0,0.0,0.0,0.0,0.0,0.0,0.0,0.0,0.0,0.0,0.0,0.0,0.0,0.0,0.0,0.0,0.0,0.0,0.0,0.0,0.0,0.0,0.0,0.0,0.0,0.0,0.0,0.0,0.0,0.0,0.0,0.0,0.0
441,1071,Experimental Sprint,0,7,0,0,0,0,0,0,0,0,0,0,0,0,1,1,0.0,0.0,0.0,0.0,0.0,0.0,0.0,0.0,0.0,0.0,0.0,0.0,0.0,0.0,0.0,0.0,0.0,0.0,0.0,0.0,0.0,0.0,0.0,0.0,0.0,0.0,0.0,0.0,0.0,0.0,0.0,0.0,0.0,0.0,0.0,0.0,0.0,0.0,0.0,0.0,0.0,0.0,0.0,0.0,0.0,0.0,0.0,0.0,0.0,0.0,0.0,0.0,0.0,0.0,0.0,0.0,0.0,0.0,0.0,0.0,0.0,0.0,0.0,0.0,0.0,0.0,0.0,0.0,0.0,0.0,0.0,0.0,0.0,0.0,0.0,0.0,0.0,0.0,0.0,0.0,0.0,0.0,0.0,0.0,0.0,0.0,0.0,0.0,0.0,0.0
441,1097,Design is boring,0,7,0,0,0,0,0,0,0,0,0,0,0,0,1,1,0.0,0.0,0.0,0.0,0.0,0.0,0.0,0.0,0.0,0.0,0.0,0.0,0.0,0.0,0.0,0.0,0.0,0.0,0.0,0.0,0.0,0.0,0.0,0.0,0.0,0.0,0.0,0.0,0.0,0.0,0.0,0.0,0.0,0.0,0.0,0.0,0.0,0.0,0.0,0.0,0.0,0.0,0.0,0.0,0.0,0.0,0.0,0.0,0.0,0.0,0.0,0.0,0.0,0.0,0.0,0.0,0.0,0.0,0.0,0.0,0.0,0.0,0.0,0.0,0.0,0.0,0.0,0.0,0.0,0.0,0.0,0.0,0.0,0.0,0.0,0.0,0.0,0.0,0.0,0.0,0.0,0.0,0.0,0.0,0.0,0.0,0.0,0.0,0.0,0.0
441,1103,Guinea Mice,0,7,0,0,0,0,0,0,0,0,0,0,0,0,1,1,0.0,0.0,0.0,0.0,0.0,0.0,0.0,0.0,0.0,0.0,0.0,0.0,0.0,0.0,0.0,0.0,0.0,0.0,0.0,0.0,0.0,0.0,0.0,0.0,0.0,0.0,0.0,0.0,0.0,0.0,0.0,0.0,0.0,0.0,0.0,0.0,0.0,0.0,0.0,0.0,0.0,0.0,0.0,0.0,0.0,0.0,0.0,0.0,0.0,0.0,0.0,0.0,0.0,0.0,0.0,0.0,0.0,0.0,0.0,0.0,0.0,0.0,0.0,0.0,0.0,0.0,0.0,0.0,0.0,0.0,0.0,0.0,0.0,0.0,0.0,0.0,0.0,0.0,0.0,0.0,0.0,0.0,0.0,0.0,0.0,0.0,0.0,0.0,0.0,0.0
441,1122,Hitting the customers,0,7,0,0,0,0,0,0,0,0,0,0,0,0,1,1,0.0,0.0,0.0,0.0,0.0,0.0,0.0,0.0,0.0,0.0,0.0,0.0,0.0,0.0,0.0,0.0,0.0,0.0,0.0,0.0,0.0,0.0,0.0,0.0,0.0,0.0,0.0,0.0,0.0,0.0,0.0,0.0,0.0,0.0,0.0,0.0,0.0,0.0,0.0,0.0,0.0,0.0,0.0,0.0,0.0,0.0,0.0,0.0,0.0,0.0,0.0,0.0,0.0,0.0,0.0,0.0,0.0,0.0,0.0,0.0,0.0,0.0,0.0,0.0,0.0,0.0,0.0,0.0,0.0,0.0,0.0,0.0,0.0,0.0,0.0,0.0,0.0,0.0,0.0,0.0,0.0,0.0,0.0,0.0,0.0,0.0,0.0,0.0,0.0,0.0
441,1142,Turn it off and on again,0,7,1,5,0,0,0,0,1,5,0,0,0,0,1,1,1.0,0.0,1.0,0.0,0.0,0.0,0.0,0.0,0.0,0.0,1.0,1.0,1.0,1.0,0.0,0.0,0.0,1.0,1.0,1.0,1.0,0.0,0.0,0.0,1.0,1.0,1.0,1.0,0.0,0.0,0.0,0.0,0.0,0.0,0.0,0.0,0.0,0.0,0.0,0.0,0.0,0.0,0.0,0.0,0.0,0.0,0.0,0.0,0.0,0.0,0.0,0.0,0.0,0.0,0.0,0.0,0.0,0.0,0.0,1.0,1.0,1.0,1.0,0.0,0.0,0.0,0.0,0.0,1.0,0.0,0.0,0.0,0.0,0.0,0.0,0.0,1.0,0.0,0.0,0.0,0.0,0.0,0.0,0.0,0.0,0.0,0.0,0.0,0.0,0.0
441,1148,Rainbow Venom,-5,7,1,5,0,0,0,0,0,0,1,5,0,0,1,1,1.0,0.0,0.0,0.0,0.0,0.0,0.0,0.0,0.0,0.0,1.0,1.0,1.0,1.0,0.0,0.0,0.0,1.0,1.0,1.0,1.0,0.0,0.0,0.0,2.0,2.0,2.0,2.0,0.0,0.0,0.0,0.0,0.0,0.0,0.0,0.0,0.0,0.0,0.0,0.0,0.0,0.0,0.0,0.0,0.0,0.0,0.0,0.0,0.0,0.0,0.0,0.0,0.0,0.0,0.0,0.0,0.0,0.0,0.0,0.0,0.0,0.0,0.0,0.0,0.0,0.0,1.0,0.0,0.0,1.0,0.0,0.0,0.0,0.0,0.0,0.0,0.0,0.0,0.0,0.0,0.0,0.0,0.0,0.0,0.0,0.0,0.0,0.0,0.0,0.0
441,1158,GO HEDGEHOGS!!,0,7,0,0,1,5,0,0,0,0,1,5,0,0,1,1,1.0,0.0,0.0,0.0,0.0,0.0,0.0,0.0,0.0,0.0,1.0,1.0,1.0,1.0,0.0,0.0,0.0,1.0,1.0,1.0,1.0,0.0,0.0,0.0,2.0,2.0,2.0,2.0,0.0,0.0,0.0,0.0,0.0,0.0,0.0,0.0,0.0,0.0,0.0,0.0,0.0,0.0,0.0,0.0,0.0,0.0,0.0,0.0,0.0,0.0,0.0,0.0,0.0,0.0,0.0,0.0,0.0,0.0,0.0,0.0,0.0,0.0,0.0,0.0,0.0,0.0,1.0,0.0,0.0,1.0,0.0,0.0,0.0,0.0,0.0,0.0,0.0,0.0,0.0,0.0,0.0,0.0,0.0,0.0,0.0,0.0,0.0,0.0,0.0,0.0
441,1176,So you think you can dev?,-3,7,1,3,0,0,0,0,1,3,0,0,0,0,1,1,1.0,0.0,1.0,0.0,0.0,0.0,0.0,0.0,0.0,0.0,1.0,1.0,1.0,1.0,0.0,0.0,0.0,1.0,1.0,1.0,1.0,0.0,0.0,0.0,1.0,1.0,1.0,1.0,0.0,0.0,0.0,0.0,0.0,0.0,0.0,0.0,0.0,0.0,0.0,0.0,0.0,0.0,0.0,0.0,0.0,0.0,0.0,0.0,0.0,0.0,0.0,0.0,0.0,0.0,0.0,0.0,0.0,0.0,0.0,2.0,2.0,2.0,2.0,0.0,0.0,0.0,1.0,0.0,1.0,0.0,0.0,0.0,0.0,0.0,0.0,0.0,0.0,0.0,0.0,0.0,0.0,0.0,0.0,0.0,0.0,0.0,0.0,0.0,0.0,0.0
441,1194,So you think you can blog?,-3,7,1,3,0,0,0,0,1,3,0,0,0,0,1,1,1.0,0.0,1.0,0.0,0.0,0.0,0.0,0.0,0.0,0.0,1.0,1.0,1.0,1.0,0.0,0.0,0.0,1.0,1.0,1.0,1.0,0.0,0.0,0.0,1.0,1.0,1.0,1.0,0.0,0.0,0.0,0.0,0.0,0.0,0.0,0.0,0.0,0.0,0.0,0.0,0.0,0.0,0.0,0.0,0.0,0.0,0.0,0.0,0.0,0.0,0.0,0.0,0.0,0.0,0.0,0.0,0.0,0.0,0.0,2.0,2.0,2.0,2.0,0.0,0.0,0.0,1.0,0.0,1.0,0.0,0.0,0.0,0.0,0.0,0.0,0.0,0.0,0.0,0.0,0.0,0.0,0.0,0.0,0.0,0.0,0.0,0.0,0.0,0.0,0.0
441,1210,Let's score goals!,-3,7,1,3,0,0,0,0,1,3,0,0,0,0,1,1,1.0,0.0,1.0,0.0,0.0,0.0,0.0,0.0,0.0,0.0,1.0,1.0,1.0,1.0,0.0,0.0,0.0,1.0,1.0,1.0,1.0,0.0,0.0,0.0,1.0,1.0,1.0,1.0,0.0,0.0,0.0,0.0,0.0,0.0,0.0,0.0,0.0,0.0,0.0,0.0,0.0,0.0,0.0,0.0,0.0,0.0,0.0,0.0,0.0,0.0,0.0,0.0,0.0,0.0,0.0,0.0,0.0,0.0,0.0,2.0,2.0,2.0,2.0,0.0,0.0,0.0,1.0,0.0,1.0,0.0,0.0,0.0,0.0,0.0,0.0,0.0,0.0,0.0,0.0,0.0,0.0,0.0,0.0,0.0,0.0,0.0,0.0,0.0,0.0,0.0
441,1227,Write a comment...,-3,7,1,3,0,0,0,0,1,3,0,0,0,0,1,1,1.0,0.0,1.0,0.0,0.0,0.0,0.0,0.0,0.0,0.0,1.0,1.0,1.0,1.0,0.0,0.0,0.0,1.0,1.0,1.0,1.0,0.0,0.0,0.0,1.0,1.0,1.0,1.0,0.0,0.0,0.0,0.0,0.0,0.0,0.0,0.0,0.0,0.0,0.0,0.0,0.0,0.0,0.0,0.0,0.0,0.0,0.0,0.0,0.0,0.0,0.0,0.0,0.0,0.0,0.0,0.0,0.0,0.0,0.0,2.0,2.0,2.0,2.0,0.0,0.0,0.0,1.0,0.0,1.0,0.0,0.0,0.0,0.0,0.0,0.0,0.0,0.0,0.0,0.0,0.0,0.0,0.0,0.0,0.0,0.0,0.0,0.0,0.0,0.0,0.0
441,1244,CAC Reloaded,0,7,1,3,0,0,0,0,0,0,1,3,0,0,1,1,1.0,0.0,1.0,1.0,1.0,1.0,1.0,0.0,0.0,0.0,1.0,1.0,1.0,1.0,0.0,0.0,0.0,1.0,1.0,1.0,1.0,0.0,0.0,0.0,1.0,1.0,1.0,1.0,0.0,0.0,0.0,0.0,0.0,0.0,0.0,0.0,0.0,0.0,0.0,0.0,0.0,0.0,0.0,0.0,0.0,0.0,0.0,0.0,0.0,0.0,0.0,0.0,0.0,0.0,0.0,0.0,0.0,0.0,0.0,2.0,2.0,2.0,2.0,0.0,0.0,0.0,1.0,0.0,1.0,0.0,0.0,0.0,0.0,0.0,0.0,0.0,0.0,0.0,0.0,0.0,0.0,0.0,0.0,0.0,0.0,0.0,0.0,0.0,0.0,0.0
441,1268,Edgehogs,0,7,0,0,0,0,0,0,0,0,0,0,0,0,1,1,0.0,0.0,0.0,0.0,0.0,0.0,0.0,0.0,0.0,0.0,0.0,0.0,0.0,0.0,0.0,0.0,0.0,0.0,0.0,0.0,0.0,0.0,0.0,0.0,0.0,0.0,0.0,0.0,0.0,0.0,0.0,0.0,0.0,0.0,0.0,0.0,0.0,0.0,0.0,0.0,0.0,0.0,0.0,0.0,0.0,0.0,0.0,0.0,0.0,0.0,0.0,0.0,0.0,0.0,0.0,0.0,0.0,0.0,0.0,0.0,0.0,0.0,0.0,0.0,0.0,0.0,0.0,0.0,0.0,0.0,0.0,0.0,0.0,0.0,0.0,0.0,0.0,0.0,0.0,0.0,0.0,0.0,0.0,0.0,0.0,0.0,0.0,0.0,0.0,0.0
441,1282,Imminent Desk Reshuffle,0,7,0,0,0,0,0,0,0,0,0,0,0,0,1,1,0.0,0.0,0.0,0.0,0.0,0.0,0.0,0.0,0.0,0.0,0.0,0.0,0.0,0.0,0.0,0.0,0.0,0.0,0.0,0.0,0.0,0.0,0.0,0.0,0.0,0.0,0.0,0.0,0.0,0.0,0.0,0.0,0.0,0.0,0.0,0.0,0.0,0.0,0.0,0.0,0.0,0.0,0.0,0.0,0.0,0.0,0.0,0.0,0.0,0.0,0.0,0.0,0.0,0.0,0.0,0.0,0.0,0.0,0.0,0.0,0.0,0.0,0.0,0.0,0.0,0.0,0.0,0.0,0.0,0.0,0.0,0.0,0.0,0.0,0.0,0.0,0.0,0.0,0.0,0.0,0.0,0.0,0.0,0.0,0.0,0.0,0.0,0.0,0.0,0.0
441,1300,Demolicious,0,7,0,0,0,0,0,0,0,0,0,0,0,0,1,1,0.0,0.0,0.0,0.0,0.0,0.0,0.0,0.0,0.0,0.0,0.0,0.0,0.0,0.0,0.0,0.0,0.0,0.0,0.0,0.0,0.0,0.0,0.0,0.0,0.0,0.0,0.0,0.0,0.0,0.0,0.0,0.0,0.0,0.0,0.0,0.0,0.0,0.0,0.0,0.0,0.0,0.0,0.0,0.0,0.0,0.0,0.0,0.0,0.0,0.0,0.0,0.0,0.0,0.0,0.0,0.0,0.0,0.0,0.0,0.0,0.0,0.0,0.0,0.0,0.0,0.0,0.0,0.0,0.0,0.0,0.0,0.0,0.0,0.0,0.0,0.0,0.0,0.0,0.0,0.0,0.0,0.0,0.0,0.0,0.0,0.0,0.0,0.0,0.0,0.0
441,1303,SuperSonic Tedhog,0,14,0,0,0,0,0,0,0,0,0,0,0,0,1,1,0.0,0.0,0.0,0.0,0.0,0.0,0.0,0.0,0.0,0.0,0.0,0.0,0.0,0.0,0.0,0.0,0.0,0.0,0.0,0.0,0.0,0.0,0.0,0.0,0.0,0.0,0.0,0.0,0.0,0.0,0.0,0.0,0.0,0.0,0.0,0.0,0.0,0.0,0.0,0.0,0.0,0.0,0.0,0.0,0.0,0.0,0.0,0.0,0.0,0.0,0.0,0.0,0.0,0.0,0.0,0.0,0.0,0.0,0.0,0.0,0.0,0.0,0.0,0.0,0.0,0.0,0.0,0.0,0.0,0.0,0.0,0.0,0.0,0.0,0.0,0.0,0.0,0.0,0.0,0.0,0.0,0.0,0.0,0.0,0.0,0.0,0.0,0.0,0.0,0.0
441,1319,DÃ©jÃ  vu,0,7,0,0,0,0,0,0,0,0,0,0,0,0,1,1,0.0,0.0,0.0,0.0,0.0,0.0,0.0,0.0,0.0,0.0,0.0,0.0,0.0,0.0,0.0,0.0,0.0,0.0,0.0,0.0,0.0,0.0,0.0,0.0,0.0,0.0,0.0,0.0,0.0,0.0,0.0,0.0,0.0,0.0,0.0,0.0,0.0,0.0,0.0,0.0,0.0,0.0,0.0,0.0,0.0,0.0,0.0,0.0,0.0,0.0,0.0,0.0,0.0,0.0,0.0,0.0,0.0,0.0,0.0,0.0,0.0,0.0,0.0,0.0,0.0,0.0,0.0,0.0,0.0,0.0,0.0,0.0,0.0,0.0,0.0,0.0,0.0,0.0,0.0,0.0,0.0,0.0,0.0,0.0,0.0,0.0,0.0,0.0,0.0,0.0
441,1339,Beyond Dogefooding,0,7,0,0,0,0,0,0,0,0,0,0,0,0,1,1,0.0,0.0,0.0,0.0,0.0,0.0,0.0,0.0,0.0,0.0,0.0,0.0,0.0,0.0,0.0,0.0,0.0,0.0,0.0,0.0,0.0,0.0,0.0,0.0,0.0,0.0,0.0,0.0,0.0,0.0,0.0,0.0,0.0,0.0,0.0,0.0,0.0,0.0,0.0,0.0,0.0,0.0,0.0,0.0,0.0,0.0,0.0,0.0,0.0,0.0,0.0,0.0,0.0,0.0,0.0,0.0,0.0,0.0,0.0,0.0,0.0,0.0,0.0,0.0,0.0,0.0,0.0,0.0,0.0,0.0,0.0,0.0,0.0,0.0,0.0,0.0,0.0,0.0,0.0,0.0,0.0,0.0,0.0,0.0,0.0,0.0,0.0,0.0,0.0,0.0
441,1352,Personal Javascript Guru,0,7,0,0,0,0,0,0,0,0,0,0,0,0,1,1,0.0,0.0,0.0,0.0,0.0,0.0,0.0,0.0,0.0,0.0,0.0,0.0,0.0,0.0,0.0,0.0,0.0,0.0,0.0,0.0,0.0,0.0,0.0,0.0,0.0,0.0,0.0,0.0,0.0,0.0,0.0,0.0,0.0,0.0,0.0,0.0,0.0,0.0,0.0,0.0,0.0,0.0,0.0,0.0,0.0,0.0,0.0,0.0,0.0,0.0,0.0,0.0,0.0,0.0,0.0,0.0,0.0,0.0,0.0,0.0,0.0,0.0,0.0,0.0,0.0,0.0,0.0,0.0,0.0,0.0,0.0,0.0,0.0,0.0,0.0,0.0,0.0,0.0,0.0,0.0,0.0,0.0,0.0,0.0,0.0,0.0,0.0,0.0,0.0,0.0
441,1359,Tho^zz7X%d,0,10,0,0,0,0,0,0,0,0,0,0,0,0,1,1,0.0,0.0,0.0,0.0,0.0,0.0,0.0,0.0,0.0,0.0,0.0,0.0,0.0,0.0,0.0,0.0,0.0,0.0,0.0,0.0,0.0,0.0,0.0,0.0,0.0,0.0,0.0,0.0,0.0,0.0,0.0,0.0,0.0,0.0,0.0,0.0,0.0,0.0,0.0,0.0,0.0,0.0,0.0,0.0,0.0,0.0,0.0,0.0,0.0,0.0,0.0,0.0,0.0,0.0,0.0,0.0,0.0,0.0,0.0,0.0,0.0,0.0,0.0,0.0,0.0,0.0,0.0,0.0,0.0,0.0,0.0,0.0,0.0,0.0,0.0,0.0,0.0,0.0,0.0,0.0,0.0,0.0,0.0,0.0,0.0,0.0,0.0,0.0,0.0,0.0
441,1364,Same taste 0 calories,0,6,0,0,0,0,0,0,0,0,0,0,0,0,1,1,0.0,0.0,0.0,0.0,0.0,0.0,0.0,0.0,0.0,0.0,0.0,0.0,0.0,0.0,0.0,0.0,0.0,0.0,0.0,0.0,0.0,0.0,0.0,0.0,0.0,0.0,0.0,0.0,0.0,0.0,0.0,0.0,0.0,0.0,0.0,0.0,0.0,0.0,0.0,0.0,0.0,0.0,0.0,0.0,0.0,0.0,0.0,0.0,0.0,0.0,0.0,0.0,0.0,0.0,0.0,0.0,0.0,0.0,0.0,0.0,0.0,0.0,0.0,0.0,0.0,0.0,0.0,0.0,0.0,0.0,0.0,0.0,0.0,0.0,0.0,0.0,0.0,0.0,0.0,0.0,0.0,0.0,0.0,0.0,0.0,0.0,0.0,0.0,0.0,0.0
441,1379,The Hank Effect,0,7,1,5,1,3,0,0,0,0,0,0,2,8,1,3,2.0,0.0,2.0,0.0,7.0,3.5,3.5,4.949747468305833,24.5,7.0,2.0,4.0,3.0,3.0,1.4142135623730951,2.0,2.0,2.0,2.0,2.0,2.0,0.0,0.0,0.0,0.0,5.0,2.5,2.5,3.5355339059327378,12.5,5.0,0.0,0.0,0.0,0.0,0.0,0.0,0.0,0.0,0.0,0.0,0.0,0.0,0.0,0.0,1.0,1.0,1.0,1.0,0.0,0.0,0.0,0.0,3.0,1.5,1.5,2.1213203435596424,4.5,3.0,0.0,1.0,0.5,0.5,0.7071067811865476,0.5,1.0,0.0,0.0,2.0,0.0,0.0,0.0,0.0,0.0,0.0,0.0,2.0,0.0,0.0,0.0,0.0,0.0,0.0,0.0,0.0,0.0,0.0,0.0,0.0,0.0
441,1380,Terminate Skynet,0,7,0,0,0,0,0,0,0,0,0,0,0,0,1,1,0.0,0.0,0.0,0.0,0.0,0.0,0.0,0.0,0.0,0.0,0.0,0.0,0.0,0.0,0.0,0.0,0.0,0.0,0.0,0.0,0.0,0.0,0.0,0.0,0.0,0.0,0.0,0.0,0.0,0.0,0.0,0.0,0.0,0.0,0.0,0.0,0.0,0.0,0.0,0.0,0.0,0.0,0.0,0.0,0.0,0.0,0.0,0.0,0.0,0.0,0.0,0.0,0.0,0.0,0.0,0.0,0.0,0.0,0.0,0.0,0.0,0.0,0.0,0.0,0.0,0.0,0.0,0.0,0.0,0.0,0.0,0.0,0.0,0.0,0.0,0.0,0.0,0.0,0.0,0.0,0.0,0.0,0.0,0.0,0.0,0.0,0.0,0.0,0.0,0.0
441,1429,Yo,0,21,0,0,0,0,0,0,0,0,0,0,0,0,1,1,0.0,0.0,0.0,0.0,0.0,0.0,0.0,0.0,0.0,0.0,0.0,0.0,0.0,0.0,0.0,0.0,0.0,0.0,0.0,0.0,0.0,0.0,0.0,0.0,0.0,0.0,0.0,0.0,0.0,0.0,0.0,0.0,0.0,0.0,0.0,0.0,0.0,0.0,0.0,0.0,0.0,0.0,0.0,0.0,0.0,0.0,0.0,0.0,0.0,0.0,0.0,0.0,0.0,0.0,0.0,0.0,0.0,0.0,0.0,0.0,0.0,0.0,0.0,0.0,0.0,0.0,0.0,0.0,0.0,0.0,0.0,0.0,0.0,0.0,0.0,0.0,0.0,0.0,0.0,0.0,0.0,0.0,0.0,0.0,0.0,0.0,0.0,0.0,0.0,0.0
441,1430,Priorities,0,4,0,0,0,0,0,0,0,0,0,0,0,0,1,1,0.0,0.0,0.0,0.0,0.0,0.0,0.0,0.0,0.0,0.0,0.0,0.0,0.0,0.0,0.0,0.0,0.0,0.0,0.0,0.0,0.0,0.0,0.0,0.0,0.0,0.0,0.0,0.0,0.0,0.0,0.0,0.0,0.0,0.0,0.0,0.0,0.0,0.0,0.0,0.0,0.0,0.0,0.0,0.0,0.0,0.0,0.0,0.0,0.0,0.0,0.0,0.0,0.0,0.0,0.0,0.0,0.0,0.0,0.0,0.0,0.0,0.0,0.0,0.0,0.0,0.0,0.0,0.0,0.0,0.0,0.0,0.0,0.0,0.0,0.0,0.0,0.0,0.0,0.0,0.0,0.0,0.0,0.0,0.0,0.0,0.0,0.0,0.0,0.0,0.0
441,1431,Weltmeister,0,4,0,0,0,0,0,0,0,0,0,0,0,0,1,1,0.0,0.0,0.0,0.0,0.0,0.0,0.0,0.0,0.0,0.0,0.0,0.0,0.0,0.0,0.0,0.0,0.0,0.0,0.0,0.0,0.0,0.0,0.0,0.0,0.0,0.0,0.0,0.0,0.0,0.0,0.0,0.0,0.0,0.0,0.0,0.0,0.0,0.0,0.0,0.0,0.0,0.0,0.0,0.0,0.0,0.0,0.0,0.0,0.0,0.0,0.0,0.0,0.0,0.0,0.0,0.0,0.0,0.0,0.0,0.0,0.0,0.0,0.0,0.0,0.0,0.0,0.0,0.0,0.0,0.0,0.0,0.0,0.0,0.0,0.0,0.0,0.0,0.0,0.0,0.0,0.0,0.0,0.0,0.0,0.0,0.0,0.0,0.0,0.0,0.0
441,1463,Bug lightning,-2,7,0,0,1,2,0,0,1,2,0,0,0,0,1,1,1.0,0.0,0.0,3.0,3.0,3.0,3.0,0.0,0.0,0.0,0.0,0.0,0.0,0.0,0.0,0.0,0.0,2.0,2.0,2.0,2.0,0.0,0.0,0.0,0.0,0.0,0.0,0.0,0.0,0.0,0.0,0.0,0.0,0.0,0.0,0.0,0.0,0.0,0.0,0.0,0.0,0.0,0.0,0.0,0.0,2.0,2.0,2.0,2.0,0.0,0.0,0.0,0.0,0.0,0.0,0.0,0.0,0.0,0.0,0.0,0.0,0.0,0.0,0.0,0.0,0.0,1.0,0.0,1.0,0.0,0.0,0.0,0.0,0.0,0.0,1.0,0.0,0.0,0.0,0.0,0.0,0.0,0.0,0.0,0.0,0.0,0.0,0.0,0.0,0.0
441,1474,Two dogs with one caret,-2,7,1,2,0,0,0,0,0,0,1,2,0,0,1,2,1.0,0.0,0.0,4.0,4.0,4.0,4.0,0.0,0.0,0.0,0.0,0.0,0.0,0.0,0.0,0.0,0.0,2.0,2.0,2.0,2.0,0.0,0.0,0.0,0.0,0.0,0.0,0.0,0.0,0.0,0.0,0.0,0.0,0.0,0.0,0.0,0.0,0.0,0.0,0.0,0.0,0.0,0.0,0.0,0.0,4.0,4.0,4.0,4.0,0.0,0.0,0.0,0.0,0.0,0.0,0.0,0.0,0.0,0.0,0.0,0.0,0.0,0.0,0.0,0.0,0.0,1.0,0.0,1.0,0.0,0.0,0.0,0.0,0.0,0.0,1.0,0.0,0.0,0.0,0.0,0.0,0.0,0.0,0.0,0.0,0.0,0.0,0.0,0.0,0.0
441,1483,Disturbed investigation,0,9,0,0,0,0,0,0,0,0,0,0,0,0,1,1,0.0,0.0,0.0,0.0,0.0,0.0,0.0,0.0,0.0,0.0,0.0,0.0,0.0,0.0,0.0,0.0,0.0,0.0,0.0,0.0,0.0,0.0,0.0,0.0,0.0,0.0,0.0,0.0,0.0,0.0,0.0,0.0,0.0,0.0,0.0,0.0,0.0,0.0,0.0,0.0,0.0,0.0,0.0,0.0,0.0,0.0,0.0,0.0,0.0,0.0,0.0,0.0,0.0,0.0,0.0,0.0,0.0,0.0,0.0,0.0,0.0,0.0,0.0,0.0,0.0,0.0,0.0,0.0,0.0,0.0,0.0,0.0,0.0,0.0,0.0,0.0,0.0,0.0,0.0,0.0,0.0,0.0,0.0,0.0,0.0,0.0,0.0,0.0,0.0,0.0
441,1489,I don't know let's do it,-2,7,1,2,0,0,0,0,1,2,0,0,0,0,1,2,1.0,0.0,0.0,6.0,6.0,6.0,6.0,0.0,0.0,0.0,0.0,0.0,0.0,0.0,0.0,0.0,0.0,2.0,2.0,2.0,2.0,0.0,0.0,0.0,0.0,0.0,0.0,0.0,0.0,0.0,0.0,0.0,0.0,0.0,0.0,0.0,0.0,0.0,0.0,0.0,0.0,0.0,0.0,0.0,0.0,4.0,4.0,4.0,4.0,0.0,0.0,0.0,0.0,0.0,0.0,0.0,0.0,0.0,0.0,0.0,0.0,0.0,0.0,0.0,0.0,0.0,1.0,0.0,1.0,0.0,0.0,0.0,0.0,0.0,0.0,1.0,0.0,0.0,0.0,0.0,0.0,0.0,0.0,0.0,0.0,0.0,0.0,0.0,0.0,0.0
441,1500,Ferris wheel,0,7,1,2,0,0,0,0,0,0,0,0,1,2,1,2,1.0,0.0,0.0,9.0,9.0,9.0,9.0,0.0,0.0,0.0,0.0,0.0,0.0,0.0,0.0,0.0,0.0,2.0,2.0,2.0,2.0,0.0,0.0,0.0,0.0,0.0,0.0,0.0,0.0,0.0,0.0,0.0,0.0,0.0,0.0,0.0,0.0,0.0,0.0,0.0,0.0,0.0,0.0,0.0,0.0,8.0,8.0,8.0,8.0,0.0,0.0,0.0,0.0,0.0,0.0,0.0,0.0,0.0,0.0,0.0,0.0,0.0,0.0,0.0,0.0,0.0,1.0,0.0,1.0,0.0,0.0,0.0,0.0,0.0,0.0,1.0,0.0,0.0,0.0,0.0,0.0,0.0,0.0,0.0,0.0,0.0,0.0,0.0,0.0,0.0
441,1507,Lightest sprint everrr,0,7,0,0,0,0,0,0,0,0,0,0,0,0,1,1,0.0,0.0,0.0,0.0,0.0,0.0,0.0,0.0,0.0,0.0,0.0,0.0,0.0,0.0,0.0,0.0,0.0,0.0,0.0,0.0,0.0,0.0,0.0,0.0,0.0,0.0,0.0,0.0,0.0,0.0,0.0,0.0,0.0,0.0,0.0,0.0,0.0,0.0,0.0,0.0,0.0,0.0,0.0,0.0,0.0,0.0,0.0,0.0,0.0,0.0,0.0,0.0,0.0,0.0,0.0,0.0,0.0,0.0,0.0,0.0,0.0,0.0,0.0,0.0,0.0,0.0,0.0,0.0,0.0,0.0,0.0,0.0,0.0,0.0,0.0,0.0,0.0,0.0,0.0,0.0,0.0,0.0,0.0,0.0,0.0,0.0,0.0,0.0,0.0,0.0
441,1535,Coffee and jamon,0,7,0,0,0,0,0,0,0,0,0,0,0,0,1,1,0.0,0.0,0.0,0.0,0.0,0.0,0.0,0.0,0.0,0.0,0.0,0.0,0.0,0.0,0.0,0.0,0.0,0.0,0.0,0.0,0.0,0.0,0.0,0.0,0.0,0.0,0.0,0.0,0.0,0.0,0.0,0.0,0.0,0.0,0.0,0.0,0.0,0.0,0.0,0.0,0.0,0.0,0.0,0.0,0.0,0.0,0.0,0.0,0.0,0.0,0.0,0.0,0.0,0.0,0.0,0.0,0.0,0.0,0.0,0.0,0.0,0.0,0.0,0.0,0.0,0.0,0.0,0.0,0.0,0.0,0.0,0.0,0.0,0.0,0.0,0.0,0.0,0.0,0.0,0.0,0.0,0.0,0.0,0.0,0.0,0.0,0.0,0.0,0.0,0.0
441,1559,atlassian-selenium anyone?,-8,7,1,3,2,8,1,3,1,5,1,3,0,0,1,3,3.0,0.0,0.0,0.0,2.0,0.6666666666666666,0.0,1.1547005383792517,1.3333333333333335,2.0,1.0,3.0,1.6666666666666667,1.0,1.1547005383792517,1.3333333333333335,2.0,1.0,3.0,1.6666666666666667,1.0,1.1547005383792517,1.3333333333333335,2.0,0.0,0.0,0.0,0.0,0.0,0.0,0.0,0.0,0.0,0.0,0.0,0.0,0.0,0.0,0.0,0.0,0.0,0.0,0.0,0.0,0.0,0.0,1.0,0.3333333333333333,0.0,0.5773502691896258,0.33333333333333337,1.0,0.0,2.0,1.0,1.0,1.0,1.0,2.0,0.0,1.0,0.3333333333333333,0.0,0.5773502691896258,0.33333333333333337,1.0,2.0,0.0,3.0,0.0,0.0,0.0,0.0,1.0,0.0,2.0,1.0,0.0,0.0,0.0,0.0,0.0,0.0,0.0,0.0,0.0,0.0,0.0,0.0,0.0
441,1560,Kill 1 token with 2 weeks,-3,14,3,11,0,0,0,0,0,0,2,6,1,5,1,6,3.0,0.0,0.0,0.0,3.0,1.3333333333333333,1.0,1.5275252316519468,2.3333333333333335,3.0,1.0,3.0,1.6666666666666667,1.0,1.1547005383792517,1.3333333333333335,2.0,1.0,3.0,1.6666666666666667,1.0,1.1547005383792517,1.3333333333333335,2.0,0.0,1.0,0.3333333333333333,0.0,0.5773502691896258,0.33333333333333337,1.0,0.0,0.0,0.0,0.0,0.0,0.0,0.0,0.0,0.0,0.0,0.0,0.0,0.0,0.0,0.0,3.0,1.0,0.0,1.7320508075688772,3.0,3.0,0.0,3.0,1.6666666666666667,2.0,1.5275252316519465,2.333333333333333,3.0,0.0,2.0,1.0,1.0,1.0,1.0,2.0,1.0,0.0,3.0,0.0,0.0,0.0,0.0,1.0,0.0,2.0,2.0,0.0,0.0,0.0,0.0,0.0,0.0,0.0,0.0,0.0,0.0,0.0,0.0,0.0
441,1569,What's a lozenge?,0,14,1,3,0,0,0,0,0,0,0,0,1,3,1,2,1.0,0.0,0.0,6.0,6.0,6.0,6.0,0.0,0.0,0.0,1.0,1.0,1.0,1.0,0.0,0.0,0.0,1.0,1.0,1.0,1.0,0.0,0.0,0.0,1.0,1.0,1.0,1.0,0.0,0.0,0.0,0.0,0.0,0.0,0.0,0.0,0.0,0.0,0.0,0.0,0.0,0.0,0.0,0.0,0.0,1.0,1.0,1.0,1.0,0.0,0.0,0.0,3.0,3.0,3.0,3.0,0.0,0.0,0.0,1.0,1.0,1.0,1.0,0.0,0.0,0.0,0.0,0.0,1.0,0.0,0.0,0.0,0.0,1.0,0.0,0.0,1.0,0.0,0.0,0.0,0.0,0.0,0.0,0.0,0.0,0.0,0.0,0.0,0.0,0.0
441,1623,Three is not a crowd,0,9,0,0,0,0,0,0,0,0,0,0,0,0,1,1,0.0,0.0,0.0,0.0,0.0,0.0,0.0,0.0,0.0,0.0,0.0,0.0,0.0,0.0,0.0,0.0,0.0,0.0,0.0,0.0,0.0,0.0,0.0,0.0,0.0,0.0,0.0,0.0,0.0,0.0,0.0,0.0,0.0,0.0,0.0,0.0,0.0,0.0,0.0,0.0,0.0,0.0,0.0,0.0,0.0,0.0,0.0,0.0,0.0,0.0,0.0,0.0,0.0,0.0,0.0,0.0,0.0,0.0,0.0,0.0,0.0,0.0,0.0,0.0,0.0,0.0,0.0,0.0,0.0,0.0,0.0,0.0,0.0,0.0,0.0,0.0,0.0,0.0,0.0,0.0,0.0,0.0,0.0,0.0,0.0,0.0,0.0,0.0,0.0,0.0
441,1665,Drafting drafts,0,14,0,0,0,0,0,0,0,0,0,0,0,0,1,1,0.0,0.0,0.0,0.0,0.0,0.0,0.0,0.0,0.0,0.0,0.0,0.0,0.0,0.0,0.0,0.0,0.0,0.0,0.0,0.0,0.0,0.0,0.0,0.0,0.0,0.0,0.0,0.0,0.0,0.0,0.0,0.0,0.0,0.0,0.0,0.0,0.0,0.0,0.0,0.0,0.0,0.0,0.0,0.0,0.0,0.0,0.0,0.0,0.0,0.0,0.0,0.0,0.0,0.0,0.0,0.0,0.0,0.0,0.0,0.0,0.0,0.0,0.0,0.0,0.0,0.0,0.0,0.0,0.0,0.0,0.0,0.0,0.0,0.0,0.0,0.0,0.0,0.0,0.0,0.0,0.0,0.0,0.0,0.0,0.0,0.0,0.0,0.0,0.0,0.0
441,1690,The Fantastic Four,0,14,0,0,0,0,0,0,0,0,0,0,0,0,1,1,0.0,0.0,0.0,0.0,0.0,0.0,0.0,0.0,0.0,0.0,0.0,0.0,0.0,0.0,0.0,0.0,0.0,0.0,0.0,0.0,0.0,0.0,0.0,0.0,0.0,0.0,0.0,0.0,0.0,0.0,0.0,0.0,0.0,0.0,0.0,0.0,0.0,0.0,0.0,0.0,0.0,0.0,0.0,0.0,0.0,0.0,0.0,0.0,0.0,0.0,0.0,0.0,0.0,0.0,0.0,0.0,0.0,0.0,0.0,0.0,0.0,0.0,0.0,0.0,0.0,0.0,0.0,0.0,0.0,0.0,0.0,0.0,0.0,0.0,0.0,0.0,0.0,0.0,0.0,0.0,0.0,0.0,0.0,0.0,0.0,0.0,0.0,0.0,0.0,0.0
441,1702,Back from Hawaii,0,14,0,0,0,0,0,0,0,0,0,0,0,0,1,1,0.0,0.0,0.0,0.0,0.0,0.0,0.0,0.0,0.0,0.0,0.0,0.0,0.0,0.0,0.0,0.0,0.0,0.0,0.0,0.0,0.0,0.0,0.0,0.0,0.0,0.0,0.0,0.0,0.0,0.0,0.0,0.0,0.0,0.0,0.0,0.0,0.0,0.0,0.0,0.0,0.0,0.0,0.0,0.0,0.0,0.0,0.0,0.0,0.0,0.0,0.0,0.0,0.0,0.0,0.0,0.0,0.0,0.0,0.0,0.0,0.0,0.0,0.0,0.0,0.0,0.0,0.0,0.0,0.0,0.0,0.0,0.0,0.0,0.0,0.0,0.0,0.0,0.0,0.0,0.0,0.0,0.0,0.0,0.0,0.0,0.0,0.0,0.0,0.0,0.0
441,1769,Merry Christmas!,0,14,0,0,1,5,1,5,0,0,0,0,0,0,1,1,1.0,0.0,0.0,47.0,47.0,47.0,47.0,0.0,0.0,0.0,1.0,1.0,1.0,1.0,0.0,0.0,0.0,1.0,1.0,1.0,1.0,0.0,0.0,0.0,5.0,5.0,5.0,5.0,0.0,0.0,0.0,0.0,0.0,0.0,0.0,0.0,0.0,0.0,0.0,0.0,0.0,0.0,0.0,0.0,0.0,1.0,1.0,1.0,1.0,0.0,0.0,0.0,0.0,0.0,0.0,0.0,0.0,0.0,0.0,1.0,1.0,1.0,1.0,0.0,0.0,0.0,0.0,0.0,0.0,1.0,0.0,0.0,0.0,0.0,0.0,0.0,1.0,0.0,0.0,0.0,0.0,0.0,0.0,0.0,0.0,0.0,0.0,0.0,0.0,0.0
441,1803,Happy New Year!,-5,14,1,5,0,0,0,0,1,5,0,0,0,0,1,1,1.0,0.0,0.0,2.0,2.0,2.0,2.0,0.0,0.0,0.0,1.0,1.0,1.0,1.0,0.0,0.0,0.0,2.0,2.0,2.0,2.0,0.0,0.0,0.0,2.0,2.0,2.0,2.0,0.0,0.0,0.0,0.0,0.0,0.0,0.0,0.0,0.0,0.0,0.0,0.0,0.0,0.0,0.0,0.0,0.0,1.0,1.0,1.0,1.0,0.0,0.0,0.0,0.0,0.0,0.0,0.0,0.0,0.0,0.0,0.0,0.0,0.0,0.0,0.0,0.0,0.0,0.0,0.0,1.0,0.0,0.0,0.0,0.0,1.0,0.0,0.0,1.0,0.0,0.0,0.0,0.0,0.0,0.0,0.0,0.0,0.0,0.0,0.0,0.0,0.0
441,1829,Get well soon!,-5,14,1,5,0,0,0,0,0,0,1,5,0,0,1,2,1.0,0.0,0.0,2.0,2.0,2.0,2.0,0.0,0.0,0.0,1.0,1.0,1.0,1.0,0.0,0.0,0.0,2.0,2.0,2.0,2.0,0.0,0.0,0.0,2.0,2.0,2.0,2.0,0.0,0.0,0.0,0.0,0.0,0.0,0.0,0.0,0.0,0.0,0.0,0.0,0.0,0.0,0.0,0.0,0.0,1.0,1.0,1.0,1.0,0.0,0.0,0.0,0.0,0.0,0.0,0.0,0.0,0.0,0.0,0.0,0.0,0.0,0.0,0.0,0.0,0.0,0.0,0.0,1.0,0.0,0.0,0.0,0.0,1.0,0.0,0.0,1.0,0.0,0.0,0.0,0.0,0.0,0.0,0.0,0.0,0.0,0.0,0.0,0.0,0.0
441,1846,What are you syncing about?,-5,14,1,5,0,0,0,0,1,5,0,0,0,0,1,2,1.0,0.0,0.0,2.0,2.0,2.0,2.0,0.0,0.0,0.0,1.0,1.0,1.0,1.0,0.0,0.0,0.0,2.0,2.0,2.0,2.0,0.0,0.0,0.0,2.0,2.0,2.0,2.0,0.0,0.0,0.0,0.0,0.0,0.0,0.0,0.0,0.0,0.0,0.0,0.0,0.0,0.0,0.0,0.0,0.0,1.0,1.0,1.0,1.0,0.0,0.0,0.0,0.0,0.0,0.0,0.0,0.0,0.0,0.0,0.0,0.0,0.0,0.0,0.0,0.0,0.0,0.0,0.0,1.0,0.0,0.0,0.0,0.0,1.0,0.0,0.0,1.0,0.0,0.0,0.0,0.0,0.0,0.0,0.0,0.0,0.0,0.0,0.0,0.0,0.0
441,1947,Let's have a healthy sprint,-5,14,1,5,0,0,0,0,1,5,0,0,0,0,1,2,1.0,0.0,0.0,2.0,2.0,2.0,2.0,0.0,0.0,0.0,1.0,1.0,1.0,1.0,0.0,0.0,0.0,2.0,2.0,2.0,2.0,0.0,0.0,0.0,2.0,2.0,2.0,2.0,0.0,0.0,0.0,0.0,0.0,0.0,0.0,0.0,0.0,0.0,0.0,0.0,0.0,0.0,0.0,0.0,0.0,1.0,1.0,1.0,1.0,0.0,0.0,0.0,0.0,0.0,0.0,0.0,0.0,0.0,0.0,0.0,0.0,0.0,0.0,0.0,0.0,0.0,0.0,0.0,1.0,0.0,0.0,0.0,0.0,1.0,0.0,0.0,1.0,0.0,0.0,0.0,0.0,0.0,0.0,0.0,0.0,0.0,0.0,0.0,0.0,0.0
441,1960,Solve for Xavi,-5,14,2,10,0,0,0,0,2,10,0,0,0,0,1,2,2.0,0.0,0.0,2.0,3.0,2.5,2.5,0.7071067811865476,0.5,1.0,1.0,1.0,1.0,1.0,0.0,0.0,0.0,2.0,2.0,2.0,2.0,0.0,0.0,0.0,0.0,2.0,1.0,1.0,1.4142135623730951,2.0,2.0,0.0,0.0,0.0,0.0,0.0,0.0,0.0,0.0,0.0,0.0,0.0,0.0,0.0,0.0,0.0,1.0,0.5,0.5,0.7071067811865476,0.5,1.0,0.0,0.0,0.0,0.0,0.0,0.0,0.0,0.0,1.0,0.5,0.5,0.7071067811865476,0.5,1.0,0.0,0.0,2.0,0.0,0.0,0.0,0.0,2.0,0.0,0.0,2.0,0.0,0.0,0.0,0.0,0.0,0.0,0.0,0.0,0.0,0.0,0.0,0.0,0.0
441,2021,A cause of pain,0,14,1,5,0,0,0,0,0,0,0,0,1,5,1,3,1.0,0.0,0.0,2.0,2.0,2.0,2.0,0.0,0.0,0.0,1.0,1.0,1.0,1.0,0.0,0.0,0.0,2.0,2.0,2.0,2.0,0.0,0.0,0.0,2.0,2.0,2.0,2.0,0.0,0.0,0.0,0.0,0.0,0.0,0.0,0.0,0.0,0.0,0.0,0.0,0.0,0.0,0.0,0.0,0.0,3.0,3.0,3.0,3.0,0.0,0.0,0.0,0.0,0.0,0.0,0.0,0.0,0.0,0.0,0.0,0.0,0.0,0.0,0.0,0.0,0.0,0.0,0.0,1.0,0.0,0.0,0.0,0.0,1.0,0.0,0.0,1.0,0.0,0.0,0.0,0.0,0.0,0.0,0.0,0.0,0.0,0.0,0.0,0.0,0.0
441,2066,This sprint name is restricted,0,14,0,0,0,0,0,0,0,0,0,0,0,0,1,1,0.0,0.0,0.0,0.0,0.0,0.0,0.0,0.0,0.0,0.0,0.0,0.0,0.0,0.0,0.0,0.0,0.0,0.0,0.0,0.0,0.0,0.0,0.0,0.0,0.0,0.0,0.0,0.0,0.0,0.0,0.0,0.0,0.0,0.0,0.0,0.0,0.0,0.0,0.0,0.0,0.0,0.0,0.0,0.0,0.0,0.0,0.0,0.0,0.0,0.0,0.0,0.0,0.0,0.0,0.0,0.0,0.0,0.0,0.0,0.0,0.0,0.0,0.0,0.0,0.0,0.0,0.0,0.0,0.0,0.0,0.0,0.0,0.0,0.0,0.0,0.0,0.0,0.0,0.0,0.0,0.0,0.0,0.0,0.0,0.0,0.0,0.0,0.0,0.0,0.0
441,2105,Everyone can view or edit this,0,14,0,0,0,0,0,0,0,0,0,0,0,0,1,1,0.0,0.0,0.0,0.0,0.0,0.0,0.0,0.0,0.0,0.0,0.0,0.0,0.0,0.0,0.0,0.0,0.0,0.0,0.0,0.0,0.0,0.0,0.0,0.0,0.0,0.0,0.0,0.0,0.0,0.0,0.0,0.0,0.0,0.0,0.0,0.0,0.0,0.0,0.0,0.0,0.0,0.0,0.0,0.0,0.0,0.0,0.0,0.0,0.0,0.0,0.0,0.0,0.0,0.0,0.0,0.0,0.0,0.0,0.0,0.0,0.0,0.0,0.0,0.0,0.0,0.0,0.0,0.0,0.0,0.0,0.0,0.0,0.0,0.0,0.0,0.0,0.0,0.0,0.0,0.0,0.0,0.0,0.0,0.0,0.0,0.0,0.0,0.0,0.0,0.0
441,2146,Guest starring: Chris Son,0,14,0,0,0,0,0,0,0,0,0,0,0,0,1,1,0.0,0.0,0.0,0.0,0.0,0.0,0.0,0.0,0.0,0.0,0.0,0.0,0.0,0.0,0.0,0.0,0.0,0.0,0.0,0.0,0.0,0.0,0.0,0.0,0.0,0.0,0.0,0.0,0.0,0.0,0.0,0.0,0.0,0.0,0.0,0.0,0.0,0.0,0.0,0.0,0.0,0.0,0.0,0.0,0.0,0.0,0.0,0.0,0.0,0.0,0.0,0.0,0.0,0.0,0.0,0.0,0.0,0.0,0.0,0.0,0.0,0.0,0.0,0.0,0.0,0.0,0.0,0.0,0.0,0.0,0.0,0.0,0.0,0.0,0.0,0.0,0.0,0.0,0.0,0.0,0.0,0.0,0.0,0.0,0.0,0.0,0.0,0.0,0.0,0.0
441,2185,Vivid spike,0,14,0,0,0,0,0,0,0,0,0,0,0,0,1,1,0.0,0.0,0.0,0.0,0.0,0.0,0.0,0.0,0.0,0.0,0.0,0.0,0.0,0.0,0.0,0.0,0.0,0.0,0.0,0.0,0.0,0.0,0.0,0.0,0.0,0.0,0.0,0.0,0.0,0.0,0.0,0.0,0.0,0.0,0.0,0.0,0.0,0.0,0.0,0.0,0.0,0.0,0.0,0.0,0.0,0.0,0.0,0.0,0.0,0.0,0.0,0.0,0.0,0.0,0.0,0.0,0.0,0.0,0.0,0.0,0.0,0.0,0.0,0.0,0.0,0.0,0.0,0.0,0.0,0.0,0.0,0.0,0.0,0.0,0.0,0.0,0.0,0.0,0.0,0.0,0.0,0.0,0.0,0.0,0.0,0.0,0.0,0.0,0.0,0.0
441,2233,Drive Drift'n Dronin,-8,14,1,8,0,0,0,0,1,8,0,0,0,0,1,1,1.0,0.0,0.0,1.0,1.0,1.0,1.0,0.0,0.0,0.0,1.0,1.0,1.0,1.0,0.0,0.0,0.0,0.0,0.0,0.0,0.0,0.0,0.0,0.0,1.0,1.0,1.0,1.0,0.0,0.0,0.0,0.0,0.0,0.0,0.0,0.0,0.0,0.0,0.0,0.0,0.0,0.0,0.0,0.0,0.0,0.0,0.0,0.0,0.0,0.0,0.0,0.0,0.0,0.0,0.0,0.0,0.0,0.0,0.0,0.0,0.0,0.0,0.0,0.0,0.0,0.0,0.0,0.0,1.0,0.0,0.0,0.0,0.0,1.0,0.0,0.0,1.0,0.0,0.0,0.0,0.0,0.0,0.0,0.0,0.0,0.0,0.0,0.0,0.0,0.0
441,2276,No restrictions!,-8,14,1,8,0,0,0,0,1,8,0,0,0,0,1,1,1.0,0.0,0.0,1.0,1.0,1.0,1.0,0.0,0.0,0.0,1.0,1.0,1.0,1.0,0.0,0.0,0.0,0.0,0.0,0.0,0.0,0.0,0.0,0.0,1.0,1.0,1.0,1.0,0.0,0.0,0.0,0.0,0.0,0.0,0.0,0.0,0.0,0.0,0.0,0.0,0.0,0.0,0.0,0.0,0.0,0.0,0.0,0.0,0.0,0.0,0.0,0.0,0.0,0.0,0.0,0.0,0.0,0.0,0.0,0.0,0.0,0.0,0.0,0.0,0.0,0.0,0.0,0.0,1.0,0.0,0.0,0.0,0.0,1.0,0.0,0.0,1.0,0.0,0.0,0.0,0.0,0.0,0.0,0.0,0.0,0.0,0.0,0.0,0.0,0.0
441,2324,No rotation restrictions,3,14,1,8,0,0,0,0,1,8,0,0,0,0,1,1,2.0,0.0,0.0,0.0,1.0,0.5,0.5,0.7071067811865476,0.5,1.0,1.0,1.0,1.0,1.0,0.0,0.0,0.0,0.0,2.0,1.0,1.0,1.4142135623730951,2.0,2.0,0.0,1.0,0.5,0.5,0.7071067811865476,0.5,1.0,0.0,0.0,0.0,0.0,0.0,0.0,0.0,0.0,0.0,0.0,0.0,0.0,0.0,0.0,0.0,0.0,0.0,0.0,0.0,0.0,0.0,0.0,0.0,0.0,0.0,0.0,0.0,0.0,0.0,0.0,0.0,0.0,0.0,0.0,0.0,0.0,0.0,2.0,0.0,0.0,0.0,0.0,1.0,0.0,0.0,2.0,0.0,0.0,1.0,0.0,0.0,0.0,0.0,0.0,0.0,0.0,0.0,0.0,0.0
441,2391,Go with the flow,0,14,0,0,0,0,0,0,0,0,0,0,0,0,1,1,0.0,0.0,0.0,0.0,0.0,0.0,0.0,0.0,0.0,0.0,0.0,0.0,0.0,0.0,0.0,0.0,0.0,0.0,0.0,0.0,0.0,0.0,0.0,0.0,0.0,0.0,0.0,0.0,0.0,0.0,0.0,0.0,0.0,0.0,0.0,0.0,0.0,0.0,0.0,0.0,0.0,0.0,0.0,0.0,0.0,0.0,0.0,0.0,0.0,0.0,0.0,0.0,0.0,0.0,0.0,0.0,0.0,0.0,0.0,0.0,0.0,0.0,0.0,0.0,0.0,0.0,0.0,0.0,0.0,0.0,0.0,0.0,0.0,0.0,0.0,0.0,0.0,0.0,0.0,0.0,0.0,0.0,0.0,0.0,0.0,0.0,0.0,0.0,0.0,0.0
459,1,Sprint 1,0,0,0,0,0,0,0,0,0,0,0,0,0,0,1,1,6.0,6.0,6.0,0.0,0.0,0.0,0.0,0.0,0.0,0.0,0.0,1.0,0.16666666666666666,0.0,0.408248290463863,0.16666666666666669,1.0,0.0,2.0,1.1666666666666667,1.5,0.9831920802501751,0.9666666666666668,2.0,0.0,1.0,0.16666666666666666,0.0,0.408248290463863,0.16666666666666669,1.0,0.0,0.0,0.0,0.0,0.0,0.0,0.0,0.0,0.0,0.0,0.0,0.0,0.0,0.0,0.0,0.0,0.0,0.0,0.0,0.0,0.0,0.0,0.0,0.0,0.0,0.0,0.0,0.0,0.0,0.0,0.0,0.0,0.0,0.0,0.0,6.0,0.0,0.0,0.0,0.0,0.0,0.0,0.0,0.0,0.0,0.0,0.0,0.0,0.0,0.0,0.0,0.0,0.0,0.0,0.0,0.0,0.0,0.0,0.0
459,4,Sprint 2,0,11,0,0,0,0,0,0,0,0,0,0,0,0,1,1,0.0,0.0,0.0,0.0,0.0,0.0,0.0,0.0,0.0,0.0,0.0,0.0,0.0,0.0,0.0,0.0,0.0,0.0,0.0,0.0,0.0,0.0,0.0,0.0,0.0,0.0,0.0,0.0,0.0,0.0,0.0,0.0,0.0,0.0,0.0,0.0,0.0,0.0,0.0,0.0,0.0,0.0,0.0,0.0,0.0,0.0,0.0,0.0,0.0,0.0,0.0,0.0,0.0,0.0,0.0,0.0,0.0,0.0,0.0,0.0,0.0,0.0,0.0,0.0,0.0,0.0,0.0,0.0,0.0,0.0,0.0,0.0,0.0,0.0,0.0,0.0,0.0,0.0,0.0,0.0,0.0,0.0,0.0,0.0,0.0,0.0,0.0,0.0,0.0,0.0
459,9,Sprint 1,-30,14,9,37,0,0,0,0,7,35,0,0,2,2,1,4,24.0,11.0,17.0,0.0,2.0,0.16666666666666666,0.0,0.4815434123430768,0.23188405797101447,2.0,0.0,0.0,0.0,0.0,0.0,0.0,0.0,0.0,2.0,0.4166666666666667,0.0,0.8297022339981068,0.6884057971014492,2.0,0.0,1.0,0.041666666666666664,0.0,0.2041241452319315,0.04166666666666667,1.0,0.0,0.0,0.0,0.0,0.0,0.0,0.0,0.0,0.0,0.0,0.0,0.0,0.0,0.0,0.0,2.0,0.16666666666666666,0.0,0.5646597025732799,0.3188405797101449,2.0,0.0,4.0,0.20833333333333334,0.0,0.832970935693524,0.6938405797101449,4.0,0.0,1.0,0.08333333333333333,0.0,0.28232985128663995,0.07971014492753623,1.0,23.0,4.0,4.0,2.0,1.0,1.0,1.0,4.0,2.0,1.0,1.0,0.0,0.0,0.0,0.0,0.0,0.0,0.0,0.0,0.0,0.0,0.0,0.0,0.0
459,10,Sprint 2,-38,14,9,44,0,0,0,0,8,43,0,0,1,1,1,1,23.0,10.0,14.0,0.0,2.0,0.17391304347826086,0.0,0.4910261901035311,0.24110671936758904,2.0,0.0,1.0,0.043478260869565216,0.0,0.2085144140570748,0.04347826086956523,1.0,0.0,2.0,0.8695652173913043,0.0,1.013739603739404,1.0276679841897236,2.0,0.0,1.0,0.043478260869565216,0.0,0.20851441405707477,0.04347826086956522,1.0,0.0,0.0,0.0,0.0,0.0,0.0,0.0,0.0,0.0,0.0,0.0,0.0,0.0,0.0,0.0,2.0,0.5217391304347826,0.0,0.897955517089759,0.8063241106719363,2.0,0.0,1.0,0.043478260869565216,0.0,0.2085144140570748,0.04347826086956523,1.0,0.0,0.0,0.0,0.0,0.0,0.0,0.0,22.0,4.0,3.0,2.0,1.0,2.0,1.0,6.0,2.0,1.0,1.0,0.0,0.0,0.0,0.0,0.0,0.0,0.0,0.0,0.0,0.0,0.0,0.0,0.0
459,14,Sprint 3,-49,14,10,49,0,0,0,0,9,44,1,5,0,0,1,2,24.0,10.0,15.0,0.0,2.0,0.16666666666666666,0.0,0.4815434123430768,0.23188405797101447,2.0,0.0,1.0,0.125,0.0,0.3378319623460881,0.11413043478260869,1.0,0.0,2.0,1.0833333333333333,2.0,1.0179547554081032,1.0362318840579712,2.0,0.0,1.0,0.08333333333333333,0.0,0.28232985128663995,0.07971014492753623,1.0,0.0,0.0,0.0,0.0,0.0,0.0,0.0,0.0,0.0,0.0,0.0,0.0,0.0,0.0,0.0,4.0,0.75,0.0,1.1515584902738285,1.326086956521739,4.0,0.0,1.0,0.041666666666666664,0.0,0.20412414523193154,0.04166666666666668,1.0,0.0,0.0,0.0,0.0,0.0,0.0,0.0,23.0,2.0,5.0,1.0,1.0,2.0,1.0,5.0,2.0,1.0,1.0,1.0,1.0,1.0,0.0,0.0,0.0,0.0,0.0,0.0,0.0,0.0,0.0,0.0
459,64,Sprint 4,-30,14,10,48,0,0,2,18,5,7,3,23,0,0,1,4,26.0,13.0,20.0,0.0,1.0,0.07692307692307693,0.0,0.271746488194703,0.07384615384615385,1.0,0.0,1.0,0.038461538461538464,0.0,0.19611613513818402,0.03846153846153846,1.0,0.0,2.0,1.0,1.0,1.019803902718557,1.04,2.0,0.0,1.0,0.19230769230769232,0.0,0.40191847623425014,0.16153846153846152,1.0,0.0,0.0,0.0,0.0,0.0,0.0,0.0,0.0,0.0,0.0,0.0,0.0,0.0,0.0,0.0,2.0,0.46153846153846156,0.0,0.8593378488473195,0.7384615384615384,2.0,0.0,1.0,0.07692307692307693,0.0,0.271746488194703,0.07384615384615385,1.0,0.0,1.0,0.038461538461538464,0.0,0.19611613513818402,0.03846153846153846,1.0,25.0,2.0,3.0,1.0,1.0,4.0,1.0,4.0,1.0,1.0,1.0,1.0,0.0,0.0,0.0,0.0,0.0,0.0,0.0,0.0,0.0,0.0,0.0,0.0
459,81,Sprint 5,-16,14,4,17,0,0,0,0,3,16,0,0,1,1,1,1,16.0,8.0,11.0,0.0,1.0,0.125,0.0,0.3415650255319866,0.11666666666666667,1.0,0.0,1.0,0.0625,0.0,0.25,0.0625,1.0,0.0,2.0,1.125,2.0,1.02469507659596,1.05,2.0,0.0,1.0,0.0625,0.0,0.25,0.0625,1.0,0.0,0.0,0.0,0.0,0.0,0.0,0.0,0.0,0.0,0.0,0.0,0.0,0.0,0.0,0.0,2.0,0.625,0.0,0.9574271077563381,0.9166666666666666,2.0,0.0,1.0,0.125,0.0,0.3415650255319866,0.11666666666666667,1.0,0.0,0.0,0.0,0.0,0.0,0.0,0.0,16.0,2.0,2.0,0.0,1.0,2.0,0.0,3.0,1.0,1.0,0.0,1.0,0.0,0.0,0.0,0.0,0.0,0.0,0.0,0.0,0.0,0.0,0.0,0.0
459,233,Sprint 6,-26,0,10,35,0,0,2,7,4,19,2,7,2,2,1,6,28.0,8.0,17.0,0.0,0.0,0.0,0.0,0.0,0.0,0.0,0.0,1.0,0.14285714285714285,0.0,0.35634832254989923,0.126984126984127,1.0,0.0,2.0,0.9285714285714286,1.0,0.8997354108424372,0.8095238095238094,2.0,0.0,2.0,0.2857142857142857,0.0,0.5345224838248488,0.28571428571428575,2.0,0.0,0.0,0.0,0.0,0.0,0.0,0.0,0.0,0.0,0.0,0.0,0.0,0.0,0.0,0.0,4.0,0.9642857142857143,0.0,1.4005856673692658,1.9616402116402114,4.0,0.0,1.0,0.10714285714285714,0.0,0.314970394174356,0.09920634920634921,1.0,0.0,2.0,0.14285714285714285,0.0,0.44839513942303283,0.20105820105820105,2.0,28.0,0.0,4.0,0.0,3.0,3.0,0.0,2.0,1.0,1.0,0.0,1.0,1.0,3.0,6.0,2.0,0.0,0.0,0.0,0.0,0.0,0.0,0.0,0.0
459,314,Sprint 5,0,4,0,0,0,0,0,0,0,0,0,0,0,0,1,1,3.0,3.0,3.0,0.0,0.0,0.0,0.0,0.0,0.0,0.0,0.0,1.0,0.3333333333333333,0.0,0.5773502691896258,0.33333333333333337,1.0,1.0,1.0,1.0,1.0,0.0,0.0,0.0,0.0,0.0,0.0,0.0,0.0,0.0,0.0,0.0,0.0,0.0,0.0,0.0,0.0,0.0,0.0,0.0,0.0,0.0,0.0,0.0,0.0,0.0,0.0,0.0,0.0,0.0,0.0,0.0,0.0,0.0,0.0,0.0,0.0,0.0,0.0,0.0,0.0,0.0,0.0,0.0,0.0,0.0,2.0,0.0,0.0,0.0,0.0,0.0,0.0,0.0,0.0,0.0,1.0,0.0,0.0,0.0,0.0,0.0,0.0,0.0,0.0,0.0,0.0,0.0,0.0,0.0
461,897,Enterprise 2.9-M2,0,6,0,0,0,0,0,0,0,0,0,0,0,0,1,1,0.0,0.0,0.0,0.0,0.0,0.0,0.0,0.0,0.0,0.0,0.0,0.0,0.0,0.0,0.0,0.0,0.0,0.0,0.0,0.0,0.0,0.0,0.0,0.0,0.0,0.0,0.0,0.0,0.0,0.0,0.0,0.0,0.0,0.0,0.0,0.0,0.0,0.0,0.0,0.0,0.0,0.0,0.0,0.0,0.0,0.0,0.0,0.0,0.0,0.0,0.0,0.0,0.0,0.0,0.0,0.0,0.0,0.0,0.0,0.0,0.0,0.0,0.0,0.0,0.0,0.0,0.0,0.0,0.0,0.0,0.0,0.0,0.0,0.0,0.0,0.0,0.0,0.0,0.0,0.0,0.0,0.0,0.0,0.0,0.0,0.0,0.0,0.0,0.0,0.0
461,913,Enterprise 2.9-M3,0,6,0,0,0,0,0,0,0,0,0,0,0,0,1,1,0.0,0.0,0.0,0.0,0.0,0.0,0.0,0.0,0.0,0.0,0.0,0.0,0.0,0.0,0.0,0.0,0.0,0.0,0.0,0.0,0.0,0.0,0.0,0.0,0.0,0.0,0.0,0.0,0.0,0.0,0.0,0.0,0.0,0.0,0.0,0.0,0.0,0.0,0.0,0.0,0.0,0.0,0.0,0.0,0.0,0.0,0.0,0.0,0.0,0.0,0.0,0.0,0.0,0.0,0.0,0.0,0.0,0.0,0.0,0.0,0.0,0.0,0.0,0.0,0.0,0.0,0.0,0.0,0.0,0.0,0.0,0.0,0.0,0.0,0.0,0.0,0.0,0.0,0.0,0.0,0.0,0.0,0.0,0.0,0.0,0.0,0.0,0.0,0.0,0.0
461,1706,Blue 3.5,0,29,0,0,1,3,0,0,1,3,0,0,0,0,1,1,1.0,0.0,1.0,1.0,1.0,1.0,1.0,0.0,0.0,0.0,1.0,1.0,1.0,1.0,0.0,0.0,0.0,0.0,0.0,0.0,0.0,0.0,0.0,0.0,0.0,0.0,0.0,0.0,0.0,0.0,0.0,0.0,0.0,0.0,0.0,0.0,0.0,0.0,0.0,0.0,0.0,0.0,0.0,0.0,0.0,0.0,0.0,0.0,0.0,0.0,0.0,0.0,0.0,0.0,0.0,0.0,0.0,0.0,0.0,0.0,0.0,0.0,0.0,0.0,0.0,0.0,0.0,0.0,1.0,0.0,0.0,0.0,0.0,0.0,0.0,0.0,1.0,0.0,0.0,0.0,0.0,0.0,0.0,0.0,0.0,0.0,0.0,0.0,0.0,0.0
461,1709,Enterprise 3.5-M1,-3,7,0,0,1,3,0,0,0,0,1,3,0,0,1,1,1.0,0.0,0.0,0.0,0.0,0.0,0.0,0.0,0.0,0.0,0.0,0.0,0.0,0.0,0.0,0.0,0.0,4.0,4.0,4.0,4.0,0.0,0.0,0.0,0.0,0.0,0.0,0.0,0.0,0.0,0.0,0.0,0.0,0.0,0.0,0.0,0.0,0.0,0.0,0.0,0.0,0.0,0.0,0.0,0.0,0.0,0.0,0.0,0.0,0.0,0.0,0.0,0.0,0.0,0.0,0.0,0.0,0.0,0.0,0.0,0.0,0.0,0.0,0.0,0.0,0.0,0.0,0.0,0.0,0.0,0.0,0.0,0.0,1.0,0.0,0.0,1.0,0.0,0.0,0.0,0.0,0.0,0.0,0.0,0.0,0.0,0.0,1.0,0.0,0.0
461,1728,Enterprise 3.5-M2,3,7,1,3,2,6,0,0,3,9,0,0,0,0,1,2,4.0,0.0,2.0,0.0,2.0,0.5,0.0,1.0,1.0,2.0,0.0,3.0,1.25,1.0,1.2583057392117916,1.5833333333333333,3.0,1.0,5.0,3.25,3.5,1.707825127659933,2.9166666666666665,4.0,0.0,0.0,0.0,0.0,0.0,0.0,0.0,0.0,0.0,0.0,0.0,0.0,0.0,0.0,0.0,0.0,0.0,0.0,0.0,0.0,0.0,1.0,9.0,5.25,5.5,3.304037933599835,10.916666666666666,8.0,0.0,1.0,0.25,0.0,0.5,0.25,1.0,0.0,4.0,2.25,2.5,2.0615528128088303,4.25,4.0,1.0,0.0,2.0,0.0,0.0,0.0,0.0,2.0,0.0,0.0,3.0,0.0,0.0,0.0,0.0,0.0,0.0,0.0,0.0,0.0,0.0,2.0,0.0,0.0
461,1750,Fire Team 3.5-W4,0,6,0,0,1,3,0,0,0,0,0,0,1,3,1,1,1.0,0.0,1.0,7.0,7.0,7.0,7.0,0.0,0.0,0.0,1.0,1.0,1.0,1.0,0.0,0.0,0.0,3.0,3.0,3.0,3.0,0.0,0.0,0.0,0.0,0.0,0.0,0.0,0.0,0.0,0.0,0.0,0.0,0.0,0.0,0.0,0.0,0.0,0.0,0.0,0.0,0.0,0.0,0.0,0.0,3.0,3.0,3.0,3.0,0.0,0.0,0.0,0.0,0.0,0.0,0.0,0.0,0.0,0.0,1.0,1.0,1.0,1.0,0.0,0.0,0.0,0.0,0.0,1.0,0.0,0.0,0.0,0.0,0.0,0.0,0.0,1.0,0.0,0.0,0.0,0.0,0.0,0.0,0.0,0.0,0.0,0.0,0.0,0.0,0.0
461,1754,Enterprise 3.5-M4,3,37,0,0,0,0,0,0,0,0,0,0,0,0,1,1,1.0,0.0,1.0,0.0,0.0,0.0,0.0,0.0,0.0,0.0,1.0,1.0,1.0,1.0,0.0,0.0,0.0,2.0,2.0,2.0,2.0,0.0,0.0,0.0,0.0,0.0,0.0,0.0,0.0,0.0,0.0,0.0,0.0,0.0,0.0,0.0,0.0,0.0,0.0,0.0,0.0,0.0,0.0,0.0,0.0,2.0,2.0,2.0,2.0,0.0,0.0,0.0,0.0,0.0,0.0,0.0,0.0,0.0,0.0,0.0,0.0,0.0,0.0,0.0,0.0,0.0,0.0,0.0,1.0,0.0,0.0,0.0,0.0,0.0,0.0,0.0,1.0,0.0,0.0,0.0,0.0,0.0,0.0,0.0,0.0,0.0,0.0,0.0,0.0,0.0
461,1777,Fire 3.6 W1,-3,6,0,0,1,3,0,0,0,0,1,3,0,0,1,1,1.0,0.0,0.0,0.0,0.0,0.0,0.0,0.0,0.0,0.0,1.0,1.0,1.0,1.0,0.0,0.0,0.0,4.0,4.0,4.0,4.0,0.0,0.0,0.0,1.0,1.0,1.0,1.0,0.0,0.0,0.0,0.0,0.0,0.0,0.0,0.0,0.0,0.0,0.0,0.0,0.0,0.0,0.0,0.0,0.0,1.0,1.0,1.0,1.0,0.0,0.0,0.0,1.0,1.0,1.0,1.0,0.0,0.0,0.0,2.0,2.0,2.0,2.0,0.0,0.0,0.0,0.0,0.0,1.0,0.0,0.0,0.0,0.0,1.0,0.0,0.0,1.0,0.0,0.0,0.0,0.0,0.0,0.0,0.0,0.0,0.0,0.0,0.0,0.0,0.0
461,1781,Mono-sprint,18,42,4,12,2,6,1,3,0,0,4,12,1,3,1,4,14.0,0.0,9.0,0.0,9.0,0.8571428571428571,0.0,2.381245403214392,5.670329670329672,9.0,0.0,5.0,1.2142857142857142,0.0,1.9286731759891873,3.719780219780219,5.0,0.0,6.0,1.2857142857142858,1.0,1.4373357526806552,2.0659340659340657,6.0,0.0,3.0,0.9285714285714286,1.0,0.9168747682531899,0.8406593406593407,3.0,0.0,0.0,0.0,0.0,0.0,0.0,0.0,0.0,0.0,0.0,0.0,0.0,0.0,0.0,0.0,1.0,0.07142857142857142,0.0,0.26726124191242434,0.07142857142857141,1.0,0.0,1.0,0.21428571428571427,0.0,0.4258153136263202,0.18131868131868142,1.0,0.0,4.0,0.9285714285714286,0.0,1.542439911024374,2.3791208791208787,4.0,7.0,0.0,14.0,0.0,0.0,0.0,0.0,4.0,0.0,1.0,7.0,0.0,0.0,0.0,0.0,0.0,0.0,0.0,0.0,0.0,0.0,0.0,0.0,0.0
461,1782,Enterprise 3.6-M1,0,7,2,6,0,0,0,0,1,3,1,3,0,0,1,1,2.0,0.0,1.0,0.0,0.0,0.0,0.0,0.0,0.0,0.0,1.0,5.0,3.0,3.0,2.8284271247461903,8.0,4.0,1.0,3.0,2.0,2.0,1.4142135623730951,2.0,2.0,0.0,0.0,0.0,0.0,0.0,0.0,0.0,0.0,0.0,0.0,0.0,0.0,0.0,0.0,0.0,0.0,0.0,0.0,0.0,0.0,0.0,0.0,0.0,0.0,0.0,0.0,0.0,0.0,0.0,1.0,0.5,0.5,0.7071067811865476,0.5,1.0,1.0,3.0,2.0,2.0,1.4142135623730951,2.0,2.0,0.0,0.0,2.0,0.0,0.0,0.0,0.0,0.0,0.0,1.0,2.0,0.0,0.0,0.0,0.0,0.0,0.0,0.0,0.0,0.0,0.0,0.0,0.0,0.0
461,1791,Fire 3.6 W2,-3,6,0,0,1,3,0,0,0,0,1,3,0,0,1,1,1.0,0.0,1.0,0.0,0.0,0.0,0.0,0.0,0.0,0.0,5.0,5.0,5.0,5.0,0.0,0.0,0.0,6.0,6.0,6.0,6.0,0.0,0.0,0.0,0.0,0.0,0.0,0.0,0.0,0.0,0.0,0.0,0.0,0.0,0.0,0.0,0.0,0.0,0.0,0.0,0.0,0.0,0.0,0.0,0.0,0.0,0.0,0.0,0.0,0.0,0.0,0.0,0.0,0.0,0.0,0.0,0.0,0.0,0.0,0.0,0.0,0.0,0.0,0.0,0.0,0.0,1.0,0.0,1.0,0.0,0.0,0.0,0.0,0.0,0.0,0.0,0.0,0.0,0.0,0.0,0.0,0.0,0.0,0.0,0.0,0.0,0.0,0.0,0.0,0.0
461,1848,Innovation Week 3.6,0,4,0,0,2,6,0,0,0,0,0,0,2,6,1,1,3.0,0.0,1.0,0.0,1.0,0.3333333333333333,0.0,0.5773502691896258,0.33333333333333337,1.0,0.0,1.0,0.6666666666666666,1.0,0.5773502691896258,0.33333333333333337,1.0,0.0,1.0,0.6666666666666666,1.0,0.5773502691896258,0.33333333333333337,1.0,0.0,1.0,0.6666666666666666,1.0,0.5773502691896258,0.33333333333333337,1.0,0.0,0.0,0.0,0.0,0.0,0.0,0.0,0.0,0.0,0.0,0.0,0.0,0.0,0.0,0.0,1.0,0.6666666666666666,1.0,0.5773502691896258,0.33333333333333337,1.0,0.0,0.0,0.0,0.0,0.0,0.0,0.0,0.0,1.0,0.6666666666666666,1.0,0.5773502691896258,0.33333333333333337,1.0,0.0,0.0,2.0,0.0,0.0,0.0,0.0,0.0,1.0,0.0,3.0,0.0,0.0,0.0,0.0,0.0,1.0,0.0,0.0,0.0,0.0,0.0,0.0,0.0
461,1875,Fire 3.7-W1,0,6,1,3,0,0,0,0,0,0,1,3,0,0,1,1,1.0,0.0,0.0,1.0,1.0,1.0,1.0,0.0,0.0,0.0,1.0,1.0,1.0,1.0,0.0,0.0,0.0,1.0,1.0,1.0,1.0,0.0,0.0,0.0,0.0,0.0,0.0,0.0,0.0,0.0,0.0,0.0,0.0,0.0,0.0,0.0,0.0,0.0,0.0,0.0,0.0,0.0,0.0,0.0,0.0,4.0,4.0,4.0,4.0,0.0,0.0,0.0,1.0,1.0,1.0,1.0,0.0,0.0,0.0,1.0,1.0,1.0,1.0,0.0,0.0,0.0,0.0,0.0,1.0,0.0,0.0,0.0,0.0,1.0,0.0,0.0,1.0,0.0,0.0,0.0,0.0,0.0,0.0,0.0,0.0,0.0,0.0,0.0,0.0,0.0
461,1878,Enterprise 3.7-M1,-3,38,1,3,0,0,0,0,1,3,0,0,0,0,1,1,1.0,0.0,0.0,0.0,0.0,0.0,0.0,0.0,0.0,0.0,0.0,0.0,0.0,0.0,0.0,0.0,0.0,0.0,0.0,0.0,0.0,0.0,0.0,0.0,0.0,0.0,0.0,0.0,0.0,0.0,0.0,0.0,0.0,0.0,0.0,0.0,0.0,0.0,0.0,0.0,0.0,0.0,0.0,0.0,0.0,0.0,0.0,0.0,0.0,0.0,0.0,0.0,0.0,0.0,0.0,0.0,0.0,0.0,0.0,0.0,0.0,0.0,0.0,0.0,0.0,0.0,0.0,0.0,0.0,0.0,0.0,0.0,0.0,0.0,0.0,0.0,1.0,0.0,0.0,0.0,0.0,0.0,1.0,0.0,0.0,0.0,0.0,0.0,0.0,0.0
461,1881,Blue 3.7,0,24,0,0,1,3,0,0,0,0,1,3,0,0,1,1,1.0,0.0,0.0,1.0,1.0,1.0,1.0,0.0,0.0,0.0,1.0,1.0,1.0,1.0,0.0,0.0,0.0,1.0,1.0,1.0,1.0,0.0,0.0,0.0,1.0,1.0,1.0,1.0,0.0,0.0,0.0,0.0,0.0,0.0,0.0,0.0,0.0,0.0,0.0,0.0,0.0,0.0,0.0,0.0,0.0,0.0,0.0,0.0,0.0,0.0,0.0,0.0,0.0,0.0,0.0,0.0,0.0,0.0,0.0,0.0,0.0,0.0,0.0,0.0,0.0,0.0,0.0,0.0,1.0,0.0,0.0,0.0,0.0,1.0,0.0,0.0,1.0,0.0,0.0,0.0,0.0,0.0,0.0,0.0,0.0,0.0,0.0,0.0,0.0,0.0
461,1900,Enterprise 3.7-M2,-6,7,1,3,1,3,0,0,1,3,1,3,0,0,1,1,5.0,0.0,0.0,0.0,0.0,0.0,0.0,0.0,0.0,0.0,0.0,3.0,1.0,1.0,1.224744871391589,1.5,3.0,0.0,2.0,1.2,1.0,0.8366600265340756,0.7000000000000001,2.0,0.0,1.0,0.2,0.0,0.447213595499958,0.20000000000000004,1.0,0.0,0.0,0.0,0.0,0.0,0.0,0.0,0.0,0.0,0.0,0.0,0.0,0.0,0.0,0.0,1.0,0.2,0.0,0.44721359549995804,0.20000000000000007,1.0,0.0,0.0,0.0,0.0,0.0,0.0,0.0,0.0,0.0,0.0,0.0,0.0,0.0,0.0,2.0,0.0,4.0,0.0,0.0,0.0,0.0,3.0,1.0,0.0,3.0,0.0,0.0,0.0,0.0,0.0,1.0,0.0,0.0,0.0,0.0,0.0,0.0,0.0
461,1904,Fire 3.7-W2,-3,4,0,0,1,3,0,0,0,0,1,3,0,0,1,1,1.0,0.0,1.0,0.0,0.0,0.0,0.0,0.0,0.0,0.0,1.0,1.0,1.0,1.0,0.0,0.0,0.0,1.0,1.0,1.0,1.0,0.0,0.0,0.0,0.0,0.0,0.0,0.0,0.0,0.0,0.0,0.0,0.0,0.0,0.0,0.0,0.0,0.0,0.0,0.0,0.0,0.0,0.0,0.0,0.0,0.0,0.0,0.0,0.0,0.0,0.0,0.0,0.0,0.0,0.0,0.0,0.0,0.0,0.0,3.0,3.0,3.0,3.0,0.0,0.0,0.0,0.0,0.0,1.0,0.0,0.0,0.0,0.0,0.0,0.0,0.0,1.0,0.0,0.0,0.0,0.0,0.0,0.0,0.0,0.0,0.0,0.0,0.0,0.0,0.0
461,1913,Fire 3.7-W3,0,6,1,3,0,0,0,0,0,0,0,0,1,3,1,1,2.0,0.0,1.0,0.0,0.0,0.0,0.0,0.0,0.0,0.0,0.0,1.0,0.5,0.5,0.7071067811865476,0.5,1.0,1.0,2.0,1.5,1.5,0.7071067811865476,0.5,1.0,0.0,0.0,0.0,0.0,0.0,0.0,0.0,0.0,0.0,0.0,0.0,0.0,0.0,0.0,0.0,0.0,0.0,0.0,0.0,0.0,0.0,0.0,1.0,0.5,0.5,0.7071067811865476,0.5,1.0,0.0,0.0,0.0,0.0,0.0,0.0,0.0,0.0,3.0,1.5,1.5,2.1213203435596424,4.5,3.0,0.0,0.0,2.0,0.0,0.0,0.0,0.0,0.0,0.0,0.0,2.0,0.0,0.0,1.0,0.0,0.0,0.0,0.0,0.0,0.0,0.0,0.0,0.0,0.0
461,1936,Enterprise 3.7-M4,-6,7,4,12,1,3,0,0,4,12,1,3,0,0,1,1,6.0,0.0,0.0,0.0,2.0,0.3333333333333333,0.0,0.816496580927726,0.6666666666666667,2.0,0.0,3.0,0.8333333333333334,0.5,1.1690451944500122,1.3666666666666667,3.0,0.0,2.0,1.3333333333333333,1.5,0.816496580927726,0.6666666666666667,2.0,0.0,2.0,0.5,0.0,0.8366600265340756,0.7,2.0,0.0,0.0,0.0,0.0,0.0,0.0,0.0,0.0,0.0,0.0,0.0,0.0,0.0,0.0,0.0,2.0,0.8333333333333334,0.5,0.983192080250175,0.9666666666666666,2.0,0.0,0.0,0.0,0.0,0.0,0.0,0.0,0.0,2.0,0.5,0.0,0.8366600265340756,0.7,2.0,2.0,0.0,5.0,0.0,0.0,0.0,0.0,4.0,1.0,0.0,4.0,0.0,0.0,0.0,0.0,0.0,1.0,0.0,0.0,0.0,0.0,0.0,0.0,0.0
461,1949,Fire 3.7-W5,3,6,0,0,0,0,0,0,0,0,0,0,0,0,1,1,1.0,0.0,1.0,0.0,0.0,0.0,0.0,0.0,0.0,0.0,0.0,0.0,0.0,0.0,0.0,0.0,0.0,1.0,1.0,1.0,1.0,0.0,0.0,0.0,0.0,0.0,0.0,0.0,0.0,0.0,0.0,0.0,0.0,0.0,0.0,0.0,0.0,0.0,0.0,0.0,0.0,0.0,0.0,0.0,0.0,0.0,0.0,0.0,0.0,0.0,0.0,0.0,0.0,0.0,0.0,0.0,0.0,0.0,0.0,0.0,0.0,0.0,0.0,0.0,0.0,0.0,1.0,0.0,1.0,0.0,0.0,0.0,0.0,0.0,0.0,0.0,0.0,0.0,0.0,0.0,0.0,0.0,0.0,0.0,0.0,0.0,0.0,0.0,0.0,0.0
461,1951,Innovation Week 3.7,-3,5,3,9,0,0,0,0,2,6,0,0,1,3,1,1,3.0,0.0,0.0,0.0,2.0,0.6666666666666666,0.0,1.1547005383792517,1.3333333333333335,2.0,0.0,1.0,0.3333333333333333,0.0,0.5773502691896258,0.33333333333333337,1.0,0.0,2.0,1.0,1.0,1.0,1.0,2.0,0.0,0.0,0.0,0.0,0.0,0.0,0.0,0.0,0.0,0.0,0.0,0.0,0.0,0.0,0.0,0.0,0.0,0.0,0.0,0.0,0.0,0.0,2.0,1.0,1.0,1.0,1.0,2.0,0.0,0.0,0.0,0.0,0.0,0.0,0.0,0.0,2.0,0.6666666666666666,0.0,1.1547005383792517,1.3333333333333335,2.0,1.0,0.0,2.0,0.0,0.0,0.0,0.0,2.0,0.0,0.0,2.0,0.0,0.0,0.0,0.0,0.0,1.0,0.0,0.0,0.0,0.0,0.0,0.0,0.0
461,1981,Enterprise 3.8-M1,-6,14,1,3,3,9,0,0,0,0,3,9,1,3,1,1,4.0,0.0,0.0,0.0,3.0,1.0,0.5,1.4142135623730951,2.0,3.0,0.0,3.0,1.0,0.5,1.4142135623730951,2.0,3.0,1.0,2.0,1.5,1.5,0.5773502691896257,0.3333333333333333,1.0,0.0,0.0,0.0,0.0,0.0,0.0,0.0,0.0,0.0,0.0,0.0,0.0,0.0,0.0,0.0,0.0,0.0,0.0,0.0,0.0,0.0,0.0,4.0,1.75,1.5,2.0615528128088303,4.25,4.0,0.0,0.0,0.0,0.0,0.0,0.0,0.0,0.0,3.0,1.0,0.5,1.4142135623730951,2.0,3.0,1.0,0.0,3.0,0.0,0.0,0.0,0.0,2.0,0.0,0.0,3.0,0.0,0.0,1.0,0.0,0.0,1.0,0.0,0.0,0.0,0.0,0.0,0.0,0.0
461,1984,Fire 3.8-W1,0,6,1,3,0,0,0,0,0,0,0,0,1,3,1,1,2.0,0.0,2.0,0.0,5.0,2.5,2.5,3.5355339059327378,12.5,5.0,1.0,1.0,1.0,1.0,0.0,0.0,0.0,0.0,1.0,0.5,0.5,0.7071067811865476,0.5,1.0,0.0,1.0,0.5,0.5,0.7071067811865476,0.5,1.0,0.0,0.0,0.0,0.0,0.0,0.0,0.0,0.0,0.0,0.0,0.0,0.0,0.0,0.0,0.0,3.0,1.5,1.5,2.1213203435596424,4.5,3.0,0.0,0.0,0.0,0.0,0.0,0.0,0.0,0.0,1.0,0.5,0.5,0.7071067811865476,0.5,1.0,1.0,0.0,2.0,0.0,0.0,0.0,0.0,0.0,0.0,0.0,1.0,0.0,0.0,0.0,0.0,0.0,0.0,0.0,0.0,0.0,0.0,0.0,0.0,0.0
461,1985,Stash Blue 3.8,3,28,0,0,0,0,0,0,0,0,0,0,0,0,1,1,1.0,0.0,0.0,0.0,0.0,0.0,0.0,0.0,0.0,0.0,1.0,1.0,1.0,1.0,0.0,0.0,0.0,2.0,2.0,2.0,2.0,0.0,0.0,0.0,1.0,1.0,1.0,1.0,0.0,0.0,0.0,0.0,0.0,0.0,0.0,0.0,0.0,0.0,0.0,0.0,0.0,0.0,0.0,0.0,0.0,0.0,0.0,0.0,0.0,0.0,0.0,0.0,0.0,0.0,0.0,0.0,0.0,0.0,0.0,0.0,0.0,0.0,0.0,0.0,0.0,0.0,0.0,0.0,1.0,0.0,0.0,0.0,0.0,1.0,0.0,0.0,1.0,0.0,0.0,0.0,0.0,0.0,0.0,0.0,0.0,0.0,0.0,0.0,0.0,0.0
461,1997,Fire 3.8-W2,0,6,0,0,0,0,0,0,0,0,0,0,0,0,1,1,1.0,0.0,1.0,0.0,0.0,0.0,0.0,0.0,0.0,0.0,1.0,1.0,1.0,1.0,0.0,0.0,0.0,1.0,1.0,1.0,1.0,0.0,0.0,0.0,0.0,0.0,0.0,0.0,0.0,0.0,0.0,0.0,0.0,0.0,0.0,0.0,0.0,0.0,0.0,0.0,0.0,0.0,0.0,0.0,0.0,0.0,0.0,0.0,0.0,0.0,0.0,0.0,0.0,0.0,0.0,0.0,0.0,0.0,0.0,0.0,0.0,0.0,0.0,0.0,0.0,0.0,0.0,0.0,1.0,0.0,0.0,0.0,0.0,0.0,0.0,0.0,1.0,0.0,0.0,0.0,0.0,0.0,0.0,0.0,0.0,0.0,0.0,0.0,0.0,0.0
461,2022,Fire 3.8-W3,-3,6,1,3,0,0,0,0,0,0,1,3,0,0,1,2,2.0,0.0,2.0,0.0,1.0,0.5,0.5,0.7071067811865476,0.5,1.0,0.0,1.0,0.5,0.5,0.7071067811865476,0.5,1.0,1.0,1.0,1.0,1.0,0.0,0.0,0.0,0.0,0.0,0.0,0.0,0.0,0.0,0.0,0.0,0.0,0.0,0.0,0.0,0.0,0.0,0.0,0.0,0.0,0.0,0.0,0.0,0.0,0.0,0.0,0.0,0.0,0.0,0.0,0.0,0.0,0.0,0.0,0.0,0.0,0.0,0.0,0.0,1.0,0.5,0.5,0.7071067811865476,0.5,1.0,0.0,0.0,2.0,0.0,0.0,0.0,0.0,0.0,0.0,0.0,2.0,0.0,0.0,0.0,0.0,0.0,0.0,0.0,0.0,0.0,0.0,0.0,0.0,0.0
461,2027,Enterprise 3.8-M3,-3,7,2,6,0,0,0,0,0,0,1,3,1,3,1,1,2.0,0.0,0.0,0.0,0.0,0.0,0.0,0.0,0.0,0.0,0.0,1.0,0.5,0.5,0.7071067811865476,0.5,1.0,1.0,1.0,1.0,1.0,0.0,0.0,0.0,0.0,0.0,0.0,0.0,0.0,0.0,0.0,0.0,0.0,0.0,0.0,0.0,0.0,0.0,0.0,0.0,0.0,0.0,0.0,0.0,0.0,0.0,1.0,0.5,0.5,0.7071067811865476,0.5,1.0,0.0,0.0,0.0,0.0,0.0,0.0,0.0,0.0,1.0,0.5,0.5,0.7071067811865476,0.5,1.0,1.0,0.0,1.0,0.0,0.0,0.0,0.0,1.0,0.0,0.0,1.0,0.0,0.0,0.0,0.0,0.0,1.0,0.0,0.0,0.0,0.0,0.0,0.0,0.0
461,2047,Fire 3.8-W4,-3,6,2,6,1,3,0,0,2,6,1,3,0,0,1,3,3.0,0.0,2.0,0.0,3.0,1.3333333333333333,1.0,1.5275252316519468,2.3333333333333335,3.0,0.0,8.0,3.0,1.0,4.358898943540674,19.0,8.0,1.0,2.0,1.3333333333333333,1.0,0.5773502691896257,0.3333333333333333,1.0,0.0,8.0,2.6666666666666665,0.0,4.618802153517007,21.333333333333336,8.0,0.0,0.0,0.0,0.0,0.0,0.0,0.0,0.0,0.0,0.0,0.0,0.0,0.0,0.0,0.0,2.0,0.6666666666666666,0.0,1.1547005383792517,1.3333333333333335,2.0,0.0,1.0,0.3333333333333333,0.0,0.5773502691896258,0.33333333333333337,1.0,0.0,3.0,1.3333333333333333,1.0,1.5275252316519468,2.3333333333333335,3.0,0.0,0.0,3.0,0.0,0.0,0.0,0.0,0.0,0.0,0.0,3.0,0.0,0.0,1.0,0.0,0.0,0.0,0.0,0.0,0.0,0.0,0.0,0.0,0.0
461,2048,Enterprise 3.8-M4,-3,14,1,3,0,0,0,0,1,3,0,0,0,0,1,1,1.0,0.0,0.0,0.0,0.0,0.0,0.0,0.0,0.0,0.0,1.0,1.0,1.0,1.0,0.0,0.0,0.0,1.0,1.0,1.0,1.0,0.0,0.0,0.0,0.0,0.0,0.0,0.0,0.0,0.0,0.0,0.0,0.0,0.0,0.0,0.0,0.0,0.0,0.0,0.0,0.0,0.0,0.0,0.0,0.0,0.0,0.0,0.0,0.0,0.0,0.0,0.0,0.0,0.0,0.0,0.0,0.0,0.0,0.0,1.0,1.0,1.0,1.0,0.0,0.0,0.0,0.0,0.0,1.0,0.0,0.0,0.0,0.0,1.0,0.0,0.0,1.0,0.0,0.0,0.0,0.0,0.0,0.0,0.0,0.0,0.0,0.0,0.0,0.0,0.0
461,2089,Fire 3.9-W1,-3,5,1,3,0,0,0,0,1,3,0,0,0,0,1,2,2.0,0.0,2.0,1.0,10.0,5.5,5.5,6.363961030678928,40.5,9.0,0.0,1.0,0.5,0.5,0.7071067811865476,0.5,1.0,0.0,1.0,0.5,0.5,0.7071067811865476,0.5,1.0,0.0,1.0,0.5,0.5,0.7071067811865476,0.5,1.0,0.0,0.0,0.0,0.0,0.0,0.0,0.0,0.0,0.0,0.0,0.0,0.0,0.0,0.0,0.0,0.0,0.0,0.0,0.0,0.0,0.0,0.0,0.0,0.0,0.0,0.0,0.0,0.0,0.0,0.0,0.0,0.0,0.0,0.0,0.0,1.0,0.0,2.0,0.0,0.0,0.0,0.0,0.0,0.0,0.0,1.0,0.0,0.0,0.0,0.0,0.0,0.0,0.0,0.0,0.0,0.0,0.0,0.0,0.0
461,2093,Enterprise 3.9-M1,-12,7,5,15,0,0,0,0,2,6,2,6,1,3,1,2,5.0,0.0,0.0,0.0,1.0,0.2,0.0,0.44721359549995804,0.20000000000000007,1.0,0.0,2.0,0.8,1.0,0.8366600265340756,0.7000000000000001,2.0,0.0,1.0,0.6,1.0,0.5477225575051662,0.30000000000000004,1.0,0.0,4.0,1.2,1.0,1.6431676725154982,2.6999999999999993,4.0,0.0,0.0,0.0,0.0,0.0,0.0,0.0,0.0,0.0,0.0,0.0,0.0,0.0,0.0,0.0,1.0,0.2,0.0,0.447213595499958,0.20000000000000004,1.0,0.0,1.0,0.2,0.0,0.44721359549995804,0.20000000000000007,1.0,0.0,3.0,0.8,0.0,1.30384048104053,1.7000000000000006,3.0,1.0,0.0,5.0,0.0,0.0,0.0,0.0,2.0,0.0,2.0,4.0,0.0,0.0,0.0,0.0,0.0,0.0,0.0,0.0,0.0,0.0,0.0,0.0,0.0
461,2106,Fire 3.9-W2,-3,6,0,0,2,6,0,0,2,6,0,0,0,0,1,2,3.0,0.0,2.0,1.0,11.0,4.333333333333333,1.0,5.773502691896258,33.333333333333336,10.0,0.0,3.0,1.3333333333333333,1.0,1.5275252316519468,2.3333333333333335,3.0,0.0,1.0,0.6666666666666666,1.0,0.5773502691896258,0.33333333333333337,1.0,0.0,1.0,0.3333333333333333,0.0,0.5773502691896258,0.33333333333333337,1.0,0.0,0.0,0.0,0.0,0.0,0.0,0.0,0.0,0.0,0.0,0.0,0.0,0.0,0.0,0.0,0.0,0.0,0.0,0.0,0.0,0.0,0.0,0.0,0.0,0.0,0.0,0.0,0.0,0.0,4.0,1.3333333333333333,0.0,2.3094010767585034,5.333333333333334,4.0,1.0,0.0,3.0,0.0,0.0,0.0,0.0,1.0,0.0,0.0,2.0,0.0,0.0,0.0,0.0,0.0,0.0,0.0,0.0,0.0,0.0,0.0,0.0,0.0
461,2109,Enterprise 3.9-M2,-15,7,6,18,0,0,0,0,4,12,1,3,1,3,1,2,6.0,0.0,0.0,0.0,3.0,0.6666666666666666,0.0,1.2110601416389968,1.466666666666667,3.0,0.0,2.0,0.6666666666666666,0.5,0.8164965809277261,0.6666666666666669,2.0,0.0,1.0,0.6666666666666666,1.0,0.5163977794943223,0.2666666666666667,1.0,0.0,1.0,0.5,0.5,0.5477225575051661,0.3,1.0,0.0,0.0,0.0,0.0,0.0,0.0,0.0,0.0,0.0,0.0,0.0,0.0,0.0,0.0,0.0,1.0,0.16666666666666666,0.0,0.408248290463863,0.16666666666666669,1.0,0.0,0.0,0.0,0.0,0.0,0.0,0.0,0.0,2.0,0.5,0.0,0.8366600265340756,0.7,2.0,0.0,0.0,4.0,0.0,0.0,0.0,0.0,2.0,0.0,1.0,6.0,0.0,0.0,0.0,0.0,0.0,2.0,0.0,0.0,0.0,0.0,0.0,0.0,0.0
461,2132,Fire 3.9-W3,0,20,2,6,0,0,1,3,0,0,0,0,1,3,1,2,2.0,0.0,1.0,1.0,11.0,6.0,6.0,7.0710678118654755,50.0,10.0,1.0,3.0,2.0,2.0,1.4142135623730951,2.0,2.0,0.0,1.0,0.5,0.5,0.7071067811865476,0.5,1.0,0.0,1.0,0.5,0.5,0.7071067811865476,0.5,1.0,0.0,0.0,0.0,0.0,0.0,0.0,0.0,0.0,0.0,0.0,0.0,0.0,0.0,0.0,0.0,1.0,0.5,0.5,0.7071067811865476,0.5,1.0,0.0,0.0,0.0,0.0,0.0,0.0,0.0,0.0,4.0,2.0,2.0,2.8284271247461903,8.0,4.0,1.0,0.0,2.0,0.0,0.0,0.0,0.0,1.0,0.0,0.0,1.0,0.0,0.0,0.0,0.0,0.0,0.0,0.0,0.0,0.0,0.0,0.0,0.0,0.0
461,2137,Enterprise 3.9-M3,-6,7,5,15,0,0,0,0,4,12,1,3,0,0,1,2,5.0,0.0,0.0,0.0,3.0,0.8,0.0,1.3038404810405297,1.7000000000000002,3.0,0.0,2.0,0.6,0.0,0.8944271909999157,0.7999999999999998,2.0,0.0,1.0,0.6,1.0,0.5477225575051662,0.30000000000000004,1.0,0.0,1.0,0.4,0.0,0.5477225575051662,0.30000000000000004,1.0,0.0,0.0,0.0,0.0,0.0,0.0,0.0,0.0,0.0,0.0,0.0,0.0,0.0,0.0,0.0,1.0,0.2,0.0,0.447213595499958,0.20000000000000004,1.0,0.0,0.0,0.0,0.0,0.0,0.0,0.0,0.0,2.0,0.6,0.0,0.8944271909999159,0.7999999999999999,2.0,0.0,0.0,3.0,0.0,0.0,0.0,0.0,1.0,0.0,1.0,5.0,0.0,0.0,0.0,0.0,0.0,2.0,0.0,0.0,0.0,0.0,0.0,0.0,0.0
461,2149,Enterprise 3.9-M4,0,7,0,0,2,6,0,0,1,3,1,3,0,0,1,2,2.0,0.0,0.0,0.0,1.0,0.5,0.5,0.7071067811865476,0.5,1.0,0.0,2.0,1.0,1.0,1.4142135623730951,2.0,2.0,0.0,1.0,0.5,0.5,0.7071067811865476,0.5,1.0,0.0,1.0,0.5,0.5,0.7071067811865476,0.5,1.0,0.0,0.0,0.0,0.0,0.0,0.0,0.0,0.0,0.0,0.0,0.0,0.0,0.0,0.0,0.0,0.0,0.0,0.0,0.0,0.0,0.0,0.0,0.0,0.0,0.0,0.0,0.0,0.0,0.0,0.0,0.0,0.0,0.0,0.0,0.0,0.0,0.0,1.0,0.0,0.0,0.0,0.0,0.0,0.0,1.0,2.0,0.0,0.0,0.0,0.0,0.0,1.0,0.0,0.0,0.0,0.0,0.0,0.0,0.0
461,2186,Fire 3.10 DoB W1,-3,6,2,6,3,9,0,0,3,9,2,6,0,0,1,3,13.0,0.0,11.0,0.0,12.0,1.6153846153846154,0.0,3.4529808749943762,11.923076923076927,12.0,0.0,2.0,1.1538461538461537,1.0,0.898717034272917,0.8076923076923076,2.0,0.0,3.0,0.9230769230769231,1.0,0.7595545253127498,0.5769230769230768,3.0,0.0,3.0,0.6153846153846154,0.0,0.869718492622904,0.7564102564102564,3.0,0.0,0.0,0.0,0.0,0.0,0.0,0.0,0.0,0.0,0.0,0.0,0.0,0.0,0.0,0.0,3.0,0.23076923076923078,0.0,0.8320502943378437,0.6923076923076924,3.0,0.0,2.0,0.15384615384615385,0.0,0.5547001962252291,0.30769230769230776,2.0,0.0,4.0,1.0,0.0,1.35400640077266,1.8333333333333333,4.0,2.0,0.0,13.0,0.0,0.0,0.0,0.0,2.0,0.0,0.0,11.0,0.0,0.0,0.0,0.0,0.0,0.0,0.0,0.0,0.0,0.0,0.0,0.0,0.0
461,2218,Fire 3.10 DoB W2,-15,6,0,0,10,30,0,0,7,21,3,9,0,0,1,5,15.0,0.0,11.0,0.0,12.0,1.2,0.0,3.1667919774704854,10.028571428571427,12.0,0.0,3.0,1.4,1.0,0.9856107606091623,0.9714285714285715,3.0,0.0,1.0,0.6666666666666666,1.0,0.4879500364742666,0.2380952380952381,1.0,0.0,3.0,0.4666666666666667,0.0,0.833809387832792,0.6952380952380954,3.0,0.0,0.0,0.0,0.0,0.0,0.0,0.0,0.0,0.0,0.0,0.0,0.0,0.0,0.0,0.0,1.0,0.06666666666666667,0.0,0.25819888974716115,0.06666666666666668,1.0,0.0,2.0,0.4666666666666667,0.0,0.7432233529572065,0.5523809523809524,2.0,0.0,2.0,0.6666666666666666,0.0,0.816496580927726,0.6666666666666667,2.0,2.0,0.0,15.0,0.0,0.0,0.0,0.0,2.0,0.0,2.0,13.0,0.0,0.0,0.0,0.0,0.0,0.0,0.0,0.0,0.0,0.0,0.0,0.0,0.0
461,2235,Fire 3.10 DoB W3,-27,6,10,30,1,3,0,0,5,15,5,15,1,3,1,4,11.0,0.0,9.0,0.0,13.0,1.4545454545454546,0.0,3.8565175058240393,14.87272727272727,13.0,0.0,3.0,1.4545454545454546,1.0,1.0357254813546264,1.0727272727272728,3.0,0.0,1.0,0.7272727272727273,1.0,0.46709936649691375,0.21818181818181817,1.0,0.0,1.0,0.45454545454545453,0.0,0.5222329678670934,0.27272727272727265,1.0,0.0,0.0,0.0,0.0,0.0,0.0,0.0,0.0,0.0,0.0,0.0,0.0,0.0,0.0,0.0,1.0,0.18181818181818182,0.0,0.4045199174779452,0.16363636363636358,1.0,0.0,2.0,0.45454545454545453,0.0,0.6875516509523286,0.47272727272727266,2.0,0.0,2.0,0.7272727272727273,0.0,0.904534033733291,0.8181818181818183,2.0,2.0,0.0,11.0,0.0,0.0,0.0,0.0,2.0,0.0,0.0,9.0,0.0,0.0,0.0,0.0,0.0,0.0,0.0,0.0,0.0,0.0,0.0,0.0,0.0
461,2262,Fire 3.10 DoB W4,-9,7,5,15,3,9,0,0,1,3,4,12,3,9,1,4,8.0,0.0,5.0,0.0,5.0,1.125,1.0,1.6420805617960927,2.6964285714285716,5.0,0.0,3.0,1.25,1.0,1.0350983390135313,1.0714285714285714,3.0,0.0,1.0,0.875,1.0,0.3535533905932738,0.125,1.0,0.0,1.0,0.5,0.5,0.5345224838248488,0.2857142857142857,1.0,0.0,0.0,0.0,0.0,0.0,0.0,0.0,0.0,0.0,0.0,0.0,0.0,0.0,0.0,0.0,3.0,0.625,0.0,1.0606601717798212,1.125,3.0,0.0,1.0,0.375,0.0,0.5175491695067657,0.26785714285714285,1.0,0.0,2.0,0.625,0.5,0.7440238091428449,0.5535714285714286,2.0,2.0,0.0,8.0,0.0,0.0,0.0,0.0,2.0,1.0,0.0,6.0,0.0,0.0,0.0,0.0,0.0,0.0,0.0,0.0,0.0,0.0,0.0,0.0,0.0
461,2263,Enterprise 3.10-M4,0,7,0,0,0,0,0,0,0,0,0,0,0,0,1,1,1.0,0.0,0.0,0.0,0.0,0.0,0.0,0.0,0.0,0.0,3.0,3.0,3.0,3.0,0.0,0.0,0.0,1.0,1.0,1.0,1.0,0.0,0.0,0.0,0.0,0.0,0.0,0.0,0.0,0.0,0.0,0.0,0.0,0.0,0.0,0.0,0.0,0.0,0.0,0.0,0.0,0.0,0.0,0.0,0.0,0.0,0.0,0.0,0.0,0.0,0.0,0.0,0.0,0.0,0.0,0.0,0.0,0.0,0.0,0.0,0.0,0.0,0.0,0.0,0.0,0.0,0.0,0.0,1.0,0.0,0.0,0.0,0.0,1.0,0.0,0.0,1.0,0.0,0.0,0.0,0.0,0.0,0.0,0.0,0.0,0.0,0.0,0.0,0.0,0.0
461,2302,Stash Fire 3.11 W1,0,6,3,9,1,3,1,3,1,3,1,3,1,3,1,4,6.0,0.0,5.0,0.0,2.0,0.6666666666666666,0.5,0.816496580927726,0.6666666666666667,2.0,0.0,3.0,1.5,1.5,1.0488088481701516,1.1,3.0,0.0,2.0,1.0,1.0,0.6324555320336759,0.4,2.0,0.0,1.0,0.3333333333333333,0.0,0.5163977794943223,0.2666666666666667,1.0,0.0,0.0,0.0,0.0,0.0,0.0,0.0,0.0,0.0,0.0,0.0,0.0,0.0,0.0,0.0,1.0,0.16666666666666666,0.0,0.408248290463863,0.16666666666666669,1.0,0.0,1.0,0.5,0.5,0.5477225575051661,0.3,1.0,0.0,2.0,1.0,1.0,0.8944271909999159,0.8,2.0,0.0,0.0,6.0,0.0,0.0,0.0,0.0,1.0,0.0,0.0,6.0,0.0,0.0,0.0,0.0,0.0,0.0,0.0,0.0,0.0,0.0,0.0,0.0,0.0
461,2304,Stash Targaryens 3.11,-30,25,0,0,27,81,0,0,12,36,2,6,13,39,1,5,28.0,0.0,22.0,0.0,16.0,1.7142857142857142,1.0,3.0533180841096987,9.322751322751321,16.0,0.0,3.0,0.9642857142857143,1.0,0.7926581093427848,0.6283068783068783,3.0,0.0,1.0,0.6071428571428571,1.0,0.49734746139343805,0.24735449735449735,1.0,0.0,3.0,0.42857142857142855,0.0,0.7901510136288027,0.6243386243386243,3.0,0.0,0.0,0.0,0.0,0.0,0.0,0.0,0.0,0.0,0.0,0.0,0.0,0.0,0.0,0.0,3.0,0.42857142857142855,0.0,0.6900655593423544,0.47619047619047633,3.0,0.0,1.0,0.14285714285714285,0.0,0.35634832254989923,0.126984126984127,1.0,0.0,6.0,0.5714285714285714,0.0,1.259881576697424,1.587301587301587,6.0,12.0,0.0,28.0,0.0,0.0,0.0,0.0,3.0,3.0,0.0,16.0,0.0,0.0,0.0,0.0,0.0,0.0,0.0,0.0,0.0,0.0,0.0,0.0,0.0
461,2307,Enterprise 3.11-M1,9,7,0,0,2,6,0,0,2,6,0,0,0,0,1,1,6.0,0.0,1.0,0.0,0.0,0.0,0.0,0.0,0.0,0.0,1.0,3.0,1.5,1.0,0.8366600265340756,0.7,2.0,1.0,2.0,1.5,1.5,0.5477225575051661,0.3,1.0,0.0,2.0,0.8333333333333334,1.0,0.752772652709081,0.5666666666666667,2.0,0.0,0.0,0.0,0.0,0.0,0.0,0.0,0.0,0.0,0.0,0.0,0.0,0.0,0.0,0.0,0.0,0.0,0.0,0.0,0.0,0.0,0.0,2.0,0.3333333333333333,0.0,0.816496580927726,0.6666666666666667,2.0,0.0,1.0,0.16666666666666666,0.0,0.408248290463863,0.16666666666666669,1.0,4.0,0.0,6.0,0.0,0.0,0.0,0.0,4.0,0.0,1.0,2.0,0.0,0.0,0.0,0.0,0.0,0.0,0.0,0.0,0.0,0.0,0.0,0.0,0.0
461,2323,Stash Fire 3.11 W2,-3,7,2,6,0,0,0,0,1,3,0,0,1,3,1,3,2.0,0.0,2.0,0.0,0.0,0.0,0.0,0.0,0.0,0.0,1.0,2.0,1.5,1.5,0.7071067811865476,0.5,1.0,1.0,1.0,1.0,1.0,0.0,0.0,0.0,0.0,1.0,0.5,0.5,0.7071067811865476,0.5,1.0,0.0,0.0,0.0,0.0,0.0,0.0,0.0,0.0,0.0,0.0,0.0,0.0,0.0,0.0,0.0,1.0,0.5,0.5,0.7071067811865476,0.5,1.0,0.0,0.0,0.0,0.0,0.0,0.0,0.0,0.0,2.0,1.0,1.0,1.4142135623730951,2.0,2.0,0.0,0.0,2.0,0.0,0.0,0.0,0.0,0.0,0.0,0.0,2.0,0.0,0.0,0.0,0.0,0.0,0.0,0.0,0.0,0.0,0.0,0.0,0.0,0.0
461,2344,Enterprise 3.11-M3,0,7,0,0,0,0,0,0,0,0,0,0,0,0,1,1,1.0,0.0,1.0,0.0,0.0,0.0,0.0,0.0,0.0,0.0,2.0,2.0,2.0,2.0,0.0,0.0,0.0,2.0,2.0,2.0,2.0,0.0,0.0,0.0,0.0,0.0,0.0,0.0,0.0,0.0,0.0,0.0,0.0,0.0,0.0,0.0,0.0,0.0,0.0,0.0,0.0,0.0,0.0,0.0,0.0,0.0,0.0,0.0,0.0,0.0,0.0,0.0,0.0,0.0,0.0,0.0,0.0,0.0,0.0,0.0,0.0,0.0,0.0,0.0,0.0,0.0,1.0,0.0,1.0,0.0,0.0,0.0,0.0,0.0,0.0,0.0,0.0,0.0,0.0,0.0,0.0,0.0,0.0,0.0,0.0,0.0,0.0,0.0,0.0,0.0
461,2346,Stash Fire 3.11 W3,0,7,1,3,0,0,0,0,0,0,0,0,1,3,1,2,1.0,0.0,1.0,0.0,0.0,0.0,0.0,0.0,0.0,0.0,1.0,1.0,1.0,1.0,0.0,0.0,0.0,1.0,1.0,1.0,1.0,0.0,0.0,0.0,0.0,0.0,0.0,0.0,0.0,0.0,0.0,0.0,0.0,0.0,0.0,0.0,0.0,0.0,0.0,0.0,0.0,0.0,0.0,0.0,0.0,1.0,1.0,1.0,1.0,0.0,0.0,0.0,0.0,0.0,0.0,0.0,0.0,0.0,0.0,2.0,2.0,2.0,2.0,0.0,0.0,0.0,0.0,0.0,1.0,0.0,0.0,0.0,0.0,0.0,0.0,0.0,1.0,0.0,0.0,0.0,0.0,0.0,0.0,0.0,0.0,0.0,0.0,0.0,0.0,0.0
461,2367,Enterprise 3.11-M4,0,7,0,0,1,3,0,0,0,0,0,0,1,3,1,1,1.0,0.0,1.0,1.0,1.0,1.0,1.0,0.0,0.0,0.0,2.0,2.0,2.0,2.0,0.0,0.0,0.0,2.0,2.0,2.0,2.0,0.0,0.0,0.0,0.0,0.0,0.0,0.0,0.0,0.0,0.0,0.0,0.0,0.0,0.0,0.0,0.0,0.0,0.0,0.0,0.0,0.0,0.0,0.0,0.0,1.0,1.0,1.0,1.0,0.0,0.0,0.0,0.0,0.0,0.0,0.0,0.0,0.0,0.0,0.0,0.0,0.0,0.0,0.0,0.0,0.0,1.0,0.0,1.0,0.0,0.0,0.0,0.0,0.0,0.0,0.0,0.0,0.0,0.0,0.0,0.0,0.0,0.0,0.0,0.0,0.0,0.0,0.0,0.0,0.0
461,2387,Enterprise 3.11-M5,3,7,0,0,0,0,0,0,0,0,0,0,0,0,1,1,1.0,0.0,1.0,0.0,0.0,0.0,0.0,0.0,0.0,0.0,2.0,2.0,2.0,2.0,0.0,0.0,0.0,1.0,1.0,1.0,1.0,0.0,0.0,0.0,0.0,0.0,0.0,0.0,0.0,0.0,0.0,0.0,0.0,0.0,0.0,0.0,0.0,0.0,0.0,0.0,0.0,0.0,0.0,0.0,0.0,0.0,0.0,0.0,0.0,0.0,0.0,0.0,0.0,0.0,0.0,0.0,0.0,0.0,0.0,0.0,0.0,0.0,0.0,0.0,0.0,0.0,0.0,0.0,1.0,0.0,0.0,0.0,0.0,0.0,0.0,0.0,1.0,0.0,0.0,0.0,0.0,0.0,0.0,0.0,0.0,0.0,0.0,0.0,0.0,0.0
461,2422,Enterprise 3.12-M1,0,7,0,0,0,0,0,0,0,0,0,0,0,0,1,2,3.0,0.0,1.0,1.0,3.0,1.6666666666666667,1.0,1.1547005383792517,1.3333333333333335,2.0,0.0,2.0,1.0,1.0,1.0,1.0,2.0,1.0,1.0,1.0,1.0,0.0,0.0,0.0,0.0,2.0,0.6666666666666666,0.0,1.1547005383792517,1.3333333333333335,2.0,0.0,0.0,0.0,0.0,0.0,0.0,0.0,0.0,0.0,0.0,0.0,0.0,0.0,0.0,0.0,2.0,0.6666666666666666,0.0,1.1547005383792517,1.3333333333333335,2.0,0.0,0.0,0.0,0.0,0.0,0.0,0.0,3.0,8.0,5.666666666666667,6.0,2.516611478423583,6.333333333333333,5.0,0.0,0.0,3.0,0.0,0.0,0.0,0.0,0.0,0.0,1.0,3.0,0.0,0.0,0.0,0.0,0.0,0.0,0.0,0.0,0.0,0.0,0.0,0.0,0.0
461,2440,Enterprise 3.12-M2,-15,7,6,18,0,0,0,0,2,6,3,9,1,3,1,4,7.0,0.0,3.0,0.0,16.0,3.4285714285714284,2.0,5.652643713553946,31.952380952380945,16.0,0.0,2.0,0.7142857142857143,1.0,0.7559289460184544,0.5714285714285714,2.0,0.0,1.0,0.8571428571428571,1.0,0.37796447300922725,0.14285714285714288,1.0,0.0,2.0,0.42857142857142855,0.0,0.7867957924694431,0.619047619047619,2.0,0.0,0.0,0.0,0.0,0.0,0.0,0.0,0.0,0.0,0.0,0.0,0.0,0.0,0.0,0.0,3.0,0.42857142857142855,0.0,1.1338934190276817,1.2857142857142858,3.0,0.0,0.0,0.0,0.0,0.0,0.0,0.0,0.0,8.0,2.4285714285714284,0.0,3.3594217189442417,11.285714285714285,8.0,1.0,0.0,7.0,0.0,0.0,0.0,0.0,1.0,0.0,1.0,6.0,0.0,0.0,0.0,0.0,0.0,0.0,0.0,0.0,0.0,0.0,0.0,0.0,0.0
470,108,Sprint 7,0,7,0,0,0,0,0,0,0,0,0,0,0,0,1,1,1.0,0.0,1.0,3.0,3.0,3.0,3.0,0.0,0.0,0.0,4.0,4.0,4.0,4.0,0.0,0.0,0.0,1.0,1.0,1.0,1.0,0.0,0.0,0.0,1.0,1.0,1.0,1.0,0.0,0.0,0.0,0.0,0.0,0.0,0.0,0.0,0.0,0.0,0.0,0.0,0.0,0.0,0.0,0.0,0.0,0.0,0.0,0.0,0.0,0.0,0.0,0.0,0.0,0.0,0.0,0.0,0.0,0.0,0.0,0.0,0.0,0.0,0.0,0.0,0.0,0.0,0.0,0.0,1.0,0.0,0.0,0.0,0.0,0.0,0.0,0.0,1.0,0.0,0.0,0.0,0.0,0.0,0.0,0.0,0.0,0.0,0.0,0.0,0.0,0.0
470,120,4.2.13,-3,4,1,3,0,0,0,0,1,3,0,0,0,0,1,1,1.0,0.0,0.0,9.0,9.0,9.0,9.0,0.0,0.0,0.0,2.0,2.0,2.0,2.0,0.0,0.0,0.0,1.0,1.0,1.0,1.0,0.0,0.0,0.0,4.0,4.0,4.0,4.0,0.0,0.0,0.0,0.0,0.0,0.0,0.0,0.0,0.0,0.0,0.0,0.0,0.0,0.0,0.0,0.0,0.0,0.0,0.0,0.0,0.0,0.0,0.0,0.0,1.0,1.0,1.0,1.0,0.0,0.0,0.0,0.0,0.0,0.0,0.0,0.0,0.0,0.0,0.0,0.0,1.0,0.0,0.0,0.0,0.0,0.0,0.0,1.0,1.0,0.0,0.0,0.0,0.0,0.0,0.0,0.0,0.0,0.0,0.0,0.0,0.0,0.0
470,128,Sprint 8,0,6,0,0,0,0,0,0,0,0,0,0,0,0,1,1,0.0,0.0,0.0,0.0,0.0,0.0,0.0,0.0,0.0,0.0,0.0,0.0,0.0,0.0,0.0,0.0,0.0,0.0,0.0,0.0,0.0,0.0,0.0,0.0,0.0,0.0,0.0,0.0,0.0,0.0,0.0,0.0,0.0,0.0,0.0,0.0,0.0,0.0,0.0,0.0,0.0,0.0,0.0,0.0,0.0,0.0,0.0,0.0,0.0,0.0,0.0,0.0,0.0,0.0,0.0,0.0,0.0,0.0,0.0,0.0,0.0,0.0,0.0,0.0,0.0,0.0,0.0,0.0,0.0,0.0,0.0,0.0,0.0,0.0,0.0,0.0,0.0,0.0,0.0,0.0,0.0,0.0,0.0,0.0,0.0,0.0,0.0,0.0,0.0,0.0
470,131,Muppets Sprint 3,-3,7,1,3,0,0,0,0,0,0,1,3,0,0,1,1,1.0,0.0,0.0,11.0,11.0,11.0,11.0,0.0,0.0,0.0,2.0,2.0,2.0,2.0,0.0,0.0,0.0,1.0,1.0,1.0,1.0,0.0,0.0,0.0,4.0,4.0,4.0,4.0,0.0,0.0,0.0,0.0,0.0,0.0,0.0,0.0,0.0,0.0,0.0,0.0,0.0,0.0,0.0,0.0,0.0,0.0,0.0,0.0,0.0,0.0,0.0,0.0,1.0,1.0,1.0,1.0,0.0,0.0,0.0,0.0,0.0,0.0,0.0,0.0,0.0,0.0,0.0,0.0,1.0,0.0,0.0,0.0,0.0,0.0,0.0,1.0,1.0,0.0,0.0,0.0,0.0,0.0,0.0,0.0,0.0,0.0,0.0,0.0,0.0,0.0
470,136,Sprint 9,0,7,0,0,1,3,0,0,1,3,0,0,0,0,1,1,1.0,0.0,1.0,3.0,3.0,3.0,3.0,0.0,0.0,0.0,4.0,4.0,4.0,4.0,0.0,0.0,0.0,1.0,1.0,1.0,1.0,0.0,0.0,0.0,1.0,1.0,1.0,1.0,0.0,0.0,0.0,0.0,0.0,0.0,0.0,0.0,0.0,0.0,0.0,0.0,0.0,0.0,0.0,0.0,0.0,1.0,1.0,1.0,1.0,0.0,0.0,0.0,0.0,0.0,0.0,0.0,0.0,0.0,0.0,0.0,0.0,0.0,0.0,0.0,0.0,0.0,0.0,0.0,1.0,0.0,0.0,0.0,0.0,0.0,0.0,0.0,1.0,0.0,0.0,0.0,0.0,0.0,0.0,0.0,0.0,0.0,0.0,0.0,0.0,0.0
470,143,Muppets Sprint 4,-3,4,2,6,0,0,0,0,2,6,0,0,0,0,1,3,2.0,0.0,0.0,12.0,16.0,14.0,14.0,2.8284271247461903,8.0,4.0,1.0,2.0,1.5,1.5,0.7071067811865476,0.5,1.0,1.0,1.0,1.0,1.0,0.0,0.0,0.0,4.0,4.0,4.0,4.0,0.0,0.0,0.0,0.0,0.0,0.0,0.0,0.0,0.0,0.0,0.0,0.0,0.0,0.0,0.0,0.0,0.0,0.0,5.0,2.5,2.5,3.5355339059327378,12.5,5.0,0.0,1.0,0.5,0.5,0.7071067811865476,0.5,1.0,0.0,3.0,1.5,1.5,2.1213203435596424,4.5,3.0,0.0,0.0,2.0,0.0,0.0,0.0,0.0,1.0,0.0,1.0,2.0,0.0,0.0,0.0,0.0,0.0,0.0,0.0,0.0,0.0,0.0,0.0,0.0,0.0
470,162,Muppets Sprint 3,0,0,0,0,0,0,0,0,0,0,0,0,0,0,1,1,2.0,2.0,0.0,1.0,1.0,1.0,1.0,0.0,0.0,0.0,0.0,0.0,0.0,0.0,0.0,0.0,0.0,0.0,1.0,0.5,0.5,0.7071067811865476,0.5,1.0,0.0,1.0,0.5,0.5,0.7071067811865476,0.5,1.0,0.0,0.0,0.0,0.0,0.0,0.0,0.0,0.0,0.0,0.0,0.0,0.0,0.0,0.0,0.0,1.0,0.5,0.5,0.7071067811865476,0.5,1.0,0.0,0.0,0.0,0.0,0.0,0.0,0.0,0.0,0.0,0.0,0.0,0.0,0.0,0.0,1.0,0.0,0.0,0.0,0.0,0.0,0.0,0.0,0.0,0.0,1.0,0.0,0.0,2.0,0.0,0.0,0.0,0.0,0.0,0.0,0.0,0.0,0.0,0.0
470,163,Muppets Sprint 4,-3,4,0,0,2,6,0,0,2,6,0,0,0,0,1,3,4.0,2.0,0.0,1.0,37.0,13.75,8.5,17.03672503740082,290.25,36.0,0.0,2.0,0.5,0.0,1.0,1.0,2.0,0.0,2.0,1.0,1.0,0.816496580927726,0.6666666666666666,2.0,0.0,17.0,5.5,2.5,7.852812659593164,61.666666666666664,17.0,0.0,0.0,0.0,0.0,0.0,0.0,0.0,0.0,0.0,0.0,0.0,0.0,0.0,0.0,0.0,1.0,0.5,0.5,0.5773502691896257,0.3333333333333333,1.0,0.0,1.0,0.25,0.0,0.5,0.25,1.0,0.0,4.0,1.0,0.0,2.0,4.0,4.0,2.0,0.0,1.0,0.0,0.0,0.0,1.0,0.0,0.0,1.0,2.0,0.0,0.0,2.0,0.0,0.0,0.0,0.0,0.0,0.0,0.0,0.0,0.0,0.0
470,393,5.0.x Sprint 1,-6,14,1,3,1,3,0,0,2,6,0,0,0,0,1,1,5.0,2.0,3.0,0.0,5.0,1.2,0.0,2.16794833886788,4.7,5.0,0.0,2.0,0.6,0.0,0.8944271909999159,0.7999999999999999,2.0,0.0,2.0,1.0,1.0,0.7071067811865476,0.5,2.0,0.0,3.0,1.0,1.0,1.224744871391589,1.5,3.0,0.0,0.0,0.0,0.0,0.0,0.0,0.0,0.0,0.0,0.0,0.0,0.0,0.0,0.0,0.0,0.0,0.0,0.0,0.0,0.0,0.0,0.0,0.0,0.0,0.0,0.0,0.0,0.0,0.0,2.0,0.6,0.0,0.8944271909999157,0.7999999999999998,2.0,2.0,0.0,1.0,2.0,0.0,0.0,0.0,0.0,0.0,0.0,3.0,0.0,0.0,0.0,0.0,0.0,0.0,0.0,0.0,0.0,0.0,0.0,0.0,0.0
470,412,5.0.x Sprint 2,-9,14,3,9,0,0,0,0,3,9,0,0,0,0,1,2,5.0,2.0,3.0,0.0,5.0,1.2,0.0,2.16794833886788,4.7,5.0,0.0,2.0,0.6,0.0,0.8944271909999159,0.7999999999999999,2.0,0.0,2.0,1.0,1.0,0.7071067811865476,0.5,2.0,0.0,3.0,1.0,1.0,1.224744871391589,1.5,3.0,0.0,0.0,0.0,0.0,0.0,0.0,0.0,0.0,0.0,0.0,0.0,0.0,0.0,0.0,0.0,0.0,0.0,0.0,0.0,0.0,0.0,0.0,0.0,0.0,0.0,0.0,0.0,0.0,0.0,4.0,1.4,1.0,1.6733200530681511,2.8,4.0,2.0,0.0,1.0,2.0,0.0,0.0,0.0,0.0,0.0,0.0,3.0,0.0,0.0,0.0,0.0,0.0,0.0,0.0,0.0,0.0,0.0,0.0,0.0,0.0
470,431,5.1.x Sprint 1,-9,14,6,18,1,3,4,12,3,9,0,0,0,0,1,3,7.0,0.0,4.0,0.0,8.0,2.7142857142857144,2.0,2.9277002188455996,8.571428571428571,8.0,0.0,2.0,1.0,1.0,0.816496580927726,0.6666666666666666,2.0,0.0,2.0,1.2857142857142858,1.0,0.7559289460184545,0.5714285714285715,2.0,1.0,5.0,2.142857142857143,1.0,1.5735915849388862,2.476190476190476,4.0,0.0,0.0,0.0,0.0,0.0,0.0,0.0,0.0,0.0,0.0,0.0,0.0,0.0,0.0,0.0,2.0,0.2857142857142857,0.0,0.7559289460184546,0.5714285714285716,2.0,0.0,0.0,0.0,0.0,0.0,0.0,0.0,0.0,4.0,2.142857142857143,2.0,1.5735915849388862,2.476190476190476,4.0,0.0,0.0,4.0,3.0,0.0,0.0,0.0,0.0,0.0,0.0,7.0,0.0,0.0,0.0,0.0,0.0,0.0,0.0,0.0,0.0,0.0,0.0,0.0,0.0
470,449,5.1.x Sprint 2,-9,14,6,18,2,6,0,0,4,12,2,6,2,6,1,4,17.0,9.0,8.0,0.0,10.0,1.2352941176470589,0.0,2.6107808162670865,6.816176470588235,10.0,0.0,3.0,1.1764705882352942,1.0,0.7276068751089989,0.5294117647058824,3.0,0.0,2.0,1.3529411764705883,1.0,0.701888209634219,0.4926470588235295,2.0,0.0,3.0,0.8235294117647058,0.0,1.1311108542958477,1.2794117647058825,3.0,0.0,0.0,0.0,0.0,0.0,0.0,0.0,0.0,0.0,0.0,0.0,0.0,0.0,0.0,0.0,3.0,0.35294117647058826,0.0,0.7859052479933757,0.6176470588235293,3.0,0.0,1.0,0.11764705882352941,0.0,0.3321055820775357,0.11029411764705882,1.0,0.0,4.0,1.6470588235294117,2.0,1.0571882797418488,1.1176470588235297,4.0,7.0,0.0,5.0,3.0,0.0,0.0,0.0,4.0,0.0,0.0,10.0,0.0,0.0,2.0,0.0,0.0,0.0,0.0,0.0,0.0,0.0,0.0,0.0,0.0
470,478,5.1.x Sprint 3,-9,14,3,9,4,12,0,0,5,15,2,6,0,0,1,4,16.0,9.0,9.0,0.0,3.0,0.6875,0.0,1.0144785195688801,1.0291666666666666,3.0,1.0,3.0,1.25,1.0,0.5773502691896257,0.3333333333333333,2.0,0.0,2.0,1.375,1.0,0.6191391873668903,0.38333333333333336,2.0,0.0,5.0,0.875,0.0,1.408308678285174,1.9833333333333334,5.0,0.0,0.0,0.0,0.0,0.0,0.0,0.0,0.0,0.0,0.0,0.0,0.0,0.0,0.0,0.0,1.0,0.125,0.0,0.3415650255319866,0.11666666666666667,1.0,0.0,1.0,0.125,0.0,0.3415650255319866,0.11666666666666667,1.0,0.0,6.0,2.0625,2.0,1.526160760426852,2.3291666666666666,6.0,7.0,0.0,7.0,0.0,0.0,0.0,0.0,5.0,0.0,0.0,9.0,0.0,0.0,2.0,0.0,0.0,0.0,0.0,0.0,0.0,0.0,0.0,0.0,0.0
470,500,5.1.x Sprint 4,-3,14,3,9,0,0,2,6,1,3,0,0,0,0,1,4,12.0,9.0,8.0,0.0,3.0,0.5,0.0,1.0,1.0,3.0,1.0,2.0,1.0833333333333333,1.0,0.28867513459481287,0.08333333333333333,1.0,0.0,2.0,1.5,2.0,0.674199862463242,0.45454545454545453,2.0,0.0,5.0,0.5833333333333334,0.0,1.4433756729740645,2.0833333333333335,5.0,0.0,0.0,0.0,0.0,0.0,0.0,0.0,0.0,0.0,0.0,0.0,0.0,0.0,0.0,0.0,1.0,0.16666666666666666,0.0,0.38924947208076144,0.1515151515151515,1.0,0.0,1.0,0.16666666666666666,0.0,0.38924947208076155,0.15151515151515155,1.0,1.0,3.0,2.0,2.0,0.6030226891555273,0.36363636363636365,2.0,7.0,0.0,3.0,0.0,0.0,0.0,0.0,2.0,0.0,0.0,5.0,0.0,0.0,2.0,0.0,0.0,0.0,0.0,0.0,0.0,0.0,0.0,0.0,0.0
470,523,5.1.x Sprint 5,0,14,1,3,2,6,0,0,0,0,2,6,1,3,1,4,12.0,9.0,8.0,0.0,4.0,0.6666666666666666,0.0,1.3706888336846839,1.8787878787878791,4.0,1.0,2.0,1.0833333333333333,1.0,0.28867513459481287,0.08333333333333333,1.0,0.0,2.0,1.5,2.0,0.674199862463242,0.45454545454545453,2.0,0.0,5.0,0.5833333333333334,0.0,1.4433756729740645,2.0833333333333335,5.0,0.0,0.0,0.0,0.0,0.0,0.0,0.0,0.0,0.0,0.0,0.0,0.0,0.0,0.0,0.0,2.0,1.25,1.5,0.8660254037844386,0.75,2.0,0.0,1.0,0.16666666666666666,0.0,0.38924947208076155,0.15151515151515155,1.0,1.0,3.0,2.0833333333333335,2.0,0.6685579234215215,0.446969696969697,2.0,7.0,0.0,3.0,0.0,0.0,0.0,0.0,2.0,0.0,0.0,5.0,0.0,0.0,2.0,0.0,0.0,0.0,0.0,0.0,0.0,0.0,0.0,0.0,0.0
495,515,Sprint 30 - 6.2.2,0,11,0,0,0,0,0,0,0,0,0,0,0,0,1,1,43.0,42.0,25.0,0.0,0.0,0.0,0.0,0.0,0.0,0.0,0.0,1.0,0.11627906976744186,0.0,0.32435300622428814,0.1052048726467331,1.0,0.0,1.0,0.6744186046511628,1.0,0.4741373235154427,0.22480620155038758,1.0,0.0,0.0,0.0,0.0,0.0,0.0,0.0,0.0,0.0,0.0,0.0,0.0,0.0,0.0,0.0,0.0,0.0,0.0,0.0,0.0,0.0,0.0,0.0,0.0,0.0,0.0,0.0,0.0,0.0,0.0,0.0,0.0,0.0,0.0,0.0,0.0,0.0,0.0,0.0,0.0,0.0,0.0,38.0,0.0,1.0,0.0,0.0,0.0,0.0,4.0,1.0,6.0,5.0,0.0,0.0,7.0,0.0,0.0,0.0,0.0,0.0,0.0,0.0,0.0,0.0,0.0
495,909,Sprint 29,-3,43,0,0,1,3,0,0,1,3,0,0,0,0,1,1,1.0,0.0,1.0,0.0,0.0,0.0,0.0,0.0,0.0,0.0,0.0,0.0,0.0,0.0,0.0,0.0,0.0,0.0,0.0,0.0,0.0,0.0,0.0,0.0,0.0,0.0,0.0,0.0,0.0,0.0,0.0,0.0,0.0,0.0,0.0,0.0,0.0,0.0,0.0,0.0,0.0,0.0,0.0,0.0,0.0,1.0,1.0,1.0,1.0,0.0,0.0,0.0,0.0,0.0,0.0,0.0,0.0,0.0,0.0,1.0,1.0,1.0,1.0,0.0,0.0,0.0,0.0,0.0,1.0,0.0,0.0,0.0,0.0,0.0,0.0,0.0,1.0,0.0,0.0,0.0,0.0,0.0,0.0,0.0,0.0,0.0,0.0,0.0,0.0,0.0
495,1029,Galaxy - Sprint 14,0,14,0,0,0,0,0,0,0,0,0,0,0,0,1,1,1.0,0.0,0.0,1.0,1.0,1.0,1.0,0.0,0.0,0.0,1.0,1.0,1.0,1.0,0.0,0.0,0.0,1.0,1.0,1.0,1.0,0.0,0.0,0.0,2.0,2.0,2.0,2.0,0.0,0.0,0.0,0.0,0.0,0.0,0.0,0.0,0.0,0.0,0.0,0.0,0.0,0.0,0.0,0.0,0.0,0.0,0.0,0.0,0.0,0.0,0.0,0.0,1.0,1.0,1.0,1.0,0.0,0.0,0.0,3.0,3.0,3.0,3.0,0.0,0.0,0.0,0.0,0.0,1.0,0.0,0.0,0.0,0.0,1.0,0.0,0.0,1.0,0.0,0.0,0.0,0.0,0.0,0.0,0.0,0.0,0.0,0.0,0.0,0.0,0.0
495,1437,Sprint 1,-21,14,0,0,7,21,0,0,7,21,0,0,0,0,1,1,8.0,1.0,7.0,0.0,2.0,0.875,0.5,0.9910312089651149,0.9821428571428571,2.0,1.0,7.0,2.25,1.5,2.052872551885702,4.214285714285714,6.0,0.0,1.0,0.125,0.0,0.3535533905932738,0.125,1.0,0.0,2.0,0.375,0.0,0.7440238091428449,0.5535714285714286,2.0,0.0,0.0,0.0,0.0,0.0,0.0,0.0,0.0,0.0,0.0,0.0,0.0,0.0,0.0,0.0,2.0,0.25,0.0,0.7071067811865476,0.5,2.0,0.0,0.0,0.0,0.0,0.0,0.0,0.0,0.0,2.0,0.625,0.0,0.9161253813129043,0.8392857142857143,2.0,3.0,0.0,7.0,0.0,0.0,0.0,0.0,1.0,0.0,0.0,5.0,0.0,0.0,0.0,0.0,0.0,0.0,0.0,0.0,0.0,0.0,0.0,0.0,0.0
495,1438,Sprint 2,-9,14,0,0,3,9,0,0,3,9,0,0,0,0,1,2,3.0,0.0,1.0,0.0,3.0,1.6666666666666667,2.0,1.5275252316519465,2.333333333333333,3.0,1.0,1.0,1.0,1.0,0.0,0.0,0.0,0.0,0.0,0.0,0.0,0.0,0.0,0.0,0.0,0.0,0.0,0.0,0.0,0.0,0.0,0.0,0.0,0.0,0.0,0.0,0.0,0.0,0.0,0.0,0.0,0.0,0.0,0.0,0.0,0.0,0.0,0.0,0.0,0.0,0.0,0.0,0.0,0.0,0.0,0.0,0.0,0.0,0.0,0.0,0.0,0.0,0.0,0.0,0.0,0.0,2.0,0.0,2.0,0.0,0.0,0.0,0.0,1.0,0.0,0.0,1.0,0.0,0.0,0.0,0.0,0.0,1.0,0.0,0.0,0.0,0.0,0.0,0.0,0.0
495,1815,Toothless,-8,9,0,0,3,13,2,5,1,8,0,0,0,0,1,5,3.0,0.0,3.0,1.0,9.0,3.6666666666666665,1.0,4.618802153517007,21.333333333333336,8.0,0.0,3.0,1.6666666666666667,2.0,1.5275252316519468,2.3333333333333335,3.0,2.0,2.0,2.0,2.0,0.0,0.0,0.0,0.0,2.0,1.3333333333333333,2.0,1.1547005383792517,1.3333333333333335,2.0,0.0,0.0,0.0,0.0,0.0,0.0,0.0,0.0,0.0,0.0,0.0,0.0,0.0,0.0,0.0,0.0,0.0,0.0,0.0,0.0,0.0,0.0,2.0,0.6666666666666666,0.0,1.1547005383792517,1.3333333333333335,2.0,0.0,13.0,5.666666666666667,4.0,6.6583281184793925,44.33333333333333,13.0,0.0,0.0,3.0,0.0,0.0,0.0,0.0,0.0,0.0,0.0,3.0,0.0,0.0,0.0,0.0,0.0,0.0,0.0,0.0,0.0,0.0,0.0,0.0,0.0
495,1833,Dragonfly,-8,10,1,8,2,8,2,8,0,0,1,8,0,0,1,5,4.0,0.0,1.0,0.0,9.0,3.75,3.0,3.774917217635375,14.25,9.0,0.0,2.0,0.75,0.5,0.9574271077563381,0.9166666666666666,2.0,1.0,2.0,1.5,1.5,0.5773502691896257,0.3333333333333333,1.0,0.0,2.0,0.5,0.0,1.0,1.0,2.0,0.0,0.0,0.0,0.0,0.0,0.0,0.0,0.0,0.0,0.0,0.0,0.0,0.0,0.0,0.0,0.0,0.0,0.0,0.0,0.0,0.0,0.0,2.0,1.0,1.0,0.816496580927726,0.6666666666666666,2.0,0.0,13.0,4.5,2.5,5.802298395176403,33.666666666666664,13.0,0.0,0.0,3.0,0.0,0.0,0.0,0.0,2.0,0.0,0.0,4.0,0.0,0.0,0.0,0.0,0.0,1.0,0.0,0.0,0.0,0.0,0.0,0.0,0.0
495,1839,JIRA Integration - 6,0,7,0,0,0,0,0,0,0,0,0,0,0,0,1,1,0.0,0.0,0.0,0.0,0.0,0.0,0.0,0.0,0.0,0.0,0.0,0.0,0.0,0.0,0.0,0.0,0.0,0.0,0.0,0.0,0.0,0.0,0.0,0.0,0.0,0.0,0.0,0.0,0.0,0.0,0.0,0.0,0.0,0.0,0.0,0.0,0.0,0.0,0.0,0.0,0.0,0.0,0.0,0.0,0.0,0.0,0.0,0.0,0.0,0.0,0.0,0.0,0.0,0.0,0.0,0.0,0.0,0.0,0.0,0.0,0.0,0.0,0.0,0.0,0.0,0.0,0.0,0.0,0.0,0.0,0.0,0.0,0.0,0.0,0.0,0.0,0.0,0.0,0.0,0.0,0.0,0.0,0.0,0.0,0.0,0.0,0.0,0.0,0.0,0.0
495,1862,JIRA Integration - 7,3,7,0,0,0,0,0,0,0,0,0,0,0,0,1,1,1.0,0.0,1.0,0.0,0.0,0.0,0.0,0.0,0.0,0.0,0.0,0.0,0.0,0.0,0.0,0.0,0.0,0.0,0.0,0.0,0.0,0.0,0.0,0.0,0.0,0.0,0.0,0.0,0.0,0.0,0.0,0.0,0.0,0.0,0.0,0.0,0.0,0.0,0.0,0.0,0.0,0.0,0.0,0.0,0.0,0.0,0.0,0.0,0.0,0.0,0.0,0.0,0.0,0.0,0.0,0.0,0.0,0.0,0.0,0.0,0.0,0.0,0.0,0.0,0.0,0.0,0.0,0.0,1.0,0.0,0.0,0.0,0.0,0.0,0.0,0.0,1.0,0.0,0.0,0.0,0.0,0.0,0.0,0.0,0.0,0.0,0.0,0.0,0.0,0.0
495,1876,Dragonfly 2,-10,11,2,11,2,5,2,6,2,10,0,0,0,0,1,4,4.0,0.0,1.0,0.0,11.0,4.5,3.5,4.795831523312719,23.0,11.0,0.0,10.0,3.25,1.5,4.716990566028302,22.25,10.0,0.0,2.0,1.0,1.0,0.816496580927726,0.6666666666666666,2.0,0.0,6.0,2.25,1.5,2.6299556396765835,6.916666666666667,6.0,0.0,0.0,0.0,0.0,0.0,0.0,0.0,0.0,0.0,0.0,0.0,0.0,0.0,0.0,0.0,0.0,0.0,0.0,0.0,0.0,0.0,0.0,1.0,0.25,0.0,0.5,0.25,1.0,0.0,7.0,2.0,0.5,3.366501646120693,11.333333333333334,7.0,2.0,0.0,3.0,0.0,0.0,0.0,0.0,1.0,0.0,1.0,2.0,0.0,0.0,0.0,0.0,0.0,1.0,0.0,0.0,0.0,0.0,0.0,0.0,0.0
495,1917,Dragonfly 3,-8,11,1,8,10,37,7,31,4,14,0,0,0,0,1,9,11.0,0.0,9.0,0.0,19.0,4.7272727272727275,3.0,5.515268064036582,30.418181818181825,19.0,0.0,3.0,1.1818181818181819,1.0,1.1677484162422844,1.3636363636363638,3.0,0.0,2.0,1.5454545454545454,2.0,0.6875516509523286,0.47272727272727266,2.0,0.0,5.0,0.8181818181818182,0.0,1.5374122295716146,2.3636363636363633,5.0,0.0,0.0,0.0,0.0,0.0,0.0,0.0,0.0,0.0,0.0,0.0,0.0,0.0,0.0,0.0,1.0,0.09090909090909091,0.0,0.3015113445777636,0.09090909090909088,1.0,0.0,3.0,0.6363636363636364,0.0,1.0269106361049412,1.0545454545454547,3.0,0.0,13.0,2.1818181818181817,1.0,4.118693526306171,16.96363636363636,13.0,3.0,0.0,11.0,0.0,0.0,0.0,0.0,0.0,1.0,1.0,8.0,0.0,0.0,0.0,0.0,0.0,0.0,0.0,0.0,0.0,0.0,0.0,0.0,0.0
495,1975,Dragonfly 4,0,9,0,0,0,0,0,0,0,0,0,0,0,0,1,4,4.0,0.0,2.0,0.0,4.0,2.0,2.0,1.632993161855452,2.6666666666666665,4.0,0.0,3.0,1.5,1.5,1.2909944487358056,1.6666666666666667,3.0,1.0,2.0,1.75,2.0,0.5,0.25,1.0,0.0,2.0,0.75,0.5,0.9574271077563381,0.9166666666666666,2.0,0.0,0.0,0.0,0.0,0.0,0.0,0.0,0.0,0.0,0.0,0.0,0.0,0.0,0.0,0.0,2.0,0.5,0.0,1.0,1.0,2.0,0.0,1.0,0.5,0.5,0.5773502691896257,0.3333333333333333,1.0,0.0,4.0,1.5,1.0,1.9148542155126762,3.6666666666666665,4.0,1.0,0.0,4.0,0.0,0.0,0.0,0.0,1.0,0.0,1.0,3.0,0.0,0.0,0.0,0.0,0.0,0.0,0.0,0.0,0.0,0.0,0.0,0.0,0.0
495,2037,everest -16,0,7,0,0,0,0,0,0,0,0,0,0,0,0,1,1,0.0,0.0,0.0,0.0,0.0,0.0,0.0,0.0,0.0,0.0,0.0,0.0,0.0,0.0,0.0,0.0,0.0,0.0,0.0,0.0,0.0,0.0,0.0,0.0,0.0,0.0,0.0,0.0,0.0,0.0,0.0,0.0,0.0,0.0,0.0,0.0,0.0,0.0,0.0,0.0,0.0,0.0,0.0,0.0,0.0,0.0,0.0,0.0,0.0,0.0,0.0,0.0,0.0,0.0,0.0,0.0,0.0,0.0,0.0,0.0,0.0,0.0,0.0,0.0,0.0,0.0,0.0,0.0,0.0,0.0,0.0,0.0,0.0,0.0,0.0,0.0,0.0,0.0,0.0,0.0,0.0,0.0,0.0,0.0,0.0,0.0,0.0,0.0,0.0,0.0
495,2054,Innovation of Smaug - 17,5,7,0,0,0,0,0,0,0,0,0,0,0,0,1,2,1.0,0.0,1.0,1.0,1.0,1.0,1.0,0.0,0.0,0.0,0.0,0.0,0.0,0.0,0.0,0.0,0.0,0.0,0.0,0.0,0.0,0.0,0.0,0.0,0.0,0.0,0.0,0.0,0.0,0.0,0.0,0.0,0.0,0.0,0.0,0.0,0.0,0.0,0.0,0.0,0.0,0.0,0.0,0.0,0.0,0.0,0.0,0.0,0.0,0.0,0.0,0.0,0.0,0.0,0.0,0.0,0.0,0.0,0.0,1.0,1.0,1.0,1.0,0.0,0.0,0.0,1.0,0.0,1.0,0.0,0.0,0.0,0.0,0.0,0.0,0.0,0.0,0.0,0.0,0.0,0.0,0.0,0.0,0.0,0.0,0.0,0.0,0.0,0.0,0.0
505,206,Editor Sprint 4,-9,14,0,0,3,9,0,0,3,9,0,0,0,0,1,3,7.0,4.0,4.0,0.0,2.0,0.7142857142857143,0.0,0.9511897312113418,0.9047619047619047,2.0,0.0,2.0,0.7142857142857143,1.0,0.7559289460184544,0.5714285714285714,2.0,0.0,0.0,0.0,0.0,0.0,0.0,0.0,0.0,2.0,0.7142857142857143,0.0,0.9511897312113419,0.9047619047619048,2.0,0.0,0.0,0.0,0.0,0.0,0.0,0.0,0.0,0.0,0.0,0.0,0.0,0.0,0.0,1.0,6.0,4.428571428571429,5.0,1.618347187425374,2.619047619047619,5.0,0.0,0.0,0.0,0.0,0.0,0.0,0.0,0.0,20.0,3.0,0.0,7.505553499465135,56.333333333333336,20.0,0.0,0.0,3.0,0.0,0.0,0.0,0.0,3.0,0.0,0.0,7.0,0.0,0.0,0.0,0.0,0.0,0.0,0.0,0.0,0.0,0.0,0.0,0.0,0.0
505,255,Editor Sprint 5,-9,14,3,9,0,0,0,0,3,9,0,0,0,0,1,3,7.0,4.0,4.0,0.0,3.0,0.8571428571428571,0.0,1.2149857925879117,1.4761904761904763,3.0,0.0,2.0,0.7142857142857143,1.0,0.7559289460184544,0.5714285714285714,2.0,0.0,0.0,0.0,0.0,0.0,0.0,0.0,0.0,2.0,0.7142857142857143,0.0,0.9511897312113419,0.9047619047619048,2.0,0.0,0.0,0.0,0.0,0.0,0.0,0.0,0.0,0.0,0.0,0.0,0.0,0.0,0.0,1.0,6.0,4.428571428571429,5.0,1.618347187425374,2.619047619047619,5.0,0.0,0.0,0.0,0.0,0.0,0.0,0.0,0.0,20.0,3.0,0.0,7.505553499465135,56.333333333333336,20.0,0.0,0.0,3.0,0.0,0.0,0.0,0.0,3.0,0.0,0.0,7.0,0.0,0.0,0.0,0.0,0.0,0.0,0.0,0.0,0.0,0.0,0.0,0.0,0.0
505,269,Editor Sprint 6,-3,18,1,3,0,0,0,0,1,3,0,0,0,0,1,1,1.0,0.0,1.0,1.0,1.0,1.0,1.0,0.0,0.0,0.0,1.0,1.0,1.0,1.0,0.0,0.0,0.0,0.0,0.0,0.0,0.0,0.0,0.0,0.0,3.0,3.0,3.0,3.0,0.0,0.0,0.0,0.0,0.0,0.0,0.0,0.0,0.0,0.0,0.0,0.0,0.0,0.0,0.0,0.0,0.0,0.0,0.0,0.0,0.0,0.0,0.0,0.0,0.0,0.0,0.0,0.0,0.0,0.0,0.0,2.0,2.0,2.0,2.0,0.0,0.0,0.0,1.0,0.0,1.0,0.0,0.0,0.0,0.0,0.0,0.0,0.0,0.0,0.0,0.0,0.0,0.0,0.0,0.0,0.0,0.0,0.0,0.0,0.0,0.0,0.0
505,789,Galaxy - Sprint 6,0,13,0,0,0,0,0,0,0,0,0,0,0,0,1,1,2.0,0.0,0.0,1.0,2.0,1.5,1.5,0.7071067811865476,0.5,1.0,1.0,2.0,1.5,1.5,0.7071067811865476,0.5,1.0,1.0,2.0,1.5,1.5,0.7071067811865476,0.5,1.0,0.0,1.0,0.5,0.5,0.7071067811865476,0.5,1.0,0.0,0.0,0.0,0.0,0.0,0.0,0.0,0.0,0.0,0.0,0.0,0.0,0.0,0.0,0.0,0.0,0.0,0.0,0.0,0.0,0.0,0.0,1.0,0.5,0.5,0.7071067811865476,0.5,1.0,0.0,1.0,0.5,0.5,0.7071067811865476,0.5,1.0,0.0,0.0,1.0,0.0,0.0,1.0,0.0,2.0,0.0,0.0,2.0,0.0,0.0,0.0,0.0,0.0,0.0,0.0,0.0,0.0,0.0,0.0,0.0,0.0
505,812,Galaxy - Sprint 7,0,13,2,2,0,0,0,0,0,0,0,0,2,2,1,4,4.0,0.0,1.0,0.0,2.0,0.75,0.5,0.9574271077563381,0.9166666666666666,2.0,0.0,2.0,0.75,0.5,0.9574271077563381,0.9166666666666666,2.0,1.0,2.0,1.75,2.0,0.5,0.25,1.0,0.0,2.0,0.75,0.5,0.9574271077563381,0.9166666666666666,2.0,0.0,0.0,0.0,0.0,0.0,0.0,0.0,0.0,0.0,0.0,0.0,0.0,0.0,0.0,0.0,1.0,0.25,0.0,0.5,0.25,1.0,0.0,1.0,0.5,0.5,0.5773502691896257,0.3333333333333333,1.0,0.0,1.0,0.5,0.5,0.5773502691896257,0.3333333333333333,1.0,0.0,0.0,3.0,0.0,0.0,1.0,0.0,3.0,0.0,0.0,4.0,0.0,0.0,0.0,0.0,0.0,0.0,0.0,0.0,0.0,0.0,0.0,0.0,0.0
505,849,Galaxy - Sprint 8,-3,14,4,11,2,6,0,0,0,0,5,14,1,3,1,6,6.0,0.0,3.0,0.0,6.0,2.1666666666666665,2.0,2.228601953392904,4.966666666666667,6.0,0.0,1.0,0.3333333333333333,0.0,0.5163977794943223,0.2666666666666667,1.0,1.0,2.0,1.8333333333333333,2.0,0.408248290463863,0.16666666666666666,1.0,0.0,2.0,1.0,1.0,0.6324555320336759,0.4,2.0,0.0,0.0,0.0,0.0,0.0,0.0,0.0,0.0,0.0,0.0,0.0,0.0,0.0,0.0,0.0,1.0,0.16666666666666666,0.0,0.408248290463863,0.16666666666666669,1.0,0.0,0.0,0.0,0.0,0.0,0.0,0.0,0.0,4.0,1.1666666666666667,0.5,1.602081978759722,2.5666666666666664,4.0,2.0,0.0,6.0,0.0,0.0,0.0,0.0,3.0,0.0,0.0,4.0,0.0,0.0,0.0,0.0,0.0,0.0,0.0,0.0,0.0,0.0,0.0,0.0,0.0
505,864,Galaxy - Sprint 9,-3,14,2,6,0,0,0,0,0,0,1,3,1,3,1,3,2.0,0.0,1.0,1.0,2.0,1.5,1.5,0.7071067811865476,0.5,1.0,0.0,1.0,0.5,0.5,0.7071067811865476,0.5,1.0,1.0,1.0,1.0,1.0,0.0,0.0,0.0,0.0,1.0,0.5,0.5,0.7071067811865476,0.5,1.0,0.0,0.0,0.0,0.0,0.0,0.0,0.0,0.0,0.0,0.0,0.0,0.0,0.0,0.0,1.0,1.0,1.0,1.0,0.0,0.0,0.0,0.0,0.0,0.0,0.0,0.0,0.0,0.0,0.0,1.0,0.5,0.5,0.7071067811865476,0.5,1.0,0.0,0.0,2.0,0.0,0.0,0.0,0.0,1.0,0.0,0.0,2.0,0.0,0.0,0.0,0.0,0.0,0.0,0.0,0.0,0.0,0.0,0.0,0.0,0.0
505,906,Galaxy - Sprint 10,-9,14,3,9,0,0,0,0,3,9,0,0,0,0,1,4,3.0,0.0,1.0,1.0,2.0,1.6666666666666667,2.0,0.5773502691896257,0.3333333333333333,1.0,0.0,2.0,1.0,1.0,1.0,1.0,2.0,0.0,2.0,1.0,1.0,1.0,1.0,2.0,0.0,5.0,2.0,1.0,2.6457513110645907,7.0,5.0,0.0,0.0,0.0,0.0,0.0,0.0,0.0,0.0,0.0,0.0,0.0,0.0,0.0,0.0,0.0,3.0,1.0,0.0,1.7320508075688772,3.0,3.0,0.0,0.0,0.0,0.0,0.0,0.0,0.0,0.0,3.0,1.3333333333333333,1.0,1.5275252316519468,2.3333333333333335,3.0,0.0,0.0,3.0,0.0,0.0,0.0,0.0,2.0,0.0,0.0,3.0,0.0,0.0,0.0,0.0,0.0,0.0,0.0,0.0,0.0,0.0,0.0,0.0,0.0
505,940,Galaxy - Sprint 11,-6,14,5,15,1,2,0,0,2,6,3,8,1,3,1,5,6.0,0.0,3.0,1.0,17.0,4.333333333333333,2.0,6.250333324444919,39.06666666666668,16.0,0.0,5.0,1.5,1.0,1.8708286933869707,3.5,5.0,0.0,2.0,1.1666666666666667,1.0,0.752772652709081,0.5666666666666667,2.0,0.0,9.0,2.5,0.5,3.7282703764614498,13.9,9.0,0.0,0.0,0.0,0.0,0.0,0.0,0.0,0.0,0.0,0.0,0.0,0.0,0.0,0.0,0.0,3.0,0.6666666666666666,0.0,1.2110601416389968,1.466666666666667,3.0,0.0,2.0,0.3333333333333333,0.0,0.816496580927726,0.6666666666666667,2.0,0.0,3.0,1.0,0.5,1.2649110640673518,1.6,3.0,0.0,0.0,6.0,0.0,0.0,0.0,0.0,2.0,0.0,1.0,6.0,0.0,0.0,0.0,0.0,0.0,0.0,0.0,0.0,0.0,0.0,0.0,0.0,0.0
505,944,Doraemon - Sprint 11,0,7,0,0,0,0,0,0,0,0,0,0,0,0,1,1,0.0,0.0,0.0,0.0,0.0,0.0,0.0,0.0,0.0,0.0,0.0,0.0,0.0,0.0,0.0,0.0,0.0,0.0,0.0,0.0,0.0,0.0,0.0,0.0,0.0,0.0,0.0,0.0,0.0,0.0,0.0,0.0,0.0,0.0,0.0,0.0,0.0,0.0,0.0,0.0,0.0,0.0,0.0,0.0,0.0,0.0,0.0,0.0,0.0,0.0,0.0,0.0,0.0,0.0,0.0,0.0,0.0,0.0,0.0,0.0,0.0,0.0,0.0,0.0,0.0,0.0,0.0,0.0,0.0,0.0,0.0,0.0,0.0,0.0,0.0,0.0,0.0,0.0,0.0,0.0,0.0,0.0,0.0,0.0,0.0,0.0,0.0,0.0,0.0,0.0
505,949,Galaxy - Sprint 12,2,14,2,6,1,5,0,0,3,11,0,0,0,0,1,3,4.0,0.0,2.0,3.0,28.0,10.5,5.5,11.789826122551595,139.0,25.0,0.0,5.0,2.25,2.0,2.217355782608345,4.916666666666667,5.0,0.0,2.0,1.25,1.5,0.9574271077563381,0.9166666666666666,2.0,0.0,9.0,2.5,0.5,4.358898943540674,19.0,9.0,0.0,0.0,0.0,0.0,0.0,0.0,0.0,0.0,0.0,0.0,0.0,0.0,0.0,0.0,0.0,3.0,1.25,1.0,1.5,2.25,3.0,0.0,2.0,0.5,0.0,1.0,1.0,2.0,0.0,2.0,1.0,1.0,0.816496580927726,0.6666666666666666,2.0,0.0,0.0,4.0,0.0,0.0,0.0,0.0,1.0,0.0,1.0,4.0,0.0,0.0,0.0,0.0,0.0,0.0,0.0,0.0,0.0,0.0,0.0,0.0,0.0
505,978,Galaxy - Sprint 13,0,14,0,0,0,0,0,0,0,0,0,0,0,0,1,1,1.0,0.0,0.0,0.0,0.0,0.0,0.0,0.0,0.0,0.0,1.0,1.0,1.0,1.0,0.0,0.0,0.0,2.0,2.0,2.0,2.0,0.0,0.0,0.0,1.0,1.0,1.0,1.0,0.0,0.0,0.0,0.0,0.0,0.0,0.0,0.0,0.0,0.0,0.0,0.0,0.0,0.0,0.0,0.0,0.0,0.0,0.0,0.0,0.0,0.0,0.0,0.0,0.0,0.0,0.0,0.0,0.0,0.0,0.0,1.0,1.0,1.0,1.0,0.0,0.0,0.0,1.0,0.0,1.0,0.0,0.0,0.0,0.0,1.0,0.0,0.0,0.0,0.0,0.0,0.0,0.0,0.0,0.0,0.0,0.0,0.0,0.0,0.0,0.0,0.0
505,1029,Galaxy - Sprint 14,0,14,2,6,0,0,0,0,0,0,1,3,1,3,1,3,2.0,0.0,0.0,0.0,3.0,1.5,1.5,2.1213203435596424,4.5,3.0,1.0,1.0,1.0,1.0,0.0,0.0,0.0,0.0,2.0,1.0,1.0,1.4142135623730951,2.0,2.0,0.0,1.0,0.5,0.5,0.7071067811865476,0.5,1.0,0.0,0.0,0.0,0.0,0.0,0.0,0.0,0.0,0.0,0.0,0.0,0.0,0.0,0.0,0.0,0.0,0.0,0.0,0.0,0.0,0.0,0.0,0.0,0.0,0.0,0.0,0.0,0.0,0.0,1.0,0.5,0.5,0.7071067811865476,0.5,1.0,1.0,0.0,2.0,0.0,0.0,0.0,0.0,2.0,0.0,0.0,1.0,0.0,0.0,0.0,0.0,0.0,0.0,0.0,0.0,0.0,0.0,0.0,0.0,0.0
505,1053,Galaxy - Sprint 15,-1,14,1,1,0,0,0,0,1,1,0,0,0,0,1,3,1.0,0.0,1.0,0.0,0.0,0.0,0.0,0.0,0.0,0.0,2.0,2.0,2.0,2.0,0.0,0.0,0.0,0.0,0.0,0.0,0.0,0.0,0.0,0.0,1.0,1.0,1.0,1.0,0.0,0.0,0.0,0.0,0.0,0.0,0.0,0.0,0.0,0.0,0.0,0.0,0.0,0.0,0.0,0.0,0.0,0.0,0.0,0.0,0.0,0.0,0.0,0.0,0.0,0.0,0.0,0.0,0.0,0.0,0.0,1.0,1.0,1.0,1.0,0.0,0.0,0.0,0.0,0.0,1.0,0.0,0.0,0.0,0.0,0.0,0.0,0.0,1.0,0.0,0.0,0.0,0.0,0.0,0.0,0.0,0.0,0.0,0.0,0.0,0.0,0.0
505,1094,Galaxy - Sprint 16,-1,21,1,1,0,0,0,0,1,1,0,0,0,0,1,3,1.0,0.0,1.0,0.0,0.0,0.0,0.0,0.0,0.0,0.0,2.0,2.0,2.0,2.0,0.0,0.0,0.0,0.0,0.0,0.0,0.0,0.0,0.0,0.0,1.0,1.0,1.0,1.0,0.0,0.0,0.0,0.0,0.0,0.0,0.0,0.0,0.0,0.0,0.0,0.0,0.0,0.0,0.0,0.0,0.0,0.0,0.0,0.0,0.0,0.0,0.0,0.0,0.0,0.0,0.0,0.0,0.0,0.0,0.0,1.0,1.0,1.0,1.0,0.0,0.0,0.0,0.0,0.0,1.0,0.0,0.0,0.0,0.0,0.0,0.0,0.0,1.0,0.0,0.0,0.0,0.0,0.0,0.0,0.0,0.0,0.0,0.0,0.0,0.0,0.0
505,1136,Doraemon - Gyro Capsule,0,7,1,3,0,0,0,0,0,0,0,0,1,3,1,1,1.0,0.0,1.0,0.0,0.0,0.0,0.0,0.0,0.0,0.0,2.0,2.0,2.0,2.0,0.0,0.0,0.0,0.0,0.0,0.0,0.0,0.0,0.0,0.0,0.0,0.0,0.0,0.0,0.0,0.0,0.0,0.0,0.0,0.0,0.0,0.0,0.0,0.0,0.0,0.0,0.0,0.0,0.0,0.0,0.0,0.0,0.0,0.0,0.0,0.0,0.0,0.0,0.0,0.0,0.0,0.0,0.0,0.0,0.0,1.0,1.0,1.0,1.0,0.0,0.0,0.0,0.0,0.0,1.0,0.0,0.0,0.0,0.0,0.0,0.0,0.0,1.0,0.0,0.0,0.0,0.0,0.0,0.0,0.0,0.0,0.0,0.0,0.0,0.0,0.0
505,1138,Galaxy - Sprint 17,-1,14,3,5,0,0,0,0,1,1,1,3,1,1,1,5,3.0,0.0,1.0,0.0,5.0,2.3333333333333335,2.0,2.5166114784235836,6.333333333333334,5.0,1.0,2.0,1.6666666666666667,2.0,0.5773502691896257,0.3333333333333333,1.0,0.0,2.0,0.6666666666666666,0.0,1.1547005383792517,1.3333333333333335,2.0,1.0,4.0,2.0,1.0,1.7320508075688772,3.0,3.0,0.0,0.0,0.0,0.0,0.0,0.0,0.0,0.0,0.0,0.0,0.0,0.0,0.0,0.0,0.0,0.0,0.0,0.0,0.0,0.0,0.0,0.0,1.0,0.3333333333333333,0.0,0.5773502691896258,0.33333333333333337,1.0,1.0,4.0,2.0,1.0,1.7320508075688772,3.0,3.0,0.0,0.0,3.0,0.0,0.0,0.0,0.0,2.0,0.0,0.0,3.0,0.0,0.0,0.0,0.0,0.0,0.0,0.0,0.0,0.0,0.0,0.0,0.0,0.0
505,1161,Galaxy Sprint 18,-1,14,1,1,0,0,0,0,1,1,0,0,0,0,1,4,2.0,0.0,1.0,0.0,1.0,0.5,0.5,0.7071067811865476,0.5,1.0,2.0,2.0,2.0,2.0,0.0,0.0,0.0,0.0,2.0,1.0,1.0,1.4142135623730951,2.0,2.0,1.0,5.0,3.0,3.0,2.8284271247461903,8.0,4.0,0.0,0.0,0.0,0.0,0.0,0.0,0.0,0.0,0.0,0.0,0.0,0.0,0.0,0.0,0.0,0.0,0.0,0.0,0.0,0.0,0.0,0.0,1.0,0.5,0.5,0.7071067811865476,0.5,1.0,1.0,6.0,3.5,3.5,3.5355339059327378,12.5,5.0,0.0,0.0,2.0,0.0,0.0,0.0,0.0,0.0,0.0,1.0,2.0,0.0,0.0,0.0,0.0,0.0,0.0,0.0,0.0,0.0,0.0,0.0,0.0,0.0
505,1188,Galaxy - Sprint 19,-8,14,0,0,4,14,0,0,1,8,1,2,2,4,1,5,4.0,0.0,3.0,0.0,4.0,1.25,0.5,1.8929694486000912,3.5833333333333335,4.0,1.0,2.0,1.75,2.0,0.5,0.25,1.0,0.0,2.0,1.25,1.5,0.9574271077563381,0.9166666666666666,2.0,0.0,5.0,1.75,1.0,2.217355782608345,4.916666666666667,5.0,0.0,0.0,0.0,0.0,0.0,0.0,0.0,0.0,0.0,0.0,0.0,0.0,0.0,0.0,0.0,2.0,0.5,0.0,1.0,1.0,2.0,0.0,1.0,0.25,0.0,0.5,0.25,1.0,1.0,6.0,3.0,2.5,2.160246899469287,4.666666666666667,5.0,0.0,0.0,4.0,0.0,0.0,0.0,0.0,0.0,0.0,1.0,4.0,0.0,0.0,0.0,0.0,0.0,0.0,0.0,0.0,0.0,0.0,0.0,0.0,0.0
505,1224,Galaxy Sprint 20,0,14,1,8,0,0,0,0,0,0,1,8,0,0,1,2,1.0,0.0,0.0,11.0,11.0,11.0,11.0,0.0,0.0,0.0,2.0,2.0,2.0,2.0,0.0,0.0,0.0,2.0,2.0,2.0,2.0,0.0,0.0,0.0,5.0,5.0,5.0,5.0,0.0,0.0,0.0,0.0,0.0,0.0,0.0,0.0,0.0,0.0,0.0,0.0,0.0,0.0,0.0,0.0,0.0,0.0,0.0,0.0,0.0,0.0,0.0,0.0,1.0,1.0,1.0,1.0,0.0,0.0,0.0,6.0,6.0,6.0,6.0,0.0,0.0,0.0,0.0,0.0,1.0,0.0,0.0,0.0,0.0,0.0,0.0,1.0,1.0,0.0,0.0,0.0,0.0,0.0,0.0,0.0,0.0,0.0,0.0,0.0,0.0,0.0
505,1261,Galaxy Sprint 21,0,14,1,3,0,0,0,0,1,3,0,0,0,0,1,1,1.0,0.0,0.0,5.0,5.0,5.0,5.0,0.0,0.0,0.0,1.0,1.0,1.0,1.0,0.0,0.0,0.0,0.0,0.0,0.0,0.0,0.0,0.0,0.0,2.0,2.0,2.0,2.0,0.0,0.0,0.0,0.0,0.0,0.0,0.0,0.0,0.0,0.0,0.0,0.0,0.0,0.0,0.0,0.0,0.0,0.0,0.0,0.0,0.0,0.0,0.0,0.0,0.0,0.0,0.0,0.0,0.0,0.0,0.0,0.0,0.0,0.0,0.0,0.0,0.0,0.0,1.0,0.0,1.0,0.0,0.0,0.0,0.0,1.0,0.0,0.0,0.0,0.0,0.0,0.0,0.0,0.0,0.0,0.0,0.0,0.0,0.0,0.0,0.0,0.0
505,1318,Galaxy Sprint 23,3,15,0,0,1,3,0,0,0,0,1,3,0,0,1,1,2.0,0.0,1.0,0.0,0.0,0.0,0.0,0.0,0.0,0.0,1.0,2.0,1.5,1.5,0.7071067811865476,0.5,1.0,0.0,1.0,0.5,0.5,0.7071067811865476,0.5,1.0,0.0,0.0,0.0,0.0,0.0,0.0,0.0,0.0,0.0,0.0,0.0,0.0,0.0,0.0,0.0,0.0,0.0,0.0,0.0,0.0,0.0,0.0,0.0,0.0,0.0,0.0,0.0,0.0,0.0,0.0,0.0,0.0,0.0,0.0,0.0,0.0,1.0,0.5,0.5,0.7071067811865476,0.5,1.0,0.0,0.0,2.0,0.0,0.0,0.0,0.0,0.0,0.0,1.0,2.0,0.0,0.0,0.0,0.0,0.0,0.0,0.0,0.0,0.0,0.0,0.0,0.0,0.0
505,1426,10-Annamite range 2,-5,7,1,5,0,0,0,0,1,5,0,0,0,0,1,2,1.0,0.0,0.0,13.0,13.0,13.0,13.0,0.0,0.0,0.0,1.0,1.0,1.0,1.0,0.0,0.0,0.0,2.0,2.0,2.0,2.0,0.0,0.0,0.0,3.0,3.0,3.0,3.0,0.0,0.0,0.0,0.0,0.0,0.0,0.0,0.0,0.0,0.0,0.0,0.0,0.0,0.0,0.0,0.0,0.0,0.0,0.0,0.0,0.0,0.0,0.0,0.0,0.0,0.0,0.0,0.0,0.0,0.0,0.0,0.0,0.0,0.0,0.0,0.0,0.0,0.0,0.0,0.0,1.0,0.0,0.0,0.0,0.0,1.0,0.0,0.0,1.0,0.0,0.0,0.0,0.0,0.0,0.0,0.0,0.0,0.0,0.0,0.0,0.0,0.0
505,1458,Galaxy Sprint 31,0,7,1,3,0,0,0,0,0,0,0,0,1,3,1,1,1.0,0.0,0.0,0.0,0.0,0.0,0.0,0.0,0.0,0.0,1.0,1.0,1.0,1.0,0.0,0.0,0.0,1.0,1.0,1.0,1.0,0.0,0.0,0.0,0.0,0.0,0.0,0.0,0.0,0.0,0.0,0.0,0.0,0.0,0.0,0.0,0.0,0.0,0.0,0.0,0.0,0.0,0.0,0.0,0.0,1.0,1.0,1.0,1.0,0.0,0.0,0.0,1.0,1.0,1.0,1.0,0.0,0.0,0.0,0.0,0.0,0.0,0.0,0.0,0.0,0.0,0.0,0.0,1.0,0.0,0.0,0.0,0.0,1.0,0.0,0.0,1.0,0.0,0.0,0.0,0.0,0.0,0.0,0.0,0.0,0.0,0.0,0.0,0.0,0.0
505,1459,Galaxy Sprint 32,-1,7,2,4,0,0,0,0,0,0,2,4,0,0,1,3,2.0,0.0,1.0,0.0,1.0,0.5,0.5,0.7071067811865476,0.5,1.0,0.0,1.0,0.5,0.5,0.7071067811865476,0.5,1.0,1.0,2.0,1.5,1.5,0.7071067811865476,0.5,1.0,0.0,1.0,0.5,0.5,0.7071067811865476,0.5,1.0,0.0,0.0,0.0,0.0,0.0,0.0,0.0,0.0,0.0,0.0,0.0,0.0,0.0,0.0,0.0,0.0,0.0,0.0,0.0,0.0,0.0,0.0,0.0,0.0,0.0,0.0,0.0,0.0,1.0,3.0,2.0,2.0,1.4142135623730951,2.0,2.0,0.0,0.0,1.0,1.0,0.0,0.0,0.0,0.0,0.0,0.0,2.0,0.0,0.0,0.0,0.0,0.0,0.0,0.0,0.0,0.0,0.0,0.0,0.0,0.0
505,1486,Galaxy Sprint 33,0,7,1,1,0,0,0,0,0,0,1,1,0,0,1,1,1.0,0.0,1.0,1.0,1.0,1.0,1.0,0.0,0.0,0.0,1.0,1.0,1.0,1.0,0.0,0.0,0.0,1.0,1.0,1.0,1.0,0.0,0.0,0.0,0.0,0.0,0.0,0.0,0.0,0.0,0.0,0.0,0.0,0.0,0.0,0.0,0.0,0.0,0.0,0.0,0.0,0.0,0.0,0.0,0.0,0.0,0.0,0.0,0.0,0.0,0.0,0.0,0.0,0.0,0.0,0.0,0.0,0.0,0.0,2.0,2.0,2.0,2.0,0.0,0.0,0.0,0.0,0.0,1.0,0.0,0.0,0.0,0.0,0.0,0.0,0.0,1.0,0.0,0.0,0.0,0.0,0.0,0.0,0.0,0.0,0.0,0.0,0.0,0.0,0.0
505,1633,Galaxy - Sprint 40,0,7,1,3,1,1,0,0,0,0,0,0,2,4,1,2,2.0,0.0,1.0,0.0,9.0,4.5,4.5,6.363961030678928,40.5,9.0,1.0,1.0,1.0,1.0,0.0,0.0,0.0,1.0,1.0,1.0,1.0,0.0,0.0,0.0,0.0,0.0,0.0,0.0,0.0,0.0,0.0,0.0,0.0,0.0,0.0,0.0,0.0,0.0,0.0,0.0,0.0,0.0,0.0,0.0,0.0,1.0,9.0,5.0,5.0,5.656854249492381,32.0,8.0,0.0,0.0,0.0,0.0,0.0,0.0,0.0,0.0,3.0,1.5,1.5,2.1213203435596424,4.5,3.0,0.0,0.0,2.0,0.0,0.0,0.0,0.0,1.0,0.0,0.0,2.0,0.0,0.0,0.0,0.0,0.0,0.0,0.0,0.0,0.0,0.0,0.0,0.0,0.0
505,1696,Galaxy Sprint 44,-3,7,0,0,1,3,0,0,0,0,1,3,0,0,1,1,1.0,0.0,0.0,0.0,0.0,0.0,0.0,0.0,0.0,0.0,2.0,2.0,2.0,2.0,0.0,0.0,0.0,1.0,1.0,1.0,1.0,0.0,0.0,0.0,2.0,2.0,2.0,2.0,0.0,0.0,0.0,0.0,0.0,0.0,0.0,0.0,0.0,0.0,0.0,0.0,0.0,0.0,0.0,0.0,0.0,0.0,0.0,0.0,0.0,0.0,0.0,0.0,1.0,1.0,1.0,1.0,0.0,0.0,0.0,0.0,0.0,0.0,0.0,0.0,0.0,0.0,1.0,0.0,1.0,0.0,0.0,0.0,0.0,1.0,0.0,0.0,0.0,0.0,0.0,0.0,0.0,0.0,0.0,0.0,0.0,0.0,0.0,0.0,0.0,0.0
505,1711,Galaxy Sprint 45,0,7,1,3,0,0,0,0,0,0,0,0,1,3,1,1,1.0,0.0,0.0,1.0,1.0,1.0,1.0,0.0,0.0,0.0,2.0,2.0,2.0,2.0,0.0,0.0,0.0,1.0,1.0,1.0,1.0,0.0,0.0,0.0,2.0,2.0,2.0,2.0,0.0,0.0,0.0,0.0,0.0,0.0,0.0,0.0,0.0,0.0,0.0,0.0,0.0,0.0,0.0,0.0,0.0,1.0,1.0,1.0,1.0,0.0,0.0,0.0,1.0,1.0,1.0,1.0,0.0,0.0,0.0,0.0,0.0,0.0,0.0,0.0,0.0,0.0,1.0,0.0,1.0,0.0,0.0,0.0,0.0,1.0,0.0,0.0,0.0,0.0,0.0,0.0,0.0,0.0,0.0,0.0,0.0,0.0,0.0,0.0,0.0,0.0
505,1826,Galaxy - Sprint 53,-5,7,0,0,1,5,0,0,0,0,1,5,0,0,1,1,1.0,0.0,0.0,0.0,0.0,0.0,0.0,0.0,0.0,0.0,2.0,2.0,2.0,2.0,0.0,0.0,0.0,2.0,2.0,2.0,2.0,0.0,0.0,0.0,0.0,0.0,0.0,0.0,0.0,0.0,0.0,0.0,0.0,0.0,0.0,0.0,0.0,0.0,0.0,0.0,0.0,0.0,0.0,0.0,0.0,0.0,0.0,0.0,0.0,0.0,0.0,0.0,0.0,0.0,0.0,0.0,0.0,0.0,0.0,0.0,0.0,0.0,0.0,0.0,0.0,0.0,0.0,0.0,1.0,0.0,0.0,0.0,0.0,1.0,0.0,0.0,1.0,0.0,0.0,0.0,0.0,0.0,0.0,0.0,0.0,0.0,0.0,0.0,0.0,0.0
505,1832,Galaxy 54,-5,7,1,5,0,0,0,0,0,0,1,5,0,0,1,1,1.0,0.0,0.0,0.0,0.0,0.0,0.0,0.0,0.0,0.0,2.0,2.0,2.0,2.0,0.0,0.0,0.0,2.0,2.0,2.0,2.0,0.0,0.0,0.0,0.0,0.0,0.0,0.0,0.0,0.0,0.0,0.0,0.0,0.0,0.0,0.0,0.0,0.0,0.0,0.0,0.0,0.0,0.0,0.0,0.0,0.0,0.0,0.0,0.0,0.0,0.0,0.0,0.0,0.0,0.0,0.0,0.0,0.0,0.0,0.0,0.0,0.0,0.0,0.0,0.0,0.0,0.0,0.0,1.0,0.0,0.0,0.0,0.0,1.0,0.0,0.0,1.0,0.0,0.0,0.0,0.0,0.0,0.0,0.0,0.0,0.0,0.0,0.0,0.0,0.0
505,1865,Galaxy Sprint 55,0,7,0,0,1,5,0,0,0,0,0,0,1,5,1,1,1.0,0.0,0.0,1.0,1.0,1.0,1.0,0.0,0.0,0.0,2.0,2.0,2.0,2.0,0.0,0.0,0.0,2.0,2.0,2.0,2.0,0.0,0.0,0.0,0.0,0.0,0.0,0.0,0.0,0.0,0.0,0.0,0.0,0.0,0.0,0.0,0.0,0.0,0.0,0.0,0.0,0.0,0.0,0.0,0.0,2.0,2.0,2.0,2.0,0.0,0.0,0.0,0.0,0.0,0.0,0.0,0.0,0.0,0.0,0.0,0.0,0.0,0.0,0.0,0.0,0.0,0.0,0.0,1.0,0.0,0.0,0.0,0.0,1.0,0.0,0.0,1.0,0.0,0.0,0.0,0.0,0.0,0.0,0.0,0.0,0.0,0.0,0.0,0.0,0.0
505,1868,Galaxy Sprint 58,0,14,0,0,1,3,0,0,0,0,1,3,0,0,1,1,1.0,0.0,0.0,0.0,0.0,0.0,0.0,0.0,0.0,0.0,0.0,0.0,0.0,0.0,0.0,0.0,0.0,1.0,1.0,1.0,1.0,0.0,0.0,0.0,1.0,1.0,1.0,1.0,0.0,0.0,0.0,0.0,0.0,0.0,0.0,0.0,0.0,0.0,0.0,0.0,0.0,0.0,0.0,0.0,0.0,0.0,0.0,0.0,0.0,0.0,0.0,0.0,1.0,1.0,1.0,1.0,0.0,0.0,0.0,2.0,2.0,2.0,2.0,0.0,0.0,0.0,0.0,0.0,1.0,0.0,0.0,0.0,0.0,1.0,0.0,0.0,1.0,0.0,0.0,0.0,0.0,0.0,0.0,0.0,0.0,0.0,0.0,0.0,0.0,0.0
505,1918,Galaxy Sprint 61,0,7,0,0,0,0,0,0,0,0,0,0,0,0,1,1,1.0,0.0,0.0,5.0,5.0,5.0,5.0,0.0,0.0,0.0,1.0,1.0,1.0,1.0,0.0,0.0,0.0,2.0,2.0,2.0,2.0,0.0,0.0,0.0,3.0,3.0,3.0,3.0,0.0,0.0,0.0,0.0,0.0,0.0,0.0,0.0,0.0,0.0,0.0,0.0,0.0,0.0,0.0,0.0,0.0,0.0,0.0,0.0,0.0,0.0,0.0,0.0,0.0,0.0,0.0,0.0,0.0,0.0,0.0,0.0,0.0,0.0,0.0,0.0,0.0,0.0,0.0,0.0,1.0,0.0,0.0,0.0,0.0,1.0,0.0,0.0,1.0,0.0,0.0,0.0,0.0,0.0,0.0,0.0,0.0,0.0,0.0,0.0,0.0,0.0
505,2001,Galaxy Sprint 62,-5,7,0,0,1,5,0,0,0,0,1,5,0,0,1,2,1.0,0.0,0.0,9.0,9.0,9.0,9.0,0.0,0.0,0.0,1.0,1.0,1.0,1.0,0.0,0.0,0.0,2.0,2.0,2.0,2.0,0.0,0.0,0.0,3.0,3.0,3.0,3.0,0.0,0.0,0.0,0.0,0.0,0.0,0.0,0.0,0.0,0.0,0.0,0.0,0.0,0.0,0.0,0.0,0.0,0.0,0.0,0.0,0.0,0.0,0.0,0.0,0.0,0.0,0.0,0.0,0.0,0.0,0.0,0.0,0.0,0.0,0.0,0.0,0.0,0.0,0.0,0.0,1.0,0.0,0.0,0.0,0.0,1.0,0.0,0.0,1.0,0.0,0.0,0.0,0.0,0.0,0.0,0.0,0.0,0.0,0.0,0.0,0.0,0.0
505,2083,Galaxy Sprint 63,0,32,0,0,1,2,0,0,1,2,0,0,0,0,1,1,2.0,0.0,1.0,0.0,5.0,2.5,2.5,3.5355339059327378,12.5,5.0,1.0,1.0,1.0,1.0,0.0,0.0,0.0,1.0,2.0,1.5,1.5,0.7071067811865476,0.5,1.0,0.0,3.0,1.5,1.5,2.1213203435596424,4.5,3.0,0.0,0.0,0.0,0.0,0.0,0.0,0.0,0.0,0.0,0.0,0.0,0.0,0.0,0.0,0.0,0.0,0.0,0.0,0.0,0.0,0.0,0.0,0.0,0.0,0.0,0.0,0.0,0.0,0.0,0.0,0.0,0.0,0.0,0.0,0.0,0.0,0.0,2.0,0.0,0.0,0.0,0.0,1.0,0.0,0.0,2.0,0.0,0.0,0.0,0.0,0.0,0.0,0.0,0.0,0.0,0.0,0.0,0.0,0.0
505,2306,Galaxy sprint 72,-15,7,6,18,2,6,0,0,5,15,2,6,1,3,1,6,12.0,4.0,7.0,0.0,4.0,1.3333333333333333,1.0,1.3026778945578592,1.696969696969697,4.0,0.0,2.0,0.75,1.0,0.621581560508061,0.38636363636363635,2.0,0.0,0.0,0.0,0.0,0.0,0.0,0.0,0.0,3.0,0.6666666666666666,0.0,1.0730867399773198,1.1515151515151518,3.0,0.0,0.0,0.0,0.0,0.0,0.0,0.0,0.0,0.0,0.0,0.0,0.0,0.0,0.0,0.0,6.0,3.0833333333333335,3.5,2.937479851639476,8.628787878787877,6.0,0.0,1.0,0.08333333333333333,0.0,0.28867513459481287,0.08333333333333331,1.0,0.0,20.0,2.0833333333333335,0.0,5.712161401675191,32.62878787878788,20.0,1.0,0.0,8.0,0.0,0.0,0.0,0.0,4.0,1.0,0.0,11.0,0.0,0.0,0.0,0.0,0.0,0.0,0.0,0.0,0.0,0.0,0.0,0.0,0.0
507,515,Sprint 30 - 6.2.2,0,11,0,0,0,0,0,0,0,0,0,0,0,0,1,1,43.0,42.0,25.0,0.0,0.0,0.0,0.0,0.0,0.0,0.0,0.0,1.0,0.09302325581395349,0.0,0.29390259873217905,0.08637873754152825,1.0,0.0,1.0,0.6976744186046512,1.0,0.4647008111181006,0.2159468438538206,1.0,0.0,1.0,0.023255813953488372,0.0,0.15249857033260467,0.023255813953488375,1.0,0.0,0.0,0.0,0.0,0.0,0.0,0.0,0.0,0.0,0.0,0.0,0.0,0.0,0.0,0.0,0.0,0.0,0.0,0.0,0.0,0.0,0.0,0.0,0.0,0.0,0.0,0.0,0.0,0.0,2.0,0.046511627906976744,0.0,0.30499714066520933,0.0930232558139535,2.0,37.0,0.0,0.0,0.0,0.0,1.0,0.0,5.0,0.0,6.0,6.0,0.0,0.0,7.0,0.0,0.0,0.0,0.0,0.0,0.0,0.0,0.0,0.0,0.0
507,632,Shaquille O'Neal - 2.7,-39,14,21,63,0,0,0,0,16,48,1,3,4,12,1,4,25.0,0.0,14.0,0.0,7.0,0.68,0.0,1.6763054614240211,2.8100000000000005,7.0,0.0,1.0,0.6,1.0,0.5,0.25000000000000006,1.0,0.0,1.0,0.92,1.0,0.27688746209726917,0.07666666666666667,1.0,0.0,1.0,0.2,0.0,0.4082482904638631,0.1666666666666667,1.0,0.0,0.0,0.0,0.0,0.0,0.0,0.0,0.0,0.0,0.0,0.0,0.0,0.0,0.0,0.0,8.0,2.96,3.0,2.0912516188477497,4.373333333333333,8.0,0.0,2.0,0.2,0.0,0.5,0.25000000000000006,2.0,0.0,2.0,0.48,0.0,0.7702813338860894,0.5933333333333333,2.0,18.0,0.0,21.0,0.0,2.0,2.0,0.0,3.0,1.0,6.0,7.0,0.0,0.0,1.0,0.0,0.0,0.0,0.0,0.0,0.0,0.0,0.0,0.0,0.0
507,658,35mm Capture - 2.7.0,0,14,5,15,1,3,0,0,0,0,0,0,6,18,1,2,6.0,0.0,1.0,0.0,6.0,1.6666666666666667,0.5,2.422120283277993,5.866666666666666,6.0,0.0,1.0,0.6666666666666666,1.0,0.5163977794943223,0.2666666666666667,1.0,0.0,1.0,0.6666666666666666,1.0,0.5163977794943223,0.2666666666666667,1.0,0.0,1.0,0.16666666666666666,0.0,0.408248290463863,0.16666666666666669,1.0,0.0,0.0,0.0,0.0,0.0,0.0,0.0,0.0,0.0,0.0,0.0,0.0,0.0,0.0,0.0,4.0,2.3333333333333335,3.0,1.505545305418162,2.2666666666666666,4.0,0.0,2.0,1.1666666666666667,1.0,0.752772652709081,0.5666666666666667,2.0,0.0,2.0,0.8333333333333334,0.5,0.983192080250175,0.9666666666666666,2.0,4.0,0.0,5.0,0.0,0.0,1.0,0.0,0.0,0.0,5.0,2.0,0.0,0.0,0.0,0.0,0.0,0.0,0.0,0.0,0.0,0.0,0.0,0.0,0.0
507,693,Jo's last cuppa tea,-9,14,3,9,0,0,0,0,3,9,0,0,0,0,1,1,3.0,0.0,2.0,0.0,2.0,0.6666666666666666,0.0,1.1547005383792517,1.3333333333333335,2.0,0.0,1.0,0.6666666666666666,1.0,0.5773502691896258,0.33333333333333337,1.0,0.0,1.0,0.6666666666666666,1.0,0.5773502691896258,0.33333333333333337,1.0,0.0,2.0,0.6666666666666666,0.0,1.1547005383792517,1.3333333333333335,2.0,0.0,0.0,0.0,0.0,0.0,0.0,0.0,0.0,0.0,0.0,0.0,0.0,0.0,0.0,1.0,1.0,1.0,1.0,0.0,0.0,0.0,0.0,1.0,0.3333333333333333,0.0,0.5773502691896258,0.33333333333333337,1.0,0.0,3.0,1.0,0.0,1.7320508075688772,3.0,3.0,1.0,0.0,3.0,0.0,0.0,0.0,0.0,0.0,0.0,1.0,2.0,0.0,0.0,0.0,0.0,0.0,0.0,0.0,0.0,0.0,0.0,0.0,0.0,0.0
507,750,Reporting kick off,0,14,4,12,0,0,0,0,0,0,0,0,4,12,1,4,4.0,0.0,3.0,0.0,3.0,2.0,2.5,1.4142135623730951,2.0,3.0,0.0,1.0,0.5,0.5,0.5773502691896257,0.3333333333333333,1.0,0.0,1.0,0.75,1.0,0.5,0.25,1.0,0.0,2.0,0.75,0.5,0.9574271077563381,0.9166666666666666,2.0,0.0,0.0,0.0,0.0,0.0,0.0,0.0,0.0,0.0,0.0,0.0,0.0,0.0,0.0,1.0,2.0,1.25,1.0,0.5,0.25,1.0,0.0,1.0,0.25,0.0,0.5,0.25,1.0,0.0,3.0,1.0,0.5,1.4142135623730951,2.0,3.0,1.0,0.0,3.0,0.0,1.0,0.0,0.0,0.0,0.0,1.0,3.0,0.0,0.0,0.0,0.0,0.0,0.0,0.0,0.0,0.0,0.0,0.0,0.0,0.0
507,989,such christmas. such wow (ME),-3,14,3,9,0,0,0,0,1,3,2,6,0,0,1,2,3.0,0.0,0.0,0.0,0.0,0.0,0.0,0.0,0.0,0.0,0.0,0.0,0.0,0.0,0.0,0.0,0.0,1.0,1.0,1.0,1.0,0.0,0.0,0.0,0.0,1.0,0.6666666666666666,1.0,0.5773502691896258,0.33333333333333337,1.0,0.0,0.0,0.0,0.0,0.0,0.0,0.0,0.0,0.0,0.0,0.0,0.0,0.0,0.0,0.0,0.0,0.0,0.0,0.0,0.0,0.0,0.0,0.0,0.0,0.0,0.0,0.0,0.0,0.0,0.0,0.0,0.0,0.0,0.0,0.0,0.0,0.0,3.0,0.0,0.0,0.0,0.0,0.0,0.0,0.0,3.0,0.0,0.0,3.0,0.0,0.0,0.0,0.0,0.0,0.0,0.0,0.0,0.0,0.0
507,999,2014s01 - ME,0,14,2,6,1,3,0,0,2,6,1,3,0,0,1,1,4.0,0.0,1.0,0.0,16.0,4.0,0.0,8.0,64.0,16.0,0.0,1.0,0.5,0.5,0.5773502691896257,0.3333333333333333,1.0,1.0,1.0,1.0,1.0,0.0,0.0,0.0,0.0,6.0,1.75,0.5,2.8722813232690143,8.25,6.0,0.0,0.0,0.0,0.0,0.0,0.0,0.0,0.0,0.0,0.0,0.0,0.0,0.0,0.0,0.0,0.0,0.0,0.0,0.0,0.0,0.0,0.0,0.0,0.0,0.0,0.0,0.0,0.0,0.0,1.0,0.25,0.0,0.5,0.25,1.0,1.0,0.0,2.0,1.0,0.0,1.0,0.0,2.0,0.0,0.0,3.0,0.0,0.0,1.0,0.0,0.0,0.0,0.0,0.0,0.0,0.0,0.0,0.0,0.0
519,206,Editor Sprint 4,-9,14,0,0,3,9,0,0,3,9,0,0,0,0,1,3,7.0,4.0,4.0,0.0,2.0,0.7142857142857143,0.0,0.9511897312113418,0.9047619047619047,2.0,0.0,2.0,0.7142857142857143,1.0,0.7559289460184544,0.5714285714285714,2.0,0.0,0.0,0.0,0.0,0.0,0.0,0.0,0.0,2.0,0.7142857142857143,0.0,0.9511897312113419,0.9047619047619048,2.0,0.0,0.0,0.0,0.0,0.0,0.0,0.0,0.0,0.0,0.0,0.0,0.0,0.0,0.0,1.0,6.0,4.428571428571429,5.0,1.618347187425374,2.619047619047619,5.0,0.0,0.0,0.0,0.0,0.0,0.0,0.0,0.0,20.0,3.0,0.0,7.505553499465135,56.333333333333336,20.0,0.0,0.0,3.0,0.0,0.0,0.0,0.0,3.0,0.0,0.0,7.0,0.0,0.0,0.0,0.0,0.0,0.0,0.0,0.0,0.0,0.0,0.0,0.0,0.0
519,255,Editor Sprint 5,-9,14,3,9,0,0,0,0,3,9,0,0,0,0,1,3,7.0,4.0,4.0,0.0,3.0,0.8571428571428571,0.0,1.2149857925879117,1.4761904761904763,3.0,0.0,2.0,0.7142857142857143,1.0,0.7559289460184544,0.5714285714285714,2.0,0.0,0.0,0.0,0.0,0.0,0.0,0.0,0.0,2.0,0.7142857142857143,0.0,0.9511897312113419,0.9047619047619048,2.0,0.0,0.0,0.0,0.0,0.0,0.0,0.0,0.0,0.0,0.0,0.0,0.0,0.0,0.0,1.0,6.0,4.428571428571429,5.0,1.618347187425374,2.619047619047619,5.0,0.0,0.0,0.0,0.0,0.0,0.0,0.0,0.0,20.0,3.0,0.0,7.505553499465135,56.333333333333336,20.0,0.0,0.0,3.0,0.0,0.0,0.0,0.0,3.0,0.0,0.0,7.0,0.0,0.0,0.0,0.0,0.0,0.0,0.0,0.0,0.0,0.0,0.0,0.0,0.0
519,789,Galaxy - Sprint 6,0,13,0,0,0,0,0,0,0,0,0,0,0,0,1,1,2.0,0.0,0.0,1.0,2.0,1.5,1.5,0.7071067811865476,0.5,1.0,1.0,2.0,1.5,1.5,0.7071067811865476,0.5,1.0,1.0,2.0,1.5,1.5,0.7071067811865476,0.5,1.0,0.0,1.0,0.5,0.5,0.7071067811865476,0.5,1.0,0.0,0.0,0.0,0.0,0.0,0.0,0.0,0.0,0.0,0.0,0.0,0.0,0.0,0.0,0.0,0.0,0.0,0.0,0.0,0.0,0.0,0.0,1.0,0.5,0.5,0.7071067811865476,0.5,1.0,0.0,1.0,0.5,0.5,0.7071067811865476,0.5,1.0,0.0,0.0,1.0,0.0,0.0,1.0,0.0,2.0,0.0,0.0,2.0,0.0,0.0,0.0,0.0,0.0,0.0,0.0,0.0,0.0,0.0,0.0,0.0,0.0
519,812,Galaxy - Sprint 7,1,13,1,1,0,0,0,0,1,1,0,0,0,0,1,4,4.0,0.0,1.0,0.0,2.0,0.75,0.5,0.9574271077563381,0.9166666666666666,2.0,0.0,2.0,0.75,0.5,0.9574271077563381,0.9166666666666666,2.0,1.0,2.0,1.75,2.0,0.5,0.25,1.0,0.0,2.0,0.75,0.5,0.9574271077563381,0.9166666666666666,2.0,0.0,0.0,0.0,0.0,0.0,0.0,0.0,0.0,0.0,0.0,0.0,0.0,0.0,0.0,0.0,1.0,0.25,0.0,0.5,0.25,1.0,0.0,1.0,0.5,0.5,0.5773502691896257,0.3333333333333333,1.0,0.0,1.0,0.5,0.5,0.5773502691896257,0.3333333333333333,1.0,0.0,0.0,3.0,0.0,0.0,1.0,0.0,3.0,0.0,0.0,4.0,0.0,0.0,0.0,0.0,0.0,0.0,0.0,0.0,0.0,0.0,0.0,0.0,0.0
519,849,Galaxy - Sprint 8,3,14,2,5,3,9,1,3,4,11,0,0,0,0,1,6,6.0,0.0,3.0,0.0,6.0,2.1666666666666665,2.0,2.228601953392904,4.966666666666667,6.0,0.0,1.0,0.3333333333333333,0.0,0.5163977794943223,0.2666666666666667,1.0,1.0,2.0,1.8333333333333333,2.0,0.408248290463863,0.16666666666666666,1.0,0.0,2.0,1.0,1.0,0.6324555320336759,0.4,2.0,0.0,0.0,0.0,0.0,0.0,0.0,0.0,0.0,0.0,0.0,0.0,0.0,0.0,0.0,0.0,1.0,0.16666666666666666,0.0,0.408248290463863,0.16666666666666669,1.0,0.0,0.0,0.0,0.0,0.0,0.0,0.0,0.0,4.0,1.1666666666666667,0.5,1.602081978759722,2.5666666666666664,4.0,2.0,0.0,6.0,0.0,0.0,0.0,0.0,3.0,0.0,0.0,4.0,0.0,0.0,0.0,0.0,0.0,0.0,0.0,0.0,0.0,0.0,0.0,0.0,0.0
519,864,Galaxy - Sprint 9,-3,14,1,3,1,3,0,0,0,0,1,3,1,3,1,3,2.0,0.0,1.0,1.0,2.0,1.5,1.5,0.7071067811865476,0.5,1.0,0.0,1.0,0.5,0.5,0.7071067811865476,0.5,1.0,1.0,1.0,1.0,1.0,0.0,0.0,0.0,0.0,1.0,0.5,0.5,0.7071067811865476,0.5,1.0,0.0,0.0,0.0,0.0,0.0,0.0,0.0,0.0,0.0,0.0,0.0,0.0,0.0,0.0,1.0,1.0,1.0,1.0,0.0,0.0,0.0,0.0,0.0,0.0,0.0,0.0,0.0,0.0,0.0,1.0,0.5,0.5,0.7071067811865476,0.5,1.0,0.0,0.0,2.0,0.0,0.0,0.0,0.0,1.0,0.0,0.0,2.0,0.0,0.0,0.0,0.0,0.0,0.0,0.0,0.0,0.0,0.0,0.0,0.0,0.0
519,906,Galaxy - Sprint 10,-9,14,3,9,0,0,0,0,3,9,0,0,0,0,1,4,3.0,0.0,1.0,1.0,2.0,1.6666666666666667,2.0,0.5773502691896257,0.3333333333333333,1.0,0.0,2.0,1.0,1.0,1.0,1.0,2.0,0.0,2.0,1.0,1.0,1.0,1.0,2.0,0.0,5.0,2.0,1.0,2.6457513110645907,7.0,5.0,0.0,0.0,0.0,0.0,0.0,0.0,0.0,0.0,0.0,0.0,0.0,0.0,0.0,0.0,0.0,3.0,1.0,0.0,1.7320508075688772,3.0,3.0,0.0,0.0,0.0,0.0,0.0,0.0,0.0,0.0,3.0,1.3333333333333333,1.0,1.5275252316519468,2.3333333333333335,3.0,0.0,0.0,3.0,0.0,0.0,0.0,0.0,2.0,0.0,0.0,3.0,0.0,0.0,0.0,0.0,0.0,0.0,0.0,0.0,0.0,0.0,0.0,0.0,0.0
519,940,Galaxy - Sprint 11,-3,14,3,9,2,5,0,0,1,3,3,8,1,3,1,5,6.0,0.0,3.0,1.0,17.0,4.333333333333333,2.0,6.250333324444919,39.06666666666668,16.0,0.0,5.0,1.5,1.0,1.8708286933869707,3.5,5.0,0.0,2.0,1.1666666666666667,1.0,0.752772652709081,0.5666666666666667,2.0,0.0,9.0,2.5,0.5,3.7282703764614498,13.9,9.0,0.0,0.0,0.0,0.0,0.0,0.0,0.0,0.0,0.0,0.0,0.0,0.0,0.0,0.0,0.0,3.0,0.6666666666666666,0.0,1.2110601416389968,1.466666666666667,3.0,0.0,2.0,0.3333333333333333,0.0,0.816496580927726,0.6666666666666667,2.0,0.0,3.0,1.0,0.5,1.2649110640673518,1.6,3.0,0.0,0.0,6.0,0.0,0.0,0.0,0.0,2.0,0.0,1.0,6.0,0.0,0.0,0.0,0.0,0.0,0.0,0.0,0.0,0.0,0.0,0.0,0.0,0.0
519,944,Doraemon - Sprint 11,0,7,0,0,0,0,0,0,0,0,0,0,0,0,1,1,0.0,0.0,0.0,0.0,0.0,0.0,0.0,0.0,0.0,0.0,0.0,0.0,0.0,0.0,0.0,0.0,0.0,0.0,0.0,0.0,0.0,0.0,0.0,0.0,0.0,0.0,0.0,0.0,0.0,0.0,0.0,0.0,0.0,0.0,0.0,0.0,0.0,0.0,0.0,0.0,0.0,0.0,0.0,0.0,0.0,0.0,0.0,0.0,0.0,0.0,0.0,0.0,0.0,0.0,0.0,0.0,0.0,0.0,0.0,0.0,0.0,0.0,0.0,0.0,0.0,0.0,0.0,0.0,0.0,0.0,0.0,0.0,0.0,0.0,0.0,0.0,0.0,0.0,0.0,0.0,0.0,0.0,0.0,0.0,0.0,0.0,0.0,0.0,0.0,0.0
519,949,Galaxy - Sprint 12,2,14,2,6,1,5,0,0,3,11,0,0,0,0,1,3,4.0,0.0,2.0,3.0,28.0,10.5,5.5,11.789826122551595,139.0,25.0,0.0,5.0,2.25,2.0,2.217355782608345,4.916666666666667,5.0,0.0,2.0,1.25,1.5,0.9574271077563381,0.9166666666666666,2.0,0.0,9.0,2.5,0.5,4.358898943540674,19.0,9.0,0.0,0.0,0.0,0.0,0.0,0.0,0.0,0.0,0.0,0.0,0.0,0.0,0.0,0.0,0.0,3.0,1.25,1.0,1.5,2.25,3.0,0.0,2.0,0.5,0.0,1.0,1.0,2.0,0.0,2.0,1.0,1.0,0.816496580927726,0.6666666666666666,2.0,0.0,0.0,4.0,0.0,0.0,0.0,0.0,1.0,0.0,1.0,4.0,0.0,0.0,0.0,0.0,0.0,0.0,0.0,0.0,0.0,0.0,0.0,0.0,0.0
519,978,Galaxy - Sprint 13,0,14,0,0,0,0,0,0,0,0,0,0,0,0,1,1,1.0,0.0,0.0,0.0,0.0,0.0,0.0,0.0,0.0,0.0,1.0,1.0,1.0,1.0,0.0,0.0,0.0,2.0,2.0,2.0,2.0,0.0,0.0,0.0,1.0,1.0,1.0,1.0,0.0,0.0,0.0,0.0,0.0,0.0,0.0,0.0,0.0,0.0,0.0,0.0,0.0,0.0,0.0,0.0,0.0,0.0,0.0,0.0,0.0,0.0,0.0,0.0,0.0,0.0,0.0,0.0,0.0,0.0,0.0,1.0,1.0,1.0,1.0,0.0,0.0,0.0,1.0,0.0,1.0,0.0,0.0,0.0,0.0,1.0,0.0,0.0,0.0,0.0,0.0,0.0,0.0,0.0,0.0,0.0,0.0,0.0,0.0,0.0,0.0,0.0
519,1029,Galaxy - Sprint 14,0,14,0,0,2,6,0,0,0,0,1,3,1,3,1,3,2.0,0.0,0.0,0.0,3.0,1.5,1.5,2.1213203435596424,4.5,3.0,1.0,1.0,1.0,1.0,0.0,0.0,0.0,0.0,2.0,1.0,1.0,1.4142135623730951,2.0,2.0,0.0,1.0,0.5,0.5,0.7071067811865476,0.5,1.0,0.0,0.0,0.0,0.0,0.0,0.0,0.0,0.0,0.0,0.0,0.0,0.0,0.0,0.0,0.0,0.0,0.0,0.0,0.0,0.0,0.0,0.0,0.0,0.0,0.0,0.0,0.0,0.0,0.0,1.0,0.5,0.5,0.7071067811865476,0.5,1.0,1.0,0.0,2.0,0.0,0.0,0.0,0.0,2.0,0.0,0.0,1.0,0.0,0.0,0.0,0.0,0.0,0.0,0.0,0.0,0.0,0.0,0.0,0.0,0.0
519,1053,Galaxy - Sprint 15,-1,14,0,0,1,1,0,0,1,1,0,0,0,0,1,3,1.0,0.0,1.0,0.0,0.0,0.0,0.0,0.0,0.0,0.0,2.0,2.0,2.0,2.0,0.0,0.0,0.0,0.0,0.0,0.0,0.0,0.0,0.0,0.0,1.0,1.0,1.0,1.0,0.0,0.0,0.0,0.0,0.0,0.0,0.0,0.0,0.0,0.0,0.0,0.0,0.0,0.0,0.0,0.0,0.0,0.0,0.0,0.0,0.0,0.0,0.0,0.0,0.0,0.0,0.0,0.0,0.0,0.0,0.0,1.0,1.0,1.0,1.0,0.0,0.0,0.0,0.0,0.0,1.0,0.0,0.0,0.0,0.0,0.0,0.0,0.0,1.0,0.0,0.0,0.0,0.0,0.0,0.0,0.0,0.0,0.0,0.0,0.0,0.0,0.0
519,1094,Galaxy - Sprint 16,-1,21,1,1,0,0,0,0,1,1,0,0,0,0,1,3,1.0,0.0,1.0,0.0,0.0,0.0,0.0,0.0,0.0,0.0,2.0,2.0,2.0,2.0,0.0,0.0,0.0,0.0,0.0,0.0,0.0,0.0,0.0,0.0,1.0,1.0,1.0,1.0,0.0,0.0,0.0,0.0,0.0,0.0,0.0,0.0,0.0,0.0,0.0,0.0,0.0,0.0,0.0,0.0,0.0,0.0,0.0,0.0,0.0,0.0,0.0,0.0,0.0,0.0,0.0,0.0,0.0,0.0,0.0,1.0,1.0,1.0,1.0,0.0,0.0,0.0,0.0,0.0,1.0,0.0,0.0,0.0,0.0,0.0,0.0,0.0,1.0,0.0,0.0,0.0,0.0,0.0,0.0,0.0,0.0,0.0,0.0,0.0,0.0,0.0
519,1136,Doraemon - Gyro Capsule,0,7,1,3,0,0,0,0,0,0,0,0,1,3,1,1,1.0,0.0,1.0,0.0,0.0,0.0,0.0,0.0,0.0,0.0,2.0,2.0,2.0,2.0,0.0,0.0,0.0,0.0,0.0,0.0,0.0,0.0,0.0,0.0,0.0,0.0,0.0,0.0,0.0,0.0,0.0,0.0,0.0,0.0,0.0,0.0,0.0,0.0,0.0,0.0,0.0,0.0,0.0,0.0,0.0,0.0,0.0,0.0,0.0,0.0,0.0,0.0,0.0,0.0,0.0,0.0,0.0,0.0,0.0,1.0,1.0,1.0,1.0,0.0,0.0,0.0,0.0,0.0,1.0,0.0,0.0,0.0,0.0,0.0,0.0,0.0,1.0,0.0,0.0,0.0,0.0,0.0,0.0,0.0,0.0,0.0,0.0,0.0,0.0,0.0
519,1138,Galaxy - Sprint 17,-1,14,3,5,0,0,0,0,1,1,1,3,1,1,1,5,3.0,0.0,1.0,0.0,5.0,2.3333333333333335,2.0,2.5166114784235836,6.333333333333334,5.0,1.0,2.0,1.6666666666666667,2.0,0.5773502691896257,0.3333333333333333,1.0,0.0,2.0,0.6666666666666666,0.0,1.1547005383792517,1.3333333333333335,2.0,1.0,4.0,2.0,1.0,1.7320508075688772,3.0,3.0,0.0,0.0,0.0,0.0,0.0,0.0,0.0,0.0,0.0,0.0,0.0,0.0,0.0,0.0,0.0,0.0,0.0,0.0,0.0,0.0,0.0,0.0,1.0,0.3333333333333333,0.0,0.5773502691896258,0.33333333333333337,1.0,1.0,4.0,2.0,1.0,1.7320508075688772,3.0,3.0,0.0,0.0,3.0,0.0,0.0,0.0,0.0,2.0,0.0,0.0,3.0,0.0,0.0,0.0,0.0,0.0,0.0,0.0,0.0,0.0,0.0,0.0,0.0,0.0
519,1161,Galaxy Sprint 18,0,14,0,0,0,0,0,0,0,0,0,0,0,0,1,1,1.0,0.0,0.0,1.0,1.0,1.0,1.0,0.0,0.0,0.0,2.0,2.0,2.0,2.0,0.0,0.0,0.0,2.0,2.0,2.0,2.0,0.0,0.0,0.0,5.0,5.0,5.0,5.0,0.0,0.0,0.0,0.0,0.0,0.0,0.0,0.0,0.0,0.0,0.0,0.0,0.0,0.0,0.0,0.0,0.0,0.0,0.0,0.0,0.0,0.0,0.0,0.0,1.0,1.0,1.0,1.0,0.0,0.0,0.0,6.0,6.0,6.0,6.0,0.0,0.0,0.0,0.0,0.0,1.0,0.0,0.0,0.0,0.0,0.0,0.0,1.0,1.0,0.0,0.0,0.0,0.0,0.0,0.0,0.0,0.0,0.0,0.0,0.0,0.0,0.0
519,1188,Galaxy - Sprint 19,0,14,0,0,4,14,1,8,0,0,1,2,2,4,1,5,4.0,0.0,3.0,0.0,4.0,1.25,0.5,1.8929694486000912,3.5833333333333335,4.0,1.0,2.0,1.75,2.0,0.5,0.25,1.0,0.0,2.0,1.25,1.5,0.9574271077563381,0.9166666666666666,2.0,0.0,5.0,1.75,1.0,2.217355782608345,4.916666666666667,5.0,0.0,0.0,0.0,0.0,0.0,0.0,0.0,0.0,0.0,0.0,0.0,0.0,0.0,0.0,0.0,2.0,0.5,0.0,1.0,1.0,2.0,0.0,1.0,0.25,0.0,0.5,0.25,1.0,1.0,6.0,3.0,2.5,2.160246899469287,4.666666666666667,5.0,0.0,0.0,4.0,0.0,0.0,0.0,0.0,0.0,0.0,1.0,4.0,0.0,0.0,0.0,0.0,0.0,0.0,0.0,0.0,0.0,0.0,0.0,0.0,0.0
519,1224,Galaxy Sprint 20,0,14,0,0,1,8,0,0,0,0,1,8,0,0,1,2,1.0,0.0,0.0,11.0,11.0,11.0,11.0,0.0,0.0,0.0,2.0,2.0,2.0,2.0,0.0,0.0,0.0,2.0,2.0,2.0,2.0,0.0,0.0,0.0,5.0,5.0,5.0,5.0,0.0,0.0,0.0,0.0,0.0,0.0,0.0,0.0,0.0,0.0,0.0,0.0,0.0,0.0,0.0,0.0,0.0,0.0,0.0,0.0,0.0,0.0,0.0,0.0,1.0,1.0,1.0,1.0,0.0,0.0,0.0,6.0,6.0,6.0,6.0,0.0,0.0,0.0,0.0,0.0,1.0,0.0,0.0,0.0,0.0,0.0,0.0,1.0,1.0,0.0,0.0,0.0,0.0,0.0,0.0,0.0,0.0,0.0,0.0,0.0,0.0,0.0
519,1261,Galaxy Sprint 21,0,14,1,3,0,0,0,0,1,3,0,0,0,0,1,1,1.0,0.0,0.0,5.0,5.0,5.0,5.0,0.0,0.0,0.0,1.0,1.0,1.0,1.0,0.0,0.0,0.0,0.0,0.0,0.0,0.0,0.0,0.0,0.0,2.0,2.0,2.0,2.0,0.0,0.0,0.0,0.0,0.0,0.0,0.0,0.0,0.0,0.0,0.0,0.0,0.0,0.0,0.0,0.0,0.0,0.0,0.0,0.0,0.0,0.0,0.0,0.0,0.0,0.0,0.0,0.0,0.0,0.0,0.0,0.0,0.0,0.0,0.0,0.0,0.0,0.0,1.0,0.0,1.0,0.0,0.0,0.0,0.0,1.0,0.0,0.0,0.0,0.0,0.0,0.0,0.0,0.0,0.0,0.0,0.0,0.0,0.0,0.0,0.0,0.0
519,1318,Galaxy Sprint 23,3,15,0,0,1,3,0,0,0,0,1,3,0,0,1,1,2.0,0.0,1.0,0.0,0.0,0.0,0.0,0.0,0.0,0.0,1.0,2.0,1.5,1.5,0.7071067811865476,0.5,1.0,0.0,1.0,0.5,0.5,0.7071067811865476,0.5,1.0,0.0,0.0,0.0,0.0,0.0,0.0,0.0,0.0,0.0,0.0,0.0,0.0,0.0,0.0,0.0,0.0,0.0,0.0,0.0,0.0,0.0,0.0,0.0,0.0,0.0,0.0,0.0,0.0,0.0,0.0,0.0,0.0,0.0,0.0,0.0,0.0,1.0,0.5,0.5,0.7071067811865476,0.5,1.0,0.0,0.0,2.0,0.0,0.0,0.0,0.0,0.0,0.0,1.0,2.0,0.0,0.0,0.0,0.0,0.0,0.0,0.0,0.0,0.0,0.0,0.0,0.0,0.0
519,1426,10-Annamite range 2,0,7,0,0,0,0,0,0,0,0,0,0,0,0,1,1,0.0,0.0,0.0,0.0,0.0,0.0,0.0,0.0,0.0,0.0,0.0,0.0,0.0,0.0,0.0,0.0,0.0,0.0,0.0,0.0,0.0,0.0,0.0,0.0,0.0,0.0,0.0,0.0,0.0,0.0,0.0,0.0,0.0,0.0,0.0,0.0,0.0,0.0,0.0,0.0,0.0,0.0,0.0,0.0,0.0,0.0,0.0,0.0,0.0,0.0,0.0,0.0,0.0,0.0,0.0,0.0,0.0,0.0,0.0,0.0,0.0,0.0,0.0,0.0,0.0,0.0,0.0,0.0,0.0,0.0,0.0,0.0,0.0,0.0,0.0,0.0,0.0,0.0,0.0,0.0,0.0,0.0,0.0,0.0,0.0,0.0,0.0,0.0,0.0,0.0
519,1458,Galaxy Sprint 31,0,7,1,3,0,0,0,0,0,0,0,0,1,3,1,1,1.0,0.0,0.0,0.0,0.0,0.0,0.0,0.0,0.0,0.0,1.0,1.0,1.0,1.0,0.0,0.0,0.0,1.0,1.0,1.0,1.0,0.0,0.0,0.0,0.0,0.0,0.0,0.0,0.0,0.0,0.0,0.0,0.0,0.0,0.0,0.0,0.0,0.0,0.0,0.0,0.0,0.0,0.0,0.0,0.0,1.0,1.0,1.0,1.0,0.0,0.0,0.0,1.0,1.0,1.0,1.0,0.0,0.0,0.0,0.0,0.0,0.0,0.0,0.0,0.0,0.0,0.0,0.0,1.0,0.0,0.0,0.0,0.0,1.0,0.0,0.0,1.0,0.0,0.0,0.0,0.0,0.0,0.0,0.0,0.0,0.0,0.0,0.0,0.0,0.0
519,1459,Galaxy Sprint 32,-1,7,1,1,1,3,0,0,0,0,2,4,0,0,1,3,2.0,0.0,1.0,0.0,1.0,0.5,0.5,0.7071067811865476,0.5,1.0,0.0,1.0,0.5,0.5,0.7071067811865476,0.5,1.0,1.0,2.0,1.5,1.5,0.7071067811865476,0.5,1.0,0.0,1.0,0.5,0.5,0.7071067811865476,0.5,1.0,0.0,0.0,0.0,0.0,0.0,0.0,0.0,0.0,0.0,0.0,0.0,0.0,0.0,0.0,0.0,0.0,0.0,0.0,0.0,0.0,0.0,0.0,0.0,0.0,0.0,0.0,0.0,0.0,1.0,3.0,2.0,2.0,1.4142135623730951,2.0,2.0,0.0,0.0,1.0,1.0,0.0,0.0,0.0,0.0,0.0,0.0,2.0,0.0,0.0,0.0,0.0,0.0,0.0,0.0,0.0,0.0,0.0,0.0,0.0,0.0
519,1486,Galaxy Sprint 33,0,7,1,1,0,0,0,0,0,0,1,1,0,0,1,1,1.0,0.0,1.0,1.0,1.0,1.0,1.0,0.0,0.0,0.0,1.0,1.0,1.0,1.0,0.0,0.0,0.0,1.0,1.0,1.0,1.0,0.0,0.0,0.0,0.0,0.0,0.0,0.0,0.0,0.0,0.0,0.0,0.0,0.0,0.0,0.0,0.0,0.0,0.0,0.0,0.0,0.0,0.0,0.0,0.0,0.0,0.0,0.0,0.0,0.0,0.0,0.0,0.0,0.0,0.0,0.0,0.0,0.0,0.0,2.0,2.0,2.0,2.0,0.0,0.0,0.0,0.0,0.0,1.0,0.0,0.0,0.0,0.0,0.0,0.0,0.0,1.0,0.0,0.0,0.0,0.0,0.0,0.0,0.0,0.0,0.0,0.0,0.0,0.0,0.0
519,1633,Galaxy - Sprint 40,0,7,1,3,1,1,0,0,0,0,0,0,2,4,1,2,2.0,0.0,1.0,0.0,9.0,4.5,4.5,6.363961030678928,40.5,9.0,1.0,1.0,1.0,1.0,0.0,0.0,0.0,1.0,1.0,1.0,1.0,0.0,0.0,0.0,0.0,0.0,0.0,0.0,0.0,0.0,0.0,0.0,0.0,0.0,0.0,0.0,0.0,0.0,0.0,0.0,0.0,0.0,0.0,0.0,0.0,1.0,9.0,5.0,5.0,5.656854249492381,32.0,8.0,0.0,0.0,0.0,0.0,0.0,0.0,0.0,0.0,3.0,1.5,1.5,2.1213203435596424,4.5,3.0,0.0,0.0,2.0,0.0,0.0,0.0,0.0,1.0,0.0,0.0,2.0,0.0,0.0,0.0,0.0,0.0,0.0,0.0,0.0,0.0,0.0,0.0,0.0,0.0
519,1696,Galaxy Sprint 44,0,7,0,0,1,3,1,3,0,0,0,0,0,0,1,1,1.0,0.0,0.0,0.0,0.0,0.0,0.0,0.0,0.0,0.0,2.0,2.0,2.0,2.0,0.0,0.0,0.0,1.0,1.0,1.0,1.0,0.0,0.0,0.0,2.0,2.0,2.0,2.0,0.0,0.0,0.0,0.0,0.0,0.0,0.0,0.0,0.0,0.0,0.0,0.0,0.0,0.0,0.0,0.0,0.0,0.0,0.0,0.0,0.0,0.0,0.0,0.0,1.0,1.0,1.0,1.0,0.0,0.0,0.0,0.0,0.0,0.0,0.0,0.0,0.0,0.0,1.0,0.0,1.0,0.0,0.0,0.0,0.0,1.0,0.0,0.0,0.0,0.0,0.0,0.0,0.0,0.0,0.0,0.0,0.0,0.0,0.0,0.0,0.0,0.0
519,1711,Galaxy Sprint 45,0,7,0,0,1,3,0,0,0,0,0,0,1,3,1,1,1.0,0.0,0.0,1.0,1.0,1.0,1.0,0.0,0.0,0.0,2.0,2.0,2.0,2.0,0.0,0.0,0.0,1.0,1.0,1.0,1.0,0.0,0.0,0.0,2.0,2.0,2.0,2.0,0.0,0.0,0.0,0.0,0.0,0.0,0.0,0.0,0.0,0.0,0.0,0.0,0.0,0.0,0.0,0.0,0.0,1.0,1.0,1.0,1.0,0.0,0.0,0.0,1.0,1.0,1.0,1.0,0.0,0.0,0.0,0.0,0.0,0.0,0.0,0.0,0.0,0.0,1.0,0.0,1.0,0.0,0.0,0.0,0.0,1.0,0.0,0.0,0.0,0.0,0.0,0.0,0.0,0.0,0.0,0.0,0.0,0.0,0.0,0.0,0.0,0.0
519,1826,Galaxy - Sprint 53,-5,7,0,0,1,5,0,0,0,0,1,5,0,0,1,1,1.0,0.0,0.0,0.0,0.0,0.0,0.0,0.0,0.0,0.0,2.0,2.0,2.0,2.0,0.0,0.0,0.0,2.0,2.0,2.0,2.0,0.0,0.0,0.0,0.0,0.0,0.0,0.0,0.0,0.0,0.0,0.0,0.0,0.0,0.0,0.0,0.0,0.0,0.0,0.0,0.0,0.0,0.0,0.0,0.0,0.0,0.0,0.0,0.0,0.0,0.0,0.0,0.0,0.0,0.0,0.0,0.0,0.0,0.0,0.0,0.0,0.0,0.0,0.0,0.0,0.0,0.0,0.0,1.0,0.0,0.0,0.0,0.0,1.0,0.0,0.0,1.0,0.0,0.0,0.0,0.0,0.0,0.0,0.0,0.0,0.0,0.0,0.0,0.0,0.0
519,1832,Galaxy 54,0,7,1,5,0,0,1,5,0,0,0,0,0,0,1,1,1.0,0.0,0.0,0.0,0.0,0.0,0.0,0.0,0.0,0.0,2.0,2.0,2.0,2.0,0.0,0.0,0.0,2.0,2.0,2.0,2.0,0.0,0.0,0.0,0.0,0.0,0.0,0.0,0.0,0.0,0.0,0.0,0.0,0.0,0.0,0.0,0.0,0.0,0.0,0.0,0.0,0.0,0.0,0.0,0.0,0.0,0.0,0.0,0.0,0.0,0.0,0.0,0.0,0.0,0.0,0.0,0.0,0.0,0.0,0.0,0.0,0.0,0.0,0.0,0.0,0.0,0.0,0.0,1.0,0.0,0.0,0.0,0.0,1.0,0.0,0.0,1.0,0.0,0.0,0.0,0.0,0.0,0.0,0.0,0.0,0.0,0.0,0.0,0.0,0.0
519,1865,Galaxy Sprint 55,0,7,0,0,1,5,0,0,0,0,0,0,1,5,1,1,1.0,0.0,0.0,1.0,1.0,1.0,1.0,0.0,0.0,0.0,2.0,2.0,2.0,2.0,0.0,0.0,0.0,2.0,2.0,2.0,2.0,0.0,0.0,0.0,0.0,0.0,0.0,0.0,0.0,0.0,0.0,0.0,0.0,0.0,0.0,0.0,0.0,0.0,0.0,0.0,0.0,0.0,0.0,0.0,0.0,2.0,2.0,2.0,2.0,0.0,0.0,0.0,0.0,0.0,0.0,0.0,0.0,0.0,0.0,0.0,0.0,0.0,0.0,0.0,0.0,0.0,0.0,0.0,1.0,0.0,0.0,0.0,0.0,1.0,0.0,0.0,1.0,0.0,0.0,0.0,0.0,0.0,0.0,0.0,0.0,0.0,0.0,0.0,0.0,0.0
519,1868,Galaxy Sprint 58,0,14,0,0,1,3,0,0,0,0,1,3,0,0,1,1,1.0,0.0,0.0,0.0,0.0,0.0,0.0,0.0,0.0,0.0,0.0,0.0,0.0,0.0,0.0,0.0,0.0,1.0,1.0,1.0,1.0,0.0,0.0,0.0,1.0,1.0,1.0,1.0,0.0,0.0,0.0,0.0,0.0,0.0,0.0,0.0,0.0,0.0,0.0,0.0,0.0,0.0,0.0,0.0,0.0,0.0,0.0,0.0,0.0,0.0,0.0,0.0,1.0,1.0,1.0,1.0,0.0,0.0,0.0,2.0,2.0,2.0,2.0,0.0,0.0,0.0,0.0,0.0,1.0,0.0,0.0,0.0,0.0,1.0,0.0,0.0,1.0,0.0,0.0,0.0,0.0,0.0,0.0,0.0,0.0,0.0,0.0,0.0,0.0,0.0
519,1918,Galaxy Sprint 61,0,7,0,0,0,0,0,0,0,0,0,0,0,0,1,1,1.0,0.0,0.0,5.0,5.0,5.0,5.0,0.0,0.0,0.0,1.0,1.0,1.0,1.0,0.0,0.0,0.0,2.0,2.0,2.0,2.0,0.0,0.0,0.0,3.0,3.0,3.0,3.0,0.0,0.0,0.0,0.0,0.0,0.0,0.0,0.0,0.0,0.0,0.0,0.0,0.0,0.0,0.0,0.0,0.0,0.0,0.0,0.0,0.0,0.0,0.0,0.0,0.0,0.0,0.0,0.0,0.0,0.0,0.0,0.0,0.0,0.0,0.0,0.0,0.0,0.0,0.0,0.0,1.0,0.0,0.0,0.0,0.0,1.0,0.0,0.0,1.0,0.0,0.0,0.0,0.0,0.0,0.0,0.0,0.0,0.0,0.0,0.0,0.0,0.0
519,2001,Galaxy Sprint 62,0,7,0,0,1,5,1,5,0,0,0,0,0,0,1,2,1.0,0.0,0.0,9.0,9.0,9.0,9.0,0.0,0.0,0.0,1.0,1.0,1.0,1.0,0.0,0.0,0.0,2.0,2.0,2.0,2.0,0.0,0.0,0.0,3.0,3.0,3.0,3.0,0.0,0.0,0.0,0.0,0.0,0.0,0.0,0.0,0.0,0.0,0.0,0.0,0.0,0.0,0.0,0.0,0.0,0.0,0.0,0.0,0.0,0.0,0.0,0.0,0.0,0.0,0.0,0.0,0.0,0.0,0.0,0.0,0.0,0.0,0.0,0.0,0.0,0.0,0.0,0.0,1.0,0.0,0.0,0.0,0.0,1.0,0.0,0.0,1.0,0.0,0.0,0.0,0.0,0.0,0.0,0.0,0.0,0.0,0.0,0.0,0.0,0.0
519,2083,Galaxy Sprint 63,0,32,0,0,1,2,0,0,1,2,0,0,0,0,1,1,2.0,0.0,1.0,0.0,5.0,2.5,2.5,3.5355339059327378,12.5,5.0,1.0,1.0,1.0,1.0,0.0,0.0,0.0,1.0,2.0,1.5,1.5,0.7071067811865476,0.5,1.0,0.0,3.0,1.5,1.5,2.1213203435596424,4.5,3.0,0.0,0.0,0.0,0.0,0.0,0.0,0.0,0.0,0.0,0.0,0.0,0.0,0.0,0.0,0.0,0.0,0.0,0.0,0.0,0.0,0.0,0.0,0.0,0.0,0.0,0.0,0.0,0.0,0.0,0.0,0.0,0.0,0.0,0.0,0.0,0.0,0.0,2.0,0.0,0.0,0.0,0.0,1.0,0.0,0.0,2.0,0.0,0.0,0.0,0.0,0.0,0.0,0.0,0.0,0.0,0.0,0.0,0.0,0.0
519,2306,Galaxy sprint 72,-12,7,6,18,2,6,1,3,4,12,2,6,1,3,1,6,12.0,4.0,7.0,0.0,4.0,1.3333333333333333,1.0,1.3026778945578592,1.696969696969697,4.0,0.0,2.0,0.75,1.0,0.621581560508061,0.38636363636363635,2.0,0.0,0.0,0.0,0.0,0.0,0.0,0.0,0.0,3.0,0.6666666666666666,0.0,1.0730867399773198,1.1515151515151518,3.0,0.0,0.0,0.0,0.0,0.0,0.0,0.0,0.0,0.0,0.0,0.0,0.0,0.0,0.0,0.0,6.0,3.0833333333333335,3.5,2.937479851639476,8.628787878787877,6.0,0.0,1.0,0.08333333333333333,0.0,0.28867513459481287,0.08333333333333331,1.0,0.0,20.0,2.0833333333333335,0.0,5.712161401675191,32.62878787878788,20.0,1.0,0.0,8.0,0.0,0.0,0.0,0.0,4.0,1.0,0.0,11.0,0.0,0.0,0.0,0.0,0.0,0.0,0.0,0.0,0.0,0.0,0.0,0.0,0.0
520,206,Editor Sprint 4,-9,14,0,0,3,9,0,0,3,9,0,0,0,0,1,3,7.0,4.0,4.0,0.0,2.0,0.7142857142857143,0.0,0.9511897312113418,0.9047619047619047,2.0,0.0,2.0,0.7142857142857143,1.0,0.7559289460184544,0.5714285714285714,2.0,0.0,0.0,0.0,0.0,0.0,0.0,0.0,0.0,2.0,0.7142857142857143,0.0,0.9511897312113419,0.9047619047619048,2.0,0.0,0.0,0.0,0.0,0.0,0.0,0.0,0.0,0.0,0.0,0.0,0.0,0.0,0.0,1.0,6.0,4.428571428571429,5.0,1.618347187425374,2.619047619047619,5.0,0.0,0.0,0.0,0.0,0.0,0.0,0.0,0.0,20.0,3.0,0.0,7.505553499465135,56.333333333333336,20.0,0.0,0.0,3.0,0.0,0.0,0.0,0.0,3.0,0.0,0.0,7.0,0.0,0.0,0.0,0.0,0.0,0.0,0.0,0.0,0.0,0.0,0.0,0.0,0.0
520,255,Editor Sprint 5,-9,14,3,9,0,0,0,0,3,9,0,0,0,0,1,3,7.0,4.0,4.0,0.0,3.0,0.8571428571428571,0.0,1.2149857925879117,1.4761904761904763,3.0,0.0,2.0,0.7142857142857143,1.0,0.7559289460184544,0.5714285714285714,2.0,0.0,0.0,0.0,0.0,0.0,0.0,0.0,0.0,2.0,0.7142857142857143,0.0,0.9511897312113419,0.9047619047619048,2.0,0.0,0.0,0.0,0.0,0.0,0.0,0.0,0.0,0.0,0.0,0.0,0.0,0.0,0.0,1.0,6.0,4.428571428571429,5.0,1.618347187425374,2.619047619047619,5.0,0.0,0.0,0.0,0.0,0.0,0.0,0.0,0.0,20.0,3.0,0.0,7.505553499465135,56.333333333333336,20.0,0.0,0.0,3.0,0.0,0.0,0.0,0.0,3.0,0.0,0.0,7.0,0.0,0.0,0.0,0.0,0.0,0.0,0.0,0.0,0.0,0.0,0.0,0.0,0.0
520,269,Editor Sprint 6,-3,18,1,3,0,0,0,0,1,3,0,0,0,0,1,1,1.0,0.0,1.0,1.0,1.0,1.0,1.0,0.0,0.0,0.0,1.0,1.0,1.0,1.0,0.0,0.0,0.0,0.0,0.0,0.0,0.0,0.0,0.0,0.0,3.0,3.0,3.0,3.0,0.0,0.0,0.0,0.0,0.0,0.0,0.0,0.0,0.0,0.0,0.0,0.0,0.0,0.0,0.0,0.0,0.0,0.0,0.0,0.0,0.0,0.0,0.0,0.0,0.0,0.0,0.0,0.0,0.0,0.0,0.0,2.0,2.0,2.0,2.0,0.0,0.0,0.0,1.0,0.0,1.0,0.0,0.0,0.0,0.0,0.0,0.0,0.0,0.0,0.0,0.0,0.0,0.0,0.0,0.0,0.0,0.0,0.0,0.0,0.0,0.0,0.0
520,2306,Galaxy sprint 72,-15,7,6,18,2,6,3,9,2,6,2,6,1,3,1,6,12.0,4.0,7.0,0.0,4.0,1.3333333333333333,1.0,1.3026778945578592,1.696969696969697,4.0,0.0,2.0,0.75,1.0,0.621581560508061,0.38636363636363635,2.0,0.0,0.0,0.0,0.0,0.0,0.0,0.0,0.0,3.0,0.6666666666666666,0.0,1.0730867399773198,1.1515151515151518,3.0,0.0,0.0,0.0,0.0,0.0,0.0,0.0,0.0,0.0,0.0,0.0,0.0,0.0,0.0,0.0,6.0,3.0833333333333335,3.5,2.937479851639476,8.628787878787877,6.0,0.0,1.0,0.08333333333333333,0.0,0.28867513459481287,0.08333333333333331,1.0,0.0,20.0,2.0833333333333335,0.0,5.712161401675191,32.62878787878788,20.0,1.0,0.0,8.0,0.0,0.0,0.0,0.0,4.0,1.0,0.0,11.0,0.0,0.0,0.0,0.0,0.0,0.0,0.0,0.0,0.0,0.0,0.0,0.0,0.0
556,393,5.0.x Sprint 1,0,14,0,0,0,0,0,0,0,0,0,0,0,0,1,1,2.0,2.0,2.0,0.0,0.0,0.0,0.0,0.0,0.0,0.0,0.0,0.0,0.0,0.0,0.0,0.0,0.0,1.0,1.0,1.0,1.0,0.0,0.0,0.0,0.0,0.0,0.0,0.0,0.0,0.0,0.0,0.0,0.0,0.0,0.0,0.0,0.0,0.0,0.0,0.0,0.0,0.0,0.0,0.0,0.0,0.0,0.0,0.0,0.0,0.0,0.0,0.0,0.0,0.0,0.0,0.0,0.0,0.0,0.0,0.0,0.0,0.0,0.0,0.0,0.0,0.0,2.0,0.0,0.0,0.0,0.0,0.0,0.0,0.0,0.0,0.0,0.0,0.0,0.0,0.0,0.0,0.0,0.0,0.0,0.0,0.0,0.0,0.0,0.0,0.0
556,412,5.0.x Sprint 2,0,14,0,0,0,0,0,0,0,0,0,0,0,0,1,1,2.0,2.0,2.0,0.0,0.0,0.0,0.0,0.0,0.0,0.0,0.0,0.0,0.0,0.0,0.0,0.0,0.0,1.0,1.0,1.0,1.0,0.0,0.0,0.0,0.0,0.0,0.0,0.0,0.0,0.0,0.0,0.0,0.0,0.0,0.0,0.0,0.0,0.0,0.0,0.0,0.0,0.0,0.0,0.0,0.0,0.0,0.0,0.0,0.0,0.0,0.0,0.0,0.0,0.0,0.0,0.0,0.0,0.0,0.0,0.0,0.0,0.0,0.0,0.0,0.0,0.0,2.0,0.0,0.0,0.0,0.0,0.0,0.0,0.0,0.0,0.0,0.0,0.0,0.0,0.0,0.0,0.0,0.0,0.0,0.0,0.0,0.0,0.0,0.0,0.0
556,812,Galaxy - Sprint 7,0,13,0,0,0,0,0,0,0,0,0,0,0,0,1,1,0.0,0.0,0.0,0.0,0.0,0.0,0.0,0.0,0.0,0.0,0.0,0.0,0.0,0.0,0.0,0.0,0.0,0.0,0.0,0.0,0.0,0.0,0.0,0.0,0.0,0.0,0.0,0.0,0.0,0.0,0.0,0.0,0.0,0.0,0.0,0.0,0.0,0.0,0.0,0.0,0.0,0.0,0.0,0.0,0.0,0.0,0.0,0.0,0.0,0.0,0.0,0.0,0.0,0.0,0.0,0.0,0.0,0.0,0.0,0.0,0.0,0.0,0.0,0.0,0.0,0.0,0.0,0.0,0.0,0.0,0.0,0.0,0.0,0.0,0.0,0.0,0.0,0.0,0.0,0.0,0.0,0.0,0.0,0.0,0.0,0.0,0.0,0.0,0.0,0.0
556,813,Doraemon - Sprint 5,0,14,0,0,0,0,0,0,0,0,0,0,0,0,1,1,0.0,0.0,0.0,0.0,0.0,0.0,0.0,0.0,0.0,0.0,0.0,0.0,0.0,0.0,0.0,0.0,0.0,0.0,0.0,0.0,0.0,0.0,0.0,0.0,0.0,0.0,0.0,0.0,0.0,0.0,0.0,0.0,0.0,0.0,0.0,0.0,0.0,0.0,0.0,0.0,0.0,0.0,0.0,0.0,0.0,0.0,0.0,0.0,0.0,0.0,0.0,0.0,0.0,0.0,0.0,0.0,0.0,0.0,0.0,0.0,0.0,0.0,0.0,0.0,0.0,0.0,0.0,0.0,0.0,0.0,0.0,0.0,0.0,0.0,0.0,0.0,0.0,0.0,0.0,0.0,0.0,0.0,0.0,0.0,0.0,0.0,0.0,0.0,0.0,0.0
556,849,Galaxy - Sprint 8,0,14,0,0,0,0,0,0,0,0,0,0,0,0,1,1,0.0,0.0,0.0,0.0,0.0,0.0,0.0,0.0,0.0,0.0,0.0,0.0,0.0,0.0,0.0,0.0,0.0,0.0,0.0,0.0,0.0,0.0,0.0,0.0,0.0,0.0,0.0,0.0,0.0,0.0,0.0,0.0,0.0,0.0,0.0,0.0,0.0,0.0,0.0,0.0,0.0,0.0,0.0,0.0,0.0,0.0,0.0,0.0,0.0,0.0,0.0,0.0,0.0,0.0,0.0,0.0,0.0,0.0,0.0,0.0,0.0,0.0,0.0,0.0,0.0,0.0,0.0,0.0,0.0,0.0,0.0,0.0,0.0,0.0,0.0,0.0,0.0,0.0,0.0,0.0,0.0,0.0,0.0,0.0,0.0,0.0,0.0,0.0,0.0,0.0
556,853,Doraemon - Sprint 6,0,14,0,0,0,0,0,0,0,0,0,0,0,0,1,1,0.0,0.0,0.0,0.0,0.0,0.0,0.0,0.0,0.0,0.0,0.0,0.0,0.0,0.0,0.0,0.0,0.0,0.0,0.0,0.0,0.0,0.0,0.0,0.0,0.0,0.0,0.0,0.0,0.0,0.0,0.0,0.0,0.0,0.0,0.0,0.0,0.0,0.0,0.0,0.0,0.0,0.0,0.0,0.0,0.0,0.0,0.0,0.0,0.0,0.0,0.0,0.0,0.0,0.0,0.0,0.0,0.0,0.0,0.0,0.0,0.0,0.0,0.0,0.0,0.0,0.0,0.0,0.0,0.0,0.0,0.0,0.0,0.0,0.0,0.0,0.0,0.0,0.0,0.0,0.0,0.0,0.0,0.0,0.0,0.0,0.0,0.0,0.0,0.0,0.0
556,864,Galaxy - Sprint 9,0,14,0,0,0,0,0,0,0,0,0,0,0,0,1,1,0.0,0.0,0.0,0.0,0.0,0.0,0.0,0.0,0.0,0.0,0.0,0.0,0.0,0.0,0.0,0.0,0.0,0.0,0.0,0.0,0.0,0.0,0.0,0.0,0.0,0.0,0.0,0.0,0.0,0.0,0.0,0.0,0.0,0.0,0.0,0.0,0.0,0.0,0.0,0.0,0.0,0.0,0.0,0.0,0.0,0.0,0.0,0.0,0.0,0.0,0.0,0.0,0.0,0.0,0.0,0.0,0.0,0.0,0.0,0.0,0.0,0.0,0.0,0.0,0.0,0.0,0.0,0.0,0.0,0.0,0.0,0.0,0.0,0.0,0.0,0.0,0.0,0.0,0.0,0.0,0.0,0.0,0.0,0.0,0.0,0.0,0.0,0.0,0.0,0.0
556,865,Doraemon - Sprint 7,0,14,0,0,0,0,0,0,0,0,0,0,0,0,1,1,0.0,0.0,0.0,0.0,0.0,0.0,0.0,0.0,0.0,0.0,0.0,0.0,0.0,0.0,0.0,0.0,0.0,0.0,0.0,0.0,0.0,0.0,0.0,0.0,0.0,0.0,0.0,0.0,0.0,0.0,0.0,0.0,0.0,0.0,0.0,0.0,0.0,0.0,0.0,0.0,0.0,0.0,0.0,0.0,0.0,0.0,0.0,0.0,0.0,0.0,0.0,0.0,0.0,0.0,0.0,0.0,0.0,0.0,0.0,0.0,0.0,0.0,0.0,0.0,0.0,0.0,0.0,0.0,0.0,0.0,0.0,0.0,0.0,0.0,0.0,0.0,0.0,0.0,0.0,0.0,0.0,0.0,0.0,0.0,0.0,0.0,0.0,0.0,0.0,0.0
556,906,Galaxy - Sprint 10,0,14,0,0,0,0,0,0,0,0,0,0,0,0,1,1,0.0,0.0,0.0,0.0,0.0,0.0,0.0,0.0,0.0,0.0,0.0,0.0,0.0,0.0,0.0,0.0,0.0,0.0,0.0,0.0,0.0,0.0,0.0,0.0,0.0,0.0,0.0,0.0,0.0,0.0,0.0,0.0,0.0,0.0,0.0,0.0,0.0,0.0,0.0,0.0,0.0,0.0,0.0,0.0,0.0,0.0,0.0,0.0,0.0,0.0,0.0,0.0,0.0,0.0,0.0,0.0,0.0,0.0,0.0,0.0,0.0,0.0,0.0,0.0,0.0,0.0,0.0,0.0,0.0,0.0,0.0,0.0,0.0,0.0,0.0,0.0,0.0,0.0,0.0,0.0,0.0,0.0,0.0,0.0,0.0,0.0,0.0,0.0,0.0,0.0
556,912,Doraemon - Sprint 8,0,14,0,0,0,0,0,0,0,0,0,0,0,0,1,1,0.0,0.0,0.0,0.0,0.0,0.0,0.0,0.0,0.0,0.0,0.0,0.0,0.0,0.0,0.0,0.0,0.0,0.0,0.0,0.0,0.0,0.0,0.0,0.0,0.0,0.0,0.0,0.0,0.0,0.0,0.0,0.0,0.0,0.0,0.0,0.0,0.0,0.0,0.0,0.0,0.0,0.0,0.0,0.0,0.0,0.0,0.0,0.0,0.0,0.0,0.0,0.0,0.0,0.0,0.0,0.0,0.0,0.0,0.0,0.0,0.0,0.0,0.0,0.0,0.0,0.0,0.0,0.0,0.0,0.0,0.0,0.0,0.0,0.0,0.0,0.0,0.0,0.0,0.0,0.0,0.0,0.0,0.0,0.0,0.0,0.0,0.0,0.0,0.0,0.0
556,939,Warranty bugs,-3,54,0,0,1,3,0,0,1,3,0,0,0,0,1,1,1.0,0.0,1.0,0.0,0.0,0.0,0.0,0.0,0.0,0.0,1.0,1.0,1.0,1.0,0.0,0.0,0.0,0.0,0.0,0.0,0.0,0.0,0.0,0.0,0.0,0.0,0.0,0.0,0.0,0.0,0.0,0.0,0.0,0.0,0.0,0.0,0.0,0.0,0.0,0.0,0.0,0.0,0.0,0.0,0.0,0.0,0.0,0.0,0.0,0.0,0.0,0.0,0.0,0.0,0.0,0.0,0.0,0.0,0.0,1.0,1.0,1.0,1.0,0.0,0.0,0.0,1.0,0.0,1.0,0.0,0.0,0.0,0.0,0.0,0.0,0.0,0.0,0.0,0.0,0.0,0.0,0.0,0.0,0.0,0.0,0.0,0.0,0.0,0.0,0.0
556,940,Galaxy - Sprint 11,-3,14,1,3,0,0,0,0,1,3,0,0,0,0,1,1,1.0,0.0,0.0,0.0,0.0,0.0,0.0,0.0,0.0,0.0,1.0,1.0,1.0,1.0,0.0,0.0,0.0,0.0,0.0,0.0,0.0,0.0,0.0,0.0,3.0,3.0,3.0,3.0,0.0,0.0,0.0,0.0,0.0,0.0,0.0,0.0,0.0,0.0,0.0,0.0,0.0,0.0,0.0,0.0,0.0,0.0,0.0,0.0,0.0,0.0,0.0,0.0,0.0,0.0,0.0,0.0,0.0,0.0,0.0,0.0,0.0,0.0,0.0,0.0,0.0,0.0,1.0,0.0,0.0,1.0,0.0,0.0,0.0,0.0,0.0,0.0,0.0,0.0,0.0,0.0,0.0,0.0,0.0,0.0,0.0,0.0,0.0,0.0,0.0,0.0
556,941,Doraemon - Sprint 9,0,14,0,0,0,0,0,0,0,0,0,0,0,0,1,1,0.0,0.0,0.0,0.0,0.0,0.0,0.0,0.0,0.0,0.0,0.0,0.0,0.0,0.0,0.0,0.0,0.0,0.0,0.0,0.0,0.0,0.0,0.0,0.0,0.0,0.0,0.0,0.0,0.0,0.0,0.0,0.0,0.0,0.0,0.0,0.0,0.0,0.0,0.0,0.0,0.0,0.0,0.0,0.0,0.0,0.0,0.0,0.0,0.0,0.0,0.0,0.0,0.0,0.0,0.0,0.0,0.0,0.0,0.0,0.0,0.0,0.0,0.0,0.0,0.0,0.0,0.0,0.0,0.0,0.0,0.0,0.0,0.0,0.0,0.0,0.0,0.0,0.0,0.0,0.0,0.0,0.0,0.0,0.0,0.0,0.0,0.0,0.0,0.0,0.0
556,944,Doraemon - Sprint 11,0,7,0,0,0,0,0,0,0,0,0,0,0,0,1,1,0.0,0.0,0.0,0.0,0.0,0.0,0.0,0.0,0.0,0.0,0.0,0.0,0.0,0.0,0.0,0.0,0.0,0.0,0.0,0.0,0.0,0.0,0.0,0.0,0.0,0.0,0.0,0.0,0.0,0.0,0.0,0.0,0.0,0.0,0.0,0.0,0.0,0.0,0.0,0.0,0.0,0.0,0.0,0.0,0.0,0.0,0.0,0.0,0.0,0.0,0.0,0.0,0.0,0.0,0.0,0.0,0.0,0.0,0.0,0.0,0.0,0.0,0.0,0.0,0.0,0.0,0.0,0.0,0.0,0.0,0.0,0.0,0.0,0.0,0.0,0.0,0.0,0.0,0.0,0.0,0.0,0.0,0.0,0.0,0.0,0.0,0.0,0.0,0.0,0.0
556,949,Galaxy - Sprint 12,-3,14,1,3,0,0,0,0,0,0,1,3,0,0,1,1,1.0,0.0,0.0,1.0,1.0,1.0,1.0,0.0,0.0,0.0,1.0,1.0,1.0,1.0,0.0,0.0,0.0,0.0,0.0,0.0,0.0,0.0,0.0,0.0,3.0,3.0,3.0,3.0,0.0,0.0,0.0,0.0,0.0,0.0,0.0,0.0,0.0,0.0,0.0,0.0,0.0,0.0,0.0,0.0,0.0,0.0,0.0,0.0,0.0,0.0,0.0,0.0,0.0,0.0,0.0,0.0,0.0,0.0,0.0,0.0,0.0,0.0,0.0,0.0,0.0,0.0,1.0,0.0,0.0,1.0,0.0,0.0,0.0,0.0,0.0,0.0,0.0,0.0,0.0,0.0,0.0,0.0,0.0,0.0,0.0,0.0,0.0,0.0,0.0,0.0
556,975,Doraemon - Sprint 10,0,14,0,0,0,0,0,0,0,0,0,0,0,0,1,1,0.0,0.0,0.0,0.0,0.0,0.0,0.0,0.0,0.0,0.0,0.0,0.0,0.0,0.0,0.0,0.0,0.0,0.0,0.0,0.0,0.0,0.0,0.0,0.0,0.0,0.0,0.0,0.0,0.0,0.0,0.0,0.0,0.0,0.0,0.0,0.0,0.0,0.0,0.0,0.0,0.0,0.0,0.0,0.0,0.0,0.0,0.0,0.0,0.0,0.0,0.0,0.0,0.0,0.0,0.0,0.0,0.0,0.0,0.0,0.0,0.0,0.0,0.0,0.0,0.0,0.0,0.0,0.0,0.0,0.0,0.0,0.0,0.0,0.0,0.0,0.0,0.0,0.0,0.0,0.0,0.0,0.0,0.0,0.0,0.0,0.0,0.0,0.0,0.0,0.0
556,978,Galaxy - Sprint 13,-3,14,1,3,0,0,0,0,1,3,0,0,0,0,1,1,1.0,0.0,0.0,1.0,1.0,1.0,1.0,0.0,0.0,0.0,1.0,1.0,1.0,1.0,0.0,0.0,0.0,0.0,0.0,0.0,0.0,0.0,0.0,0.0,3.0,3.0,3.0,3.0,0.0,0.0,0.0,0.0,0.0,0.0,0.0,0.0,0.0,0.0,0.0,0.0,0.0,0.0,0.0,0.0,0.0,0.0,0.0,0.0,0.0,0.0,0.0,0.0,0.0,0.0,0.0,0.0,0.0,0.0,0.0,0.0,0.0,0.0,0.0,0.0,0.0,0.0,1.0,0.0,0.0,1.0,0.0,0.0,0.0,0.0,0.0,0.0,0.0,0.0,0.0,0.0,0.0,0.0,0.0,0.0,0.0,0.0,0.0,0.0,0.0,0.0
556,1017,Doraemon - Sprint 12,0,7,0,0,1,1,0,0,0,0,0,0,1,1,1,2,1.0,0.0,0.0,1.0,1.0,1.0,1.0,0.0,0.0,0.0,1.0,1.0,1.0,1.0,0.0,0.0,0.0,2.0,2.0,2.0,2.0,0.0,0.0,0.0,0.0,0.0,0.0,0.0,0.0,0.0,0.0,0.0,0.0,0.0,0.0,0.0,0.0,0.0,0.0,0.0,0.0,0.0,0.0,0.0,0.0,2.0,2.0,2.0,2.0,0.0,0.0,0.0,1.0,1.0,1.0,1.0,0.0,0.0,0.0,0.0,0.0,0.0,0.0,0.0,0.0,0.0,1.0,0.0,1.0,0.0,0.0,0.0,0.0,1.0,0.0,0.0,0.0,0.0,0.0,0.0,0.0,0.0,0.0,0.0,0.0,0.0,0.0,0.0,0.0,0.0
556,1029,Galaxy - Sprint 14,-3,14,1,3,0,0,0,0,1,3,0,0,0,0,1,1,1.0,0.0,0.0,1.0,1.0,1.0,1.0,0.0,0.0,0.0,1.0,1.0,1.0,1.0,0.0,0.0,0.0,0.0,0.0,0.0,0.0,0.0,0.0,0.0,3.0,3.0,3.0,3.0,0.0,0.0,0.0,0.0,0.0,0.0,0.0,0.0,0.0,0.0,0.0,0.0,0.0,0.0,0.0,0.0,0.0,0.0,0.0,0.0,0.0,0.0,0.0,0.0,0.0,0.0,0.0,0.0,0.0,0.0,0.0,0.0,0.0,0.0,0.0,0.0,0.0,0.0,1.0,0.0,0.0,1.0,0.0,0.0,0.0,0.0,0.0,0.0,0.0,0.0,0.0,0.0,0.0,0.0,0.0,0.0,0.0,0.0,0.0,0.0,0.0,0.0
556,1037,Dokodemo door - hardening,0,7,0,0,1,3,0,0,0,0,0,0,1,3,1,3,1.0,0.0,1.0,0.0,0.0,0.0,0.0,0.0,0.0,0.0,1.0,1.0,1.0,1.0,0.0,0.0,0.0,2.0,2.0,2.0,2.0,0.0,0.0,0.0,1.0,1.0,1.0,1.0,0.0,0.0,0.0,0.0,0.0,0.0,0.0,0.0,0.0,0.0,0.0,0.0,0.0,0.0,0.0,0.0,0.0,2.0,2.0,2.0,2.0,0.0,0.0,0.0,0.0,0.0,0.0,0.0,0.0,0.0,0.0,3.0,3.0,3.0,3.0,0.0,0.0,0.0,0.0,0.0,1.0,0.0,0.0,0.0,0.0,0.0,0.0,0.0,1.0,0.0,0.0,0.0,0.0,0.0,0.0,0.0,0.0,0.0,0.0,0.0,0.0,0.0
556,1043,Doraemon - Dokodemo door - ext,0,7,0,0,0,0,0,0,0,0,0,0,0,0,1,1,0.0,0.0,0.0,0.0,0.0,0.0,0.0,0.0,0.0,0.0,0.0,0.0,0.0,0.0,0.0,0.0,0.0,0.0,0.0,0.0,0.0,0.0,0.0,0.0,0.0,0.0,0.0,0.0,0.0,0.0,0.0,0.0,0.0,0.0,0.0,0.0,0.0,0.0,0.0,0.0,0.0,0.0,0.0,0.0,0.0,0.0,0.0,0.0,0.0,0.0,0.0,0.0,0.0,0.0,0.0,0.0,0.0,0.0,0.0,0.0,0.0,0.0,0.0,0.0,0.0,0.0,0.0,0.0,0.0,0.0,0.0,0.0,0.0,0.0,0.0,0.0,0.0,0.0,0.0,0.0,0.0,0.0,0.0,0.0,0.0,0.0,0.0,0.0,0.0,0.0
556,1052,Doraemon - Take Copter #1,0,7,0,0,0,0,0,0,0,0,0,0,0,0,1,1,0.0,0.0,0.0,0.0,0.0,0.0,0.0,0.0,0.0,0.0,0.0,0.0,0.0,0.0,0.0,0.0,0.0,0.0,0.0,0.0,0.0,0.0,0.0,0.0,0.0,0.0,0.0,0.0,0.0,0.0,0.0,0.0,0.0,0.0,0.0,0.0,0.0,0.0,0.0,0.0,0.0,0.0,0.0,0.0,0.0,0.0,0.0,0.0,0.0,0.0,0.0,0.0,0.0,0.0,0.0,0.0,0.0,0.0,0.0,0.0,0.0,0.0,0.0,0.0,0.0,0.0,0.0,0.0,0.0,0.0,0.0,0.0,0.0,0.0,0.0,0.0,0.0,0.0,0.0,0.0,0.0,0.0,0.0,0.0,0.0,0.0,0.0,0.0,0.0,0.0
556,1053,Galaxy - Sprint 15,-8,14,2,8,0,0,0,0,2,8,0,0,0,0,1,2,2.0,0.0,0.0,1.0,3.0,2.0,2.0,1.4142135623730951,2.0,2.0,1.0,1.0,1.0,1.0,0.0,0.0,0.0,0.0,0.0,0.0,0.0,0.0,0.0,0.0,0.0,3.0,1.5,1.5,2.1213203435596424,4.5,3.0,0.0,0.0,0.0,0.0,0.0,0.0,0.0,0.0,0.0,0.0,0.0,0.0,0.0,0.0,0.0,0.0,0.0,0.0,0.0,0.0,0.0,0.0,1.0,0.5,0.5,0.7071067811865476,0.5,1.0,0.0,1.0,0.5,0.5,0.7071067811865476,0.5,1.0,1.0,0.0,1.0,1.0,0.0,0.0,0.0,1.0,0.0,0.0,1.0,0.0,0.0,0.0,0.0,0.0,0.0,0.0,0.0,0.0,0.0,0.0,0.0,0.0
556,1063,Take copter - JtW,0,7,0,0,0,0,0,0,0,0,0,0,0,0,1,1,0.0,0.0,0.0,0.0,0.0,0.0,0.0,0.0,0.0,0.0,0.0,0.0,0.0,0.0,0.0,0.0,0.0,0.0,0.0,0.0,0.0,0.0,0.0,0.0,0.0,0.0,0.0,0.0,0.0,0.0,0.0,0.0,0.0,0.0,0.0,0.0,0.0,0.0,0.0,0.0,0.0,0.0,0.0,0.0,0.0,0.0,0.0,0.0,0.0,0.0,0.0,0.0,0.0,0.0,0.0,0.0,0.0,0.0,0.0,0.0,0.0,0.0,0.0,0.0,0.0,0.0,0.0,0.0,0.0,0.0,0.0,0.0,0.0,0.0,0.0,0.0,0.0,0.0,0.0,0.0,0.0,0.0,0.0,0.0,0.0,0.0,0.0,0.0,0.0,0.0
556,1082,Doraemon - Camping capsule,0,8,0,0,0,0,0,0,0,0,0,0,0,0,1,1,0.0,0.0,0.0,0.0,0.0,0.0,0.0,0.0,0.0,0.0,0.0,0.0,0.0,0.0,0.0,0.0,0.0,0.0,0.0,0.0,0.0,0.0,0.0,0.0,0.0,0.0,0.0,0.0,0.0,0.0,0.0,0.0,0.0,0.0,0.0,0.0,0.0,0.0,0.0,0.0,0.0,0.0,0.0,0.0,0.0,0.0,0.0,0.0,0.0,0.0,0.0,0.0,0.0,0.0,0.0,0.0,0.0,0.0,0.0,0.0,0.0,0.0,0.0,0.0,0.0,0.0,0.0,0.0,0.0,0.0,0.0,0.0,0.0,0.0,0.0,0.0,0.0,0.0,0.0,0.0,0.0,0.0,0.0,0.0,0.0,0.0,0.0,0.0,0.0,0.0
556,1094,Galaxy - Sprint 16,-5,21,2,8,0,0,1,3,1,5,0,0,0,0,1,2,2.0,0.0,0.0,2.0,3.0,2.5,2.5,0.7071067811865476,0.5,1.0,1.0,1.0,1.0,1.0,0.0,0.0,0.0,0.0,0.0,0.0,0.0,0.0,0.0,0.0,0.0,3.0,1.5,1.5,2.1213203435596424,4.5,3.0,0.0,0.0,0.0,0.0,0.0,0.0,0.0,0.0,0.0,0.0,0.0,0.0,0.0,0.0,0.0,0.0,0.0,0.0,0.0,0.0,0.0,0.0,1.0,0.5,0.5,0.7071067811865476,0.5,1.0,0.0,1.0,0.5,0.5,0.7071067811865476,0.5,1.0,1.0,0.0,1.0,1.0,0.0,0.0,0.0,1.0,0.0,0.0,1.0,0.0,0.0,0.0,0.0,0.0,0.0,0.0,0.0,0.0,0.0,0.0,0.0,0.0
556,1136,Doraemon - Gyro Capsule,0,7,0,0,1,1,0,0,0,0,1,1,0,0,1,1,1.0,0.0,0.0,0.0,0.0,0.0,0.0,0.0,0.0,0.0,1.0,1.0,1.0,1.0,0.0,0.0,0.0,1.0,1.0,1.0,1.0,0.0,0.0,0.0,0.0,0.0,0.0,0.0,0.0,0.0,0.0,0.0,0.0,0.0,0.0,0.0,0.0,0.0,0.0,0.0,0.0,0.0,0.0,0.0,0.0,0.0,0.0,0.0,0.0,0.0,0.0,0.0,1.0,1.0,1.0,1.0,0.0,0.0,0.0,1.0,1.0,1.0,1.0,0.0,0.0,0.0,0.0,0.0,1.0,0.0,0.0,0.0,0.0,1.0,0.0,0.0,1.0,0.0,0.0,0.0,0.0,0.0,0.0,0.0,0.0,0.0,0.0,0.0,0.0,0.0
556,1138,Galaxy - Sprint 17,0,14,1,5,0,0,1,5,0,0,0,0,0,0,1,1,1.0,0.0,0.0,3.0,3.0,3.0,3.0,0.0,0.0,0.0,1.0,1.0,1.0,1.0,0.0,0.0,0.0,0.0,0.0,0.0,0.0,0.0,0.0,0.0,0.0,0.0,0.0,0.0,0.0,0.0,0.0,0.0,0.0,0.0,0.0,0.0,0.0,0.0,0.0,0.0,0.0,0.0,0.0,0.0,0.0,0.0,0.0,0.0,0.0,0.0,0.0,0.0,1.0,1.0,1.0,1.0,0.0,0.0,0.0,1.0,1.0,1.0,1.0,0.0,0.0,0.0,0.0,0.0,1.0,0.0,0.0,0.0,0.0,1.0,0.0,0.0,1.0,0.0,0.0,0.0,0.0,0.0,0.0,0.0,0.0,0.0,0.0,0.0,0.0,0.0
556,1146,Doraemon - Translation konyaku,0,7,0,0,0,0,0,0,0,0,0,0,0,0,1,1,0.0,0.0,0.0,0.0,0.0,0.0,0.0,0.0,0.0,0.0,0.0,0.0,0.0,0.0,0.0,0.0,0.0,0.0,0.0,0.0,0.0,0.0,0.0,0.0,0.0,0.0,0.0,0.0,0.0,0.0,0.0,0.0,0.0,0.0,0.0,0.0,0.0,0.0,0.0,0.0,0.0,0.0,0.0,0.0,0.0,0.0,0.0,0.0,0.0,0.0,0.0,0.0,0.0,0.0,0.0,0.0,0.0,0.0,0.0,0.0,0.0,0.0,0.0,0.0,0.0,0.0,0.0,0.0,0.0,0.0,0.0,0.0,0.0,0.0,0.0,0.0,0.0,0.0,0.0,0.0,0.0,0.0,0.0,0.0,0.0,0.0,0.0,0.0,0.0,0.0
556,1161,Galaxy Sprint 18,0,14,0,0,0,0,0,0,0,0,0,0,0,0,1,1,0.0,0.0,0.0,0.0,0.0,0.0,0.0,0.0,0.0,0.0,0.0,0.0,0.0,0.0,0.0,0.0,0.0,0.0,0.0,0.0,0.0,0.0,0.0,0.0,0.0,0.0,0.0,0.0,0.0,0.0,0.0,0.0,0.0,0.0,0.0,0.0,0.0,0.0,0.0,0.0,0.0,0.0,0.0,0.0,0.0,0.0,0.0,0.0,0.0,0.0,0.0,0.0,0.0,0.0,0.0,0.0,0.0,0.0,0.0,0.0,0.0,0.0,0.0,0.0,0.0,0.0,0.0,0.0,0.0,0.0,0.0,0.0,0.0,0.0,0.0,0.0,0.0,0.0,0.0,0.0,0.0,0.0,0.0,0.0,0.0,0.0,0.0,0.0,0.0,0.0
556,1162,Doraemon - Gravitation Paint,0,14,0,0,0,0,0,0,0,0,0,0,0,0,1,1,0.0,0.0,0.0,0.0,0.0,0.0,0.0,0.0,0.0,0.0,0.0,0.0,0.0,0.0,0.0,0.0,0.0,0.0,0.0,0.0,0.0,0.0,0.0,0.0,0.0,0.0,0.0,0.0,0.0,0.0,0.0,0.0,0.0,0.0,0.0,0.0,0.0,0.0,0.0,0.0,0.0,0.0,0.0,0.0,0.0,0.0,0.0,0.0,0.0,0.0,0.0,0.0,0.0,0.0,0.0,0.0,0.0,0.0,0.0,0.0,0.0,0.0,0.0,0.0,0.0,0.0,0.0,0.0,0.0,0.0,0.0,0.0,0.0,0.0,0.0,0.0,0.0,0.0,0.0,0.0,0.0,0.0,0.0,0.0,0.0,0.0,0.0,0.0,0.0,0.0
556,1187,Doreamon - Reverse Flow Boat,0,6,0,0,0,0,0,0,0,0,0,0,0,0,1,1,0.0,0.0,0.0,0.0,0.0,0.0,0.0,0.0,0.0,0.0,0.0,0.0,0.0,0.0,0.0,0.0,0.0,0.0,0.0,0.0,0.0,0.0,0.0,0.0,0.0,0.0,0.0,0.0,0.0,0.0,0.0,0.0,0.0,0.0,0.0,0.0,0.0,0.0,0.0,0.0,0.0,0.0,0.0,0.0,0.0,0.0,0.0,0.0,0.0,0.0,0.0,0.0,0.0,0.0,0.0,0.0,0.0,0.0,0.0,0.0,0.0,0.0,0.0,0.0,0.0,0.0,0.0,0.0,0.0,0.0,0.0,0.0,0.0,0.0,0.0,0.0,0.0,0.0,0.0,0.0,0.0,0.0,0.0,0.0,0.0,0.0,0.0,0.0,0.0,0.0
556,1188,Galaxy - Sprint 19,0,14,0,0,0,0,0,0,0,0,0,0,0,0,1,1,0.0,0.0,0.0,0.0,0.0,0.0,0.0,0.0,0.0,0.0,0.0,0.0,0.0,0.0,0.0,0.0,0.0,0.0,0.0,0.0,0.0,0.0,0.0,0.0,0.0,0.0,0.0,0.0,0.0,0.0,0.0,0.0,0.0,0.0,0.0,0.0,0.0,0.0,0.0,0.0,0.0,0.0,0.0,0.0,0.0,0.0,0.0,0.0,0.0,0.0,0.0,0.0,0.0,0.0,0.0,0.0,0.0,0.0,0.0,0.0,0.0,0.0,0.0,0.0,0.0,0.0,0.0,0.0,0.0,0.0,0.0,0.0,0.0,0.0,0.0,0.0,0.0,0.0,0.0,0.0,0.0,0.0,0.0,0.0,0.0,0.0,0.0,0.0,0.0,0.0
556,1209,Doreamon - Train Rope,0,7,0,0,0,0,0,0,0,0,0,0,0,0,1,1,0.0,0.0,0.0,0.0,0.0,0.0,0.0,0.0,0.0,0.0,0.0,0.0,0.0,0.0,0.0,0.0,0.0,0.0,0.0,0.0,0.0,0.0,0.0,0.0,0.0,0.0,0.0,0.0,0.0,0.0,0.0,0.0,0.0,0.0,0.0,0.0,0.0,0.0,0.0,0.0,0.0,0.0,0.0,0.0,0.0,0.0,0.0,0.0,0.0,0.0,0.0,0.0,0.0,0.0,0.0,0.0,0.0,0.0,0.0,0.0,0.0,0.0,0.0,0.0,0.0,0.0,0.0,0.0,0.0,0.0,0.0,0.0,0.0,0.0,0.0,0.0,0.0,0.0,0.0,0.0,0.0,0.0,0.0,0.0,0.0,0.0,0.0,0.0,0.0,0.0
556,1223,Doraemon - Mood Orchestra,0,7,0,0,0,0,0,0,0,0,0,0,0,0,1,1,0.0,0.0,0.0,0.0,0.0,0.0,0.0,0.0,0.0,0.0,0.0,0.0,0.0,0.0,0.0,0.0,0.0,0.0,0.0,0.0,0.0,0.0,0.0,0.0,0.0,0.0,0.0,0.0,0.0,0.0,0.0,0.0,0.0,0.0,0.0,0.0,0.0,0.0,0.0,0.0,0.0,0.0,0.0,0.0,0.0,0.0,0.0,0.0,0.0,0.0,0.0,0.0,0.0,0.0,0.0,0.0,0.0,0.0,0.0,0.0,0.0,0.0,0.0,0.0,0.0,0.0,0.0,0.0,0.0,0.0,0.0,0.0,0.0,0.0,0.0,0.0,0.0,0.0,0.0,0.0,0.0,0.0,0.0,0.0,0.0,0.0,0.0,0.0,0.0,0.0
556,1241,Super Gloves,0,7,0,0,0,0,0,0,0,0,0,0,0,0,1,1,0.0,0.0,0.0,0.0,0.0,0.0,0.0,0.0,0.0,0.0,0.0,0.0,0.0,0.0,0.0,0.0,0.0,0.0,0.0,0.0,0.0,0.0,0.0,0.0,0.0,0.0,0.0,0.0,0.0,0.0,0.0,0.0,0.0,0.0,0.0,0.0,0.0,0.0,0.0,0.0,0.0,0.0,0.0,0.0,0.0,0.0,0.0,0.0,0.0,0.0,0.0,0.0,0.0,0.0,0.0,0.0,0.0,0.0,0.0,0.0,0.0,0.0,0.0,0.0,0.0,0.0,0.0,0.0,0.0,0.0,0.0,0.0,0.0,0.0,0.0,0.0,0.0,0.0,0.0,0.0,0.0,0.0,0.0,0.0,0.0,0.0,0.0,0.0,0.0,0.0
556,1256,Personal Satellite,0,11,0,0,0,0,0,0,0,0,0,0,0,0,1,1,0.0,0.0,0.0,0.0,0.0,0.0,0.0,0.0,0.0,0.0,0.0,0.0,0.0,0.0,0.0,0.0,0.0,0.0,0.0,0.0,0.0,0.0,0.0,0.0,0.0,0.0,0.0,0.0,0.0,0.0,0.0,0.0,0.0,0.0,0.0,0.0,0.0,0.0,0.0,0.0,0.0,0.0,0.0,0.0,0.0,0.0,0.0,0.0,0.0,0.0,0.0,0.0,0.0,0.0,0.0,0.0,0.0,0.0,0.0,0.0,0.0,0.0,0.0,0.0,0.0,0.0,0.0,0.0,0.0,0.0,0.0,0.0,0.0,0.0,0.0,0.0,0.0,0.0,0.0,0.0,0.0,0.0,0.0,0.0,0.0,0.0,0.0,0.0,0.0,0.0
556,1269,26 - Sword Round Lightning,0,6,0,0,0,0,0,0,0,0,0,0,0,0,1,1,0.0,0.0,0.0,0.0,0.0,0.0,0.0,0.0,0.0,0.0,0.0,0.0,0.0,0.0,0.0,0.0,0.0,0.0,0.0,0.0,0.0,0.0,0.0,0.0,0.0,0.0,0.0,0.0,0.0,0.0,0.0,0.0,0.0,0.0,0.0,0.0,0.0,0.0,0.0,0.0,0.0,0.0,0.0,0.0,0.0,0.0,0.0,0.0,0.0,0.0,0.0,0.0,0.0,0.0,0.0,0.0,0.0,0.0,0.0,0.0,0.0,0.0,0.0,0.0,0.0,0.0,0.0,0.0,0.0,0.0,0.0,0.0,0.0,0.0,0.0,0.0,0.0,0.0,0.0,0.0,0.0,0.0,0.0,0.0,0.0,0.0,0.0,0.0,0.0,0.0
556,1270,27 - Camping Hat,0,14,0,0,0,0,0,0,0,0,0,0,0,0,1,1,0.0,0.0,0.0,0.0,0.0,0.0,0.0,0.0,0.0,0.0,0.0,0.0,0.0,0.0,0.0,0.0,0.0,0.0,0.0,0.0,0.0,0.0,0.0,0.0,0.0,0.0,0.0,0.0,0.0,0.0,0.0,0.0,0.0,0.0,0.0,0.0,0.0,0.0,0.0,0.0,0.0,0.0,0.0,0.0,0.0,0.0,0.0,0.0,0.0,0.0,0.0,0.0,0.0,0.0,0.0,0.0,0.0,0.0,0.0,0.0,0.0,0.0,0.0,0.0,0.0,0.0,0.0,0.0,0.0,0.0,0.0,0.0,0.0,0.0,0.0,0.0,0.0,0.0,0.0,0.0,0.0,0.0,0.0,0.0,0.0,0.0,0.0,0.0,0.0,0.0
556,1271,28 - Cape of Evasion,0,7,0,0,0,0,0,0,0,0,0,0,0,0,1,1,0.0,0.0,0.0,0.0,0.0,0.0,0.0,0.0,0.0,0.0,0.0,0.0,0.0,0.0,0.0,0.0,0.0,0.0,0.0,0.0,0.0,0.0,0.0,0.0,0.0,0.0,0.0,0.0,0.0,0.0,0.0,0.0,0.0,0.0,0.0,0.0,0.0,0.0,0.0,0.0,0.0,0.0,0.0,0.0,0.0,0.0,0.0,0.0,0.0,0.0,0.0,0.0,0.0,0.0,0.0,0.0,0.0,0.0,0.0,0.0,0.0,0.0,0.0,0.0,0.0,0.0,0.0,0.0,0.0,0.0,0.0,0.0,0.0,0.0,0.0,0.0,0.0,0.0,0.0,0.0,0.0,0.0,0.0,0.0,0.0,0.0,0.0,0.0,0.0,0.0
556,1272,29 - Momotaro Dango,0,7,0,0,0,0,0,0,0,0,0,0,0,0,1,1,0.0,0.0,0.0,0.0,0.0,0.0,0.0,0.0,0.0,0.0,0.0,0.0,0.0,0.0,0.0,0.0,0.0,0.0,0.0,0.0,0.0,0.0,0.0,0.0,0.0,0.0,0.0,0.0,0.0,0.0,0.0,0.0,0.0,0.0,0.0,0.0,0.0,0.0,0.0,0.0,0.0,0.0,0.0,0.0,0.0,0.0,0.0,0.0,0.0,0.0,0.0,0.0,0.0,0.0,0.0,0.0,0.0,0.0,0.0,0.0,0.0,0.0,0.0,0.0,0.0,0.0,0.0,0.0,0.0,0.0,0.0,0.0,0.0,0.0,0.0,0.0,0.0,0.0,0.0,0.0,0.0,0.0,0.0,0.0,0.0,0.0,0.0,0.0,0.0,0.0
556,1336,30 - Air cannon,0,14,0,0,0,0,0,0,0,0,0,0,0,0,1,1,0.0,0.0,0.0,0.0,0.0,0.0,0.0,0.0,0.0,0.0,0.0,0.0,0.0,0.0,0.0,0.0,0.0,0.0,0.0,0.0,0.0,0.0,0.0,0.0,0.0,0.0,0.0,0.0,0.0,0.0,0.0,0.0,0.0,0.0,0.0,0.0,0.0,0.0,0.0,0.0,0.0,0.0,0.0,0.0,0.0,0.0,0.0,0.0,0.0,0.0,0.0,0.0,0.0,0.0,0.0,0.0,0.0,0.0,0.0,0.0,0.0,0.0,0.0,0.0,0.0,0.0,0.0,0.0,0.0,0.0,0.0,0.0,0.0,0.0,0.0,0.0,0.0,0.0,0.0,0.0,0.0,0.0,0.0,0.0,0.0,0.0,0.0,0.0,0.0,0.0
556,1377,31 - Pass Loop,0,7,0,0,0,0,0,0,0,0,0,0,0,0,1,1,0.0,0.0,0.0,0.0,0.0,0.0,0.0,0.0,0.0,0.0,0.0,0.0,0.0,0.0,0.0,0.0,0.0,0.0,0.0,0.0,0.0,0.0,0.0,0.0,0.0,0.0,0.0,0.0,0.0,0.0,0.0,0.0,0.0,0.0,0.0,0.0,0.0,0.0,0.0,0.0,0.0,0.0,0.0,0.0,0.0,0.0,0.0,0.0,0.0,0.0,0.0,0.0,0.0,0.0,0.0,0.0,0.0,0.0,0.0,0.0,0.0,0.0,0.0,0.0,0.0,0.0,0.0,0.0,0.0,0.0,0.0,0.0,0.0,0.0,0.0,0.0,0.0,0.0,0.0,0.0,0.0,0.0,0.0,0.0,0.0,0.0,0.0,0.0,0.0,0.0
556,1378,33 - Time Furoshiki,-3,7,1,3,0,0,0,0,0,0,1,3,0,0,1,1,1.0,0.0,1.0,3.0,3.0,3.0,3.0,0.0,0.0,0.0,1.0,1.0,1.0,1.0,0.0,0.0,0.0,2.0,2.0,2.0,2.0,0.0,0.0,0.0,1.0,1.0,1.0,1.0,0.0,0.0,0.0,0.0,0.0,0.0,0.0,0.0,0.0,0.0,0.0,0.0,0.0,0.0,0.0,0.0,0.0,0.0,0.0,0.0,0.0,0.0,0.0,0.0,0.0,0.0,0.0,0.0,0.0,0.0,0.0,0.0,0.0,0.0,0.0,0.0,0.0,0.0,0.0,0.0,1.0,0.0,0.0,0.0,0.0,0.0,0.0,0.0,1.0,0.0,0.0,0.0,0.0,0.0,0.0,0.0,0.0,0.0,0.0,0.0,0.0,0.0
556,1393,32 - Small light,0,7,0,0,0,0,0,0,0,0,0,0,0,0,1,1,0.0,0.0,0.0,0.0,0.0,0.0,0.0,0.0,0.0,0.0,0.0,0.0,0.0,0.0,0.0,0.0,0.0,0.0,0.0,0.0,0.0,0.0,0.0,0.0,0.0,0.0,0.0,0.0,0.0,0.0,0.0,0.0,0.0,0.0,0.0,0.0,0.0,0.0,0.0,0.0,0.0,0.0,0.0,0.0,0.0,0.0,0.0,0.0,0.0,0.0,0.0,0.0,0.0,0.0,0.0,0.0,0.0,0.0,0.0,0.0,0.0,0.0,0.0,0.0,0.0,0.0,0.0,0.0,0.0,0.0,0.0,0.0,0.0,0.0,0.0,0.0,0.0,0.0,0.0,0.0,0.0,0.0,0.0,0.0,0.0,0.0,0.0,0.0,0.0,0.0
556,1426,10-Annamite range 2,-13,7,0,0,2,13,0,0,2,13,0,0,0,0,1,2,2.0,0.0,0.0,4.0,39.0,21.5,21.5,24.748737341529164,612.5,35.0,2.0,5.0,3.5,3.5,2.1213203435596424,4.5,3.0,0.0,1.0,0.5,0.5,0.7071067811865476,0.5,1.0,0.0,1.0,0.5,0.5,0.7071067811865476,0.5,1.0,0.0,0.0,0.0,0.0,0.0,0.0,0.0,0.0,0.0,0.0,0.0,0.0,0.0,0.0,0.0,0.0,0.0,0.0,0.0,0.0,0.0,2.0,2.0,2.0,2.0,0.0,0.0,0.0,1.0,2.0,1.5,1.5,0.7071067811865476,0.5,1.0,1.0,0.0,2.0,0.0,0.0,0.0,0.0,1.0,0.0,1.0,1.0,0.0,0.0,0.0,0.0,0.0,0.0,0.0,0.0,0.0,0.0,0.0,0.0,0.0
556,1427,34 - 3D Printer,0,7,0,0,0,0,0,0,0,0,0,0,0,0,1,1,0.0,0.0,0.0,0.0,0.0,0.0,0.0,0.0,0.0,0.0,0.0,0.0,0.0,0.0,0.0,0.0,0.0,0.0,0.0,0.0,0.0,0.0,0.0,0.0,0.0,0.0,0.0,0.0,0.0,0.0,0.0,0.0,0.0,0.0,0.0,0.0,0.0,0.0,0.0,0.0,0.0,0.0,0.0,0.0,0.0,0.0,0.0,0.0,0.0,0.0,0.0,0.0,0.0,0.0,0.0,0.0,0.0,0.0,0.0,0.0,0.0,0.0,0.0,0.0,0.0,0.0,0.0,0.0,0.0,0.0,0.0,0.0,0.0,0.0,0.0,0.0,0.0,0.0,0.0,0.0,0.0,0.0,0.0,0.0,0.0,0.0,0.0,0.0,0.0,0.0
556,1458,Galaxy Sprint 31,-8,7,0,0,1,8,0,0,0,0,1,8,0,0,1,1,1.0,0.0,0.0,0.0,0.0,0.0,0.0,0.0,0.0,0.0,1.0,1.0,1.0,1.0,0.0,0.0,0.0,0.0,0.0,0.0,0.0,0.0,0.0,0.0,0.0,0.0,0.0,0.0,0.0,0.0,0.0,0.0,0.0,0.0,0.0,0.0,0.0,0.0,0.0,0.0,0.0,0.0,0.0,0.0,0.0,0.0,0.0,0.0,0.0,0.0,0.0,0.0,2.0,2.0,2.0,2.0,0.0,0.0,0.0,2.0,2.0,2.0,2.0,0.0,0.0,0.0,0.0,0.0,1.0,0.0,0.0,0.0,0.0,0.0,0.0,1.0,1.0,0.0,0.0,0.0,0.0,0.0,0.0,0.0,0.0,0.0,0.0,0.0,0.0,0.0
556,1486,Galaxy Sprint 33,-8,7,1,8,0,0,0,0,1,8,0,0,0,0,1,1,1.0,0.0,0.0,0.0,0.0,0.0,0.0,0.0,0.0,0.0,1.0,1.0,1.0,1.0,0.0,0.0,0.0,0.0,0.0,0.0,0.0,0.0,0.0,0.0,0.0,0.0,0.0,0.0,0.0,0.0,0.0,0.0,0.0,0.0,0.0,0.0,0.0,0.0,0.0,0.0,0.0,0.0,0.0,0.0,0.0,0.0,0.0,0.0,0.0,0.0,0.0,0.0,2.0,2.0,2.0,2.0,0.0,0.0,0.0,2.0,2.0,2.0,2.0,0.0,0.0,0.0,0.0,0.0,1.0,0.0,0.0,0.0,0.0,0.0,0.0,1.0,1.0,0.0,0.0,0.0,0.0,0.0,0.0,0.0,0.0,0.0,0.0,0.0,0.0,0.0
556,1487,Galaxy Sprint 34,-8,7,1,8,0,0,0,0,1,8,0,0,0,0,1,1,1.0,0.0,0.0,0.0,0.0,0.0,0.0,0.0,0.0,0.0,1.0,1.0,1.0,1.0,0.0,0.0,0.0,0.0,0.0,0.0,0.0,0.0,0.0,0.0,0.0,0.0,0.0,0.0,0.0,0.0,0.0,0.0,0.0,0.0,0.0,0.0,0.0,0.0,0.0,0.0,0.0,0.0,0.0,0.0,0.0,0.0,0.0,0.0,0.0,0.0,0.0,0.0,2.0,2.0,2.0,2.0,0.0,0.0,0.0,2.0,2.0,2.0,2.0,0.0,0.0,0.0,0.0,0.0,1.0,0.0,0.0,0.0,0.0,0.0,0.0,1.0,1.0,0.0,0.0,0.0,0.0,0.0,0.0,0.0,0.0,0.0,0.0,0.0,0.0,0.0
556,1488,Galaxy Sprint 35,-8,7,1,8,0,0,0,0,1,8,0,0,0,0,1,1,1.0,0.0,0.0,0.0,0.0,0.0,0.0,0.0,0.0,0.0,1.0,1.0,1.0,1.0,0.0,0.0,0.0,0.0,0.0,0.0,0.0,0.0,0.0,0.0,0.0,0.0,0.0,0.0,0.0,0.0,0.0,0.0,0.0,0.0,0.0,0.0,0.0,0.0,0.0,0.0,0.0,0.0,0.0,0.0,0.0,0.0,0.0,0.0,0.0,0.0,0.0,0.0,2.0,2.0,2.0,2.0,0.0,0.0,0.0,2.0,2.0,2.0,2.0,0.0,0.0,0.0,0.0,0.0,1.0,0.0,0.0,0.0,0.0,0.0,0.0,1.0,1.0,0.0,0.0,0.0,0.0,0.0,0.0,0.0,0.0,0.0,0.0,0.0,0.0,0.0
556,1515,Warranty Bugs - OD-31,-3,9,1,3,0,0,0,0,1,3,0,0,0,0,1,1,1.0,0.0,1.0,0.0,0.0,0.0,0.0,0.0,0.0,0.0,1.0,1.0,1.0,1.0,0.0,0.0,0.0,0.0,0.0,0.0,0.0,0.0,0.0,0.0,0.0,0.0,0.0,0.0,0.0,0.0,0.0,0.0,0.0,0.0,0.0,0.0,0.0,0.0,0.0,0.0,0.0,0.0,0.0,0.0,0.0,0.0,0.0,0.0,0.0,0.0,0.0,0.0,0.0,0.0,0.0,0.0,0.0,0.0,0.0,1.0,1.0,1.0,1.0,0.0,0.0,0.0,1.0,0.0,1.0,0.0,0.0,0.0,0.0,0.0,0.0,0.0,0.0,0.0,0.0,0.0,0.0,0.0,0.0,0.0,0.0,0.0,0.0,0.0,0.0,0.0
556,1532,Warranty Bugs - OD-32,-3,14,1,3,0,0,0,0,1,3,0,0,0,0,1,1,1.0,0.0,1.0,0.0,0.0,0.0,0.0,0.0,0.0,0.0,1.0,1.0,1.0,1.0,0.0,0.0,0.0,0.0,0.0,0.0,0.0,0.0,0.0,0.0,0.0,0.0,0.0,0.0,0.0,0.0,0.0,0.0,0.0,0.0,0.0,0.0,0.0,0.0,0.0,0.0,0.0,0.0,0.0,0.0,0.0,0.0,0.0,0.0,0.0,0.0,0.0,0.0,0.0,0.0,0.0,0.0,0.0,0.0,0.0,1.0,1.0,1.0,1.0,0.0,0.0,0.0,1.0,0.0,1.0,0.0,0.0,0.0,0.0,0.0,0.0,0.0,0.0,0.0,0.0,0.0,0.0,0.0,0.0,0.0,0.0,0.0,0.0,0.0,0.0,0.0
556,1541,Galaxy Sprint 36,-8,7,1,8,0,0,0,0,1,8,0,0,0,0,1,1,1.0,0.0,0.0,0.0,0.0,0.0,0.0,0.0,0.0,0.0,1.0,1.0,1.0,1.0,0.0,0.0,0.0,0.0,0.0,0.0,0.0,0.0,0.0,0.0,0.0,0.0,0.0,0.0,0.0,0.0,0.0,0.0,0.0,0.0,0.0,0.0,0.0,0.0,0.0,0.0,0.0,0.0,0.0,0.0,0.0,0.0,0.0,0.0,0.0,0.0,0.0,0.0,2.0,2.0,2.0,2.0,0.0,0.0,0.0,2.0,2.0,2.0,2.0,0.0,0.0,0.0,0.0,0.0,1.0,0.0,0.0,0.0,0.0,0.0,0.0,1.0,1.0,0.0,0.0,0.0,0.0,0.0,0.0,0.0,0.0,0.0,0.0,0.0,0.0,0.0
556,1563,Galaxy Sprint 37,-8,7,0,0,1,8,0,0,1,8,0,0,0,0,1,1,1.0,0.0,0.0,0.0,0.0,0.0,0.0,0.0,0.0,0.0,1.0,1.0,1.0,1.0,0.0,0.0,0.0,0.0,0.0,0.0,0.0,0.0,0.0,0.0,0.0,0.0,0.0,0.0,0.0,0.0,0.0,0.0,0.0,0.0,0.0,0.0,0.0,0.0,0.0,0.0,0.0,0.0,0.0,0.0,0.0,0.0,0.0,0.0,0.0,0.0,0.0,0.0,2.0,2.0,2.0,2.0,0.0,0.0,0.0,2.0,2.0,2.0,2.0,0.0,0.0,0.0,0.0,0.0,1.0,0.0,0.0,0.0,0.0,0.0,0.0,1.0,1.0,0.0,0.0,0.0,0.0,0.0,0.0,0.0,0.0,0.0,0.0,0.0,0.0,0.0
556,1577,Warranty Bugs - OD-33,-3,12,1,3,0,0,0,0,1,3,0,0,0,0,1,1,1.0,0.0,1.0,0.0,0.0,0.0,0.0,0.0,0.0,0.0,1.0,1.0,1.0,1.0,0.0,0.0,0.0,0.0,0.0,0.0,0.0,0.0,0.0,0.0,0.0,0.0,0.0,0.0,0.0,0.0,0.0,0.0,0.0,0.0,0.0,0.0,0.0,0.0,0.0,0.0,0.0,0.0,0.0,0.0,0.0,0.0,0.0,0.0,0.0,0.0,0.0,0.0,0.0,0.0,0.0,0.0,0.0,0.0,0.0,1.0,1.0,1.0,1.0,0.0,0.0,0.0,1.0,0.0,1.0,0.0,0.0,0.0,0.0,0.0,0.0,0.0,0.0,0.0,0.0,0.0,0.0,0.0,0.0,0.0,0.0,0.0,0.0,0.0,0.0,0.0
556,1581,Galaxy Sprint 38,-8,7,1,8,0,0,0,0,1,8,0,0,0,0,1,1,1.0,0.0,0.0,0.0,0.0,0.0,0.0,0.0,0.0,0.0,1.0,1.0,1.0,1.0,0.0,0.0,0.0,0.0,0.0,0.0,0.0,0.0,0.0,0.0,0.0,0.0,0.0,0.0,0.0,0.0,0.0,0.0,0.0,0.0,0.0,0.0,0.0,0.0,0.0,0.0,0.0,0.0,0.0,0.0,0.0,0.0,0.0,0.0,0.0,0.0,0.0,0.0,2.0,2.0,2.0,2.0,0.0,0.0,0.0,2.0,2.0,2.0,2.0,0.0,0.0,0.0,0.0,0.0,1.0,0.0,0.0,0.0,0.0,0.0,0.0,1.0,1.0,0.0,0.0,0.0,0.0,0.0,0.0,0.0,0.0,0.0,0.0,0.0,0.0,0.0
556,1633,Galaxy - Sprint 40,-8,7,1,8,0,0,0,0,1,8,0,0,0,0,1,1,1.0,0.0,0.0,0.0,0.0,0.0,0.0,0.0,0.0,0.0,1.0,1.0,1.0,1.0,0.0,0.0,0.0,0.0,0.0,0.0,0.0,0.0,0.0,0.0,0.0,0.0,0.0,0.0,0.0,0.0,0.0,0.0,0.0,0.0,0.0,0.0,0.0,0.0,0.0,0.0,0.0,0.0,0.0,0.0,0.0,0.0,0.0,0.0,0.0,0.0,0.0,0.0,2.0,2.0,2.0,2.0,0.0,0.0,0.0,2.0,2.0,2.0,2.0,0.0,0.0,0.0,0.0,0.0,1.0,0.0,0.0,0.0,0.0,0.0,0.0,1.0,1.0,0.0,0.0,0.0,0.0,0.0,0.0,0.0,0.0,0.0,0.0,0.0,0.0,0.0
556,1703,50 - Head of Gorgon,-3,7,1,3,0,0,0,0,1,3,0,0,0,0,1,1,1.0,0.0,0.0,0.0,0.0,0.0,0.0,0.0,0.0,0.0,1.0,1.0,1.0,1.0,0.0,0.0,0.0,1.0,1.0,1.0,1.0,0.0,0.0,0.0,0.0,0.0,0.0,0.0,0.0,0.0,0.0,0.0,0.0,0.0,0.0,0.0,0.0,0.0,0.0,0.0,0.0,0.0,0.0,0.0,0.0,0.0,0.0,0.0,0.0,0.0,0.0,0.0,0.0,0.0,0.0,0.0,0.0,0.0,0.0,0.0,0.0,0.0,0.0,0.0,0.0,0.0,0.0,0.0,1.0,0.0,0.0,0.0,0.0,1.0,0.0,0.0,1.0,0.0,0.0,0.0,0.0,0.0,0.0,0.0,0.0,0.0,0.0,0.0,0.0,0.0
556,1711,Galaxy Sprint 45,-8,7,1,8,0,0,0,0,1,8,0,0,0,0,1,1,1.0,0.0,0.0,0.0,0.0,0.0,0.0,0.0,0.0,0.0,1.0,1.0,1.0,1.0,0.0,0.0,0.0,0.0,0.0,0.0,0.0,0.0,0.0,0.0,0.0,0.0,0.0,0.0,0.0,0.0,0.0,0.0,0.0,0.0,0.0,0.0,0.0,0.0,0.0,0.0,0.0,0.0,0.0,0.0,0.0,0.0,0.0,0.0,0.0,0.0,0.0,0.0,2.0,2.0,2.0,2.0,0.0,0.0,0.0,2.0,2.0,2.0,2.0,0.0,0.0,0.0,0.0,0.0,1.0,0.0,0.0,0.0,0.0,0.0,0.0,1.0,1.0,0.0,0.0,0.0,0.0,0.0,0.0,0.0,0.0,0.0,0.0,0.0,0.0,0.0
556,1720,51 - Horror Story Lamp (for Ha,0,7,1,3,0,0,0,0,0,0,1,3,0,0,1,2,1.0,0.0,0.0,0.0,0.0,0.0,0.0,0.0,0.0,0.0,1.0,1.0,1.0,1.0,0.0,0.0,0.0,1.0,1.0,1.0,1.0,0.0,0.0,0.0,0.0,0.0,0.0,0.0,0.0,0.0,0.0,0.0,0.0,0.0,0.0,0.0,0.0,0.0,0.0,0.0,0.0,0.0,0.0,0.0,0.0,0.0,0.0,0.0,0.0,0.0,0.0,0.0,0.0,0.0,0.0,0.0,0.0,0.0,0.0,0.0,0.0,0.0,0.0,0.0,0.0,0.0,0.0,0.0,1.0,0.0,0.0,0.0,0.0,1.0,0.0,0.0,1.0,0.0,0.0,0.0,0.0,0.0,0.0,0.0,0.0,0.0,0.0,0.0,0.0,0.0
556,1724,Galaxy - Sprint 46,-8,7,1,8,0,0,0,0,1,8,0,0,0,0,1,1,1.0,0.0,0.0,0.0,0.0,0.0,0.0,0.0,0.0,0.0,1.0,1.0,1.0,1.0,0.0,0.0,0.0,0.0,0.0,0.0,0.0,0.0,0.0,0.0,0.0,0.0,0.0,0.0,0.0,0.0,0.0,0.0,0.0,0.0,0.0,0.0,0.0,0.0,0.0,0.0,0.0,0.0,0.0,0.0,0.0,0.0,0.0,0.0,0.0,0.0,0.0,0.0,2.0,2.0,2.0,2.0,0.0,0.0,0.0,2.0,2.0,2.0,2.0,0.0,0.0,0.0,0.0,0.0,1.0,0.0,0.0,0.0,0.0,0.0,0.0,1.0,1.0,0.0,0.0,0.0,0.0,0.0,0.0,0.0,0.0,0.0,0.0,0.0,0.0,0.0
556,1825,58 - Special Wood,-3,9,1,3,0,0,0,0,1,3,0,0,0,0,1,1,1.0,0.0,0.0,2.0,2.0,2.0,2.0,0.0,0.0,0.0,1.0,1.0,1.0,1.0,0.0,0.0,0.0,1.0,1.0,1.0,1.0,0.0,0.0,0.0,0.0,0.0,0.0,0.0,0.0,0.0,0.0,0.0,0.0,0.0,0.0,0.0,0.0,0.0,0.0,0.0,0.0,0.0,0.0,0.0,0.0,0.0,0.0,0.0,0.0,0.0,0.0,0.0,1.0,1.0,1.0,1.0,0.0,0.0,0.0,0.0,0.0,0.0,0.0,0.0,0.0,0.0,1.0,0.0,1.0,0.0,0.0,0.0,0.0,1.0,0.0,0.0,0.0,0.0,0.0,0.0,0.0,0.0,0.0,0.0,0.0,0.0,0.0,0.0,0.0,0.0
556,1847,59 - Paper House,-3,7,1,3,0,0,0,0,1,3,0,0,0,0,1,1,1.0,0.0,0.0,2.0,2.0,2.0,2.0,0.0,0.0,0.0,1.0,1.0,1.0,1.0,0.0,0.0,0.0,1.0,1.0,1.0,1.0,0.0,0.0,0.0,0.0,0.0,0.0,0.0,0.0,0.0,0.0,0.0,0.0,0.0,0.0,0.0,0.0,0.0,0.0,0.0,0.0,0.0,0.0,0.0,0.0,0.0,0.0,0.0,0.0,0.0,0.0,0.0,1.0,1.0,1.0,1.0,0.0,0.0,0.0,0.0,0.0,0.0,0.0,0.0,0.0,0.0,1.0,0.0,1.0,0.0,0.0,0.0,0.0,1.0,0.0,0.0,0.0,0.0,0.0,0.0,0.0,0.0,0.0,0.0,0.0,0.0,0.0,0.0,0.0,0.0
556,1874,60 - Dream Confirmation Hand,-8,7,2,8,0,0,0,0,1,3,1,5,0,0,1,2,2.0,0.0,1.0,0.0,4.0,2.0,2.0,2.8284271247461903,8.0,4.0,1.0,1.0,1.0,1.0,0.0,0.0,0.0,1.0,1.0,1.0,1.0,0.0,0.0,0.0,0.0,3.0,1.5,1.5,2.1213203435596424,4.5,3.0,0.0,0.0,0.0,0.0,0.0,0.0,0.0,0.0,0.0,0.0,0.0,0.0,0.0,0.0,0.0,0.0,0.0,0.0,0.0,0.0,0.0,0.0,1.0,0.5,0.5,0.7071067811865476,0.5,1.0,0.0,2.0,1.0,1.0,1.4142135623730951,2.0,2.0,1.0,0.0,2.0,0.0,0.0,0.0,0.0,1.0,0.0,0.0,1.0,0.0,0.0,0.0,0.0,0.0,0.0,0.0,0.0,0.0,0.0,0.0,0.0,0.0
556,1891,61 - Deep Sea Cream,0,14,0,0,1,5,0,0,1,5,0,0,0,0,1,1,2.0,0.0,2.0,0.0,0.0,0.0,0.0,0.0,0.0,0.0,1.0,1.0,1.0,1.0,0.0,0.0,0.0,1.0,2.0,1.5,1.5,0.7071067811865476,0.5,1.0,0.0,3.0,1.5,1.5,2.1213203435596424,4.5,3.0,0.0,0.0,0.0,0.0,0.0,0.0,0.0,0.0,0.0,0.0,0.0,0.0,0.0,0.0,0.0,0.0,0.0,0.0,0.0,0.0,0.0,0.0,0.0,0.0,0.0,0.0,0.0,0.0,0.0,2.0,1.0,1.0,1.4142135623730951,2.0,2.0,0.0,0.0,2.0,0.0,0.0,0.0,0.0,0.0,0.0,0.0,2.0,0.0,0.0,0.0,0.0,0.0,0.0,0.0,0.0,0.0,0.0,0.0,0.0,0.0
556,1995,01 - Fansipan 2,0,4,1,3,1,1,0,0,0,0,1,1,1,3,1,3,2.0,0.0,2.0,0.0,0.0,0.0,0.0,0.0,0.0,0.0,1.0,1.0,1.0,1.0,0.0,0.0,0.0,1.0,2.0,1.5,1.5,0.7071067811865476,0.5,1.0,0.0,0.0,0.0,0.0,0.0,0.0,0.0,0.0,0.0,0.0,0.0,0.0,0.0,0.0,0.0,0.0,0.0,0.0,0.0,0.0,0.0,0.0,1.0,0.5,0.5,0.7071067811865476,0.5,1.0,0.0,0.0,0.0,0.0,0.0,0.0,0.0,1.0,1.0,1.0,1.0,0.0,0.0,0.0,0.0,0.0,2.0,0.0,0.0,0.0,0.0,0.0,0.0,0.0,2.0,0.0,0.0,0.0,0.0,0.0,0.0,0.0,0.0,0.0,0.0,0.0,0.0,0.0
556,2019,Enterprise 2015-4,0,13,0,0,0,0,0,0,0,0,0,0,0,0,1,1,1.0,0.0,1.0,0.0,0.0,0.0,0.0,0.0,0.0,0.0,1.0,1.0,1.0,1.0,0.0,0.0,0.0,1.0,1.0,1.0,1.0,0.0,0.0,0.0,0.0,0.0,0.0,0.0,0.0,0.0,0.0,0.0,0.0,0.0,0.0,0.0,0.0,0.0,0.0,0.0,0.0,0.0,0.0,0.0,0.0,0.0,0.0,0.0,0.0,0.0,0.0,0.0,0.0,0.0,0.0,0.0,0.0,0.0,0.0,0.0,0.0,0.0,0.0,0.0,0.0,0.0,0.0,0.0,1.0,0.0,0.0,0.0,0.0,0.0,0.0,0.0,1.0,0.0,0.0,0.0,0.0,0.0,0.0,0.0,0.0,0.0,0.0,0.0,0.0,0.0
556,2020,03 - Fansipan 3,-3,4,1,3,0,0,0,0,1,3,0,0,0,0,1,2,1.0,0.0,0.0,5.0,5.0,5.0,5.0,0.0,0.0,0.0,1.0,1.0,1.0,1.0,0.0,0.0,0.0,1.0,1.0,1.0,1.0,0.0,0.0,0.0,0.0,0.0,0.0,0.0,0.0,0.0,0.0,0.0,0.0,0.0,0.0,0.0,0.0,0.0,0.0,0.0,0.0,0.0,0.0,0.0,0.0,0.0,0.0,0.0,0.0,0.0,0.0,0.0,1.0,1.0,1.0,1.0,0.0,0.0,0.0,0.0,0.0,0.0,0.0,0.0,0.0,0.0,1.0,0.0,1.0,0.0,0.0,0.0,0.0,1.0,0.0,0.0,0.0,0.0,0.0,0.0,0.0,0.0,0.0,0.0,0.0,0.0,0.0,0.0,0.0,0.0
556,2057,04 - Bukit Timah,0,7,0,0,0,0,0,0,0,0,0,0,0,0,1,1,1.0,0.0,1.0,0.0,0.0,0.0,0.0,0.0,0.0,0.0,1.0,1.0,1.0,1.0,0.0,0.0,0.0,1.0,1.0,1.0,1.0,0.0,0.0,0.0,0.0,0.0,0.0,0.0,0.0,0.0,0.0,0.0,0.0,0.0,0.0,0.0,0.0,0.0,0.0,0.0,0.0,0.0,0.0,0.0,0.0,0.0,0.0,0.0,0.0,0.0,0.0,0.0,0.0,0.0,0.0,0.0,0.0,0.0,0.0,0.0,0.0,0.0,0.0,0.0,0.0,0.0,0.0,0.0,1.0,0.0,0.0,0.0,0.0,0.0,0.0,0.0,1.0,0.0,0.0,0.0,0.0,0.0,0.0,0.0,0.0,0.0,0.0,0.0,0.0,0.0
556,2065,05 - Bukit Timah 2,-8,7,1,3,1,8,0,0,1,8,0,0,1,3,1,2,2.0,0.0,1.0,0.0,3.0,1.5,1.5,2.1213203435596424,4.5,3.0,1.0,2.0,1.5,1.5,0.7071067811865476,0.5,1.0,0.0,1.0,0.5,0.5,0.7071067811865476,0.5,1.0,0.0,1.0,0.5,0.5,0.7071067811865476,0.5,1.0,0.0,0.0,0.0,0.0,0.0,0.0,0.0,0.0,0.0,0.0,0.0,0.0,0.0,0.0,0.0,1.0,0.5,0.5,0.7071067811865476,0.5,1.0,0.0,2.0,1.0,1.0,1.4142135623730951,2.0,2.0,0.0,2.0,1.0,1.0,1.4142135623730951,2.0,2.0,1.0,0.0,2.0,0.0,0.0,0.0,0.0,0.0,0.0,1.0,1.0,0.0,0.0,0.0,0.0,0.0,0.0,0.0,0.0,0.0,0.0,0.0,0.0,0.0
556,2102,07 - Jade Mountain,-8,7,0,0,1,8,0,0,1,8,0,0,0,0,1,1,1.0,0.0,0.0,4.0,4.0,4.0,4.0,0.0,0.0,0.0,2.0,2.0,2.0,2.0,0.0,0.0,0.0,0.0,0.0,0.0,0.0,0.0,0.0,0.0,1.0,1.0,1.0,1.0,0.0,0.0,0.0,0.0,0.0,0.0,0.0,0.0,0.0,0.0,0.0,0.0,0.0,0.0,0.0,0.0,0.0,0.0,0.0,0.0,0.0,0.0,0.0,0.0,2.0,2.0,2.0,2.0,0.0,0.0,0.0,2.0,2.0,2.0,2.0,0.0,0.0,0.0,1.0,0.0,1.0,0.0,0.0,0.0,0.0,0.0,0.0,1.0,0.0,0.0,0.0,0.0,0.0,0.0,0.0,0.0,0.0,0.0,0.0,0.0,0.0,0.0
556,2209,11 - Annamite range 3,-4,7,2,4,0,0,0,0,2,4,0,0,0,0,1,1,2.0,0.0,2.0,0.0,0.0,0.0,0.0,0.0,0.0,0.0,2.0,3.0,2.5,2.5,0.7071067811865476,0.5,1.0,2.0,2.0,2.0,2.0,0.0,0.0,0.0,0.0,0.0,0.0,0.0,0.0,0.0,0.0,0.0,0.0,0.0,0.0,0.0,0.0,0.0,0.0,0.0,0.0,0.0,0.0,0.0,0.0,0.0,0.0,0.0,0.0,0.0,0.0,0.0,0.0,0.0,0.0,0.0,0.0,0.0,0.0,0.0,1.0,0.5,0.5,0.7071067811865476,0.5,1.0,0.0,0.0,2.0,0.0,0.0,0.0,0.0,0.0,0.0,0.0,2.0,0.0,0.0,0.0,0.0,0.0,0.0,0.0,0.0,0.0,0.0,0.0,0.0,0.0
556,2238,12 - Black Virgin Mountain 1,-8,7,0,0,3,12,0,0,3,12,0,0,0,0,1,2,3.0,0.0,2.0,0.0,4.0,1.3333333333333333,0.0,2.3094010767585034,5.333333333333334,4.0,2.0,3.0,2.3333333333333335,2.0,0.5773502691896258,0.33333333333333337,1.0,0.0,2.0,1.3333333333333333,2.0,1.1547005383792517,1.3333333333333335,2.0,0.0,1.0,0.3333333333333333,0.0,0.5773502691896258,0.33333333333333337,1.0,0.0,0.0,0.0,0.0,0.0,0.0,0.0,0.0,0.0,0.0,0.0,0.0,0.0,0.0,0.0,0.0,0.0,0.0,0.0,0.0,0.0,0.0,2.0,0.6666666666666666,0.0,1.1547005383792517,1.3333333333333335,2.0,0.0,2.0,1.0,1.0,1.0,1.0,2.0,1.0,0.0,3.0,0.0,0.0,0.0,0.0,0.0,0.0,1.0,2.0,0.0,0.0,0.0,0.0,0.0,0.0,0.0,0.0,0.0,0.0,0.0,0.0,0.0
560,706,Sprint 4,0,21,0,0,0,0,0,0,0,0,0,0,0,0,2,1,0.0,0.0,0.0,0.0,0.0,0.0,0.0,0.0,0.0,0.0,0.0,0.0,0.0,0.0,0.0,0.0,0.0,0.0,0.0,0.0,0.0,0.0,0.0,0.0,0.0,0.0,0.0,0.0,0.0,0.0,0.0,0.0,0.0,0.0,0.0,0.0,0.0,0.0,0.0,0.0,0.0,0.0,0.0,0.0,0.0,0.0,0.0,0.0,0.0,0.0,0.0,0.0,0.0,0.0,0.0,0.0,0.0,0.0,0.0,0.0,0.0,0.0,0.0,0.0,0.0,0.0,0.0,0.0,0.0,0.0,0.0,0.0,0.0,0.0,0.0,0.0,0.0,0.0,0.0,0.0,0.0,0.0,0.0,0.0,0.0,0.0,0.0,0.0,0.0,0.0
560,752,EAC Polish,0,7,0,0,0,0,0,0,0,0,0,0,0,0,2,1,0.0,0.0,0.0,0.0,0.0,0.0,0.0,0.0,0.0,0.0,0.0,0.0,0.0,0.0,0.0,0.0,0.0,0.0,0.0,0.0,0.0,0.0,0.0,0.0,0.0,0.0,0.0,0.0,0.0,0.0,0.0,0.0,0.0,0.0,0.0,0.0,0.0,0.0,0.0,0.0,0.0,0.0,0.0,0.0,0.0,0.0,0.0,0.0,0.0,0.0,0.0,0.0,0.0,0.0,0.0,0.0,0.0,0.0,0.0,0.0,0.0,0.0,0.0,0.0,0.0,0.0,0.0,0.0,0.0,0.0,0.0,0.0,0.0,0.0,0.0,0.0,0.0,0.0,0.0,0.0,0.0,0.0,0.0,0.0,0.0,0.0,0.0,0.0,0.0,0.0
560,783,summit sprint 1,0,7,0,0,0,0,0,0,0,0,0,0,0,0,2,1,0.0,0.0,0.0,0.0,0.0,0.0,0.0,0.0,0.0,0.0,0.0,0.0,0.0,0.0,0.0,0.0,0.0,0.0,0.0,0.0,0.0,0.0,0.0,0.0,0.0,0.0,0.0,0.0,0.0,0.0,0.0,0.0,0.0,0.0,0.0,0.0,0.0,0.0,0.0,0.0,0.0,0.0,0.0,0.0,0.0,0.0,0.0,0.0,0.0,0.0,0.0,0.0,0.0,0.0,0.0,0.0,0.0,0.0,0.0,0.0,0.0,0.0,0.0,0.0,0.0,0.0,0.0,0.0,0.0,0.0,0.0,0.0,0.0,0.0,0.0,0.0,0.0,0.0,0.0,0.0,0.0,0.0,0.0,0.0,0.0,0.0,0.0,0.0,0.0,0.0
560,794,summit sprint 2,0,7,0,0,0,0,0,0,0,0,0,0,0,0,2,1,0.0,0.0,0.0,0.0,0.0,0.0,0.0,0.0,0.0,0.0,0.0,0.0,0.0,0.0,0.0,0.0,0.0,0.0,0.0,0.0,0.0,0.0,0.0,0.0,0.0,0.0,0.0,0.0,0.0,0.0,0.0,0.0,0.0,0.0,0.0,0.0,0.0,0.0,0.0,0.0,0.0,0.0,0.0,0.0,0.0,0.0,0.0,0.0,0.0,0.0,0.0,0.0,0.0,0.0,0.0,0.0,0.0,0.0,0.0,0.0,0.0,0.0,0.0,0.0,0.0,0.0,0.0,0.0,0.0,0.0,0.0,0.0,0.0,0.0,0.0,0.0,0.0,0.0,0.0,0.0,0.0,0.0,0.0,0.0,0.0,0.0,0.0,0.0,0.0,0.0
560,799,summit sprint 3 (polish),-3,7,1,3,0,0,0,0,1,3,0,0,0,0,2,1,2.0,0.0,0.0,0.0,0.0,0.0,0.0,0.0,0.0,0.0,0.0,0.0,0.0,0.0,0.0,0.0,0.0,1.0,1.0,1.0,1.0,0.0,0.0,0.0,0.0,1.0,0.5,0.5,0.7071067811865476,0.5,1.0,0.0,0.0,0.0,0.0,0.0,0.0,0.0,0.0,0.0,0.0,0.0,0.0,0.0,0.0,0.0,0.0,0.0,0.0,0.0,0.0,0.0,0.0,0.0,0.0,0.0,0.0,0.0,0.0,0.0,0.0,0.0,0.0,0.0,0.0,0.0,2.0,0.0,0.0,0.0,2.0,0.0,0.0,1.0,0.0,1.0,0.0,0.0,0.0,0.0,0.0,0.0,0.0,0.0,0.0,0.0,0.0,0.0,0.0,0.0
560,845,mini pre-summit sprint,0,15,2,16,0,0,2,16,0,0,0,0,0,0,2,1,2.0,0.0,0.0,0.0,0.0,0.0,0.0,0.0,0.0,0.0,0.0,0.0,0.0,0.0,0.0,0.0,0.0,1.0,1.0,1.0,1.0,0.0,0.0,0.0,0.0,1.0,0.5,0.5,0.7071067811865476,0.5,1.0,0.0,0.0,0.0,0.0,0.0,0.0,0.0,0.0,0.0,0.0,0.0,0.0,0.0,0.0,0.0,0.0,0.0,0.0,0.0,0.0,0.0,0.0,0.0,0.0,0.0,0.0,0.0,0.0,0.0,2.0,1.0,1.0,1.4142135623730951,2.0,2.0,2.0,0.0,0.0,0.0,2.0,0.0,0.0,1.0,0.0,1.0,0.0,0.0,0.0,0.0,0.0,0.0,0.0,0.0,0.0,0.0,0.0,0.0,0.0,0.0
560,875,Sprint 9,-25,7,10,46,1,5,1,3,4,21,4,19,2,8,2,3,12.0,0.0,6.0,0.0,5.0,0.8333333333333334,0.5,1.4034589305344742,1.9696969696969702,5.0,0.0,0.0,0.0,0.0,0.0,0.0,0.0,0.0,1.0,0.8333333333333334,1.0,0.38924947208076155,0.15151515151515155,1.0,0.0,2.0,0.3333333333333333,0.0,0.6513389472789296,0.4242424242424242,2.0,0.0,0.0,0.0,0.0,0.0,0.0,0.0,0.0,0.0,0.0,0.0,0.0,0.0,0.0,0.0,1.0,0.08333333333333333,0.0,0.28867513459481287,0.08333333333333331,1.0,0.0,2.0,0.5833333333333334,0.0,0.7929614610987591,0.6287878787878788,2.0,0.0,2.0,0.5,0.0,0.7977240352174656,0.6363636363636364,2.0,11.0,0.0,3.0,0.0,4.0,5.0,0.0,2.0,0.0,4.0,1.0,0.0,0.0,0.0,0.0,0.0,0.0,0.0,0.0,0.0,0.0,0.0,0.0,0.0
560,889,Sprint 10,-8,7,4,14,0,0,0,0,3,11,0,0,1,3,2,1,5.0,0.0,2.0,0.0,1.0,0.4,0.0,0.5477225575051662,0.30000000000000004,1.0,0.0,0.0,0.0,0.0,0.0,0.0,0.0,1.0,1.0,1.0,1.0,0.0,0.0,0.0,0.0,1.0,0.2,0.0,0.447213595499958,0.20000000000000004,1.0,0.0,0.0,0.0,0.0,0.0,0.0,0.0,0.0,0.0,0.0,0.0,0.0,0.0,0.0,0.0,2.0,0.4,0.0,0.894427190999916,0.8000000000000002,2.0,0.0,1.0,0.6,1.0,0.5477225575051662,0.30000000000000004,1.0,0.0,1.0,0.2,0.0,0.447213595499958,0.20000000000000004,1.0,5.0,0.0,1.0,0.0,2.0,2.0,0.0,0.0,0.0,3.0,0.0,0.0,0.0,0.0,0.0,0.0,0.0,0.0,0.0,0.0,0.0,0.0,0.0,0.0
560,905,Sprint 11,-29,7,8,44,0,0,0,0,4,22,2,16,2,6,2,3,9.0,0.0,2.0,0.0,1.0,0.6666666666666666,1.0,0.5,0.25,1.0,0.0,0.0,0.0,0.0,0.0,0.0,0.0,1.0,1.0,1.0,1.0,0.0,0.0,0.0,0.0,1.0,0.2222222222222222,0.0,0.44095855184409843,0.19444444444444445,1.0,0.0,0.0,0.0,0.0,0.0,0.0,0.0,0.0,0.0,0.0,0.0,0.0,0.0,0.0,0.0,2.0,0.2222222222222222,0.0,0.6666666666666666,0.4444444444444444,2.0,0.0,2.0,1.0,1.0,0.8660254037844386,0.75,2.0,0.0,2.0,0.5555555555555556,0.0,0.8819171036881969,0.7777777777777778,2.0,9.0,0.0,2.0,0.0,4.0,3.0,0.0,2.0,0.0,5.0,0.0,0.0,0.0,0.0,0.0,0.0,0.0,0.0,0.0,0.0,0.0,0.0,0.0,0.0
560,920,Sprint 12,3,7,5,37,0,0,0,0,4,24,0,0,1,13,2,2,6.0,0.0,3.0,0.0,1.0,0.6666666666666666,1.0,0.5163977794943223,0.2666666666666667,1.0,0.0,0.0,0.0,0.0,0.0,0.0,0.0,1.0,1.0,1.0,1.0,0.0,0.0,0.0,0.0,1.0,0.3333333333333333,0.0,0.5163977794943223,0.2666666666666667,1.0,0.0,0.0,0.0,0.0,0.0,0.0,0.0,0.0,0.0,0.0,0.0,0.0,0.0,0.0,0.0,2.0,0.3333333333333333,0.0,0.816496580927726,0.6666666666666667,2.0,0.0,2.0,1.0,1.0,1.0954451150103321,1.2,2.0,0.0,2.0,1.0,1.0,0.8944271909999159,0.8,2.0,6.0,0.0,0.0,0.0,3.0,3.0,0.0,0.0,0.0,3.0,0.0,0.0,0.0,0.0,0.0,0.0,0.0,0.0,0.0,0.0,0.0,0.0,0.0,0.0
560,921,Sprint 13,-21,7,3,24,0,0,0,0,2,21,0,0,1,3,2,2,3.0,0.0,0.0,0.0,3.0,1.0,0.0,1.7320508075688772,3.0,3.0,0.0,0.0,0.0,0.0,0.0,0.0,0.0,1.0,1.0,1.0,1.0,0.0,0.0,0.0,0.0,2.0,0.6666666666666666,0.0,1.1547005383792517,1.3333333333333335,2.0,0.0,0.0,0.0,0.0,0.0,0.0,0.0,0.0,0.0,0.0,0.0,0.0,0.0,0.0,0.0,0.0,0.0,0.0,0.0,0.0,0.0,0.0,2.0,1.0,1.0,1.0,1.0,2.0,0.0,2.0,1.0,1.0,1.0,1.0,2.0,3.0,0.0,1.0,0.0,2.0,0.0,0.0,1.0,0.0,2.0,0.0,0.0,0.0,0.0,0.0,0.0,0.0,0.0,0.0,0.0,0.0,0.0,0.0,0.0
560,945,Sprint 14,-5,7,6,40,1,3,0,0,4,27,3,16,0,0,2,2,9.0,0.0,3.0,0.0,3.0,0.5555555555555556,0.0,1.0137937550497034,1.027777777777778,3.0,0.0,0.0,0.0,0.0,0.0,0.0,0.0,1.0,2.0,1.1111111111111112,1.0,0.33333333333333337,0.11111111111111112,1.0,0.0,2.0,0.6666666666666666,0.0,0.8660254037844387,0.7500000000000001,2.0,0.0,0.0,0.0,0.0,0.0,0.0,0.0,0.0,0.0,0.0,0.0,0.0,0.0,0.0,0.0,0.0,0.0,0.0,0.0,0.0,0.0,0.0,2.0,0.6666666666666666,0.0,0.8660254037844387,0.7500000000000001,2.0,0.0,2.0,0.8888888888888888,1.0,0.927960727138337,0.8611111111111112,2.0,8.0,0.0,4.0,0.0,4.0,1.0,0.0,1.0,0.0,4.0,1.0,0.0,0.0,1.0,0.0,0.0,0.0,0.0,0.0,0.0,0.0,0.0,0.0,0.0
560,970,Sprint 15,-2,7,4,17,2,6,0,0,1,8,0,0,5,15,2,2,8.0,0.0,3.0,0.0,1.0,0.375,0.0,0.5175491695067657,0.26785714285714285,1.0,0.0,0.0,0.0,0.0,0.0,0.0,0.0,1.0,2.0,1.125,1.0,0.3535533905932738,0.125,1.0,0.0,1.0,0.25,0.0,0.4629100498862757,0.21428571428571427,1.0,0.0,0.0,0.0,0.0,0.0,0.0,0.0,0.0,0.0,0.0,0.0,0.0,0.0,0.0,0.0,1.0,0.125,0.0,0.3535533905932738,0.125,1.0,0.0,0.0,0.0,0.0,0.0,0.0,0.0,0.0,2.0,0.5,0.0,0.7559289460184544,0.5714285714285714,2.0,5.0,0.0,5.0,0.0,1.0,2.0,0.0,5.0,0.0,0.0,3.0,0.0,0.0,0.0,0.0,0.0,0.0,0.0,0.0,0.0,0.0,0.0,0.0,0.0
560,987,Sprint 16,3,7,4,17,0,0,0,0,1,3,3,14,0,0,2,2,5.0,0.0,3.0,0.0,0.0,0.0,0.0,0.0,0.0,0.0,0.0,0.0,0.0,0.0,0.0,0.0,0.0,1.0,2.0,1.2,1.0,0.44721359549995804,0.20000000000000007,1.0,0.0,1.0,0.2,0.0,0.44721359549995804,0.20000000000000007,1.0,0.0,0.0,0.0,0.0,0.0,0.0,0.0,0.0,0.0,0.0,0.0,0.0,0.0,0.0,0.0,0.0,0.0,0.0,0.0,0.0,0.0,0.0,3.0,0.8,0.0,1.3038404810405297,1.7000000000000002,3.0,0.0,1.0,0.2,0.0,0.44721359549995804,0.20000000000000007,1.0,4.0,0.0,2.0,0.0,3.0,0.0,0.0,1.0,0.0,1.0,1.0,0.0,0.0,0.0,0.0,0.0,0.0,0.0,0.0,0.0,0.0,0.0,0.0,0.0
560,1000,Sprint 17,3,7,0,0,2,6,0,0,0,0,2,6,0,0,2,1,4.0,0.0,1.0,0.0,1.0,0.25,0.0,0.5,0.25,1.0,0.0,0.0,0.0,0.0,0.0,0.0,0.0,1.0,1.0,1.0,1.0,0.0,0.0,0.0,0.0,0.0,0.0,0.0,0.0,0.0,0.0,0.0,0.0,0.0,0.0,0.0,0.0,0.0,0.0,0.0,0.0,0.0,0.0,0.0,0.0,0.0,0.0,0.0,0.0,0.0,0.0,0.0,0.0,2.0,0.5,0.0,1.0,1.0,2.0,0.0,0.0,0.0,0.0,0.0,0.0,0.0,4.0,0.0,2.0,0.0,1.0,1.0,0.0,2.0,0.0,1.0,0.0,0.0,0.0,0.0,0.0,0.0,0.0,0.0,0.0,0.0,0.0,0.0,0.0,0.0
560,1018,Sprint 18,3,7,4,26,1,5,0,0,1,5,4,26,0,0,2,2,8.0,0.0,5.0,0.0,2.0,0.25,0.0,0.7071067811865476,0.5,2.0,0.0,0.0,0.0,0.0,0.0,0.0,0.0,0.0,1.0,0.875,1.0,0.3535533905932738,0.125,1.0,0.0,1.0,0.375,0.0,0.5175491695067657,0.26785714285714285,1.0,0.0,0.0,0.0,0.0,0.0,0.0,0.0,0.0,0.0,0.0,0.0,0.0,0.0,0.0,0.0,0.0,0.0,0.0,0.0,0.0,0.0,0.0,2.0,0.375,0.0,0.7440238091428449,0.5535714285714286,2.0,0.0,1.0,0.25,0.0,0.4629100498862757,0.21428571428571427,1.0,8.0,0.0,2.0,0.0,5.0,1.0,0.0,2.0,0.0,1.0,0.0,0.0,0.0,0.0,0.0,0.0,0.0,0.0,0.0,0.0,0.0,0.0,0.0,0.0
560,1033,Sprint 19,-7,20,4,29,1,3,0,0,1,5,1,8,3,19,2,2,8.0,0.0,5.0,0.0,2.0,0.875,0.5,0.9910312089651149,0.9821428571428571,2.0,0.0,1.0,0.125,0.0,0.3535533905932738,0.125,1.0,1.0,1.0,1.0,1.0,0.0,0.0,0.0,0.0,1.0,0.125,0.0,0.3535533905932738,0.125,1.0,0.0,0.0,0.0,0.0,0.0,0.0,0.0,0.0,0.0,0.0,0.0,0.0,0.0,0.0,0.0,2.0,0.25,0.0,0.7071067811865476,0.5,2.0,0.0,1.0,0.125,0.0,0.3535533905932738,0.125,1.0,0.0,1.0,0.375,0.0,0.5175491695067657,0.26785714285714285,1.0,6.0,0.0,4.0,0.0,3.0,1.0,0.0,1.0,0.0,2.0,2.0,0.0,0.0,0.0,0.0,0.0,0.0,0.0,0.0,0.0,0.0,0.0,0.0,0.0
560,1058,Sprint 20,-18,7,5,39,0,0,0,0,1,13,1,5,3,21,2,2,5.0,0.0,3.0,0.0,2.0,1.0,1.0,1.0,1.0,2.0,0.0,0.0,0.0,0.0,0.0,0.0,0.0,1.0,1.0,1.0,1.0,0.0,0.0,0.0,0.0,3.0,0.8,0.0,1.30384048104053,1.7000000000000004,3.0,0.0,0.0,0.0,0.0,0.0,0.0,0.0,0.0,0.0,0.0,0.0,0.0,0.0,0.0,0.0,2.0,0.4,0.0,0.8944271909999161,0.8000000000000003,2.0,0.0,2.0,0.6,0.0,0.8944271909999157,0.7999999999999998,2.0,0.0,4.0,1.6,1.0,1.5165750888103102,2.3000000000000003,4.0,3.0,0.0,1.0,0.0,2.0,2.0,0.0,1.0,0.0,1.0,2.0,0.0,0.0,0.0,0.0,0.0,0.0,0.0,0.0,0.0,0.0,0.0,0.0,0.0
560,1075,Sprint 21,3,7,2,8,1,3,0,0,3,11,0,0,0,0,2,2,5.0,0.0,5.0,0.0,2.0,0.8,1.0,0.8366600265340756,0.7000000000000001,2.0,0.0,0.0,0.0,0.0,0.0,0.0,0.0,1.0,1.0,1.0,1.0,0.0,0.0,0.0,0.0,3.0,1.0,1.0,1.224744871391589,1.5,3.0,0.0,0.0,0.0,0.0,0.0,0.0,0.0,0.0,0.0,0.0,0.0,0.0,0.0,0.0,0.0,0.0,0.0,0.0,0.0,0.0,0.0,0.0,0.0,0.0,0.0,0.0,0.0,0.0,0.0,1.0,0.2,0.0,0.44721359549995804,0.20000000000000007,1.0,5.0,0.0,0.0,0.0,4.0,1.0,0.0,0.0,0.0,0.0,0.0,0.0,0.0,0.0,0.0,0.0,0.0,0.0,0.0,0.0,0.0,0.0,0.0,0.0
560,1100,Sprint 22,-35,7,4,34,2,6,0,0,2,6,3,29,1,5,2,1,6.0,0.0,6.0,0.0,0.0,0.0,0.0,0.0,0.0,0.0,0.0,0.0,0.0,0.0,0.0,0.0,0.0,1.0,3.0,1.3333333333333333,1.0,0.816496580927726,0.6666666666666667,2.0,0.0,1.0,0.3333333333333333,0.0,0.5163977794943223,0.2666666666666667,1.0,0.0,0.0,0.0,0.0,0.0,0.0,0.0,0.0,0.0,0.0,0.0,0.0,0.0,0.0,0.0,0.0,0.0,0.0,0.0,0.0,0.0,0.0,0.0,0.0,0.0,0.0,0.0,0.0,0.0,4.0,1.1666666666666667,0.5,1.6020819787597222,2.566666666666667,4.0,3.0,0.0,0.0,0.0,6.0,0.0,0.0,0.0,0.0,0.0,3.0,0.0,0.0,0.0,0.0,0.0,0.0,0.0,0.0,0.0,0.0,0.0,0.0,0.0
560,1110,Sprint 23,-21,7,5,35,1,3,1,3,2,26,2,6,1,3,2,2,8.0,0.0,7.0,0.0,0.0,0.0,0.0,0.0,0.0,0.0,0.0,0.0,0.0,0.0,0.0,0.0,0.0,1.0,3.0,1.25,1.0,0.7071067811865476,0.5,2.0,0.0,1.0,0.375,0.0,0.5175491695067657,0.26785714285714285,1.0,0.0,0.0,0.0,0.0,0.0,0.0,0.0,0.0,0.0,0.0,0.0,0.0,0.0,0.0,0.0,0.0,0.0,0.0,0.0,0.0,0.0,0.0,0.0,0.0,0.0,0.0,0.0,0.0,0.0,4.0,0.875,0.0,1.4577379737113252,2.125,4.0,5.0,0.0,0.0,0.0,7.0,1.0,0.0,1.0,0.0,0.0,3.0,0.0,0.0,0.0,0.0,0.0,0.0,0.0,0.0,0.0,0.0,0.0,0.0,0.0
560,1126,Sprint 24,0,7,4,44,5,15,0,0,2,6,5,30,2,23,2,3,11.0,0.0,8.0,0.0,3.0,0.5454545454545454,0.0,0.9341987329938275,0.8727272727272727,3.0,0.0,0.0,0.0,0.0,0.0,0.0,0.0,1.0,3.0,1.1818181818181819,1.0,0.6030226891555273,0.3636363636363636,2.0,0.0,1.0,0.2727272727272727,0.0,0.46709936649691375,0.21818181818181817,1.0,0.0,0.0,0.0,0.0,0.0,0.0,0.0,0.0,0.0,0.0,0.0,0.0,0.0,0.0,0.0,0.0,0.0,0.0,0.0,0.0,0.0,0.0,2.0,0.18181818181818182,0.0,0.6030226891555271,0.36363636363636354,2.0,0.0,4.0,0.9090909090909091,0.0,1.5782614139961384,2.4909090909090903,4.0,8.0,0.0,3.0,0.0,7.0,1.0,0.0,2.0,0.0,1.0,3.0,0.0,0.0,0.0,0.0,0.0,0.0,0.0,0.0,0.0,0.0,0.0,0.0,0.0
560,1144,Sprint 25,-29,7,6,42,2,6,0,0,6,32,0,0,2,16,2,2,8.0,0.0,6.0,0.0,3.0,0.625,0.0,1.0606601717798212,1.125,3.0,0.0,0.0,0.0,0.0,0.0,0.0,0.0,0.0,3.0,1.125,1.0,0.8345229603962802,0.6964285714285714,3.0,0.0,1.0,0.5,0.5,0.5345224838248488,0.2857142857142857,1.0,0.0,0.0,0.0,0.0,0.0,0.0,0.0,0.0,0.0,0.0,0.0,0.0,0.0,0.0,0.0,6.0,1.25,0.0,2.3754698783308417,5.642857142857143,6.0,0.0,2.0,0.5,0.0,0.9258200997725514,0.8571428571428571,2.0,0.0,5.0,1.125,0.5,1.7268882005337975,2.982142857142857,5.0,6.0,0.0,1.0,0.0,6.0,1.0,0.0,0.0,0.0,2.0,2.0,0.0,0.0,0.0,0.0,0.0,0.0,0.0,0.0,0.0,0.0,0.0,0.0,0.0
560,1153,Sprint 26,3,7,4,21,1,13,0,0,1,3,4,31,0,0,2,2,13.0,0.0,8.0,0.0,8.0,1.0,0.0,2.23606797749979,5.0,8.0,0.0,1.0,0.07692307692307693,0.0,0.2773500981126146,0.07692307692307694,1.0,0.0,1.0,0.8461538461538461,1.0,0.3755338080994054,0.14102564102564102,1.0,0.0,2.0,0.5384615384615384,0.0,0.6602252917735248,0.43589743589743596,2.0,0.0,0.0,0.0,0.0,0.0,0.0,0.0,0.0,0.0,0.0,0.0,0.0,0.0,0.0,0.0,6.0,0.8461538461538461,0.0,1.9081471748860575,3.6410256410256423,6.0,0.0,4.0,0.6153846153846154,0.0,1.2608503439122303,1.5897435897435892,4.0,0.0,5.0,0.7692307692307693,0.0,1.4806443503784736,2.1923076923076925,5.0,11.0,0.0,3.0,0.0,9.0,1.0,0.0,1.0,0.0,3.0,2.0,0.0,0.0,1.0,0.0,0.0,0.0,0.0,0.0,0.0,0.0,0.0,0.0,0.0
560,1180,Sprint 27,7,6,6,30,0,0,0,0,4,22,0,0,2,8,2,3,12.0,0.0,7.0,0.0,2.0,0.4166666666666667,0.0,0.792961461098759,0.6287878787878786,2.0,0.0,1.0,0.16666666666666666,0.0,0.38924947208076155,0.15151515151515155,1.0,0.0,1.0,0.9166666666666666,1.0,0.28867513459481287,0.08333333333333331,1.0,0.0,2.0,0.4166666666666667,0.0,0.6685579234215213,0.44696969696969674,2.0,0.0,0.0,0.0,0.0,0.0,0.0,0.0,0.0,0.0,0.0,0.0,0.0,0.0,0.0,0.0,2.0,0.16666666666666666,0.0,0.5773502691896257,0.33333333333333326,2.0,0.0,4.0,0.5,0.0,1.243163121016122,1.5454545454545454,4.0,0.0,2.0,0.5,0.0,0.7977240352174656,0.6363636363636364,2.0,8.0,0.0,5.0,0.0,6.0,1.0,0.0,2.0,0.0,2.0,4.0,0.0,0.0,1.0,0.0,0.0,0.0,0.0,0.0,0.0,0.0,0.0,0.0,0.0
560,1203,Sprint 28,-18,6,2,21,1,3,0,0,1,8,2,16,0,0,2,1,4.0,0.0,2.0,0.0,1.0,0.25,0.0,0.5,0.25,1.0,0.0,1.0,0.25,0.0,0.5,0.25,1.0,1.0,1.0,1.0,1.0,0.0,0.0,0.0,0.0,2.0,0.75,0.5,0.9574271077563381,0.9166666666666666,2.0,0.0,0.0,0.0,0.0,0.0,0.0,0.0,0.0,0.0,0.0,0.0,0.0,0.0,0.0,0.0,0.0,0.0,0.0,0.0,0.0,0.0,0.0,1.0,0.25,0.0,0.5,0.25,1.0,0.0,2.0,0.5,0.0,1.0,1.0,2.0,3.0,0.0,2.0,0.0,2.0,0.0,0.0,1.0,0.0,1.0,1.0,0.0,0.0,0.0,0.0,0.0,0.0,0.0,0.0,0.0,0.0,0.0,0.0,0.0
560,1215,Sprint 29,-35,6,6,56,0,0,0,0,5,36,1,20,0,0,2,2,7.0,0.0,6.0,0.0,1.0,0.14285714285714285,0.0,0.37796447300922725,0.14285714285714288,1.0,0.0,0.0,0.0,0.0,0.0,0.0,0.0,1.0,1.0,1.0,1.0,0.0,0.0,0.0,0.0,2.0,0.7142857142857143,0.0,0.9511897312113418,0.9047619047619047,2.0,0.0,0.0,0.0,0.0,0.0,0.0,0.0,0.0,0.0,0.0,0.0,0.0,0.0,0.0,0.0,0.0,0.0,0.0,0.0,0.0,0.0,0.0,1.0,0.14285714285714285,0.0,0.37796447300922725,0.14285714285714288,1.0,0.0,7.0,2.0,2.0,2.516611478423583,6.333333333333333,7.0,6.0,0.0,0.0,0.0,6.0,1.0,0.0,1.0,0.0,0.0,1.0,0.0,0.0,0.0,0.0,0.0,0.0,0.0,0.0,0.0,0.0,0.0,0.0,0.0
560,1232,Sprint 30,-22,7,7,61,0,0,0,0,3,30,3,26,1,5,2,3,8.0,0.0,7.0,0.0,1.0,0.125,0.0,0.3535533905932738,0.125,1.0,0.0,1.0,0.125,0.0,0.3535533905932738,0.125,1.0,1.0,1.0,1.0,1.0,0.0,0.0,0.0,0.0,4.0,1.375,0.5,1.7677669529663689,3.125,4.0,0.0,0.0,0.0,0.0,0.0,0.0,0.0,0.0,0.0,0.0,0.0,0.0,0.0,0.0,0.0,0.0,0.0,0.0,0.0,0.0,0.0,0.0,0.0,0.0,0.0,0.0,0.0,0.0,0.0,8.0,2.25,1.5,2.7645717829090897,7.642857142857143,8.0,7.0,0.0,0.0,0.0,6.0,2.0,0.0,1.0,0.0,0.0,1.0,0.0,0.0,0.0,0.0,0.0,0.0,0.0,0.0,0.0,0.0,0.0,0.0,0.0
560,1248,Sprint 31,-34,7,8,54,0,0,0,0,4,27,4,27,0,0,2,3,8.0,0.0,6.0,0.0,1.0,0.125,0.0,0.3535533905932738,0.125,1.0,0.0,1.0,0.125,0.0,0.3535533905932738,0.125,1.0,1.0,1.0,1.0,1.0,0.0,0.0,0.0,0.0,4.0,1.125,1.0,1.246423454758225,1.5535714285714286,4.0,0.0,0.0,0.0,0.0,0.0,0.0,0.0,0.0,0.0,0.0,0.0,0.0,0.0,0.0,0.0,0.0,0.0,0.0,0.0,0.0,0.0,0.0,0.0,0.0,0.0,0.0,0.0,0.0,0.0,8.0,1.125,0.0,2.799872446074234,7.839285714285714,8.0,6.0,0.0,1.0,0.0,6.0,1.0,0.0,2.0,0.0,0.0,2.0,0.0,0.0,0.0,0.0,0.0,0.0,0.0,0.0,0.0,0.0,0.0,0.0,0.0
560,1275,Sprint 32,-12,7,7,34,1,3,0,0,2,4,1,8,5,25,2,2,8.0,0.0,6.0,0.0,2.0,0.375,0.0,0.7440238091428449,0.5535714285714286,2.0,0.0,1.0,0.125,0.0,0.3535533905932738,0.125,1.0,1.0,1.0,1.0,1.0,0.0,0.0,0.0,0.0,4.0,1.0,1.0,1.3093073414159542,1.7142857142857142,4.0,0.0,0.0,0.0,0.0,0.0,0.0,0.0,0.0,0.0,0.0,0.0,0.0,0.0,0.0,0.0,0.0,0.0,0.0,0.0,0.0,0.0,0.0,0.0,0.0,0.0,0.0,0.0,0.0,0.0,1.0,0.125,0.0,0.3535533905932738,0.125,1.0,7.0,0.0,1.0,0.0,5.0,2.0,0.0,2.0,0.0,0.0,1.0,0.0,0.0,0.0,0.0,0.0,0.0,0.0,0.0,0.0,0.0,0.0,0.0,0.0
560,1292,Sprint 33,-18,14,6,33,0,0,0,0,3,9,3,24,0,0,2,2,7.0,0.0,6.0,0.0,1.0,0.14285714285714285,0.0,0.3779644730092273,0.1428571428571429,1.0,0.0,0.0,0.0,0.0,0.0,0.0,0.0,0.0,1.0,0.8571428571428571,1.0,0.3779644730092272,0.14285714285714285,1.0,0.0,1.0,0.2857142857142857,0.0,0.48795003647426666,0.23809523809523814,1.0,0.0,0.0,0.0,0.0,0.0,0.0,0.0,0.0,0.0,0.0,0.0,0.0,0.0,0.0,0.0,0.0,0.0,0.0,0.0,0.0,0.0,0.0,1.0,0.14285714285714285,0.0,0.3779644730092273,0.1428571428571429,1.0,0.0,1.0,0.14285714285714285,0.0,0.3779644730092273,0.1428571428571429,1.0,6.0,0.0,1.0,0.0,6.0,0.0,0.0,1.0,0.0,0.0,1.0,0.0,0.0,0.0,0.0,0.0,0.0,0.0,0.0,0.0,0.0,0.0,0.0,0.0
560,1311,Sprint 34,-30,7,6,30,0,0,0,0,6,30,0,0,0,0,2,3,6.0,0.0,4.0,0.0,1.0,0.16666666666666666,0.0,0.408248290463863,0.16666666666666669,1.0,0.0,0.0,0.0,0.0,0.0,0.0,0.0,0.0,1.0,0.5,0.5,0.5477225575051661,0.3,1.0,0.0,1.0,0.5,0.5,0.5477225575051661,0.3,1.0,0.0,0.0,0.0,0.0,0.0,0.0,0.0,0.0,0.0,0.0,0.0,0.0,0.0,0.0,0.0,0.0,0.0,0.0,0.0,0.0,0.0,0.0,1.0,0.16666666666666666,0.0,0.408248290463863,0.16666666666666669,1.0,0.0,1.0,0.16666666666666666,0.0,0.408248290463863,0.16666666666666669,1.0,6.0,0.0,0.0,0.0,6.0,0.0,0.0,1.0,0.0,0.0,0.0,0.0,0.0,1.0,0.0,0.0,0.0,0.0,0.0,0.0,0.0,0.0,0.0,0.0
560,1322,Sprint 35,-9,7,7,33,0,0,0,0,3,9,0,0,4,24,2,4,9.0,0.0,5.0,0.0,2.0,0.4444444444444444,0.0,0.8819171036881969,0.7777777777777778,2.0,0.0,2.0,0.2222222222222222,0.0,0.6666666666666666,0.4444444444444444,2.0,0.0,1.0,0.6666666666666666,1.0,0.5,0.25,1.0,0.0,3.0,0.6666666666666666,0.0,1.0,1.0,3.0,0.0,0.0,0.0,0.0,0.0,0.0,0.0,0.0,0.0,0.0,0.0,0.0,0.0,0.0,0.0,0.0,0.0,0.0,0.0,0.0,0.0,0.0,2.0,0.3333333333333333,0.0,0.7071067811865476,0.5,2.0,0.0,3.0,0.4444444444444444,0.0,1.0137937550497031,1.0277777777777777,3.0,9.0,0.0,1.0,0.0,8.0,0.0,0.0,2.0,0.0,1.0,0.0,0.0,0.0,1.0,0.0,0.0,0.0,0.0,0.0,0.0,0.0,0.0,0.0,0.0
560,1340,Sprint 36,-3,7,6,18,4,24,1,13,1,-7,6,28,2,8,2,4,16.0,0.0,9.0,0.0,11.0,1.6875,0.0,3.070694818223828,9.429166666666667,11.0,0.0,2.0,0.3125,0.0,0.6020797289396148,0.3625,2.0,0.0,1.0,0.8125,1.0,0.4031128874149275,0.1625,1.0,0.0,3.0,0.8125,1.0,0.8341662504161466,0.6958333333333333,3.0,0.0,0.0,0.0,0.0,0.0,0.0,0.0,0.0,0.0,0.0,0.0,0.0,0.0,0.0,0.0,0.0,0.0,0.0,0.0,0.0,0.0,0.0,2.0,0.1875,0.0,0.5439056290693574,0.29583333333333334,2.0,0.0,6.0,0.8125,0.0,1.6418993066973788,2.6958333333333333,6.0,9.0,0.0,7.0,0.0,7.0,1.0,0.0,5.0,0.0,1.0,7.0,0.0,0.0,1.0,0.0,0.0,0.0,0.0,0.0,1.0,0.0,0.0,0.0,0.0
560,1353,Sprint 37,-25,14,8,34,1,3,0,0,5,25,2,6,2,6,2,4,9.0,0.0,5.0,0.0,2.0,0.5555555555555556,0.0,0.7264831572567789,0.5277777777777778,2.0,0.0,1.0,0.1111111111111111,0.0,0.3333333333333333,0.1111111111111111,1.0,0.0,1.0,0.7777777777777778,1.0,0.44095855184409843,0.19444444444444445,1.0,0.0,3.0,0.7777777777777778,1.0,0.9718253158075502,0.9444444444444445,3.0,0.0,0.0,0.0,0.0,0.0,0.0,0.0,0.0,0.0,0.0,0.0,0.0,0.0,0.0,0.0,0.0,0.0,0.0,0.0,0.0,0.0,0.0,2.0,0.3333333333333333,0.0,0.7071067811865476,0.5000000000000001,2.0,0.0,6.0,1.6666666666666667,1.0,2.1794494717703365,4.749999999999999,6.0,4.0,0.0,3.0,0.0,6.0,0.0,0.0,0.0,0.0,3.0,5.0,0.0,0.0,1.0,0.0,0.0,0.0,0.0,0.0,0.0,0.0,0.0,0.0,0.0
560,1369,Sprint 38,-38,6,6,38,0,0,0,0,6,38,0,0,0,0,2,4,6.0,0.0,4.0,0.0,1.0,0.16666666666666666,0.0,0.408248290463863,0.16666666666666669,1.0,0.0,1.0,0.16666666666666666,0.0,0.408248290463863,0.16666666666666669,1.0,0.0,1.0,0.6666666666666666,1.0,0.5163977794943223,0.2666666666666667,1.0,0.0,4.0,1.0,0.5,1.5491933384829668,2.4,4.0,0.0,0.0,0.0,0.0,0.0,0.0,0.0,0.0,0.0,0.0,0.0,0.0,0.0,0.0,0.0,0.0,0.0,0.0,0.0,0.0,0.0,0.0,0.0,0.0,0.0,0.0,0.0,0.0,0.0,5.0,1.1666666666666667,0.5,1.9407902170679516,3.7666666666666666,5.0,4.0,0.0,2.0,0.0,4.0,0.0,0.0,0.0,0.0,1.0,2.0,0.0,0.0,1.0,0.0,0.0,0.0,0.0,0.0,0.0,0.0,0.0,0.0,0.0
560,1375,Sprint 39,-36,7,7,51,1,3,0,0,5,35,1,13,2,6,2,6,11.0,0.0,8.0,0.0,5.0,0.6363636363636364,0.0,1.5015143870590966,2.2545454545454544,5.0,0.0,2.0,0.2727272727272727,0.0,0.6466697906828633,0.41818181818181827,2.0,0.0,1.0,0.8181818181818182,1.0,0.40451991747794525,0.16363636363636364,1.0,0.0,4.0,0.7272727272727273,0.0,1.2720777563426766,1.618181818181818,4.0,0.0,0.0,0.0,0.0,0.0,0.0,0.0,0.0,0.0,0.0,0.0,0.0,0.0,0.0,0.0,0.0,0.0,0.0,0.0,0.0,0.0,0.0,0.0,0.0,0.0,0.0,0.0,0.0,0.0,5.0,0.7272727272727273,0.0,1.489356175728901,2.2181818181818174,5.0,8.0,0.0,4.0,0.0,5.0,2.0,0.0,1.0,0.0,1.0,3.0,0.0,0.0,1.0,0.0,0.0,0.0,0.0,0.0,0.0,0.0,0.0,0.0,0.0
560,1387,Sprint 40,-48,7,6,48,1,3,0,0,4,32,3,19,0,0,2,7,7.0,0.0,5.0,0.0,1.0,0.2857142857142857,0.0,0.48795003647426655,0.23809523809523805,1.0,0.0,0.0,0.0,0.0,0.0,0.0,0.0,0.0,1.0,0.5714285714285714,1.0,0.5345224838248488,0.2857142857142857,1.0,0.0,4.0,0.7142857142857143,0.0,1.496026483086191,2.2380952380952372,4.0,0.0,0.0,0.0,0.0,0.0,0.0,0.0,0.0,0.0,0.0,0.0,0.0,0.0,0.0,0.0,0.0,0.0,0.0,0.0,0.0,0.0,0.0,0.0,0.0,0.0,0.0,0.0,0.0,0.0,5.0,0.7142857142857143,0.0,1.8898223650461363,3.5714285714285725,5.0,6.0,0.0,1.0,0.0,6.0,0.0,0.0,0.0,0.0,1.0,1.0,0.0,0.0,1.0,0.0,0.0,0.0,0.0,0.0,0.0,0.0,0.0,0.0,0.0
560,1407,Sprint 41,-42,7,7,61,1,3,0,0,5,45,1,3,2,16,2,5,10.0,0.0,7.0,0.0,5.0,0.8,0.0,1.5491933384829668,2.4000000000000004,5.0,0.0,1.0,0.1,0.0,0.31622776601683794,0.10000000000000002,1.0,0.0,1.0,0.8,1.0,0.42163702135578396,0.1777777777777778,1.0,0.0,4.0,0.7,0.0,1.2516655570345725,1.5666666666666667,4.0,0.0,0.0,0.0,0.0,0.0,0.0,0.0,0.0,0.0,0.0,0.0,0.0,0.0,0.0,0.0,0.0,0.0,0.0,0.0,0.0,0.0,0.0,0.0,0.0,0.0,0.0,0.0,0.0,0.0,5.0,0.9,0.0,1.66332999331662,2.7666666666666666,5.0,9.0,0.0,3.0,0.0,6.0,1.0,0.0,2.0,0.0,0.0,1.0,0.0,0.0,1.0,0.0,0.0,0.0,0.0,0.0,0.0,0.0,0.0,0.0,0.0
560,1421,Sprint 42,-48,7,7,51,0,0,0,0,6,38,1,13,0,0,2,5,7.0,0.0,5.0,0.0,2.0,0.7142857142857143,1.0,0.7559289460184544,0.5714285714285714,2.0,0.0,0.0,0.0,0.0,0.0,0.0,0.0,0.0,1.0,0.5714285714285714,1.0,0.5345224838248488,0.2857142857142857,1.0,0.0,4.0,0.8571428571428571,0.0,1.4638501094227998,2.142857142857143,4.0,0.0,0.0,0.0,0.0,0.0,0.0,0.0,0.0,0.0,0.0,0.0,0.0,0.0,0.0,0.0,0.0,0.0,0.0,0.0,0.0,0.0,0.0,1.0,0.14285714285714285,0.0,0.3779644730092273,0.1428571428571429,1.0,0.0,5.0,0.7142857142857143,0.0,1.8898223650461363,3.5714285714285725,5.0,7.0,0.0,1.0,0.0,6.0,0.0,0.0,1.0,0.0,0.0,0.0,0.0,0.0,1.0,0.0,0.0,0.0,0.0,0.0,0.0,0.0,0.0,0.0,0.0
560,1440,Sprint 43,-56,6,8,56,0,0,0,0,8,56,0,0,0,0,2,4,8.0,0.0,5.0,0.0,2.0,0.625,0.5,0.7440238091428449,0.5535714285714286,2.0,0.0,0.0,0.0,0.0,0.0,0.0,0.0,0.0,1.0,0.625,1.0,0.5175491695067657,0.26785714285714285,1.0,0.0,4.0,0.875,0.5,1.3562026818605375,1.8392857142857142,4.0,0.0,0.0,0.0,0.0,0.0,0.0,0.0,0.0,0.0,0.0,0.0,0.0,0.0,0.0,0.0,0.0,0.0,0.0,0.0,0.0,0.0,0.0,1.0,0.125,0.0,0.3535533905932738,0.125,1.0,0.0,5.0,0.625,0.0,1.7677669529663689,3.125,5.0,7.0,0.0,1.0,0.0,7.0,0.0,0.0,2.0,0.0,0.0,1.0,0.0,0.0,1.0,0.0,0.0,0.0,0.0,0.0,0.0,0.0,0.0,0.0,0.0
560,1456,Sprint 44,-83,7,12,83,4,12,0,0,3,29,9,54,4,12,2,5,17.0,0.0,12.0,0.0,3.0,0.6470588235294118,0.0,0.9963167462326072,0.9926470588235295,3.0,0.0,0.0,0.0,0.0,0.0,0.0,0.0,0.0,1.0,0.6470588235294118,1.0,0.492592183071889,0.2426470588235294,1.0,0.0,4.0,0.5882352941176471,0.0,1.1757350641945108,1.3823529411764706,4.0,0.0,0.0,0.0,0.0,0.0,0.0,0.0,0.0,0.0,0.0,0.0,0.0,0.0,0.0,0.0,0.0,0.0,0.0,0.0,0.0,0.0,0.0,1.0,0.058823529411764705,0.0,0.242535625036333,0.05882352941176471,1.0,0.0,5.0,0.5882352941176471,0.0,1.3256518929102281,1.757352941176471,5.0,15.0,0.0,5.0,0.0,8.0,4.0,0.0,2.0,0.0,1.0,2.0,0.0,0.0,2.0,0.0,0.0,0.0,0.0,0.0,0.0,0.0,0.0,0.0,0.0
560,1470,Sprint 45,-61,7,13,76,5,35,0,0,10,45,5,37,3,29,2,5,18.0,0.0,11.0,0.0,3.0,0.6111111111111112,0.0,0.9785276387866012,0.9575163398692811,3.0,0.0,0.0,0.0,0.0,0.0,0.0,0.0,0.0,1.0,0.6666666666666666,1.0,0.48507125007266594,0.23529411764705882,1.0,0.0,5.0,1.0,0.0,1.5339299776947408,2.3529411764705883,5.0,0.0,0.0,0.0,0.0,0.0,0.0,0.0,0.0,0.0,0.0,0.0,0.0,0.0,0.0,0.0,0.0,0.0,0.0,0.0,0.0,0.0,0.0,2.0,0.16666666666666666,0.0,0.5144957554275265,0.2647058823529411,2.0,0.0,5.0,0.5555555555555556,0.0,1.2472191289246473,1.5555555555555558,5.0,15.0,0.0,4.0,0.0,10.0,4.0,0.0,2.0,0.0,3.0,3.0,0.0,0.0,2.0,0.0,0.0,0.0,0.0,0.0,0.0,0.0,0.0,0.0,0.0
560,1484,Sprint 46,-31,7,12,66,0,0,0,0,8,39,1,3,3,24,2,4,12.0,0.0,6.0,0.0,3.0,0.5,0.0,0.9045340337332909,0.8181818181818182,3.0,0.0,0.0,0.0,0.0,0.0,0.0,0.0,0.0,1.0,0.5,0.5,0.5222329678670935,0.2727272727272727,1.0,0.0,5.0,1.0833333333333333,0.5,1.5642792899510296,2.4469696969696972,5.0,0.0,0.0,0.0,0.0,0.0,0.0,0.0,0.0,0.0,0.0,0.0,0.0,0.0,0.0,0.0,0.0,0.0,0.0,0.0,0.0,0.0,0.0,2.0,0.25,0.0,0.621581560508061,0.38636363636363635,2.0,0.0,1.0,0.16666666666666666,0.0,0.38924947208076144,0.1515151515151515,1.0,12.0,0.0,1.0,0.0,7.0,4.0,0.0,2.0,0.0,3.0,0.0,0.0,0.0,1.0,0.0,0.0,0.0,0.0,0.0,0.0,0.0,0.0,0.0,0.0
560,1499,Sprint 47,0,7,6,28,2,6,0,0,1,3,2,6,5,25,2,4,11.0,0.0,3.0,0.0,4.0,0.9090909090909091,1.0,1.2210278829367864,1.4909090909090907,4.0,0.0,1.0,0.18181818181818182,0.0,0.4045199174779452,0.16363636363636358,1.0,0.0,1.0,0.45454545454545453,0.0,0.5222329678670934,0.27272727272727265,1.0,0.0,5.0,1.0,0.0,1.6733200530681511,2.8,5.0,0.0,0.0,0.0,0.0,0.0,0.0,0.0,0.0,0.0,0.0,0.0,0.0,0.0,0.0,0.0,0.0,0.0,0.0,0.0,0.0,0.0,0.0,2.0,0.18181818181818182,0.0,0.6030226891555271,0.36363636363636354,2.0,0.0,1.0,0.18181818181818182,0.0,0.4045199174779452,0.16363636363636358,1.0,8.0,0.0,4.0,0.0,3.0,4.0,0.0,2.0,0.0,4.0,3.0,0.0,0.0,2.0,0.0,0.0,0.0,0.0,0.0,0.0,0.0,0.0,0.0,0.0
560,1514,Sprint 48,-9,7,3,9,0,0,0,0,2,6,1,3,0,0,2,1,3.0,0.0,0.0,0.0,5.0,2.0,1.0,2.6457513110645907,7.0,5.0,0.0,0.0,0.0,0.0,0.0,0.0,0.0,0.0,1.0,0.3333333333333333,0.0,0.5773502691896258,0.33333333333333337,1.0,0.0,3.0,1.3333333333333333,1.0,1.5275252316519468,2.3333333333333335,3.0,0.0,0.0,0.0,0.0,0.0,0.0,0.0,0.0,0.0,0.0,0.0,0.0,0.0,0.0,0.0,0.0,0.0,0.0,0.0,0.0,0.0,0.0,0.0,0.0,0.0,0.0,0.0,0.0,0.0,1.0,0.3333333333333333,0.0,0.5773502691896258,0.33333333333333337,1.0,3.0,0.0,0.0,0.0,2.0,1.0,0.0,1.0,0.0,1.0,0.0,0.0,0.0,1.0,0.0,0.0,0.0,0.0,0.0,0.0,0.0,0.0,0.0,0.0
560,1528,Sprint 49,3,7,0,0,2,6,0,0,0,0,1,3,1,3,2,1,4.0,0.0,2.0,0.0,0.0,0.0,0.0,0.0,0.0,0.0,0.0,0.0,0.0,0.0,0.0,0.0,0.0,0.0,1.0,0.5,0.5,0.5773502691896257,0.3333333333333333,1.0,0.0,3.0,1.25,1.0,1.5,2.25,3.0,0.0,0.0,0.0,0.0,0.0,0.0,0.0,0.0,0.0,0.0,0.0,0.0,0.0,0.0,0.0,0.0,0.0,0.0,0.0,0.0,0.0,0.0,2.0,0.5,0.0,1.0,1.0,2.0,0.0,1.0,0.5,0.5,0.5773502691896257,0.3333333333333333,1.0,3.0,0.0,3.0,0.0,0.0,1.0,0.0,0.0,0.0,2.0,1.0,0.0,0.0,0.0,0.0,0.0,0.0,0.0,0.0,0.0,0.0,0.0,0.0,0.0
560,1537,AAC Sprint,-24,7,15,45,10,30,0,0,6,18,6,18,13,39,2,7,27.0,0.0,4.0,0.0,6.0,1.2222222222222223,1.0,1.6946370914726465,2.871794871794871,6.0,0.0,0.0,0.0,0.0,0.0,0.0,0.0,0.0,1.0,0.5555555555555556,1.0,0.5063696835418333,0.25641025641025644,1.0,0.0,4.0,0.8518518518518519,1.0,1.0267088458424103,1.054131054131054,4.0,0.0,0.0,0.0,0.0,0.0,0.0,0.0,0.0,0.0,0.0,0.0,0.0,0.0,0.0,0.0,0.0,0.0,0.0,0.0,0.0,0.0,0.0,3.0,1.1851851851851851,1.0,0.7357380928771742,0.5413105413105413,3.0,0.0,2.0,0.5555555555555556,0.0,0.6979824404521128,0.4871794871794872,2.0,19.0,0.0,15.0,0.0,7.0,5.0,0.0,5.0,0.0,7.0,8.0,0.0,0.0,11.0,0.0,0.0,0.0,0.0,0.0,0.0,0.0,0.0,0.0,0.0
560,1570,Sessions Sprint 2,18,7,10,30,5,15,0,0,5,15,4,12,6,18,2,7,25.0,0.0,7.0,0.0,4.0,0.48,0.0,0.918331820930394,0.8433333333333333,4.0,0.0,2.0,0.08,0.0,0.4,0.16000000000000003,2.0,0.0,1.0,0.6,1.0,0.5,0.25,1.0,0.0,3.0,0.4,0.0,0.8164965809277261,0.6666666666666669,3.0,0.0,0.0,0.0,0.0,0.0,0.0,0.0,0.0,0.0,0.0,0.0,0.0,0.0,0.0,0.0,0.0,0.0,0.0,0.0,0.0,0.0,0.0,3.0,0.52,0.0,0.8717797887081347,0.7599999999999999,3.0,0.0,1.0,0.2,0.0,0.4082482904638631,0.1666666666666667,1.0,16.0,0.0,12.0,0.0,4.0,9.0,0.0,7.0,0.0,8.0,9.0,0.0,0.0,3.0,0.0,0.0,0.0,0.0,0.0,0.0,0.0,0.0,0.0,0.0
560,1584,Sessions Sprint 3,21,7,7,21,2,6,0,0,2,6,2,6,5,15,2,3,19.0,0.0,7.0,0.0,1.0,0.10526315789473684,0.0,0.3153017676423058,0.09941520467836257,1.0,0.0,3.0,0.2631578947368421,0.0,0.8056815791722831,0.649122807017544,3.0,0.0,1.0,0.3157894736842105,0.0,0.4775669329409193,0.2280701754385965,1.0,0.0,3.0,0.42105263157894735,0.0,0.7685331969757723,0.5906432748538012,3.0,0.0,0.0,0.0,0.0,0.0,0.0,0.0,0.0,0.0,0.0,0.0,0.0,0.0,0.0,0.0,0.0,0.0,0.0,0.0,0.0,0.0,0.0,3.0,0.21052631578947367,0.0,0.7132825035177586,0.5087719298245613,3.0,0.0,0.0,0.0,0.0,0.0,0.0,0.0,13.0,0.0,11.0,0.0,3.0,5.0,0.0,6.0,0.0,5.0,6.0,0.0,0.0,1.0,0.0,0.0,0.0,0.0,0.0,0.0,0.0,0.0,0.0,0.0
560,1780,Hobbits - 5.8 backlog closed,-3,21,4,12,0,0,0,0,4,12,0,0,0,0,2,1,4.0,0.0,2.0,1.0,3.0,2.0,2.0,1.1547005383792515,1.3333333333333333,2.0,0.0,0.0,0.0,0.0,0.0,0.0,0.0,0.0,1.0,0.25,0.0,0.5,0.25,1.0,0.0,1.0,0.25,0.0,0.5,0.25,1.0,0.0,0.0,0.0,0.0,0.0,0.0,0.0,0.0,0.0,0.0,0.0,0.0,0.0,0.0,0.0,0.0,0.0,0.0,0.0,0.0,0.0,0.0,1.0,0.5,0.5,0.5773502691896257,0.3333333333333333,1.0,0.0,3.0,0.75,0.0,1.5,2.25,3.0,2.0,0.0,4.0,0.0,0.0,0.0,0.0,0.0,0.0,1.0,2.0,0.0,0.0,1.0,0.0,0.0,0.0,0.0,0.0,0.0,0.0,0.0,0.0,0.0
572,393,5.0.x Sprint 1,0,14,0,0,0,0,0,0,0,0,0,0,0,0,1,1,2.0,2.0,2.0,0.0,0.0,0.0,0.0,0.0,0.0,0.0,0.0,0.0,0.0,0.0,0.0,0.0,0.0,1.0,1.0,1.0,1.0,0.0,0.0,0.0,0.0,0.0,0.0,0.0,0.0,0.0,0.0,0.0,0.0,0.0,0.0,0.0,0.0,0.0,0.0,0.0,0.0,0.0,0.0,0.0,0.0,0.0,0.0,0.0,0.0,0.0,0.0,0.0,0.0,0.0,0.0,0.0,0.0,0.0,0.0,0.0,0.0,0.0,0.0,0.0,0.0,0.0,2.0,0.0,0.0,0.0,0.0,0.0,0.0,0.0,0.0,0.0,0.0,0.0,0.0,0.0,0.0,0.0,0.0,0.0,0.0,0.0,0.0,0.0,0.0,0.0
572,412,5.0.x Sprint 2,0,14,0,0,0,0,0,0,0,0,0,0,0,0,1,1,2.0,2.0,2.0,0.0,0.0,0.0,0.0,0.0,0.0,0.0,0.0,0.0,0.0,0.0,0.0,0.0,0.0,1.0,1.0,1.0,1.0,0.0,0.0,0.0,0.0,0.0,0.0,0.0,0.0,0.0,0.0,0.0,0.0,0.0,0.0,0.0,0.0,0.0,0.0,0.0,0.0,0.0,0.0,0.0,0.0,0.0,0.0,0.0,0.0,0.0,0.0,0.0,0.0,0.0,0.0,0.0,0.0,0.0,0.0,0.0,0.0,0.0,0.0,0.0,0.0,0.0,2.0,0.0,0.0,0.0,0.0,0.0,0.0,0.0,0.0,0.0,0.0,0.0,0.0,0.0,0.0,0.0,0.0,0.0,0.0,0.0,0.0,0.0,0.0,0.0
572,939,Warranty bugs,-3,54,0,0,1,3,0,0,1,3,0,0,0,0,1,1,1.0,0.0,1.0,0.0,0.0,0.0,0.0,0.0,0.0,0.0,1.0,1.0,1.0,1.0,0.0,0.0,0.0,0.0,0.0,0.0,0.0,0.0,0.0,0.0,0.0,0.0,0.0,0.0,0.0,0.0,0.0,0.0,0.0,0.0,0.0,0.0,0.0,0.0,0.0,0.0,0.0,0.0,0.0,0.0,0.0,0.0,0.0,0.0,0.0,0.0,0.0,0.0,0.0,0.0,0.0,0.0,0.0,0.0,0.0,1.0,1.0,1.0,1.0,0.0,0.0,0.0,1.0,0.0,1.0,0.0,0.0,0.0,0.0,0.0,0.0,0.0,0.0,0.0,0.0,0.0,0.0,0.0,0.0,0.0,0.0,0.0,0.0,0.0,0.0,0.0
572,940,Galaxy - Sprint 11,-3,14,1,3,0,0,0,0,1,3,0,0,0,0,1,1,1.0,0.0,0.0,0.0,0.0,0.0,0.0,0.0,0.0,0.0,1.0,1.0,1.0,1.0,0.0,0.0,0.0,0.0,0.0,0.0,0.0,0.0,0.0,0.0,3.0,3.0,3.0,3.0,0.0,0.0,0.0,0.0,0.0,0.0,0.0,0.0,0.0,0.0,0.0,0.0,0.0,0.0,0.0,0.0,0.0,0.0,0.0,0.0,0.0,0.0,0.0,0.0,0.0,0.0,0.0,0.0,0.0,0.0,0.0,0.0,0.0,0.0,0.0,0.0,0.0,0.0,1.0,0.0,0.0,1.0,0.0,0.0,0.0,0.0,0.0,0.0,0.0,0.0,0.0,0.0,0.0,0.0,0.0,0.0,0.0,0.0,0.0,0.0,0.0,0.0
572,944,Doraemon - Sprint 11,0,7,0,0,0,0,0,0,0,0,0,0,0,0,1,1,0.0,0.0,0.0,0.0,0.0,0.0,0.0,0.0,0.0,0.0,0.0,0.0,0.0,0.0,0.0,0.0,0.0,0.0,0.0,0.0,0.0,0.0,0.0,0.0,0.0,0.0,0.0,0.0,0.0,0.0,0.0,0.0,0.0,0.0,0.0,0.0,0.0,0.0,0.0,0.0,0.0,0.0,0.0,0.0,0.0,0.0,0.0,0.0,0.0,0.0,0.0,0.0,0.0,0.0,0.0,0.0,0.0,0.0,0.0,0.0,0.0,0.0,0.0,0.0,0.0,0.0,0.0,0.0,0.0,0.0,0.0,0.0,0.0,0.0,0.0,0.0,0.0,0.0,0.0,0.0,0.0,0.0,0.0,0.0,0.0,0.0,0.0,0.0,0.0,0.0
572,949,Galaxy - Sprint 12,-3,14,1,3,0,0,0,0,0,0,1,3,0,0,1,1,1.0,0.0,0.0,1.0,1.0,1.0,1.0,0.0,0.0,0.0,1.0,1.0,1.0,1.0,0.0,0.0,0.0,0.0,0.0,0.0,0.0,0.0,0.0,0.0,3.0,3.0,3.0,3.0,0.0,0.0,0.0,0.0,0.0,0.0,0.0,0.0,0.0,0.0,0.0,0.0,0.0,0.0,0.0,0.0,0.0,0.0,0.0,0.0,0.0,0.0,0.0,0.0,0.0,0.0,0.0,0.0,0.0,0.0,0.0,0.0,0.0,0.0,0.0,0.0,0.0,0.0,1.0,0.0,0.0,1.0,0.0,0.0,0.0,0.0,0.0,0.0,0.0,0.0,0.0,0.0,0.0,0.0,0.0,0.0,0.0,0.0,0.0,0.0,0.0,0.0
572,978,Galaxy - Sprint 13,-3,14,1,3,0,0,0,0,1,3,0,0,0,0,1,1,1.0,0.0,0.0,1.0,1.0,1.0,1.0,0.0,0.0,0.0,1.0,1.0,1.0,1.0,0.0,0.0,0.0,0.0,0.0,0.0,0.0,0.0,0.0,0.0,3.0,3.0,3.0,3.0,0.0,0.0,0.0,0.0,0.0,0.0,0.0,0.0,0.0,0.0,0.0,0.0,0.0,0.0,0.0,0.0,0.0,0.0,0.0,0.0,0.0,0.0,0.0,0.0,0.0,0.0,0.0,0.0,0.0,0.0,0.0,0.0,0.0,0.0,0.0,0.0,0.0,0.0,1.0,0.0,0.0,1.0,0.0,0.0,0.0,0.0,0.0,0.0,0.0,0.0,0.0,0.0,0.0,0.0,0.0,0.0,0.0,0.0,0.0,0.0,0.0,0.0
572,1017,Doraemon - Sprint 12,0,7,0,0,1,1,0,0,0,0,0,0,1,1,1,2,1.0,0.0,0.0,1.0,1.0,1.0,1.0,0.0,0.0,0.0,1.0,1.0,1.0,1.0,0.0,0.0,0.0,2.0,2.0,2.0,2.0,0.0,0.0,0.0,0.0,0.0,0.0,0.0,0.0,0.0,0.0,0.0,0.0,0.0,0.0,0.0,0.0,0.0,0.0,0.0,0.0,0.0,0.0,0.0,0.0,2.0,2.0,2.0,2.0,0.0,0.0,0.0,1.0,1.0,1.0,1.0,0.0,0.0,0.0,0.0,0.0,0.0,0.0,0.0,0.0,0.0,1.0,0.0,1.0,0.0,0.0,0.0,0.0,1.0,0.0,0.0,0.0,0.0,0.0,0.0,0.0,0.0,0.0,0.0,0.0,0.0,0.0,0.0,0.0,0.0
572,1029,Galaxy - Sprint 14,-3,14,1,3,0,0,0,0,1,3,0,0,0,0,1,1,1.0,0.0,0.0,1.0,1.0,1.0,1.0,0.0,0.0,0.0,1.0,1.0,1.0,1.0,0.0,0.0,0.0,0.0,0.0,0.0,0.0,0.0,0.0,0.0,3.0,3.0,3.0,3.0,0.0,0.0,0.0,0.0,0.0,0.0,0.0,0.0,0.0,0.0,0.0,0.0,0.0,0.0,0.0,0.0,0.0,0.0,0.0,0.0,0.0,0.0,0.0,0.0,0.0,0.0,0.0,0.0,0.0,0.0,0.0,0.0,0.0,0.0,0.0,0.0,0.0,0.0,1.0,0.0,0.0,1.0,0.0,0.0,0.0,0.0,0.0,0.0,0.0,0.0,0.0,0.0,0.0,0.0,0.0,0.0,0.0,0.0,0.0,0.0,0.0,0.0
572,1037,Dokodemo door - hardening,0,7,0,0,1,3,0,0,0,0,0,0,1,3,1,3,1.0,0.0,1.0,0.0,0.0,0.0,0.0,0.0,0.0,0.0,1.0,1.0,1.0,1.0,0.0,0.0,0.0,2.0,2.0,2.0,2.0,0.0,0.0,0.0,1.0,1.0,1.0,1.0,0.0,0.0,0.0,0.0,0.0,0.0,0.0,0.0,0.0,0.0,0.0,0.0,0.0,0.0,0.0,0.0,0.0,2.0,2.0,2.0,2.0,0.0,0.0,0.0,0.0,0.0,0.0,0.0,0.0,0.0,0.0,3.0,3.0,3.0,3.0,0.0,0.0,0.0,0.0,0.0,1.0,0.0,0.0,0.0,0.0,0.0,0.0,0.0,1.0,0.0,0.0,0.0,0.0,0.0,0.0,0.0,0.0,0.0,0.0,0.0,0.0,0.0
572,1053,Galaxy - Sprint 15,-8,14,2,8,0,0,0,0,2,8,0,0,0,0,1,2,2.0,0.0,0.0,1.0,3.0,2.0,2.0,1.4142135623730951,2.0,2.0,1.0,1.0,1.0,1.0,0.0,0.0,0.0,0.0,0.0,0.0,0.0,0.0,0.0,0.0,0.0,3.0,1.5,1.5,2.1213203435596424,4.5,3.0,0.0,0.0,0.0,0.0,0.0,0.0,0.0,0.0,0.0,0.0,0.0,0.0,0.0,0.0,0.0,0.0,0.0,0.0,0.0,0.0,0.0,0.0,1.0,0.5,0.5,0.7071067811865476,0.5,1.0,0.0,1.0,0.5,0.5,0.7071067811865476,0.5,1.0,1.0,0.0,1.0,1.0,0.0,0.0,0.0,1.0,0.0,0.0,1.0,0.0,0.0,0.0,0.0,0.0,0.0,0.0,0.0,0.0,0.0,0.0,0.0,0.0
572,1094,Galaxy - Sprint 16,-5,21,2,8,0,0,1,3,1,5,0,0,0,0,1,2,2.0,0.0,0.0,2.0,3.0,2.5,2.5,0.7071067811865476,0.5,1.0,1.0,1.0,1.0,1.0,0.0,0.0,0.0,0.0,0.0,0.0,0.0,0.0,0.0,0.0,0.0,3.0,1.5,1.5,2.1213203435596424,4.5,3.0,0.0,0.0,0.0,0.0,0.0,0.0,0.0,0.0,0.0,0.0,0.0,0.0,0.0,0.0,0.0,0.0,0.0,0.0,0.0,0.0,0.0,0.0,1.0,0.5,0.5,0.7071067811865476,0.5,1.0,0.0,1.0,0.5,0.5,0.7071067811865476,0.5,1.0,1.0,0.0,1.0,1.0,0.0,0.0,0.0,1.0,0.0,0.0,1.0,0.0,0.0,0.0,0.0,0.0,0.0,0.0,0.0,0.0,0.0,0.0,0.0,0.0
572,1136,Doraemon - Gyro Capsule,0,7,0,0,1,1,0,0,0,0,1,1,0,0,1,1,1.0,0.0,0.0,0.0,0.0,0.0,0.0,0.0,0.0,0.0,1.0,1.0,1.0,1.0,0.0,0.0,0.0,1.0,1.0,1.0,1.0,0.0,0.0,0.0,0.0,0.0,0.0,0.0,0.0,0.0,0.0,0.0,0.0,0.0,0.0,0.0,0.0,0.0,0.0,0.0,0.0,0.0,0.0,0.0,0.0,0.0,0.0,0.0,0.0,0.0,0.0,0.0,1.0,1.0,1.0,1.0,0.0,0.0,0.0,1.0,1.0,1.0,1.0,0.0,0.0,0.0,0.0,0.0,1.0,0.0,0.0,0.0,0.0,1.0,0.0,0.0,1.0,0.0,0.0,0.0,0.0,0.0,0.0,0.0,0.0,0.0,0.0,0.0,0.0,0.0
572,1138,Galaxy - Sprint 17,0,14,1,5,0,0,1,5,0,0,0,0,0,0,1,1,1.0,0.0,0.0,3.0,3.0,3.0,3.0,0.0,0.0,0.0,1.0,1.0,1.0,1.0,0.0,0.0,0.0,0.0,0.0,0.0,0.0,0.0,0.0,0.0,0.0,0.0,0.0,0.0,0.0,0.0,0.0,0.0,0.0,0.0,0.0,0.0,0.0,0.0,0.0,0.0,0.0,0.0,0.0,0.0,0.0,0.0,0.0,0.0,0.0,0.0,0.0,0.0,1.0,1.0,1.0,1.0,0.0,0.0,0.0,1.0,1.0,1.0,1.0,0.0,0.0,0.0,0.0,0.0,1.0,0.0,0.0,0.0,0.0,1.0,0.0,0.0,1.0,0.0,0.0,0.0,0.0,0.0,0.0,0.0,0.0,0.0,0.0,0.0,0.0,0.0
572,1146,Doraemon - Translation konyaku,0,7,0,0,0,0,0,0,0,0,0,0,0,0,1,1,0.0,0.0,0.0,0.0,0.0,0.0,0.0,0.0,0.0,0.0,0.0,0.0,0.0,0.0,0.0,0.0,0.0,0.0,0.0,0.0,0.0,0.0,0.0,0.0,0.0,0.0,0.0,0.0,0.0,0.0,0.0,0.0,0.0,0.0,0.0,0.0,0.0,0.0,0.0,0.0,0.0,0.0,0.0,0.0,0.0,0.0,0.0,0.0,0.0,0.0,0.0,0.0,0.0,0.0,0.0,0.0,0.0,0.0,0.0,0.0,0.0,0.0,0.0,0.0,0.0,0.0,0.0,0.0,0.0,0.0,0.0,0.0,0.0,0.0,0.0,0.0,0.0,0.0,0.0,0.0,0.0,0.0,0.0,0.0,0.0,0.0,0.0,0.0,0.0,0.0
572,1378,33 - Time Furoshiki,-3,7,1,3,0,0,0,0,0,0,1,3,0,0,1,1,1.0,0.0,1.0,3.0,3.0,3.0,3.0,0.0,0.0,0.0,1.0,1.0,1.0,1.0,0.0,0.0,0.0,2.0,2.0,2.0,2.0,0.0,0.0,0.0,1.0,1.0,1.0,1.0,0.0,0.0,0.0,0.0,0.0,0.0,0.0,0.0,0.0,0.0,0.0,0.0,0.0,0.0,0.0,0.0,0.0,0.0,0.0,0.0,0.0,0.0,0.0,0.0,0.0,0.0,0.0,0.0,0.0,0.0,0.0,0.0,0.0,0.0,0.0,0.0,0.0,0.0,0.0,0.0,1.0,0.0,0.0,0.0,0.0,0.0,0.0,0.0,1.0,0.0,0.0,0.0,0.0,0.0,0.0,0.0,0.0,0.0,0.0,0.0,0.0,0.0
572,1426,10-Annamite range 2,-13,7,0,0,2,13,0,0,2,13,0,0,0,0,1,2,2.0,0.0,0.0,4.0,39.0,21.5,21.5,24.748737341529164,612.5,35.0,2.0,5.0,3.5,3.5,2.1213203435596424,4.5,3.0,0.0,1.0,0.5,0.5,0.7071067811865476,0.5,1.0,0.0,1.0,0.5,0.5,0.7071067811865476,0.5,1.0,0.0,0.0,0.0,0.0,0.0,0.0,0.0,0.0,0.0,0.0,0.0,0.0,0.0,0.0,0.0,0.0,0.0,0.0,0.0,0.0,0.0,2.0,2.0,2.0,2.0,0.0,0.0,0.0,1.0,2.0,1.5,1.5,0.7071067811865476,0.5,1.0,1.0,0.0,2.0,0.0,0.0,0.0,0.0,1.0,0.0,1.0,1.0,0.0,0.0,0.0,0.0,0.0,0.0,0.0,0.0,0.0,0.0,0.0,0.0,0.0
572,1458,Galaxy Sprint 31,-8,7,0,0,1,8,0,0,0,0,1,8,0,0,1,1,1.0,0.0,0.0,0.0,0.0,0.0,0.0,0.0,0.0,0.0,1.0,1.0,1.0,1.0,0.0,0.0,0.0,0.0,0.0,0.0,0.0,0.0,0.0,0.0,0.0,0.0,0.0,0.0,0.0,0.0,0.0,0.0,0.0,0.0,0.0,0.0,0.0,0.0,0.0,0.0,0.0,0.0,0.0,0.0,0.0,0.0,0.0,0.0,0.0,0.0,0.0,0.0,2.0,2.0,2.0,2.0,0.0,0.0,0.0,2.0,2.0,2.0,2.0,0.0,0.0,0.0,0.0,0.0,1.0,0.0,0.0,0.0,0.0,0.0,0.0,1.0,1.0,0.0,0.0,0.0,0.0,0.0,0.0,0.0,0.0,0.0,0.0,0.0,0.0,0.0
572,1486,Galaxy Sprint 33,-8,7,1,8,0,0,0,0,1,8,0,0,0,0,1,1,1.0,0.0,0.0,0.0,0.0,0.0,0.0,0.0,0.0,0.0,1.0,1.0,1.0,1.0,0.0,0.0,0.0,0.0,0.0,0.0,0.0,0.0,0.0,0.0,0.0,0.0,0.0,0.0,0.0,0.0,0.0,0.0,0.0,0.0,0.0,0.0,0.0,0.0,0.0,0.0,0.0,0.0,0.0,0.0,0.0,0.0,0.0,0.0,0.0,0.0,0.0,0.0,2.0,2.0,2.0,2.0,0.0,0.0,0.0,2.0,2.0,2.0,2.0,0.0,0.0,0.0,0.0,0.0,1.0,0.0,0.0,0.0,0.0,0.0,0.0,1.0,1.0,0.0,0.0,0.0,0.0,0.0,0.0,0.0,0.0,0.0,0.0,0.0,0.0,0.0
572,1487,Galaxy Sprint 34,-8,7,1,8,0,0,0,0,1,8,0,0,0,0,1,1,1.0,0.0,0.0,0.0,0.0,0.0,0.0,0.0,0.0,0.0,1.0,1.0,1.0,1.0,0.0,0.0,0.0,0.0,0.0,0.0,0.0,0.0,0.0,0.0,0.0,0.0,0.0,0.0,0.0,0.0,0.0,0.0,0.0,0.0,0.0,0.0,0.0,0.0,0.0,0.0,0.0,0.0,0.0,0.0,0.0,0.0,0.0,0.0,0.0,0.0,0.0,0.0,2.0,2.0,2.0,2.0,0.0,0.0,0.0,2.0,2.0,2.0,2.0,0.0,0.0,0.0,0.0,0.0,1.0,0.0,0.0,0.0,0.0,0.0,0.0,1.0,1.0,0.0,0.0,0.0,0.0,0.0,0.0,0.0,0.0,0.0,0.0,0.0,0.0,0.0
572,1488,Galaxy Sprint 35,-8,7,1,8,0,0,0,0,1,8,0,0,0,0,1,1,1.0,0.0,0.0,0.0,0.0,0.0,0.0,0.0,0.0,0.0,1.0,1.0,1.0,1.0,0.0,0.0,0.0,0.0,0.0,0.0,0.0,0.0,0.0,0.0,0.0,0.0,0.0,0.0,0.0,0.0,0.0,0.0,0.0,0.0,0.0,0.0,0.0,0.0,0.0,0.0,0.0,0.0,0.0,0.0,0.0,0.0,0.0,0.0,0.0,0.0,0.0,0.0,2.0,2.0,2.0,2.0,0.0,0.0,0.0,2.0,2.0,2.0,2.0,0.0,0.0,0.0,0.0,0.0,1.0,0.0,0.0,0.0,0.0,0.0,0.0,1.0,1.0,0.0,0.0,0.0,0.0,0.0,0.0,0.0,0.0,0.0,0.0,0.0,0.0,0.0
572,1515,Warranty Bugs - OD-31,-3,9,1,3,0,0,0,0,1,3,0,0,0,0,1,1,1.0,0.0,1.0,0.0,0.0,0.0,0.0,0.0,0.0,0.0,1.0,1.0,1.0,1.0,0.0,0.0,0.0,0.0,0.0,0.0,0.0,0.0,0.0,0.0,0.0,0.0,0.0,0.0,0.0,0.0,0.0,0.0,0.0,0.0,0.0,0.0,0.0,0.0,0.0,0.0,0.0,0.0,0.0,0.0,0.0,0.0,0.0,0.0,0.0,0.0,0.0,0.0,0.0,0.0,0.0,0.0,0.0,0.0,0.0,1.0,1.0,1.0,1.0,0.0,0.0,0.0,1.0,0.0,1.0,0.0,0.0,0.0,0.0,0.0,0.0,0.0,0.0,0.0,0.0,0.0,0.0,0.0,0.0,0.0,0.0,0.0,0.0,0.0,0.0,0.0
572,1532,Warranty Bugs - OD-32,-3,14,1,3,0,0,0,0,1,3,0,0,0,0,1,1,1.0,0.0,1.0,0.0,0.0,0.0,0.0,0.0,0.0,0.0,1.0,1.0,1.0,1.0,0.0,0.0,0.0,0.0,0.0,0.0,0.0,0.0,0.0,0.0,0.0,0.0,0.0,0.0,0.0,0.0,0.0,0.0,0.0,0.0,0.0,0.0,0.0,0.0,0.0,0.0,0.0,0.0,0.0,0.0,0.0,0.0,0.0,0.0,0.0,0.0,0.0,0.0,0.0,0.0,0.0,0.0,0.0,0.0,0.0,1.0,1.0,1.0,1.0,0.0,0.0,0.0,1.0,0.0,1.0,0.0,0.0,0.0,0.0,0.0,0.0,0.0,0.0,0.0,0.0,0.0,0.0,0.0,0.0,0.0,0.0,0.0,0.0,0.0,0.0,0.0
572,1541,Galaxy Sprint 36,-8,7,1,8,0,0,0,0,1,8,0,0,0,0,1,1,1.0,0.0,0.0,0.0,0.0,0.0,0.0,0.0,0.0,0.0,1.0,1.0,1.0,1.0,0.0,0.0,0.0,0.0,0.0,0.0,0.0,0.0,0.0,0.0,0.0,0.0,0.0,0.0,0.0,0.0,0.0,0.0,0.0,0.0,0.0,0.0,0.0,0.0,0.0,0.0,0.0,0.0,0.0,0.0,0.0,0.0,0.0,0.0,0.0,0.0,0.0,0.0,2.0,2.0,2.0,2.0,0.0,0.0,0.0,2.0,2.0,2.0,2.0,0.0,0.0,0.0,0.0,0.0,1.0,0.0,0.0,0.0,0.0,0.0,0.0,1.0,1.0,0.0,0.0,0.0,0.0,0.0,0.0,0.0,0.0,0.0,0.0,0.0,0.0,0.0
572,1563,Galaxy Sprint 37,-8,7,0,0,1,8,0,0,1,8,0,0,0,0,1,1,1.0,0.0,0.0,0.0,0.0,0.0,0.0,0.0,0.0,0.0,1.0,1.0,1.0,1.0,0.0,0.0,0.0,0.0,0.0,0.0,0.0,0.0,0.0,0.0,0.0,0.0,0.0,0.0,0.0,0.0,0.0,0.0,0.0,0.0,0.0,0.0,0.0,0.0,0.0,0.0,0.0,0.0,0.0,0.0,0.0,0.0,0.0,0.0,0.0,0.0,0.0,0.0,2.0,2.0,2.0,2.0,0.0,0.0,0.0,2.0,2.0,2.0,2.0,0.0,0.0,0.0,0.0,0.0,1.0,0.0,0.0,0.0,0.0,0.0,0.0,1.0,1.0,0.0,0.0,0.0,0.0,0.0,0.0,0.0,0.0,0.0,0.0,0.0,0.0,0.0
572,1577,Warranty Bugs - OD-33,-3,12,1,3,0,0,0,0,1,3,0,0,0,0,1,1,1.0,0.0,1.0,0.0,0.0,0.0,0.0,0.0,0.0,0.0,1.0,1.0,1.0,1.0,0.0,0.0,0.0,0.0,0.0,0.0,0.0,0.0,0.0,0.0,0.0,0.0,0.0,0.0,0.0,0.0,0.0,0.0,0.0,0.0,0.0,0.0,0.0,0.0,0.0,0.0,0.0,0.0,0.0,0.0,0.0,0.0,0.0,0.0,0.0,0.0,0.0,0.0,0.0,0.0,0.0,0.0,0.0,0.0,0.0,1.0,1.0,1.0,1.0,0.0,0.0,0.0,1.0,0.0,1.0,0.0,0.0,0.0,0.0,0.0,0.0,0.0,0.0,0.0,0.0,0.0,0.0,0.0,0.0,0.0,0.0,0.0,0.0,0.0,0.0,0.0
572,1581,Galaxy Sprint 38,-8,7,1,8,0,0,0,0,1,8,0,0,0,0,1,1,1.0,0.0,0.0,0.0,0.0,0.0,0.0,0.0,0.0,0.0,1.0,1.0,1.0,1.0,0.0,0.0,0.0,0.0,0.0,0.0,0.0,0.0,0.0,0.0,0.0,0.0,0.0,0.0,0.0,0.0,0.0,0.0,0.0,0.0,0.0,0.0,0.0,0.0,0.0,0.0,0.0,0.0,0.0,0.0,0.0,0.0,0.0,0.0,0.0,0.0,0.0,0.0,2.0,2.0,2.0,2.0,0.0,0.0,0.0,2.0,2.0,2.0,2.0,0.0,0.0,0.0,0.0,0.0,1.0,0.0,0.0,0.0,0.0,0.0,0.0,1.0,1.0,0.0,0.0,0.0,0.0,0.0,0.0,0.0,0.0,0.0,0.0,0.0,0.0,0.0
572,1633,Galaxy - Sprint 40,-8,7,1,8,0,0,0,0,1,8,0,0,0,0,1,1,1.0,0.0,0.0,0.0,0.0,0.0,0.0,0.0,0.0,0.0,1.0,1.0,1.0,1.0,0.0,0.0,0.0,0.0,0.0,0.0,0.0,0.0,0.0,0.0,0.0,0.0,0.0,0.0,0.0,0.0,0.0,0.0,0.0,0.0,0.0,0.0,0.0,0.0,0.0,0.0,0.0,0.0,0.0,0.0,0.0,0.0,0.0,0.0,0.0,0.0,0.0,0.0,2.0,2.0,2.0,2.0,0.0,0.0,0.0,2.0,2.0,2.0,2.0,0.0,0.0,0.0,0.0,0.0,1.0,0.0,0.0,0.0,0.0,0.0,0.0,1.0,1.0,0.0,0.0,0.0,0.0,0.0,0.0,0.0,0.0,0.0,0.0,0.0,0.0,0.0
572,1703,50 - Head of Gorgon,-3,7,1,3,0,0,0,0,1,3,0,0,0,0,1,1,1.0,0.0,0.0,0.0,0.0,0.0,0.0,0.0,0.0,0.0,1.0,1.0,1.0,1.0,0.0,0.0,0.0,1.0,1.0,1.0,1.0,0.0,0.0,0.0,0.0,0.0,0.0,0.0,0.0,0.0,0.0,0.0,0.0,0.0,0.0,0.0,0.0,0.0,0.0,0.0,0.0,0.0,0.0,0.0,0.0,0.0,0.0,0.0,0.0,0.0,0.0,0.0,0.0,0.0,0.0,0.0,0.0,0.0,0.0,0.0,0.0,0.0,0.0,0.0,0.0,0.0,0.0,0.0,1.0,0.0,0.0,0.0,0.0,1.0,0.0,0.0,1.0,0.0,0.0,0.0,0.0,0.0,0.0,0.0,0.0,0.0,0.0,0.0,0.0,0.0
572,1711,Galaxy Sprint 45,-8,7,1,8,0,0,0,0,1,8,0,0,0,0,1,1,1.0,0.0,0.0,0.0,0.0,0.0,0.0,0.0,0.0,0.0,1.0,1.0,1.0,1.0,0.0,0.0,0.0,0.0,0.0,0.0,0.0,0.0,0.0,0.0,0.0,0.0,0.0,0.0,0.0,0.0,0.0,0.0,0.0,0.0,0.0,0.0,0.0,0.0,0.0,0.0,0.0,0.0,0.0,0.0,0.0,0.0,0.0,0.0,0.0,0.0,0.0,0.0,2.0,2.0,2.0,2.0,0.0,0.0,0.0,2.0,2.0,2.0,2.0,0.0,0.0,0.0,0.0,0.0,1.0,0.0,0.0,0.0,0.0,0.0,0.0,1.0,1.0,0.0,0.0,0.0,0.0,0.0,0.0,0.0,0.0,0.0,0.0,0.0,0.0,0.0
572,1720,51 - Horror Story Lamp (for Ha,0,7,1,3,0,0,0,0,0,0,1,3,0,0,1,2,1.0,0.0,0.0,0.0,0.0,0.0,0.0,0.0,0.0,0.0,1.0,1.0,1.0,1.0,0.0,0.0,0.0,1.0,1.0,1.0,1.0,0.0,0.0,0.0,0.0,0.0,0.0,0.0,0.0,0.0,0.0,0.0,0.0,0.0,0.0,0.0,0.0,0.0,0.0,0.0,0.0,0.0,0.0,0.0,0.0,0.0,0.0,0.0,0.0,0.0,0.0,0.0,0.0,0.0,0.0,0.0,0.0,0.0,0.0,0.0,0.0,0.0,0.0,0.0,0.0,0.0,0.0,0.0,1.0,0.0,0.0,0.0,0.0,1.0,0.0,0.0,1.0,0.0,0.0,0.0,0.0,0.0,0.0,0.0,0.0,0.0,0.0,0.0,0.0,0.0
572,1724,Galaxy - Sprint 46,-8,7,1,8,0,0,0,0,1,8,0,0,0,0,1,1,1.0,0.0,0.0,0.0,0.0,0.0,0.0,0.0,0.0,0.0,1.0,1.0,1.0,1.0,0.0,0.0,0.0,0.0,0.0,0.0,0.0,0.0,0.0,0.0,0.0,0.0,0.0,0.0,0.0,0.0,0.0,0.0,0.0,0.0,0.0,0.0,0.0,0.0,0.0,0.0,0.0,0.0,0.0,0.0,0.0,0.0,0.0,0.0,0.0,0.0,0.0,0.0,2.0,2.0,2.0,2.0,0.0,0.0,0.0,2.0,2.0,2.0,2.0,0.0,0.0,0.0,0.0,0.0,1.0,0.0,0.0,0.0,0.0,0.0,0.0,1.0,1.0,0.0,0.0,0.0,0.0,0.0,0.0,0.0,0.0,0.0,0.0,0.0,0.0,0.0
572,1825,58 - Special Wood,-3,9,1,3,0,0,0,0,1,3,0,0,0,0,1,1,1.0,0.0,0.0,2.0,2.0,2.0,2.0,0.0,0.0,0.0,1.0,1.0,1.0,1.0,0.0,0.0,0.0,1.0,1.0,1.0,1.0,0.0,0.0,0.0,0.0,0.0,0.0,0.0,0.0,0.0,0.0,0.0,0.0,0.0,0.0,0.0,0.0,0.0,0.0,0.0,0.0,0.0,0.0,0.0,0.0,0.0,0.0,0.0,0.0,0.0,0.0,0.0,1.0,1.0,1.0,1.0,0.0,0.0,0.0,0.0,0.0,0.0,0.0,0.0,0.0,0.0,1.0,0.0,1.0,0.0,0.0,0.0,0.0,1.0,0.0,0.0,0.0,0.0,0.0,0.0,0.0,0.0,0.0,0.0,0.0,0.0,0.0,0.0,0.0,0.0
572,1847,59 - Paper House,-3,7,1,3,0,0,0,0,1,3,0,0,0,0,1,1,1.0,0.0,0.0,2.0,2.0,2.0,2.0,0.0,0.0,0.0,1.0,1.0,1.0,1.0,0.0,0.0,0.0,1.0,1.0,1.0,1.0,0.0,0.0,0.0,0.0,0.0,0.0,0.0,0.0,0.0,0.0,0.0,0.0,0.0,0.0,0.0,0.0,0.0,0.0,0.0,0.0,0.0,0.0,0.0,0.0,0.0,0.0,0.0,0.0,0.0,0.0,0.0,1.0,1.0,1.0,1.0,0.0,0.0,0.0,0.0,0.0,0.0,0.0,0.0,0.0,0.0,1.0,0.0,1.0,0.0,0.0,0.0,0.0,1.0,0.0,0.0,0.0,0.0,0.0,0.0,0.0,0.0,0.0,0.0,0.0,0.0,0.0,0.0,0.0,0.0
572,1874,60 - Dream Confirmation Hand,-8,7,2,8,0,0,0,0,1,3,1,5,0,0,1,2,2.0,0.0,1.0,0.0,4.0,2.0,2.0,2.8284271247461903,8.0,4.0,1.0,1.0,1.0,1.0,0.0,0.0,0.0,1.0,1.0,1.0,1.0,0.0,0.0,0.0,0.0,3.0,1.5,1.5,2.1213203435596424,4.5,3.0,0.0,0.0,0.0,0.0,0.0,0.0,0.0,0.0,0.0,0.0,0.0,0.0,0.0,0.0,0.0,0.0,0.0,0.0,0.0,0.0,0.0,0.0,1.0,0.5,0.5,0.7071067811865476,0.5,1.0,0.0,2.0,1.0,1.0,1.4142135623730951,2.0,2.0,1.0,0.0,2.0,0.0,0.0,0.0,0.0,1.0,0.0,0.0,1.0,0.0,0.0,0.0,0.0,0.0,0.0,0.0,0.0,0.0,0.0,0.0,0.0,0.0
572,1891,61 - Deep Sea Cream,0,14,0,0,1,5,0,0,1,5,0,0,0,0,1,1,2.0,0.0,2.0,0.0,0.0,0.0,0.0,0.0,0.0,0.0,1.0,1.0,1.0,1.0,0.0,0.0,0.0,1.0,2.0,1.5,1.5,0.7071067811865476,0.5,1.0,0.0,3.0,1.5,1.5,2.1213203435596424,4.5,3.0,0.0,0.0,0.0,0.0,0.0,0.0,0.0,0.0,0.0,0.0,0.0,0.0,0.0,0.0,0.0,0.0,0.0,0.0,0.0,0.0,0.0,0.0,0.0,0.0,0.0,0.0,0.0,0.0,0.0,2.0,1.0,1.0,1.4142135623730951,2.0,2.0,0.0,0.0,2.0,0.0,0.0,0.0,0.0,0.0,0.0,0.0,2.0,0.0,0.0,0.0,0.0,0.0,0.0,0.0,0.0,0.0,0.0,0.0,0.0,0.0
572,1995,01 - Fansipan 2,0,4,1,3,1,1,0,0,0,0,1,1,1,3,1,3,2.0,0.0,2.0,0.0,0.0,0.0,0.0,0.0,0.0,0.0,1.0,1.0,1.0,1.0,0.0,0.0,0.0,1.0,2.0,1.5,1.5,0.7071067811865476,0.5,1.0,0.0,0.0,0.0,0.0,0.0,0.0,0.0,0.0,0.0,0.0,0.0,0.0,0.0,0.0,0.0,0.0,0.0,0.0,0.0,0.0,0.0,0.0,1.0,0.5,0.5,0.7071067811865476,0.5,1.0,0.0,0.0,0.0,0.0,0.0,0.0,0.0,1.0,1.0,1.0,1.0,0.0,0.0,0.0,0.0,0.0,2.0,0.0,0.0,0.0,0.0,0.0,0.0,0.0,2.0,0.0,0.0,0.0,0.0,0.0,0.0,0.0,0.0,0.0,0.0,0.0,0.0,0.0
572,2019,Enterprise 2015-4,0,13,0,0,0,0,0,0,0,0,0,0,0,0,1,1,1.0,0.0,1.0,0.0,0.0,0.0,0.0,0.0,0.0,0.0,1.0,1.0,1.0,1.0,0.0,0.0,0.0,1.0,1.0,1.0,1.0,0.0,0.0,0.0,0.0,0.0,0.0,0.0,0.0,0.0,0.0,0.0,0.0,0.0,0.0,0.0,0.0,0.0,0.0,0.0,0.0,0.0,0.0,0.0,0.0,0.0,0.0,0.0,0.0,0.0,0.0,0.0,0.0,0.0,0.0,0.0,0.0,0.0,0.0,0.0,0.0,0.0,0.0,0.0,0.0,0.0,0.0,0.0,1.0,0.0,0.0,0.0,0.0,0.0,0.0,0.0,1.0,0.0,0.0,0.0,0.0,0.0,0.0,0.0,0.0,0.0,0.0,0.0,0.0,0.0
572,2020,03 - Fansipan 3,-3,4,1,3,0,0,0,0,1,3,0,0,0,0,1,2,1.0,0.0,0.0,5.0,5.0,5.0,5.0,0.0,0.0,0.0,1.0,1.0,1.0,1.0,0.0,0.0,0.0,1.0,1.0,1.0,1.0,0.0,0.0,0.0,0.0,0.0,0.0,0.0,0.0,0.0,0.0,0.0,0.0,0.0,0.0,0.0,0.0,0.0,0.0,0.0,0.0,0.0,0.0,0.0,0.0,0.0,0.0,0.0,0.0,0.0,0.0,0.0,1.0,1.0,1.0,1.0,0.0,0.0,0.0,0.0,0.0,0.0,0.0,0.0,0.0,0.0,1.0,0.0,1.0,0.0,0.0,0.0,0.0,1.0,0.0,0.0,0.0,0.0,0.0,0.0,0.0,0.0,0.0,0.0,0.0,0.0,0.0,0.0,0.0,0.0
572,2057,04 - Bukit Timah,0,7,0,0,0,0,0,0,0,0,0,0,0,0,1,1,1.0,0.0,1.0,0.0,0.0,0.0,0.0,0.0,0.0,0.0,1.0,1.0,1.0,1.0,0.0,0.0,0.0,1.0,1.0,1.0,1.0,0.0,0.0,0.0,0.0,0.0,0.0,0.0,0.0,0.0,0.0,0.0,0.0,0.0,0.0,0.0,0.0,0.0,0.0,0.0,0.0,0.0,0.0,0.0,0.0,0.0,0.0,0.0,0.0,0.0,0.0,0.0,0.0,0.0,0.0,0.0,0.0,0.0,0.0,0.0,0.0,0.0,0.0,0.0,0.0,0.0,0.0,0.0,1.0,0.0,0.0,0.0,0.0,0.0,0.0,0.0,1.0,0.0,0.0,0.0,0.0,0.0,0.0,0.0,0.0,0.0,0.0,0.0,0.0,0.0
572,2065,05 - Bukit Timah 2,-8,7,1,3,1,8,0,0,1,8,0,0,1,3,1,2,2.0,0.0,1.0,0.0,3.0,1.5,1.5,2.1213203435596424,4.5,3.0,1.0,2.0,1.5,1.5,0.7071067811865476,0.5,1.0,0.0,1.0,0.5,0.5,0.7071067811865476,0.5,1.0,0.0,1.0,0.5,0.5,0.7071067811865476,0.5,1.0,0.0,0.0,0.0,0.0,0.0,0.0,0.0,0.0,0.0,0.0,0.0,0.0,0.0,0.0,0.0,1.0,0.5,0.5,0.7071067811865476,0.5,1.0,0.0,2.0,1.0,1.0,1.4142135623730951,2.0,2.0,0.0,2.0,1.0,1.0,1.4142135623730951,2.0,2.0,1.0,0.0,2.0,0.0,0.0,0.0,0.0,0.0,0.0,1.0,1.0,0.0,0.0,0.0,0.0,0.0,0.0,0.0,0.0,0.0,0.0,0.0,0.0,0.0
572,2102,07 - Jade Mountain,-8,7,0,0,1,8,0,0,1,8,0,0,0,0,1,1,1.0,0.0,0.0,4.0,4.0,4.0,4.0,0.0,0.0,0.0,2.0,2.0,2.0,2.0,0.0,0.0,0.0,0.0,0.0,0.0,0.0,0.0,0.0,0.0,1.0,1.0,1.0,1.0,0.0,0.0,0.0,0.0,0.0,0.0,0.0,0.0,0.0,0.0,0.0,0.0,0.0,0.0,0.0,0.0,0.0,0.0,0.0,0.0,0.0,0.0,0.0,0.0,2.0,2.0,2.0,2.0,0.0,0.0,0.0,2.0,2.0,2.0,2.0,0.0,0.0,0.0,1.0,0.0,1.0,0.0,0.0,0.0,0.0,0.0,0.0,1.0,0.0,0.0,0.0,0.0,0.0,0.0,0.0,0.0,0.0,0.0,0.0,0.0,0.0,0.0
572,2209,11 - Annamite range 3,-4,7,2,4,0,0,0,0,2,4,0,0,0,0,1,1,2.0,0.0,2.0,0.0,0.0,0.0,0.0,0.0,0.0,0.0,2.0,3.0,2.5,2.5,0.7071067811865476,0.5,1.0,2.0,2.0,2.0,2.0,0.0,0.0,0.0,0.0,0.0,0.0,0.0,0.0,0.0,0.0,0.0,0.0,0.0,0.0,0.0,0.0,0.0,0.0,0.0,0.0,0.0,0.0,0.0,0.0,0.0,0.0,0.0,0.0,0.0,0.0,0.0,0.0,0.0,0.0,0.0,0.0,0.0,0.0,0.0,1.0,0.5,0.5,0.7071067811865476,0.5,1.0,0.0,0.0,2.0,0.0,0.0,0.0,0.0,0.0,0.0,0.0,2.0,0.0,0.0,0.0,0.0,0.0,0.0,0.0,0.0,0.0,0.0,0.0,0.0,0.0
572,2238,12 - Black Virgin Mountain 1,-8,7,0,0,3,12,0,0,3,12,0,0,0,0,1,2,3.0,0.0,2.0,0.0,4.0,1.3333333333333333,0.0,2.3094010767585034,5.333333333333334,4.0,2.0,3.0,2.3333333333333335,2.0,0.5773502691896258,0.33333333333333337,1.0,0.0,2.0,1.3333333333333333,2.0,1.1547005383792517,1.3333333333333335,2.0,0.0,1.0,0.3333333333333333,0.0,0.5773502691896258,0.33333333333333337,1.0,0.0,0.0,0.0,0.0,0.0,0.0,0.0,0.0,0.0,0.0,0.0,0.0,0.0,0.0,0.0,0.0,0.0,0.0,0.0,0.0,0.0,0.0,2.0,0.6666666666666666,0.0,1.1547005383792517,1.3333333333333335,2.0,0.0,2.0,1.0,1.0,1.0,1.0,2.0,1.0,0.0,3.0,0.0,0.0,0.0,0.0,0.0,0.0,1.0,2.0,0.0,0.0,0.0,0.0,0.0,0.0,0.0,0.0,0.0,0.0,0.0,0.0,0.0
576,1,Sprint 1,0,0,0,0,0,0,0,0,0,0,0,0,0,0,1,1,6.0,6.0,6.0,0.0,0.0,0.0,0.0,0.0,0.0,0.0,0.0,1.0,0.16666666666666666,0.0,0.408248290463863,0.16666666666666669,1.0,0.0,2.0,1.1666666666666667,1.5,0.9831920802501751,0.9666666666666668,2.0,0.0,1.0,0.16666666666666666,0.0,0.408248290463863,0.16666666666666669,1.0,0.0,0.0,0.0,0.0,0.0,0.0,0.0,0.0,0.0,0.0,0.0,0.0,0.0,0.0,0.0,0.0,0.0,0.0,0.0,0.0,0.0,0.0,0.0,0.0,0.0,0.0,0.0,0.0,0.0,0.0,0.0,0.0,0.0,0.0,0.0,6.0,0.0,0.0,0.0,0.0,0.0,0.0,0.0,0.0,0.0,0.0,0.0,0.0,0.0,0.0,0.0,0.0,0.0,0.0,0.0,0.0,0.0,0.0,0.0
576,2,Sprint 1,0,0,0,0,0,0,0,0,0,0,0,0,0,0,1,1,0.0,0.0,0.0,0.0,0.0,0.0,0.0,0.0,0.0,0.0,0.0,0.0,0.0,0.0,0.0,0.0,0.0,0.0,0.0,0.0,0.0,0.0,0.0,0.0,0.0,0.0,0.0,0.0,0.0,0.0,0.0,0.0,0.0,0.0,0.0,0.0,0.0,0.0,0.0,0.0,0.0,0.0,0.0,0.0,0.0,0.0,0.0,0.0,0.0,0.0,0.0,0.0,0.0,0.0,0.0,0.0,0.0,0.0,0.0,0.0,0.0,0.0,0.0,0.0,0.0,0.0,0.0,0.0,0.0,0.0,0.0,0.0,0.0,0.0,0.0,0.0,0.0,0.0,0.0,0.0,0.0,0.0,0.0,0.0,0.0,0.0,0.0,0.0,0.0,0.0
576,4,Sprint 2,0,11,0,0,0,0,0,0,0,0,0,0,0,0,1,1,0.0,0.0,0.0,0.0,0.0,0.0,0.0,0.0,0.0,0.0,0.0,0.0,0.0,0.0,0.0,0.0,0.0,0.0,0.0,0.0,0.0,0.0,0.0,0.0,0.0,0.0,0.0,0.0,0.0,0.0,0.0,0.0,0.0,0.0,0.0,0.0,0.0,0.0,0.0,0.0,0.0,0.0,0.0,0.0,0.0,0.0,0.0,0.0,0.0,0.0,0.0,0.0,0.0,0.0,0.0,0.0,0.0,0.0,0.0,0.0,0.0,0.0,0.0,0.0,0.0,0.0,0.0,0.0,0.0,0.0,0.0,0.0,0.0,0.0,0.0,0.0,0.0,0.0,0.0,0.0,0.0,0.0,0.0,0.0,0.0,0.0,0.0,0.0,0.0,0.0
576,10,Sprint 2,0,14,0,0,0,0,0,0,0,0,0,0,0,0,1,1,14.0,10.0,10.0,0.0,1.0,0.14285714285714285,0.0,0.3631365196012815,0.1318681318681319,1.0,0.0,1.0,0.07142857142857142,0.0,0.26726124191242434,0.07142857142857141,1.0,0.0,2.0,0.8571428571428571,0.0,1.027105182026191,1.054945054945055,2.0,0.0,0.0,0.0,0.0,0.0,0.0,0.0,0.0,0.0,0.0,0.0,0.0,0.0,0.0,0.0,0.0,0.0,0.0,0.0,0.0,0.0,0.0,2.0,0.42857142857142855,0.0,0.8516306272526404,0.7252747252747257,2.0,0.0,0.0,0.0,0.0,0.0,0.0,0.0,0.0,0.0,0.0,0.0,0.0,0.0,0.0,14.0,4.0,0.0,0.0,0.0,0.0,0.0,3.0,1.0,0.0,0.0,0.0,0.0,0.0,0.0,0.0,0.0,0.0,0.0,0.0,0.0,0.0,0.0,0.0
576,20,1.1-M2-test-r,0,14,0,0,0,0,0,0,0,0,0,0,0,0,1,1,0.0,0.0,0.0,0.0,0.0,0.0,0.0,0.0,0.0,0.0,0.0,0.0,0.0,0.0,0.0,0.0,0.0,0.0,0.0,0.0,0.0,0.0,0.0,0.0,0.0,0.0,0.0,0.0,0.0,0.0,0.0,0.0,0.0,0.0,0.0,0.0,0.0,0.0,0.0,0.0,0.0,0.0,0.0,0.0,0.0,0.0,0.0,0.0,0.0,0.0,0.0,0.0,0.0,0.0,0.0,0.0,0.0,0.0,0.0,0.0,0.0,0.0,0.0,0.0,0.0,0.0,0.0,0.0,0.0,0.0,0.0,0.0,0.0,0.0,0.0,0.0,0.0,0.0,0.0,0.0,0.0,0.0,0.0,0.0,0.0,0.0,0.0,0.0,0.0,0.0
576,21,1.1-M2-Fire,0,4,0,0,0,0,0,0,0,0,0,0,0,0,1,1,0.0,0.0,0.0,0.0,0.0,0.0,0.0,0.0,0.0,0.0,0.0,0.0,0.0,0.0,0.0,0.0,0.0,0.0,0.0,0.0,0.0,0.0,0.0,0.0,0.0,0.0,0.0,0.0,0.0,0.0,0.0,0.0,0.0,0.0,0.0,0.0,0.0,0.0,0.0,0.0,0.0,0.0,0.0,0.0,0.0,0.0,0.0,0.0,0.0,0.0,0.0,0.0,0.0,0.0,0.0,0.0,0.0,0.0,0.0,0.0,0.0,0.0,0.0,0.0,0.0,0.0,0.0,0.0,0.0,0.0,0.0,0.0,0.0,0.0,0.0,0.0,0.0,0.0,0.0,0.0,0.0,0.0,0.0,0.0,0.0,0.0,0.0,0.0,0.0,0.0
576,29,1.1-M4-Blue,0,6,0,0,0,0,0,0,0,0,0,0,0,0,1,1,0.0,0.0,0.0,0.0,0.0,0.0,0.0,0.0,0.0,0.0,0.0,0.0,0.0,0.0,0.0,0.0,0.0,0.0,0.0,0.0,0.0,0.0,0.0,0.0,0.0,0.0,0.0,0.0,0.0,0.0,0.0,0.0,0.0,0.0,0.0,0.0,0.0,0.0,0.0,0.0,0.0,0.0,0.0,0.0,0.0,0.0,0.0,0.0,0.0,0.0,0.0,0.0,0.0,0.0,0.0,0.0,0.0,0.0,0.0,0.0,0.0,0.0,0.0,0.0,0.0,0.0,0.0,0.0,0.0,0.0,0.0,0.0,0.0,0.0,0.0,0.0,0.0,0.0,0.0,0.0,0.0,0.0,0.0,0.0,0.0,0.0,0.0,0.0,0.0,0.0
576,1790,3.7-m4,0,21,0,0,0,0,0,0,0,0,0,0,0,0,1,1,1.0,0.0,0.0,0.0,0.0,0.0,0.0,0.0,0.0,0.0,1.0,1.0,1.0,1.0,0.0,0.0,0.0,1.0,1.0,1.0,1.0,0.0,0.0,0.0,0.0,0.0,0.0,0.0,0.0,0.0,0.0,0.0,0.0,0.0,0.0,0.0,0.0,0.0,0.0,0.0,0.0,0.0,0.0,0.0,0.0,0.0,0.0,0.0,0.0,0.0,0.0,0.0,0.0,0.0,0.0,0.0,0.0,0.0,0.0,1.0,1.0,1.0,1.0,0.0,0.0,0.0,1.0,0.0,0.0,0.0,0.0,1.0,0.0,0.0,1.0,0.0,0.0,0.0,0.0,0.0,0.0,0.0,0.0,0.0,0.0,0.0,0.0,0.0,0.0,0.0
591,515,Sprint 30 - 6.2.2,0,11,0,0,0,0,0,0,0,0,0,0,0,0,1,1,43.0,42.0,25.0,0.0,0.0,0.0,0.0,0.0,0.0,0.0,0.0,1.0,0.11627906976744186,0.0,0.32435300622428814,0.1052048726467331,1.0,0.0,1.0,0.6744186046511628,1.0,0.4741373235154427,0.22480620155038758,1.0,0.0,0.0,0.0,0.0,0.0,0.0,0.0,0.0,0.0,0.0,0.0,0.0,0.0,0.0,0.0,0.0,0.0,0.0,0.0,0.0,0.0,0.0,0.0,0.0,0.0,0.0,0.0,0.0,0.0,0.0,0.0,0.0,0.0,0.0,0.0,0.0,0.0,0.0,0.0,0.0,0.0,0.0,38.0,0.0,1.0,0.0,0.0,0.0,0.0,4.0,1.0,6.0,5.0,0.0,0.0,7.0,0.0,0.0,0.0,0.0,0.0,0.0,0.0,0.0,0.0,0.0
591,909,Sprint 29,-3,43,0,0,1,3,0,0,1,3,0,0,0,0,1,1,1.0,0.0,1.0,0.0,0.0,0.0,0.0,0.0,0.0,0.0,0.0,0.0,0.0,0.0,0.0,0.0,0.0,0.0,0.0,0.0,0.0,0.0,0.0,0.0,0.0,0.0,0.0,0.0,0.0,0.0,0.0,0.0,0.0,0.0,0.0,0.0,0.0,0.0,0.0,0.0,0.0,0.0,0.0,0.0,0.0,1.0,1.0,1.0,1.0,0.0,0.0,0.0,0.0,0.0,0.0,0.0,0.0,0.0,0.0,1.0,1.0,1.0,1.0,0.0,0.0,0.0,0.0,0.0,1.0,0.0,0.0,0.0,0.0,0.0,0.0,0.0,1.0,0.0,0.0,0.0,0.0,0.0,0.0,0.0,0.0,0.0,0.0,0.0,0.0,0.0
591,1029,Galaxy - Sprint 14,0,14,0,0,0,0,0,0,0,0,0,0,0,0,1,1,1.0,0.0,0.0,1.0,1.0,1.0,1.0,0.0,0.0,0.0,1.0,1.0,1.0,1.0,0.0,0.0,0.0,1.0,1.0,1.0,1.0,0.0,0.0,0.0,2.0,2.0,2.0,2.0,0.0,0.0,0.0,0.0,0.0,0.0,0.0,0.0,0.0,0.0,0.0,0.0,0.0,0.0,0.0,0.0,0.0,0.0,0.0,0.0,0.0,0.0,0.0,0.0,1.0,1.0,1.0,1.0,0.0,0.0,0.0,3.0,3.0,3.0,3.0,0.0,0.0,0.0,0.0,0.0,1.0,0.0,0.0,0.0,0.0,1.0,0.0,0.0,1.0,0.0,0.0,0.0,0.0,0.0,0.0,0.0,0.0,0.0,0.0,0.0,0.0,0.0
591,1437,Sprint 1,-21,14,0,0,7,21,0,0,7,21,0,0,0,0,1,1,8.0,1.0,7.0,0.0,2.0,0.875,0.5,0.9910312089651149,0.9821428571428571,2.0,1.0,7.0,2.25,1.5,2.052872551885702,4.214285714285714,6.0,0.0,1.0,0.125,0.0,0.3535533905932738,0.125,1.0,0.0,2.0,0.375,0.0,0.7440238091428449,0.5535714285714286,2.0,0.0,0.0,0.0,0.0,0.0,0.0,0.0,0.0,0.0,0.0,0.0,0.0,0.0,0.0,0.0,2.0,0.25,0.0,0.7071067811865476,0.5,2.0,0.0,0.0,0.0,0.0,0.0,0.0,0.0,0.0,2.0,0.625,0.0,0.9161253813129043,0.8392857142857143,2.0,3.0,0.0,7.0,0.0,0.0,0.0,0.0,1.0,0.0,0.0,5.0,0.0,0.0,0.0,0.0,0.0,0.0,0.0,0.0,0.0,0.0,0.0,0.0,0.0
591,1438,Sprint 2,-9,14,0,0,3,9,0,0,3,9,0,0,0,0,1,2,3.0,0.0,1.0,0.0,3.0,1.6666666666666667,2.0,1.5275252316519465,2.333333333333333,3.0,1.0,1.0,1.0,1.0,0.0,0.0,0.0,0.0,0.0,0.0,0.0,0.0,0.0,0.0,0.0,0.0,0.0,0.0,0.0,0.0,0.0,0.0,0.0,0.0,0.0,0.0,0.0,0.0,0.0,0.0,0.0,0.0,0.0,0.0,0.0,0.0,0.0,0.0,0.0,0.0,0.0,0.0,0.0,0.0,0.0,0.0,0.0,0.0,0.0,0.0,0.0,0.0,0.0,0.0,0.0,0.0,2.0,0.0,2.0,0.0,0.0,0.0,0.0,1.0,0.0,0.0,1.0,0.0,0.0,0.0,0.0,0.0,1.0,0.0,0.0,0.0,0.0,0.0,0.0,0.0
591,1815,Toothless,-8,9,0,0,3,13,2,5,1,8,0,0,0,0,1,5,3.0,0.0,3.0,1.0,9.0,3.6666666666666665,1.0,4.618802153517007,21.333333333333336,8.0,0.0,3.0,1.6666666666666667,2.0,1.5275252316519468,2.3333333333333335,3.0,2.0,2.0,2.0,2.0,0.0,0.0,0.0,0.0,2.0,1.3333333333333333,2.0,1.1547005383792517,1.3333333333333335,2.0,0.0,0.0,0.0,0.0,0.0,0.0,0.0,0.0,0.0,0.0,0.0,0.0,0.0,0.0,0.0,0.0,0.0,0.0,0.0,0.0,0.0,0.0,2.0,0.6666666666666666,0.0,1.1547005383792517,1.3333333333333335,2.0,0.0,13.0,5.666666666666667,4.0,6.6583281184793925,44.33333333333333,13.0,0.0,0.0,3.0,0.0,0.0,0.0,0.0,0.0,0.0,0.0,3.0,0.0,0.0,0.0,0.0,0.0,0.0,0.0,0.0,0.0,0.0,0.0,0.0,0.0
591,1833,Dragonfly,-8,10,1,8,2,8,2,8,0,0,1,8,0,0,1,5,4.0,0.0,1.0,0.0,9.0,3.75,3.0,3.774917217635375,14.25,9.0,0.0,2.0,0.75,0.5,0.9574271077563381,0.9166666666666666,2.0,1.0,2.0,1.5,1.5,0.5773502691896257,0.3333333333333333,1.0,0.0,2.0,0.5,0.0,1.0,1.0,2.0,0.0,0.0,0.0,0.0,0.0,0.0,0.0,0.0,0.0,0.0,0.0,0.0,0.0,0.0,0.0,0.0,0.0,0.0,0.0,0.0,0.0,0.0,2.0,1.0,1.0,0.816496580927726,0.6666666666666666,2.0,0.0,13.0,4.5,2.5,5.802298395176403,33.666666666666664,13.0,0.0,0.0,3.0,0.0,0.0,0.0,0.0,2.0,0.0,0.0,4.0,0.0,0.0,0.0,0.0,0.0,1.0,0.0,0.0,0.0,0.0,0.0,0.0,0.0
591,1839,JIRA Integration - 6,0,7,0,0,0,0,0,0,0,0,0,0,0,0,1,1,0.0,0.0,0.0,0.0,0.0,0.0,0.0,0.0,0.0,0.0,0.0,0.0,0.0,0.0,0.0,0.0,0.0,0.0,0.0,0.0,0.0,0.0,0.0,0.0,0.0,0.0,0.0,0.0,0.0,0.0,0.0,0.0,0.0,0.0,0.0,0.0,0.0,0.0,0.0,0.0,0.0,0.0,0.0,0.0,0.0,0.0,0.0,0.0,0.0,0.0,0.0,0.0,0.0,0.0,0.0,0.0,0.0,0.0,0.0,0.0,0.0,0.0,0.0,0.0,0.0,0.0,0.0,0.0,0.0,0.0,0.0,0.0,0.0,0.0,0.0,0.0,0.0,0.0,0.0,0.0,0.0,0.0,0.0,0.0,0.0,0.0,0.0,0.0,0.0,0.0
591,1862,JIRA Integration - 7,3,7,0,0,0,0,0,0,0,0,0,0,0,0,1,1,1.0,0.0,1.0,0.0,0.0,0.0,0.0,0.0,0.0,0.0,0.0,0.0,0.0,0.0,0.0,0.0,0.0,0.0,0.0,0.0,0.0,0.0,0.0,0.0,0.0,0.0,0.0,0.0,0.0,0.0,0.0,0.0,0.0,0.0,0.0,0.0,0.0,0.0,0.0,0.0,0.0,0.0,0.0,0.0,0.0,0.0,0.0,0.0,0.0,0.0,0.0,0.0,0.0,0.0,0.0,0.0,0.0,0.0,0.0,0.0,0.0,0.0,0.0,0.0,0.0,0.0,0.0,0.0,1.0,0.0,0.0,0.0,0.0,0.0,0.0,0.0,1.0,0.0,0.0,0.0,0.0,0.0,0.0,0.0,0.0,0.0,0.0,0.0,0.0,0.0
591,1876,Dragonfly 2,-10,11,2,11,2,5,2,6,2,10,0,0,0,0,1,4,4.0,0.0,1.0,0.0,11.0,4.5,3.5,4.795831523312719,23.0,11.0,0.0,10.0,3.25,1.5,4.716990566028302,22.25,10.0,0.0,2.0,1.0,1.0,0.816496580927726,0.6666666666666666,2.0,0.0,6.0,2.25,1.5,2.6299556396765835,6.916666666666667,6.0,0.0,0.0,0.0,0.0,0.0,0.0,0.0,0.0,0.0,0.0,0.0,0.0,0.0,0.0,0.0,0.0,0.0,0.0,0.0,0.0,0.0,0.0,1.0,0.25,0.0,0.5,0.25,1.0,0.0,7.0,2.0,0.5,3.366501646120693,11.333333333333334,7.0,2.0,0.0,3.0,0.0,0.0,0.0,0.0,1.0,0.0,1.0,2.0,0.0,0.0,0.0,0.0,0.0,1.0,0.0,0.0,0.0,0.0,0.0,0.0,0.0
591,1917,Dragonfly 3,-8,11,1,8,10,37,7,31,4,14,0,0,0,0,1,9,11.0,0.0,9.0,0.0,19.0,4.7272727272727275,3.0,5.515268064036582,30.418181818181825,19.0,0.0,3.0,1.1818181818181819,1.0,1.1677484162422844,1.3636363636363638,3.0,0.0,2.0,1.5454545454545454,2.0,0.6875516509523286,0.47272727272727266,2.0,0.0,5.0,0.8181818181818182,0.0,1.5374122295716146,2.3636363636363633,5.0,0.0,0.0,0.0,0.0,0.0,0.0,0.0,0.0,0.0,0.0,0.0,0.0,0.0,0.0,0.0,1.0,0.09090909090909091,0.0,0.3015113445777636,0.09090909090909088,1.0,0.0,3.0,0.6363636363636364,0.0,1.0269106361049412,1.0545454545454547,3.0,0.0,13.0,2.1818181818181817,1.0,4.118693526306171,16.96363636363636,13.0,3.0,0.0,11.0,0.0,0.0,0.0,0.0,0.0,1.0,1.0,8.0,0.0,0.0,0.0,0.0,0.0,0.0,0.0,0.0,0.0,0.0,0.0,0.0,0.0
591,1975,Dragonfly 4,0,9,0,0,0,0,0,0,0,0,0,0,0,0,1,4,4.0,0.0,2.0,0.0,4.0,2.0,2.0,1.632993161855452,2.6666666666666665,4.0,0.0,3.0,1.5,1.5,1.2909944487358056,1.6666666666666667,3.0,1.0,2.0,1.75,2.0,0.5,0.25,1.0,0.0,2.0,0.75,0.5,0.9574271077563381,0.9166666666666666,2.0,0.0,0.0,0.0,0.0,0.0,0.0,0.0,0.0,0.0,0.0,0.0,0.0,0.0,0.0,0.0,2.0,0.5,0.0,1.0,1.0,2.0,0.0,1.0,0.5,0.5,0.5773502691896257,0.3333333333333333,1.0,0.0,4.0,1.5,1.0,1.9148542155126762,3.6666666666666665,4.0,1.0,0.0,4.0,0.0,0.0,0.0,0.0,1.0,0.0,1.0,3.0,0.0,0.0,0.0,0.0,0.0,0.0,0.0,0.0,0.0,0.0,0.0,0.0,0.0
591,2037,everest -16,0,7,0,0,0,0,0,0,0,0,0,0,0,0,1,1,0.0,0.0,0.0,0.0,0.0,0.0,0.0,0.0,0.0,0.0,0.0,0.0,0.0,0.0,0.0,0.0,0.0,0.0,0.0,0.0,0.0,0.0,0.0,0.0,0.0,0.0,0.0,0.0,0.0,0.0,0.0,0.0,0.0,0.0,0.0,0.0,0.0,0.0,0.0,0.0,0.0,0.0,0.0,0.0,0.0,0.0,0.0,0.0,0.0,0.0,0.0,0.0,0.0,0.0,0.0,0.0,0.0,0.0,0.0,0.0,0.0,0.0,0.0,0.0,0.0,0.0,0.0,0.0,0.0,0.0,0.0,0.0,0.0,0.0,0.0,0.0,0.0,0.0,0.0,0.0,0.0,0.0,0.0,0.0,0.0,0.0,0.0,0.0,0.0,0.0
591,2054,Innovation of Smaug - 17,5,7,0,0,0,0,0,0,0,0,0,0,0,0,1,2,1.0,0.0,1.0,1.0,1.0,1.0,1.0,0.0,0.0,0.0,0.0,0.0,0.0,0.0,0.0,0.0,0.0,0.0,0.0,0.0,0.0,0.0,0.0,0.0,0.0,0.0,0.0,0.0,0.0,0.0,0.0,0.0,0.0,0.0,0.0,0.0,0.0,0.0,0.0,0.0,0.0,0.0,0.0,0.0,0.0,0.0,0.0,0.0,0.0,0.0,0.0,0.0,0.0,0.0,0.0,0.0,0.0,0.0,0.0,1.0,1.0,1.0,1.0,0.0,0.0,0.0,1.0,0.0,1.0,0.0,0.0,0.0,0.0,0.0,0.0,0.0,0.0,0.0,0.0,0.0,0.0,0.0,0.0,0.0,0.0,0.0,0.0,0.0,0.0,0.0
640,847,Dev Services Sprint 1,0,5,0,0,0,0,0,0,0,0,0,0,0,0,2,1,0.0,0.0,0.0,0.0,0.0,0.0,0.0,0.0,0.0,0.0,0.0,0.0,0.0,0.0,0.0,0.0,0.0,0.0,0.0,0.0,0.0,0.0,0.0,0.0,0.0,0.0,0.0,0.0,0.0,0.0,0.0,0.0,0.0,0.0,0.0,0.0,0.0,0.0,0.0,0.0,0.0,0.0,0.0,0.0,0.0,0.0,0.0,0.0,0.0,0.0,0.0,0.0,0.0,0.0,0.0,0.0,0.0,0.0,0.0,0.0,0.0,0.0,0.0,0.0,0.0,0.0,0.0,0.0,0.0,0.0,0.0,0.0,0.0,0.0,0.0,0.0,0.0,0.0,0.0,0.0,0.0,0.0,0.0,0.0,0.0,0.0,0.0,0.0,0.0,0.0
640,859,Dev Services Sprint 2,0,14,0,0,0,0,0,0,0,0,0,0,0,0,2,1,0.0,0.0,0.0,0.0,0.0,0.0,0.0,0.0,0.0,0.0,0.0,0.0,0.0,0.0,0.0,0.0,0.0,0.0,0.0,0.0,0.0,0.0,0.0,0.0,0.0,0.0,0.0,0.0,0.0,0.0,0.0,0.0,0.0,0.0,0.0,0.0,0.0,0.0,0.0,0.0,0.0,0.0,0.0,0.0,0.0,0.0,0.0,0.0,0.0,0.0,0.0,0.0,0.0,0.0,0.0,0.0,0.0,0.0,0.0,0.0,0.0,0.0,0.0,0.0,0.0,0.0,0.0,0.0,0.0,0.0,0.0,0.0,0.0,0.0,0.0,0.0,0.0,0.0,0.0,0.0,0.0,0.0,0.0,0.0,0.0,0.0,0.0,0.0,0.0,0.0
640,891,Dev Services 3,0,14,0,0,0,0,0,0,0,0,0,0,0,0,2,1,0.0,0.0,0.0,0.0,0.0,0.0,0.0,0.0,0.0,0.0,0.0,0.0,0.0,0.0,0.0,0.0,0.0,0.0,0.0,0.0,0.0,0.0,0.0,0.0,0.0,0.0,0.0,0.0,0.0,0.0,0.0,0.0,0.0,0.0,0.0,0.0,0.0,0.0,0.0,0.0,0.0,0.0,0.0,0.0,0.0,0.0,0.0,0.0,0.0,0.0,0.0,0.0,0.0,0.0,0.0,0.0,0.0,0.0,0.0,0.0,0.0,0.0,0.0,0.0,0.0,0.0,0.0,0.0,0.0,0.0,0.0,0.0,0.0,0.0,0.0,0.0,0.0,0.0,0.0,0.0,0.0,0.0,0.0,0.0,0.0,0.0,0.0,0.0,0.0,0.0
640,930,Dev Services 4,-3,14,2,6,0,0,0,0,2,6,0,0,0,0,2,2,2.0,0.0,1.0,0.0,6.0,3.0,3.0,4.242640687119285,18.0,6.0,0.0,0.0,0.0,0.0,0.0,0.0,0.0,0.0,2.0,1.0,1.0,1.4142135623730951,2.0,2.0,0.0,1.0,0.5,0.5,0.7071067811865476,0.5,1.0,0.0,0.0,0.0,0.0,0.0,0.0,0.0,0.0,0.0,0.0,0.0,0.0,0.0,0.0,0.0,0.0,0.0,0.0,0.0,0.0,0.0,0.0,0.0,0.0,0.0,0.0,0.0,0.0,2.0,4.0,3.0,3.0,1.4142135623730951,2.0,2.0,1.0,0.0,1.0,0.0,0.0,0.0,0.0,0.0,0.0,1.0,1.0,0.0,0.0,0.0,0.0,0.0,0.0,0.0,0.0,0.0,1.0,0.0,0.0,0.0
640,973,Dev Services 5,-3,14,1,3,0,0,0,0,1,3,0,0,0,0,2,2,1.0,0.0,1.0,7.0,7.0,7.0,7.0,0.0,0.0,0.0,0.0,0.0,0.0,0.0,0.0,0.0,0.0,0.0,0.0,0.0,0.0,0.0,0.0,0.0,0.0,0.0,0.0,0.0,0.0,0.0,0.0,0.0,0.0,0.0,0.0,0.0,0.0,0.0,0.0,0.0,0.0,0.0,0.0,0.0,0.0,0.0,0.0,0.0,0.0,0.0,0.0,0.0,0.0,0.0,0.0,0.0,0.0,0.0,0.0,4.0,4.0,4.0,4.0,0.0,0.0,0.0,1.0,0.0,0.0,0.0,0.0,0.0,0.0,0.0,0.0,0.0,0.0,0.0,0.0,0.0,0.0,0.0,0.0,0.0,0.0,0.0,1.0,0.0,0.0,0.0
640,994,Dev Services Sprint 6,0,14,1,3,0,0,0,0,0,0,1,3,0,0,2,2,1.0,0.0,1.0,8.0,8.0,8.0,8.0,0.0,0.0,0.0,0.0,0.0,0.0,0.0,0.0,0.0,0.0,0.0,0.0,0.0,0.0,0.0,0.0,0.0,0.0,0.0,0.0,0.0,0.0,0.0,0.0,0.0,0.0,0.0,0.0,0.0,0.0,0.0,0.0,0.0,0.0,0.0,0.0,0.0,0.0,0.0,0.0,0.0,0.0,0.0,0.0,0.0,0.0,0.0,0.0,0.0,0.0,0.0,0.0,4.0,4.0,4.0,4.0,0.0,0.0,0.0,1.0,0.0,0.0,0.0,0.0,0.0,0.0,0.0,0.0,0.0,0.0,0.0,0.0,0.0,0.0,0.0,0.0,0.0,0.0,0.0,1.0,0.0,0.0,0.0
640,1022,Dev Services Sprint 7,0,28,0,0,0,0,0,0,0,0,0,0,0,0,2,1,0.0,0.0,0.0,0.0,0.0,0.0,0.0,0.0,0.0,0.0,0.0,0.0,0.0,0.0,0.0,0.0,0.0,0.0,0.0,0.0,0.0,0.0,0.0,0.0,0.0,0.0,0.0,0.0,0.0,0.0,0.0,0.0,0.0,0.0,0.0,0.0,0.0,0.0,0.0,0.0,0.0,0.0,0.0,0.0,0.0,0.0,0.0,0.0,0.0,0.0,0.0,0.0,0.0,0.0,0.0,0.0,0.0,0.0,0.0,0.0,0.0,0.0,0.0,0.0,0.0,0.0,0.0,0.0,0.0,0.0,0.0,0.0,0.0,0.0,0.0,0.0,0.0,0.0,0.0,0.0,0.0,0.0,0.0,0.0,0.0,0.0,0.0,0.0,0.0,0.0
640,1119,Dev Services Sprint 8,0,14,0,0,0,0,0,0,0,0,0,0,0,0,2,1,0.0,0.0,0.0,0.0,0.0,0.0,0.0,0.0,0.0,0.0,0.0,0.0,0.0,0.0,0.0,0.0,0.0,0.0,0.0,0.0,0.0,0.0,0.0,0.0,0.0,0.0,0.0,0.0,0.0,0.0,0.0,0.0,0.0,0.0,0.0,0.0,0.0,0.0,0.0,0.0,0.0,0.0,0.0,0.0,0.0,0.0,0.0,0.0,0.0,0.0,0.0,0.0,0.0,0.0,0.0,0.0,0.0,0.0,0.0,0.0,0.0,0.0,0.0,0.0,0.0,0.0,0.0,0.0,0.0,0.0,0.0,0.0,0.0,0.0,0.0,0.0,0.0,0.0,0.0,0.0,0.0,0.0,0.0,0.0,0.0,0.0,0.0,0.0,0.0,0.0
640,1202,Dev Services Sprint 9,0,14,0,0,0,0,0,0,0,0,0,0,0,0,2,1,0.0,0.0,0.0,0.0,0.0,0.0,0.0,0.0,0.0,0.0,0.0,0.0,0.0,0.0,0.0,0.0,0.0,0.0,0.0,0.0,0.0,0.0,0.0,0.0,0.0,0.0,0.0,0.0,0.0,0.0,0.0,0.0,0.0,0.0,0.0,0.0,0.0,0.0,0.0,0.0,0.0,0.0,0.0,0.0,0.0,0.0,0.0,0.0,0.0,0.0,0.0,0.0,0.0,0.0,0.0,0.0,0.0,0.0,0.0,0.0,0.0,0.0,0.0,0.0,0.0,0.0,0.0,0.0,0.0,0.0,0.0,0.0,0.0,0.0,0.0,0.0,0.0,0.0,0.0,0.0,0.0,0.0,0.0,0.0,0.0,0.0,0.0,0.0,0.0,0.0
640,1314,Dev Services - 10,0,13,0,0,0,0,0,0,0,0,0,0,0,0,2,1,0.0,0.0,0.0,0.0,0.0,0.0,0.0,0.0,0.0,0.0,0.0,0.0,0.0,0.0,0.0,0.0,0.0,0.0,0.0,0.0,0.0,0.0,0.0,0.0,0.0,0.0,0.0,0.0,0.0,0.0,0.0,0.0,0.0,0.0,0.0,0.0,0.0,0.0,0.0,0.0,0.0,0.0,0.0,0.0,0.0,0.0,0.0,0.0,0.0,0.0,0.0,0.0,0.0,0.0,0.0,0.0,0.0,0.0,0.0,0.0,0.0,0.0,0.0,0.0,0.0,0.0,0.0,0.0,0.0,0.0,0.0,0.0,0.0,0.0,0.0,0.0,0.0,0.0,0.0,0.0,0.0,0.0,0.0,0.0,0.0,0.0,0.0,0.0,0.0,0.0
640,1350,Dev Services - 11,0,8,0,0,0,0,0,0,0,0,0,0,0,0,2,1,0.0,0.0,0.0,0.0,0.0,0.0,0.0,0.0,0.0,0.0,0.0,0.0,0.0,0.0,0.0,0.0,0.0,0.0,0.0,0.0,0.0,0.0,0.0,0.0,0.0,0.0,0.0,0.0,0.0,0.0,0.0,0.0,0.0,0.0,0.0,0.0,0.0,0.0,0.0,0.0,0.0,0.0,0.0,0.0,0.0,0.0,0.0,0.0,0.0,0.0,0.0,0.0,0.0,0.0,0.0,0.0,0.0,0.0,0.0,0.0,0.0,0.0,0.0,0.0,0.0,0.0,0.0,0.0,0.0,0.0,0.0,0.0,0.0,0.0,0.0,0.0,0.0,0.0,0.0,0.0,0.0,0.0,0.0,0.0,0.0,0.0,0.0,0.0,0.0,0.0
640,1392,Dev Services - 12,0,15,0,0,0,0,0,0,0,0,0,0,0,0,2,1,0.0,0.0,0.0,0.0,0.0,0.0,0.0,0.0,0.0,0.0,0.0,0.0,0.0,0.0,0.0,0.0,0.0,0.0,0.0,0.0,0.0,0.0,0.0,0.0,0.0,0.0,0.0,0.0,0.0,0.0,0.0,0.0,0.0,0.0,0.0,0.0,0.0,0.0,0.0,0.0,0.0,0.0,0.0,0.0,0.0,0.0,0.0,0.0,0.0,0.0,0.0,0.0,0.0,0.0,0.0,0.0,0.0,0.0,0.0,0.0,0.0,0.0,0.0,0.0,0.0,0.0,0.0,0.0,0.0,0.0,0.0,0.0,0.0,0.0,0.0,0.0,0.0,0.0,0.0,0.0,0.0,0.0,0.0,0.0,0.0,0.0,0.0,0.0,0.0,0.0
640,1467,Dev Services - 13,0,18,0,0,0,0,0,0,0,0,0,0,0,0,2,1,0.0,0.0,0.0,0.0,0.0,0.0,0.0,0.0,0.0,0.0,0.0,0.0,0.0,0.0,0.0,0.0,0.0,0.0,0.0,0.0,0.0,0.0,0.0,0.0,0.0,0.0,0.0,0.0,0.0,0.0,0.0,0.0,0.0,0.0,0.0,0.0,0.0,0.0,0.0,0.0,0.0,0.0,0.0,0.0,0.0,0.0,0.0,0.0,0.0,0.0,0.0,0.0,0.0,0.0,0.0,0.0,0.0,0.0,0.0,0.0,0.0,0.0,0.0,0.0,0.0,0.0,0.0,0.0,0.0,0.0,0.0,0.0,0.0,0.0,0.0,0.0,0.0,0.0,0.0,0.0,0.0,0.0,0.0,0.0,0.0,0.0,0.0,0.0,0.0,0.0
640,1493,Dev Services - 14,0,11,0,0,0,0,0,0,0,0,0,0,0,0,2,1,0.0,0.0,0.0,0.0,0.0,0.0,0.0,0.0,0.0,0.0,0.0,0.0,0.0,0.0,0.0,0.0,0.0,0.0,0.0,0.0,0.0,0.0,0.0,0.0,0.0,0.0,0.0,0.0,0.0,0.0,0.0,0.0,0.0,0.0,0.0,0.0,0.0,0.0,0.0,0.0,0.0,0.0,0.0,0.0,0.0,0.0,0.0,0.0,0.0,0.0,0.0,0.0,0.0,0.0,0.0,0.0,0.0,0.0,0.0,0.0,0.0,0.0,0.0,0.0,0.0,0.0,0.0,0.0,0.0,0.0,0.0,0.0,0.0,0.0,0.0,0.0,0.0,0.0,0.0,0.0,0.0,0.0,0.0,0.0,0.0,0.0,0.0,0.0,0.0,0.0
640,1520,Dev Services - 15,0,14,0,0,0,0,0,0,0,0,0,0,0,0,2,1,0.0,0.0,0.0,0.0,0.0,0.0,0.0,0.0,0.0,0.0,0.0,0.0,0.0,0.0,0.0,0.0,0.0,0.0,0.0,0.0,0.0,0.0,0.0,0.0,0.0,0.0,0.0,0.0,0.0,0.0,0.0,0.0,0.0,0.0,0.0,0.0,0.0,0.0,0.0,0.0,0.0,0.0,0.0,0.0,0.0,0.0,0.0,0.0,0.0,0.0,0.0,0.0,0.0,0.0,0.0,0.0,0.0,0.0,0.0,0.0,0.0,0.0,0.0,0.0,0.0,0.0,0.0,0.0,0.0,0.0,0.0,0.0,0.0,0.0,0.0,0.0,0.0,0.0,0.0,0.0,0.0,0.0,0.0,0.0,0.0,0.0,0.0,0.0,0.0,0.0
640,1562,Dev Services - 16,0,14,0,0,0,0,0,0,0,0,0,0,0,0,2,1,0.0,0.0,0.0,0.0,0.0,0.0,0.0,0.0,0.0,0.0,0.0,0.0,0.0,0.0,0.0,0.0,0.0,0.0,0.0,0.0,0.0,0.0,0.0,0.0,0.0,0.0,0.0,0.0,0.0,0.0,0.0,0.0,0.0,0.0,0.0,0.0,0.0,0.0,0.0,0.0,0.0,0.0,0.0,0.0,0.0,0.0,0.0,0.0,0.0,0.0,0.0,0.0,0.0,0.0,0.0,0.0,0.0,0.0,0.0,0.0,0.0,0.0,0.0,0.0,0.0,0.0,0.0,0.0,0.0,0.0,0.0,0.0,0.0,0.0,0.0,0.0,0.0,0.0,0.0,0.0,0.0,0.0,0.0,0.0,0.0,0.0,0.0,0.0,0.0,0.0
640,1629,Dev Service - 17,0,14,0,0,0,0,0,0,0,0,0,0,0,0,2,1,0.0,0.0,0.0,0.0,0.0,0.0,0.0,0.0,0.0,0.0,0.0,0.0,0.0,0.0,0.0,0.0,0.0,0.0,0.0,0.0,0.0,0.0,0.0,0.0,0.0,0.0,0.0,0.0,0.0,0.0,0.0,0.0,0.0,0.0,0.0,0.0,0.0,0.0,0.0,0.0,0.0,0.0,0.0,0.0,0.0,0.0,0.0,0.0,0.0,0.0,0.0,0.0,0.0,0.0,0.0,0.0,0.0,0.0,0.0,0.0,0.0,0.0,0.0,0.0,0.0,0.0,0.0,0.0,0.0,0.0,0.0,0.0,0.0,0.0,0.0,0.0,0.0,0.0,0.0,0.0,0.0,0.0,0.0,0.0,0.0,0.0,0.0,0.0,0.0,0.0
640,1693,Dev Service - 18,0,14,0,0,0,0,0,0,0,0,0,0,0,0,2,1,0.0,0.0,0.0,0.0,0.0,0.0,0.0,0.0,0.0,0.0,0.0,0.0,0.0,0.0,0.0,0.0,0.0,0.0,0.0,0.0,0.0,0.0,0.0,0.0,0.0,0.0,0.0,0.0,0.0,0.0,0.0,0.0,0.0,0.0,0.0,0.0,0.0,0.0,0.0,0.0,0.0,0.0,0.0,0.0,0.0,0.0,0.0,0.0,0.0,0.0,0.0,0.0,0.0,0.0,0.0,0.0,0.0,0.0,0.0,0.0,0.0,0.0,0.0,0.0,0.0,0.0,0.0,0.0,0.0,0.0,0.0,0.0,0.0,0.0,0.0,0.0,0.0,0.0,0.0,0.0,0.0,0.0,0.0,0.0,0.0,0.0,0.0,0.0,0.0,0.0
640,1735,Core OD-38,0,17,0,0,0,0,0,0,0,0,0,0,0,0,2,1,2.0,0.0,1.0,0.0,0.0,0.0,0.0,0.0,0.0,0.0,0.0,0.0,0.0,0.0,0.0,0.0,0.0,1.0,1.0,1.0,1.0,0.0,0.0,0.0,0.0,0.0,0.0,0.0,0.0,0.0,0.0,0.0,0.0,0.0,0.0,0.0,0.0,0.0,0.0,0.0,0.0,0.0,0.0,0.0,0.0,0.0,0.0,0.0,0.0,0.0,0.0,0.0,0.0,0.0,0.0,0.0,0.0,0.0,0.0,1.0,1.0,1.0,1.0,0.0,0.0,0.0,1.0,0.0,0.0,0.0,0.0,0.0,0.0,1.0,0.0,0.0,1.0,0.0,0.0,0.0,0.0,0.0,0.0,0.0,0.0,0.0,2.0,0.0,0.0,0.0
640,1764,Core OD-39,0,9,2,6,0,0,0,0,0,0,0,0,2,6,2,2,2.0,0.0,1.0,2.0,2.0,2.0,2.0,0.0,0.0,0.0,0.0,0.0,0.0,0.0,0.0,0.0,0.0,1.0,1.0,1.0,1.0,0.0,0.0,0.0,0.0,0.0,0.0,0.0,0.0,0.0,0.0,0.0,0.0,0.0,0.0,0.0,0.0,0.0,0.0,0.0,0.0,0.0,0.0,0.0,0.0,1.0,1.0,1.0,1.0,0.0,0.0,0.0,0.0,0.0,0.0,0.0,0.0,0.0,0.0,1.0,1.0,1.0,1.0,0.0,0.0,0.0,1.0,0.0,0.0,0.0,0.0,0.0,0.0,1.0,0.0,0.0,1.0,0.0,0.0,0.0,0.0,0.0,0.0,0.0,0.0,0.0,2.0,0.0,0.0,0.0
643,393,5.0.x Sprint 1,0,14,0,0,0,0,0,0,0,0,0,0,0,0,1,1,2.0,2.0,2.0,0.0,0.0,0.0,0.0,0.0,0.0,0.0,0.0,0.0,0.0,0.0,0.0,0.0,0.0,1.0,1.0,1.0,1.0,0.0,0.0,0.0,0.0,0.0,0.0,0.0,0.0,0.0,0.0,0.0,0.0,0.0,0.0,0.0,0.0,0.0,0.0,0.0,0.0,0.0,0.0,0.0,0.0,0.0,0.0,0.0,0.0,0.0,0.0,0.0,0.0,0.0,0.0,0.0,0.0,0.0,0.0,0.0,0.0,0.0,0.0,0.0,0.0,0.0,2.0,0.0,0.0,0.0,0.0,0.0,0.0,0.0,0.0,0.0,0.0,0.0,0.0,0.0,0.0,0.0,0.0,0.0,0.0,0.0,0.0,0.0,0.0,0.0
643,412,5.0.x Sprint 2,0,14,0,0,0,0,0,0,0,0,0,0,0,0,1,1,2.0,2.0,2.0,0.0,0.0,0.0,0.0,0.0,0.0,0.0,0.0,0.0,0.0,0.0,0.0,0.0,0.0,1.0,1.0,1.0,1.0,0.0,0.0,0.0,0.0,0.0,0.0,0.0,0.0,0.0,0.0,0.0,0.0,0.0,0.0,0.0,0.0,0.0,0.0,0.0,0.0,0.0,0.0,0.0,0.0,0.0,0.0,0.0,0.0,0.0,0.0,0.0,0.0,0.0,0.0,0.0,0.0,0.0,0.0,0.0,0.0,0.0,0.0,0.0,0.0,0.0,2.0,0.0,0.0,0.0,0.0,0.0,0.0,0.0,0.0,0.0,0.0,0.0,0.0,0.0,0.0,0.0,0.0,0.0,0.0,0.0,0.0,0.0,0.0,0.0
643,939,Warranty bugs,-3,54,0,0,1,3,0,0,1,3,0,0,0,0,1,1,1.0,0.0,1.0,0.0,0.0,0.0,0.0,0.0,0.0,0.0,1.0,1.0,1.0,1.0,0.0,0.0,0.0,0.0,0.0,0.0,0.0,0.0,0.0,0.0,0.0,0.0,0.0,0.0,0.0,0.0,0.0,0.0,0.0,0.0,0.0,0.0,0.0,0.0,0.0,0.0,0.0,0.0,0.0,0.0,0.0,0.0,0.0,0.0,0.0,0.0,0.0,0.0,0.0,0.0,0.0,0.0,0.0,0.0,0.0,1.0,1.0,1.0,1.0,0.0,0.0,0.0,1.0,0.0,1.0,0.0,0.0,0.0,0.0,0.0,0.0,0.0,0.0,0.0,0.0,0.0,0.0,0.0,0.0,0.0,0.0,0.0,0.0,0.0,0.0,0.0
643,940,Galaxy - Sprint 11,-3,14,1,3,0,0,0,0,1,3,0,0,0,0,1,1,1.0,0.0,0.0,0.0,0.0,0.0,0.0,0.0,0.0,0.0,1.0,1.0,1.0,1.0,0.0,0.0,0.0,0.0,0.0,0.0,0.0,0.0,0.0,0.0,3.0,3.0,3.0,3.0,0.0,0.0,0.0,0.0,0.0,0.0,0.0,0.0,0.0,0.0,0.0,0.0,0.0,0.0,0.0,0.0,0.0,0.0,0.0,0.0,0.0,0.0,0.0,0.0,0.0,0.0,0.0,0.0,0.0,0.0,0.0,0.0,0.0,0.0,0.0,0.0,0.0,0.0,1.0,0.0,0.0,1.0,0.0,0.0,0.0,0.0,0.0,0.0,0.0,0.0,0.0,0.0,0.0,0.0,0.0,0.0,0.0,0.0,0.0,0.0,0.0,0.0
643,944,Doraemon - Sprint 11,0,7,0,0,0,0,0,0,0,0,0,0,0,0,1,1,0.0,0.0,0.0,0.0,0.0,0.0,0.0,0.0,0.0,0.0,0.0,0.0,0.0,0.0,0.0,0.0,0.0,0.0,0.0,0.0,0.0,0.0,0.0,0.0,0.0,0.0,0.0,0.0,0.0,0.0,0.0,0.0,0.0,0.0,0.0,0.0,0.0,0.0,0.0,0.0,0.0,0.0,0.0,0.0,0.0,0.0,0.0,0.0,0.0,0.0,0.0,0.0,0.0,0.0,0.0,0.0,0.0,0.0,0.0,0.0,0.0,0.0,0.0,0.0,0.0,0.0,0.0,0.0,0.0,0.0,0.0,0.0,0.0,0.0,0.0,0.0,0.0,0.0,0.0,0.0,0.0,0.0,0.0,0.0,0.0,0.0,0.0,0.0,0.0,0.0
643,949,Galaxy - Sprint 12,-3,14,1,3,0,0,0,0,0,0,1,3,0,0,1,1,1.0,0.0,0.0,1.0,1.0,1.0,1.0,0.0,0.0,0.0,1.0,1.0,1.0,1.0,0.0,0.0,0.0,0.0,0.0,0.0,0.0,0.0,0.0,0.0,3.0,3.0,3.0,3.0,0.0,0.0,0.0,0.0,0.0,0.0,0.0,0.0,0.0,0.0,0.0,0.0,0.0,0.0,0.0,0.0,0.0,0.0,0.0,0.0,0.0,0.0,0.0,0.0,0.0,0.0,0.0,0.0,0.0,0.0,0.0,0.0,0.0,0.0,0.0,0.0,0.0,0.0,1.0,0.0,0.0,1.0,0.0,0.0,0.0,0.0,0.0,0.0,0.0,0.0,0.0,0.0,0.0,0.0,0.0,0.0,0.0,0.0,0.0,0.0,0.0,0.0
643,978,Galaxy - Sprint 13,-3,14,1,3,0,0,0,0,1,3,0,0,0,0,1,1,1.0,0.0,0.0,1.0,1.0,1.0,1.0,0.0,0.0,0.0,1.0,1.0,1.0,1.0,0.0,0.0,0.0,0.0,0.0,0.0,0.0,0.0,0.0,0.0,3.0,3.0,3.0,3.0,0.0,0.0,0.0,0.0,0.0,0.0,0.0,0.0,0.0,0.0,0.0,0.0,0.0,0.0,0.0,0.0,0.0,0.0,0.0,0.0,0.0,0.0,0.0,0.0,0.0,0.0,0.0,0.0,0.0,0.0,0.0,0.0,0.0,0.0,0.0,0.0,0.0,0.0,1.0,0.0,0.0,1.0,0.0,0.0,0.0,0.0,0.0,0.0,0.0,0.0,0.0,0.0,0.0,0.0,0.0,0.0,0.0,0.0,0.0,0.0,0.0,0.0
643,1017,Doraemon - Sprint 12,0,7,0,0,1,1,0,0,0,0,0,0,1,1,1,2,1.0,0.0,0.0,1.0,1.0,1.0,1.0,0.0,0.0,0.0,1.0,1.0,1.0,1.0,0.0,0.0,0.0,2.0,2.0,2.0,2.0,0.0,0.0,0.0,0.0,0.0,0.0,0.0,0.0,0.0,0.0,0.0,0.0,0.0,0.0,0.0,0.0,0.0,0.0,0.0,0.0,0.0,0.0,0.0,0.0,2.0,2.0,2.0,2.0,0.0,0.0,0.0,1.0,1.0,1.0,1.0,0.0,0.0,0.0,0.0,0.0,0.0,0.0,0.0,0.0,0.0,1.0,0.0,1.0,0.0,0.0,0.0,0.0,1.0,0.0,0.0,0.0,0.0,0.0,0.0,0.0,0.0,0.0,0.0,0.0,0.0,0.0,0.0,0.0,0.0
643,1029,Galaxy - Sprint 14,-3,14,1,3,0,0,0,0,1,3,0,0,0,0,1,1,1.0,0.0,0.0,1.0,1.0,1.0,1.0,0.0,0.0,0.0,1.0,1.0,1.0,1.0,0.0,0.0,0.0,0.0,0.0,0.0,0.0,0.0,0.0,0.0,3.0,3.0,3.0,3.0,0.0,0.0,0.0,0.0,0.0,0.0,0.0,0.0,0.0,0.0,0.0,0.0,0.0,0.0,0.0,0.0,0.0,0.0,0.0,0.0,0.0,0.0,0.0,0.0,0.0,0.0,0.0,0.0,0.0,0.0,0.0,0.0,0.0,0.0,0.0,0.0,0.0,0.0,1.0,0.0,0.0,1.0,0.0,0.0,0.0,0.0,0.0,0.0,0.0,0.0,0.0,0.0,0.0,0.0,0.0,0.0,0.0,0.0,0.0,0.0,0.0,0.0
643,1037,Dokodemo door - hardening,0,7,0,0,1,3,0,0,0,0,0,0,1,3,1,3,1.0,0.0,1.0,0.0,0.0,0.0,0.0,0.0,0.0,0.0,1.0,1.0,1.0,1.0,0.0,0.0,0.0,2.0,2.0,2.0,2.0,0.0,0.0,0.0,1.0,1.0,1.0,1.0,0.0,0.0,0.0,0.0,0.0,0.0,0.0,0.0,0.0,0.0,0.0,0.0,0.0,0.0,0.0,0.0,0.0,2.0,2.0,2.0,2.0,0.0,0.0,0.0,0.0,0.0,0.0,0.0,0.0,0.0,0.0,3.0,3.0,3.0,3.0,0.0,0.0,0.0,0.0,0.0,1.0,0.0,0.0,0.0,0.0,0.0,0.0,0.0,1.0,0.0,0.0,0.0,0.0,0.0,0.0,0.0,0.0,0.0,0.0,0.0,0.0,0.0
643,1053,Galaxy - Sprint 15,-8,14,2,8,0,0,0,0,2,8,0,0,0,0,1,2,2.0,0.0,0.0,1.0,3.0,2.0,2.0,1.4142135623730951,2.0,2.0,1.0,1.0,1.0,1.0,0.0,0.0,0.0,0.0,0.0,0.0,0.0,0.0,0.0,0.0,0.0,3.0,1.5,1.5,2.1213203435596424,4.5,3.0,0.0,0.0,0.0,0.0,0.0,0.0,0.0,0.0,0.0,0.0,0.0,0.0,0.0,0.0,0.0,0.0,0.0,0.0,0.0,0.0,0.0,0.0,1.0,0.5,0.5,0.7071067811865476,0.5,1.0,0.0,1.0,0.5,0.5,0.7071067811865476,0.5,1.0,1.0,0.0,1.0,1.0,0.0,0.0,0.0,1.0,0.0,0.0,1.0,0.0,0.0,0.0,0.0,0.0,0.0,0.0,0.0,0.0,0.0,0.0,0.0,0.0
643,1094,Galaxy - Sprint 16,-5,21,2,8,0,0,1,3,1,5,0,0,0,0,1,2,2.0,0.0,0.0,2.0,3.0,2.5,2.5,0.7071067811865476,0.5,1.0,1.0,1.0,1.0,1.0,0.0,0.0,0.0,0.0,0.0,0.0,0.0,0.0,0.0,0.0,0.0,3.0,1.5,1.5,2.1213203435596424,4.5,3.0,0.0,0.0,0.0,0.0,0.0,0.0,0.0,0.0,0.0,0.0,0.0,0.0,0.0,0.0,0.0,0.0,0.0,0.0,0.0,0.0,0.0,0.0,1.0,0.5,0.5,0.7071067811865476,0.5,1.0,0.0,1.0,0.5,0.5,0.7071067811865476,0.5,1.0,1.0,0.0,1.0,1.0,0.0,0.0,0.0,1.0,0.0,0.0,1.0,0.0,0.0,0.0,0.0,0.0,0.0,0.0,0.0,0.0,0.0,0.0,0.0,0.0
643,1136,Doraemon - Gyro Capsule,0,7,0,0,1,1,0,0,0,0,1,1,0,0,1,1,1.0,0.0,0.0,0.0,0.0,0.0,0.0,0.0,0.0,0.0,1.0,1.0,1.0,1.0,0.0,0.0,0.0,1.0,1.0,1.0,1.0,0.0,0.0,0.0,0.0,0.0,0.0,0.0,0.0,0.0,0.0,0.0,0.0,0.0,0.0,0.0,0.0,0.0,0.0,0.0,0.0,0.0,0.0,0.0,0.0,0.0,0.0,0.0,0.0,0.0,0.0,0.0,1.0,1.0,1.0,1.0,0.0,0.0,0.0,1.0,1.0,1.0,1.0,0.0,0.0,0.0,0.0,0.0,1.0,0.0,0.0,0.0,0.0,1.0,0.0,0.0,1.0,0.0,0.0,0.0,0.0,0.0,0.0,0.0,0.0,0.0,0.0,0.0,0.0,0.0
643,1138,Galaxy - Sprint 17,0,14,1,5,0,0,1,5,0,0,0,0,0,0,1,1,1.0,0.0,0.0,3.0,3.0,3.0,3.0,0.0,0.0,0.0,1.0,1.0,1.0,1.0,0.0,0.0,0.0,0.0,0.0,0.0,0.0,0.0,0.0,0.0,0.0,0.0,0.0,0.0,0.0,0.0,0.0,0.0,0.0,0.0,0.0,0.0,0.0,0.0,0.0,0.0,0.0,0.0,0.0,0.0,0.0,0.0,0.0,0.0,0.0,0.0,0.0,0.0,1.0,1.0,1.0,1.0,0.0,0.0,0.0,1.0,1.0,1.0,1.0,0.0,0.0,0.0,0.0,0.0,1.0,0.0,0.0,0.0,0.0,1.0,0.0,0.0,1.0,0.0,0.0,0.0,0.0,0.0,0.0,0.0,0.0,0.0,0.0,0.0,0.0,0.0
643,1146,Doraemon - Translation konyaku,0,7,0,0,0,0,0,0,0,0,0,0,0,0,1,1,0.0,0.0,0.0,0.0,0.0,0.0,0.0,0.0,0.0,0.0,0.0,0.0,0.0,0.0,0.0,0.0,0.0,0.0,0.0,0.0,0.0,0.0,0.0,0.0,0.0,0.0,0.0,0.0,0.0,0.0,0.0,0.0,0.0,0.0,0.0,0.0,0.0,0.0,0.0,0.0,0.0,0.0,0.0,0.0,0.0,0.0,0.0,0.0,0.0,0.0,0.0,0.0,0.0,0.0,0.0,0.0,0.0,0.0,0.0,0.0,0.0,0.0,0.0,0.0,0.0,0.0,0.0,0.0,0.0,0.0,0.0,0.0,0.0,0.0,0.0,0.0,0.0,0.0,0.0,0.0,0.0,0.0,0.0,0.0,0.0,0.0,0.0,0.0,0.0,0.0
643,1378,33 - Time Furoshiki,-3,7,1,3,0,0,0,0,0,0,1,3,0,0,1,1,1.0,0.0,1.0,3.0,3.0,3.0,3.0,0.0,0.0,0.0,1.0,1.0,1.0,1.0,0.0,0.0,0.0,2.0,2.0,2.0,2.0,0.0,0.0,0.0,1.0,1.0,1.0,1.0,0.0,0.0,0.0,0.0,0.0,0.0,0.0,0.0,0.0,0.0,0.0,0.0,0.0,0.0,0.0,0.0,0.0,0.0,0.0,0.0,0.0,0.0,0.0,0.0,0.0,0.0,0.0,0.0,0.0,0.0,0.0,0.0,0.0,0.0,0.0,0.0,0.0,0.0,0.0,0.0,1.0,0.0,0.0,0.0,0.0,0.0,0.0,0.0,1.0,0.0,0.0,0.0,0.0,0.0,0.0,0.0,0.0,0.0,0.0,0.0,0.0,0.0
643,1426,10-Annamite range 2,-13,7,0,0,2,13,0,0,2,13,0,0,0,0,1,2,2.0,0.0,0.0,4.0,39.0,21.5,21.5,24.748737341529164,612.5,35.0,2.0,5.0,3.5,3.5,2.1213203435596424,4.5,3.0,0.0,1.0,0.5,0.5,0.7071067811865476,0.5,1.0,0.0,1.0,0.5,0.5,0.7071067811865476,0.5,1.0,0.0,0.0,0.0,0.0,0.0,0.0,0.0,0.0,0.0,0.0,0.0,0.0,0.0,0.0,0.0,0.0,0.0,0.0,0.0,0.0,0.0,2.0,2.0,2.0,2.0,0.0,0.0,0.0,1.0,2.0,1.5,1.5,0.7071067811865476,0.5,1.0,1.0,0.0,2.0,0.0,0.0,0.0,0.0,1.0,0.0,1.0,1.0,0.0,0.0,0.0,0.0,0.0,0.0,0.0,0.0,0.0,0.0,0.0,0.0,0.0
643,1458,Galaxy Sprint 31,-8,7,0,0,1,8,0,0,0,0,1,8,0,0,1,1,1.0,0.0,0.0,0.0,0.0,0.0,0.0,0.0,0.0,0.0,1.0,1.0,1.0,1.0,0.0,0.0,0.0,0.0,0.0,0.0,0.0,0.0,0.0,0.0,0.0,0.0,0.0,0.0,0.0,0.0,0.0,0.0,0.0,0.0,0.0,0.0,0.0,0.0,0.0,0.0,0.0,0.0,0.0,0.0,0.0,0.0,0.0,0.0,0.0,0.0,0.0,0.0,2.0,2.0,2.0,2.0,0.0,0.0,0.0,2.0,2.0,2.0,2.0,0.0,0.0,0.0,0.0,0.0,1.0,0.0,0.0,0.0,0.0,0.0,0.0,1.0,1.0,0.0,0.0,0.0,0.0,0.0,0.0,0.0,0.0,0.0,0.0,0.0,0.0,0.0
643,1486,Galaxy Sprint 33,-8,7,1,8,0,0,0,0,1,8,0,0,0,0,1,1,1.0,0.0,0.0,0.0,0.0,0.0,0.0,0.0,0.0,0.0,1.0,1.0,1.0,1.0,0.0,0.0,0.0,0.0,0.0,0.0,0.0,0.0,0.0,0.0,0.0,0.0,0.0,0.0,0.0,0.0,0.0,0.0,0.0,0.0,0.0,0.0,0.0,0.0,0.0,0.0,0.0,0.0,0.0,0.0,0.0,0.0,0.0,0.0,0.0,0.0,0.0,0.0,2.0,2.0,2.0,2.0,0.0,0.0,0.0,2.0,2.0,2.0,2.0,0.0,0.0,0.0,0.0,0.0,1.0,0.0,0.0,0.0,0.0,0.0,0.0,1.0,1.0,0.0,0.0,0.0,0.0,0.0,0.0,0.0,0.0,0.0,0.0,0.0,0.0,0.0
643,1487,Galaxy Sprint 34,-8,7,1,8,0,0,0,0,1,8,0,0,0,0,1,1,1.0,0.0,0.0,0.0,0.0,0.0,0.0,0.0,0.0,0.0,1.0,1.0,1.0,1.0,0.0,0.0,0.0,0.0,0.0,0.0,0.0,0.0,0.0,0.0,0.0,0.0,0.0,0.0,0.0,0.0,0.0,0.0,0.0,0.0,0.0,0.0,0.0,0.0,0.0,0.0,0.0,0.0,0.0,0.0,0.0,0.0,0.0,0.0,0.0,0.0,0.0,0.0,2.0,2.0,2.0,2.0,0.0,0.0,0.0,2.0,2.0,2.0,2.0,0.0,0.0,0.0,0.0,0.0,1.0,0.0,0.0,0.0,0.0,0.0,0.0,1.0,1.0,0.0,0.0,0.0,0.0,0.0,0.0,0.0,0.0,0.0,0.0,0.0,0.0,0.0
643,1488,Galaxy Sprint 35,-8,7,1,8,0,0,0,0,1,8,0,0,0,0,1,1,1.0,0.0,0.0,0.0,0.0,0.0,0.0,0.0,0.0,0.0,1.0,1.0,1.0,1.0,0.0,0.0,0.0,0.0,0.0,0.0,0.0,0.0,0.0,0.0,0.0,0.0,0.0,0.0,0.0,0.0,0.0,0.0,0.0,0.0,0.0,0.0,0.0,0.0,0.0,0.0,0.0,0.0,0.0,0.0,0.0,0.0,0.0,0.0,0.0,0.0,0.0,0.0,2.0,2.0,2.0,2.0,0.0,0.0,0.0,2.0,2.0,2.0,2.0,0.0,0.0,0.0,0.0,0.0,1.0,0.0,0.0,0.0,0.0,0.0,0.0,1.0,1.0,0.0,0.0,0.0,0.0,0.0,0.0,0.0,0.0,0.0,0.0,0.0,0.0,0.0
643,1515,Warranty Bugs - OD-31,-3,9,1,3,0,0,0,0,1,3,0,0,0,0,1,1,1.0,0.0,1.0,0.0,0.0,0.0,0.0,0.0,0.0,0.0,1.0,1.0,1.0,1.0,0.0,0.0,0.0,0.0,0.0,0.0,0.0,0.0,0.0,0.0,0.0,0.0,0.0,0.0,0.0,0.0,0.0,0.0,0.0,0.0,0.0,0.0,0.0,0.0,0.0,0.0,0.0,0.0,0.0,0.0,0.0,0.0,0.0,0.0,0.0,0.0,0.0,0.0,0.0,0.0,0.0,0.0,0.0,0.0,0.0,1.0,1.0,1.0,1.0,0.0,0.0,0.0,1.0,0.0,1.0,0.0,0.0,0.0,0.0,0.0,0.0,0.0,0.0,0.0,0.0,0.0,0.0,0.0,0.0,0.0,0.0,0.0,0.0,0.0,0.0,0.0
643,1532,Warranty Bugs - OD-32,-3,14,1,3,0,0,0,0,1,3,0,0,0,0,1,1,1.0,0.0,1.0,0.0,0.0,0.0,0.0,0.0,0.0,0.0,1.0,1.0,1.0,1.0,0.0,0.0,0.0,0.0,0.0,0.0,0.0,0.0,0.0,0.0,0.0,0.0,0.0,0.0,0.0,0.0,0.0,0.0,0.0,0.0,0.0,0.0,0.0,0.0,0.0,0.0,0.0,0.0,0.0,0.0,0.0,0.0,0.0,0.0,0.0,0.0,0.0,0.0,0.0,0.0,0.0,0.0,0.0,0.0,0.0,1.0,1.0,1.0,1.0,0.0,0.0,0.0,1.0,0.0,1.0,0.0,0.0,0.0,0.0,0.0,0.0,0.0,0.0,0.0,0.0,0.0,0.0,0.0,0.0,0.0,0.0,0.0,0.0,0.0,0.0,0.0
643,1541,Galaxy Sprint 36,-8,7,1,8,0,0,0,0,1,8,0,0,0,0,1,1,1.0,0.0,0.0,0.0,0.0,0.0,0.0,0.0,0.0,0.0,1.0,1.0,1.0,1.0,0.0,0.0,0.0,0.0,0.0,0.0,0.0,0.0,0.0,0.0,0.0,0.0,0.0,0.0,0.0,0.0,0.0,0.0,0.0,0.0,0.0,0.0,0.0,0.0,0.0,0.0,0.0,0.0,0.0,0.0,0.0,0.0,0.0,0.0,0.0,0.0,0.0,0.0,2.0,2.0,2.0,2.0,0.0,0.0,0.0,2.0,2.0,2.0,2.0,0.0,0.0,0.0,0.0,0.0,1.0,0.0,0.0,0.0,0.0,0.0,0.0,1.0,1.0,0.0,0.0,0.0,0.0,0.0,0.0,0.0,0.0,0.0,0.0,0.0,0.0,0.0
643,1563,Galaxy Sprint 37,-8,7,0,0,1,8,0,0,1,8,0,0,0,0,1,1,1.0,0.0,0.0,0.0,0.0,0.0,0.0,0.0,0.0,0.0,1.0,1.0,1.0,1.0,0.0,0.0,0.0,0.0,0.0,0.0,0.0,0.0,0.0,0.0,0.0,0.0,0.0,0.0,0.0,0.0,0.0,0.0,0.0,0.0,0.0,0.0,0.0,0.0,0.0,0.0,0.0,0.0,0.0,0.0,0.0,0.0,0.0,0.0,0.0,0.0,0.0,0.0,2.0,2.0,2.0,2.0,0.0,0.0,0.0,2.0,2.0,2.0,2.0,0.0,0.0,0.0,0.0,0.0,1.0,0.0,0.0,0.0,0.0,0.0,0.0,1.0,1.0,0.0,0.0,0.0,0.0,0.0,0.0,0.0,0.0,0.0,0.0,0.0,0.0,0.0
643,1577,Warranty Bugs - OD-33,-3,12,1,3,0,0,0,0,1,3,0,0,0,0,1,1,1.0,0.0,1.0,0.0,0.0,0.0,0.0,0.0,0.0,0.0,1.0,1.0,1.0,1.0,0.0,0.0,0.0,0.0,0.0,0.0,0.0,0.0,0.0,0.0,0.0,0.0,0.0,0.0,0.0,0.0,0.0,0.0,0.0,0.0,0.0,0.0,0.0,0.0,0.0,0.0,0.0,0.0,0.0,0.0,0.0,0.0,0.0,0.0,0.0,0.0,0.0,0.0,0.0,0.0,0.0,0.0,0.0,0.0,0.0,1.0,1.0,1.0,1.0,0.0,0.0,0.0,1.0,0.0,1.0,0.0,0.0,0.0,0.0,0.0,0.0,0.0,0.0,0.0,0.0,0.0,0.0,0.0,0.0,0.0,0.0,0.0,0.0,0.0,0.0,0.0
643,1581,Galaxy Sprint 38,-8,7,1,8,0,0,0,0,1,8,0,0,0,0,1,1,1.0,0.0,0.0,0.0,0.0,0.0,0.0,0.0,0.0,0.0,1.0,1.0,1.0,1.0,0.0,0.0,0.0,0.0,0.0,0.0,0.0,0.0,0.0,0.0,0.0,0.0,0.0,0.0,0.0,0.0,0.0,0.0,0.0,0.0,0.0,0.0,0.0,0.0,0.0,0.0,0.0,0.0,0.0,0.0,0.0,0.0,0.0,0.0,0.0,0.0,0.0,0.0,2.0,2.0,2.0,2.0,0.0,0.0,0.0,2.0,2.0,2.0,2.0,0.0,0.0,0.0,0.0,0.0,1.0,0.0,0.0,0.0,0.0,0.0,0.0,1.0,1.0,0.0,0.0,0.0,0.0,0.0,0.0,0.0,0.0,0.0,0.0,0.0,0.0,0.0
643,1633,Galaxy - Sprint 40,-8,7,1,8,0,0,0,0,1,8,0,0,0,0,1,1,1.0,0.0,0.0,0.0,0.0,0.0,0.0,0.0,0.0,0.0,1.0,1.0,1.0,1.0,0.0,0.0,0.0,0.0,0.0,0.0,0.0,0.0,0.0,0.0,0.0,0.0,0.0,0.0,0.0,0.0,0.0,0.0,0.0,0.0,0.0,0.0,0.0,0.0,0.0,0.0,0.0,0.0,0.0,0.0,0.0,0.0,0.0,0.0,0.0,0.0,0.0,0.0,2.0,2.0,2.0,2.0,0.0,0.0,0.0,2.0,2.0,2.0,2.0,0.0,0.0,0.0,0.0,0.0,1.0,0.0,0.0,0.0,0.0,0.0,0.0,1.0,1.0,0.0,0.0,0.0,0.0,0.0,0.0,0.0,0.0,0.0,0.0,0.0,0.0,0.0
643,1703,50 - Head of Gorgon,-3,7,1,3,0,0,0,0,1,3,0,0,0,0,1,1,1.0,0.0,0.0,0.0,0.0,0.0,0.0,0.0,0.0,0.0,1.0,1.0,1.0,1.0,0.0,0.0,0.0,1.0,1.0,1.0,1.0,0.0,0.0,0.0,0.0,0.0,0.0,0.0,0.0,0.0,0.0,0.0,0.0,0.0,0.0,0.0,0.0,0.0,0.0,0.0,0.0,0.0,0.0,0.0,0.0,0.0,0.0,0.0,0.0,0.0,0.0,0.0,0.0,0.0,0.0,0.0,0.0,0.0,0.0,0.0,0.0,0.0,0.0,0.0,0.0,0.0,0.0,0.0,1.0,0.0,0.0,0.0,0.0,1.0,0.0,0.0,1.0,0.0,0.0,0.0,0.0,0.0,0.0,0.0,0.0,0.0,0.0,0.0,0.0,0.0
643,1711,Galaxy Sprint 45,-8,7,1,8,0,0,0,0,1,8,0,0,0,0,1,1,1.0,0.0,0.0,0.0,0.0,0.0,0.0,0.0,0.0,0.0,1.0,1.0,1.0,1.0,0.0,0.0,0.0,0.0,0.0,0.0,0.0,0.0,0.0,0.0,0.0,0.0,0.0,0.0,0.0,0.0,0.0,0.0,0.0,0.0,0.0,0.0,0.0,0.0,0.0,0.0,0.0,0.0,0.0,0.0,0.0,0.0,0.0,0.0,0.0,0.0,0.0,0.0,2.0,2.0,2.0,2.0,0.0,0.0,0.0,2.0,2.0,2.0,2.0,0.0,0.0,0.0,0.0,0.0,1.0,0.0,0.0,0.0,0.0,0.0,0.0,1.0,1.0,0.0,0.0,0.0,0.0,0.0,0.0,0.0,0.0,0.0,0.0,0.0,0.0,0.0
643,1720,51 - Horror Story Lamp (for Ha,0,7,1,3,0,0,0,0,0,0,1,3,0,0,1,2,1.0,0.0,0.0,0.0,0.0,0.0,0.0,0.0,0.0,0.0,1.0,1.0,1.0,1.0,0.0,0.0,0.0,1.0,1.0,1.0,1.0,0.0,0.0,0.0,0.0,0.0,0.0,0.0,0.0,0.0,0.0,0.0,0.0,0.0,0.0,0.0,0.0,0.0,0.0,0.0,0.0,0.0,0.0,0.0,0.0,0.0,0.0,0.0,0.0,0.0,0.0,0.0,0.0,0.0,0.0,0.0,0.0,0.0,0.0,0.0,0.0,0.0,0.0,0.0,0.0,0.0,0.0,0.0,1.0,0.0,0.0,0.0,0.0,1.0,0.0,0.0,1.0,0.0,0.0,0.0,0.0,0.0,0.0,0.0,0.0,0.0,0.0,0.0,0.0,0.0
643,1724,Galaxy - Sprint 46,-8,7,1,8,0,0,0,0,1,8,0,0,0,0,1,1,1.0,0.0,0.0,0.0,0.0,0.0,0.0,0.0,0.0,0.0,1.0,1.0,1.0,1.0,0.0,0.0,0.0,0.0,0.0,0.0,0.0,0.0,0.0,0.0,0.0,0.0,0.0,0.0,0.0,0.0,0.0,0.0,0.0,0.0,0.0,0.0,0.0,0.0,0.0,0.0,0.0,0.0,0.0,0.0,0.0,0.0,0.0,0.0,0.0,0.0,0.0,0.0,2.0,2.0,2.0,2.0,0.0,0.0,0.0,2.0,2.0,2.0,2.0,0.0,0.0,0.0,0.0,0.0,1.0,0.0,0.0,0.0,0.0,0.0,0.0,1.0,1.0,0.0,0.0,0.0,0.0,0.0,0.0,0.0,0.0,0.0,0.0,0.0,0.0,0.0
643,1825,58 - Special Wood,-3,9,1,3,0,0,0,0,1,3,0,0,0,0,1,1,1.0,0.0,0.0,2.0,2.0,2.0,2.0,0.0,0.0,0.0,1.0,1.0,1.0,1.0,0.0,0.0,0.0,1.0,1.0,1.0,1.0,0.0,0.0,0.0,0.0,0.0,0.0,0.0,0.0,0.0,0.0,0.0,0.0,0.0,0.0,0.0,0.0,0.0,0.0,0.0,0.0,0.0,0.0,0.0,0.0,0.0,0.0,0.0,0.0,0.0,0.0,0.0,1.0,1.0,1.0,1.0,0.0,0.0,0.0,0.0,0.0,0.0,0.0,0.0,0.0,0.0,1.0,0.0,1.0,0.0,0.0,0.0,0.0,1.0,0.0,0.0,0.0,0.0,0.0,0.0,0.0,0.0,0.0,0.0,0.0,0.0,0.0,0.0,0.0,0.0
643,1847,59 - Paper House,-3,7,1,3,0,0,0,0,1,3,0,0,0,0,1,1,1.0,0.0,0.0,2.0,2.0,2.0,2.0,0.0,0.0,0.0,1.0,1.0,1.0,1.0,0.0,0.0,0.0,1.0,1.0,1.0,1.0,0.0,0.0,0.0,0.0,0.0,0.0,0.0,0.0,0.0,0.0,0.0,0.0,0.0,0.0,0.0,0.0,0.0,0.0,0.0,0.0,0.0,0.0,0.0,0.0,0.0,0.0,0.0,0.0,0.0,0.0,0.0,1.0,1.0,1.0,1.0,0.0,0.0,0.0,0.0,0.0,0.0,0.0,0.0,0.0,0.0,1.0,0.0,1.0,0.0,0.0,0.0,0.0,1.0,0.0,0.0,0.0,0.0,0.0,0.0,0.0,0.0,0.0,0.0,0.0,0.0,0.0,0.0,0.0,0.0
643,1874,60 - Dream Confirmation Hand,-8,7,2,8,0,0,0,0,1,3,1,5,0,0,1,2,2.0,0.0,1.0,0.0,4.0,2.0,2.0,2.8284271247461903,8.0,4.0,1.0,1.0,1.0,1.0,0.0,0.0,0.0,1.0,1.0,1.0,1.0,0.0,0.0,0.0,0.0,3.0,1.5,1.5,2.1213203435596424,4.5,3.0,0.0,0.0,0.0,0.0,0.0,0.0,0.0,0.0,0.0,0.0,0.0,0.0,0.0,0.0,0.0,0.0,0.0,0.0,0.0,0.0,0.0,0.0,1.0,0.5,0.5,0.7071067811865476,0.5,1.0,0.0,2.0,1.0,1.0,1.4142135623730951,2.0,2.0,1.0,0.0,2.0,0.0,0.0,0.0,0.0,1.0,0.0,0.0,1.0,0.0,0.0,0.0,0.0,0.0,0.0,0.0,0.0,0.0,0.0,0.0,0.0,0.0
643,1891,61 - Deep Sea Cream,0,14,0,0,1,5,0,0,1,5,0,0,0,0,1,1,2.0,0.0,2.0,0.0,0.0,0.0,0.0,0.0,0.0,0.0,1.0,1.0,1.0,1.0,0.0,0.0,0.0,1.0,2.0,1.5,1.5,0.7071067811865476,0.5,1.0,0.0,3.0,1.5,1.5,2.1213203435596424,4.5,3.0,0.0,0.0,0.0,0.0,0.0,0.0,0.0,0.0,0.0,0.0,0.0,0.0,0.0,0.0,0.0,0.0,0.0,0.0,0.0,0.0,0.0,0.0,0.0,0.0,0.0,0.0,0.0,0.0,0.0,2.0,1.0,1.0,1.4142135623730951,2.0,2.0,0.0,0.0,2.0,0.0,0.0,0.0,0.0,0.0,0.0,0.0,2.0,0.0,0.0,0.0,0.0,0.0,0.0,0.0,0.0,0.0,0.0,0.0,0.0,0.0
643,1995,01 - Fansipan 2,0,4,1,3,1,1,0,0,0,0,1,1,1,3,1,3,2.0,0.0,2.0,0.0,0.0,0.0,0.0,0.0,0.0,0.0,1.0,1.0,1.0,1.0,0.0,0.0,0.0,1.0,2.0,1.5,1.5,0.7071067811865476,0.5,1.0,0.0,0.0,0.0,0.0,0.0,0.0,0.0,0.0,0.0,0.0,0.0,0.0,0.0,0.0,0.0,0.0,0.0,0.0,0.0,0.0,0.0,0.0,1.0,0.5,0.5,0.7071067811865476,0.5,1.0,0.0,0.0,0.0,0.0,0.0,0.0,0.0,1.0,1.0,1.0,1.0,0.0,0.0,0.0,0.0,0.0,2.0,0.0,0.0,0.0,0.0,0.0,0.0,0.0,2.0,0.0,0.0,0.0,0.0,0.0,0.0,0.0,0.0,0.0,0.0,0.0,0.0,0.0
643,2019,Enterprise 2015-4,0,13,0,0,0,0,0,0,0,0,0,0,0,0,1,1,1.0,0.0,1.0,0.0,0.0,0.0,0.0,0.0,0.0,0.0,1.0,1.0,1.0,1.0,0.0,0.0,0.0,1.0,1.0,1.0,1.0,0.0,0.0,0.0,0.0,0.0,0.0,0.0,0.0,0.0,0.0,0.0,0.0,0.0,0.0,0.0,0.0,0.0,0.0,0.0,0.0,0.0,0.0,0.0,0.0,0.0,0.0,0.0,0.0,0.0,0.0,0.0,0.0,0.0,0.0,0.0,0.0,0.0,0.0,0.0,0.0,0.0,0.0,0.0,0.0,0.0,0.0,0.0,1.0,0.0,0.0,0.0,0.0,0.0,0.0,0.0,1.0,0.0,0.0,0.0,0.0,0.0,0.0,0.0,0.0,0.0,0.0,0.0,0.0,0.0
643,2020,03 - Fansipan 3,-3,4,1,3,0,0,0,0,1,3,0,0,0,0,1,2,1.0,0.0,0.0,5.0,5.0,5.0,5.0,0.0,0.0,0.0,1.0,1.0,1.0,1.0,0.0,0.0,0.0,1.0,1.0,1.0,1.0,0.0,0.0,0.0,0.0,0.0,0.0,0.0,0.0,0.0,0.0,0.0,0.0,0.0,0.0,0.0,0.0,0.0,0.0,0.0,0.0,0.0,0.0,0.0,0.0,0.0,0.0,0.0,0.0,0.0,0.0,0.0,1.0,1.0,1.0,1.0,0.0,0.0,0.0,0.0,0.0,0.0,0.0,0.0,0.0,0.0,1.0,0.0,1.0,0.0,0.0,0.0,0.0,1.0,0.0,0.0,0.0,0.0,0.0,0.0,0.0,0.0,0.0,0.0,0.0,0.0,0.0,0.0,0.0,0.0
643,2057,04 - Bukit Timah,0,7,0,0,0,0,0,0,0,0,0,0,0,0,1,1,1.0,0.0,1.0,0.0,0.0,0.0,0.0,0.0,0.0,0.0,1.0,1.0,1.0,1.0,0.0,0.0,0.0,1.0,1.0,1.0,1.0,0.0,0.0,0.0,0.0,0.0,0.0,0.0,0.0,0.0,0.0,0.0,0.0,0.0,0.0,0.0,0.0,0.0,0.0,0.0,0.0,0.0,0.0,0.0,0.0,0.0,0.0,0.0,0.0,0.0,0.0,0.0,0.0,0.0,0.0,0.0,0.0,0.0,0.0,0.0,0.0,0.0,0.0,0.0,0.0,0.0,0.0,0.0,1.0,0.0,0.0,0.0,0.0,0.0,0.0,0.0,1.0,0.0,0.0,0.0,0.0,0.0,0.0,0.0,0.0,0.0,0.0,0.0,0.0,0.0
643,2065,05 - Bukit Timah 2,-8,7,1,3,1,8,0,0,1,8,0,0,1,3,1,2,2.0,0.0,1.0,0.0,3.0,1.5,1.5,2.1213203435596424,4.5,3.0,1.0,2.0,1.5,1.5,0.7071067811865476,0.5,1.0,0.0,1.0,0.5,0.5,0.7071067811865476,0.5,1.0,0.0,1.0,0.5,0.5,0.7071067811865476,0.5,1.0,0.0,0.0,0.0,0.0,0.0,0.0,0.0,0.0,0.0,0.0,0.0,0.0,0.0,0.0,0.0,1.0,0.5,0.5,0.7071067811865476,0.5,1.0,0.0,2.0,1.0,1.0,1.4142135623730951,2.0,2.0,0.0,2.0,1.0,1.0,1.4142135623730951,2.0,2.0,1.0,0.0,2.0,0.0,0.0,0.0,0.0,0.0,0.0,1.0,1.0,0.0,0.0,0.0,0.0,0.0,0.0,0.0,0.0,0.0,0.0,0.0,0.0,0.0
643,2102,07 - Jade Mountain,-8,7,0,0,1,8,0,0,1,8,0,0,0,0,1,1,1.0,0.0,0.0,4.0,4.0,4.0,4.0,0.0,0.0,0.0,2.0,2.0,2.0,2.0,0.0,0.0,0.0,0.0,0.0,0.0,0.0,0.0,0.0,0.0,1.0,1.0,1.0,1.0,0.0,0.0,0.0,0.0,0.0,0.0,0.0,0.0,0.0,0.0,0.0,0.0,0.0,0.0,0.0,0.0,0.0,0.0,0.0,0.0,0.0,0.0,0.0,0.0,2.0,2.0,2.0,2.0,0.0,0.0,0.0,2.0,2.0,2.0,2.0,0.0,0.0,0.0,1.0,0.0,1.0,0.0,0.0,0.0,0.0,0.0,0.0,1.0,0.0,0.0,0.0,0.0,0.0,0.0,0.0,0.0,0.0,0.0,0.0,0.0,0.0,0.0
643,2209,11 - Annamite range 3,-4,7,2,4,0,0,0,0,2,4,0,0,0,0,1,1,2.0,0.0,2.0,0.0,0.0,0.0,0.0,0.0,0.0,0.0,2.0,3.0,2.5,2.5,0.7071067811865476,0.5,1.0,2.0,2.0,2.0,2.0,0.0,0.0,0.0,0.0,0.0,0.0,0.0,0.0,0.0,0.0,0.0,0.0,0.0,0.0,0.0,0.0,0.0,0.0,0.0,0.0,0.0,0.0,0.0,0.0,0.0,0.0,0.0,0.0,0.0,0.0,0.0,0.0,0.0,0.0,0.0,0.0,0.0,0.0,0.0,1.0,0.5,0.5,0.7071067811865476,0.5,1.0,0.0,0.0,2.0,0.0,0.0,0.0,0.0,0.0,0.0,0.0,2.0,0.0,0.0,0.0,0.0,0.0,0.0,0.0,0.0,0.0,0.0,0.0,0.0,0.0
643,2238,12 - Black Virgin Mountain 1,-8,7,0,0,3,12,0,0,3,12,0,0,0,0,1,2,3.0,0.0,2.0,0.0,4.0,1.3333333333333333,0.0,2.3094010767585034,5.333333333333334,4.0,2.0,3.0,2.3333333333333335,2.0,0.5773502691896258,0.33333333333333337,1.0,0.0,2.0,1.3333333333333333,2.0,1.1547005383792517,1.3333333333333335,2.0,0.0,1.0,0.3333333333333333,0.0,0.5773502691896258,0.33333333333333337,1.0,0.0,0.0,0.0,0.0,0.0,0.0,0.0,0.0,0.0,0.0,0.0,0.0,0.0,0.0,0.0,0.0,0.0,0.0,0.0,0.0,0.0,0.0,2.0,0.6666666666666666,0.0,1.1547005383792517,1.3333333333333335,2.0,0.0,2.0,1.0,1.0,1.0,1.0,2.0,1.0,0.0,3.0,0.0,0.0,0.0,0.0,0.0,0.0,1.0,2.0,0.0,0.0,0.0,0.0,0.0,0.0,0.0,0.0,0.0,0.0,0.0,0.0,0.0
647,48,1.1-M7 Fire,-3,3,2,6,0,0,1,3,1,3,0,0,0,0,1,1,2.0,0.0,1.0,2.0,5.0,3.5,3.5,2.1213203435596424,4.5,3.0,1.0,1.0,1.0,1.0,0.0,0.0,0.0,0.0,1.0,0.5,0.5,0.7071067811865476,0.5,1.0,0.0,0.0,0.0,0.0,0.0,0.0,0.0,0.0,0.0,0.0,0.0,0.0,0.0,0.0,0.0,0.0,0.0,0.0,0.0,0.0,0.0,2.0,3.0,2.5,2.5,0.7071067811865476,0.5,1.0,0.0,1.0,0.5,0.5,0.7071067811865476,0.5,1.0,1.0,1.0,1.0,1.0,0.0,0.0,0.0,1.0,0.0,2.0,0.0,0.0,0.0,0.0,1.0,0.0,0.0,1.0,0.0,0.0,0.0,0.0,0.0,0.0,0.0,0.0,0.0,0.0,0.0,0.0,0.0
647,68,1.2-M0 fire,-3,3,2,4,0,0,0,0,0,0,1,3,1,1,1,3,2.0,0.0,0.0,2.0,7.0,4.5,4.5,3.5355339059327378,12.5,5.0,0.0,1.0,0.5,0.5,0.7071067811865476,0.5,1.0,0.0,1.0,0.5,0.5,0.7071067811865476,0.5,1.0,0.0,0.0,0.0,0.0,0.0,0.0,0.0,0.0,0.0,0.0,0.0,0.0,0.0,0.0,0.0,0.0,0.0,0.0,0.0,0.0,0.0,3.0,3.0,3.0,3.0,0.0,0.0,0.0,0.0,0.0,0.0,0.0,0.0,0.0,0.0,0.0,1.0,0.5,0.5,0.7071067811865476,0.5,1.0,1.0,0.0,1.0,0.0,0.0,0.0,0.0,1.0,0.0,0.0,1.0,0.0,0.0,0.0,0.0,0.0,1.0,0.0,0.0,0.0,0.0,0.0,0.0,0.0
647,72,1.2-M1,-3,4,1,3,0,0,0,0,1,3,0,0,0,0,1,2,1.0,0.0,0.0,7.0,7.0,7.0,7.0,0.0,0.0,0.0,1.0,1.0,1.0,1.0,0.0,0.0,0.0,1.0,1.0,1.0,1.0,0.0,0.0,0.0,0.0,0.0,0.0,0.0,0.0,0.0,0.0,0.0,0.0,0.0,0.0,0.0,0.0,0.0,0.0,0.0,0.0,0.0,0.0,0.0,0.0,3.0,3.0,3.0,3.0,0.0,0.0,0.0,0.0,0.0,0.0,0.0,0.0,0.0,0.0,1.0,1.0,1.0,1.0,0.0,0.0,0.0,1.0,0.0,1.0,0.0,0.0,0.0,0.0,1.0,0.0,0.0,0.0,0.0,0.0,0.0,0.0,0.0,0.0,0.0,0.0,0.0,0.0,0.0,0.0,0.0
647,82,1.2-M2,-3,4,1,3,0,0,0,0,1,3,0,0,0,0,1,2,1.0,0.0,0.0,7.0,7.0,7.0,7.0,0.0,0.0,0.0,1.0,1.0,1.0,1.0,0.0,0.0,0.0,1.0,1.0,1.0,1.0,0.0,0.0,0.0,0.0,0.0,0.0,0.0,0.0,0.0,0.0,0.0,0.0,0.0,0.0,0.0,0.0,0.0,0.0,0.0,0.0,0.0,0.0,0.0,0.0,3.0,3.0,3.0,3.0,0.0,0.0,0.0,0.0,0.0,0.0,0.0,0.0,0.0,0.0,1.0,1.0,1.0,1.0,0.0,0.0,0.0,1.0,0.0,1.0,0.0,0.0,0.0,0.0,1.0,0.0,0.0,0.0,0.0,0.0,0.0,0.0,0.0,0.0,0.0,0.0,0.0,0.0,0.0,0.0,0.0
647,92,1.2-M3,0,5,1,3,0,0,0,0,0,0,0,0,1,3,1,2,1.0,0.0,0.0,7.0,7.0,7.0,7.0,0.0,0.0,0.0,1.0,1.0,1.0,1.0,0.0,0.0,0.0,1.0,1.0,1.0,1.0,0.0,0.0,0.0,0.0,0.0,0.0,0.0,0.0,0.0,0.0,0.0,0.0,0.0,0.0,0.0,0.0,0.0,0.0,0.0,0.0,0.0,0.0,0.0,0.0,5.0,5.0,5.0,5.0,0.0,0.0,0.0,0.0,0.0,0.0,0.0,0.0,0.0,0.0,1.0,1.0,1.0,1.0,0.0,0.0,0.0,1.0,0.0,1.0,0.0,0.0,0.0,0.0,1.0,0.0,0.0,0.0,0.0,0.0,0.0,0.0,0.0,0.0,0.0,0.0,0.0,0.0,0.0,0.0,0.0
647,132,Fire 1.3-M1,0,4,0,0,1,3,0,0,0,0,1,3,0,0,1,1,1.0,0.0,0.0,1.0,1.0,1.0,1.0,0.0,0.0,0.0,2.0,2.0,2.0,2.0,0.0,0.0,0.0,1.0,1.0,1.0,1.0,0.0,0.0,0.0,0.0,0.0,0.0,0.0,0.0,0.0,0.0,0.0,0.0,0.0,0.0,0.0,0.0,0.0,0.0,0.0,0.0,0.0,0.0,0.0,0.0,0.0,0.0,0.0,0.0,0.0,0.0,0.0,0.0,0.0,0.0,0.0,0.0,0.0,0.0,0.0,0.0,0.0,0.0,0.0,0.0,0.0,0.0,0.0,1.0,0.0,0.0,0.0,0.0,0.0,0.0,1.0,1.0,0.0,0.0,0.0,0.0,0.0,0.0,0.0,0.0,0.0,0.0,0.0,0.0,0.0
647,169,Fire 1.3-M5,0,4,1,3,1,3,0,0,0,0,2,6,0,0,1,2,3.0,0.0,2.0,0.0,1.0,0.3333333333333333,0.0,0.5773502691896258,0.33333333333333337,1.0,1.0,1.0,1.0,1.0,0.0,0.0,0.0,1.0,1.0,1.0,1.0,0.0,0.0,0.0,0.0,0.0,0.0,0.0,0.0,0.0,0.0,0.0,0.0,0.0,0.0,0.0,0.0,0.0,0.0,0.0,0.0,0.0,0.0,0.0,0.0,0.0,2.0,0.6666666666666666,0.0,1.1547005383792517,1.3333333333333335,2.0,0.0,0.0,0.0,0.0,0.0,0.0,0.0,0.0,1.0,0.3333333333333333,0.0,0.5773502691896258,0.33333333333333337,1.0,1.0,0.0,3.0,0.0,0.0,0.0,0.0,1.0,0.0,0.0,2.0,0.0,0.0,0.0,0.0,0.0,0.0,0.0,0.0,0.0,0.0,0.0,0.0,0.0
647,179,Fire 1.3-M6,0,4,1,3,0,0,0,0,0,0,0,0,1,3,1,2,1.0,0.0,1.0,3.0,3.0,3.0,3.0,0.0,0.0,0.0,1.0,1.0,1.0,1.0,0.0,0.0,0.0,1.0,1.0,1.0,1.0,0.0,0.0,0.0,0.0,0.0,0.0,0.0,0.0,0.0,0.0,0.0,0.0,0.0,0.0,0.0,0.0,0.0,0.0,0.0,0.0,0.0,0.0,0.0,0.0,3.0,3.0,3.0,3.0,0.0,0.0,0.0,0.0,0.0,0.0,0.0,0.0,0.0,0.0,0.0,0.0,0.0,0.0,0.0,0.0,0.0,1.0,0.0,1.0,0.0,0.0,0.0,0.0,0.0,0.0,0.0,0.0,0.0,0.0,0.0,0.0,0.0,0.0,0.0,0.0,0.0,0.0,0.0,0.0,0.0
647,200,Dev-Speed Week,0,14,2,6,0,0,0,0,0,0,0,0,2,6,1,1,2.0,0.0,0.0,1.0,1.0,1.0,1.0,0.0,0.0,0.0,1.0,1.0,1.0,1.0,0.0,0.0,0.0,0.0,1.0,0.5,0.5,0.7071067811865476,0.5,1.0,0.0,0.0,0.0,0.0,0.0,0.0,0.0,0.0,0.0,0.0,0.0,0.0,0.0,0.0,0.0,0.0,0.0,0.0,0.0,0.0,0.0,0.0,1.0,0.5,0.5,0.7071067811865476,0.5,1.0,0.0,0.0,0.0,0.0,0.0,0.0,0.0,0.0,1.0,0.5,0.5,0.7071067811865476,0.5,1.0,0.0,0.0,2.0,0.0,0.0,0.0,0.0,2.0,0.0,0.0,2.0,0.0,0.0,0.0,0.0,0.0,0.0,0.0,0.0,0.0,0.0,0.0,0.0,0.0
647,221,2.0-M1,0,14,0,0,1,3,0,0,0,0,0,0,1,3,1,1,1.0,0.0,0.0,1.0,1.0,1.0,1.0,0.0,0.0,0.0,1.0,1.0,1.0,1.0,0.0,0.0,0.0,1.0,1.0,1.0,1.0,0.0,0.0,0.0,0.0,0.0,0.0,0.0,0.0,0.0,0.0,0.0,0.0,0.0,0.0,0.0,0.0,0.0,0.0,0.0,0.0,0.0,0.0,0.0,0.0,1.0,1.0,1.0,1.0,0.0,0.0,0.0,0.0,0.0,0.0,0.0,0.0,0.0,0.0,1.0,1.0,1.0,1.0,0.0,0.0,0.0,0.0,0.0,1.0,0.0,0.0,0.0,0.0,1.0,0.0,0.0,1.0,0.0,0.0,0.0,0.0,0.0,0.0,0.0,0.0,0.0,0.0,0.0,0.0,0.0
647,291,Innovation Week,-9,14,0,0,3,9,0,0,2,6,1,3,0,0,1,1,3.0,0.0,1.0,0.0,1.0,0.6666666666666666,1.0,0.5773502691896258,0.33333333333333337,1.0,1.0,1.0,1.0,1.0,0.0,0.0,0.0,1.0,1.0,1.0,1.0,0.0,0.0,0.0,0.0,2.0,1.0,1.0,1.0,1.0,2.0,0.0,0.0,0.0,0.0,0.0,0.0,0.0,0.0,0.0,0.0,0.0,0.0,0.0,0.0,0.0,0.0,0.0,0.0,0.0,0.0,0.0,0.0,1.0,0.3333333333333333,0.0,0.5773502691896258,0.33333333333333337,1.0,1.0,3.0,1.6666666666666667,1.0,1.1547005383792517,1.3333333333333335,2.0,0.0,0.0,3.0,0.0,0.0,0.0,0.0,2.0,0.0,0.0,3.0,0.0,0.0,0.0,0.0,0.0,0.0,0.0,0.0,0.0,0.0,0.0,0.0,0.0
647,301,2.1-M1,0,7,4,12,0,0,0,0,4,12,0,0,0,0,1,3,5.0,0.0,1.0,0.0,5.0,1.8,1.0,1.9235384061671348,3.700000000000001,5.0,0.0,1.0,0.8,1.0,0.4472135954999579,0.2,1.0,0.0,1.0,0.8,1.0,0.4472135954999579,0.2,1.0,0.0,2.0,0.6,0.0,0.8944271909999157,0.7999999999999998,2.0,0.0,0.0,0.0,0.0,0.0,0.0,0.0,0.0,0.0,0.0,0.0,0.0,0.0,0.0,0.0,1.0,0.2,0.0,0.44721359549995804,0.20000000000000007,1.0,0.0,1.0,0.4,0.0,0.5477225575051662,0.30000000000000004,1.0,0.0,3.0,1.2,1.0,1.0954451150103321,1.2,3.0,2.0,0.0,4.0,0.0,0.0,0.0,0.0,3.0,0.0,0.0,3.0,0.0,0.0,0.0,0.0,0.0,1.0,0.0,0.0,0.0,0.0,0.0,0.0,0.0
647,315,2.1-M2 Xmas Special,-3,16,2,6,2,6,1,3,0,0,1,3,2,6,1,2,5.0,0.0,2.0,0.0,15.0,4.2,1.0,6.220932405998316,38.7,15.0,0.0,2.0,1.0,1.0,0.7071067811865476,0.5,2.0,0.0,1.0,0.8,1.0,0.44721359549995804,0.20000000000000007,1.0,0.0,2.0,0.6,0.0,0.8944271909999157,0.7999999999999998,2.0,0.0,0.0,0.0,0.0,0.0,0.0,0.0,0.0,0.0,0.0,0.0,0.0,0.0,0.0,0.0,3.0,0.6,0.0,1.3416407864998738,1.7999999999999998,3.0,0.0,0.0,0.0,0.0,0.0,0.0,0.0,0.0,3.0,1.0,1.0,1.224744871391589,1.5,3.0,1.0,0.0,4.0,0.0,1.0,0.0,0.0,3.0,0.0,0.0,4.0,0.0,0.0,0.0,0.0,0.0,0.0,0.0,0.0,0.0,0.0,0.0,0.0,0.0
647,341,2.1-M5,0,6,2,6,1,3,0,0,1,3,0,0,2,6,1,4,3.0,0.0,1.0,0.0,19.0,7.666666666666667,4.0,10.016652800877813,100.33333333333334,19.0,1.0,1.0,1.0,1.0,0.0,0.0,0.0,1.0,1.0,1.0,1.0,0.0,0.0,0.0,0.0,2.0,0.6666666666666666,0.0,1.1547005383792517,1.3333333333333335,2.0,0.0,0.0,0.0,0.0,0.0,0.0,0.0,0.0,0.0,0.0,0.0,0.0,0.0,0.0,0.0,1.0,0.6666666666666666,1.0,0.5773502691896258,0.33333333333333337,1.0,0.0,0.0,0.0,0.0,0.0,0.0,0.0,0.0,3.0,1.0,0.0,1.7320508075688772,3.0,3.0,1.0,0.0,3.0,0.0,0.0,0.0,0.0,2.0,0.0,0.0,2.0,0.0,0.0,0.0,0.0,0.0,0.0,0.0,0.0,0.0,0.0,0.0,0.0,0.0
647,362,2.1-M8,3,6,0,0,0,0,0,0,0,0,0,0,0,0,1,1,1.0,0.0,0.0,0.0,0.0,0.0,0.0,0.0,0.0,0.0,1.0,1.0,1.0,1.0,0.0,0.0,0.0,1.0,1.0,1.0,1.0,0.0,0.0,0.0,0.0,0.0,0.0,0.0,0.0,0.0,0.0,0.0,0.0,0.0,0.0,0.0,0.0,0.0,0.0,0.0,0.0,0.0,0.0,0.0,0.0,0.0,0.0,0.0,0.0,0.0,0.0,0.0,0.0,0.0,0.0,0.0,0.0,0.0,0.0,0.0,0.0,0.0,0.0,0.0,0.0,0.0,0.0,0.0,1.0,0.0,0.0,0.0,0.0,1.0,0.0,0.0,1.0,0.0,0.0,0.0,0.0,0.0,0.0,0.0,0.0,0.0,0.0,0.0,0.0,0.0
647,364,2.1-M8,0,6,0,0,0,0,0,0,0,0,0,0,0,0,1,1,1.0,0.0,1.0,0.0,0.0,0.0,0.0,0.0,0.0,0.0,0.0,0.0,0.0,0.0,0.0,0.0,0.0,1.0,1.0,1.0,1.0,0.0,0.0,0.0,0.0,0.0,0.0,0.0,0.0,0.0,0.0,0.0,0.0,0.0,0.0,0.0,0.0,0.0,0.0,0.0,0.0,0.0,0.0,0.0,0.0,0.0,0.0,0.0,0.0,0.0,0.0,0.0,0.0,0.0,0.0,0.0,0.0,0.0,0.0,0.0,0.0,0.0,0.0,0.0,0.0,0.0,1.0,0.0,1.0,0.0,0.0,0.0,0.0,0.0,0.0,0.0,0.0,0.0,0.0,0.0,0.0,0.0,0.0,0.0,0.0,0.0,0.0,0.0,0.0,0.0
647,368,2.2-M1,0,7,0,0,1,3,0,0,1,3,0,0,0,0,1,1,2.0,0.0,1.0,1.0,2.0,1.5,1.5,0.7071067811865476,0.5,1.0,0.0,1.0,0.5,0.5,0.7071067811865476,0.5,1.0,1.0,1.0,1.0,1.0,0.0,0.0,0.0,0.0,0.0,0.0,0.0,0.0,0.0,0.0,0.0,0.0,0.0,0.0,0.0,0.0,0.0,0.0,0.0,0.0,0.0,0.0,0.0,0.0,0.0,0.0,0.0,0.0,0.0,0.0,0.0,0.0,0.0,0.0,0.0,0.0,0.0,0.0,0.0,1.0,0.5,0.5,0.7071067811865476,0.5,1.0,0.0,0.0,2.0,0.0,0.0,0.0,0.0,0.0,0.0,0.0,2.0,0.0,0.0,1.0,0.0,0.0,0.0,0.0,0.0,0.0,0.0,0.0,0.0,0.0
647,373,2.2-M1,0,6,0,0,2,6,0,0,0,0,1,3,1,3,1,2,2.0,0.0,1.0,2.0,3.0,2.5,2.5,0.7071067811865476,0.5,1.0,0.0,1.0,0.5,0.5,0.7071067811865476,0.5,1.0,1.0,1.0,1.0,1.0,0.0,0.0,0.0,0.0,0.0,0.0,0.0,0.0,0.0,0.0,0.0,0.0,0.0,0.0,0.0,0.0,0.0,0.0,0.0,0.0,0.0,0.0,0.0,0.0,0.0,1.0,0.5,0.5,0.7071067811865476,0.5,1.0,0.0,0.0,0.0,0.0,0.0,0.0,0.0,0.0,0.0,0.0,0.0,0.0,0.0,0.0,1.0,0.0,2.0,0.0,0.0,0.0,0.0,0.0,0.0,0.0,1.0,0.0,0.0,1.0,0.0,0.0,0.0,0.0,0.0,0.0,0.0,0.0,0.0,0.0
647,388,2.2-M3-Blue,-3,7,0,0,1,3,0,0,0,0,1,3,0,0,1,1,1.0,0.0,0.0,0.0,0.0,0.0,0.0,0.0,0.0,0.0,0.0,0.0,0.0,0.0,0.0,0.0,0.0,0.0,0.0,0.0,0.0,0.0,0.0,0.0,0.0,0.0,0.0,0.0,0.0,0.0,0.0,0.0,0.0,0.0,0.0,0.0,0.0,0.0,0.0,0.0,0.0,0.0,0.0,0.0,0.0,0.0,0.0,0.0,0.0,0.0,0.0,0.0,0.0,0.0,0.0,0.0,0.0,0.0,0.0,0.0,0.0,0.0,0.0,0.0,0.0,0.0,1.0,0.0,0.0,0.0,0.0,0.0,0.0,0.0,0.0,0.0,0.0,0.0,0.0,0.0,0.0,0.0,1.0,0.0,0.0,0.0,0.0,0.0,0.0,0.0
647,390,2.2-M3,0,7,0,0,1,3,0,0,0,0,0,0,1,3,1,3,1.0,0.0,0.0,4.0,4.0,4.0,4.0,0.0,0.0,0.0,0.0,0.0,0.0,0.0,0.0,0.0,0.0,1.0,1.0,1.0,1.0,0.0,0.0,0.0,0.0,0.0,0.0,0.0,0.0,0.0,0.0,0.0,0.0,0.0,0.0,0.0,0.0,0.0,0.0,0.0,0.0,0.0,0.0,0.0,0.0,2.0,2.0,2.0,2.0,0.0,0.0,0.0,0.0,0.0,0.0,0.0,0.0,0.0,0.0,0.0,0.0,0.0,0.0,0.0,0.0,0.0,1.0,0.0,0.0,0.0,0.0,0.0,0.0,0.0,0.0,0.0,0.0,0.0,0.0,0.0,0.0,0.0,1.0,0.0,0.0,0.0,0.0,0.0,0.0,0.0
647,397,2.2-pre release,0,7,0,0,1,3,0,0,0,0,0,0,1,3,1,2,2.0,0.0,1.0,0.0,24.0,12.0,12.0,16.97056274847714,288.0,24.0,1.0,1.0,1.0,1.0,0.0,0.0,0.0,1.0,2.0,1.5,1.5,0.7071067811865476,0.5,1.0,0.0,2.0,1.0,1.0,1.4142135623730951,2.0,2.0,0.0,0.0,0.0,0.0,0.0,0.0,0.0,0.0,0.0,0.0,0.0,0.0,0.0,0.0,0.0,1.0,0.5,0.5,0.7071067811865476,0.5,1.0,0.0,0.0,0.0,0.0,0.0,0.0,0.0,0.0,3.0,1.5,1.5,2.1213203435596424,4.5,3.0,0.0,0.0,2.0,0.0,0.0,0.0,0.0,1.0,0.0,0.0,2.0,0.0,0.0,0.0,0.0,0.0,0.0,0.0,0.0,0.0,0.0,0.0,0.0,0.0
647,413,Fire 2.3-M1,0,6,2,6,0,0,0,0,1,3,0,0,1,3,1,1,2.0,0.0,2.0,0.0,0.0,0.0,0.0,0.0,0.0,0.0,1.0,1.0,1.0,1.0,0.0,0.0,0.0,0.0,2.0,1.0,1.0,1.4142135623730951,2.0,2.0,0.0,0.0,0.0,0.0,0.0,0.0,0.0,0.0,0.0,0.0,0.0,0.0,0.0,0.0,0.0,0.0,0.0,0.0,0.0,0.0,0.0,0.0,0.0,0.0,0.0,0.0,0.0,0.0,0.0,0.0,0.0,0.0,0.0,0.0,0.0,0.0,1.0,0.5,0.5,0.7071067811865476,0.5,1.0,0.0,0.0,2.0,0.0,0.0,0.0,0.0,0.0,0.0,0.0,2.0,0.0,0.0,0.0,0.0,0.0,0.0,0.0,0.0,0.0,0.0,0.0,0.0,0.0
647,416,Fire 2.3-M2,0,7,0,0,0,0,0,0,0,0,0,0,0,0,1,1,1.0,0.0,0.0,2.0,2.0,2.0,2.0,0.0,0.0,0.0,0.0,0.0,0.0,0.0,0.0,0.0,0.0,0.0,0.0,0.0,0.0,0.0,0.0,0.0,0.0,0.0,0.0,0.0,0.0,0.0,0.0,0.0,0.0,0.0,0.0,0.0,0.0,0.0,0.0,0.0,0.0,0.0,0.0,0.0,0.0,0.0,0.0,0.0,0.0,0.0,0.0,0.0,0.0,0.0,0.0,0.0,0.0,0.0,0.0,0.0,0.0,0.0,0.0,0.0,0.0,0.0,0.0,0.0,0.0,0.0,0.0,0.0,0.0,0.0,0.0,0.0,1.0,0.0,0.0,0.0,0.0,0.0,1.0,0.0,0.0,0.0,0.0,0.0,0.0,0.0
647,427,Fire 2.3-M3,0,7,0,0,0,0,0,0,0,0,0,0,0,0,1,1,0.0,0.0,0.0,0.0,0.0,0.0,0.0,0.0,0.0,0.0,0.0,0.0,0.0,0.0,0.0,0.0,0.0,0.0,0.0,0.0,0.0,0.0,0.0,0.0,0.0,0.0,0.0,0.0,0.0,0.0,0.0,0.0,0.0,0.0,0.0,0.0,0.0,0.0,0.0,0.0,0.0,0.0,0.0,0.0,0.0,0.0,0.0,0.0,0.0,0.0,0.0,0.0,0.0,0.0,0.0,0.0,0.0,0.0,0.0,0.0,0.0,0.0,0.0,0.0,0.0,0.0,0.0,0.0,0.0,0.0,0.0,0.0,0.0,0.0,0.0,0.0,0.0,0.0,0.0,0.0,0.0,0.0,0.0,0.0,0.0,0.0,0.0,0.0,0.0,0.0
647,441,Fire 2.3-M4,-3,7,0,0,2,6,0,0,0,0,1,3,1,3,1,2,2.0,0.0,0.0,0.0,3.0,1.5,1.5,2.1213203435596424,4.5,3.0,0.0,1.0,0.5,0.5,0.7071067811865476,0.5,1.0,0.0,1.0,0.5,0.5,0.7071067811865476,0.5,1.0,0.0,0.0,0.0,0.0,0.0,0.0,0.0,0.0,0.0,0.0,0.0,0.0,0.0,0.0,0.0,0.0,0.0,0.0,0.0,0.0,0.0,0.0,1.0,0.5,0.5,0.7071067811865476,0.5,1.0,0.0,1.0,0.5,0.5,0.7071067811865476,0.5,1.0,0.0,1.0,0.5,0.5,0.7071067811865476,0.5,1.0,1.0,0.0,2.0,0.0,0.0,0.0,0.0,2.0,0.0,0.0,1.0,0.0,0.0,0.0,0.0,0.0,0.0,0.0,0.0,0.0,0.0,0.0,0.0,0.0
647,450,Fire 2.4-M1,0,6,1,3,1,3,0,0,0,0,2,6,0,0,1,4,2.0,0.0,0.0,0.0,2.0,1.0,1.0,1.4142135623730951,2.0,2.0,0.0,0.0,0.0,0.0,0.0,0.0,0.0,0.0,0.0,0.0,0.0,0.0,0.0,0.0,0.0,0.0,0.0,0.0,0.0,0.0,0.0,0.0,0.0,0.0,0.0,0.0,0.0,0.0,0.0,0.0,0.0,0.0,0.0,0.0,0.0,0.0,0.0,0.0,0.0,0.0,0.0,0.0,0.0,1.0,0.5,0.5,0.7071067811865476,0.5,1.0,0.0,1.0,0.5,0.5,0.7071067811865476,0.5,1.0,0.0,0.0,1.0,0.0,0.0,0.0,0.0,1.0,0.0,0.0,2.0,0.0,0.0,0.0,0.0,0.0,1.0,0.0,0.0,0.0,0.0,0.0,0.0,0.0
647,457,Fire 2.4-M2,0,7,0,0,1,3,0,0,0,0,0,0,1,3,1,1,1.0,0.0,0.0,18.0,18.0,18.0,18.0,0.0,0.0,0.0,0.0,0.0,0.0,0.0,0.0,0.0,0.0,1.0,1.0,1.0,1.0,0.0,0.0,0.0,5.0,5.0,5.0,5.0,0.0,0.0,0.0,0.0,0.0,0.0,0.0,0.0,0.0,0.0,0.0,0.0,0.0,0.0,0.0,0.0,0.0,1.0,1.0,1.0,1.0,0.0,0.0,0.0,0.0,0.0,0.0,0.0,0.0,0.0,0.0,3.0,3.0,3.0,3.0,0.0,0.0,0.0,1.0,0.0,0.0,0.0,0.0,0.0,0.0,0.0,0.0,0.0,0.0,0.0,0.0,0.0,0.0,0.0,1.0,0.0,0.0,0.0,0.0,0.0,0.0,0.0
647,484,Fire 2.4-M4,3,7,0,0,1,3,0,0,1,3,0,0,0,0,1,1,2.0,0.0,1.0,0.0,1.0,0.5,0.5,0.7071067811865476,0.5,1.0,0.0,0.0,0.0,0.0,0.0,0.0,0.0,0.0,1.0,0.5,0.5,0.7071067811865476,0.5,1.0,0.0,0.0,0.0,0.0,0.0,0.0,0.0,0.0,0.0,0.0,0.0,0.0,0.0,0.0,0.0,0.0,0.0,0.0,0.0,0.0,0.0,0.0,0.0,0.0,0.0,0.0,0.0,0.0,0.0,0.0,0.0,0.0,0.0,0.0,0.0,0.0,0.0,0.0,0.0,0.0,0.0,0.0,1.0,0.0,1.0,0.0,0.0,0.0,0.0,0.0,0.0,0.0,1.0,0.0,0.0,0.0,0.0,0.0,1.0,0.0,0.0,0.0,0.0,0.0,0.0,0.0
647,515,Sprint 30 - 6.2.2,0,11,0,0,0,0,0,0,0,0,0,0,0,0,1,1,43.0,42.0,25.0,0.0,0.0,0.0,0.0,0.0,0.0,0.0,0.0,1.0,0.11627906976744186,0.0,0.32435300622428814,0.1052048726467331,1.0,0.0,1.0,0.6744186046511628,1.0,0.4741373235154427,0.22480620155038758,1.0,0.0,0.0,0.0,0.0,0.0,0.0,0.0,0.0,0.0,0.0,0.0,0.0,0.0,0.0,0.0,0.0,0.0,0.0,0.0,0.0,0.0,0.0,0.0,0.0,0.0,0.0,0.0,0.0,0.0,0.0,0.0,0.0,0.0,0.0,0.0,0.0,0.0,0.0,0.0,0.0,0.0,0.0,38.0,0.0,1.0,0.0,0.0,0.0,0.0,4.0,1.0,6.0,5.0,0.0,0.0,7.0,0.0,0.0,0.0,0.0,0.0,0.0,0.0,0.0,0.0,0.0
647,548,InnoTeam 2.5-M4,0,8,0,0,1,3,0,0,0,0,0,0,1,3,1,1,1.0,0.0,1.0,2.0,2.0,2.0,2.0,0.0,0.0,0.0,1.0,1.0,1.0,1.0,0.0,0.0,0.0,1.0,1.0,1.0,1.0,0.0,0.0,0.0,0.0,0.0,0.0,0.0,0.0,0.0,0.0,0.0,0.0,0.0,0.0,0.0,0.0,0.0,0.0,0.0,0.0,0.0,0.0,0.0,0.0,1.0,1.0,1.0,1.0,0.0,0.0,0.0,0.0,0.0,0.0,0.0,0.0,0.0,0.0,0.0,0.0,0.0,0.0,0.0,0.0,0.0,0.0,0.0,1.0,0.0,0.0,0.0,0.0,0.0,0.0,0.0,1.0,0.0,0.0,0.0,0.0,0.0,0.0,0.0,0.0,0.0,0.0,0.0,0.0,0.0
647,572,Fire 2.6.0-M1,0,7,1,1,1,3,0,0,0,0,0,0,2,4,1,2,3.0,0.0,1.0,0.0,5.0,2.0,1.0,2.6457513110645907,7.0,5.0,0.0,0.0,0.0,0.0,0.0,0.0,0.0,0.0,1.0,0.6666666666666666,1.0,0.5773502691896258,0.33333333333333337,1.0,0.0,0.0,0.0,0.0,0.0,0.0,0.0,0.0,0.0,0.0,0.0,0.0,0.0,0.0,0.0,0.0,0.0,0.0,0.0,0.0,0.0,1.0,3.0,2.3333333333333335,3.0,1.1547005383792515,1.3333333333333333,2.0,0.0,1.0,0.3333333333333333,0.0,0.5773502691896258,0.33333333333333337,1.0,0.0,1.0,0.6666666666666666,1.0,0.5773502691896258,0.33333333333333337,1.0,1.0,0.0,2.0,0.0,0.0,0.0,0.0,1.0,0.0,0.0,2.0,0.0,0.0,0.0,0.0,0.0,1.0,0.0,0.0,0.0,0.0,0.0,0.0,0.0
647,583,Fire 2.6.0-M2,-9,7,3,9,4,12,0,0,1,3,2,6,4,12,1,2,7.0,0.0,3.0,0.0,7.0,1.4285714285714286,1.0,2.5071326821120348,6.285714285714285,7.0,0.0,1.0,0.7142857142857143,1.0,0.48795003647426666,0.23809523809523817,1.0,1.0,2.0,1.1428571428571428,1.0,0.37796447300922725,0.14285714285714288,1.0,0.0,2.0,0.2857142857142857,0.0,0.7559289460184546,0.5714285714285716,2.0,0.0,0.0,0.0,0.0,0.0,0.0,0.0,0.0,0.0,0.0,0.0,0.0,0.0,0.0,0.0,3.0,1.0,1.0,1.1547005383792515,1.3333333333333333,3.0,0.0,1.0,0.42857142857142855,0.0,0.5345224838248487,0.28571428571428564,1.0,0.0,4.0,1.1428571428571428,1.0,1.3451854182690985,1.8095238095238095,4.0,1.0,0.0,7.0,0.0,0.0,0.0,0.0,3.0,0.0,1.0,6.0,0.0,0.0,0.0,0.0,0.0,0.0,0.0,0.0,0.0,0.0,0.0,0.0,0.0
647,587,Sprint 1,3,31,0,0,0,0,0,0,0,0,0,0,0,0,1,1,2.0,0.0,0.0,0.0,0.0,0.0,0.0,0.0,0.0,0.0,0.0,0.0,0.0,0.0,0.0,0.0,0.0,0.0,1.0,0.5,0.5,0.7071067811865476,0.5,1.0,0.0,1.0,0.5,0.5,0.7071067811865476,0.5,1.0,0.0,0.0,0.0,0.0,0.0,0.0,0.0,0.0,0.0,0.0,0.0,0.0,0.0,0.0,0.0,0.0,0.0,0.0,0.0,0.0,0.0,0.0,0.0,0.0,0.0,0.0,0.0,0.0,0.0,0.0,0.0,0.0,0.0,0.0,0.0,1.0,0.0,1.0,0.0,0.0,0.0,0.0,0.0,0.0,1.0,1.0,0.0,0.0,0.0,0.0,0.0,1.0,0.0,0.0,0.0,0.0,0.0,0.0,0.0
647,596,Fire 2.6.0-M3,0,7,3,9,0,0,0,0,0,0,1,3,2,6,1,1,3.0,0.0,1.0,0.0,1.0,0.3333333333333333,0.0,0.5773502691896258,0.33333333333333337,1.0,0.0,1.0,0.6666666666666666,1.0,0.5773502691896258,0.33333333333333337,1.0,1.0,1.0,1.0,1.0,0.0,0.0,0.0,0.0,2.0,0.6666666666666666,0.0,1.1547005383792517,1.3333333333333335,2.0,0.0,0.0,0.0,0.0,0.0,0.0,0.0,0.0,0.0,0.0,0.0,0.0,0.0,0.0,0.0,1.0,0.6666666666666666,1.0,0.5773502691896258,0.33333333333333337,1.0,0.0,1.0,0.3333333333333333,0.0,0.5773502691896258,0.33333333333333337,1.0,1.0,4.0,2.0,1.0,1.7320508075688772,3.0,3.0,0.0,0.0,3.0,0.0,0.0,0.0,0.0,2.0,0.0,0.0,3.0,0.0,0.0,0.0,0.0,0.0,0.0,0.0,0.0,0.0,0.0,0.0,0.0,0.0
647,614,Fire 2.6.0-M4,-3,13,1,3,0,0,0,0,1,3,0,0,0,0,1,1,1.0,0.0,1.0,0.0,0.0,0.0,0.0,0.0,0.0,0.0,1.0,1.0,1.0,1.0,0.0,0.0,0.0,0.0,0.0,0.0,0.0,0.0,0.0,0.0,0.0,0.0,0.0,0.0,0.0,0.0,0.0,0.0,0.0,0.0,0.0,0.0,0.0,0.0,0.0,0.0,0.0,0.0,0.0,0.0,0.0,0.0,0.0,0.0,0.0,0.0,0.0,0.0,0.0,0.0,0.0,0.0,0.0,0.0,0.0,0.0,0.0,0.0,0.0,0.0,0.0,0.0,1.0,0.0,1.0,0.0,0.0,0.0,0.0,0.0,0.0,0.0,0.0,0.0,0.0,0.0,0.0,0.0,0.0,0.0,0.0,0.0,0.0,0.0,0.0,0.0
647,619,Innovation Week 8,-3,7,1,3,0,0,0,0,0,0,1,3,0,0,1,1,1.0,0.0,0.0,0.0,0.0,0.0,0.0,0.0,0.0,0.0,0.0,0.0,0.0,0.0,0.0,0.0,0.0,0.0,0.0,0.0,0.0,0.0,0.0,0.0,1.0,1.0,1.0,1.0,0.0,0.0,0.0,0.0,0.0,0.0,0.0,0.0,0.0,0.0,0.0,0.0,0.0,0.0,0.0,0.0,0.0,0.0,0.0,0.0,0.0,0.0,0.0,0.0,0.0,0.0,0.0,0.0,0.0,0.0,0.0,0.0,0.0,0.0,0.0,0.0,0.0,0.0,1.0,0.0,0.0,0.0,0.0,0.0,0.0,0.0,0.0,0.0,0.0,0.0,0.0,0.0,0.0,0.0,1.0,0.0,0.0,0.0,0.0,0.0,0.0,0.0
647,620,Fire 2.6.0-M5 / IW8,-3,7,1,3,0,0,0,0,1,3,0,0,0,0,1,1,1.0,0.0,1.0,0.0,0.0,0.0,0.0,0.0,0.0,0.0,1.0,1.0,1.0,1.0,0.0,0.0,0.0,0.0,0.0,0.0,0.0,0.0,0.0,0.0,0.0,0.0,0.0,0.0,0.0,0.0,0.0,0.0,0.0,0.0,0.0,0.0,0.0,0.0,0.0,0.0,0.0,0.0,0.0,0.0,0.0,0.0,0.0,0.0,0.0,0.0,0.0,0.0,0.0,0.0,0.0,0.0,0.0,0.0,0.0,0.0,0.0,0.0,0.0,0.0,0.0,0.0,1.0,0.0,1.0,0.0,0.0,0.0,0.0,0.0,0.0,0.0,0.0,0.0,0.0,0.0,0.0,0.0,0.0,0.0,0.0,0.0,0.0,0.0,0.0,0.0
647,629,Fire 2.7.0-M1,-3,7,1,3,0,0,0,0,1,3,0,0,0,0,1,1,1.0,0.0,1.0,0.0,0.0,0.0,0.0,0.0,0.0,0.0,1.0,1.0,1.0,1.0,0.0,0.0,0.0,0.0,0.0,0.0,0.0,0.0,0.0,0.0,0.0,0.0,0.0,0.0,0.0,0.0,0.0,0.0,0.0,0.0,0.0,0.0,0.0,0.0,0.0,0.0,0.0,0.0,0.0,0.0,0.0,0.0,0.0,0.0,0.0,0.0,0.0,0.0,0.0,0.0,0.0,0.0,0.0,0.0,0.0,0.0,0.0,0.0,0.0,0.0,0.0,0.0,1.0,0.0,1.0,0.0,0.0,0.0,0.0,0.0,0.0,0.0,0.0,0.0,0.0,0.0,0.0,0.0,0.0,0.0,0.0,0.0,0.0,0.0,0.0,0.0
647,643,Fire 2.7.0-M2,0,7,0,0,1,3,0,0,0,0,0,0,1,3,1,1,1.0,0.0,0.0,2.0,2.0,2.0,2.0,0.0,0.0,0.0,0.0,0.0,0.0,0.0,0.0,0.0,0.0,1.0,1.0,1.0,1.0,0.0,0.0,0.0,0.0,0.0,0.0,0.0,0.0,0.0,0.0,0.0,0.0,0.0,0.0,0.0,0.0,0.0,0.0,0.0,0.0,0.0,0.0,0.0,0.0,2.0,2.0,2.0,2.0,0.0,0.0,0.0,1.0,1.0,1.0,1.0,0.0,0.0,0.0,1.0,1.0,1.0,1.0,0.0,0.0,0.0,1.0,0.0,0.0,0.0,0.0,0.0,0.0,0.0,0.0,0.0,0.0,0.0,0.0,0.0,0.0,0.0,1.0,0.0,0.0,0.0,0.0,0.0,0.0,0.0
647,654,Fire 2.7-M3,-3,6,2,6,2,6,1,3,0,0,3,9,0,0,1,2,6.0,1.0,2.0,0.0,11.0,2.5,1.0,4.230839160261236,17.9,11.0,0.0,2.0,0.6666666666666666,0.5,0.816496580927726,0.6666666666666667,2.0,0.0,1.0,0.3333333333333333,0.0,0.5163977794943223,0.2666666666666667,1.0,0.0,2.0,0.8333333333333334,1.0,0.752772652709081,0.5666666666666667,2.0,0.0,0.0,0.0,0.0,0.0,0.0,0.0,0.0,0.0,0.0,0.0,0.0,0.0,0.0,0.0,1.0,0.16666666666666666,0.0,0.408248290463863,0.16666666666666669,1.0,0.0,3.0,0.8333333333333334,0.5,1.1690451944500122,1.3666666666666667,3.0,0.0,4.0,1.1666666666666667,0.5,1.602081978759722,2.5666666666666664,4.0,0.0,0.0,3.0,0.0,0.0,0.0,0.0,2.0,0.0,0.0,6.0,0.0,0.0,0.0,0.0,0.0,2.0,0.0,0.0,0.0,0.0,0.0,0.0,0.0
647,663,Enterprise 2.7-M3,0,13,1,3,0,0,0,0,1,3,0,0,0,0,1,1,1.0,0.0,0.0,3.0,3.0,3.0,3.0,0.0,0.0,0.0,0.0,0.0,0.0,0.0,0.0,0.0,0.0,1.0,1.0,1.0,1.0,0.0,0.0,0.0,2.0,2.0,2.0,2.0,0.0,0.0,0.0,0.0,0.0,0.0,0.0,0.0,0.0,0.0,0.0,0.0,0.0,0.0,0.0,0.0,0.0,0.0,0.0,0.0,0.0,0.0,0.0,0.0,0.0,0.0,0.0,0.0,0.0,0.0,0.0,2.0,2.0,2.0,2.0,0.0,0.0,0.0,1.0,0.0,0.0,0.0,0.0,0.0,0.0,0.0,0.0,0.0,0.0,0.0,0.0,0.0,0.0,0.0,1.0,0.0,0.0,0.0,0.0,0.0,0.0,0.0
647,672,Fire 2.7-M4,0,7,2,6,0,0,0,0,0,0,0,0,2,6,1,2,4.0,1.0,0.0,0.0,3.0,1.25,1.0,1.5,2.25,3.0,0.0,2.0,1.0,1.0,0.816496580927726,0.6666666666666666,2.0,0.0,2.0,0.75,0.5,0.9574271077563381,0.9166666666666666,2.0,0.0,3.0,1.25,1.0,1.2583057392117916,1.5833333333333333,3.0,0.0,0.0,0.0,0.0,0.0,0.0,0.0,0.0,0.0,0.0,0.0,0.0,0.0,0.0,0.0,1.0,0.5,0.5,0.5773502691896257,0.3333333333333333,1.0,0.0,3.0,1.0,0.5,1.4142135623730951,2.0,3.0,0.0,2.0,0.5,0.0,1.0,1.0,2.0,1.0,0.0,2.0,0.0,0.0,0.0,0.0,3.0,0.0,0.0,3.0,0.0,0.0,0.0,0.0,0.0,1.0,0.0,0.0,0.0,0.0,0.0,0.0,0.0
647,677,Blue 2.7-M4,-3,7,1,3,0,0,0,0,1,3,0,0,0,0,1,1,1.0,0.0,0.0,0.0,0.0,0.0,0.0,0.0,0.0,0.0,0.0,0.0,0.0,0.0,0.0,0.0,0.0,0.0,0.0,0.0,0.0,0.0,0.0,0.0,1.0,1.0,1.0,1.0,0.0,0.0,0.0,0.0,0.0,0.0,0.0,0.0,0.0,0.0,0.0,0.0,0.0,0.0,0.0,0.0,0.0,0.0,0.0,0.0,0.0,0.0,0.0,0.0,0.0,0.0,0.0,0.0,0.0,0.0,0.0,0.0,0.0,0.0,0.0,0.0,0.0,0.0,1.0,0.0,0.0,0.0,0.0,0.0,0.0,0.0,0.0,0.0,0.0,0.0,0.0,0.0,0.0,0.0,1.0,0.0,0.0,0.0,0.0,0.0,0.0,0.0
647,682,Fire 2.8-M1,-3,7,2,6,1,3,0,0,1,3,1,3,1,3,1,2,3.0,0.0,0.0,0.0,4.0,2.3333333333333335,3.0,2.081665999466133,4.333333333333334,4.0,0.0,1.0,0.6666666666666666,1.0,0.5773502691896258,0.33333333333333337,1.0,1.0,2.0,1.3333333333333333,1.0,0.5773502691896257,0.3333333333333333,1.0,0.0,3.0,1.3333333333333333,1.0,1.5275252316519468,2.3333333333333335,3.0,0.0,0.0,0.0,0.0,0.0,0.0,0.0,0.0,0.0,0.0,0.0,0.0,0.0,0.0,0.0,0.0,0.0,0.0,0.0,0.0,0.0,0.0,0.0,0.0,0.0,0.0,0.0,0.0,0.0,1.0,0.3333333333333333,0.0,0.5773502691896258,0.33333333333333337,1.0,1.0,0.0,3.0,0.0,0.0,0.0,0.0,1.0,0.0,1.0,2.0,0.0,0.0,1.0,0.0,0.0,0.0,0.0,0.0,0.0,0.0,0.0,0.0,0.0
647,683,Blue 2.8-M1,-3,7,1,3,0,0,0,0,1,3,0,0,0,0,1,1,1.0,0.0,0.0,0.0,0.0,0.0,0.0,0.0,0.0,0.0,0.0,0.0,0.0,0.0,0.0,0.0,0.0,0.0,0.0,0.0,0.0,0.0,0.0,0.0,1.0,1.0,1.0,1.0,0.0,0.0,0.0,0.0,0.0,0.0,0.0,0.0,0.0,0.0,0.0,0.0,0.0,0.0,0.0,0.0,0.0,0.0,0.0,0.0,0.0,0.0,0.0,0.0,0.0,0.0,0.0,0.0,0.0,0.0,0.0,0.0,0.0,0.0,0.0,0.0,0.0,0.0,1.0,0.0,0.0,0.0,0.0,0.0,0.0,0.0,0.0,0.0,0.0,0.0,0.0,0.0,0.0,0.0,1.0,0.0,0.0,0.0,0.0,0.0,0.0,0.0
647,687,Enterprise 2.8-M1,0,6,2,6,0,0,0,0,1,3,0,0,1,3,1,1,3.0,0.0,0.0,0.0,9.0,4.0,3.0,4.58257569495584,21.0,9.0,0.0,3.0,1.0,0.0,1.7320508075688772,3.0,3.0,0.0,2.0,1.0,1.0,1.0,1.0,2.0,0.0,1.0,0.6666666666666666,1.0,0.5773502691896258,0.33333333333333337,1.0,0.0,0.0,0.0,0.0,0.0,0.0,0.0,0.0,0.0,0.0,0.0,0.0,0.0,0.0,0.0,1.0,0.3333333333333333,0.0,0.5773502691896258,0.33333333333333337,1.0,0.0,0.0,0.0,0.0,0.0,0.0,0.0,0.0,0.0,0.0,0.0,0.0,0.0,0.0,0.0,0.0,1.0,0.0,0.0,0.0,0.0,1.0,0.0,0.0,3.0,0.0,0.0,0.0,0.0,0.0,2.0,0.0,0.0,0.0,0.0,0.0,0.0,0.0
647,747,Fire 2.8-M2,-3,7,1,3,1,3,0,0,1,3,0,0,1,3,1,1,2.0,0.0,0.0,0.0,3.0,1.5,1.5,2.1213203435596424,4.5,3.0,0.0,1.0,0.5,0.5,0.7071067811865476,0.5,1.0,1.0,1.0,1.0,1.0,0.0,0.0,0.0,0.0,1.0,0.5,0.5,0.7071067811865476,0.5,1.0,0.0,0.0,0.0,0.0,0.0,0.0,0.0,0.0,0.0,0.0,0.0,0.0,0.0,0.0,0.0,0.0,0.0,0.0,0.0,0.0,0.0,0.0,0.0,0.0,0.0,0.0,0.0,0.0,0.0,1.0,0.5,0.5,0.7071067811865476,0.5,1.0,1.0,0.0,2.0,0.0,0.0,0.0,0.0,0.0,1.0,1.0,1.0,0.0,0.0,0.0,0.0,0.0,0.0,0.0,0.0,0.0,0.0,0.0,0.0,0.0
647,774,Enterprise 2.8-M2,-9,6,1,3,2,6,0,0,2,6,1,3,0,0,1,1,3.0,0.0,2.0,0.0,3.0,1.0,0.0,1.7320508075688772,3.0,3.0,0.0,1.0,0.3333333333333333,0.0,0.5773502691896258,0.33333333333333337,1.0,0.0,1.0,0.6666666666666666,1.0,0.5773502691896258,0.33333333333333337,1.0,0.0,1.0,0.3333333333333333,0.0,0.5773502691896258,0.33333333333333337,1.0,0.0,0.0,0.0,0.0,0.0,0.0,0.0,0.0,0.0,0.0,0.0,0.0,0.0,0.0,0.0,0.0,0.0,0.0,0.0,0.0,0.0,0.0,0.0,0.0,0.0,0.0,0.0,0.0,0.0,1.0,0.3333333333333333,0.0,0.5773502691896258,0.33333333333333337,1.0,1.0,0.0,2.0,0.0,0.0,0.0,0.0,0.0,0.0,0.0,2.0,0.0,0.0,0.0,0.0,0.0,1.0,0.0,0.0,0.0,0.0,0.0,0.0,0.0
647,787,Enterprise 2.8-M3,-9,7,3,9,0,0,0,0,1,3,2,6,0,0,1,2,3.0,0.0,2.0,0.0,3.0,1.0,0.0,1.7320508075688772,3.0,3.0,0.0,1.0,0.3333333333333333,0.0,0.5773502691896258,0.33333333333333337,1.0,0.0,1.0,0.6666666666666666,1.0,0.5773502691896258,0.33333333333333337,1.0,0.0,1.0,0.3333333333333333,0.0,0.5773502691896258,0.33333333333333337,1.0,0.0,0.0,0.0,0.0,0.0,0.0,0.0,0.0,0.0,0.0,0.0,0.0,0.0,0.0,0.0,0.0,0.0,0.0,0.0,0.0,0.0,0.0,0.0,0.0,0.0,0.0,0.0,0.0,0.0,1.0,0.3333333333333333,0.0,0.5773502691896258,0.33333333333333337,1.0,1.0,0.0,2.0,0.0,0.0,0.0,0.0,0.0,0.0,0.0,2.0,0.0,0.0,0.0,0.0,0.0,1.0,0.0,0.0,0.0,0.0,0.0,0.0,0.0
647,803,Enterprise 2.8-M4,-3,7,3,9,0,0,0,0,1,3,0,0,2,6,1,3,3.0,0.0,2.0,0.0,3.0,1.0,0.0,1.7320508075688772,3.0,3.0,0.0,1.0,0.3333333333333333,0.0,0.5773502691896258,0.33333333333333337,1.0,0.0,1.0,0.6666666666666666,1.0,0.5773502691896258,0.33333333333333337,1.0,0.0,1.0,0.3333333333333333,0.0,0.5773502691896258,0.33333333333333337,1.0,0.0,0.0,0.0,0.0,0.0,0.0,0.0,0.0,0.0,0.0,0.0,0.0,0.0,0.0,0.0,1.0,0.6666666666666666,1.0,0.5773502691896258,0.33333333333333337,1.0,0.0,0.0,0.0,0.0,0.0,0.0,0.0,0.0,1.0,0.3333333333333333,0.0,0.5773502691896258,0.33333333333333337,1.0,1.0,0.0,2.0,0.0,0.0,0.0,0.0,0.0,0.0,0.0,2.0,0.0,0.0,0.0,0.0,0.0,1.0,0.0,0.0,0.0,0.0,0.0,0.0,0.0
647,818,Enterprise 2.8-M5,-3,7,1,3,0,0,0,0,1,3,0,0,0,0,1,1,1.0,0.0,0.0,3.0,3.0,3.0,3.0,0.0,0.0,0.0,0.0,0.0,0.0,0.0,0.0,0.0,0.0,0.0,0.0,0.0,0.0,0.0,0.0,0.0,1.0,1.0,1.0,1.0,0.0,0.0,0.0,0.0,0.0,0.0,0.0,0.0,0.0,0.0,0.0,0.0,0.0,0.0,0.0,0.0,0.0,0.0,0.0,0.0,0.0,0.0,0.0,0.0,0.0,0.0,0.0,0.0,0.0,0.0,0.0,0.0,0.0,0.0,0.0,0.0,0.0,0.0,0.0,0.0,0.0,0.0,0.0,0.0,0.0,0.0,0.0,0.0,1.0,0.0,0.0,0.0,0.0,0.0,1.0,0.0,0.0,0.0,0.0,0.0,0.0,0.0
647,835,Enterprise 2.8-M6,-3,4,1,3,1,3,0,0,0,0,2,6,0,0,1,2,2.0,0.0,0.0,0.0,3.0,1.5,1.5,2.1213203435596424,4.5,3.0,0.0,2.0,1.0,1.0,1.4142135623730951,2.0,2.0,0.0,3.0,1.5,1.5,2.1213203435596424,4.5,3.0,1.0,1.0,1.0,1.0,0.0,0.0,0.0,0.0,0.0,0.0,0.0,0.0,0.0,0.0,0.0,0.0,0.0,0.0,0.0,0.0,0.0,0.0,0.0,0.0,0.0,0.0,0.0,0.0,0.0,1.0,0.5,0.5,0.7071067811865476,0.5,1.0,0.0,1.0,0.5,0.5,0.7071067811865476,0.5,1.0,0.0,0.0,1.0,0.0,0.0,0.0,0.0,1.0,0.0,0.0,2.0,0.0,0.0,0.0,0.0,0.0,1.0,0.0,0.0,0.0,0.0,0.0,0.0,0.0
647,851,Fire 2.8 Dev Speed Week,3,5,0,0,0,0,0,0,0,0,0,0,0,0,1,1,1.0,0.0,0.0,0.0,0.0,0.0,0.0,0.0,0.0,0.0,0.0,0.0,0.0,0.0,0.0,0.0,0.0,0.0,0.0,0.0,0.0,0.0,0.0,0.0,0.0,0.0,0.0,0.0,0.0,0.0,0.0,0.0,0.0,0.0,0.0,0.0,0.0,0.0,0.0,0.0,0.0,0.0,0.0,0.0,0.0,0.0,0.0,0.0,0.0,0.0,0.0,0.0,0.0,0.0,0.0,0.0,0.0,0.0,0.0,0.0,0.0,0.0,0.0,0.0,0.0,0.0,0.0,0.0,0.0,0.0,0.0,0.0,0.0,0.0,0.0,0.0,1.0,0.0,0.0,0.0,0.0,0.0,1.0,0.0,0.0,0.0,0.0,0.0,0.0,0.0
647,882,Fire 2.9-M1,0,7,1,3,1,3,0,0,0,0,1,3,1,3,1,1,2.0,0.0,1.0,0.0,0.0,0.0,0.0,0.0,0.0,0.0,0.0,2.0,1.0,1.0,1.4142135623730951,2.0,2.0,0.0,4.0,2.0,2.0,2.8284271247461903,8.0,4.0,0.0,0.0,0.0,0.0,0.0,0.0,0.0,0.0,0.0,0.0,0.0,0.0,0.0,0.0,0.0,0.0,0.0,0.0,0.0,0.0,0.0,0.0,4.0,2.0,2.0,2.8284271247461903,8.0,4.0,0.0,0.0,0.0,0.0,0.0,0.0,0.0,0.0,0.0,0.0,0.0,0.0,0.0,0.0,1.0,0.0,1.0,0.0,0.0,0.0,0.0,0.0,0.0,0.0,1.0,0.0,0.0,0.0,0.0,0.0,1.0,0.0,0.0,0.0,0.0,0.0,0.0,0.0
647,885,Enterprise 2.9-M1,-9,6,0,0,3,9,0,0,2,6,1,3,0,0,1,2,4.0,0.0,1.0,0.0,6.0,3.0,3.0,3.4641016151377544,12.0,6.0,0.0,0.0,0.0,0.0,0.0,0.0,0.0,0.0,2.0,0.75,0.5,0.9574271077563381,0.9166666666666666,2.0,0.0,1.0,0.25,0.0,0.5,0.25,1.0,0.0,0.0,0.0,0.0,0.0,0.0,0.0,0.0,0.0,0.0,0.0,0.0,0.0,0.0,0.0,0.0,0.0,0.0,0.0,0.0,0.0,0.0,0.0,0.0,0.0,0.0,0.0,0.0,0.0,1.0,0.25,0.0,0.5,0.25,1.0,1.0,0.0,2.0,0.0,0.0,0.0,0.0,0.0,0.0,1.0,3.0,0.0,0.0,0.0,0.0,0.0,2.0,0.0,0.0,0.0,0.0,0.0,0.0,0.0
647,893,Fire 2.9-M2,9,7,0,0,1,3,0,0,1,3,0,0,0,0,1,1,7.0,0.0,5.0,0.0,3.0,1.1428571428571428,1.0,1.3451854182690985,1.8095238095238093,3.0,1.0,2.0,1.1428571428571428,1.0,0.3779644730092273,0.1428571428571429,1.0,1.0,1.0,1.0,1.0,0.0,0.0,0.0,0.0,1.0,0.2857142857142857,0.0,0.48795003647426666,0.23809523809523814,1.0,0.0,0.0,0.0,0.0,0.0,0.0,0.0,0.0,0.0,0.0,0.0,0.0,0.0,0.0,0.0,1.0,0.14285714285714285,0.0,0.37796447300922725,0.14285714285714288,1.0,0.0,1.0,0.2857142857142857,0.0,0.48795003647426666,0.23809523809523814,1.0,0.0,12.0,2.5714285714285716,1.0,4.197504927816955,17.619047619047624,12.0,1.0,0.0,7.0,0.0,0.0,0.0,0.0,1.0,1.0,0.0,6.0,0.0,0.0,0.0,0.0,0.0,0.0,0.0,0.0,0.0,0.0,0.0,0.0,0.0
647,897,Enterprise 2.9-M2,-12,6,6,18,0,0,2,6,2,6,2,6,0,0,1,2,6.0,0.0,2.0,0.0,6.0,2.5,1.5,2.8106938645110393,7.9,6.0,0.0,1.0,0.3333333333333333,0.0,0.5163977794943223,0.2666666666666667,1.0,0.0,2.0,0.6666666666666666,0.5,0.816496580927726,0.6666666666666667,2.0,0.0,2.0,0.5,0.0,0.8366600265340756,0.7,2.0,0.0,0.0,0.0,0.0,0.0,0.0,0.0,0.0,0.0,0.0,0.0,0.0,0.0,0.0,0.0,1.0,0.16666666666666666,0.0,0.408248290463863,0.16666666666666669,1.0,0.0,0.0,0.0,0.0,0.0,0.0,0.0,0.0,2.0,0.5,0.0,0.8366600265340756,0.7,2.0,1.0,0.0,4.0,0.0,0.0,0.0,0.0,1.0,0.0,1.0,5.0,0.0,0.0,0.0,0.0,0.0,2.0,0.0,0.0,0.0,0.0,0.0,0.0,0.0
647,909,Sprint 29,-3,43,0,0,1,3,0,0,1,3,0,0,0,0,1,1,1.0,0.0,1.0,0.0,0.0,0.0,0.0,0.0,0.0,0.0,0.0,0.0,0.0,0.0,0.0,0.0,0.0,0.0,0.0,0.0,0.0,0.0,0.0,0.0,0.0,0.0,0.0,0.0,0.0,0.0,0.0,0.0,0.0,0.0,0.0,0.0,0.0,0.0,0.0,0.0,0.0,0.0,0.0,0.0,0.0,1.0,1.0,1.0,1.0,0.0,0.0,0.0,0.0,0.0,0.0,0.0,0.0,0.0,0.0,1.0,1.0,1.0,1.0,0.0,0.0,0.0,0.0,0.0,1.0,0.0,0.0,0.0,0.0,0.0,0.0,0.0,1.0,0.0,0.0,0.0,0.0,0.0,0.0,0.0,0.0,0.0,0.0,0.0,0.0,0.0
647,910,Fire 2.9-M3,3,7,3,9,2,6,0,0,0,0,2,6,3,9,1,2,7.0,0.0,3.0,0.0,4.0,1.5714285714285714,2.0,1.618347187425374,2.619047619047619,4.0,1.0,2.0,1.1428571428571428,1.0,0.3779644730092273,0.1428571428571429,1.0,1.0,2.0,1.2857142857142858,1.0,0.48795003647426666,0.23809523809523814,1.0,0.0,1.0,0.14285714285714285,0.0,0.3779644730092273,0.1428571428571429,1.0,0.0,0.0,0.0,0.0,0.0,0.0,0.0,0.0,0.0,0.0,0.0,0.0,0.0,0.0,0.0,3.0,0.8571428571428571,1.0,1.0690449676496974,1.1428571428571426,3.0,0.0,1.0,0.2857142857142857,0.0,0.48795003647426666,0.23809523809523814,1.0,0.0,12.0,2.4285714285714284,1.0,4.3149794459588815,18.619047619047617,12.0,3.0,0.0,7.0,0.0,0.0,0.0,0.0,4.0,0.0,0.0,4.0,0.0,0.0,0.0,0.0,0.0,0.0,0.0,0.0,0.0,0.0,0.0,0.0,0.0
647,913,Enterprise 2.9-M3,0,6,4,12,1,3,0,0,0,0,2,6,3,9,1,4,5.0,0.0,2.0,0.0,14.0,3.4,1.0,5.9833101206606365,35.8,14.0,0.0,1.0,0.2,0.0,0.44721359549995804,0.20000000000000007,1.0,0.0,2.0,0.8,1.0,0.8366600265340756,0.7000000000000001,2.0,0.0,2.0,0.6,0.0,0.8944271909999157,0.7999999999999998,2.0,0.0,0.0,0.0,0.0,0.0,0.0,0.0,0.0,0.0,0.0,0.0,0.0,0.0,0.0,0.0,3.0,1.0,1.0,1.224744871391589,1.5,3.0,0.0,0.0,0.0,0.0,0.0,0.0,0.0,0.0,2.0,1.0,1.0,1.0,1.0,2.0,1.0,0.0,4.0,0.0,0.0,0.0,0.0,1.0,0.0,1.0,4.0,0.0,0.0,0.0,0.0,0.0,1.0,0.0,0.0,0.0,0.0,0.0,0.0,0.0
647,942,Fire 2.9-M5,0,7,0,0,0,0,0,0,0,0,0,0,0,0,1,1,1.0,0.0,0.0,0.0,0.0,0.0,0.0,0.0,0.0,0.0,0.0,0.0,0.0,0.0,0.0,0.0,0.0,0.0,0.0,0.0,0.0,0.0,0.0,0.0,0.0,0.0,0.0,0.0,0.0,0.0,0.0,0.0,0.0,0.0,0.0,0.0,0.0,0.0,0.0,0.0,0.0,0.0,0.0,0.0,0.0,0.0,0.0,0.0,0.0,0.0,0.0,0.0,0.0,0.0,0.0,0.0,0.0,0.0,0.0,1.0,1.0,1.0,1.0,0.0,0.0,0.0,0.0,0.0,0.0,0.0,0.0,0.0,0.0,0.0,0.0,0.0,1.0,0.0,0.0,0.0,0.0,0.0,1.0,0.0,0.0,0.0,0.0,0.0,0.0,0.0
647,958,Fire 2.10-M1,-12,6,4,12,6,18,3,9,7,21,0,0,0,0,1,6,10.0,0.0,5.0,0.0,6.0,1.8,0.0,2.573367875415838,6.622222222222224,6.0,0.0,2.0,0.8,1.0,0.6324555320336759,0.4000000000000001,2.0,0.0,1.0,0.9,1.0,0.31622776601683794,0.10000000000000002,1.0,0.0,2.0,0.3,0.0,0.6749485577105528,0.4555555555555555,2.0,0.0,0.0,0.0,0.0,0.0,0.0,0.0,0.0,0.0,0.0,0.0,0.0,0.0,0.0,0.0,2.0,0.7,0.5,0.8232726023485646,0.6777777777777778,2.0,0.0,2.0,0.4,0.0,0.8432740427115679,0.7111111111111114,2.0,0.0,3.0,0.5,0.0,0.97182531580755,0.9444444444444444,3.0,6.0,0.0,9.0,0.0,0.0,0.0,0.0,2.0,0.0,2.0,4.0,0.0,0.0,0.0,0.0,0.0,1.0,0.0,0.0,0.0,0.0,0.0,0.0,0.0
647,959,Enterprise 2.10-M1,-15,6,0,0,7,21,0,0,5,15,0,0,2,6,1,2,7.0,0.0,0.0,0.0,12.0,3.2857142857142856,0.0,4.715728494951256,22.23809523809524,12.0,0.0,1.0,0.7142857142857143,1.0,0.48795003647426666,0.23809523809523817,1.0,0.0,1.0,0.7142857142857143,1.0,0.48795003647426666,0.23809523809523817,1.0,0.0,1.0,0.14285714285714285,0.0,0.37796447300922725,0.14285714285714288,1.0,0.0,0.0,0.0,0.0,0.0,0.0,0.0,0.0,0.0,0.0,0.0,0.0,0.0,0.0,0.0,2.0,0.42857142857142855,0.0,0.7867957924694431,0.619047619047619,2.0,0.0,2.0,0.2857142857142857,0.0,0.7559289460184545,0.5714285714285715,2.0,0.0,3.0,1.0,0.0,1.4142135623730951,2.0,3.0,1.0,0.0,5.0,0.0,0.0,0.0,0.0,3.0,0.0,2.0,6.0,0.0,0.0,0.0,0.0,0.0,2.0,0.0,0.0,0.0,0.0,0.0,0.0,0.0
647,961,Fire 2.10-M2,-9,14,16,48,2,6,0,0,6,18,4,12,8,24,1,9,22.0,0.0,7.0,0.0,11.0,2.6818181818181817,1.5,3.122672293258172,9.751082251082252,11.0,0.0,2.0,0.5454545454545454,0.0,0.6709817063202619,0.45021645021645024,2.0,0.0,2.0,0.5454545454545454,0.5,0.5958006000151015,0.3549783549783549,2.0,0.0,9.0,0.6818181818181818,0.0,1.9367710889731522,3.75108225108225,9.0,0.0,0.0,0.0,0.0,0.0,0.0,0.0,0.0,0.0,0.0,0.0,0.0,0.0,0.0,0.0,3.0,0.3181818181818182,0.0,0.7162311170195085,0.5129870129870129,3.0,0.0,3.0,0.45454545454545453,0.0,0.8004327833694972,0.6406926406926404,3.0,0.0,4.0,1.0454545454545454,1.0,1.1329385612423049,1.2835497835497836,4.0,8.0,0.0,14.0,0.0,0.0,0.0,0.0,5.0,0.0,1.0,14.0,0.0,0.0,1.0,0.0,0.0,8.0,0.0,0.0,0.0,0.0,0.0,0.0,0.0
647,976,Enterprise 2.10-M2,-6,13,5,15,0,0,0,0,2,6,1,3,2,6,1,2,6.0,0.0,1.0,0.0,21.0,5.166666666666667,1.5,8.183316361150085,66.96666666666667,21.0,0.0,1.0,0.5,0.5,0.5477225575051661,0.3,1.0,0.0,1.0,0.6666666666666666,1.0,0.5163977794943223,0.2666666666666667,1.0,0.0,0.0,0.0,0.0,0.0,0.0,0.0,0.0,0.0,0.0,0.0,0.0,0.0,0.0,0.0,0.0,0.0,0.0,0.0,0.0,0.0,0.0,1.0,0.3333333333333333,0.0,0.5163977794943223,0.2666666666666667,1.0,0.0,0.0,0.0,0.0,0.0,0.0,0.0,0.0,3.0,1.0,0.0,1.5491933384829668,2.4,3.0,2.0,0.0,4.0,0.0,0.0,0.0,0.0,3.0,0.0,0.0,4.0,0.0,0.0,0.0,0.0,0.0,2.0,0.0,0.0,0.0,0.0,0.0,0.0,0.0
647,1009,Magenta 2.10-M4,-15,7,7,21,1,3,0,0,4,12,2,6,2,6,1,7,8.0,0.0,1.0,0.0,12.0,4.25,1.5,5.257647491307984,27.642857142857142,12.0,0.0,1.0,0.5,0.5,0.5345224838248488,0.2857142857142857,1.0,0.0,1.0,0.5,0.5,0.5345224838248488,0.2857142857142857,1.0,0.0,1.0,0.25,0.0,0.4629100498862757,0.21428571428571427,1.0,0.0,0.0,0.0,0.0,0.0,0.0,0.0,0.0,0.0,0.0,0.0,0.0,0.0,0.0,0.0,1.0,0.25,0.0,0.4629100498862757,0.21428571428571427,1.0,0.0,3.0,0.875,1.0,0.9910312089651149,0.9821428571428571,3.0,0.0,5.0,2.125,2.0,1.807721533549109,3.267857142857143,5.0,4.0,0.0,6.0,0.0,0.0,0.0,0.0,4.0,0.0,1.0,4.0,0.0,0.0,0.0,0.0,0.0,2.0,0.0,0.0,0.0,0.0,0.0,0.0,0.0
647,1029,Galaxy - Sprint 14,0,14,0,0,0,0,0,0,0,0,0,0,0,0,1,1,1.0,0.0,0.0,1.0,1.0,1.0,1.0,0.0,0.0,0.0,1.0,1.0,1.0,1.0,0.0,0.0,0.0,1.0,1.0,1.0,1.0,0.0,0.0,0.0,2.0,2.0,2.0,2.0,0.0,0.0,0.0,0.0,0.0,0.0,0.0,0.0,0.0,0.0,0.0,0.0,0.0,0.0,0.0,0.0,0.0,0.0,0.0,0.0,0.0,0.0,0.0,0.0,1.0,1.0,1.0,1.0,0.0,0.0,0.0,3.0,3.0,3.0,3.0,0.0,0.0,0.0,0.0,0.0,1.0,0.0,0.0,0.0,0.0,1.0,0.0,0.0,1.0,0.0,0.0,0.0,0.0,0.0,0.0,0.0,0.0,0.0,0.0,0.0,0.0,0.0
647,1031,Fire 2.11-XMNY2013,-9,14,3,9,1,3,0,0,3,9,0,0,1,3,1,2,5.0,0.0,0.0,0.0,12.0,2.4,0.0,5.366563145999495,28.8,12.0,0.0,1.0,0.8,1.0,0.44721359549995804,0.20000000000000007,1.0,0.0,1.0,0.6,1.0,0.5477225575051662,0.30000000000000004,1.0,0.0,1.0,0.2,0.0,0.44721359549995804,0.20000000000000007,1.0,0.0,0.0,0.0,0.0,0.0,0.0,0.0,0.0,0.0,0.0,0.0,0.0,0.0,0.0,0.0,1.0,0.2,0.0,0.447213595499958,0.20000000000000004,1.0,0.0,1.0,0.6,1.0,0.5477225575051662,0.30000000000000004,1.0,0.0,5.0,1.8,2.0,2.04939015319192,4.200000000000001,5.0,2.0,0.0,4.0,0.0,0.0,0.0,0.0,4.0,0.0,0.0,3.0,0.0,0.0,0.0,0.0,0.0,1.0,0.0,0.0,0.0,0.0,0.0,0.0,0.0
647,1032,Fire 2.11-M1,-12,6,3,9,2,6,0,0,3,9,1,3,1,3,1,5,6.0,0.0,0.0,0.0,12.0,3.6666666666666665,2.5,4.589843860815602,21.06666666666667,12.0,0.0,1.0,0.3333333333333333,0.0,0.5163977794943223,0.2666666666666667,1.0,0.0,1.0,0.3333333333333333,0.0,0.5163977794943223,0.2666666666666667,1.0,0.0,5.0,1.1666666666666667,0.5,1.9407902170679516,3.7666666666666666,5.0,0.0,0.0,0.0,0.0,0.0,0.0,0.0,0.0,0.0,0.0,0.0,0.0,0.0,0.0,0.0,3.0,0.5,0.0,1.224744871391589,1.5,3.0,0.0,1.0,0.3333333333333333,0.0,0.5163977794943223,0.2666666666666667,1.0,0.0,5.0,1.6666666666666667,1.5,1.8618986725025255,3.4666666666666663,5.0,3.0,0.0,2.0,0.0,0.0,0.0,0.0,2.0,0.0,0.0,3.0,0.0,0.0,0.0,0.0,0.0,4.0,0.0,0.0,0.0,0.0,0.0,0.0,0.0
647,1055,Enterprise 2.11-M1,-6,7,2,6,1,3,1,3,2,6,0,0,0,0,1,2,3.0,0.0,1.0,0.0,2.0,1.0,1.0,1.0,1.0,2.0,0.0,0.0,0.0,0.0,0.0,0.0,0.0,0.0,1.0,0.3333333333333333,0.0,0.5773502691896258,0.33333333333333337,1.0,0.0,0.0,0.0,0.0,0.0,0.0,0.0,0.0,0.0,0.0,0.0,0.0,0.0,0.0,0.0,0.0,0.0,0.0,0.0,0.0,0.0,0.0,0.0,0.0,0.0,0.0,0.0,0.0,0.0,1.0,0.3333333333333333,0.0,0.5773502691896258,0.33333333333333337,1.0,0.0,3.0,1.0,0.0,1.7320508075688772,3.0,3.0,1.0,0.0,1.0,0.0,0.0,0.0,0.0,0.0,0.0,0.0,2.0,0.0,0.0,0.0,0.0,0.0,2.0,0.0,0.0,0.0,0.0,0.0,0.0,0.0
647,1061,Fire 2.11-M2,0,7,4,12,0,0,1,3,3,9,0,0,0,0,1,6,4.0,0.0,0.0,1.0,15.0,5.75,3.5,6.601767440112787,43.583333333333336,14.0,0.0,1.0,0.25,0.0,0.5,0.25,1.0,0.0,0.0,0.0,0.0,0.0,0.0,0.0,0.0,5.0,1.5,0.5,2.3804761428476167,5.666666666666667,5.0,0.0,0.0,0.0,0.0,0.0,0.0,0.0,0.0,0.0,0.0,0.0,0.0,0.0,0.0,0.0,1.0,0.5,0.5,0.5773502691896257,0.3333333333333333,1.0,0.0,1.0,0.25,0.0,0.5,0.25,1.0,0.0,5.0,2.0,1.5,2.160246899469287,4.666666666666667,5.0,1.0,0.0,1.0,0.0,0.0,0.0,0.0,1.0,0.0,0.0,3.0,0.0,0.0,0.0,0.0,0.0,3.0,0.0,0.0,0.0,0.0,0.0,0.0,0.0
647,1066,Enterprise 2.11-M2,-9,7,2,6,1,3,0,0,2,6,1,3,0,0,1,2,3.0,0.0,1.0,1.0,2.0,1.3333333333333333,1.0,0.5773502691896257,0.3333333333333333,1.0,0.0,0.0,0.0,0.0,0.0,0.0,0.0,0.0,1.0,0.3333333333333333,0.0,0.5773502691896258,0.33333333333333337,1.0,0.0,1.0,0.3333333333333333,0.0,0.5773502691896258,0.33333333333333337,1.0,0.0,0.0,0.0,0.0,0.0,0.0,0.0,0.0,0.0,0.0,0.0,0.0,0.0,0.0,0.0,0.0,0.0,0.0,0.0,0.0,0.0,0.0,1.0,0.3333333333333333,0.0,0.5773502691896258,0.33333333333333337,1.0,0.0,3.0,1.0,0.0,1.7320508075688772,3.0,3.0,2.0,0.0,1.0,0.0,0.0,0.0,0.0,0.0,0.0,0.0,1.0,0.0,0.0,0.0,0.0,0.0,2.0,0.0,0.0,0.0,0.0,0.0,0.0,0.0
647,1085,Blue 2.11-M3,-3,7,0,0,1,3,0,0,1,3,0,0,0,0,1,3,1.0,0.0,0.0,14.0,14.0,14.0,14.0,0.0,0.0,0.0,0.0,0.0,0.0,0.0,0.0,0.0,0.0,1.0,1.0,1.0,1.0,0.0,0.0,0.0,1.0,1.0,1.0,1.0,0.0,0.0,0.0,0.0,0.0,0.0,0.0,0.0,0.0,0.0,0.0,0.0,0.0,0.0,0.0,0.0,0.0,0.0,0.0,0.0,0.0,0.0,0.0,0.0,3.0,3.0,3.0,3.0,0.0,0.0,0.0,1.0,1.0,1.0,1.0,0.0,0.0,0.0,0.0,0.0,1.0,0.0,0.0,0.0,0.0,0.0,0.0,1.0,1.0,0.0,0.0,0.0,0.0,0.0,0.0,0.0,0.0,0.0,0.0,0.0,0.0,0.0
647,1093,Enterprise 2.11-M3,-3,14,3,9,1,3,1,3,3,9,0,0,0,0,1,2,4.0,0.0,1.0,0.0,2.0,1.0,1.0,0.816496580927726,0.6666666666666666,2.0,0.0,0.0,0.0,0.0,0.0,0.0,0.0,0.0,1.0,0.25,0.0,0.5,0.25,1.0,0.0,1.0,0.25,0.0,0.5,0.25,1.0,0.0,0.0,0.0,0.0,0.0,0.0,0.0,0.0,0.0,0.0,0.0,0.0,0.0,0.0,0.0,1.0,0.5,0.5,0.5773502691896257,0.3333333333333333,1.0,0.0,1.0,0.5,0.5,0.5773502691896257,0.3333333333333333,1.0,0.0,3.0,1.0,0.5,1.4142135623730951,2.0,3.0,2.0,0.0,1.0,0.0,0.0,0.0,0.0,0.0,0.0,0.0,2.0,0.0,0.0,0.0,0.0,0.0,3.0,0.0,0.0,0.0,0.0,0.0,0.0,0.0
647,1106,Blue 2.11-M4,-3,6,1,3,0,0,0,0,1,3,0,0,0,0,1,3,1.0,0.0,0.0,14.0,14.0,14.0,14.0,0.0,0.0,0.0,0.0,0.0,0.0,0.0,0.0,0.0,0.0,1.0,1.0,1.0,1.0,0.0,0.0,0.0,1.0,1.0,1.0,1.0,0.0,0.0,0.0,0.0,0.0,0.0,0.0,0.0,0.0,0.0,0.0,0.0,0.0,0.0,0.0,0.0,0.0,0.0,0.0,0.0,0.0,0.0,0.0,0.0,3.0,3.0,3.0,3.0,0.0,0.0,0.0,1.0,1.0,1.0,1.0,0.0,0.0,0.0,0.0,0.0,1.0,0.0,0.0,0.0,0.0,0.0,0.0,1.0,1.0,0.0,0.0,0.0,0.0,0.0,0.0,0.0,0.0,0.0,0.0,0.0,0.0,0.0
647,1107,Enterprise 2.11-M4,0,14,0,0,1,3,0,0,0,0,1,3,0,0,1,1,1.0,0.0,0.0,1.0,1.0,1.0,1.0,0.0,0.0,0.0,0.0,0.0,0.0,0.0,0.0,0.0,0.0,0.0,0.0,0.0,0.0,0.0,0.0,0.0,1.0,1.0,1.0,1.0,0.0,0.0,0.0,0.0,0.0,0.0,0.0,0.0,0.0,0.0,0.0,0.0,0.0,0.0,0.0,0.0,0.0,0.0,0.0,0.0,0.0,0.0,0.0,0.0,0.0,0.0,0.0,0.0,0.0,0.0,0.0,0.0,0.0,0.0,0.0,0.0,0.0,0.0,1.0,0.0,0.0,0.0,0.0,0.0,0.0,0.0,0.0,0.0,0.0,0.0,0.0,0.0,0.0,0.0,1.0,0.0,0.0,0.0,0.0,0.0,0.0,0.0
647,1113,Fire 2.11-M5,0,7,0,0,1,3,0,0,1,3,0,0,0,0,1,1,1.0,0.0,0.0,0.0,0.0,0.0,0.0,0.0,0.0,0.0,1.0,1.0,1.0,1.0,0.0,0.0,0.0,1.0,1.0,1.0,1.0,0.0,0.0,0.0,0.0,0.0,0.0,0.0,0.0,0.0,0.0,0.0,0.0,0.0,0.0,0.0,0.0,0.0,0.0,0.0,0.0,0.0,0.0,0.0,0.0,0.0,0.0,0.0,0.0,0.0,0.0,0.0,1.0,1.0,1.0,1.0,0.0,0.0,0.0,0.0,0.0,0.0,0.0,0.0,0.0,0.0,1.0,0.0,1.0,0.0,0.0,0.0,0.0,1.0,0.0,0.0,0.0,0.0,0.0,0.0,0.0,0.0,0.0,0.0,0.0,0.0,0.0,0.0,0.0,0.0
647,1114,Blue 2.11-M5,0,7,1,3,0,0,0,0,0,0,1,3,0,0,1,3,1.0,0.0,0.0,14.0,14.0,14.0,14.0,0.0,0.0,0.0,0.0,0.0,0.0,0.0,0.0,0.0,0.0,1.0,1.0,1.0,1.0,0.0,0.0,0.0,1.0,1.0,1.0,1.0,0.0,0.0,0.0,0.0,0.0,0.0,0.0,0.0,0.0,0.0,0.0,0.0,0.0,0.0,0.0,0.0,0.0,0.0,0.0,0.0,0.0,0.0,0.0,0.0,3.0,3.0,3.0,3.0,0.0,0.0,0.0,1.0,1.0,1.0,1.0,0.0,0.0,0.0,0.0,0.0,1.0,0.0,0.0,0.0,0.0,0.0,0.0,1.0,1.0,0.0,0.0,0.0,0.0,0.0,0.0,0.0,0.0,0.0,0.0,0.0,0.0,0.0
647,1120,Enterprise 2.11-M5,0,14,0,0,1,3,0,0,0,0,1,3,0,0,1,1,1.0,0.0,1.0,11.0,11.0,11.0,11.0,0.0,0.0,0.0,0.0,0.0,0.0,0.0,0.0,0.0,0.0,1.0,1.0,1.0,1.0,0.0,0.0,0.0,0.0,0.0,0.0,0.0,0.0,0.0,0.0,0.0,0.0,0.0,0.0,0.0,0.0,0.0,0.0,0.0,0.0,0.0,0.0,0.0,0.0,0.0,0.0,0.0,0.0,0.0,0.0,0.0,0.0,0.0,0.0,0.0,0.0,0.0,0.0,0.0,0.0,0.0,0.0,0.0,0.0,0.0,0.0,0.0,0.0,0.0,0.0,0.0,0.0,0.0,0.0,0.0,1.0,0.0,0.0,0.0,0.0,0.0,0.0,0.0,0.0,0.0,0.0,1.0,0.0,0.0
647,1123,Innovation week 2014 Feb,-3,4,1,3,0,0,0,0,1,3,0,0,0,0,1,1,2.0,0.0,0.0,7.0,12.0,9.5,9.5,3.5355339059327378,12.5,5.0,0.0,0.0,0.0,0.0,0.0,0.0,0.0,0.0,1.0,0.5,0.5,0.7071067811865476,0.5,1.0,1.0,6.0,3.5,3.5,3.5355339059327378,12.5,5.0,0.0,0.0,0.0,0.0,0.0,0.0,0.0,0.0,0.0,0.0,0.0,0.0,0.0,0.0,0.0,0.0,0.0,0.0,0.0,0.0,0.0,0.0,0.0,0.0,0.0,0.0,0.0,0.0,0.0,0.0,0.0,0.0,0.0,0.0,0.0,2.0,0.0,0.0,0.0,0.0,0.0,0.0,0.0,0.0,0.0,0.0,0.0,0.0,0.0,0.0,0.0,2.0,0.0,0.0,0.0,0.0,0.0,0.0,0.0
647,1134,Fire 2.11-M6,3,7,0,0,0,0,0,0,0,0,0,0,0,0,1,1,1.0,0.0,1.0,0.0,0.0,0.0,0.0,0.0,0.0,0.0,0.0,0.0,0.0,0.0,0.0,0.0,0.0,1.0,1.0,1.0,1.0,0.0,0.0,0.0,1.0,1.0,1.0,1.0,0.0,0.0,0.0,0.0,0.0,0.0,0.0,0.0,0.0,0.0,0.0,0.0,0.0,0.0,0.0,0.0,0.0,0.0,0.0,0.0,0.0,0.0,0.0,0.0,0.0,0.0,0.0,0.0,0.0,0.0,0.0,1.0,1.0,1.0,1.0,0.0,0.0,0.0,1.0,0.0,1.0,0.0,0.0,0.0,0.0,0.0,0.0,0.0,0.0,0.0,0.0,0.0,0.0,0.0,0.0,0.0,0.0,0.0,0.0,0.0,0.0,0.0
647,1170,Fire 2.12-M2,-3,7,0,0,1,3,0,0,0,0,1,3,0,0,1,1,1.0,0.0,1.0,3.0,3.0,3.0,3.0,0.0,0.0,0.0,1.0,1.0,1.0,1.0,0.0,0.0,0.0,1.0,1.0,1.0,1.0,0.0,0.0,0.0,0.0,0.0,0.0,0.0,0.0,0.0,0.0,0.0,0.0,0.0,0.0,0.0,0.0,0.0,0.0,0.0,0.0,0.0,0.0,0.0,0.0,0.0,0.0,0.0,0.0,0.0,0.0,0.0,0.0,0.0,0.0,0.0,0.0,0.0,0.0,1.0,1.0,1.0,1.0,0.0,0.0,0.0,0.0,0.0,1.0,0.0,0.0,0.0,0.0,0.0,0.0,0.0,1.0,0.0,0.0,0.0,0.0,0.0,0.0,0.0,0.0,0.0,0.0,0.0,0.0,0.0
647,1177,Smurf Team 2.12,0,17,0,0,3,9,0,0,1,3,2,6,0,0,1,1,4.0,0.0,4.0,0.0,0.0,0.0,0.0,0.0,0.0,0.0,1.0,2.0,1.25,1.0,0.5,0.25,1.0,2.0,3.0,2.25,2.0,0.5,0.25,1.0,1.0,7.0,3.0,2.0,2.8284271247461903,8.0,6.0,0.0,0.0,0.0,0.0,0.0,0.0,0.0,0.0,0.0,0.0,0.0,0.0,0.0,0.0,0.0,0.0,0.0,0.0,0.0,0.0,0.0,0.0,0.0,0.0,0.0,0.0,0.0,0.0,0.0,0.0,0.0,0.0,0.0,0.0,0.0,4.0,0.0,4.0,0.0,0.0,0.0,0.0,0.0,0.0,0.0,0.0,0.0,0.0,0.0,0.0,0.0,0.0,0.0,0.0,0.0,0.0,0.0,0.0,0.0
647,1184,Fire 2.12-M3,-3,7,1,3,1,3,0,0,0,0,1,3,1,3,1,2,2.0,0.0,1.0,0.0,4.0,2.0,2.0,2.8284271247461903,8.0,4.0,1.0,2.0,1.5,1.5,0.7071067811865476,0.5,1.0,1.0,1.0,1.0,1.0,0.0,0.0,0.0,0.0,2.0,1.0,1.0,1.4142135623730951,2.0,2.0,0.0,0.0,0.0,0.0,0.0,0.0,0.0,0.0,0.0,0.0,0.0,0.0,0.0,0.0,0.0,1.0,0.5,0.5,0.7071067811865476,0.5,1.0,0.0,0.0,0.0,0.0,0.0,0.0,0.0,0.0,1.0,0.5,0.5,0.7071067811865476,0.5,1.0,0.0,0.0,2.0,0.0,0.0,0.0,0.0,0.0,0.0,1.0,2.0,0.0,0.0,0.0,0.0,0.0,0.0,0.0,0.0,0.0,0.0,0.0,0.0,0.0
647,1192,Enterprise 2.12-M3,0,7,0,0,0,0,0,0,0,0,0,0,0,0,1,1,1.0,0.0,0.0,0.0,0.0,0.0,0.0,0.0,0.0,0.0,0.0,0.0,0.0,0.0,0.0,0.0,0.0,0.0,0.0,0.0,0.0,0.0,0.0,0.0,0.0,0.0,0.0,0.0,0.0,0.0,0.0,0.0,0.0,0.0,0.0,0.0,0.0,0.0,0.0,0.0,0.0,0.0,0.0,0.0,0.0,0.0,0.0,0.0,0.0,0.0,0.0,0.0,1.0,1.0,1.0,1.0,0.0,0.0,0.0,1.0,1.0,1.0,1.0,0.0,0.0,0.0,0.0,0.0,0.0,0.0,0.0,0.0,0.0,0.0,0.0,0.0,1.0,0.0,0.0,0.0,0.0,0.0,1.0,0.0,0.0,0.0,0.0,0.0,0.0,0.0
647,1208,Fire 2.12-M4,-3,7,1,3,0,0,0,0,1,3,0,0,0,0,1,1,1.0,0.0,0.0,0.0,0.0,0.0,0.0,0.0,0.0,0.0,2.0,2.0,2.0,2.0,0.0,0.0,0.0,1.0,1.0,1.0,1.0,0.0,0.0,0.0,2.0,2.0,2.0,2.0,0.0,0.0,0.0,0.0,0.0,0.0,0.0,0.0,0.0,0.0,0.0,0.0,0.0,0.0,0.0,0.0,0.0,0.0,0.0,0.0,0.0,0.0,0.0,0.0,0.0,0.0,0.0,0.0,0.0,0.0,0.0,0.0,0.0,0.0,0.0,0.0,0.0,0.0,0.0,0.0,1.0,0.0,0.0,0.0,0.0,0.0,0.0,1.0,1.0,0.0,0.0,0.0,0.0,0.0,0.0,0.0,0.0,0.0,0.0,0.0,0.0,0.0
647,1212,Enterprise 2.12-M4,0,7,1,3,1,3,0,0,0,0,1,3,1,3,1,2,2.0,0.0,1.0,0.0,0.0,0.0,0.0,0.0,0.0,0.0,0.0,1.0,0.5,0.5,0.7071067811865476,0.5,1.0,0.0,1.0,0.5,0.5,0.7071067811865476,0.5,1.0,0.0,0.0,0.0,0.0,0.0,0.0,0.0,0.0,0.0,0.0,0.0,0.0,0.0,0.0,0.0,0.0,0.0,0.0,0.0,0.0,0.0,0.0,0.0,0.0,0.0,0.0,0.0,0.0,0.0,1.0,0.5,0.5,0.7071067811865476,0.5,1.0,0.0,1.0,0.5,0.5,0.7071067811865476,0.5,1.0,0.0,0.0,1.0,0.0,0.0,0.0,0.0,0.0,0.0,0.0,2.0,0.0,0.0,0.0,0.0,0.0,1.0,0.0,0.0,0.0,0.0,0.0,0.0,0.0
647,1230,Smurf Team 3.0,3,41,1,3,3,9,0,0,4,12,0,0,0,0,1,1,5.0,0.0,2.0,0.0,3.0,0.8,0.0,1.30384048104053,1.7000000000000006,3.0,0.0,1.0,0.2,0.0,0.44721359549995804,0.20000000000000007,1.0,0.0,3.0,0.8,0.0,1.30384048104053,1.7000000000000004,3.0,0.0,7.0,1.8,1.0,2.9495762407505253,8.700000000000001,7.0,0.0,0.0,0.0,0.0,0.0,0.0,0.0,0.0,0.0,0.0,0.0,0.0,0.0,0.0,0.0,2.0,0.4,0.0,0.8944271909999161,0.8000000000000003,2.0,0.0,1.0,0.4,0.0,0.5477225575051662,0.30000000000000004,1.0,0.0,2.0,0.6,0.0,0.8944271909999159,0.7999999999999999,2.0,2.0,0.0,3.0,0.0,0.0,0.0,0.0,0.0,0.0,0.0,3.0,0.0,0.0,1.0,0.0,0.0,2.0,0.0,0.0,0.0,0.0,0.0,0.0,0.0
647,1239,Fire 3.0-M1,-3,7,2,6,1,3,0,0,2,6,1,3,0,0,1,1,4.0,0.0,3.0,0.0,0.0,0.0,0.0,0.0,0.0,0.0,1.0,2.0,1.25,1.0,0.5,0.25,1.0,1.0,4.0,1.75,1.0,1.5,2.25,3.0,0.0,2.0,1.0,1.0,0.816496580927726,0.6666666666666666,2.0,0.0,0.0,0.0,0.0,0.0,0.0,0.0,0.0,0.0,0.0,0.0,0.0,0.0,0.0,0.0,0.0,0.0,0.0,0.0,0.0,0.0,0.0,0.0,0.0,0.0,0.0,0.0,0.0,0.0,2.0,1.0,1.0,1.1547005383792515,1.3333333333333333,2.0,1.0,0.0,4.0,0.0,0.0,0.0,0.0,0.0,0.0,1.0,3.0,0.0,0.0,0.0,0.0,0.0,0.0,0.0,0.0,0.0,0.0,0.0,0.0,0.0
647,1242,Enterprise 3.0-M1,3,7,0,0,0,0,0,0,0,0,0,0,0,0,1,1,1.0,0.0,0.0,0.0,0.0,0.0,0.0,0.0,0.0,0.0,1.0,1.0,1.0,1.0,0.0,0.0,0.0,1.0,1.0,1.0,1.0,0.0,0.0,0.0,0.0,0.0,0.0,0.0,0.0,0.0,0.0,0.0,0.0,0.0,0.0,0.0,0.0,0.0,0.0,0.0,0.0,0.0,0.0,0.0,0.0,0.0,0.0,0.0,0.0,0.0,0.0,0.0,0.0,0.0,0.0,0.0,0.0,0.0,0.0,0.0,0.0,0.0,0.0,0.0,0.0,0.0,0.0,0.0,1.0,0.0,0.0,0.0,0.0,0.0,1.0,0.0,1.0,0.0,0.0,0.0,0.0,0.0,0.0,0.0,0.0,0.0,0.0,0.0,0.0,0.0
647,1253,Fire 3.0-M2,-6,7,2,6,2,6,0,0,2,6,0,0,2,6,1,2,4.0,0.0,2.0,0.0,1.0,0.75,1.0,0.5,0.25,1.0,0.0,1.0,0.5,0.5,0.5773502691896257,0.3333333333333333,1.0,1.0,4.0,1.75,1.0,1.5,2.25,3.0,0.0,3.0,1.0,0.5,1.4142135623730951,2.0,3.0,0.0,0.0,0.0,0.0,0.0,0.0,0.0,0.0,0.0,0.0,0.0,0.0,0.0,0.0,0.0,1.0,0.5,0.5,0.5773502691896257,0.3333333333333333,1.0,0.0,0.0,0.0,0.0,0.0,0.0,0.0,0.0,2.0,0.75,0.5,0.9574271077563381,0.9166666666666666,2.0,1.0,0.0,2.0,0.0,0.0,0.0,0.0,0.0,0.0,0.0,3.0,0.0,0.0,0.0,0.0,0.0,2.0,0.0,0.0,0.0,0.0,0.0,0.0,0.0
647,1281,Fire 3.0-M3,-3,4,1,3,0,0,0,0,0,0,1,3,0,0,1,1,2.0,0.0,0.0,1.0,4.0,2.5,2.5,2.1213203435596424,4.5,3.0,0.0,0.0,0.0,0.0,0.0,0.0,0.0,1.0,3.0,2.0,2.0,1.4142135623730951,2.0,2.0,1.0,3.0,2.0,2.0,1.4142135623730951,2.0,2.0,0.0,0.0,0.0,0.0,0.0,0.0,0.0,0.0,0.0,0.0,0.0,0.0,0.0,0.0,0.0,0.0,0.0,0.0,0.0,0.0,0.0,0.0,0.0,0.0,0.0,0.0,0.0,0.0,0.0,1.0,0.5,0.5,0.7071067811865476,0.5,1.0,1.0,0.0,0.0,0.0,0.0,0.0,0.0,0.0,0.0,0.0,1.0,0.0,0.0,0.0,0.0,0.0,2.0,0.0,0.0,0.0,0.0,0.0,0.0,0.0
647,1304,Fire 3.0-M5,-6,7,2,6,1,3,0,0,1,3,1,3,1,3,1,3,3.0,0.0,0.0,1.0,13.0,6.0,4.0,6.244997998398398,39.0,12.0,0.0,0.0,0.0,0.0,0.0,0.0,0.0,1.0,3.0,1.6666666666666667,1.0,1.1547005383792517,1.3333333333333335,2.0,0.0,3.0,1.3333333333333333,1.0,1.5275252316519468,2.3333333333333335,3.0,0.0,0.0,0.0,0.0,0.0,0.0,0.0,0.0,0.0,0.0,0.0,0.0,0.0,0.0,0.0,3.0,1.0,0.0,1.7320508075688772,3.0,3.0,0.0,0.0,0.0,0.0,0.0,0.0,0.0,0.0,1.0,0.3333333333333333,0.0,0.5773502691896258,0.33333333333333337,1.0,2.0,0.0,1.0,0.0,0.0,0.0,0.0,0.0,0.0,1.0,1.0,0.0,0.0,0.0,0.0,0.0,2.0,0.0,0.0,0.0,0.0,0.0,0.0,0.0
647,1316,Fire 3.0-M6,-3,7,2,6,0,0,0,0,1,3,0,0,1,3,1,2,2.0,0.0,0.0,1.0,4.0,2.5,2.5,2.1213203435596424,4.5,3.0,0.0,0.0,0.0,0.0,0.0,0.0,0.0,1.0,1.0,1.0,1.0,0.0,0.0,0.0,0.0,3.0,1.5,1.5,2.1213203435596424,4.5,3.0,0.0,0.0,0.0,0.0,0.0,0.0,0.0,0.0,0.0,0.0,0.0,0.0,0.0,0.0,0.0,1.0,0.5,0.5,0.7071067811865476,0.5,1.0,0.0,0.0,0.0,0.0,0.0,0.0,0.0,0.0,1.0,0.5,0.5,0.7071067811865476,0.5,1.0,1.0,0.0,1.0,0.0,0.0,0.0,0.0,0.0,0.0,1.0,1.0,0.0,0.0,0.0,0.0,0.0,1.0,0.0,0.0,0.0,0.0,0.0,0.0,0.0
647,1317,Enterprise 3.0-M5,0,14,0,0,1,3,0,0,0,0,1,3,0,0,1,1,1.0,0.0,0.0,0.0,0.0,0.0,0.0,0.0,0.0,0.0,1.0,1.0,1.0,1.0,0.0,0.0,0.0,5.0,5.0,5.0,5.0,0.0,0.0,0.0,0.0,0.0,0.0,0.0,0.0,0.0,0.0,0.0,0.0,0.0,0.0,0.0,0.0,0.0,0.0,0.0,0.0,0.0,0.0,0.0,0.0,1.0,1.0,1.0,1.0,0.0,0.0,0.0,1.0,1.0,1.0,1.0,0.0,0.0,0.0,0.0,0.0,0.0,0.0,0.0,0.0,0.0,0.0,0.0,1.0,0.0,0.0,0.0,0.0,0.0,0.0,1.0,1.0,0.0,0.0,0.0,0.0,0.0,0.0,0.0,0.0,0.0,0.0,0.0,0.0,0.0
647,1328,Fire 3.0-M7,-3,7,1,3,2,6,2,6,1,3,0,0,0,0,1,3,3.0,0.0,2.0,1.0,3.0,2.0,2.0,1.0,1.0,2.0,0.0,1.0,0.3333333333333333,0.0,0.5773502691896258,0.33333333333333337,1.0,1.0,1.0,1.0,1.0,0.0,0.0,0.0,0.0,3.0,1.0,0.0,1.7320508075688772,3.0,3.0,0.0,0.0,0.0,0.0,0.0,0.0,0.0,0.0,0.0,0.0,0.0,0.0,0.0,0.0,0.0,3.0,1.0,0.0,1.7320508075688772,3.0,3.0,0.0,0.0,0.0,0.0,0.0,0.0,0.0,0.0,1.0,0.3333333333333333,0.0,0.5773502691896258,0.33333333333333337,1.0,1.0,0.0,2.0,0.0,0.0,0.0,0.0,0.0,0.0,0.0,2.0,0.0,0.0,0.0,0.0,0.0,1.0,0.0,0.0,0.0,0.0,0.0,0.0,0.0
647,1335,Enterprise 3.0-M6,0,7,0,0,2,6,0,0,0,0,1,3,1,3,1,2,2.0,0.0,1.0,0.0,3.0,1.5,1.5,2.1213203435596424,4.5,3.0,1.0,1.0,1.0,1.0,0.0,0.0,0.0,1.0,4.0,2.5,2.5,2.1213203435596424,4.5,3.0,0.0,1.0,0.5,0.5,0.7071067811865476,0.5,1.0,0.0,0.0,0.0,0.0,0.0,0.0,0.0,0.0,0.0,0.0,0.0,0.0,0.0,0.0,3.0,4.0,3.5,3.5,0.7071067811865476,0.5,1.0,0.0,0.0,0.0,0.0,0.0,0.0,0.0,0.0,0.0,0.0,0.0,0.0,0.0,0.0,1.0,0.0,2.0,0.0,0.0,0.0,0.0,0.0,0.0,1.0,1.0,0.0,0.0,0.0,0.0,0.0,0.0,0.0,0.0,0.0,0.0,0.0,0.0,0.0
647,1344,Innovation week May 2014,0,4,0,0,1,3,0,0,0,0,1,3,0,0,1,1,1.0,0.0,1.0,8.0,8.0,8.0,8.0,0.0,0.0,0.0,1.0,1.0,1.0,1.0,0.0,0.0,0.0,1.0,1.0,1.0,1.0,0.0,0.0,0.0,3.0,3.0,3.0,3.0,0.0,0.0,0.0,0.0,0.0,0.0,0.0,0.0,0.0,0.0,0.0,0.0,0.0,0.0,0.0,0.0,0.0,0.0,0.0,0.0,0.0,0.0,0.0,0.0,1.0,1.0,1.0,1.0,0.0,0.0,0.0,1.0,1.0,1.0,1.0,0.0,0.0,0.0,0.0,0.0,1.0,0.0,0.0,0.0,0.0,0.0,0.0,0.0,1.0,0.0,0.0,0.0,0.0,0.0,0.0,0.0,0.0,0.0,0.0,0.0,0.0,0.0
647,1355,Fire 3.1-M1,0,7,1,3,0,0,0,0,0,0,0,0,1,3,1,1,2.0,0.0,0.0,0.0,2.0,1.0,1.0,1.4142135623730951,2.0,2.0,0.0,1.0,0.5,0.5,0.7071067811865476,0.5,1.0,1.0,1.0,1.0,1.0,0.0,0.0,0.0,0.0,3.0,1.5,1.5,2.1213203435596424,4.5,3.0,0.0,0.0,0.0,0.0,0.0,0.0,0.0,0.0,0.0,0.0,0.0,0.0,0.0,0.0,0.0,1.0,0.5,0.5,0.7071067811865476,0.5,1.0,0.0,0.0,0.0,0.0,0.0,0.0,0.0,1.0,1.0,1.0,1.0,0.0,0.0,0.0,0.0,0.0,1.0,0.0,0.0,0.0,0.0,1.0,0.0,0.0,2.0,0.0,0.0,0.0,0.0,0.0,1.0,0.0,0.0,0.0,0.0,0.0,0.0,0.0
647,1356,Smurf Team 3.1,0,29,0,0,2,6,0,0,0,0,1,3,1,3,1,2,4.0,0.0,2.0,0.0,4.0,1.0,0.0,2.0,4.0,4.0,1.0,1.0,1.0,1.0,0.0,0.0,0.0,1.0,3.0,1.75,1.5,0.9574271077563381,0.9166666666666666,2.0,0.0,0.0,0.0,0.0,0.0,0.0,0.0,0.0,0.0,0.0,0.0,0.0,0.0,0.0,0.0,0.0,0.0,0.0,0.0,0.0,0.0,0.0,5.0,1.25,0.0,2.5,6.25,5.0,0.0,5.0,1.5,0.5,2.3804761428476167,5.666666666666667,5.0,0.0,1.0,0.25,0.0,0.5,0.25,1.0,3.0,0.0,4.0,0.0,0.0,0.0,0.0,2.0,0.0,0.0,1.0,0.0,0.0,0.0,0.0,0.0,0.0,0.0,0.0,0.0,0.0,0.0,0.0,0.0
647,1370,Fire 3.1-M2,-3,7,1,3,1,3,0,0,0,0,1,3,1,3,1,2,3.0,0.0,0.0,0.0,7.0,3.0,2.0,3.605551275463989,13.0,7.0,0.0,0.0,0.0,0.0,0.0,0.0,0.0,1.0,1.0,1.0,1.0,0.0,0.0,0.0,0.0,3.0,1.6666666666666667,2.0,1.5275252316519465,2.333333333333333,3.0,0.0,0.0,0.0,0.0,0.0,0.0,0.0,0.0,0.0,0.0,0.0,0.0,0.0,0.0,0.0,0.0,0.0,0.0,0.0,0.0,0.0,0.0,0.0,0.0,0.0,0.0,0.0,0.0,0.0,2.0,1.0,1.0,1.0,1.0,2.0,1.0,0.0,0.0,0.0,0.0,0.0,0.0,0.0,0.0,0.0,2.0,0.0,0.0,0.0,0.0,0.0,3.0,0.0,0.0,0.0,0.0,0.0,0.0,0.0
647,1383,Fire Team 3.1-M3,0,6,2,6,0,0,0,0,0,0,0,0,2,6,1,1,3.0,0.0,0.0,0.0,8.0,2.6666666666666665,0.0,4.618802153517007,21.333333333333336,8.0,0.0,0.0,0.0,0.0,0.0,0.0,0.0,0.0,1.0,0.6666666666666666,1.0,0.5773502691896258,0.33333333333333337,1.0,0.0,2.0,0.6666666666666666,0.0,1.1547005383792517,1.3333333333333335,2.0,0.0,0.0,0.0,0.0,0.0,0.0,0.0,0.0,0.0,0.0,0.0,0.0,0.0,0.0,0.0,2.0,1.0,1.0,1.0,1.0,2.0,0.0,0.0,0.0,0.0,0.0,0.0,0.0,0.0,2.0,0.6666666666666666,0.0,1.1547005383792517,1.3333333333333335,2.0,1.0,0.0,0.0,0.0,0.0,0.0,0.0,0.0,0.0,0.0,2.0,0.0,0.0,0.0,0.0,0.0,3.0,0.0,0.0,0.0,0.0,0.0,0.0,0.0
647,1394,Fire Team 3.1-M4,-3,7,1,3,0,0,0,0,1,3,0,0,0,0,1,1,1.0,0.0,0.0,0.0,0.0,0.0,0.0,0.0,0.0,0.0,0.0,0.0,0.0,0.0,0.0,0.0,0.0,1.0,1.0,1.0,1.0,0.0,0.0,0.0,2.0,2.0,2.0,2.0,0.0,0.0,0.0,0.0,0.0,0.0,0.0,0.0,0.0,0.0,0.0,0.0,0.0,0.0,0.0,0.0,0.0,0.0,0.0,0.0,0.0,0.0,0.0,0.0,0.0,0.0,0.0,0.0,0.0,0.0,0.0,0.0,0.0,0.0,0.0,0.0,0.0,0.0,1.0,0.0,0.0,0.0,0.0,0.0,0.0,0.0,0.0,0.0,0.0,0.0,0.0,0.0,0.0,0.0,1.0,0.0,0.0,0.0,0.0,0.0,0.0,0.0
647,1409,Innovation week June 2014,0,7,0,0,1,3,0,0,0,0,1,3,0,0,1,1,1.0,0.0,0.0,0.0,0.0,0.0,0.0,0.0,0.0,0.0,0.0,0.0,0.0,0.0,0.0,0.0,0.0,1.0,1.0,1.0,1.0,0.0,0.0,0.0,2.0,2.0,2.0,2.0,0.0,0.0,0.0,0.0,0.0,0.0,0.0,0.0,0.0,0.0,0.0,0.0,0.0,0.0,0.0,0.0,0.0,0.0,0.0,0.0,0.0,0.0,0.0,0.0,0.0,0.0,0.0,0.0,0.0,0.0,0.0,0.0,0.0,0.0,0.0,0.0,0.0,0.0,0.0,0.0,0.0,0.0,0.0,0.0,0.0,0.0,0.0,0.0,1.0,0.0,0.0,0.0,0.0,0.0,1.0,0.0,0.0,0.0,0.0,0.0,0.0,0.0
647,1432,Fire Team 3.2-M1,0,6,0,0,0,0,0,0,0,0,0,0,0,0,1,1,1.0,0.0,0.0,0.0,0.0,0.0,0.0,0.0,0.0,0.0,2.0,2.0,2.0,2.0,0.0,0.0,0.0,1.0,1.0,1.0,1.0,0.0,0.0,0.0,0.0,0.0,0.0,0.0,0.0,0.0,0.0,0.0,0.0,0.0,0.0,0.0,0.0,0.0,0.0,0.0,0.0,0.0,0.0,0.0,0.0,0.0,0.0,0.0,0.0,0.0,0.0,0.0,0.0,0.0,0.0,0.0,0.0,0.0,0.0,0.0,0.0,0.0,0.0,0.0,0.0,0.0,1.0,0.0,1.0,0.0,0.0,0.0,0.0,0.0,0.0,1.0,0.0,0.0,0.0,0.0,0.0,0.0,0.0,0.0,0.0,0.0,0.0,0.0,0.0,0.0
647,1433,Blue Forever (3.4),-6,5873,2,6,11,33,3,9,10,30,0,0,0,0,1,5,13.0,0.0,9.0,0.0,4.0,1.8461538461538463,2.0,1.5191090506254998,2.3076923076923075,4.0,0.0,2.0,0.9230769230769231,1.0,0.4935481167928245,0.24358974358974353,2.0,0.0,2.0,0.6153846153846154,1.0,0.6504436355879909,0.4230769230769231,2.0,0.0,3.0,0.8461538461538461,0.0,1.1435437497937313,1.3076923076923077,3.0,0.0,0.0,0.0,0.0,0.0,0.0,0.0,0.0,0.0,0.0,0.0,0.0,0.0,0.0,0.0,3.0,0.7692307692307693,1.0,0.9268086959962984,0.8589743589743591,3.0,0.0,1.0,0.15384615384615385,0.0,0.3755338080994054,0.14102564102564105,1.0,0.0,4.0,0.6153846153846154,0.0,1.192927878405448,1.4230769230769231,4.0,10.0,0.0,11.0,0.0,0.0,0.0,0.0,2.0,0.0,0.0,3.0,0.0,0.0,0.0,0.0,0.0,2.0,0.0,0.0,0.0,0.0,0.0,0.0,0.0
647,1437,Sprint 1,-21,14,0,0,7,21,0,0,7,21,0,0,0,0,1,1,8.0,1.0,7.0,0.0,2.0,0.875,0.5,0.9910312089651149,0.9821428571428571,2.0,1.0,7.0,2.25,1.5,2.052872551885702,4.214285714285714,6.0,0.0,1.0,0.125,0.0,0.3535533905932738,0.125,1.0,0.0,2.0,0.375,0.0,0.7440238091428449,0.5535714285714286,2.0,0.0,0.0,0.0,0.0,0.0,0.0,0.0,0.0,0.0,0.0,0.0,0.0,0.0,0.0,0.0,2.0,0.25,0.0,0.7071067811865476,0.5,2.0,0.0,0.0,0.0,0.0,0.0,0.0,0.0,0.0,2.0,0.625,0.0,0.9161253813129043,0.8392857142857143,2.0,3.0,0.0,7.0,0.0,0.0,0.0,0.0,1.0,0.0,0.0,5.0,0.0,0.0,0.0,0.0,0.0,0.0,0.0,0.0,0.0,0.0,0.0,0.0,0.0
647,1438,Sprint 2,-9,14,0,0,3,9,0,0,3,9,0,0,0,0,1,2,3.0,0.0,1.0,0.0,3.0,1.6666666666666667,2.0,1.5275252316519465,2.333333333333333,3.0,1.0,1.0,1.0,1.0,0.0,0.0,0.0,0.0,0.0,0.0,0.0,0.0,0.0,0.0,0.0,0.0,0.0,0.0,0.0,0.0,0.0,0.0,0.0,0.0,0.0,0.0,0.0,0.0,0.0,0.0,0.0,0.0,0.0,0.0,0.0,0.0,0.0,0.0,0.0,0.0,0.0,0.0,0.0,0.0,0.0,0.0,0.0,0.0,0.0,0.0,0.0,0.0,0.0,0.0,0.0,0.0,2.0,0.0,2.0,0.0,0.0,0.0,0.0,1.0,0.0,0.0,1.0,0.0,0.0,0.0,0.0,0.0,1.0,0.0,0.0,0.0,0.0,0.0,0.0,0.0
647,1447,Fire Team 3.2-M2,0,7,1,3,0,0,0,0,0,0,1,3,0,0,1,1,1.0,0.0,0.0,0.0,0.0,0.0,0.0,0.0,0.0,0.0,2.0,2.0,2.0,2.0,0.0,0.0,0.0,1.0,1.0,1.0,1.0,0.0,0.0,0.0,0.0,0.0,0.0,0.0,0.0,0.0,0.0,0.0,0.0,0.0,0.0,0.0,0.0,0.0,0.0,0.0,0.0,0.0,0.0,0.0,0.0,2.0,2.0,2.0,2.0,0.0,0.0,0.0,0.0,0.0,0.0,0.0,0.0,0.0,0.0,0.0,0.0,0.0,0.0,0.0,0.0,0.0,1.0,0.0,1.0,0.0,0.0,0.0,0.0,0.0,0.0,1.0,0.0,0.0,0.0,0.0,0.0,0.0,0.0,0.0,0.0,0.0,0.0,0.0,0.0,0.0
647,1480,Enterprise 3.2-M3,0,38,1,3,0,0,0,0,0,0,0,0,1,3,1,1,1.0,0.0,1.0,0.0,0.0,0.0,0.0,0.0,0.0,0.0,0.0,0.0,0.0,0.0,0.0,0.0,0.0,1.0,1.0,1.0,1.0,0.0,0.0,0.0,0.0,0.0,0.0,0.0,0.0,0.0,0.0,0.0,0.0,0.0,0.0,0.0,0.0,0.0,0.0,0.0,0.0,0.0,0.0,0.0,0.0,1.0,1.0,1.0,1.0,0.0,0.0,0.0,0.0,0.0,0.0,0.0,0.0,0.0,0.0,0.0,0.0,0.0,0.0,0.0,0.0,0.0,0.0,0.0,1.0,0.0,0.0,0.0,0.0,0.0,0.0,0.0,1.0,0.0,0.0,0.0,0.0,0.0,0.0,0.0,0.0,0.0,0.0,0.0,0.0,0.0
647,1516,Enterprise 3.3-M1,3,4,0,0,0,0,0,0,0,0,0,0,0,0,1,1,2.0,0.0,1.0,0.0,0.0,0.0,0.0,0.0,0.0,0.0,1.0,1.0,1.0,1.0,0.0,0.0,0.0,0.0,2.0,1.0,1.0,1.4142135623730951,2.0,2.0,1.0,1.0,1.0,1.0,0.0,0.0,0.0,0.0,0.0,0.0,0.0,0.0,0.0,0.0,0.0,0.0,0.0,0.0,0.0,0.0,0.0,0.0,0.0,0.0,0.0,0.0,0.0,0.0,0.0,0.0,0.0,0.0,0.0,0.0,0.0,0.0,0.0,0.0,0.0,0.0,0.0,0.0,0.0,0.0,2.0,0.0,0.0,0.0,0.0,1.0,0.0,0.0,2.0,0.0,0.0,0.0,0.0,0.0,0.0,0.0,0.0,0.0,0.0,0.0,0.0,0.0
647,1523,Enterprise 3.3-M2,-3,7,0,0,1,3,0,0,0,0,1,3,0,0,1,1,1.0,0.0,0.0,0.0,0.0,0.0,0.0,0.0,0.0,0.0,1.0,1.0,1.0,1.0,0.0,0.0,0.0,1.0,1.0,1.0,1.0,0.0,0.0,0.0,0.0,0.0,0.0,0.0,0.0,0.0,0.0,0.0,0.0,0.0,0.0,0.0,0.0,0.0,0.0,0.0,0.0,0.0,0.0,0.0,0.0,0.0,0.0,0.0,0.0,0.0,0.0,0.0,0.0,0.0,0.0,0.0,0.0,0.0,0.0,0.0,0.0,0.0,0.0,0.0,0.0,0.0,0.0,0.0,1.0,0.0,0.0,0.0,0.0,1.0,0.0,0.0,1.0,0.0,0.0,0.0,0.0,0.0,0.0,0.0,0.0,0.0,0.0,0.0,0.0,0.0
647,1539,Fire Team 3.3-M3,0,7,0,0,0,0,0,0,0,0,0,0,0,0,1,1,2.0,0.0,2.0,2.0,3.0,2.5,2.5,0.7071067811865476,0.5,1.0,0.0,1.0,0.5,0.5,0.7071067811865476,0.5,1.0,1.0,1.0,1.0,1.0,0.0,0.0,0.0,0.0,2.0,1.0,1.0,1.4142135623730951,2.0,2.0,0.0,0.0,0.0,0.0,0.0,0.0,0.0,0.0,0.0,0.0,0.0,0.0,0.0,0.0,0.0,0.0,0.0,0.0,0.0,0.0,0.0,0.0,0.0,0.0,0.0,0.0,0.0,0.0,0.0,1.0,0.5,0.5,0.7071067811865476,0.5,1.0,1.0,0.0,2.0,0.0,0.0,0.0,0.0,0.0,0.0,0.0,1.0,0.0,0.0,0.0,0.0,0.0,0.0,0.0,0.0,0.0,0.0,0.0,0.0,0.0
647,1540,Enterprise 3.3-M3,-6,14,1,3,4,12,0,0,5,15,0,0,0,0,1,2,6.0,0.0,2.0,0.0,3.0,0.5,0.0,1.224744871391589,1.5,3.0,0.0,2.0,1.0,1.0,0.6324555320336759,0.4,2.0,1.0,1.0,1.0,1.0,0.0,0.0,0.0,0.0,1.0,0.3333333333333333,0.0,0.5163977794943223,0.2666666666666667,1.0,0.0,0.0,0.0,0.0,0.0,0.0,0.0,0.0,0.0,0.0,0.0,0.0,0.0,0.0,0.0,3.0,1.0,1.0,1.0954451150103321,1.2,3.0,0.0,0.0,0.0,0.0,0.0,0.0,0.0,0.0,4.0,0.6666666666666666,0.0,1.632993161855452,2.666666666666667,4.0,3.0,0.0,6.0,0.0,0.0,0.0,0.0,2.0,0.0,2.0,3.0,0.0,0.0,0.0,0.0,0.0,0.0,0.0,0.0,0.0,0.0,0.0,0.0,0.0
647,1564,Enterprise 3.3-M4,-6,7,0,0,2,6,0,0,2,6,0,0,0,0,1,1,2.0,0.0,1.0,0.0,0.0,0.0,0.0,0.0,0.0,0.0,0.0,1.0,0.5,0.5,0.7071067811865476,0.5,1.0,1.0,1.0,1.0,1.0,0.0,0.0,0.0,0.0,1.0,0.5,0.5,0.7071067811865476,0.5,1.0,0.0,0.0,0.0,0.0,0.0,0.0,0.0,0.0,0.0,0.0,0.0,0.0,0.0,0.0,0.0,0.0,0.0,0.0,0.0,0.0,0.0,0.0,0.0,0.0,0.0,0.0,0.0,0.0,0.0,0.0,0.0,0.0,0.0,0.0,0.0,1.0,0.0,2.0,0.0,0.0,0.0,0.0,1.0,0.0,0.0,1.0,0.0,0.0,0.0,0.0,0.0,0.0,0.0,0.0,0.0,0.0,0.0,0.0,0.0
647,1582,Enterprise 3.3-M5,0,7,2,6,0,0,0,0,1,3,0,0,1,3,1,1,2.0,0.0,1.0,0.0,0.0,0.0,0.0,0.0,0.0,0.0,0.0,1.0,0.5,0.5,0.7071067811865476,0.5,1.0,1.0,1.0,1.0,1.0,0.0,0.0,0.0,0.0,1.0,0.5,0.5,0.7071067811865476,0.5,1.0,0.0,0.0,0.0,0.0,0.0,0.0,0.0,0.0,0.0,0.0,0.0,0.0,0.0,0.0,0.0,1.0,0.5,0.5,0.7071067811865476,0.5,1.0,0.0,0.0,0.0,0.0,0.0,0.0,0.0,0.0,0.0,0.0,0.0,0.0,0.0,0.0,1.0,0.0,2.0,0.0,0.0,0.0,0.0,1.0,0.0,0.0,1.0,0.0,0.0,0.0,0.0,0.0,0.0,0.0,0.0,0.0,0.0,0.0,0.0,0.0
647,1599,Innovation week September 2014,0,4,0,0,2,6,0,0,0,0,1,3,1,3,1,1,2.0,0.0,2.0,0.0,3.0,1.5,1.5,2.1213203435596424,4.5,3.0,0.0,1.0,0.5,0.5,0.7071067811865476,0.5,1.0,1.0,1.0,1.0,1.0,0.0,0.0,0.0,0.0,1.0,0.5,0.5,0.7071067811865476,0.5,1.0,0.0,0.0,0.0,0.0,0.0,0.0,0.0,0.0,0.0,0.0,0.0,0.0,0.0,0.0,0.0,1.0,0.5,0.5,0.7071067811865476,0.5,1.0,0.0,0.0,0.0,0.0,0.0,0.0,0.0,0.0,1.0,0.5,0.5,0.7071067811865476,0.5,1.0,2.0,0.0,2.0,0.0,0.0,0.0,0.0,0.0,0.0,0.0,0.0,0.0,0.0,0.0,0.0,0.0,0.0,0.0,0.0,0.0,0.0,0.0,0.0,0.0
647,1617,Fire Team 3.4-M1,-6,7,5,15,0,0,2,6,1,3,1,3,1,3,1,3,5.0,0.0,2.0,1.0,3.0,2.2,2.0,0.8366600265340756,0.7,2.0,0.0,1.0,0.8,1.0,0.4472135954999579,0.2,1.0,1.0,1.0,1.0,1.0,0.0,0.0,0.0,0.0,2.0,0.6,0.0,0.8944271909999159,0.7999999999999999,2.0,0.0,0.0,0.0,0.0,0.0,0.0,0.0,0.0,0.0,0.0,0.0,0.0,0.0,0.0,0.0,1.0,0.4,0.0,0.5477225575051662,0.30000000000000004,1.0,0.0,0.0,0.0,0.0,0.0,0.0,0.0,0.0,1.0,0.4,0.0,0.5477225575051662,0.30000000000000004,1.0,3.0,0.0,5.0,0.0,0.0,0.0,0.0,3.0,0.0,0.0,2.0,0.0,0.0,0.0,0.0,0.0,0.0,0.0,0.0,0.0,0.0,0.0,0.0,0.0
647,1628,Fire Team 3.4-M2,-3,6,2,6,0,0,0,0,1,3,0,0,1,3,1,1,2.0,0.0,0.0,1.0,3.0,2.0,2.0,1.4142135623730951,2.0,2.0,1.0,1.0,1.0,1.0,0.0,0.0,0.0,1.0,1.0,1.0,1.0,0.0,0.0,0.0,0.0,1.0,0.5,0.5,0.7071067811865476,0.5,1.0,0.0,0.0,0.0,0.0,0.0,0.0,0.0,0.0,0.0,0.0,0.0,0.0,0.0,0.0,0.0,1.0,0.5,0.5,0.7071067811865476,0.5,1.0,0.0,0.0,0.0,0.0,0.0,0.0,0.0,0.0,1.0,0.5,0.5,0.7071067811865476,0.5,1.0,1.0,0.0,2.0,0.0,0.0,0.0,0.0,2.0,0.0,0.0,1.0,0.0,0.0,0.0,0.0,0.0,0.0,0.0,0.0,0.0,0.0,0.0,0.0,0.0
647,1645,Fire Team 3.4-M3,-3,6,1,3,1,3,0,0,1,3,0,0,1,3,1,1,2.0,0.0,1.0,0.0,1.0,0.5,0.5,0.7071067811865476,0.5,1.0,0.0,1.0,0.5,0.5,0.7071067811865476,0.5,1.0,1.0,1.0,1.0,1.0,0.0,0.0,0.0,1.0,1.0,1.0,1.0,0.0,0.0,0.0,0.0,0.0,0.0,0.0,0.0,0.0,0.0,0.0,0.0,0.0,0.0,0.0,0.0,0.0,0.0,1.0,0.5,0.5,0.7071067811865476,0.5,1.0,0.0,0.0,0.0,0.0,0.0,0.0,0.0,0.0,2.0,1.0,1.0,1.4142135623730951,2.0,2.0,1.0,0.0,1.0,0.0,0.0,0.0,0.0,1.0,0.0,0.0,1.0,0.0,0.0,0.0,0.0,0.0,0.0,0.0,0.0,0.0,0.0,1.0,0.0,0.0
647,1648,Enterprise 3.4-M3,3,14,0,0,0,0,0,0,0,0,0,0,0,0,1,1,1.0,0.0,0.0,1.0,1.0,1.0,1.0,0.0,0.0,0.0,2.0,2.0,2.0,2.0,0.0,0.0,0.0,1.0,1.0,1.0,1.0,0.0,0.0,0.0,0.0,0.0,0.0,0.0,0.0,0.0,0.0,0.0,0.0,0.0,0.0,0.0,0.0,0.0,0.0,0.0,0.0,0.0,0.0,0.0,0.0,0.0,0.0,0.0,0.0,0.0,0.0,0.0,1.0,1.0,1.0,1.0,0.0,0.0,0.0,0.0,0.0,0.0,0.0,0.0,0.0,0.0,0.0,0.0,1.0,0.0,0.0,0.0,0.0,1.0,0.0,0.0,1.0,0.0,0.0,0.0,0.0,0.0,0.0,0.0,0.0,0.0,0.0,0.0,0.0,0.0
647,1706,Blue 3.5,0,29,0,0,1,3,0,0,1,3,0,0,0,0,1,1,1.0,0.0,1.0,1.0,1.0,1.0,1.0,0.0,0.0,0.0,1.0,1.0,1.0,1.0,0.0,0.0,0.0,0.0,0.0,0.0,0.0,0.0,0.0,0.0,0.0,0.0,0.0,0.0,0.0,0.0,0.0,0.0,0.0,0.0,0.0,0.0,0.0,0.0,0.0,0.0,0.0,0.0,0.0,0.0,0.0,0.0,0.0,0.0,0.0,0.0,0.0,0.0,0.0,0.0,0.0,0.0,0.0,0.0,0.0,0.0,0.0,0.0,0.0,0.0,0.0,0.0,0.0,0.0,1.0,0.0,0.0,0.0,0.0,0.0,0.0,0.0,1.0,0.0,0.0,0.0,0.0,0.0,0.0,0.0,0.0,0.0,0.0,0.0,0.0,0.0
647,1709,Enterprise 3.5-M1,-3,7,0,0,1,3,0,0,0,0,1,3,0,0,1,1,1.0,0.0,0.0,0.0,0.0,0.0,0.0,0.0,0.0,0.0,0.0,0.0,0.0,0.0,0.0,0.0,0.0,4.0,4.0,4.0,4.0,0.0,0.0,0.0,0.0,0.0,0.0,0.0,0.0,0.0,0.0,0.0,0.0,0.0,0.0,0.0,0.0,0.0,0.0,0.0,0.0,0.0,0.0,0.0,0.0,0.0,0.0,0.0,0.0,0.0,0.0,0.0,0.0,0.0,0.0,0.0,0.0,0.0,0.0,0.0,0.0,0.0,0.0,0.0,0.0,0.0,0.0,0.0,0.0,0.0,0.0,0.0,0.0,1.0,0.0,0.0,1.0,0.0,0.0,0.0,0.0,0.0,0.0,0.0,0.0,0.0,0.0,1.0,0.0,0.0
647,1728,Enterprise 3.5-M2,3,7,1,3,2,6,0,0,3,9,0,0,0,0,1,2,4.0,0.0,2.0,0.0,2.0,0.5,0.0,1.0,1.0,2.0,0.0,3.0,1.25,1.0,1.2583057392117916,1.5833333333333333,3.0,1.0,5.0,3.25,3.5,1.707825127659933,2.9166666666666665,4.0,0.0,0.0,0.0,0.0,0.0,0.0,0.0,0.0,0.0,0.0,0.0,0.0,0.0,0.0,0.0,0.0,0.0,0.0,0.0,0.0,0.0,1.0,9.0,5.25,5.5,3.304037933599835,10.916666666666666,8.0,0.0,1.0,0.25,0.0,0.5,0.25,1.0,0.0,4.0,2.25,2.5,2.0615528128088303,4.25,4.0,1.0,0.0,2.0,0.0,0.0,0.0,0.0,2.0,0.0,0.0,3.0,0.0,0.0,0.0,0.0,0.0,0.0,0.0,0.0,0.0,0.0,2.0,0.0,0.0
647,1750,Fire Team 3.5-W4,0,6,0,0,1,3,0,0,0,0,0,0,1,3,1,1,1.0,0.0,1.0,7.0,7.0,7.0,7.0,0.0,0.0,0.0,1.0,1.0,1.0,1.0,0.0,0.0,0.0,3.0,3.0,3.0,3.0,0.0,0.0,0.0,0.0,0.0,0.0,0.0,0.0,0.0,0.0,0.0,0.0,0.0,0.0,0.0,0.0,0.0,0.0,0.0,0.0,0.0,0.0,0.0,0.0,3.0,3.0,3.0,3.0,0.0,0.0,0.0,0.0,0.0,0.0,0.0,0.0,0.0,0.0,1.0,1.0,1.0,1.0,0.0,0.0,0.0,0.0,0.0,1.0,0.0,0.0,0.0,0.0,0.0,0.0,0.0,1.0,0.0,0.0,0.0,0.0,0.0,0.0,0.0,0.0,0.0,0.0,0.0,0.0,0.0
647,1754,Enterprise 3.5-M4,3,37,0,0,0,0,0,0,0,0,0,0,0,0,1,1,1.0,0.0,1.0,0.0,0.0,0.0,0.0,0.0,0.0,0.0,1.0,1.0,1.0,1.0,0.0,0.0,0.0,2.0,2.0,2.0,2.0,0.0,0.0,0.0,0.0,0.0,0.0,0.0,0.0,0.0,0.0,0.0,0.0,0.0,0.0,0.0,0.0,0.0,0.0,0.0,0.0,0.0,0.0,0.0,0.0,2.0,2.0,2.0,2.0,0.0,0.0,0.0,0.0,0.0,0.0,0.0,0.0,0.0,0.0,0.0,0.0,0.0,0.0,0.0,0.0,0.0,0.0,0.0,1.0,0.0,0.0,0.0,0.0,0.0,0.0,0.0,1.0,0.0,0.0,0.0,0.0,0.0,0.0,0.0,0.0,0.0,0.0,0.0,0.0,0.0
647,1777,Fire 3.6 W1,-3,6,0,0,2,6,1,3,0,0,1,3,0,0,1,1,2.0,0.0,0.0,0.0,1.0,0.5,0.5,0.7071067811865476,0.5,1.0,0.0,1.0,0.5,0.5,0.7071067811865476,0.5,1.0,0.0,4.0,2.0,2.0,2.8284271247461903,8.0,4.0,1.0,2.0,1.5,1.5,0.7071067811865476,0.5,1.0,0.0,0.0,0.0,0.0,0.0,0.0,0.0,0.0,0.0,0.0,0.0,0.0,0.0,0.0,0.0,1.0,0.5,0.5,0.7071067811865476,0.5,1.0,0.0,1.0,0.5,0.5,0.7071067811865476,0.5,1.0,2.0,2.0,2.0,2.0,0.0,0.0,0.0,0.0,0.0,2.0,0.0,0.0,0.0,0.0,1.0,0.0,0.0,2.0,0.0,0.0,0.0,0.0,0.0,0.0,0.0,0.0,0.0,0.0,0.0,0.0,0.0
647,1781,Mono-sprint,-6,42,29,87,4,12,1,3,18,54,10,30,4,12,1,10,44.0,0.0,25.0,0.0,10.0,1.6590909090909092,0.5,2.5874759346655907,6.695031712473573,10.0,0.0,5.0,1.0,1.0,1.275894579008856,1.627906976744186,5.0,0.0,6.0,1.0454545454545454,1.0,1.1402681335942375,1.300211416490486,6.0,0.0,10.0,1.5909090909090908,1.0,1.8716760529956284,3.5031712473572942,10.0,0.0,0.0,0.0,0.0,0.0,0.0,0.0,0.0,0.0,0.0,0.0,0.0,0.0,0.0,0.0,2.0,0.11363636363636363,0.0,0.3867520743564635,0.14957716701902748,2.0,0.0,3.0,0.36363636363636365,0.0,0.6134503672388982,0.37632135306553904,3.0,0.0,6.0,0.9318181818181818,0.0,1.3876151076950676,1.925475687103594,6.0,17.0,0.0,43.0,0.0,1.0,0.0,0.0,13.0,0.0,2.0,27.0,0.0,0.0,0.0,0.0,0.0,0.0,0.0,0.0,0.0,0.0,0.0,0.0,0.0
647,1782,Enterprise 3.6-M1,0,7,2,6,0,0,0,0,1,3,1,3,0,0,1,1,2.0,0.0,1.0,0.0,0.0,0.0,0.0,0.0,0.0,0.0,1.0,5.0,3.0,3.0,2.8284271247461903,8.0,4.0,1.0,3.0,2.0,2.0,1.4142135623730951,2.0,2.0,0.0,0.0,0.0,0.0,0.0,0.0,0.0,0.0,0.0,0.0,0.0,0.0,0.0,0.0,0.0,0.0,0.0,0.0,0.0,0.0,0.0,0.0,0.0,0.0,0.0,0.0,0.0,0.0,0.0,1.0,0.5,0.5,0.7071067811865476,0.5,1.0,1.0,3.0,2.0,2.0,1.4142135623730951,2.0,2.0,0.0,0.0,2.0,0.0,0.0,0.0,0.0,0.0,0.0,1.0,2.0,0.0,0.0,0.0,0.0,0.0,0.0,0.0,0.0,0.0,0.0,0.0,0.0,0.0
647,1791,Fire 3.6 W2,-9,6,2,6,1,3,0,0,1,3,2,6,0,0,1,3,3.0,0.0,1.0,0.0,6.0,2.3333333333333335,1.0,3.2145502536643185,10.333333333333334,6.0,0.0,5.0,2.3333333333333335,2.0,2.5166114784235836,6.333333333333334,5.0,0.0,6.0,2.3333333333333335,1.0,3.214550253664318,10.333333333333332,6.0,0.0,2.0,1.3333333333333333,2.0,1.1547005383792517,1.3333333333333335,2.0,0.0,0.0,0.0,0.0,0.0,0.0,0.0,0.0,0.0,0.0,0.0,0.0,0.0,0.0,0.0,0.0,0.0,0.0,0.0,0.0,0.0,0.0,0.0,0.0,0.0,0.0,0.0,0.0,0.0,2.0,1.3333333333333333,2.0,1.1547005383792517,1.3333333333333335,2.0,1.0,0.0,3.0,0.0,0.0,0.0,0.0,0.0,0.0,1.0,2.0,0.0,0.0,0.0,0.0,0.0,0.0,0.0,0.0,0.0,0.0,0.0,0.0,0.0
647,1815,Toothless,-13,9,4,17,2,7,3,11,3,13,0,0,0,0,1,9,6.0,0.0,5.0,0.0,9.0,2.0,1.0,3.4641016151377544,12.0,9.0,0.0,3.0,1.1666666666666667,1.0,1.3291601358251257,1.7666666666666668,3.0,1.0,2.0,1.6666666666666667,2.0,0.5163977794943223,0.2666666666666667,1.0,0.0,2.0,0.6666666666666666,0.0,1.0327955589886446,1.0666666666666669,2.0,0.0,0.0,0.0,0.0,0.0,0.0,0.0,0.0,0.0,0.0,0.0,0.0,0.0,0.0,0.0,5.0,0.8333333333333334,0.0,2.0412414523193148,4.166666666666666,5.0,0.0,2.0,0.5,0.0,0.8366600265340756,0.7,2.0,0.0,13.0,3.3333333333333335,1.5,5.046450898073483,25.466666666666665,13.0,0.0,0.0,6.0,0.0,0.0,0.0,0.0,1.0,0.0,0.0,6.0,0.0,0.0,0.0,0.0,0.0,0.0,0.0,0.0,0.0,0.0,0.0,0.0,0.0
647,1833,Dragonfly,-19,10,2,16,2,8,1,5,2,11,1,8,0,0,1,5,4.0,0.0,1.0,0.0,9.0,3.75,3.0,3.774917217635375,14.25,9.0,0.0,2.0,0.75,0.5,0.9574271077563381,0.9166666666666666,2.0,1.0,2.0,1.5,1.5,0.5773502691896257,0.3333333333333333,1.0,0.0,2.0,0.5,0.0,1.0,1.0,2.0,0.0,0.0,0.0,0.0,0.0,0.0,0.0,0.0,0.0,0.0,0.0,0.0,0.0,0.0,0.0,0.0,0.0,0.0,0.0,0.0,0.0,0.0,2.0,1.0,1.0,0.816496580927726,0.6666666666666666,2.0,0.0,13.0,4.5,2.5,5.802298395176403,33.666666666666664,13.0,0.0,0.0,3.0,0.0,0.0,0.0,0.0,2.0,0.0,0.0,4.0,0.0,0.0,0.0,0.0,0.0,1.0,0.0,0.0,0.0,0.0,0.0,0.0,0.0
647,1839,JIRA Integration - 6,0,7,0,0,0,0,0,0,0,0,0,0,0,0,1,1,0.0,0.0,0.0,0.0,0.0,0.0,0.0,0.0,0.0,0.0,0.0,0.0,0.0,0.0,0.0,0.0,0.0,0.0,0.0,0.0,0.0,0.0,0.0,0.0,0.0,0.0,0.0,0.0,0.0,0.0,0.0,0.0,0.0,0.0,0.0,0.0,0.0,0.0,0.0,0.0,0.0,0.0,0.0,0.0,0.0,0.0,0.0,0.0,0.0,0.0,0.0,0.0,0.0,0.0,0.0,0.0,0.0,0.0,0.0,0.0,0.0,0.0,0.0,0.0,0.0,0.0,0.0,0.0,0.0,0.0,0.0,0.0,0.0,0.0,0.0,0.0,0.0,0.0,0.0,0.0,0.0,0.0,0.0,0.0,0.0,0.0,0.0,0.0,0.0,0.0
647,1848,Innovation Week 3.6,0,4,1,3,3,9,1,3,3,9,0,0,0,0,1,3,7.0,0.0,4.0,0.0,8.0,1.7142857142857142,1.0,2.8702082220799308,8.238095238095237,8.0,0.0,1.0,0.2857142857142857,0.0,0.48795003647426655,0.23809523809523805,1.0,0.0,1.0,0.5714285714285714,1.0,0.5345224838248488,0.2857142857142857,1.0,0.0,2.0,0.8571428571428571,1.0,0.6900655593423541,0.47619047619047605,2.0,0.0,0.0,0.0,0.0,0.0,0.0,0.0,0.0,0.0,0.0,0.0,0.0,0.0,0.0,0.0,1.0,0.2857142857142857,0.0,0.48795003647426655,0.23809523809523805,1.0,0.0,1.0,0.42857142857142855,0.0,0.5345224838248488,0.2857142857142857,1.0,0.0,2.0,0.7142857142857143,1.0,0.7559289460184544,0.5714285714285714,2.0,0.0,0.0,3.0,0.0,2.0,0.0,0.0,0.0,1.0,0.0,7.0,0.0,0.0,0.0,0.0,0.0,2.0,0.0,0.0,0.0,0.0,0.0,0.0,0.0
647,1862,JIRA Integration - 7,3,7,0,0,0,0,0,0,0,0,0,0,0,0,1,1,1.0,0.0,1.0,0.0,0.0,0.0,0.0,0.0,0.0,0.0,0.0,0.0,0.0,0.0,0.0,0.0,0.0,0.0,0.0,0.0,0.0,0.0,0.0,0.0,0.0,0.0,0.0,0.0,0.0,0.0,0.0,0.0,0.0,0.0,0.0,0.0,0.0,0.0,0.0,0.0,0.0,0.0,0.0,0.0,0.0,0.0,0.0,0.0,0.0,0.0,0.0,0.0,0.0,0.0,0.0,0.0,0.0,0.0,0.0,0.0,0.0,0.0,0.0,0.0,0.0,0.0,0.0,0.0,1.0,0.0,0.0,0.0,0.0,0.0,0.0,0.0,1.0,0.0,0.0,0.0,0.0,0.0,0.0,0.0,0.0,0.0,0.0,0.0,0.0,0.0
647,1875,Fire 3.7-W1,0,6,1,3,0,0,0,0,0,0,1,3,0,0,1,1,1.0,0.0,0.0,1.0,1.0,1.0,1.0,0.0,0.0,0.0,1.0,1.0,1.0,1.0,0.0,0.0,0.0,1.0,1.0,1.0,1.0,0.0,0.0,0.0,0.0,0.0,0.0,0.0,0.0,0.0,0.0,0.0,0.0,0.0,0.0,0.0,0.0,0.0,0.0,0.0,0.0,0.0,0.0,0.0,0.0,4.0,4.0,4.0,4.0,0.0,0.0,0.0,1.0,1.0,1.0,1.0,0.0,0.0,0.0,1.0,1.0,1.0,1.0,0.0,0.0,0.0,0.0,0.0,1.0,0.0,0.0,0.0,0.0,1.0,0.0,0.0,1.0,0.0,0.0,0.0,0.0,0.0,0.0,0.0,0.0,0.0,0.0,0.0,0.0,0.0
647,1876,Dragonfly 2,-24,11,3,14,2,10,0,0,1,2,4,22,0,0,1,4,5.0,0.0,1.0,0.0,11.0,4.2,3.0,4.207136793592526,17.7,11.0,0.0,10.0,2.8,1.0,4.207136793592526,17.7,10.0,0.0,2.0,1.0,1.0,0.7071067811865476,0.5,2.0,0.0,6.0,1.8,1.0,2.489979919597747,6.200000000000001,6.0,0.0,0.0,0.0,0.0,0.0,0.0,0.0,0.0,0.0,0.0,0.0,0.0,0.0,0.0,0.0,1.0,0.2,0.0,0.44721359549995804,0.20000000000000007,1.0,0.0,1.0,0.4,0.0,0.5477225575051662,0.30000000000000004,1.0,0.0,7.0,2.0,1.0,2.9154759474226504,8.5,7.0,2.0,0.0,4.0,0.0,0.0,0.0,0.0,2.0,0.0,1.0,3.0,0.0,0.0,0.0,0.0,0.0,1.0,0.0,0.0,0.0,0.0,0.0,0.0,0.0
647,1878,Enterprise 3.7-M1,-9,38,1,3,2,6,0,0,3,9,0,0,0,0,1,1,3.0,0.0,2.0,0.0,5.0,2.0,1.0,2.6457513110645907,7.0,5.0,0.0,0.0,0.0,0.0,0.0,0.0,0.0,0.0,1.0,0.6666666666666666,1.0,0.5773502691896258,0.33333333333333337,1.0,0.0,2.0,1.0,1.0,1.0,1.0,2.0,0.0,0.0,0.0,0.0,0.0,0.0,0.0,0.0,0.0,0.0,0.0,0.0,0.0,0.0,0.0,0.0,0.0,0.0,0.0,0.0,0.0,0.0,1.0,0.6666666666666666,1.0,0.5773502691896258,0.33333333333333337,1.0,0.0,0.0,0.0,0.0,0.0,0.0,0.0,0.0,0.0,0.0,0.0,2.0,0.0,0.0,0.0,0.0,0.0,3.0,0.0,0.0,0.0,0.0,0.0,1.0,0.0,0.0,0.0,0.0,0.0,0.0,0.0
647,1881,Blue 3.7,3,24,0,0,1,3,0,0,0,0,1,3,0,0,1,1,2.0,0.0,0.0,1.0,23.0,12.0,12.0,15.556349186104045,242.0,22.0,0.0,1.0,0.5,0.5,0.7071067811865476,0.5,1.0,1.0,1.0,1.0,1.0,0.0,0.0,0.0,1.0,4.0,2.5,2.5,2.1213203435596424,4.5,3.0,0.0,0.0,0.0,0.0,0.0,0.0,0.0,0.0,0.0,0.0,0.0,0.0,0.0,0.0,0.0,4.0,2.0,2.0,2.8284271247461903,8.0,4.0,0.0,1.0,0.5,0.5,0.7071067811865476,0.5,1.0,0.0,4.0,2.0,2.0,2.8284271247461903,8.0,4.0,1.0,0.0,1.0,0.0,1.0,0.0,0.0,2.0,0.0,0.0,1.0,0.0,0.0,0.0,0.0,0.0,0.0,0.0,0.0,0.0,0.0,0.0,0.0,0.0
647,1900,Enterprise 3.7-M2,-12,7,3,9,1,3,0,0,3,9,1,3,0,0,1,1,7.0,0.0,2.0,0.0,5.0,0.8571428571428571,0.0,1.864454471471609,3.4761904761904763,5.0,0.0,3.0,0.7142857142857143,0.0,1.1126972805283735,1.238095238095238,3.0,0.0,2.0,1.1428571428571428,1.0,0.6900655593423541,0.4761904761904761,2.0,0.0,2.0,0.5714285714285714,0.0,0.7867957924694431,0.619047619047619,2.0,0.0,0.0,0.0,0.0,0.0,0.0,0.0,0.0,0.0,0.0,0.0,0.0,0.0,0.0,0.0,1.0,0.14285714285714285,0.0,0.37796447300922725,0.14285714285714288,1.0,0.0,1.0,0.2857142857142857,0.0,0.48795003647426666,0.23809523809523817,1.0,0.0,0.0,0.0,0.0,0.0,0.0,0.0,2.0,0.0,4.0,0.0,2.0,0.0,0.0,3.0,1.0,0.0,5.0,0.0,0.0,0.0,0.0,0.0,1.0,0.0,0.0,0.0,0.0,0.0,0.0,0.0
647,1904,Fire 3.7-W2,-3,4,0,0,1,3,0,0,0,0,1,3,0,0,1,1,1.0,0.0,1.0,0.0,0.0,0.0,0.0,0.0,0.0,0.0,1.0,1.0,1.0,1.0,0.0,0.0,0.0,1.0,1.0,1.0,1.0,0.0,0.0,0.0,0.0,0.0,0.0,0.0,0.0,0.0,0.0,0.0,0.0,0.0,0.0,0.0,0.0,0.0,0.0,0.0,0.0,0.0,0.0,0.0,0.0,0.0,0.0,0.0,0.0,0.0,0.0,0.0,0.0,0.0,0.0,0.0,0.0,0.0,0.0,3.0,3.0,3.0,3.0,0.0,0.0,0.0,0.0,0.0,1.0,0.0,0.0,0.0,0.0,0.0,0.0,0.0,1.0,0.0,0.0,0.0,0.0,0.0,0.0,0.0,0.0,0.0,0.0,0.0,0.0,0.0
647,1913,Fire 3.7-W3,0,6,1,3,0,0,0,0,0,0,0,0,1,3,1,1,2.0,0.0,1.0,0.0,0.0,0.0,0.0,0.0,0.0,0.0,0.0,1.0,0.5,0.5,0.7071067811865476,0.5,1.0,1.0,2.0,1.5,1.5,0.7071067811865476,0.5,1.0,0.0,0.0,0.0,0.0,0.0,0.0,0.0,0.0,0.0,0.0,0.0,0.0,0.0,0.0,0.0,0.0,0.0,0.0,0.0,0.0,0.0,0.0,1.0,0.5,0.5,0.7071067811865476,0.5,1.0,0.0,0.0,0.0,0.0,0.0,0.0,0.0,0.0,3.0,1.5,1.5,2.1213203435596424,4.5,3.0,0.0,0.0,2.0,0.0,0.0,0.0,0.0,0.0,0.0,0.0,2.0,0.0,0.0,1.0,0.0,0.0,0.0,0.0,0.0,0.0,0.0,0.0,0.0,0.0
647,1917,Dragonfly 3,-13,11,3,13,9,37,7,31,5,19,0,0,0,0,1,9,13.0,0.0,9.0,0.0,19.0,4.538461538461538,3.0,5.092729860879864,25.935897435897434,19.0,0.0,3.0,1.1538461538461537,1.0,1.1435437497937313,1.3076923076923077,3.0,0.0,2.0,1.5384615384615385,2.0,0.6602252917735248,0.43589743589743596,2.0,0.0,5.0,0.6923076923076923,0.0,1.4366984945013912,2.064102564102564,5.0,0.0,0.0,0.0,0.0,0.0,0.0,0.0,0.0,0.0,0.0,0.0,0.0,0.0,0.0,0.0,1.0,0.07692307692307693,0.0,0.2773500981126146,0.07692307692307694,1.0,0.0,3.0,0.6923076923076923,0.0,0.9473309334313418,0.8974358974358972,3.0,0.0,13.0,2.1538461538461537,1.0,3.848076442547927,14.807692307692308,13.0,3.0,0.0,13.0,0.0,0.0,0.0,0.0,2.0,1.0,1.0,10.0,0.0,0.0,0.0,0.0,0.0,0.0,0.0,0.0,0.0,0.0,0.0,0.0,0.0
647,1936,Enterprise 3.7-M4,-6,7,6,18,1,3,0,0,6,18,1,3,0,0,1,1,8.0,0.0,2.0,0.0,5.0,1.0,0.0,1.7728105208558367,3.142857142857143,5.0,0.0,3.0,0.625,0.0,1.0606601717798212,1.125,3.0,0.0,2.0,1.25,1.0,0.7071067811865476,0.5,2.0,0.0,2.0,0.75,0.5,0.8864052604279183,0.7857142857142857,2.0,0.0,0.0,0.0,0.0,0.0,0.0,0.0,0.0,0.0,0.0,0.0,0.0,0.0,0.0,0.0,2.0,0.625,0.0,0.9161253813129043,0.8392857142857143,2.0,0.0,1.0,0.25,0.0,0.4629100498862757,0.21428571428571427,1.0,0.0,2.0,0.375,0.0,0.7440238091428449,0.5535714285714286,2.0,2.0,0.0,5.0,0.0,2.0,0.0,0.0,4.0,1.0,0.0,6.0,0.0,0.0,0.0,0.0,0.0,1.0,0.0,0.0,0.0,0.0,0.0,0.0,0.0
647,1949,Fire 3.7-W5,3,6,0,0,0,0,0,0,0,0,0,0,0,0,1,1,1.0,0.0,1.0,0.0,0.0,0.0,0.0,0.0,0.0,0.0,0.0,0.0,0.0,0.0,0.0,0.0,0.0,1.0,1.0,1.0,1.0,0.0,0.0,0.0,0.0,0.0,0.0,0.0,0.0,0.0,0.0,0.0,0.0,0.0,0.0,0.0,0.0,0.0,0.0,0.0,0.0,0.0,0.0,0.0,0.0,0.0,0.0,0.0,0.0,0.0,0.0,0.0,0.0,0.0,0.0,0.0,0.0,0.0,0.0,0.0,0.0,0.0,0.0,0.0,0.0,0.0,1.0,0.0,1.0,0.0,0.0,0.0,0.0,0.0,0.0,0.0,0.0,0.0,0.0,0.0,0.0,0.0,0.0,0.0,0.0,0.0,0.0,0.0,0.0,0.0
647,1951,Innovation Week 3.7,-3,5,3,9,0,0,0,0,2,6,0,0,1,3,1,1,3.0,0.0,0.0,0.0,2.0,0.6666666666666666,0.0,1.1547005383792517,1.3333333333333335,2.0,0.0,1.0,0.3333333333333333,0.0,0.5773502691896258,0.33333333333333337,1.0,0.0,2.0,1.0,1.0,1.0,1.0,2.0,0.0,0.0,0.0,0.0,0.0,0.0,0.0,0.0,0.0,0.0,0.0,0.0,0.0,0.0,0.0,0.0,0.0,0.0,0.0,0.0,0.0,0.0,2.0,1.0,1.0,1.0,1.0,2.0,0.0,0.0,0.0,0.0,0.0,0.0,0.0,0.0,2.0,0.6666666666666666,0.0,1.1547005383792517,1.3333333333333335,2.0,1.0,0.0,2.0,0.0,0.0,0.0,0.0,2.0,0.0,0.0,2.0,0.0,0.0,0.0,0.0,0.0,1.0,0.0,0.0,0.0,0.0,0.0,0.0,0.0
647,1975,Dragonfly 4,-10,9,4,10,0,0,0,0,0,0,4,8,0,0,1,5,9.0,0.0,5.0,0.0,19.0,4.444444444444445,3.0,5.681353516353103,32.27777777777777,19.0,0.0,3.0,1.0,1.0,1.0,1.0,3.0,1.0,2.0,1.7777777777777777,2.0,0.4409585518440984,0.19444444444444442,1.0,0.0,2.0,0.5555555555555556,0.0,0.7264831572567789,0.5277777777777778,2.0,0.0,0.0,0.0,0.0,0.0,0.0,0.0,0.0,0.0,0.0,0.0,0.0,0.0,0.0,0.0,2.0,0.4444444444444444,0.0,0.8819171036881969,0.7777777777777778,2.0,0.0,3.0,0.7777777777777778,1.0,0.9718253158075502,0.9444444444444445,3.0,0.0,7.0,1.7777777777777777,1.0,2.3333333333333335,5.444444444444445,7.0,1.0,0.0,9.0,0.0,0.0,0.0,0.0,2.0,1.0,1.0,8.0,0.0,0.0,0.0,0.0,0.0,0.0,0.0,0.0,0.0,0.0,0.0,0.0,0.0
647,1981,Enterprise 3.8-M1,-9,14,1,3,4,12,0,0,1,3,3,9,1,3,1,1,5.0,0.0,0.0,0.0,4.0,1.6,1.0,1.816590212458495,3.3,4.0,0.0,3.0,0.8,0.0,1.3038404810405297,1.7000000000000002,3.0,1.0,2.0,1.4,1.0,0.5477225575051661,0.3,1.0,0.0,0.0,0.0,0.0,0.0,0.0,0.0,0.0,0.0,0.0,0.0,0.0,0.0,0.0,0.0,0.0,0.0,0.0,0.0,0.0,0.0,0.0,4.0,1.4,0.0,1.949358868961793,3.8000000000000003,4.0,0.0,1.0,0.2,0.0,0.44721359549995804,0.20000000000000007,1.0,0.0,3.0,1.0,1.0,1.224744871391589,1.5,3.0,1.0,0.0,3.0,0.0,0.0,0.0,0.0,2.0,0.0,0.0,4.0,0.0,0.0,1.0,0.0,0.0,2.0,0.0,0.0,0.0,0.0,0.0,0.0,0.0
647,1984,Fire 3.8-W1,0,6,1,3,0,0,0,0,0,0,0,0,1,3,1,1,2.0,0.0,2.0,0.0,5.0,2.5,2.5,3.5355339059327378,12.5,5.0,1.0,1.0,1.0,1.0,0.0,0.0,0.0,0.0,1.0,0.5,0.5,0.7071067811865476,0.5,1.0,0.0,1.0,0.5,0.5,0.7071067811865476,0.5,1.0,0.0,0.0,0.0,0.0,0.0,0.0,0.0,0.0,0.0,0.0,0.0,0.0,0.0,0.0,0.0,3.0,1.5,1.5,2.1213203435596424,4.5,3.0,0.0,0.0,0.0,0.0,0.0,0.0,0.0,0.0,1.0,0.5,0.5,0.7071067811865476,0.5,1.0,1.0,0.0,2.0,0.0,0.0,0.0,0.0,0.0,0.0,0.0,1.0,0.0,0.0,0.0,0.0,0.0,0.0,0.0,0.0,0.0,0.0,0.0,0.0,0.0
647,1985,Stash Blue 3.8,3,28,0,0,0,0,0,0,0,0,0,0,0,0,1,1,1.0,0.0,0.0,0.0,0.0,0.0,0.0,0.0,0.0,0.0,1.0,1.0,1.0,1.0,0.0,0.0,0.0,2.0,2.0,2.0,2.0,0.0,0.0,0.0,1.0,1.0,1.0,1.0,0.0,0.0,0.0,0.0,0.0,0.0,0.0,0.0,0.0,0.0,0.0,0.0,0.0,0.0,0.0,0.0,0.0,0.0,0.0,0.0,0.0,0.0,0.0,0.0,0.0,0.0,0.0,0.0,0.0,0.0,0.0,0.0,0.0,0.0,0.0,0.0,0.0,0.0,0.0,0.0,1.0,0.0,0.0,0.0,0.0,1.0,0.0,0.0,1.0,0.0,0.0,0.0,0.0,0.0,0.0,0.0,0.0,0.0,0.0,0.0,0.0,0.0
647,1997,Fire 3.8-W2,0,6,0,0,0,0,0,0,0,0,0,0,0,0,1,1,2.0,0.0,2.0,0.0,1.0,0.5,0.5,0.7071067811865476,0.5,1.0,0.0,1.0,0.5,0.5,0.7071067811865476,0.5,1.0,1.0,1.0,1.0,1.0,0.0,0.0,0.0,0.0,4.0,2.0,2.0,2.8284271247461903,8.0,4.0,0.0,0.0,0.0,0.0,0.0,0.0,0.0,0.0,0.0,0.0,0.0,0.0,0.0,0.0,0.0,0.0,0.0,0.0,0.0,0.0,0.0,0.0,0.0,0.0,0.0,0.0,0.0,0.0,0.0,1.0,0.5,0.5,0.7071067811865476,0.5,1.0,0.0,0.0,2.0,0.0,0.0,0.0,0.0,0.0,0.0,0.0,2.0,0.0,0.0,0.0,0.0,0.0,0.0,0.0,0.0,0.0,0.0,0.0,0.0,0.0
647,2022,Fire 3.8-W3,-6,6,2,6,0,0,0,0,1,3,1,3,0,0,1,3,3.0,0.0,3.0,0.0,1.0,0.6666666666666666,1.0,0.5773502691896258,0.33333333333333337,1.0,0.0,1.0,0.3333333333333333,0.0,0.5773502691896258,0.33333333333333337,1.0,1.0,1.0,1.0,1.0,0.0,0.0,0.0,0.0,4.0,1.3333333333333333,0.0,2.3094010767585034,5.333333333333334,4.0,0.0,0.0,0.0,0.0,0.0,0.0,0.0,0.0,0.0,0.0,0.0,0.0,0.0,0.0,0.0,0.0,0.0,0.0,0.0,0.0,0.0,0.0,0.0,0.0,0.0,0.0,0.0,0.0,0.0,1.0,0.6666666666666666,1.0,0.5773502691896258,0.33333333333333337,1.0,0.0,0.0,3.0,0.0,0.0,0.0,0.0,0.0,0.0,0.0,3.0,0.0,0.0,0.0,0.0,0.0,0.0,0.0,0.0,0.0,0.0,0.0,0.0,0.0
647,2027,Enterprise 3.8-M3,-6,7,3,9,0,0,0,0,0,0,2,6,1,3,1,1,3.0,0.0,0.0,0.0,4.0,1.3333333333333333,0.0,2.3094010767585034,5.333333333333334,4.0,0.0,1.0,0.3333333333333333,0.0,0.5773502691896258,0.33333333333333337,1.0,1.0,1.0,1.0,1.0,0.0,0.0,0.0,0.0,0.0,0.0,0.0,0.0,0.0,0.0,0.0,0.0,0.0,0.0,0.0,0.0,0.0,0.0,0.0,0.0,0.0,0.0,0.0,0.0,0.0,1.0,0.3333333333333333,0.0,0.5773502691896258,0.33333333333333337,1.0,0.0,1.0,0.3333333333333333,0.0,0.5773502691896258,0.33333333333333337,1.0,0.0,1.0,0.6666666666666666,1.0,0.5773502691896258,0.33333333333333337,1.0,1.0,0.0,1.0,0.0,0.0,0.0,0.0,1.0,0.0,0.0,2.0,0.0,0.0,0.0,0.0,0.0,2.0,0.0,0.0,0.0,0.0,0.0,0.0,0.0
647,2037,everest -16,0,7,0,0,0,0,0,0,0,0,0,0,0,0,1,1,0.0,0.0,0.0,0.0,0.0,0.0,0.0,0.0,0.0,0.0,0.0,0.0,0.0,0.0,0.0,0.0,0.0,0.0,0.0,0.0,0.0,0.0,0.0,0.0,0.0,0.0,0.0,0.0,0.0,0.0,0.0,0.0,0.0,0.0,0.0,0.0,0.0,0.0,0.0,0.0,0.0,0.0,0.0,0.0,0.0,0.0,0.0,0.0,0.0,0.0,0.0,0.0,0.0,0.0,0.0,0.0,0.0,0.0,0.0,0.0,0.0,0.0,0.0,0.0,0.0,0.0,0.0,0.0,0.0,0.0,0.0,0.0,0.0,0.0,0.0,0.0,0.0,0.0,0.0,0.0,0.0,0.0,0.0,0.0,0.0,0.0,0.0,0.0,0.0,0.0
647,2047,Fire 3.8-W4,-6,6,3,9,1,3,0,0,3,9,1,3,0,0,1,4,4.0,0.0,3.0,0.0,3.0,1.25,1.0,1.2583057392117916,1.5833333333333333,3.0,0.0,8.0,2.25,0.5,3.8622100754188224,14.916666666666666,8.0,1.0,2.0,1.25,1.0,0.5,0.25,1.0,0.0,8.0,3.0,2.0,3.8297084310253524,14.666666666666666,8.0,0.0,0.0,0.0,0.0,0.0,0.0,0.0,0.0,0.0,0.0,0.0,0.0,0.0,0.0,0.0,2.0,0.5,0.0,1.0,1.0,2.0,0.0,1.0,0.25,0.0,0.5,0.25,1.0,0.0,9.0,3.25,2.0,4.031128874149275,16.25,9.0,0.0,0.0,4.0,0.0,0.0,0.0,0.0,0.0,0.0,0.0,4.0,0.0,0.0,1.0,0.0,0.0,0.0,0.0,0.0,0.0,0.0,0.0,0.0,0.0
647,2048,Enterprise 3.8-M4,-3,14,2,6,0,0,0,0,2,6,0,0,0,0,1,1,2.0,0.0,0.0,0.0,4.0,2.0,2.0,2.8284271247461903,8.0,4.0,0.0,1.0,0.5,0.5,0.7071067811865476,0.5,1.0,1.0,1.0,1.0,1.0,0.0,0.0,0.0,0.0,0.0,0.0,0.0,0.0,0.0,0.0,0.0,0.0,0.0,0.0,0.0,0.0,0.0,0.0,0.0,0.0,0.0,0.0,0.0,0.0,0.0,0.0,0.0,0.0,0.0,0.0,0.0,0.0,1.0,0.5,0.5,0.7071067811865476,0.5,1.0,1.0,1.0,1.0,1.0,0.0,0.0,0.0,0.0,0.0,1.0,0.0,0.0,0.0,0.0,1.0,0.0,0.0,2.0,0.0,0.0,0.0,0.0,0.0,1.0,0.0,0.0,0.0,0.0,0.0,0.0,0.0
647,2054,Innovation of Smaug - 17,5,7,0,0,0,0,0,0,0,0,0,0,0,0,1,2,1.0,0.0,1.0,1.0,1.0,1.0,1.0,0.0,0.0,0.0,0.0,0.0,0.0,0.0,0.0,0.0,0.0,0.0,0.0,0.0,0.0,0.0,0.0,0.0,0.0,0.0,0.0,0.0,0.0,0.0,0.0,0.0,0.0,0.0,0.0,0.0,0.0,0.0,0.0,0.0,0.0,0.0,0.0,0.0,0.0,0.0,0.0,0.0,0.0,0.0,0.0,0.0,0.0,0.0,0.0,0.0,0.0,0.0,0.0,1.0,1.0,1.0,1.0,0.0,0.0,0.0,1.0,0.0,1.0,0.0,0.0,0.0,0.0,0.0,0.0,0.0,0.0,0.0,0.0,0.0,0.0,0.0,0.0,0.0,0.0,0.0,0.0,0.0,0.0,0.0
647,2089,Fire 3.9-W1,-6,5,2,6,0,0,0,0,0,0,2,6,0,0,1,4,4.0,0.0,4.0,1.0,10.0,4.25,3.0,4.031128874149275,16.25,9.0,0.0,1.0,0.5,0.5,0.5773502691896257,0.3333333333333333,1.0,0.0,1.0,0.75,1.0,0.5,0.25,1.0,0.0,4.0,1.5,1.0,1.7320508075688772,3.0,4.0,0.0,0.0,0.0,0.0,0.0,0.0,0.0,0.0,0.0,0.0,0.0,0.0,0.0,0.0,0.0,0.0,0.0,0.0,0.0,0.0,0.0,0.0,0.0,0.0,0.0,0.0,0.0,0.0,0.0,9.0,2.5,0.5,4.358898943540674,19.0,9.0,1.0,0.0,4.0,0.0,0.0,0.0,0.0,0.0,0.0,0.0,3.0,0.0,0.0,0.0,0.0,0.0,0.0,0.0,0.0,0.0,0.0,0.0,0.0,0.0
647,2093,Enterprise 3.9-M1,-12,7,5,15,0,0,0,0,2,6,2,6,1,3,1,2,5.0,0.0,0.0,0.0,1.0,0.2,0.0,0.44721359549995804,0.20000000000000007,1.0,0.0,2.0,0.8,1.0,0.8366600265340756,0.7000000000000001,2.0,0.0,1.0,0.6,1.0,0.5477225575051662,0.30000000000000004,1.0,0.0,4.0,1.2,1.0,1.6431676725154982,2.6999999999999993,4.0,0.0,0.0,0.0,0.0,0.0,0.0,0.0,0.0,0.0,0.0,0.0,0.0,0.0,0.0,0.0,1.0,0.2,0.0,0.447213595499958,0.20000000000000004,1.0,0.0,1.0,0.2,0.0,0.44721359549995804,0.20000000000000007,1.0,0.0,3.0,0.8,0.0,1.30384048104053,1.7000000000000006,3.0,1.0,0.0,5.0,0.0,0.0,0.0,0.0,2.0,0.0,2.0,4.0,0.0,0.0,0.0,0.0,0.0,0.0,0.0,0.0,0.0,0.0,0.0,0.0,0.0
647,2106,Fire 3.9-W2,0,6,0,0,4,12,0,0,4,12,0,0,0,0,1,4,7.0,0.0,5.0,1.0,11.0,3.857142857142857,2.0,3.625307868699863,13.142857142857144,10.0,0.0,3.0,1.1428571428571428,1.0,1.0690449676496976,1.1428571428571428,3.0,0.0,2.0,1.0,1.0,0.5773502691896257,0.3333333333333333,2.0,0.0,4.0,1.4285714285714286,1.0,1.3972762620115438,1.9523809523809523,4.0,0.0,0.0,0.0,0.0,0.0,0.0,0.0,0.0,0.0,0.0,0.0,0.0,0.0,0.0,0.0,0.0,0.0,0.0,0.0,0.0,0.0,0.0,1.0,0.14285714285714285,0.0,0.37796447300922725,0.14285714285714288,1.0,0.0,9.0,2.4285714285714284,1.0,3.2071349029490928,10.285714285714286,9.0,1.0,0.0,7.0,0.0,0.0,0.0,0.0,2.0,0.0,0.0,6.0,0.0,0.0,0.0,0.0,0.0,0.0,0.0,0.0,0.0,0.0,0.0,0.0,0.0
647,2109,Enterprise 3.9-M2,-15,7,6,18,0,0,0,0,4,12,1,3,1,3,1,2,6.0,0.0,0.0,0.0,3.0,0.6666666666666666,0.0,1.2110601416389968,1.466666666666667,3.0,0.0,2.0,0.6666666666666666,0.5,0.8164965809277261,0.6666666666666669,2.0,0.0,1.0,0.6666666666666666,1.0,0.5163977794943223,0.2666666666666667,1.0,0.0,1.0,0.5,0.5,0.5477225575051661,0.3,1.0,0.0,0.0,0.0,0.0,0.0,0.0,0.0,0.0,0.0,0.0,0.0,0.0,0.0,0.0,0.0,1.0,0.16666666666666666,0.0,0.408248290463863,0.16666666666666669,1.0,0.0,0.0,0.0,0.0,0.0,0.0,0.0,0.0,2.0,0.5,0.0,0.8366600265340756,0.7,2.0,0.0,0.0,4.0,0.0,0.0,0.0,0.0,2.0,0.0,1.0,6.0,0.0,0.0,0.0,0.0,0.0,2.0,0.0,0.0,0.0,0.0,0.0,0.0,0.0
647,2132,Fire 3.9-W3,0,20,3,9,0,0,2,6,0,0,0,0,1,3,1,2,3.0,0.0,2.0,1.0,11.0,6.0,6.0,5.0,25.0,10.0,1.0,3.0,1.6666666666666667,1.0,1.1547005383792517,1.3333333333333335,2.0,0.0,2.0,1.0,1.0,1.0,1.0,2.0,0.0,2.0,1.0,1.0,1.0,1.0,2.0,0.0,0.0,0.0,0.0,0.0,0.0,0.0,0.0,0.0,0.0,0.0,0.0,0.0,0.0,0.0,1.0,0.3333333333333333,0.0,0.5773502691896258,0.33333333333333337,1.0,0.0,0.0,0.0,0.0,0.0,0.0,0.0,0.0,4.0,1.6666666666666667,1.0,2.0816659994661326,4.333333333333333,4.0,1.0,0.0,3.0,0.0,0.0,0.0,0.0,1.0,0.0,0.0,2.0,0.0,0.0,0.0,0.0,0.0,0.0,0.0,0.0,0.0,0.0,0.0,0.0,0.0
647,2137,Enterprise 3.9-M3,-6,7,5,15,0,0,0,0,4,12,1,3,0,0,1,2,5.0,0.0,0.0,0.0,3.0,0.8,0.0,1.3038404810405297,1.7000000000000002,3.0,0.0,2.0,0.6,0.0,0.8944271909999157,0.7999999999999998,2.0,0.0,1.0,0.6,1.0,0.5477225575051662,0.30000000000000004,1.0,0.0,1.0,0.4,0.0,0.5477225575051662,0.30000000000000004,1.0,0.0,0.0,0.0,0.0,0.0,0.0,0.0,0.0,0.0,0.0,0.0,0.0,0.0,0.0,0.0,1.0,0.2,0.0,0.447213595499958,0.20000000000000004,1.0,0.0,0.0,0.0,0.0,0.0,0.0,0.0,0.0,2.0,0.6,0.0,0.8944271909999159,0.7999999999999999,2.0,0.0,0.0,3.0,0.0,0.0,0.0,0.0,1.0,0.0,1.0,5.0,0.0,0.0,0.0,0.0,0.0,2.0,0.0,0.0,0.0,0.0,0.0,0.0,0.0
647,2149,Enterprise 3.9-M4,0,7,0,0,2,6,0,0,1,3,1,3,0,0,1,2,2.0,0.0,0.0,0.0,1.0,0.5,0.5,0.7071067811865476,0.5,1.0,0.0,2.0,1.0,1.0,1.4142135623730951,2.0,2.0,0.0,1.0,0.5,0.5,0.7071067811865476,0.5,1.0,0.0,1.0,0.5,0.5,0.7071067811865476,0.5,1.0,0.0,0.0,0.0,0.0,0.0,0.0,0.0,0.0,0.0,0.0,0.0,0.0,0.0,0.0,0.0,0.0,0.0,0.0,0.0,0.0,0.0,0.0,0.0,0.0,0.0,0.0,0.0,0.0,0.0,0.0,0.0,0.0,0.0,0.0,0.0,0.0,0.0,1.0,0.0,0.0,0.0,0.0,0.0,0.0,1.0,2.0,0.0,0.0,0.0,0.0,0.0,1.0,0.0,0.0,0.0,0.0,0.0,0.0,0.0
647,2186,Fire 3.10 DoB W1,-3,6,3,9,6,18,0,0,6,18,2,6,1,3,1,4,22.0,0.0,16.0,0.0,12.0,1.5,0.0,2.9560269346024635,8.738095238095237,12.0,0.0,2.0,0.9545454545454546,1.0,0.7854190708679772,0.6168831168831167,2.0,0.0,3.0,1.0,1.0,0.7559289460184544,0.5714285714285714,3.0,0.0,3.0,0.5,0.0,0.8017837257372732,0.6428571428571429,3.0,0.0,0.0,0.0,0.0,0.0,0.0,0.0,0.0,0.0,0.0,0.0,0.0,0.0,0.0,0.0,3.0,0.13636363636363635,0.0,0.6396021490668313,0.4090909090909091,3.0,0.0,2.0,0.22727272727272727,0.0,0.5284134548067253,0.27922077922077915,2.0,0.0,4.0,1.0454545454545454,1.0,1.2901558682973793,1.6645021645021645,4.0,5.0,0.0,22.0,0.0,0.0,0.0,0.0,3.0,3.0,0.0,17.0,0.0,0.0,0.0,0.0,0.0,0.0,0.0,0.0,0.0,0.0,0.0,0.0,0.0
647,2218,Fire 3.10 DoB W2,-18,6,0,0,15,45,0,0,7,21,6,18,2,6,1,8,26.0,0.0,21.0,0.0,12.0,1.8461538461538463,0.0,3.596579571674261,12.935384615384612,12.0,0.0,3.0,1.1538461538461537,1.0,0.8805592628464114,0.7753846153846154,3.0,0.0,2.0,0.6153846153846154,1.0,0.5710988059467872,0.3261538461538461,2.0,0.0,3.0,0.6538461538461539,0.0,0.9356199096773301,0.8753846153846154,3.0,0.0,0.0,0.0,0.0,0.0,0.0,0.0,0.0,0.0,0.0,0.0,0.0,0.0,0.0,0.0,16.0,0.6538461538461539,0.0,3.136141676548529,9.835384615384617,16.0,0.0,3.0,0.5384615384615384,0.0,0.8593378488473196,0.7384615384615387,3.0,0.0,5.0,0.8846153846153846,1.0,1.1428708790383304,1.3061538461538462,5.0,6.0,0.0,26.0,0.0,0.0,0.0,0.0,2.0,1.0,2.0,20.0,0.0,0.0,0.0,0.0,0.0,0.0,0.0,0.0,0.0,0.0,0.0,0.0,0.0
647,2235,Fire 3.10 DoB W3,-45,6,17,51,1,3,0,0,11,33,5,15,2,6,1,6,18.0,0.0,16.0,0.0,14.0,2.5555555555555554,0.0,4.604629667962991,21.202614379084963,14.0,0.0,3.0,1.1111111111111112,1.0,0.9633818428657449,0.9281045751633987,3.0,0.0,1.0,0.5555555555555556,1.0,0.5113099925649136,0.26143790849673204,1.0,0.0,2.0,0.6666666666666666,1.0,0.6859943405700354,0.47058823529411764,2.0,0.0,0.0,0.0,0.0,0.0,0.0,0.0,0.0,0.0,0.0,0.0,0.0,0.0,0.0,0.0,1.0,0.1111111111111111,0.0,0.3233808333817773,0.10457516339869281,1.0,0.0,4.0,0.6666666666666666,0.0,1.0846522890932808,1.1764705882352942,4.0,0.0,6.0,1.0555555555555556,0.5,1.5135553089341052,2.2908496732026147,6.0,6.0,0.0,18.0,0.0,0.0,0.0,0.0,2.0,0.0,0.0,12.0,0.0,0.0,0.0,0.0,0.0,0.0,0.0,0.0,0.0,0.0,0.0,0.0,0.0
647,2262,Fire 3.10 DoB W4,-9,7,5,15,3,9,0,0,1,3,4,12,3,9,1,4,8.0,0.0,5.0,0.0,5.0,1.125,1.0,1.6420805617960927,2.6964285714285716,5.0,0.0,3.0,1.25,1.0,1.0350983390135313,1.0714285714285714,3.0,0.0,1.0,0.875,1.0,0.3535533905932738,0.125,1.0,0.0,1.0,0.5,0.5,0.5345224838248488,0.2857142857142857,1.0,0.0,0.0,0.0,0.0,0.0,0.0,0.0,0.0,0.0,0.0,0.0,0.0,0.0,0.0,0.0,3.0,0.625,0.0,1.0606601717798212,1.125,3.0,0.0,1.0,0.375,0.0,0.5175491695067657,0.26785714285714285,1.0,0.0,2.0,0.625,0.5,0.7440238091428449,0.5535714285714286,2.0,2.0,0.0,8.0,0.0,0.0,0.0,0.0,2.0,1.0,0.0,6.0,0.0,0.0,0.0,0.0,0.0,0.0,0.0,0.0,0.0,0.0,0.0,0.0,0.0
647,2263,Enterprise 3.10-M4,0,7,0,0,0,0,0,0,0,0,0,0,0,0,1,1,1.0,0.0,0.0,0.0,0.0,0.0,0.0,0.0,0.0,0.0,3.0,3.0,3.0,3.0,0.0,0.0,0.0,1.0,1.0,1.0,1.0,0.0,0.0,0.0,0.0,0.0,0.0,0.0,0.0,0.0,0.0,0.0,0.0,0.0,0.0,0.0,0.0,0.0,0.0,0.0,0.0,0.0,0.0,0.0,0.0,0.0,0.0,0.0,0.0,0.0,0.0,0.0,0.0,0.0,0.0,0.0,0.0,0.0,0.0,0.0,0.0,0.0,0.0,0.0,0.0,0.0,0.0,0.0,1.0,0.0,0.0,0.0,0.0,1.0,0.0,0.0,1.0,0.0,0.0,0.0,0.0,0.0,0.0,0.0,0.0,0.0,0.0,0.0,0.0,0.0
647,2302,Stash Fire 3.11 W1,0,6,3,9,1,3,1,3,1,3,1,3,1,3,1,4,6.0,0.0,5.0,0.0,2.0,0.6666666666666666,0.5,0.816496580927726,0.6666666666666667,2.0,0.0,3.0,1.5,1.5,1.0488088481701516,1.1,3.0,0.0,2.0,1.0,1.0,0.6324555320336759,0.4,2.0,0.0,1.0,0.3333333333333333,0.0,0.5163977794943223,0.2666666666666667,1.0,0.0,0.0,0.0,0.0,0.0,0.0,0.0,0.0,0.0,0.0,0.0,0.0,0.0,0.0,0.0,1.0,0.16666666666666666,0.0,0.408248290463863,0.16666666666666669,1.0,0.0,1.0,0.5,0.5,0.5477225575051661,0.3,1.0,0.0,2.0,1.0,1.0,0.8944271909999159,0.8,2.0,0.0,0.0,6.0,0.0,0.0,0.0,0.0,1.0,0.0,0.0,6.0,0.0,0.0,0.0,0.0,0.0,0.0,0.0,0.0,0.0,0.0,0.0,0.0,0.0
647,2304,Stash Targaryens 3.11,-54,25,0,0,47,141,0,0,23,69,3,9,21,63,1,9,48.0,0.0,40.0,0.0,16.0,1.875,1.0,3.311006789097058,10.962765957446809,16.0,0.0,3.0,0.8333333333333334,1.0,0.6944562646748168,0.48226950354609927,3.0,0.0,1.0,0.5833333333333334,1.0,0.4982237954520137,0.24822695035460995,1.0,0.0,3.0,0.3958333333333333,0.0,0.736281148120753,0.5421099290780141,3.0,0.0,0.0,0.0,0.0,0.0,0.0,0.0,0.0,0.0,0.0,0.0,0.0,0.0,0.0,0.0,3.0,0.3958333333333333,0.0,0.6098337175989593,0.3718971631205673,3.0,0.0,4.0,0.3125,0.0,0.7192268307304401,0.5172872340425532,4.0,0.0,6.0,0.7083333333333334,0.0,1.4725622962415061,2.168439716312057,6.0,22.0,0.0,48.0,0.0,0.0,0.0,0.0,3.0,5.0,0.0,26.0,0.0,0.0,0.0,0.0,0.0,0.0,0.0,0.0,0.0,0.0,0.0,0.0,0.0
647,2307,Enterprise 3.11-M1,9,7,0,0,2,6,0,0,2,6,0,0,0,0,1,1,6.0,0.0,1.0,0.0,0.0,0.0,0.0,0.0,0.0,0.0,1.0,3.0,1.5,1.0,0.8366600265340756,0.7,2.0,1.0,2.0,1.5,1.5,0.5477225575051661,0.3,1.0,0.0,2.0,0.8333333333333334,1.0,0.752772652709081,0.5666666666666667,2.0,0.0,0.0,0.0,0.0,0.0,0.0,0.0,0.0,0.0,0.0,0.0,0.0,0.0,0.0,0.0,0.0,0.0,0.0,0.0,0.0,0.0,0.0,2.0,0.3333333333333333,0.0,0.816496580927726,0.6666666666666667,2.0,0.0,1.0,0.16666666666666666,0.0,0.408248290463863,0.16666666666666669,1.0,4.0,0.0,6.0,0.0,0.0,0.0,0.0,4.0,0.0,1.0,2.0,0.0,0.0,0.0,0.0,0.0,0.0,0.0,0.0,0.0,0.0,0.0,0.0,0.0
647,2323,Stash Fire 3.11 W2,-3,7,2,6,0,0,0,0,1,3,0,0,1,3,1,5,3.0,0.0,3.0,0.0,3.0,1.0,0.0,1.7320508075688772,3.0,3.0,0.0,2.0,1.0,1.0,1.0,1.0,2.0,1.0,1.0,1.0,1.0,0.0,0.0,0.0,0.0,1.0,0.3333333333333333,0.0,0.5773502691896258,0.33333333333333337,1.0,0.0,0.0,0.0,0.0,0.0,0.0,0.0,0.0,0.0,0.0,0.0,0.0,0.0,0.0,0.0,1.0,0.3333333333333333,0.0,0.5773502691896258,0.33333333333333337,1.0,0.0,0.0,0.0,0.0,0.0,0.0,0.0,0.0,2.0,0.6666666666666666,0.0,1.1547005383792517,1.3333333333333335,2.0,1.0,0.0,3.0,0.0,0.0,0.0,0.0,0.0,0.0,0.0,2.0,0.0,0.0,0.0,0.0,0.0,0.0,0.0,0.0,0.0,0.0,0.0,0.0,0.0
647,2344,Enterprise 3.11-M3,0,7,0,0,0,0,0,0,0,0,0,0,0,0,1,1,1.0,0.0,1.0,0.0,0.0,0.0,0.0,0.0,0.0,0.0,2.0,2.0,2.0,2.0,0.0,0.0,0.0,2.0,2.0,2.0,2.0,0.0,0.0,0.0,0.0,0.0,0.0,0.0,0.0,0.0,0.0,0.0,0.0,0.0,0.0,0.0,0.0,0.0,0.0,0.0,0.0,0.0,0.0,0.0,0.0,0.0,0.0,0.0,0.0,0.0,0.0,0.0,0.0,0.0,0.0,0.0,0.0,0.0,0.0,0.0,0.0,0.0,0.0,0.0,0.0,0.0,1.0,0.0,1.0,0.0,0.0,0.0,0.0,0.0,0.0,0.0,0.0,0.0,0.0,0.0,0.0,0.0,0.0,0.0,0.0,0.0,0.0,0.0,0.0,0.0
647,2346,Stash Fire 3.11 W3,0,7,1,3,0,0,0,0,0,0,0,0,1,3,1,2,1.0,0.0,1.0,0.0,0.0,0.0,0.0,0.0,0.0,0.0,1.0,1.0,1.0,1.0,0.0,0.0,0.0,1.0,1.0,1.0,1.0,0.0,0.0,0.0,0.0,0.0,0.0,0.0,0.0,0.0,0.0,0.0,0.0,0.0,0.0,0.0,0.0,0.0,0.0,0.0,0.0,0.0,0.0,0.0,0.0,1.0,1.0,1.0,1.0,0.0,0.0,0.0,0.0,0.0,0.0,0.0,0.0,0.0,0.0,2.0,2.0,2.0,2.0,0.0,0.0,0.0,0.0,0.0,1.0,0.0,0.0,0.0,0.0,0.0,0.0,0.0,1.0,0.0,0.0,0.0,0.0,0.0,0.0,0.0,0.0,0.0,0.0,0.0,0.0,0.0
647,2367,Enterprise 3.11-M4,0,7,0,0,1,3,0,0,0,0,0,0,1,3,1,1,1.0,0.0,1.0,1.0,1.0,1.0,1.0,0.0,0.0,0.0,2.0,2.0,2.0,2.0,0.0,0.0,0.0,2.0,2.0,2.0,2.0,0.0,0.0,0.0,0.0,0.0,0.0,0.0,0.0,0.0,0.0,0.0,0.0,0.0,0.0,0.0,0.0,0.0,0.0,0.0,0.0,0.0,0.0,0.0,0.0,1.0,1.0,1.0,1.0,0.0,0.0,0.0,0.0,0.0,0.0,0.0,0.0,0.0,0.0,0.0,0.0,0.0,0.0,0.0,0.0,0.0,1.0,0.0,1.0,0.0,0.0,0.0,0.0,0.0,0.0,0.0,0.0,0.0,0.0,0.0,0.0,0.0,0.0,0.0,0.0,0.0,0.0,0.0,0.0,0.0
647,2387,Enterprise 3.11-M5,3,7,0,0,0,0,0,0,0,0,0,0,0,0,1,1,1.0,0.0,1.0,0.0,0.0,0.0,0.0,0.0,0.0,0.0,2.0,2.0,2.0,2.0,0.0,0.0,0.0,1.0,1.0,1.0,1.0,0.0,0.0,0.0,0.0,0.0,0.0,0.0,0.0,0.0,0.0,0.0,0.0,0.0,0.0,0.0,0.0,0.0,0.0,0.0,0.0,0.0,0.0,0.0,0.0,0.0,0.0,0.0,0.0,0.0,0.0,0.0,0.0,0.0,0.0,0.0,0.0,0.0,0.0,0.0,0.0,0.0,0.0,0.0,0.0,0.0,0.0,0.0,1.0,0.0,0.0,0.0,0.0,0.0,0.0,0.0,1.0,0.0,0.0,0.0,0.0,0.0,0.0,0.0,0.0,0.0,0.0,0.0,0.0,0.0
647,2422,Enterprise 3.12-M1,0,7,0,0,0,0,0,0,0,0,0,0,0,0,1,2,3.0,0.0,1.0,1.0,3.0,1.6666666666666667,1.0,1.1547005383792517,1.3333333333333335,2.0,0.0,2.0,1.0,1.0,1.0,1.0,2.0,1.0,1.0,1.0,1.0,0.0,0.0,0.0,0.0,2.0,0.6666666666666666,0.0,1.1547005383792517,1.3333333333333335,2.0,0.0,0.0,0.0,0.0,0.0,0.0,0.0,0.0,0.0,0.0,0.0,0.0,0.0,0.0,0.0,2.0,0.6666666666666666,0.0,1.1547005383792517,1.3333333333333335,2.0,0.0,0.0,0.0,0.0,0.0,0.0,0.0,3.0,8.0,5.666666666666667,6.0,2.516611478423583,6.333333333333333,5.0,0.0,0.0,3.0,0.0,0.0,0.0,0.0,0.0,0.0,1.0,3.0,0.0,0.0,0.0,0.0,0.0,0.0,0.0,0.0,0.0,0.0,0.0,0.0,0.0
647,2440,Enterprise 3.12-M2,-18,7,7,21,0,0,0,0,2,6,4,12,1,3,1,5,8.0,0.0,4.0,0.0,16.0,3.125,1.5,5.303300858899107,28.125,16.0,0.0,2.0,0.625,0.5,0.7440238091428449,0.5535714285714286,2.0,0.0,1.0,0.75,1.0,0.4629100498862757,0.21428571428571427,1.0,0.0,2.0,0.375,0.0,0.7440238091428449,0.5535714285714286,2.0,0.0,0.0,0.0,0.0,0.0,0.0,0.0,0.0,0.0,0.0,0.0,0.0,0.0,0.0,0.0,3.0,0.375,0.0,1.0606601717798212,1.125,3.0,0.0,1.0,0.125,0.0,0.3535533905932738,0.125,1.0,0.0,8.0,2.125,0.0,3.226563851175781,10.410714285714286,8.0,2.0,0.0,8.0,0.0,0.0,0.0,0.0,1.0,0.0,1.0,6.0,0.0,0.0,0.0,0.0,0.0,0.0,0.0,0.0,0.0,0.0,0.0,0.0,0.0
657,1,Sprint 1,0,0,0,0,0,0,0,0,0,0,0,0,0,0,1,1,6.0,6.0,6.0,0.0,0.0,0.0,0.0,0.0,0.0,0.0,0.0,1.0,0.16666666666666666,0.0,0.408248290463863,0.16666666666666669,1.0,0.0,2.0,1.1666666666666667,1.5,0.9831920802501751,0.9666666666666668,2.0,0.0,1.0,0.16666666666666666,0.0,0.408248290463863,0.16666666666666669,1.0,0.0,0.0,0.0,0.0,0.0,0.0,0.0,0.0,0.0,0.0,0.0,0.0,0.0,0.0,0.0,0.0,0.0,0.0,0.0,0.0,0.0,0.0,0.0,0.0,0.0,0.0,0.0,0.0,0.0,0.0,0.0,0.0,0.0,0.0,0.0,6.0,0.0,0.0,0.0,0.0,0.0,0.0,0.0,0.0,0.0,0.0,0.0,0.0,0.0,0.0,0.0,0.0,0.0,0.0,0.0,0.0,0.0,0.0,0.0
657,2,Sprint 1,0,0,0,0,0,0,0,0,0,0,0,0,0,0,1,1,0.0,0.0,0.0,0.0,0.0,0.0,0.0,0.0,0.0,0.0,0.0,0.0,0.0,0.0,0.0,0.0,0.0,0.0,0.0,0.0,0.0,0.0,0.0,0.0,0.0,0.0,0.0,0.0,0.0,0.0,0.0,0.0,0.0,0.0,0.0,0.0,0.0,0.0,0.0,0.0,0.0,0.0,0.0,0.0,0.0,0.0,0.0,0.0,0.0,0.0,0.0,0.0,0.0,0.0,0.0,0.0,0.0,0.0,0.0,0.0,0.0,0.0,0.0,0.0,0.0,0.0,0.0,0.0,0.0,0.0,0.0,0.0,0.0,0.0,0.0,0.0,0.0,0.0,0.0,0.0,0.0,0.0,0.0,0.0,0.0,0.0,0.0,0.0,0.0,0.0
657,29,1.1-M4-Blue,0,6,0,0,0,0,0,0,0,0,0,0,0,0,1,1,0.0,0.0,0.0,0.0,0.0,0.0,0.0,0.0,0.0,0.0,0.0,0.0,0.0,0.0,0.0,0.0,0.0,0.0,0.0,0.0,0.0,0.0,0.0,0.0,0.0,0.0,0.0,0.0,0.0,0.0,0.0,0.0,0.0,0.0,0.0,0.0,0.0,0.0,0.0,0.0,0.0,0.0,0.0,0.0,0.0,0.0,0.0,0.0,0.0,0.0,0.0,0.0,0.0,0.0,0.0,0.0,0.0,0.0,0.0,0.0,0.0,0.0,0.0,0.0,0.0,0.0,0.0,0.0,0.0,0.0,0.0,0.0,0.0,0.0,0.0,0.0,0.0,0.0,0.0,0.0,0.0,0.0,0.0,0.0,0.0,0.0,0.0,0.0,0.0,0.0
657,909,Sprint 29,-12,43,22,66,0,0,0,0,17,51,4,12,1,3,1,1,27.0,0.0,18.0,0.0,5.0,0.9629629629629629,0.0,1.3150455236776897,1.7293447293447293,5.0,0.0,1.0,0.1111111111111111,0.0,0.32025630761017426,0.10256410256410257,1.0,0.0,1.0,0.8518518518518519,1.0,0.36201399289824565,0.13105413105413105,1.0,0.0,6.0,1.0,1.0,1.3587324409735149,1.8461538461538463,6.0,0.0,0.0,0.0,0.0,0.0,0.0,0.0,0.0,0.0,0.0,0.0,0.0,0.0,0.0,0.0,6.0,1.962962962962963,1.0,2.0282899481977705,4.113960113960114,6.0,0.0,0.0,0.0,0.0,0.0,0.0,0.0,0.0,3.0,0.48148148148148145,0.0,0.8024179982245189,0.6438746438746439,3.0,13.0,0.0,15.0,2.0,4.0,1.0,3.0,6.0,0.0,2.0,14.0,0.0,0.0,1.0,0.0,0.0,0.0,0.0,0.0,0.0,0.0,0.0,1.0,1.0
657,1145,Sprint 31,0,14,4,12,0,0,0,0,0,0,0,0,4,12,1,1,4.0,0.0,3.0,0.0,4.0,1.0,0.0,2.0,4.0,4.0,0.0,0.0,0.0,0.0,0.0,0.0,0.0,1.0,1.0,1.0,1.0,0.0,0.0,0.0,0.0,0.0,0.0,0.0,0.0,0.0,0.0,0.0,0.0,0.0,0.0,0.0,0.0,0.0,0.0,0.0,0.0,0.0,0.0,0.0,0.0,0.0,1.0,0.5,0.5,0.5773502691896257,0.3333333333333333,1.0,0.0,2.0,0.5,0.0,1.0,1.0,2.0,0.0,1.0,0.25,0.0,0.5,0.25,1.0,2.0,0.0,3.0,0.0,0.0,0.0,0.0,0.0,0.0,1.0,2.0,0.0,0.0,0.0,0.0,0.0,0.0,1.0,0.0,0.0,0.0,0.0,0.0,0.0
657,1349,Sprint 35,-6,14,5,15,2,6,0,0,5,15,2,6,0,0,1,1,10.0,0.0,9.0,0.0,2.0,0.4,0.0,0.6992058987801011,0.48888888888888893,2.0,0.0,0.0,0.0,0.0,0.0,0.0,0.0,0.0,1.0,0.9,1.0,0.31622776601683794,0.10000000000000002,1.0,0.0,1.0,0.1,0.0,0.31622776601683794,0.10000000000000002,1.0,0.0,0.0,0.0,0.0,0.0,0.0,0.0,0.0,0.0,0.0,0.0,0.0,0.0,0.0,0.0,3.0,0.6,0.0,0.9660917830792958,0.9333333333333331,3.0,0.0,0.0,0.0,0.0,0.0,0.0,0.0,0.0,2.0,0.4,0.0,0.6992058987801011,0.48888888888888904,2.0,5.0,0.0,8.0,0.0,2.0,0.0,0.0,1.0,0.0,0.0,5.0,0.0,0.0,0.0,0.0,0.0,0.0,0.0,0.0,0.0,0.0,0.0,0.0,0.0
703,1,Sprint 1,0,0,0,0,0,0,0,0,0,0,0,0,0,0,1,1,6.0,6.0,6.0,0.0,0.0,0.0,0.0,0.0,0.0,0.0,0.0,1.0,0.16666666666666666,0.0,0.408248290463863,0.16666666666666669,1.0,0.0,2.0,1.1666666666666667,1.5,0.9831920802501751,0.9666666666666668,2.0,0.0,1.0,0.16666666666666666,0.0,0.408248290463863,0.16666666666666669,1.0,0.0,0.0,0.0,0.0,0.0,0.0,0.0,0.0,0.0,0.0,0.0,0.0,0.0,0.0,0.0,0.0,0.0,0.0,0.0,0.0,0.0,0.0,0.0,0.0,0.0,0.0,0.0,0.0,0.0,0.0,0.0,0.0,0.0,0.0,0.0,6.0,0.0,0.0,0.0,0.0,0.0,0.0,0.0,0.0,0.0,0.0,0.0,0.0,0.0,0.0,0.0,0.0,0.0,0.0,0.0,0.0,0.0,0.0,0.0
703,4,Sprint 2,0,11,0,0,0,0,0,0,0,0,0,0,0,0,1,1,0.0,0.0,0.0,0.0,0.0,0.0,0.0,0.0,0.0,0.0,0.0,0.0,0.0,0.0,0.0,0.0,0.0,0.0,0.0,0.0,0.0,0.0,0.0,0.0,0.0,0.0,0.0,0.0,0.0,0.0,0.0,0.0,0.0,0.0,0.0,0.0,0.0,0.0,0.0,0.0,0.0,0.0,0.0,0.0,0.0,0.0,0.0,0.0,0.0,0.0,0.0,0.0,0.0,0.0,0.0,0.0,0.0,0.0,0.0,0.0,0.0,0.0,0.0,0.0,0.0,0.0,0.0,0.0,0.0,0.0,0.0,0.0,0.0,0.0,0.0,0.0,0.0,0.0,0.0,0.0,0.0,0.0,0.0,0.0,0.0,0.0,0.0,0.0,0.0,0.0
703,9,Sprint 1,-30,14,9,37,0,0,0,0,7,35,0,0,2,2,1,4,24.0,11.0,17.0,0.0,2.0,0.16666666666666666,0.0,0.4815434123430768,0.23188405797101447,2.0,0.0,0.0,0.0,0.0,0.0,0.0,0.0,0.0,2.0,0.4166666666666667,0.0,0.8297022339981068,0.6884057971014492,2.0,0.0,1.0,0.041666666666666664,0.0,0.2041241452319315,0.04166666666666667,1.0,0.0,0.0,0.0,0.0,0.0,0.0,0.0,0.0,0.0,0.0,0.0,0.0,0.0,0.0,0.0,2.0,0.16666666666666666,0.0,0.5646597025732799,0.3188405797101449,2.0,0.0,4.0,0.20833333333333334,0.0,0.832970935693524,0.6938405797101449,4.0,0.0,1.0,0.08333333333333333,0.0,0.28232985128663995,0.07971014492753623,1.0,23.0,4.0,4.0,2.0,1.0,1.0,1.0,4.0,2.0,1.0,1.0,0.0,0.0,0.0,0.0,0.0,0.0,0.0,0.0,0.0,0.0,0.0,0.0,0.0
703,10,Sprint 2,-38,14,9,44,0,0,0,0,8,43,0,0,1,1,1,1,23.0,10.0,14.0,0.0,2.0,0.17391304347826086,0.0,0.4910261901035311,0.24110671936758904,2.0,0.0,1.0,0.043478260869565216,0.0,0.2085144140570748,0.04347826086956523,1.0,0.0,2.0,0.8695652173913043,0.0,1.013739603739404,1.0276679841897236,2.0,0.0,1.0,0.043478260869565216,0.0,0.20851441405707477,0.04347826086956522,1.0,0.0,0.0,0.0,0.0,0.0,0.0,0.0,0.0,0.0,0.0,0.0,0.0,0.0,0.0,0.0,2.0,0.5217391304347826,0.0,0.897955517089759,0.8063241106719363,2.0,0.0,1.0,0.043478260869565216,0.0,0.2085144140570748,0.04347826086956523,1.0,0.0,0.0,0.0,0.0,0.0,0.0,0.0,22.0,4.0,3.0,2.0,1.0,2.0,1.0,6.0,2.0,1.0,1.0,0.0,0.0,0.0,0.0,0.0,0.0,0.0,0.0,0.0,0.0,0.0,0.0,0.0
703,14,Sprint 3,-49,14,10,49,0,0,0,0,9,44,1,5,0,0,1,2,24.0,10.0,15.0,0.0,2.0,0.16666666666666666,0.0,0.4815434123430768,0.23188405797101447,2.0,0.0,1.0,0.125,0.0,0.3378319623460881,0.11413043478260869,1.0,0.0,2.0,1.0833333333333333,2.0,1.0179547554081032,1.0362318840579712,2.0,0.0,1.0,0.08333333333333333,0.0,0.28232985128663995,0.07971014492753623,1.0,0.0,0.0,0.0,0.0,0.0,0.0,0.0,0.0,0.0,0.0,0.0,0.0,0.0,0.0,0.0,4.0,0.75,0.0,1.1515584902738285,1.326086956521739,4.0,0.0,1.0,0.041666666666666664,0.0,0.20412414523193154,0.04166666666666668,1.0,0.0,0.0,0.0,0.0,0.0,0.0,0.0,23.0,2.0,5.0,1.0,1.0,2.0,1.0,5.0,2.0,1.0,1.0,1.0,1.0,1.0,0.0,0.0,0.0,0.0,0.0,0.0,0.0,0.0,0.0,0.0
703,64,Sprint 4,-30,14,10,48,0,0,2,18,5,7,3,23,0,0,1,4,26.0,13.0,20.0,0.0,1.0,0.07692307692307693,0.0,0.271746488194703,0.07384615384615385,1.0,0.0,1.0,0.038461538461538464,0.0,0.19611613513818402,0.03846153846153846,1.0,0.0,2.0,1.0,1.0,1.019803902718557,1.04,2.0,0.0,1.0,0.19230769230769232,0.0,0.40191847623425014,0.16153846153846152,1.0,0.0,0.0,0.0,0.0,0.0,0.0,0.0,0.0,0.0,0.0,0.0,0.0,0.0,0.0,0.0,2.0,0.46153846153846156,0.0,0.8593378488473195,0.7384615384615384,2.0,0.0,1.0,0.07692307692307693,0.0,0.271746488194703,0.07384615384615385,1.0,0.0,1.0,0.038461538461538464,0.0,0.19611613513818402,0.03846153846153846,1.0,25.0,2.0,3.0,1.0,1.0,4.0,1.0,4.0,1.0,1.0,1.0,1.0,0.0,0.0,0.0,0.0,0.0,0.0,0.0,0.0,0.0,0.0,0.0,0.0
703,81,Sprint 5,-16,14,4,17,0,0,0,0,3,16,0,0,1,1,1,1,16.0,8.0,11.0,0.0,1.0,0.125,0.0,0.3415650255319866,0.11666666666666667,1.0,0.0,1.0,0.0625,0.0,0.25,0.0625,1.0,0.0,2.0,1.125,2.0,1.02469507659596,1.05,2.0,0.0,1.0,0.0625,0.0,0.25,0.0625,1.0,0.0,0.0,0.0,0.0,0.0,0.0,0.0,0.0,0.0,0.0,0.0,0.0,0.0,0.0,0.0,2.0,0.625,0.0,0.9574271077563381,0.9166666666666666,2.0,0.0,1.0,0.125,0.0,0.3415650255319866,0.11666666666666667,1.0,0.0,0.0,0.0,0.0,0.0,0.0,0.0,16.0,2.0,2.0,0.0,1.0,2.0,0.0,3.0,1.0,1.0,0.0,1.0,0.0,0.0,0.0,0.0,0.0,0.0,0.0,0.0,0.0,0.0,0.0,0.0
703,233,Sprint 6,-26,0,10,35,0,0,2,7,4,19,2,7,2,2,1,6,28.0,8.0,17.0,0.0,0.0,0.0,0.0,0.0,0.0,0.0,0.0,1.0,0.14285714285714285,0.0,0.35634832254989923,0.126984126984127,1.0,0.0,2.0,0.9285714285714286,1.0,0.8997354108424372,0.8095238095238094,2.0,0.0,2.0,0.2857142857142857,0.0,0.5345224838248488,0.28571428571428575,2.0,0.0,0.0,0.0,0.0,0.0,0.0,0.0,0.0,0.0,0.0,0.0,0.0,0.0,0.0,0.0,4.0,0.9642857142857143,0.0,1.4005856673692658,1.9616402116402114,4.0,0.0,1.0,0.10714285714285714,0.0,0.314970394174356,0.09920634920634921,1.0,0.0,2.0,0.14285714285714285,0.0,0.44839513942303283,0.20105820105820105,2.0,28.0,0.0,4.0,0.0,3.0,3.0,0.0,2.0,1.0,1.0,0.0,1.0,1.0,3.0,6.0,2.0,0.0,0.0,0.0,0.0,0.0,0.0,0.0,0.0
703,314,Sprint 5,0,4,0,0,0,0,0,0,0,0,0,0,0,0,1,1,3.0,3.0,3.0,0.0,0.0,0.0,0.0,0.0,0.0,0.0,0.0,1.0,0.3333333333333333,0.0,0.5773502691896258,0.33333333333333337,1.0,1.0,1.0,1.0,1.0,0.0,0.0,0.0,0.0,0.0,0.0,0.0,0.0,0.0,0.0,0.0,0.0,0.0,0.0,0.0,0.0,0.0,0.0,0.0,0.0,0.0,0.0,0.0,0.0,0.0,0.0,0.0,0.0,0.0,0.0,0.0,0.0,0.0,0.0,0.0,0.0,0.0,0.0,0.0,0.0,0.0,0.0,0.0,0.0,0.0,2.0,0.0,0.0,0.0,0.0,0.0,0.0,0.0,0.0,0.0,1.0,0.0,0.0,0.0,0.0,0.0,0.0,0.0,0.0,0.0,0.0,0.0,0.0,0.0
731,95,4.2.12,0,10,2,6,0,0,2,6,0,0,0,0,0,0,1,1,2.0,0.0,0.0,3.0,37.0,20.0,20.0,24.041630560342615,578.0,34.0,1.0,2.0,1.5,1.5,0.7071067811865476,0.5,1.0,1.0,2.0,1.5,1.5,0.7071067811865476,0.5,1.0,0.0,5.0,2.5,2.5,3.5355339059327378,12.5,5.0,0.0,0.0,0.0,0.0,0.0,0.0,0.0,0.0,0.0,0.0,0.0,0.0,0.0,0.0,0.0,1.0,0.5,0.5,0.7071067811865476,0.5,1.0,0.0,0.0,0.0,0.0,0.0,0.0,0.0,0.0,16.0,8.0,8.0,11.313708498984761,128.0,16.0,0.0,0.0,2.0,0.0,0.0,0.0,0.0,2.0,0.0,0.0,2.0,0.0,0.0,0.0,0.0,0.0,0.0,0.0,0.0,0.0,0.0,0.0,0.0,0.0
731,120,4.2.13,-3,4,1,3,0,0,0,0,1,3,0,0,0,0,1,1,1.0,0.0,0.0,9.0,9.0,9.0,9.0,0.0,0.0,0.0,2.0,2.0,2.0,2.0,0.0,0.0,0.0,1.0,1.0,1.0,1.0,0.0,0.0,0.0,4.0,4.0,4.0,4.0,0.0,0.0,0.0,0.0,0.0,0.0,0.0,0.0,0.0,0.0,0.0,0.0,0.0,0.0,0.0,0.0,0.0,0.0,0.0,0.0,0.0,0.0,0.0,0.0,1.0,1.0,1.0,1.0,0.0,0.0,0.0,0.0,0.0,0.0,0.0,0.0,0.0,0.0,0.0,0.0,1.0,0.0,0.0,0.0,0.0,0.0,0.0,1.0,1.0,0.0,0.0,0.0,0.0,0.0,0.0,0.0,0.0,0.0,0.0,0.0,0.0,0.0
731,131,Muppets Sprint 3,-3,7,3,9,0,0,0,0,1,3,2,6,0,0,1,2,4.0,0.0,1.0,0.0,11.0,4.5,3.5,4.795831523312719,23.0,11.0,1.0,2.0,1.5,1.5,0.5773502691896257,0.3333333333333333,1.0,1.0,1.0,1.0,1.0,0.0,0.0,0.0,0.0,4.0,1.5,1.0,1.9148542155126762,3.6666666666666665,4.0,0.0,0.0,0.0,0.0,0.0,0.0,0.0,0.0,0.0,0.0,0.0,0.0,0.0,0.0,0.0,3.0,1.0,0.5,1.4142135623730951,2.0,3.0,0.0,1.0,0.25,0.0,0.5,0.25,1.0,0.0,2.0,0.5,0.0,1.0,1.0,2.0,0.0,0.0,4.0,0.0,0.0,0.0,0.0,1.0,0.0,1.0,4.0,0.0,0.0,1.0,0.0,0.0,0.0,0.0,0.0,0.0,0.0,0.0,0.0,0.0
731,143,Muppets Sprint 4,-12,4,6,18,0,0,0,0,4,12,2,6,0,0,1,4,6.0,0.0,0.0,1.0,37.0,12.666666666666666,10.0,13.231276078544605,175.0666666666667,36.0,1.0,2.0,1.1666666666666667,1.0,0.408248290463863,0.16666666666666666,1.0,1.0,2.0,1.3333333333333333,1.0,0.5163977794943222,0.26666666666666666,1.0,0.0,10.0,4.166666666666667,4.0,3.371448748930742,11.366666666666665,10.0,0.0,0.0,0.0,0.0,0.0,0.0,0.0,0.0,0.0,0.0,0.0,0.0,0.0,0.0,0.0,5.0,0.8333333333333334,0.0,2.0412414523193148,4.166666666666666,5.0,0.0,1.0,0.3333333333333333,0.0,0.5163977794943223,0.2666666666666667,1.0,0.0,18.0,4.333333333333333,1.5,7.004760286167305,49.06666666666667,18.0,1.0,0.0,6.0,0.0,0.0,0.0,0.0,4.0,0.0,1.0,5.0,0.0,0.0,1.0,0.0,0.0,0.0,0.0,0.0,0.0,0.0,0.0,0.0,0.0
731,162,Muppets Sprint 3,-12,0,4,12,0,0,0,0,3,9,0,0,1,3,1,4,6.0,2.0,0.0,1.0,37.0,11.166666666666666,6.5,13.688194426828787,187.36666666666667,36.0,0.0,2.0,0.8333333333333334,1.0,0.752772652709081,0.5666666666666667,2.0,0.0,2.0,1.1666666666666667,1.0,0.752772652709081,0.5666666666666667,2.0,0.0,10.0,3.5,2.5,3.7282703764614498,13.9,10.0,0.0,0.0,0.0,0.0,0.0,0.0,0.0,0.0,0.0,0.0,0.0,0.0,0.0,0.0,0.0,2.0,0.8333333333333334,1.0,0.752772652709081,0.5666666666666667,2.0,0.0,1.0,0.16666666666666666,0.0,0.408248290463863,0.16666666666666669,1.0,0.0,19.0,5.0,3.0,7.155417527999327,51.2,19.0,2.0,0.0,4.0,0.0,0.0,0.0,0.0,2.0,0.0,1.0,4.0,0.0,0.0,3.0,0.0,0.0,0.0,0.0,0.0,0.0,0.0,0.0,0.0,0.0
731,163,Muppets Sprint 4,-6,4,4,12,0,0,0,0,2,6,1,3,1,3,1,4,6.0,2.0,0.0,1.0,37.0,11.333333333333334,6.5,13.75015151431673,189.06666666666666,36.0,0.0,2.0,0.8333333333333334,1.0,0.752772652709081,0.5666666666666667,2.0,0.0,2.0,1.1666666666666667,1.0,0.752772652709081,0.5666666666666667,2.0,0.0,10.0,3.5,2.5,3.7282703764614498,13.9,10.0,0.0,0.0,0.0,0.0,0.0,0.0,0.0,0.0,0.0,0.0,0.0,0.0,0.0,0.0,0.0,2.0,0.8333333333333334,1.0,0.752772652709081,0.5666666666666667,2.0,0.0,1.0,0.16666666666666666,0.0,0.408248290463863,0.16666666666666669,1.0,0.0,21.0,5.5,3.5,7.867655305108378,61.9,21.0,2.0,0.0,4.0,0.0,0.0,0.0,0.0,2.0,0.0,1.0,4.0,0.0,0.0,3.0,0.0,0.0,0.0,0.0,0.0,0.0,0.0,0.0,0.0,0.0
731,183,Muppets Sprint 5,-6,12,2,6,0,0,0,0,2,6,0,0,0,0,1,4,4.0,2.0,0.0,1.0,37.0,11.0,3.0,17.435595774162696,304.0,36.0,0.0,1.0,0.5,0.5,0.5773502691896257,0.3333333333333333,1.0,0.0,2.0,1.0,1.0,0.816496580927726,0.6666666666666666,2.0,0.0,5.0,1.75,1.0,2.217355782608345,4.916666666666667,5.0,0.0,0.0,0.0,0.0,0.0,0.0,0.0,0.0,0.0,0.0,0.0,0.0,0.0,0.0,0.0,2.0,0.75,0.5,0.9574271077563381,0.9166666666666666,2.0,0.0,0.0,0.0,0.0,0.0,0.0,0.0,0.0,21.0,6.0,1.5,10.099504938362077,102.0,21.0,1.0,0.0,2.0,0.0,0.0,0.0,0.0,1.0,0.0,0.0,3.0,0.0,0.0,3.0,0.0,0.0,0.0,0.0,0.0,0.0,0.0,0.0,0.0,0.0
731,184,Muppets Sprint 6,-6,2,3,9,0,0,0,0,2,6,0,0,1,3,1,4,5.0,2.0,0.0,1.0,37.0,9.0,1.0,15.748015748023622,248.0,36.0,0.0,1.0,0.6,1.0,0.5477225575051662,0.30000000000000004,1.0,0.0,2.0,1.2,1.0,0.8366600265340756,0.7000000000000001,2.0,0.0,5.0,1.4,1.0,2.073644135332772,4.3,5.0,0.0,0.0,0.0,0.0,0.0,0.0,0.0,0.0,0.0,0.0,0.0,0.0,0.0,0.0,0.0,2.0,0.6,0.0,0.8944271909999159,0.7999999999999999,2.0,0.0,0.0,0.0,0.0,0.0,0.0,0.0,0.0,21.0,4.8,0.0,9.148770409186145,83.70000000000002,21.0,1.0,0.0,3.0,0.0,0.0,0.0,0.0,1.0,0.0,1.0,4.0,0.0,0.0,3.0,0.0,0.0,0.0,0.0,0.0,0.0,0.0,0.0,0.0,0.0
731,185,Muppets Sprint 7,-6,14,2,6,0,0,0,0,2,6,0,0,0,0,1,4,4.0,2.0,0.0,1.0,37.0,11.0,3.0,17.435595774162696,304.0,36.0,0.0,1.0,0.5,0.5,0.5773502691896257,0.3333333333333333,1.0,0.0,2.0,1.0,1.0,0.816496580927726,0.6666666666666666,2.0,0.0,5.0,1.75,1.0,2.217355782608345,4.916666666666667,5.0,0.0,0.0,0.0,0.0,0.0,0.0,0.0,0.0,0.0,0.0,0.0,0.0,0.0,0.0,0.0,2.0,0.75,0.5,0.9574271077563381,0.9166666666666666,2.0,0.0,0.0,0.0,0.0,0.0,0.0,0.0,0.0,21.0,6.0,1.5,10.099504938362077,102.0,21.0,1.0,0.0,2.0,0.0,0.0,0.0,0.0,1.0,0.0,0.0,3.0,0.0,0.0,3.0,0.0,0.0,0.0,0.0,0.0,0.0,0.0,0.0,0.0,0.0
731,202,Muppets Sprint 8,-6,7,2,6,0,0,0,0,2,6,0,0,0,0,1,4,4.0,2.0,0.0,1.0,37.0,11.0,3.0,17.435595774162696,304.0,36.0,0.0,1.0,0.5,0.5,0.5773502691896257,0.3333333333333333,1.0,0.0,2.0,1.0,1.0,0.816496580927726,0.6666666666666666,2.0,0.0,5.0,1.75,1.0,2.217355782608345,4.916666666666667,5.0,0.0,0.0,0.0,0.0,0.0,0.0,0.0,0.0,0.0,0.0,0.0,0.0,0.0,0.0,0.0,2.0,0.75,0.5,0.9574271077563381,0.9166666666666666,2.0,0.0,0.0,0.0,0.0,0.0,0.0,0.0,0.0,21.0,6.0,1.5,10.099504938362077,102.0,21.0,1.0,0.0,2.0,0.0,0.0,0.0,0.0,1.0,0.0,0.0,3.0,0.0,0.0,3.0,0.0,0.0,0.0,0.0,0.0,0.0,0.0,0.0,0.0,0.0
731,313,Editor Sprint 8,-3,4,1,3,0,0,0,0,1,3,0,0,0,0,1,1,1.0,0.0,0.0,2.0,2.0,2.0,2.0,0.0,0.0,0.0,7.0,7.0,7.0,7.0,0.0,0.0,0.0,1.0,1.0,1.0,1.0,0.0,0.0,0.0,1.0,1.0,1.0,1.0,0.0,0.0,0.0,0.0,0.0,0.0,0.0,0.0,0.0,0.0,0.0,0.0,0.0,0.0,0.0,0.0,0.0,1.0,1.0,1.0,1.0,0.0,0.0,0.0,0.0,0.0,0.0,0.0,0.0,0.0,0.0,1.0,1.0,1.0,1.0,0.0,0.0,0.0,0.0,0.0,1.0,0.0,0.0,0.0,0.0,1.0,0.0,0.0,1.0,0.0,0.0,0.0,0.0,0.0,0.0,0.0,0.0,0.0,0.0,0.0,0.0,0.0
731,318,Editor Sprint 9 - Jingle Bells,-3,14,1,3,0,0,0,0,1,3,0,0,0,0,1,1,1.0,0.0,0.0,2.0,2.0,2.0,2.0,0.0,0.0,0.0,7.0,7.0,7.0,7.0,0.0,0.0,0.0,1.0,1.0,1.0,1.0,0.0,0.0,0.0,1.0,1.0,1.0,1.0,0.0,0.0,0.0,0.0,0.0,0.0,0.0,0.0,0.0,0.0,0.0,0.0,0.0,0.0,0.0,0.0,0.0,1.0,1.0,1.0,1.0,0.0,0.0,0.0,0.0,0.0,0.0,0.0,0.0,0.0,0.0,1.0,1.0,1.0,1.0,0.0,0.0,0.0,0.0,0.0,1.0,0.0,0.0,0.0,0.0,1.0,0.0,0.0,1.0,0.0,0.0,0.0,0.0,0.0,0.0,0.0,0.0,0.0,0.0,0.0,0.0,0.0
731,393,5.0.x Sprint 1,-3,14,1,3,0,0,0,0,0,0,1,3,0,0,1,1,4.0,2.0,4.0,0.0,0.0,0.0,0.0,0.0,0.0,0.0,0.0,1.0,0.5,0.5,0.5773502691896257,0.3333333333333333,1.0,1.0,1.0,1.0,1.0,0.0,0.0,0.0,0.0,1.0,0.25,0.0,0.5,0.25,1.0,0.0,0.0,0.0,0.0,0.0,0.0,0.0,0.0,0.0,0.0,0.0,0.0,0.0,0.0,0.0,0.0,0.0,0.0,0.0,0.0,0.0,0.0,0.0,0.0,0.0,0.0,0.0,0.0,0.0,0.0,0.0,0.0,0.0,0.0,0.0,2.0,0.0,2.0,0.0,0.0,0.0,0.0,0.0,0.0,0.0,2.0,0.0,0.0,0.0,0.0,0.0,0.0,0.0,0.0,0.0,0.0,0.0,0.0,0.0
731,412,5.0.x Sprint 2,-6,14,3,9,0,0,1,3,0,0,1,3,1,3,1,2,5.0,2.0,4.0,0.0,4.0,0.8,0.0,1.7888543819998322,3.200000000000001,4.0,0.0,1.0,0.6,1.0,0.5477225575051662,0.30000000000000004,1.0,1.0,1.0,1.0,1.0,0.0,0.0,0.0,0.0,1.0,0.2,0.0,0.44721359549995804,0.20000000000000007,1.0,0.0,0.0,0.0,0.0,0.0,0.0,0.0,0.0,0.0,0.0,0.0,0.0,0.0,0.0,0.0,1.0,0.2,0.0,0.44721359549995804,0.20000000000000007,1.0,0.0,0.0,0.0,0.0,0.0,0.0,0.0,0.0,4.0,1.4,0.0,1.9493588689617927,3.8,4.0,2.0,0.0,3.0,0.0,0.0,0.0,0.0,1.0,0.0,0.0,3.0,0.0,0.0,0.0,0.0,0.0,0.0,0.0,0.0,0.0,0.0,0.0,0.0,0.0
731,431,5.1.x Sprint 1,-9,14,3,9,1,3,0,0,2,6,1,3,1,3,1,3,4.0,0.0,1.0,0.0,5.0,2.5,2.5,2.0816659994661326,4.333333333333333,5.0,1.0,3.0,1.5,1.0,1.0,1.0,2.0,1.0,1.0,1.0,1.0,0.0,0.0,0.0,0.0,2.0,1.0,1.0,0.816496580927726,0.6666666666666666,2.0,0.0,0.0,0.0,0.0,0.0,0.0,0.0,0.0,0.0,0.0,0.0,0.0,0.0,0.0,0.0,2.0,0.75,0.5,0.9574271077563381,0.9166666666666666,2.0,0.0,1.0,0.5,0.5,0.5773502691896257,0.3333333333333333,1.0,0.0,4.0,1.75,1.5,2.0615528128088303,4.25,4.0,1.0,0.0,4.0,0.0,0.0,0.0,0.0,2.0,0.0,1.0,3.0,0.0,0.0,0.0,0.0,0.0,0.0,0.0,0.0,0.0,0.0,0.0,0.0,0.0
731,449,5.1.x Sprint 2,-9,14,4,12,0,0,1,3,1,3,1,3,1,3,1,5,13.0,9.0,7.0,0.0,8.0,1.5384615384615385,0.0,2.6336092033362575,6.935897435897437,8.0,1.0,3.0,1.1538461538461537,1.0,0.5547001962252291,0.30769230769230776,2.0,0.0,2.0,1.3846153846153846,1.0,0.6504436355879909,0.4230769230769231,2.0,0.0,2.0,0.3076923076923077,0.0,0.6304251719561152,0.3974358974358974,2.0,0.0,0.0,0.0,0.0,0.0,0.0,0.0,0.0,0.0,0.0,0.0,0.0,0.0,0.0,0.0,3.0,0.38461538461538464,0.0,0.869718492622904,0.7564102564102564,3.0,0.0,1.0,0.15384615384615385,0.0,0.3755338080994054,0.14102564102564105,1.0,0.0,4.0,1.7692307692307692,2.0,1.0919284281983377,1.1923076923076923,4.0,8.0,0.0,4.0,0.0,0.0,0.0,0.0,3.0,0.0,1.0,5.0,0.0,0.0,2.0,0.0,0.0,0.0,0.0,0.0,0.0,0.0,0.0,0.0,0.0
731,478,5.1.x Sprint 3,-3,14,3,9,0,0,0,0,3,9,0,0,0,0,1,4,14.0,9.0,7.0,0.0,6.0,1.0,0.0,1.7097008285302207,2.923076923076923,6.0,1.0,3.0,1.1428571428571428,1.0,0.5345224838248487,0.28571428571428564,2.0,0.0,2.0,1.3571428571428572,1.0,0.633323693776651,0.40109890109890123,2.0,0.0,2.0,0.2857142857142857,0.0,0.6112498455021267,0.37362637362637374,2.0,0.0,0.0,0.0,0.0,0.0,0.0,0.0,0.0,0.0,0.0,0.0,0.0,0.0,0.0,0.0,1.0,0.14285714285714285,0.0,0.3631365196012815,0.1318681318681319,1.0,0.0,1.0,0.14285714285714285,0.0,0.3631365196012815,0.1318681318681319,1.0,0.0,6.0,1.8571428571428572,2.0,1.4600918230947433,2.1318681318681314,6.0,8.0,0.0,5.0,0.0,0.0,0.0,0.0,4.0,0.0,0.0,6.0,0.0,0.0,3.0,0.0,0.0,0.0,0.0,0.0,0.0,0.0,0.0,0.0,0.0
731,500,5.1.x Sprint 4,-9,14,3,9,1,3,0,0,2,6,2,6,0,0,1,4,13.0,9.0,6.0,0.0,6.0,0.8461538461538461,0.0,1.7722938923964169,3.141025641025642,6.0,1.0,3.0,1.1538461538461537,1.0,0.5547001962252291,0.30769230769230776,2.0,0.0,2.0,1.3846153846153846,1.0,0.6504436355879909,0.4230769230769231,2.0,0.0,2.0,0.23076923076923078,0.0,0.5991446895152781,0.358974358974359,2.0,0.0,0.0,0.0,0.0,0.0,0.0,0.0,0.0,0.0,0.0,0.0,0.0,0.0,0.0,0.0,1.0,0.15384615384615385,0.0,0.37553380809940534,0.141025641025641,1.0,0.0,1.0,0.07692307692307693,0.0,0.2773500981126146,0.07692307692307694,1.0,0.0,3.0,1.4615384615384615,2.0,0.9674179220468452,0.9358974358974358,3.0,8.0,0.0,4.0,0.0,0.0,0.0,0.0,4.0,0.0,0.0,5.0,0.0,0.0,3.0,0.0,0.0,0.0,0.0,0.0,0.0,0.0,0.0,0.0,0.0
731,523,5.1.x Sprint 5,0,14,2,6,1,3,0,0,0,0,0,0,3,9,1,4,13.0,9.0,7.0,0.0,6.0,0.8461538461538461,0.0,1.7722938923964169,3.141025641025642,6.0,1.0,3.0,1.1538461538461537,1.0,0.5547001962252291,0.30769230769230776,2.0,0.0,2.0,1.3846153846153846,1.0,0.6504436355879909,0.4230769230769231,2.0,0.0,3.0,0.46153846153846156,0.0,0.9674179220468452,0.9358974358974358,3.0,0.0,0.0,0.0,0.0,0.0,0.0,0.0,0.0,0.0,0.0,0.0,0.0,0.0,0.0,0.0,2.0,1.2307692307692308,1.0,0.8320502943378437,0.6923076923076924,2.0,0.0,1.0,0.07692307692307693,0.0,0.2773500981126146,0.07692307692307694,1.0,0.0,3.0,1.4615384615384615,2.0,0.9674179220468452,0.9358974358974358,3.0,9.0,0.0,4.0,0.0,0.0,0.0,0.0,3.0,0.0,0.0,4.0,0.0,0.0,3.0,0.0,0.0,0.0,0.0,0.0,0.0,0.0,0.0,0.0,0.0
731,545,Sidebar V2 Sprint 1,0,14,1,3,0,0,0,0,0,0,0,0,1,3,1,1,1.0,0.0,1.0,0.0,0.0,0.0,0.0,0.0,0.0,0.0,1.0,1.0,1.0,1.0,0.0,0.0,0.0,1.0,1.0,1.0,1.0,0.0,0.0,0.0,3.0,3.0,3.0,3.0,0.0,0.0,0.0,0.0,0.0,0.0,0.0,0.0,0.0,0.0,0.0,0.0,0.0,0.0,0.0,0.0,0.0,1.0,1.0,1.0,1.0,0.0,0.0,0.0,0.0,0.0,0.0,0.0,0.0,0.0,0.0,1.0,1.0,1.0,1.0,0.0,0.0,0.0,1.0,0.0,1.0,0.0,0.0,0.0,0.0,0.0,0.0,0.0,0.0,0.0,0.0,0.0,0.0,0.0,0.0,0.0,0.0,0.0,0.0,0.0,0.0,0.0
731,590,Thunder 7,0,12,1,3,0,0,1,3,0,0,0,0,0,0,1,2,1.0,0.0,0.0,28.0,28.0,28.0,28.0,0.0,0.0,0.0,0.0,0.0,0.0,0.0,0.0,0.0,0.0,2.0,2.0,2.0,2.0,0.0,0.0,0.0,14.0,14.0,14.0,14.0,0.0,0.0,0.0,0.0,0.0,0.0,0.0,0.0,0.0,0.0,0.0,0.0,0.0,0.0,0.0,0.0,0.0,2.0,2.0,2.0,2.0,0.0,0.0,0.0,6.0,6.0,6.0,6.0,0.0,0.0,0.0,4.0,4.0,4.0,4.0,0.0,0.0,0.0,0.0,0.0,1.0,0.0,0.0,0.0,0.0,0.0,0.0,1.0,1.0,0.0,0.0,0.0,0.0,0.0,0.0,0.0,0.0,0.0,0.0,0.0,0.0,0.0
731,610,Thunder 8,0,14,0,0,1,3,0,0,0,0,0,0,1,3,1,3,1.0,0.0,0.0,33.0,33.0,33.0,33.0,0.0,0.0,0.0,0.0,0.0,0.0,0.0,0.0,0.0,0.0,2.0,2.0,2.0,2.0,0.0,0.0,0.0,14.0,14.0,14.0,14.0,0.0,0.0,0.0,0.0,0.0,0.0,0.0,0.0,0.0,0.0,0.0,0.0,0.0,0.0,0.0,0.0,0.0,4.0,4.0,4.0,4.0,0.0,0.0,0.0,6.0,6.0,6.0,6.0,0.0,0.0,0.0,7.0,7.0,7.0,7.0,0.0,0.0,0.0,0.0,0.0,1.0,0.0,0.0,0.0,0.0,0.0,0.0,1.0,1.0,0.0,0.0,0.0,0.0,0.0,0.0,0.0,0.0,0.0,0.0,0.0,0.0,0.0
731,617,Core Sprint 8,3,14,0,0,0,0,0,0,0,0,0,0,0,0,1,1,1.0,0.0,0.0,1.0,1.0,1.0,1.0,0.0,0.0,0.0,1.0,1.0,1.0,1.0,0.0,0.0,0.0,1.0,1.0,1.0,1.0,0.0,0.0,0.0,1.0,1.0,1.0,1.0,0.0,0.0,0.0,0.0,0.0,0.0,0.0,0.0,0.0,0.0,0.0,0.0,0.0,0.0,0.0,0.0,0.0,0.0,0.0,0.0,0.0,0.0,0.0,0.0,0.0,0.0,0.0,0.0,0.0,0.0,0.0,1.0,1.0,1.0,1.0,0.0,0.0,0.0,0.0,0.0,1.0,0.0,0.0,0.0,0.0,0.0,0.0,0.0,1.0,0.0,0.0,1.0,0.0,0.0,0.0,0.0,0.0,0.0,0.0,0.0,0.0,0.0
731,644,Editor Sprint 1,-8,9,1,8,0,0,0,0,0,0,1,8,0,0,1,1,1.0,0.0,0.0,20.0,20.0,20.0,20.0,0.0,0.0,0.0,8.0,8.0,8.0,8.0,0.0,0.0,0.0,3.0,3.0,3.0,3.0,0.0,0.0,0.0,7.0,7.0,7.0,7.0,0.0,0.0,0.0,0.0,0.0,0.0,0.0,0.0,0.0,0.0,0.0,0.0,0.0,0.0,0.0,0.0,0.0,0.0,0.0,0.0,0.0,0.0,0.0,0.0,1.0,1.0,1.0,1.0,0.0,0.0,0.0,3.0,3.0,3.0,3.0,0.0,0.0,0.0,0.0,0.0,1.0,0.0,0.0,0.0,0.0,0.0,0.0,1.0,1.0,0.0,0.0,0.0,0.0,0.0,0.0,0.0,0.0,0.0,0.0,0.0,0.0,0.0
731,665,Galaxy - Sprint 4,0,14,0,0,1,3,0,0,1,3,0,0,0,0,1,1,2.0,0.0,0.0,0.0,10.0,5.0,5.0,7.0710678118654755,50.0,10.0,0.0,1.0,0.5,0.5,0.7071067811865476,0.5,1.0,2.0,3.0,2.5,2.5,0.7071067811865476,0.5,1.0,0.0,5.0,2.5,2.5,3.5355339059327378,12.5,5.0,0.0,0.0,0.0,0.0,0.0,0.0,0.0,0.0,0.0,0.0,0.0,0.0,0.0,0.0,0.0,0.0,0.0,0.0,0.0,0.0,0.0,0.0,2.0,1.0,1.0,1.4142135623730951,2.0,2.0,0.0,4.0,2.0,2.0,2.8284271247461903,8.0,4.0,0.0,0.0,2.0,0.0,0.0,0.0,0.0,0.0,0.0,1.0,2.0,0.0,0.0,1.0,0.0,0.0,0.0,0.0,0.0,0.0,0.0,0.0,0.0,0.0
731,667,Enterprise Sprint 18,0,14,0,0,0,0,0,0,0,0,0,0,0,0,1,1,2.0,0.0,0.0,0.0,0.0,0.0,0.0,0.0,0.0,0.0,1.0,1.0,1.0,1.0,0.0,0.0,0.0,1.0,2.0,1.5,1.5,0.7071067811865476,0.5,1.0,0.0,1.0,0.5,0.5,0.7071067811865476,0.5,1.0,0.0,0.0,0.0,0.0,0.0,0.0,0.0,0.0,0.0,0.0,0.0,0.0,0.0,0.0,0.0,0.0,0.0,0.0,0.0,0.0,0.0,0.0,0.0,0.0,0.0,0.0,0.0,0.0,0.0,0.0,0.0,0.0,0.0,0.0,0.0,0.0,0.0,2.0,0.0,0.0,0.0,0.0,0.0,0.0,0.0,2.0,0.0,0.0,2.0,0.0,0.0,0.0,0.0,0.0,0.0,0.0,0.0,0.0,0.0
731,673,Editor 5.3 sprint 2,0,9,2,16,0,0,0,0,1,8,1,8,0,0,1,2,2.0,0.0,1.0,3.0,25.0,14.0,14.0,15.556349186104045,242.0,22.0,2.0,8.0,5.0,5.0,4.242640687119285,18.0,6.0,3.0,3.0,3.0,3.0,0.0,0.0,0.0,4.0,7.0,5.5,5.5,2.1213203435596424,4.5,3.0,0.0,0.0,0.0,0.0,0.0,0.0,0.0,0.0,0.0,0.0,0.0,0.0,0.0,0.0,0.0,0.0,0.0,0.0,0.0,0.0,0.0,0.0,1.0,0.5,0.5,0.7071067811865476,0.5,1.0,0.0,3.0,1.5,1.5,2.1213203435596424,4.5,3.0,0.0,0.0,2.0,0.0,0.0,0.0,0.0,0.0,0.0,1.0,2.0,0.0,0.0,0.0,0.0,0.0,0.0,0.0,0.0,0.0,0.0,0.0,0.0,0.0
731,689,Galaxy - Sprint 5,0,15,1,3,0,0,0,0,1,3,0,0,0,0,1,2,1.0,0.0,0.0,15.0,15.0,15.0,15.0,0.0,0.0,0.0,0.0,0.0,0.0,0.0,0.0,0.0,0.0,2.0,2.0,2.0,2.0,0.0,0.0,0.0,0.0,0.0,0.0,0.0,0.0,0.0,0.0,0.0,0.0,0.0,0.0,0.0,0.0,0.0,0.0,0.0,0.0,0.0,0.0,0.0,0.0,0.0,0.0,0.0,0.0,0.0,0.0,0.0,2.0,2.0,2.0,2.0,0.0,0.0,0.0,4.0,4.0,4.0,4.0,0.0,0.0,0.0,0.0,0.0,1.0,0.0,0.0,0.0,0.0,0.0,0.0,1.0,1.0,0.0,0.0,0.0,0.0,0.0,0.0,0.0,0.0,0.0,0.0,0.0,0.0,0.0
731,776,Enterprise Sprint 19,0,14,2,6,0,0,0,0,0,0,0,0,2,6,1,4,2.0,0.0,0.0,0.0,2.0,1.0,1.0,1.4142135623730951,2.0,2.0,1.0,1.0,1.0,1.0,0.0,0.0,0.0,1.0,2.0,1.5,1.5,0.7071067811865476,0.5,1.0,0.0,1.0,0.5,0.5,0.7071067811865476,0.5,1.0,0.0,0.0,0.0,0.0,0.0,0.0,0.0,0.0,0.0,0.0,0.0,0.0,0.0,0.0,1.0,1.0,1.0,1.0,0.0,0.0,0.0,1.0,1.0,1.0,1.0,0.0,0.0,0.0,0.0,0.0,0.0,0.0,0.0,0.0,0.0,0.0,0.0,2.0,0.0,0.0,0.0,0.0,0.0,0.0,0.0,2.0,0.0,0.0,2.0,0.0,0.0,0.0,0.0,0.0,0.0,0.0,0.0,0.0,0.0
731,902,Enterprise Sprint 23,3,14,0,0,0,0,0,0,0,0,0,0,0,0,1,1,1.0,0.0,0.0,0.0,0.0,0.0,0.0,0.0,0.0,0.0,1.0,1.0,1.0,1.0,0.0,0.0,0.0,1.0,1.0,1.0,1.0,0.0,0.0,0.0,0.0,0.0,0.0,0.0,0.0,0.0,0.0,0.0,0.0,0.0,0.0,0.0,0.0,0.0,0.0,0.0,0.0,0.0,0.0,0.0,0.0,0.0,0.0,0.0,0.0,0.0,0.0,0.0,0.0,0.0,0.0,0.0,0.0,0.0,0.0,0.0,0.0,0.0,0.0,0.0,0.0,0.0,0.0,0.0,1.0,0.0,0.0,0.0,0.0,0.0,0.0,0.0,1.0,0.0,0.0,1.0,0.0,0.0,0.0,0.0,0.0,0.0,0.0,0.0,0.0,0.0
731,922,Enterprise Sprint 24,0,14,0,0,1,3,0,0,1,3,0,0,0,0,1,1,1.0,0.0,0.0,0.0,0.0,0.0,0.0,0.0,0.0,0.0,1.0,1.0,1.0,1.0,0.0,0.0,0.0,1.0,1.0,1.0,1.0,0.0,0.0,0.0,2.0,2.0,2.0,2.0,0.0,0.0,0.0,0.0,0.0,0.0,0.0,0.0,0.0,0.0,0.0,0.0,0.0,0.0,0.0,0.0,0.0,0.0,0.0,0.0,0.0,0.0,0.0,0.0,0.0,0.0,0.0,0.0,0.0,0.0,0.0,0.0,0.0,0.0,0.0,0.0,0.0,0.0,0.0,0.0,1.0,0.0,0.0,0.0,0.0,0.0,0.0,0.0,1.0,0.0,0.0,1.0,0.0,0.0,0.0,0.0,0.0,0.0,0.0,0.0,0.0,0.0
731,939,Warranty bugs,3,54,0,0,0,0,0,0,0,0,0,0,0,0,1,1,1.0,0.0,0.0,5.0,5.0,5.0,5.0,0.0,0.0,0.0,2.0,2.0,2.0,2.0,0.0,0.0,0.0,2.0,2.0,2.0,2.0,0.0,0.0,0.0,2.0,2.0,2.0,2.0,0.0,0.0,0.0,0.0,0.0,0.0,0.0,0.0,0.0,0.0,0.0,0.0,0.0,0.0,0.0,0.0,0.0,0.0,0.0,0.0,0.0,0.0,0.0,0.0,0.0,0.0,0.0,0.0,0.0,0.0,0.0,0.0,0.0,0.0,0.0,0.0,0.0,0.0,0.0,0.0,1.0,0.0,0.0,0.0,0.0,0.0,0.0,1.0,1.0,0.0,0.0,0.0,0.0,0.0,0.0,0.0,0.0,0.0,0.0,0.0,0.0,0.0
731,979,Enterprise Sprint 25,0,14,0,0,0,0,0,0,0,0,0,0,0,0,1,1,1.0,0.0,0.0,4.0,4.0,4.0,4.0,0.0,0.0,0.0,5.0,5.0,5.0,5.0,0.0,0.0,0.0,2.0,2.0,2.0,2.0,0.0,0.0,0.0,9.0,9.0,9.0,9.0,0.0,0.0,0.0,0.0,0.0,0.0,0.0,0.0,0.0,0.0,0.0,0.0,0.0,0.0,0.0,0.0,0.0,0.0,0.0,0.0,0.0,0.0,0.0,0.0,0.0,0.0,0.0,0.0,0.0,0.0,0.0,6.0,6.0,6.0,6.0,0.0,0.0,0.0,0.0,0.0,1.0,0.0,0.0,0.0,0.0,0.0,0.0,1.0,1.0,0.0,0.0,0.0,0.0,0.0,0.0,0.0,0.0,0.0,0.0,0.0,0.0,0.0
731,1017,Doraemon - Sprint 12,0,7,0,0,1,1,0,0,0,0,0,0,1,1,1,2,1.0,0.0,0.0,1.0,1.0,1.0,1.0,0.0,0.0,0.0,1.0,1.0,1.0,1.0,0.0,0.0,0.0,2.0,2.0,2.0,2.0,0.0,0.0,0.0,0.0,0.0,0.0,0.0,0.0,0.0,0.0,0.0,0.0,0.0,0.0,0.0,0.0,0.0,0.0,0.0,0.0,0.0,0.0,0.0,0.0,2.0,2.0,2.0,2.0,0.0,0.0,0.0,1.0,1.0,1.0,1.0,0.0,0.0,0.0,0.0,0.0,0.0,0.0,0.0,0.0,0.0,1.0,0.0,1.0,0.0,0.0,0.0,0.0,1.0,0.0,0.0,0.0,0.0,0.0,0.0,0.0,0.0,0.0,0.0,0.0,0.0,0.0,0.0,0.0,0.0
731,1041,5.5 Sprint 4,0,10,0,0,1,2,0,0,0,0,0,0,1,2,1,1,1.0,0.0,0.0,6.0,6.0,6.0,6.0,0.0,0.0,0.0,0.0,0.0,0.0,0.0,0.0,0.0,0.0,1.0,1.0,1.0,1.0,0.0,0.0,0.0,0.0,0.0,0.0,0.0,0.0,0.0,0.0,0.0,0.0,0.0,0.0,0.0,0.0,0.0,0.0,0.0,0.0,0.0,0.0,0.0,0.0,0.0,0.0,0.0,0.0,0.0,0.0,0.0,0.0,0.0,0.0,0.0,0.0,0.0,0.0,0.0,0.0,0.0,0.0,0.0,0.0,0.0,1.0,0.0,1.0,0.0,0.0,0.0,0.0,0.0,0.0,0.0,0.0,0.0,0.0,1.0,0.0,0.0,0.0,0.0,0.0,0.0,0.0,0.0,0.0,0.0
731,1058,Sprint 20,-3,7,1,3,0,0,0,0,0,0,1,3,0,0,1,1,1.0,0.0,0.0,1.0,1.0,1.0,1.0,0.0,0.0,0.0,1.0,1.0,1.0,1.0,0.0,0.0,0.0,1.0,1.0,1.0,1.0,0.0,0.0,0.0,2.0,2.0,2.0,2.0,0.0,0.0,0.0,0.0,0.0,0.0,0.0,0.0,0.0,0.0,0.0,0.0,0.0,0.0,0.0,0.0,0.0,0.0,0.0,0.0,0.0,0.0,0.0,0.0,1.0,1.0,1.0,1.0,0.0,0.0,0.0,0.0,0.0,0.0,0.0,0.0,0.0,0.0,0.0,0.0,1.0,0.0,0.0,0.0,0.0,1.0,0.0,0.0,1.0,0.0,0.0,0.0,0.0,0.0,0.0,0.0,0.0,0.0,0.0,0.0,0.0,0.0
731,1149,5.5 Sprint 7,-3,9,1,3,0,0,0,0,1,3,0,0,0,0,1,1,1.0,0.0,0.0,5.0,5.0,5.0,5.0,0.0,0.0,0.0,1.0,1.0,1.0,1.0,0.0,0.0,0.0,2.0,2.0,2.0,2.0,0.0,0.0,0.0,2.0,2.0,2.0,2.0,0.0,0.0,0.0,0.0,0.0,0.0,0.0,0.0,0.0,0.0,0.0,0.0,0.0,0.0,0.0,0.0,0.0,2.0,2.0,2.0,2.0,0.0,0.0,0.0,5.0,5.0,5.0,5.0,0.0,0.0,0.0,0.0,0.0,0.0,0.0,0.0,0.0,0.0,1.0,0.0,1.0,0.0,0.0,0.0,0.0,1.0,0.0,0.0,0.0,0.0,0.0,0.0,0.0,0.0,0.0,0.0,0.0,0.0,0.0,0.0,0.0,0.0
731,1161,Galaxy Sprint 18,0,14,0,0,0,0,0,0,0,0,0,0,0,0,1,1,1.0,0.0,0.0,1.0,1.0,1.0,1.0,0.0,0.0,0.0,2.0,2.0,2.0,2.0,0.0,0.0,0.0,2.0,2.0,2.0,2.0,0.0,0.0,0.0,5.0,5.0,5.0,5.0,0.0,0.0,0.0,0.0,0.0,0.0,0.0,0.0,0.0,0.0,0.0,0.0,0.0,0.0,0.0,0.0,0.0,0.0,0.0,0.0,0.0,0.0,0.0,0.0,1.0,1.0,1.0,1.0,0.0,0.0,0.0,6.0,6.0,6.0,6.0,0.0,0.0,0.0,0.0,0.0,1.0,0.0,0.0,0.0,0.0,0.0,0.0,1.0,1.0,0.0,0.0,0.0,0.0,0.0,0.0,0.0,0.0,0.0,0.0,0.0,0.0,0.0
731,1183,Editor 5.5 Sprint 8,-3,9,1,3,0,0,0,0,0,0,1,3,0,0,1,1,1.0,0.0,0.0,5.0,5.0,5.0,5.0,0.0,0.0,0.0,1.0,1.0,1.0,1.0,0.0,0.0,0.0,2.0,2.0,2.0,2.0,0.0,0.0,0.0,2.0,2.0,2.0,2.0,0.0,0.0,0.0,0.0,0.0,0.0,0.0,0.0,0.0,0.0,0.0,0.0,0.0,0.0,0.0,0.0,0.0,2.0,2.0,2.0,2.0,0.0,0.0,0.0,5.0,5.0,5.0,5.0,0.0,0.0,0.0,0.0,0.0,0.0,0.0,0.0,0.0,0.0,1.0,0.0,1.0,0.0,0.0,0.0,0.0,1.0,0.0,0.0,0.0,0.0,0.0,0.0,0.0,0.0,0.0,0.0,0.0,0.0,0.0,0.0,0.0,0.0
731,1188,Galaxy - Sprint 19,-8,14,0,0,1,8,0,0,1,8,0,0,0,0,1,1,1.0,0.0,0.0,4.0,4.0,4.0,4.0,0.0,0.0,0.0,2.0,2.0,2.0,2.0,0.0,0.0,0.0,2.0,2.0,2.0,2.0,0.0,0.0,0.0,5.0,5.0,5.0,5.0,0.0,0.0,0.0,0.0,0.0,0.0,0.0,0.0,0.0,0.0,0.0,0.0,0.0,0.0,0.0,0.0,0.0,0.0,0.0,0.0,0.0,0.0,0.0,0.0,1.0,1.0,1.0,1.0,0.0,0.0,0.0,6.0,6.0,6.0,6.0,0.0,0.0,0.0,0.0,0.0,1.0,0.0,0.0,0.0,0.0,0.0,0.0,1.0,1.0,0.0,0.0,0.0,0.0,0.0,0.0,0.0,0.0,0.0,0.0,0.0,0.0,0.0
731,1220,Editor 5.5 Sprint 9,0,14,0,0,0,0,0,0,0,0,0,0,0,0,1,1,0.0,0.0,0.0,0.0,0.0,0.0,0.0,0.0,0.0,0.0,0.0,0.0,0.0,0.0,0.0,0.0,0.0,0.0,0.0,0.0,0.0,0.0,0.0,0.0,0.0,0.0,0.0,0.0,0.0,0.0,0.0,0.0,0.0,0.0,0.0,0.0,0.0,0.0,0.0,0.0,0.0,0.0,0.0,0.0,0.0,0.0,0.0,0.0,0.0,0.0,0.0,0.0,0.0,0.0,0.0,0.0,0.0,0.0,0.0,0.0,0.0,0.0,0.0,0.0,0.0,0.0,0.0,0.0,0.0,0.0,0.0,0.0,0.0,0.0,0.0,0.0,0.0,0.0,0.0,0.0,0.0,0.0,0.0,0.0,0.0,0.0,0.0,0.0,0.0,0.0
731,1224,Galaxy Sprint 20,0,14,1,8,0,0,0,0,0,0,1,8,0,0,1,2,1.0,0.0,0.0,11.0,11.0,11.0,11.0,0.0,0.0,0.0,2.0,2.0,2.0,2.0,0.0,0.0,0.0,2.0,2.0,2.0,2.0,0.0,0.0,0.0,5.0,5.0,5.0,5.0,0.0,0.0,0.0,0.0,0.0,0.0,0.0,0.0,0.0,0.0,0.0,0.0,0.0,0.0,0.0,0.0,0.0,0.0,0.0,0.0,0.0,0.0,0.0,0.0,1.0,1.0,1.0,1.0,0.0,0.0,0.0,6.0,6.0,6.0,6.0,0.0,0.0,0.0,0.0,0.0,1.0,0.0,0.0,0.0,0.0,0.0,0.0,1.0,1.0,0.0,0.0,0.0,0.0,0.0,0.0,0.0,0.0,0.0,0.0,0.0,0.0,0.0
731,1251,Editor 5.6 Sprint 1,-7,9,2,7,0,0,0,0,1,5,1,2,0,0,1,2,2.0,0.0,0.0,5.0,14.0,9.5,9.5,6.363961030678928,40.5,9.0,5.0,6.0,5.5,5.5,0.7071067811865476,0.5,1.0,1.0,1.0,1.0,1.0,0.0,0.0,0.0,0.0,4.0,2.0,2.0,2.8284271247461903,8.0,4.0,0.0,0.0,0.0,0.0,0.0,0.0,0.0,0.0,0.0,0.0,0.0,0.0,0.0,0.0,0.0,0.0,0.0,0.0,0.0,0.0,0.0,1.0,2.0,1.5,1.5,0.7071067811865476,0.5,1.0,0.0,5.0,2.5,2.5,3.5355339059327378,12.5,5.0,1.0,0.0,2.0,0.0,0.0,0.0,0.0,1.0,0.0,1.0,1.0,0.0,0.0,0.0,0.0,0.0,0.0,0.0,0.0,0.0,0.0,0.0,0.0,0.0
731,1298,Editor 5.6 Sprint 2,0,22,1,2,0,0,0,0,1,2,0,0,0,0,1,2,1.0,0.0,0.0,5.0,5.0,5.0,5.0,0.0,0.0,0.0,5.0,5.0,5.0,5.0,0.0,0.0,0.0,1.0,1.0,1.0,1.0,0.0,0.0,0.0,4.0,4.0,4.0,4.0,0.0,0.0,0.0,0.0,0.0,0.0,0.0,0.0,0.0,0.0,0.0,0.0,0.0,0.0,0.0,0.0,0.0,1.0,1.0,1.0,1.0,0.0,0.0,0.0,1.0,1.0,1.0,1.0,0.0,0.0,0.0,6.0,6.0,6.0,6.0,0.0,0.0,0.0,0.0,0.0,1.0,0.0,0.0,0.0,0.0,1.0,0.0,0.0,1.0,0.0,0.0,0.0,0.0,0.0,0.0,0.0,0.0,0.0,0.0,0.0,0.0,0.0
731,1299,Muppets - T24,0,14,1,3,0,0,0,0,0,0,0,0,1,3,1,4,1.0,0.0,0.0,0.0,0.0,0.0,0.0,0.0,0.0,0.0,1.0,1.0,1.0,1.0,0.0,0.0,0.0,2.0,2.0,2.0,2.0,0.0,0.0,0.0,0.0,0.0,0.0,0.0,0.0,0.0,0.0,0.0,0.0,0.0,0.0,0.0,0.0,0.0,0.0,0.0,0.0,0.0,0.0,0.0,0.0,2.0,2.0,2.0,2.0,0.0,0.0,0.0,1.0,1.0,1.0,1.0,0.0,0.0,0.0,4.0,4.0,4.0,4.0,0.0,0.0,0.0,0.0,0.0,1.0,0.0,0.0,0.0,0.0,0.0,0.0,0.0,1.0,0.0,0.0,1.0,0.0,0.0,0.0,0.0,0.0,0.0,0.0,0.0,0.0,0.0
731,1386,API - 5.6 Sprint 5,0,8,1,3,0,0,0,0,1,3,0,0,0,0,1,1,1.0,0.0,0.0,4.0,4.0,4.0,4.0,0.0,0.0,0.0,1.0,1.0,1.0,1.0,0.0,0.0,0.0,2.0,2.0,2.0,2.0,0.0,0.0,0.0,1.0,1.0,1.0,1.0,0.0,0.0,0.0,0.0,0.0,0.0,0.0,0.0,0.0,0.0,0.0,0.0,0.0,0.0,0.0,0.0,0.0,1.0,1.0,1.0,1.0,0.0,0.0,0.0,3.0,3.0,3.0,3.0,0.0,0.0,0.0,5.0,5.0,5.0,5.0,0.0,0.0,0.0,0.0,0.0,1.0,0.0,0.0,0.0,0.0,0.0,0.0,0.0,1.0,0.0,0.0,1.0,0.0,0.0,0.0,0.0,0.0,0.0,0.0,0.0,0.0,0.0
731,1559,atlassian-selenium anyone?,-5,7,0,0,1,5,0,0,1,5,0,0,0,0,1,2,1.0,0.0,0.0,0.0,0.0,0.0,0.0,0.0,0.0,0.0,3.0,3.0,3.0,3.0,0.0,0.0,0.0,3.0,3.0,3.0,3.0,0.0,0.0,0.0,0.0,0.0,0.0,0.0,0.0,0.0,0.0,0.0,0.0,0.0,0.0,0.0,0.0,0.0,0.0,0.0,0.0,0.0,0.0,0.0,0.0,0.0,0.0,0.0,0.0,0.0,0.0,0.0,2.0,2.0,2.0,2.0,0.0,0.0,0.0,1.0,1.0,1.0,1.0,0.0,0.0,0.0,0.0,0.0,1.0,0.0,0.0,0.0,0.0,0.0,0.0,1.0,1.0,0.0,0.0,0.0,0.0,0.0,0.0,0.0,0.0,0.0,0.0,0.0,0.0,0.0
731,1560,Kill 1 token with 2 weeks,0,14,1,5,0,0,0,0,0,0,0,0,1,5,1,3,1.0,0.0,0.0,0.0,0.0,0.0,0.0,0.0,0.0,0.0,3.0,3.0,3.0,3.0,0.0,0.0,0.0,3.0,3.0,3.0,3.0,0.0,0.0,0.0,0.0,0.0,0.0,0.0,0.0,0.0,0.0,0.0,0.0,0.0,0.0,0.0,0.0,0.0,0.0,0.0,0.0,0.0,0.0,0.0,0.0,3.0,3.0,3.0,3.0,0.0,0.0,0.0,2.0,2.0,2.0,2.0,0.0,0.0,0.0,2.0,2.0,2.0,2.0,0.0,0.0,0.0,0.0,0.0,1.0,0.0,0.0,0.0,0.0,0.0,0.0,1.0,1.0,0.0,0.0,0.0,0.0,0.0,0.0,0.0,0.0,0.0,0.0,0.0,0.0,0.0
731,1577,Warranty Bugs - OD-33,3,12,0,0,0,0,0,0,0,0,0,0,0,0,1,2,1.0,0.0,0.0,6.0,6.0,6.0,6.0,0.0,0.0,0.0,3.0,3.0,3.0,3.0,0.0,0.0,0.0,2.0,2.0,2.0,2.0,0.0,0.0,0.0,2.0,2.0,2.0,2.0,0.0,0.0,0.0,0.0,0.0,0.0,0.0,0.0,0.0,0.0,0.0,0.0,0.0,0.0,0.0,0.0,0.0,0.0,0.0,0.0,0.0,0.0,0.0,0.0,0.0,0.0,0.0,0.0,0.0,0.0,0.0,4.0,4.0,4.0,4.0,0.0,0.0,0.0,0.0,0.0,1.0,0.0,0.0,0.0,0.0,1.0,0.0,0.0,1.0,0.0,0.0,0.0,0.0,0.0,0.0,0.0,0.0,0.0,0.0,0.0,0.0,0.0
731,1929,Muppets - OD-43,0,4,0,0,0,0,0,0,0,0,0,0,0,0,1,1,1.0,0.0,0.0,2.0,2.0,2.0,2.0,0.0,0.0,0.0,1.0,1.0,1.0,1.0,0.0,0.0,0.0,2.0,2.0,2.0,2.0,0.0,0.0,0.0,2.0,2.0,2.0,2.0,0.0,0.0,0.0,0.0,0.0,0.0,0.0,0.0,0.0,0.0,0.0,0.0,0.0,0.0,0.0,0.0,0.0,0.0,0.0,0.0,0.0,0.0,0.0,0.0,0.0,0.0,0.0,0.0,0.0,0.0,0.0,6.0,6.0,6.0,6.0,0.0,0.0,0.0,0.0,0.0,1.0,0.0,0.0,0.0,0.0,0.0,0.0,0.0,1.0,0.0,0.0,1.0,0.0,0.0,0.0,0.0,0.0,0.0,0.0,0.0,0.0,0.0
731,1973,Muppets - OD-45,0,5,1,3,0,0,0,0,1,3,0,0,0,0,1,1,1.0,0.0,0.0,5.0,5.0,5.0,5.0,0.0,0.0,0.0,1.0,1.0,1.0,1.0,0.0,0.0,0.0,2.0,2.0,2.0,2.0,0.0,0.0,0.0,2.0,2.0,2.0,2.0,0.0,0.0,0.0,0.0,0.0,0.0,0.0,0.0,0.0,0.0,0.0,0.0,0.0,0.0,0.0,0.0,0.0,1.0,1.0,1.0,1.0,0.0,0.0,0.0,0.0,0.0,0.0,0.0,0.0,0.0,0.0,11.0,11.0,11.0,11.0,0.0,0.0,0.0,0.0,0.0,1.0,0.0,0.0,0.0,0.0,0.0,0.0,0.0,1.0,0.0,0.0,1.0,0.0,0.0,0.0,0.0,0.0,0.0,0.0,0.0,0.0,0.0
731,2324,No rotation restrictions,3,14,0,0,0,0,0,0,0,0,0,0,0,0,1,1,1.0,0.0,0.0,0.0,0.0,0.0,0.0,0.0,0.0,0.0,1.0,1.0,1.0,1.0,0.0,0.0,0.0,2.0,2.0,2.0,2.0,0.0,0.0,0.0,0.0,0.0,0.0,0.0,0.0,0.0,0.0,0.0,0.0,0.0,0.0,0.0,0.0,0.0,0.0,0.0,0.0,0.0,0.0,0.0,0.0,0.0,0.0,0.0,0.0,0.0,0.0,0.0,0.0,0.0,0.0,0.0,0.0,0.0,0.0,0.0,0.0,0.0,0.0,0.0,0.0,0.0,0.0,0.0,1.0,0.0,0.0,0.0,0.0,0.0,0.0,0.0,1.0,0.0,0.0,1.0,0.0,0.0,0.0,0.0,0.0,0.0,0.0,0.0,0.0,0.0
731,2349,Cloud Infrastructure SP13,3,7,0,0,0,0,0,0,0,0,0,0,0,0,1,1,1.0,0.0,0.0,0.0,0.0,0.0,0.0,0.0,0.0,0.0,1.0,1.0,1.0,1.0,0.0,0.0,0.0,0.0,0.0,0.0,0.0,0.0,0.0,0.0,0.0,0.0,0.0,0.0,0.0,0.0,0.0,0.0,0.0,0.0,0.0,0.0,0.0,0.0,0.0,0.0,0.0,0.0,0.0,0.0,0.0,0.0,0.0,0.0,0.0,0.0,0.0,0.0,0.0,0.0,0.0,0.0,0.0,0.0,0.0,0.0,0.0,0.0,0.0,0.0,0.0,0.0,0.0,0.0,1.0,0.0,0.0,0.0,0.0,0.0,0.0,0.0,1.0,0.0,0.0,1.0,0.0,0.0,0.0,0.0,0.0,0.0,0.0,0.0,0.0,0.0
732,95,4.2.12,0,10,2,6,0,0,2,6,0,0,0,0,0,0,1,1,2.0,0.0,0.0,3.0,37.0,20.0,20.0,24.041630560342615,578.0,34.0,1.0,2.0,1.5,1.5,0.7071067811865476,0.5,1.0,1.0,2.0,1.5,1.5,0.7071067811865476,0.5,1.0,0.0,5.0,2.5,2.5,3.5355339059327378,12.5,5.0,0.0,0.0,0.0,0.0,0.0,0.0,0.0,0.0,0.0,0.0,0.0,0.0,0.0,0.0,0.0,1.0,0.5,0.5,0.7071067811865476,0.5,1.0,0.0,0.0,0.0,0.0,0.0,0.0,0.0,0.0,16.0,8.0,8.0,11.313708498984761,128.0,16.0,0.0,0.0,2.0,0.0,0.0,0.0,0.0,2.0,0.0,0.0,2.0,0.0,0.0,0.0,0.0,0.0,0.0,0.0,0.0,0.0,0.0,0.0,0.0,0.0
732,120,4.2.13,-3,4,1,3,0,0,0,0,1,3,0,0,0,0,1,1,1.0,0.0,0.0,9.0,9.0,9.0,9.0,0.0,0.0,0.0,2.0,2.0,2.0,2.0,0.0,0.0,0.0,1.0,1.0,1.0,1.0,0.0,0.0,0.0,4.0,4.0,4.0,4.0,0.0,0.0,0.0,0.0,0.0,0.0,0.0,0.0,0.0,0.0,0.0,0.0,0.0,0.0,0.0,0.0,0.0,0.0,0.0,0.0,0.0,0.0,0.0,0.0,1.0,1.0,1.0,1.0,0.0,0.0,0.0,0.0,0.0,0.0,0.0,0.0,0.0,0.0,0.0,0.0,1.0,0.0,0.0,0.0,0.0,0.0,0.0,1.0,1.0,0.0,0.0,0.0,0.0,0.0,0.0,0.0,0.0,0.0,0.0,0.0,0.0,0.0
732,131,Muppets Sprint 3,-3,7,3,9,0,0,0,0,1,3,2,6,0,0,1,2,4.0,0.0,1.0,0.0,11.0,4.5,3.5,4.795831523312719,23.0,11.0,1.0,2.0,1.5,1.5,0.5773502691896257,0.3333333333333333,1.0,1.0,1.0,1.0,1.0,0.0,0.0,0.0,0.0,4.0,1.5,1.0,1.9148542155126762,3.6666666666666665,4.0,0.0,0.0,0.0,0.0,0.0,0.0,0.0,0.0,0.0,0.0,0.0,0.0,0.0,0.0,0.0,3.0,1.0,0.5,1.4142135623730951,2.0,3.0,0.0,1.0,0.25,0.0,0.5,0.25,1.0,0.0,2.0,0.5,0.0,1.0,1.0,2.0,0.0,0.0,4.0,0.0,0.0,0.0,0.0,1.0,0.0,1.0,4.0,0.0,0.0,1.0,0.0,0.0,0.0,0.0,0.0,0.0,0.0,0.0,0.0,0.0
732,143,Muppets Sprint 4,-12,4,6,18,0,0,0,0,4,12,2,6,0,0,1,4,6.0,0.0,0.0,1.0,37.0,12.666666666666666,10.0,13.231276078544605,175.0666666666667,36.0,1.0,2.0,1.1666666666666667,1.0,0.408248290463863,0.16666666666666666,1.0,1.0,2.0,1.3333333333333333,1.0,0.5163977794943222,0.26666666666666666,1.0,0.0,10.0,4.166666666666667,4.0,3.371448748930742,11.366666666666665,10.0,0.0,0.0,0.0,0.0,0.0,0.0,0.0,0.0,0.0,0.0,0.0,0.0,0.0,0.0,0.0,5.0,0.8333333333333334,0.0,2.0412414523193148,4.166666666666666,5.0,0.0,1.0,0.3333333333333333,0.0,0.5163977794943223,0.2666666666666667,1.0,0.0,18.0,4.333333333333333,1.5,7.004760286167305,49.06666666666667,18.0,1.0,0.0,6.0,0.0,0.0,0.0,0.0,4.0,0.0,1.0,5.0,0.0,0.0,1.0,0.0,0.0,0.0,0.0,0.0,0.0,0.0,0.0,0.0,0.0
732,162,Muppets Sprint 3,-12,0,4,12,0,0,0,0,3,9,0,0,1,3,1,4,6.0,2.0,0.0,1.0,37.0,11.166666666666666,6.5,13.688194426828787,187.36666666666667,36.0,0.0,2.0,0.8333333333333334,1.0,0.752772652709081,0.5666666666666667,2.0,0.0,2.0,1.1666666666666667,1.0,0.752772652709081,0.5666666666666667,2.0,0.0,10.0,3.5,2.5,3.7282703764614498,13.9,10.0,0.0,0.0,0.0,0.0,0.0,0.0,0.0,0.0,0.0,0.0,0.0,0.0,0.0,0.0,0.0,2.0,0.8333333333333334,1.0,0.752772652709081,0.5666666666666667,2.0,0.0,1.0,0.16666666666666666,0.0,0.408248290463863,0.16666666666666669,1.0,0.0,19.0,5.0,3.0,7.155417527999327,51.2,19.0,2.0,0.0,4.0,0.0,0.0,0.0,0.0,2.0,0.0,1.0,4.0,0.0,0.0,3.0,0.0,0.0,0.0,0.0,0.0,0.0,0.0,0.0,0.0,0.0
732,163,Muppets Sprint 4,-6,4,4,12,0,0,0,0,2,6,1,3,1,3,1,4,6.0,2.0,0.0,1.0,37.0,11.333333333333334,6.5,13.75015151431673,189.06666666666666,36.0,0.0,2.0,0.8333333333333334,1.0,0.752772652709081,0.5666666666666667,2.0,0.0,2.0,1.1666666666666667,1.0,0.752772652709081,0.5666666666666667,2.0,0.0,10.0,3.5,2.5,3.7282703764614498,13.9,10.0,0.0,0.0,0.0,0.0,0.0,0.0,0.0,0.0,0.0,0.0,0.0,0.0,0.0,0.0,0.0,2.0,0.8333333333333334,1.0,0.752772652709081,0.5666666666666667,2.0,0.0,1.0,0.16666666666666666,0.0,0.408248290463863,0.16666666666666669,1.0,0.0,21.0,5.5,3.5,7.867655305108378,61.9,21.0,2.0,0.0,4.0,0.0,0.0,0.0,0.0,2.0,0.0,1.0,4.0,0.0,0.0,3.0,0.0,0.0,0.0,0.0,0.0,0.0,0.0,0.0,0.0,0.0
732,183,Muppets Sprint 5,-6,12,2,6,0,0,0,0,2,6,0,0,0,0,1,4,4.0,2.0,0.0,1.0,37.0,11.0,3.0,17.435595774162696,304.0,36.0,0.0,1.0,0.5,0.5,0.5773502691896257,0.3333333333333333,1.0,0.0,2.0,1.0,1.0,0.816496580927726,0.6666666666666666,2.0,0.0,5.0,1.75,1.0,2.217355782608345,4.916666666666667,5.0,0.0,0.0,0.0,0.0,0.0,0.0,0.0,0.0,0.0,0.0,0.0,0.0,0.0,0.0,0.0,2.0,0.75,0.5,0.9574271077563381,0.9166666666666666,2.0,0.0,0.0,0.0,0.0,0.0,0.0,0.0,0.0,21.0,6.0,1.5,10.099504938362077,102.0,21.0,1.0,0.0,2.0,0.0,0.0,0.0,0.0,1.0,0.0,0.0,3.0,0.0,0.0,3.0,0.0,0.0,0.0,0.0,0.0,0.0,0.0,0.0,0.0,0.0
732,184,Muppets Sprint 6,-6,2,3,9,0,0,0,0,2,6,0,0,1,3,1,4,5.0,2.0,0.0,1.0,37.0,9.0,1.0,15.748015748023622,248.0,36.0,0.0,1.0,0.6,1.0,0.5477225575051662,0.30000000000000004,1.0,0.0,2.0,1.2,1.0,0.8366600265340756,0.7000000000000001,2.0,0.0,5.0,1.4,1.0,2.073644135332772,4.3,5.0,0.0,0.0,0.0,0.0,0.0,0.0,0.0,0.0,0.0,0.0,0.0,0.0,0.0,0.0,0.0,2.0,0.6,0.0,0.8944271909999159,0.7999999999999999,2.0,0.0,0.0,0.0,0.0,0.0,0.0,0.0,0.0,21.0,4.8,0.0,9.148770409186145,83.70000000000002,21.0,1.0,0.0,3.0,0.0,0.0,0.0,0.0,1.0,0.0,1.0,4.0,0.0,0.0,3.0,0.0,0.0,0.0,0.0,0.0,0.0,0.0,0.0,0.0,0.0
732,185,Muppets Sprint 7,-6,14,2,6,0,0,0,0,2,6,0,0,0,0,1,4,4.0,2.0,0.0,1.0,37.0,11.0,3.0,17.435595774162696,304.0,36.0,0.0,1.0,0.5,0.5,0.5773502691896257,0.3333333333333333,1.0,0.0,2.0,1.0,1.0,0.816496580927726,0.6666666666666666,2.0,0.0,5.0,1.75,1.0,2.217355782608345,4.916666666666667,5.0,0.0,0.0,0.0,0.0,0.0,0.0,0.0,0.0,0.0,0.0,0.0,0.0,0.0,0.0,0.0,2.0,0.75,0.5,0.9574271077563381,0.9166666666666666,2.0,0.0,0.0,0.0,0.0,0.0,0.0,0.0,0.0,21.0,6.0,1.5,10.099504938362077,102.0,21.0,1.0,0.0,2.0,0.0,0.0,0.0,0.0,1.0,0.0,0.0,3.0,0.0,0.0,3.0,0.0,0.0,0.0,0.0,0.0,0.0,0.0,0.0,0.0,0.0
732,202,Muppets Sprint 8,-6,7,2,6,0,0,0,0,2,6,0,0,0,0,1,4,4.0,2.0,0.0,1.0,37.0,11.0,3.0,17.435595774162696,304.0,36.0,0.0,1.0,0.5,0.5,0.5773502691896257,0.3333333333333333,1.0,0.0,2.0,1.0,1.0,0.816496580927726,0.6666666666666666,2.0,0.0,5.0,1.75,1.0,2.217355782608345,4.916666666666667,5.0,0.0,0.0,0.0,0.0,0.0,0.0,0.0,0.0,0.0,0.0,0.0,0.0,0.0,0.0,0.0,2.0,0.75,0.5,0.9574271077563381,0.9166666666666666,2.0,0.0,0.0,0.0,0.0,0.0,0.0,0.0,0.0,21.0,6.0,1.5,10.099504938362077,102.0,21.0,1.0,0.0,2.0,0.0,0.0,0.0,0.0,1.0,0.0,0.0,3.0,0.0,0.0,3.0,0.0,0.0,0.0,0.0,0.0,0.0,0.0,0.0,0.0,0.0
732,313,Editor Sprint 8,-3,4,1,3,0,0,0,0,1,3,0,0,0,0,1,1,1.0,0.0,0.0,2.0,2.0,2.0,2.0,0.0,0.0,0.0,7.0,7.0,7.0,7.0,0.0,0.0,0.0,1.0,1.0,1.0,1.0,0.0,0.0,0.0,1.0,1.0,1.0,1.0,0.0,0.0,0.0,0.0,0.0,0.0,0.0,0.0,0.0,0.0,0.0,0.0,0.0,0.0,0.0,0.0,0.0,1.0,1.0,1.0,1.0,0.0,0.0,0.0,0.0,0.0,0.0,0.0,0.0,0.0,0.0,1.0,1.0,1.0,1.0,0.0,0.0,0.0,0.0,0.0,1.0,0.0,0.0,0.0,0.0,1.0,0.0,0.0,1.0,0.0,0.0,0.0,0.0,0.0,0.0,0.0,0.0,0.0,0.0,0.0,0.0,0.0
732,318,Editor Sprint 9 - Jingle Bells,-3,14,1,3,0,0,0,0,1,3,0,0,0,0,1,1,1.0,0.0,0.0,2.0,2.0,2.0,2.0,0.0,0.0,0.0,7.0,7.0,7.0,7.0,0.0,0.0,0.0,1.0,1.0,1.0,1.0,0.0,0.0,0.0,1.0,1.0,1.0,1.0,0.0,0.0,0.0,0.0,0.0,0.0,0.0,0.0,0.0,0.0,0.0,0.0,0.0,0.0,0.0,0.0,0.0,1.0,1.0,1.0,1.0,0.0,0.0,0.0,0.0,0.0,0.0,0.0,0.0,0.0,0.0,1.0,1.0,1.0,1.0,0.0,0.0,0.0,0.0,0.0,1.0,0.0,0.0,0.0,0.0,1.0,0.0,0.0,1.0,0.0,0.0,0.0,0.0,0.0,0.0,0.0,0.0,0.0,0.0,0.0,0.0,0.0
732,393,5.0.x Sprint 1,-3,14,1,3,0,0,0,0,0,0,1,3,0,0,1,1,4.0,2.0,4.0,0.0,0.0,0.0,0.0,0.0,0.0,0.0,0.0,1.0,0.5,0.5,0.5773502691896257,0.3333333333333333,1.0,1.0,1.0,1.0,1.0,0.0,0.0,0.0,0.0,1.0,0.25,0.0,0.5,0.25,1.0,0.0,0.0,0.0,0.0,0.0,0.0,0.0,0.0,0.0,0.0,0.0,0.0,0.0,0.0,0.0,0.0,0.0,0.0,0.0,0.0,0.0,0.0,0.0,0.0,0.0,0.0,0.0,0.0,0.0,0.0,0.0,0.0,0.0,0.0,0.0,2.0,0.0,2.0,0.0,0.0,0.0,0.0,0.0,0.0,0.0,2.0,0.0,0.0,0.0,0.0,0.0,0.0,0.0,0.0,0.0,0.0,0.0,0.0,0.0
732,412,5.0.x Sprint 2,-6,14,3,9,0,0,1,3,0,0,1,3,1,3,1,2,5.0,2.0,4.0,0.0,4.0,0.8,0.0,1.7888543819998322,3.200000000000001,4.0,0.0,1.0,0.6,1.0,0.5477225575051662,0.30000000000000004,1.0,1.0,1.0,1.0,1.0,0.0,0.0,0.0,0.0,1.0,0.2,0.0,0.44721359549995804,0.20000000000000007,1.0,0.0,0.0,0.0,0.0,0.0,0.0,0.0,0.0,0.0,0.0,0.0,0.0,0.0,0.0,0.0,1.0,0.2,0.0,0.44721359549995804,0.20000000000000007,1.0,0.0,0.0,0.0,0.0,0.0,0.0,0.0,0.0,4.0,1.4,0.0,1.9493588689617927,3.8,4.0,2.0,0.0,3.0,0.0,0.0,0.0,0.0,1.0,0.0,0.0,3.0,0.0,0.0,0.0,0.0,0.0,0.0,0.0,0.0,0.0,0.0,0.0,0.0,0.0
732,431,5.1.x Sprint 1,-9,14,3,9,1,3,0,0,2,6,1,3,1,3,1,3,4.0,0.0,1.0,0.0,5.0,2.5,2.5,2.0816659994661326,4.333333333333333,5.0,1.0,3.0,1.5,1.0,1.0,1.0,2.0,1.0,1.0,1.0,1.0,0.0,0.0,0.0,0.0,2.0,1.0,1.0,0.816496580927726,0.6666666666666666,2.0,0.0,0.0,0.0,0.0,0.0,0.0,0.0,0.0,0.0,0.0,0.0,0.0,0.0,0.0,0.0,2.0,0.75,0.5,0.9574271077563381,0.9166666666666666,2.0,0.0,1.0,0.5,0.5,0.5773502691896257,0.3333333333333333,1.0,0.0,4.0,1.75,1.5,2.0615528128088303,4.25,4.0,1.0,0.0,4.0,0.0,0.0,0.0,0.0,2.0,0.0,1.0,3.0,0.0,0.0,0.0,0.0,0.0,0.0,0.0,0.0,0.0,0.0,0.0,0.0,0.0
732,449,5.1.x Sprint 2,-9,14,4,12,0,0,1,3,1,3,1,3,1,3,1,5,13.0,9.0,7.0,0.0,8.0,1.5384615384615385,0.0,2.6336092033362575,6.935897435897437,8.0,1.0,3.0,1.1538461538461537,1.0,0.5547001962252291,0.30769230769230776,2.0,0.0,2.0,1.3846153846153846,1.0,0.6504436355879909,0.4230769230769231,2.0,0.0,2.0,0.3076923076923077,0.0,0.6304251719561152,0.3974358974358974,2.0,0.0,0.0,0.0,0.0,0.0,0.0,0.0,0.0,0.0,0.0,0.0,0.0,0.0,0.0,0.0,3.0,0.38461538461538464,0.0,0.869718492622904,0.7564102564102564,3.0,0.0,1.0,0.15384615384615385,0.0,0.3755338080994054,0.14102564102564105,1.0,0.0,4.0,1.7692307692307692,2.0,1.0919284281983377,1.1923076923076923,4.0,8.0,0.0,4.0,0.0,0.0,0.0,0.0,3.0,0.0,1.0,5.0,0.0,0.0,2.0,0.0,0.0,0.0,0.0,0.0,0.0,0.0,0.0,0.0,0.0
732,478,5.1.x Sprint 3,-3,14,3,9,0,0,0,0,3,9,0,0,0,0,1,4,14.0,9.0,7.0,0.0,6.0,1.0,0.0,1.7097008285302207,2.923076923076923,6.0,1.0,3.0,1.1428571428571428,1.0,0.5345224838248487,0.28571428571428564,2.0,0.0,2.0,1.3571428571428572,1.0,0.633323693776651,0.40109890109890123,2.0,0.0,2.0,0.2857142857142857,0.0,0.6112498455021267,0.37362637362637374,2.0,0.0,0.0,0.0,0.0,0.0,0.0,0.0,0.0,0.0,0.0,0.0,0.0,0.0,0.0,0.0,1.0,0.14285714285714285,0.0,0.3631365196012815,0.1318681318681319,1.0,0.0,1.0,0.14285714285714285,0.0,0.3631365196012815,0.1318681318681319,1.0,0.0,6.0,1.8571428571428572,2.0,1.4600918230947433,2.1318681318681314,6.0,8.0,0.0,5.0,0.0,0.0,0.0,0.0,4.0,0.0,0.0,6.0,0.0,0.0,3.0,0.0,0.0,0.0,0.0,0.0,0.0,0.0,0.0,0.0,0.0
732,500,5.1.x Sprint 4,-9,14,3,9,1,3,0,0,2,6,2,6,0,0,1,4,13.0,9.0,6.0,0.0,6.0,0.8461538461538461,0.0,1.7722938923964169,3.141025641025642,6.0,1.0,3.0,1.1538461538461537,1.0,0.5547001962252291,0.30769230769230776,2.0,0.0,2.0,1.3846153846153846,1.0,0.6504436355879909,0.4230769230769231,2.0,0.0,2.0,0.23076923076923078,0.0,0.5991446895152781,0.358974358974359,2.0,0.0,0.0,0.0,0.0,0.0,0.0,0.0,0.0,0.0,0.0,0.0,0.0,0.0,0.0,0.0,1.0,0.15384615384615385,0.0,0.37553380809940534,0.141025641025641,1.0,0.0,1.0,0.07692307692307693,0.0,0.2773500981126146,0.07692307692307694,1.0,0.0,3.0,1.4615384615384615,2.0,0.9674179220468452,0.9358974358974358,3.0,8.0,0.0,4.0,0.0,0.0,0.0,0.0,4.0,0.0,0.0,5.0,0.0,0.0,3.0,0.0,0.0,0.0,0.0,0.0,0.0,0.0,0.0,0.0,0.0
732,523,5.1.x Sprint 5,0,14,2,6,1,3,0,0,0,0,0,0,3,9,1,4,13.0,9.0,7.0,0.0,6.0,0.8461538461538461,0.0,1.7722938923964169,3.141025641025642,6.0,1.0,3.0,1.1538461538461537,1.0,0.5547001962252291,0.30769230769230776,2.0,0.0,2.0,1.3846153846153846,1.0,0.6504436355879909,0.4230769230769231,2.0,0.0,3.0,0.46153846153846156,0.0,0.9674179220468452,0.9358974358974358,3.0,0.0,0.0,0.0,0.0,0.0,0.0,0.0,0.0,0.0,0.0,0.0,0.0,0.0,0.0,0.0,2.0,1.2307692307692308,1.0,0.8320502943378437,0.6923076923076924,2.0,0.0,1.0,0.07692307692307693,0.0,0.2773500981126146,0.07692307692307694,1.0,0.0,3.0,1.4615384615384615,2.0,0.9674179220468452,0.9358974358974358,3.0,9.0,0.0,4.0,0.0,0.0,0.0,0.0,3.0,0.0,0.0,4.0,0.0,0.0,3.0,0.0,0.0,0.0,0.0,0.0,0.0,0.0,0.0,0.0,0.0
732,545,Sidebar V2 Sprint 1,0,14,1,3,0,0,0,0,0,0,0,0,1,3,1,1,1.0,0.0,1.0,0.0,0.0,0.0,0.0,0.0,0.0,0.0,1.0,1.0,1.0,1.0,0.0,0.0,0.0,1.0,1.0,1.0,1.0,0.0,0.0,0.0,3.0,3.0,3.0,3.0,0.0,0.0,0.0,0.0,0.0,0.0,0.0,0.0,0.0,0.0,0.0,0.0,0.0,0.0,0.0,0.0,0.0,1.0,1.0,1.0,1.0,0.0,0.0,0.0,0.0,0.0,0.0,0.0,0.0,0.0,0.0,1.0,1.0,1.0,1.0,0.0,0.0,0.0,1.0,0.0,1.0,0.0,0.0,0.0,0.0,0.0,0.0,0.0,0.0,0.0,0.0,0.0,0.0,0.0,0.0,0.0,0.0,0.0,0.0,0.0,0.0,0.0
732,590,Thunder 7,0,12,1,3,0,0,1,3,0,0,0,0,0,0,1,2,1.0,0.0,0.0,28.0,28.0,28.0,28.0,0.0,0.0,0.0,0.0,0.0,0.0,0.0,0.0,0.0,0.0,2.0,2.0,2.0,2.0,0.0,0.0,0.0,14.0,14.0,14.0,14.0,0.0,0.0,0.0,0.0,0.0,0.0,0.0,0.0,0.0,0.0,0.0,0.0,0.0,0.0,0.0,0.0,0.0,2.0,2.0,2.0,2.0,0.0,0.0,0.0,6.0,6.0,6.0,6.0,0.0,0.0,0.0,4.0,4.0,4.0,4.0,0.0,0.0,0.0,0.0,0.0,1.0,0.0,0.0,0.0,0.0,0.0,0.0,1.0,1.0,0.0,0.0,0.0,0.0,0.0,0.0,0.0,0.0,0.0,0.0,0.0,0.0,0.0
732,610,Thunder 8,0,14,0,0,1,3,0,0,0,0,0,0,1,3,1,3,1.0,0.0,0.0,33.0,33.0,33.0,33.0,0.0,0.0,0.0,0.0,0.0,0.0,0.0,0.0,0.0,0.0,2.0,2.0,2.0,2.0,0.0,0.0,0.0,14.0,14.0,14.0,14.0,0.0,0.0,0.0,0.0,0.0,0.0,0.0,0.0,0.0,0.0,0.0,0.0,0.0,0.0,0.0,0.0,0.0,4.0,4.0,4.0,4.0,0.0,0.0,0.0,6.0,6.0,6.0,6.0,0.0,0.0,0.0,7.0,7.0,7.0,7.0,0.0,0.0,0.0,0.0,0.0,1.0,0.0,0.0,0.0,0.0,0.0,0.0,1.0,1.0,0.0,0.0,0.0,0.0,0.0,0.0,0.0,0.0,0.0,0.0,0.0,0.0,0.0
732,617,Core Sprint 8,3,14,0,0,0,0,0,0,0,0,0,0,0,0,1,1,1.0,0.0,0.0,1.0,1.0,1.0,1.0,0.0,0.0,0.0,1.0,1.0,1.0,1.0,0.0,0.0,0.0,1.0,1.0,1.0,1.0,0.0,0.0,0.0,1.0,1.0,1.0,1.0,0.0,0.0,0.0,0.0,0.0,0.0,0.0,0.0,0.0,0.0,0.0,0.0,0.0,0.0,0.0,0.0,0.0,0.0,0.0,0.0,0.0,0.0,0.0,0.0,0.0,0.0,0.0,0.0,0.0,0.0,0.0,1.0,1.0,1.0,1.0,0.0,0.0,0.0,0.0,0.0,1.0,0.0,0.0,0.0,0.0,0.0,0.0,0.0,1.0,0.0,0.0,1.0,0.0,0.0,0.0,0.0,0.0,0.0,0.0,0.0,0.0,0.0
732,644,Editor Sprint 1,-8,9,1,8,0,0,0,0,0,0,1,8,0,0,1,1,1.0,0.0,0.0,20.0,20.0,20.0,20.0,0.0,0.0,0.0,8.0,8.0,8.0,8.0,0.0,0.0,0.0,3.0,3.0,3.0,3.0,0.0,0.0,0.0,7.0,7.0,7.0,7.0,0.0,0.0,0.0,0.0,0.0,0.0,0.0,0.0,0.0,0.0,0.0,0.0,0.0,0.0,0.0,0.0,0.0,0.0,0.0,0.0,0.0,0.0,0.0,0.0,1.0,1.0,1.0,1.0,0.0,0.0,0.0,3.0,3.0,3.0,3.0,0.0,0.0,0.0,0.0,0.0,1.0,0.0,0.0,0.0,0.0,0.0,0.0,1.0,1.0,0.0,0.0,0.0,0.0,0.0,0.0,0.0,0.0,0.0,0.0,0.0,0.0,0.0
732,665,Galaxy - Sprint 4,0,14,0,0,1,3,0,0,1,3,0,0,0,0,1,1,2.0,0.0,0.0,0.0,10.0,5.0,5.0,7.0710678118654755,50.0,10.0,0.0,1.0,0.5,0.5,0.7071067811865476,0.5,1.0,2.0,3.0,2.5,2.5,0.7071067811865476,0.5,1.0,0.0,5.0,2.5,2.5,3.5355339059327378,12.5,5.0,0.0,0.0,0.0,0.0,0.0,0.0,0.0,0.0,0.0,0.0,0.0,0.0,0.0,0.0,0.0,0.0,0.0,0.0,0.0,0.0,0.0,0.0,2.0,1.0,1.0,1.4142135623730951,2.0,2.0,0.0,4.0,2.0,2.0,2.8284271247461903,8.0,4.0,0.0,0.0,2.0,0.0,0.0,0.0,0.0,0.0,0.0,1.0,2.0,0.0,0.0,1.0,0.0,0.0,0.0,0.0,0.0,0.0,0.0,0.0,0.0,0.0
732,667,Enterprise Sprint 18,0,14,0,0,0,0,0,0,0,0,0,0,0,0,1,1,2.0,0.0,0.0,0.0,0.0,0.0,0.0,0.0,0.0,0.0,1.0,1.0,1.0,1.0,0.0,0.0,0.0,1.0,2.0,1.5,1.5,0.7071067811865476,0.5,1.0,0.0,1.0,0.5,0.5,0.7071067811865476,0.5,1.0,0.0,0.0,0.0,0.0,0.0,0.0,0.0,0.0,0.0,0.0,0.0,0.0,0.0,0.0,0.0,0.0,0.0,0.0,0.0,0.0,0.0,0.0,0.0,0.0,0.0,0.0,0.0,0.0,0.0,0.0,0.0,0.0,0.0,0.0,0.0,0.0,0.0,2.0,0.0,0.0,0.0,0.0,0.0,0.0,0.0,2.0,0.0,0.0,2.0,0.0,0.0,0.0,0.0,0.0,0.0,0.0,0.0,0.0,0.0
732,673,Editor 5.3 sprint 2,0,9,2,16,0,0,0,0,1,8,1,8,0,0,1,2,2.0,0.0,1.0,3.0,25.0,14.0,14.0,15.556349186104045,242.0,22.0,2.0,8.0,5.0,5.0,4.242640687119285,18.0,6.0,3.0,3.0,3.0,3.0,0.0,0.0,0.0,4.0,7.0,5.5,5.5,2.1213203435596424,4.5,3.0,0.0,0.0,0.0,0.0,0.0,0.0,0.0,0.0,0.0,0.0,0.0,0.0,0.0,0.0,0.0,0.0,0.0,0.0,0.0,0.0,0.0,0.0,1.0,0.5,0.5,0.7071067811865476,0.5,1.0,0.0,3.0,1.5,1.5,2.1213203435596424,4.5,3.0,0.0,0.0,2.0,0.0,0.0,0.0,0.0,0.0,0.0,1.0,2.0,0.0,0.0,0.0,0.0,0.0,0.0,0.0,0.0,0.0,0.0,0.0,0.0,0.0
732,689,Galaxy - Sprint 5,0,15,1,3,0,0,0,0,1,3,0,0,0,0,1,2,1.0,0.0,0.0,15.0,15.0,15.0,15.0,0.0,0.0,0.0,0.0,0.0,0.0,0.0,0.0,0.0,0.0,2.0,2.0,2.0,2.0,0.0,0.0,0.0,0.0,0.0,0.0,0.0,0.0,0.0,0.0,0.0,0.0,0.0,0.0,0.0,0.0,0.0,0.0,0.0,0.0,0.0,0.0,0.0,0.0,0.0,0.0,0.0,0.0,0.0,0.0,0.0,2.0,2.0,2.0,2.0,0.0,0.0,0.0,4.0,4.0,4.0,4.0,0.0,0.0,0.0,0.0,0.0,1.0,0.0,0.0,0.0,0.0,0.0,0.0,1.0,1.0,0.0,0.0,0.0,0.0,0.0,0.0,0.0,0.0,0.0,0.0,0.0,0.0,0.0
732,776,Enterprise Sprint 19,0,14,2,6,0,0,0,0,0,0,0,0,2,6,1,4,2.0,0.0,0.0,0.0,2.0,1.0,1.0,1.4142135623730951,2.0,2.0,1.0,1.0,1.0,1.0,0.0,0.0,0.0,1.0,2.0,1.5,1.5,0.7071067811865476,0.5,1.0,0.0,1.0,0.5,0.5,0.7071067811865476,0.5,1.0,0.0,0.0,0.0,0.0,0.0,0.0,0.0,0.0,0.0,0.0,0.0,0.0,0.0,0.0,1.0,1.0,1.0,1.0,0.0,0.0,0.0,1.0,1.0,1.0,1.0,0.0,0.0,0.0,0.0,0.0,0.0,0.0,0.0,0.0,0.0,0.0,0.0,2.0,0.0,0.0,0.0,0.0,0.0,0.0,0.0,2.0,0.0,0.0,2.0,0.0,0.0,0.0,0.0,0.0,0.0,0.0,0.0,0.0,0.0
732,902,Enterprise Sprint 23,3,14,0,0,0,0,0,0,0,0,0,0,0,0,1,1,1.0,0.0,0.0,0.0,0.0,0.0,0.0,0.0,0.0,0.0,1.0,1.0,1.0,1.0,0.0,0.0,0.0,1.0,1.0,1.0,1.0,0.0,0.0,0.0,0.0,0.0,0.0,0.0,0.0,0.0,0.0,0.0,0.0,0.0,0.0,0.0,0.0,0.0,0.0,0.0,0.0,0.0,0.0,0.0,0.0,0.0,0.0,0.0,0.0,0.0,0.0,0.0,0.0,0.0,0.0,0.0,0.0,0.0,0.0,0.0,0.0,0.0,0.0,0.0,0.0,0.0,0.0,0.0,1.0,0.0,0.0,0.0,0.0,0.0,0.0,0.0,1.0,0.0,0.0,1.0,0.0,0.0,0.0,0.0,0.0,0.0,0.0,0.0,0.0,0.0
732,922,Enterprise Sprint 24,0,14,0,0,1,3,0,0,1,3,0,0,0,0,1,1,1.0,0.0,0.0,0.0,0.0,0.0,0.0,0.0,0.0,0.0,1.0,1.0,1.0,1.0,0.0,0.0,0.0,1.0,1.0,1.0,1.0,0.0,0.0,0.0,2.0,2.0,2.0,2.0,0.0,0.0,0.0,0.0,0.0,0.0,0.0,0.0,0.0,0.0,0.0,0.0,0.0,0.0,0.0,0.0,0.0,0.0,0.0,0.0,0.0,0.0,0.0,0.0,0.0,0.0,0.0,0.0,0.0,0.0,0.0,0.0,0.0,0.0,0.0,0.0,0.0,0.0,0.0,0.0,1.0,0.0,0.0,0.0,0.0,0.0,0.0,0.0,1.0,0.0,0.0,1.0,0.0,0.0,0.0,0.0,0.0,0.0,0.0,0.0,0.0,0.0
732,939,Warranty bugs,3,54,0,0,0,0,0,0,0,0,0,0,0,0,1,1,1.0,0.0,0.0,5.0,5.0,5.0,5.0,0.0,0.0,0.0,2.0,2.0,2.0,2.0,0.0,0.0,0.0,2.0,2.0,2.0,2.0,0.0,0.0,0.0,2.0,2.0,2.0,2.0,0.0,0.0,0.0,0.0,0.0,0.0,0.0,0.0,0.0,0.0,0.0,0.0,0.0,0.0,0.0,0.0,0.0,0.0,0.0,0.0,0.0,0.0,0.0,0.0,0.0,0.0,0.0,0.0,0.0,0.0,0.0,0.0,0.0,0.0,0.0,0.0,0.0,0.0,0.0,0.0,1.0,0.0,0.0,0.0,0.0,0.0,0.0,1.0,1.0,0.0,0.0,0.0,0.0,0.0,0.0,0.0,0.0,0.0,0.0,0.0,0.0,0.0
732,979,Enterprise Sprint 25,0,14,0,0,0,0,0,0,0,0,0,0,0,0,1,1,1.0,0.0,0.0,4.0,4.0,4.0,4.0,0.0,0.0,0.0,5.0,5.0,5.0,5.0,0.0,0.0,0.0,2.0,2.0,2.0,2.0,0.0,0.0,0.0,9.0,9.0,9.0,9.0,0.0,0.0,0.0,0.0,0.0,0.0,0.0,0.0,0.0,0.0,0.0,0.0,0.0,0.0,0.0,0.0,0.0,0.0,0.0,0.0,0.0,0.0,0.0,0.0,0.0,0.0,0.0,0.0,0.0,0.0,0.0,6.0,6.0,6.0,6.0,0.0,0.0,0.0,0.0,0.0,1.0,0.0,0.0,0.0,0.0,0.0,0.0,1.0,1.0,0.0,0.0,0.0,0.0,0.0,0.0,0.0,0.0,0.0,0.0,0.0,0.0,0.0
732,1017,Doraemon - Sprint 12,0,7,0,0,1,1,0,0,0,0,0,0,1,1,1,2,1.0,0.0,0.0,1.0,1.0,1.0,1.0,0.0,0.0,0.0,1.0,1.0,1.0,1.0,0.0,0.0,0.0,2.0,2.0,2.0,2.0,0.0,0.0,0.0,0.0,0.0,0.0,0.0,0.0,0.0,0.0,0.0,0.0,0.0,0.0,0.0,0.0,0.0,0.0,0.0,0.0,0.0,0.0,0.0,0.0,2.0,2.0,2.0,2.0,0.0,0.0,0.0,1.0,1.0,1.0,1.0,0.0,0.0,0.0,0.0,0.0,0.0,0.0,0.0,0.0,0.0,1.0,0.0,1.0,0.0,0.0,0.0,0.0,1.0,0.0,0.0,0.0,0.0,0.0,0.0,0.0,0.0,0.0,0.0,0.0,0.0,0.0,0.0,0.0,0.0
732,1041,5.5 Sprint 4,0,10,0,0,1,2,0,0,0,0,0,0,1,2,1,1,1.0,0.0,0.0,6.0,6.0,6.0,6.0,0.0,0.0,0.0,0.0,0.0,0.0,0.0,0.0,0.0,0.0,1.0,1.0,1.0,1.0,0.0,0.0,0.0,0.0,0.0,0.0,0.0,0.0,0.0,0.0,0.0,0.0,0.0,0.0,0.0,0.0,0.0,0.0,0.0,0.0,0.0,0.0,0.0,0.0,0.0,0.0,0.0,0.0,0.0,0.0,0.0,0.0,0.0,0.0,0.0,0.0,0.0,0.0,0.0,0.0,0.0,0.0,0.0,0.0,0.0,1.0,0.0,1.0,0.0,0.0,0.0,0.0,0.0,0.0,0.0,0.0,0.0,0.0,1.0,0.0,0.0,0.0,0.0,0.0,0.0,0.0,0.0,0.0,0.0
732,1058,Sprint 20,-3,7,1,3,0,0,0,0,0,0,1,3,0,0,1,1,1.0,0.0,0.0,1.0,1.0,1.0,1.0,0.0,0.0,0.0,1.0,1.0,1.0,1.0,0.0,0.0,0.0,1.0,1.0,1.0,1.0,0.0,0.0,0.0,2.0,2.0,2.0,2.0,0.0,0.0,0.0,0.0,0.0,0.0,0.0,0.0,0.0,0.0,0.0,0.0,0.0,0.0,0.0,0.0,0.0,0.0,0.0,0.0,0.0,0.0,0.0,0.0,1.0,1.0,1.0,1.0,0.0,0.0,0.0,0.0,0.0,0.0,0.0,0.0,0.0,0.0,0.0,0.0,1.0,0.0,0.0,0.0,0.0,1.0,0.0,0.0,1.0,0.0,0.0,0.0,0.0,0.0,0.0,0.0,0.0,0.0,0.0,0.0,0.0,0.0
732,1149,5.5 Sprint 7,-3,9,1,3,0,0,0,0,1,3,0,0,0,0,1,1,1.0,0.0,0.0,5.0,5.0,5.0,5.0,0.0,0.0,0.0,1.0,1.0,1.0,1.0,0.0,0.0,0.0,2.0,2.0,2.0,2.0,0.0,0.0,0.0,2.0,2.0,2.0,2.0,0.0,0.0,0.0,0.0,0.0,0.0,0.0,0.0,0.0,0.0,0.0,0.0,0.0,0.0,0.0,0.0,0.0,2.0,2.0,2.0,2.0,0.0,0.0,0.0,5.0,5.0,5.0,5.0,0.0,0.0,0.0,0.0,0.0,0.0,0.0,0.0,0.0,0.0,1.0,0.0,1.0,0.0,0.0,0.0,0.0,1.0,0.0,0.0,0.0,0.0,0.0,0.0,0.0,0.0,0.0,0.0,0.0,0.0,0.0,0.0,0.0,0.0
732,1161,Galaxy Sprint 18,0,14,0,0,0,0,0,0,0,0,0,0,0,0,1,1,1.0,0.0,0.0,1.0,1.0,1.0,1.0,0.0,0.0,0.0,2.0,2.0,2.0,2.0,0.0,0.0,0.0,2.0,2.0,2.0,2.0,0.0,0.0,0.0,5.0,5.0,5.0,5.0,0.0,0.0,0.0,0.0,0.0,0.0,0.0,0.0,0.0,0.0,0.0,0.0,0.0,0.0,0.0,0.0,0.0,0.0,0.0,0.0,0.0,0.0,0.0,0.0,1.0,1.0,1.0,1.0,0.0,0.0,0.0,6.0,6.0,6.0,6.0,0.0,0.0,0.0,0.0,0.0,1.0,0.0,0.0,0.0,0.0,0.0,0.0,1.0,1.0,0.0,0.0,0.0,0.0,0.0,0.0,0.0,0.0,0.0,0.0,0.0,0.0,0.0
732,1183,Editor 5.5 Sprint 8,-3,9,1,3,0,0,0,0,0,0,1,3,0,0,1,1,1.0,0.0,0.0,5.0,5.0,5.0,5.0,0.0,0.0,0.0,1.0,1.0,1.0,1.0,0.0,0.0,0.0,2.0,2.0,2.0,2.0,0.0,0.0,0.0,2.0,2.0,2.0,2.0,0.0,0.0,0.0,0.0,0.0,0.0,0.0,0.0,0.0,0.0,0.0,0.0,0.0,0.0,0.0,0.0,0.0,2.0,2.0,2.0,2.0,0.0,0.0,0.0,5.0,5.0,5.0,5.0,0.0,0.0,0.0,0.0,0.0,0.0,0.0,0.0,0.0,0.0,1.0,0.0,1.0,0.0,0.0,0.0,0.0,1.0,0.0,0.0,0.0,0.0,0.0,0.0,0.0,0.0,0.0,0.0,0.0,0.0,0.0,0.0,0.0,0.0
732,1188,Galaxy - Sprint 19,-8,14,0,0,1,8,0,0,1,8,0,0,0,0,1,1,1.0,0.0,0.0,4.0,4.0,4.0,4.0,0.0,0.0,0.0,2.0,2.0,2.0,2.0,0.0,0.0,0.0,2.0,2.0,2.0,2.0,0.0,0.0,0.0,5.0,5.0,5.0,5.0,0.0,0.0,0.0,0.0,0.0,0.0,0.0,0.0,0.0,0.0,0.0,0.0,0.0,0.0,0.0,0.0,0.0,0.0,0.0,0.0,0.0,0.0,0.0,0.0,1.0,1.0,1.0,1.0,0.0,0.0,0.0,6.0,6.0,6.0,6.0,0.0,0.0,0.0,0.0,0.0,1.0,0.0,0.0,0.0,0.0,0.0,0.0,1.0,1.0,0.0,0.0,0.0,0.0,0.0,0.0,0.0,0.0,0.0,0.0,0.0,0.0,0.0
732,1220,Editor 5.5 Sprint 9,0,14,0,0,0,0,0,0,0,0,0,0,0,0,1,1,0.0,0.0,0.0,0.0,0.0,0.0,0.0,0.0,0.0,0.0,0.0,0.0,0.0,0.0,0.0,0.0,0.0,0.0,0.0,0.0,0.0,0.0,0.0,0.0,0.0,0.0,0.0,0.0,0.0,0.0,0.0,0.0,0.0,0.0,0.0,0.0,0.0,0.0,0.0,0.0,0.0,0.0,0.0,0.0,0.0,0.0,0.0,0.0,0.0,0.0,0.0,0.0,0.0,0.0,0.0,0.0,0.0,0.0,0.0,0.0,0.0,0.0,0.0,0.0,0.0,0.0,0.0,0.0,0.0,0.0,0.0,0.0,0.0,0.0,0.0,0.0,0.0,0.0,0.0,0.0,0.0,0.0,0.0,0.0,0.0,0.0,0.0,0.0,0.0,0.0
732,1224,Galaxy Sprint 20,0,14,1,8,0,0,0,0,0,0,1,8,0,0,1,2,1.0,0.0,0.0,11.0,11.0,11.0,11.0,0.0,0.0,0.0,2.0,2.0,2.0,2.0,0.0,0.0,0.0,2.0,2.0,2.0,2.0,0.0,0.0,0.0,5.0,5.0,5.0,5.0,0.0,0.0,0.0,0.0,0.0,0.0,0.0,0.0,0.0,0.0,0.0,0.0,0.0,0.0,0.0,0.0,0.0,0.0,0.0,0.0,0.0,0.0,0.0,0.0,1.0,1.0,1.0,1.0,0.0,0.0,0.0,6.0,6.0,6.0,6.0,0.0,0.0,0.0,0.0,0.0,1.0,0.0,0.0,0.0,0.0,0.0,0.0,1.0,1.0,0.0,0.0,0.0,0.0,0.0,0.0,0.0,0.0,0.0,0.0,0.0,0.0,0.0
732,1251,Editor 5.6 Sprint 1,-7,9,2,7,0,0,0,0,1,5,1,2,0,0,1,2,2.0,0.0,0.0,5.0,14.0,9.5,9.5,6.363961030678928,40.5,9.0,5.0,6.0,5.5,5.5,0.7071067811865476,0.5,1.0,1.0,1.0,1.0,1.0,0.0,0.0,0.0,0.0,4.0,2.0,2.0,2.8284271247461903,8.0,4.0,0.0,0.0,0.0,0.0,0.0,0.0,0.0,0.0,0.0,0.0,0.0,0.0,0.0,0.0,0.0,0.0,0.0,0.0,0.0,0.0,0.0,1.0,2.0,1.5,1.5,0.7071067811865476,0.5,1.0,0.0,5.0,2.5,2.5,3.5355339059327378,12.5,5.0,1.0,0.0,2.0,0.0,0.0,0.0,0.0,1.0,0.0,1.0,1.0,0.0,0.0,0.0,0.0,0.0,0.0,0.0,0.0,0.0,0.0,0.0,0.0,0.0
732,1298,Editor 5.6 Sprint 2,0,22,1,2,0,0,0,0,1,2,0,0,0,0,1,2,1.0,0.0,0.0,5.0,5.0,5.0,5.0,0.0,0.0,0.0,5.0,5.0,5.0,5.0,0.0,0.0,0.0,1.0,1.0,1.0,1.0,0.0,0.0,0.0,4.0,4.0,4.0,4.0,0.0,0.0,0.0,0.0,0.0,0.0,0.0,0.0,0.0,0.0,0.0,0.0,0.0,0.0,0.0,0.0,0.0,1.0,1.0,1.0,1.0,0.0,0.0,0.0,1.0,1.0,1.0,1.0,0.0,0.0,0.0,6.0,6.0,6.0,6.0,0.0,0.0,0.0,0.0,0.0,1.0,0.0,0.0,0.0,0.0,1.0,0.0,0.0,1.0,0.0,0.0,0.0,0.0,0.0,0.0,0.0,0.0,0.0,0.0,0.0,0.0,0.0
732,1299,Muppets - T24,0,14,1,3,0,0,0,0,0,0,0,0,1,3,1,4,1.0,0.0,0.0,0.0,0.0,0.0,0.0,0.0,0.0,0.0,1.0,1.0,1.0,1.0,0.0,0.0,0.0,2.0,2.0,2.0,2.0,0.0,0.0,0.0,0.0,0.0,0.0,0.0,0.0,0.0,0.0,0.0,0.0,0.0,0.0,0.0,0.0,0.0,0.0,0.0,0.0,0.0,0.0,0.0,0.0,2.0,2.0,2.0,2.0,0.0,0.0,0.0,1.0,1.0,1.0,1.0,0.0,0.0,0.0,4.0,4.0,4.0,4.0,0.0,0.0,0.0,0.0,0.0,1.0,0.0,0.0,0.0,0.0,0.0,0.0,0.0,1.0,0.0,0.0,1.0,0.0,0.0,0.0,0.0,0.0,0.0,0.0,0.0,0.0,0.0
732,1386,API - 5.6 Sprint 5,0,8,1,3,0,0,0,0,1,3,0,0,0,0,1,1,1.0,0.0,0.0,4.0,4.0,4.0,4.0,0.0,0.0,0.0,1.0,1.0,1.0,1.0,0.0,0.0,0.0,2.0,2.0,2.0,2.0,0.0,0.0,0.0,1.0,1.0,1.0,1.0,0.0,0.0,0.0,0.0,0.0,0.0,0.0,0.0,0.0,0.0,0.0,0.0,0.0,0.0,0.0,0.0,0.0,1.0,1.0,1.0,1.0,0.0,0.0,0.0,3.0,3.0,3.0,3.0,0.0,0.0,0.0,5.0,5.0,5.0,5.0,0.0,0.0,0.0,0.0,0.0,1.0,0.0,0.0,0.0,0.0,0.0,0.0,0.0,1.0,0.0,0.0,1.0,0.0,0.0,0.0,0.0,0.0,0.0,0.0,0.0,0.0,0.0
732,1559,atlassian-selenium anyone?,-5,7,0,0,1,5,0,0,1,5,0,0,0,0,1,2,1.0,0.0,0.0,0.0,0.0,0.0,0.0,0.0,0.0,0.0,3.0,3.0,3.0,3.0,0.0,0.0,0.0,3.0,3.0,3.0,3.0,0.0,0.0,0.0,0.0,0.0,0.0,0.0,0.0,0.0,0.0,0.0,0.0,0.0,0.0,0.0,0.0,0.0,0.0,0.0,0.0,0.0,0.0,0.0,0.0,0.0,0.0,0.0,0.0,0.0,0.0,0.0,2.0,2.0,2.0,2.0,0.0,0.0,0.0,1.0,1.0,1.0,1.0,0.0,0.0,0.0,0.0,0.0,1.0,0.0,0.0,0.0,0.0,0.0,0.0,1.0,1.0,0.0,0.0,0.0,0.0,0.0,0.0,0.0,0.0,0.0,0.0,0.0,0.0,0.0
732,1560,Kill 1 token with 2 weeks,0,14,1,5,0,0,0,0,0,0,0,0,1,5,1,3,1.0,0.0,0.0,0.0,0.0,0.0,0.0,0.0,0.0,0.0,3.0,3.0,3.0,3.0,0.0,0.0,0.0,3.0,3.0,3.0,3.0,0.0,0.0,0.0,0.0,0.0,0.0,0.0,0.0,0.0,0.0,0.0,0.0,0.0,0.0,0.0,0.0,0.0,0.0,0.0,0.0,0.0,0.0,0.0,0.0,3.0,3.0,3.0,3.0,0.0,0.0,0.0,2.0,2.0,2.0,2.0,0.0,0.0,0.0,2.0,2.0,2.0,2.0,0.0,0.0,0.0,0.0,0.0,1.0,0.0,0.0,0.0,0.0,0.0,0.0,1.0,1.0,0.0,0.0,0.0,0.0,0.0,0.0,0.0,0.0,0.0,0.0,0.0,0.0,0.0
732,1577,Warranty Bugs - OD-33,3,12,0,0,0,0,0,0,0,0,0,0,0,0,1,2,1.0,0.0,0.0,6.0,6.0,6.0,6.0,0.0,0.0,0.0,3.0,3.0,3.0,3.0,0.0,0.0,0.0,2.0,2.0,2.0,2.0,0.0,0.0,0.0,2.0,2.0,2.0,2.0,0.0,0.0,0.0,0.0,0.0,0.0,0.0,0.0,0.0,0.0,0.0,0.0,0.0,0.0,0.0,0.0,0.0,0.0,0.0,0.0,0.0,0.0,0.0,0.0,0.0,0.0,0.0,0.0,0.0,0.0,0.0,4.0,4.0,4.0,4.0,0.0,0.0,0.0,0.0,0.0,1.0,0.0,0.0,0.0,0.0,1.0,0.0,0.0,1.0,0.0,0.0,0.0,0.0,0.0,0.0,0.0,0.0,0.0,0.0,0.0,0.0,0.0
732,1929,Muppets - OD-43,0,4,0,0,0,0,0,0,0,0,0,0,0,0,1,1,1.0,0.0,0.0,2.0,2.0,2.0,2.0,0.0,0.0,0.0,1.0,1.0,1.0,1.0,0.0,0.0,0.0,2.0,2.0,2.0,2.0,0.0,0.0,0.0,2.0,2.0,2.0,2.0,0.0,0.0,0.0,0.0,0.0,0.0,0.0,0.0,0.0,0.0,0.0,0.0,0.0,0.0,0.0,0.0,0.0,0.0,0.0,0.0,0.0,0.0,0.0,0.0,0.0,0.0,0.0,0.0,0.0,0.0,0.0,6.0,6.0,6.0,6.0,0.0,0.0,0.0,0.0,0.0,1.0,0.0,0.0,0.0,0.0,0.0,0.0,0.0,1.0,0.0,0.0,1.0,0.0,0.0,0.0,0.0,0.0,0.0,0.0,0.0,0.0,0.0
732,1973,Muppets - OD-45,0,5,1,3,0,0,0,0,1,3,0,0,0,0,1,1,1.0,0.0,0.0,5.0,5.0,5.0,5.0,0.0,0.0,0.0,1.0,1.0,1.0,1.0,0.0,0.0,0.0,2.0,2.0,2.0,2.0,0.0,0.0,0.0,2.0,2.0,2.0,2.0,0.0,0.0,0.0,0.0,0.0,0.0,0.0,0.0,0.0,0.0,0.0,0.0,0.0,0.0,0.0,0.0,0.0,1.0,1.0,1.0,1.0,0.0,0.0,0.0,0.0,0.0,0.0,0.0,0.0,0.0,0.0,11.0,11.0,11.0,11.0,0.0,0.0,0.0,0.0,0.0,1.0,0.0,0.0,0.0,0.0,0.0,0.0,0.0,1.0,0.0,0.0,1.0,0.0,0.0,0.0,0.0,0.0,0.0,0.0,0.0,0.0,0.0
732,2324,No rotation restrictions,3,14,0,0,0,0,0,0,0,0,0,0,0,0,1,1,1.0,0.0,0.0,0.0,0.0,0.0,0.0,0.0,0.0,0.0,1.0,1.0,1.0,1.0,0.0,0.0,0.0,2.0,2.0,2.0,2.0,0.0,0.0,0.0,0.0,0.0,0.0,0.0,0.0,0.0,0.0,0.0,0.0,0.0,0.0,0.0,0.0,0.0,0.0,0.0,0.0,0.0,0.0,0.0,0.0,0.0,0.0,0.0,0.0,0.0,0.0,0.0,0.0,0.0,0.0,0.0,0.0,0.0,0.0,0.0,0.0,0.0,0.0,0.0,0.0,0.0,0.0,0.0,1.0,0.0,0.0,0.0,0.0,0.0,0.0,0.0,1.0,0.0,0.0,1.0,0.0,0.0,0.0,0.0,0.0,0.0,0.0,0.0,0.0,0.0
732,2349,Cloud Infrastructure SP13,3,7,0,0,0,0,0,0,0,0,0,0,0,0,1,1,1.0,0.0,0.0,0.0,0.0,0.0,0.0,0.0,0.0,0.0,1.0,1.0,1.0,1.0,0.0,0.0,0.0,0.0,0.0,0.0,0.0,0.0,0.0,0.0,0.0,0.0,0.0,0.0,0.0,0.0,0.0,0.0,0.0,0.0,0.0,0.0,0.0,0.0,0.0,0.0,0.0,0.0,0.0,0.0,0.0,0.0,0.0,0.0,0.0,0.0,0.0,0.0,0.0,0.0,0.0,0.0,0.0,0.0,0.0,0.0,0.0,0.0,0.0,0.0,0.0,0.0,0.0,0.0,1.0,0.0,0.0,0.0,0.0,0.0,0.0,0.0,1.0,0.0,0.0,1.0,0.0,0.0,0.0,0.0,0.0,0.0,0.0,0.0,0.0,0.0
765,515,Sprint 30 - 6.2.2,0,11,0,0,0,0,0,0,0,0,0,0,0,0,1,1,43.0,42.0,25.0,0.0,0.0,0.0,0.0,0.0,0.0,0.0,0.0,1.0,0.11627906976744186,0.0,0.32435300622428814,0.1052048726467331,1.0,0.0,1.0,0.6744186046511628,1.0,0.4741373235154427,0.22480620155038758,1.0,0.0,0.0,0.0,0.0,0.0,0.0,0.0,0.0,0.0,0.0,0.0,0.0,0.0,0.0,0.0,0.0,0.0,0.0,0.0,0.0,0.0,0.0,0.0,0.0,0.0,0.0,0.0,0.0,0.0,0.0,0.0,0.0,0.0,0.0,0.0,0.0,0.0,0.0,0.0,0.0,0.0,0.0,38.0,0.0,1.0,0.0,0.0,0.0,0.0,4.0,1.0,6.0,5.0,0.0,0.0,7.0,0.0,0.0,0.0,0.0,0.0,0.0,0.0,0.0,0.0,0.0
765,909,Sprint 29,-3,43,0,0,1,3,0,0,1,3,0,0,0,0,1,1,1.0,0.0,1.0,0.0,0.0,0.0,0.0,0.0,0.0,0.0,0.0,0.0,0.0,0.0,0.0,0.0,0.0,0.0,0.0,0.0,0.0,0.0,0.0,0.0,0.0,0.0,0.0,0.0,0.0,0.0,0.0,0.0,0.0,0.0,0.0,0.0,0.0,0.0,0.0,0.0,0.0,0.0,0.0,0.0,0.0,1.0,1.0,1.0,1.0,0.0,0.0,0.0,0.0,0.0,0.0,0.0,0.0,0.0,0.0,1.0,1.0,1.0,1.0,0.0,0.0,0.0,0.0,0.0,1.0,0.0,0.0,0.0,0.0,0.0,0.0,0.0,1.0,0.0,0.0,0.0,0.0,0.0,0.0,0.0,0.0,0.0,0.0,0.0,0.0,0.0
765,1029,Galaxy - Sprint 14,0,14,0,0,0,0,0,0,0,0,0,0,0,0,1,1,1.0,0.0,0.0,1.0,1.0,1.0,1.0,0.0,0.0,0.0,1.0,1.0,1.0,1.0,0.0,0.0,0.0,1.0,1.0,1.0,1.0,0.0,0.0,0.0,2.0,2.0,2.0,2.0,0.0,0.0,0.0,0.0,0.0,0.0,0.0,0.0,0.0,0.0,0.0,0.0,0.0,0.0,0.0,0.0,0.0,0.0,0.0,0.0,0.0,0.0,0.0,0.0,1.0,1.0,1.0,1.0,0.0,0.0,0.0,3.0,3.0,3.0,3.0,0.0,0.0,0.0,0.0,0.0,1.0,0.0,0.0,0.0,0.0,1.0,0.0,0.0,1.0,0.0,0.0,0.0,0.0,0.0,0.0,0.0,0.0,0.0,0.0,0.0,0.0,0.0
765,1437,Sprint 1,-21,14,0,0,7,21,0,0,7,21,0,0,0,0,1,1,8.0,1.0,7.0,0.0,2.0,0.875,0.5,0.9910312089651149,0.9821428571428571,2.0,1.0,7.0,2.25,1.5,2.052872551885702,4.214285714285714,6.0,0.0,1.0,0.125,0.0,0.3535533905932738,0.125,1.0,0.0,2.0,0.375,0.0,0.7440238091428449,0.5535714285714286,2.0,0.0,0.0,0.0,0.0,0.0,0.0,0.0,0.0,0.0,0.0,0.0,0.0,0.0,0.0,0.0,2.0,0.25,0.0,0.7071067811865476,0.5,2.0,0.0,0.0,0.0,0.0,0.0,0.0,0.0,0.0,2.0,0.625,0.0,0.9161253813129043,0.8392857142857143,2.0,3.0,0.0,7.0,0.0,0.0,0.0,0.0,1.0,0.0,0.0,5.0,0.0,0.0,0.0,0.0,0.0,0.0,0.0,0.0,0.0,0.0,0.0,0.0,0.0
765,1438,Sprint 2,-9,14,0,0,3,9,0,0,3,9,0,0,0,0,1,2,3.0,0.0,1.0,0.0,3.0,1.6666666666666667,2.0,1.5275252316519465,2.333333333333333,3.0,1.0,1.0,1.0,1.0,0.0,0.0,0.0,0.0,0.0,0.0,0.0,0.0,0.0,0.0,0.0,0.0,0.0,0.0,0.0,0.0,0.0,0.0,0.0,0.0,0.0,0.0,0.0,0.0,0.0,0.0,0.0,0.0,0.0,0.0,0.0,0.0,0.0,0.0,0.0,0.0,0.0,0.0,0.0,0.0,0.0,0.0,0.0,0.0,0.0,0.0,0.0,0.0,0.0,0.0,0.0,0.0,2.0,0.0,2.0,0.0,0.0,0.0,0.0,1.0,0.0,0.0,1.0,0.0,0.0,0.0,0.0,0.0,1.0,0.0,0.0,0.0,0.0,0.0,0.0,0.0
765,1815,Toothless,-13,9,4,17,2,7,3,11,3,13,0,0,0,0,1,9,6.0,0.0,5.0,0.0,9.0,2.0,1.0,3.4641016151377544,12.0,9.0,0.0,3.0,1.1666666666666667,1.0,1.3291601358251257,1.7666666666666668,3.0,1.0,2.0,1.6666666666666667,2.0,0.5163977794943223,0.2666666666666667,1.0,0.0,2.0,0.6666666666666666,0.0,1.0327955589886446,1.0666666666666669,2.0,0.0,0.0,0.0,0.0,0.0,0.0,0.0,0.0,0.0,0.0,0.0,0.0,0.0,0.0,0.0,5.0,0.8333333333333334,0.0,2.0412414523193148,4.166666666666666,5.0,0.0,2.0,0.5,0.0,0.8366600265340756,0.7,2.0,0.0,13.0,3.3333333333333335,1.5,5.046450898073483,25.466666666666665,13.0,0.0,0.0,6.0,0.0,0.0,0.0,0.0,1.0,0.0,0.0,6.0,0.0,0.0,0.0,0.0,0.0,0.0,0.0,0.0,0.0,0.0,0.0,0.0,0.0
765,1833,Dragonfly,-19,10,2,16,2,8,1,5,2,11,1,8,0,0,1,5,4.0,0.0,1.0,0.0,9.0,3.75,3.0,3.774917217635375,14.25,9.0,0.0,2.0,0.75,0.5,0.9574271077563381,0.9166666666666666,2.0,1.0,2.0,1.5,1.5,0.5773502691896257,0.3333333333333333,1.0,0.0,2.0,0.5,0.0,1.0,1.0,2.0,0.0,0.0,0.0,0.0,0.0,0.0,0.0,0.0,0.0,0.0,0.0,0.0,0.0,0.0,0.0,0.0,0.0,0.0,0.0,0.0,0.0,0.0,2.0,1.0,1.0,0.816496580927726,0.6666666666666666,2.0,0.0,13.0,4.5,2.5,5.802298395176403,33.666666666666664,13.0,0.0,0.0,3.0,0.0,0.0,0.0,0.0,2.0,0.0,0.0,4.0,0.0,0.0,0.0,0.0,0.0,1.0,0.0,0.0,0.0,0.0,0.0,0.0,0.0
765,1839,JIRA Integration - 6,0,7,0,0,0,0,0,0,0,0,0,0,0,0,1,1,0.0,0.0,0.0,0.0,0.0,0.0,0.0,0.0,0.0,0.0,0.0,0.0,0.0,0.0,0.0,0.0,0.0,0.0,0.0,0.0,0.0,0.0,0.0,0.0,0.0,0.0,0.0,0.0,0.0,0.0,0.0,0.0,0.0,0.0,0.0,0.0,0.0,0.0,0.0,0.0,0.0,0.0,0.0,0.0,0.0,0.0,0.0,0.0,0.0,0.0,0.0,0.0,0.0,0.0,0.0,0.0,0.0,0.0,0.0,0.0,0.0,0.0,0.0,0.0,0.0,0.0,0.0,0.0,0.0,0.0,0.0,0.0,0.0,0.0,0.0,0.0,0.0,0.0,0.0,0.0,0.0,0.0,0.0,0.0,0.0,0.0,0.0,0.0,0.0,0.0
765,1862,JIRA Integration - 7,3,7,0,0,0,0,0,0,0,0,0,0,0,0,1,1,1.0,0.0,1.0,0.0,0.0,0.0,0.0,0.0,0.0,0.0,0.0,0.0,0.0,0.0,0.0,0.0,0.0,0.0,0.0,0.0,0.0,0.0,0.0,0.0,0.0,0.0,0.0,0.0,0.0,0.0,0.0,0.0,0.0,0.0,0.0,0.0,0.0,0.0,0.0,0.0,0.0,0.0,0.0,0.0,0.0,0.0,0.0,0.0,0.0,0.0,0.0,0.0,0.0,0.0,0.0,0.0,0.0,0.0,0.0,0.0,0.0,0.0,0.0,0.0,0.0,0.0,0.0,0.0,1.0,0.0,0.0,0.0,0.0,0.0,0.0,0.0,1.0,0.0,0.0,0.0,0.0,0.0,0.0,0.0,0.0,0.0,0.0,0.0,0.0,0.0
765,1876,Dragonfly 2,-24,11,3,14,2,10,0,0,1,2,4,22,0,0,1,4,5.0,0.0,1.0,0.0,11.0,4.2,3.0,4.207136793592526,17.7,11.0,0.0,10.0,2.8,1.0,4.207136793592526,17.7,10.0,0.0,2.0,1.0,1.0,0.7071067811865476,0.5,2.0,0.0,6.0,1.8,1.0,2.489979919597747,6.200000000000001,6.0,0.0,0.0,0.0,0.0,0.0,0.0,0.0,0.0,0.0,0.0,0.0,0.0,0.0,0.0,0.0,1.0,0.2,0.0,0.44721359549995804,0.20000000000000007,1.0,0.0,1.0,0.4,0.0,0.5477225575051662,0.30000000000000004,1.0,0.0,7.0,2.0,1.0,2.9154759474226504,8.5,7.0,2.0,0.0,4.0,0.0,0.0,0.0,0.0,2.0,0.0,1.0,3.0,0.0,0.0,0.0,0.0,0.0,1.0,0.0,0.0,0.0,0.0,0.0,0.0,0.0
765,1917,Dragonfly 3,-13,11,3,13,9,37,7,31,5,19,0,0,0,0,1,9,13.0,0.0,9.0,0.0,19.0,4.538461538461538,3.0,5.092729860879864,25.935897435897434,19.0,0.0,3.0,1.1538461538461537,1.0,1.1435437497937313,1.3076923076923077,3.0,0.0,2.0,1.5384615384615385,2.0,0.6602252917735248,0.43589743589743596,2.0,0.0,5.0,0.6923076923076923,0.0,1.4366984945013912,2.064102564102564,5.0,0.0,0.0,0.0,0.0,0.0,0.0,0.0,0.0,0.0,0.0,0.0,0.0,0.0,0.0,0.0,1.0,0.07692307692307693,0.0,0.2773500981126146,0.07692307692307694,1.0,0.0,3.0,0.6923076923076923,0.0,0.9473309334313418,0.8974358974358972,3.0,0.0,13.0,2.1538461538461537,1.0,3.848076442547927,14.807692307692308,13.0,3.0,0.0,13.0,0.0,0.0,0.0,0.0,2.0,1.0,1.0,10.0,0.0,0.0,0.0,0.0,0.0,0.0,0.0,0.0,0.0,0.0,0.0,0.0,0.0
765,1975,Dragonfly 4,-10,9,4,10,0,0,0,0,0,0,4,8,0,0,1,5,9.0,0.0,5.0,0.0,19.0,4.444444444444445,3.0,5.681353516353103,32.27777777777777,19.0,0.0,3.0,1.0,1.0,1.0,1.0,3.0,1.0,2.0,1.7777777777777777,2.0,0.4409585518440984,0.19444444444444442,1.0,0.0,2.0,0.5555555555555556,0.0,0.7264831572567789,0.5277777777777778,2.0,0.0,0.0,0.0,0.0,0.0,0.0,0.0,0.0,0.0,0.0,0.0,0.0,0.0,0.0,0.0,2.0,0.4444444444444444,0.0,0.8819171036881969,0.7777777777777778,2.0,0.0,3.0,0.7777777777777778,1.0,0.9718253158075502,0.9444444444444445,3.0,0.0,7.0,1.7777777777777777,1.0,2.3333333333333335,5.444444444444445,7.0,1.0,0.0,9.0,0.0,0.0,0.0,0.0,2.0,1.0,1.0,8.0,0.0,0.0,0.0,0.0,0.0,0.0,0.0,0.0,0.0,0.0,0.0,0.0,0.0
765,2037,everest -16,0,7,0,0,0,0,0,0,0,0,0,0,0,0,1,1,0.0,0.0,0.0,0.0,0.0,0.0,0.0,0.0,0.0,0.0,0.0,0.0,0.0,0.0,0.0,0.0,0.0,0.0,0.0,0.0,0.0,0.0,0.0,0.0,0.0,0.0,0.0,0.0,0.0,0.0,0.0,0.0,0.0,0.0,0.0,0.0,0.0,0.0,0.0,0.0,0.0,0.0,0.0,0.0,0.0,0.0,0.0,0.0,0.0,0.0,0.0,0.0,0.0,0.0,0.0,0.0,0.0,0.0,0.0,0.0,0.0,0.0,0.0,0.0,0.0,0.0,0.0,0.0,0.0,0.0,0.0,0.0,0.0,0.0,0.0,0.0,0.0,0.0,0.0,0.0,0.0,0.0,0.0,0.0,0.0,0.0,0.0,0.0,0.0,0.0
765,2054,Innovation of Smaug - 17,5,7,0,0,0,0,0,0,0,0,0,0,0,0,1,2,1.0,0.0,1.0,1.0,1.0,1.0,1.0,0.0,0.0,0.0,0.0,0.0,0.0,0.0,0.0,0.0,0.0,0.0,0.0,0.0,0.0,0.0,0.0,0.0,0.0,0.0,0.0,0.0,0.0,0.0,0.0,0.0,0.0,0.0,0.0,0.0,0.0,0.0,0.0,0.0,0.0,0.0,0.0,0.0,0.0,0.0,0.0,0.0,0.0,0.0,0.0,0.0,0.0,0.0,0.0,0.0,0.0,0.0,0.0,1.0,1.0,1.0,1.0,0.0,0.0,0.0,1.0,0.0,1.0,0.0,0.0,0.0,0.0,0.0,0.0,0.0,0.0,0.0,0.0,0.0,0.0,0.0,0.0,0.0,0.0,0.0,0.0,0.0,0.0,0.0
807,1455,Muppets - OD-30,-3,11,0,0,1,3,0,0,1,3,0,0,0,0,1,1,1.0,0.0,1.0,2.0,2.0,2.0,2.0,0.0,0.0,0.0,2.0,2.0,2.0,2.0,0.0,0.0,0.0,1.0,1.0,1.0,1.0,0.0,0.0,0.0,0.0,0.0,0.0,0.0,0.0,0.0,0.0,0.0,0.0,0.0,0.0,0.0,0.0,0.0,0.0,0.0,0.0,0.0,0.0,0.0,0.0,0.0,0.0,0.0,0.0,0.0,0.0,0.0,0.0,0.0,0.0,0.0,0.0,0.0,0.0,1.0,1.0,1.0,1.0,0.0,0.0,0.0,0.0,0.0,1.0,0.0,0.0,0.0,0.0,0.0,0.0,0.0,1.0,0.0,0.0,0.0,0.0,0.0,0.0,0.0,0.0,0.0,0.0,0.0,0.0,0.0
807,1577,Warranty Bugs - OD-33,12,12,0,0,0,0,0,0,0,0,0,0,0,0,1,3,5.0,0.0,4.0,1.0,5.0,3.0,3.0,1.5811388300841898,2.5,4.0,1.0,2.0,1.2,1.0,0.44721359549995804,0.20000000000000007,1.0,0.0,2.0,1.0,1.0,0.7071067811865476,0.5,2.0,0.0,0.0,0.0,0.0,0.0,0.0,0.0,0.0,0.0,0.0,0.0,0.0,0.0,0.0,0.0,0.0,0.0,0.0,0.0,0.0,0.0,0.0,0.0,0.0,0.0,0.0,0.0,0.0,0.0,1.0,0.2,0.0,0.44721359549995804,0.20000000000000007,1.0,0.0,3.0,1.0,1.0,1.224744871391589,1.5,3.0,1.0,0.0,5.0,0.0,0.0,0.0,0.0,1.0,0.0,0.0,4.0,0.0,0.0,0.0,0.0,0.0,0.0,0.0,0.0,0.0,0.0,0.0,0.0,0.0
807,1626,Muppets - OD-34-B,0,4,1,3,0,0,0,0,0,0,0,0,1,3,1,2,1.0,0.0,1.0,6.0,6.0,6.0,6.0,0.0,0.0,0.0,2.0,2.0,2.0,2.0,0.0,0.0,0.0,1.0,1.0,1.0,1.0,0.0,0.0,0.0,0.0,0.0,0.0,0.0,0.0,0.0,0.0,0.0,0.0,0.0,0.0,0.0,0.0,0.0,0.0,0.0,0.0,0.0,0.0,0.0,0.0,1.0,1.0,1.0,1.0,0.0,0.0,0.0,1.0,1.0,1.0,1.0,0.0,0.0,0.0,1.0,1.0,1.0,1.0,0.0,0.0,0.0,0.0,0.0,1.0,0.0,0.0,0.0,0.0,0.0,0.0,0.0,1.0,0.0,0.0,0.0,0.0,0.0,0.0,0.0,0.0,0.0,0.0,0.0,0.0,0.0
819,1,Sprint 1,0,0,0,0,0,0,0,0,0,0,0,0,0,0,2,1,6.0,6.0,6.0,0.0,0.0,0.0,0.0,0.0,0.0,0.0,0.0,1.0,0.16666666666666666,0.0,0.408248290463863,0.16666666666666669,1.0,0.0,2.0,1.1666666666666667,1.5,0.9831920802501751,0.9666666666666668,2.0,0.0,1.0,0.16666666666666666,0.0,0.408248290463863,0.16666666666666669,1.0,0.0,0.0,0.0,0.0,0.0,0.0,0.0,0.0,0.0,0.0,0.0,0.0,0.0,0.0,0.0,0.0,0.0,0.0,0.0,0.0,0.0,0.0,0.0,0.0,0.0,0.0,0.0,0.0,0.0,0.0,0.0,0.0,0.0,0.0,0.0,6.0,0.0,0.0,0.0,0.0,0.0,0.0,0.0,0.0,0.0,0.0,0.0,0.0,0.0,0.0,0.0,0.0,0.0,0.0,0.0,0.0,0.0,0.0,0.0
819,2,Sprint 1,0,0,0,0,0,0,0,0,0,0,0,0,0,0,2,1,0.0,0.0,0.0,0.0,0.0,0.0,0.0,0.0,0.0,0.0,0.0,0.0,0.0,0.0,0.0,0.0,0.0,0.0,0.0,0.0,0.0,0.0,0.0,0.0,0.0,0.0,0.0,0.0,0.0,0.0,0.0,0.0,0.0,0.0,0.0,0.0,0.0,0.0,0.0,0.0,0.0,0.0,0.0,0.0,0.0,0.0,0.0,0.0,0.0,0.0,0.0,0.0,0.0,0.0,0.0,0.0,0.0,0.0,0.0,0.0,0.0,0.0,0.0,0.0,0.0,0.0,0.0,0.0,0.0,0.0,0.0,0.0,0.0,0.0,0.0,0.0,0.0,0.0,0.0,0.0,0.0,0.0,0.0,0.0,0.0,0.0,0.0,0.0,0.0,0.0
819,29,1.1-M4-Blue,0,6,0,0,0,0,0,0,0,0,0,0,0,0,2,1,0.0,0.0,0.0,0.0,0.0,0.0,0.0,0.0,0.0,0.0,0.0,0.0,0.0,0.0,0.0,0.0,0.0,0.0,0.0,0.0,0.0,0.0,0.0,0.0,0.0,0.0,0.0,0.0,0.0,0.0,0.0,0.0,0.0,0.0,0.0,0.0,0.0,0.0,0.0,0.0,0.0,0.0,0.0,0.0,0.0,0.0,0.0,0.0,0.0,0.0,0.0,0.0,0.0,0.0,0.0,0.0,0.0,0.0,0.0,0.0,0.0,0.0,0.0,0.0,0.0,0.0,0.0,0.0,0.0,0.0,0.0,0.0,0.0,0.0,0.0,0.0,0.0,0.0,0.0,0.0,0.0,0.0,0.0,0.0,0.0,0.0,0.0,0.0,0.0,0.0
819,909,Sprint 29,-12,43,22,66,0,0,0,0,17,51,4,12,1,3,2,1,27.0,0.0,18.0,0.0,5.0,0.9629629629629629,0.0,1.3150455236776897,1.7293447293447293,5.0,0.0,1.0,0.1111111111111111,0.0,0.32025630761017426,0.10256410256410257,1.0,0.0,1.0,0.8518518518518519,1.0,0.36201399289824565,0.13105413105413105,1.0,0.0,6.0,1.0,1.0,1.3587324409735149,1.8461538461538463,6.0,0.0,0.0,0.0,0.0,0.0,0.0,0.0,0.0,0.0,0.0,0.0,0.0,0.0,0.0,0.0,6.0,1.962962962962963,1.0,2.0282899481977705,4.113960113960114,6.0,0.0,0.0,0.0,0.0,0.0,0.0,0.0,0.0,3.0,0.48148148148148145,0.0,0.8024179982245189,0.6438746438746439,3.0,13.0,0.0,15.0,2.0,4.0,1.0,3.0,6.0,0.0,2.0,14.0,0.0,0.0,1.0,0.0,0.0,0.0,0.0,0.0,0.0,0.0,0.0,1.0,1.0
819,1145,Sprint 31,0,14,4,12,0,0,0,0,0,0,0,0,4,12,2,1,4.0,0.0,3.0,0.0,4.0,1.0,0.0,2.0,4.0,4.0,0.0,0.0,0.0,0.0,0.0,0.0,0.0,1.0,1.0,1.0,1.0,0.0,0.0,0.0,0.0,0.0,0.0,0.0,0.0,0.0,0.0,0.0,0.0,0.0,0.0,0.0,0.0,0.0,0.0,0.0,0.0,0.0,0.0,0.0,0.0,0.0,1.0,0.5,0.5,0.5773502691896257,0.3333333333333333,1.0,0.0,2.0,0.5,0.0,1.0,1.0,2.0,0.0,1.0,0.25,0.0,0.5,0.25,1.0,2.0,0.0,3.0,0.0,0.0,0.0,0.0,0.0,0.0,1.0,2.0,0.0,0.0,0.0,0.0,0.0,0.0,1.0,0.0,0.0,0.0,0.0,0.0,0.0
819,1349,Sprint 35,-6,14,5,15,2,6,0,0,5,15,2,6,0,0,2,1,10.0,0.0,9.0,0.0,2.0,0.4,0.0,0.6992058987801011,0.48888888888888893,2.0,0.0,0.0,0.0,0.0,0.0,0.0,0.0,0.0,1.0,0.9,1.0,0.31622776601683794,0.10000000000000002,1.0,0.0,1.0,0.1,0.0,0.31622776601683794,0.10000000000000002,1.0,0.0,0.0,0.0,0.0,0.0,0.0,0.0,0.0,0.0,0.0,0.0,0.0,0.0,0.0,0.0,3.0,0.6,0.0,0.9660917830792958,0.9333333333333331,3.0,0.0,0.0,0.0,0.0,0.0,0.0,0.0,0.0,2.0,0.4,0.0,0.6992058987801011,0.48888888888888904,2.0,5.0,0.0,8.0,0.0,2.0,0.0,0.0,1.0,0.0,0.0,5.0,0.0,0.0,0.0,0.0,0.0,0.0,0.0,0.0,0.0,0.0,0.0,0.0,0.0
820,783,summit sprint 1,0,7,0,0,0,0,0,0,0,0,0,0,0,0,4,1,0.0,0.0,0.0,0.0,0.0,0.0,0.0,0.0,0.0,0.0,0.0,0.0,0.0,0.0,0.0,0.0,0.0,0.0,0.0,0.0,0.0,0.0,0.0,0.0,0.0,0.0,0.0,0.0,0.0,0.0,0.0,0.0,0.0,0.0,0.0,0.0,0.0,0.0,0.0,0.0,0.0,0.0,0.0,0.0,0.0,0.0,0.0,0.0,0.0,0.0,0.0,0.0,0.0,0.0,0.0,0.0,0.0,0.0,0.0,0.0,0.0,0.0,0.0,0.0,0.0,0.0,0.0,0.0,0.0,0.0,0.0,0.0,0.0,0.0,0.0,0.0,0.0,0.0,0.0,0.0,0.0,0.0,0.0,0.0,0.0,0.0,0.0,0.0,0.0,0.0
820,794,summit sprint 2,0,7,0,0,0,0,0,0,0,0,0,0,0,0,4,1,0.0,0.0,0.0,0.0,0.0,0.0,0.0,0.0,0.0,0.0,0.0,0.0,0.0,0.0,0.0,0.0,0.0,0.0,0.0,0.0,0.0,0.0,0.0,0.0,0.0,0.0,0.0,0.0,0.0,0.0,0.0,0.0,0.0,0.0,0.0,0.0,0.0,0.0,0.0,0.0,0.0,0.0,0.0,0.0,0.0,0.0,0.0,0.0,0.0,0.0,0.0,0.0,0.0,0.0,0.0,0.0,0.0,0.0,0.0,0.0,0.0,0.0,0.0,0.0,0.0,0.0,0.0,0.0,0.0,0.0,0.0,0.0,0.0,0.0,0.0,0.0,0.0,0.0,0.0,0.0,0.0,0.0,0.0,0.0,0.0,0.0,0.0,0.0,0.0,0.0
820,799,summit sprint 3 (polish),-3,7,1,3,0,0,0,0,1,3,0,0,0,0,4,1,2.0,0.0,0.0,0.0,0.0,0.0,0.0,0.0,0.0,0.0,0.0,0.0,0.0,0.0,0.0,0.0,0.0,1.0,1.0,1.0,1.0,0.0,0.0,0.0,0.0,1.0,0.5,0.5,0.7071067811865476,0.5,1.0,0.0,0.0,0.0,0.0,0.0,0.0,0.0,0.0,0.0,0.0,0.0,0.0,0.0,0.0,0.0,0.0,0.0,0.0,0.0,0.0,0.0,0.0,0.0,0.0,0.0,0.0,0.0,0.0,0.0,0.0,0.0,0.0,0.0,0.0,0.0,2.0,0.0,0.0,0.0,2.0,0.0,0.0,1.0,0.0,1.0,0.0,0.0,0.0,0.0,0.0,0.0,0.0,0.0,0.0,0.0,0.0,0.0,0.0,0.0
820,1144,Sprint 25,-29,7,6,42,2,6,3,19,3,13,0,0,2,16,4,2,8.0,0.0,6.0,0.0,3.0,0.625,0.0,1.0606601717798212,1.125,3.0,0.0,0.0,0.0,0.0,0.0,0.0,0.0,0.0,3.0,1.125,1.0,0.8345229603962802,0.6964285714285714,3.0,0.0,1.0,0.5,0.5,0.5345224838248488,0.2857142857142857,1.0,0.0,0.0,0.0,0.0,0.0,0.0,0.0,0.0,0.0,0.0,0.0,0.0,0.0,0.0,0.0,6.0,1.25,0.0,2.3754698783308417,5.642857142857143,6.0,0.0,2.0,0.5,0.0,0.9258200997725514,0.8571428571428571,2.0,0.0,5.0,1.125,0.5,1.7268882005337975,2.982142857142857,5.0,6.0,0.0,1.0,0.0,6.0,1.0,0.0,0.0,0.0,2.0,2.0,0.0,0.0,0.0,0.0,0.0,0.0,0.0,0.0,0.0,0.0,0.0,0.0,0.0
820,1153,Sprint 26,8,7,4,21,1,13,5,34,0,0,0,0,0,0,4,2,13.0,0.0,8.0,0.0,8.0,1.0,0.0,2.23606797749979,5.0,8.0,0.0,1.0,0.07692307692307693,0.0,0.2773500981126146,0.07692307692307694,1.0,0.0,1.0,0.8461538461538461,1.0,0.3755338080994054,0.14102564102564102,1.0,0.0,2.0,0.5384615384615384,0.0,0.6602252917735248,0.43589743589743596,2.0,0.0,0.0,0.0,0.0,0.0,0.0,0.0,0.0,0.0,0.0,0.0,0.0,0.0,0.0,0.0,6.0,0.8461538461538461,0.0,1.9081471748860575,3.6410256410256423,6.0,0.0,4.0,0.6153846153846154,0.0,1.2608503439122303,1.5897435897435892,4.0,0.0,5.0,0.7692307692307693,0.0,1.4806443503784736,2.1923076923076925,5.0,11.0,0.0,3.0,0.0,9.0,1.0,0.0,1.0,0.0,3.0,2.0,0.0,0.0,1.0,0.0,0.0,0.0,0.0,0.0,0.0,0.0,0.0,0.0,0.0
820,1180,Sprint 27,-8,6,6,30,0,0,5,22,1,8,0,0,0,0,4,3,12.0,0.0,7.0,0.0,2.0,0.4166666666666667,0.0,0.792961461098759,0.6287878787878786,2.0,0.0,1.0,0.16666666666666666,0.0,0.38924947208076155,0.15151515151515155,1.0,0.0,1.0,0.9166666666666666,1.0,0.28867513459481287,0.08333333333333331,1.0,0.0,2.0,0.4166666666666667,0.0,0.6685579234215213,0.44696969696969674,2.0,0.0,0.0,0.0,0.0,0.0,0.0,0.0,0.0,0.0,0.0,0.0,0.0,0.0,0.0,0.0,2.0,0.16666666666666666,0.0,0.5773502691896257,0.33333333333333326,2.0,0.0,4.0,0.5,0.0,1.243163121016122,1.5454545454545454,4.0,0.0,2.0,0.5,0.0,0.7977240352174656,0.6363636363636364,2.0,8.0,0.0,5.0,0.0,6.0,1.0,0.0,2.0,0.0,2.0,4.0,0.0,0.0,1.0,0.0,0.0,0.0,0.0,0.0,0.0,0.0,0.0,0.0,0.0
820,1322,Sprint 35,0,7,4,24,0,0,4,24,0,0,0,0,0,0,4,2,6.0,0.0,3.0,0.0,2.0,0.6666666666666666,0.0,1.0327955589886446,1.0666666666666669,2.0,0.0,2.0,0.3333333333333333,0.0,0.816496580927726,0.6666666666666667,2.0,1.0,1.0,1.0,1.0,0.0,0.0,0.0,0.0,3.0,0.6666666666666666,0.0,1.2110601416389968,1.466666666666667,3.0,0.0,0.0,0.0,0.0,0.0,0.0,0.0,0.0,0.0,0.0,0.0,0.0,0.0,0.0,0.0,0.0,0.0,0.0,0.0,0.0,0.0,0.0,2.0,0.5,0.0,0.8366600265340756,0.7,2.0,0.0,3.0,0.6666666666666666,0.0,1.2110601416389968,1.466666666666667,3.0,6.0,0.0,1.0,0.0,5.0,0.0,0.0,2.0,0.0,1.0,0.0,0.0,0.0,0.0,0.0,0.0,0.0,0.0,0.0,0.0,0.0,0.0,0.0,0.0
820,1340,Sprint 36,-3,7,4,12,4,24,6,30,2,6,0,0,0,0,4,2,14.0,0.0,8.0,0.0,11.0,1.9285714285714286,0.5,3.221664302673523,10.37912087912088,11.0,0.0,2.0,0.35714285714285715,0.0,0.633323693776651,0.4010989010989012,2.0,0.0,1.0,0.9285714285714286,1.0,0.26726124191242434,0.07142857142857141,1.0,0.0,3.0,0.8571428571428571,1.0,0.8644378215075665,0.7472527472527475,3.0,0.0,0.0,0.0,0.0,0.0,0.0,0.0,0.0,0.0,0.0,0.0,0.0,0.0,0.0,0.0,0.0,0.0,0.0,0.0,0.0,0.0,0.0,2.0,0.21428571428571427,0.0,0.5789342235218395,0.33516483516483525,2.0,0.0,6.0,0.9285714285714286,0.0,1.7304639535412158,2.9945054945054954,6.0,7.0,0.0,7.0,0.0,5.0,1.0,0.0,5.0,0.0,1.0,7.0,0.0,0.0,0.0,0.0,0.0,0.0,0.0,0.0,1.0,0.0,0.0,0.0,0.0
820,1780,Hobbits - 5.8 backlog closed,-3,21,1,3,0,0,0,0,1,3,0,0,0,0,4,1,1.0,0.0,1.0,1.0,1.0,1.0,1.0,0.0,0.0,0.0,0.0,0.0,0.0,0.0,0.0,0.0,0.0,0.0,0.0,0.0,0.0,0.0,0.0,0.0,0.0,0.0,0.0,0.0,0.0,0.0,0.0,0.0,0.0,0.0,0.0,0.0,0.0,0.0,0.0,0.0,0.0,0.0,0.0,0.0,0.0,0.0,0.0,0.0,0.0,0.0,0.0,0.0,0.0,0.0,0.0,0.0,0.0,0.0,0.0,0.0,0.0,0.0,0.0,0.0,0.0,0.0,0.0,0.0,1.0,0.0,0.0,0.0,0.0,0.0,0.0,0.0,1.0,0.0,0.0,0.0,0.0,0.0,0.0,0.0,0.0,0.0,0.0,0.0,0.0,0.0
844,1498,Sprint 1 - .. And So It Begins,0,7,0,0,0,0,0,0,0,0,0,0,0,0,2,1,0.0,0.0,0.0,0.0,0.0,0.0,0.0,0.0,0.0,0.0,0.0,0.0,0.0,0.0,0.0,0.0,0.0,0.0,0.0,0.0,0.0,0.0,0.0,0.0,0.0,0.0,0.0,0.0,0.0,0.0,0.0,0.0,0.0,0.0,0.0,0.0,0.0,0.0,0.0,0.0,0.0,0.0,0.0,0.0,0.0,0.0,0.0,0.0,0.0,0.0,0.0,0.0,0.0,0.0,0.0,0.0,0.0,0.0,0.0,0.0,0.0,0.0,0.0,0.0,0.0,0.0,0.0,0.0,0.0,0.0,0.0,0.0,0.0,0.0,0.0,0.0,0.0,0.0,0.0,0.0,0.0,0.0,0.0,0.0,0.0,0.0,0.0,0.0,0.0,0.0
844,1512,OD Platform - Sprint 2,0,7,0,0,0,0,0,0,0,0,0,0,0,0,2,1,0.0,0.0,0.0,0.0,0.0,0.0,0.0,0.0,0.0,0.0,0.0,0.0,0.0,0.0,0.0,0.0,0.0,0.0,0.0,0.0,0.0,0.0,0.0,0.0,0.0,0.0,0.0,0.0,0.0,0.0,0.0,0.0,0.0,0.0,0.0,0.0,0.0,0.0,0.0,0.0,0.0,0.0,0.0,0.0,0.0,0.0,0.0,0.0,0.0,0.0,0.0,0.0,0.0,0.0,0.0,0.0,0.0,0.0,0.0,0.0,0.0,0.0,0.0,0.0,0.0,0.0,0.0,0.0,0.0,0.0,0.0,0.0,0.0,0.0,0.0,0.0,0.0,0.0,0.0,0.0,0.0,0.0,0.0,0.0,0.0,0.0,0.0,0.0,0.0,0.0
844,1529,OD Platform - Sprint 3,0,7,0,0,0,0,0,0,0,0,0,0,0,0,2,1,0.0,0.0,0.0,0.0,0.0,0.0,0.0,0.0,0.0,0.0,0.0,0.0,0.0,0.0,0.0,0.0,0.0,0.0,0.0,0.0,0.0,0.0,0.0,0.0,0.0,0.0,0.0,0.0,0.0,0.0,0.0,0.0,0.0,0.0,0.0,0.0,0.0,0.0,0.0,0.0,0.0,0.0,0.0,0.0,0.0,0.0,0.0,0.0,0.0,0.0,0.0,0.0,0.0,0.0,0.0,0.0,0.0,0.0,0.0,0.0,0.0,0.0,0.0,0.0,0.0,0.0,0.0,0.0,0.0,0.0,0.0,0.0,0.0,0.0,0.0,0.0,0.0,0.0,0.0,0.0,0.0,0.0,0.0,0.0,0.0,0.0,0.0,0.0,0.0,0.0
844,1555,OD Platform - Sprint 4,0,7,0,0,0,0,0,0,0,0,0,0,0,0,2,1,0.0,0.0,0.0,0.0,0.0,0.0,0.0,0.0,0.0,0.0,0.0,0.0,0.0,0.0,0.0,0.0,0.0,0.0,0.0,0.0,0.0,0.0,0.0,0.0,0.0,0.0,0.0,0.0,0.0,0.0,0.0,0.0,0.0,0.0,0.0,0.0,0.0,0.0,0.0,0.0,0.0,0.0,0.0,0.0,0.0,0.0,0.0,0.0,0.0,0.0,0.0,0.0,0.0,0.0,0.0,0.0,0.0,0.0,0.0,0.0,0.0,0.0,0.0,0.0,0.0,0.0,0.0,0.0,0.0,0.0,0.0,0.0,0.0,0.0,0.0,0.0,0.0,0.0,0.0,0.0,0.0,0.0,0.0,0.0,0.0,0.0,0.0,0.0,0.0,0.0
844,1572,OD Platform - Sprint 5,0,7,0,0,0,0,0,0,0,0,0,0,0,0,2,1,0.0,0.0,0.0,0.0,0.0,0.0,0.0,0.0,0.0,0.0,0.0,0.0,0.0,0.0,0.0,0.0,0.0,0.0,0.0,0.0,0.0,0.0,0.0,0.0,0.0,0.0,0.0,0.0,0.0,0.0,0.0,0.0,0.0,0.0,0.0,0.0,0.0,0.0,0.0,0.0,0.0,0.0,0.0,0.0,0.0,0.0,0.0,0.0,0.0,0.0,0.0,0.0,0.0,0.0,0.0,0.0,0.0,0.0,0.0,0.0,0.0,0.0,0.0,0.0,0.0,0.0,0.0,0.0,0.0,0.0,0.0,0.0,0.0,0.0,0.0,0.0,0.0,0.0,0.0,0.0,0.0,0.0,0.0,0.0,0.0,0.0,0.0,0.0,0.0,0.0
844,1588,OD Platform - Sprint 6,0,14,0,0,0,0,0,0,0,0,0,0,0,0,2,1,0.0,0.0,0.0,0.0,0.0,0.0,0.0,0.0,0.0,0.0,0.0,0.0,0.0,0.0,0.0,0.0,0.0,0.0,0.0,0.0,0.0,0.0,0.0,0.0,0.0,0.0,0.0,0.0,0.0,0.0,0.0,0.0,0.0,0.0,0.0,0.0,0.0,0.0,0.0,0.0,0.0,0.0,0.0,0.0,0.0,0.0,0.0,0.0,0.0,0.0,0.0,0.0,0.0,0.0,0.0,0.0,0.0,0.0,0.0,0.0,0.0,0.0,0.0,0.0,0.0,0.0,0.0,0.0,0.0,0.0,0.0,0.0,0.0,0.0,0.0,0.0,0.0,0.0,0.0,0.0,0.0,0.0,0.0,0.0,0.0,0.0,0.0,0.0,0.0,0.0
844,1638,OD Platform - Sprint 7,0,7,0,0,0,0,0,0,0,0,0,0,0,0,2,1,0.0,0.0,0.0,0.0,0.0,0.0,0.0,0.0,0.0,0.0,0.0,0.0,0.0,0.0,0.0,0.0,0.0,0.0,0.0,0.0,0.0,0.0,0.0,0.0,0.0,0.0,0.0,0.0,0.0,0.0,0.0,0.0,0.0,0.0,0.0,0.0,0.0,0.0,0.0,0.0,0.0,0.0,0.0,0.0,0.0,0.0,0.0,0.0,0.0,0.0,0.0,0.0,0.0,0.0,0.0,0.0,0.0,0.0,0.0,0.0,0.0,0.0,0.0,0.0,0.0,0.0,0.0,0.0,0.0,0.0,0.0,0.0,0.0,0.0,0.0,0.0,0.0,0.0,0.0,0.0,0.0,0.0,0.0,0.0,0.0,0.0,0.0,0.0,0.0,0.0
844,1685,OD Platform - Sprint 8,0,7,0,0,0,0,0,0,0,0,0,0,0,0,2,1,0.0,0.0,0.0,0.0,0.0,0.0,0.0,0.0,0.0,0.0,0.0,0.0,0.0,0.0,0.0,0.0,0.0,0.0,0.0,0.0,0.0,0.0,0.0,0.0,0.0,0.0,0.0,0.0,0.0,0.0,0.0,0.0,0.0,0.0,0.0,0.0,0.0,0.0,0.0,0.0,0.0,0.0,0.0,0.0,0.0,0.0,0.0,0.0,0.0,0.0,0.0,0.0,0.0,0.0,0.0,0.0,0.0,0.0,0.0,0.0,0.0,0.0,0.0,0.0,0.0,0.0,0.0,0.0,0.0,0.0,0.0,0.0,0.0,0.0,0.0,0.0,0.0,0.0,0.0,0.0,0.0,0.0,0.0,0.0,0.0,0.0,0.0,0.0,0.0,0.0
844,1700,Dev Service - 19,0,7,0,0,0,0,0,0,0,0,0,0,0,0,2,1,0.0,0.0,0.0,0.0,0.0,0.0,0.0,0.0,0.0,0.0,0.0,0.0,0.0,0.0,0.0,0.0,0.0,0.0,0.0,0.0,0.0,0.0,0.0,0.0,0.0,0.0,0.0,0.0,0.0,0.0,0.0,0.0,0.0,0.0,0.0,0.0,0.0,0.0,0.0,0.0,0.0,0.0,0.0,0.0,0.0,0.0,0.0,0.0,0.0,0.0,0.0,0.0,0.0,0.0,0.0,0.0,0.0,0.0,0.0,0.0,0.0,0.0,0.0,0.0,0.0,0.0,0.0,0.0,0.0,0.0,0.0,0.0,0.0,0.0,0.0,0.0,0.0,0.0,0.0,0.0,0.0,0.0,0.0,0.0,0.0,0.0,0.0,0.0,0.0,0.0
844,1716,Dev Service - 20,0,7,0,0,0,0,0,0,0,0,0,0,0,0,2,1,0.0,0.0,0.0,0.0,0.0,0.0,0.0,0.0,0.0,0.0,0.0,0.0,0.0,0.0,0.0,0.0,0.0,0.0,0.0,0.0,0.0,0.0,0.0,0.0,0.0,0.0,0.0,0.0,0.0,0.0,0.0,0.0,0.0,0.0,0.0,0.0,0.0,0.0,0.0,0.0,0.0,0.0,0.0,0.0,0.0,0.0,0.0,0.0,0.0,0.0,0.0,0.0,0.0,0.0,0.0,0.0,0.0,0.0,0.0,0.0,0.0,0.0,0.0,0.0,0.0,0.0,0.0,0.0,0.0,0.0,0.0,0.0,0.0,0.0,0.0,0.0,0.0,0.0,0.0,0.0,0.0,0.0,0.0,0.0,0.0,0.0,0.0,0.0,0.0,0.0
844,1745,OD Platform - 21,0,7,0,0,0,0,0,0,0,0,0,0,0,0,2,1,0.0,0.0,0.0,0.0,0.0,0.0,0.0,0.0,0.0,0.0,0.0,0.0,0.0,0.0,0.0,0.0,0.0,0.0,0.0,0.0,0.0,0.0,0.0,0.0,0.0,0.0,0.0,0.0,0.0,0.0,0.0,0.0,0.0,0.0,0.0,0.0,0.0,0.0,0.0,0.0,0.0,0.0,0.0,0.0,0.0,0.0,0.0,0.0,0.0,0.0,0.0,0.0,0.0,0.0,0.0,0.0,0.0,0.0,0.0,0.0,0.0,0.0,0.0,0.0,0.0,0.0,0.0,0.0,0.0,0.0,0.0,0.0,0.0,0.0,0.0,0.0,0.0,0.0,0.0,0.0,0.0,0.0,0.0,0.0,0.0,0.0,0.0,0.0,0.0,0.0
844,1965,Google Drive API Migration SP1,0,19,0,0,0,0,0,0,0,0,0,0,0,0,2,1,0.0,0.0,0.0,0.0,0.0,0.0,0.0,0.0,0.0,0.0,0.0,0.0,0.0,0.0,0.0,0.0,0.0,0.0,0.0,0.0,0.0,0.0,0.0,0.0,0.0,0.0,0.0,0.0,0.0,0.0,0.0,0.0,0.0,0.0,0.0,0.0,0.0,0.0,0.0,0.0,0.0,0.0,0.0,0.0,0.0,0.0,0.0,0.0,0.0,0.0,0.0,0.0,0.0,0.0,0.0,0.0,0.0,0.0,0.0,0.0,0.0,0.0,0.0,0.0,0.0,0.0,0.0,0.0,0.0,0.0,0.0,0.0,0.0,0.0,0.0,0.0,0.0,0.0,0.0,0.0,0.0,0.0,0.0,0.0,0.0,0.0,0.0,0.0,0.0,0.0
844,1966,Google Drive API Migration SP2,0,7,0,0,0,0,0,0,0,0,0,0,0,0,2,1,0.0,0.0,0.0,0.0,0.0,0.0,0.0,0.0,0.0,0.0,0.0,0.0,0.0,0.0,0.0,0.0,0.0,0.0,0.0,0.0,0.0,0.0,0.0,0.0,0.0,0.0,0.0,0.0,0.0,0.0,0.0,0.0,0.0,0.0,0.0,0.0,0.0,0.0,0.0,0.0,0.0,0.0,0.0,0.0,0.0,0.0,0.0,0.0,0.0,0.0,0.0,0.0,0.0,0.0,0.0,0.0,0.0,0.0,0.0,0.0,0.0,0.0,0.0,0.0,0.0,0.0,0.0,0.0,0.0,0.0,0.0,0.0,0.0,0.0,0.0,0.0,0.0,0.0,0.0,0.0,0.0,0.0,0.0,0.0,0.0,0.0,0.0,0.0,0.0,0.0
844,2010,Cloud Infrastructure SP0,0,6,0,0,0,0,0,0,0,0,0,0,0,0,2,1,0.0,0.0,0.0,0.0,0.0,0.0,0.0,0.0,0.0,0.0,0.0,0.0,0.0,0.0,0.0,0.0,0.0,0.0,0.0,0.0,0.0,0.0,0.0,0.0,0.0,0.0,0.0,0.0,0.0,0.0,0.0,0.0,0.0,0.0,0.0,0.0,0.0,0.0,0.0,0.0,0.0,0.0,0.0,0.0,0.0,0.0,0.0,0.0,0.0,0.0,0.0,0.0,0.0,0.0,0.0,0.0,0.0,0.0,0.0,0.0,0.0,0.0,0.0,0.0,0.0,0.0,0.0,0.0,0.0,0.0,0.0,0.0,0.0,0.0,0.0,0.0,0.0,0.0,0.0,0.0,0.0,0.0,0.0,0.0,0.0,0.0,0.0,0.0,0.0,0.0
844,2026,Cloud Infrastructure SP1,0,14,0,0,0,0,0,0,0,0,0,0,0,0,2,1,0.0,0.0,0.0,0.0,0.0,0.0,0.0,0.0,0.0,0.0,0.0,0.0,0.0,0.0,0.0,0.0,0.0,0.0,0.0,0.0,0.0,0.0,0.0,0.0,0.0,0.0,0.0,0.0,0.0,0.0,0.0,0.0,0.0,0.0,0.0,0.0,0.0,0.0,0.0,0.0,0.0,0.0,0.0,0.0,0.0,0.0,0.0,0.0,0.0,0.0,0.0,0.0,0.0,0.0,0.0,0.0,0.0,0.0,0.0,0.0,0.0,0.0,0.0,0.0,0.0,0.0,0.0,0.0,0.0,0.0,0.0,0.0,0.0,0.0,0.0,0.0,0.0,0.0,0.0,0.0,0.0,0.0,0.0,0.0,0.0,0.0,0.0,0.0,0.0,0.0
844,2055,Tomcat8 in Cloud,0,21,0,0,0,0,0,0,0,0,0,0,0,0,2,1,0.0,0.0,0.0,0.0,0.0,0.0,0.0,0.0,0.0,0.0,0.0,0.0,0.0,0.0,0.0,0.0,0.0,0.0,0.0,0.0,0.0,0.0,0.0,0.0,0.0,0.0,0.0,0.0,0.0,0.0,0.0,0.0,0.0,0.0,0.0,0.0,0.0,0.0,0.0,0.0,0.0,0.0,0.0,0.0,0.0,0.0,0.0,0.0,0.0,0.0,0.0,0.0,0.0,0.0,0.0,0.0,0.0,0.0,0.0,0.0,0.0,0.0,0.0,0.0,0.0,0.0,0.0,0.0,0.0,0.0,0.0,0.0,0.0,0.0,0.0,0.0,0.0,0.0,0.0,0.0,0.0,0.0,0.0,0.0,0.0,0.0,0.0,0.0,0.0,0.0
844,2069,Cloud Infrastructure SP2,0,11,0,0,0,0,0,0,0,0,0,0,0,0,2,1,0.0,0.0,0.0,0.0,0.0,0.0,0.0,0.0,0.0,0.0,0.0,0.0,0.0,0.0,0.0,0.0,0.0,0.0,0.0,0.0,0.0,0.0,0.0,0.0,0.0,0.0,0.0,0.0,0.0,0.0,0.0,0.0,0.0,0.0,0.0,0.0,0.0,0.0,0.0,0.0,0.0,0.0,0.0,0.0,0.0,0.0,0.0,0.0,0.0,0.0,0.0,0.0,0.0,0.0,0.0,0.0,0.0,0.0,0.0,0.0,0.0,0.0,0.0,0.0,0.0,0.0,0.0,0.0,0.0,0.0,0.0,0.0,0.0,0.0,0.0,0.0,0.0,0.0,0.0,0.0,0.0,0.0,0.0,0.0,0.0,0.0,0.0,0.0,0.0,0.0
844,2104,Cloud Infrastructure SP3,0,4,0,0,0,0,0,0,0,0,0,0,0,0,2,1,0.0,0.0,0.0,0.0,0.0,0.0,0.0,0.0,0.0,0.0,0.0,0.0,0.0,0.0,0.0,0.0,0.0,0.0,0.0,0.0,0.0,0.0,0.0,0.0,0.0,0.0,0.0,0.0,0.0,0.0,0.0,0.0,0.0,0.0,0.0,0.0,0.0,0.0,0.0,0.0,0.0,0.0,0.0,0.0,0.0,0.0,0.0,0.0,0.0,0.0,0.0,0.0,0.0,0.0,0.0,0.0,0.0,0.0,0.0,0.0,0.0,0.0,0.0,0.0,0.0,0.0,0.0,0.0,0.0,0.0,0.0,0.0,0.0,0.0,0.0,0.0,0.0,0.0,0.0,0.0,0.0,0.0,0.0,0.0,0.0,0.0,0.0,0.0,0.0,0.0
844,2140,Cloud Infrastructure SP4,0,13,0,0,0,0,0,0,0,0,0,0,0,0,2,1,0.0,0.0,0.0,0.0,0.0,0.0,0.0,0.0,0.0,0.0,0.0,0.0,0.0,0.0,0.0,0.0,0.0,0.0,0.0,0.0,0.0,0.0,0.0,0.0,0.0,0.0,0.0,0.0,0.0,0.0,0.0,0.0,0.0,0.0,0.0,0.0,0.0,0.0,0.0,0.0,0.0,0.0,0.0,0.0,0.0,0.0,0.0,0.0,0.0,0.0,0.0,0.0,0.0,0.0,0.0,0.0,0.0,0.0,0.0,0.0,0.0,0.0,0.0,0.0,0.0,0.0,0.0,0.0,0.0,0.0,0.0,0.0,0.0,0.0,0.0,0.0,0.0,0.0,0.0,0.0,0.0,0.0,0.0,0.0,0.0,0.0,0.0,0.0,0.0,0.0
844,2176,Cloud Infrastructure SP5,0,4,0,0,0,0,0,0,0,0,0,0,0,0,2,1,0.0,0.0,0.0,0.0,0.0,0.0,0.0,0.0,0.0,0.0,0.0,0.0,0.0,0.0,0.0,0.0,0.0,0.0,0.0,0.0,0.0,0.0,0.0,0.0,0.0,0.0,0.0,0.0,0.0,0.0,0.0,0.0,0.0,0.0,0.0,0.0,0.0,0.0,0.0,0.0,0.0,0.0,0.0,0.0,0.0,0.0,0.0,0.0,0.0,0.0,0.0,0.0,0.0,0.0,0.0,0.0,0.0,0.0,0.0,0.0,0.0,0.0,0.0,0.0,0.0,0.0,0.0,0.0,0.0,0.0,0.0,0.0,0.0,0.0,0.0,0.0,0.0,0.0,0.0,0.0,0.0,0.0,0.0,0.0,0.0,0.0,0.0,0.0,0.0,0.0
844,2187,Cloud Infrastructure SP6,0,7,0,0,0,0,0,0,0,0,0,0,0,0,2,1,0.0,0.0,0.0,0.0,0.0,0.0,0.0,0.0,0.0,0.0,0.0,0.0,0.0,0.0,0.0,0.0,0.0,0.0,0.0,0.0,0.0,0.0,0.0,0.0,0.0,0.0,0.0,0.0,0.0,0.0,0.0,0.0,0.0,0.0,0.0,0.0,0.0,0.0,0.0,0.0,0.0,0.0,0.0,0.0,0.0,0.0,0.0,0.0,0.0,0.0,0.0,0.0,0.0,0.0,0.0,0.0,0.0,0.0,0.0,0.0,0.0,0.0,0.0,0.0,0.0,0.0,0.0,0.0,0.0,0.0,0.0,0.0,0.0,0.0,0.0,0.0,0.0,0.0,0.0,0.0,0.0,0.0,0.0,0.0,0.0,0.0,0.0,0.0,0.0,0.0
844,2215,Cloud Infrastructure SP7,0,6,0,0,0,0,0,0,0,0,0,0,0,0,2,1,0.0,0.0,0.0,0.0,0.0,0.0,0.0,0.0,0.0,0.0,0.0,0.0,0.0,0.0,0.0,0.0,0.0,0.0,0.0,0.0,0.0,0.0,0.0,0.0,0.0,0.0,0.0,0.0,0.0,0.0,0.0,0.0,0.0,0.0,0.0,0.0,0.0,0.0,0.0,0.0,0.0,0.0,0.0,0.0,0.0,0.0,0.0,0.0,0.0,0.0,0.0,0.0,0.0,0.0,0.0,0.0,0.0,0.0,0.0,0.0,0.0,0.0,0.0,0.0,0.0,0.0,0.0,0.0,0.0,0.0,0.0,0.0,0.0,0.0,0.0,0.0,0.0,0.0,0.0,0.0,0.0,0.0,0.0,0.0,0.0,0.0,0.0,0.0,0.0,0.0
844,2229,Cloud Infrastructure SP8,0,7,0,0,0,0,0,0,0,0,0,0,0,0,2,1,0.0,0.0,0.0,0.0,0.0,0.0,0.0,0.0,0.0,0.0,0.0,0.0,0.0,0.0,0.0,0.0,0.0,0.0,0.0,0.0,0.0,0.0,0.0,0.0,0.0,0.0,0.0,0.0,0.0,0.0,0.0,0.0,0.0,0.0,0.0,0.0,0.0,0.0,0.0,0.0,0.0,0.0,0.0,0.0,0.0,0.0,0.0,0.0,0.0,0.0,0.0,0.0,0.0,0.0,0.0,0.0,0.0,0.0,0.0,0.0,0.0,0.0,0.0,0.0,0.0,0.0,0.0,0.0,0.0,0.0,0.0,0.0,0.0,0.0,0.0,0.0,0.0,0.0,0.0,0.0,0.0,0.0,0.0,0.0,0.0,0.0,0.0,0.0,0.0,0.0
844,2253,Cloud Infrastructure SP9,0,7,0,0,0,0,0,0,0,0,0,0,0,0,2,1,0.0,0.0,0.0,0.0,0.0,0.0,0.0,0.0,0.0,0.0,0.0,0.0,0.0,0.0,0.0,0.0,0.0,0.0,0.0,0.0,0.0,0.0,0.0,0.0,0.0,0.0,0.0,0.0,0.0,0.0,0.0,0.0,0.0,0.0,0.0,0.0,0.0,0.0,0.0,0.0,0.0,0.0,0.0,0.0,0.0,0.0,0.0,0.0,0.0,0.0,0.0,0.0,0.0,0.0,0.0,0.0,0.0,0.0,0.0,0.0,0.0,0.0,0.0,0.0,0.0,0.0,0.0,0.0,0.0,0.0,0.0,0.0,0.0,0.0,0.0,0.0,0.0,0.0,0.0,0.0,0.0,0.0,0.0,0.0,0.0,0.0,0.0,0.0,0.0,0.0
844,2290,Cloud Infrastructure SP10,0,6,0,0,0,0,0,0,0,0,0,0,0,0,2,1,0.0,0.0,0.0,0.0,0.0,0.0,0.0,0.0,0.0,0.0,0.0,0.0,0.0,0.0,0.0,0.0,0.0,0.0,0.0,0.0,0.0,0.0,0.0,0.0,0.0,0.0,0.0,0.0,0.0,0.0,0.0,0.0,0.0,0.0,0.0,0.0,0.0,0.0,0.0,0.0,0.0,0.0,0.0,0.0,0.0,0.0,0.0,0.0,0.0,0.0,0.0,0.0,0.0,0.0,0.0,0.0,0.0,0.0,0.0,0.0,0.0,0.0,0.0,0.0,0.0,0.0,0.0,0.0,0.0,0.0,0.0,0.0,0.0,0.0,0.0,0.0,0.0,0.0,0.0,0.0,0.0,0.0,0.0,0.0,0.0,0.0,0.0,0.0,0.0,0.0
844,2300,Cloud Infrastructure SP11,0,7,0,0,0,0,0,0,0,0,0,0,0,0,2,1,0.0,0.0,0.0,0.0,0.0,0.0,0.0,0.0,0.0,0.0,0.0,0.0,0.0,0.0,0.0,0.0,0.0,0.0,0.0,0.0,0.0,0.0,0.0,0.0,0.0,0.0,0.0,0.0,0.0,0.0,0.0,0.0,0.0,0.0,0.0,0.0,0.0,0.0,0.0,0.0,0.0,0.0,0.0,0.0,0.0,0.0,0.0,0.0,0.0,0.0,0.0,0.0,0.0,0.0,0.0,0.0,0.0,0.0,0.0,0.0,0.0,0.0,0.0,0.0,0.0,0.0,0.0,0.0,0.0,0.0,0.0,0.0,0.0,0.0,0.0,0.0,0.0,0.0,0.0,0.0,0.0,0.0,0.0,0.0,0.0,0.0,0.0,0.0,0.0,0.0
844,2321,Cloud Infrastructure SP12,0,7,0,0,0,0,0,0,0,0,0,0,0,0,2,1,0.0,0.0,0.0,0.0,0.0,0.0,0.0,0.0,0.0,0.0,0.0,0.0,0.0,0.0,0.0,0.0,0.0,0.0,0.0,0.0,0.0,0.0,0.0,0.0,0.0,0.0,0.0,0.0,0.0,0.0,0.0,0.0,0.0,0.0,0.0,0.0,0.0,0.0,0.0,0.0,0.0,0.0,0.0,0.0,0.0,0.0,0.0,0.0,0.0,0.0,0.0,0.0,0.0,0.0,0.0,0.0,0.0,0.0,0.0,0.0,0.0,0.0,0.0,0.0,0.0,0.0,0.0,0.0,0.0,0.0,0.0,0.0,0.0,0.0,0.0,0.0,0.0,0.0,0.0,0.0,0.0,0.0,0.0,0.0,0.0,0.0,0.0,0.0,0.0,0.0
844,2349,Cloud Infrastructure SP13,0,7,0,0,0,0,0,0,0,0,0,0,0,0,2,1,0.0,0.0,0.0,0.0,0.0,0.0,0.0,0.0,0.0,0.0,0.0,0.0,0.0,0.0,0.0,0.0,0.0,0.0,0.0,0.0,0.0,0.0,0.0,0.0,0.0,0.0,0.0,0.0,0.0,0.0,0.0,0.0,0.0,0.0,0.0,0.0,0.0,0.0,0.0,0.0,0.0,0.0,0.0,0.0,0.0,0.0,0.0,0.0,0.0,0.0,0.0,0.0,0.0,0.0,0.0,0.0,0.0,0.0,0.0,0.0,0.0,0.0,0.0,0.0,0.0,0.0,0.0,0.0,0.0,0.0,0.0,0.0,0.0,0.0,0.0,0.0,0.0,0.0,0.0,0.0,0.0,0.0,0.0,0.0,0.0,0.0,0.0,0.0,0.0,0.0
844,2363,Cloud Infrastructure SP14,0,7,0,0,0,0,0,0,0,0,0,0,0,0,2,1,0.0,0.0,0.0,0.0,0.0,0.0,0.0,0.0,0.0,0.0,0.0,0.0,0.0,0.0,0.0,0.0,0.0,0.0,0.0,0.0,0.0,0.0,0.0,0.0,0.0,0.0,0.0,0.0,0.0,0.0,0.0,0.0,0.0,0.0,0.0,0.0,0.0,0.0,0.0,0.0,0.0,0.0,0.0,0.0,0.0,0.0,0.0,0.0,0.0,0.0,0.0,0.0,0.0,0.0,0.0,0.0,0.0,0.0,0.0,0.0,0.0,0.0,0.0,0.0,0.0,0.0,0.0,0.0,0.0,0.0,0.0,0.0,0.0,0.0,0.0,0.0,0.0,0.0,0.0,0.0,0.0,0.0,0.0,0.0,0.0,0.0,0.0,0.0,0.0,0.0
844,2378,Cloud Infrastructure SP15,0,7,0,0,0,0,0,0,0,0,0,0,0,0,2,1,0.0,0.0,0.0,0.0,0.0,0.0,0.0,0.0,0.0,0.0,0.0,0.0,0.0,0.0,0.0,0.0,0.0,0.0,0.0,0.0,0.0,0.0,0.0,0.0,0.0,0.0,0.0,0.0,0.0,0.0,0.0,0.0,0.0,0.0,0.0,0.0,0.0,0.0,0.0,0.0,0.0,0.0,0.0,0.0,0.0,0.0,0.0,0.0,0.0,0.0,0.0,0.0,0.0,0.0,0.0,0.0,0.0,0.0,0.0,0.0,0.0,0.0,0.0,0.0,0.0,0.0,0.0,0.0,0.0,0.0,0.0,0.0,0.0,0.0,0.0,0.0,0.0,0.0,0.0,0.0,0.0,0.0,0.0,0.0,0.0,0.0,0.0,0.0,0.0,0.0
844,2401,Cloud Infrastructure SP16,0,7,0,0,0,0,0,0,0,0,0,0,0,0,2,1,0.0,0.0,0.0,0.0,0.0,0.0,0.0,0.0,0.0,0.0,0.0,0.0,0.0,0.0,0.0,0.0,0.0,0.0,0.0,0.0,0.0,0.0,0.0,0.0,0.0,0.0,0.0,0.0,0.0,0.0,0.0,0.0,0.0,0.0,0.0,0.0,0.0,0.0,0.0,0.0,0.0,0.0,0.0,0.0,0.0,0.0,0.0,0.0,0.0,0.0,0.0,0.0,0.0,0.0,0.0,0.0,0.0,0.0,0.0,0.0,0.0,0.0,0.0,0.0,0.0,0.0,0.0,0.0,0.0,0.0,0.0,0.0,0.0,0.0,0.0,0.0,0.0,0.0,0.0,0.0,0.0,0.0,0.0,0.0,0.0,0.0,0.0,0.0,0.0,0.0
844,2412,Cloud Infrastructure SP17,0,7,0,0,0,0,0,0,0,0,0,0,0,0,2,1,0.0,0.0,0.0,0.0,0.0,0.0,0.0,0.0,0.0,0.0,0.0,0.0,0.0,0.0,0.0,0.0,0.0,0.0,0.0,0.0,0.0,0.0,0.0,0.0,0.0,0.0,0.0,0.0,0.0,0.0,0.0,0.0,0.0,0.0,0.0,0.0,0.0,0.0,0.0,0.0,0.0,0.0,0.0,0.0,0.0,0.0,0.0,0.0,0.0,0.0,0.0,0.0,0.0,0.0,0.0,0.0,0.0,0.0,0.0,0.0,0.0,0.0,0.0,0.0,0.0,0.0,0.0,0.0,0.0,0.0,0.0,0.0,0.0,0.0,0.0,0.0,0.0,0.0,0.0,0.0,0.0,0.0,0.0,0.0,0.0,0.0,0.0,0.0,0.0,0.0
844,2433,Cloud Infrastructure SP18,0,7,0,0,0,0,0,0,0,0,0,0,0,0,2,1,0.0,0.0,0.0,0.0,0.0,0.0,0.0,0.0,0.0,0.0,0.0,0.0,0.0,0.0,0.0,0.0,0.0,0.0,0.0,0.0,0.0,0.0,0.0,0.0,0.0,0.0,0.0,0.0,0.0,0.0,0.0,0.0,0.0,0.0,0.0,0.0,0.0,0.0,0.0,0.0,0.0,0.0,0.0,0.0,0.0,0.0,0.0,0.0,0.0,0.0,0.0,0.0,0.0,0.0,0.0,0.0,0.0,0.0,0.0,0.0,0.0,0.0,0.0,0.0,0.0,0.0,0.0,0.0,0.0,0.0,0.0,0.0,0.0,0.0,0.0,0.0,0.0,0.0,0.0,0.0,0.0,0.0,0.0,0.0,0.0,0.0,0.0,0.0,0.0,0.0
873,1,Sprint 1,0,0,0,0,0,0,0,0,0,0,0,0,0,0,1,1,6.0,6.0,6.0,0.0,0.0,0.0,0.0,0.0,0.0,0.0,0.0,1.0,0.16666666666666666,0.0,0.408248290463863,0.16666666666666669,1.0,0.0,2.0,1.1666666666666667,1.5,0.9831920802501751,0.9666666666666668,2.0,0.0,1.0,0.16666666666666666,0.0,0.408248290463863,0.16666666666666669,1.0,0.0,0.0,0.0,0.0,0.0,0.0,0.0,0.0,0.0,0.0,0.0,0.0,0.0,0.0,0.0,0.0,0.0,0.0,0.0,0.0,0.0,0.0,0.0,0.0,0.0,0.0,0.0,0.0,0.0,0.0,0.0,0.0,0.0,0.0,0.0,6.0,0.0,0.0,0.0,0.0,0.0,0.0,0.0,0.0,0.0,0.0,0.0,0.0,0.0,0.0,0.0,0.0,0.0,0.0,0.0,0.0,0.0,0.0,0.0
873,2,Sprint 1,0,0,0,0,0,0,0,0,0,0,0,0,0,0,1,1,0.0,0.0,0.0,0.0,0.0,0.0,0.0,0.0,0.0,0.0,0.0,0.0,0.0,0.0,0.0,0.0,0.0,0.0,0.0,0.0,0.0,0.0,0.0,0.0,0.0,0.0,0.0,0.0,0.0,0.0,0.0,0.0,0.0,0.0,0.0,0.0,0.0,0.0,0.0,0.0,0.0,0.0,0.0,0.0,0.0,0.0,0.0,0.0,0.0,0.0,0.0,0.0,0.0,0.0,0.0,0.0,0.0,0.0,0.0,0.0,0.0,0.0,0.0,0.0,0.0,0.0,0.0,0.0,0.0,0.0,0.0,0.0,0.0,0.0,0.0,0.0,0.0,0.0,0.0,0.0,0.0,0.0,0.0,0.0,0.0,0.0,0.0,0.0,0.0,0.0
873,4,Sprint 2,0,11,0,0,0,0,0,0,0,0,0,0,0,0,1,1,0.0,0.0,0.0,0.0,0.0,0.0,0.0,0.0,0.0,0.0,0.0,0.0,0.0,0.0,0.0,0.0,0.0,0.0,0.0,0.0,0.0,0.0,0.0,0.0,0.0,0.0,0.0,0.0,0.0,0.0,0.0,0.0,0.0,0.0,0.0,0.0,0.0,0.0,0.0,0.0,0.0,0.0,0.0,0.0,0.0,0.0,0.0,0.0,0.0,0.0,0.0,0.0,0.0,0.0,0.0,0.0,0.0,0.0,0.0,0.0,0.0,0.0,0.0,0.0,0.0,0.0,0.0,0.0,0.0,0.0,0.0,0.0,0.0,0.0,0.0,0.0,0.0,0.0,0.0,0.0,0.0,0.0,0.0,0.0,0.0,0.0,0.0,0.0,0.0,0.0
873,10,Sprint 2,0,14,0,0,0,0,0,0,0,0,0,0,0,0,1,1,14.0,10.0,10.0,0.0,1.0,0.14285714285714285,0.0,0.3631365196012815,0.1318681318681319,1.0,0.0,1.0,0.07142857142857142,0.0,0.26726124191242434,0.07142857142857141,1.0,0.0,2.0,0.8571428571428571,0.0,1.027105182026191,1.054945054945055,2.0,0.0,0.0,0.0,0.0,0.0,0.0,0.0,0.0,0.0,0.0,0.0,0.0,0.0,0.0,0.0,0.0,0.0,0.0,0.0,0.0,0.0,0.0,2.0,0.42857142857142855,0.0,0.8516306272526404,0.7252747252747257,2.0,0.0,0.0,0.0,0.0,0.0,0.0,0.0,0.0,0.0,0.0,0.0,0.0,0.0,0.0,14.0,4.0,0.0,0.0,0.0,0.0,0.0,3.0,1.0,0.0,0.0,0.0,0.0,0.0,0.0,0.0,0.0,0.0,0.0,0.0,0.0,0.0,0.0,0.0
873,20,1.1-M2-test-r,0,14,0,0,0,0,0,0,0,0,0,0,0,0,1,1,0.0,0.0,0.0,0.0,0.0,0.0,0.0,0.0,0.0,0.0,0.0,0.0,0.0,0.0,0.0,0.0,0.0,0.0,0.0,0.0,0.0,0.0,0.0,0.0,0.0,0.0,0.0,0.0,0.0,0.0,0.0,0.0,0.0,0.0,0.0,0.0,0.0,0.0,0.0,0.0,0.0,0.0,0.0,0.0,0.0,0.0,0.0,0.0,0.0,0.0,0.0,0.0,0.0,0.0,0.0,0.0,0.0,0.0,0.0,0.0,0.0,0.0,0.0,0.0,0.0,0.0,0.0,0.0,0.0,0.0,0.0,0.0,0.0,0.0,0.0,0.0,0.0,0.0,0.0,0.0,0.0,0.0,0.0,0.0,0.0,0.0,0.0,0.0,0.0,0.0
873,21,1.1-M2-Fire,0,4,0,0,0,0,0,0,0,0,0,0,0,0,1,1,0.0,0.0,0.0,0.0,0.0,0.0,0.0,0.0,0.0,0.0,0.0,0.0,0.0,0.0,0.0,0.0,0.0,0.0,0.0,0.0,0.0,0.0,0.0,0.0,0.0,0.0,0.0,0.0,0.0,0.0,0.0,0.0,0.0,0.0,0.0,0.0,0.0,0.0,0.0,0.0,0.0,0.0,0.0,0.0,0.0,0.0,0.0,0.0,0.0,0.0,0.0,0.0,0.0,0.0,0.0,0.0,0.0,0.0,0.0,0.0,0.0,0.0,0.0,0.0,0.0,0.0,0.0,0.0,0.0,0.0,0.0,0.0,0.0,0.0,0.0,0.0,0.0,0.0,0.0,0.0,0.0,0.0,0.0,0.0,0.0,0.0,0.0,0.0,0.0,0.0
873,29,1.1-M4-Blue,0,6,0,0,0,0,0,0,0,0,0,0,0,0,1,1,0.0,0.0,0.0,0.0,0.0,0.0,0.0,0.0,0.0,0.0,0.0,0.0,0.0,0.0,0.0,0.0,0.0,0.0,0.0,0.0,0.0,0.0,0.0,0.0,0.0,0.0,0.0,0.0,0.0,0.0,0.0,0.0,0.0,0.0,0.0,0.0,0.0,0.0,0.0,0.0,0.0,0.0,0.0,0.0,0.0,0.0,0.0,0.0,0.0,0.0,0.0,0.0,0.0,0.0,0.0,0.0,0.0,0.0,0.0,0.0,0.0,0.0,0.0,0.0,0.0,0.0,0.0,0.0,0.0,0.0,0.0,0.0,0.0,0.0,0.0,0.0,0.0,0.0,0.0,0.0,0.0,0.0,0.0,0.0,0.0,0.0,0.0,0.0,0.0,0.0
873,1790,3.7-m4,0,21,0,0,0,0,0,0,0,0,0,0,0,0,1,1,1.0,0.0,0.0,0.0,0.0,0.0,0.0,0.0,0.0,0.0,1.0,1.0,1.0,1.0,0.0,0.0,0.0,1.0,1.0,1.0,1.0,0.0,0.0,0.0,0.0,0.0,0.0,0.0,0.0,0.0,0.0,0.0,0.0,0.0,0.0,0.0,0.0,0.0,0.0,0.0,0.0,0.0,0.0,0.0,0.0,0.0,0.0,0.0,0.0,0.0,0.0,0.0,0.0,0.0,0.0,0.0,0.0,0.0,0.0,1.0,1.0,1.0,1.0,0.0,0.0,0.0,1.0,0.0,0.0,0.0,0.0,1.0,0.0,0.0,1.0,0.0,0.0,0.0,0.0,0.0,0.0,0.0,0.0,0.0,0.0,0.0,0.0,0.0,0.0,0.0
900,46,Sprint 1,-6,14,0,0,4,12,1,3,0,0,3,9,0,0,1,3,6.0,0.0,3.0,0.0,7.0,2.0,1.0,2.756809750418044,7.6,7.0,0.0,1.0,0.6666666666666666,1.0,0.5163977794943223,0.2666666666666667,1.0,0.0,2.0,1.6666666666666667,2.0,0.816496580927726,0.6666666666666667,2.0,0.0,4.0,0.8333333333333334,0.0,1.6020819787597222,2.566666666666667,4.0,0.0,0.0,0.0,0.0,0.0,0.0,0.0,0.0,0.0,0.0,0.0,0.0,0.0,0.0,0.0,2.0,1.0,1.0,1.0954451150103321,1.2,2.0,0.0,2.0,0.3333333333333333,0.0,0.816496580927726,0.6666666666666667,2.0,0.0,2.0,0.5,0.0,0.8366600265340756,0.7,2.0,2.0,0.0,1.0,4.0,0.0,0.0,1.0,3.0,0.0,0.0,4.0,0.0,0.0,0.0,0.0,0.0,0.0,0.0,0.0,0.0,0.0,0.0,0.0,0.0
900,56,Sprint 2 - TEAMCAL 2.4,21,52,9,27,15,45,0,0,2,6,5,15,17,51,1,4,36.0,0.0,23.0,0.0,9.0,0.75,0.0,1.6966353257466462,2.8785714285714286,9.0,0.0,1.0,0.8611111111111112,1.0,0.3507361872061009,0.12301587301587306,1.0,0.0,3.0,2.0555555555555554,2.0,0.5828229059350188,0.3396825396825398,3.0,0.0,7.0,0.8055555555555556,0.0,1.4105610726524886,1.9896825396825395,7.0,0.0,0.0,0.0,0.0,0.0,0.0,0.0,0.0,0.0,0.0,0.0,0.0,0.0,0.0,0.0,6.0,1.3611111111111112,2.0,1.457057264837547,2.1230158730158735,6.0,0.0,1.0,0.05555555555555555,0.0,0.2323106841457232,0.05396825396825397,1.0,0.0,3.0,0.2777777777777778,0.0,0.7014723744122018,0.49206349206349226,3.0,26.0,0.0,17.0,14.0,0.0,2.0,3.0,10.0,2.0,0.0,10.0,0.0,0.0,1.0,0.0,0.0,0.0,0.0,0.0,0.0,0.0,0.0,0.0,0.0
900,130,Sprint 2 - TEAMCAL 2.5,27,35,10,30,5,15,0,0,2,6,1,3,12,36,1,4,28.0,0.0,17.0,0.0,4.0,0.75,0.0,1.075828707279838,1.1574074074074074,4.0,0.0,1.0,0.9642857142857143,1.0,0.18898223650461365,0.035714285714285726,1.0,0.0,3.0,2.1785714285714284,2.0,0.6696362433535825,0.44841269841269843,3.0,0.0,2.0,0.4642857142857143,0.0,0.6372477195601849,0.4060846560846561,2.0,0.0,0.0,0.0,0.0,0.0,0.0,0.0,0.0,0.0,0.0,0.0,0.0,0.0,0.0,0.0,6.0,1.2142857142857142,0.0,1.8126539343499317,3.2857142857142865,6.0,0.0,2.0,0.10714285714285714,0.0,0.4162696521251859,0.17328042328042328,2.0,0.0,5.0,0.39285714285714285,0.0,1.030615986761952,1.062169312169312,5.0,15.0,0.0,12.0,9.0,0.0,2.0,5.0,10.0,0.0,1.0,13.0,0.0,0.0,0.0,0.0,0.0,0.0,0.0,0.0,0.0,0.0,0.0,0.0,0.0
900,194,Sprint 2 - TEAMCAL 2.6,21,14,1,3,5,15,0,0,5,15,0,0,1,3,1,2,16.0,0.0,11.0,0.0,8.0,1.3125,0.0,2.1823152842795195,4.7625,8.0,0.0,1.0,0.625,1.0,0.5,0.25,1.0,0.0,3.0,1.8125,2.0,0.6551081335677849,0.42916666666666664,3.0,0.0,4.0,0.875,0.0,1.408308678285174,1.9833333333333334,4.0,0.0,0.0,0.0,0.0,0.0,0.0,0.0,0.0,0.0,0.0,0.0,0.0,0.0,0.0,0.0,4.0,0.75,0.0,1.2382783747337807,1.5333333333333334,4.0,0.0,2.0,0.1875,0.0,0.5439056290693574,0.29583333333333334,2.0,0.0,5.0,0.625,0.0,1.3102162671355697,1.7166666666666666,5.0,10.0,0.0,9.0,4.0,0.0,1.0,2.0,5.0,0.0,0.0,6.0,0.0,0.0,0.0,0.0,0.0,0.0,0.0,0.0,0.0,0.0,0.0,0.0,0.0
900,239,TEAMCAL 3.0 - Timeline Juice,3,43,8,24,5,15,2,6,5,15,0,0,6,18,1,2,17.0,0.0,8.0,0.0,28.0,2.823529411764706,1.0,6.738279584931592,45.40441176470588,28.0,0.0,10.0,1.2941176470588236,1.0,2.2848606599296417,5.220588235294117,10.0,0.0,3.0,1.7058823529411764,2.0,0.7717436331412898,0.5955882352941176,3.0,0.0,9.0,1.2352941176470589,0.0,2.278415341984037,5.1911764705882355,9.0,0.0,0.0,0.0,0.0,0.0,0.0,0.0,0.0,0.0,0.0,0.0,0.0,0.0,0.0,0.0,4.0,1.1176470588235294,0.0,1.495090003192804,2.235294117647059,4.0,0.0,2.0,0.23529411764705882,0.0,0.562295714538387,0.3161764705882352,2.0,0.0,5.0,0.8823529411764706,0.0,1.4090046549415862,1.9852941176470584,5.0,8.0,0.0,8.0,6.0,0.0,1.0,2.0,6.0,1.0,2.0,9.0,0.0,0.0,0.0,0.0,0.0,0.0,0.0,0.0,0.0,0.0,0.0,0.0,0.0
900,297,IT-1249 Features,0,14,0,0,0,0,0,0,0,0,0,0,0,0,1,1,0.0,0.0,0.0,0.0,0.0,0.0,0.0,0.0,0.0,0.0,0.0,0.0,0.0,0.0,0.0,0.0,0.0,0.0,0.0,0.0,0.0,0.0,0.0,0.0,0.0,0.0,0.0,0.0,0.0,0.0,0.0,0.0,0.0,0.0,0.0,0.0,0.0,0.0,0.0,0.0,0.0,0.0,0.0,0.0,0.0,0.0,0.0,0.0,0.0,0.0,0.0,0.0,0.0,0.0,0.0,0.0,0.0,0.0,0.0,0.0,0.0,0.0,0.0,0.0,0.0,0.0,0.0,0.0,0.0,0.0,0.0,0.0,0.0,0.0,0.0,0.0,0.0,0.0,0.0,0.0,0.0,0.0,0.0,0.0,0.0,0.0,0.0,0.0,0.0,0.0
900,304,TEAMCAL 3.1,48,60,5,15,2,6,3,9,4,12,0,0,0,0,1,2,25.0,0.0,11.0,0.0,9.0,0.44,0.0,1.8046236911518887,3.2566666666666673,9.0,0.0,2.0,0.68,1.0,0.6271629240742259,0.3933333333333333,2.0,0.0,3.0,1.52,2.0,0.8225975119502044,0.6766666666666666,3.0,0.0,4.0,0.52,0.0,0.9626352718795768,0.9266666666666667,4.0,0.0,0.0,0.0,0.0,0.0,0.0,0.0,0.0,0.0,0.0,0.0,0.0,0.0,0.0,0.0,2.0,0.24,0.0,0.5972157622389639,0.35666666666666663,2.0,0.0,1.0,0.12,0.0,0.33166247903553997,0.11,1.0,0.0,1.0,0.08,0.0,0.27688746209726917,0.07666666666666667,1.0,17.0,0.0,14.0,5.0,0.0,5.0,0.0,7.0,2.0,3.0,8.0,0.0,0.0,2.0,0.0,0.0,0.0,1.0,0.0,0.0,0.0,0.0,0.0,0.0
900,396,3.2 - Makin' it faster & i18n,15,36,4,12,3,9,3,9,0,0,1,3,3,9,1,3,15.0,0.0,8.0,0.0,15.0,1.5333333333333334,0.0,4.257206774847743,18.123809523809523,15.0,0.0,1.0,0.7333333333333333,1.0,0.45773770821706344,0.2095238095238095,1.0,0.0,3.0,1.4666666666666666,1.0,0.9154754164341269,0.838095238095238,3.0,0.0,4.0,0.4666666666666667,0.0,1.0600988273786194,1.1238095238095238,4.0,0.0,0.0,0.0,0.0,0.0,0.0,0.0,0.0,0.0,0.0,0.0,0.0,0.0,0.0,0.0,4.0,0.8,0.0,1.4242792663559452,2.0285714285714294,4.0,0.0,0.0,0.0,0.0,0.0,0.0,0.0,0.0,2.0,0.26666666666666666,0.0,0.5936168397046637,0.3523809523809524,2.0,12.0,0.0,11.0,1.0,0.0,3.0,0.0,5.0,0.0,2.0,3.0,0.0,0.0,0.0,0.0,0.0,0.0,0.0,0.0,0.0,0.0,0.0,0.0,0.0
900,518,3.2.1 - Dark RSVP & Bug Fix,-3,6,6,18,0,0,0,0,4,12,0,0,2,6,1,1,7.0,0.0,5.0,0.0,7.0,1.8571428571428572,1.0,2.544836041121407,6.4761904761904745,7.0,0.0,1.0,0.7142857142857143,1.0,0.48795003647426666,0.23809523809523814,1.0,0.0,3.0,1.2857142857142858,1.0,0.9511897312113419,0.9047619047619048,3.0,0.0,1.0,0.14285714285714285,0.0,0.37796447300922725,0.14285714285714288,1.0,0.0,0.0,0.0,0.0,0.0,0.0,0.0,0.0,0.0,0.0,0.0,0.0,0.0,0.0,0.0,1.0,0.2857142857142857,0.0,0.48795003647426666,0.23809523809523814,1.0,0.0,1.0,0.2857142857142857,0.0,0.48795003647426666,0.23809523809523814,1.0,0.0,0.0,0.0,0.0,0.0,0.0,0.0,7.0,0.0,6.0,0.0,0.0,1.0,0.0,2.0,0.0,0.0,0.0,0.0,0.0,0.0,0.0,0.0,0.0,0.0,0.0,0.0,0.0,0.0,0.0,0.0
900,533,4.0 - Custom Events 4u,-3,11,11,33,0,0,0,0,11,33,0,0,0,0,1,2,11.0,0.0,3.0,0.0,11.0,3.1818181818181817,2.0,3.6281725928677044,13.163636363636362,11.0,0.0,2.0,0.7272727272727273,1.0,0.6466697906828632,0.41818181818181815,2.0,0.0,3.0,1.5454545454545454,1.0,0.9341987329938275,0.8727272727272727,3.0,0.0,1.0,0.2727272727272727,0.0,0.46709936649691375,0.21818181818181817,1.0,0.0,0.0,0.0,0.0,0.0,0.0,0.0,0.0,0.0,0.0,0.0,0.0,0.0,0.0,0.0,3.0,1.5454545454545454,1.0,0.9341987329938275,0.8727272727272727,3.0,0.0,2.0,0.5454545454545454,0.0,0.6875516509523286,0.47272727272727266,2.0,0.0,11.0,1.0909090909090908,0.0,3.3001377381723165,10.890909090909094,11.0,7.0,0.0,9.0,2.0,0.0,0.0,0.0,4.0,1.0,2.0,4.0,0.0,0.0,1.0,0.0,0.0,0.0,0.0,0.0,0.0,0.0,0.0,0.0,0.0
900,697,Team Calendars 4.1,117,81,9,27,13,39,1,3,1,3,4,12,16,48,1,2,73.0,0.0,30.0,0.0,18.0,1.5753424657534247,0.0,3.5703945013089475,12.747716894977167,18.0,0.0,3.0,1.0136986301369864,1.0,0.5398855507556801,0.2914764079147641,3.0,0.0,3.0,0.9315068493150684,1.0,0.6308893000996396,0.3980213089802131,3.0,0.0,4.0,0.6164383561643836,0.0,0.9807896051750765,0.9619482496194826,4.0,0.0,0.0,0.0,0.0,0.0,0.0,0.0,0.0,0.0,0.0,0.0,0.0,0.0,0.0,0.0,2.0,0.273972602739726,0.0,0.5338610402998857,0.28500761035007616,2.0,0.0,2.0,0.1643835616438356,0.0,0.4413898072545962,0.19482496194824958,2.0,0.0,2.0,0.2465753424657534,0.0,0.5472360327086228,0.2994672754946728,2.0,42.0,0.0,52.0,16.0,1.0,2.0,1.0,27.0,5.0,7.0,31.0,0.0,0.0,3.0,0.0,0.0,0.0,0.0,1.0,0.0,0.0,0.0,0.0,0.0
900,858,Welcome VN Team Sprint!,-9,14,10,30,0,0,0,0,10,30,0,0,0,0,1,1,11.0,0.0,9.0,0.0,3.0,0.6363636363636364,0.0,1.1200649331826502,1.2545454545454546,3.0,0.0,1.0,0.7272727272727273,1.0,0.46709936649691375,0.21818181818181817,1.0,1.0,1.0,1.0,1.0,0.0,0.0,0.0,0.0,1.0,0.18181818181818182,0.0,0.4045199174779452,0.16363636363636358,1.0,0.0,0.0,0.0,0.0,0.0,0.0,0.0,0.0,0.0,0.0,0.0,0.0,0.0,0.0,0.0,0.0,0.0,0.0,0.0,0.0,0.0,0.0,1.0,0.09090909090909091,0.0,0.30151134457776363,0.0909090909090909,1.0,0.0,2.0,0.6363636363636364,0.0,0.9244162777371755,0.8545454545454547,2.0,5.0,0.0,2.0,8.0,0.0,0.0,1.0,1.0,1.0,0.0,6.0,0.0,0.0,0.0,0.0,0.0,0.0,0.0,0.0,0.0,0.0,0.0,0.0,0.0
900,929,Team Calendars 4.1.2,-9,14,7,21,3,9,0,0,2,6,2,6,6,18,1,4,11.0,0.0,4.0,0.0,16.0,2.8181818181818183,1.0,4.707827138249275,22.16363636363636,16.0,0.0,2.0,1.0,1.0,0.4472135954999579,0.2,2.0,0.0,3.0,0.8181818181818182,1.0,0.9816498172140427,0.9636363636363633,3.0,0.0,1.0,0.18181818181818182,0.0,0.4045199174779452,0.16363636363636358,1.0,0.0,0.0,0.0,0.0,0.0,0.0,0.0,0.0,0.0,0.0,0.0,0.0,0.0,0.0,0.0,2.0,0.2727272727272727,0.0,0.6466697906828633,0.41818181818181827,2.0,0.0,1.0,0.2727272727272727,0.0,0.46709936649691375,0.21818181818181817,1.0,0.0,2.0,0.5454545454545454,0.0,0.8201995322647243,0.6727272727272726,2.0,6.0,0.0,9.0,1.0,0.0,1.0,0.0,4.0,0.0,2.0,5.0,0.0,0.0,1.0,0.0,0.0,0.0,0.0,0.0,0.0,0.0,0.0,0.0,0.0
900,986,4.2 - Performance/AO Migration,78,14,1,3,2,6,1,3,1,3,1,3,0,0,1,2,41.0,0.0,15.0,0.0,12.0,0.5609756097560976,0.0,2.049985127846113,4.2024390243902445,12.0,0.0,2.0,0.8536585365853658,1.0,0.4775445324656172,0.22804878048780491,2.0,0.0,3.0,0.6097560975609756,0.0,0.7374974162831963,0.5439024390243902,3.0,0.0,6.0,0.7317073170731707,0.0,1.1624196798898072,1.351219512195122,6.0,0.0,0.0,0.0,0.0,0.0,0.0,0.0,0.0,0.0,0.0,0.0,0.0,0.0,0.0,0.0,0.0,0.0,0.0,0.0,0.0,0.0,0.0,1.0,0.024390243902439025,0.0,0.15617376188860604,0.02439024390243902,1.0,0.0,2.0,0.0975609756097561,0.0,0.3744915251898558,0.14024390243902438,2.0,22.0,0.0,28.0,9.0,0.0,3.0,0.0,20.0,0.0,6.0,19.0,0.0,0.0,0.0,0.0,0.0,0.0,0.0,0.0,1.0,0.0,0.0,0.0,0.0
900,1147,4.2.1 - Performance cleanup,-3,7,14,42,2,6,4,12,12,36,0,0,0,0,1,5,16.0,0.0,9.0,0.0,16.0,2.625,1.0,4.16132991562393,17.316666666666666,16.0,0.0,2.0,1.0625,1.0,0.5737304826019501,0.32916666666666666,2.0,0.0,1.0,0.9375,1.0,0.25,0.0625,1.0,0.0,6.0,0.625,0.0,1.5,2.25,6.0,0.0,0.0,0.0,0.0,0.0,0.0,0.0,0.0,0.0,0.0,0.0,0.0,0.0,0.0,0.0,1.0,0.8125,1.0,0.4031128874149275,0.1625,1.0,0.0,2.0,0.3125,0.0,0.704154339142587,0.49583333333333335,2.0,0.0,2.0,0.375,0.0,0.6191391873668903,0.38333333333333336,2.0,6.0,0.0,14.0,1.0,0.0,1.0,0.0,4.0,1.0,2.0,10.0,0.0,0.0,0.0,0.0,0.0,0.0,0.0,0.0,0.0,0.0,0.0,0.0,0.0
900,1172,4.3.0 - Event Type Change,57,7,16,48,1,3,0,0,10,30,6,18,1,3,1,5,44.0,0.0,23.0,0.0,21.0,1.2272727272727273,0.0,3.456464360785228,11.947145877378436,21.0,0.0,2.0,0.7954545454545454,1.0,0.6317029569289762,0.39904862579281186,2.0,0.0,3.0,0.9318181818181818,1.0,0.6249735723799539,0.39059196617336145,3.0,0.0,4.0,0.3409090909090909,0.0,0.9135461653329312,0.8345665961945032,4.0,0.0,0.0,0.0,0.0,0.0,0.0,0.0,0.0,0.0,0.0,0.0,0.0,0.0,0.0,0.0,2.0,0.13636363636363635,0.0,0.46209377337410695,0.2135306553911205,2.0,0.0,2.0,0.06818181818181818,0.0,0.33394939546509295,0.11152219873150104,2.0,0.0,3.0,0.4318181818181818,0.0,0.7893985721473312,0.6231501057082452,3.0,22.0,0.0,30.0,9.0,0.0,3.0,1.0,12.0,1.0,4.0,22.0,0.0,0.0,4.0,0.0,0.0,0.0,0.0,0.0,1.0,0.0,0.0,0.0,0.0
900,1258,4.2.2 - Code Health Week,3,7,2,6,2,6,0,0,1,3,3,9,0,0,1,1,5.0,0.0,5.0,0.0,2.0,0.4,0.0,0.8944271909999161,0.8000000000000003,2.0,0.0,1.0,0.4,0.0,0.5477225575051662,0.30000000000000004,1.0,0.0,0.0,0.0,0.0,0.0,0.0,0.0,0.0,1.0,0.2,0.0,0.447213595499958,0.20000000000000004,1.0,0.0,0.0,0.0,0.0,0.0,0.0,0.0,0.0,0.0,0.0,0.0,0.0,0.0,0.0,0.0,0.0,0.0,0.0,0.0,0.0,0.0,0.0,0.0,0.0,0.0,0.0,0.0,0.0,0.0,2.0,0.4,0.0,0.8944271909999161,0.8000000000000003,2.0,4.0,0.0,0.0,1.0,0.0,3.0,0.0,0.0,0.0,0.0,1.0,0.0,0.0,0.0,0.0,0.0,0.0,0.0,0.0,0.0,1.0,0.0,0.0,0.0
900,1259,4.2.x - Freezer Work,0,14,1,3,0,0,0,0,1,3,0,0,0,0,1,1,1.0,0.0,0.0,1.0,1.0,1.0,1.0,0.0,0.0,0.0,0.0,0.0,0.0,0.0,0.0,0.0,0.0,0.0,0.0,0.0,0.0,0.0,0.0,0.0,0.0,0.0,0.0,0.0,0.0,0.0,0.0,0.0,0.0,0.0,0.0,0.0,0.0,0.0,0.0,0.0,0.0,0.0,0.0,0.0,0.0,0.0,0.0,0.0,0.0,0.0,0.0,0.0,1.0,1.0,1.0,1.0,0.0,0.0,0.0,0.0,0.0,0.0,0.0,0.0,0.0,0.0,0.0,0.0,0.0,0.0,0.0,1.0,0.0,1.0,0.0,0.0,1.0,0.0,0.0,0.0,0.0,0.0,0.0,0.0,0.0,0.0,0.0,0.0,0.0,0.0
900,1346,4.4.0 - Disable Event Types,-3,14,11,33,0,0,0,0,4,12,6,18,1,3,1,4,17.0,0.0,12.0,0.0,8.0,1.2352941176470589,0.0,2.1368613597021766,4.5661764705882355,8.0,0.0,2.0,0.6470588235294118,1.0,0.6063390625908325,0.36764705882352944,2.0,0.0,1.0,0.5294117647058824,1.0,0.5144957554275266,0.2647058823529412,1.0,0.0,4.0,0.29411764705882354,0.0,0.9851843661437781,0.9705882352941179,4.0,0.0,0.0,0.0,0.0,0.0,0.0,0.0,0.0,0.0,0.0,0.0,0.0,0.0,0.0,0.0,0.0,0.0,0.0,0.0,0.0,0.0,0.0,1.0,0.058823529411764705,0.0,0.242535625036333,0.05882352941176471,1.0,0.0,3.0,0.4117647058823529,0.0,0.8702602720890289,0.7573529411764707,3.0,7.0,0.0,7.0,6.0,1.0,3.0,0.0,3.0,0.0,1.0,10.0,0.0,0.0,1.0,0.0,0.0,0.0,0.0,0.0,0.0,0.0,0.0,0.0,0.0
900,1388,5.0 - Custom Event Types,66,14,0,0,11,33,2,6,5,15,2,6,2,6,1,4,38.0,0.0,27.0,0.0,104.0,3.5526315789473686,0.0,16.871048876253116,284.63229018492154,104.0,0.0,2.0,0.47368421052631576,0.0,0.5568658485285913,0.310099573257468,2.0,0.0,1.0,0.7631578947368421,1.0,0.4308514841827461,0.1856330014224751,1.0,0.0,11.0,0.4473684210526316,0.0,1.8844652036693808,3.551209103840681,11.0,0.0,0.0,0.0,0.0,0.0,0.0,0.0,0.0,0.0,0.0,0.0,0.0,0.0,0.0,0.0,1.0,0.05263157894736842,0.0,0.22629428592141426,0.051209103840682786,1.0,0.0,1.0,0.05263157894736842,0.0,0.22629428592141426,0.051209103840682786,1.0,0.0,3.0,0.23684210526315788,0.0,0.6339157811876048,0.40184921763869125,3.0,27.0,0.0,22.0,6.0,1.0,8.0,1.0,10.0,0.0,1.0,11.0,0.0,0.0,0.0,0.0,0.0,0.0,0.0,0.0,0.0,0.0,0.0,0.0,0.0
900,1565,5.1 - TC Tour & Bug fixed,30,14,11,33,1,3,0,0,7,21,3,9,2,6,1,2,28.0,0.0,14.0,0.0,14.0,1.1785714285714286,0.0,2.789578109991909,7.781746031746032,14.0,0.0,4.0,0.8214285714285714,1.0,0.8629652337776967,0.7447089947089948,4.0,0.0,2.0,0.6785714285714286,1.0,0.5479640045336466,0.30026455026455023,2.0,0.0,4.0,0.4642857142857143,0.0,1.1049431980420852,1.2208994708994707,4.0,0.0,0.0,0.0,0.0,0.0,0.0,0.0,0.0,0.0,0.0,0.0,0.0,0.0,0.0,0.0,1.0,0.03571428571428571,0.0,0.18898223650461365,0.035714285714285726,1.0,0.0,1.0,0.03571428571428571,0.0,0.18898223650461365,0.035714285714285726,1.0,0.0,3.0,0.5357142857142857,0.0,0.8811668550592597,0.7764550264550264,3.0,16.0,0.0,21.0,5.0,0.0,2.0,0.0,12.0,0.0,1.0,12.0,0.0,0.0,1.0,0.0,0.0,0.0,0.0,0.0,0.0,0.0,0.0,0.0,0.0
900,1654,5.2 - Reminder,63,14,0,0,1,3,1,3,0,0,0,0,0,0,1,3,46.0,0.0,29.0,0.0,3.0,0.2608695652173913,0.0,0.7128902863600216,0.5082125603864737,3.0,0.0,1.0,0.4782608695652174,0.0,0.5050469916434667,0.25507246376811593,1.0,0.0,1.0,0.8478260869565217,1.0,0.36315844747302034,0.1318840579710145,1.0,0.0,3.0,0.21739130434782608,0.0,0.5542980938191959,0.30724637681159417,3.0,0.0,0.0,0.0,0.0,0.0,0.0,0.0,0.0,0.0,0.0,0.0,0.0,0.0,0.0,0.0,1.0,0.021739130434782608,0.0,0.1474419561548971,0.021739130434782598,1.0,0.0,1.0,0.043478260869565216,0.0,0.2061845709423622,0.04251207729468599,1.0,0.0,7.0,0.43478260869565216,0.0,1.2410062926341219,1.5400966183574878,7.0,32.0,0.0,32.0,5.0,0.0,9.0,0.0,17.0,0.0,0.0,14.0,0.0,0.0,0.0,0.0,0.0,0.0,0.0,0.0,0.0,0.0,0.0,0.0,0.0
900,1701,5.1.x - AUI update,3,14,5,15,2,6,1,3,0,0,0,0,6,18,1,1,8.0,0.0,3.0,0.0,1.0,0.125,0.0,0.3535533905932738,0.125,1.0,0.0,1.0,0.875,1.0,0.3535533905932738,0.125,1.0,0.0,1.0,0.75,1.0,0.4629100498862757,0.21428571428571427,1.0,0.0,1.0,0.125,0.0,0.3535533905932738,0.125,1.0,0.0,0.0,0.0,0.0,0.0,0.0,0.0,0.0,0.0,0.0,0.0,0.0,0.0,0.0,0.0,1.0,0.625,1.0,0.5175491695067657,0.26785714285714285,1.0,0.0,0.0,0.0,0.0,0.0,0.0,0.0,0.0,0.0,0.0,0.0,0.0,0.0,0.0,6.0,0.0,8.0,0.0,0.0,0.0,0.0,5.0,0.0,0.0,2.0,0.0,0.0,0.0,0.0,0.0,0.0,0.0,0.0,0.0,0.0,0.0,0.0,0.0
900,1730,5.1.1x - Bug fixed,6,14,2,6,15,45,4,12,6,18,2,6,5,15,1,5,20.0,0.0,11.0,0.0,8.0,1.25,0.0,2.197486602557807,4.828947368421052,8.0,0.0,1.0,0.55,1.0,0.5104177855340405,0.2605263157894737,1.0,0.0,1.0,0.85,1.0,0.3663475485325232,0.13421052631578945,1.0,0.0,1.0,0.2,0.0,0.4103913408340617,0.168421052631579,1.0,0.0,0.0,0.0,0.0,0.0,0.0,0.0,0.0,0.0,0.0,0.0,0.0,0.0,0.0,0.0,1.0,0.2,0.0,0.4103913408340617,0.168421052631579,1.0,0.0,1.0,0.1,0.0,0.30779350562554625,0.09473684210526317,1.0,0.0,7.0,0.85,0.0,1.694418080515829,2.8710526315789466,7.0,8.0,0.0,17.0,2.0,0.0,0.0,1.0,8.0,0.0,0.0,12.0,0.0,0.0,1.0,0.0,0.0,0.0,0.0,0.0,0.0,0.0,0.0,0.0,0.0
900,1798,5.1.2x: Bug fix,3,14,1,3,1,3,0,0,1,3,1,3,0,0,1,1,3.0,0.0,2.0,0.0,3.0,1.0,0.0,1.7320508075688772,3.0,3.0,0.0,1.0,0.6666666666666666,1.0,0.5773502691896258,0.33333333333333337,1.0,0.0,1.0,0.3333333333333333,0.0,0.5773502691896258,0.33333333333333337,1.0,0.0,5.0,1.6666666666666667,0.0,2.8867513459481287,8.333333333333332,5.0,0.0,0.0,0.0,0.0,0.0,0.0,0.0,0.0,0.0,0.0,0.0,0.0,0.0,0.0,0.0,0.0,0.0,0.0,0.0,0.0,0.0,0.0,0.0,0.0,0.0,0.0,0.0,0.0,0.0,0.0,0.0,0.0,0.0,0.0,0.0,0.0,0.0,2.0,1.0,0.0,0.0,0.0,1.0,0.0,0.0,3.0,0.0,0.0,0.0,0.0,0.0,0.0,0.0,0.0,0.0,0.0,0.0,0.0,0.0
900,1892,5.2.2x - Small improvement,-12,14,17,51,1,3,0,0,7,21,10,30,1,3,1,3,19.0,0.0,9.0,0.0,16.0,1.9473684210526316,0.0,4.116007831362357,16.94152046783626,16.0,0.0,3.0,0.6842105263157895,1.0,0.8200698871944031,0.672514619883041,3.0,0.0,1.0,0.3157894736842105,0.0,0.4775669329409193,0.2280701754385965,1.0,0.0,2.0,0.21052631578947367,0.0,0.5353033790313108,0.2865497076023391,2.0,0.0,0.0,0.0,0.0,0.0,0.0,0.0,0.0,0.0,0.0,0.0,0.0,0.0,0.0,0.0,1.0,0.05263157894736842,0.0,0.22941573387056177,0.05263157894736842,1.0,0.0,2.0,0.2631578947368421,0.0,0.5619514869490164,0.31578947368421056,2.0,0.0,5.0,1.2105263157894737,0.0,1.618605276445024,2.619883040935673,5.0,6.0,0.0,13.0,2.0,1.0,2.0,1.0,7.0,0.0,3.0,13.0,0.0,0.0,0.0,0.0,0.0,0.0,0.0,0.0,0.0,0.0,0.0,0.0,0.0
900,1893,5.2 - Performance improvement,3,14,10,30,1,3,0,0,9,27,1,3,1,3,1,3,13.0,0.0,3.0,0.0,4.0,0.6153846153846154,0.0,1.1929278784054478,1.4230769230769227,4.0,0.0,4.0,1.1538461538461537,1.0,1.1435437497937313,1.3076923076923077,4.0,0.0,2.0,1.5384615384615385,2.0,0.8770580193070292,0.7692307692307693,2.0,0.0,3.0,0.6153846153846154,0.0,0.9607689228305227,0.923076923076923,3.0,0.0,0.0,0.0,0.0,0.0,0.0,0.0,0.0,0.0,0.0,0.0,0.0,0.0,0.0,0.0,1.0,0.23076923076923078,0.0,0.4385290096535146,0.19230769230769232,1.0,0.0,1.0,0.07692307692307693,0.0,0.2773500981126146,0.07692307692307694,1.0,0.0,5.0,0.6923076923076923,0.0,1.436698494501391,2.0641025641025634,5.0,6.0,0.0,8.0,3.0,1.0,1.0,0.0,8.0,0.0,2.0,7.0,0.0,0.0,0.0,0.0,0.0,0.0,0.0,0.0,0.0,0.0,0.0,0.0,0.0
900,1905,5.2.11 - Jira Reminder- phase1,12,14,0,0,0,0,0,0,0,0,0,0,0,0,1,1,4.0,0.0,0.0,0.0,0.0,0.0,0.0,0.0,0.0,0.0,0.0,0.0,0.0,0.0,0.0,0.0,0.0,1.0,1.0,1.0,1.0,0.0,0.0,0.0,0.0,0.0,0.0,0.0,0.0,0.0,0.0,0.0,0.0,0.0,0.0,0.0,0.0,0.0,0.0,0.0,0.0,0.0,0.0,0.0,0.0,0.0,0.0,0.0,0.0,0.0,0.0,0.0,0.0,0.0,0.0,0.0,0.0,0.0,0.0,0.0,0.0,0.0,0.0,0.0,0.0,0.0,4.0,0.0,4.0,0.0,0.0,0.0,0.0,4.0,0.0,0.0,0.0,0.0,0.0,0.0,0.0,0.0,0.0,0.0,0.0,0.0,0.0,0.0,0.0,0.0
900,2087,5.2.13 - Bug fix,33,14,5,15,4,12,0,0,4,12,3,9,2,6,1,7,25.0,0.0,18.0,0.0,42.0,3.44,0.0,9.023487869628536,81.42333333333333,42.0,0.0,2.0,0.68,1.0,0.6271629240742259,0.3933333333333333,2.0,0.0,2.0,0.68,1.0,0.5567764362830022,0.31,2.0,0.0,8.0,0.76,0.0,1.7146428199482247,2.94,8.0,0.0,0.0,0.0,0.0,0.0,0.0,0.0,0.0,0.0,0.0,0.0,0.0,0.0,0.0,0.0,1.0,0.12,0.0,0.33166247903553997,0.11,1.0,0.0,1.0,0.12,0.0,0.33166247903553997,0.11,1.0,0.0,3.0,0.48,0.0,0.918331820930394,0.8433333333333333,3.0,10.0,0.0,16.0,6.0,0.0,3.0,0.0,6.0,1.0,0.0,15.0,0.0,0.0,0.0,0.0,0.0,0.0,0.0,0.0,0.0,0.0,0.0,0.0,0.0
900,2255,Sprint 1 (test),0,4,0,0,0,0,0,0,0,0,0,0,0,0,1,1,1.0,0.0,0.0,3.0,3.0,3.0,3.0,0.0,0.0,0.0,1.0,1.0,1.0,1.0,0.0,0.0,0.0,0.0,0.0,0.0,0.0,0.0,0.0,0.0,1.0,1.0,1.0,1.0,0.0,0.0,0.0,0.0,0.0,0.0,0.0,0.0,0.0,0.0,0.0,0.0,0.0,0.0,0.0,0.0,0.0,0.0,0.0,0.0,0.0,0.0,0.0,0.0,0.0,0.0,0.0,0.0,0.0,0.0,0.0,3.0,3.0,3.0,3.0,0.0,0.0,0.0,0.0,0.0,1.0,0.0,0.0,0.0,0.0,1.0,0.0,0.0,1.0,0.0,0.0,0.0,0.0,0.0,0.0,0.0,0.0,0.0,0.0,0.0,0.0,0.0
900,2256,Sprint 2 - test,0,4,0,0,0,0,0,0,0,0,0,0,0,0,1,1,1.0,0.0,0.0,43.0,43.0,43.0,43.0,0.0,0.0,0.0,2.0,2.0,2.0,2.0,0.0,0.0,0.0,1.0,1.0,1.0,1.0,0.0,0.0,0.0,8.0,8.0,8.0,8.0,0.0,0.0,0.0,0.0,0.0,0.0,0.0,0.0,0.0,0.0,0.0,0.0,0.0,0.0,0.0,0.0,0.0,0.0,0.0,0.0,0.0,0.0,0.0,0.0,0.0,0.0,0.0,0.0,0.0,0.0,0.0,1.0,1.0,1.0,1.0,0.0,0.0,0.0,0.0,0.0,0.0,1.0,0.0,0.0,0.0,1.0,0.0,0.0,1.0,0.0,0.0,0.0,0.0,0.0,0.0,0.0,0.0,0.0,0.0,0.0,0.0,0.0
900,2257,Sprint 3 - test,0,4,0,0,0,0,0,0,0,0,0,0,0,0,1,1,1.0,0.0,0.0,32.0,32.0,32.0,32.0,0.0,0.0,0.0,1.0,1.0,1.0,1.0,0.0,0.0,0.0,0.0,0.0,0.0,0.0,0.0,0.0,0.0,9.0,9.0,9.0,9.0,0.0,0.0,0.0,0.0,0.0,0.0,0.0,0.0,0.0,0.0,0.0,0.0,0.0,0.0,0.0,0.0,0.0,0.0,0.0,0.0,0.0,0.0,0.0,0.0,0.0,0.0,0.0,0.0,0.0,0.0,0.0,1.0,1.0,1.0,1.0,0.0,0.0,0.0,0.0,0.0,0.0,1.0,0.0,0.0,0.0,1.0,0.0,0.0,1.0,0.0,0.0,0.0,0.0,0.0,0.0,0.0,0.0,0.0,0.0,0.0,0.0,0.0
900,2258,Sprint 4 - test,0,4,0,0,0,0,0,0,0,0,0,0,0,0,1,1,1.0,0.0,1.0,8.0,8.0,8.0,8.0,0.0,0.0,0.0,5.0,5.0,5.0,5.0,0.0,0.0,0.0,0.0,0.0,0.0,0.0,0.0,0.0,0.0,1.0,1.0,1.0,1.0,0.0,0.0,0.0,0.0,0.0,0.0,0.0,0.0,0.0,0.0,0.0,0.0,0.0,0.0,0.0,0.0,0.0,0.0,0.0,0.0,0.0,0.0,0.0,0.0,0.0,0.0,0.0,0.0,0.0,0.0,0.0,0.0,0.0,0.0,0.0,0.0,0.0,0.0,0.0,0.0,0.0,1.0,0.0,0.0,0.0,0.0,0.0,0.0,1.0,0.0,0.0,0.0,0.0,0.0,0.0,0.0,0.0,0.0,0.0,0.0,0.0,0.0
900,2279,Bug fix - 5.2.14,15,4,5,15,0,0,0,0,4,12,1,3,0,0,1,6,14.0,0.0,6.0,0.0,16.0,1.7142857142857142,0.0,4.232267466983616,17.91208791208792,16.0,0.0,1.0,0.42857142857142855,0.0,0.5135525910130955,0.2637362637362637,1.0,0.0,1.0,0.42857142857142855,0.0,0.5135525910130955,0.2637362637362637,1.0,0.0,1.0,0.21428571428571427,0.0,0.42581531362632,0.18131868131868129,1.0,0.0,0.0,0.0,0.0,0.0,0.0,0.0,0.0,0.0,0.0,0.0,0.0,0.0,0.0,0.0,2.0,0.14285714285714285,0.0,0.5345224838248487,0.28571428571428564,2.0,0.0,1.0,0.14285714285714285,0.0,0.3631365196012815,0.1318681318681319,1.0,0.0,2.0,0.42857142857142855,0.0,0.646206172658864,0.41758241758241754,2.0,6.0,0.0,11.0,2.0,0.0,1.0,0.0,7.0,0.0,1.0,8.0,0.0,0.0,0.0,0.0,0.0,0.0,0.0,0.0,0.0,0.0,0.0,0.0,0.0
900,2368,TC on space - w1,0,7,0,0,2,6,0,0,1,3,1,3,0,0,1,2,2.0,0.0,2.0,0.0,0.0,0.0,0.0,0.0,0.0,0.0,0.0,0.0,0.0,0.0,0.0,0.0,0.0,0.0,0.0,0.0,0.0,0.0,0.0,0.0,0.0,0.0,0.0,0.0,0.0,0.0,0.0,0.0,0.0,0.0,0.0,0.0,0.0,0.0,0.0,0.0,0.0,0.0,0.0,0.0,0.0,0.0,0.0,0.0,0.0,0.0,0.0,0.0,0.0,0.0,0.0,0.0,0.0,0.0,0.0,0.0,1.0,0.5,0.5,0.7071067811865476,0.5,1.0,2.0,0.0,0.0,0.0,0.0,2.0,0.0,0.0,0.0,0.0,0.0,0.0,0.0,0.0,0.0,0.0,0.0,0.0,0.0,0.0,0.0,0.0,0.0,0.0
906,1780,Hobbits - 5.8 backlog closed,0,21,1,3,0,0,0,0,1,3,0,0,0,0,1,1,1.0,0.0,0.0,3.0,3.0,3.0,3.0,0.0,0.0,0.0,0.0,0.0,0.0,0.0,0.0,0.0,0.0,0.0,0.0,0.0,0.0,0.0,0.0,0.0,0.0,0.0,0.0,0.0,0.0,0.0,0.0,0.0,0.0,0.0,0.0,0.0,0.0,0.0,0.0,0.0,0.0,0.0,0.0,0.0,0.0,0.0,0.0,0.0,0.0,0.0,0.0,0.0,1.0,1.0,1.0,1.0,0.0,0.0,0.0,3.0,3.0,3.0,3.0,0.0,0.0,0.0,0.0,0.0,1.0,0.0,0.0,0.0,0.0,0.0,0.0,0.0,1.0,0.0,0.0,1.0,0.0,0.0,0.0,0.0,0.0,0.0,0.0,0.0,0.0,0.0
925,1768,HipChat Connect 3,0,7,0,0,0,0,0,0,0,0,0,0,0,0,1,1,0.0,0.0,0.0,0.0,0.0,0.0,0.0,0.0,0.0,0.0,0.0,0.0,0.0,0.0,0.0,0.0,0.0,0.0,0.0,0.0,0.0,0.0,0.0,0.0,0.0,0.0,0.0,0.0,0.0,0.0,0.0,0.0,0.0,0.0,0.0,0.0,0.0,0.0,0.0,0.0,0.0,0.0,0.0,0.0,0.0,0.0,0.0,0.0,0.0,0.0,0.0,0.0,0.0,0.0,0.0,0.0,0.0,0.0,0.0,0.0,0.0,0.0,0.0,0.0,0.0,0.0,0.0,0.0,0.0,0.0,0.0,0.0,0.0,0.0,0.0,0.0,0.0,0.0,0.0,0.0,0.0,0.0,0.0,0.0,0.0,0.0,0.0,0.0,0.0,0.0
925,1784,HipChat Connect 4,0,7,0,0,0,0,0,0,0,0,0,0,0,0,1,1,0.0,0.0,0.0,0.0,0.0,0.0,0.0,0.0,0.0,0.0,0.0,0.0,0.0,0.0,0.0,0.0,0.0,0.0,0.0,0.0,0.0,0.0,0.0,0.0,0.0,0.0,0.0,0.0,0.0,0.0,0.0,0.0,0.0,0.0,0.0,0.0,0.0,0.0,0.0,0.0,0.0,0.0,0.0,0.0,0.0,0.0,0.0,0.0,0.0,0.0,0.0,0.0,0.0,0.0,0.0,0.0,0.0,0.0,0.0,0.0,0.0,0.0,0.0,0.0,0.0,0.0,0.0,0.0,0.0,0.0,0.0,0.0,0.0,0.0,0.0,0.0,0.0,0.0,0.0,0.0,0.0,0.0,0.0,0.0,0.0,0.0,0.0,0.0,0.0,0.0
925,1794,HipChat Connect 5,0,7,0,0,0,0,0,0,0,0,0,0,0,0,1,1,0.0,0.0,0.0,0.0,0.0,0.0,0.0,0.0,0.0,0.0,0.0,0.0,0.0,0.0,0.0,0.0,0.0,0.0,0.0,0.0,0.0,0.0,0.0,0.0,0.0,0.0,0.0,0.0,0.0,0.0,0.0,0.0,0.0,0.0,0.0,0.0,0.0,0.0,0.0,0.0,0.0,0.0,0.0,0.0,0.0,0.0,0.0,0.0,0.0,0.0,0.0,0.0,0.0,0.0,0.0,0.0,0.0,0.0,0.0,0.0,0.0,0.0,0.0,0.0,0.0,0.0,0.0,0.0,0.0,0.0,0.0,0.0,0.0,0.0,0.0,0.0,0.0,0.0,0.0,0.0,0.0,0.0,0.0,0.0,0.0,0.0,0.0,0.0,0.0,0.0
925,1834,HC Connect UI 01,0,7,0,0,0,0,0,0,0,0,0,0,0,0,1,1,0.0,0.0,0.0,0.0,0.0,0.0,0.0,0.0,0.0,0.0,0.0,0.0,0.0,0.0,0.0,0.0,0.0,0.0,0.0,0.0,0.0,0.0,0.0,0.0,0.0,0.0,0.0,0.0,0.0,0.0,0.0,0.0,0.0,0.0,0.0,0.0,0.0,0.0,0.0,0.0,0.0,0.0,0.0,0.0,0.0,0.0,0.0,0.0,0.0,0.0,0.0,0.0,0.0,0.0,0.0,0.0,0.0,0.0,0.0,0.0,0.0,0.0,0.0,0.0,0.0,0.0,0.0,0.0,0.0,0.0,0.0,0.0,0.0,0.0,0.0,0.0,0.0,0.0,0.0,0.0,0.0,0.0,0.0,0.0,0.0,0.0,0.0,0.0,0.0,0.0
925,1855,HC Connect UI 2,0,7,0,0,0,0,0,0,0,0,0,0,0,0,1,1,0.0,0.0,0.0,0.0,0.0,0.0,0.0,0.0,0.0,0.0,0.0,0.0,0.0,0.0,0.0,0.0,0.0,0.0,0.0,0.0,0.0,0.0,0.0,0.0,0.0,0.0,0.0,0.0,0.0,0.0,0.0,0.0,0.0,0.0,0.0,0.0,0.0,0.0,0.0,0.0,0.0,0.0,0.0,0.0,0.0,0.0,0.0,0.0,0.0,0.0,0.0,0.0,0.0,0.0,0.0,0.0,0.0,0.0,0.0,0.0,0.0,0.0,0.0,0.0,0.0,0.0,0.0,0.0,0.0,0.0,0.0,0.0,0.0,0.0,0.0,0.0,0.0,0.0,0.0,0.0,0.0,0.0,0.0,0.0,0.0,0.0,0.0,0.0,0.0,0.0
925,1882,HC Connect UI 3,0,7,0,0,0,0,0,0,0,0,0,0,0,0,1,1,0.0,0.0,0.0,0.0,0.0,0.0,0.0,0.0,0.0,0.0,0.0,0.0,0.0,0.0,0.0,0.0,0.0,0.0,0.0,0.0,0.0,0.0,0.0,0.0,0.0,0.0,0.0,0.0,0.0,0.0,0.0,0.0,0.0,0.0,0.0,0.0,0.0,0.0,0.0,0.0,0.0,0.0,0.0,0.0,0.0,0.0,0.0,0.0,0.0,0.0,0.0,0.0,0.0,0.0,0.0,0.0,0.0,0.0,0.0,0.0,0.0,0.0,0.0,0.0,0.0,0.0,0.0,0.0,0.0,0.0,0.0,0.0,0.0,0.0,0.0,0.0,0.0,0.0,0.0,0.0,0.0,0.0,0.0,0.0,0.0,0.0,0.0,0.0,0.0,0.0
925,1895,HC Connect UI 4,0,7,0,0,0,0,0,0,0,0,0,0,0,0,1,1,0.0,0.0,0.0,0.0,0.0,0.0,0.0,0.0,0.0,0.0,0.0,0.0,0.0,0.0,0.0,0.0,0.0,0.0,0.0,0.0,0.0,0.0,0.0,0.0,0.0,0.0,0.0,0.0,0.0,0.0,0.0,0.0,0.0,0.0,0.0,0.0,0.0,0.0,0.0,0.0,0.0,0.0,0.0,0.0,0.0,0.0,0.0,0.0,0.0,0.0,0.0,0.0,0.0,0.0,0.0,0.0,0.0,0.0,0.0,0.0,0.0,0.0,0.0,0.0,0.0,0.0,0.0,0.0,0.0,0.0,0.0,0.0,0.0,0.0,0.0,0.0,0.0,0.0,0.0,0.0,0.0,0.0,0.0,0.0,0.0,0.0,0.0,0.0,0.0,0.0
925,1919,HC Connect UI 5,0,7,0,0,0,0,0,0,0,0,0,0,0,0,1,1,0.0,0.0,0.0,0.0,0.0,0.0,0.0,0.0,0.0,0.0,0.0,0.0,0.0,0.0,0.0,0.0,0.0,0.0,0.0,0.0,0.0,0.0,0.0,0.0,0.0,0.0,0.0,0.0,0.0,0.0,0.0,0.0,0.0,0.0,0.0,0.0,0.0,0.0,0.0,0.0,0.0,0.0,0.0,0.0,0.0,0.0,0.0,0.0,0.0,0.0,0.0,0.0,0.0,0.0,0.0,0.0,0.0,0.0,0.0,0.0,0.0,0.0,0.0,0.0,0.0,0.0,0.0,0.0,0.0,0.0,0.0,0.0,0.0,0.0,0.0,0.0,0.0,0.0,0.0,0.0,0.0,0.0,0.0,0.0,0.0,0.0,0.0,0.0,0.0,0.0
925,1930,HC Connect UI 6,0,7,0,0,0,0,0,0,0,0,0,0,0,0,1,1,0.0,0.0,0.0,0.0,0.0,0.0,0.0,0.0,0.0,0.0,0.0,0.0,0.0,0.0,0.0,0.0,0.0,0.0,0.0,0.0,0.0,0.0,0.0,0.0,0.0,0.0,0.0,0.0,0.0,0.0,0.0,0.0,0.0,0.0,0.0,0.0,0.0,0.0,0.0,0.0,0.0,0.0,0.0,0.0,0.0,0.0,0.0,0.0,0.0,0.0,0.0,0.0,0.0,0.0,0.0,0.0,0.0,0.0,0.0,0.0,0.0,0.0,0.0,0.0,0.0,0.0,0.0,0.0,0.0,0.0,0.0,0.0,0.0,0.0,0.0,0.0,0.0,0.0,0.0,0.0,0.0,0.0,0.0,0.0,0.0,0.0,0.0,0.0,0.0,0.0
925,1952,HC Connect UI 7,0,7,0,0,0,0,0,0,0,0,0,0,0,0,1,1,0.0,0.0,0.0,0.0,0.0,0.0,0.0,0.0,0.0,0.0,0.0,0.0,0.0,0.0,0.0,0.0,0.0,0.0,0.0,0.0,0.0,0.0,0.0,0.0,0.0,0.0,0.0,0.0,0.0,0.0,0.0,0.0,0.0,0.0,0.0,0.0,0.0,0.0,0.0,0.0,0.0,0.0,0.0,0.0,0.0,0.0,0.0,0.0,0.0,0.0,0.0,0.0,0.0,0.0,0.0,0.0,0.0,0.0,0.0,0.0,0.0,0.0,0.0,0.0,0.0,0.0,0.0,0.0,0.0,0.0,0.0,0.0,0.0,0.0,0.0,0.0,0.0,0.0,0.0,0.0,0.0,0.0,0.0,0.0,0.0,0.0,0.0,0.0,0.0,0.0
925,1971,HC Connect UI 8,0,7,0,0,0,0,0,0,0,0,0,0,0,0,1,1,0.0,0.0,0.0,0.0,0.0,0.0,0.0,0.0,0.0,0.0,0.0,0.0,0.0,0.0,0.0,0.0,0.0,0.0,0.0,0.0,0.0,0.0,0.0,0.0,0.0,0.0,0.0,0.0,0.0,0.0,0.0,0.0,0.0,0.0,0.0,0.0,0.0,0.0,0.0,0.0,0.0,0.0,0.0,0.0,0.0,0.0,0.0,0.0,0.0,0.0,0.0,0.0,0.0,0.0,0.0,0.0,0.0,0.0,0.0,0.0,0.0,0.0,0.0,0.0,0.0,0.0,0.0,0.0,0.0,0.0,0.0,0.0,0.0,0.0,0.0,0.0,0.0,0.0,0.0,0.0,0.0,0.0,0.0,0.0,0.0,0.0,0.0,0.0,0.0,0.0
925,1983,HC Connect UI 9,0,7,0,0,0,0,0,0,0,0,0,0,0,0,1,1,0.0,0.0,0.0,0.0,0.0,0.0,0.0,0.0,0.0,0.0,0.0,0.0,0.0,0.0,0.0,0.0,0.0,0.0,0.0,0.0,0.0,0.0,0.0,0.0,0.0,0.0,0.0,0.0,0.0,0.0,0.0,0.0,0.0,0.0,0.0,0.0,0.0,0.0,0.0,0.0,0.0,0.0,0.0,0.0,0.0,0.0,0.0,0.0,0.0,0.0,0.0,0.0,0.0,0.0,0.0,0.0,0.0,0.0,0.0,0.0,0.0,0.0,0.0,0.0,0.0,0.0,0.0,0.0,0.0,0.0,0.0,0.0,0.0,0.0,0.0,0.0,0.0,0.0,0.0,0.0,0.0,0.0,0.0,0.0,0.0,0.0,0.0,0.0,0.0,0.0
925,2034,HC Connect UI 10,0,7,0,0,0,0,0,0,0,0,0,0,0,0,1,1,0.0,0.0,0.0,0.0,0.0,0.0,0.0,0.0,0.0,0.0,0.0,0.0,0.0,0.0,0.0,0.0,0.0,0.0,0.0,0.0,0.0,0.0,0.0,0.0,0.0,0.0,0.0,0.0,0.0,0.0,0.0,0.0,0.0,0.0,0.0,0.0,0.0,0.0,0.0,0.0,0.0,0.0,0.0,0.0,0.0,0.0,0.0,0.0,0.0,0.0,0.0,0.0,0.0,0.0,0.0,0.0,0.0,0.0,0.0,0.0,0.0,0.0,0.0,0.0,0.0,0.0,0.0,0.0,0.0,0.0,0.0,0.0,0.0,0.0,0.0,0.0,0.0,0.0,0.0,0.0,0.0,0.0,0.0,0.0,0.0,0.0,0.0,0.0,0.0,0.0
925,2051,HC Connect UI 11,0,7,0,0,0,0,0,0,0,0,0,0,0,0,1,1,0.0,0.0,0.0,0.0,0.0,0.0,0.0,0.0,0.0,0.0,0.0,0.0,0.0,0.0,0.0,0.0,0.0,0.0,0.0,0.0,0.0,0.0,0.0,0.0,0.0,0.0,0.0,0.0,0.0,0.0,0.0,0.0,0.0,0.0,0.0,0.0,0.0,0.0,0.0,0.0,0.0,0.0,0.0,0.0,0.0,0.0,0.0,0.0,0.0,0.0,0.0,0.0,0.0,0.0,0.0,0.0,0.0,0.0,0.0,0.0,0.0,0.0,0.0,0.0,0.0,0.0,0.0,0.0,0.0,0.0,0.0,0.0,0.0,0.0,0.0,0.0,0.0,0.0,0.0,0.0,0.0,0.0,0.0,0.0,0.0,0.0,0.0,0.0,0.0,0.0
925,2072,HC Connect UI 12,0,7,0,0,0,0,0,0,0,0,0,0,0,0,1,1,0.0,0.0,0.0,0.0,0.0,0.0,0.0,0.0,0.0,0.0,0.0,0.0,0.0,0.0,0.0,0.0,0.0,0.0,0.0,0.0,0.0,0.0,0.0,0.0,0.0,0.0,0.0,0.0,0.0,0.0,0.0,0.0,0.0,0.0,0.0,0.0,0.0,0.0,0.0,0.0,0.0,0.0,0.0,0.0,0.0,0.0,0.0,0.0,0.0,0.0,0.0,0.0,0.0,0.0,0.0,0.0,0.0,0.0,0.0,0.0,0.0,0.0,0.0,0.0,0.0,0.0,0.0,0.0,0.0,0.0,0.0,0.0,0.0,0.0,0.0,0.0,0.0,0.0,0.0,0.0,0.0,0.0,0.0,0.0,0.0,0.0,0.0,0.0,0.0,0.0
925,2088,HC Connect UI 13,0,7,0,0,0,0,0,0,0,0,0,0,0,0,1,1,0.0,0.0,0.0,0.0,0.0,0.0,0.0,0.0,0.0,0.0,0.0,0.0,0.0,0.0,0.0,0.0,0.0,0.0,0.0,0.0,0.0,0.0,0.0,0.0,0.0,0.0,0.0,0.0,0.0,0.0,0.0,0.0,0.0,0.0,0.0,0.0,0.0,0.0,0.0,0.0,0.0,0.0,0.0,0.0,0.0,0.0,0.0,0.0,0.0,0.0,0.0,0.0,0.0,0.0,0.0,0.0,0.0,0.0,0.0,0.0,0.0,0.0,0.0,0.0,0.0,0.0,0.0,0.0,0.0,0.0,0.0,0.0,0.0,0.0,0.0,0.0,0.0,0.0,0.0,0.0,0.0,0.0,0.0,0.0,0.0,0.0,0.0,0.0,0.0,0.0
925,2110,HC Connect UI 14,0,7,0,0,0,0,0,0,0,0,0,0,0,0,1,1,0.0,0.0,0.0,0.0,0.0,0.0,0.0,0.0,0.0,0.0,0.0,0.0,0.0,0.0,0.0,0.0,0.0,0.0,0.0,0.0,0.0,0.0,0.0,0.0,0.0,0.0,0.0,0.0,0.0,0.0,0.0,0.0,0.0,0.0,0.0,0.0,0.0,0.0,0.0,0.0,0.0,0.0,0.0,0.0,0.0,0.0,0.0,0.0,0.0,0.0,0.0,0.0,0.0,0.0,0.0,0.0,0.0,0.0,0.0,0.0,0.0,0.0,0.0,0.0,0.0,0.0,0.0,0.0,0.0,0.0,0.0,0.0,0.0,0.0,0.0,0.0,0.0,0.0,0.0,0.0,0.0,0.0,0.0,0.0,0.0,0.0,0.0,0.0,0.0,0.0
925,2133,HC Connect UI 15,0,7,0,0,0,0,0,0,0,0,0,0,0,0,1,1,0.0,0.0,0.0,0.0,0.0,0.0,0.0,0.0,0.0,0.0,0.0,0.0,0.0,0.0,0.0,0.0,0.0,0.0,0.0,0.0,0.0,0.0,0.0,0.0,0.0,0.0,0.0,0.0,0.0,0.0,0.0,0.0,0.0,0.0,0.0,0.0,0.0,0.0,0.0,0.0,0.0,0.0,0.0,0.0,0.0,0.0,0.0,0.0,0.0,0.0,0.0,0.0,0.0,0.0,0.0,0.0,0.0,0.0,0.0,0.0,0.0,0.0,0.0,0.0,0.0,0.0,0.0,0.0,0.0,0.0,0.0,0.0,0.0,0.0,0.0,0.0,0.0,0.0,0.0,0.0,0.0,0.0,0.0,0.0,0.0,0.0,0.0,0.0,0.0,0.0
925,2134,Dialog Docs 1,0,15,0,0,0,0,0,0,0,0,0,0,0,0,1,1,0.0,0.0,0.0,0.0,0.0,0.0,0.0,0.0,0.0,0.0,0.0,0.0,0.0,0.0,0.0,0.0,0.0,0.0,0.0,0.0,0.0,0.0,0.0,0.0,0.0,0.0,0.0,0.0,0.0,0.0,0.0,0.0,0.0,0.0,0.0,0.0,0.0,0.0,0.0,0.0,0.0,0.0,0.0,0.0,0.0,0.0,0.0,0.0,0.0,0.0,0.0,0.0,0.0,0.0,0.0,0.0,0.0,0.0,0.0,0.0,0.0,0.0,0.0,0.0,0.0,0.0,0.0,0.0,0.0,0.0,0.0,0.0,0.0,0.0,0.0,0.0,0.0,0.0,0.0,0.0,0.0,0.0,0.0,0.0,0.0,0.0,0.0,0.0,0.0,0.0
925,2163,HC Connect UI 15,0,6,0,0,0,0,0,0,0,0,0,0,0,0,1,1,0.0,0.0,0.0,0.0,0.0,0.0,0.0,0.0,0.0,0.0,0.0,0.0,0.0,0.0,0.0,0.0,0.0,0.0,0.0,0.0,0.0,0.0,0.0,0.0,0.0,0.0,0.0,0.0,0.0,0.0,0.0,0.0,0.0,0.0,0.0,0.0,0.0,0.0,0.0,0.0,0.0,0.0,0.0,0.0,0.0,0.0,0.0,0.0,0.0,0.0,0.0,0.0,0.0,0.0,0.0,0.0,0.0,0.0,0.0,0.0,0.0,0.0,0.0,0.0,0.0,0.0,0.0,0.0,0.0,0.0,0.0,0.0,0.0,0.0,0.0,0.0,0.0,0.0,0.0,0.0,0.0,0.0,0.0,0.0,0.0,0.0,0.0,0.0,0.0,0.0
925,2177,HC Connect UI 16,0,7,0,0,0,0,0,0,0,0,0,0,0,0,1,1,0.0,0.0,0.0,0.0,0.0,0.0,0.0,0.0,0.0,0.0,0.0,0.0,0.0,0.0,0.0,0.0,0.0,0.0,0.0,0.0,0.0,0.0,0.0,0.0,0.0,0.0,0.0,0.0,0.0,0.0,0.0,0.0,0.0,0.0,0.0,0.0,0.0,0.0,0.0,0.0,0.0,0.0,0.0,0.0,0.0,0.0,0.0,0.0,0.0,0.0,0.0,0.0,0.0,0.0,0.0,0.0,0.0,0.0,0.0,0.0,0.0,0.0,0.0,0.0,0.0,0.0,0.0,0.0,0.0,0.0,0.0,0.0,0.0,0.0,0.0,0.0,0.0,0.0,0.0,0.0,0.0,0.0,0.0,0.0,0.0,0.0,0.0,0.0,0.0,0.0
925,2193,HC Connect UI 17,0,13,0,0,0,0,0,0,0,0,0,0,0,0,1,1,0.0,0.0,0.0,0.0,0.0,0.0,0.0,0.0,0.0,0.0,0.0,0.0,0.0,0.0,0.0,0.0,0.0,0.0,0.0,0.0,0.0,0.0,0.0,0.0,0.0,0.0,0.0,0.0,0.0,0.0,0.0,0.0,0.0,0.0,0.0,0.0,0.0,0.0,0.0,0.0,0.0,0.0,0.0,0.0,0.0,0.0,0.0,0.0,0.0,0.0,0.0,0.0,0.0,0.0,0.0,0.0,0.0,0.0,0.0,0.0,0.0,0.0,0.0,0.0,0.0,0.0,0.0,0.0,0.0,0.0,0.0,0.0,0.0,0.0,0.0,0.0,0.0,0.0,0.0,0.0,0.0,0.0,0.0,0.0,0.0,0.0,0.0,0.0,0.0,0.0
925,2221,HC Connect UI 18,0,7,0,0,0,0,0,0,0,0,0,0,0,0,1,1,0.0,0.0,0.0,0.0,0.0,0.0,0.0,0.0,0.0,0.0,0.0,0.0,0.0,0.0,0.0,0.0,0.0,0.0,0.0,0.0,0.0,0.0,0.0,0.0,0.0,0.0,0.0,0.0,0.0,0.0,0.0,0.0,0.0,0.0,0.0,0.0,0.0,0.0,0.0,0.0,0.0,0.0,0.0,0.0,0.0,0.0,0.0,0.0,0.0,0.0,0.0,0.0,0.0,0.0,0.0,0.0,0.0,0.0,0.0,0.0,0.0,0.0,0.0,0.0,0.0,0.0,0.0,0.0,0.0,0.0,0.0,0.0,0.0,0.0,0.0,0.0,0.0,0.0,0.0,0.0,0.0,0.0,0.0,0.0,0.0,0.0,0.0,0.0,0.0,0.0
925,2240,HC Connect UI 19,0,7,0,0,0,0,0,0,0,0,0,0,0,0,1,1,0.0,0.0,0.0,0.0,0.0,0.0,0.0,0.0,0.0,0.0,0.0,0.0,0.0,0.0,0.0,0.0,0.0,0.0,0.0,0.0,0.0,0.0,0.0,0.0,0.0,0.0,0.0,0.0,0.0,0.0,0.0,0.0,0.0,0.0,0.0,0.0,0.0,0.0,0.0,0.0,0.0,0.0,0.0,0.0,0.0,0.0,0.0,0.0,0.0,0.0,0.0,0.0,0.0,0.0,0.0,0.0,0.0,0.0,0.0,0.0,0.0,0.0,0.0,0.0,0.0,0.0,0.0,0.0,0.0,0.0,0.0,0.0,0.0,0.0,0.0,0.0,0.0,0.0,0.0,0.0,0.0,0.0,0.0,0.0,0.0,0.0,0.0,0.0,0.0,0.0
925,2308,HC Connect UI 20,0,4,0,0,0,0,0,0,0,0,0,0,0,0,1,1,0.0,0.0,0.0,0.0,0.0,0.0,0.0,0.0,0.0,0.0,0.0,0.0,0.0,0.0,0.0,0.0,0.0,0.0,0.0,0.0,0.0,0.0,0.0,0.0,0.0,0.0,0.0,0.0,0.0,0.0,0.0,0.0,0.0,0.0,0.0,0.0,0.0,0.0,0.0,0.0,0.0,0.0,0.0,0.0,0.0,0.0,0.0,0.0,0.0,0.0,0.0,0.0,0.0,0.0,0.0,0.0,0.0,0.0,0.0,0.0,0.0,0.0,0.0,0.0,0.0,0.0,0.0,0.0,0.0,0.0,0.0,0.0,0.0,0.0,0.0,0.0,0.0,0.0,0.0,0.0,0.0,0.0,0.0,0.0,0.0,0.0,0.0,0.0,0.0,0.0
929,1781,Mono-sprint,0,42,0,0,0,0,0,0,0,0,0,0,0,0,4,1,0.0,0.0,0.0,0.0,0.0,0.0,0.0,0.0,0.0,0.0,0.0,0.0,0.0,0.0,0.0,0.0,0.0,0.0,0.0,0.0,0.0,0.0,0.0,0.0,0.0,0.0,0.0,0.0,0.0,0.0,0.0,0.0,0.0,0.0,0.0,0.0,0.0,0.0,0.0,0.0,0.0,0.0,0.0,0.0,0.0,0.0,0.0,0.0,0.0,0.0,0.0,0.0,0.0,0.0,0.0,0.0,0.0,0.0,0.0,0.0,0.0,0.0,0.0,0.0,0.0,0.0,0.0,0.0,0.0,0.0,0.0,0.0,0.0,0.0,0.0,0.0,0.0,0.0,0.0,0.0,0.0,0.0,0.0,0.0,0.0,0.0,0.0,0.0,0.0,0.0
939,1815,Toothless,-13,9,4,17,2,7,3,11,3,13,0,0,0,0,1,9,6.0,0.0,5.0,0.0,9.0,2.0,1.0,3.4641016151377544,12.0,9.0,0.0,3.0,1.1666666666666667,1.0,1.3291601358251257,1.7666666666666668,3.0,1.0,2.0,1.6666666666666667,2.0,0.5163977794943223,0.2666666666666667,1.0,0.0,2.0,0.6666666666666666,0.0,1.0327955589886446,1.0666666666666669,2.0,0.0,0.0,0.0,0.0,0.0,0.0,0.0,0.0,0.0,0.0,0.0,0.0,0.0,0.0,0.0,5.0,0.8333333333333334,0.0,2.0412414523193148,4.166666666666666,5.0,0.0,2.0,0.5,0.0,0.8366600265340756,0.7,2.0,0.0,13.0,3.3333333333333335,1.5,5.046450898073483,25.466666666666665,13.0,0.0,0.0,6.0,0.0,0.0,0.0,0.0,1.0,0.0,0.0,6.0,0.0,0.0,0.0,0.0,0.0,0.0,0.0,0.0,0.0,0.0,0.0,0.0,0.0
939,1833,Dragonfly,-24,10,2,16,2,8,0,0,3,16,1,8,0,0,1,5,4.0,0.0,1.0,0.0,9.0,3.75,3.0,3.774917217635375,14.25,9.0,0.0,2.0,0.75,0.5,0.9574271077563381,0.9166666666666666,2.0,1.0,2.0,1.5,1.5,0.5773502691896257,0.3333333333333333,1.0,0.0,2.0,0.5,0.0,1.0,1.0,2.0,0.0,0.0,0.0,0.0,0.0,0.0,0.0,0.0,0.0,0.0,0.0,0.0,0.0,0.0,0.0,0.0,0.0,0.0,0.0,0.0,0.0,0.0,2.0,1.0,1.0,0.816496580927726,0.6666666666666666,2.0,0.0,13.0,4.5,2.5,5.802298395176403,33.666666666666664,13.0,0.0,0.0,3.0,0.0,0.0,0.0,0.0,2.0,0.0,0.0,4.0,0.0,0.0,0.0,0.0,0.0,1.0,0.0,0.0,0.0,0.0,0.0,0.0,0.0
939,1876,Dragonfly 2,-29,11,5,27,1,2,0,0,2,7,4,22,0,0,1,5,6.0,0.0,1.0,0.0,11.0,4.333333333333333,4.0,3.7771241264574122,14.26666666666667,11.0,0.0,10.0,2.3333333333333335,0.5,3.9327683210006996,15.466666666666663,10.0,0.0,2.0,1.1666666666666667,1.0,0.752772652709081,0.5666666666666667,2.0,0.0,6.0,1.5,0.5,2.345207879911715,5.5,6.0,0.0,0.0,0.0,0.0,0.0,0.0,0.0,0.0,0.0,0.0,0.0,0.0,0.0,0.0,0.0,1.0,0.16666666666666666,0.0,0.408248290463863,0.16666666666666669,1.0,0.0,1.0,0.5,0.5,0.5477225575051661,0.3,1.0,0.0,7.0,1.6666666666666667,0.5,2.7325202042558927,7.466666666666667,7.0,2.0,0.0,5.0,0.0,0.0,0.0,0.0,3.0,0.0,1.0,4.0,0.0,0.0,0.0,0.0,0.0,1.0,0.0,0.0,0.0,0.0,0.0,0.0,0.0
939,1917,Dragonfly 3,-44,11,4,21,8,29,0,0,4,17,6,29,2,4,1,9,13.0,0.0,9.0,0.0,19.0,4.538461538461538,3.0,5.092729860879864,25.935897435897434,19.0,0.0,3.0,1.1538461538461537,1.0,1.1435437497937313,1.3076923076923077,3.0,0.0,2.0,1.5384615384615385,2.0,0.6602252917735248,0.43589743589743596,2.0,0.0,5.0,0.6923076923076923,0.0,1.4366984945013912,2.064102564102564,5.0,0.0,0.0,0.0,0.0,0.0,0.0,0.0,0.0,0.0,0.0,0.0,0.0,0.0,0.0,0.0,1.0,0.07692307692307693,0.0,0.2773500981126146,0.07692307692307694,1.0,0.0,3.0,0.6923076923076923,0.0,0.9473309334313418,0.8974358974358972,3.0,0.0,13.0,2.1538461538461537,1.0,3.848076442547927,14.807692307692308,13.0,3.0,0.0,13.0,0.0,0.0,0.0,0.0,2.0,1.0,1.0,10.0,0.0,0.0,0.0,0.0,0.0,0.0,0.0,0.0,0.0,0.0,0.0,0.0,0.0
939,1975,Dragonfly 4,-34,9,10,34,0,0,0,0,6,26,4,8,0,0,1,5,10.0,0.0,6.0,0.0,19.0,4.0,2.5,5.5377492419453835,30.666666666666668,19.0,0.0,3.0,0.9,1.0,0.9944289260117533,0.9888888888888889,3.0,1.0,2.0,1.8,2.0,0.42163702135578396,0.1777777777777778,1.0,0.0,2.0,0.5,0.0,0.7071067811865476,0.5,2.0,0.0,0.0,0.0,0.0,0.0,0.0,0.0,0.0,0.0,0.0,0.0,0.0,0.0,0.0,0.0,2.0,0.4,0.0,0.8432740427115679,0.7111111111111114,2.0,0.0,3.0,0.7,0.5,0.9486832980505138,0.8999999999999999,3.0,0.0,7.0,1.6,1.0,2.270584848790187,5.155555555555557,7.0,2.0,0.0,10.0,0.0,0.0,0.0,0.0,2.0,1.0,1.0,8.0,0.0,0.0,0.0,0.0,0.0,0.0,0.0,0.0,0.0,0.0,0.0,0.0,0.0
960,1815,Toothless,-8,9,4,17,2,7,3,11,3,13,0,0,0,0,1,9,6.0,0.0,5.0,0.0,9.0,2.0,1.0,3.4641016151377544,12.0,9.0,0.0,3.0,1.1666666666666667,1.0,1.3291601358251257,1.7666666666666668,3.0,1.0,2.0,1.6666666666666667,2.0,0.5163977794943223,0.2666666666666667,1.0,0.0,2.0,0.6666666666666666,0.0,1.0327955589886446,1.0666666666666669,2.0,0.0,0.0,0.0,0.0,0.0,0.0,0.0,0.0,0.0,0.0,0.0,0.0,0.0,0.0,0.0,5.0,0.8333333333333334,0.0,2.0412414523193148,4.166666666666666,5.0,0.0,2.0,0.5,0.0,0.8366600265340756,0.7,2.0,0.0,13.0,3.3333333333333335,1.5,5.046450898073483,25.466666666666665,13.0,0.0,0.0,6.0,0.0,0.0,0.0,0.0,1.0,0.0,0.0,6.0,0.0,0.0,0.0,0.0,0.0,0.0,0.0,0.0,0.0,0.0,0.0,0.0,0.0
960,1833,Dragonfly,-21,10,2,16,2,8,0,0,3,16,1,8,0,0,1,5,4.0,0.0,1.0,0.0,9.0,3.75,3.0,3.774917217635375,14.25,9.0,0.0,2.0,0.75,0.5,0.9574271077563381,0.9166666666666666,2.0,1.0,2.0,1.5,1.5,0.5773502691896257,0.3333333333333333,1.0,0.0,2.0,0.5,0.0,1.0,1.0,2.0,0.0,0.0,0.0,0.0,0.0,0.0,0.0,0.0,0.0,0.0,0.0,0.0,0.0,0.0,0.0,0.0,0.0,0.0,0.0,0.0,0.0,0.0,2.0,1.0,1.0,0.816496580927726,0.6666666666666666,2.0,0.0,13.0,4.5,2.5,5.802298395176403,33.666666666666664,13.0,0.0,0.0,3.0,0.0,0.0,0.0,0.0,2.0,0.0,0.0,4.0,0.0,0.0,0.0,0.0,0.0,1.0,0.0,0.0,0.0,0.0,0.0,0.0,0.0
960,1876,Dragonfly 2,-15,11,5,27,1,2,0,0,2,7,4,22,0,0,1,5,6.0,0.0,1.0,0.0,11.0,4.333333333333333,4.0,3.7771241264574122,14.26666666666667,11.0,0.0,10.0,2.3333333333333335,0.5,3.9327683210006996,15.466666666666663,10.0,0.0,2.0,1.1666666666666667,1.0,0.752772652709081,0.5666666666666667,2.0,0.0,6.0,1.5,0.5,2.345207879911715,5.5,6.0,0.0,0.0,0.0,0.0,0.0,0.0,0.0,0.0,0.0,0.0,0.0,0.0,0.0,0.0,0.0,1.0,0.16666666666666666,0.0,0.408248290463863,0.16666666666666669,1.0,0.0,1.0,0.5,0.5,0.5477225575051661,0.3,1.0,0.0,7.0,1.6666666666666667,0.5,2.7325202042558927,7.466666666666667,7.0,2.0,0.0,5.0,0.0,0.0,0.0,0.0,3.0,0.0,1.0,4.0,0.0,0.0,0.0,0.0,0.0,1.0,0.0,0.0,0.0,0.0,0.0,0.0,0.0
960,1917,Dragonfly 3,-39,11,4,21,8,29,0,0,4,17,6,29,2,4,1,9,13.0,0.0,9.0,0.0,19.0,4.538461538461538,3.0,5.092729860879864,25.935897435897434,19.0,0.0,3.0,1.1538461538461537,1.0,1.1435437497937313,1.3076923076923077,3.0,0.0,2.0,1.5384615384615385,2.0,0.6602252917735248,0.43589743589743596,2.0,0.0,5.0,0.6923076923076923,0.0,1.4366984945013912,2.064102564102564,5.0,0.0,0.0,0.0,0.0,0.0,0.0,0.0,0.0,0.0,0.0,0.0,0.0,0.0,0.0,0.0,1.0,0.07692307692307693,0.0,0.2773500981126146,0.07692307692307694,1.0,0.0,3.0,0.6923076923076923,0.0,0.9473309334313418,0.8974358974358972,3.0,0.0,13.0,2.1538461538461537,1.0,3.848076442547927,14.807692307692308,13.0,3.0,0.0,13.0,0.0,0.0,0.0,0.0,2.0,1.0,1.0,10.0,0.0,0.0,0.0,0.0,0.0,0.0,0.0,0.0,0.0,0.0,0.0,0.0,0.0
960,1975,Dragonfly 4,-15,9,10,34,0,0,0,0,6,26,4,8,0,0,1,5,10.0,0.0,6.0,0.0,19.0,4.0,2.5,5.5377492419453835,30.666666666666668,19.0,0.0,3.0,0.9,1.0,0.9944289260117533,0.9888888888888889,3.0,1.0,2.0,1.8,2.0,0.42163702135578396,0.1777777777777778,1.0,0.0,2.0,0.5,0.0,0.7071067811865476,0.5,2.0,0.0,0.0,0.0,0.0,0.0,0.0,0.0,0.0,0.0,0.0,0.0,0.0,0.0,0.0,0.0,2.0,0.4,0.0,0.8432740427115679,0.7111111111111114,2.0,0.0,3.0,0.7,0.5,0.9486832980505138,0.8999999999999999,3.0,0.0,7.0,1.6,1.0,2.270584848790187,5.155555555555557,7.0,2.0,0.0,10.0,0.0,0.0,0.0,0.0,2.0,1.0,1.0,8.0,0.0,0.0,0.0,0.0,0.0,0.0,0.0,0.0,0.0,0.0,0.0,0.0,0.0
969,1,Sprint 1,0,0,0,0,0,0,0,0,0,0,0,0,0,0,1,1,6.0,6.0,6.0,0.0,0.0,0.0,0.0,0.0,0.0,0.0,0.0,1.0,0.16666666666666666,0.0,0.408248290463863,0.16666666666666669,1.0,0.0,2.0,1.1666666666666667,1.5,0.9831920802501751,0.9666666666666668,2.0,0.0,1.0,0.16666666666666666,0.0,0.408248290463863,0.16666666666666669,1.0,0.0,0.0,0.0,0.0,0.0,0.0,0.0,0.0,0.0,0.0,0.0,0.0,0.0,0.0,0.0,0.0,0.0,0.0,0.0,0.0,0.0,0.0,0.0,0.0,0.0,0.0,0.0,0.0,0.0,0.0,0.0,0.0,0.0,0.0,0.0,6.0,0.0,0.0,0.0,0.0,0.0,0.0,0.0,0.0,0.0,0.0,0.0,0.0,0.0,0.0,0.0,0.0,0.0,0.0,0.0,0.0,0.0,0.0,0.0
969,2,Sprint 1,0,0,0,0,0,0,0,0,0,0,0,0,0,0,1,1,0.0,0.0,0.0,0.0,0.0,0.0,0.0,0.0,0.0,0.0,0.0,0.0,0.0,0.0,0.0,0.0,0.0,0.0,0.0,0.0,0.0,0.0,0.0,0.0,0.0,0.0,0.0,0.0,0.0,0.0,0.0,0.0,0.0,0.0,0.0,0.0,0.0,0.0,0.0,0.0,0.0,0.0,0.0,0.0,0.0,0.0,0.0,0.0,0.0,0.0,0.0,0.0,0.0,0.0,0.0,0.0,0.0,0.0,0.0,0.0,0.0,0.0,0.0,0.0,0.0,0.0,0.0,0.0,0.0,0.0,0.0,0.0,0.0,0.0,0.0,0.0,0.0,0.0,0.0,0.0,0.0,0.0,0.0,0.0,0.0,0.0,0.0,0.0,0.0,0.0
969,4,Sprint 2,0,11,0,0,0,0,0,0,0,0,0,0,0,0,1,1,0.0,0.0,0.0,0.0,0.0,0.0,0.0,0.0,0.0,0.0,0.0,0.0,0.0,0.0,0.0,0.0,0.0,0.0,0.0,0.0,0.0,0.0,0.0,0.0,0.0,0.0,0.0,0.0,0.0,0.0,0.0,0.0,0.0,0.0,0.0,0.0,0.0,0.0,0.0,0.0,0.0,0.0,0.0,0.0,0.0,0.0,0.0,0.0,0.0,0.0,0.0,0.0,0.0,0.0,0.0,0.0,0.0,0.0,0.0,0.0,0.0,0.0,0.0,0.0,0.0,0.0,0.0,0.0,0.0,0.0,0.0,0.0,0.0,0.0,0.0,0.0,0.0,0.0,0.0,0.0,0.0,0.0,0.0,0.0,0.0,0.0,0.0,0.0,0.0,0.0
969,10,Sprint 2,0,14,0,0,0,0,0,0,0,0,0,0,0,0,1,1,14.0,10.0,10.0,0.0,1.0,0.14285714285714285,0.0,0.3631365196012815,0.1318681318681319,1.0,0.0,1.0,0.07142857142857142,0.0,0.26726124191242434,0.07142857142857141,1.0,0.0,2.0,0.8571428571428571,0.0,1.027105182026191,1.054945054945055,2.0,0.0,0.0,0.0,0.0,0.0,0.0,0.0,0.0,0.0,0.0,0.0,0.0,0.0,0.0,0.0,0.0,0.0,0.0,0.0,0.0,0.0,0.0,2.0,0.42857142857142855,0.0,0.8516306272526404,0.7252747252747257,2.0,0.0,0.0,0.0,0.0,0.0,0.0,0.0,0.0,0.0,0.0,0.0,0.0,0.0,0.0,14.0,4.0,0.0,0.0,0.0,0.0,0.0,3.0,1.0,0.0,0.0,0.0,0.0,0.0,0.0,0.0,0.0,0.0,0.0,0.0,0.0,0.0,0.0,0.0
969,20,1.1-M2-test-r,0,14,0,0,0,0,0,0,0,0,0,0,0,0,1,1,0.0,0.0,0.0,0.0,0.0,0.0,0.0,0.0,0.0,0.0,0.0,0.0,0.0,0.0,0.0,0.0,0.0,0.0,0.0,0.0,0.0,0.0,0.0,0.0,0.0,0.0,0.0,0.0,0.0,0.0,0.0,0.0,0.0,0.0,0.0,0.0,0.0,0.0,0.0,0.0,0.0,0.0,0.0,0.0,0.0,0.0,0.0,0.0,0.0,0.0,0.0,0.0,0.0,0.0,0.0,0.0,0.0,0.0,0.0,0.0,0.0,0.0,0.0,0.0,0.0,0.0,0.0,0.0,0.0,0.0,0.0,0.0,0.0,0.0,0.0,0.0,0.0,0.0,0.0,0.0,0.0,0.0,0.0,0.0,0.0,0.0,0.0,0.0,0.0,0.0
969,21,1.1-M2-Fire,0,4,0,0,0,0,0,0,0,0,0,0,0,0,1,1,0.0,0.0,0.0,0.0,0.0,0.0,0.0,0.0,0.0,0.0,0.0,0.0,0.0,0.0,0.0,0.0,0.0,0.0,0.0,0.0,0.0,0.0,0.0,0.0,0.0,0.0,0.0,0.0,0.0,0.0,0.0,0.0,0.0,0.0,0.0,0.0,0.0,0.0,0.0,0.0,0.0,0.0,0.0,0.0,0.0,0.0,0.0,0.0,0.0,0.0,0.0,0.0,0.0,0.0,0.0,0.0,0.0,0.0,0.0,0.0,0.0,0.0,0.0,0.0,0.0,0.0,0.0,0.0,0.0,0.0,0.0,0.0,0.0,0.0,0.0,0.0,0.0,0.0,0.0,0.0,0.0,0.0,0.0,0.0,0.0,0.0,0.0,0.0,0.0,0.0
969,29,1.1-M4-Blue,0,6,0,0,0,0,0,0,0,0,0,0,0,0,1,1,0.0,0.0,0.0,0.0,0.0,0.0,0.0,0.0,0.0,0.0,0.0,0.0,0.0,0.0,0.0,0.0,0.0,0.0,0.0,0.0,0.0,0.0,0.0,0.0,0.0,0.0,0.0,0.0,0.0,0.0,0.0,0.0,0.0,0.0,0.0,0.0,0.0,0.0,0.0,0.0,0.0,0.0,0.0,0.0,0.0,0.0,0.0,0.0,0.0,0.0,0.0,0.0,0.0,0.0,0.0,0.0,0.0,0.0,0.0,0.0,0.0,0.0,0.0,0.0,0.0,0.0,0.0,0.0,0.0,0.0,0.0,0.0,0.0,0.0,0.0,0.0,0.0,0.0,0.0,0.0,0.0,0.0,0.0,0.0,0.0,0.0,0.0,0.0,0.0,0.0
969,1790,3.7-m4,0,21,0,0,0,0,0,0,0,0,0,0,0,0,1,1,1.0,0.0,0.0,0.0,0.0,0.0,0.0,0.0,0.0,0.0,1.0,1.0,1.0,1.0,0.0,0.0,0.0,1.0,1.0,1.0,1.0,0.0,0.0,0.0,0.0,0.0,0.0,0.0,0.0,0.0,0.0,0.0,0.0,0.0,0.0,0.0,0.0,0.0,0.0,0.0,0.0,0.0,0.0,0.0,0.0,0.0,0.0,0.0,0.0,0.0,0.0,0.0,0.0,0.0,0.0,0.0,0.0,0.0,0.0,1.0,1.0,1.0,1.0,0.0,0.0,0.0,1.0,0.0,0.0,0.0,0.0,1.0,0.0,0.0,1.0,0.0,0.0,0.0,0.0,0.0,0.0,0.0,0.0,0.0,0.0,0.0,0.0,0.0,0.0,0.0
986,1907,Sprint 1,0,6,0,0,0,0,0,0,0,0,0,0,0,0,1,1,0.0,0.0,0.0,0.0,0.0,0.0,0.0,0.0,0.0,0.0,0.0,0.0,0.0,0.0,0.0,0.0,0.0,0.0,0.0,0.0,0.0,0.0,0.0,0.0,0.0,0.0,0.0,0.0,0.0,0.0,0.0,0.0,0.0,0.0,0.0,0.0,0.0,0.0,0.0,0.0,0.0,0.0,0.0,0.0,0.0,0.0,0.0,0.0,0.0,0.0,0.0,0.0,0.0,0.0,0.0,0.0,0.0,0.0,0.0,0.0,0.0,0.0,0.0,0.0,0.0,0.0,0.0,0.0,0.0,0.0,0.0,0.0,0.0,0.0,0.0,0.0,0.0,0.0,0.0,0.0,0.0,0.0,0.0,0.0,0.0,0.0,0.0,0.0,0.0,0.0
986,1927,Sprint 2,0,14,0,0,0,0,0,0,0,0,0,0,0,0,1,1,0.0,0.0,0.0,0.0,0.0,0.0,0.0,0.0,0.0,0.0,0.0,0.0,0.0,0.0,0.0,0.0,0.0,0.0,0.0,0.0,0.0,0.0,0.0,0.0,0.0,0.0,0.0,0.0,0.0,0.0,0.0,0.0,0.0,0.0,0.0,0.0,0.0,0.0,0.0,0.0,0.0,0.0,0.0,0.0,0.0,0.0,0.0,0.0,0.0,0.0,0.0,0.0,0.0,0.0,0.0,0.0,0.0,0.0,0.0,0.0,0.0,0.0,0.0,0.0,0.0,0.0,0.0,0.0,0.0,0.0,0.0,0.0,0.0,0.0,0.0,0.0,0.0,0.0,0.0,0.0,0.0,0.0,0.0,0.0,0.0,0.0,0.0,0.0,0.0,0.0
986,1944,Sprint 3,0,14,0,0,0,0,0,0,0,0,0,0,0,0,1,1,0.0,0.0,0.0,0.0,0.0,0.0,0.0,0.0,0.0,0.0,0.0,0.0,0.0,0.0,0.0,0.0,0.0,0.0,0.0,0.0,0.0,0.0,0.0,0.0,0.0,0.0,0.0,0.0,0.0,0.0,0.0,0.0,0.0,0.0,0.0,0.0,0.0,0.0,0.0,0.0,0.0,0.0,0.0,0.0,0.0,0.0,0.0,0.0,0.0,0.0,0.0,0.0,0.0,0.0,0.0,0.0,0.0,0.0,0.0,0.0,0.0,0.0,0.0,0.0,0.0,0.0,0.0,0.0,0.0,0.0,0.0,0.0,0.0,0.0,0.0,0.0,0.0,0.0,0.0,0.0,0.0,0.0,0.0,0.0,0.0,0.0,0.0,0.0,0.0,0.0
986,1964,Sprint 4,0,14,0,0,0,0,0,0,0,0,0,0,0,0,1,1,0.0,0.0,0.0,0.0,0.0,0.0,0.0,0.0,0.0,0.0,0.0,0.0,0.0,0.0,0.0,0.0,0.0,0.0,0.0,0.0,0.0,0.0,0.0,0.0,0.0,0.0,0.0,0.0,0.0,0.0,0.0,0.0,0.0,0.0,0.0,0.0,0.0,0.0,0.0,0.0,0.0,0.0,0.0,0.0,0.0,0.0,0.0,0.0,0.0,0.0,0.0,0.0,0.0,0.0,0.0,0.0,0.0,0.0,0.0,0.0,0.0,0.0,0.0,0.0,0.0,0.0,0.0,0.0,0.0,0.0,0.0,0.0,0.0,0.0,0.0,0.0,0.0,0.0,0.0,0.0,0.0,0.0,0.0,0.0,0.0,0.0,0.0,0.0,0.0,0.0
986,1980,Sprint 5,0,7,0,0,0,0,0,0,0,0,0,0,0,0,1,1,0.0,0.0,0.0,0.0,0.0,0.0,0.0,0.0,0.0,0.0,0.0,0.0,0.0,0.0,0.0,0.0,0.0,0.0,0.0,0.0,0.0,0.0,0.0,0.0,0.0,0.0,0.0,0.0,0.0,0.0,0.0,0.0,0.0,0.0,0.0,0.0,0.0,0.0,0.0,0.0,0.0,0.0,0.0,0.0,0.0,0.0,0.0,0.0,0.0,0.0,0.0,0.0,0.0,0.0,0.0,0.0,0.0,0.0,0.0,0.0,0.0,0.0,0.0,0.0,0.0,0.0,0.0,0.0,0.0,0.0,0.0,0.0,0.0,0.0,0.0,0.0,0.0,0.0,0.0,0.0,0.0,0.0,0.0,0.0,0.0,0.0,0.0,0.0,0.0,0.0
986,2016,NewIntegrationsV1 - BugFix,0,1,0,0,0,0,0,0,0,0,0,0,0,0,1,1,0.0,0.0,0.0,0.0,0.0,0.0,0.0,0.0,0.0,0.0,0.0,0.0,0.0,0.0,0.0,0.0,0.0,0.0,0.0,0.0,0.0,0.0,0.0,0.0,0.0,0.0,0.0,0.0,0.0,0.0,0.0,0.0,0.0,0.0,0.0,0.0,0.0,0.0,0.0,0.0,0.0,0.0,0.0,0.0,0.0,0.0,0.0,0.0,0.0,0.0,0.0,0.0,0.0,0.0,0.0,0.0,0.0,0.0,0.0,0.0,0.0,0.0,0.0,0.0,0.0,0.0,0.0,0.0,0.0,0.0,0.0,0.0,0.0,0.0,0.0,0.0,0.0,0.0,0.0,0.0,0.0,0.0,0.0,0.0,0.0,0.0,0.0,0.0,0.0,0.0
986,2039,NewIntegrationsV2 - sprint 1,0,7,0,0,0,0,0,0,0,0,0,0,0,0,1,1,0.0,0.0,0.0,0.0,0.0,0.0,0.0,0.0,0.0,0.0,0.0,0.0,0.0,0.0,0.0,0.0,0.0,0.0,0.0,0.0,0.0,0.0,0.0,0.0,0.0,0.0,0.0,0.0,0.0,0.0,0.0,0.0,0.0,0.0,0.0,0.0,0.0,0.0,0.0,0.0,0.0,0.0,0.0,0.0,0.0,0.0,0.0,0.0,0.0,0.0,0.0,0.0,0.0,0.0,0.0,0.0,0.0,0.0,0.0,0.0,0.0,0.0,0.0,0.0,0.0,0.0,0.0,0.0,0.0,0.0,0.0,0.0,0.0,0.0,0.0,0.0,0.0,0.0,0.0,0.0,0.0,0.0,0.0,0.0,0.0,0.0,0.0,0.0,0.0,0.0
986,2056,NewIntegrationsV2 - sprint 2,0,14,0,0,0,0,0,0,0,0,0,0,0,0,1,1,0.0,0.0,0.0,0.0,0.0,0.0,0.0,0.0,0.0,0.0,0.0,0.0,0.0,0.0,0.0,0.0,0.0,0.0,0.0,0.0,0.0,0.0,0.0,0.0,0.0,0.0,0.0,0.0,0.0,0.0,0.0,0.0,0.0,0.0,0.0,0.0,0.0,0.0,0.0,0.0,0.0,0.0,0.0,0.0,0.0,0.0,0.0,0.0,0.0,0.0,0.0,0.0,0.0,0.0,0.0,0.0,0.0,0.0,0.0,0.0,0.0,0.0,0.0,0.0,0.0,0.0,0.0,0.0,0.0,0.0,0.0,0.0,0.0,0.0,0.0,0.0,0.0,0.0,0.0,0.0,0.0,0.0,0.0,0.0,0.0,0.0,0.0,0.0,0.0,0.0
986,2081,NewIntegrationsV2 - sprint 3,0,7,0,0,0,0,0,0,0,0,0,0,0,0,1,1,0.0,0.0,0.0,0.0,0.0,0.0,0.0,0.0,0.0,0.0,0.0,0.0,0.0,0.0,0.0,0.0,0.0,0.0,0.0,0.0,0.0,0.0,0.0,0.0,0.0,0.0,0.0,0.0,0.0,0.0,0.0,0.0,0.0,0.0,0.0,0.0,0.0,0.0,0.0,0.0,0.0,0.0,0.0,0.0,0.0,0.0,0.0,0.0,0.0,0.0,0.0,0.0,0.0,0.0,0.0,0.0,0.0,0.0,0.0,0.0,0.0,0.0,0.0,0.0,0.0,0.0,0.0,0.0,0.0,0.0,0.0,0.0,0.0,0.0,0.0,0.0,0.0,0.0,0.0,0.0,0.0,0.0,0.0,0.0,0.0,0.0,0.0,0.0,0.0,0.0
986,2097,NewIntegrationsV2 - sprint 4,0,7,0,0,0,0,0,0,0,0,0,0,0,0,1,1,0.0,0.0,0.0,0.0,0.0,0.0,0.0,0.0,0.0,0.0,0.0,0.0,0.0,0.0,0.0,0.0,0.0,0.0,0.0,0.0,0.0,0.0,0.0,0.0,0.0,0.0,0.0,0.0,0.0,0.0,0.0,0.0,0.0,0.0,0.0,0.0,0.0,0.0,0.0,0.0,0.0,0.0,0.0,0.0,0.0,0.0,0.0,0.0,0.0,0.0,0.0,0.0,0.0,0.0,0.0,0.0,0.0,0.0,0.0,0.0,0.0,0.0,0.0,0.0,0.0,0.0,0.0,0.0,0.0,0.0,0.0,0.0,0.0,0.0,0.0,0.0,0.0,0.0,0.0,0.0,0.0,0.0,0.0,0.0,0.0,0.0,0.0,0.0,0.0,0.0
986,2126,NewIntegrationsV2 - sprint 5,0,7,0,0,0,0,0,0,0,0,0,0,0,0,1,1,0.0,0.0,0.0,0.0,0.0,0.0,0.0,0.0,0.0,0.0,0.0,0.0,0.0,0.0,0.0,0.0,0.0,0.0,0.0,0.0,0.0,0.0,0.0,0.0,0.0,0.0,0.0,0.0,0.0,0.0,0.0,0.0,0.0,0.0,0.0,0.0,0.0,0.0,0.0,0.0,0.0,0.0,0.0,0.0,0.0,0.0,0.0,0.0,0.0,0.0,0.0,0.0,0.0,0.0,0.0,0.0,0.0,0.0,0.0,0.0,0.0,0.0,0.0,0.0,0.0,0.0,0.0,0.0,0.0,0.0,0.0,0.0,0.0,0.0,0.0,0.0,0.0,0.0,0.0,0.0,0.0,0.0,0.0,0.0,0.0,0.0,0.0,0.0,0.0,0.0
986,2144,NewIntegrationsV2 - sprint 6,0,7,0,0,0,0,0,0,0,0,0,0,0,0,1,1,0.0,0.0,0.0,0.0,0.0,0.0,0.0,0.0,0.0,0.0,0.0,0.0,0.0,0.0,0.0,0.0,0.0,0.0,0.0,0.0,0.0,0.0,0.0,0.0,0.0,0.0,0.0,0.0,0.0,0.0,0.0,0.0,0.0,0.0,0.0,0.0,0.0,0.0,0.0,0.0,0.0,0.0,0.0,0.0,0.0,0.0,0.0,0.0,0.0,0.0,0.0,0.0,0.0,0.0,0.0,0.0,0.0,0.0,0.0,0.0,0.0,0.0,0.0,0.0,0.0,0.0,0.0,0.0,0.0,0.0,0.0,0.0,0.0,0.0,0.0,0.0,0.0,0.0,0.0,0.0,0.0,0.0,0.0,0.0,0.0,0.0,0.0,0.0,0.0,0.0
986,2164,NewIntegrationsV2 - sprint 7,0,7,0,0,0,0,0,0,0,0,0,0,0,0,1,1,0.0,0.0,0.0,0.0,0.0,0.0,0.0,0.0,0.0,0.0,0.0,0.0,0.0,0.0,0.0,0.0,0.0,0.0,0.0,0.0,0.0,0.0,0.0,0.0,0.0,0.0,0.0,0.0,0.0,0.0,0.0,0.0,0.0,0.0,0.0,0.0,0.0,0.0,0.0,0.0,0.0,0.0,0.0,0.0,0.0,0.0,0.0,0.0,0.0,0.0,0.0,0.0,0.0,0.0,0.0,0.0,0.0,0.0,0.0,0.0,0.0,0.0,0.0,0.0,0.0,0.0,0.0,0.0,0.0,0.0,0.0,0.0,0.0,0.0,0.0,0.0,0.0,0.0,0.0,0.0,0.0,0.0,0.0,0.0,0.0,0.0,0.0,0.0,0.0,0.0
986,2181,NewIntegrationsV2 - sprint 8,0,7,0,0,0,0,0,0,0,0,0,0,0,0,1,1,0.0,0.0,0.0,0.0,0.0,0.0,0.0,0.0,0.0,0.0,0.0,0.0,0.0,0.0,0.0,0.0,0.0,0.0,0.0,0.0,0.0,0.0,0.0,0.0,0.0,0.0,0.0,0.0,0.0,0.0,0.0,0.0,0.0,0.0,0.0,0.0,0.0,0.0,0.0,0.0,0.0,0.0,0.0,0.0,0.0,0.0,0.0,0.0,0.0,0.0,0.0,0.0,0.0,0.0,0.0,0.0,0.0,0.0,0.0,0.0,0.0,0.0,0.0,0.0,0.0,0.0,0.0,0.0,0.0,0.0,0.0,0.0,0.0,0.0,0.0,0.0,0.0,0.0,0.0,0.0,0.0,0.0,0.0,0.0,0.0,0.0,0.0,0.0,0.0,0.0
986,2205,NewIntegrationsV2 - sprint 9,0,7,0,0,0,0,0,0,0,0,0,0,0,0,1,1,0.0,0.0,0.0,0.0,0.0,0.0,0.0,0.0,0.0,0.0,0.0,0.0,0.0,0.0,0.0,0.0,0.0,0.0,0.0,0.0,0.0,0.0,0.0,0.0,0.0,0.0,0.0,0.0,0.0,0.0,0.0,0.0,0.0,0.0,0.0,0.0,0.0,0.0,0.0,0.0,0.0,0.0,0.0,0.0,0.0,0.0,0.0,0.0,0.0,0.0,0.0,0.0,0.0,0.0,0.0,0.0,0.0,0.0,0.0,0.0,0.0,0.0,0.0,0.0,0.0,0.0,0.0,0.0,0.0,0.0,0.0,0.0,0.0,0.0,0.0,0.0,0.0,0.0,0.0,0.0,0.0,0.0,0.0,0.0,0.0,0.0,0.0,0.0,0.0,0.0
986,2225,NewIntegrationsV2 - sprint 10,0,7,0,0,0,0,0,0,0,0,0,0,0,0,1,1,0.0,0.0,0.0,0.0,0.0,0.0,0.0,0.0,0.0,0.0,0.0,0.0,0.0,0.0,0.0,0.0,0.0,0.0,0.0,0.0,0.0,0.0,0.0,0.0,0.0,0.0,0.0,0.0,0.0,0.0,0.0,0.0,0.0,0.0,0.0,0.0,0.0,0.0,0.0,0.0,0.0,0.0,0.0,0.0,0.0,0.0,0.0,0.0,0.0,0.0,0.0,0.0,0.0,0.0,0.0,0.0,0.0,0.0,0.0,0.0,0.0,0.0,0.0,0.0,0.0,0.0,0.0,0.0,0.0,0.0,0.0,0.0,0.0,0.0,0.0,0.0,0.0,0.0,0.0,0.0,0.0,0.0,0.0,0.0,0.0,0.0,0.0,0.0,0.0,0.0
986,2246,NewIntegrationsV2 - sprint 11,0,7,0,0,0,0,0,0,0,0,0,0,0,0,1,1,0.0,0.0,0.0,0.0,0.0,0.0,0.0,0.0,0.0,0.0,0.0,0.0,0.0,0.0,0.0,0.0,0.0,0.0,0.0,0.0,0.0,0.0,0.0,0.0,0.0,0.0,0.0,0.0,0.0,0.0,0.0,0.0,0.0,0.0,0.0,0.0,0.0,0.0,0.0,0.0,0.0,0.0,0.0,0.0,0.0,0.0,0.0,0.0,0.0,0.0,0.0,0.0,0.0,0.0,0.0,0.0,0.0,0.0,0.0,0.0,0.0,0.0,0.0,0.0,0.0,0.0,0.0,0.0,0.0,0.0,0.0,0.0,0.0,0.0,0.0,0.0,0.0,0.0,0.0,0.0,0.0,0.0,0.0,0.0,0.0,0.0,0.0,0.0,0.0,0.0
986,2294,NewIntegrationsV2 - sprint 12,0,6,0,0,0,0,0,0,0,0,0,0,0,0,1,1,0.0,0.0,0.0,0.0,0.0,0.0,0.0,0.0,0.0,0.0,0.0,0.0,0.0,0.0,0.0,0.0,0.0,0.0,0.0,0.0,0.0,0.0,0.0,0.0,0.0,0.0,0.0,0.0,0.0,0.0,0.0,0.0,0.0,0.0,0.0,0.0,0.0,0.0,0.0,0.0,0.0,0.0,0.0,0.0,0.0,0.0,0.0,0.0,0.0,0.0,0.0,0.0,0.0,0.0,0.0,0.0,0.0,0.0,0.0,0.0,0.0,0.0,0.0,0.0,0.0,0.0,0.0,0.0,0.0,0.0,0.0,0.0,0.0,0.0,0.0,0.0,0.0,0.0,0.0,0.0,0.0,0.0,0.0,0.0,0.0,0.0,0.0,0.0,0.0,0.0
986,2370,New Integrations - Sprint 13,0,7,0,0,0,0,0,0,0,0,0,0,0,0,1,1,0.0,0.0,0.0,0.0,0.0,0.0,0.0,0.0,0.0,0.0,0.0,0.0,0.0,0.0,0.0,0.0,0.0,0.0,0.0,0.0,0.0,0.0,0.0,0.0,0.0,0.0,0.0,0.0,0.0,0.0,0.0,0.0,0.0,0.0,0.0,0.0,0.0,0.0,0.0,0.0,0.0,0.0,0.0,0.0,0.0,0.0,0.0,0.0,0.0,0.0,0.0,0.0,0.0,0.0,0.0,0.0,0.0,0.0,0.0,0.0,0.0,0.0,0.0,0.0,0.0,0.0,0.0,0.0,0.0,0.0,0.0,0.0,0.0,0.0,0.0,0.0,0.0,0.0,0.0,0.0,0.0,0.0,0.0,0.0,0.0,0.0,0.0,0.0,0.0,0.0
1012,1815,Toothless,-13,9,4,17,2,7,3,11,3,13,0,0,0,0,1,9,6.0,0.0,5.0,0.0,9.0,2.0,1.0,3.4641016151377544,12.0,9.0,0.0,3.0,1.1666666666666667,1.0,1.3291601358251257,1.7666666666666668,3.0,1.0,2.0,1.6666666666666667,2.0,0.5163977794943223,0.2666666666666667,1.0,0.0,2.0,0.6666666666666666,0.0,1.0327955589886446,1.0666666666666669,2.0,0.0,0.0,0.0,0.0,0.0,0.0,0.0,0.0,0.0,0.0,0.0,0.0,0.0,0.0,0.0,5.0,0.8333333333333334,0.0,2.0412414523193148,4.166666666666666,5.0,0.0,2.0,0.5,0.0,0.8366600265340756,0.7,2.0,0.0,13.0,3.3333333333333335,1.5,5.046450898073483,25.466666666666665,13.0,0.0,0.0,6.0,0.0,0.0,0.0,0.0,1.0,0.0,0.0,6.0,0.0,0.0,0.0,0.0,0.0,0.0,0.0,0.0,0.0,0.0,0.0,0.0,0.0
1012,1833,Dragonfly,-24,10,2,16,2,8,0,0,3,16,1,8,0,0,1,5,4.0,0.0,1.0,0.0,9.0,3.75,3.0,3.774917217635375,14.25,9.0,0.0,2.0,0.75,0.5,0.9574271077563381,0.9166666666666666,2.0,1.0,2.0,1.5,1.5,0.5773502691896257,0.3333333333333333,1.0,0.0,2.0,0.5,0.0,1.0,1.0,2.0,0.0,0.0,0.0,0.0,0.0,0.0,0.0,0.0,0.0,0.0,0.0,0.0,0.0,0.0,0.0,0.0,0.0,0.0,0.0,0.0,0.0,0.0,2.0,1.0,1.0,0.816496580927726,0.6666666666666666,2.0,0.0,13.0,4.5,2.5,5.802298395176403,33.666666666666664,13.0,0.0,0.0,3.0,0.0,0.0,0.0,0.0,2.0,0.0,0.0,4.0,0.0,0.0,0.0,0.0,0.0,1.0,0.0,0.0,0.0,0.0,0.0,0.0,0.0
1012,1876,Dragonfly 2,-29,11,5,27,1,2,0,0,2,7,4,22,0,0,1,5,6.0,0.0,1.0,0.0,11.0,4.333333333333333,4.0,3.7771241264574122,14.26666666666667,11.0,0.0,10.0,2.3333333333333335,0.5,3.9327683210006996,15.466666666666663,10.0,0.0,2.0,1.1666666666666667,1.0,0.752772652709081,0.5666666666666667,2.0,0.0,6.0,1.5,0.5,2.345207879911715,5.5,6.0,0.0,0.0,0.0,0.0,0.0,0.0,0.0,0.0,0.0,0.0,0.0,0.0,0.0,0.0,0.0,1.0,0.16666666666666666,0.0,0.408248290463863,0.16666666666666669,1.0,0.0,1.0,0.5,0.5,0.5477225575051661,0.3,1.0,0.0,7.0,1.6666666666666667,0.5,2.7325202042558927,7.466666666666667,7.0,2.0,0.0,5.0,0.0,0.0,0.0,0.0,3.0,0.0,1.0,4.0,0.0,0.0,0.0,0.0,0.0,1.0,0.0,0.0,0.0,0.0,0.0,0.0,0.0
1012,1917,Dragonfly 3,-44,11,4,21,8,29,0,0,4,17,6,29,2,4,1,9,13.0,0.0,9.0,0.0,19.0,4.538461538461538,3.0,5.092729860879864,25.935897435897434,19.0,0.0,3.0,1.1538461538461537,1.0,1.1435437497937313,1.3076923076923077,3.0,0.0,2.0,1.5384615384615385,2.0,0.6602252917735248,0.43589743589743596,2.0,0.0,5.0,0.6923076923076923,0.0,1.4366984945013912,2.064102564102564,5.0,0.0,0.0,0.0,0.0,0.0,0.0,0.0,0.0,0.0,0.0,0.0,0.0,0.0,0.0,0.0,1.0,0.07692307692307693,0.0,0.2773500981126146,0.07692307692307694,1.0,0.0,3.0,0.6923076923076923,0.0,0.9473309334313418,0.8974358974358972,3.0,0.0,13.0,2.1538461538461537,1.0,3.848076442547927,14.807692307692308,13.0,3.0,0.0,13.0,0.0,0.0,0.0,0.0,2.0,1.0,1.0,10.0,0.0,0.0,0.0,0.0,0.0,0.0,0.0,0.0,0.0,0.0,0.0,0.0,0.0
1012,1975,Dragonfly 4,-34,9,10,34,0,0,0,0,6,26,4,8,0,0,1,5,10.0,0.0,6.0,0.0,19.0,4.0,2.5,5.5377492419453835,30.666666666666668,19.0,0.0,3.0,0.9,1.0,0.9944289260117533,0.9888888888888889,3.0,1.0,2.0,1.8,2.0,0.42163702135578396,0.1777777777777778,1.0,0.0,2.0,0.5,0.0,0.7071067811865476,0.5,2.0,0.0,0.0,0.0,0.0,0.0,0.0,0.0,0.0,0.0,0.0,0.0,0.0,0.0,0.0,0.0,2.0,0.4,0.0,0.8432740427115679,0.7111111111111114,2.0,0.0,3.0,0.7,0.5,0.9486832980505138,0.8999999999999999,3.0,0.0,7.0,1.6,1.0,2.270584848790187,5.155555555555557,7.0,2.0,0.0,10.0,0.0,0.0,0.0,0.0,2.0,1.0,1.0,8.0,0.0,0.0,0.0,0.0,0.0,0.0,0.0,0.0,0.0,0.0,0.0,0.0,0.0
1013,1,Sprint 1,0,0,0,0,0,0,0,0,0,0,0,0,0,0,1,1,6.0,6.0,6.0,0.0,0.0,0.0,0.0,0.0,0.0,0.0,0.0,1.0,0.16666666666666666,0.0,0.408248290463863,0.16666666666666669,1.0,0.0,2.0,1.1666666666666667,1.5,0.9831920802501751,0.9666666666666668,2.0,0.0,1.0,0.16666666666666666,0.0,0.408248290463863,0.16666666666666669,1.0,0.0,0.0,0.0,0.0,0.0,0.0,0.0,0.0,0.0,0.0,0.0,0.0,0.0,0.0,0.0,0.0,0.0,0.0,0.0,0.0,0.0,0.0,0.0,0.0,0.0,0.0,0.0,0.0,0.0,0.0,0.0,0.0,0.0,0.0,0.0,6.0,0.0,0.0,0.0,0.0,0.0,0.0,0.0,0.0,0.0,0.0,0.0,0.0,0.0,0.0,0.0,0.0,0.0,0.0,0.0,0.0,0.0,0.0,0.0
1013,4,Sprint 2,1,11,13,35,0,0,0,0,3,10,6,21,4,4,1,5,21.0,0.0,1.0,0.0,4.0,0.7619047619047619,0.0,1.1791845447071423,1.3904761904761904,4.0,0.0,1.0,0.42857142857142855,0.0,0.50709255283711,0.2571428571428572,1.0,0.0,2.0,0.38095238095238093,0.0,0.6690433824641326,0.4476190476190477,2.0,0.0,1.0,0.19047619047619047,0.0,0.40237390808147827,0.16190476190476194,1.0,0.0,0.0,0.0,0.0,0.0,0.0,0.0,0.0,0.0,0.0,0.0,0.0,0.0,0.0,0.0,2.0,0.19047619047619047,0.0,0.6015852075182383,0.36190476190476184,2.0,0.0,1.0,0.14285714285714285,0.0,0.35856858280031806,0.12857142857142856,1.0,0.0,4.0,0.8095238095238095,0.0,1.1670067531530235,1.361904761904762,4.0,18.0,0.0,10.0,0.0,0.0,0.0,0.0,2.0,0.0,4.0,3.0,0.0,0.0,3.0,0.0,0.0,11.0,0.0,0.0,0.0,0.0,0.0,0.0,0.0
1013,5,Sprint 3,0,14,14,49,3,4,0,0,2,2,4,38,11,13,1,6,18.0,0.0,1.0,0.0,5.0,1.0,0.0,1.4552137502179978,2.1176470588235294,5.0,0.0,2.0,0.4444444444444444,0.0,0.6156987634551992,0.3790849673202614,2.0,0.0,1.0,0.3888888888888889,0.0,0.5016313257045503,0.2516339869281046,1.0,0.0,3.0,0.2777777777777778,0.0,0.7519039015221181,0.565359477124183,3.0,0.0,0.0,0.0,0.0,0.0,0.0,0.0,0.0,0.0,0.0,0.0,0.0,0.0,0.0,0.0,1.0,0.2222222222222222,0.0,0.42779263194649864,0.18300653594771243,1.0,0.0,1.0,0.2222222222222222,0.0,0.42779263194649864,0.18300653594771243,1.0,0.0,5.0,0.7777777777777778,0.0,1.3085940167422419,1.7124183006535945,5.0,14.0,0.0,10.0,0.0,0.0,0.0,0.0,3.0,0.0,5.0,4.0,0.0,0.0,1.0,0.0,0.0,8.0,0.0,0.0,0.0,0.0,0.0,0.0,0.0
1013,6,Sprint 3,19,14,14,49,7,39,2,21,2,2,5,51,12,14,1,7,38.0,0.0,7.0,0.0,5.0,0.6052631578947368,0.0,1.174951952651004,1.3805120910384068,5.0,0.0,2.0,0.6052631578947368,1.0,0.5472028965176681,0.2994310099573257,2.0,0.0,1.0,0.42105263157894735,0.0,0.5003554924018236,0.2503556187766714,1.0,0.0,3.0,0.2631578947368421,0.0,0.6851399749002087,0.4694167852062586,3.0,0.0,0.0,0.0,0.0,0.0,0.0,0.0,0.0,0.0,0.0,0.0,0.0,0.0,0.0,0.0,1.0,0.10526315789473684,0.0,0.3110117477759048,0.09672830725462303,1.0,0.0,1.0,0.13157894736842105,0.0,0.34256998745010436,0.11735419630156466,1.0,0.0,5.0,0.5526315789473685,0.0,1.05772239808385,1.11877667140825,5.0,28.0,0.0,26.0,0.0,0.0,0.0,0.0,10.0,0.0,6.0,10.0,0.0,0.0,3.0,0.0,0.0,12.0,0.0,0.0,0.0,0.0,0.0,0.0,0.0
1013,7,Sprint 3 (maybe 4),0,7,0,0,0,0,0,0,0,0,0,0,0,0,1,1,1.0,0.0,0.0,0.0,0.0,0.0,0.0,0.0,0.0,0.0,0.0,0.0,0.0,0.0,0.0,0.0,0.0,1.0,1.0,1.0,1.0,0.0,0.0,0.0,4.0,4.0,4.0,4.0,0.0,0.0,0.0,0.0,0.0,0.0,0.0,0.0,0.0,0.0,0.0,0.0,0.0,0.0,0.0,0.0,0.0,0.0,0.0,0.0,0.0,0.0,0.0,0.0,0.0,0.0,0.0,0.0,0.0,0.0,0.0,0.0,0.0,0.0,0.0,0.0,0.0,0.0,1.0,0.0,0.0,0.0,0.0,0.0,0.0,0.0,0.0,0.0,0.0,0.0,0.0,0.0,0.0,0.0,1.0,0.0,0.0,0.0,0.0,0.0,0.0,0.0
1013,8,Sprint 4,-37,14,10,59,7,23,1,13,2,6,7,52,7,11,1,6,23.0,0.0,5.0,0.0,7.0,0.9565217391304348,0.0,1.6645572949412983,2.7707509881422925,7.0,0.0,2.0,0.21739130434782608,0.0,0.518434859512082,0.26877470355731226,2.0,0.0,1.0,0.782608695652174,1.0,0.42174116783664994,0.17786561264822132,1.0,0.0,4.0,0.6086956521739131,0.0,1.0761518325953912,1.158102766798419,4.0,0.0,0.0,0.0,0.0,0.0,0.0,0.0,0.0,0.0,0.0,0.0,0.0,0.0,0.0,0.0,2.0,0.13043478260869565,0.0,0.45769658728016016,0.2094861660079053,2.0,0.0,1.0,0.08695652173913043,0.0,0.2881040655200304,0.08300395256916997,1.0,0.0,4.0,0.5217391304347826,0.0,1.1626601636447695,1.3517786561264822,4.0,18.0,0.0,11.0,0.0,0.0,0.0,0.0,3.0,0.0,2.0,5.0,0.0,0.0,1.0,0.0,0.0,12.0,0.0,0.0,0.0,0.0,0.0,0.0,0.0
1013,12,Sprint 6,-24,14,13,91,7,7,1,1,1,21,3,22,15,54,1,6,38.0,3.0,8.0,0.0,9.0,0.5789473684210527,0.0,1.518028218720168,2.304409672830726,9.0,0.0,1.0,0.42105263157894735,0.0,0.5003554924018236,0.2503556187766714,1.0,0.0,1.0,0.47368421052631576,0.0,0.506009406240056,0.256045519203414,1.0,0.0,3.0,0.3684210526315789,0.0,0.7136148037936548,0.5092460881934565,3.0,0.0,0.0,0.0,0.0,0.0,0.0,0.0,0.0,0.0,0.0,0.0,0.0,0.0,0.0,0.0,1.0,0.15789473684210525,0.0,0.36953702147663203,0.1365576102418208,1.0,0.0,0.0,0.0,0.0,0.0,0.0,0.0,0.0,7.0,0.5789473684210527,0.0,1.4262325906248448,2.034139402560456,7.0,34.0,0.0,23.0,0.0,0.0,0.0,0.0,9.0,2.0,5.0,4.0,0.0,0.0,2.0,0.0,0.0,12.0,0.0,0.0,0.0,0.0,0.0,0.0,0.0
1013,13,Sprint 7,24,14,11,57,8,8,1,1,3,7,4,16,11,41,1,7,37.0,3.0,6.0,0.0,8.0,1.4054054054054055,0.0,2.178932708402843,4.7477477477477485,8.0,0.0,1.0,0.3783783783783784,0.0,0.4916723926983716,0.2417417417417417,1.0,0.0,1.0,0.7837837837837838,1.0,0.41734179538380073,0.17417417417417422,1.0,0.0,3.0,0.7297297297297297,0.0,0.9021162972775814,0.8138138138138136,3.0,0.0,0.0,0.0,0.0,0.0,0.0,0.0,0.0,0.0,0.0,0.0,0.0,0.0,0.0,0.0,1.0,0.08108108108108109,0.0,0.2767247306920301,0.07657657657657656,1.0,0.0,2.0,0.08108108108108109,0.0,0.3634998378708471,0.13213213213213212,2.0,0.0,9.0,0.7027027027027027,0.0,1.9128928770736633,3.6591591591591572,9.0,28.0,0.0,23.0,0.0,0.0,0.0,0.0,9.0,1.0,8.0,9.0,0.0,0.0,2.0,0.0,0.0,11.0,0.0,0.0,0.0,0.0,0.0,0.0,0.0
1013,16,The Sprintin8or,17,14,12,76,4,4,0,0,5,7,4,56,7,17,1,7,42.0,0.0,3.0,0.0,18.0,1.2380952380952381,0.0,3.2670530004549434,10.673635307781648,18.0,0.0,2.0,0.5,0.0,0.59469196781642,0.35365853658536583,2.0,0.0,1.0,0.8809523809523809,1.0,0.32777006756156785,0.10743321718931476,1.0,0.0,1.0,0.07142857142857142,0.0,0.26066118021500656,0.06794425087108014,1.0,0.0,0.0,0.0,0.0,0.0,0.0,0.0,0.0,0.0,0.0,0.0,0.0,0.0,0.0,0.0,1.0,0.16666666666666666,0.0,0.3771954702329121,0.14227642276422767,1.0,0.0,2.0,0.047619047619047616,0.0,0.30860669992418377,0.09523809523809522,2.0,0.0,11.0,0.9047619047619048,0.0,2.1505475628259823,4.624854819976772,11.0,29.0,0.0,27.0,0.0,0.0,0.0,0.0,11.0,0.0,11.0,13.0,0.0,0.0,2.0,0.0,0.0,15.0,0.0,0.0,0.0,0.0,0.0,0.0,0.0
1013,26,Sprint 1,0,7,0,0,0,0,0,0,0,0,0,0,0,0,1,1,0.0,0.0,0.0,0.0,0.0,0.0,0.0,0.0,0.0,0.0,0.0,0.0,0.0,0.0,0.0,0.0,0.0,0.0,0.0,0.0,0.0,0.0,0.0,0.0,0.0,0.0,0.0,0.0,0.0,0.0,0.0,0.0,0.0,0.0,0.0,0.0,0.0,0.0,0.0,0.0,0.0,0.0,0.0,0.0,0.0,0.0,0.0,0.0,0.0,0.0,0.0,0.0,0.0,0.0,0.0,0.0,0.0,0.0,0.0,0.0,0.0,0.0,0.0,0.0,0.0,0.0,0.0,0.0,0.0,0.0,0.0,0.0,0.0,0.0,0.0,0.0,0.0,0.0,0.0,0.0,0.0,0.0,0.0,0.0,0.0,0.0,0.0,0.0,0.0,0.0
1013,28,99 Sprint Balloons,0,14,18,49,6,6,0,0,6,14,4,12,14,29,1,8,34.0,0.0,2.0,0.0,7.0,1.2352941176470589,0.0,1.9236774052211272,3.700534759358289,7.0,0.0,2.0,0.23529411764705882,0.0,0.5537105429905547,0.30659536541889487,2.0,0.0,1.0,0.8529411764705882,1.0,0.35949062795357095,0.12923351158645277,1.0,0.0,2.0,0.3235294117647059,0.0,0.638207159076591,0.40730837789661317,2.0,0.0,0.0,0.0,0.0,0.0,0.0,0.0,0.0,0.0,0.0,0.0,0.0,0.0,0.0,0.0,2.0,0.5,0.0,0.5640760748177662,0.3181818181818182,2.0,0.0,2.0,0.14705882352941177,0.0,0.4357058321763818,0.18983957219251338,2.0,0.0,4.0,0.5294117647058824,0.0,1.1608589849278423,1.3475935828877006,4.0,24.0,0.0,15.0,0.0,0.0,0.0,0.0,3.0,0.0,7.0,10.0,0.0,0.0,3.0,0.0,0.0,19.0,0.0,0.0,0.0,0.0,0.0,0.0,0.0
1013,53,10tative,-13,14,17,47,9,13,1,1,1,1,4,12,20,46,1,7,26.0,0.0,1.0,0.0,8.0,2.0,1.0,2.0,4.0,8.0,0.0,1.0,0.11538461538461539,0.0,0.3258125936084211,0.10615384615384615,1.0,0.0,1.0,0.8461538461538461,1.0,0.36794648440311994,0.1353846153846154,1.0,0.0,2.0,0.23076923076923078,0.0,0.5870395085642742,0.34461538461538466,2.0,0.0,0.0,0.0,0.0,0.0,0.0,0.0,0.0,0.0,0.0,0.0,0.0,0.0,0.0,0.0,1.0,0.6923076923076923,1.0,0.47067872433164165,0.2215384615384615,1.0,0.0,1.0,0.07692307692307693,0.0,0.271746488194703,0.07384615384615385,1.0,0.0,8.0,1.6153846153846154,0.5,2.3336996049521552,5.446153846153846,8.0,13.0,0.0,7.0,0.0,0.0,0.0,0.0,1.0,0.0,4.0,13.0,0.0,0.0,0.0,0.0,0.0,19.0,0.0,0.0,0.0,0.0,0.0,0.0,0.0
1013,110,Oceans 11,-11,14,11,12,0,0,0,0,9,10,0,0,2,2,1,6,11.0,0.0,0.0,0.0,6.0,1.2727272727272727,0.0,2.1019471492361124,4.418181818181819,6.0,0.0,1.0,0.2727272727272727,0.0,0.46709936649691375,0.21818181818181817,1.0,0.0,1.0,0.7272727272727273,1.0,0.46709936649691375,0.21818181818181817,1.0,0.0,1.0,0.18181818181818182,0.0,0.4045199174779452,0.16363636363636358,1.0,0.0,0.0,0.0,0.0,0.0,0.0,0.0,0.0,0.0,0.0,0.0,0.0,0.0,0.0,0.0,1.0,0.09090909090909091,0.0,0.3015113445777636,0.09090909090909088,1.0,0.0,2.0,0.36363636363636365,0.0,0.6741998624632419,0.4545454545454543,2.0,0.0,4.0,0.45454545454545453,0.0,1.2135597524338357,1.4727272727272727,4.0,8.0,0.0,4.0,0.0,0.0,0.0,0.0,3.0,0.0,1.0,3.0,0.0,0.0,0.0,0.0,0.0,7.0,0.0,0.0,0.0,0.0,0.0,0.0,0.0
1013,129,Dirty Baker's Dozen,8,9,11,38,11,11,1,1,1,3,10,31,10,14,1,12,53.0,11.0,11.0,0.0,16.0,1.4528301886792452,0.0,3.029128065301003,9.175616835994196,16.0,0.0,2.0,0.5094339622641509,0.0,0.5758819827492023,0.3316400580551525,2.0,0.0,1.0,0.7735849056603774,1.0,0.42251579096399844,0.17851959361393324,1.0,0.0,5.0,0.4339622641509434,0.0,0.9508990475064224,0.9042089985486215,5.0,0.0,0.0,0.0,0.0,0.0,0.0,0.0,0.0,0.0,0.0,0.0,0.0,0.0,0.0,0.0,2.0,0.18867924528301888,0.0,0.4410042636103379,0.19448476052249639,2.0,0.0,2.0,0.18867924528301888,0.0,0.48264510666123495,0.23294629898403485,2.0,0.0,7.0,0.4339622641509434,0.0,1.201112208334492,1.44267053701016,7.0,39.0,0.0,25.0,0.0,0.0,0.0,0.0,11.0,1.0,6.0,14.0,0.0,0.0,7.0,0.0,0.0,17.0,0.0,0.0,0.0,0.0,0.0,0.0,0.0
1013,148,fÄowertÄne,5,14,21,67,2,2,5,17,4,10,5,24,9,18,1,9,58.0,15.0,12.0,0.0,10.0,1.103448275862069,0.0,2.291782843670149,5.252268602540833,10.0,0.0,2.0,0.6724137931034483,1.0,0.5425065618321809,0.294313369630974,2.0,0.0,1.0,0.7068965517241379,1.0,0.45916096973528975,0.21082879612825167,1.0,0.0,4.0,0.3620689655172414,0.0,0.7880305422451541,0.6209921355111916,4.0,0.0,0.0,0.0,0.0,0.0,0.0,0.0,0.0,0.0,0.0,0.0,0.0,0.0,0.0,0.0,2.0,0.27586206896551724,0.0,0.5229170357287027,0.2734422262552934,2.0,0.0,2.0,0.10344827586206896,0.0,0.3598077055831006,0.12946158499697522,2.0,0.0,6.0,0.6379310344827587,0.0,1.37264344614617,1.8841500302480336,6.0,43.0,0.0,28.0,0.0,0.0,0.0,0.0,17.0,1.0,8.0,15.0,0.0,0.0,5.0,0.0,0.0,15.0,0.0,0.0,0.0,0.0,0.0,0.0,0.0
1013,172,15 Sprints of Fame,7,14,36,45,5,5,0,0,10,10,11,20,20,20,1,10,68.0,11.0,17.0,0.0,12.0,1.4705882352941178,0.0,2.739814724290972,7.506584723441616,12.0,0.0,1.0,0.45588235294117646,0.0,0.5017528537548116,0.2517559262510974,1.0,0.0,1.0,0.75,1.0,0.436232171512701,0.19029850746268656,1.0,0.0,4.0,0.29411764705882354,0.0,0.6704603793520898,0.4495171202809482,4.0,0.0,0.0,0.0,0.0,0.0,0.0,0.0,0.0,0.0,0.0,0.0,0.0,0.0,0.0,0.0,3.0,0.3235294117647059,0.0,0.6334265137928538,0.40122914837576834,3.0,0.0,2.0,0.16176470588235295,0.0,0.4442096492277902,0.19732221246707643,2.0,0.0,7.0,0.47058823529411764,0.0,1.202864593752889,1.4468832309043025,7.0,57.0,0.0,44.0,0.0,0.0,0.0,0.0,14.0,2.0,15.0,11.0,0.0,0.0,7.0,0.0,0.0,13.0,0.0,0.0,0.0,0.0,0.0,0.0,0.0
1013,187,Sweet Sixteen,0,14,23,31,5,5,0,0,6,6,6,11,16,19,1,6,46.0,13.0,11.0,0.0,22.0,1.9782608695652173,1.0,3.5683119596730735,12.73285024154589,22.0,0.0,2.0,0.41304347826086957,0.0,0.5802714673714456,0.33671497584541066,2.0,0.0,1.0,0.7391304347826086,1.0,0.44396108982135163,0.19710144927536224,1.0,0.0,4.0,0.6086956521739131,0.0,1.1250335475406001,1.2657004830917877,4.0,0.0,0.0,0.0,0.0,0.0,0.0,0.0,0.0,0.0,0.0,0.0,0.0,0.0,0.0,0.0,2.0,0.5217391304347826,0.0,0.6579135517268918,0.4328502415458936,2.0,0.0,1.0,0.06521739130434782,0.0,0.249637418228338,0.062318840579710134,1.0,0.0,13.0,1.391304347826087,0.0,2.8556241650435514,8.15458937198068,13.0,34.0,0.0,17.0,0.0,0.0,0.0,0.0,11.0,1.0,4.0,12.0,0.0,0.0,3.0,0.0,0.0,16.0,0.0,0.0,0.0,0.0,0.0,0.0,0.0
1013,203,City 17,26,14,21,38,2,2,4,8,3,5,7,15,9,12,1,8,73.0,18.0,14.0,0.0,12.0,0.9178082191780822,0.0,2.1392718430028568,4.576484018264839,12.0,0.0,2.0,0.4931506849315068,0.0,0.5803085307554766,0.3367579908675799,2.0,0.0,3.0,0.9315068493150684,1.0,0.4192840168167526,0.17579908675799089,3.0,0.0,3.0,0.2602739726027397,0.0,0.6460864506196342,0.41742770167427706,3.0,0.0,0.0,0.0,0.0,0.0,0.0,0.0,0.0,0.0,0.0,0.0,0.0,0.0,0.0,0.0,1.0,0.1506849315068493,0.0,0.360217252220885,0.1297564687975647,1.0,0.0,1.0,0.0273972602739726,0.0,0.16436770598316275,0.027016742770167433,1.0,0.0,9.0,1.1232876712328768,0.0,2.185464643448289,4.776255707762556,9.0,51.0,0.0,34.0,0.0,0.0,0.0,0.0,23.0,0.0,9.0,22.0,0.0,0.0,6.0,0.0,0.0,21.0,0.0,0.0,0.0,0.0,0.0,0.0,0.0
1013,228,Sprint XVIII,-3,14,21,40,3,3,2,6,2,2,13,28,7,7,1,8,53.0,21.0,14.0,0.0,12.0,2.2264150943396226,2.0,2.621226294298458,6.870827285921626,12.0,0.0,4.0,0.4339622641509434,0.0,0.6936368469679924,0.4811320754716981,4.0,0.0,1.0,0.8490566037735849,1.0,0.3614195524432012,0.13062409288824386,1.0,0.0,3.0,0.33962264150943394,0.0,0.732314461312034,0.5362844702467345,3.0,0.0,0.0,0.0,0.0,0.0,0.0,0.0,0.0,0.0,0.0,0.0,0.0,0.0,0.0,0.0,3.0,0.4339622641509434,0.0,0.8437424407015028,0.711901306240929,3.0,0.0,1.0,0.1509433962264151,0.0,0.3614195524432012,0.13062409288824386,1.0,0.0,15.0,1.5660377358490567,0.0,2.8790318482371826,8.288824383164007,15.0,35.0,0.0,18.0,0.0,0.0,0.0,0.0,10.0,2.0,8.0,18.0,0.0,0.0,5.0,0.0,0.0,14.0,0.0,0.0,0.0,0.0,0.0,0.0,0.0
1013,250,Diciannove,29,14,18,35,8,8,2,6,8,8,3,4,13,25,1,8,60.0,9.0,12.0,0.0,13.0,1.1,0.0,2.447413023679202,5.989830508474575,13.0,0.0,1.0,0.5333333333333333,1.0,0.5030977485864635,0.2531073446327684,1.0,0.0,1.0,0.8333333333333334,1.0,0.3758230140014145,0.14124293785310738,1.0,0.0,3.0,0.48333333333333334,0.0,0.7917298517752694,0.6268361581920902,3.0,0.0,0.0,0.0,0.0,0.0,0.0,0.0,0.0,0.0,0.0,0.0,0.0,0.0,0.0,0.0,3.0,0.43333333333333335,0.0,0.8309004033131699,0.6903954802259884,3.0,0.0,1.0,0.06666666666666667,0.0,0.2515488742932317,0.06327683615819209,1.0,0.0,15.0,1.4833333333333334,0.0,3.4023504670396565,11.575988700564968,15.0,44.0,0.0,37.0,0.0,0.0,0.0,0.0,16.0,0.0,13.0,16.0,0.0,0.0,5.0,0.0,0.0,14.0,0.0,0.0,0.0,0.0,0.0,0.0,0.0
1013,270,Two tens,28,14,19,38,6,6,0,0,4,5,11,27,10,12,1,10,67.0,14.0,10.0,0.0,21.0,1.0746268656716418,0.0,2.8988682892917432,8.403437358661238,21.0,0.0,2.0,0.5074626865671642,0.0,0.6123262729098786,0.3749434644957032,2.0,0.0,1.0,0.9402985074626866,1.0,0.23872115183006284,0.05698778833107191,1.0,0.0,4.0,0.40298507462686567,0.0,0.817603695444291,0.668475802804161,4.0,0.0,0.0,0.0,0.0,0.0,0.0,0.0,0.0,0.0,0.0,0.0,0.0,0.0,0.0,0.0,4.0,0.29850746268656714,0.0,0.7787893746674897,0.6065128900949796,4.0,0.0,1.0,0.04477611940298507,0.0,0.2083729044282493,0.04341926729986431,1.0,0.0,10.0,1.1343283582089552,0.0,2.392510551498595,5.724106739032112,10.0,45.0,0.0,34.0,0.0,0.0,0.0,0.0,25.0,3.0,9.0,22.0,0.0,0.0,1.0,0.0,0.0,19.0,0.0,0.0,0.0,0.0,0.0,0.0,0.0
1013,306,Blackjack,10,14,14,39,8,8,1,1,8,11,9,27,4,8,1,6,63.0,25.0,24.0,0.0,15.0,0.746031746031746,0.0,2.1248776357046704,4.515104966717869,15.0,0.0,2.0,0.3333333333333333,0.0,0.5388159060803247,0.2903225806451613,2.0,0.0,1.0,0.9047619047619048,1.0,0.29590134113693356,0.08755760368663594,1.0,0.0,3.0,0.3333333333333333,0.0,0.672021505032247,0.45161290322580633,3.0,0.0,0.0,0.0,0.0,0.0,0.0,0.0,0.0,0.0,0.0,0.0,0.0,0.0,0.0,0.0,1.0,0.07936507936507936,0.0,0.2724789013191784,0.07424475166410656,1.0,0.0,1.0,0.015873015873015872,0.0,0.12598815766974242,0.015873015873015872,1.0,0.0,16.0,1.1904761904761905,0.0,3.454109954248253,11.93087557603687,16.0,46.0,0.0,19.0,0.0,0.0,0.0,0.0,10.0,3.0,6.0,17.0,0.0,0.0,1.0,0.0,0.0,19.0,0.0,0.0,0.0,0.0,0.0,0.0,0.0
1013,336,Catch-22,10,10,16,35,7,7,0,0,2,2,8,21,13,19,1,8,72.0,37.0,28.0,0.0,9.0,1.3194444444444444,0.0,2.061220675455796,4.2486306729264465,9.0,0.0,1.0,0.2222222222222222,0.0,0.4186572170818395,0.1752738654147105,1.0,0.0,1.0,0.9444444444444444,1.0,0.2306688919537699,0.05320813771517998,1.0,0.0,3.0,0.2222222222222222,0.0,0.5622445516296675,0.31611893583724576,3.0,0.0,0.0,0.0,0.0,0.0,0.0,0.0,0.0,0.0,0.0,0.0,0.0,0.0,0.0,0.0,1.0,0.2916666666666667,0.0,0.45771939248137733,0.20950704225352115,1.0,0.0,0.0,0.0,0.0,0.0,0.0,0.0,0.0,12.0,0.7222222222222222,0.0,2.2153257619618594,4.907668231611893,12.0,46.0,0.0,21.0,0.0,0.0,0.0,0.0,21.0,0.0,5.0,26.0,0.0,0.0,4.0,0.0,0.0,14.0,0.0,0.0,0.0,0.0,0.0,0.0,0.0
1013,355,Michael Jordan (23),14,13,22,46,6,6,1,1,0,0,7,25,20,26,1,12,52.0,7.0,10.0,0.0,9.0,1.1923076923076923,0.0,1.836860722873072,3.374057315233785,9.0,0.0,2.0,0.36538461538461536,0.0,0.5250152622934171,0.27564102564102555,2.0,0.0,1.0,0.9807692307692307,1.0,0.13867504905630726,0.01923076923076923,1.0,0.0,7.0,0.5384615384615384,0.0,1.1455204906810423,1.3122171945701357,7.0,0.0,0.0,0.0,0.0,0.0,0.0,0.0,0.0,0.0,0.0,0.0,0.0,0.0,0.0,0.0,3.0,0.4230769230769231,0.0,0.6054055145966812,0.36651583710407243,3.0,0.0,2.0,0.09615384615384616,0.0,0.357530494222021,0.12782805429864258,2.0,0.0,16.0,1.25,0.0,3.547299442298794,12.583333333333334,16.0,46.0,0.0,30.0,0.0,0.0,0.0,0.0,17.0,3.0,7.0,6.0,0.0,0.0,0.0,0.0,0.0,15.0,0.0,0.0,0.0,0.0,0.0,0.0,0.0
1013,369,Jack Bauer,-10,13,14,32,2,2,0,0,16,34,0,0,0,0,1,7,70.0,38.0,14.0,0.0,9.0,0.6285714285714286,0.0,1.6076937174185,2.584679089026916,9.0,0.0,1.0,0.32857142857142857,0.0,0.47308511264837305,0.22380952380952382,1.0,0.0,1.0,0.8714285714285714,1.0,0.3371418043988196,0.11366459627329192,1.0,0.0,2.0,0.18571428571428572,0.0,0.4270850691779095,0.18240165631469973,2.0,0.0,0.0,0.0,0.0,0.0,0.0,0.0,0.0,0.0,0.0,0.0,0.0,0.0,0.0,0.0,2.0,0.11428571428571428,0.0,0.3628732817851714,0.13167701863354042,2.0,0.0,2.0,0.12857142857142856,0.0,0.37769048640344216,0.14265010351966873,2.0,0.0,16.0,1.1428571428571428,0.0,3.25391943944937,10.587991718426503,16.0,57.0,0.0,19.0,0.0,0.0,0.0,0.0,27.0,0.0,13.0,13.0,0.0,0.0,3.0,0.0,0.0,13.0,0.0,0.0,0.0,0.0,0.0,0.0,0.0
1013,389,Pony,3,14,31,56,9,19,4,14,5,6,6,16,25,39,1,8,88.0,41.0,32.0,0.0,13.0,1.1931818181818181,1.0,1.8622564149622147,3.467998955067921,13.0,0.0,1.0,0.29545454545454547,0.0,0.45886143224517123,0.2105538140020899,1.0,0.0,1.0,0.8636363636363636,1.0,0.3451409234693729,0.11912225705329153,1.0,0.0,4.0,0.25,0.0,0.6989318615762461,0.4885057471264368,4.0,0.0,0.0,0.0,0.0,0.0,0.0,0.0,0.0,0.0,0.0,0.0,0.0,0.0,0.0,0.0,2.0,0.45454545454545453,0.0,0.523232457715199,0.2737722048066875,2.0,0.0,2.0,0.06818181818181818,0.0,0.2953842051145236,0.08725182863113896,2.0,0.0,18.0,1.4318181818181819,0.0,3.8708918291227237,14.983803552769066,18.0,65.0,0.0,25.0,0.0,0.0,0.0,0.0,19.0,3.0,9.0,23.0,0.0,0.0,3.0,0.0,0.0,22.0,0.0,0.0,0.0,0.0,0.0,0.0,0.0
1013,408,Sprint 26 (Yay!),10,13,12,29,5,5,2,2,4,11,7,17,4,4,1,7,67.0,26.0,29.0,0.0,17.0,0.582089552238806,0.0,2.2166672617771583,4.913613749434646,17.0,0.0,1.0,0.43283582089552236,0.0,0.4992078754785888,0.24920850293984623,1.0,0.0,2.0,0.8656716417910447,1.0,0.38516121725134317,0.14834916327453637,2.0,0.0,3.0,0.26865671641791045,0.0,0.6647416803413143,0.4418815015829941,3.0,0.0,0.0,0.0,0.0,0.0,0.0,0.0,0.0,0.0,0.0,0.0,0.0,0.0,0.0,0.0,3.0,0.26865671641791045,0.0,0.6174750529186855,0.3812754409769335,3.0,0.0,2.0,0.1791044776119403,0.0,0.42374138533581285,0.17955676164631384,2.0,0.0,12.0,0.7014925373134329,0.0,2.2764600734149845,5.182270465852557,12.0,53.0,0.0,30.0,0.0,0.0,0.0,0.0,11.0,5.0,11.0,14.0,0.0,0.0,0.0,0.0,0.0,11.0,0.0,0.0,0.0,0.0,0.0,0.0,0.0
1013,424,The Hammer,-10,14,14,32,3,3,0,0,5,12,8,19,4,4,1,7,52.0,34.0,25.0,0.0,21.0,1.1923076923076923,0.0,3.193366049640801,10.197586726998495,21.0,0.0,1.0,0.17307692307692307,0.0,0.3820047143818447,0.14592760180995476,1.0,0.0,2.0,0.9615384615384616,1.0,0.39415028792593376,0.1553544494720965,2.0,0.0,3.0,0.21153846153846154,0.0,0.6366745239697411,0.4053544494720964,3.0,0.0,0.0,0.0,0.0,0.0,0.0,0.0,0.0,0.0,0.0,0.0,0.0,0.0,0.0,0.0,6.0,1.3653846153846154,0.5,1.6212902892793792,2.6285822021116134,6.0,0.0,1.0,0.038461538461538464,0.0,0.19418390934515434,0.03770739064856712,1.0,0.0,17.0,1.4807692307692308,0.0,3.4040943318614367,11.58785822021116,17.0,37.0,0.0,6.0,0.0,0.0,0.0,0.0,6.0,0.0,7.0,15.0,0.0,0.0,2.0,0.0,0.0,12.0,0.0,0.0,0.0,0.0,0.0,0.0,0.0
1013,433,6.1.5 docs,0,14,1,1,0,0,1,1,0,0,0,0,0,0,1,1,1.0,0.0,0.0,0.0,0.0,0.0,0.0,0.0,0.0,0.0,0.0,0.0,0.0,0.0,0.0,0.0,0.0,1.0,1.0,1.0,1.0,0.0,0.0,0.0,0.0,0.0,0.0,0.0,0.0,0.0,0.0,0.0,0.0,0.0,0.0,0.0,0.0,0.0,0.0,0.0,0.0,0.0,0.0,0.0,0.0,2.0,2.0,2.0,2.0,0.0,0.0,0.0,0.0,0.0,0.0,0.0,0.0,0.0,0.0,0.0,0.0,0.0,0.0,0.0,0.0,0.0,0.0,0.0,0.0,0.0,0.0,0.0,0.0,0.0,0.0,0.0,1.0,0.0,0.0,0.0,0.0,0.0,1.0,0.0,0.0,0.0,0.0,0.0,0.0,0.0
1013,446,28 Sprints Later,11,10,17,39,4,4,1,1,3,5,10,26,7,11,1,8,61.0,23.0,23.0,0.0,10.0,1.0,0.0,2.041241452319315,4.166666666666667,10.0,0.0,1.0,0.21311475409836064,0.0,0.4129065309227846,0.1704918032786885,1.0,0.0,1.0,0.9508196721311475,1.0,0.21803894974650143,0.047540983606557376,1.0,0.0,3.0,0.18032786885245902,0.0,0.5002731494331031,0.2502732240437159,3.0,0.0,0.0,0.0,0.0,0.0,0.0,0.0,0.0,0.0,0.0,0.0,0.0,0.0,0.0,0.0,5.0,0.7868852459016393,0.0,1.2924750687261588,1.6704918032786888,5.0,0.0,0.0,0.0,0.0,0.0,0.0,0.0,0.0,8.0,0.7049180327868853,0.0,1.792058986148633,3.211475409836066,8.0,52.0,0.0,17.0,0.0,0.0,0.0,0.0,9.0,1.0,3.0,9.0,0.0,0.0,4.0,0.0,0.0,21.0,0.0,0.0,0.0,0.0,0.0,0.0,0.0
1013,476,Eng Health,-4,4,5,5,5,5,0,0,1,1,7,7,2,2,1,6,13.0,0.0,0.0,0.0,9.0,1.1538461538461537,0.0,2.444250186531439,5.974358974358975,9.0,0.0,1.0,0.07692307692307693,0.0,0.2773500981126146,0.07692307692307694,1.0,0.0,1.0,0.8461538461538461,1.0,0.37553380809940534,0.141025641025641,1.0,0.0,1.0,0.15384615384615385,0.0,0.37553380809940534,0.141025641025641,1.0,0.0,0.0,0.0,0.0,0.0,0.0,0.0,0.0,0.0,0.0,0.0,0.0,0.0,0.0,0.0,3.0,0.38461538461538464,0.0,0.869718492622904,0.7564102564102563,3.0,0.0,0.0,0.0,0.0,0.0,0.0,0.0,0.0,3.0,0.38461538461538464,0.0,0.9607689228305227,0.9230769230769229,3.0,11.0,0.0,2.0,0.0,0.0,0.0,0.0,1.0,0.0,0.0,2.0,0.0,0.0,1.0,0.0,0.0,11.0,0.0,0.0,0.0,0.0,0.0,0.0,0.0
1013,489,Sprint 29 - 6.2.1,1,14,34,42,13,13,1,1,21,21,10,16,15,17,1,10,63.0,11.0,16.0,0.0,10.0,1.380952380952381,0.0,2.2606634155355847,5.110599078341016,10.0,0.0,1.0,0.015873015873015872,0.0,0.12598815766974242,0.015873015873015872,1.0,0.0,1.0,0.8888888888888888,1.0,0.31679397554099437,0.10035842293906813,1.0,0.0,7.0,0.4444444444444444,0.0,1.1747035010640714,1.3799283154121866,7.0,0.0,0.0,0.0,0.0,0.0,0.0,0.0,0.0,0.0,0.0,0.0,0.0,0.0,0.0,0.0,7.0,0.5079365079365079,0.0,1.2164599070997604,1.4797747055811576,7.0,0.0,3.0,0.15873015873015872,0.0,0.5145103907019731,0.264720942140297,3.0,0.0,11.0,0.7142857142857143,0.0,2.0590365068170913,4.239631336405529,11.0,52.0,0.0,33.0,0.0,0.0,0.0,0.0,17.0,1.0,8.0,11.0,0.0,0.0,2.0,0.0,0.0,19.0,0.0,0.0,0.0,0.0,0.0,0.0,0.0
1013,513,6.2.2 docs,0,20,5,9,0,0,2,4,1,1,0,0,2,4,1,2,5.0,0.0,0.0,0.0,2.0,1.4,2.0,0.8944271909999159,0.8,2.0,0.0,0.0,0.0,0.0,0.0,0.0,0.0,0.0,1.0,0.4,0.0,0.5477225575051662,0.30000000000000004,1.0,0.0,18.0,4.2,1.0,7.758865896508329,60.2,18.0,0.0,0.0,0.0,0.0,0.0,0.0,0.0,0.0,0.0,0.0,0.0,0.0,0.0,0.0,0.0,6.0,1.4,0.0,2.6076809620810595,6.8,6.0,0.0,0.0,0.0,0.0,0.0,0.0,0.0,0.0,6.0,2.4,0.0,3.286335345030997,10.8,6.0,3.0,0.0,0.0,0.0,0.0,0.0,0.0,0.0,0.0,0.0,2.0,0.0,0.0,0.0,0.0,0.0,5.0,0.0,0.0,0.0,0.0,0.0,0.0,0.0
1013,515,Sprint 30 - 6.2.2,-12,11,18,42,8,8,1,1,3,3,12,32,10,14,1,6,78.0,42.0,31.0,0.0,37.0,0.9743589743589743,0.0,4.254789078583111,18.103230103230118,37.0,0.0,1.0,0.16666666666666666,0.0,0.37509017674772654,0.14069264069264076,1.0,0.0,1.0,0.782051282051282,1.0,0.4155245752788548,0.17266067266067267,1.0,0.0,9.0,0.3717948717948718,0.0,1.3397903922025618,1.7950382950382942,9.0,0.0,0.0,0.0,0.0,0.0,0.0,0.0,0.0,0.0,0.0,0.0,0.0,0.0,0.0,0.0,3.0,0.15384615384615385,0.0,0.4580286124143445,0.20979020979020982,3.0,0.0,1.0,0.038461538461538464,0.0,0.19355241528469092,0.03746253746253745,1.0,0.0,6.0,0.3974358974358974,0.0,1.14347094739036,1.3075258075258072,6.0,65.0,0.0,20.0,0.0,0.0,0.0,0.0,11.0,4.0,6.0,13.0,0.0,0.0,10.0,0.0,0.0,16.0,0.0,0.0,0.0,0.0,0.0,0.0,0.0
1013,539,Sprint 31 - 6.2.3,-25,15,12,38,9,9,0,0,10,23,6,19,5,5,1,7,66.0,43.0,22.0,0.0,34.0,1.1515151515151516,0.0,4.476407983889364,20.03822843822844,34.0,0.0,1.0,0.12121212121212122,0.0,0.32887460856458367,0.10815850815850814,1.0,0.0,1.0,0.7575757575757576,1.0,0.4318335170875304,0.18648018648018644,1.0,0.0,9.0,0.5151515151515151,0.0,1.738632745246627,3.0228438228438224,9.0,0.0,0.0,0.0,0.0,0.0,0.0,0.0,0.0,0.0,0.0,0.0,0.0,0.0,0.0,0.0,1.0,0.07575757575757576,0.0,0.26663752754548836,0.07109557109557108,1.0,0.0,1.0,0.07575757575757576,0.0,0.26663752754548836,0.07109557109557106,1.0,0.0,8.0,0.4090909090909091,0.0,1.1499467911071461,1.3223776223776222,8.0,52.0,0.0,14.0,0.0,0.0,0.0,0.0,16.0,0.0,14.0,14.0,0.0,0.0,5.0,0.0,0.0,9.0,0.0,0.0,0.0,0.0,0.0,0.0,0.0
1013,573,Sprint 32 - 6.2.4,15,14,9,16,2,2,0,0,5,5,4,11,2,2,1,7,59.0,42.0,26.0,0.0,43.0,1.2881355932203389,0.0,5.586470255208735,31.208649912331957,43.0,0.0,1.0,0.01694915254237288,0.0,0.13018891098082389,0.016949152542372885,1.0,0.0,1.0,0.5932203389830508,1.0,0.49544978059984524,0.2454704850964348,1.0,0.0,9.0,0.4406779661016949,0.0,1.4175158752462358,2.009351256575102,9.0,0.0,0.0,0.0,0.0,0.0,0.0,0.0,0.0,0.0,0.0,0.0,0.0,0.0,0.0,0.0,3.0,0.06779661016949153,0.0,0.40955849987016163,0.16773816481589718,3.0,0.0,1.0,0.0847457627118644,0.0,0.2808936228404367,0.07890122735242548,1.0,0.0,5.0,0.3389830508474576,0.0,0.9932560438644662,0.9865575686732904,5.0,50.0,0.0,6.0,0.0,0.0,0.0,0.0,11.0,2.0,7.0,9.0,0.0,0.0,2.0,0.0,0.0,11.0,0.0,0.0,0.0,0.0,0.0,0.0,0.0
1013,598,Arsenic - 6.2.5,14,21,8,19,5,5,2,2,11,22,0,0,0,0,1,8,68.0,34.0,27.0,0.0,7.0,0.9411764705882353,0.0,1.760955922059977,3.100965759438104,7.0,0.0,1.0,0.14705882352941177,0.0,0.3567977763447601,0.12730465320456547,1.0,0.0,1.0,0.9411764705882353,1.0,0.2370435403783839,0.056189640035118525,1.0,0.0,10.0,0.35294117647058826,0.0,1.3578374584803319,1.8437225636523271,10.0,0.0,0.0,0.0,0.0,0.0,0.0,0.0,0.0,0.0,0.0,0.0,0.0,0.0,0.0,0.0,2.0,0.1323529411764706,0.0,0.41982269764021446,0.17625109745390694,2.0,0.0,4.0,0.14705882352941177,0.0,0.5535423478077407,0.3064091308165057,4.0,0.0,10.0,0.8235294117647058,0.0,2.3559462811615743,5.550482879719053,10.0,55.0,0.0,15.0,0.0,0.0,0.0,0.0,8.0,6.0,6.0,13.0,0.0,0.0,2.0,0.0,0.0,19.0,0.0,0.0,0.0,0.0,0.0,0.0,0.0
1013,630,Shaquille O'Neal - 6.3,0,14,6,6,1,1,0,0,1,1,2,2,4,4,1,4,15.0,7.0,8.0,0.0,5.0,1.2,0.0,1.61245154965971,2.6,5.0,0.0,4.0,0.5333333333333333,0.0,1.0600988273786194,1.123809523809524,4.0,0.0,1.0,0.9333333333333333,1.0,0.25819888974716115,0.06666666666666668,1.0,0.0,2.0,0.26666666666666666,0.0,0.5936168397046635,0.3523809523809522,2.0,0.0,0.0,0.0,0.0,0.0,0.0,0.0,0.0,0.0,0.0,0.0,0.0,0.0,0.0,0.0,1.0,0.26666666666666666,0.0,0.4577377082170635,0.20952380952380958,1.0,0.0,1.0,0.13333333333333333,0.0,0.35186577527449836,0.12380952380952377,1.0,0.0,2.0,0.3333333333333333,0.0,0.6172133998483675,0.3809523809523808,2.0,14.0,0.0,8.0,0.0,0.0,0.0,0.0,6.0,0.0,1.0,1.0,0.0,0.0,0.0,0.0,0.0,0.0,0.0,0.0,0.0,0.0,0.0,0.0,0.0
1013,657,35mm reel,0,14,2,2,0,0,0,0,0,0,0,0,2,2,1,3,2.0,0.0,1.0,5.0,10.0,7.5,7.5,3.5355339059327378,12.5,5.0,1.0,4.0,2.5,2.5,2.1213203435596424,4.5,3.0,1.0,1.0,1.0,1.0,0.0,0.0,0.0,0.0,2.0,1.0,1.0,1.4142135623730951,2.0,2.0,0.0,0.0,0.0,0.0,0.0,0.0,0.0,0.0,0.0,0.0,0.0,0.0,0.0,0.0,3.0,3.0,3.0,3.0,0.0,0.0,0.0,0.0,0.0,0.0,0.0,0.0,0.0,0.0,2.0,5.0,3.5,3.5,2.1213203435596424,4.5,3.0,0.0,0.0,2.0,0.0,0.0,0.0,0.0,1.0,0.0,0.0,2.0,0.0,0.0,0.0,0.0,0.0,0.0,0.0,0.0,0.0,0.0,0.0,0.0,0.0
1013,692,$.krypton - 6.3.1 part 2,-3,14,0,0,8,8,1,1,4,4,0,0,3,3,1,3,9.0,0.0,1.0,0.0,9.0,1.4444444444444444,1.0,2.877112750272011,8.277777777777777,9.0,0.0,1.0,0.5555555555555556,1.0,0.5270462766947299,0.2777777777777778,1.0,0.0,1.0,0.7777777777777778,1.0,0.44095855184409843,0.19444444444444445,1.0,0.0,2.0,0.5555555555555556,0.0,0.881917103688197,0.7777777777777779,2.0,0.0,0.0,0.0,0.0,0.0,0.0,0.0,0.0,0.0,0.0,0.0,0.0,0.0,0.0,0.0,1.0,0.3333333333333333,0.0,0.5,0.25,1.0,0.0,1.0,0.4444444444444444,0.0,0.5270462766947299,0.2777777777777778,1.0,0.0,3.0,0.3333333333333333,0.0,0.9999999999999999,0.9999999999999999,3.0,1.0,0.0,9.0,0.0,0.0,0.0,0.0,2.0,0.0,1.0,8.0,0.0,0.0,5.0,0.0,0.0,0.0,0.0,0.0,0.0,0.0,0.0,0.0,0.0
1013,693,Jo's last cuppa tea,3,14,4,4,1,1,0,0,0,0,1,1,4,4,1,2,8.0,0.0,1.0,0.0,4.0,1.75,1.5,1.7525491637693282,3.0714285714285716,4.0,0.0,0.0,0.0,0.0,0.0,0.0,0.0,1.0,1.0,1.0,1.0,0.0,0.0,0.0,0.0,4.0,0.5,0.0,1.4142135623730951,2.0,4.0,0.0,0.0,0.0,0.0,0.0,0.0,0.0,0.0,0.0,0.0,0.0,0.0,0.0,0.0,0.0,1.0,0.5,0.5,0.5345224838248488,0.2857142857142857,1.0,0.0,1.0,0.625,1.0,0.5175491695067657,0.26785714285714285,1.0,0.0,2.0,0.375,0.0,0.7440238091428449,0.5535714285714286,2.0,4.0,0.0,8.0,0.0,0.0,0.0,0.0,2.0,1.0,0.0,4.0,0.0,0.0,4.0,0.0,0.0,0.0,0.0,0.0,0.0,0.0,0.0,0.0,0.0
1013,750,Reporting kick off,2,14,4,4,1,1,1,1,0,0,4,4,0,0,1,4,7.0,0.0,0.0,0.0,14.0,4.142857142857143,0.0,5.785861256216785,33.476190476190474,14.0,0.0,2.0,0.8571428571428571,1.0,0.8997354108424372,0.8095238095238093,2.0,0.0,1.0,0.7142857142857143,1.0,0.48795003647426655,0.23809523809523805,1.0,0.0,10.0,3.0,2.0,3.366501646120693,11.333333333333334,10.0,0.0,0.0,0.0,0.0,0.0,0.0,0.0,0.0,0.0,0.0,0.0,0.0,0.0,0.0,0.0,0.0,0.0,0.0,0.0,0.0,0.0,0.0,2.0,0.8571428571428571,1.0,0.6900655593423541,0.4761904761904761,2.0,0.0,2.0,0.5714285714285714,0.0,0.7867957924694432,0.6190476190476191,2.0,1.0,0.0,7.0,0.0,0.0,0.0,0.0,4.0,0.0,3.0,6.0,0.0,0.0,0.0,0.0,0.0,0.0,0.0,0.0,0.0,0.0,0.0,0.0,0.0
1013,823,Status Coathanger Reporting,1,14,1,1,1,1,0,0,1,1,0,0,1,1,1,1,3.0,0.0,0.0,0.0,2.0,1.0,1.0,1.0,1.0,2.0,0.0,0.0,0.0,0.0,0.0,0.0,0.0,1.0,1.0,1.0,1.0,0.0,0.0,0.0,0.0,1.0,0.3333333333333333,0.0,0.5773502691896258,0.33333333333333337,1.0,0.0,0.0,0.0,0.0,0.0,0.0,0.0,0.0,0.0,0.0,0.0,0.0,0.0,0.0,0.0,1.0,0.3333333333333333,0.0,0.5773502691896258,0.33333333333333337,1.0,0.0,2.0,1.0,1.0,1.0,1.0,2.0,0.0,2.0,0.6666666666666666,0.0,1.1547005383792517,1.3333333333333335,2.0,2.0,0.0,2.0,0.0,0.0,0.0,0.0,1.0,1.0,0.0,1.0,0.0,0.0,0.0,0.0,0.0,1.0,0.0,0.0,0.0,0.0,0.0,0.0,0.0
1013,824,Finish Coathanger,0,14,5,5,2,2,2,2,3,3,1,1,1,1,1,2,9.0,0.0,4.0,0.0,11.0,2.888888888888889,1.0,4.428443418528807,19.611111111111107,11.0,0.0,2.0,1.0,1.0,0.5,0.25,2.0,0.0,1.0,0.7777777777777778,1.0,0.44095855184409843,0.19444444444444445,1.0,0.0,9.0,2.888888888888889,1.0,3.551212625443753,12.61111111111111,9.0,0.0,0.0,0.0,0.0,0.0,0.0,0.0,0.0,0.0,0.0,0.0,0.0,0.0,0.0,0.0,1.0,0.2222222222222222,0.0,0.44095855184409843,0.19444444444444445,1.0,0.0,1.0,0.2222222222222222,0.0,0.44095855184409843,0.19444444444444445,1.0,0.0,11.0,1.4444444444444444,0.0,3.6438685181792407,13.277777777777777,11.0,3.0,0.0,9.0,0.0,0.0,0.0,0.0,0.0,0.0,5.0,6.0,0.0,0.0,0.0,0.0,0.0,0.0,0.0,0.0,0.0,0.0,0.0,0.0,0.0
1013,901,Two streams - M.E.,1,14,0,0,0,0,0,0,0,0,0,0,0,0,1,1,1.0,0.0,1.0,0.0,0.0,0.0,0.0,0.0,0.0,0.0,1.0,1.0,1.0,1.0,0.0,0.0,0.0,1.0,1.0,1.0,1.0,0.0,0.0,0.0,0.0,0.0,0.0,0.0,0.0,0.0,0.0,0.0,0.0,0.0,0.0,0.0,0.0,0.0,0.0,0.0,0.0,0.0,0.0,0.0,0.0,0.0,0.0,0.0,0.0,0.0,0.0,0.0,0.0,0.0,0.0,0.0,0.0,0.0,0.0,0.0,0.0,0.0,0.0,0.0,0.0,0.0,0.0,0.0,1.0,0.0,0.0,0.0,0.0,0.0,0.0,0.0,1.0,0.0,0.0,0.0,0.0,0.0,0.0,0.0,0.0,0.0,0.0,0.0,0.0,0.0
1013,956,Two streams - M.J.,1,14,1,1,0,0,0,0,1,1,0,0,0,0,1,1,3.0,0.0,0.0,0.0,1.0,0.3333333333333333,0.0,0.5773502691896258,0.33333333333333337,1.0,0.0,2.0,1.0,1.0,1.0,1.0,2.0,1.0,1.0,1.0,1.0,0.0,0.0,0.0,0.0,8.0,3.0,1.0,4.358898943540674,19.0,8.0,0.0,0.0,0.0,0.0,0.0,0.0,0.0,0.0,0.0,0.0,0.0,0.0,0.0,0.0,0.0,0.0,0.0,0.0,0.0,0.0,0.0,0.0,1.0,0.3333333333333333,0.0,0.5773502691896258,0.33333333333333337,1.0,0.0,0.0,0.0,0.0,0.0,0.0,0.0,2.0,0.0,3.0,0.0,0.0,0.0,0.0,1.0,1.0,1.0,1.0,0.0,0.0,0.0,0.0,0.0,0.0,0.0,0.0,0.0,0.0,0.0,0.0,0.0
1013,989,such christmas. such wow (ME),0,14,2,2,1,1,0,0,1,1,1,1,1,1,1,2,3.0,0.0,2.0,0.0,4.0,2.0,2.0,2.0,4.0,4.0,1.0,2.0,1.3333333333333333,1.0,0.5773502691896257,0.3333333333333333,1.0,0.0,1.0,0.6666666666666666,1.0,0.5773502691896258,0.33333333333333337,1.0,2.0,5.0,3.0,2.0,1.7320508075688772,3.0,3.0,0.0,0.0,0.0,0.0,0.0,0.0,0.0,0.0,0.0,0.0,0.0,0.0,0.0,0.0,0.0,0.0,0.0,0.0,0.0,0.0,0.0,0.0,1.0,0.3333333333333333,0.0,0.5773502691896258,0.33333333333333337,1.0,0.0,2.0,1.0,1.0,1.0,1.0,2.0,0.0,0.0,3.0,0.0,0.0,0.0,0.0,1.0,0.0,0.0,3.0,0.0,0.0,0.0,0.0,0.0,0.0,0.0,0.0,0.0,0.0,0.0,0.0,0.0
1013,999,2014s01 - ME,0,14,0,0,0,0,0,0,0,0,0,0,0,0,1,1,0.0,0.0,0.0,0.0,0.0,0.0,0.0,0.0,0.0,0.0,0.0,0.0,0.0,0.0,0.0,0.0,0.0,0.0,0.0,0.0,0.0,0.0,0.0,0.0,0.0,0.0,0.0,0.0,0.0,0.0,0.0,0.0,0.0,0.0,0.0,0.0,0.0,0.0,0.0,0.0,0.0,0.0,0.0,0.0,0.0,0.0,0.0,0.0,0.0,0.0,0.0,0.0,0.0,0.0,0.0,0.0,0.0,0.0,0.0,0.0,0.0,0.0,0.0,0.0,0.0,0.0,0.0,0.0,0.0,0.0,0.0,0.0,0.0,0.0,0.0,0.0,0.0,0.0,0.0,0.0,0.0,0.0,0.0,0.0,0.0,0.0,0.0,0.0,0.0,0.0
1013,1083,2014s02 - MJ,0,13,0,0,3,3,0,0,0,0,0,0,3,3,1,2,3.0,0.0,2.0,0.0,1.0,0.3333333333333333,0.0,0.5773502691896258,0.33333333333333337,1.0,0.0,1.0,0.6666666666666666,1.0,0.5773502691896258,0.33333333333333337,1.0,1.0,1.0,1.0,1.0,0.0,0.0,0.0,0.0,2.0,1.0,1.0,1.0,1.0,2.0,0.0,0.0,0.0,0.0,0.0,0.0,0.0,0.0,0.0,0.0,0.0,0.0,0.0,0.0,1.0,5.0,2.3333333333333335,1.0,2.3094010767585034,5.333333333333334,4.0,0.0,1.0,0.3333333333333333,0.0,0.5773502691896258,0.33333333333333337,1.0,0.0,2.0,1.0,1.0,1.0,1.0,2.0,1.0,0.0,3.0,0.0,0.0,0.0,0.0,1.0,0.0,0.0,2.0,0.0,0.0,0.0,0.0,0.0,0.0,0.0,0.0,0.0,0.0,0.0,0.0,0.0
1013,1127,2014s03 - ME,-1,14,3,3,1,1,0,0,2,2,1,1,1,1,1,1,4.0,0.0,0.0,0.0,6.0,1.5,0.0,3.0,9.0,6.0,0.0,1.0,0.5,0.5,0.5773502691896257,0.3333333333333333,1.0,1.0,1.0,1.0,1.0,0.0,0.0,0.0,0.0,1.0,0.25,0.0,0.5,0.25,1.0,0.0,0.0,0.0,0.0,0.0,0.0,0.0,0.0,0.0,0.0,0.0,0.0,0.0,0.0,0.0,1.0,0.25,0.0,0.5,0.25,1.0,0.0,2.0,1.25,1.5,0.9574271077563381,0.9166666666666666,2.0,0.0,1.0,0.5,0.5,0.5773502691896257,0.3333333333333333,1.0,2.0,0.0,4.0,0.0,0.0,0.0,0.0,3.0,0.0,0.0,2.0,0.0,0.0,1.0,0.0,0.0,0.0,0.0,0.0,0.0,0.0,0.0,0.0,0.0
1013,1128,2014s03 - MJ,0,14,0,0,1,1,0,0,0,0,0,0,1,1,1,1,1.0,0.0,0.0,0.0,0.0,0.0,0.0,0.0,0.0,0.0,0.0,0.0,0.0,0.0,0.0,0.0,0.0,1.0,1.0,1.0,1.0,0.0,0.0,0.0,0.0,0.0,0.0,0.0,0.0,0.0,0.0,0.0,0.0,0.0,0.0,0.0,0.0,0.0,0.0,0.0,0.0,0.0,0.0,0.0,0.0,1.0,1.0,1.0,1.0,0.0,0.0,0.0,1.0,1.0,1.0,1.0,0.0,0.0,0.0,0.0,0.0,0.0,0.0,0.0,0.0,0.0,0.0,0.0,0.0,0.0,0.0,0.0,0.0,0.0,0.0,0.0,1.0,0.0,0.0,0.0,0.0,0.0,1.0,0.0,0.0,0.0,0.0,0.0,0.0,0.0
1013,1167,2014s04 - Lexo Plus,1,14,2,2,0,0,0,0,2,2,0,0,0,0,1,2,4.0,0.0,0.0,0.0,4.0,1.75,1.5,2.0615528128088303,4.25,4.0,0.0,2.0,0.75,0.5,0.9574271077563381,0.9166666666666666,2.0,1.0,2.0,1.5,1.5,0.5773502691896257,0.3333333333333333,1.0,0.0,1.0,0.75,1.0,0.5,0.25,1.0,0.0,0.0,0.0,0.0,0.0,0.0,0.0,0.0,0.0,0.0,0.0,0.0,0.0,0.0,0.0,0.0,0.0,0.0,0.0,0.0,0.0,0.0,2.0,1.0,1.0,1.1547005383792515,1.3333333333333333,2.0,0.0,4.0,1.5,1.0,1.7320508075688772,3.0,4.0,1.0,0.0,4.0,0.0,0.0,0.0,0.0,2.0,0.0,1.0,3.0,0.0,0.0,1.0,0.0,0.0,0.0,0.0,0.0,0.0,0.0,0.0,0.0,0.0
1013,1168,2014s04 - Reports,1,14,0,0,0,0,0,0,0,0,0,0,0,0,1,1,1.0,0.0,0.0,2.0,2.0,2.0,2.0,0.0,0.0,0.0,1.0,1.0,1.0,1.0,0.0,0.0,0.0,1.0,1.0,1.0,1.0,0.0,0.0,0.0,2.0,2.0,2.0,2.0,0.0,0.0,0.0,0.0,0.0,0.0,0.0,0.0,0.0,0.0,0.0,0.0,0.0,0.0,0.0,0.0,0.0,0.0,0.0,0.0,0.0,0.0,0.0,0.0,1.0,1.0,1.0,1.0,0.0,0.0,0.0,3.0,3.0,3.0,3.0,0.0,0.0,0.0,0.0,0.0,1.0,0.0,0.0,0.0,0.0,1.0,0.0,0.0,1.0,0.0,0.0,0.0,0.0,0.0,0.0,0.0,0.0,0.0,0.0,0.0,0.0,0.0
1013,1200,2014s05 - Lexo Plus,0,14,1,1,0,0,0,0,0,0,1,1,0,0,1,1,3.0,0.0,0.0,0.0,4.0,1.3333333333333333,0.0,2.3094010767585034,5.333333333333334,4.0,0.0,1.0,0.6666666666666666,1.0,0.5773502691896258,0.33333333333333337,1.0,1.0,1.0,1.0,1.0,0.0,0.0,0.0,0.0,1.0,0.6666666666666666,1.0,0.5773502691896258,0.33333333333333337,1.0,0.0,0.0,0.0,0.0,0.0,0.0,0.0,0.0,0.0,0.0,0.0,0.0,0.0,0.0,0.0,0.0,0.0,0.0,0.0,0.0,0.0,0.0,2.0,0.6666666666666666,0.0,1.1547005383792517,1.3333333333333335,2.0,0.0,1.0,0.3333333333333333,0.0,0.5773502691896258,0.33333333333333337,1.0,0.0,0.0,3.0,0.0,0.0,0.0,0.0,2.0,0.0,1.0,3.0,0.0,0.0,0.0,0.0,0.0,0.0,0.0,0.0,0.0,0.0,0.0,0.0,0.0
1013,1201,2014s05 - Reports,2,14,0,0,0,0,0,0,0,0,0,0,0,0,1,1,2.0,0.0,1.0,0.0,2.0,1.0,1.0,1.4142135623730951,2.0,2.0,0.0,1.0,0.5,0.5,0.7071067811865476,0.5,1.0,1.0,1.0,1.0,1.0,0.0,0.0,0.0,0.0,5.0,2.5,2.5,3.5355339059327378,12.5,5.0,0.0,0.0,0.0,0.0,0.0,0.0,0.0,0.0,0.0,0.0,0.0,0.0,0.0,0.0,0.0,2.0,1.0,1.0,1.4142135623730951,2.0,2.0,0.0,0.0,0.0,0.0,0.0,0.0,0.0,1.0,6.0,3.5,3.5,3.5355339059327378,12.5,5.0,1.0,0.0,2.0,0.0,0.0,0.0,0.0,1.0,0.0,0.0,1.0,0.0,0.0,0.0,0.0,0.0,0.0,0.0,0.0,0.0,0.0,0.0,0.0,0.0
1013,1246,2014s06 - Reports,1,11,0,0,0,0,0,0,0,0,0,0,0,0,1,1,1.0,0.0,0.0,1.0,1.0,1.0,1.0,0.0,0.0,0.0,0.0,0.0,0.0,0.0,0.0,0.0,0.0,1.0,1.0,1.0,1.0,0.0,0.0,0.0,1.0,1.0,1.0,1.0,0.0,0.0,0.0,0.0,0.0,0.0,0.0,0.0,0.0,0.0,0.0,0.0,0.0,0.0,0.0,0.0,0.0,0.0,0.0,0.0,0.0,0.0,0.0,0.0,0.0,0.0,0.0,0.0,0.0,0.0,0.0,0.0,0.0,0.0,0.0,0.0,0.0,0.0,0.0,0.0,1.0,0.0,0.0,0.0,0.0,1.0,0.0,0.0,1.0,0.0,0.0,0.0,0.0,0.0,0.0,0.0,0.0,0.0,0.0,0.0,0.0,0.0
1013,1252,2014s06 - Lexo Plus,1,11,1,1,0,0,0,0,1,1,0,0,0,0,1,1,3.0,0.0,1.0,0.0,4.0,2.6666666666666665,4.0,2.3094010767585034,5.333333333333334,4.0,0.0,1.0,0.3333333333333333,0.0,0.5773502691896258,0.33333333333333337,1.0,1.0,1.0,1.0,1.0,0.0,0.0,0.0,1.0,1.0,1.0,1.0,0.0,0.0,0.0,0.0,0.0,0.0,0.0,0.0,0.0,0.0,0.0,0.0,0.0,0.0,0.0,0.0,0.0,0.0,0.0,0.0,0.0,0.0,0.0,0.0,0.0,2.0,1.3333333333333333,2.0,1.1547005383792517,1.3333333333333335,2.0,0.0,1.0,0.3333333333333333,0.0,0.5773502691896258,0.33333333333333337,1.0,2.0,0.0,3.0,0.0,0.0,0.0,0.0,2.0,0.0,0.0,1.0,0.0,0.0,0.0,0.0,0.0,0.0,0.0,0.0,0.0,0.0,0.0,0.0,0.0
1013,1305,2014s08 - Reports Plus,0,14,2,2,0,0,0,0,2,2,0,0,0,0,1,3,3.0,0.0,0.0,0.0,17.0,5.666666666666667,0.0,9.814954576223638,96.33333333333333,17.0,0.0,2.0,1.0,1.0,1.0,1.0,2.0,1.0,1.0,1.0,1.0,0.0,0.0,0.0,0.0,4.0,1.3333333333333333,0.0,2.3094010767585034,5.333333333333334,4.0,0.0,0.0,0.0,0.0,0.0,0.0,0.0,0.0,0.0,0.0,0.0,0.0,0.0,0.0,0.0,1.0,0.6666666666666666,1.0,0.5773502691896258,0.33333333333333337,1.0,0.0,1.0,0.3333333333333333,0.0,0.5773502691896258,0.33333333333333337,1.0,0.0,10.0,3.6666666666666665,1.0,5.507570547286102,30.333333333333336,10.0,1.0,0.0,3.0,0.0,0.0,0.0,0.0,3.0,0.0,0.0,2.0,0.0,0.0,0.0,0.0,0.0,0.0,0.0,0.0,0.0,0.0,0.0,0.0,0.0
1013,1342,2014s09 - Reports are go!,4,14,1,1,0,0,0,0,0,0,1,1,0,0,1,2,5.0,0.0,0.0,0.0,17.0,3.4,0.0,7.602631123499285,57.8,17.0,0.0,2.0,1.0,1.0,0.7071067811865476,0.5,2.0,1.0,1.0,1.0,1.0,0.0,0.0,0.0,0.0,4.0,2.0,2.0,1.5811388300841898,2.5,4.0,0.0,0.0,0.0,0.0,0.0,0.0,0.0,0.0,0.0,0.0,0.0,0.0,0.0,0.0,0.0,0.0,0.0,0.0,0.0,0.0,0.0,0.0,1.0,0.2,0.0,0.447213595499958,0.20000000000000004,1.0,0.0,11.0,2.2,0.0,4.919349550499538,24.200000000000003,11.0,0.0,0.0,4.0,0.0,0.0,0.0,0.0,2.0,0.0,2.0,5.0,0.0,0.0,0.0,0.0,0.0,1.0,0.0,0.0,0.0,0.0,0.0,0.0,0.0
1021,1970,Stability Sprint 0,0,14,0,0,0,0,0,0,0,0,0,0,0,0,1,1,0.0,0.0,0.0,0.0,0.0,0.0,0.0,0.0,0.0,0.0,0.0,0.0,0.0,0.0,0.0,0.0,0.0,0.0,0.0,0.0,0.0,0.0,0.0,0.0,0.0,0.0,0.0,0.0,0.0,0.0,0.0,0.0,0.0,0.0,0.0,0.0,0.0,0.0,0.0,0.0,0.0,0.0,0.0,0.0,0.0,0.0,0.0,0.0,0.0,0.0,0.0,0.0,0.0,0.0,0.0,0.0,0.0,0.0,0.0,0.0,0.0,0.0,0.0,0.0,0.0,0.0,0.0,0.0,0.0,0.0,0.0,0.0,0.0,0.0,0.0,0.0,0.0,0.0,0.0,0.0,0.0,0.0,0.0,0.0,0.0,0.0,0.0,0.0,0.0,0.0
1021,2006,Stability Sprint 1,0,14,0,0,0,0,0,0,0,0,0,0,0,0,1,1,0.0,0.0,0.0,0.0,0.0,0.0,0.0,0.0,0.0,0.0,0.0,0.0,0.0,0.0,0.0,0.0,0.0,0.0,0.0,0.0,0.0,0.0,0.0,0.0,0.0,0.0,0.0,0.0,0.0,0.0,0.0,0.0,0.0,0.0,0.0,0.0,0.0,0.0,0.0,0.0,0.0,0.0,0.0,0.0,0.0,0.0,0.0,0.0,0.0,0.0,0.0,0.0,0.0,0.0,0.0,0.0,0.0,0.0,0.0,0.0,0.0,0.0,0.0,0.0,0.0,0.0,0.0,0.0,0.0,0.0,0.0,0.0,0.0,0.0,0.0,0.0,0.0,0.0,0.0,0.0,0.0,0.0,0.0,0.0,0.0,0.0,0.0,0.0,0.0,0.0
1021,2050,Stability Sprint 2,0,14,0,0,0,0,0,0,0,0,0,0,0,0,1,1,0.0,0.0,0.0,0.0,0.0,0.0,0.0,0.0,0.0,0.0,0.0,0.0,0.0,0.0,0.0,0.0,0.0,0.0,0.0,0.0,0.0,0.0,0.0,0.0,0.0,0.0,0.0,0.0,0.0,0.0,0.0,0.0,0.0,0.0,0.0,0.0,0.0,0.0,0.0,0.0,0.0,0.0,0.0,0.0,0.0,0.0,0.0,0.0,0.0,0.0,0.0,0.0,0.0,0.0,0.0,0.0,0.0,0.0,0.0,0.0,0.0,0.0,0.0,0.0,0.0,0.0,0.0,0.0,0.0,0.0,0.0,0.0,0.0,0.0,0.0,0.0,0.0,0.0,0.0,0.0,0.0,0.0,0.0,0.0,0.0,0.0,0.0,0.0,0.0,0.0
1021,2119,Stability Sprint 3,0,14,0,0,0,0,0,0,0,0,0,0,0,0,1,1,0.0,0.0,0.0,0.0,0.0,0.0,0.0,0.0,0.0,0.0,0.0,0.0,0.0,0.0,0.0,0.0,0.0,0.0,0.0,0.0,0.0,0.0,0.0,0.0,0.0,0.0,0.0,0.0,0.0,0.0,0.0,0.0,0.0,0.0,0.0,0.0,0.0,0.0,0.0,0.0,0.0,0.0,0.0,0.0,0.0,0.0,0.0,0.0,0.0,0.0,0.0,0.0,0.0,0.0,0.0,0.0,0.0,0.0,0.0,0.0,0.0,0.0,0.0,0.0,0.0,0.0,0.0,0.0,0.0,0.0,0.0,0.0,0.0,0.0,0.0,0.0,0.0,0.0,0.0,0.0,0.0,0.0,0.0,0.0,0.0,0.0,0.0,0.0,0.0,0.0
1021,2174,Ops Sprint 3,0,7,0,0,0,0,0,0,0,0,0,0,0,0,1,1,0.0,0.0,0.0,0.0,0.0,0.0,0.0,0.0,0.0,0.0,0.0,0.0,0.0,0.0,0.0,0.0,0.0,0.0,0.0,0.0,0.0,0.0,0.0,0.0,0.0,0.0,0.0,0.0,0.0,0.0,0.0,0.0,0.0,0.0,0.0,0.0,0.0,0.0,0.0,0.0,0.0,0.0,0.0,0.0,0.0,0.0,0.0,0.0,0.0,0.0,0.0,0.0,0.0,0.0,0.0,0.0,0.0,0.0,0.0,0.0,0.0,0.0,0.0,0.0,0.0,0.0,0.0,0.0,0.0,0.0,0.0,0.0,0.0,0.0,0.0,0.0,0.0,0.0,0.0,0.0,0.0,0.0,0.0,0.0,0.0,0.0,0.0,0.0,0.0,0.0
1021,2175,Stability Sprint 3,0,14,0,0,0,0,0,0,0,0,0,0,0,0,1,1,0.0,0.0,0.0,0.0,0.0,0.0,0.0,0.0,0.0,0.0,0.0,0.0,0.0,0.0,0.0,0.0,0.0,0.0,0.0,0.0,0.0,0.0,0.0,0.0,0.0,0.0,0.0,0.0,0.0,0.0,0.0,0.0,0.0,0.0,0.0,0.0,0.0,0.0,0.0,0.0,0.0,0.0,0.0,0.0,0.0,0.0,0.0,0.0,0.0,0.0,0.0,0.0,0.0,0.0,0.0,0.0,0.0,0.0,0.0,0.0,0.0,0.0,0.0,0.0,0.0,0.0,0.0,0.0,0.0,0.0,0.0,0.0,0.0,0.0,0.0,0.0,0.0,0.0,0.0,0.0,0.0,0.0,0.0,0.0,0.0,0.0,0.0,0.0,0.0,0.0
1021,2211,Stability Sprint 4,0,12,0,0,0,0,0,0,0,0,0,0,0,0,1,1,0.0,0.0,0.0,0.0,0.0,0.0,0.0,0.0,0.0,0.0,0.0,0.0,0.0,0.0,0.0,0.0,0.0,0.0,0.0,0.0,0.0,0.0,0.0,0.0,0.0,0.0,0.0,0.0,0.0,0.0,0.0,0.0,0.0,0.0,0.0,0.0,0.0,0.0,0.0,0.0,0.0,0.0,0.0,0.0,0.0,0.0,0.0,0.0,0.0,0.0,0.0,0.0,0.0,0.0,0.0,0.0,0.0,0.0,0.0,0.0,0.0,0.0,0.0,0.0,0.0,0.0,0.0,0.0,0.0,0.0,0.0,0.0,0.0,0.0,0.0,0.0,0.0,0.0,0.0,0.0,0.0,0.0,0.0,0.0,0.0,0.0,0.0,0.0,0.0,0.0
1021,2265,Stability Sprint 5,0,10,0,0,0,0,0,0,0,0,0,0,0,0,1,1,0.0,0.0,0.0,0.0,0.0,0.0,0.0,0.0,0.0,0.0,0.0,0.0,0.0,0.0,0.0,0.0,0.0,0.0,0.0,0.0,0.0,0.0,0.0,0.0,0.0,0.0,0.0,0.0,0.0,0.0,0.0,0.0,0.0,0.0,0.0,0.0,0.0,0.0,0.0,0.0,0.0,0.0,0.0,0.0,0.0,0.0,0.0,0.0,0.0,0.0,0.0,0.0,0.0,0.0,0.0,0.0,0.0,0.0,0.0,0.0,0.0,0.0,0.0,0.0,0.0,0.0,0.0,0.0,0.0,0.0,0.0,0.0,0.0,0.0,0.0,0.0,0.0,0.0,0.0,0.0,0.0,0.0,0.0,0.0,0.0,0.0,0.0,0.0,0.0,0.0
1021,2313,Stability Sprint 6,0,14,0,0,0,0,0,0,0,0,0,0,0,0,1,1,0.0,0.0,0.0,0.0,0.0,0.0,0.0,0.0,0.0,0.0,0.0,0.0,0.0,0.0,0.0,0.0,0.0,0.0,0.0,0.0,0.0,0.0,0.0,0.0,0.0,0.0,0.0,0.0,0.0,0.0,0.0,0.0,0.0,0.0,0.0,0.0,0.0,0.0,0.0,0.0,0.0,0.0,0.0,0.0,0.0,0.0,0.0,0.0,0.0,0.0,0.0,0.0,0.0,0.0,0.0,0.0,0.0,0.0,0.0,0.0,0.0,0.0,0.0,0.0,0.0,0.0,0.0,0.0,0.0,0.0,0.0,0.0,0.0,0.0,0.0,0.0,0.0,0.0,0.0,0.0,0.0,0.0,0.0,0.0,0.0,0.0,0.0,0.0,0.0,0.0
1021,2376,Stability Sprint 7,0,13,0,0,0,0,0,0,0,0,0,0,0,0,1,1,0.0,0.0,0.0,0.0,0.0,0.0,0.0,0.0,0.0,0.0,0.0,0.0,0.0,0.0,0.0,0.0,0.0,0.0,0.0,0.0,0.0,0.0,0.0,0.0,0.0,0.0,0.0,0.0,0.0,0.0,0.0,0.0,0.0,0.0,0.0,0.0,0.0,0.0,0.0,0.0,0.0,0.0,0.0,0.0,0.0,0.0,0.0,0.0,0.0,0.0,0.0,0.0,0.0,0.0,0.0,0.0,0.0,0.0,0.0,0.0,0.0,0.0,0.0,0.0,0.0,0.0,0.0,0.0,0.0,0.0,0.0,0.0,0.0,0.0,0.0,0.0,0.0,0.0,0.0,0.0,0.0,0.0,0.0,0.0,0.0,0.0,0.0,0.0,0.0,0.0
1021,2411,Stability Sprint 8,0,12,0,0,0,0,0,0,0,0,0,0,0,0,1,1,0.0,0.0,0.0,0.0,0.0,0.0,0.0,0.0,0.0,0.0,0.0,0.0,0.0,0.0,0.0,0.0,0.0,0.0,0.0,0.0,0.0,0.0,0.0,0.0,0.0,0.0,0.0,0.0,0.0,0.0,0.0,0.0,0.0,0.0,0.0,0.0,0.0,0.0,0.0,0.0,0.0,0.0,0.0,0.0,0.0,0.0,0.0,0.0,0.0,0.0,0.0,0.0,0.0,0.0,0.0,0.0,0.0,0.0,0.0,0.0,0.0,0.0,0.0,0.0,0.0,0.0,0.0,0.0,0.0,0.0,0.0,0.0,0.0,0.0,0.0,0.0,0.0,0.0,0.0,0.0,0.0,0.0,0.0,0.0,0.0,0.0,0.0,0.0,0.0,0.0
1026,1877,Hobbits - Files 5.8 week 1/3,-3,14,0,0,1,3,0,0,1,3,0,0,0,0,1,2,1.0,0.0,0.0,3.0,3.0,3.0,3.0,0.0,0.0,0.0,1.0,1.0,1.0,1.0,0.0,0.0,0.0,0.0,0.0,0.0,0.0,0.0,0.0,0.0,2.0,2.0,2.0,2.0,0.0,0.0,0.0,0.0,0.0,0.0,0.0,0.0,0.0,0.0,0.0,0.0,0.0,0.0,0.0,0.0,0.0,0.0,0.0,0.0,0.0,0.0,0.0,0.0,1.0,1.0,1.0,1.0,0.0,0.0,0.0,1.0,1.0,1.0,1.0,0.0,0.0,0.0,0.0,0.0,1.0,0.0,0.0,0.0,0.0,1.0,0.0,0.0,1.0,0.0,0.0,0.0,0.0,0.0,0.0,0.0,0.0,0.0,0.0,0.0,0.0,0.0
1026,1989,Sprint 1,0,10,0,0,0,0,0,0,0,0,0,0,0,0,1,1,0.0,0.0,0.0,0.0,0.0,0.0,0.0,0.0,0.0,0.0,0.0,0.0,0.0,0.0,0.0,0.0,0.0,0.0,0.0,0.0,0.0,0.0,0.0,0.0,0.0,0.0,0.0,0.0,0.0,0.0,0.0,0.0,0.0,0.0,0.0,0.0,0.0,0.0,0.0,0.0,0.0,0.0,0.0,0.0,0.0,0.0,0.0,0.0,0.0,0.0,0.0,0.0,0.0,0.0,0.0,0.0,0.0,0.0,0.0,0.0,0.0,0.0,0.0,0.0,0.0,0.0,0.0,0.0,0.0,0.0,0.0,0.0,0.0,0.0,0.0,0.0,0.0,0.0,0.0,0.0,0.0,0.0,0.0,0.0,0.0,0.0,0.0,0.0,0.0,0.0
1026,2002,Sprint 2,0,14,0,0,0,0,0,0,0,0,0,0,0,0,1,1,0.0,0.0,0.0,0.0,0.0,0.0,0.0,0.0,0.0,0.0,0.0,0.0,0.0,0.0,0.0,0.0,0.0,0.0,0.0,0.0,0.0,0.0,0.0,0.0,0.0,0.0,0.0,0.0,0.0,0.0,0.0,0.0,0.0,0.0,0.0,0.0,0.0,0.0,0.0,0.0,0.0,0.0,0.0,0.0,0.0,0.0,0.0,0.0,0.0,0.0,0.0,0.0,0.0,0.0,0.0,0.0,0.0,0.0,0.0,0.0,0.0,0.0,0.0,0.0,0.0,0.0,0.0,0.0,0.0,0.0,0.0,0.0,0.0,0.0,0.0,0.0,0.0,0.0,0.0,0.0,0.0,0.0,0.0,0.0,0.0,0.0,0.0,0.0,0.0,0.0
1026,2042,Sprint 3,0,4,0,0,0,0,0,0,0,0,0,0,0,0,1,1,0.0,0.0,0.0,0.0,0.0,0.0,0.0,0.0,0.0,0.0,0.0,0.0,0.0,0.0,0.0,0.0,0.0,0.0,0.0,0.0,0.0,0.0,0.0,0.0,0.0,0.0,0.0,0.0,0.0,0.0,0.0,0.0,0.0,0.0,0.0,0.0,0.0,0.0,0.0,0.0,0.0,0.0,0.0,0.0,0.0,0.0,0.0,0.0,0.0,0.0,0.0,0.0,0.0,0.0,0.0,0.0,0.0,0.0,0.0,0.0,0.0,0.0,0.0,0.0,0.0,0.0,0.0,0.0,0.0,0.0,0.0,0.0,0.0,0.0,0.0,0.0,0.0,0.0,0.0,0.0,0.0,0.0,0.0,0.0,0.0,0.0,0.0,0.0,0.0,0.0
1026,2053,dummy,0,14,0,0,0,0,0,0,0,0,0,0,0,0,1,1,0.0,0.0,0.0,0.0,0.0,0.0,0.0,0.0,0.0,0.0,0.0,0.0,0.0,0.0,0.0,0.0,0.0,0.0,0.0,0.0,0.0,0.0,0.0,0.0,0.0,0.0,0.0,0.0,0.0,0.0,0.0,0.0,0.0,0.0,0.0,0.0,0.0,0.0,0.0,0.0,0.0,0.0,0.0,0.0,0.0,0.0,0.0,0.0,0.0,0.0,0.0,0.0,0.0,0.0,0.0,0.0,0.0,0.0,0.0,0.0,0.0,0.0,0.0,0.0,0.0,0.0,0.0,0.0,0.0,0.0,0.0,0.0,0.0,0.0,0.0,0.0,0.0,0.0,0.0,0.0,0.0,0.0,0.0,0.0,0.0,0.0,0.0,0.0,0.0,0.0
1026,2086,Sprint 5,0,14,0,0,0,0,0,0,0,0,0,0,0,0,1,1,0.0,0.0,0.0,0.0,0.0,0.0,0.0,0.0,0.0,0.0,0.0,0.0,0.0,0.0,0.0,0.0,0.0,0.0,0.0,0.0,0.0,0.0,0.0,0.0,0.0,0.0,0.0,0.0,0.0,0.0,0.0,0.0,0.0,0.0,0.0,0.0,0.0,0.0,0.0,0.0,0.0,0.0,0.0,0.0,0.0,0.0,0.0,0.0,0.0,0.0,0.0,0.0,0.0,0.0,0.0,0.0,0.0,0.0,0.0,0.0,0.0,0.0,0.0,0.0,0.0,0.0,0.0,0.0,0.0,0.0,0.0,0.0,0.0,0.0,0.0,0.0,0.0,0.0,0.0,0.0,0.0,0.0,0.0,0.0,0.0,0.0,0.0,0.0,0.0,0.0
1026,2101,Sprint 6,0,7,0,0,0,0,0,0,0,0,0,0,0,0,1,1,0.0,0.0,0.0,0.0,0.0,0.0,0.0,0.0,0.0,0.0,0.0,0.0,0.0,0.0,0.0,0.0,0.0,0.0,0.0,0.0,0.0,0.0,0.0,0.0,0.0,0.0,0.0,0.0,0.0,0.0,0.0,0.0,0.0,0.0,0.0,0.0,0.0,0.0,0.0,0.0,0.0,0.0,0.0,0.0,0.0,0.0,0.0,0.0,0.0,0.0,0.0,0.0,0.0,0.0,0.0,0.0,0.0,0.0,0.0,0.0,0.0,0.0,0.0,0.0,0.0,0.0,0.0,0.0,0.0,0.0,0.0,0.0,0.0,0.0,0.0,0.0,0.0,0.0,0.0,0.0,0.0,0.0,0.0,0.0,0.0,0.0,0.0,0.0,0.0,0.0
1026,2129,Sprint 7,0,7,0,0,0,0,0,0,0,0,0,0,0,0,1,1,0.0,0.0,0.0,0.0,0.0,0.0,0.0,0.0,0.0,0.0,0.0,0.0,0.0,0.0,0.0,0.0,0.0,0.0,0.0,0.0,0.0,0.0,0.0,0.0,0.0,0.0,0.0,0.0,0.0,0.0,0.0,0.0,0.0,0.0,0.0,0.0,0.0,0.0,0.0,0.0,0.0,0.0,0.0,0.0,0.0,0.0,0.0,0.0,0.0,0.0,0.0,0.0,0.0,0.0,0.0,0.0,0.0,0.0,0.0,0.0,0.0,0.0,0.0,0.0,0.0,0.0,0.0,0.0,0.0,0.0,0.0,0.0,0.0,0.0,0.0,0.0,0.0,0.0,0.0,0.0,0.0,0.0,0.0,0.0,0.0,0.0,0.0,0.0,0.0,0.0
1026,2150,Sprint 8,0,14,0,0,0,0,0,0,0,0,0,0,0,0,1,1,0.0,0.0,0.0,0.0,0.0,0.0,0.0,0.0,0.0,0.0,0.0,0.0,0.0,0.0,0.0,0.0,0.0,0.0,0.0,0.0,0.0,0.0,0.0,0.0,0.0,0.0,0.0,0.0,0.0,0.0,0.0,0.0,0.0,0.0,0.0,0.0,0.0,0.0,0.0,0.0,0.0,0.0,0.0,0.0,0.0,0.0,0.0,0.0,0.0,0.0,0.0,0.0,0.0,0.0,0.0,0.0,0.0,0.0,0.0,0.0,0.0,0.0,0.0,0.0,0.0,0.0,0.0,0.0,0.0,0.0,0.0,0.0,0.0,0.0,0.0,0.0,0.0,0.0,0.0,0.0,0.0,0.0,0.0,0.0,0.0,0.0,0.0,0.0,0.0,0.0
1026,2183,Sprint 9,0,7,0,0,2,6,0,0,1,3,1,3,0,0,1,4,3.0,0.0,1.0,3.0,7.0,4.666666666666667,4.0,2.0816659994661326,4.333333333333333,4.0,1.0,3.0,1.6666666666666667,1.0,1.1547005383792517,1.3333333333333335,2.0,0.0,1.0,0.6666666666666666,1.0,0.5773502691896258,0.33333333333333337,1.0,0.0,2.0,0.6666666666666666,0.0,1.1547005383792517,1.3333333333333335,2.0,0.0,0.0,0.0,0.0,0.0,0.0,0.0,0.0,0.0,0.0,0.0,0.0,0.0,0.0,0.0,0.0,0.0,0.0,0.0,0.0,0.0,0.0,2.0,1.0,1.0,1.0,1.0,2.0,0.0,2.0,1.0,1.0,1.0,1.0,2.0,0.0,0.0,3.0,0.0,0.0,0.0,0.0,2.0,0.0,0.0,3.0,0.0,0.0,0.0,0.0,0.0,0.0,0.0,0.0,0.0,0.0,0.0,0.0,0.0
1026,2210,Sprint 10,-3,7,1,3,0,0,0,0,1,3,0,0,0,0,1,3,1.0,0.0,0.0,3.0,3.0,3.0,3.0,0.0,0.0,0.0,1.0,1.0,1.0,1.0,0.0,0.0,0.0,0.0,0.0,0.0,0.0,0.0,0.0,0.0,2.0,2.0,2.0,2.0,0.0,0.0,0.0,0.0,0.0,0.0,0.0,0.0,0.0,0.0,0.0,0.0,0.0,0.0,0.0,0.0,0.0,0.0,0.0,0.0,0.0,0.0,0.0,0.0,1.0,1.0,1.0,1.0,0.0,0.0,0.0,1.0,1.0,1.0,1.0,0.0,0.0,0.0,0.0,0.0,1.0,0.0,0.0,0.0,0.0,1.0,0.0,0.0,1.0,0.0,0.0,0.0,0.0,0.0,0.0,0.0,0.0,0.0,0.0,0.0,0.0,0.0
1026,2231,Sprint 11,-3,7,0,0,1,3,0,0,1,3,0,0,0,0,1,4,1.0,0.0,0.0,3.0,3.0,3.0,3.0,0.0,0.0,0.0,1.0,1.0,1.0,1.0,0.0,0.0,0.0,0.0,0.0,0.0,0.0,0.0,0.0,0.0,2.0,2.0,2.0,2.0,0.0,0.0,0.0,0.0,0.0,0.0,0.0,0.0,0.0,0.0,0.0,0.0,0.0,0.0,0.0,0.0,0.0,0.0,0.0,0.0,0.0,0.0,0.0,0.0,1.0,1.0,1.0,1.0,0.0,0.0,0.0,1.0,1.0,1.0,1.0,0.0,0.0,0.0,0.0,0.0,1.0,0.0,0.0,0.0,0.0,1.0,0.0,0.0,1.0,0.0,0.0,0.0,0.0,0.0,0.0,0.0,0.0,0.0,0.0,0.0,0.0,0.0
1026,2275,Sprint 12,-5,4,1,3,1,2,0,0,1,3,1,2,0,0,1,4,2.0,0.0,1.0,1.0,3.0,2.0,2.0,1.4142135623730951,2.0,2.0,1.0,1.0,1.0,1.0,0.0,0.0,0.0,0.0,1.0,0.5,0.5,0.7071067811865476,0.5,1.0,0.0,2.0,1.0,1.0,1.4142135623730951,2.0,2.0,0.0,0.0,0.0,0.0,0.0,0.0,0.0,0.0,0.0,0.0,0.0,0.0,0.0,0.0,0.0,0.0,0.0,0.0,0.0,0.0,0.0,0.0,1.0,0.5,0.5,0.7071067811865476,0.5,1.0,1.0,4.0,2.5,2.5,2.1213203435596424,4.5,3.0,0.0,0.0,2.0,0.0,0.0,0.0,0.0,1.0,0.0,0.0,2.0,0.0,0.0,0.0,0.0,0.0,0.0,0.0,0.0,0.0,0.0,0.0,0.0,0.0
1026,2299,Sprint 13,-3,4,2,5,0,0,0,0,1,3,0,0,1,2,1,5,2.0,0.0,1.0,1.0,3.0,2.0,2.0,1.4142135623730951,2.0,2.0,1.0,1.0,1.0,1.0,0.0,0.0,0.0,0.0,1.0,0.5,0.5,0.7071067811865476,0.5,1.0,0.0,2.0,1.0,1.0,1.4142135623730951,2.0,2.0,0.0,0.0,0.0,0.0,0.0,0.0,0.0,0.0,0.0,0.0,0.0,0.0,0.0,0.0,0.0,0.0,0.0,0.0,0.0,0.0,0.0,0.0,1.0,0.5,0.5,0.7071067811865476,0.5,1.0,1.0,4.0,2.5,2.5,2.1213203435596424,4.5,3.0,0.0,0.0,2.0,0.0,0.0,0.0,0.0,1.0,0.0,0.0,2.0,0.0,0.0,0.0,0.0,0.0,0.0,0.0,0.0,0.0,0.0,0.0,0.0,0.0
1026,2318,Sprint 14,-3,4,1,3,0,0,0,0,1,3,0,0,0,0,1,4,1.0,0.0,0.0,3.0,3.0,3.0,3.0,0.0,0.0,0.0,1.0,1.0,1.0,1.0,0.0,0.0,0.0,0.0,0.0,0.0,0.0,0.0,0.0,0.0,2.0,2.0,2.0,2.0,0.0,0.0,0.0,0.0,0.0,0.0,0.0,0.0,0.0,0.0,0.0,0.0,0.0,0.0,0.0,0.0,0.0,0.0,0.0,0.0,0.0,0.0,0.0,0.0,1.0,1.0,1.0,1.0,0.0,0.0,0.0,1.0,1.0,1.0,1.0,0.0,0.0,0.0,0.0,0.0,1.0,0.0,0.0,0.0,0.0,1.0,0.0,0.0,1.0,0.0,0.0,0.0,0.0,0.0,0.0,0.0,0.0,0.0,0.0,0.0,0.0,0.0
1026,2341,Sprint 15,0,7,0,0,1,3,1,3,0,0,0,0,0,0,1,4,1.0,0.0,0.0,3.0,3.0,3.0,3.0,0.0,0.0,0.0,1.0,1.0,1.0,1.0,0.0,0.0,0.0,0.0,0.0,0.0,0.0,0.0,0.0,0.0,2.0,2.0,2.0,2.0,0.0,0.0,0.0,0.0,0.0,0.0,0.0,0.0,0.0,0.0,0.0,0.0,0.0,0.0,0.0,0.0,0.0,0.0,0.0,0.0,0.0,0.0,0.0,0.0,1.0,1.0,1.0,1.0,0.0,0.0,0.0,1.0,1.0,1.0,1.0,0.0,0.0,0.0,0.0,0.0,1.0,0.0,0.0,0.0,0.0,1.0,0.0,0.0,1.0,0.0,0.0,0.0,0.0,0.0,0.0,0.0,0.0,0.0,0.0,0.0,0.0,0.0
1026,2360,Sprint 16,0,7,0,0,0,0,0,0,0,0,0,0,0,0,1,1,0.0,0.0,0.0,0.0,0.0,0.0,0.0,0.0,0.0,0.0,0.0,0.0,0.0,0.0,0.0,0.0,0.0,0.0,0.0,0.0,0.0,0.0,0.0,0.0,0.0,0.0,0.0,0.0,0.0,0.0,0.0,0.0,0.0,0.0,0.0,0.0,0.0,0.0,0.0,0.0,0.0,0.0,0.0,0.0,0.0,0.0,0.0,0.0,0.0,0.0,0.0,0.0,0.0,0.0,0.0,0.0,0.0,0.0,0.0,0.0,0.0,0.0,0.0,0.0,0.0,0.0,0.0,0.0,0.0,0.0,0.0,0.0,0.0,0.0,0.0,0.0,0.0,0.0,0.0,0.0,0.0,0.0,0.0,0.0,0.0,0.0,0.0,0.0,0.0,0.0
1026,2382,Sprint 17,0,7,0,0,0,0,0,0,0,0,0,0,0,0,1,1,0.0,0.0,0.0,0.0,0.0,0.0,0.0,0.0,0.0,0.0,0.0,0.0,0.0,0.0,0.0,0.0,0.0,0.0,0.0,0.0,0.0,0.0,0.0,0.0,0.0,0.0,0.0,0.0,0.0,0.0,0.0,0.0,0.0,0.0,0.0,0.0,0.0,0.0,0.0,0.0,0.0,0.0,0.0,0.0,0.0,0.0,0.0,0.0,0.0,0.0,0.0,0.0,0.0,0.0,0.0,0.0,0.0,0.0,0.0,0.0,0.0,0.0,0.0,0.0,0.0,0.0,0.0,0.0,0.0,0.0,0.0,0.0,0.0,0.0,0.0,0.0,0.0,0.0,0.0,0.0,0.0,0.0,0.0,0.0,0.0,0.0,0.0,0.0,0.0,0.0
1026,2403,Sprint 18,0,7,0,0,0,0,0,0,0,0,0,0,0,0,1,1,0.0,0.0,0.0,0.0,0.0,0.0,0.0,0.0,0.0,0.0,0.0,0.0,0.0,0.0,0.0,0.0,0.0,0.0,0.0,0.0,0.0,0.0,0.0,0.0,0.0,0.0,0.0,0.0,0.0,0.0,0.0,0.0,0.0,0.0,0.0,0.0,0.0,0.0,0.0,0.0,0.0,0.0,0.0,0.0,0.0,0.0,0.0,0.0,0.0,0.0,0.0,0.0,0.0,0.0,0.0,0.0,0.0,0.0,0.0,0.0,0.0,0.0,0.0,0.0,0.0,0.0,0.0,0.0,0.0,0.0,0.0,0.0,0.0,0.0,0.0,0.0,0.0,0.0,0.0,0.0,0.0,0.0,0.0,0.0,0.0,0.0,0.0,0.0,0.0,0.0
1026,2421,Sprint 19,0,4,0,0,0,0,0,0,0,0,0,0,0,0,1,1,0.0,0.0,0.0,0.0,0.0,0.0,0.0,0.0,0.0,0.0,0.0,0.0,0.0,0.0,0.0,0.0,0.0,0.0,0.0,0.0,0.0,0.0,0.0,0.0,0.0,0.0,0.0,0.0,0.0,0.0,0.0,0.0,0.0,0.0,0.0,0.0,0.0,0.0,0.0,0.0,0.0,0.0,0.0,0.0,0.0,0.0,0.0,0.0,0.0,0.0,0.0,0.0,0.0,0.0,0.0,0.0,0.0,0.0,0.0,0.0,0.0,0.0,0.0,0.0,0.0,0.0,0.0,0.0,0.0,0.0,0.0,0.0,0.0,0.0,0.0,0.0,0.0,0.0,0.0,0.0,0.0,0.0,0.0,0.0,0.0,0.0,0.0,0.0,0.0,0.0
1039,2035,Sprint 0,0,7,0,0,0,0,0,0,0,0,0,0,0,0,1,1,0.0,0.0,0.0,0.0,0.0,0.0,0.0,0.0,0.0,0.0,0.0,0.0,0.0,0.0,0.0,0.0,0.0,0.0,0.0,0.0,0.0,0.0,0.0,0.0,0.0,0.0,0.0,0.0,0.0,0.0,0.0,0.0,0.0,0.0,0.0,0.0,0.0,0.0,0.0,0.0,0.0,0.0,0.0,0.0,0.0,0.0,0.0,0.0,0.0,0.0,0.0,0.0,0.0,0.0,0.0,0.0,0.0,0.0,0.0,0.0,0.0,0.0,0.0,0.0,0.0,0.0,0.0,0.0,0.0,0.0,0.0,0.0,0.0,0.0,0.0,0.0,0.0,0.0,0.0,0.0,0.0,0.0,0.0,0.0,0.0,0.0,0.0,0.0,0.0,0.0
1052,1539,Fire Team 3.3-M3,0,7,0,0,0,0,0,0,0,0,0,0,0,0,1,1,1.0,0.0,1.0,3.0,3.0,3.0,3.0,0.0,0.0,0.0,1.0,1.0,1.0,1.0,0.0,0.0,0.0,1.0,1.0,1.0,1.0,0.0,0.0,0.0,2.0,2.0,2.0,2.0,0.0,0.0,0.0,0.0,0.0,0.0,0.0,0.0,0.0,0.0,0.0,0.0,0.0,0.0,0.0,0.0,0.0,0.0,0.0,0.0,0.0,0.0,0.0,0.0,0.0,0.0,0.0,0.0,0.0,0.0,0.0,1.0,1.0,1.0,1.0,0.0,0.0,0.0,0.0,0.0,1.0,0.0,0.0,0.0,0.0,0.0,0.0,0.0,1.0,0.0,0.0,0.0,0.0,0.0,0.0,0.0,0.0,0.0,0.0,0.0,0.0,0.0
1052,1617,Fire Team 3.4-M1,0,7,1,3,0,0,1,3,0,0,0,0,0,0,1,1,1.0,0.0,1.0,3.0,3.0,3.0,3.0,0.0,0.0,0.0,1.0,1.0,1.0,1.0,0.0,0.0,0.0,1.0,1.0,1.0,1.0,0.0,0.0,0.0,2.0,2.0,2.0,2.0,0.0,0.0,0.0,0.0,0.0,0.0,0.0,0.0,0.0,0.0,0.0,0.0,0.0,0.0,0.0,0.0,0.0,0.0,0.0,0.0,0.0,0.0,0.0,0.0,0.0,0.0,0.0,0.0,0.0,0.0,0.0,1.0,1.0,1.0,1.0,0.0,0.0,0.0,0.0,0.0,1.0,0.0,0.0,0.0,0.0,0.0,0.0,0.0,1.0,0.0,0.0,0.0,0.0,0.0,0.0,0.0,0.0,0.0,0.0,0.0,0.0,0.0
1052,2089,Fire 3.9-W1,0,5,0,0,0,0,0,0,0,0,0,0,0,0,1,1,1.0,0.0,1.0,4.0,4.0,4.0,4.0,0.0,0.0,0.0,1.0,1.0,1.0,1.0,0.0,0.0,0.0,1.0,1.0,1.0,1.0,0.0,0.0,0.0,1.0,1.0,1.0,1.0,0.0,0.0,0.0,0.0,0.0,0.0,0.0,0.0,0.0,0.0,0.0,0.0,0.0,0.0,0.0,0.0,0.0,0.0,0.0,0.0,0.0,0.0,0.0,0.0,0.0,0.0,0.0,0.0,0.0,0.0,0.0,1.0,1.0,1.0,1.0,0.0,0.0,0.0,0.0,0.0,1.0,0.0,0.0,0.0,0.0,0.0,0.0,0.0,1.0,0.0,0.0,0.0,0.0,0.0,0.0,0.0,0.0,0.0,0.0,0.0,0.0,0.0
1052,2106,Fire 3.9-W2,3,6,0,0,1,3,0,0,1,3,0,0,0,0,1,1,3.0,0.0,1.0,1.0,4.0,2.3333333333333335,2.0,1.5275252316519465,2.333333333333333,3.0,1.0,3.0,2.0,2.0,1.0,1.0,2.0,1.0,1.0,1.0,1.0,0.0,0.0,0.0,0.0,2.0,1.0,1.0,1.0,1.0,2.0,0.0,0.0,0.0,0.0,0.0,0.0,0.0,0.0,0.0,0.0,0.0,0.0,0.0,0.0,0.0,0.0,0.0,0.0,0.0,0.0,0.0,0.0,1.0,0.3333333333333333,0.0,0.5773502691896258,0.33333333333333337,1.0,1.0,4.0,2.3333333333333335,2.0,1.5275252316519465,2.333333333333333,3.0,0.0,0.0,3.0,0.0,0.0,0.0,0.0,2.0,0.0,0.0,3.0,0.0,0.0,0.0,0.0,0.0,0.0,0.0,0.0,0.0,0.0,0.0,0.0,0.0
1052,2132,Fire 3.9-W3,0,20,1,3,0,0,0,0,0,0,0,0,1,3,1,1,1.0,0.0,0.0,1.0,1.0,1.0,1.0,0.0,0.0,0.0,3.0,3.0,3.0,3.0,0.0,0.0,0.0,1.0,1.0,1.0,1.0,0.0,0.0,0.0,0.0,0.0,0.0,0.0,0.0,0.0,0.0,0.0,0.0,0.0,0.0,0.0,0.0,0.0,0.0,0.0,0.0,0.0,0.0,0.0,0.0,1.0,1.0,1.0,1.0,0.0,0.0,0.0,0.0,0.0,0.0,0.0,0.0,0.0,0.0,4.0,4.0,4.0,4.0,0.0,0.0,0.0,0.0,0.0,1.0,0.0,0.0,0.0,0.0,1.0,0.0,0.0,1.0,0.0,0.0,0.0,0.0,0.0,0.0,0.0,0.0,0.0,0.0,0.0,0.0,0.0
1052,2186,Fire 3.10 DoB W1,-3,6,0,0,4,12,0,0,3,9,0,0,1,3,1,2,4.0,0.0,2.0,0.0,2.0,0.5,0.0,1.0,1.0,2.0,0.0,1.0,0.25,0.0,0.5,0.25,1.0,0.0,1.0,0.75,1.0,0.5,0.25,1.0,0.0,1.0,0.5,0.5,0.5773502691896257,0.3333333333333333,1.0,0.0,0.0,0.0,0.0,0.0,0.0,0.0,0.0,0.0,0.0,0.0,0.0,0.0,0.0,0.0,0.0,0.0,0.0,0.0,0.0,0.0,0.0,1.0,0.75,1.0,0.5,0.25,1.0,0.0,3.0,1.25,1.0,1.2583057392117916,1.5833333333333333,3.0,1.0,0.0,4.0,0.0,0.0,0.0,0.0,0.0,2.0,0.0,3.0,0.0,0.0,0.0,0.0,0.0,0.0,0.0,0.0,0.0,0.0,0.0,0.0,0.0
1052,2218,Fire 3.10 DoB W2,0,6,0,0,1,3,0,0,0,0,0,0,1,3,1,1,3.0,0.0,2.0,0.0,9.0,3.6666666666666665,2.0,4.725815626252609,22.333333333333336,9.0,0.0,1.0,0.6666666666666666,1.0,0.5773502691896258,0.33333333333333337,1.0,0.0,1.0,0.6666666666666666,1.0,0.5773502691896258,0.33333333333333337,1.0,0.0,2.0,1.0,1.0,1.0,1.0,2.0,0.0,0.0,0.0,0.0,0.0,0.0,0.0,0.0,0.0,0.0,0.0,0.0,0.0,0.0,0.0,0.0,0.0,0.0,0.0,0.0,0.0,0.0,1.0,0.6666666666666666,1.0,0.5773502691896258,0.33333333333333337,1.0,0.0,2.0,1.0,1.0,1.0,1.0,2.0,2.0,0.0,3.0,0.0,0.0,0.0,0.0,0.0,1.0,0.0,1.0,0.0,0.0,0.0,0.0,0.0,0.0,0.0,0.0,0.0,0.0,0.0,0.0,0.0
1052,2235,Fire 3.10 DoB W3,-6,6,2,6,0,0,0,0,2,6,0,0,0,0,1,1,2.0,0.0,2.0,0.0,9.0,4.5,4.5,6.363961030678928,40.5,9.0,0.0,1.0,0.5,0.5,0.7071067811865476,0.5,1.0,0.0,1.0,0.5,0.5,0.7071067811865476,0.5,1.0,1.0,2.0,1.5,1.5,0.7071067811865476,0.5,1.0,0.0,0.0,0.0,0.0,0.0,0.0,0.0,0.0,0.0,0.0,0.0,0.0,0.0,0.0,0.0,0.0,0.0,0.0,0.0,0.0,0.0,0.0,1.0,0.5,0.5,0.7071067811865476,0.5,1.0,0.0,2.0,1.0,1.0,1.4142135623730951,2.0,2.0,2.0,0.0,2.0,0.0,0.0,0.0,0.0,0.0,0.0,0.0,0.0,0.0,0.0,0.0,0.0,0.0,0.0,0.0,0.0,0.0,0.0,0.0,0.0,0.0
1052,2304,Stash Targaryens 3.11,-39,25,0,0,37,111,0,0,18,54,2,6,17,51,1,7,37.0,0.0,31.0,0.0,9.0,1.4324324324324325,1.0,1.9796259542951335,3.9189189189189184,9.0,0.0,2.0,0.7567567567567568,1.0,0.5965365503100845,0.3558558558558559,2.0,0.0,1.0,0.6216216216216216,1.0,0.49167239269837154,0.24174174174174168,1.0,0.0,3.0,0.2972972972972973,0.0,0.701778093482899,0.4924924924924925,3.0,0.0,0.0,0.0,0.0,0.0,0.0,0.0,0.0,0.0,0.0,0.0,0.0,0.0,0.0,0.0,3.0,0.43243243243243246,0.0,0.6472394602609756,0.41891891891891897,3.0,0.0,1.0,0.21621621621621623,0.0,0.41734179538380073,0.1741741741741742,1.0,0.0,6.0,0.6216216216216216,0.0,1.361195376444121,1.8528528528528523,6.0,19.0,0.0,37.0,0.0,0.0,0.0,0.0,1.0,5.0,0.0,18.0,0.0,0.0,0.0,0.0,0.0,0.0,0.0,0.0,0.0,0.0,0.0,0.0,0.0
1052,2440,Enterprise 3.12-M2,-3,7,1,3,0,0,0,0,0,0,1,3,0,0,1,2,1.0,0.0,1.0,1.0,1.0,1.0,1.0,0.0,0.0,0.0,0.0,0.0,0.0,0.0,0.0,0.0,0.0,0.0,0.0,0.0,0.0,0.0,0.0,0.0,0.0,0.0,0.0,0.0,0.0,0.0,0.0,0.0,0.0,0.0,0.0,0.0,0.0,0.0,0.0,0.0,0.0,0.0,0.0,0.0,0.0,0.0,0.0,0.0,0.0,0.0,0.0,0.0,1.0,1.0,1.0,1.0,0.0,0.0,0.0,0.0,0.0,0.0,0.0,0.0,0.0,0.0,1.0,0.0,1.0,0.0,0.0,0.0,0.0,0.0,0.0,0.0,0.0,0.0,0.0,0.0,0.0,0.0,0.0,0.0,0.0,0.0,0.0,0.0,0.0,0.0
1063,2077,HC iOS Iteration - bad,0,14,0,0,0,0,0,0,0,0,0,0,0,0,2,1,0.0,0.0,0.0,0.0,0.0,0.0,0.0,0.0,0.0,0.0,0.0,0.0,0.0,0.0,0.0,0.0,0.0,0.0,0.0,0.0,0.0,0.0,0.0,0.0,0.0,0.0,0.0,0.0,0.0,0.0,0.0,0.0,0.0,0.0,0.0,0.0,0.0,0.0,0.0,0.0,0.0,0.0,0.0,0.0,0.0,0.0,0.0,0.0,0.0,0.0,0.0,0.0,0.0,0.0,0.0,0.0,0.0,0.0,0.0,0.0,0.0,0.0,0.0,0.0,0.0,0.0,0.0,0.0,0.0,0.0,0.0,0.0,0.0,0.0,0.0,0.0,0.0,0.0,0.0,0.0,0.0,0.0,0.0,0.0,0.0,0.0,0.0,0.0,0.0,0.0
1063,2121,HC iOS Iteration - 1,0,14,0,0,0,0,0,0,0,0,0,0,0,0,2,1,0.0,0.0,0.0,0.0,0.0,0.0,0.0,0.0,0.0,0.0,0.0,0.0,0.0,0.0,0.0,0.0,0.0,0.0,0.0,0.0,0.0,0.0,0.0,0.0,0.0,0.0,0.0,0.0,0.0,0.0,0.0,0.0,0.0,0.0,0.0,0.0,0.0,0.0,0.0,0.0,0.0,0.0,0.0,0.0,0.0,0.0,0.0,0.0,0.0,0.0,0.0,0.0,0.0,0.0,0.0,0.0,0.0,0.0,0.0,0.0,0.0,0.0,0.0,0.0,0.0,0.0,0.0,0.0,0.0,0.0,0.0,0.0,0.0,0.0,0.0,0.0,0.0,0.0,0.0,0.0,0.0,0.0,0.0,0.0,0.0,0.0,0.0,0.0,0.0,0.0
1063,2153,HC iOS Iteration - 2,0,14,0,0,0,0,0,0,0,0,0,0,0,0,2,1,0.0,0.0,0.0,0.0,0.0,0.0,0.0,0.0,0.0,0.0,0.0,0.0,0.0,0.0,0.0,0.0,0.0,0.0,0.0,0.0,0.0,0.0,0.0,0.0,0.0,0.0,0.0,0.0,0.0,0.0,0.0,0.0,0.0,0.0,0.0,0.0,0.0,0.0,0.0,0.0,0.0,0.0,0.0,0.0,0.0,0.0,0.0,0.0,0.0,0.0,0.0,0.0,0.0,0.0,0.0,0.0,0.0,0.0,0.0,0.0,0.0,0.0,0.0,0.0,0.0,0.0,0.0,0.0,0.0,0.0,0.0,0.0,0.0,0.0,0.0,0.0,0.0,0.0,0.0,0.0,0.0,0.0,0.0,0.0,0.0,0.0,0.0,0.0,0.0,0.0
1063,2194,HC iOS Iteration - 3,0,14,0,0,0,0,0,0,0,0,0,0,0,0,2,1,0.0,0.0,0.0,0.0,0.0,0.0,0.0,0.0,0.0,0.0,0.0,0.0,0.0,0.0,0.0,0.0,0.0,0.0,0.0,0.0,0.0,0.0,0.0,0.0,0.0,0.0,0.0,0.0,0.0,0.0,0.0,0.0,0.0,0.0,0.0,0.0,0.0,0.0,0.0,0.0,0.0,0.0,0.0,0.0,0.0,0.0,0.0,0.0,0.0,0.0,0.0,0.0,0.0,0.0,0.0,0.0,0.0,0.0,0.0,0.0,0.0,0.0,0.0,0.0,0.0,0.0,0.0,0.0,0.0,0.0,0.0,0.0,0.0,0.0,0.0,0.0,0.0,0.0,0.0,0.0,0.0,0.0,0.0,0.0,0.0,0.0,0.0,0.0,0.0,0.0
1063,2241,HC iOS Iteration - 4,0,23,0,0,0,0,0,0,0,0,0,0,0,0,2,1,0.0,0.0,0.0,0.0,0.0,0.0,0.0,0.0,0.0,0.0,0.0,0.0,0.0,0.0,0.0,0.0,0.0,0.0,0.0,0.0,0.0,0.0,0.0,0.0,0.0,0.0,0.0,0.0,0.0,0.0,0.0,0.0,0.0,0.0,0.0,0.0,0.0,0.0,0.0,0.0,0.0,0.0,0.0,0.0,0.0,0.0,0.0,0.0,0.0,0.0,0.0,0.0,0.0,0.0,0.0,0.0,0.0,0.0,0.0,0.0,0.0,0.0,0.0,0.0,0.0,0.0,0.0,0.0,0.0,0.0,0.0,0.0,0.0,0.0,0.0,0.0,0.0,0.0,0.0,0.0,0.0,0.0,0.0,0.0,0.0,0.0,0.0,0.0,0.0,0.0
1063,2316,HC iOS Iteration - 5,0,8,0,0,0,0,0,0,0,0,0,0,0,0,2,1,0.0,0.0,0.0,0.0,0.0,0.0,0.0,0.0,0.0,0.0,0.0,0.0,0.0,0.0,0.0,0.0,0.0,0.0,0.0,0.0,0.0,0.0,0.0,0.0,0.0,0.0,0.0,0.0,0.0,0.0,0.0,0.0,0.0,0.0,0.0,0.0,0.0,0.0,0.0,0.0,0.0,0.0,0.0,0.0,0.0,0.0,0.0,0.0,0.0,0.0,0.0,0.0,0.0,0.0,0.0,0.0,0.0,0.0,0.0,0.0,0.0,0.0,0.0,0.0,0.0,0.0,0.0,0.0,0.0,0.0,0.0,0.0,0.0,0.0,0.0,0.0,0.0,0.0,0.0,0.0,0.0,0.0,0.0,0.0,0.0,0.0,0.0,0.0,0.0,0.0
1063,2343,HC iOS Iteration - 6,0,18,0,0,0,0,0,0,0,0,0,0,0,0,2,1,0.0,0.0,0.0,0.0,0.0,0.0,0.0,0.0,0.0,0.0,0.0,0.0,0.0,0.0,0.0,0.0,0.0,0.0,0.0,0.0,0.0,0.0,0.0,0.0,0.0,0.0,0.0,0.0,0.0,0.0,0.0,0.0,0.0,0.0,0.0,0.0,0.0,0.0,0.0,0.0,0.0,0.0,0.0,0.0,0.0,0.0,0.0,0.0,0.0,0.0,0.0,0.0,0.0,0.0,0.0,0.0,0.0,0.0,0.0,0.0,0.0,0.0,0.0,0.0,0.0,0.0,0.0,0.0,0.0,0.0,0.0,0.0,0.0,0.0,0.0,0.0,0.0,0.0,0.0,0.0,0.0,0.0,0.0,0.0,0.0,0.0,0.0,0.0,0.0,0.0
1063,2394,HC iOS Iteration - 7,0,14,0,0,0,0,0,0,0,0,0,0,0,0,2,1,0.0,0.0,0.0,0.0,0.0,0.0,0.0,0.0,0.0,0.0,0.0,0.0,0.0,0.0,0.0,0.0,0.0,0.0,0.0,0.0,0.0,0.0,0.0,0.0,0.0,0.0,0.0,0.0,0.0,0.0,0.0,0.0,0.0,0.0,0.0,0.0,0.0,0.0,0.0,0.0,0.0,0.0,0.0,0.0,0.0,0.0,0.0,0.0,0.0,0.0,0.0,0.0,0.0,0.0,0.0,0.0,0.0,0.0,0.0,0.0,0.0,0.0,0.0,0.0,0.0,0.0,0.0,0.0,0.0,0.0,0.0,0.0,0.0,0.0,0.0,0.0,0.0,0.0,0.0,0.0,0.0,0.0,0.0,0.0,0.0,0.0,0.0,0.0,0.0,0.0
1063,2427,HC iOS Iteration - 8,0,14,0,0,0,0,0,0,0,0,0,0,0,0,2,1,0.0,0.0,0.0,0.0,0.0,0.0,0.0,0.0,0.0,0.0,0.0,0.0,0.0,0.0,0.0,0.0,0.0,0.0,0.0,0.0,0.0,0.0,0.0,0.0,0.0,0.0,0.0,0.0,0.0,0.0,0.0,0.0,0.0,0.0,0.0,0.0,0.0,0.0,0.0,0.0,0.0,0.0,0.0,0.0,0.0,0.0,0.0,0.0,0.0,0.0,0.0,0.0,0.0,0.0,0.0,0.0,0.0,0.0,0.0,0.0,0.0,0.0,0.0,0.0,0.0,0.0,0.0,0.0,0.0,0.0,0.0,0.0,0.0,0.0,0.0,0.0,0.0,0.0,0.0,0.0,0.0,0.0,0.0,0.0,0.0,0.0,0.0,0.0,0.0,0.0
1065,2085,Ops Sprint 0,0,8,0,0,0,0,0,0,0,0,0,0,0,0,1,1,0.0,0.0,0.0,0.0,0.0,0.0,0.0,0.0,0.0,0.0,0.0,0.0,0.0,0.0,0.0,0.0,0.0,0.0,0.0,0.0,0.0,0.0,0.0,0.0,0.0,0.0,0.0,0.0,0.0,0.0,0.0,0.0,0.0,0.0,0.0,0.0,0.0,0.0,0.0,0.0,0.0,0.0,0.0,0.0,0.0,0.0,0.0,0.0,0.0,0.0,0.0,0.0,0.0,0.0,0.0,0.0,0.0,0.0,0.0,0.0,0.0,0.0,0.0,0.0,0.0,0.0,0.0,0.0,0.0,0.0,0.0,0.0,0.0,0.0,0.0,0.0,0.0,0.0,0.0,0.0,0.0,0.0,0.0,0.0,0.0,0.0,0.0,0.0,0.0,0.0
1065,2139,Ops Sprint 1,0,7,0,0,0,0,0,0,0,0,0,0,0,0,1,1,0.0,0.0,0.0,0.0,0.0,0.0,0.0,0.0,0.0,0.0,0.0,0.0,0.0,0.0,0.0,0.0,0.0,0.0,0.0,0.0,0.0,0.0,0.0,0.0,0.0,0.0,0.0,0.0,0.0,0.0,0.0,0.0,0.0,0.0,0.0,0.0,0.0,0.0,0.0,0.0,0.0,0.0,0.0,0.0,0.0,0.0,0.0,0.0,0.0,0.0,0.0,0.0,0.0,0.0,0.0,0.0,0.0,0.0,0.0,0.0,0.0,0.0,0.0,0.0,0.0,0.0,0.0,0.0,0.0,0.0,0.0,0.0,0.0,0.0,0.0,0.0,0.0,0.0,0.0,0.0,0.0,0.0,0.0,0.0,0.0,0.0,0.0,0.0,0.0,0.0
1065,2159,Ops Sprint 2,0,7,0,0,0,0,0,0,0,0,0,0,0,0,1,1,0.0,0.0,0.0,0.0,0.0,0.0,0.0,0.0,0.0,0.0,0.0,0.0,0.0,0.0,0.0,0.0,0.0,0.0,0.0,0.0,0.0,0.0,0.0,0.0,0.0,0.0,0.0,0.0,0.0,0.0,0.0,0.0,0.0,0.0,0.0,0.0,0.0,0.0,0.0,0.0,0.0,0.0,0.0,0.0,0.0,0.0,0.0,0.0,0.0,0.0,0.0,0.0,0.0,0.0,0.0,0.0,0.0,0.0,0.0,0.0,0.0,0.0,0.0,0.0,0.0,0.0,0.0,0.0,0.0,0.0,0.0,0.0,0.0,0.0,0.0,0.0,0.0,0.0,0.0,0.0,0.0,0.0,0.0,0.0,0.0,0.0,0.0,0.0,0.0,0.0
1065,2196,Ops Sprint 4,0,7,0,0,0,0,0,0,0,0,0,0,0,0,1,1,0.0,0.0,0.0,0.0,0.0,0.0,0.0,0.0,0.0,0.0,0.0,0.0,0.0,0.0,0.0,0.0,0.0,0.0,0.0,0.0,0.0,0.0,0.0,0.0,0.0,0.0,0.0,0.0,0.0,0.0,0.0,0.0,0.0,0.0,0.0,0.0,0.0,0.0,0.0,0.0,0.0,0.0,0.0,0.0,0.0,0.0,0.0,0.0,0.0,0.0,0.0,0.0,0.0,0.0,0.0,0.0,0.0,0.0,0.0,0.0,0.0,0.0,0.0,0.0,0.0,0.0,0.0,0.0,0.0,0.0,0.0,0.0,0.0,0.0,0.0,0.0,0.0,0.0,0.0,0.0,0.0,0.0,0.0,0.0,0.0,0.0,0.0,0.0,0.0,0.0
1065,2227,Ops Sprint 5,0,6,0,0,0,0,0,0,0,0,0,0,0,0,1,1,0.0,0.0,0.0,0.0,0.0,0.0,0.0,0.0,0.0,0.0,0.0,0.0,0.0,0.0,0.0,0.0,0.0,0.0,0.0,0.0,0.0,0.0,0.0,0.0,0.0,0.0,0.0,0.0,0.0,0.0,0.0,0.0,0.0,0.0,0.0,0.0,0.0,0.0,0.0,0.0,0.0,0.0,0.0,0.0,0.0,0.0,0.0,0.0,0.0,0.0,0.0,0.0,0.0,0.0,0.0,0.0,0.0,0.0,0.0,0.0,0.0,0.0,0.0,0.0,0.0,0.0,0.0,0.0,0.0,0.0,0.0,0.0,0.0,0.0,0.0,0.0,0.0,0.0,0.0,0.0,0.0,0.0,0.0,0.0,0.0,0.0,0.0,0.0,0.0,0.0
1065,2243,Ops Sprint 6,0,7,0,0,0,0,0,0,0,0,0,0,0,0,1,1,0.0,0.0,0.0,0.0,0.0,0.0,0.0,0.0,0.0,0.0,0.0,0.0,0.0,0.0,0.0,0.0,0.0,0.0,0.0,0.0,0.0,0.0,0.0,0.0,0.0,0.0,0.0,0.0,0.0,0.0,0.0,0.0,0.0,0.0,0.0,0.0,0.0,0.0,0.0,0.0,0.0,0.0,0.0,0.0,0.0,0.0,0.0,0.0,0.0,0.0,0.0,0.0,0.0,0.0,0.0,0.0,0.0,0.0,0.0,0.0,0.0,0.0,0.0,0.0,0.0,0.0,0.0,0.0,0.0,0.0,0.0,0.0,0.0,0.0,0.0,0.0,0.0,0.0,0.0,0.0,0.0,0.0,0.0,0.0,0.0,0.0,0.0,0.0,0.0,0.0
1065,2267,Ops Sprint 7,0,7,0,0,0,0,0,0,0,0,0,0,0,0,1,1,0.0,0.0,0.0,0.0,0.0,0.0,0.0,0.0,0.0,0.0,0.0,0.0,0.0,0.0,0.0,0.0,0.0,0.0,0.0,0.0,0.0,0.0,0.0,0.0,0.0,0.0,0.0,0.0,0.0,0.0,0.0,0.0,0.0,0.0,0.0,0.0,0.0,0.0,0.0,0.0,0.0,0.0,0.0,0.0,0.0,0.0,0.0,0.0,0.0,0.0,0.0,0.0,0.0,0.0,0.0,0.0,0.0,0.0,0.0,0.0,0.0,0.0,0.0,0.0,0.0,0.0,0.0,0.0,0.0,0.0,0.0,0.0,0.0,0.0,0.0,0.0,0.0,0.0,0.0,0.0,0.0,0.0,0.0,0.0,0.0,0.0,0.0,0.0,0.0,0.0
1065,2312,Ops Sprint 8,0,7,0,0,0,0,0,0,0,0,0,0,0,0,1,1,0.0,0.0,0.0,0.0,0.0,0.0,0.0,0.0,0.0,0.0,0.0,0.0,0.0,0.0,0.0,0.0,0.0,0.0,0.0,0.0,0.0,0.0,0.0,0.0,0.0,0.0,0.0,0.0,0.0,0.0,0.0,0.0,0.0,0.0,0.0,0.0,0.0,0.0,0.0,0.0,0.0,0.0,0.0,0.0,0.0,0.0,0.0,0.0,0.0,0.0,0.0,0.0,0.0,0.0,0.0,0.0,0.0,0.0,0.0,0.0,0.0,0.0,0.0,0.0,0.0,0.0,0.0,0.0,0.0,0.0,0.0,0.0,0.0,0.0,0.0,0.0,0.0,0.0,0.0,0.0,0.0,0.0,0.0,0.0,0.0,0.0,0.0,0.0,0.0,0.0
1065,2332,Ops Sprint 9,0,7,0,0,0,0,0,0,0,0,0,0,0,0,1,1,0.0,0.0,0.0,0.0,0.0,0.0,0.0,0.0,0.0,0.0,0.0,0.0,0.0,0.0,0.0,0.0,0.0,0.0,0.0,0.0,0.0,0.0,0.0,0.0,0.0,0.0,0.0,0.0,0.0,0.0,0.0,0.0,0.0,0.0,0.0,0.0,0.0,0.0,0.0,0.0,0.0,0.0,0.0,0.0,0.0,0.0,0.0,0.0,0.0,0.0,0.0,0.0,0.0,0.0,0.0,0.0,0.0,0.0,0.0,0.0,0.0,0.0,0.0,0.0,0.0,0.0,0.0,0.0,0.0,0.0,0.0,0.0,0.0,0.0,0.0,0.0,0.0,0.0,0.0,0.0,0.0,0.0,0.0,0.0,0.0,0.0,0.0,0.0,0.0,0.0
1065,2355,Ops Sprint 10,0,7,0,0,0,0,0,0,0,0,0,0,0,0,1,1,0.0,0.0,0.0,0.0,0.0,0.0,0.0,0.0,0.0,0.0,0.0,0.0,0.0,0.0,0.0,0.0,0.0,0.0,0.0,0.0,0.0,0.0,0.0,0.0,0.0,0.0,0.0,0.0,0.0,0.0,0.0,0.0,0.0,0.0,0.0,0.0,0.0,0.0,0.0,0.0,0.0,0.0,0.0,0.0,0.0,0.0,0.0,0.0,0.0,0.0,0.0,0.0,0.0,0.0,0.0,0.0,0.0,0.0,0.0,0.0,0.0,0.0,0.0,0.0,0.0,0.0,0.0,0.0,0.0,0.0,0.0,0.0,0.0,0.0,0.0,0.0,0.0,0.0,0.0,0.0,0.0,0.0,0.0,0.0,0.0,0.0,0.0,0.0,0.0,0.0
1065,2373,Ops Sprint 11,0,7,0,0,0,0,0,0,0,0,0,0,0,0,1,1,0.0,0.0,0.0,0.0,0.0,0.0,0.0,0.0,0.0,0.0,0.0,0.0,0.0,0.0,0.0,0.0,0.0,0.0,0.0,0.0,0.0,0.0,0.0,0.0,0.0,0.0,0.0,0.0,0.0,0.0,0.0,0.0,0.0,0.0,0.0,0.0,0.0,0.0,0.0,0.0,0.0,0.0,0.0,0.0,0.0,0.0,0.0,0.0,0.0,0.0,0.0,0.0,0.0,0.0,0.0,0.0,0.0,0.0,0.0,0.0,0.0,0.0,0.0,0.0,0.0,0.0,0.0,0.0,0.0,0.0,0.0,0.0,0.0,0.0,0.0,0.0,0.0,0.0,0.0,0.0,0.0,0.0,0.0,0.0,0.0,0.0,0.0,0.0,0.0,0.0
1065,2393,Ops Sprint 12,0,7,0,0,0,0,0,0,0,0,0,0,0,0,1,1,0.0,0.0,0.0,0.0,0.0,0.0,0.0,0.0,0.0,0.0,0.0,0.0,0.0,0.0,0.0,0.0,0.0,0.0,0.0,0.0,0.0,0.0,0.0,0.0,0.0,0.0,0.0,0.0,0.0,0.0,0.0,0.0,0.0,0.0,0.0,0.0,0.0,0.0,0.0,0.0,0.0,0.0,0.0,0.0,0.0,0.0,0.0,0.0,0.0,0.0,0.0,0.0,0.0,0.0,0.0,0.0,0.0,0.0,0.0,0.0,0.0,0.0,0.0,0.0,0.0,0.0,0.0,0.0,0.0,0.0,0.0,0.0,0.0,0.0,0.0,0.0,0.0,0.0,0.0,0.0,0.0,0.0,0.0,0.0,0.0,0.0,0.0,0.0,0.0,0.0
1065,2407,Ops Sprint 13,0,7,0,0,0,0,0,0,0,0,0,0,0,0,1,1,0.0,0.0,0.0,0.0,0.0,0.0,0.0,0.0,0.0,0.0,0.0,0.0,0.0,0.0,0.0,0.0,0.0,0.0,0.0,0.0,0.0,0.0,0.0,0.0,0.0,0.0,0.0,0.0,0.0,0.0,0.0,0.0,0.0,0.0,0.0,0.0,0.0,0.0,0.0,0.0,0.0,0.0,0.0,0.0,0.0,0.0,0.0,0.0,0.0,0.0,0.0,0.0,0.0,0.0,0.0,0.0,0.0,0.0,0.0,0.0,0.0,0.0,0.0,0.0,0.0,0.0,0.0,0.0,0.0,0.0,0.0,0.0,0.0,0.0,0.0,0.0,0.0,0.0,0.0,0.0,0.0,0.0,0.0,0.0,0.0,0.0,0.0,0.0,0.0,0.0
1065,2424,Ops Sprint 14,0,7,0,0,0,0,0,0,0,0,0,0,0,0,1,1,0.0,0.0,0.0,0.0,0.0,0.0,0.0,0.0,0.0,0.0,0.0,0.0,0.0,0.0,0.0,0.0,0.0,0.0,0.0,0.0,0.0,0.0,0.0,0.0,0.0,0.0,0.0,0.0,0.0,0.0,0.0,0.0,0.0,0.0,0.0,0.0,0.0,0.0,0.0,0.0,0.0,0.0,0.0,0.0,0.0,0.0,0.0,0.0,0.0,0.0,0.0,0.0,0.0,0.0,0.0,0.0,0.0,0.0,0.0,0.0,0.0,0.0,0.0,0.0,0.0,0.0,0.0,0.0,0.0,0.0,0.0,0.0,0.0,0.0,0.0,0.0,0.0,0.0,0.0,0.0,0.0,0.0,0.0,0.0,0.0,0.0,0.0,0.0,0.0,0.0
1065,2444,Ops Sprint 15,0,7,0,0,0,0,0,0,0,0,0,0,0,0,1,1,0.0,0.0,0.0,0.0,0.0,0.0,0.0,0.0,0.0,0.0,0.0,0.0,0.0,0.0,0.0,0.0,0.0,0.0,0.0,0.0,0.0,0.0,0.0,0.0,0.0,0.0,0.0,0.0,0.0,0.0,0.0,0.0,0.0,0.0,0.0,0.0,0.0,0.0,0.0,0.0,0.0,0.0,0.0,0.0,0.0,0.0,0.0,0.0,0.0,0.0,0.0,0.0,0.0,0.0,0.0,0.0,0.0,0.0,0.0,0.0,0.0,0.0,0.0,0.0,0.0,0.0,0.0,0.0,0.0,0.0,0.0,0.0,0.0,0.0,0.0,0.0,0.0,0.0,0.0,0.0,0.0,0.0,0.0,0.0,0.0,0.0,0.0,0.0,0.0,0.0
1068,48,1.1-M7 Fire,-3,3,2,6,0,0,1,3,1,3,0,0,0,0,1,1,2.0,0.0,1.0,2.0,5.0,3.5,3.5,2.1213203435596424,4.5,3.0,1.0,1.0,1.0,1.0,0.0,0.0,0.0,0.0,1.0,0.5,0.5,0.7071067811865476,0.5,1.0,0.0,0.0,0.0,0.0,0.0,0.0,0.0,0.0,0.0,0.0,0.0,0.0,0.0,0.0,0.0,0.0,0.0,0.0,0.0,0.0,0.0,2.0,3.0,2.5,2.5,0.7071067811865476,0.5,1.0,0.0,1.0,0.5,0.5,0.7071067811865476,0.5,1.0,1.0,1.0,1.0,1.0,0.0,0.0,0.0,1.0,0.0,2.0,0.0,0.0,0.0,0.0,1.0,0.0,0.0,1.0,0.0,0.0,0.0,0.0,0.0,0.0,0.0,0.0,0.0,0.0,0.0,0.0,0.0
1068,68,1.2-M0 fire,-3,3,2,4,0,0,0,0,0,0,1,3,1,1,1,3,2.0,0.0,0.0,2.0,7.0,4.5,4.5,3.5355339059327378,12.5,5.0,0.0,1.0,0.5,0.5,0.7071067811865476,0.5,1.0,0.0,1.0,0.5,0.5,0.7071067811865476,0.5,1.0,0.0,0.0,0.0,0.0,0.0,0.0,0.0,0.0,0.0,0.0,0.0,0.0,0.0,0.0,0.0,0.0,0.0,0.0,0.0,0.0,0.0,3.0,3.0,3.0,3.0,0.0,0.0,0.0,0.0,0.0,0.0,0.0,0.0,0.0,0.0,0.0,1.0,0.5,0.5,0.7071067811865476,0.5,1.0,1.0,0.0,1.0,0.0,0.0,0.0,0.0,1.0,0.0,0.0,1.0,0.0,0.0,0.0,0.0,0.0,1.0,0.0,0.0,0.0,0.0,0.0,0.0,0.0
1068,72,1.2-M1,-3,4,1,3,0,0,0,0,1,3,0,0,0,0,1,2,1.0,0.0,0.0,7.0,7.0,7.0,7.0,0.0,0.0,0.0,1.0,1.0,1.0,1.0,0.0,0.0,0.0,1.0,1.0,1.0,1.0,0.0,0.0,0.0,0.0,0.0,0.0,0.0,0.0,0.0,0.0,0.0,0.0,0.0,0.0,0.0,0.0,0.0,0.0,0.0,0.0,0.0,0.0,0.0,0.0,3.0,3.0,3.0,3.0,0.0,0.0,0.0,0.0,0.0,0.0,0.0,0.0,0.0,0.0,1.0,1.0,1.0,1.0,0.0,0.0,0.0,1.0,0.0,1.0,0.0,0.0,0.0,0.0,1.0,0.0,0.0,0.0,0.0,0.0,0.0,0.0,0.0,0.0,0.0,0.0,0.0,0.0,0.0,0.0,0.0
1068,82,1.2-M2,-3,4,1,3,0,0,0,0,1,3,0,0,0,0,1,2,1.0,0.0,0.0,7.0,7.0,7.0,7.0,0.0,0.0,0.0,1.0,1.0,1.0,1.0,0.0,0.0,0.0,1.0,1.0,1.0,1.0,0.0,0.0,0.0,0.0,0.0,0.0,0.0,0.0,0.0,0.0,0.0,0.0,0.0,0.0,0.0,0.0,0.0,0.0,0.0,0.0,0.0,0.0,0.0,0.0,3.0,3.0,3.0,3.0,0.0,0.0,0.0,0.0,0.0,0.0,0.0,0.0,0.0,0.0,1.0,1.0,1.0,1.0,0.0,0.0,0.0,1.0,0.0,1.0,0.0,0.0,0.0,0.0,1.0,0.0,0.0,0.0,0.0,0.0,0.0,0.0,0.0,0.0,0.0,0.0,0.0,0.0,0.0,0.0,0.0
1068,92,1.2-M3,0,5,1,3,0,0,0,0,0,0,0,0,1,3,1,2,1.0,0.0,0.0,7.0,7.0,7.0,7.0,0.0,0.0,0.0,1.0,1.0,1.0,1.0,0.0,0.0,0.0,1.0,1.0,1.0,1.0,0.0,0.0,0.0,0.0,0.0,0.0,0.0,0.0,0.0,0.0,0.0,0.0,0.0,0.0,0.0,0.0,0.0,0.0,0.0,0.0,0.0,0.0,0.0,0.0,5.0,5.0,5.0,5.0,0.0,0.0,0.0,0.0,0.0,0.0,0.0,0.0,0.0,0.0,1.0,1.0,1.0,1.0,0.0,0.0,0.0,1.0,0.0,1.0,0.0,0.0,0.0,0.0,1.0,0.0,0.0,0.0,0.0,0.0,0.0,0.0,0.0,0.0,0.0,0.0,0.0,0.0,0.0,0.0,0.0
1068,132,Fire 1.3-M1,0,4,0,0,1,3,0,0,0,0,1,3,0,0,1,1,1.0,0.0,0.0,1.0,1.0,1.0,1.0,0.0,0.0,0.0,2.0,2.0,2.0,2.0,0.0,0.0,0.0,1.0,1.0,1.0,1.0,0.0,0.0,0.0,0.0,0.0,0.0,0.0,0.0,0.0,0.0,0.0,0.0,0.0,0.0,0.0,0.0,0.0,0.0,0.0,0.0,0.0,0.0,0.0,0.0,0.0,0.0,0.0,0.0,0.0,0.0,0.0,0.0,0.0,0.0,0.0,0.0,0.0,0.0,0.0,0.0,0.0,0.0,0.0,0.0,0.0,0.0,0.0,1.0,0.0,0.0,0.0,0.0,0.0,0.0,1.0,1.0,0.0,0.0,0.0,0.0,0.0,0.0,0.0,0.0,0.0,0.0,0.0,0.0,0.0
1068,169,Fire 1.3-M5,0,4,1,3,1,3,0,0,0,0,2,6,0,0,1,2,3.0,0.0,2.0,0.0,1.0,0.3333333333333333,0.0,0.5773502691896258,0.33333333333333337,1.0,1.0,1.0,1.0,1.0,0.0,0.0,0.0,1.0,1.0,1.0,1.0,0.0,0.0,0.0,0.0,0.0,0.0,0.0,0.0,0.0,0.0,0.0,0.0,0.0,0.0,0.0,0.0,0.0,0.0,0.0,0.0,0.0,0.0,0.0,0.0,0.0,2.0,0.6666666666666666,0.0,1.1547005383792517,1.3333333333333335,2.0,0.0,0.0,0.0,0.0,0.0,0.0,0.0,0.0,1.0,0.3333333333333333,0.0,0.5773502691896258,0.33333333333333337,1.0,1.0,0.0,3.0,0.0,0.0,0.0,0.0,1.0,0.0,0.0,2.0,0.0,0.0,0.0,0.0,0.0,0.0,0.0,0.0,0.0,0.0,0.0,0.0,0.0
1068,179,Fire 1.3-M6,0,4,1,3,0,0,0,0,0,0,0,0,1,3,1,2,1.0,0.0,1.0,3.0,3.0,3.0,3.0,0.0,0.0,0.0,1.0,1.0,1.0,1.0,0.0,0.0,0.0,1.0,1.0,1.0,1.0,0.0,0.0,0.0,0.0,0.0,0.0,0.0,0.0,0.0,0.0,0.0,0.0,0.0,0.0,0.0,0.0,0.0,0.0,0.0,0.0,0.0,0.0,0.0,0.0,3.0,3.0,3.0,3.0,0.0,0.0,0.0,0.0,0.0,0.0,0.0,0.0,0.0,0.0,0.0,0.0,0.0,0.0,0.0,0.0,0.0,1.0,0.0,1.0,0.0,0.0,0.0,0.0,0.0,0.0,0.0,0.0,0.0,0.0,0.0,0.0,0.0,0.0,0.0,0.0,0.0,0.0,0.0,0.0,0.0
1068,200,Dev-Speed Week,0,14,2,6,0,0,0,0,0,0,0,0,2,6,1,1,2.0,0.0,0.0,1.0,1.0,1.0,1.0,0.0,0.0,0.0,1.0,1.0,1.0,1.0,0.0,0.0,0.0,0.0,1.0,0.5,0.5,0.7071067811865476,0.5,1.0,0.0,0.0,0.0,0.0,0.0,0.0,0.0,0.0,0.0,0.0,0.0,0.0,0.0,0.0,0.0,0.0,0.0,0.0,0.0,0.0,0.0,0.0,1.0,0.5,0.5,0.7071067811865476,0.5,1.0,0.0,0.0,0.0,0.0,0.0,0.0,0.0,0.0,1.0,0.5,0.5,0.7071067811865476,0.5,1.0,0.0,0.0,2.0,0.0,0.0,0.0,0.0,2.0,0.0,0.0,2.0,0.0,0.0,0.0,0.0,0.0,0.0,0.0,0.0,0.0,0.0,0.0,0.0,0.0
1068,221,2.0-M1,0,14,0,0,1,3,0,0,0,0,0,0,1,3,1,1,1.0,0.0,0.0,1.0,1.0,1.0,1.0,0.0,0.0,0.0,1.0,1.0,1.0,1.0,0.0,0.0,0.0,1.0,1.0,1.0,1.0,0.0,0.0,0.0,0.0,0.0,0.0,0.0,0.0,0.0,0.0,0.0,0.0,0.0,0.0,0.0,0.0,0.0,0.0,0.0,0.0,0.0,0.0,0.0,0.0,1.0,1.0,1.0,1.0,0.0,0.0,0.0,0.0,0.0,0.0,0.0,0.0,0.0,0.0,1.0,1.0,1.0,1.0,0.0,0.0,0.0,0.0,0.0,1.0,0.0,0.0,0.0,0.0,1.0,0.0,0.0,1.0,0.0,0.0,0.0,0.0,0.0,0.0,0.0,0.0,0.0,0.0,0.0,0.0,0.0
1068,291,Innovation Week,-9,14,0,0,3,9,0,0,2,6,1,3,0,0,1,1,3.0,0.0,1.0,0.0,1.0,0.6666666666666666,1.0,0.5773502691896258,0.33333333333333337,1.0,1.0,1.0,1.0,1.0,0.0,0.0,0.0,1.0,1.0,1.0,1.0,0.0,0.0,0.0,0.0,2.0,1.0,1.0,1.0,1.0,2.0,0.0,0.0,0.0,0.0,0.0,0.0,0.0,0.0,0.0,0.0,0.0,0.0,0.0,0.0,0.0,0.0,0.0,0.0,0.0,0.0,0.0,0.0,1.0,0.3333333333333333,0.0,0.5773502691896258,0.33333333333333337,1.0,1.0,3.0,1.6666666666666667,1.0,1.1547005383792517,1.3333333333333335,2.0,0.0,0.0,3.0,0.0,0.0,0.0,0.0,2.0,0.0,0.0,3.0,0.0,0.0,0.0,0.0,0.0,0.0,0.0,0.0,0.0,0.0,0.0,0.0,0.0
1068,301,2.1-M1,0,7,4,12,0,0,0,0,4,12,0,0,0,0,1,3,5.0,0.0,1.0,0.0,5.0,1.8,1.0,1.9235384061671348,3.700000000000001,5.0,0.0,1.0,0.8,1.0,0.4472135954999579,0.2,1.0,0.0,1.0,0.8,1.0,0.4472135954999579,0.2,1.0,0.0,2.0,0.6,0.0,0.8944271909999157,0.7999999999999998,2.0,0.0,0.0,0.0,0.0,0.0,0.0,0.0,0.0,0.0,0.0,0.0,0.0,0.0,0.0,0.0,1.0,0.2,0.0,0.44721359549995804,0.20000000000000007,1.0,0.0,1.0,0.4,0.0,0.5477225575051662,0.30000000000000004,1.0,0.0,3.0,1.2,1.0,1.0954451150103321,1.2,3.0,2.0,0.0,4.0,0.0,0.0,0.0,0.0,3.0,0.0,0.0,3.0,0.0,0.0,0.0,0.0,0.0,1.0,0.0,0.0,0.0,0.0,0.0,0.0,0.0
1068,315,2.1-M2 Xmas Special,-3,16,2,6,2,6,1,3,0,0,1,3,2,6,1,2,5.0,0.0,2.0,0.0,15.0,4.2,1.0,6.220932405998316,38.7,15.0,0.0,2.0,1.0,1.0,0.7071067811865476,0.5,2.0,0.0,1.0,0.8,1.0,0.44721359549995804,0.20000000000000007,1.0,0.0,2.0,0.6,0.0,0.8944271909999157,0.7999999999999998,2.0,0.0,0.0,0.0,0.0,0.0,0.0,0.0,0.0,0.0,0.0,0.0,0.0,0.0,0.0,0.0,3.0,0.6,0.0,1.3416407864998738,1.7999999999999998,3.0,0.0,0.0,0.0,0.0,0.0,0.0,0.0,0.0,3.0,1.0,1.0,1.224744871391589,1.5,3.0,1.0,0.0,4.0,0.0,1.0,0.0,0.0,3.0,0.0,0.0,4.0,0.0,0.0,0.0,0.0,0.0,0.0,0.0,0.0,0.0,0.0,0.0,0.0,0.0
1068,341,2.1-M5,0,6,2,6,1,3,0,0,1,3,0,0,2,6,1,4,3.0,0.0,1.0,0.0,19.0,7.666666666666667,4.0,10.016652800877813,100.33333333333334,19.0,1.0,1.0,1.0,1.0,0.0,0.0,0.0,1.0,1.0,1.0,1.0,0.0,0.0,0.0,0.0,2.0,0.6666666666666666,0.0,1.1547005383792517,1.3333333333333335,2.0,0.0,0.0,0.0,0.0,0.0,0.0,0.0,0.0,0.0,0.0,0.0,0.0,0.0,0.0,0.0,1.0,0.6666666666666666,1.0,0.5773502691896258,0.33333333333333337,1.0,0.0,0.0,0.0,0.0,0.0,0.0,0.0,0.0,3.0,1.0,0.0,1.7320508075688772,3.0,3.0,1.0,0.0,3.0,0.0,0.0,0.0,0.0,2.0,0.0,0.0,2.0,0.0,0.0,0.0,0.0,0.0,0.0,0.0,0.0,0.0,0.0,0.0,0.0,0.0
1068,362,2.1-M8,3,6,0,0,0,0,0,0,0,0,0,0,0,0,1,1,1.0,0.0,0.0,0.0,0.0,0.0,0.0,0.0,0.0,0.0,1.0,1.0,1.0,1.0,0.0,0.0,0.0,1.0,1.0,1.0,1.0,0.0,0.0,0.0,0.0,0.0,0.0,0.0,0.0,0.0,0.0,0.0,0.0,0.0,0.0,0.0,0.0,0.0,0.0,0.0,0.0,0.0,0.0,0.0,0.0,0.0,0.0,0.0,0.0,0.0,0.0,0.0,0.0,0.0,0.0,0.0,0.0,0.0,0.0,0.0,0.0,0.0,0.0,0.0,0.0,0.0,0.0,0.0,1.0,0.0,0.0,0.0,0.0,1.0,0.0,0.0,1.0,0.0,0.0,0.0,0.0,0.0,0.0,0.0,0.0,0.0,0.0,0.0,0.0,0.0
1068,364,2.1-M8,0,6,0,0,0,0,0,0,0,0,0,0,0,0,1,1,1.0,0.0,1.0,0.0,0.0,0.0,0.0,0.0,0.0,0.0,0.0,0.0,0.0,0.0,0.0,0.0,0.0,1.0,1.0,1.0,1.0,0.0,0.0,0.0,0.0,0.0,0.0,0.0,0.0,0.0,0.0,0.0,0.0,0.0,0.0,0.0,0.0,0.0,0.0,0.0,0.0,0.0,0.0,0.0,0.0,0.0,0.0,0.0,0.0,0.0,0.0,0.0,0.0,0.0,0.0,0.0,0.0,0.0,0.0,0.0,0.0,0.0,0.0,0.0,0.0,0.0,1.0,0.0,1.0,0.0,0.0,0.0,0.0,0.0,0.0,0.0,0.0,0.0,0.0,0.0,0.0,0.0,0.0,0.0,0.0,0.0,0.0,0.0,0.0,0.0
1068,368,2.2-M1,0,7,0,0,1,3,0,0,1,3,0,0,0,0,1,1,2.0,0.0,1.0,1.0,2.0,1.5,1.5,0.7071067811865476,0.5,1.0,0.0,1.0,0.5,0.5,0.7071067811865476,0.5,1.0,1.0,1.0,1.0,1.0,0.0,0.0,0.0,0.0,0.0,0.0,0.0,0.0,0.0,0.0,0.0,0.0,0.0,0.0,0.0,0.0,0.0,0.0,0.0,0.0,0.0,0.0,0.0,0.0,0.0,0.0,0.0,0.0,0.0,0.0,0.0,0.0,0.0,0.0,0.0,0.0,0.0,0.0,0.0,1.0,0.5,0.5,0.7071067811865476,0.5,1.0,0.0,0.0,2.0,0.0,0.0,0.0,0.0,0.0,0.0,0.0,2.0,0.0,0.0,1.0,0.0,0.0,0.0,0.0,0.0,0.0,0.0,0.0,0.0,0.0
1068,373,2.2-M1,0,6,0,0,2,6,0,0,0,0,1,3,1,3,1,2,2.0,0.0,1.0,2.0,3.0,2.5,2.5,0.7071067811865476,0.5,1.0,0.0,1.0,0.5,0.5,0.7071067811865476,0.5,1.0,1.0,1.0,1.0,1.0,0.0,0.0,0.0,0.0,0.0,0.0,0.0,0.0,0.0,0.0,0.0,0.0,0.0,0.0,0.0,0.0,0.0,0.0,0.0,0.0,0.0,0.0,0.0,0.0,0.0,1.0,0.5,0.5,0.7071067811865476,0.5,1.0,0.0,0.0,0.0,0.0,0.0,0.0,0.0,0.0,0.0,0.0,0.0,0.0,0.0,0.0,1.0,0.0,2.0,0.0,0.0,0.0,0.0,0.0,0.0,0.0,1.0,0.0,0.0,1.0,0.0,0.0,0.0,0.0,0.0,0.0,0.0,0.0,0.0,0.0
1068,388,2.2-M3-Blue,-3,7,0,0,1,3,0,0,0,0,1,3,0,0,1,1,1.0,0.0,0.0,0.0,0.0,0.0,0.0,0.0,0.0,0.0,0.0,0.0,0.0,0.0,0.0,0.0,0.0,0.0,0.0,0.0,0.0,0.0,0.0,0.0,0.0,0.0,0.0,0.0,0.0,0.0,0.0,0.0,0.0,0.0,0.0,0.0,0.0,0.0,0.0,0.0,0.0,0.0,0.0,0.0,0.0,0.0,0.0,0.0,0.0,0.0,0.0,0.0,0.0,0.0,0.0,0.0,0.0,0.0,0.0,0.0,0.0,0.0,0.0,0.0,0.0,0.0,1.0,0.0,0.0,0.0,0.0,0.0,0.0,0.0,0.0,0.0,0.0,0.0,0.0,0.0,0.0,0.0,1.0,0.0,0.0,0.0,0.0,0.0,0.0,0.0
1068,390,2.2-M3,0,7,0,0,1,3,0,0,0,0,0,0,1,3,1,3,1.0,0.0,0.0,4.0,4.0,4.0,4.0,0.0,0.0,0.0,0.0,0.0,0.0,0.0,0.0,0.0,0.0,1.0,1.0,1.0,1.0,0.0,0.0,0.0,0.0,0.0,0.0,0.0,0.0,0.0,0.0,0.0,0.0,0.0,0.0,0.0,0.0,0.0,0.0,0.0,0.0,0.0,0.0,0.0,0.0,2.0,2.0,2.0,2.0,0.0,0.0,0.0,0.0,0.0,0.0,0.0,0.0,0.0,0.0,0.0,0.0,0.0,0.0,0.0,0.0,0.0,1.0,0.0,0.0,0.0,0.0,0.0,0.0,0.0,0.0,0.0,0.0,0.0,0.0,0.0,0.0,0.0,1.0,0.0,0.0,0.0,0.0,0.0,0.0,0.0
1068,397,2.2-pre release,0,7,0,0,1,3,0,0,0,0,0,0,1,3,1,2,2.0,0.0,1.0,0.0,24.0,12.0,12.0,16.97056274847714,288.0,24.0,1.0,1.0,1.0,1.0,0.0,0.0,0.0,1.0,2.0,1.5,1.5,0.7071067811865476,0.5,1.0,0.0,2.0,1.0,1.0,1.4142135623730951,2.0,2.0,0.0,0.0,0.0,0.0,0.0,0.0,0.0,0.0,0.0,0.0,0.0,0.0,0.0,0.0,0.0,1.0,0.5,0.5,0.7071067811865476,0.5,1.0,0.0,0.0,0.0,0.0,0.0,0.0,0.0,0.0,3.0,1.5,1.5,2.1213203435596424,4.5,3.0,0.0,0.0,2.0,0.0,0.0,0.0,0.0,1.0,0.0,0.0,2.0,0.0,0.0,0.0,0.0,0.0,0.0,0.0,0.0,0.0,0.0,0.0,0.0,0.0
1068,413,Fire 2.3-M1,0,6,2,6,0,0,0,0,1,3,0,0,1,3,1,1,2.0,0.0,2.0,0.0,0.0,0.0,0.0,0.0,0.0,0.0,1.0,1.0,1.0,1.0,0.0,0.0,0.0,0.0,2.0,1.0,1.0,1.4142135623730951,2.0,2.0,0.0,0.0,0.0,0.0,0.0,0.0,0.0,0.0,0.0,0.0,0.0,0.0,0.0,0.0,0.0,0.0,0.0,0.0,0.0,0.0,0.0,0.0,0.0,0.0,0.0,0.0,0.0,0.0,0.0,0.0,0.0,0.0,0.0,0.0,0.0,0.0,1.0,0.5,0.5,0.7071067811865476,0.5,1.0,0.0,0.0,2.0,0.0,0.0,0.0,0.0,0.0,0.0,0.0,2.0,0.0,0.0,0.0,0.0,0.0,0.0,0.0,0.0,0.0,0.0,0.0,0.0,0.0
1068,416,Fire 2.3-M2,0,7,0,0,0,0,0,0,0,0,0,0,0,0,1,1,1.0,0.0,0.0,2.0,2.0,2.0,2.0,0.0,0.0,0.0,0.0,0.0,0.0,0.0,0.0,0.0,0.0,0.0,0.0,0.0,0.0,0.0,0.0,0.0,0.0,0.0,0.0,0.0,0.0,0.0,0.0,0.0,0.0,0.0,0.0,0.0,0.0,0.0,0.0,0.0,0.0,0.0,0.0,0.0,0.0,0.0,0.0,0.0,0.0,0.0,0.0,0.0,0.0,0.0,0.0,0.0,0.0,0.0,0.0,0.0,0.0,0.0,0.0,0.0,0.0,0.0,0.0,0.0,0.0,0.0,0.0,0.0,0.0,0.0,0.0,0.0,1.0,0.0,0.0,0.0,0.0,0.0,1.0,0.0,0.0,0.0,0.0,0.0,0.0,0.0
1068,427,Fire 2.3-M3,0,7,0,0,0,0,0,0,0,0,0,0,0,0,1,1,0.0,0.0,0.0,0.0,0.0,0.0,0.0,0.0,0.0,0.0,0.0,0.0,0.0,0.0,0.0,0.0,0.0,0.0,0.0,0.0,0.0,0.0,0.0,0.0,0.0,0.0,0.0,0.0,0.0,0.0,0.0,0.0,0.0,0.0,0.0,0.0,0.0,0.0,0.0,0.0,0.0,0.0,0.0,0.0,0.0,0.0,0.0,0.0,0.0,0.0,0.0,0.0,0.0,0.0,0.0,0.0,0.0,0.0,0.0,0.0,0.0,0.0,0.0,0.0,0.0,0.0,0.0,0.0,0.0,0.0,0.0,0.0,0.0,0.0,0.0,0.0,0.0,0.0,0.0,0.0,0.0,0.0,0.0,0.0,0.0,0.0,0.0,0.0,0.0,0.0
1068,441,Fire 2.3-M4,-3,7,0,0,2,6,0,0,0,0,1,3,1,3,1,2,2.0,0.0,0.0,0.0,3.0,1.5,1.5,2.1213203435596424,4.5,3.0,0.0,1.0,0.5,0.5,0.7071067811865476,0.5,1.0,0.0,1.0,0.5,0.5,0.7071067811865476,0.5,1.0,0.0,0.0,0.0,0.0,0.0,0.0,0.0,0.0,0.0,0.0,0.0,0.0,0.0,0.0,0.0,0.0,0.0,0.0,0.0,0.0,0.0,0.0,1.0,0.5,0.5,0.7071067811865476,0.5,1.0,0.0,1.0,0.5,0.5,0.7071067811865476,0.5,1.0,0.0,1.0,0.5,0.5,0.7071067811865476,0.5,1.0,1.0,0.0,2.0,0.0,0.0,0.0,0.0,2.0,0.0,0.0,1.0,0.0,0.0,0.0,0.0,0.0,0.0,0.0,0.0,0.0,0.0,0.0,0.0,0.0
1068,450,Fire 2.4-M1,0,6,1,3,1,3,0,0,0,0,2,6,0,0,1,4,2.0,0.0,0.0,0.0,2.0,1.0,1.0,1.4142135623730951,2.0,2.0,0.0,0.0,0.0,0.0,0.0,0.0,0.0,0.0,0.0,0.0,0.0,0.0,0.0,0.0,0.0,0.0,0.0,0.0,0.0,0.0,0.0,0.0,0.0,0.0,0.0,0.0,0.0,0.0,0.0,0.0,0.0,0.0,0.0,0.0,0.0,0.0,0.0,0.0,0.0,0.0,0.0,0.0,0.0,1.0,0.5,0.5,0.7071067811865476,0.5,1.0,0.0,1.0,0.5,0.5,0.7071067811865476,0.5,1.0,0.0,0.0,1.0,0.0,0.0,0.0,0.0,1.0,0.0,0.0,2.0,0.0,0.0,0.0,0.0,0.0,1.0,0.0,0.0,0.0,0.0,0.0,0.0,0.0
1068,457,Fire 2.4-M2,0,7,0,0,1,3,0,0,0,0,0,0,1,3,1,1,1.0,0.0,0.0,18.0,18.0,18.0,18.0,0.0,0.0,0.0,0.0,0.0,0.0,0.0,0.0,0.0,0.0,1.0,1.0,1.0,1.0,0.0,0.0,0.0,5.0,5.0,5.0,5.0,0.0,0.0,0.0,0.0,0.0,0.0,0.0,0.0,0.0,0.0,0.0,0.0,0.0,0.0,0.0,0.0,0.0,1.0,1.0,1.0,1.0,0.0,0.0,0.0,0.0,0.0,0.0,0.0,0.0,0.0,0.0,3.0,3.0,3.0,3.0,0.0,0.0,0.0,1.0,0.0,0.0,0.0,0.0,0.0,0.0,0.0,0.0,0.0,0.0,0.0,0.0,0.0,0.0,0.0,1.0,0.0,0.0,0.0,0.0,0.0,0.0,0.0
1068,484,Fire 2.4-M4,3,7,0,0,1,3,0,0,1,3,0,0,0,0,1,1,2.0,0.0,1.0,0.0,1.0,0.5,0.5,0.7071067811865476,0.5,1.0,0.0,0.0,0.0,0.0,0.0,0.0,0.0,0.0,1.0,0.5,0.5,0.7071067811865476,0.5,1.0,0.0,0.0,0.0,0.0,0.0,0.0,0.0,0.0,0.0,0.0,0.0,0.0,0.0,0.0,0.0,0.0,0.0,0.0,0.0,0.0,0.0,0.0,0.0,0.0,0.0,0.0,0.0,0.0,0.0,0.0,0.0,0.0,0.0,0.0,0.0,0.0,0.0,0.0,0.0,0.0,0.0,0.0,1.0,0.0,1.0,0.0,0.0,0.0,0.0,0.0,0.0,0.0,1.0,0.0,0.0,0.0,0.0,0.0,1.0,0.0,0.0,0.0,0.0,0.0,0.0,0.0
1068,548,InnoTeam 2.5-M4,0,8,0,0,1,3,0,0,0,0,0,0,1,3,1,1,1.0,0.0,1.0,2.0,2.0,2.0,2.0,0.0,0.0,0.0,1.0,1.0,1.0,1.0,0.0,0.0,0.0,1.0,1.0,1.0,1.0,0.0,0.0,0.0,0.0,0.0,0.0,0.0,0.0,0.0,0.0,0.0,0.0,0.0,0.0,0.0,0.0,0.0,0.0,0.0,0.0,0.0,0.0,0.0,0.0,1.0,1.0,1.0,1.0,0.0,0.0,0.0,0.0,0.0,0.0,0.0,0.0,0.0,0.0,0.0,0.0,0.0,0.0,0.0,0.0,0.0,0.0,0.0,1.0,0.0,0.0,0.0,0.0,0.0,0.0,0.0,1.0,0.0,0.0,0.0,0.0,0.0,0.0,0.0,0.0,0.0,0.0,0.0,0.0,0.0
1068,572,Fire 2.6.0-M1,0,7,1,1,1,3,0,0,0,0,0,0,2,4,1,2,3.0,0.0,1.0,0.0,5.0,2.0,1.0,2.6457513110645907,7.0,5.0,0.0,0.0,0.0,0.0,0.0,0.0,0.0,0.0,1.0,0.6666666666666666,1.0,0.5773502691896258,0.33333333333333337,1.0,0.0,0.0,0.0,0.0,0.0,0.0,0.0,0.0,0.0,0.0,0.0,0.0,0.0,0.0,0.0,0.0,0.0,0.0,0.0,0.0,0.0,1.0,3.0,2.3333333333333335,3.0,1.1547005383792515,1.3333333333333333,2.0,0.0,1.0,0.3333333333333333,0.0,0.5773502691896258,0.33333333333333337,1.0,0.0,1.0,0.6666666666666666,1.0,0.5773502691896258,0.33333333333333337,1.0,1.0,0.0,2.0,0.0,0.0,0.0,0.0,1.0,0.0,0.0,2.0,0.0,0.0,0.0,0.0,0.0,1.0,0.0,0.0,0.0,0.0,0.0,0.0,0.0
1068,583,Fire 2.6.0-M2,-9,7,3,9,4,12,0,0,1,3,2,6,4,12,1,2,7.0,0.0,3.0,0.0,7.0,1.4285714285714286,1.0,2.5071326821120348,6.285714285714285,7.0,0.0,1.0,0.7142857142857143,1.0,0.48795003647426666,0.23809523809523817,1.0,1.0,2.0,1.1428571428571428,1.0,0.37796447300922725,0.14285714285714288,1.0,0.0,2.0,0.2857142857142857,0.0,0.7559289460184546,0.5714285714285716,2.0,0.0,0.0,0.0,0.0,0.0,0.0,0.0,0.0,0.0,0.0,0.0,0.0,0.0,0.0,0.0,3.0,1.0,1.0,1.1547005383792515,1.3333333333333333,3.0,0.0,1.0,0.42857142857142855,0.0,0.5345224838248487,0.28571428571428564,1.0,0.0,4.0,1.1428571428571428,1.0,1.3451854182690985,1.8095238095238095,4.0,1.0,0.0,7.0,0.0,0.0,0.0,0.0,3.0,0.0,1.0,6.0,0.0,0.0,0.0,0.0,0.0,0.0,0.0,0.0,0.0,0.0,0.0,0.0,0.0
1068,587,Sprint 1,3,31,0,0,0,0,0,0,0,0,0,0,0,0,1,1,2.0,0.0,0.0,0.0,0.0,0.0,0.0,0.0,0.0,0.0,0.0,0.0,0.0,0.0,0.0,0.0,0.0,0.0,1.0,0.5,0.5,0.7071067811865476,0.5,1.0,0.0,1.0,0.5,0.5,0.7071067811865476,0.5,1.0,0.0,0.0,0.0,0.0,0.0,0.0,0.0,0.0,0.0,0.0,0.0,0.0,0.0,0.0,0.0,0.0,0.0,0.0,0.0,0.0,0.0,0.0,0.0,0.0,0.0,0.0,0.0,0.0,0.0,0.0,0.0,0.0,0.0,0.0,0.0,1.0,0.0,1.0,0.0,0.0,0.0,0.0,0.0,0.0,1.0,1.0,0.0,0.0,0.0,0.0,0.0,1.0,0.0,0.0,0.0,0.0,0.0,0.0,0.0
1068,596,Fire 2.6.0-M3,0,7,3,9,0,0,0,0,0,0,1,3,2,6,1,1,3.0,0.0,1.0,0.0,1.0,0.3333333333333333,0.0,0.5773502691896258,0.33333333333333337,1.0,0.0,1.0,0.6666666666666666,1.0,0.5773502691896258,0.33333333333333337,1.0,1.0,1.0,1.0,1.0,0.0,0.0,0.0,0.0,2.0,0.6666666666666666,0.0,1.1547005383792517,1.3333333333333335,2.0,0.0,0.0,0.0,0.0,0.0,0.0,0.0,0.0,0.0,0.0,0.0,0.0,0.0,0.0,0.0,1.0,0.6666666666666666,1.0,0.5773502691896258,0.33333333333333337,1.0,0.0,1.0,0.3333333333333333,0.0,0.5773502691896258,0.33333333333333337,1.0,1.0,4.0,2.0,1.0,1.7320508075688772,3.0,3.0,0.0,0.0,3.0,0.0,0.0,0.0,0.0,2.0,0.0,0.0,3.0,0.0,0.0,0.0,0.0,0.0,0.0,0.0,0.0,0.0,0.0,0.0,0.0,0.0
1068,614,Fire 2.6.0-M4,-3,13,1,3,0,0,0,0,1,3,0,0,0,0,1,1,1.0,0.0,1.0,0.0,0.0,0.0,0.0,0.0,0.0,0.0,1.0,1.0,1.0,1.0,0.0,0.0,0.0,0.0,0.0,0.0,0.0,0.0,0.0,0.0,0.0,0.0,0.0,0.0,0.0,0.0,0.0,0.0,0.0,0.0,0.0,0.0,0.0,0.0,0.0,0.0,0.0,0.0,0.0,0.0,0.0,0.0,0.0,0.0,0.0,0.0,0.0,0.0,0.0,0.0,0.0,0.0,0.0,0.0,0.0,0.0,0.0,0.0,0.0,0.0,0.0,0.0,1.0,0.0,1.0,0.0,0.0,0.0,0.0,0.0,0.0,0.0,0.0,0.0,0.0,0.0,0.0,0.0,0.0,0.0,0.0,0.0,0.0,0.0,0.0,0.0
1068,619,Innovation Week 8,-3,7,1,3,0,0,0,0,0,0,1,3,0,0,1,1,1.0,0.0,0.0,0.0,0.0,0.0,0.0,0.0,0.0,0.0,0.0,0.0,0.0,0.0,0.0,0.0,0.0,0.0,0.0,0.0,0.0,0.0,0.0,0.0,1.0,1.0,1.0,1.0,0.0,0.0,0.0,0.0,0.0,0.0,0.0,0.0,0.0,0.0,0.0,0.0,0.0,0.0,0.0,0.0,0.0,0.0,0.0,0.0,0.0,0.0,0.0,0.0,0.0,0.0,0.0,0.0,0.0,0.0,0.0,0.0,0.0,0.0,0.0,0.0,0.0,0.0,1.0,0.0,0.0,0.0,0.0,0.0,0.0,0.0,0.0,0.0,0.0,0.0,0.0,0.0,0.0,0.0,1.0,0.0,0.0,0.0,0.0,0.0,0.0,0.0
1068,620,Fire 2.6.0-M5 / IW8,-3,7,1,3,0,0,0,0,1,3,0,0,0,0,1,1,1.0,0.0,1.0,0.0,0.0,0.0,0.0,0.0,0.0,0.0,1.0,1.0,1.0,1.0,0.0,0.0,0.0,0.0,0.0,0.0,0.0,0.0,0.0,0.0,0.0,0.0,0.0,0.0,0.0,0.0,0.0,0.0,0.0,0.0,0.0,0.0,0.0,0.0,0.0,0.0,0.0,0.0,0.0,0.0,0.0,0.0,0.0,0.0,0.0,0.0,0.0,0.0,0.0,0.0,0.0,0.0,0.0,0.0,0.0,0.0,0.0,0.0,0.0,0.0,0.0,0.0,1.0,0.0,1.0,0.0,0.0,0.0,0.0,0.0,0.0,0.0,0.0,0.0,0.0,0.0,0.0,0.0,0.0,0.0,0.0,0.0,0.0,0.0,0.0,0.0
1068,629,Fire 2.7.0-M1,-3,7,1,3,0,0,0,0,1,3,0,0,0,0,1,1,1.0,0.0,1.0,0.0,0.0,0.0,0.0,0.0,0.0,0.0,1.0,1.0,1.0,1.0,0.0,0.0,0.0,0.0,0.0,0.0,0.0,0.0,0.0,0.0,0.0,0.0,0.0,0.0,0.0,0.0,0.0,0.0,0.0,0.0,0.0,0.0,0.0,0.0,0.0,0.0,0.0,0.0,0.0,0.0,0.0,0.0,0.0,0.0,0.0,0.0,0.0,0.0,0.0,0.0,0.0,0.0,0.0,0.0,0.0,0.0,0.0,0.0,0.0,0.0,0.0,0.0,1.0,0.0,1.0,0.0,0.0,0.0,0.0,0.0,0.0,0.0,0.0,0.0,0.0,0.0,0.0,0.0,0.0,0.0,0.0,0.0,0.0,0.0,0.0,0.0
1068,643,Fire 2.7.0-M2,0,7,0,0,1,3,0,0,0,0,0,0,1,3,1,1,1.0,0.0,0.0,2.0,2.0,2.0,2.0,0.0,0.0,0.0,0.0,0.0,0.0,0.0,0.0,0.0,0.0,1.0,1.0,1.0,1.0,0.0,0.0,0.0,0.0,0.0,0.0,0.0,0.0,0.0,0.0,0.0,0.0,0.0,0.0,0.0,0.0,0.0,0.0,0.0,0.0,0.0,0.0,0.0,0.0,2.0,2.0,2.0,2.0,0.0,0.0,0.0,1.0,1.0,1.0,1.0,0.0,0.0,0.0,1.0,1.0,1.0,1.0,0.0,0.0,0.0,1.0,0.0,0.0,0.0,0.0,0.0,0.0,0.0,0.0,0.0,0.0,0.0,0.0,0.0,0.0,0.0,1.0,0.0,0.0,0.0,0.0,0.0,0.0,0.0
1068,654,Fire 2.7-M3,-3,6,2,6,2,6,1,3,0,0,3,9,0,0,1,2,6.0,1.0,2.0,0.0,11.0,2.5,1.0,4.230839160261236,17.9,11.0,0.0,2.0,0.6666666666666666,0.5,0.816496580927726,0.6666666666666667,2.0,0.0,1.0,0.3333333333333333,0.0,0.5163977794943223,0.2666666666666667,1.0,0.0,2.0,0.8333333333333334,1.0,0.752772652709081,0.5666666666666667,2.0,0.0,0.0,0.0,0.0,0.0,0.0,0.0,0.0,0.0,0.0,0.0,0.0,0.0,0.0,0.0,1.0,0.16666666666666666,0.0,0.408248290463863,0.16666666666666669,1.0,0.0,3.0,0.8333333333333334,0.5,1.1690451944500122,1.3666666666666667,3.0,0.0,4.0,1.1666666666666667,0.5,1.602081978759722,2.5666666666666664,4.0,0.0,0.0,3.0,0.0,0.0,0.0,0.0,2.0,0.0,0.0,6.0,0.0,0.0,0.0,0.0,0.0,2.0,0.0,0.0,0.0,0.0,0.0,0.0,0.0
1068,663,Enterprise 2.7-M3,0,13,1,3,0,0,0,0,1,3,0,0,0,0,1,1,1.0,0.0,0.0,3.0,3.0,3.0,3.0,0.0,0.0,0.0,0.0,0.0,0.0,0.0,0.0,0.0,0.0,1.0,1.0,1.0,1.0,0.0,0.0,0.0,2.0,2.0,2.0,2.0,0.0,0.0,0.0,0.0,0.0,0.0,0.0,0.0,0.0,0.0,0.0,0.0,0.0,0.0,0.0,0.0,0.0,0.0,0.0,0.0,0.0,0.0,0.0,0.0,0.0,0.0,0.0,0.0,0.0,0.0,0.0,2.0,2.0,2.0,2.0,0.0,0.0,0.0,1.0,0.0,0.0,0.0,0.0,0.0,0.0,0.0,0.0,0.0,0.0,0.0,0.0,0.0,0.0,0.0,1.0,0.0,0.0,0.0,0.0,0.0,0.0,0.0
1068,672,Fire 2.7-M4,0,7,2,6,0,0,0,0,0,0,0,0,2,6,1,2,4.0,1.0,0.0,0.0,3.0,1.25,1.0,1.5,2.25,3.0,0.0,2.0,1.0,1.0,0.816496580927726,0.6666666666666666,2.0,0.0,2.0,0.75,0.5,0.9574271077563381,0.9166666666666666,2.0,0.0,3.0,1.25,1.0,1.2583057392117916,1.5833333333333333,3.0,0.0,0.0,0.0,0.0,0.0,0.0,0.0,0.0,0.0,0.0,0.0,0.0,0.0,0.0,0.0,1.0,0.5,0.5,0.5773502691896257,0.3333333333333333,1.0,0.0,3.0,1.0,0.5,1.4142135623730951,2.0,3.0,0.0,2.0,0.5,0.0,1.0,1.0,2.0,1.0,0.0,2.0,0.0,0.0,0.0,0.0,3.0,0.0,0.0,3.0,0.0,0.0,0.0,0.0,0.0,1.0,0.0,0.0,0.0,0.0,0.0,0.0,0.0
1068,677,Blue 2.7-M4,-3,7,1,3,0,0,0,0,1,3,0,0,0,0,1,1,1.0,0.0,0.0,0.0,0.0,0.0,0.0,0.0,0.0,0.0,0.0,0.0,0.0,0.0,0.0,0.0,0.0,0.0,0.0,0.0,0.0,0.0,0.0,0.0,1.0,1.0,1.0,1.0,0.0,0.0,0.0,0.0,0.0,0.0,0.0,0.0,0.0,0.0,0.0,0.0,0.0,0.0,0.0,0.0,0.0,0.0,0.0,0.0,0.0,0.0,0.0,0.0,0.0,0.0,0.0,0.0,0.0,0.0,0.0,0.0,0.0,0.0,0.0,0.0,0.0,0.0,1.0,0.0,0.0,0.0,0.0,0.0,0.0,0.0,0.0,0.0,0.0,0.0,0.0,0.0,0.0,0.0,1.0,0.0,0.0,0.0,0.0,0.0,0.0,0.0
1068,682,Fire 2.8-M1,-3,7,2,6,1,3,0,0,1,3,1,3,1,3,1,2,3.0,0.0,0.0,0.0,4.0,2.3333333333333335,3.0,2.081665999466133,4.333333333333334,4.0,0.0,1.0,0.6666666666666666,1.0,0.5773502691896258,0.33333333333333337,1.0,1.0,2.0,1.3333333333333333,1.0,0.5773502691896257,0.3333333333333333,1.0,0.0,3.0,1.3333333333333333,1.0,1.5275252316519468,2.3333333333333335,3.0,0.0,0.0,0.0,0.0,0.0,0.0,0.0,0.0,0.0,0.0,0.0,0.0,0.0,0.0,0.0,0.0,0.0,0.0,0.0,0.0,0.0,0.0,0.0,0.0,0.0,0.0,0.0,0.0,0.0,1.0,0.3333333333333333,0.0,0.5773502691896258,0.33333333333333337,1.0,1.0,0.0,3.0,0.0,0.0,0.0,0.0,1.0,0.0,1.0,2.0,0.0,0.0,1.0,0.0,0.0,0.0,0.0,0.0,0.0,0.0,0.0,0.0,0.0
1068,683,Blue 2.8-M1,-3,7,1,3,0,0,0,0,1,3,0,0,0,0,1,1,1.0,0.0,0.0,0.0,0.0,0.0,0.0,0.0,0.0,0.0,0.0,0.0,0.0,0.0,0.0,0.0,0.0,0.0,0.0,0.0,0.0,0.0,0.0,0.0,1.0,1.0,1.0,1.0,0.0,0.0,0.0,0.0,0.0,0.0,0.0,0.0,0.0,0.0,0.0,0.0,0.0,0.0,0.0,0.0,0.0,0.0,0.0,0.0,0.0,0.0,0.0,0.0,0.0,0.0,0.0,0.0,0.0,0.0,0.0,0.0,0.0,0.0,0.0,0.0,0.0,0.0,1.0,0.0,0.0,0.0,0.0,0.0,0.0,0.0,0.0,0.0,0.0,0.0,0.0,0.0,0.0,0.0,1.0,0.0,0.0,0.0,0.0,0.0,0.0,0.0
1068,687,Enterprise 2.8-M1,0,6,2,6,0,0,0,0,1,3,0,0,1,3,1,1,3.0,0.0,0.0,0.0,9.0,4.0,3.0,4.58257569495584,21.0,9.0,0.0,3.0,1.0,0.0,1.7320508075688772,3.0,3.0,0.0,2.0,1.0,1.0,1.0,1.0,2.0,0.0,1.0,0.6666666666666666,1.0,0.5773502691896258,0.33333333333333337,1.0,0.0,0.0,0.0,0.0,0.0,0.0,0.0,0.0,0.0,0.0,0.0,0.0,0.0,0.0,0.0,1.0,0.3333333333333333,0.0,0.5773502691896258,0.33333333333333337,1.0,0.0,0.0,0.0,0.0,0.0,0.0,0.0,0.0,0.0,0.0,0.0,0.0,0.0,0.0,0.0,0.0,1.0,0.0,0.0,0.0,0.0,1.0,0.0,0.0,3.0,0.0,0.0,0.0,0.0,0.0,2.0,0.0,0.0,0.0,0.0,0.0,0.0,0.0
1068,747,Fire 2.8-M2,-3,7,1,3,1,3,0,0,1,3,0,0,1,3,1,1,2.0,0.0,0.0,0.0,3.0,1.5,1.5,2.1213203435596424,4.5,3.0,0.0,1.0,0.5,0.5,0.7071067811865476,0.5,1.0,1.0,1.0,1.0,1.0,0.0,0.0,0.0,0.0,1.0,0.5,0.5,0.7071067811865476,0.5,1.0,0.0,0.0,0.0,0.0,0.0,0.0,0.0,0.0,0.0,0.0,0.0,0.0,0.0,0.0,0.0,0.0,0.0,0.0,0.0,0.0,0.0,0.0,0.0,0.0,0.0,0.0,0.0,0.0,0.0,1.0,0.5,0.5,0.7071067811865476,0.5,1.0,1.0,0.0,2.0,0.0,0.0,0.0,0.0,0.0,1.0,1.0,1.0,0.0,0.0,0.0,0.0,0.0,0.0,0.0,0.0,0.0,0.0,0.0,0.0,0.0
1068,774,Enterprise 2.8-M2,-9,6,1,3,2,6,0,0,2,6,1,3,0,0,1,1,3.0,0.0,2.0,0.0,3.0,1.0,0.0,1.7320508075688772,3.0,3.0,0.0,1.0,0.3333333333333333,0.0,0.5773502691896258,0.33333333333333337,1.0,0.0,1.0,0.6666666666666666,1.0,0.5773502691896258,0.33333333333333337,1.0,0.0,1.0,0.3333333333333333,0.0,0.5773502691896258,0.33333333333333337,1.0,0.0,0.0,0.0,0.0,0.0,0.0,0.0,0.0,0.0,0.0,0.0,0.0,0.0,0.0,0.0,0.0,0.0,0.0,0.0,0.0,0.0,0.0,0.0,0.0,0.0,0.0,0.0,0.0,0.0,1.0,0.3333333333333333,0.0,0.5773502691896258,0.33333333333333337,1.0,1.0,0.0,2.0,0.0,0.0,0.0,0.0,0.0,0.0,0.0,2.0,0.0,0.0,0.0,0.0,0.0,1.0,0.0,0.0,0.0,0.0,0.0,0.0,0.0
1068,787,Enterprise 2.8-M3,-9,7,3,9,0,0,0,0,1,3,2,6,0,0,1,2,3.0,0.0,2.0,0.0,3.0,1.0,0.0,1.7320508075688772,3.0,3.0,0.0,1.0,0.3333333333333333,0.0,0.5773502691896258,0.33333333333333337,1.0,0.0,1.0,0.6666666666666666,1.0,0.5773502691896258,0.33333333333333337,1.0,0.0,1.0,0.3333333333333333,0.0,0.5773502691896258,0.33333333333333337,1.0,0.0,0.0,0.0,0.0,0.0,0.0,0.0,0.0,0.0,0.0,0.0,0.0,0.0,0.0,0.0,0.0,0.0,0.0,0.0,0.0,0.0,0.0,0.0,0.0,0.0,0.0,0.0,0.0,0.0,1.0,0.3333333333333333,0.0,0.5773502691896258,0.33333333333333337,1.0,1.0,0.0,2.0,0.0,0.0,0.0,0.0,0.0,0.0,0.0,2.0,0.0,0.0,0.0,0.0,0.0,1.0,0.0,0.0,0.0,0.0,0.0,0.0,0.0
1068,803,Enterprise 2.8-M4,-3,7,3,9,0,0,0,0,1,3,0,0,2,6,1,3,3.0,0.0,2.0,0.0,3.0,1.0,0.0,1.7320508075688772,3.0,3.0,0.0,1.0,0.3333333333333333,0.0,0.5773502691896258,0.33333333333333337,1.0,0.0,1.0,0.6666666666666666,1.0,0.5773502691896258,0.33333333333333337,1.0,0.0,1.0,0.3333333333333333,0.0,0.5773502691896258,0.33333333333333337,1.0,0.0,0.0,0.0,0.0,0.0,0.0,0.0,0.0,0.0,0.0,0.0,0.0,0.0,0.0,0.0,1.0,0.6666666666666666,1.0,0.5773502691896258,0.33333333333333337,1.0,0.0,0.0,0.0,0.0,0.0,0.0,0.0,0.0,1.0,0.3333333333333333,0.0,0.5773502691896258,0.33333333333333337,1.0,1.0,0.0,2.0,0.0,0.0,0.0,0.0,0.0,0.0,0.0,2.0,0.0,0.0,0.0,0.0,0.0,1.0,0.0,0.0,0.0,0.0,0.0,0.0,0.0
1068,818,Enterprise 2.8-M5,-3,7,1,3,0,0,0,0,1,3,0,0,0,0,1,1,1.0,0.0,0.0,3.0,3.0,3.0,3.0,0.0,0.0,0.0,0.0,0.0,0.0,0.0,0.0,0.0,0.0,0.0,0.0,0.0,0.0,0.0,0.0,0.0,1.0,1.0,1.0,1.0,0.0,0.0,0.0,0.0,0.0,0.0,0.0,0.0,0.0,0.0,0.0,0.0,0.0,0.0,0.0,0.0,0.0,0.0,0.0,0.0,0.0,0.0,0.0,0.0,0.0,0.0,0.0,0.0,0.0,0.0,0.0,0.0,0.0,0.0,0.0,0.0,0.0,0.0,0.0,0.0,0.0,0.0,0.0,0.0,0.0,0.0,0.0,0.0,1.0,0.0,0.0,0.0,0.0,0.0,1.0,0.0,0.0,0.0,0.0,0.0,0.0,0.0
1068,835,Enterprise 2.8-M6,-3,4,1,3,1,3,0,0,0,0,2,6,0,0,1,2,2.0,0.0,0.0,0.0,3.0,1.5,1.5,2.1213203435596424,4.5,3.0,0.0,2.0,1.0,1.0,1.4142135623730951,2.0,2.0,0.0,3.0,1.5,1.5,2.1213203435596424,4.5,3.0,1.0,1.0,1.0,1.0,0.0,0.0,0.0,0.0,0.0,0.0,0.0,0.0,0.0,0.0,0.0,0.0,0.0,0.0,0.0,0.0,0.0,0.0,0.0,0.0,0.0,0.0,0.0,0.0,0.0,1.0,0.5,0.5,0.7071067811865476,0.5,1.0,0.0,1.0,0.5,0.5,0.7071067811865476,0.5,1.0,0.0,0.0,1.0,0.0,0.0,0.0,0.0,1.0,0.0,0.0,2.0,0.0,0.0,0.0,0.0,0.0,1.0,0.0,0.0,0.0,0.0,0.0,0.0,0.0
1068,851,Fire 2.8 Dev Speed Week,3,5,0,0,0,0,0,0,0,0,0,0,0,0,1,1,1.0,0.0,0.0,0.0,0.0,0.0,0.0,0.0,0.0,0.0,0.0,0.0,0.0,0.0,0.0,0.0,0.0,0.0,0.0,0.0,0.0,0.0,0.0,0.0,0.0,0.0,0.0,0.0,0.0,0.0,0.0,0.0,0.0,0.0,0.0,0.0,0.0,0.0,0.0,0.0,0.0,0.0,0.0,0.0,0.0,0.0,0.0,0.0,0.0,0.0,0.0,0.0,0.0,0.0,0.0,0.0,0.0,0.0,0.0,0.0,0.0,0.0,0.0,0.0,0.0,0.0,0.0,0.0,0.0,0.0,0.0,0.0,0.0,0.0,0.0,0.0,1.0,0.0,0.0,0.0,0.0,0.0,1.0,0.0,0.0,0.0,0.0,0.0,0.0,0.0
1068,882,Fire 2.9-M1,0,7,1,3,1,3,0,0,0,0,1,3,1,3,1,1,2.0,0.0,1.0,0.0,0.0,0.0,0.0,0.0,0.0,0.0,0.0,2.0,1.0,1.0,1.4142135623730951,2.0,2.0,0.0,4.0,2.0,2.0,2.8284271247461903,8.0,4.0,0.0,0.0,0.0,0.0,0.0,0.0,0.0,0.0,0.0,0.0,0.0,0.0,0.0,0.0,0.0,0.0,0.0,0.0,0.0,0.0,0.0,0.0,4.0,2.0,2.0,2.8284271247461903,8.0,4.0,0.0,0.0,0.0,0.0,0.0,0.0,0.0,0.0,0.0,0.0,0.0,0.0,0.0,0.0,1.0,0.0,1.0,0.0,0.0,0.0,0.0,0.0,0.0,0.0,1.0,0.0,0.0,0.0,0.0,0.0,1.0,0.0,0.0,0.0,0.0,0.0,0.0,0.0
1068,885,Enterprise 2.9-M1,-9,6,0,0,3,9,0,0,2,6,1,3,0,0,1,2,4.0,0.0,1.0,0.0,6.0,3.0,3.0,3.4641016151377544,12.0,6.0,0.0,0.0,0.0,0.0,0.0,0.0,0.0,0.0,2.0,0.75,0.5,0.9574271077563381,0.9166666666666666,2.0,0.0,1.0,0.25,0.0,0.5,0.25,1.0,0.0,0.0,0.0,0.0,0.0,0.0,0.0,0.0,0.0,0.0,0.0,0.0,0.0,0.0,0.0,0.0,0.0,0.0,0.0,0.0,0.0,0.0,0.0,0.0,0.0,0.0,0.0,0.0,0.0,1.0,0.25,0.0,0.5,0.25,1.0,1.0,0.0,2.0,0.0,0.0,0.0,0.0,0.0,0.0,1.0,3.0,0.0,0.0,0.0,0.0,0.0,2.0,0.0,0.0,0.0,0.0,0.0,0.0,0.0
1068,893,Fire 2.9-M2,9,7,0,0,1,3,0,0,1,3,0,0,0,0,1,1,7.0,0.0,5.0,0.0,3.0,1.1428571428571428,1.0,1.3451854182690985,1.8095238095238093,3.0,1.0,2.0,1.1428571428571428,1.0,0.3779644730092273,0.1428571428571429,1.0,1.0,1.0,1.0,1.0,0.0,0.0,0.0,0.0,1.0,0.2857142857142857,0.0,0.48795003647426666,0.23809523809523814,1.0,0.0,0.0,0.0,0.0,0.0,0.0,0.0,0.0,0.0,0.0,0.0,0.0,0.0,0.0,0.0,1.0,0.14285714285714285,0.0,0.37796447300922725,0.14285714285714288,1.0,0.0,1.0,0.2857142857142857,0.0,0.48795003647426666,0.23809523809523814,1.0,0.0,12.0,2.5714285714285716,1.0,4.197504927816955,17.619047619047624,12.0,1.0,0.0,7.0,0.0,0.0,0.0,0.0,1.0,1.0,0.0,6.0,0.0,0.0,0.0,0.0,0.0,0.0,0.0,0.0,0.0,0.0,0.0,0.0,0.0
1068,897,Enterprise 2.9-M2,-12,6,6,18,0,0,2,6,2,6,2,6,0,0,1,2,6.0,0.0,2.0,0.0,6.0,2.5,1.5,2.8106938645110393,7.9,6.0,0.0,1.0,0.3333333333333333,0.0,0.5163977794943223,0.2666666666666667,1.0,0.0,2.0,0.6666666666666666,0.5,0.816496580927726,0.6666666666666667,2.0,0.0,2.0,0.5,0.0,0.8366600265340756,0.7,2.0,0.0,0.0,0.0,0.0,0.0,0.0,0.0,0.0,0.0,0.0,0.0,0.0,0.0,0.0,0.0,1.0,0.16666666666666666,0.0,0.408248290463863,0.16666666666666669,1.0,0.0,0.0,0.0,0.0,0.0,0.0,0.0,0.0,2.0,0.5,0.0,0.8366600265340756,0.7,2.0,1.0,0.0,4.0,0.0,0.0,0.0,0.0,1.0,0.0,1.0,5.0,0.0,0.0,0.0,0.0,0.0,2.0,0.0,0.0,0.0,0.0,0.0,0.0,0.0
1068,910,Fire 2.9-M3,3,7,3,9,2,6,0,0,0,0,2,6,3,9,1,2,7.0,0.0,3.0,0.0,4.0,1.5714285714285714,2.0,1.618347187425374,2.619047619047619,4.0,1.0,2.0,1.1428571428571428,1.0,0.3779644730092273,0.1428571428571429,1.0,1.0,2.0,1.2857142857142858,1.0,0.48795003647426666,0.23809523809523814,1.0,0.0,1.0,0.14285714285714285,0.0,0.3779644730092273,0.1428571428571429,1.0,0.0,0.0,0.0,0.0,0.0,0.0,0.0,0.0,0.0,0.0,0.0,0.0,0.0,0.0,0.0,3.0,0.8571428571428571,1.0,1.0690449676496974,1.1428571428571426,3.0,0.0,1.0,0.2857142857142857,0.0,0.48795003647426666,0.23809523809523814,1.0,0.0,12.0,2.4285714285714284,1.0,4.3149794459588815,18.619047619047617,12.0,3.0,0.0,7.0,0.0,0.0,0.0,0.0,4.0,0.0,0.0,4.0,0.0,0.0,0.0,0.0,0.0,0.0,0.0,0.0,0.0,0.0,0.0,0.0,0.0
1068,913,Enterprise 2.9-M3,0,6,4,12,1,3,0,0,0,0,2,6,3,9,1,4,5.0,0.0,2.0,0.0,14.0,3.4,1.0,5.9833101206606365,35.8,14.0,0.0,1.0,0.2,0.0,0.44721359549995804,0.20000000000000007,1.0,0.0,2.0,0.8,1.0,0.8366600265340756,0.7000000000000001,2.0,0.0,2.0,0.6,0.0,0.8944271909999157,0.7999999999999998,2.0,0.0,0.0,0.0,0.0,0.0,0.0,0.0,0.0,0.0,0.0,0.0,0.0,0.0,0.0,0.0,3.0,1.0,1.0,1.224744871391589,1.5,3.0,0.0,0.0,0.0,0.0,0.0,0.0,0.0,0.0,2.0,1.0,1.0,1.0,1.0,2.0,1.0,0.0,4.0,0.0,0.0,0.0,0.0,1.0,0.0,1.0,4.0,0.0,0.0,0.0,0.0,0.0,1.0,0.0,0.0,0.0,0.0,0.0,0.0,0.0
1068,942,Fire 2.9-M5,0,7,0,0,0,0,0,0,0,0,0,0,0,0,1,1,1.0,0.0,0.0,0.0,0.0,0.0,0.0,0.0,0.0,0.0,0.0,0.0,0.0,0.0,0.0,0.0,0.0,0.0,0.0,0.0,0.0,0.0,0.0,0.0,0.0,0.0,0.0,0.0,0.0,0.0,0.0,0.0,0.0,0.0,0.0,0.0,0.0,0.0,0.0,0.0,0.0,0.0,0.0,0.0,0.0,0.0,0.0,0.0,0.0,0.0,0.0,0.0,0.0,0.0,0.0,0.0,0.0,0.0,0.0,1.0,1.0,1.0,1.0,0.0,0.0,0.0,0.0,0.0,0.0,0.0,0.0,0.0,0.0,0.0,0.0,0.0,1.0,0.0,0.0,0.0,0.0,0.0,1.0,0.0,0.0,0.0,0.0,0.0,0.0,0.0
1068,958,Fire 2.10-M1,-12,6,4,12,6,18,3,9,7,21,0,0,0,0,1,6,10.0,0.0,5.0,0.0,6.0,1.8,0.0,2.573367875415838,6.622222222222224,6.0,0.0,2.0,0.8,1.0,0.6324555320336759,0.4000000000000001,2.0,0.0,1.0,0.9,1.0,0.31622776601683794,0.10000000000000002,1.0,0.0,2.0,0.3,0.0,0.6749485577105528,0.4555555555555555,2.0,0.0,0.0,0.0,0.0,0.0,0.0,0.0,0.0,0.0,0.0,0.0,0.0,0.0,0.0,0.0,2.0,0.7,0.5,0.8232726023485646,0.6777777777777778,2.0,0.0,2.0,0.4,0.0,0.8432740427115679,0.7111111111111114,2.0,0.0,3.0,0.5,0.0,0.97182531580755,0.9444444444444444,3.0,6.0,0.0,9.0,0.0,0.0,0.0,0.0,2.0,0.0,2.0,4.0,0.0,0.0,0.0,0.0,0.0,1.0,0.0,0.0,0.0,0.0,0.0,0.0,0.0
1068,959,Enterprise 2.10-M1,-15,6,0,0,7,21,0,0,5,15,0,0,2,6,1,2,7.0,0.0,0.0,0.0,12.0,3.2857142857142856,0.0,4.715728494951256,22.23809523809524,12.0,0.0,1.0,0.7142857142857143,1.0,0.48795003647426666,0.23809523809523817,1.0,0.0,1.0,0.7142857142857143,1.0,0.48795003647426666,0.23809523809523817,1.0,0.0,1.0,0.14285714285714285,0.0,0.37796447300922725,0.14285714285714288,1.0,0.0,0.0,0.0,0.0,0.0,0.0,0.0,0.0,0.0,0.0,0.0,0.0,0.0,0.0,0.0,2.0,0.42857142857142855,0.0,0.7867957924694431,0.619047619047619,2.0,0.0,2.0,0.2857142857142857,0.0,0.7559289460184545,0.5714285714285715,2.0,0.0,3.0,1.0,0.0,1.4142135623730951,2.0,3.0,1.0,0.0,5.0,0.0,0.0,0.0,0.0,3.0,0.0,2.0,6.0,0.0,0.0,0.0,0.0,0.0,2.0,0.0,0.0,0.0,0.0,0.0,0.0,0.0
1068,961,Fire 2.10-M2,-9,14,16,48,2,6,0,0,6,18,4,12,8,24,1,9,22.0,0.0,7.0,0.0,11.0,2.6818181818181817,1.5,3.122672293258172,9.751082251082252,11.0,0.0,2.0,0.5454545454545454,0.0,0.6709817063202619,0.45021645021645024,2.0,0.0,2.0,0.5454545454545454,0.5,0.5958006000151015,0.3549783549783549,2.0,0.0,9.0,0.6818181818181818,0.0,1.9367710889731522,3.75108225108225,9.0,0.0,0.0,0.0,0.0,0.0,0.0,0.0,0.0,0.0,0.0,0.0,0.0,0.0,0.0,0.0,3.0,0.3181818181818182,0.0,0.7162311170195085,0.5129870129870129,3.0,0.0,3.0,0.45454545454545453,0.0,0.8004327833694972,0.6406926406926404,3.0,0.0,4.0,1.0454545454545454,1.0,1.1329385612423049,1.2835497835497836,4.0,8.0,0.0,14.0,0.0,0.0,0.0,0.0,5.0,0.0,1.0,14.0,0.0,0.0,1.0,0.0,0.0,8.0,0.0,0.0,0.0,0.0,0.0,0.0,0.0
1068,976,Enterprise 2.10-M2,-6,13,5,15,0,0,0,0,2,6,1,3,2,6,1,2,6.0,0.0,1.0,0.0,21.0,5.166666666666667,1.5,8.183316361150085,66.96666666666667,21.0,0.0,1.0,0.5,0.5,0.5477225575051661,0.3,1.0,0.0,1.0,0.6666666666666666,1.0,0.5163977794943223,0.2666666666666667,1.0,0.0,0.0,0.0,0.0,0.0,0.0,0.0,0.0,0.0,0.0,0.0,0.0,0.0,0.0,0.0,0.0,0.0,0.0,0.0,0.0,0.0,0.0,1.0,0.3333333333333333,0.0,0.5163977794943223,0.2666666666666667,1.0,0.0,0.0,0.0,0.0,0.0,0.0,0.0,0.0,3.0,1.0,0.0,1.5491933384829668,2.4,3.0,2.0,0.0,4.0,0.0,0.0,0.0,0.0,3.0,0.0,0.0,4.0,0.0,0.0,0.0,0.0,0.0,2.0,0.0,0.0,0.0,0.0,0.0,0.0,0.0
1068,1009,Magenta 2.10-M4,-15,7,7,21,1,3,0,0,4,12,2,6,2,6,1,7,8.0,0.0,1.0,0.0,12.0,4.25,1.5,5.257647491307984,27.642857142857142,12.0,0.0,1.0,0.5,0.5,0.5345224838248488,0.2857142857142857,1.0,0.0,1.0,0.5,0.5,0.5345224838248488,0.2857142857142857,1.0,0.0,1.0,0.25,0.0,0.4629100498862757,0.21428571428571427,1.0,0.0,0.0,0.0,0.0,0.0,0.0,0.0,0.0,0.0,0.0,0.0,0.0,0.0,0.0,0.0,1.0,0.25,0.0,0.4629100498862757,0.21428571428571427,1.0,0.0,3.0,0.875,1.0,0.9910312089651149,0.9821428571428571,3.0,0.0,5.0,2.125,2.0,1.807721533549109,3.267857142857143,5.0,4.0,0.0,6.0,0.0,0.0,0.0,0.0,4.0,0.0,1.0,4.0,0.0,0.0,0.0,0.0,0.0,2.0,0.0,0.0,0.0,0.0,0.0,0.0,0.0
1068,1031,Fire 2.11-XMNY2013,-9,14,3,9,1,3,0,0,3,9,0,0,1,3,1,2,5.0,0.0,0.0,0.0,12.0,2.4,0.0,5.366563145999495,28.8,12.0,0.0,1.0,0.8,1.0,0.44721359549995804,0.20000000000000007,1.0,0.0,1.0,0.6,1.0,0.5477225575051662,0.30000000000000004,1.0,0.0,1.0,0.2,0.0,0.44721359549995804,0.20000000000000007,1.0,0.0,0.0,0.0,0.0,0.0,0.0,0.0,0.0,0.0,0.0,0.0,0.0,0.0,0.0,0.0,1.0,0.2,0.0,0.447213595499958,0.20000000000000004,1.0,0.0,1.0,0.6,1.0,0.5477225575051662,0.30000000000000004,1.0,0.0,5.0,1.8,2.0,2.04939015319192,4.200000000000001,5.0,2.0,0.0,4.0,0.0,0.0,0.0,0.0,4.0,0.0,0.0,3.0,0.0,0.0,0.0,0.0,0.0,1.0,0.0,0.0,0.0,0.0,0.0,0.0,0.0
1068,1032,Fire 2.11-M1,-12,6,3,9,2,6,0,0,3,9,1,3,1,3,1,5,6.0,0.0,0.0,0.0,12.0,3.6666666666666665,2.5,4.589843860815602,21.06666666666667,12.0,0.0,1.0,0.3333333333333333,0.0,0.5163977794943223,0.2666666666666667,1.0,0.0,1.0,0.3333333333333333,0.0,0.5163977794943223,0.2666666666666667,1.0,0.0,5.0,1.1666666666666667,0.5,1.9407902170679516,3.7666666666666666,5.0,0.0,0.0,0.0,0.0,0.0,0.0,0.0,0.0,0.0,0.0,0.0,0.0,0.0,0.0,0.0,3.0,0.5,0.0,1.224744871391589,1.5,3.0,0.0,1.0,0.3333333333333333,0.0,0.5163977794943223,0.2666666666666667,1.0,0.0,5.0,1.6666666666666667,1.5,1.8618986725025255,3.4666666666666663,5.0,3.0,0.0,2.0,0.0,0.0,0.0,0.0,2.0,0.0,0.0,3.0,0.0,0.0,0.0,0.0,0.0,4.0,0.0,0.0,0.0,0.0,0.0,0.0,0.0
1068,1055,Enterprise 2.11-M1,-6,7,2,6,1,3,1,3,2,6,0,0,0,0,1,2,3.0,0.0,1.0,0.0,2.0,1.0,1.0,1.0,1.0,2.0,0.0,0.0,0.0,0.0,0.0,0.0,0.0,0.0,1.0,0.3333333333333333,0.0,0.5773502691896258,0.33333333333333337,1.0,0.0,0.0,0.0,0.0,0.0,0.0,0.0,0.0,0.0,0.0,0.0,0.0,0.0,0.0,0.0,0.0,0.0,0.0,0.0,0.0,0.0,0.0,0.0,0.0,0.0,0.0,0.0,0.0,0.0,1.0,0.3333333333333333,0.0,0.5773502691896258,0.33333333333333337,1.0,0.0,3.0,1.0,0.0,1.7320508075688772,3.0,3.0,1.0,0.0,1.0,0.0,0.0,0.0,0.0,0.0,0.0,0.0,2.0,0.0,0.0,0.0,0.0,0.0,2.0,0.0,0.0,0.0,0.0,0.0,0.0,0.0
1068,1061,Fire 2.11-M2,0,7,4,12,0,0,1,3,3,9,0,0,0,0,1,6,4.0,0.0,0.0,1.0,15.0,5.75,3.5,6.601767440112787,43.583333333333336,14.0,0.0,1.0,0.25,0.0,0.5,0.25,1.0,0.0,0.0,0.0,0.0,0.0,0.0,0.0,0.0,5.0,1.5,0.5,2.3804761428476167,5.666666666666667,5.0,0.0,0.0,0.0,0.0,0.0,0.0,0.0,0.0,0.0,0.0,0.0,0.0,0.0,0.0,0.0,1.0,0.5,0.5,0.5773502691896257,0.3333333333333333,1.0,0.0,1.0,0.25,0.0,0.5,0.25,1.0,0.0,5.0,2.0,1.5,2.160246899469287,4.666666666666667,5.0,1.0,0.0,1.0,0.0,0.0,0.0,0.0,1.0,0.0,0.0,3.0,0.0,0.0,0.0,0.0,0.0,3.0,0.0,0.0,0.0,0.0,0.0,0.0,0.0
1068,1066,Enterprise 2.11-M2,-9,7,2,6,1,3,0,0,2,6,1,3,0,0,1,2,3.0,0.0,1.0,1.0,2.0,1.3333333333333333,1.0,0.5773502691896257,0.3333333333333333,1.0,0.0,0.0,0.0,0.0,0.0,0.0,0.0,0.0,1.0,0.3333333333333333,0.0,0.5773502691896258,0.33333333333333337,1.0,0.0,1.0,0.3333333333333333,0.0,0.5773502691896258,0.33333333333333337,1.0,0.0,0.0,0.0,0.0,0.0,0.0,0.0,0.0,0.0,0.0,0.0,0.0,0.0,0.0,0.0,0.0,0.0,0.0,0.0,0.0,0.0,0.0,1.0,0.3333333333333333,0.0,0.5773502691896258,0.33333333333333337,1.0,0.0,3.0,1.0,0.0,1.7320508075688772,3.0,3.0,2.0,0.0,1.0,0.0,0.0,0.0,0.0,0.0,0.0,0.0,1.0,0.0,0.0,0.0,0.0,0.0,2.0,0.0,0.0,0.0,0.0,0.0,0.0,0.0
1068,1085,Blue 2.11-M3,-3,7,0,0,1,3,0,0,1,3,0,0,0,0,1,3,1.0,0.0,0.0,14.0,14.0,14.0,14.0,0.0,0.0,0.0,0.0,0.0,0.0,0.0,0.0,0.0,0.0,1.0,1.0,1.0,1.0,0.0,0.0,0.0,1.0,1.0,1.0,1.0,0.0,0.0,0.0,0.0,0.0,0.0,0.0,0.0,0.0,0.0,0.0,0.0,0.0,0.0,0.0,0.0,0.0,0.0,0.0,0.0,0.0,0.0,0.0,0.0,3.0,3.0,3.0,3.0,0.0,0.0,0.0,1.0,1.0,1.0,1.0,0.0,0.0,0.0,0.0,0.0,1.0,0.0,0.0,0.0,0.0,0.0,0.0,1.0,1.0,0.0,0.0,0.0,0.0,0.0,0.0,0.0,0.0,0.0,0.0,0.0,0.0,0.0
1068,1093,Enterprise 2.11-M3,-3,14,3,9,1,3,1,3,3,9,0,0,0,0,1,2,4.0,0.0,1.0,0.0,2.0,1.0,1.0,0.816496580927726,0.6666666666666666,2.0,0.0,0.0,0.0,0.0,0.0,0.0,0.0,0.0,1.0,0.25,0.0,0.5,0.25,1.0,0.0,1.0,0.25,0.0,0.5,0.25,1.0,0.0,0.0,0.0,0.0,0.0,0.0,0.0,0.0,0.0,0.0,0.0,0.0,0.0,0.0,0.0,1.0,0.5,0.5,0.5773502691896257,0.3333333333333333,1.0,0.0,1.0,0.5,0.5,0.5773502691896257,0.3333333333333333,1.0,0.0,3.0,1.0,0.5,1.4142135623730951,2.0,3.0,2.0,0.0,1.0,0.0,0.0,0.0,0.0,0.0,0.0,0.0,2.0,0.0,0.0,0.0,0.0,0.0,3.0,0.0,0.0,0.0,0.0,0.0,0.0,0.0
1068,1106,Blue 2.11-M4,-3,6,1,3,0,0,0,0,1,3,0,0,0,0,1,3,1.0,0.0,0.0,14.0,14.0,14.0,14.0,0.0,0.0,0.0,0.0,0.0,0.0,0.0,0.0,0.0,0.0,1.0,1.0,1.0,1.0,0.0,0.0,0.0,1.0,1.0,1.0,1.0,0.0,0.0,0.0,0.0,0.0,0.0,0.0,0.0,0.0,0.0,0.0,0.0,0.0,0.0,0.0,0.0,0.0,0.0,0.0,0.0,0.0,0.0,0.0,0.0,3.0,3.0,3.0,3.0,0.0,0.0,0.0,1.0,1.0,1.0,1.0,0.0,0.0,0.0,0.0,0.0,1.0,0.0,0.0,0.0,0.0,0.0,0.0,1.0,1.0,0.0,0.0,0.0,0.0,0.0,0.0,0.0,0.0,0.0,0.0,0.0,0.0,0.0
1068,1107,Enterprise 2.11-M4,0,14,0,0,1,3,0,0,0,0,1,3,0,0,1,1,1.0,0.0,0.0,1.0,1.0,1.0,1.0,0.0,0.0,0.0,0.0,0.0,0.0,0.0,0.0,0.0,0.0,0.0,0.0,0.0,0.0,0.0,0.0,0.0,1.0,1.0,1.0,1.0,0.0,0.0,0.0,0.0,0.0,0.0,0.0,0.0,0.0,0.0,0.0,0.0,0.0,0.0,0.0,0.0,0.0,0.0,0.0,0.0,0.0,0.0,0.0,0.0,0.0,0.0,0.0,0.0,0.0,0.0,0.0,0.0,0.0,0.0,0.0,0.0,0.0,0.0,1.0,0.0,0.0,0.0,0.0,0.0,0.0,0.0,0.0,0.0,0.0,0.0,0.0,0.0,0.0,0.0,1.0,0.0,0.0,0.0,0.0,0.0,0.0,0.0
1068,1113,Fire 2.11-M5,0,7,0,0,1,3,0,0,1,3,0,0,0,0,1,1,1.0,0.0,0.0,0.0,0.0,0.0,0.0,0.0,0.0,0.0,1.0,1.0,1.0,1.0,0.0,0.0,0.0,1.0,1.0,1.0,1.0,0.0,0.0,0.0,0.0,0.0,0.0,0.0,0.0,0.0,0.0,0.0,0.0,0.0,0.0,0.0,0.0,0.0,0.0,0.0,0.0,0.0,0.0,0.0,0.0,0.0,0.0,0.0,0.0,0.0,0.0,0.0,1.0,1.0,1.0,1.0,0.0,0.0,0.0,0.0,0.0,0.0,0.0,0.0,0.0,0.0,1.0,0.0,1.0,0.0,0.0,0.0,0.0,1.0,0.0,0.0,0.0,0.0,0.0,0.0,0.0,0.0,0.0,0.0,0.0,0.0,0.0,0.0,0.0,0.0
1068,1114,Blue 2.11-M5,0,7,1,3,0,0,0,0,0,0,1,3,0,0,1,3,1.0,0.0,0.0,14.0,14.0,14.0,14.0,0.0,0.0,0.0,0.0,0.0,0.0,0.0,0.0,0.0,0.0,1.0,1.0,1.0,1.0,0.0,0.0,0.0,1.0,1.0,1.0,1.0,0.0,0.0,0.0,0.0,0.0,0.0,0.0,0.0,0.0,0.0,0.0,0.0,0.0,0.0,0.0,0.0,0.0,0.0,0.0,0.0,0.0,0.0,0.0,0.0,3.0,3.0,3.0,3.0,0.0,0.0,0.0,1.0,1.0,1.0,1.0,0.0,0.0,0.0,0.0,0.0,1.0,0.0,0.0,0.0,0.0,0.0,0.0,1.0,1.0,0.0,0.0,0.0,0.0,0.0,0.0,0.0,0.0,0.0,0.0,0.0,0.0,0.0
1068,1120,Enterprise 2.11-M5,0,14,0,0,1,3,0,0,0,0,1,3,0,0,1,1,1.0,0.0,1.0,11.0,11.0,11.0,11.0,0.0,0.0,0.0,0.0,0.0,0.0,0.0,0.0,0.0,0.0,1.0,1.0,1.0,1.0,0.0,0.0,0.0,0.0,0.0,0.0,0.0,0.0,0.0,0.0,0.0,0.0,0.0,0.0,0.0,0.0,0.0,0.0,0.0,0.0,0.0,0.0,0.0,0.0,0.0,0.0,0.0,0.0,0.0,0.0,0.0,0.0,0.0,0.0,0.0,0.0,0.0,0.0,0.0,0.0,0.0,0.0,0.0,0.0,0.0,0.0,0.0,0.0,0.0,0.0,0.0,0.0,0.0,0.0,0.0,1.0,0.0,0.0,0.0,0.0,0.0,0.0,0.0,0.0,0.0,0.0,1.0,0.0,0.0
1068,1123,Innovation week 2014 Feb,-3,4,1,3,0,0,0,0,1,3,0,0,0,0,1,1,2.0,0.0,0.0,7.0,12.0,9.5,9.5,3.5355339059327378,12.5,5.0,0.0,0.0,0.0,0.0,0.0,0.0,0.0,0.0,1.0,0.5,0.5,0.7071067811865476,0.5,1.0,1.0,6.0,3.5,3.5,3.5355339059327378,12.5,5.0,0.0,0.0,0.0,0.0,0.0,0.0,0.0,0.0,0.0,0.0,0.0,0.0,0.0,0.0,0.0,0.0,0.0,0.0,0.0,0.0,0.0,0.0,0.0,0.0,0.0,0.0,0.0,0.0,0.0,0.0,0.0,0.0,0.0,0.0,0.0,2.0,0.0,0.0,0.0,0.0,0.0,0.0,0.0,0.0,0.0,0.0,0.0,0.0,0.0,0.0,0.0,2.0,0.0,0.0,0.0,0.0,0.0,0.0,0.0
1068,1134,Fire 2.11-M6,3,7,0,0,0,0,0,0,0,0,0,0,0,0,1,1,1.0,0.0,1.0,0.0,0.0,0.0,0.0,0.0,0.0,0.0,0.0,0.0,0.0,0.0,0.0,0.0,0.0,1.0,1.0,1.0,1.0,0.0,0.0,0.0,1.0,1.0,1.0,1.0,0.0,0.0,0.0,0.0,0.0,0.0,0.0,0.0,0.0,0.0,0.0,0.0,0.0,0.0,0.0,0.0,0.0,0.0,0.0,0.0,0.0,0.0,0.0,0.0,0.0,0.0,0.0,0.0,0.0,0.0,0.0,1.0,1.0,1.0,1.0,0.0,0.0,0.0,1.0,0.0,1.0,0.0,0.0,0.0,0.0,0.0,0.0,0.0,0.0,0.0,0.0,0.0,0.0,0.0,0.0,0.0,0.0,0.0,0.0,0.0,0.0,0.0
1068,1170,Fire 2.12-M2,-3,7,0,0,1,3,0,0,0,0,1,3,0,0,1,1,1.0,0.0,1.0,3.0,3.0,3.0,3.0,0.0,0.0,0.0,1.0,1.0,1.0,1.0,0.0,0.0,0.0,1.0,1.0,1.0,1.0,0.0,0.0,0.0,0.0,0.0,0.0,0.0,0.0,0.0,0.0,0.0,0.0,0.0,0.0,0.0,0.0,0.0,0.0,0.0,0.0,0.0,0.0,0.0,0.0,0.0,0.0,0.0,0.0,0.0,0.0,0.0,0.0,0.0,0.0,0.0,0.0,0.0,0.0,1.0,1.0,1.0,1.0,0.0,0.0,0.0,0.0,0.0,1.0,0.0,0.0,0.0,0.0,0.0,0.0,0.0,1.0,0.0,0.0,0.0,0.0,0.0,0.0,0.0,0.0,0.0,0.0,0.0,0.0,0.0
1068,1177,Smurf Team 2.12,0,17,0,0,3,9,0,0,1,3,2,6,0,0,1,1,4.0,0.0,4.0,0.0,0.0,0.0,0.0,0.0,0.0,0.0,1.0,2.0,1.25,1.0,0.5,0.25,1.0,2.0,3.0,2.25,2.0,0.5,0.25,1.0,1.0,7.0,3.0,2.0,2.8284271247461903,8.0,6.0,0.0,0.0,0.0,0.0,0.0,0.0,0.0,0.0,0.0,0.0,0.0,0.0,0.0,0.0,0.0,0.0,0.0,0.0,0.0,0.0,0.0,0.0,0.0,0.0,0.0,0.0,0.0,0.0,0.0,0.0,0.0,0.0,0.0,0.0,0.0,4.0,0.0,4.0,0.0,0.0,0.0,0.0,0.0,0.0,0.0,0.0,0.0,0.0,0.0,0.0,0.0,0.0,0.0,0.0,0.0,0.0,0.0,0.0,0.0
1068,1184,Fire 2.12-M3,-3,7,1,3,1,3,0,0,0,0,1,3,1,3,1,2,2.0,0.0,1.0,0.0,4.0,2.0,2.0,2.8284271247461903,8.0,4.0,1.0,2.0,1.5,1.5,0.7071067811865476,0.5,1.0,1.0,1.0,1.0,1.0,0.0,0.0,0.0,0.0,2.0,1.0,1.0,1.4142135623730951,2.0,2.0,0.0,0.0,0.0,0.0,0.0,0.0,0.0,0.0,0.0,0.0,0.0,0.0,0.0,0.0,0.0,1.0,0.5,0.5,0.7071067811865476,0.5,1.0,0.0,0.0,0.0,0.0,0.0,0.0,0.0,0.0,1.0,0.5,0.5,0.7071067811865476,0.5,1.0,0.0,0.0,2.0,0.0,0.0,0.0,0.0,0.0,0.0,1.0,2.0,0.0,0.0,0.0,0.0,0.0,0.0,0.0,0.0,0.0,0.0,0.0,0.0,0.0
1068,1192,Enterprise 2.12-M3,0,7,0,0,0,0,0,0,0,0,0,0,0,0,1,1,1.0,0.0,0.0,0.0,0.0,0.0,0.0,0.0,0.0,0.0,0.0,0.0,0.0,0.0,0.0,0.0,0.0,0.0,0.0,0.0,0.0,0.0,0.0,0.0,0.0,0.0,0.0,0.0,0.0,0.0,0.0,0.0,0.0,0.0,0.0,0.0,0.0,0.0,0.0,0.0,0.0,0.0,0.0,0.0,0.0,0.0,0.0,0.0,0.0,0.0,0.0,0.0,1.0,1.0,1.0,1.0,0.0,0.0,0.0,1.0,1.0,1.0,1.0,0.0,0.0,0.0,0.0,0.0,0.0,0.0,0.0,0.0,0.0,0.0,0.0,0.0,1.0,0.0,0.0,0.0,0.0,0.0,1.0,0.0,0.0,0.0,0.0,0.0,0.0,0.0
1068,1208,Fire 2.12-M4,-3,7,1,3,0,0,0,0,1,3,0,0,0,0,1,1,1.0,0.0,0.0,0.0,0.0,0.0,0.0,0.0,0.0,0.0,2.0,2.0,2.0,2.0,0.0,0.0,0.0,1.0,1.0,1.0,1.0,0.0,0.0,0.0,2.0,2.0,2.0,2.0,0.0,0.0,0.0,0.0,0.0,0.0,0.0,0.0,0.0,0.0,0.0,0.0,0.0,0.0,0.0,0.0,0.0,0.0,0.0,0.0,0.0,0.0,0.0,0.0,0.0,0.0,0.0,0.0,0.0,0.0,0.0,0.0,0.0,0.0,0.0,0.0,0.0,0.0,0.0,0.0,1.0,0.0,0.0,0.0,0.0,0.0,0.0,1.0,1.0,0.0,0.0,0.0,0.0,0.0,0.0,0.0,0.0,0.0,0.0,0.0,0.0,0.0
1068,1212,Enterprise 2.12-M4,0,7,1,3,1,3,0,0,0,0,1,3,1,3,1,2,2.0,0.0,1.0,0.0,0.0,0.0,0.0,0.0,0.0,0.0,0.0,1.0,0.5,0.5,0.7071067811865476,0.5,1.0,0.0,1.0,0.5,0.5,0.7071067811865476,0.5,1.0,0.0,0.0,0.0,0.0,0.0,0.0,0.0,0.0,0.0,0.0,0.0,0.0,0.0,0.0,0.0,0.0,0.0,0.0,0.0,0.0,0.0,0.0,0.0,0.0,0.0,0.0,0.0,0.0,0.0,1.0,0.5,0.5,0.7071067811865476,0.5,1.0,0.0,1.0,0.5,0.5,0.7071067811865476,0.5,1.0,0.0,0.0,1.0,0.0,0.0,0.0,0.0,0.0,0.0,0.0,2.0,0.0,0.0,0.0,0.0,0.0,1.0,0.0,0.0,0.0,0.0,0.0,0.0,0.0
1068,1230,Smurf Team 3.0,3,41,1,3,3,9,0,0,4,12,0,0,0,0,1,1,5.0,0.0,2.0,0.0,3.0,0.8,0.0,1.30384048104053,1.7000000000000006,3.0,0.0,1.0,0.2,0.0,0.44721359549995804,0.20000000000000007,1.0,0.0,3.0,0.8,0.0,1.30384048104053,1.7000000000000004,3.0,0.0,7.0,1.8,1.0,2.9495762407505253,8.700000000000001,7.0,0.0,0.0,0.0,0.0,0.0,0.0,0.0,0.0,0.0,0.0,0.0,0.0,0.0,0.0,0.0,2.0,0.4,0.0,0.8944271909999161,0.8000000000000003,2.0,0.0,1.0,0.4,0.0,0.5477225575051662,0.30000000000000004,1.0,0.0,2.0,0.6,0.0,0.8944271909999159,0.7999999999999999,2.0,2.0,0.0,3.0,0.0,0.0,0.0,0.0,0.0,0.0,0.0,3.0,0.0,0.0,1.0,0.0,0.0,2.0,0.0,0.0,0.0,0.0,0.0,0.0,0.0
1068,1239,Fire 3.0-M1,-3,7,2,6,1,3,0,0,2,6,1,3,0,0,1,1,4.0,0.0,3.0,0.0,0.0,0.0,0.0,0.0,0.0,0.0,1.0,2.0,1.25,1.0,0.5,0.25,1.0,1.0,4.0,1.75,1.0,1.5,2.25,3.0,0.0,2.0,1.0,1.0,0.816496580927726,0.6666666666666666,2.0,0.0,0.0,0.0,0.0,0.0,0.0,0.0,0.0,0.0,0.0,0.0,0.0,0.0,0.0,0.0,0.0,0.0,0.0,0.0,0.0,0.0,0.0,0.0,0.0,0.0,0.0,0.0,0.0,0.0,2.0,1.0,1.0,1.1547005383792515,1.3333333333333333,2.0,1.0,0.0,4.0,0.0,0.0,0.0,0.0,0.0,0.0,1.0,3.0,0.0,0.0,0.0,0.0,0.0,0.0,0.0,0.0,0.0,0.0,0.0,0.0,0.0
1068,1242,Enterprise 3.0-M1,3,7,0,0,0,0,0,0,0,0,0,0,0,0,1,1,1.0,0.0,0.0,0.0,0.0,0.0,0.0,0.0,0.0,0.0,1.0,1.0,1.0,1.0,0.0,0.0,0.0,1.0,1.0,1.0,1.0,0.0,0.0,0.0,0.0,0.0,0.0,0.0,0.0,0.0,0.0,0.0,0.0,0.0,0.0,0.0,0.0,0.0,0.0,0.0,0.0,0.0,0.0,0.0,0.0,0.0,0.0,0.0,0.0,0.0,0.0,0.0,0.0,0.0,0.0,0.0,0.0,0.0,0.0,0.0,0.0,0.0,0.0,0.0,0.0,0.0,0.0,0.0,1.0,0.0,0.0,0.0,0.0,0.0,1.0,0.0,1.0,0.0,0.0,0.0,0.0,0.0,0.0,0.0,0.0,0.0,0.0,0.0,0.0,0.0
1068,1253,Fire 3.0-M2,-6,7,2,6,2,6,0,0,2,6,0,0,2,6,1,2,4.0,0.0,2.0,0.0,1.0,0.75,1.0,0.5,0.25,1.0,0.0,1.0,0.5,0.5,0.5773502691896257,0.3333333333333333,1.0,1.0,4.0,1.75,1.0,1.5,2.25,3.0,0.0,3.0,1.0,0.5,1.4142135623730951,2.0,3.0,0.0,0.0,0.0,0.0,0.0,0.0,0.0,0.0,0.0,0.0,0.0,0.0,0.0,0.0,0.0,1.0,0.5,0.5,0.5773502691896257,0.3333333333333333,1.0,0.0,0.0,0.0,0.0,0.0,0.0,0.0,0.0,2.0,0.75,0.5,0.9574271077563381,0.9166666666666666,2.0,1.0,0.0,2.0,0.0,0.0,0.0,0.0,0.0,0.0,0.0,3.0,0.0,0.0,0.0,0.0,0.0,2.0,0.0,0.0,0.0,0.0,0.0,0.0,0.0
1068,1281,Fire 3.0-M3,-3,4,1,3,0,0,0,0,0,0,1,3,0,0,1,1,2.0,0.0,0.0,1.0,4.0,2.5,2.5,2.1213203435596424,4.5,3.0,0.0,0.0,0.0,0.0,0.0,0.0,0.0,1.0,3.0,2.0,2.0,1.4142135623730951,2.0,2.0,1.0,3.0,2.0,2.0,1.4142135623730951,2.0,2.0,0.0,0.0,0.0,0.0,0.0,0.0,0.0,0.0,0.0,0.0,0.0,0.0,0.0,0.0,0.0,0.0,0.0,0.0,0.0,0.0,0.0,0.0,0.0,0.0,0.0,0.0,0.0,0.0,0.0,1.0,0.5,0.5,0.7071067811865476,0.5,1.0,1.0,0.0,0.0,0.0,0.0,0.0,0.0,0.0,0.0,0.0,1.0,0.0,0.0,0.0,0.0,0.0,2.0,0.0,0.0,0.0,0.0,0.0,0.0,0.0
1068,1304,Fire 3.0-M5,-6,7,2,6,1,3,0,0,1,3,1,3,1,3,1,3,3.0,0.0,0.0,1.0,13.0,6.0,4.0,6.244997998398398,39.0,12.0,0.0,0.0,0.0,0.0,0.0,0.0,0.0,1.0,3.0,1.6666666666666667,1.0,1.1547005383792517,1.3333333333333335,2.0,0.0,3.0,1.3333333333333333,1.0,1.5275252316519468,2.3333333333333335,3.0,0.0,0.0,0.0,0.0,0.0,0.0,0.0,0.0,0.0,0.0,0.0,0.0,0.0,0.0,0.0,3.0,1.0,0.0,1.7320508075688772,3.0,3.0,0.0,0.0,0.0,0.0,0.0,0.0,0.0,0.0,1.0,0.3333333333333333,0.0,0.5773502691896258,0.33333333333333337,1.0,2.0,0.0,1.0,0.0,0.0,0.0,0.0,0.0,0.0,1.0,1.0,0.0,0.0,0.0,0.0,0.0,2.0,0.0,0.0,0.0,0.0,0.0,0.0,0.0
1068,1316,Fire 3.0-M6,-3,7,2,6,0,0,0,0,1,3,0,0,1,3,1,2,2.0,0.0,0.0,1.0,4.0,2.5,2.5,2.1213203435596424,4.5,3.0,0.0,0.0,0.0,0.0,0.0,0.0,0.0,1.0,1.0,1.0,1.0,0.0,0.0,0.0,0.0,3.0,1.5,1.5,2.1213203435596424,4.5,3.0,0.0,0.0,0.0,0.0,0.0,0.0,0.0,0.0,0.0,0.0,0.0,0.0,0.0,0.0,0.0,1.0,0.5,0.5,0.7071067811865476,0.5,1.0,0.0,0.0,0.0,0.0,0.0,0.0,0.0,0.0,1.0,0.5,0.5,0.7071067811865476,0.5,1.0,1.0,0.0,1.0,0.0,0.0,0.0,0.0,0.0,0.0,1.0,1.0,0.0,0.0,0.0,0.0,0.0,1.0,0.0,0.0,0.0,0.0,0.0,0.0,0.0
1068,1317,Enterprise 3.0-M5,0,14,0,0,1,3,0,0,0,0,1,3,0,0,1,1,1.0,0.0,0.0,0.0,0.0,0.0,0.0,0.0,0.0,0.0,1.0,1.0,1.0,1.0,0.0,0.0,0.0,5.0,5.0,5.0,5.0,0.0,0.0,0.0,0.0,0.0,0.0,0.0,0.0,0.0,0.0,0.0,0.0,0.0,0.0,0.0,0.0,0.0,0.0,0.0,0.0,0.0,0.0,0.0,0.0,1.0,1.0,1.0,1.0,0.0,0.0,0.0,1.0,1.0,1.0,1.0,0.0,0.0,0.0,0.0,0.0,0.0,0.0,0.0,0.0,0.0,0.0,0.0,1.0,0.0,0.0,0.0,0.0,0.0,0.0,1.0,1.0,0.0,0.0,0.0,0.0,0.0,0.0,0.0,0.0,0.0,0.0,0.0,0.0,0.0
1068,1328,Fire 3.0-M7,-3,7,1,3,2,6,2,6,1,3,0,0,0,0,1,3,3.0,0.0,2.0,1.0,3.0,2.0,2.0,1.0,1.0,2.0,0.0,1.0,0.3333333333333333,0.0,0.5773502691896258,0.33333333333333337,1.0,1.0,1.0,1.0,1.0,0.0,0.0,0.0,0.0,3.0,1.0,0.0,1.7320508075688772,3.0,3.0,0.0,0.0,0.0,0.0,0.0,0.0,0.0,0.0,0.0,0.0,0.0,0.0,0.0,0.0,0.0,3.0,1.0,0.0,1.7320508075688772,3.0,3.0,0.0,0.0,0.0,0.0,0.0,0.0,0.0,0.0,1.0,0.3333333333333333,0.0,0.5773502691896258,0.33333333333333337,1.0,1.0,0.0,2.0,0.0,0.0,0.0,0.0,0.0,0.0,0.0,2.0,0.0,0.0,0.0,0.0,0.0,1.0,0.0,0.0,0.0,0.0,0.0,0.0,0.0
1068,1335,Enterprise 3.0-M6,0,7,0,0,2,6,0,0,0,0,1,3,1,3,1,2,2.0,0.0,1.0,0.0,3.0,1.5,1.5,2.1213203435596424,4.5,3.0,1.0,1.0,1.0,1.0,0.0,0.0,0.0,1.0,4.0,2.5,2.5,2.1213203435596424,4.5,3.0,0.0,1.0,0.5,0.5,0.7071067811865476,0.5,1.0,0.0,0.0,0.0,0.0,0.0,0.0,0.0,0.0,0.0,0.0,0.0,0.0,0.0,0.0,3.0,4.0,3.5,3.5,0.7071067811865476,0.5,1.0,0.0,0.0,0.0,0.0,0.0,0.0,0.0,0.0,0.0,0.0,0.0,0.0,0.0,0.0,1.0,0.0,2.0,0.0,0.0,0.0,0.0,0.0,0.0,1.0,1.0,0.0,0.0,0.0,0.0,0.0,0.0,0.0,0.0,0.0,0.0,0.0,0.0,0.0
1068,1344,Innovation week May 2014,0,4,0,0,1,3,0,0,0,0,1,3,0,0,1,1,1.0,0.0,1.0,8.0,8.0,8.0,8.0,0.0,0.0,0.0,1.0,1.0,1.0,1.0,0.0,0.0,0.0,1.0,1.0,1.0,1.0,0.0,0.0,0.0,3.0,3.0,3.0,3.0,0.0,0.0,0.0,0.0,0.0,0.0,0.0,0.0,0.0,0.0,0.0,0.0,0.0,0.0,0.0,0.0,0.0,0.0,0.0,0.0,0.0,0.0,0.0,0.0,1.0,1.0,1.0,1.0,0.0,0.0,0.0,1.0,1.0,1.0,1.0,0.0,0.0,0.0,0.0,0.0,1.0,0.0,0.0,0.0,0.0,0.0,0.0,0.0,1.0,0.0,0.0,0.0,0.0,0.0,0.0,0.0,0.0,0.0,0.0,0.0,0.0,0.0
1068,1355,Fire 3.1-M1,0,7,1,3,0,0,0,0,0,0,0,0,1,3,1,1,2.0,0.0,0.0,0.0,2.0,1.0,1.0,1.4142135623730951,2.0,2.0,0.0,1.0,0.5,0.5,0.7071067811865476,0.5,1.0,1.0,1.0,1.0,1.0,0.0,0.0,0.0,0.0,3.0,1.5,1.5,2.1213203435596424,4.5,3.0,0.0,0.0,0.0,0.0,0.0,0.0,0.0,0.0,0.0,0.0,0.0,0.0,0.0,0.0,0.0,1.0,0.5,0.5,0.7071067811865476,0.5,1.0,0.0,0.0,0.0,0.0,0.0,0.0,0.0,1.0,1.0,1.0,1.0,0.0,0.0,0.0,0.0,0.0,1.0,0.0,0.0,0.0,0.0,1.0,0.0,0.0,2.0,0.0,0.0,0.0,0.0,0.0,1.0,0.0,0.0,0.0,0.0,0.0,0.0,0.0
1068,1356,Smurf Team 3.1,0,29,0,0,2,6,0,0,0,0,1,3,1,3,1,2,4.0,0.0,2.0,0.0,4.0,1.0,0.0,2.0,4.0,4.0,1.0,1.0,1.0,1.0,0.0,0.0,0.0,1.0,3.0,1.75,1.5,0.9574271077563381,0.9166666666666666,2.0,0.0,0.0,0.0,0.0,0.0,0.0,0.0,0.0,0.0,0.0,0.0,0.0,0.0,0.0,0.0,0.0,0.0,0.0,0.0,0.0,0.0,0.0,5.0,1.25,0.0,2.5,6.25,5.0,0.0,5.0,1.5,0.5,2.3804761428476167,5.666666666666667,5.0,0.0,1.0,0.25,0.0,0.5,0.25,1.0,3.0,0.0,4.0,0.0,0.0,0.0,0.0,2.0,0.0,0.0,1.0,0.0,0.0,0.0,0.0,0.0,0.0,0.0,0.0,0.0,0.0,0.0,0.0,0.0
1068,1370,Fire 3.1-M2,-3,7,1,3,1,3,0,0,0,0,1,3,1,3,1,2,3.0,0.0,0.0,0.0,7.0,3.0,2.0,3.605551275463989,13.0,7.0,0.0,0.0,0.0,0.0,0.0,0.0,0.0,1.0,1.0,1.0,1.0,0.0,0.0,0.0,0.0,3.0,1.6666666666666667,2.0,1.5275252316519465,2.333333333333333,3.0,0.0,0.0,0.0,0.0,0.0,0.0,0.0,0.0,0.0,0.0,0.0,0.0,0.0,0.0,0.0,0.0,0.0,0.0,0.0,0.0,0.0,0.0,0.0,0.0,0.0,0.0,0.0,0.0,0.0,2.0,1.0,1.0,1.0,1.0,2.0,1.0,0.0,0.0,0.0,0.0,0.0,0.0,0.0,0.0,0.0,2.0,0.0,0.0,0.0,0.0,0.0,3.0,0.0,0.0,0.0,0.0,0.0,0.0,0.0
1068,1383,Fire Team 3.1-M3,0,6,2,6,0,0,0,0,0,0,0,0,2,6,1,1,3.0,0.0,0.0,0.0,8.0,2.6666666666666665,0.0,4.618802153517007,21.333333333333336,8.0,0.0,0.0,0.0,0.0,0.0,0.0,0.0,0.0,1.0,0.6666666666666666,1.0,0.5773502691896258,0.33333333333333337,1.0,0.0,2.0,0.6666666666666666,0.0,1.1547005383792517,1.3333333333333335,2.0,0.0,0.0,0.0,0.0,0.0,0.0,0.0,0.0,0.0,0.0,0.0,0.0,0.0,0.0,0.0,2.0,1.0,1.0,1.0,1.0,2.0,0.0,0.0,0.0,0.0,0.0,0.0,0.0,0.0,2.0,0.6666666666666666,0.0,1.1547005383792517,1.3333333333333335,2.0,1.0,0.0,0.0,0.0,0.0,0.0,0.0,0.0,0.0,0.0,2.0,0.0,0.0,0.0,0.0,0.0,3.0,0.0,0.0,0.0,0.0,0.0,0.0,0.0
1068,1394,Fire Team 3.1-M4,-3,7,1,3,0,0,0,0,1,3,0,0,0,0,1,1,1.0,0.0,0.0,0.0,0.0,0.0,0.0,0.0,0.0,0.0,0.0,0.0,0.0,0.0,0.0,0.0,0.0,1.0,1.0,1.0,1.0,0.0,0.0,0.0,2.0,2.0,2.0,2.0,0.0,0.0,0.0,0.0,0.0,0.0,0.0,0.0,0.0,0.0,0.0,0.0,0.0,0.0,0.0,0.0,0.0,0.0,0.0,0.0,0.0,0.0,0.0,0.0,0.0,0.0,0.0,0.0,0.0,0.0,0.0,0.0,0.0,0.0,0.0,0.0,0.0,0.0,1.0,0.0,0.0,0.0,0.0,0.0,0.0,0.0,0.0,0.0,0.0,0.0,0.0,0.0,0.0,0.0,1.0,0.0,0.0,0.0,0.0,0.0,0.0,0.0
1068,1409,Innovation week June 2014,0,7,0,0,1,3,0,0,0,0,1,3,0,0,1,1,1.0,0.0,0.0,0.0,0.0,0.0,0.0,0.0,0.0,0.0,0.0,0.0,0.0,0.0,0.0,0.0,0.0,1.0,1.0,1.0,1.0,0.0,0.0,0.0,2.0,2.0,2.0,2.0,0.0,0.0,0.0,0.0,0.0,0.0,0.0,0.0,0.0,0.0,0.0,0.0,0.0,0.0,0.0,0.0,0.0,0.0,0.0,0.0,0.0,0.0,0.0,0.0,0.0,0.0,0.0,0.0,0.0,0.0,0.0,0.0,0.0,0.0,0.0,0.0,0.0,0.0,0.0,0.0,0.0,0.0,0.0,0.0,0.0,0.0,0.0,0.0,1.0,0.0,0.0,0.0,0.0,0.0,1.0,0.0,0.0,0.0,0.0,0.0,0.0,0.0
1068,1432,Fire Team 3.2-M1,0,6,0,0,0,0,0,0,0,0,0,0,0,0,1,1,1.0,0.0,0.0,0.0,0.0,0.0,0.0,0.0,0.0,0.0,2.0,2.0,2.0,2.0,0.0,0.0,0.0,1.0,1.0,1.0,1.0,0.0,0.0,0.0,0.0,0.0,0.0,0.0,0.0,0.0,0.0,0.0,0.0,0.0,0.0,0.0,0.0,0.0,0.0,0.0,0.0,0.0,0.0,0.0,0.0,0.0,0.0,0.0,0.0,0.0,0.0,0.0,0.0,0.0,0.0,0.0,0.0,0.0,0.0,0.0,0.0,0.0,0.0,0.0,0.0,0.0,1.0,0.0,1.0,0.0,0.0,0.0,0.0,0.0,0.0,1.0,0.0,0.0,0.0,0.0,0.0,0.0,0.0,0.0,0.0,0.0,0.0,0.0,0.0,0.0
1068,1433,Blue Forever (3.4),-6,5873,2,6,11,33,3,9,10,30,0,0,0,0,1,5,13.0,0.0,9.0,0.0,4.0,1.8461538461538463,2.0,1.5191090506254998,2.3076923076923075,4.0,0.0,2.0,0.9230769230769231,1.0,0.4935481167928245,0.24358974358974353,2.0,0.0,2.0,0.6153846153846154,1.0,0.6504436355879909,0.4230769230769231,2.0,0.0,3.0,0.8461538461538461,0.0,1.1435437497937313,1.3076923076923077,3.0,0.0,0.0,0.0,0.0,0.0,0.0,0.0,0.0,0.0,0.0,0.0,0.0,0.0,0.0,0.0,3.0,0.7692307692307693,1.0,0.9268086959962984,0.8589743589743591,3.0,0.0,1.0,0.15384615384615385,0.0,0.3755338080994054,0.14102564102564105,1.0,0.0,4.0,0.6153846153846154,0.0,1.192927878405448,1.4230769230769231,4.0,10.0,0.0,11.0,0.0,0.0,0.0,0.0,2.0,0.0,0.0,3.0,0.0,0.0,0.0,0.0,0.0,2.0,0.0,0.0,0.0,0.0,0.0,0.0,0.0
1068,1447,Fire Team 3.2-M2,0,7,1,3,0,0,0,0,0,0,1,3,0,0,1,1,1.0,0.0,0.0,0.0,0.0,0.0,0.0,0.0,0.0,0.0,2.0,2.0,2.0,2.0,0.0,0.0,0.0,1.0,1.0,1.0,1.0,0.0,0.0,0.0,0.0,0.0,0.0,0.0,0.0,0.0,0.0,0.0,0.0,0.0,0.0,0.0,0.0,0.0,0.0,0.0,0.0,0.0,0.0,0.0,0.0,2.0,2.0,2.0,2.0,0.0,0.0,0.0,0.0,0.0,0.0,0.0,0.0,0.0,0.0,0.0,0.0,0.0,0.0,0.0,0.0,0.0,1.0,0.0,1.0,0.0,0.0,0.0,0.0,0.0,0.0,1.0,0.0,0.0,0.0,0.0,0.0,0.0,0.0,0.0,0.0,0.0,0.0,0.0,0.0,0.0
1068,1480,Enterprise 3.2-M3,0,38,1,3,0,0,0,0,0,0,0,0,1,3,1,1,1.0,0.0,1.0,0.0,0.0,0.0,0.0,0.0,0.0,0.0,0.0,0.0,0.0,0.0,0.0,0.0,0.0,1.0,1.0,1.0,1.0,0.0,0.0,0.0,0.0,0.0,0.0,0.0,0.0,0.0,0.0,0.0,0.0,0.0,0.0,0.0,0.0,0.0,0.0,0.0,0.0,0.0,0.0,0.0,0.0,1.0,1.0,1.0,1.0,0.0,0.0,0.0,0.0,0.0,0.0,0.0,0.0,0.0,0.0,0.0,0.0,0.0,0.0,0.0,0.0,0.0,0.0,0.0,1.0,0.0,0.0,0.0,0.0,0.0,0.0,0.0,1.0,0.0,0.0,0.0,0.0,0.0,0.0,0.0,0.0,0.0,0.0,0.0,0.0,0.0
1068,1516,Enterprise 3.3-M1,3,4,0,0,0,0,0,0,0,0,0,0,0,0,1,1,2.0,0.0,1.0,0.0,0.0,0.0,0.0,0.0,0.0,0.0,1.0,1.0,1.0,1.0,0.0,0.0,0.0,0.0,2.0,1.0,1.0,1.4142135623730951,2.0,2.0,1.0,1.0,1.0,1.0,0.0,0.0,0.0,0.0,0.0,0.0,0.0,0.0,0.0,0.0,0.0,0.0,0.0,0.0,0.0,0.0,0.0,0.0,0.0,0.0,0.0,0.0,0.0,0.0,0.0,0.0,0.0,0.0,0.0,0.0,0.0,0.0,0.0,0.0,0.0,0.0,0.0,0.0,0.0,0.0,2.0,0.0,0.0,0.0,0.0,1.0,0.0,0.0,2.0,0.0,0.0,0.0,0.0,0.0,0.0,0.0,0.0,0.0,0.0,0.0,0.0,0.0
1068,1523,Enterprise 3.3-M2,-3,7,0,0,1,3,0,0,0,0,1,3,0,0,1,1,1.0,0.0,0.0,0.0,0.0,0.0,0.0,0.0,0.0,0.0,1.0,1.0,1.0,1.0,0.0,0.0,0.0,1.0,1.0,1.0,1.0,0.0,0.0,0.0,0.0,0.0,0.0,0.0,0.0,0.0,0.0,0.0,0.0,0.0,0.0,0.0,0.0,0.0,0.0,0.0,0.0,0.0,0.0,0.0,0.0,0.0,0.0,0.0,0.0,0.0,0.0,0.0,0.0,0.0,0.0,0.0,0.0,0.0,0.0,0.0,0.0,0.0,0.0,0.0,0.0,0.0,0.0,0.0,1.0,0.0,0.0,0.0,0.0,1.0,0.0,0.0,1.0,0.0,0.0,0.0,0.0,0.0,0.0,0.0,0.0,0.0,0.0,0.0,0.0,0.0
1068,1539,Fire Team 3.3-M3,0,7,0,0,0,0,0,0,0,0,0,0,0,0,1,1,2.0,0.0,2.0,2.0,3.0,2.5,2.5,0.7071067811865476,0.5,1.0,0.0,1.0,0.5,0.5,0.7071067811865476,0.5,1.0,1.0,1.0,1.0,1.0,0.0,0.0,0.0,0.0,2.0,1.0,1.0,1.4142135623730951,2.0,2.0,0.0,0.0,0.0,0.0,0.0,0.0,0.0,0.0,0.0,0.0,0.0,0.0,0.0,0.0,0.0,0.0,0.0,0.0,0.0,0.0,0.0,0.0,0.0,0.0,0.0,0.0,0.0,0.0,0.0,1.0,0.5,0.5,0.7071067811865476,0.5,1.0,1.0,0.0,2.0,0.0,0.0,0.0,0.0,0.0,0.0,0.0,1.0,0.0,0.0,0.0,0.0,0.0,0.0,0.0,0.0,0.0,0.0,0.0,0.0,0.0
1068,1540,Enterprise 3.3-M3,-6,14,1,3,4,12,0,0,5,15,0,0,0,0,1,2,6.0,0.0,2.0,0.0,3.0,0.5,0.0,1.224744871391589,1.5,3.0,0.0,2.0,1.0,1.0,0.6324555320336759,0.4,2.0,1.0,1.0,1.0,1.0,0.0,0.0,0.0,0.0,1.0,0.3333333333333333,0.0,0.5163977794943223,0.2666666666666667,1.0,0.0,0.0,0.0,0.0,0.0,0.0,0.0,0.0,0.0,0.0,0.0,0.0,0.0,0.0,0.0,3.0,1.0,1.0,1.0954451150103321,1.2,3.0,0.0,0.0,0.0,0.0,0.0,0.0,0.0,0.0,4.0,0.6666666666666666,0.0,1.632993161855452,2.666666666666667,4.0,3.0,0.0,6.0,0.0,0.0,0.0,0.0,2.0,0.0,2.0,3.0,0.0,0.0,0.0,0.0,0.0,0.0,0.0,0.0,0.0,0.0,0.0,0.0,0.0
1068,1564,Enterprise 3.3-M4,-6,7,0,0,2,6,0,0,2,6,0,0,0,0,1,1,2.0,0.0,1.0,0.0,0.0,0.0,0.0,0.0,0.0,0.0,0.0,1.0,0.5,0.5,0.7071067811865476,0.5,1.0,1.0,1.0,1.0,1.0,0.0,0.0,0.0,0.0,1.0,0.5,0.5,0.7071067811865476,0.5,1.0,0.0,0.0,0.0,0.0,0.0,0.0,0.0,0.0,0.0,0.0,0.0,0.0,0.0,0.0,0.0,0.0,0.0,0.0,0.0,0.0,0.0,0.0,0.0,0.0,0.0,0.0,0.0,0.0,0.0,0.0,0.0,0.0,0.0,0.0,0.0,1.0,0.0,2.0,0.0,0.0,0.0,0.0,1.0,0.0,0.0,1.0,0.0,0.0,0.0,0.0,0.0,0.0,0.0,0.0,0.0,0.0,0.0,0.0,0.0
1068,1582,Enterprise 3.3-M5,0,7,2,6,0,0,0,0,1,3,0,0,1,3,1,1,2.0,0.0,1.0,0.0,0.0,0.0,0.0,0.0,0.0,0.0,0.0,1.0,0.5,0.5,0.7071067811865476,0.5,1.0,1.0,1.0,1.0,1.0,0.0,0.0,0.0,0.0,1.0,0.5,0.5,0.7071067811865476,0.5,1.0,0.0,0.0,0.0,0.0,0.0,0.0,0.0,0.0,0.0,0.0,0.0,0.0,0.0,0.0,0.0,1.0,0.5,0.5,0.7071067811865476,0.5,1.0,0.0,0.0,0.0,0.0,0.0,0.0,0.0,0.0,0.0,0.0,0.0,0.0,0.0,0.0,1.0,0.0,2.0,0.0,0.0,0.0,0.0,1.0,0.0,0.0,1.0,0.0,0.0,0.0,0.0,0.0,0.0,0.0,0.0,0.0,0.0,0.0,0.0,0.0
1068,1599,Innovation week September 2014,0,4,0,0,2,6,0,0,0,0,1,3,1,3,1,1,2.0,0.0,2.0,0.0,3.0,1.5,1.5,2.1213203435596424,4.5,3.0,0.0,1.0,0.5,0.5,0.7071067811865476,0.5,1.0,1.0,1.0,1.0,1.0,0.0,0.0,0.0,0.0,1.0,0.5,0.5,0.7071067811865476,0.5,1.0,0.0,0.0,0.0,0.0,0.0,0.0,0.0,0.0,0.0,0.0,0.0,0.0,0.0,0.0,0.0,1.0,0.5,0.5,0.7071067811865476,0.5,1.0,0.0,0.0,0.0,0.0,0.0,0.0,0.0,0.0,1.0,0.5,0.5,0.7071067811865476,0.5,1.0,2.0,0.0,2.0,0.0,0.0,0.0,0.0,0.0,0.0,0.0,0.0,0.0,0.0,0.0,0.0,0.0,0.0,0.0,0.0,0.0,0.0,0.0,0.0,0.0
1068,1617,Fire Team 3.4-M1,-6,7,5,15,0,0,2,6,1,3,1,3,1,3,1,3,5.0,0.0,2.0,1.0,3.0,2.2,2.0,0.8366600265340756,0.7,2.0,0.0,1.0,0.8,1.0,0.4472135954999579,0.2,1.0,1.0,1.0,1.0,1.0,0.0,0.0,0.0,0.0,2.0,0.6,0.0,0.8944271909999159,0.7999999999999999,2.0,0.0,0.0,0.0,0.0,0.0,0.0,0.0,0.0,0.0,0.0,0.0,0.0,0.0,0.0,0.0,1.0,0.4,0.0,0.5477225575051662,0.30000000000000004,1.0,0.0,0.0,0.0,0.0,0.0,0.0,0.0,0.0,1.0,0.4,0.0,0.5477225575051662,0.30000000000000004,1.0,3.0,0.0,5.0,0.0,0.0,0.0,0.0,3.0,0.0,0.0,2.0,0.0,0.0,0.0,0.0,0.0,0.0,0.0,0.0,0.0,0.0,0.0,0.0,0.0
1068,1628,Fire Team 3.4-M2,-3,6,2,6,0,0,0,0,1,3,0,0,1,3,1,1,2.0,0.0,0.0,1.0,3.0,2.0,2.0,1.4142135623730951,2.0,2.0,1.0,1.0,1.0,1.0,0.0,0.0,0.0,1.0,1.0,1.0,1.0,0.0,0.0,0.0,0.0,1.0,0.5,0.5,0.7071067811865476,0.5,1.0,0.0,0.0,0.0,0.0,0.0,0.0,0.0,0.0,0.0,0.0,0.0,0.0,0.0,0.0,0.0,1.0,0.5,0.5,0.7071067811865476,0.5,1.0,0.0,0.0,0.0,0.0,0.0,0.0,0.0,0.0,1.0,0.5,0.5,0.7071067811865476,0.5,1.0,1.0,0.0,2.0,0.0,0.0,0.0,0.0,2.0,0.0,0.0,1.0,0.0,0.0,0.0,0.0,0.0,0.0,0.0,0.0,0.0,0.0,0.0,0.0,0.0
1068,1645,Fire Team 3.4-M3,-3,6,1,3,1,3,0,0,1,3,0,0,1,3,1,1,2.0,0.0,1.0,0.0,1.0,0.5,0.5,0.7071067811865476,0.5,1.0,0.0,1.0,0.5,0.5,0.7071067811865476,0.5,1.0,1.0,1.0,1.0,1.0,0.0,0.0,0.0,1.0,1.0,1.0,1.0,0.0,0.0,0.0,0.0,0.0,0.0,0.0,0.0,0.0,0.0,0.0,0.0,0.0,0.0,0.0,0.0,0.0,0.0,1.0,0.5,0.5,0.7071067811865476,0.5,1.0,0.0,0.0,0.0,0.0,0.0,0.0,0.0,0.0,2.0,1.0,1.0,1.4142135623730951,2.0,2.0,1.0,0.0,1.0,0.0,0.0,0.0,0.0,1.0,0.0,0.0,1.0,0.0,0.0,0.0,0.0,0.0,0.0,0.0,0.0,0.0,0.0,1.0,0.0,0.0
1068,1648,Enterprise 3.4-M3,3,14,0,0,0,0,0,0,0,0,0,0,0,0,1,1,1.0,0.0,0.0,1.0,1.0,1.0,1.0,0.0,0.0,0.0,2.0,2.0,2.0,2.0,0.0,0.0,0.0,1.0,1.0,1.0,1.0,0.0,0.0,0.0,0.0,0.0,0.0,0.0,0.0,0.0,0.0,0.0,0.0,0.0,0.0,0.0,0.0,0.0,0.0,0.0,0.0,0.0,0.0,0.0,0.0,0.0,0.0,0.0,0.0,0.0,0.0,0.0,1.0,1.0,1.0,1.0,0.0,0.0,0.0,0.0,0.0,0.0,0.0,0.0,0.0,0.0,0.0,0.0,1.0,0.0,0.0,0.0,0.0,1.0,0.0,0.0,1.0,0.0,0.0,0.0,0.0,0.0,0.0,0.0,0.0,0.0,0.0,0.0,0.0,0.0
1068,1706,Blue 3.5,0,29,0,0,1,3,0,0,1,3,0,0,0,0,1,1,1.0,0.0,1.0,1.0,1.0,1.0,1.0,0.0,0.0,0.0,1.0,1.0,1.0,1.0,0.0,0.0,0.0,0.0,0.0,0.0,0.0,0.0,0.0,0.0,0.0,0.0,0.0,0.0,0.0,0.0,0.0,0.0,0.0,0.0,0.0,0.0,0.0,0.0,0.0,0.0,0.0,0.0,0.0,0.0,0.0,0.0,0.0,0.0,0.0,0.0,0.0,0.0,0.0,0.0,0.0,0.0,0.0,0.0,0.0,0.0,0.0,0.0,0.0,0.0,0.0,0.0,0.0,0.0,1.0,0.0,0.0,0.0,0.0,0.0,0.0,0.0,1.0,0.0,0.0,0.0,0.0,0.0,0.0,0.0,0.0,0.0,0.0,0.0,0.0,0.0
1068,1709,Enterprise 3.5-M1,-3,7,0,0,1,3,0,0,0,0,1,3,0,0,1,1,1.0,0.0,0.0,0.0,0.0,0.0,0.0,0.0,0.0,0.0,0.0,0.0,0.0,0.0,0.0,0.0,0.0,4.0,4.0,4.0,4.0,0.0,0.0,0.0,0.0,0.0,0.0,0.0,0.0,0.0,0.0,0.0,0.0,0.0,0.0,0.0,0.0,0.0,0.0,0.0,0.0,0.0,0.0,0.0,0.0,0.0,0.0,0.0,0.0,0.0,0.0,0.0,0.0,0.0,0.0,0.0,0.0,0.0,0.0,0.0,0.0,0.0,0.0,0.0,0.0,0.0,0.0,0.0,0.0,0.0,0.0,0.0,0.0,1.0,0.0,0.0,1.0,0.0,0.0,0.0,0.0,0.0,0.0,0.0,0.0,0.0,0.0,1.0,0.0,0.0
1068,1728,Enterprise 3.5-M2,3,7,1,3,2,6,0,0,3,9,0,0,0,0,1,2,4.0,0.0,2.0,0.0,2.0,0.5,0.0,1.0,1.0,2.0,0.0,3.0,1.25,1.0,1.2583057392117916,1.5833333333333333,3.0,1.0,5.0,3.25,3.5,1.707825127659933,2.9166666666666665,4.0,0.0,0.0,0.0,0.0,0.0,0.0,0.0,0.0,0.0,0.0,0.0,0.0,0.0,0.0,0.0,0.0,0.0,0.0,0.0,0.0,0.0,1.0,9.0,5.25,5.5,3.304037933599835,10.916666666666666,8.0,0.0,1.0,0.25,0.0,0.5,0.25,1.0,0.0,4.0,2.25,2.5,2.0615528128088303,4.25,4.0,1.0,0.0,2.0,0.0,0.0,0.0,0.0,2.0,0.0,0.0,3.0,0.0,0.0,0.0,0.0,0.0,0.0,0.0,0.0,0.0,0.0,2.0,0.0,0.0
1068,1750,Fire Team 3.5-W4,0,6,0,0,1,3,0,0,0,0,0,0,1,3,1,1,1.0,0.0,1.0,7.0,7.0,7.0,7.0,0.0,0.0,0.0,1.0,1.0,1.0,1.0,0.0,0.0,0.0,3.0,3.0,3.0,3.0,0.0,0.0,0.0,0.0,0.0,0.0,0.0,0.0,0.0,0.0,0.0,0.0,0.0,0.0,0.0,0.0,0.0,0.0,0.0,0.0,0.0,0.0,0.0,0.0,3.0,3.0,3.0,3.0,0.0,0.0,0.0,0.0,0.0,0.0,0.0,0.0,0.0,0.0,1.0,1.0,1.0,1.0,0.0,0.0,0.0,0.0,0.0,1.0,0.0,0.0,0.0,0.0,0.0,0.0,0.0,1.0,0.0,0.0,0.0,0.0,0.0,0.0,0.0,0.0,0.0,0.0,0.0,0.0,0.0
1068,1754,Enterprise 3.5-M4,3,37,0,0,0,0,0,0,0,0,0,0,0,0,1,1,1.0,0.0,1.0,0.0,0.0,0.0,0.0,0.0,0.0,0.0,1.0,1.0,1.0,1.0,0.0,0.0,0.0,2.0,2.0,2.0,2.0,0.0,0.0,0.0,0.0,0.0,0.0,0.0,0.0,0.0,0.0,0.0,0.0,0.0,0.0,0.0,0.0,0.0,0.0,0.0,0.0,0.0,0.0,0.0,0.0,2.0,2.0,2.0,2.0,0.0,0.0,0.0,0.0,0.0,0.0,0.0,0.0,0.0,0.0,0.0,0.0,0.0,0.0,0.0,0.0,0.0,0.0,0.0,1.0,0.0,0.0,0.0,0.0,0.0,0.0,0.0,1.0,0.0,0.0,0.0,0.0,0.0,0.0,0.0,0.0,0.0,0.0,0.0,0.0,0.0
1068,1777,Fire 3.6 W1,-3,6,0,0,2,6,1,3,0,0,1,3,0,0,1,1,2.0,0.0,0.0,0.0,1.0,0.5,0.5,0.7071067811865476,0.5,1.0,0.0,1.0,0.5,0.5,0.7071067811865476,0.5,1.0,0.0,4.0,2.0,2.0,2.8284271247461903,8.0,4.0,1.0,2.0,1.5,1.5,0.7071067811865476,0.5,1.0,0.0,0.0,0.0,0.0,0.0,0.0,0.0,0.0,0.0,0.0,0.0,0.0,0.0,0.0,0.0,1.0,0.5,0.5,0.7071067811865476,0.5,1.0,0.0,1.0,0.5,0.5,0.7071067811865476,0.5,1.0,2.0,2.0,2.0,2.0,0.0,0.0,0.0,0.0,0.0,2.0,0.0,0.0,0.0,0.0,1.0,0.0,0.0,2.0,0.0,0.0,0.0,0.0,0.0,0.0,0.0,0.0,0.0,0.0,0.0,0.0,0.0
1068,1781,Mono-sprint,-6,42,29,87,4,12,1,3,18,54,10,30,4,12,1,10,44.0,0.0,25.0,0.0,10.0,1.6590909090909092,0.5,2.5874759346655907,6.695031712473573,10.0,0.0,5.0,1.0,1.0,1.275894579008856,1.627906976744186,5.0,0.0,6.0,1.0454545454545454,1.0,1.1402681335942375,1.300211416490486,6.0,0.0,10.0,1.5909090909090908,1.0,1.8716760529956284,3.5031712473572942,10.0,0.0,0.0,0.0,0.0,0.0,0.0,0.0,0.0,0.0,0.0,0.0,0.0,0.0,0.0,0.0,2.0,0.11363636363636363,0.0,0.3867520743564635,0.14957716701902748,2.0,0.0,3.0,0.36363636363636365,0.0,0.6134503672388982,0.37632135306553904,3.0,0.0,6.0,0.9318181818181818,0.0,1.3876151076950676,1.925475687103594,6.0,17.0,0.0,43.0,0.0,1.0,0.0,0.0,13.0,0.0,2.0,27.0,0.0,0.0,0.0,0.0,0.0,0.0,0.0,0.0,0.0,0.0,0.0,0.0,0.0
1068,1782,Enterprise 3.6-M1,0,7,2,6,0,0,0,0,1,3,1,3,0,0,1,1,2.0,0.0,1.0,0.0,0.0,0.0,0.0,0.0,0.0,0.0,1.0,5.0,3.0,3.0,2.8284271247461903,8.0,4.0,1.0,3.0,2.0,2.0,1.4142135623730951,2.0,2.0,0.0,0.0,0.0,0.0,0.0,0.0,0.0,0.0,0.0,0.0,0.0,0.0,0.0,0.0,0.0,0.0,0.0,0.0,0.0,0.0,0.0,0.0,0.0,0.0,0.0,0.0,0.0,0.0,0.0,1.0,0.5,0.5,0.7071067811865476,0.5,1.0,1.0,3.0,2.0,2.0,1.4142135623730951,2.0,2.0,0.0,0.0,2.0,0.0,0.0,0.0,0.0,0.0,0.0,1.0,2.0,0.0,0.0,0.0,0.0,0.0,0.0,0.0,0.0,0.0,0.0,0.0,0.0,0.0
1068,1791,Fire 3.6 W2,-9,6,2,6,1,3,0,0,1,3,2,6,0,0,1,3,3.0,0.0,1.0,0.0,6.0,2.3333333333333335,1.0,3.2145502536643185,10.333333333333334,6.0,0.0,5.0,2.3333333333333335,2.0,2.5166114784235836,6.333333333333334,5.0,0.0,6.0,2.3333333333333335,1.0,3.214550253664318,10.333333333333332,6.0,0.0,2.0,1.3333333333333333,2.0,1.1547005383792517,1.3333333333333335,2.0,0.0,0.0,0.0,0.0,0.0,0.0,0.0,0.0,0.0,0.0,0.0,0.0,0.0,0.0,0.0,0.0,0.0,0.0,0.0,0.0,0.0,0.0,0.0,0.0,0.0,0.0,0.0,0.0,0.0,2.0,1.3333333333333333,2.0,1.1547005383792517,1.3333333333333335,2.0,1.0,0.0,3.0,0.0,0.0,0.0,0.0,0.0,0.0,1.0,2.0,0.0,0.0,0.0,0.0,0.0,0.0,0.0,0.0,0.0,0.0,0.0,0.0,0.0
1068,1848,Innovation Week 3.6,0,4,1,3,3,9,1,3,3,9,0,0,0,0,1,3,7.0,0.0,4.0,0.0,8.0,1.7142857142857142,1.0,2.8702082220799308,8.238095238095237,8.0,0.0,1.0,0.2857142857142857,0.0,0.48795003647426655,0.23809523809523805,1.0,0.0,1.0,0.5714285714285714,1.0,0.5345224838248488,0.2857142857142857,1.0,0.0,2.0,0.8571428571428571,1.0,0.6900655593423541,0.47619047619047605,2.0,0.0,0.0,0.0,0.0,0.0,0.0,0.0,0.0,0.0,0.0,0.0,0.0,0.0,0.0,0.0,1.0,0.2857142857142857,0.0,0.48795003647426655,0.23809523809523805,1.0,0.0,1.0,0.42857142857142855,0.0,0.5345224838248488,0.2857142857142857,1.0,0.0,2.0,0.7142857142857143,1.0,0.7559289460184544,0.5714285714285714,2.0,0.0,0.0,3.0,0.0,2.0,0.0,0.0,0.0,1.0,0.0,7.0,0.0,0.0,0.0,0.0,0.0,2.0,0.0,0.0,0.0,0.0,0.0,0.0,0.0
1068,1875,Fire 3.7-W1,0,6,1,3,0,0,0,0,0,0,1,3,0,0,1,1,1.0,0.0,0.0,1.0,1.0,1.0,1.0,0.0,0.0,0.0,1.0,1.0,1.0,1.0,0.0,0.0,0.0,1.0,1.0,1.0,1.0,0.0,0.0,0.0,0.0,0.0,0.0,0.0,0.0,0.0,0.0,0.0,0.0,0.0,0.0,0.0,0.0,0.0,0.0,0.0,0.0,0.0,0.0,0.0,0.0,4.0,4.0,4.0,4.0,0.0,0.0,0.0,1.0,1.0,1.0,1.0,0.0,0.0,0.0,1.0,1.0,1.0,1.0,0.0,0.0,0.0,0.0,0.0,1.0,0.0,0.0,0.0,0.0,1.0,0.0,0.0,1.0,0.0,0.0,0.0,0.0,0.0,0.0,0.0,0.0,0.0,0.0,0.0,0.0,0.0
1068,1878,Enterprise 3.7-M1,-9,38,1,3,2,6,0,0,3,9,0,0,0,0,1,1,3.0,0.0,2.0,0.0,5.0,2.0,1.0,2.6457513110645907,7.0,5.0,0.0,0.0,0.0,0.0,0.0,0.0,0.0,0.0,1.0,0.6666666666666666,1.0,0.5773502691896258,0.33333333333333337,1.0,0.0,2.0,1.0,1.0,1.0,1.0,2.0,0.0,0.0,0.0,0.0,0.0,0.0,0.0,0.0,0.0,0.0,0.0,0.0,0.0,0.0,0.0,0.0,0.0,0.0,0.0,0.0,0.0,0.0,1.0,0.6666666666666666,1.0,0.5773502691896258,0.33333333333333337,1.0,0.0,0.0,0.0,0.0,0.0,0.0,0.0,0.0,0.0,0.0,0.0,2.0,0.0,0.0,0.0,0.0,0.0,3.0,0.0,0.0,0.0,0.0,0.0,1.0,0.0,0.0,0.0,0.0,0.0,0.0,0.0
1068,1881,Blue 3.7,3,24,0,0,1,3,0,0,0,0,1,3,0,0,1,1,2.0,0.0,0.0,1.0,23.0,12.0,12.0,15.556349186104045,242.0,22.0,0.0,1.0,0.5,0.5,0.7071067811865476,0.5,1.0,1.0,1.0,1.0,1.0,0.0,0.0,0.0,1.0,4.0,2.5,2.5,2.1213203435596424,4.5,3.0,0.0,0.0,0.0,0.0,0.0,0.0,0.0,0.0,0.0,0.0,0.0,0.0,0.0,0.0,0.0,4.0,2.0,2.0,2.8284271247461903,8.0,4.0,0.0,1.0,0.5,0.5,0.7071067811865476,0.5,1.0,0.0,4.0,2.0,2.0,2.8284271247461903,8.0,4.0,1.0,0.0,1.0,0.0,1.0,0.0,0.0,2.0,0.0,0.0,1.0,0.0,0.0,0.0,0.0,0.0,0.0,0.0,0.0,0.0,0.0,0.0,0.0,0.0
1068,1900,Enterprise 3.7-M2,-12,7,3,9,1,3,0,0,3,9,1,3,0,0,1,1,7.0,0.0,2.0,0.0,5.0,0.8571428571428571,0.0,1.864454471471609,3.4761904761904763,5.0,0.0,3.0,0.7142857142857143,0.0,1.1126972805283735,1.238095238095238,3.0,0.0,2.0,1.1428571428571428,1.0,0.6900655593423541,0.4761904761904761,2.0,0.0,2.0,0.5714285714285714,0.0,0.7867957924694431,0.619047619047619,2.0,0.0,0.0,0.0,0.0,0.0,0.0,0.0,0.0,0.0,0.0,0.0,0.0,0.0,0.0,0.0,1.0,0.14285714285714285,0.0,0.37796447300922725,0.14285714285714288,1.0,0.0,1.0,0.2857142857142857,0.0,0.48795003647426666,0.23809523809523817,1.0,0.0,0.0,0.0,0.0,0.0,0.0,0.0,2.0,0.0,4.0,0.0,2.0,0.0,0.0,3.0,1.0,0.0,5.0,0.0,0.0,0.0,0.0,0.0,1.0,0.0,0.0,0.0,0.0,0.0,0.0,0.0
1068,1904,Fire 3.7-W2,-3,4,0,0,1,3,0,0,0,0,1,3,0,0,1,1,1.0,0.0,1.0,0.0,0.0,0.0,0.0,0.0,0.0,0.0,1.0,1.0,1.0,1.0,0.0,0.0,0.0,1.0,1.0,1.0,1.0,0.0,0.0,0.0,0.0,0.0,0.0,0.0,0.0,0.0,0.0,0.0,0.0,0.0,0.0,0.0,0.0,0.0,0.0,0.0,0.0,0.0,0.0,0.0,0.0,0.0,0.0,0.0,0.0,0.0,0.0,0.0,0.0,0.0,0.0,0.0,0.0,0.0,0.0,3.0,3.0,3.0,3.0,0.0,0.0,0.0,0.0,0.0,1.0,0.0,0.0,0.0,0.0,0.0,0.0,0.0,1.0,0.0,0.0,0.0,0.0,0.0,0.0,0.0,0.0,0.0,0.0,0.0,0.0,0.0
1068,1913,Fire 3.7-W3,0,6,1,3,0,0,0,0,0,0,0,0,1,3,1,1,2.0,0.0,1.0,0.0,0.0,0.0,0.0,0.0,0.0,0.0,0.0,1.0,0.5,0.5,0.7071067811865476,0.5,1.0,1.0,2.0,1.5,1.5,0.7071067811865476,0.5,1.0,0.0,0.0,0.0,0.0,0.0,0.0,0.0,0.0,0.0,0.0,0.0,0.0,0.0,0.0,0.0,0.0,0.0,0.0,0.0,0.0,0.0,0.0,1.0,0.5,0.5,0.7071067811865476,0.5,1.0,0.0,0.0,0.0,0.0,0.0,0.0,0.0,0.0,3.0,1.5,1.5,2.1213203435596424,4.5,3.0,0.0,0.0,2.0,0.0,0.0,0.0,0.0,0.0,0.0,0.0,2.0,0.0,0.0,1.0,0.0,0.0,0.0,0.0,0.0,0.0,0.0,0.0,0.0,0.0
1068,1936,Enterprise 3.7-M4,-6,7,6,18,1,3,0,0,6,18,1,3,0,0,1,1,8.0,0.0,2.0,0.0,5.0,1.0,0.0,1.7728105208558367,3.142857142857143,5.0,0.0,3.0,0.625,0.0,1.0606601717798212,1.125,3.0,0.0,2.0,1.25,1.0,0.7071067811865476,0.5,2.0,0.0,2.0,0.75,0.5,0.8864052604279183,0.7857142857142857,2.0,0.0,0.0,0.0,0.0,0.0,0.0,0.0,0.0,0.0,0.0,0.0,0.0,0.0,0.0,0.0,2.0,0.625,0.0,0.9161253813129043,0.8392857142857143,2.0,0.0,1.0,0.25,0.0,0.4629100498862757,0.21428571428571427,1.0,0.0,2.0,0.375,0.0,0.7440238091428449,0.5535714285714286,2.0,2.0,0.0,5.0,0.0,2.0,0.0,0.0,4.0,1.0,0.0,6.0,0.0,0.0,0.0,0.0,0.0,1.0,0.0,0.0,0.0,0.0,0.0,0.0,0.0
1068,1949,Fire 3.7-W5,3,6,0,0,0,0,0,0,0,0,0,0,0,0,1,1,1.0,0.0,1.0,0.0,0.0,0.0,0.0,0.0,0.0,0.0,0.0,0.0,0.0,0.0,0.0,0.0,0.0,1.0,1.0,1.0,1.0,0.0,0.0,0.0,0.0,0.0,0.0,0.0,0.0,0.0,0.0,0.0,0.0,0.0,0.0,0.0,0.0,0.0,0.0,0.0,0.0,0.0,0.0,0.0,0.0,0.0,0.0,0.0,0.0,0.0,0.0,0.0,0.0,0.0,0.0,0.0,0.0,0.0,0.0,0.0,0.0,0.0,0.0,0.0,0.0,0.0,1.0,0.0,1.0,0.0,0.0,0.0,0.0,0.0,0.0,0.0,0.0,0.0,0.0,0.0,0.0,0.0,0.0,0.0,0.0,0.0,0.0,0.0,0.0,0.0
1068,1951,Innovation Week 3.7,-3,5,3,9,0,0,0,0,2,6,0,0,1,3,1,1,3.0,0.0,0.0,0.0,2.0,0.6666666666666666,0.0,1.1547005383792517,1.3333333333333335,2.0,0.0,1.0,0.3333333333333333,0.0,0.5773502691896258,0.33333333333333337,1.0,0.0,2.0,1.0,1.0,1.0,1.0,2.0,0.0,0.0,0.0,0.0,0.0,0.0,0.0,0.0,0.0,0.0,0.0,0.0,0.0,0.0,0.0,0.0,0.0,0.0,0.0,0.0,0.0,0.0,2.0,1.0,1.0,1.0,1.0,2.0,0.0,0.0,0.0,0.0,0.0,0.0,0.0,0.0,2.0,0.6666666666666666,0.0,1.1547005383792517,1.3333333333333335,2.0,1.0,0.0,2.0,0.0,0.0,0.0,0.0,2.0,0.0,0.0,2.0,0.0,0.0,0.0,0.0,0.0,1.0,0.0,0.0,0.0,0.0,0.0,0.0,0.0
1068,1981,Enterprise 3.8-M1,-9,14,1,3,4,12,0,0,1,3,3,9,1,3,1,1,5.0,0.0,0.0,0.0,4.0,1.6,1.0,1.816590212458495,3.3,4.0,0.0,3.0,0.8,0.0,1.3038404810405297,1.7000000000000002,3.0,1.0,2.0,1.4,1.0,0.5477225575051661,0.3,1.0,0.0,0.0,0.0,0.0,0.0,0.0,0.0,0.0,0.0,0.0,0.0,0.0,0.0,0.0,0.0,0.0,0.0,0.0,0.0,0.0,0.0,0.0,4.0,1.4,0.0,1.949358868961793,3.8000000000000003,4.0,0.0,1.0,0.2,0.0,0.44721359549995804,0.20000000000000007,1.0,0.0,3.0,1.0,1.0,1.224744871391589,1.5,3.0,1.0,0.0,3.0,0.0,0.0,0.0,0.0,2.0,0.0,0.0,4.0,0.0,0.0,1.0,0.0,0.0,2.0,0.0,0.0,0.0,0.0,0.0,0.0,0.0
1068,1984,Fire 3.8-W1,0,6,1,3,0,0,0,0,0,0,0,0,1,3,1,1,2.0,0.0,2.0,0.0,5.0,2.5,2.5,3.5355339059327378,12.5,5.0,1.0,1.0,1.0,1.0,0.0,0.0,0.0,0.0,1.0,0.5,0.5,0.7071067811865476,0.5,1.0,0.0,1.0,0.5,0.5,0.7071067811865476,0.5,1.0,0.0,0.0,0.0,0.0,0.0,0.0,0.0,0.0,0.0,0.0,0.0,0.0,0.0,0.0,0.0,3.0,1.5,1.5,2.1213203435596424,4.5,3.0,0.0,0.0,0.0,0.0,0.0,0.0,0.0,0.0,1.0,0.5,0.5,0.7071067811865476,0.5,1.0,1.0,0.0,2.0,0.0,0.0,0.0,0.0,0.0,0.0,0.0,1.0,0.0,0.0,0.0,0.0,0.0,0.0,0.0,0.0,0.0,0.0,0.0,0.0,0.0
1068,1985,Stash Blue 3.8,3,28,0,0,0,0,0,0,0,0,0,0,0,0,1,1,1.0,0.0,0.0,0.0,0.0,0.0,0.0,0.0,0.0,0.0,1.0,1.0,1.0,1.0,0.0,0.0,0.0,2.0,2.0,2.0,2.0,0.0,0.0,0.0,1.0,1.0,1.0,1.0,0.0,0.0,0.0,0.0,0.0,0.0,0.0,0.0,0.0,0.0,0.0,0.0,0.0,0.0,0.0,0.0,0.0,0.0,0.0,0.0,0.0,0.0,0.0,0.0,0.0,0.0,0.0,0.0,0.0,0.0,0.0,0.0,0.0,0.0,0.0,0.0,0.0,0.0,0.0,0.0,1.0,0.0,0.0,0.0,0.0,1.0,0.0,0.0,1.0,0.0,0.0,0.0,0.0,0.0,0.0,0.0,0.0,0.0,0.0,0.0,0.0,0.0
1068,1997,Fire 3.8-W2,0,6,0,0,0,0,0,0,0,0,0,0,0,0,1,1,2.0,0.0,2.0,0.0,1.0,0.5,0.5,0.7071067811865476,0.5,1.0,0.0,1.0,0.5,0.5,0.7071067811865476,0.5,1.0,1.0,1.0,1.0,1.0,0.0,0.0,0.0,0.0,4.0,2.0,2.0,2.8284271247461903,8.0,4.0,0.0,0.0,0.0,0.0,0.0,0.0,0.0,0.0,0.0,0.0,0.0,0.0,0.0,0.0,0.0,0.0,0.0,0.0,0.0,0.0,0.0,0.0,0.0,0.0,0.0,0.0,0.0,0.0,0.0,1.0,0.5,0.5,0.7071067811865476,0.5,1.0,0.0,0.0,2.0,0.0,0.0,0.0,0.0,0.0,0.0,0.0,2.0,0.0,0.0,0.0,0.0,0.0,0.0,0.0,0.0,0.0,0.0,0.0,0.0,0.0
1068,2022,Fire 3.8-W3,-6,6,2,6,0,0,0,0,1,3,1,3,0,0,1,3,3.0,0.0,3.0,0.0,1.0,0.6666666666666666,1.0,0.5773502691896258,0.33333333333333337,1.0,0.0,1.0,0.3333333333333333,0.0,0.5773502691896258,0.33333333333333337,1.0,1.0,1.0,1.0,1.0,0.0,0.0,0.0,0.0,4.0,1.3333333333333333,0.0,2.3094010767585034,5.333333333333334,4.0,0.0,0.0,0.0,0.0,0.0,0.0,0.0,0.0,0.0,0.0,0.0,0.0,0.0,0.0,0.0,0.0,0.0,0.0,0.0,0.0,0.0,0.0,0.0,0.0,0.0,0.0,0.0,0.0,0.0,1.0,0.6666666666666666,1.0,0.5773502691896258,0.33333333333333337,1.0,0.0,0.0,3.0,0.0,0.0,0.0,0.0,0.0,0.0,0.0,3.0,0.0,0.0,0.0,0.0,0.0,0.0,0.0,0.0,0.0,0.0,0.0,0.0,0.0
1068,2027,Enterprise 3.8-M3,-6,7,3,9,0,0,0,0,0,0,2,6,1,3,1,1,3.0,0.0,0.0,0.0,4.0,1.3333333333333333,0.0,2.3094010767585034,5.333333333333334,4.0,0.0,1.0,0.3333333333333333,0.0,0.5773502691896258,0.33333333333333337,1.0,1.0,1.0,1.0,1.0,0.0,0.0,0.0,0.0,0.0,0.0,0.0,0.0,0.0,0.0,0.0,0.0,0.0,0.0,0.0,0.0,0.0,0.0,0.0,0.0,0.0,0.0,0.0,0.0,0.0,1.0,0.3333333333333333,0.0,0.5773502691896258,0.33333333333333337,1.0,0.0,1.0,0.3333333333333333,0.0,0.5773502691896258,0.33333333333333337,1.0,0.0,1.0,0.6666666666666666,1.0,0.5773502691896258,0.33333333333333337,1.0,1.0,0.0,1.0,0.0,0.0,0.0,0.0,1.0,0.0,0.0,2.0,0.0,0.0,0.0,0.0,0.0,2.0,0.0,0.0,0.0,0.0,0.0,0.0,0.0
1068,2047,Fire 3.8-W4,-6,6,3,9,1,3,0,0,3,9,1,3,0,0,1,4,4.0,0.0,3.0,0.0,3.0,1.25,1.0,1.2583057392117916,1.5833333333333333,3.0,0.0,8.0,2.25,0.5,3.8622100754188224,14.916666666666666,8.0,1.0,2.0,1.25,1.0,0.5,0.25,1.0,0.0,8.0,3.0,2.0,3.8297084310253524,14.666666666666666,8.0,0.0,0.0,0.0,0.0,0.0,0.0,0.0,0.0,0.0,0.0,0.0,0.0,0.0,0.0,0.0,2.0,0.5,0.0,1.0,1.0,2.0,0.0,1.0,0.25,0.0,0.5,0.25,1.0,0.0,9.0,3.25,2.0,4.031128874149275,16.25,9.0,0.0,0.0,4.0,0.0,0.0,0.0,0.0,0.0,0.0,0.0,4.0,0.0,0.0,1.0,0.0,0.0,0.0,0.0,0.0,0.0,0.0,0.0,0.0,0.0
1068,2048,Enterprise 3.8-M4,-3,14,2,6,0,0,0,0,2,6,0,0,0,0,1,1,2.0,0.0,0.0,0.0,4.0,2.0,2.0,2.8284271247461903,8.0,4.0,0.0,1.0,0.5,0.5,0.7071067811865476,0.5,1.0,1.0,1.0,1.0,1.0,0.0,0.0,0.0,0.0,0.0,0.0,0.0,0.0,0.0,0.0,0.0,0.0,0.0,0.0,0.0,0.0,0.0,0.0,0.0,0.0,0.0,0.0,0.0,0.0,0.0,0.0,0.0,0.0,0.0,0.0,0.0,0.0,1.0,0.5,0.5,0.7071067811865476,0.5,1.0,1.0,1.0,1.0,1.0,0.0,0.0,0.0,0.0,0.0,1.0,0.0,0.0,0.0,0.0,1.0,0.0,0.0,2.0,0.0,0.0,0.0,0.0,0.0,1.0,0.0,0.0,0.0,0.0,0.0,0.0,0.0
1068,2089,Fire 3.9-W1,-6,5,2,6,0,0,0,0,0,0,2,6,0,0,1,4,4.0,0.0,4.0,1.0,10.0,4.25,3.0,4.031128874149275,16.25,9.0,0.0,1.0,0.5,0.5,0.5773502691896257,0.3333333333333333,1.0,0.0,1.0,0.75,1.0,0.5,0.25,1.0,0.0,4.0,1.5,1.0,1.7320508075688772,3.0,4.0,0.0,0.0,0.0,0.0,0.0,0.0,0.0,0.0,0.0,0.0,0.0,0.0,0.0,0.0,0.0,0.0,0.0,0.0,0.0,0.0,0.0,0.0,0.0,0.0,0.0,0.0,0.0,0.0,0.0,9.0,2.5,0.5,4.358898943540674,19.0,9.0,1.0,0.0,4.0,0.0,0.0,0.0,0.0,0.0,0.0,0.0,3.0,0.0,0.0,0.0,0.0,0.0,0.0,0.0,0.0,0.0,0.0,0.0,0.0,0.0
1068,2093,Enterprise 3.9-M1,-12,7,5,15,0,0,0,0,2,6,2,6,1,3,1,2,5.0,0.0,0.0,0.0,1.0,0.2,0.0,0.44721359549995804,0.20000000000000007,1.0,0.0,2.0,0.8,1.0,0.8366600265340756,0.7000000000000001,2.0,0.0,1.0,0.6,1.0,0.5477225575051662,0.30000000000000004,1.0,0.0,4.0,1.2,1.0,1.6431676725154982,2.6999999999999993,4.0,0.0,0.0,0.0,0.0,0.0,0.0,0.0,0.0,0.0,0.0,0.0,0.0,0.0,0.0,0.0,1.0,0.2,0.0,0.447213595499958,0.20000000000000004,1.0,0.0,1.0,0.2,0.0,0.44721359549995804,0.20000000000000007,1.0,0.0,3.0,0.8,0.0,1.30384048104053,1.7000000000000006,3.0,1.0,0.0,5.0,0.0,0.0,0.0,0.0,2.0,0.0,2.0,4.0,0.0,0.0,0.0,0.0,0.0,0.0,0.0,0.0,0.0,0.0,0.0,0.0,0.0
1068,2106,Fire 3.9-W2,0,6,0,0,4,12,0,0,4,12,0,0,0,0,1,4,7.0,0.0,5.0,1.0,11.0,3.857142857142857,2.0,3.625307868699863,13.142857142857144,10.0,0.0,3.0,1.1428571428571428,1.0,1.0690449676496976,1.1428571428571428,3.0,0.0,2.0,1.0,1.0,0.5773502691896257,0.3333333333333333,2.0,0.0,4.0,1.4285714285714286,1.0,1.3972762620115438,1.9523809523809523,4.0,0.0,0.0,0.0,0.0,0.0,0.0,0.0,0.0,0.0,0.0,0.0,0.0,0.0,0.0,0.0,0.0,0.0,0.0,0.0,0.0,0.0,0.0,1.0,0.14285714285714285,0.0,0.37796447300922725,0.14285714285714288,1.0,0.0,9.0,2.4285714285714284,1.0,3.2071349029490928,10.285714285714286,9.0,1.0,0.0,7.0,0.0,0.0,0.0,0.0,2.0,0.0,0.0,6.0,0.0,0.0,0.0,0.0,0.0,0.0,0.0,0.0,0.0,0.0,0.0,0.0,0.0
1068,2109,Enterprise 3.9-M2,-15,7,6,18,0,0,0,0,4,12,1,3,1,3,1,2,6.0,0.0,0.0,0.0,3.0,0.6666666666666666,0.0,1.2110601416389968,1.466666666666667,3.0,0.0,2.0,0.6666666666666666,0.5,0.8164965809277261,0.6666666666666669,2.0,0.0,1.0,0.6666666666666666,1.0,0.5163977794943223,0.2666666666666667,1.0,0.0,1.0,0.5,0.5,0.5477225575051661,0.3,1.0,0.0,0.0,0.0,0.0,0.0,0.0,0.0,0.0,0.0,0.0,0.0,0.0,0.0,0.0,0.0,1.0,0.16666666666666666,0.0,0.408248290463863,0.16666666666666669,1.0,0.0,0.0,0.0,0.0,0.0,0.0,0.0,0.0,2.0,0.5,0.0,0.8366600265340756,0.7,2.0,0.0,0.0,4.0,0.0,0.0,0.0,0.0,2.0,0.0,1.0,6.0,0.0,0.0,0.0,0.0,0.0,2.0,0.0,0.0,0.0,0.0,0.0,0.0,0.0
1068,2132,Fire 3.9-W3,0,20,3,9,0,0,2,6,0,0,0,0,1,3,1,2,3.0,0.0,2.0,1.0,11.0,6.0,6.0,5.0,25.0,10.0,1.0,3.0,1.6666666666666667,1.0,1.1547005383792517,1.3333333333333335,2.0,0.0,2.0,1.0,1.0,1.0,1.0,2.0,0.0,2.0,1.0,1.0,1.0,1.0,2.0,0.0,0.0,0.0,0.0,0.0,0.0,0.0,0.0,0.0,0.0,0.0,0.0,0.0,0.0,0.0,1.0,0.3333333333333333,0.0,0.5773502691896258,0.33333333333333337,1.0,0.0,0.0,0.0,0.0,0.0,0.0,0.0,0.0,4.0,1.6666666666666667,1.0,2.0816659994661326,4.333333333333333,4.0,1.0,0.0,3.0,0.0,0.0,0.0,0.0,1.0,0.0,0.0,2.0,0.0,0.0,0.0,0.0,0.0,0.0,0.0,0.0,0.0,0.0,0.0,0.0,0.0
1068,2137,Enterprise 3.9-M3,-6,7,5,15,0,0,0,0,4,12,1,3,0,0,1,2,5.0,0.0,0.0,0.0,3.0,0.8,0.0,1.3038404810405297,1.7000000000000002,3.0,0.0,2.0,0.6,0.0,0.8944271909999157,0.7999999999999998,2.0,0.0,1.0,0.6,1.0,0.5477225575051662,0.30000000000000004,1.0,0.0,1.0,0.4,0.0,0.5477225575051662,0.30000000000000004,1.0,0.0,0.0,0.0,0.0,0.0,0.0,0.0,0.0,0.0,0.0,0.0,0.0,0.0,0.0,0.0,1.0,0.2,0.0,0.447213595499958,0.20000000000000004,1.0,0.0,0.0,0.0,0.0,0.0,0.0,0.0,0.0,2.0,0.6,0.0,0.8944271909999159,0.7999999999999999,2.0,0.0,0.0,3.0,0.0,0.0,0.0,0.0,1.0,0.0,1.0,5.0,0.0,0.0,0.0,0.0,0.0,2.0,0.0,0.0,0.0,0.0,0.0,0.0,0.0
1068,2149,Enterprise 3.9-M4,0,7,0,0,2,6,0,0,1,3,1,3,0,0,1,2,2.0,0.0,0.0,0.0,1.0,0.5,0.5,0.7071067811865476,0.5,1.0,0.0,2.0,1.0,1.0,1.4142135623730951,2.0,2.0,0.0,1.0,0.5,0.5,0.7071067811865476,0.5,1.0,0.0,1.0,0.5,0.5,0.7071067811865476,0.5,1.0,0.0,0.0,0.0,0.0,0.0,0.0,0.0,0.0,0.0,0.0,0.0,0.0,0.0,0.0,0.0,0.0,0.0,0.0,0.0,0.0,0.0,0.0,0.0,0.0,0.0,0.0,0.0,0.0,0.0,0.0,0.0,0.0,0.0,0.0,0.0,0.0,0.0,1.0,0.0,0.0,0.0,0.0,0.0,0.0,1.0,2.0,0.0,0.0,0.0,0.0,0.0,1.0,0.0,0.0,0.0,0.0,0.0,0.0,0.0
1068,2186,Fire 3.10 DoB W1,-3,6,3,9,6,18,0,0,6,18,2,6,1,3,1,4,22.0,0.0,16.0,0.0,12.0,1.5,0.0,2.9560269346024635,8.738095238095237,12.0,0.0,2.0,0.9545454545454546,1.0,0.7854190708679772,0.6168831168831167,2.0,0.0,3.0,1.0,1.0,0.7559289460184544,0.5714285714285714,3.0,0.0,3.0,0.5,0.0,0.8017837257372732,0.6428571428571429,3.0,0.0,0.0,0.0,0.0,0.0,0.0,0.0,0.0,0.0,0.0,0.0,0.0,0.0,0.0,0.0,3.0,0.13636363636363635,0.0,0.6396021490668313,0.4090909090909091,3.0,0.0,2.0,0.22727272727272727,0.0,0.5284134548067253,0.27922077922077915,2.0,0.0,4.0,1.0454545454545454,1.0,1.2901558682973793,1.6645021645021645,4.0,5.0,0.0,22.0,0.0,0.0,0.0,0.0,3.0,3.0,0.0,17.0,0.0,0.0,0.0,0.0,0.0,0.0,0.0,0.0,0.0,0.0,0.0,0.0,0.0
1068,2218,Fire 3.10 DoB W2,-18,6,0,0,15,45,0,0,7,21,6,18,2,6,1,8,26.0,0.0,21.0,0.0,12.0,1.8461538461538463,0.0,3.596579571674261,12.935384615384612,12.0,0.0,3.0,1.1538461538461537,1.0,0.8805592628464114,0.7753846153846154,3.0,0.0,2.0,0.6153846153846154,1.0,0.5710988059467872,0.3261538461538461,2.0,0.0,3.0,0.6538461538461539,0.0,0.9356199096773301,0.8753846153846154,3.0,0.0,0.0,0.0,0.0,0.0,0.0,0.0,0.0,0.0,0.0,0.0,0.0,0.0,0.0,0.0,16.0,0.6538461538461539,0.0,3.136141676548529,9.835384615384617,16.0,0.0,3.0,0.5384615384615384,0.0,0.8593378488473196,0.7384615384615387,3.0,0.0,5.0,0.8846153846153846,1.0,1.1428708790383304,1.3061538461538462,5.0,6.0,0.0,26.0,0.0,0.0,0.0,0.0,2.0,1.0,2.0,20.0,0.0,0.0,0.0,0.0,0.0,0.0,0.0,0.0,0.0,0.0,0.0,0.0,0.0
1068,2235,Fire 3.10 DoB W3,-45,6,17,51,1,3,0,0,11,33,5,15,2,6,1,6,18.0,0.0,16.0,0.0,14.0,2.5555555555555554,0.0,4.604629667962991,21.202614379084963,14.0,0.0,3.0,1.1111111111111112,1.0,0.9633818428657449,0.9281045751633987,3.0,0.0,1.0,0.5555555555555556,1.0,0.5113099925649136,0.26143790849673204,1.0,0.0,2.0,0.6666666666666666,1.0,0.6859943405700354,0.47058823529411764,2.0,0.0,0.0,0.0,0.0,0.0,0.0,0.0,0.0,0.0,0.0,0.0,0.0,0.0,0.0,0.0,1.0,0.1111111111111111,0.0,0.3233808333817773,0.10457516339869281,1.0,0.0,4.0,0.6666666666666666,0.0,1.0846522890932808,1.1764705882352942,4.0,0.0,6.0,1.0555555555555556,0.5,1.5135553089341052,2.2908496732026147,6.0,6.0,0.0,18.0,0.0,0.0,0.0,0.0,2.0,0.0,0.0,12.0,0.0,0.0,0.0,0.0,0.0,0.0,0.0,0.0,0.0,0.0,0.0,0.0,0.0
1068,2262,Fire 3.10 DoB W4,-9,7,5,15,3,9,0,0,1,3,4,12,3,9,1,4,8.0,0.0,5.0,0.0,5.0,1.125,1.0,1.6420805617960927,2.6964285714285716,5.0,0.0,3.0,1.25,1.0,1.0350983390135313,1.0714285714285714,3.0,0.0,1.0,0.875,1.0,0.3535533905932738,0.125,1.0,0.0,1.0,0.5,0.5,0.5345224838248488,0.2857142857142857,1.0,0.0,0.0,0.0,0.0,0.0,0.0,0.0,0.0,0.0,0.0,0.0,0.0,0.0,0.0,0.0,3.0,0.625,0.0,1.0606601717798212,1.125,3.0,0.0,1.0,0.375,0.0,0.5175491695067657,0.26785714285714285,1.0,0.0,2.0,0.625,0.5,0.7440238091428449,0.5535714285714286,2.0,2.0,0.0,8.0,0.0,0.0,0.0,0.0,2.0,1.0,0.0,6.0,0.0,0.0,0.0,0.0,0.0,0.0,0.0,0.0,0.0,0.0,0.0,0.0,0.0
1068,2263,Enterprise 3.10-M4,0,7,0,0,0,0,0,0,0,0,0,0,0,0,1,1,1.0,0.0,0.0,0.0,0.0,0.0,0.0,0.0,0.0,0.0,3.0,3.0,3.0,3.0,0.0,0.0,0.0,1.0,1.0,1.0,1.0,0.0,0.0,0.0,0.0,0.0,0.0,0.0,0.0,0.0,0.0,0.0,0.0,0.0,0.0,0.0,0.0,0.0,0.0,0.0,0.0,0.0,0.0,0.0,0.0,0.0,0.0,0.0,0.0,0.0,0.0,0.0,0.0,0.0,0.0,0.0,0.0,0.0,0.0,0.0,0.0,0.0,0.0,0.0,0.0,0.0,0.0,0.0,1.0,0.0,0.0,0.0,0.0,1.0,0.0,0.0,1.0,0.0,0.0,0.0,0.0,0.0,0.0,0.0,0.0,0.0,0.0,0.0,0.0,0.0
1068,2302,Stash Fire 3.11 W1,0,6,3,9,1,3,1,3,1,3,1,3,1,3,1,4,6.0,0.0,5.0,0.0,2.0,0.6666666666666666,0.5,0.816496580927726,0.6666666666666667,2.0,0.0,3.0,1.5,1.5,1.0488088481701516,1.1,3.0,0.0,2.0,1.0,1.0,0.6324555320336759,0.4,2.0,0.0,1.0,0.3333333333333333,0.0,0.5163977794943223,0.2666666666666667,1.0,0.0,0.0,0.0,0.0,0.0,0.0,0.0,0.0,0.0,0.0,0.0,0.0,0.0,0.0,0.0,1.0,0.16666666666666666,0.0,0.408248290463863,0.16666666666666669,1.0,0.0,1.0,0.5,0.5,0.5477225575051661,0.3,1.0,0.0,2.0,1.0,1.0,0.8944271909999159,0.8,2.0,0.0,0.0,6.0,0.0,0.0,0.0,0.0,1.0,0.0,0.0,6.0,0.0,0.0,0.0,0.0,0.0,0.0,0.0,0.0,0.0,0.0,0.0,0.0,0.0
1068,2304,Stash Targaryens 3.11,-54,25,0,0,47,141,0,0,23,69,3,9,21,63,1,9,48.0,0.0,40.0,0.0,16.0,1.875,1.0,3.311006789097058,10.962765957446809,16.0,0.0,3.0,0.8333333333333334,1.0,0.6944562646748168,0.48226950354609927,3.0,0.0,1.0,0.5833333333333334,1.0,0.4982237954520137,0.24822695035460995,1.0,0.0,3.0,0.3958333333333333,0.0,0.736281148120753,0.5421099290780141,3.0,0.0,0.0,0.0,0.0,0.0,0.0,0.0,0.0,0.0,0.0,0.0,0.0,0.0,0.0,0.0,3.0,0.3958333333333333,0.0,0.6098337175989593,0.3718971631205673,3.0,0.0,4.0,0.3125,0.0,0.7192268307304401,0.5172872340425532,4.0,0.0,6.0,0.7083333333333334,0.0,1.4725622962415061,2.168439716312057,6.0,22.0,0.0,48.0,0.0,0.0,0.0,0.0,3.0,5.0,0.0,26.0,0.0,0.0,0.0,0.0,0.0,0.0,0.0,0.0,0.0,0.0,0.0,0.0,0.0
1068,2307,Enterprise 3.11-M1,9,7,0,0,2,6,0,0,2,6,0,0,0,0,1,1,6.0,0.0,1.0,0.0,0.0,0.0,0.0,0.0,0.0,0.0,1.0,3.0,1.5,1.0,0.8366600265340756,0.7,2.0,1.0,2.0,1.5,1.5,0.5477225575051661,0.3,1.0,0.0,2.0,0.8333333333333334,1.0,0.752772652709081,0.5666666666666667,2.0,0.0,0.0,0.0,0.0,0.0,0.0,0.0,0.0,0.0,0.0,0.0,0.0,0.0,0.0,0.0,0.0,0.0,0.0,0.0,0.0,0.0,0.0,2.0,0.3333333333333333,0.0,0.816496580927726,0.6666666666666667,2.0,0.0,1.0,0.16666666666666666,0.0,0.408248290463863,0.16666666666666669,1.0,4.0,0.0,6.0,0.0,0.0,0.0,0.0,4.0,0.0,1.0,2.0,0.0,0.0,0.0,0.0,0.0,0.0,0.0,0.0,0.0,0.0,0.0,0.0,0.0
1068,2323,Stash Fire 3.11 W2,-3,7,2,6,0,0,0,0,1,3,0,0,1,3,1,5,3.0,0.0,3.0,0.0,3.0,1.0,0.0,1.7320508075688772,3.0,3.0,0.0,2.0,1.0,1.0,1.0,1.0,2.0,1.0,1.0,1.0,1.0,0.0,0.0,0.0,0.0,1.0,0.3333333333333333,0.0,0.5773502691896258,0.33333333333333337,1.0,0.0,0.0,0.0,0.0,0.0,0.0,0.0,0.0,0.0,0.0,0.0,0.0,0.0,0.0,0.0,1.0,0.3333333333333333,0.0,0.5773502691896258,0.33333333333333337,1.0,0.0,0.0,0.0,0.0,0.0,0.0,0.0,0.0,2.0,0.6666666666666666,0.0,1.1547005383792517,1.3333333333333335,2.0,1.0,0.0,3.0,0.0,0.0,0.0,0.0,0.0,0.0,0.0,2.0,0.0,0.0,0.0,0.0,0.0,0.0,0.0,0.0,0.0,0.0,0.0,0.0,0.0
1068,2344,Enterprise 3.11-M3,0,7,0,0,0,0,0,0,0,0,0,0,0,0,1,1,1.0,0.0,1.0,0.0,0.0,0.0,0.0,0.0,0.0,0.0,2.0,2.0,2.0,2.0,0.0,0.0,0.0,2.0,2.0,2.0,2.0,0.0,0.0,0.0,0.0,0.0,0.0,0.0,0.0,0.0,0.0,0.0,0.0,0.0,0.0,0.0,0.0,0.0,0.0,0.0,0.0,0.0,0.0,0.0,0.0,0.0,0.0,0.0,0.0,0.0,0.0,0.0,0.0,0.0,0.0,0.0,0.0,0.0,0.0,0.0,0.0,0.0,0.0,0.0,0.0,0.0,1.0,0.0,1.0,0.0,0.0,0.0,0.0,0.0,0.0,0.0,0.0,0.0,0.0,0.0,0.0,0.0,0.0,0.0,0.0,0.0,0.0,0.0,0.0,0.0
1068,2346,Stash Fire 3.11 W3,0,7,1,3,0,0,0,0,0,0,0,0,1,3,1,2,1.0,0.0,1.0,0.0,0.0,0.0,0.0,0.0,0.0,0.0,1.0,1.0,1.0,1.0,0.0,0.0,0.0,1.0,1.0,1.0,1.0,0.0,0.0,0.0,0.0,0.0,0.0,0.0,0.0,0.0,0.0,0.0,0.0,0.0,0.0,0.0,0.0,0.0,0.0,0.0,0.0,0.0,0.0,0.0,0.0,1.0,1.0,1.0,1.0,0.0,0.0,0.0,0.0,0.0,0.0,0.0,0.0,0.0,0.0,2.0,2.0,2.0,2.0,0.0,0.0,0.0,0.0,0.0,1.0,0.0,0.0,0.0,0.0,0.0,0.0,0.0,1.0,0.0,0.0,0.0,0.0,0.0,0.0,0.0,0.0,0.0,0.0,0.0,0.0,0.0
1068,2367,Enterprise 3.11-M4,0,7,0,0,1,3,0,0,0,0,0,0,1,3,1,1,1.0,0.0,1.0,1.0,1.0,1.0,1.0,0.0,0.0,0.0,2.0,2.0,2.0,2.0,0.0,0.0,0.0,2.0,2.0,2.0,2.0,0.0,0.0,0.0,0.0,0.0,0.0,0.0,0.0,0.0,0.0,0.0,0.0,0.0,0.0,0.0,0.0,0.0,0.0,0.0,0.0,0.0,0.0,0.0,0.0,1.0,1.0,1.0,1.0,0.0,0.0,0.0,0.0,0.0,0.0,0.0,0.0,0.0,0.0,0.0,0.0,0.0,0.0,0.0,0.0,0.0,1.0,0.0,1.0,0.0,0.0,0.0,0.0,0.0,0.0,0.0,0.0,0.0,0.0,0.0,0.0,0.0,0.0,0.0,0.0,0.0,0.0,0.0,0.0,0.0
1068,2387,Enterprise 3.11-M5,3,7,0,0,0,0,0,0,0,0,0,0,0,0,1,1,1.0,0.0,1.0,0.0,0.0,0.0,0.0,0.0,0.0,0.0,2.0,2.0,2.0,2.0,0.0,0.0,0.0,1.0,1.0,1.0,1.0,0.0,0.0,0.0,0.0,0.0,0.0,0.0,0.0,0.0,0.0,0.0,0.0,0.0,0.0,0.0,0.0,0.0,0.0,0.0,0.0,0.0,0.0,0.0,0.0,0.0,0.0,0.0,0.0,0.0,0.0,0.0,0.0,0.0,0.0,0.0,0.0,0.0,0.0,0.0,0.0,0.0,0.0,0.0,0.0,0.0,0.0,0.0,1.0,0.0,0.0,0.0,0.0,0.0,0.0,0.0,1.0,0.0,0.0,0.0,0.0,0.0,0.0,0.0,0.0,0.0,0.0,0.0,0.0,0.0
1068,2422,Enterprise 3.12-M1,0,7,0,0,0,0,0,0,0,0,0,0,0,0,1,2,3.0,0.0,1.0,1.0,3.0,1.6666666666666667,1.0,1.1547005383792517,1.3333333333333335,2.0,0.0,2.0,1.0,1.0,1.0,1.0,2.0,1.0,1.0,1.0,1.0,0.0,0.0,0.0,0.0,2.0,0.6666666666666666,0.0,1.1547005383792517,1.3333333333333335,2.0,0.0,0.0,0.0,0.0,0.0,0.0,0.0,0.0,0.0,0.0,0.0,0.0,0.0,0.0,0.0,2.0,0.6666666666666666,0.0,1.1547005383792517,1.3333333333333335,2.0,0.0,0.0,0.0,0.0,0.0,0.0,0.0,3.0,8.0,5.666666666666667,6.0,2.516611478423583,6.333333333333333,5.0,0.0,0.0,3.0,0.0,0.0,0.0,0.0,0.0,0.0,1.0,3.0,0.0,0.0,0.0,0.0,0.0,0.0,0.0,0.0,0.0,0.0,0.0,0.0,0.0
1068,2440,Enterprise 3.12-M2,-18,7,7,21,0,0,0,0,2,6,4,12,1,3,1,5,8.0,0.0,4.0,0.0,16.0,3.125,1.5,5.303300858899107,28.125,16.0,0.0,2.0,0.625,0.5,0.7440238091428449,0.5535714285714286,2.0,0.0,1.0,0.75,1.0,0.4629100498862757,0.21428571428571427,1.0,0.0,2.0,0.375,0.0,0.7440238091428449,0.5535714285714286,2.0,0.0,0.0,0.0,0.0,0.0,0.0,0.0,0.0,0.0,0.0,0.0,0.0,0.0,0.0,0.0,3.0,0.375,0.0,1.0606601717798212,1.125,3.0,0.0,1.0,0.125,0.0,0.3535533905932738,0.125,1.0,0.0,8.0,2.125,0.0,3.226563851175781,10.410714285714286,8.0,2.0,0.0,8.0,0.0,0.0,0.0,0.0,1.0,0.0,1.0,6.0,0.0,0.0,0.0,0.0,0.0,0.0,0.0,0.0,0.0,0.0,0.0,0.0,0.0
1072,2120,HC Mac Iteration - 1,0,14,0,0,0,0,0,0,0,0,0,0,0,0,1,1,0.0,0.0,0.0,0.0,0.0,0.0,0.0,0.0,0.0,0.0,0.0,0.0,0.0,0.0,0.0,0.0,0.0,0.0,0.0,0.0,0.0,0.0,0.0,0.0,0.0,0.0,0.0,0.0,0.0,0.0,0.0,0.0,0.0,0.0,0.0,0.0,0.0,0.0,0.0,0.0,0.0,0.0,0.0,0.0,0.0,0.0,0.0,0.0,0.0,0.0,0.0,0.0,0.0,0.0,0.0,0.0,0.0,0.0,0.0,0.0,0.0,0.0,0.0,0.0,0.0,0.0,0.0,0.0,0.0,0.0,0.0,0.0,0.0,0.0,0.0,0.0,0.0,0.0,0.0,0.0,0.0,0.0,0.0,0.0,0.0,0.0,0.0,0.0,0.0,0.0
1072,2152,HC Mac Iteration - 2,0,12,0,0,0,0,0,0,0,0,0,0,0,0,1,1,0.0,0.0,0.0,0.0,0.0,0.0,0.0,0.0,0.0,0.0,0.0,0.0,0.0,0.0,0.0,0.0,0.0,0.0,0.0,0.0,0.0,0.0,0.0,0.0,0.0,0.0,0.0,0.0,0.0,0.0,0.0,0.0,0.0,0.0,0.0,0.0,0.0,0.0,0.0,0.0,0.0,0.0,0.0,0.0,0.0,0.0,0.0,0.0,0.0,0.0,0.0,0.0,0.0,0.0,0.0,0.0,0.0,0.0,0.0,0.0,0.0,0.0,0.0,0.0,0.0,0.0,0.0,0.0,0.0,0.0,0.0,0.0,0.0,0.0,0.0,0.0,0.0,0.0,0.0,0.0,0.0,0.0,0.0,0.0,0.0,0.0,0.0,0.0,0.0,0.0
1072,2195,HC Mac Iteration 3,0,14,0,0,0,0,0,0,0,0,0,0,0,0,1,1,0.0,0.0,0.0,0.0,0.0,0.0,0.0,0.0,0.0,0.0,0.0,0.0,0.0,0.0,0.0,0.0,0.0,0.0,0.0,0.0,0.0,0.0,0.0,0.0,0.0,0.0,0.0,0.0,0.0,0.0,0.0,0.0,0.0,0.0,0.0,0.0,0.0,0.0,0.0,0.0,0.0,0.0,0.0,0.0,0.0,0.0,0.0,0.0,0.0,0.0,0.0,0.0,0.0,0.0,0.0,0.0,0.0,0.0,0.0,0.0,0.0,0.0,0.0,0.0,0.0,0.0,0.0,0.0,0.0,0.0,0.0,0.0,0.0,0.0,0.0,0.0,0.0,0.0,0.0,0.0,0.0,0.0,0.0,0.0,0.0,0.0,0.0,0.0,0.0,0.0
1072,2242,HC Mac Iteration 4,0,14,0,0,0,0,0,0,0,0,0,0,0,0,1,1,0.0,0.0,0.0,0.0,0.0,0.0,0.0,0.0,0.0,0.0,0.0,0.0,0.0,0.0,0.0,0.0,0.0,0.0,0.0,0.0,0.0,0.0,0.0,0.0,0.0,0.0,0.0,0.0,0.0,0.0,0.0,0.0,0.0,0.0,0.0,0.0,0.0,0.0,0.0,0.0,0.0,0.0,0.0,0.0,0.0,0.0,0.0,0.0,0.0,0.0,0.0,0.0,0.0,0.0,0.0,0.0,0.0,0.0,0.0,0.0,0.0,0.0,0.0,0.0,0.0,0.0,0.0,0.0,0.0,0.0,0.0,0.0,0.0,0.0,0.0,0.0,0.0,0.0,0.0,0.0,0.0,0.0,0.0,0.0,0.0,0.0,0.0,0.0,0.0,0.0
1082,2138,Backend 2015.8,0,14,0,0,0,0,0,0,0,0,0,0,0,0,1,1,0.0,0.0,0.0,0.0,0.0,0.0,0.0,0.0,0.0,0.0,0.0,0.0,0.0,0.0,0.0,0.0,0.0,0.0,0.0,0.0,0.0,0.0,0.0,0.0,0.0,0.0,0.0,0.0,0.0,0.0,0.0,0.0,0.0,0.0,0.0,0.0,0.0,0.0,0.0,0.0,0.0,0.0,0.0,0.0,0.0,0.0,0.0,0.0,0.0,0.0,0.0,0.0,0.0,0.0,0.0,0.0,0.0,0.0,0.0,0.0,0.0,0.0,0.0,0.0,0.0,0.0,0.0,0.0,0.0,0.0,0.0,0.0,0.0,0.0,0.0,0.0,0.0,0.0,0.0,0.0,0.0,0.0,0.0,0.0,0.0,0.0,0.0,0.0,0.0,0.0
1082,2167,Backend 2015.9,0,14,0,0,0,0,0,0,0,0,0,0,0,0,1,1,0.0,0.0,0.0,0.0,0.0,0.0,0.0,0.0,0.0,0.0,0.0,0.0,0.0,0.0,0.0,0.0,0.0,0.0,0.0,0.0,0.0,0.0,0.0,0.0,0.0,0.0,0.0,0.0,0.0,0.0,0.0,0.0,0.0,0.0,0.0,0.0,0.0,0.0,0.0,0.0,0.0,0.0,0.0,0.0,0.0,0.0,0.0,0.0,0.0,0.0,0.0,0.0,0.0,0.0,0.0,0.0,0.0,0.0,0.0,0.0,0.0,0.0,0.0,0.0,0.0,0.0,0.0,0.0,0.0,0.0,0.0,0.0,0.0,0.0,0.0,0.0,0.0,0.0,0.0,0.0,0.0,0.0,0.0,0.0,0.0,0.0,0.0,0.0,0.0,0.0
1090,1877,Hobbits - Files 5.8 week 1/3,-3,14,0,0,1,3,0,0,1,3,0,0,0,0,1,2,1.0,0.0,0.0,3.0,3.0,3.0,3.0,0.0,0.0,0.0,1.0,1.0,1.0,1.0,0.0,0.0,0.0,0.0,0.0,0.0,0.0,0.0,0.0,0.0,2.0,2.0,2.0,2.0,0.0,0.0,0.0,0.0,0.0,0.0,0.0,0.0,0.0,0.0,0.0,0.0,0.0,0.0,0.0,0.0,0.0,0.0,0.0,0.0,0.0,0.0,0.0,0.0,1.0,1.0,1.0,1.0,0.0,0.0,0.0,1.0,1.0,1.0,1.0,0.0,0.0,0.0,0.0,0.0,1.0,0.0,0.0,0.0,0.0,1.0,0.0,0.0,1.0,0.0,0.0,0.0,0.0,0.0,0.0,0.0,0.0,0.0,0.0,0.0,0.0,0.0
1090,2183,Sprint 9,0,7,0,0,2,6,0,0,1,3,1,3,0,0,1,4,3.0,0.0,1.0,3.0,7.0,4.666666666666667,4.0,2.0816659994661326,4.333333333333333,4.0,1.0,3.0,1.6666666666666667,1.0,1.1547005383792517,1.3333333333333335,2.0,0.0,1.0,0.6666666666666666,1.0,0.5773502691896258,0.33333333333333337,1.0,0.0,2.0,0.6666666666666666,0.0,1.1547005383792517,1.3333333333333335,2.0,0.0,0.0,0.0,0.0,0.0,0.0,0.0,0.0,0.0,0.0,0.0,0.0,0.0,0.0,0.0,0.0,0.0,0.0,0.0,0.0,0.0,0.0,2.0,1.0,1.0,1.0,1.0,2.0,0.0,2.0,1.0,1.0,1.0,1.0,2.0,0.0,0.0,3.0,0.0,0.0,0.0,0.0,2.0,0.0,0.0,3.0,0.0,0.0,0.0,0.0,0.0,0.0,0.0,0.0,0.0,0.0,0.0,0.0,0.0
1090,2210,Sprint 10,-3,7,1,3,0,0,0,0,1,3,0,0,0,0,1,3,1.0,0.0,0.0,3.0,3.0,3.0,3.0,0.0,0.0,0.0,1.0,1.0,1.0,1.0,0.0,0.0,0.0,0.0,0.0,0.0,0.0,0.0,0.0,0.0,2.0,2.0,2.0,2.0,0.0,0.0,0.0,0.0,0.0,0.0,0.0,0.0,0.0,0.0,0.0,0.0,0.0,0.0,0.0,0.0,0.0,0.0,0.0,0.0,0.0,0.0,0.0,0.0,1.0,1.0,1.0,1.0,0.0,0.0,0.0,1.0,1.0,1.0,1.0,0.0,0.0,0.0,0.0,0.0,1.0,0.0,0.0,0.0,0.0,1.0,0.0,0.0,1.0,0.0,0.0,0.0,0.0,0.0,0.0,0.0,0.0,0.0,0.0,0.0,0.0,0.0
1090,2231,Sprint 11,-3,7,0,0,1,3,0,0,1,3,0,0,0,0,1,4,1.0,0.0,0.0,3.0,3.0,3.0,3.0,0.0,0.0,0.0,1.0,1.0,1.0,1.0,0.0,0.0,0.0,0.0,0.0,0.0,0.0,0.0,0.0,0.0,2.0,2.0,2.0,2.0,0.0,0.0,0.0,0.0,0.0,0.0,0.0,0.0,0.0,0.0,0.0,0.0,0.0,0.0,0.0,0.0,0.0,0.0,0.0,0.0,0.0,0.0,0.0,0.0,1.0,1.0,1.0,1.0,0.0,0.0,0.0,1.0,1.0,1.0,1.0,0.0,0.0,0.0,0.0,0.0,1.0,0.0,0.0,0.0,0.0,1.0,0.0,0.0,1.0,0.0,0.0,0.0,0.0,0.0,0.0,0.0,0.0,0.0,0.0,0.0,0.0,0.0
1090,2275,Sprint 12,-5,4,1,3,1,2,0,0,1,3,1,2,0,0,1,4,2.0,0.0,1.0,1.0,3.0,2.0,2.0,1.4142135623730951,2.0,2.0,1.0,1.0,1.0,1.0,0.0,0.0,0.0,0.0,1.0,0.5,0.5,0.7071067811865476,0.5,1.0,0.0,2.0,1.0,1.0,1.4142135623730951,2.0,2.0,0.0,0.0,0.0,0.0,0.0,0.0,0.0,0.0,0.0,0.0,0.0,0.0,0.0,0.0,0.0,0.0,0.0,0.0,0.0,0.0,0.0,0.0,1.0,0.5,0.5,0.7071067811865476,0.5,1.0,1.0,4.0,2.5,2.5,2.1213203435596424,4.5,3.0,0.0,0.0,2.0,0.0,0.0,0.0,0.0,1.0,0.0,0.0,2.0,0.0,0.0,0.0,0.0,0.0,0.0,0.0,0.0,0.0,0.0,0.0,0.0,0.0
1090,2299,Sprint 13,-3,4,2,5,0,0,0,0,1,3,0,0,1,2,1,5,2.0,0.0,1.0,1.0,3.0,2.0,2.0,1.4142135623730951,2.0,2.0,1.0,1.0,1.0,1.0,0.0,0.0,0.0,0.0,1.0,0.5,0.5,0.7071067811865476,0.5,1.0,0.0,2.0,1.0,1.0,1.4142135623730951,2.0,2.0,0.0,0.0,0.0,0.0,0.0,0.0,0.0,0.0,0.0,0.0,0.0,0.0,0.0,0.0,0.0,0.0,0.0,0.0,0.0,0.0,0.0,0.0,1.0,0.5,0.5,0.7071067811865476,0.5,1.0,1.0,4.0,2.5,2.5,2.1213203435596424,4.5,3.0,0.0,0.0,2.0,0.0,0.0,0.0,0.0,1.0,0.0,0.0,2.0,0.0,0.0,0.0,0.0,0.0,0.0,0.0,0.0,0.0,0.0,0.0,0.0,0.0
1090,2318,Sprint 14,-3,4,1,3,0,0,0,0,1,3,0,0,0,0,1,4,1.0,0.0,0.0,3.0,3.0,3.0,3.0,0.0,0.0,0.0,1.0,1.0,1.0,1.0,0.0,0.0,0.0,0.0,0.0,0.0,0.0,0.0,0.0,0.0,2.0,2.0,2.0,2.0,0.0,0.0,0.0,0.0,0.0,0.0,0.0,0.0,0.0,0.0,0.0,0.0,0.0,0.0,0.0,0.0,0.0,0.0,0.0,0.0,0.0,0.0,0.0,0.0,1.0,1.0,1.0,1.0,0.0,0.0,0.0,1.0,1.0,1.0,1.0,0.0,0.0,0.0,0.0,0.0,1.0,0.0,0.0,0.0,0.0,1.0,0.0,0.0,1.0,0.0,0.0,0.0,0.0,0.0,0.0,0.0,0.0,0.0,0.0,0.0,0.0,0.0
1090,2341,Sprint 15,0,7,0,0,1,3,1,3,0,0,0,0,0,0,1,4,1.0,0.0,0.0,3.0,3.0,3.0,3.0,0.0,0.0,0.0,1.0,1.0,1.0,1.0,0.0,0.0,0.0,0.0,0.0,0.0,0.0,0.0,0.0,0.0,2.0,2.0,2.0,2.0,0.0,0.0,0.0,0.0,0.0,0.0,0.0,0.0,0.0,0.0,0.0,0.0,0.0,0.0,0.0,0.0,0.0,0.0,0.0,0.0,0.0,0.0,0.0,0.0,1.0,1.0,1.0,1.0,0.0,0.0,0.0,1.0,1.0,1.0,1.0,0.0,0.0,0.0,0.0,0.0,1.0,0.0,0.0,0.0,0.0,1.0,0.0,0.0,1.0,0.0,0.0,0.0,0.0,0.0,0.0,0.0,0.0,0.0,0.0,0.0,0.0,0.0
1106,2203,On a Twisted Path,0,5,0,0,0,0,0,0,0,0,0,0,0,0,1,1,0.0,0.0,0.0,0.0,0.0,0.0,0.0,0.0,0.0,0.0,0.0,0.0,0.0,0.0,0.0,0.0,0.0,0.0,0.0,0.0,0.0,0.0,0.0,0.0,0.0,0.0,0.0,0.0,0.0,0.0,0.0,0.0,0.0,0.0,0.0,0.0,0.0,0.0,0.0,0.0,0.0,0.0,0.0,0.0,0.0,0.0,0.0,0.0,0.0,0.0,0.0,0.0,0.0,0.0,0.0,0.0,0.0,0.0,0.0,0.0,0.0,0.0,0.0,0.0,0.0,0.0,0.0,0.0,0.0,0.0,0.0,0.0,0.0,0.0,0.0,0.0,0.0,0.0,0.0,0.0,0.0,0.0,0.0,0.0,0.0,0.0,0.0,0.0,0.0,0.0
1106,2214,Little Green Men,0,2,0,0,0,0,0,0,0,0,0,0,0,0,1,1,0.0,0.0,0.0,0.0,0.0,0.0,0.0,0.0,0.0,0.0,0.0,0.0,0.0,0.0,0.0,0.0,0.0,0.0,0.0,0.0,0.0,0.0,0.0,0.0,0.0,0.0,0.0,0.0,0.0,0.0,0.0,0.0,0.0,0.0,0.0,0.0,0.0,0.0,0.0,0.0,0.0,0.0,0.0,0.0,0.0,0.0,0.0,0.0,0.0,0.0,0.0,0.0,0.0,0.0,0.0,0.0,0.0,0.0,0.0,0.0,0.0,0.0,0.0,0.0,0.0,0.0,0.0,0.0,0.0,0.0,0.0,0.0,0.0,0.0,0.0,0.0,0.0,0.0,0.0,0.0,0.0,0.0,0.0,0.0,0.0,0.0,0.0,0.0,0.0,0.0
1106,2224,Wedding Crashers,0,5,0,0,0,0,0,0,0,0,0,0,0,0,1,1,0.0,0.0,0.0,0.0,0.0,0.0,0.0,0.0,0.0,0.0,0.0,0.0,0.0,0.0,0.0,0.0,0.0,0.0,0.0,0.0,0.0,0.0,0.0,0.0,0.0,0.0,0.0,0.0,0.0,0.0,0.0,0.0,0.0,0.0,0.0,0.0,0.0,0.0,0.0,0.0,0.0,0.0,0.0,0.0,0.0,0.0,0.0,0.0,0.0,0.0,0.0,0.0,0.0,0.0,0.0,0.0,0.0,0.0,0.0,0.0,0.0,0.0,0.0,0.0,0.0,0.0,0.0,0.0,0.0,0.0,0.0,0.0,0.0,0.0,0.0,0.0,0.0,0.0,0.0,0.0,0.0,0.0,0.0,0.0,0.0,0.0,0.0,0.0,0.0,0.0
1106,2314,Wedding Crashers 2,0,6,0,0,0,0,0,0,0,0,0,0,0,0,1,1,0.0,0.0,0.0,0.0,0.0,0.0,0.0,0.0,0.0,0.0,0.0,0.0,0.0,0.0,0.0,0.0,0.0,0.0,0.0,0.0,0.0,0.0,0.0,0.0,0.0,0.0,0.0,0.0,0.0,0.0,0.0,0.0,0.0,0.0,0.0,0.0,0.0,0.0,0.0,0.0,0.0,0.0,0.0,0.0,0.0,0.0,0.0,0.0,0.0,0.0,0.0,0.0,0.0,0.0,0.0,0.0,0.0,0.0,0.0,0.0,0.0,0.0,0.0,0.0,0.0,0.0,0.0,0.0,0.0,0.0,0.0,0.0,0.0,0.0,0.0,0.0,0.0,0.0,0.0,0.0,0.0,0.0,0.0,0.0,0.0,0.0,0.0,0.0,0.0,0.0
1106,2329,iFish,0,7,0,0,0,0,0,0,0,0,0,0,0,0,1,1,0.0,0.0,0.0,0.0,0.0,0.0,0.0,0.0,0.0,0.0,0.0,0.0,0.0,0.0,0.0,0.0,0.0,0.0,0.0,0.0,0.0,0.0,0.0,0.0,0.0,0.0,0.0,0.0,0.0,0.0,0.0,0.0,0.0,0.0,0.0,0.0,0.0,0.0,0.0,0.0,0.0,0.0,0.0,0.0,0.0,0.0,0.0,0.0,0.0,0.0,0.0,0.0,0.0,0.0,0.0,0.0,0.0,0.0,0.0,0.0,0.0,0.0,0.0,0.0,0.0,0.0,0.0,0.0,0.0,0.0,0.0,0.0,0.0,0.0,0.0,0.0,0.0,0.0,0.0,0.0,0.0,0.0,0.0,0.0,0.0,0.0,0.0,0.0,0.0,0.0
1106,2353,Octopus,0,7,0,0,0,0,0,0,0,0,0,0,0,0,1,1,0.0,0.0,0.0,0.0,0.0,0.0,0.0,0.0,0.0,0.0,0.0,0.0,0.0,0.0,0.0,0.0,0.0,0.0,0.0,0.0,0.0,0.0,0.0,0.0,0.0,0.0,0.0,0.0,0.0,0.0,0.0,0.0,0.0,0.0,0.0,0.0,0.0,0.0,0.0,0.0,0.0,0.0,0.0,0.0,0.0,0.0,0.0,0.0,0.0,0.0,0.0,0.0,0.0,0.0,0.0,0.0,0.0,0.0,0.0,0.0,0.0,0.0,0.0,0.0,0.0,0.0,0.0,0.0,0.0,0.0,0.0,0.0,0.0,0.0,0.0,0.0,0.0,0.0,0.0,0.0,0.0,0.0,0.0,0.0,0.0,0.0,0.0,0.0,0.0,0.0
1106,2371,Pina Colada,0,7,0,0,0,0,0,0,0,0,0,0,0,0,1,1,0.0,0.0,0.0,0.0,0.0,0.0,0.0,0.0,0.0,0.0,0.0,0.0,0.0,0.0,0.0,0.0,0.0,0.0,0.0,0.0,0.0,0.0,0.0,0.0,0.0,0.0,0.0,0.0,0.0,0.0,0.0,0.0,0.0,0.0,0.0,0.0,0.0,0.0,0.0,0.0,0.0,0.0,0.0,0.0,0.0,0.0,0.0,0.0,0.0,0.0,0.0,0.0,0.0,0.0,0.0,0.0,0.0,0.0,0.0,0.0,0.0,0.0,0.0,0.0,0.0,0.0,0.0,0.0,0.0,0.0,0.0,0.0,0.0,0.0,0.0,0.0,0.0,0.0,0.0,0.0,0.0,0.0,0.0,0.0,0.0,0.0,0.0,0.0,0.0,0.0
1106,2392,Poke,0,7,0,0,0,0,0,0,0,0,0,0,0,0,1,1,0.0,0.0,0.0,0.0,0.0,0.0,0.0,0.0,0.0,0.0,0.0,0.0,0.0,0.0,0.0,0.0,0.0,0.0,0.0,0.0,0.0,0.0,0.0,0.0,0.0,0.0,0.0,0.0,0.0,0.0,0.0,0.0,0.0,0.0,0.0,0.0,0.0,0.0,0.0,0.0,0.0,0.0,0.0,0.0,0.0,0.0,0.0,0.0,0.0,0.0,0.0,0.0,0.0,0.0,0.0,0.0,0.0,0.0,0.0,0.0,0.0,0.0,0.0,0.0,0.0,0.0,0.0,0.0,0.0,0.0,0.0,0.0,0.0,0.0,0.0,0.0,0.0,0.0,0.0,0.0,0.0,0.0,0.0,0.0,0.0,0.0,0.0,0.0,0.0,0.0
1106,2409,NewYork NewYour,0,7,0,0,0,0,0,0,0,0,0,0,0,0,1,1,0.0,0.0,0.0,0.0,0.0,0.0,0.0,0.0,0.0,0.0,0.0,0.0,0.0,0.0,0.0,0.0,0.0,0.0,0.0,0.0,0.0,0.0,0.0,0.0,0.0,0.0,0.0,0.0,0.0,0.0,0.0,0.0,0.0,0.0,0.0,0.0,0.0,0.0,0.0,0.0,0.0,0.0,0.0,0.0,0.0,0.0,0.0,0.0,0.0,0.0,0.0,0.0,0.0,0.0,0.0,0.0,0.0,0.0,0.0,0.0,0.0,0.0,0.0,0.0,0.0,0.0,0.0,0.0,0.0,0.0,0.0,0.0,0.0,0.0,0.0,0.0,0.0,0.0,0.0,0.0,0.0,0.0,0.0,0.0,0.0,0.0,0.0,0.0,0.0,0.0
1106,2425,Big Red Button,0,7,0,0,0,0,0,0,0,0,0,0,0,0,1,1,0.0,0.0,0.0,0.0,0.0,0.0,0.0,0.0,0.0,0.0,0.0,0.0,0.0,0.0,0.0,0.0,0.0,0.0,0.0,0.0,0.0,0.0,0.0,0.0,0.0,0.0,0.0,0.0,0.0,0.0,0.0,0.0,0.0,0.0,0.0,0.0,0.0,0.0,0.0,0.0,0.0,0.0,0.0,0.0,0.0,0.0,0.0,0.0,0.0,0.0,0.0,0.0,0.0,0.0,0.0,0.0,0.0,0.0,0.0,0.0,0.0,0.0,0.0,0.0,0.0,0.0,0.0,0.0,0.0,0.0,0.0,0.0,0.0,0.0,0.0,0.0,0.0,0.0,0.0,0.0,0.0,0.0,0.0,0.0,0.0,0.0,0.0,0.0,0.0,0.0
1106,2446,Champaign,0,7,0,0,0,0,0,0,0,0,0,0,0,0,1,1,0.0,0.0,0.0,0.0,0.0,0.0,0.0,0.0,0.0,0.0,0.0,0.0,0.0,0.0,0.0,0.0,0.0,0.0,0.0,0.0,0.0,0.0,0.0,0.0,0.0,0.0,0.0,0.0,0.0,0.0,0.0,0.0,0.0,0.0,0.0,0.0,0.0,0.0,0.0,0.0,0.0,0.0,0.0,0.0,0.0,0.0,0.0,0.0,0.0,0.0,0.0,0.0,0.0,0.0,0.0,0.0,0.0,0.0,0.0,0.0,0.0,0.0,0.0,0.0,0.0,0.0,0.0,0.0,0.0,0.0,0.0,0.0,0.0,0.0,0.0,0.0,0.0,0.0,0.0,0.0,0.0,0.0,0.0,0.0,0.0,0.0,0.0,0.0,0.0,0.0
1114,2226,HCMS Sprint1,0,14,0,0,0,0,0,0,0,0,0,0,0,0,1,1,0.0,0.0,0.0,0.0,0.0,0.0,0.0,0.0,0.0,0.0,0.0,0.0,0.0,0.0,0.0,0.0,0.0,0.0,0.0,0.0,0.0,0.0,0.0,0.0,0.0,0.0,0.0,0.0,0.0,0.0,0.0,0.0,0.0,0.0,0.0,0.0,0.0,0.0,0.0,0.0,0.0,0.0,0.0,0.0,0.0,0.0,0.0,0.0,0.0,0.0,0.0,0.0,0.0,0.0,0.0,0.0,0.0,0.0,0.0,0.0,0.0,0.0,0.0,0.0,0.0,0.0,0.0,0.0,0.0,0.0,0.0,0.0,0.0,0.0,0.0,0.0,0.0,0.0,0.0,0.0,0.0,0.0,0.0,0.0,0.0,0.0,0.0,0.0,0.0,0.0
1132,1,Sprint 1,0,0,0,0,0,0,0,0,0,0,0,0,0,0,1,1,6.0,6.0,6.0,0.0,0.0,0.0,0.0,0.0,0.0,0.0,0.0,1.0,0.16666666666666666,0.0,0.408248290463863,0.16666666666666669,1.0,0.0,2.0,1.1666666666666667,1.5,0.9831920802501751,0.9666666666666668,2.0,0.0,1.0,0.16666666666666666,0.0,0.408248290463863,0.16666666666666669,1.0,0.0,0.0,0.0,0.0,0.0,0.0,0.0,0.0,0.0,0.0,0.0,0.0,0.0,0.0,0.0,0.0,0.0,0.0,0.0,0.0,0.0,0.0,0.0,0.0,0.0,0.0,0.0,0.0,0.0,0.0,0.0,0.0,0.0,0.0,0.0,6.0,0.0,0.0,0.0,0.0,0.0,0.0,0.0,0.0,0.0,0.0,0.0,0.0,0.0,0.0,0.0,0.0,0.0,0.0,0.0,0.0,0.0,0.0,0.0
1132,4,Sprint 2,1,11,13,35,0,0,0,0,3,10,6,21,4,4,1,5,21.0,0.0,1.0,0.0,4.0,0.7619047619047619,0.0,1.1791845447071423,1.3904761904761904,4.0,0.0,1.0,0.42857142857142855,0.0,0.50709255283711,0.2571428571428572,1.0,0.0,2.0,0.38095238095238093,0.0,0.6690433824641326,0.4476190476190477,2.0,0.0,1.0,0.19047619047619047,0.0,0.40237390808147827,0.16190476190476194,1.0,0.0,0.0,0.0,0.0,0.0,0.0,0.0,0.0,0.0,0.0,0.0,0.0,0.0,0.0,0.0,2.0,0.19047619047619047,0.0,0.6015852075182383,0.36190476190476184,2.0,0.0,1.0,0.14285714285714285,0.0,0.35856858280031806,0.12857142857142856,1.0,0.0,4.0,0.8095238095238095,0.0,1.1670067531530235,1.361904761904762,4.0,18.0,0.0,10.0,0.0,0.0,0.0,0.0,2.0,0.0,4.0,3.0,0.0,0.0,3.0,0.0,0.0,11.0,0.0,0.0,0.0,0.0,0.0,0.0,0.0
1132,5,Sprint 3,0,14,14,49,3,4,0,0,2,2,4,38,11,13,1,6,18.0,0.0,1.0,0.0,5.0,1.0,0.0,1.4552137502179978,2.1176470588235294,5.0,0.0,2.0,0.4444444444444444,0.0,0.6156987634551992,0.3790849673202614,2.0,0.0,1.0,0.3888888888888889,0.0,0.5016313257045503,0.2516339869281046,1.0,0.0,3.0,0.2777777777777778,0.0,0.7519039015221181,0.565359477124183,3.0,0.0,0.0,0.0,0.0,0.0,0.0,0.0,0.0,0.0,0.0,0.0,0.0,0.0,0.0,0.0,1.0,0.2222222222222222,0.0,0.42779263194649864,0.18300653594771243,1.0,0.0,1.0,0.2222222222222222,0.0,0.42779263194649864,0.18300653594771243,1.0,0.0,5.0,0.7777777777777778,0.0,1.3085940167422419,1.7124183006535945,5.0,14.0,0.0,10.0,0.0,0.0,0.0,0.0,3.0,0.0,5.0,4.0,0.0,0.0,1.0,0.0,0.0,8.0,0.0,0.0,0.0,0.0,0.0,0.0,0.0
1132,6,Sprint 3,19,14,14,49,7,39,2,21,2,2,5,51,12,14,1,7,38.0,0.0,7.0,0.0,5.0,0.6052631578947368,0.0,1.174951952651004,1.3805120910384068,5.0,0.0,2.0,0.6052631578947368,1.0,0.5472028965176681,0.2994310099573257,2.0,0.0,1.0,0.42105263157894735,0.0,0.5003554924018236,0.2503556187766714,1.0,0.0,3.0,0.2631578947368421,0.0,0.6851399749002087,0.4694167852062586,3.0,0.0,0.0,0.0,0.0,0.0,0.0,0.0,0.0,0.0,0.0,0.0,0.0,0.0,0.0,0.0,1.0,0.10526315789473684,0.0,0.3110117477759048,0.09672830725462303,1.0,0.0,1.0,0.13157894736842105,0.0,0.34256998745010436,0.11735419630156466,1.0,0.0,5.0,0.5526315789473685,0.0,1.05772239808385,1.11877667140825,5.0,28.0,0.0,26.0,0.0,0.0,0.0,0.0,10.0,0.0,6.0,10.0,0.0,0.0,3.0,0.0,0.0,12.0,0.0,0.0,0.0,0.0,0.0,0.0,0.0
1132,7,Sprint 3 (maybe 4),0,7,0,0,0,0,0,0,0,0,0,0,0,0,1,1,1.0,0.0,0.0,0.0,0.0,0.0,0.0,0.0,0.0,0.0,0.0,0.0,0.0,0.0,0.0,0.0,0.0,1.0,1.0,1.0,1.0,0.0,0.0,0.0,4.0,4.0,4.0,4.0,0.0,0.0,0.0,0.0,0.0,0.0,0.0,0.0,0.0,0.0,0.0,0.0,0.0,0.0,0.0,0.0,0.0,0.0,0.0,0.0,0.0,0.0,0.0,0.0,0.0,0.0,0.0,0.0,0.0,0.0,0.0,0.0,0.0,0.0,0.0,0.0,0.0,0.0,1.0,0.0,0.0,0.0,0.0,0.0,0.0,0.0,0.0,0.0,0.0,0.0,0.0,0.0,0.0,0.0,1.0,0.0,0.0,0.0,0.0,0.0,0.0,0.0
1132,8,Sprint 4,-37,14,10,59,7,23,1,13,2,6,7,52,7,11,1,6,23.0,0.0,5.0,0.0,7.0,0.9565217391304348,0.0,1.6645572949412983,2.7707509881422925,7.0,0.0,2.0,0.21739130434782608,0.0,0.518434859512082,0.26877470355731226,2.0,0.0,1.0,0.782608695652174,1.0,0.42174116783664994,0.17786561264822132,1.0,0.0,4.0,0.6086956521739131,0.0,1.0761518325953912,1.158102766798419,4.0,0.0,0.0,0.0,0.0,0.0,0.0,0.0,0.0,0.0,0.0,0.0,0.0,0.0,0.0,0.0,2.0,0.13043478260869565,0.0,0.45769658728016016,0.2094861660079053,2.0,0.0,1.0,0.08695652173913043,0.0,0.2881040655200304,0.08300395256916997,1.0,0.0,4.0,0.5217391304347826,0.0,1.1626601636447695,1.3517786561264822,4.0,18.0,0.0,11.0,0.0,0.0,0.0,0.0,3.0,0.0,2.0,5.0,0.0,0.0,1.0,0.0,0.0,12.0,0.0,0.0,0.0,0.0,0.0,0.0,0.0
1132,12,Sprint 6,-24,14,13,91,7,7,1,1,1,21,3,22,15,54,1,6,38.0,3.0,8.0,0.0,9.0,0.5789473684210527,0.0,1.518028218720168,2.304409672830726,9.0,0.0,1.0,0.42105263157894735,0.0,0.5003554924018236,0.2503556187766714,1.0,0.0,1.0,0.47368421052631576,0.0,0.506009406240056,0.256045519203414,1.0,0.0,3.0,0.3684210526315789,0.0,0.7136148037936548,0.5092460881934565,3.0,0.0,0.0,0.0,0.0,0.0,0.0,0.0,0.0,0.0,0.0,0.0,0.0,0.0,0.0,0.0,1.0,0.15789473684210525,0.0,0.36953702147663203,0.1365576102418208,1.0,0.0,0.0,0.0,0.0,0.0,0.0,0.0,0.0,7.0,0.5789473684210527,0.0,1.4262325906248448,2.034139402560456,7.0,34.0,0.0,23.0,0.0,0.0,0.0,0.0,9.0,2.0,5.0,4.0,0.0,0.0,2.0,0.0,0.0,12.0,0.0,0.0,0.0,0.0,0.0,0.0,0.0
1132,13,Sprint 7,24,14,11,57,8,8,1,1,3,7,4,16,11,41,1,7,37.0,3.0,6.0,0.0,8.0,1.4054054054054055,0.0,2.178932708402843,4.7477477477477485,8.0,0.0,1.0,0.3783783783783784,0.0,0.4916723926983716,0.2417417417417417,1.0,0.0,1.0,0.7837837837837838,1.0,0.41734179538380073,0.17417417417417422,1.0,0.0,3.0,0.7297297297297297,0.0,0.9021162972775814,0.8138138138138136,3.0,0.0,0.0,0.0,0.0,0.0,0.0,0.0,0.0,0.0,0.0,0.0,0.0,0.0,0.0,0.0,1.0,0.08108108108108109,0.0,0.2767247306920301,0.07657657657657656,1.0,0.0,2.0,0.08108108108108109,0.0,0.3634998378708471,0.13213213213213212,2.0,0.0,9.0,0.7027027027027027,0.0,1.9128928770736633,3.6591591591591572,9.0,28.0,0.0,23.0,0.0,0.0,0.0,0.0,9.0,1.0,8.0,9.0,0.0,0.0,2.0,0.0,0.0,11.0,0.0,0.0,0.0,0.0,0.0,0.0,0.0
1132,16,The Sprintin8or,17,14,12,76,4,4,0,0,5,7,4,56,7,17,1,7,42.0,0.0,3.0,0.0,18.0,1.2380952380952381,0.0,3.2670530004549434,10.673635307781648,18.0,0.0,2.0,0.5,0.0,0.59469196781642,0.35365853658536583,2.0,0.0,1.0,0.8809523809523809,1.0,0.32777006756156785,0.10743321718931476,1.0,0.0,1.0,0.07142857142857142,0.0,0.26066118021500656,0.06794425087108014,1.0,0.0,0.0,0.0,0.0,0.0,0.0,0.0,0.0,0.0,0.0,0.0,0.0,0.0,0.0,0.0,1.0,0.16666666666666666,0.0,0.3771954702329121,0.14227642276422767,1.0,0.0,2.0,0.047619047619047616,0.0,0.30860669992418377,0.09523809523809522,2.0,0.0,11.0,0.9047619047619048,0.0,2.1505475628259823,4.624854819976772,11.0,29.0,0.0,27.0,0.0,0.0,0.0,0.0,11.0,0.0,11.0,13.0,0.0,0.0,2.0,0.0,0.0,15.0,0.0,0.0,0.0,0.0,0.0,0.0,0.0
1132,26,Sprint 1,0,7,0,0,0,0,0,0,0,0,0,0,0,0,1,1,0.0,0.0,0.0,0.0,0.0,0.0,0.0,0.0,0.0,0.0,0.0,0.0,0.0,0.0,0.0,0.0,0.0,0.0,0.0,0.0,0.0,0.0,0.0,0.0,0.0,0.0,0.0,0.0,0.0,0.0,0.0,0.0,0.0,0.0,0.0,0.0,0.0,0.0,0.0,0.0,0.0,0.0,0.0,0.0,0.0,0.0,0.0,0.0,0.0,0.0,0.0,0.0,0.0,0.0,0.0,0.0,0.0,0.0,0.0,0.0,0.0,0.0,0.0,0.0,0.0,0.0,0.0,0.0,0.0,0.0,0.0,0.0,0.0,0.0,0.0,0.0,0.0,0.0,0.0,0.0,0.0,0.0,0.0,0.0,0.0,0.0,0.0,0.0,0.0,0.0
1132,28,99 Sprint Balloons,0,14,18,49,6,6,0,0,6,14,4,12,14,29,1,8,34.0,0.0,2.0,0.0,7.0,1.2352941176470589,0.0,1.9236774052211272,3.700534759358289,7.0,0.0,2.0,0.23529411764705882,0.0,0.5537105429905547,0.30659536541889487,2.0,0.0,1.0,0.8529411764705882,1.0,0.35949062795357095,0.12923351158645277,1.0,0.0,2.0,0.3235294117647059,0.0,0.638207159076591,0.40730837789661317,2.0,0.0,0.0,0.0,0.0,0.0,0.0,0.0,0.0,0.0,0.0,0.0,0.0,0.0,0.0,0.0,2.0,0.5,0.0,0.5640760748177662,0.3181818181818182,2.0,0.0,2.0,0.14705882352941177,0.0,0.4357058321763818,0.18983957219251338,2.0,0.0,4.0,0.5294117647058824,0.0,1.1608589849278423,1.3475935828877006,4.0,24.0,0.0,15.0,0.0,0.0,0.0,0.0,3.0,0.0,7.0,10.0,0.0,0.0,3.0,0.0,0.0,19.0,0.0,0.0,0.0,0.0,0.0,0.0,0.0
1132,53,10tative,-13,14,17,47,9,13,1,1,1,1,4,12,20,46,1,7,26.0,0.0,1.0,0.0,8.0,2.0,1.0,2.0,4.0,8.0,0.0,1.0,0.11538461538461539,0.0,0.3258125936084211,0.10615384615384615,1.0,0.0,1.0,0.8461538461538461,1.0,0.36794648440311994,0.1353846153846154,1.0,0.0,2.0,0.23076923076923078,0.0,0.5870395085642742,0.34461538461538466,2.0,0.0,0.0,0.0,0.0,0.0,0.0,0.0,0.0,0.0,0.0,0.0,0.0,0.0,0.0,0.0,1.0,0.6923076923076923,1.0,0.47067872433164165,0.2215384615384615,1.0,0.0,1.0,0.07692307692307693,0.0,0.271746488194703,0.07384615384615385,1.0,0.0,8.0,1.6153846153846154,0.5,2.3336996049521552,5.446153846153846,8.0,13.0,0.0,7.0,0.0,0.0,0.0,0.0,1.0,0.0,4.0,13.0,0.0,0.0,0.0,0.0,0.0,19.0,0.0,0.0,0.0,0.0,0.0,0.0,0.0
1132,110,Oceans 11,-11,14,11,12,0,0,0,0,9,10,0,0,2,2,1,6,11.0,0.0,0.0,0.0,6.0,1.2727272727272727,0.0,2.1019471492361124,4.418181818181819,6.0,0.0,1.0,0.2727272727272727,0.0,0.46709936649691375,0.21818181818181817,1.0,0.0,1.0,0.7272727272727273,1.0,0.46709936649691375,0.21818181818181817,1.0,0.0,1.0,0.18181818181818182,0.0,0.4045199174779452,0.16363636363636358,1.0,0.0,0.0,0.0,0.0,0.0,0.0,0.0,0.0,0.0,0.0,0.0,0.0,0.0,0.0,0.0,1.0,0.09090909090909091,0.0,0.3015113445777636,0.09090909090909088,1.0,0.0,2.0,0.36363636363636365,0.0,0.6741998624632419,0.4545454545454543,2.0,0.0,4.0,0.45454545454545453,0.0,1.2135597524338357,1.4727272727272727,4.0,8.0,0.0,4.0,0.0,0.0,0.0,0.0,3.0,0.0,1.0,3.0,0.0,0.0,0.0,0.0,0.0,7.0,0.0,0.0,0.0,0.0,0.0,0.0,0.0
1132,129,Dirty Baker's Dozen,8,9,11,38,11,11,1,1,1,3,10,31,10,14,1,12,53.0,11.0,11.0,0.0,16.0,1.4528301886792452,0.0,3.029128065301003,9.175616835994196,16.0,0.0,2.0,0.5094339622641509,0.0,0.5758819827492023,0.3316400580551525,2.0,0.0,1.0,0.7735849056603774,1.0,0.42251579096399844,0.17851959361393324,1.0,0.0,5.0,0.4339622641509434,0.0,0.9508990475064224,0.9042089985486215,5.0,0.0,0.0,0.0,0.0,0.0,0.0,0.0,0.0,0.0,0.0,0.0,0.0,0.0,0.0,0.0,2.0,0.18867924528301888,0.0,0.4410042636103379,0.19448476052249639,2.0,0.0,2.0,0.18867924528301888,0.0,0.48264510666123495,0.23294629898403485,2.0,0.0,7.0,0.4339622641509434,0.0,1.201112208334492,1.44267053701016,7.0,39.0,0.0,25.0,0.0,0.0,0.0,0.0,11.0,1.0,6.0,14.0,0.0,0.0,7.0,0.0,0.0,17.0,0.0,0.0,0.0,0.0,0.0,0.0,0.0
1132,148,fÄowertÄne,5,14,21,67,2,2,5,17,4,10,5,24,9,18,1,9,58.0,15.0,12.0,0.0,10.0,1.103448275862069,0.0,2.291782843670149,5.252268602540833,10.0,0.0,2.0,0.6724137931034483,1.0,0.5425065618321809,0.294313369630974,2.0,0.0,1.0,0.7068965517241379,1.0,0.45916096973528975,0.21082879612825167,1.0,0.0,4.0,0.3620689655172414,0.0,0.7880305422451541,0.6209921355111916,4.0,0.0,0.0,0.0,0.0,0.0,0.0,0.0,0.0,0.0,0.0,0.0,0.0,0.0,0.0,0.0,2.0,0.27586206896551724,0.0,0.5229170357287027,0.2734422262552934,2.0,0.0,2.0,0.10344827586206896,0.0,0.3598077055831006,0.12946158499697522,2.0,0.0,6.0,0.6379310344827587,0.0,1.37264344614617,1.8841500302480336,6.0,43.0,0.0,28.0,0.0,0.0,0.0,0.0,17.0,1.0,8.0,15.0,0.0,0.0,5.0,0.0,0.0,15.0,0.0,0.0,0.0,0.0,0.0,0.0,0.0
1132,172,15 Sprints of Fame,7,14,36,45,5,5,0,0,10,10,11,20,20,20,1,10,68.0,11.0,17.0,0.0,12.0,1.4705882352941178,0.0,2.739814724290972,7.506584723441616,12.0,0.0,1.0,0.45588235294117646,0.0,0.5017528537548116,0.2517559262510974,1.0,0.0,1.0,0.75,1.0,0.436232171512701,0.19029850746268656,1.0,0.0,4.0,0.29411764705882354,0.0,0.6704603793520898,0.4495171202809482,4.0,0.0,0.0,0.0,0.0,0.0,0.0,0.0,0.0,0.0,0.0,0.0,0.0,0.0,0.0,0.0,3.0,0.3235294117647059,0.0,0.6334265137928538,0.40122914837576834,3.0,0.0,2.0,0.16176470588235295,0.0,0.4442096492277902,0.19732221246707643,2.0,0.0,7.0,0.47058823529411764,0.0,1.202864593752889,1.4468832309043025,7.0,57.0,0.0,44.0,0.0,0.0,0.0,0.0,14.0,2.0,15.0,11.0,0.0,0.0,7.0,0.0,0.0,13.0,0.0,0.0,0.0,0.0,0.0,0.0,0.0
1132,187,Sweet Sixteen,0,14,23,31,5,5,0,0,6,6,6,11,16,19,1,6,46.0,13.0,11.0,0.0,22.0,1.9782608695652173,1.0,3.5683119596730735,12.73285024154589,22.0,0.0,2.0,0.41304347826086957,0.0,0.5802714673714456,0.33671497584541066,2.0,0.0,1.0,0.7391304347826086,1.0,0.44396108982135163,0.19710144927536224,1.0,0.0,4.0,0.6086956521739131,0.0,1.1250335475406001,1.2657004830917877,4.0,0.0,0.0,0.0,0.0,0.0,0.0,0.0,0.0,0.0,0.0,0.0,0.0,0.0,0.0,0.0,2.0,0.5217391304347826,0.0,0.6579135517268918,0.4328502415458936,2.0,0.0,1.0,0.06521739130434782,0.0,0.249637418228338,0.062318840579710134,1.0,0.0,13.0,1.391304347826087,0.0,2.8556241650435514,8.15458937198068,13.0,34.0,0.0,17.0,0.0,0.0,0.0,0.0,11.0,1.0,4.0,12.0,0.0,0.0,3.0,0.0,0.0,16.0,0.0,0.0,0.0,0.0,0.0,0.0,0.0
1132,203,City 17,26,14,21,38,2,2,4,8,3,5,7,15,9,12,1,8,73.0,18.0,14.0,0.0,12.0,0.9178082191780822,0.0,2.1392718430028568,4.576484018264839,12.0,0.0,2.0,0.4931506849315068,0.0,0.5803085307554766,0.3367579908675799,2.0,0.0,3.0,0.9315068493150684,1.0,0.4192840168167526,0.17579908675799089,3.0,0.0,3.0,0.2602739726027397,0.0,0.6460864506196342,0.41742770167427706,3.0,0.0,0.0,0.0,0.0,0.0,0.0,0.0,0.0,0.0,0.0,0.0,0.0,0.0,0.0,0.0,1.0,0.1506849315068493,0.0,0.360217252220885,0.1297564687975647,1.0,0.0,1.0,0.0273972602739726,0.0,0.16436770598316275,0.027016742770167433,1.0,0.0,9.0,1.1232876712328768,0.0,2.185464643448289,4.776255707762556,9.0,51.0,0.0,34.0,0.0,0.0,0.0,0.0,23.0,0.0,9.0,22.0,0.0,0.0,6.0,0.0,0.0,21.0,0.0,0.0,0.0,0.0,0.0,0.0,0.0
1132,228,Sprint XVIII,-3,14,21,40,3,3,2,6,2,2,13,28,7,7,1,8,53.0,21.0,14.0,0.0,12.0,2.2264150943396226,2.0,2.621226294298458,6.870827285921626,12.0,0.0,4.0,0.4339622641509434,0.0,0.6936368469679924,0.4811320754716981,4.0,0.0,1.0,0.8490566037735849,1.0,0.3614195524432012,0.13062409288824386,1.0,0.0,3.0,0.33962264150943394,0.0,0.732314461312034,0.5362844702467345,3.0,0.0,0.0,0.0,0.0,0.0,0.0,0.0,0.0,0.0,0.0,0.0,0.0,0.0,0.0,0.0,3.0,0.4339622641509434,0.0,0.8437424407015028,0.711901306240929,3.0,0.0,1.0,0.1509433962264151,0.0,0.3614195524432012,0.13062409288824386,1.0,0.0,15.0,1.5660377358490567,0.0,2.8790318482371826,8.288824383164007,15.0,35.0,0.0,18.0,0.0,0.0,0.0,0.0,10.0,2.0,8.0,18.0,0.0,0.0,5.0,0.0,0.0,14.0,0.0,0.0,0.0,0.0,0.0,0.0,0.0
1132,250,Diciannove,29,14,18,35,8,8,2,6,8,8,3,4,13,25,1,8,60.0,9.0,12.0,0.0,13.0,1.1,0.0,2.447413023679202,5.989830508474575,13.0,0.0,1.0,0.5333333333333333,1.0,0.5030977485864635,0.2531073446327684,1.0,0.0,1.0,0.8333333333333334,1.0,0.3758230140014145,0.14124293785310738,1.0,0.0,3.0,0.48333333333333334,0.0,0.7917298517752694,0.6268361581920902,3.0,0.0,0.0,0.0,0.0,0.0,0.0,0.0,0.0,0.0,0.0,0.0,0.0,0.0,0.0,0.0,3.0,0.43333333333333335,0.0,0.8309004033131699,0.6903954802259884,3.0,0.0,1.0,0.06666666666666667,0.0,0.2515488742932317,0.06327683615819209,1.0,0.0,15.0,1.4833333333333334,0.0,3.4023504670396565,11.575988700564968,15.0,44.0,0.0,37.0,0.0,0.0,0.0,0.0,16.0,0.0,13.0,16.0,0.0,0.0,5.0,0.0,0.0,14.0,0.0,0.0,0.0,0.0,0.0,0.0,0.0
1132,270,Two tens,28,14,19,38,6,6,0,0,4,5,11,27,10,12,1,10,67.0,14.0,10.0,0.0,21.0,1.0746268656716418,0.0,2.8988682892917432,8.403437358661238,21.0,0.0,2.0,0.5074626865671642,0.0,0.6123262729098786,0.3749434644957032,2.0,0.0,1.0,0.9402985074626866,1.0,0.23872115183006284,0.05698778833107191,1.0,0.0,4.0,0.40298507462686567,0.0,0.817603695444291,0.668475802804161,4.0,0.0,0.0,0.0,0.0,0.0,0.0,0.0,0.0,0.0,0.0,0.0,0.0,0.0,0.0,0.0,4.0,0.29850746268656714,0.0,0.7787893746674897,0.6065128900949796,4.0,0.0,1.0,0.04477611940298507,0.0,0.2083729044282493,0.04341926729986431,1.0,0.0,10.0,1.1343283582089552,0.0,2.392510551498595,5.724106739032112,10.0,45.0,0.0,34.0,0.0,0.0,0.0,0.0,25.0,3.0,9.0,22.0,0.0,0.0,1.0,0.0,0.0,19.0,0.0,0.0,0.0,0.0,0.0,0.0,0.0
1132,306,Blackjack,10,14,14,39,8,8,1,1,8,11,9,27,4,8,1,6,63.0,25.0,24.0,0.0,15.0,0.746031746031746,0.0,2.1248776357046704,4.515104966717869,15.0,0.0,2.0,0.3333333333333333,0.0,0.5388159060803247,0.2903225806451613,2.0,0.0,1.0,0.9047619047619048,1.0,0.29590134113693356,0.08755760368663594,1.0,0.0,3.0,0.3333333333333333,0.0,0.672021505032247,0.45161290322580633,3.0,0.0,0.0,0.0,0.0,0.0,0.0,0.0,0.0,0.0,0.0,0.0,0.0,0.0,0.0,0.0,1.0,0.07936507936507936,0.0,0.2724789013191784,0.07424475166410656,1.0,0.0,1.0,0.015873015873015872,0.0,0.12598815766974242,0.015873015873015872,1.0,0.0,16.0,1.1904761904761905,0.0,3.454109954248253,11.93087557603687,16.0,46.0,0.0,19.0,0.0,0.0,0.0,0.0,10.0,3.0,6.0,17.0,0.0,0.0,1.0,0.0,0.0,19.0,0.0,0.0,0.0,0.0,0.0,0.0,0.0
1132,336,Catch-22,10,10,16,35,7,7,0,0,2,2,8,21,13,19,1,8,72.0,37.0,28.0,0.0,9.0,1.3194444444444444,0.0,2.061220675455796,4.2486306729264465,9.0,0.0,1.0,0.2222222222222222,0.0,0.4186572170818395,0.1752738654147105,1.0,0.0,1.0,0.9444444444444444,1.0,0.2306688919537699,0.05320813771517998,1.0,0.0,3.0,0.2222222222222222,0.0,0.5622445516296675,0.31611893583724576,3.0,0.0,0.0,0.0,0.0,0.0,0.0,0.0,0.0,0.0,0.0,0.0,0.0,0.0,0.0,0.0,1.0,0.2916666666666667,0.0,0.45771939248137733,0.20950704225352115,1.0,0.0,0.0,0.0,0.0,0.0,0.0,0.0,0.0,12.0,0.7222222222222222,0.0,2.2153257619618594,4.907668231611893,12.0,46.0,0.0,21.0,0.0,0.0,0.0,0.0,21.0,0.0,5.0,26.0,0.0,0.0,4.0,0.0,0.0,14.0,0.0,0.0,0.0,0.0,0.0,0.0,0.0
1132,355,Michael Jordan (23),14,13,22,46,6,6,1,1,0,0,7,25,20,26,1,12,52.0,7.0,10.0,0.0,9.0,1.1923076923076923,0.0,1.836860722873072,3.374057315233785,9.0,0.0,2.0,0.36538461538461536,0.0,0.5250152622934171,0.27564102564102555,2.0,0.0,1.0,0.9807692307692307,1.0,0.13867504905630726,0.01923076923076923,1.0,0.0,7.0,0.5384615384615384,0.0,1.1455204906810423,1.3122171945701357,7.0,0.0,0.0,0.0,0.0,0.0,0.0,0.0,0.0,0.0,0.0,0.0,0.0,0.0,0.0,0.0,3.0,0.4230769230769231,0.0,0.6054055145966812,0.36651583710407243,3.0,0.0,2.0,0.09615384615384616,0.0,0.357530494222021,0.12782805429864258,2.0,0.0,16.0,1.25,0.0,3.547299442298794,12.583333333333334,16.0,46.0,0.0,30.0,0.0,0.0,0.0,0.0,17.0,3.0,7.0,6.0,0.0,0.0,0.0,0.0,0.0,15.0,0.0,0.0,0.0,0.0,0.0,0.0,0.0
1132,369,Jack Bauer,-10,13,14,32,2,2,0,0,16,34,0,0,0,0,1,7,70.0,38.0,14.0,0.0,9.0,0.6285714285714286,0.0,1.6076937174185,2.584679089026916,9.0,0.0,1.0,0.32857142857142857,0.0,0.47308511264837305,0.22380952380952382,1.0,0.0,1.0,0.8714285714285714,1.0,0.3371418043988196,0.11366459627329192,1.0,0.0,2.0,0.18571428571428572,0.0,0.4270850691779095,0.18240165631469973,2.0,0.0,0.0,0.0,0.0,0.0,0.0,0.0,0.0,0.0,0.0,0.0,0.0,0.0,0.0,0.0,2.0,0.11428571428571428,0.0,0.3628732817851714,0.13167701863354042,2.0,0.0,2.0,0.12857142857142856,0.0,0.37769048640344216,0.14265010351966873,2.0,0.0,16.0,1.1428571428571428,0.0,3.25391943944937,10.587991718426503,16.0,57.0,0.0,19.0,0.0,0.0,0.0,0.0,27.0,0.0,13.0,13.0,0.0,0.0,3.0,0.0,0.0,13.0,0.0,0.0,0.0,0.0,0.0,0.0,0.0
1132,389,Pony,3,14,31,56,9,19,4,14,5,6,6,16,25,39,1,8,88.0,41.0,32.0,0.0,13.0,1.1931818181818181,1.0,1.8622564149622147,3.467998955067921,13.0,0.0,1.0,0.29545454545454547,0.0,0.45886143224517123,0.2105538140020899,1.0,0.0,1.0,0.8636363636363636,1.0,0.3451409234693729,0.11912225705329153,1.0,0.0,4.0,0.25,0.0,0.6989318615762461,0.4885057471264368,4.0,0.0,0.0,0.0,0.0,0.0,0.0,0.0,0.0,0.0,0.0,0.0,0.0,0.0,0.0,0.0,2.0,0.45454545454545453,0.0,0.523232457715199,0.2737722048066875,2.0,0.0,2.0,0.06818181818181818,0.0,0.2953842051145236,0.08725182863113896,2.0,0.0,18.0,1.4318181818181819,0.0,3.8708918291227237,14.983803552769066,18.0,65.0,0.0,25.0,0.0,0.0,0.0,0.0,19.0,3.0,9.0,23.0,0.0,0.0,3.0,0.0,0.0,22.0,0.0,0.0,0.0,0.0,0.0,0.0,0.0
1132,408,Sprint 26 (Yay!),10,13,12,29,5,5,2,2,4,11,7,17,4,4,1,7,67.0,26.0,29.0,0.0,17.0,0.582089552238806,0.0,2.2166672617771583,4.913613749434646,17.0,0.0,1.0,0.43283582089552236,0.0,0.4992078754785888,0.24920850293984623,1.0,0.0,2.0,0.8656716417910447,1.0,0.38516121725134317,0.14834916327453637,2.0,0.0,3.0,0.26865671641791045,0.0,0.6647416803413143,0.4418815015829941,3.0,0.0,0.0,0.0,0.0,0.0,0.0,0.0,0.0,0.0,0.0,0.0,0.0,0.0,0.0,0.0,3.0,0.26865671641791045,0.0,0.6174750529186855,0.3812754409769335,3.0,0.0,2.0,0.1791044776119403,0.0,0.42374138533581285,0.17955676164631384,2.0,0.0,12.0,0.7014925373134329,0.0,2.2764600734149845,5.182270465852557,12.0,53.0,0.0,30.0,0.0,0.0,0.0,0.0,11.0,5.0,11.0,14.0,0.0,0.0,0.0,0.0,0.0,11.0,0.0,0.0,0.0,0.0,0.0,0.0,0.0
1132,424,The Hammer,-10,14,14,32,3,3,0,0,5,12,8,19,4,4,1,7,52.0,34.0,25.0,0.0,21.0,1.1923076923076923,0.0,3.193366049640801,10.197586726998495,21.0,0.0,1.0,0.17307692307692307,0.0,0.3820047143818447,0.14592760180995476,1.0,0.0,2.0,0.9615384615384616,1.0,0.39415028792593376,0.1553544494720965,2.0,0.0,3.0,0.21153846153846154,0.0,0.6366745239697411,0.4053544494720964,3.0,0.0,0.0,0.0,0.0,0.0,0.0,0.0,0.0,0.0,0.0,0.0,0.0,0.0,0.0,0.0,6.0,1.3653846153846154,0.5,1.6212902892793792,2.6285822021116134,6.0,0.0,1.0,0.038461538461538464,0.0,0.19418390934515434,0.03770739064856712,1.0,0.0,17.0,1.4807692307692308,0.0,3.4040943318614367,11.58785822021116,17.0,37.0,0.0,6.0,0.0,0.0,0.0,0.0,6.0,0.0,7.0,15.0,0.0,0.0,2.0,0.0,0.0,12.0,0.0,0.0,0.0,0.0,0.0,0.0,0.0
1132,433,6.1.5 docs,0,14,1,1,0,0,1,1,0,0,0,0,0,0,1,1,1.0,0.0,0.0,0.0,0.0,0.0,0.0,0.0,0.0,0.0,0.0,0.0,0.0,0.0,0.0,0.0,0.0,1.0,1.0,1.0,1.0,0.0,0.0,0.0,0.0,0.0,0.0,0.0,0.0,0.0,0.0,0.0,0.0,0.0,0.0,0.0,0.0,0.0,0.0,0.0,0.0,0.0,0.0,0.0,0.0,2.0,2.0,2.0,2.0,0.0,0.0,0.0,0.0,0.0,0.0,0.0,0.0,0.0,0.0,0.0,0.0,0.0,0.0,0.0,0.0,0.0,0.0,0.0,0.0,0.0,0.0,0.0,0.0,0.0,0.0,0.0,1.0,0.0,0.0,0.0,0.0,0.0,1.0,0.0,0.0,0.0,0.0,0.0,0.0,0.0
1132,446,28 Sprints Later,11,10,17,39,4,4,1,1,3,5,10,26,7,11,1,8,61.0,23.0,23.0,0.0,10.0,1.0,0.0,2.041241452319315,4.166666666666667,10.0,0.0,1.0,0.21311475409836064,0.0,0.4129065309227846,0.1704918032786885,1.0,0.0,1.0,0.9508196721311475,1.0,0.21803894974650143,0.047540983606557376,1.0,0.0,3.0,0.18032786885245902,0.0,0.5002731494331031,0.2502732240437159,3.0,0.0,0.0,0.0,0.0,0.0,0.0,0.0,0.0,0.0,0.0,0.0,0.0,0.0,0.0,0.0,5.0,0.7868852459016393,0.0,1.2924750687261588,1.6704918032786888,5.0,0.0,0.0,0.0,0.0,0.0,0.0,0.0,0.0,8.0,0.7049180327868853,0.0,1.792058986148633,3.211475409836066,8.0,52.0,0.0,17.0,0.0,0.0,0.0,0.0,9.0,1.0,3.0,9.0,0.0,0.0,4.0,0.0,0.0,21.0,0.0,0.0,0.0,0.0,0.0,0.0,0.0
1132,476,Eng Health,-4,4,5,5,5,5,0,0,1,1,7,7,2,2,1,6,13.0,0.0,0.0,0.0,9.0,1.1538461538461537,0.0,2.444250186531439,5.974358974358975,9.0,0.0,1.0,0.07692307692307693,0.0,0.2773500981126146,0.07692307692307694,1.0,0.0,1.0,0.8461538461538461,1.0,0.37553380809940534,0.141025641025641,1.0,0.0,1.0,0.15384615384615385,0.0,0.37553380809940534,0.141025641025641,1.0,0.0,0.0,0.0,0.0,0.0,0.0,0.0,0.0,0.0,0.0,0.0,0.0,0.0,0.0,0.0,3.0,0.38461538461538464,0.0,0.869718492622904,0.7564102564102563,3.0,0.0,0.0,0.0,0.0,0.0,0.0,0.0,0.0,3.0,0.38461538461538464,0.0,0.9607689228305227,0.9230769230769229,3.0,11.0,0.0,2.0,0.0,0.0,0.0,0.0,1.0,0.0,0.0,2.0,0.0,0.0,1.0,0.0,0.0,11.0,0.0,0.0,0.0,0.0,0.0,0.0,0.0
1132,489,Sprint 29 - 6.2.1,1,14,34,42,13,13,1,1,21,21,10,16,15,17,1,10,63.0,11.0,16.0,0.0,10.0,1.380952380952381,0.0,2.2606634155355847,5.110599078341016,10.0,0.0,1.0,0.015873015873015872,0.0,0.12598815766974242,0.015873015873015872,1.0,0.0,1.0,0.8888888888888888,1.0,0.31679397554099437,0.10035842293906813,1.0,0.0,7.0,0.4444444444444444,0.0,1.1747035010640714,1.3799283154121866,7.0,0.0,0.0,0.0,0.0,0.0,0.0,0.0,0.0,0.0,0.0,0.0,0.0,0.0,0.0,0.0,7.0,0.5079365079365079,0.0,1.2164599070997604,1.4797747055811576,7.0,0.0,3.0,0.15873015873015872,0.0,0.5145103907019731,0.264720942140297,3.0,0.0,11.0,0.7142857142857143,0.0,2.0590365068170913,4.239631336405529,11.0,52.0,0.0,33.0,0.0,0.0,0.0,0.0,17.0,1.0,8.0,11.0,0.0,0.0,2.0,0.0,0.0,19.0,0.0,0.0,0.0,0.0,0.0,0.0,0.0
1132,513,6.2.2 docs,0,20,5,9,0,0,2,4,1,1,0,0,2,4,1,2,5.0,0.0,0.0,0.0,2.0,1.4,2.0,0.8944271909999159,0.8,2.0,0.0,0.0,0.0,0.0,0.0,0.0,0.0,0.0,1.0,0.4,0.0,0.5477225575051662,0.30000000000000004,1.0,0.0,18.0,4.2,1.0,7.758865896508329,60.2,18.0,0.0,0.0,0.0,0.0,0.0,0.0,0.0,0.0,0.0,0.0,0.0,0.0,0.0,0.0,0.0,6.0,1.4,0.0,2.6076809620810595,6.8,6.0,0.0,0.0,0.0,0.0,0.0,0.0,0.0,0.0,6.0,2.4,0.0,3.286335345030997,10.8,6.0,3.0,0.0,0.0,0.0,0.0,0.0,0.0,0.0,0.0,0.0,2.0,0.0,0.0,0.0,0.0,0.0,5.0,0.0,0.0,0.0,0.0,0.0,0.0,0.0
1132,515,Sprint 30 - 6.2.2,-12,11,18,42,8,8,1,1,3,3,12,32,10,14,1,6,78.0,42.0,31.0,0.0,37.0,0.9743589743589743,0.0,4.254789078583111,18.103230103230118,37.0,0.0,1.0,0.16666666666666666,0.0,0.37509017674772654,0.14069264069264076,1.0,0.0,1.0,0.782051282051282,1.0,0.4155245752788548,0.17266067266067267,1.0,0.0,9.0,0.3717948717948718,0.0,1.3397903922025618,1.7950382950382942,9.0,0.0,0.0,0.0,0.0,0.0,0.0,0.0,0.0,0.0,0.0,0.0,0.0,0.0,0.0,0.0,3.0,0.15384615384615385,0.0,0.4580286124143445,0.20979020979020982,3.0,0.0,1.0,0.038461538461538464,0.0,0.19355241528469092,0.03746253746253745,1.0,0.0,6.0,0.3974358974358974,0.0,1.14347094739036,1.3075258075258072,6.0,65.0,0.0,20.0,0.0,0.0,0.0,0.0,11.0,4.0,6.0,13.0,0.0,0.0,10.0,0.0,0.0,16.0,0.0,0.0,0.0,0.0,0.0,0.0,0.0
1132,539,Sprint 31 - 6.2.3,-25,15,12,38,9,9,0,0,10,23,6,19,5,5,1,7,66.0,43.0,22.0,0.0,34.0,1.1515151515151516,0.0,4.476407983889364,20.03822843822844,34.0,0.0,1.0,0.12121212121212122,0.0,0.32887460856458367,0.10815850815850814,1.0,0.0,1.0,0.7575757575757576,1.0,0.4318335170875304,0.18648018648018644,1.0,0.0,9.0,0.5151515151515151,0.0,1.738632745246627,3.0228438228438224,9.0,0.0,0.0,0.0,0.0,0.0,0.0,0.0,0.0,0.0,0.0,0.0,0.0,0.0,0.0,0.0,1.0,0.07575757575757576,0.0,0.26663752754548836,0.07109557109557108,1.0,0.0,1.0,0.07575757575757576,0.0,0.26663752754548836,0.07109557109557106,1.0,0.0,8.0,0.4090909090909091,0.0,1.1499467911071461,1.3223776223776222,8.0,52.0,0.0,14.0,0.0,0.0,0.0,0.0,16.0,0.0,14.0,14.0,0.0,0.0,5.0,0.0,0.0,9.0,0.0,0.0,0.0,0.0,0.0,0.0,0.0
1132,573,Sprint 32 - 6.2.4,15,14,9,16,2,2,0,0,5,5,4,11,2,2,1,7,59.0,42.0,26.0,0.0,43.0,1.2881355932203389,0.0,5.586470255208735,31.208649912331957,43.0,0.0,1.0,0.01694915254237288,0.0,0.13018891098082389,0.016949152542372885,1.0,0.0,1.0,0.5932203389830508,1.0,0.49544978059984524,0.2454704850964348,1.0,0.0,9.0,0.4406779661016949,0.0,1.4175158752462358,2.009351256575102,9.0,0.0,0.0,0.0,0.0,0.0,0.0,0.0,0.0,0.0,0.0,0.0,0.0,0.0,0.0,0.0,3.0,0.06779661016949153,0.0,0.40955849987016163,0.16773816481589718,3.0,0.0,1.0,0.0847457627118644,0.0,0.2808936228404367,0.07890122735242548,1.0,0.0,5.0,0.3389830508474576,0.0,0.9932560438644662,0.9865575686732904,5.0,50.0,0.0,6.0,0.0,0.0,0.0,0.0,11.0,2.0,7.0,9.0,0.0,0.0,2.0,0.0,0.0,11.0,0.0,0.0,0.0,0.0,0.0,0.0,0.0
1132,598,Arsenic - 6.2.5,14,21,8,19,5,5,2,2,11,22,0,0,0,0,1,8,68.0,34.0,27.0,0.0,7.0,0.9411764705882353,0.0,1.760955922059977,3.100965759438104,7.0,0.0,1.0,0.14705882352941177,0.0,0.3567977763447601,0.12730465320456547,1.0,0.0,1.0,0.9411764705882353,1.0,0.2370435403783839,0.056189640035118525,1.0,0.0,10.0,0.35294117647058826,0.0,1.3578374584803319,1.8437225636523271,10.0,0.0,0.0,0.0,0.0,0.0,0.0,0.0,0.0,0.0,0.0,0.0,0.0,0.0,0.0,0.0,2.0,0.1323529411764706,0.0,0.41982269764021446,0.17625109745390694,2.0,0.0,4.0,0.14705882352941177,0.0,0.5535423478077407,0.3064091308165057,4.0,0.0,10.0,0.8235294117647058,0.0,2.3559462811615743,5.550482879719053,10.0,55.0,0.0,15.0,0.0,0.0,0.0,0.0,8.0,6.0,6.0,13.0,0.0,0.0,2.0,0.0,0.0,19.0,0.0,0.0,0.0,0.0,0.0,0.0,0.0
1132,630,Shaquille O'Neal - 6.3,0,14,6,6,1,1,0,0,1,1,2,2,4,4,1,4,15.0,7.0,8.0,0.0,5.0,1.2,0.0,1.61245154965971,2.6,5.0,0.0,4.0,0.5333333333333333,0.0,1.0600988273786194,1.123809523809524,4.0,0.0,1.0,0.9333333333333333,1.0,0.25819888974716115,0.06666666666666668,1.0,0.0,2.0,0.26666666666666666,0.0,0.5936168397046635,0.3523809523809522,2.0,0.0,0.0,0.0,0.0,0.0,0.0,0.0,0.0,0.0,0.0,0.0,0.0,0.0,0.0,0.0,1.0,0.26666666666666666,0.0,0.4577377082170635,0.20952380952380958,1.0,0.0,1.0,0.13333333333333333,0.0,0.35186577527449836,0.12380952380952377,1.0,0.0,2.0,0.3333333333333333,0.0,0.6172133998483675,0.3809523809523808,2.0,14.0,0.0,8.0,0.0,0.0,0.0,0.0,6.0,0.0,1.0,1.0,0.0,0.0,0.0,0.0,0.0,0.0,0.0,0.0,0.0,0.0,0.0,0.0,0.0
1132,657,35mm reel,0,14,2,2,0,0,0,0,0,0,0,0,2,2,1,3,2.0,0.0,1.0,5.0,10.0,7.5,7.5,3.5355339059327378,12.5,5.0,1.0,4.0,2.5,2.5,2.1213203435596424,4.5,3.0,1.0,1.0,1.0,1.0,0.0,0.0,0.0,0.0,2.0,1.0,1.0,1.4142135623730951,2.0,2.0,0.0,0.0,0.0,0.0,0.0,0.0,0.0,0.0,0.0,0.0,0.0,0.0,0.0,0.0,3.0,3.0,3.0,3.0,0.0,0.0,0.0,0.0,0.0,0.0,0.0,0.0,0.0,0.0,2.0,5.0,3.5,3.5,2.1213203435596424,4.5,3.0,0.0,0.0,2.0,0.0,0.0,0.0,0.0,1.0,0.0,0.0,2.0,0.0,0.0,0.0,0.0,0.0,0.0,0.0,0.0,0.0,0.0,0.0,0.0,0.0
1132,692,$.krypton - 6.3.1 part 2,-3,14,0,0,8,8,1,1,4,4,0,0,3,3,1,3,9.0,0.0,1.0,0.0,9.0,1.4444444444444444,1.0,2.877112750272011,8.277777777777777,9.0,0.0,1.0,0.5555555555555556,1.0,0.5270462766947299,0.2777777777777778,1.0,0.0,1.0,0.7777777777777778,1.0,0.44095855184409843,0.19444444444444445,1.0,0.0,2.0,0.5555555555555556,0.0,0.881917103688197,0.7777777777777779,2.0,0.0,0.0,0.0,0.0,0.0,0.0,0.0,0.0,0.0,0.0,0.0,0.0,0.0,0.0,0.0,1.0,0.3333333333333333,0.0,0.5,0.25,1.0,0.0,1.0,0.4444444444444444,0.0,0.5270462766947299,0.2777777777777778,1.0,0.0,3.0,0.3333333333333333,0.0,0.9999999999999999,0.9999999999999999,3.0,1.0,0.0,9.0,0.0,0.0,0.0,0.0,2.0,0.0,1.0,8.0,0.0,0.0,5.0,0.0,0.0,0.0,0.0,0.0,0.0,0.0,0.0,0.0,0.0
1132,693,Jo's last cuppa tea,3,14,4,4,1,1,0,0,0,0,1,1,4,4,1,2,8.0,0.0,1.0,0.0,4.0,1.75,1.5,1.7525491637693282,3.0714285714285716,4.0,0.0,0.0,0.0,0.0,0.0,0.0,0.0,1.0,1.0,1.0,1.0,0.0,0.0,0.0,0.0,4.0,0.5,0.0,1.4142135623730951,2.0,4.0,0.0,0.0,0.0,0.0,0.0,0.0,0.0,0.0,0.0,0.0,0.0,0.0,0.0,0.0,0.0,1.0,0.5,0.5,0.5345224838248488,0.2857142857142857,1.0,0.0,1.0,0.625,1.0,0.5175491695067657,0.26785714285714285,1.0,0.0,2.0,0.375,0.0,0.7440238091428449,0.5535714285714286,2.0,4.0,0.0,8.0,0.0,0.0,0.0,0.0,2.0,1.0,0.0,4.0,0.0,0.0,4.0,0.0,0.0,0.0,0.0,0.0,0.0,0.0,0.0,0.0,0.0
1132,750,Reporting kick off,2,14,4,4,1,1,1,1,0,0,4,4,0,0,1,4,7.0,0.0,0.0,0.0,14.0,4.142857142857143,0.0,5.785861256216785,33.476190476190474,14.0,0.0,2.0,0.8571428571428571,1.0,0.8997354108424372,0.8095238095238093,2.0,0.0,1.0,0.7142857142857143,1.0,0.48795003647426655,0.23809523809523805,1.0,0.0,10.0,3.0,2.0,3.366501646120693,11.333333333333334,10.0,0.0,0.0,0.0,0.0,0.0,0.0,0.0,0.0,0.0,0.0,0.0,0.0,0.0,0.0,0.0,0.0,0.0,0.0,0.0,0.0,0.0,0.0,2.0,0.8571428571428571,1.0,0.6900655593423541,0.4761904761904761,2.0,0.0,2.0,0.5714285714285714,0.0,0.7867957924694432,0.6190476190476191,2.0,1.0,0.0,7.0,0.0,0.0,0.0,0.0,4.0,0.0,3.0,6.0,0.0,0.0,0.0,0.0,0.0,0.0,0.0,0.0,0.0,0.0,0.0,0.0,0.0
1132,823,Status Coathanger Reporting,1,14,1,1,1,1,0,0,1,1,0,0,1,1,1,1,3.0,0.0,0.0,0.0,2.0,1.0,1.0,1.0,1.0,2.0,0.0,0.0,0.0,0.0,0.0,0.0,0.0,1.0,1.0,1.0,1.0,0.0,0.0,0.0,0.0,1.0,0.3333333333333333,0.0,0.5773502691896258,0.33333333333333337,1.0,0.0,0.0,0.0,0.0,0.0,0.0,0.0,0.0,0.0,0.0,0.0,0.0,0.0,0.0,0.0,1.0,0.3333333333333333,0.0,0.5773502691896258,0.33333333333333337,1.0,0.0,2.0,1.0,1.0,1.0,1.0,2.0,0.0,2.0,0.6666666666666666,0.0,1.1547005383792517,1.3333333333333335,2.0,2.0,0.0,2.0,0.0,0.0,0.0,0.0,1.0,1.0,0.0,1.0,0.0,0.0,0.0,0.0,0.0,1.0,0.0,0.0,0.0,0.0,0.0,0.0,0.0
1132,824,Finish Coathanger,0,14,5,5,2,2,2,2,3,3,1,1,1,1,1,2,9.0,0.0,4.0,0.0,11.0,2.888888888888889,1.0,4.428443418528807,19.611111111111107,11.0,0.0,2.0,1.0,1.0,0.5,0.25,2.0,0.0,1.0,0.7777777777777778,1.0,0.44095855184409843,0.19444444444444445,1.0,0.0,9.0,2.888888888888889,1.0,3.551212625443753,12.61111111111111,9.0,0.0,0.0,0.0,0.0,0.0,0.0,0.0,0.0,0.0,0.0,0.0,0.0,0.0,0.0,0.0,1.0,0.2222222222222222,0.0,0.44095855184409843,0.19444444444444445,1.0,0.0,1.0,0.2222222222222222,0.0,0.44095855184409843,0.19444444444444445,1.0,0.0,11.0,1.4444444444444444,0.0,3.6438685181792407,13.277777777777777,11.0,3.0,0.0,9.0,0.0,0.0,0.0,0.0,0.0,0.0,5.0,6.0,0.0,0.0,0.0,0.0,0.0,0.0,0.0,0.0,0.0,0.0,0.0,0.0,0.0
1132,901,Two streams - M.E.,1,14,0,0,0,0,0,0,0,0,0,0,0,0,1,1,1.0,0.0,1.0,0.0,0.0,0.0,0.0,0.0,0.0,0.0,1.0,1.0,1.0,1.0,0.0,0.0,0.0,1.0,1.0,1.0,1.0,0.0,0.0,0.0,0.0,0.0,0.0,0.0,0.0,0.0,0.0,0.0,0.0,0.0,0.0,0.0,0.0,0.0,0.0,0.0,0.0,0.0,0.0,0.0,0.0,0.0,0.0,0.0,0.0,0.0,0.0,0.0,0.0,0.0,0.0,0.0,0.0,0.0,0.0,0.0,0.0,0.0,0.0,0.0,0.0,0.0,0.0,0.0,1.0,0.0,0.0,0.0,0.0,0.0,0.0,0.0,1.0,0.0,0.0,0.0,0.0,0.0,0.0,0.0,0.0,0.0,0.0,0.0,0.0,0.0
1132,956,Two streams - M.J.,1,14,1,1,0,0,0,0,1,1,0,0,0,0,1,1,3.0,0.0,0.0,0.0,1.0,0.3333333333333333,0.0,0.5773502691896258,0.33333333333333337,1.0,0.0,2.0,1.0,1.0,1.0,1.0,2.0,1.0,1.0,1.0,1.0,0.0,0.0,0.0,0.0,8.0,3.0,1.0,4.358898943540674,19.0,8.0,0.0,0.0,0.0,0.0,0.0,0.0,0.0,0.0,0.0,0.0,0.0,0.0,0.0,0.0,0.0,0.0,0.0,0.0,0.0,0.0,0.0,0.0,1.0,0.3333333333333333,0.0,0.5773502691896258,0.33333333333333337,1.0,0.0,0.0,0.0,0.0,0.0,0.0,0.0,2.0,0.0,3.0,0.0,0.0,0.0,0.0,1.0,1.0,1.0,1.0,0.0,0.0,0.0,0.0,0.0,0.0,0.0,0.0,0.0,0.0,0.0,0.0,0.0
1132,989,such christmas. such wow (ME),0,14,2,2,1,1,0,0,1,1,1,1,1,1,1,2,3.0,0.0,2.0,0.0,4.0,2.0,2.0,2.0,4.0,4.0,1.0,2.0,1.3333333333333333,1.0,0.5773502691896257,0.3333333333333333,1.0,0.0,1.0,0.6666666666666666,1.0,0.5773502691896258,0.33333333333333337,1.0,2.0,5.0,3.0,2.0,1.7320508075688772,3.0,3.0,0.0,0.0,0.0,0.0,0.0,0.0,0.0,0.0,0.0,0.0,0.0,0.0,0.0,0.0,0.0,0.0,0.0,0.0,0.0,0.0,0.0,0.0,1.0,0.3333333333333333,0.0,0.5773502691896258,0.33333333333333337,1.0,0.0,2.0,1.0,1.0,1.0,1.0,2.0,0.0,0.0,3.0,0.0,0.0,0.0,0.0,1.0,0.0,0.0,3.0,0.0,0.0,0.0,0.0,0.0,0.0,0.0,0.0,0.0,0.0,0.0,0.0,0.0
1132,999,2014s01 - ME,0,14,0,0,0,0,0,0,0,0,0,0,0,0,1,1,0.0,0.0,0.0,0.0,0.0,0.0,0.0,0.0,0.0,0.0,0.0,0.0,0.0,0.0,0.0,0.0,0.0,0.0,0.0,0.0,0.0,0.0,0.0,0.0,0.0,0.0,0.0,0.0,0.0,0.0,0.0,0.0,0.0,0.0,0.0,0.0,0.0,0.0,0.0,0.0,0.0,0.0,0.0,0.0,0.0,0.0,0.0,0.0,0.0,0.0,0.0,0.0,0.0,0.0,0.0,0.0,0.0,0.0,0.0,0.0,0.0,0.0,0.0,0.0,0.0,0.0,0.0,0.0,0.0,0.0,0.0,0.0,0.0,0.0,0.0,0.0,0.0,0.0,0.0,0.0,0.0,0.0,0.0,0.0,0.0,0.0,0.0,0.0,0.0,0.0
1132,1083,2014s02 - MJ,0,13,0,0,3,3,0,0,0,0,0,0,3,3,1,2,3.0,0.0,2.0,0.0,1.0,0.3333333333333333,0.0,0.5773502691896258,0.33333333333333337,1.0,0.0,1.0,0.6666666666666666,1.0,0.5773502691896258,0.33333333333333337,1.0,1.0,1.0,1.0,1.0,0.0,0.0,0.0,0.0,2.0,1.0,1.0,1.0,1.0,2.0,0.0,0.0,0.0,0.0,0.0,0.0,0.0,0.0,0.0,0.0,0.0,0.0,0.0,0.0,1.0,5.0,2.3333333333333335,1.0,2.3094010767585034,5.333333333333334,4.0,0.0,1.0,0.3333333333333333,0.0,0.5773502691896258,0.33333333333333337,1.0,0.0,2.0,1.0,1.0,1.0,1.0,2.0,1.0,0.0,3.0,0.0,0.0,0.0,0.0,1.0,0.0,0.0,2.0,0.0,0.0,0.0,0.0,0.0,0.0,0.0,0.0,0.0,0.0,0.0,0.0,0.0
1132,1127,2014s03 - ME,-1,14,3,3,1,1,0,0,2,2,1,1,1,1,1,1,4.0,0.0,0.0,0.0,6.0,1.5,0.0,3.0,9.0,6.0,0.0,1.0,0.5,0.5,0.5773502691896257,0.3333333333333333,1.0,1.0,1.0,1.0,1.0,0.0,0.0,0.0,0.0,1.0,0.25,0.0,0.5,0.25,1.0,0.0,0.0,0.0,0.0,0.0,0.0,0.0,0.0,0.0,0.0,0.0,0.0,0.0,0.0,0.0,1.0,0.25,0.0,0.5,0.25,1.0,0.0,2.0,1.25,1.5,0.9574271077563381,0.9166666666666666,2.0,0.0,1.0,0.5,0.5,0.5773502691896257,0.3333333333333333,1.0,2.0,0.0,4.0,0.0,0.0,0.0,0.0,3.0,0.0,0.0,2.0,0.0,0.0,1.0,0.0,0.0,0.0,0.0,0.0,0.0,0.0,0.0,0.0,0.0
1132,1128,2014s03 - MJ,0,14,0,0,1,1,0,0,0,0,0,0,1,1,1,1,1.0,0.0,0.0,0.0,0.0,0.0,0.0,0.0,0.0,0.0,0.0,0.0,0.0,0.0,0.0,0.0,0.0,1.0,1.0,1.0,1.0,0.0,0.0,0.0,0.0,0.0,0.0,0.0,0.0,0.0,0.0,0.0,0.0,0.0,0.0,0.0,0.0,0.0,0.0,0.0,0.0,0.0,0.0,0.0,0.0,1.0,1.0,1.0,1.0,0.0,0.0,0.0,1.0,1.0,1.0,1.0,0.0,0.0,0.0,0.0,0.0,0.0,0.0,0.0,0.0,0.0,0.0,0.0,0.0,0.0,0.0,0.0,0.0,0.0,0.0,0.0,1.0,0.0,0.0,0.0,0.0,0.0,1.0,0.0,0.0,0.0,0.0,0.0,0.0,0.0
1132,1167,2014s04 - Lexo Plus,1,14,2,2,0,0,0,0,2,2,0,0,0,0,1,2,4.0,0.0,0.0,0.0,4.0,1.75,1.5,2.0615528128088303,4.25,4.0,0.0,2.0,0.75,0.5,0.9574271077563381,0.9166666666666666,2.0,1.0,2.0,1.5,1.5,0.5773502691896257,0.3333333333333333,1.0,0.0,1.0,0.75,1.0,0.5,0.25,1.0,0.0,0.0,0.0,0.0,0.0,0.0,0.0,0.0,0.0,0.0,0.0,0.0,0.0,0.0,0.0,0.0,0.0,0.0,0.0,0.0,0.0,0.0,2.0,1.0,1.0,1.1547005383792515,1.3333333333333333,2.0,0.0,4.0,1.5,1.0,1.7320508075688772,3.0,4.0,1.0,0.0,4.0,0.0,0.0,0.0,0.0,2.0,0.0,1.0,3.0,0.0,0.0,1.0,0.0,0.0,0.0,0.0,0.0,0.0,0.0,0.0,0.0,0.0
1132,1168,2014s04 - Reports,1,14,0,0,0,0,0,0,0,0,0,0,0,0,1,1,1.0,0.0,0.0,2.0,2.0,2.0,2.0,0.0,0.0,0.0,1.0,1.0,1.0,1.0,0.0,0.0,0.0,1.0,1.0,1.0,1.0,0.0,0.0,0.0,2.0,2.0,2.0,2.0,0.0,0.0,0.0,0.0,0.0,0.0,0.0,0.0,0.0,0.0,0.0,0.0,0.0,0.0,0.0,0.0,0.0,0.0,0.0,0.0,0.0,0.0,0.0,0.0,1.0,1.0,1.0,1.0,0.0,0.0,0.0,3.0,3.0,3.0,3.0,0.0,0.0,0.0,0.0,0.0,1.0,0.0,0.0,0.0,0.0,1.0,0.0,0.0,1.0,0.0,0.0,0.0,0.0,0.0,0.0,0.0,0.0,0.0,0.0,0.0,0.0,0.0
1132,1200,2014s05 - Lexo Plus,0,14,1,1,0,0,0,0,0,0,1,1,0,0,1,1,3.0,0.0,0.0,0.0,4.0,1.3333333333333333,0.0,2.3094010767585034,5.333333333333334,4.0,0.0,1.0,0.6666666666666666,1.0,0.5773502691896258,0.33333333333333337,1.0,1.0,1.0,1.0,1.0,0.0,0.0,0.0,0.0,1.0,0.6666666666666666,1.0,0.5773502691896258,0.33333333333333337,1.0,0.0,0.0,0.0,0.0,0.0,0.0,0.0,0.0,0.0,0.0,0.0,0.0,0.0,0.0,0.0,0.0,0.0,0.0,0.0,0.0,0.0,0.0,2.0,0.6666666666666666,0.0,1.1547005383792517,1.3333333333333335,2.0,0.0,1.0,0.3333333333333333,0.0,0.5773502691896258,0.33333333333333337,1.0,0.0,0.0,3.0,0.0,0.0,0.0,0.0,2.0,0.0,1.0,3.0,0.0,0.0,0.0,0.0,0.0,0.0,0.0,0.0,0.0,0.0,0.0,0.0,0.0
1132,1201,2014s05 - Reports,2,14,0,0,0,0,0,0,0,0,0,0,0,0,1,1,2.0,0.0,1.0,0.0,2.0,1.0,1.0,1.4142135623730951,2.0,2.0,0.0,1.0,0.5,0.5,0.7071067811865476,0.5,1.0,1.0,1.0,1.0,1.0,0.0,0.0,0.0,0.0,5.0,2.5,2.5,3.5355339059327378,12.5,5.0,0.0,0.0,0.0,0.0,0.0,0.0,0.0,0.0,0.0,0.0,0.0,0.0,0.0,0.0,0.0,2.0,1.0,1.0,1.4142135623730951,2.0,2.0,0.0,0.0,0.0,0.0,0.0,0.0,0.0,1.0,6.0,3.5,3.5,3.5355339059327378,12.5,5.0,1.0,0.0,2.0,0.0,0.0,0.0,0.0,1.0,0.0,0.0,1.0,0.0,0.0,0.0,0.0,0.0,0.0,0.0,0.0,0.0,0.0,0.0,0.0,0.0
1132,1246,2014s06 - Reports,1,11,0,0,0,0,0,0,0,0,0,0,0,0,1,1,1.0,0.0,0.0,1.0,1.0,1.0,1.0,0.0,0.0,0.0,0.0,0.0,0.0,0.0,0.0,0.0,0.0,1.0,1.0,1.0,1.0,0.0,0.0,0.0,1.0,1.0,1.0,1.0,0.0,0.0,0.0,0.0,0.0,0.0,0.0,0.0,0.0,0.0,0.0,0.0,0.0,0.0,0.0,0.0,0.0,0.0,0.0,0.0,0.0,0.0,0.0,0.0,0.0,0.0,0.0,0.0,0.0,0.0,0.0,0.0,0.0,0.0,0.0,0.0,0.0,0.0,0.0,0.0,1.0,0.0,0.0,0.0,0.0,1.0,0.0,0.0,1.0,0.0,0.0,0.0,0.0,0.0,0.0,0.0,0.0,0.0,0.0,0.0,0.0,0.0
1132,1252,2014s06 - Lexo Plus,1,11,1,1,0,0,0,0,1,1,0,0,0,0,1,1,3.0,0.0,1.0,0.0,4.0,2.6666666666666665,4.0,2.3094010767585034,5.333333333333334,4.0,0.0,1.0,0.3333333333333333,0.0,0.5773502691896258,0.33333333333333337,1.0,1.0,1.0,1.0,1.0,0.0,0.0,0.0,1.0,1.0,1.0,1.0,0.0,0.0,0.0,0.0,0.0,0.0,0.0,0.0,0.0,0.0,0.0,0.0,0.0,0.0,0.0,0.0,0.0,0.0,0.0,0.0,0.0,0.0,0.0,0.0,0.0,2.0,1.3333333333333333,2.0,1.1547005383792517,1.3333333333333335,2.0,0.0,1.0,0.3333333333333333,0.0,0.5773502691896258,0.33333333333333337,1.0,2.0,0.0,3.0,0.0,0.0,0.0,0.0,2.0,0.0,0.0,1.0,0.0,0.0,0.0,0.0,0.0,0.0,0.0,0.0,0.0,0.0,0.0,0.0,0.0
1132,1305,2014s08 - Reports Plus,0,14,2,2,0,0,0,0,2,2,0,0,0,0,1,3,3.0,0.0,0.0,0.0,17.0,5.666666666666667,0.0,9.814954576223638,96.33333333333333,17.0,0.0,2.0,1.0,1.0,1.0,1.0,2.0,1.0,1.0,1.0,1.0,0.0,0.0,0.0,0.0,4.0,1.3333333333333333,0.0,2.3094010767585034,5.333333333333334,4.0,0.0,0.0,0.0,0.0,0.0,0.0,0.0,0.0,0.0,0.0,0.0,0.0,0.0,0.0,0.0,1.0,0.6666666666666666,1.0,0.5773502691896258,0.33333333333333337,1.0,0.0,1.0,0.3333333333333333,0.0,0.5773502691896258,0.33333333333333337,1.0,0.0,10.0,3.6666666666666665,1.0,5.507570547286102,30.333333333333336,10.0,1.0,0.0,3.0,0.0,0.0,0.0,0.0,3.0,0.0,0.0,2.0,0.0,0.0,0.0,0.0,0.0,0.0,0.0,0.0,0.0,0.0,0.0,0.0,0.0
1132,1342,2014s09 - Reports are go!,4,14,1,1,0,0,0,0,0,0,1,1,0,0,1,2,5.0,0.0,0.0,0.0,17.0,3.4,0.0,7.602631123499285,57.8,17.0,0.0,2.0,1.0,1.0,0.7071067811865476,0.5,2.0,1.0,1.0,1.0,1.0,0.0,0.0,0.0,0.0,4.0,2.0,2.0,1.5811388300841898,2.5,4.0,0.0,0.0,0.0,0.0,0.0,0.0,0.0,0.0,0.0,0.0,0.0,0.0,0.0,0.0,0.0,0.0,0.0,0.0,0.0,0.0,0.0,0.0,1.0,0.2,0.0,0.447213595499958,0.20000000000000004,1.0,0.0,11.0,2.2,0.0,4.919349550499538,24.200000000000003,11.0,0.0,0.0,4.0,0.0,0.0,0.0,0.0,2.0,0.0,2.0,5.0,0.0,0.0,0.0,0.0,0.0,1.0,0.0,0.0,0.0,0.0,0.0,0.0,0.0
1150,844,Enterprise Sprint 22,0,9,0,0,0,0,0,0,0,0,0,0,0,0,1,1,1.0,0.0,0.0,1.0,1.0,1.0,1.0,0.0,0.0,0.0,1.0,1.0,1.0,1.0,0.0,0.0,0.0,1.0,1.0,1.0,1.0,0.0,0.0,0.0,0.0,0.0,0.0,0.0,0.0,0.0,0.0,0.0,0.0,0.0,0.0,0.0,0.0,0.0,0.0,0.0,0.0,0.0,0.0,0.0,0.0,0.0,0.0,0.0,0.0,0.0,0.0,0.0,0.0,0.0,0.0,0.0,0.0,0.0,0.0,1.0,1.0,1.0,1.0,0.0,0.0,0.0,0.0,0.0,1.0,0.0,0.0,0.0,0.0,0.0,1.0,0.0,1.0,0.0,0.0,0.0,0.0,0.0,0.0,0.0,0.0,0.0,0.0,0.0,0.0,0.0
1150,877,Enterprise Sprint 23,-3,13,0,0,1,3,0,0,0,0,1,3,0,0,1,1,1.0,0.0,0.0,2.0,2.0,2.0,2.0,0.0,0.0,0.0,1.0,1.0,1.0,1.0,0.0,0.0,0.0,1.0,1.0,1.0,1.0,0.0,0.0,0.0,0.0,0.0,0.0,0.0,0.0,0.0,0.0,0.0,0.0,0.0,0.0,0.0,0.0,0.0,0.0,0.0,0.0,0.0,0.0,0.0,0.0,1.0,1.0,1.0,1.0,0.0,0.0,0.0,0.0,0.0,0.0,0.0,0.0,0.0,0.0,2.0,2.0,2.0,2.0,0.0,0.0,0.0,0.0,0.0,1.0,0.0,0.0,0.0,0.0,0.0,1.0,0.0,1.0,0.0,0.0,0.0,0.0,0.0,0.0,0.0,0.0,0.0,0.0,0.0,0.0,0.0
1150,900,Page Banner Finale,0,7,0,0,0,0,0,0,0,0,0,0,0,0,1,1,0.0,0.0,0.0,0.0,0.0,0.0,0.0,0.0,0.0,0.0,0.0,0.0,0.0,0.0,0.0,0.0,0.0,0.0,0.0,0.0,0.0,0.0,0.0,0.0,0.0,0.0,0.0,0.0,0.0,0.0,0.0,0.0,0.0,0.0,0.0,0.0,0.0,0.0,0.0,0.0,0.0,0.0,0.0,0.0,0.0,0.0,0.0,0.0,0.0,0.0,0.0,0.0,0.0,0.0,0.0,0.0,0.0,0.0,0.0,0.0,0.0,0.0,0.0,0.0,0.0,0.0,0.0,0.0,0.0,0.0,0.0,0.0,0.0,0.0,0.0,0.0,0.0,0.0,0.0,0.0,0.0,0.0,0.0,0.0,0.0,0.0,0.0,0.0,0.0,0.0
1150,902,Enterprise Sprint 23,0,14,1,3,0,0,0,0,0,0,0,0,1,3,1,1,1.0,0.0,0.0,2.0,2.0,2.0,2.0,0.0,0.0,0.0,1.0,1.0,1.0,1.0,0.0,0.0,0.0,1.0,1.0,1.0,1.0,0.0,0.0,0.0,0.0,0.0,0.0,0.0,0.0,0.0,0.0,0.0,0.0,0.0,0.0,0.0,0.0,0.0,0.0,0.0,0.0,0.0,0.0,0.0,0.0,1.0,1.0,1.0,1.0,0.0,0.0,0.0,0.0,0.0,0.0,0.0,0.0,0.0,0.0,2.0,2.0,2.0,2.0,0.0,0.0,0.0,0.0,0.0,1.0,0.0,0.0,0.0,0.0,0.0,1.0,0.0,1.0,0.0,0.0,0.0,0.0,0.0,0.0,0.0,0.0,0.0,0.0,0.0,0.0,0.0
1150,922,Enterprise Sprint 24,-3,14,1,3,0,0,0,0,1,3,0,0,0,0,1,1,1.0,0.0,0.0,0.0,0.0,0.0,0.0,0.0,0.0,0.0,2.0,2.0,2.0,2.0,0.0,0.0,0.0,0.0,0.0,0.0,0.0,0.0,0.0,0.0,0.0,0.0,0.0,0.0,0.0,0.0,0.0,0.0,0.0,0.0,0.0,0.0,0.0,0.0,0.0,0.0,0.0,0.0,0.0,0.0,0.0,0.0,0.0,0.0,0.0,0.0,0.0,0.0,0.0,0.0,0.0,0.0,0.0,0.0,0.0,2.0,2.0,2.0,2.0,0.0,0.0,0.0,1.0,0.0,0.0,1.0,0.0,0.0,0.0,0.0,0.0,0.0,0.0,0.0,0.0,0.0,0.0,0.0,0.0,0.0,0.0,0.0,0.0,0.0,0.0,0.0
1150,979,Enterprise Sprint 25,-3,14,1,3,0,0,0,0,1,3,0,0,0,0,1,1,1.0,0.0,0.0,0.0,0.0,0.0,0.0,0.0,0.0,0.0,2.0,2.0,2.0,2.0,0.0,0.0,0.0,0.0,0.0,0.0,0.0,0.0,0.0,0.0,0.0,0.0,0.0,0.0,0.0,0.0,0.0,0.0,0.0,0.0,0.0,0.0,0.0,0.0,0.0,0.0,0.0,0.0,0.0,0.0,0.0,0.0,0.0,0.0,0.0,0.0,0.0,0.0,0.0,0.0,0.0,0.0,0.0,0.0,0.0,2.0,2.0,2.0,2.0,0.0,0.0,0.0,1.0,0.0,0.0,1.0,0.0,0.0,0.0,0.0,0.0,0.0,0.0,0.0,0.0,0.0,0.0,0.0,0.0,0.0,0.0,0.0,0.0,0.0,0.0,0.0
1150,1016,Enterprise Sprint 26,-3,13,1,3,0,0,0,0,1,3,0,0,0,0,1,1,1.0,0.0,0.0,0.0,0.0,0.0,0.0,0.0,0.0,0.0,2.0,2.0,2.0,2.0,0.0,0.0,0.0,0.0,0.0,0.0,0.0,0.0,0.0,0.0,0.0,0.0,0.0,0.0,0.0,0.0,0.0,0.0,0.0,0.0,0.0,0.0,0.0,0.0,0.0,0.0,0.0,0.0,0.0,0.0,0.0,0.0,0.0,0.0,0.0,0.0,0.0,0.0,0.0,0.0,0.0,0.0,0.0,0.0,0.0,2.0,2.0,2.0,2.0,0.0,0.0,0.0,1.0,0.0,0.0,1.0,0.0,0.0,0.0,0.0,0.0,0.0,0.0,0.0,0.0,0.0,0.0,0.0,0.0,0.0,0.0,0.0,0.0,0.0,0.0,0.0
1150,1048,Enterprise Sprint 2014-01,0,14,0,0,0,0,0,0,0,0,0,0,0,0,1,1,0.0,0.0,0.0,0.0,0.0,0.0,0.0,0.0,0.0,0.0,0.0,0.0,0.0,0.0,0.0,0.0,0.0,0.0,0.0,0.0,0.0,0.0,0.0,0.0,0.0,0.0,0.0,0.0,0.0,0.0,0.0,0.0,0.0,0.0,0.0,0.0,0.0,0.0,0.0,0.0,0.0,0.0,0.0,0.0,0.0,0.0,0.0,0.0,0.0,0.0,0.0,0.0,0.0,0.0,0.0,0.0,0.0,0.0,0.0,0.0,0.0,0.0,0.0,0.0,0.0,0.0,0.0,0.0,0.0,0.0,0.0,0.0,0.0,0.0,0.0,0.0,0.0,0.0,0.0,0.0,0.0,0.0,0.0,0.0,0.0,0.0,0.0,0.0,0.0,0.0
1150,1096,Enterprise Sprint 2014-02,0,13,0,0,0,0,0,0,0,0,0,0,0,0,1,1,0.0,0.0,0.0,0.0,0.0,0.0,0.0,0.0,0.0,0.0,0.0,0.0,0.0,0.0,0.0,0.0,0.0,0.0,0.0,0.0,0.0,0.0,0.0,0.0,0.0,0.0,0.0,0.0,0.0,0.0,0.0,0.0,0.0,0.0,0.0,0.0,0.0,0.0,0.0,0.0,0.0,0.0,0.0,0.0,0.0,0.0,0.0,0.0,0.0,0.0,0.0,0.0,0.0,0.0,0.0,0.0,0.0,0.0,0.0,0.0,0.0,0.0,0.0,0.0,0.0,0.0,0.0,0.0,0.0,0.0,0.0,0.0,0.0,0.0,0.0,0.0,0.0,0.0,0.0,0.0,0.0,0.0,0.0,0.0,0.0,0.0,0.0,0.0,0.0,0.0
1159,844,Enterprise Sprint 22,0,9,0,0,0,0,0,0,0,0,0,0,0,0,1,1,1.0,0.0,0.0,1.0,1.0,1.0,1.0,0.0,0.0,0.0,1.0,1.0,1.0,1.0,0.0,0.0,0.0,1.0,1.0,1.0,1.0,0.0,0.0,0.0,0.0,0.0,0.0,0.0,0.0,0.0,0.0,0.0,0.0,0.0,0.0,0.0,0.0,0.0,0.0,0.0,0.0,0.0,0.0,0.0,0.0,0.0,0.0,0.0,0.0,0.0,0.0,0.0,0.0,0.0,0.0,0.0,0.0,0.0,0.0,1.0,1.0,1.0,1.0,0.0,0.0,0.0,0.0,0.0,1.0,0.0,0.0,0.0,0.0,0.0,1.0,0.0,1.0,0.0,0.0,0.0,0.0,0.0,0.0,0.0,0.0,0.0,0.0,0.0,0.0,0.0
1159,877,Enterprise Sprint 23,-3,13,0,0,1,3,0,0,0,0,1,3,0,0,1,1,1.0,0.0,0.0,2.0,2.0,2.0,2.0,0.0,0.0,0.0,1.0,1.0,1.0,1.0,0.0,0.0,0.0,1.0,1.0,1.0,1.0,0.0,0.0,0.0,0.0,0.0,0.0,0.0,0.0,0.0,0.0,0.0,0.0,0.0,0.0,0.0,0.0,0.0,0.0,0.0,0.0,0.0,0.0,0.0,0.0,1.0,1.0,1.0,1.0,0.0,0.0,0.0,0.0,0.0,0.0,0.0,0.0,0.0,0.0,2.0,2.0,2.0,2.0,0.0,0.0,0.0,0.0,0.0,1.0,0.0,0.0,0.0,0.0,0.0,1.0,0.0,1.0,0.0,0.0,0.0,0.0,0.0,0.0,0.0,0.0,0.0,0.0,0.0,0.0,0.0
1159,900,Page Banner Finale,0,7,0,0,0,0,0,0,0,0,0,0,0,0,1,1,0.0,0.0,0.0,0.0,0.0,0.0,0.0,0.0,0.0,0.0,0.0,0.0,0.0,0.0,0.0,0.0,0.0,0.0,0.0,0.0,0.0,0.0,0.0,0.0,0.0,0.0,0.0,0.0,0.0,0.0,0.0,0.0,0.0,0.0,0.0,0.0,0.0,0.0,0.0,0.0,0.0,0.0,0.0,0.0,0.0,0.0,0.0,0.0,0.0,0.0,0.0,0.0,0.0,0.0,0.0,0.0,0.0,0.0,0.0,0.0,0.0,0.0,0.0,0.0,0.0,0.0,0.0,0.0,0.0,0.0,0.0,0.0,0.0,0.0,0.0,0.0,0.0,0.0,0.0,0.0,0.0,0.0,0.0,0.0,0.0,0.0,0.0,0.0,0.0,0.0
1159,902,Enterprise Sprint 23,0,14,1,3,0,0,0,0,0,0,0,0,1,3,1,1,1.0,0.0,0.0,2.0,2.0,2.0,2.0,0.0,0.0,0.0,1.0,1.0,1.0,1.0,0.0,0.0,0.0,1.0,1.0,1.0,1.0,0.0,0.0,0.0,0.0,0.0,0.0,0.0,0.0,0.0,0.0,0.0,0.0,0.0,0.0,0.0,0.0,0.0,0.0,0.0,0.0,0.0,0.0,0.0,0.0,1.0,1.0,1.0,1.0,0.0,0.0,0.0,0.0,0.0,0.0,0.0,0.0,0.0,0.0,2.0,2.0,2.0,2.0,0.0,0.0,0.0,0.0,0.0,1.0,0.0,0.0,0.0,0.0,0.0,1.0,0.0,1.0,0.0,0.0,0.0,0.0,0.0,0.0,0.0,0.0,0.0,0.0,0.0,0.0,0.0
1159,922,Enterprise Sprint 24,-3,14,1,3,0,0,0,0,1,3,0,0,0,0,1,1,1.0,0.0,0.0,0.0,0.0,0.0,0.0,0.0,0.0,0.0,2.0,2.0,2.0,2.0,0.0,0.0,0.0,0.0,0.0,0.0,0.0,0.0,0.0,0.0,0.0,0.0,0.0,0.0,0.0,0.0,0.0,0.0,0.0,0.0,0.0,0.0,0.0,0.0,0.0,0.0,0.0,0.0,0.0,0.0,0.0,0.0,0.0,0.0,0.0,0.0,0.0,0.0,0.0,0.0,0.0,0.0,0.0,0.0,0.0,2.0,2.0,2.0,2.0,0.0,0.0,0.0,1.0,0.0,0.0,1.0,0.0,0.0,0.0,0.0,0.0,0.0,0.0,0.0,0.0,0.0,0.0,0.0,0.0,0.0,0.0,0.0,0.0,0.0,0.0,0.0
1159,979,Enterprise Sprint 25,-3,14,1,3,0,0,0,0,1,3,0,0,0,0,1,1,1.0,0.0,0.0,0.0,0.0,0.0,0.0,0.0,0.0,0.0,2.0,2.0,2.0,2.0,0.0,0.0,0.0,0.0,0.0,0.0,0.0,0.0,0.0,0.0,0.0,0.0,0.0,0.0,0.0,0.0,0.0,0.0,0.0,0.0,0.0,0.0,0.0,0.0,0.0,0.0,0.0,0.0,0.0,0.0,0.0,0.0,0.0,0.0,0.0,0.0,0.0,0.0,0.0,0.0,0.0,0.0,0.0,0.0,0.0,2.0,2.0,2.0,2.0,0.0,0.0,0.0,1.0,0.0,0.0,1.0,0.0,0.0,0.0,0.0,0.0,0.0,0.0,0.0,0.0,0.0,0.0,0.0,0.0,0.0,0.0,0.0,0.0,0.0,0.0,0.0
1159,1016,Enterprise Sprint 26,-3,13,1,3,0,0,0,0,1,3,0,0,0,0,1,1,1.0,0.0,0.0,0.0,0.0,0.0,0.0,0.0,0.0,0.0,2.0,2.0,2.0,2.0,0.0,0.0,0.0,0.0,0.0,0.0,0.0,0.0,0.0,0.0,0.0,0.0,0.0,0.0,0.0,0.0,0.0,0.0,0.0,0.0,0.0,0.0,0.0,0.0,0.0,0.0,0.0,0.0,0.0,0.0,0.0,0.0,0.0,0.0,0.0,0.0,0.0,0.0,0.0,0.0,0.0,0.0,0.0,0.0,0.0,2.0,2.0,2.0,2.0,0.0,0.0,0.0,1.0,0.0,0.0,1.0,0.0,0.0,0.0,0.0,0.0,0.0,0.0,0.0,0.0,0.0,0.0,0.0,0.0,0.0,0.0,0.0,0.0,0.0,0.0,0.0
1159,1048,Enterprise Sprint 2014-01,0,14,0,0,0,0,0,0,0,0,0,0,0,0,1,1,0.0,0.0,0.0,0.0,0.0,0.0,0.0,0.0,0.0,0.0,0.0,0.0,0.0,0.0,0.0,0.0,0.0,0.0,0.0,0.0,0.0,0.0,0.0,0.0,0.0,0.0,0.0,0.0,0.0,0.0,0.0,0.0,0.0,0.0,0.0,0.0,0.0,0.0,0.0,0.0,0.0,0.0,0.0,0.0,0.0,0.0,0.0,0.0,0.0,0.0,0.0,0.0,0.0,0.0,0.0,0.0,0.0,0.0,0.0,0.0,0.0,0.0,0.0,0.0,0.0,0.0,0.0,0.0,0.0,0.0,0.0,0.0,0.0,0.0,0.0,0.0,0.0,0.0,0.0,0.0,0.0,0.0,0.0,0.0,0.0,0.0,0.0,0.0,0.0,0.0
1159,1096,Enterprise Sprint 2014-02,0,13,0,0,0,0,0,0,0,0,0,0,0,0,1,1,0.0,0.0,0.0,0.0,0.0,0.0,0.0,0.0,0.0,0.0,0.0,0.0,0.0,0.0,0.0,0.0,0.0,0.0,0.0,0.0,0.0,0.0,0.0,0.0,0.0,0.0,0.0,0.0,0.0,0.0,0.0,0.0,0.0,0.0,0.0,0.0,0.0,0.0,0.0,0.0,0.0,0.0,0.0,0.0,0.0,0.0,0.0,0.0,0.0,0.0,0.0,0.0,0.0,0.0,0.0,0.0,0.0,0.0,0.0,0.0,0.0,0.0,0.0,0.0,0.0,0.0,0.0,0.0,0.0,0.0,0.0,0.0,0.0,0.0,0.0,0.0,0.0,0.0,0.0,0.0,0.0,0.0,0.0,0.0,0.0,0.0,0.0,0.0,0.0,0.0
1163,1,Sprint 1,0,0,0,0,0,0,0,0,0,0,0,0,0,0,1,1,6.0,6.0,6.0,0.0,0.0,0.0,0.0,0.0,0.0,0.0,0.0,1.0,0.16666666666666666,0.0,0.408248290463863,0.16666666666666669,1.0,0.0,2.0,1.1666666666666667,1.5,0.9831920802501751,0.9666666666666668,2.0,0.0,1.0,0.16666666666666666,0.0,0.408248290463863,0.16666666666666669,1.0,0.0,0.0,0.0,0.0,0.0,0.0,0.0,0.0,0.0,0.0,0.0,0.0,0.0,0.0,0.0,0.0,0.0,0.0,0.0,0.0,0.0,0.0,0.0,0.0,0.0,0.0,0.0,0.0,0.0,0.0,0.0,0.0,0.0,0.0,0.0,6.0,0.0,0.0,0.0,0.0,0.0,0.0,0.0,0.0,0.0,0.0,0.0,0.0,0.0,0.0,0.0,0.0,0.0,0.0,0.0,0.0,0.0,0.0,0.0
1163,2,Sprint 1,0,0,0,0,0,0,0,0,0,0,0,0,0,0,1,1,0.0,0.0,0.0,0.0,0.0,0.0,0.0,0.0,0.0,0.0,0.0,0.0,0.0,0.0,0.0,0.0,0.0,0.0,0.0,0.0,0.0,0.0,0.0,0.0,0.0,0.0,0.0,0.0,0.0,0.0,0.0,0.0,0.0,0.0,0.0,0.0,0.0,0.0,0.0,0.0,0.0,0.0,0.0,0.0,0.0,0.0,0.0,0.0,0.0,0.0,0.0,0.0,0.0,0.0,0.0,0.0,0.0,0.0,0.0,0.0,0.0,0.0,0.0,0.0,0.0,0.0,0.0,0.0,0.0,0.0,0.0,0.0,0.0,0.0,0.0,0.0,0.0,0.0,0.0,0.0,0.0,0.0,0.0,0.0,0.0,0.0,0.0,0.0,0.0,0.0
1163,4,Sprint 2,0,11,0,0,0,0,0,0,0,0,0,0,0,0,1,1,0.0,0.0,0.0,0.0,0.0,0.0,0.0,0.0,0.0,0.0,0.0,0.0,0.0,0.0,0.0,0.0,0.0,0.0,0.0,0.0,0.0,0.0,0.0,0.0,0.0,0.0,0.0,0.0,0.0,0.0,0.0,0.0,0.0,0.0,0.0,0.0,0.0,0.0,0.0,0.0,0.0,0.0,0.0,0.0,0.0,0.0,0.0,0.0,0.0,0.0,0.0,0.0,0.0,0.0,0.0,0.0,0.0,0.0,0.0,0.0,0.0,0.0,0.0,0.0,0.0,0.0,0.0,0.0,0.0,0.0,0.0,0.0,0.0,0.0,0.0,0.0,0.0,0.0,0.0,0.0,0.0,0.0,0.0,0.0,0.0,0.0,0.0,0.0,0.0,0.0
1163,10,Sprint 2,0,14,0,0,0,0,0,0,0,0,0,0,0,0,1,1,14.0,10.0,10.0,0.0,1.0,0.14285714285714285,0.0,0.3631365196012815,0.1318681318681319,1.0,0.0,1.0,0.07142857142857142,0.0,0.26726124191242434,0.07142857142857141,1.0,0.0,2.0,0.8571428571428571,0.0,1.027105182026191,1.054945054945055,2.0,0.0,0.0,0.0,0.0,0.0,0.0,0.0,0.0,0.0,0.0,0.0,0.0,0.0,0.0,0.0,0.0,0.0,0.0,0.0,0.0,0.0,0.0,2.0,0.42857142857142855,0.0,0.8516306272526404,0.7252747252747257,2.0,0.0,0.0,0.0,0.0,0.0,0.0,0.0,0.0,0.0,0.0,0.0,0.0,0.0,0.0,14.0,4.0,0.0,0.0,0.0,0.0,0.0,3.0,1.0,0.0,0.0,0.0,0.0,0.0,0.0,0.0,0.0,0.0,0.0,0.0,0.0,0.0,0.0,0.0
1163,20,1.1-M2-test-r,0,14,0,0,0,0,0,0,0,0,0,0,0,0,1,1,0.0,0.0,0.0,0.0,0.0,0.0,0.0,0.0,0.0,0.0,0.0,0.0,0.0,0.0,0.0,0.0,0.0,0.0,0.0,0.0,0.0,0.0,0.0,0.0,0.0,0.0,0.0,0.0,0.0,0.0,0.0,0.0,0.0,0.0,0.0,0.0,0.0,0.0,0.0,0.0,0.0,0.0,0.0,0.0,0.0,0.0,0.0,0.0,0.0,0.0,0.0,0.0,0.0,0.0,0.0,0.0,0.0,0.0,0.0,0.0,0.0,0.0,0.0,0.0,0.0,0.0,0.0,0.0,0.0,0.0,0.0,0.0,0.0,0.0,0.0,0.0,0.0,0.0,0.0,0.0,0.0,0.0,0.0,0.0,0.0,0.0,0.0,0.0,0.0,0.0
1163,21,1.1-M2-Fire,0,4,0,0,0,0,0,0,0,0,0,0,0,0,1,1,0.0,0.0,0.0,0.0,0.0,0.0,0.0,0.0,0.0,0.0,0.0,0.0,0.0,0.0,0.0,0.0,0.0,0.0,0.0,0.0,0.0,0.0,0.0,0.0,0.0,0.0,0.0,0.0,0.0,0.0,0.0,0.0,0.0,0.0,0.0,0.0,0.0,0.0,0.0,0.0,0.0,0.0,0.0,0.0,0.0,0.0,0.0,0.0,0.0,0.0,0.0,0.0,0.0,0.0,0.0,0.0,0.0,0.0,0.0,0.0,0.0,0.0,0.0,0.0,0.0,0.0,0.0,0.0,0.0,0.0,0.0,0.0,0.0,0.0,0.0,0.0,0.0,0.0,0.0,0.0,0.0,0.0,0.0,0.0,0.0,0.0,0.0,0.0,0.0,0.0
1163,1790,3.7-m4,0,21,0,0,0,0,0,0,0,0,0,0,0,0,1,1,1.0,0.0,0.0,0.0,0.0,0.0,0.0,0.0,0.0,0.0,1.0,1.0,1.0,1.0,0.0,0.0,0.0,1.0,1.0,1.0,1.0,0.0,0.0,0.0,0.0,0.0,0.0,0.0,0.0,0.0,0.0,0.0,0.0,0.0,0.0,0.0,0.0,0.0,0.0,0.0,0.0,0.0,0.0,0.0,0.0,0.0,0.0,0.0,0.0,0.0,0.0,0.0,0.0,0.0,0.0,0.0,0.0,0.0,0.0,1.0,1.0,1.0,1.0,0.0,0.0,0.0,1.0,0.0,0.0,0.0,0.0,1.0,0.0,0.0,1.0,0.0,0.0,0.0,0.0,0.0,0.0,0.0,0.0,0.0,0.0,0.0,0.0,0.0,0.0,0.0
1193,128,Sprint 8,-3,6,1,3,0,0,0,0,1,3,0,0,0,0,2,1,1.0,0.0,0.0,2.0,2.0,2.0,2.0,0.0,0.0,0.0,1.0,1.0,1.0,1.0,0.0,0.0,0.0,0.0,0.0,0.0,0.0,0.0,0.0,0.0,2.0,2.0,2.0,2.0,0.0,0.0,0.0,0.0,0.0,0.0,0.0,0.0,0.0,0.0,0.0,0.0,0.0,0.0,0.0,0.0,0.0,0.0,0.0,0.0,0.0,0.0,0.0,0.0,0.0,0.0,0.0,0.0,0.0,0.0,0.0,0.0,0.0,0.0,0.0,0.0,0.0,0.0,0.0,0.0,1.0,0.0,0.0,0.0,0.0,1.0,0.0,0.0,1.0,0.0,0.0,0.0,0.0,0.0,0.0,0.0,0.0,0.0,0.0,0.0,0.0,0.0
1193,136,Sprint 9,0,7,1,3,1,3,0,0,0,0,0,0,2,6,2,1,2.0,0.0,1.0,1.0,3.0,2.0,2.0,1.4142135623730951,2.0,2.0,1.0,3.0,2.0,2.0,1.4142135623730951,2.0,2.0,0.0,0.0,0.0,0.0,0.0,0.0,0.0,1.0,2.0,1.5,1.5,0.7071067811865476,0.5,1.0,0.0,0.0,0.0,0.0,0.0,0.0,0.0,0.0,0.0,0.0,0.0,0.0,0.0,0.0,0.0,0.0,0.0,0.0,0.0,0.0,0.0,0.0,0.0,0.0,0.0,0.0,0.0,0.0,0.0,1.0,0.5,0.5,0.7071067811865476,0.5,1.0,0.0,0.0,2.0,0.0,0.0,0.0,0.0,1.0,0.0,0.0,2.0,0.0,0.0,0.0,0.0,0.0,0.0,0.0,0.0,0.0,0.0,0.0,0.0,0.0
1193,393,5.0.x Sprint 1,-3,14,1,3,0,0,0,0,1,3,0,0,0,0,2,1,3.0,2.0,2.0,0.0,1.0,0.3333333333333333,0.0,0.5773502691896258,0.33333333333333337,1.0,0.0,0.0,0.0,0.0,0.0,0.0,0.0,0.0,1.0,0.6666666666666666,1.0,0.5773502691896258,0.33333333333333337,1.0,0.0,1.0,0.3333333333333333,0.0,0.5773502691896258,0.33333333333333337,1.0,0.0,0.0,0.0,0.0,0.0,0.0,0.0,0.0,0.0,0.0,0.0,0.0,0.0,0.0,0.0,0.0,0.0,0.0,0.0,0.0,0.0,0.0,0.0,0.0,0.0,0.0,0.0,0.0,0.0,1.0,0.3333333333333333,0.0,0.5773502691896258,0.33333333333333337,1.0,2.0,0.0,0.0,1.0,0.0,0.0,0.0,0.0,0.0,0.0,1.0,0.0,0.0,0.0,0.0,0.0,0.0,0.0,0.0,0.0,0.0,0.0,0.0,0.0
1193,412,5.0.x Sprint 2,-3,14,1,3,0,0,0,0,1,3,0,0,0,0,2,2,3.0,2.0,2.0,0.0,1.0,0.3333333333333333,0.0,0.5773502691896258,0.33333333333333337,1.0,0.0,0.0,0.0,0.0,0.0,0.0,0.0,0.0,1.0,0.6666666666666666,1.0,0.5773502691896258,0.33333333333333337,1.0,0.0,1.0,0.3333333333333333,0.0,0.5773502691896258,0.33333333333333337,1.0,0.0,0.0,0.0,0.0,0.0,0.0,0.0,0.0,0.0,0.0,0.0,0.0,0.0,0.0,0.0,0.0,0.0,0.0,0.0,0.0,0.0,0.0,0.0,0.0,0.0,0.0,0.0,0.0,0.0,1.0,0.3333333333333333,0.0,0.5773502691896258,0.33333333333333337,1.0,2.0,0.0,0.0,1.0,0.0,0.0,0.0,0.0,0.0,0.0,1.0,0.0,0.0,0.0,0.0,0.0,0.0,0.0,0.0,0.0,0.0,0.0,0.0,0.0
1193,431,5.1.x Sprint 1,-6,14,2,6,0,0,0,0,2,6,0,0,0,0,2,1,2.0,0.0,0.0,1.0,3.0,2.0,2.0,1.4142135623730951,2.0,2.0,0.0,3.0,1.5,1.5,2.1213203435596424,4.5,3.0,0.0,1.0,0.5,0.5,0.7071067811865476,0.5,1.0,1.0,2.0,1.5,1.5,0.7071067811865476,0.5,1.0,0.0,0.0,0.0,0.0,0.0,0.0,0.0,0.0,0.0,0.0,0.0,0.0,0.0,0.0,0.0,0.0,0.0,0.0,0.0,0.0,0.0,0.0,0.0,0.0,0.0,0.0,0.0,0.0,0.0,1.0,0.5,0.5,0.7071067811865476,0.5,1.0,1.0,0.0,1.0,1.0,0.0,0.0,0.0,1.0,0.0,0.0,1.0,0.0,0.0,0.0,0.0,0.0,0.0,0.0,0.0,0.0,0.0,0.0,0.0,0.0
1193,449,5.1.x Sprint 2,-3,14,2,6,0,0,0,0,1,3,1,3,0,0,2,3,11.0,9.0,6.0,0.0,3.0,0.45454545454545453,0.0,0.9341987329938274,0.8727272727272725,3.0,0.0,3.0,1.0909090909090908,1.0,0.7006490497453708,0.490909090909091,3.0,0.0,2.0,1.3636363636363635,2.0,0.8090398349558905,0.6545454545454545,2.0,0.0,2.0,0.2727272727272727,0.0,0.6466697906828632,0.41818181818181815,2.0,0.0,0.0,0.0,0.0,0.0,0.0,0.0,0.0,0.0,0.0,0.0,0.0,0.0,0.0,0.0,1.0,0.18181818181818182,0.0,0.4045199174779452,0.16363636363636358,1.0,0.0,1.0,0.09090909090909091,0.0,0.3015113445777636,0.09090909090909088,1.0,0.0,3.0,1.7272727272727273,2.0,0.7862453931068966,0.6181818181818183,3.0,8.0,0.0,1.0,1.0,0.0,0.0,0.0,2.0,0.0,0.0,3.0,0.0,0.0,2.0,0.0,0.0,0.0,0.0,0.0,0.0,0.0,0.0,0.0,0.0
1193,478,5.1.x Sprint 3,-3,14,1,3,0,0,0,0,1,3,0,0,0,0,2,2,10.0,9.0,6.0,0.0,3.0,0.4,0.0,0.966091783079296,0.9333333333333336,3.0,1.0,3.0,1.2,1.0,0.6324555320336759,0.4000000000000001,2.0,0.0,2.0,1.5,2.0,0.7071067811865476,0.5,2.0,0.0,2.0,0.2,0.0,0.6324555320336759,0.4000000000000001,2.0,0.0,0.0,0.0,0.0,0.0,0.0,0.0,0.0,0.0,0.0,0.0,0.0,0.0,0.0,0.0,1.0,0.2,0.0,0.42163702135578396,0.17777777777777784,1.0,0.0,1.0,0.1,0.0,0.31622776601683794,0.10000000000000002,1.0,0.0,3.0,1.8,2.0,0.7888106377466155,0.6222222222222222,3.0,8.0,0.0,1.0,0.0,0.0,0.0,0.0,2.0,0.0,0.0,2.0,0.0,0.0,2.0,0.0,0.0,0.0,0.0,0.0,0.0,0.0,0.0,0.0,0.0
1193,500,5.1.x Sprint 4,-3,14,1,3,0,0,0,0,1,3,0,0,0,0,2,2,10.0,9.0,6.0,0.0,3.0,0.4,0.0,0.966091783079296,0.9333333333333336,3.0,1.0,3.0,1.2,1.0,0.6324555320336759,0.4000000000000001,2.0,0.0,2.0,1.5,2.0,0.7071067811865476,0.5,2.0,0.0,2.0,0.2,0.0,0.6324555320336759,0.4000000000000001,2.0,0.0,0.0,0.0,0.0,0.0,0.0,0.0,0.0,0.0,0.0,0.0,0.0,0.0,0.0,0.0,1.0,0.2,0.0,0.42163702135578396,0.17777777777777784,1.0,0.0,1.0,0.1,0.0,0.31622776601683794,0.10000000000000002,1.0,0.0,3.0,1.8,2.0,0.7888106377466155,0.6222222222222222,3.0,8.0,0.0,1.0,0.0,0.0,0.0,0.0,2.0,0.0,0.0,2.0,0.0,0.0,2.0,0.0,0.0,0.0,0.0,0.0,0.0,0.0,0.0,0.0,0.0
1193,523,5.1.x Sprint 5,0,14,1,3,0,0,0,0,0,0,0,0,1,3,2,3,10.0,9.0,6.0,0.0,3.0,0.4,0.0,0.966091783079296,0.9333333333333336,3.0,1.0,3.0,1.2,1.0,0.6324555320336759,0.4000000000000001,2.0,0.0,2.0,1.5,2.0,0.7071067811865476,0.5,2.0,0.0,2.0,0.2,0.0,0.6324555320336759,0.4000000000000001,2.0,0.0,0.0,0.0,0.0,0.0,0.0,0.0,0.0,0.0,0.0,0.0,0.0,0.0,0.0,0.0,2.0,1.5,2.0,0.7071067811865476,0.5,2.0,0.0,1.0,0.1,0.0,0.31622776601683794,0.10000000000000002,1.0,0.0,3.0,1.8,2.0,0.7888106377466155,0.6222222222222222,3.0,8.0,0.0,1.0,0.0,0.0,0.0,0.0,2.0,0.0,0.0,2.0,0.0,0.0,2.0,0.0,0.0,0.0,0.0,0.0,0.0,0.0,0.0,0.0,0.0
1193,844,Enterprise Sprint 22,0,9,0,0,0,0,0,0,0,0,0,0,0,0,2,1,1.0,0.0,0.0,7.0,7.0,7.0,7.0,0.0,0.0,0.0,4.0,4.0,4.0,4.0,0.0,0.0,0.0,0.0,0.0,0.0,0.0,0.0,0.0,0.0,2.0,2.0,2.0,2.0,0.0,0.0,0.0,0.0,0.0,0.0,0.0,0.0,0.0,0.0,0.0,0.0,0.0,0.0,0.0,0.0,0.0,0.0,0.0,0.0,0.0,0.0,0.0,0.0,1.0,1.0,1.0,1.0,0.0,0.0,0.0,3.0,3.0,3.0,3.0,0.0,0.0,0.0,0.0,0.0,1.0,0.0,0.0,0.0,0.0,1.0,0.0,0.0,1.0,0.0,0.0,0.0,0.0,0.0,0.0,0.0,0.0,0.0,0.0,0.0,0.0,0.0
1193,877,Enterprise Sprint 23,0,13,0,0,1,3,0,0,0,0,1,3,0,0,2,1,1.0,0.0,0.0,7.0,7.0,7.0,7.0,0.0,0.0,0.0,4.0,4.0,4.0,4.0,0.0,0.0,0.0,0.0,0.0,0.0,0.0,0.0,0.0,0.0,2.0,2.0,2.0,2.0,0.0,0.0,0.0,0.0,0.0,0.0,0.0,0.0,0.0,0.0,0.0,0.0,0.0,0.0,0.0,0.0,0.0,0.0,0.0,0.0,0.0,0.0,0.0,0.0,1.0,1.0,1.0,1.0,0.0,0.0,0.0,3.0,3.0,3.0,3.0,0.0,0.0,0.0,0.0,0.0,1.0,0.0,0.0,0.0,0.0,1.0,0.0,0.0,1.0,0.0,0.0,0.0,0.0,0.0,0.0,0.0,0.0,0.0,0.0,0.0,0.0,0.0
1193,1401,Enterprise 2014-12,3,13,0,0,0,0,0,0,0,0,0,0,0,0,2,1,1.0,0.0,0.0,0.0,0.0,0.0,0.0,0.0,0.0,0.0,2.0,2.0,2.0,2.0,0.0,0.0,0.0,2.0,2.0,2.0,2.0,0.0,0.0,0.0,0.0,0.0,0.0,0.0,0.0,0.0,0.0,0.0,0.0,0.0,0.0,0.0,0.0,0.0,0.0,0.0,0.0,0.0,0.0,0.0,0.0,0.0,0.0,0.0,0.0,0.0,0.0,0.0,0.0,0.0,0.0,0.0,0.0,0.0,0.0,0.0,0.0,0.0,0.0,0.0,0.0,0.0,0.0,0.0,1.0,0.0,0.0,0.0,0.0,0.0,0.0,1.0,1.0,0.0,0.0,0.0,0.0,0.0,0.0,0.0,0.0,0.0,0.0,0.0,0.0,0.0
1193,1883,Enterprise 2014-26,0,13,0,0,0,0,0,0,0,0,0,0,0,0,2,2,1.0,0.0,0.0,11.0,11.0,11.0,11.0,0.0,0.0,0.0,3.0,3.0,3.0,3.0,0.0,0.0,0.0,1.0,1.0,1.0,1.0,0.0,0.0,0.0,4.0,4.0,4.0,4.0,0.0,0.0,0.0,0.0,0.0,0.0,0.0,0.0,0.0,0.0,0.0,0.0,0.0,0.0,0.0,0.0,0.0,0.0,0.0,0.0,0.0,0.0,0.0,0.0,3.0,3.0,3.0,3.0,0.0,0.0,0.0,5.0,5.0,5.0,5.0,0.0,0.0,0.0,0.0,0.0,1.0,0.0,0.0,0.0,0.0,1.0,0.0,0.0,1.0,0.0,0.0,0.0,0.0,0.0,0.0,0.0,0.0,0.0,0.0,0.0,0.0,0.0
1193,1921,Enterprise 2015-01,0,14,1,3,0,0,0,0,0,0,0,0,1,3,2,2,1.0,0.0,0.0,11.0,11.0,11.0,11.0,0.0,0.0,0.0,3.0,3.0,3.0,3.0,0.0,0.0,0.0,1.0,1.0,1.0,1.0,0.0,0.0,0.0,4.0,4.0,4.0,4.0,0.0,0.0,0.0,0.0,0.0,0.0,0.0,0.0,0.0,0.0,0.0,0.0,0.0,0.0,0.0,0.0,0.0,0.0,0.0,0.0,0.0,0.0,0.0,0.0,3.0,3.0,3.0,3.0,0.0,0.0,0.0,5.0,5.0,5.0,5.0,0.0,0.0,0.0,0.0,0.0,1.0,0.0,0.0,0.0,0.0,1.0,0.0,0.0,1.0,0.0,0.0,0.0,0.0,0.0,0.0,0.0,0.0,0.0,0.0,0.0,0.0,0.0
1193,1963,Enterprise 2015-2,-3,14,0,0,1,3,0,0,0,0,1,3,0,0,2,1,1.0,0.0,0.0,7.0,7.0,7.0,7.0,0.0,0.0,0.0,1.0,1.0,1.0,1.0,0.0,0.0,0.0,1.0,1.0,1.0,1.0,0.0,0.0,0.0,0.0,0.0,0.0,0.0,0.0,0.0,0.0,0.0,0.0,0.0,0.0,0.0,0.0,0.0,0.0,0.0,0.0,0.0,0.0,0.0,0.0,4.0,4.0,4.0,4.0,0.0,0.0,0.0,1.0,1.0,1.0,1.0,0.0,0.0,0.0,2.0,2.0,2.0,2.0,0.0,0.0,0.0,1.0,0.0,1.0,0.0,0.0,0.0,0.0,1.0,0.0,0.0,0.0,0.0,0.0,0.0,0.0,0.0,0.0,0.0,0.0,0.0,0.0,0.0,0.0,0.0
1193,2019,Enterprise 2015-4,0,13,0,0,1,3,0,0,0,0,1,3,0,0,2,1,1.0,0.0,0.0,2.0,2.0,2.0,2.0,0.0,0.0,0.0,1.0,1.0,1.0,1.0,0.0,0.0,0.0,2.0,2.0,2.0,2.0,0.0,0.0,0.0,0.0,0.0,0.0,0.0,0.0,0.0,0.0,0.0,0.0,0.0,0.0,0.0,0.0,0.0,0.0,0.0,0.0,0.0,0.0,0.0,0.0,0.0,0.0,0.0,0.0,0.0,0.0,0.0,0.0,0.0,0.0,0.0,0.0,0.0,0.0,0.0,0.0,0.0,0.0,0.0,0.0,0.0,1.0,0.0,0.0,1.0,0.0,0.0,0.0,0.0,0.0,0.0,0.0,0.0,0.0,0.0,0.0,0.0,0.0,0.0,0.0,0.0,0.0,0.0,0.0,0.0
1206,61,Sprint 3,-3,7,1,3,0,0,0,0,1,3,0,0,0,0,2,1,1.0,0.0,0.0,2.0,2.0,2.0,2.0,0.0,0.0,0.0,2.0,2.0,2.0,2.0,0.0,0.0,0.0,0.0,0.0,0.0,0.0,0.0,0.0,0.0,1.0,1.0,1.0,1.0,0.0,0.0,0.0,0.0,0.0,0.0,0.0,0.0,0.0,0.0,0.0,0.0,0.0,0.0,0.0,0.0,0.0,0.0,0.0,0.0,0.0,0.0,0.0,0.0,0.0,0.0,0.0,0.0,0.0,0.0,0.0,2.0,2.0,2.0,2.0,0.0,0.0,0.0,0.0,0.0,0.0,1.0,0.0,0.0,0.0,0.0,0.0,0.0,1.0,0.0,0.0,0.0,0.0,0.0,0.0,0.0,0.0,0.0,0.0,0.0,0.0,0.0
1206,128,Sprint 8,-3,6,1,3,0,0,0,0,1,3,0,0,0,0,2,1,1.0,0.0,0.0,2.0,2.0,2.0,2.0,0.0,0.0,0.0,1.0,1.0,1.0,1.0,0.0,0.0,0.0,0.0,0.0,0.0,0.0,0.0,0.0,0.0,2.0,2.0,2.0,2.0,0.0,0.0,0.0,0.0,0.0,0.0,0.0,0.0,0.0,0.0,0.0,0.0,0.0,0.0,0.0,0.0,0.0,0.0,0.0,0.0,0.0,0.0,0.0,0.0,0.0,0.0,0.0,0.0,0.0,0.0,0.0,0.0,0.0,0.0,0.0,0.0,0.0,0.0,0.0,0.0,1.0,0.0,0.0,0.0,0.0,1.0,0.0,0.0,1.0,0.0,0.0,0.0,0.0,0.0,0.0,0.0,0.0,0.0,0.0,0.0,0.0,0.0
1206,136,Sprint 9,0,7,1,3,0,0,0,0,0,0,0,0,1,3,2,1,1.0,0.0,0.0,3.0,3.0,3.0,3.0,0.0,0.0,0.0,1.0,1.0,1.0,1.0,0.0,0.0,0.0,0.0,0.0,0.0,0.0,0.0,0.0,0.0,2.0,2.0,2.0,2.0,0.0,0.0,0.0,0.0,0.0,0.0,0.0,0.0,0.0,0.0,0.0,0.0,0.0,0.0,0.0,0.0,0.0,0.0,0.0,0.0,0.0,0.0,0.0,0.0,0.0,0.0,0.0,0.0,0.0,0.0,0.0,0.0,0.0,0.0,0.0,0.0,0.0,0.0,0.0,0.0,1.0,0.0,0.0,0.0,0.0,1.0,0.0,0.0,1.0,0.0,0.0,0.0,0.0,0.0,0.0,0.0,0.0,0.0,0.0,0.0,0.0,0.0
1206,393,5.0.x Sprint 1,-3,14,1,3,0,0,0,0,1,3,0,0,0,0,2,1,3.0,2.0,2.0,0.0,1.0,0.3333333333333333,0.0,0.5773502691896258,0.33333333333333337,1.0,0.0,0.0,0.0,0.0,0.0,0.0,0.0,0.0,1.0,0.6666666666666666,1.0,0.5773502691896258,0.33333333333333337,1.0,0.0,1.0,0.3333333333333333,0.0,0.5773502691896258,0.33333333333333337,1.0,0.0,0.0,0.0,0.0,0.0,0.0,0.0,0.0,0.0,0.0,0.0,0.0,0.0,0.0,0.0,0.0,0.0,0.0,0.0,0.0,0.0,0.0,0.0,0.0,0.0,0.0,0.0,0.0,0.0,1.0,0.3333333333333333,0.0,0.5773502691896258,0.33333333333333337,1.0,2.0,0.0,0.0,1.0,0.0,0.0,0.0,0.0,0.0,0.0,1.0,0.0,0.0,0.0,0.0,0.0,0.0,0.0,0.0,0.0,0.0,0.0,0.0,0.0
1206,412,5.0.x Sprint 2,-3,14,1,3,0,0,0,0,1,3,0,0,0,0,2,2,3.0,2.0,2.0,0.0,1.0,0.3333333333333333,0.0,0.5773502691896258,0.33333333333333337,1.0,0.0,0.0,0.0,0.0,0.0,0.0,0.0,0.0,1.0,0.6666666666666666,1.0,0.5773502691896258,0.33333333333333337,1.0,0.0,1.0,0.3333333333333333,0.0,0.5773502691896258,0.33333333333333337,1.0,0.0,0.0,0.0,0.0,0.0,0.0,0.0,0.0,0.0,0.0,0.0,0.0,0.0,0.0,0.0,0.0,0.0,0.0,0.0,0.0,0.0,0.0,0.0,0.0,0.0,0.0,0.0,0.0,0.0,1.0,0.3333333333333333,0.0,0.5773502691896258,0.33333333333333337,1.0,2.0,0.0,0.0,1.0,0.0,0.0,0.0,0.0,0.0,0.0,1.0,0.0,0.0,0.0,0.0,0.0,0.0,0.0,0.0,0.0,0.0,0.0,0.0,0.0
1206,431,5.1.x Sprint 1,-3,14,1,3,0,0,0,0,1,3,0,0,0,0,2,1,1.0,0.0,0.0,1.0,1.0,1.0,1.0,0.0,0.0,0.0,0.0,0.0,0.0,0.0,0.0,0.0,0.0,0.0,0.0,0.0,0.0,0.0,0.0,0.0,1.0,1.0,1.0,1.0,0.0,0.0,0.0,0.0,0.0,0.0,0.0,0.0,0.0,0.0,0.0,0.0,0.0,0.0,0.0,0.0,0.0,0.0,0.0,0.0,0.0,0.0,0.0,0.0,0.0,0.0,0.0,0.0,0.0,0.0,0.0,1.0,1.0,1.0,1.0,0.0,0.0,0.0,0.0,0.0,0.0,1.0,0.0,0.0,0.0,0.0,0.0,0.0,1.0,0.0,0.0,0.0,0.0,0.0,0.0,0.0,0.0,0.0,0.0,0.0,0.0,0.0
1206,449,5.1.x Sprint 2,0,14,1,3,0,0,0,0,1,3,0,0,0,0,2,2,10.0,9.0,6.0,0.0,1.0,0.2,0.0,0.42163702135578396,0.17777777777777784,1.0,0.0,1.0,0.9,1.0,0.31622776601683794,0.1,1.0,0.0,2.0,1.4,2.0,0.8432740427115678,0.7111111111111111,2.0,0.0,1.0,0.1,0.0,0.31622776601683794,0.10000000000000002,1.0,0.0,0.0,0.0,0.0,0.0,0.0,0.0,0.0,0.0,0.0,0.0,0.0,0.0,0.0,0.0,1.0,0.2,0.0,0.42163702135578396,0.17777777777777784,1.0,0.0,1.0,0.1,0.0,0.31622776601683794,0.10000000000000002,1.0,1.0,3.0,1.9,2.0,0.5676462121975467,0.32222222222222224,2.0,7.0,0.0,0.0,1.0,0.0,0.0,0.0,1.0,0.0,0.0,3.0,0.0,0.0,2.0,0.0,0.0,0.0,0.0,0.0,0.0,0.0,0.0,0.0,0.0
1206,580,Enterprise Sprint 15,3,14,0,0,0,0,0,0,0,0,0,0,0,0,2,1,1.0,0.0,0.0,2.0,2.0,2.0,2.0,0.0,0.0,0.0,2.0,2.0,2.0,2.0,0.0,0.0,0.0,1.0,1.0,1.0,1.0,0.0,0.0,0.0,0.0,0.0,0.0,0.0,0.0,0.0,0.0,0.0,0.0,0.0,0.0,0.0,0.0,0.0,0.0,0.0,0.0,0.0,0.0,0.0,0.0,0.0,0.0,0.0,0.0,0.0,0.0,0.0,0.0,0.0,0.0,0.0,0.0,0.0,0.0,0.0,0.0,0.0,0.0,0.0,0.0,0.0,0.0,0.0,1.0,0.0,0.0,0.0,0.0,1.0,0.0,0.0,1.0,0.0,0.0,0.0,0.0,0.0,0.0,0.0,0.0,0.0,0.0,0.0,0.0,0.0
1206,627,Enterprise Sprint 17,3,13,0,0,0,0,0,0,0,0,0,0,0,0,2,1,1.0,0.0,1.0,0.0,0.0,0.0,0.0,0.0,0.0,0.0,1.0,1.0,1.0,1.0,0.0,0.0,0.0,1.0,1.0,1.0,1.0,0.0,0.0,0.0,1.0,1.0,1.0,1.0,0.0,0.0,0.0,0.0,0.0,0.0,0.0,0.0,0.0,0.0,0.0,0.0,0.0,0.0,0.0,0.0,0.0,0.0,0.0,0.0,0.0,0.0,0.0,0.0,0.0,0.0,0.0,0.0,0.0,0.0,0.0,0.0,0.0,0.0,0.0,0.0,0.0,0.0,0.0,0.0,1.0,0.0,0.0,0.0,0.0,0.0,0.0,0.0,1.0,0.0,0.0,0.0,0.0,0.0,0.0,0.0,0.0,0.0,0.0,0.0,0.0,0.0
1206,667,Enterprise Sprint 18,3,14,1,3,2,6,1,3,1,3,1,3,0,0,2,1,8.0,0.0,0.0,0.0,82.0,11.625,0.0,28.55539728817854,815.4107142857143,82.0,1.0,1.0,1.0,1.0,0.0,0.0,0.0,0.0,2.0,1.125,1.0,0.8345229603962802,0.6964285714285714,2.0,0.0,10.0,2.0,1.0,3.295017884191656,10.857142857142858,10.0,0.0,0.0,0.0,0.0,0.0,0.0,0.0,0.0,0.0,0.0,0.0,0.0,0.0,0.0,0.0,3.0,0.375,0.0,1.0606601717798212,1.125,3.0,0.0,2.0,0.25,0.0,0.7071067811865476,0.5,2.0,0.0,4.0,1.0,0.5,1.4142135623730951,2.0,4.0,0.0,0.0,7.0,0.0,0.0,0.0,1.0,3.0,0.0,2.0,8.0,0.0,0.0,2.0,0.0,0.0,0.0,0.0,0.0,0.0,0.0,0.0,0.0,0.0
1206,776,Enterprise Sprint 19,0,14,4,12,1,3,0,0,1,3,2,6,2,6,2,5,8.0,0.0,0.0,0.0,10.0,2.25,0.5,3.575711717366808,12.785714285714286,10.0,0.0,1.0,0.875,1.0,0.3535533905932738,0.125,1.0,0.0,2.0,1.0,1.0,0.5345224838248488,0.2857142857142857,2.0,0.0,2.0,0.75,1.0,0.7071067811865476,0.5,2.0,0.0,0.0,0.0,0.0,0.0,0.0,0.0,0.0,0.0,0.0,0.0,0.0,0.0,0.0,0.0,3.0,1.0,0.5,1.3093073414159542,1.7142857142857142,3.0,0.0,2.0,0.625,0.5,0.7440238091428449,0.5535714285714286,2.0,0.0,2.0,0.625,0.0,0.9161253813129043,0.8392857142857143,2.0,0.0,0.0,8.0,0.0,0.0,0.0,0.0,4.0,0.0,2.0,8.0,0.0,0.0,2.0,0.0,0.0,0.0,0.0,0.0,0.0,0.0,0.0,0.0,0.0
1206,807,Enterprise Sprint 20,-6,14,2,6,2,6,0,0,1,3,1,3,2,6,2,3,5.0,0.0,1.0,1.0,6.0,3.0,2.0,2.345207879911715,5.5,5.0,0.0,3.0,1.2,1.0,1.0954451150103324,1.2000000000000002,3.0,1.0,1.0,1.0,1.0,0.0,0.0,0.0,0.0,1.0,0.4,0.0,0.5477225575051662,0.30000000000000004,1.0,0.0,0.0,0.0,0.0,0.0,0.0,0.0,0.0,0.0,0.0,0.0,0.0,0.0,0.0,0.0,3.0,1.0,1.0,1.224744871391589,1.5,3.0,0.0,1.0,0.4,0.0,0.5477225575051662,0.30000000000000004,1.0,0.0,3.0,1.2,1.0,1.3038404810405297,1.7000000000000002,3.0,0.0,0.0,5.0,0.0,0.0,0.0,0.0,3.0,0.0,1.0,5.0,0.0,0.0,0.0,0.0,0.0,0.0,0.0,0.0,0.0,0.0,0.0,0.0,0.0
1206,827,Enterprise Sprint 21,-3,14,2,6,1,3,0,0,1,3,0,0,2,6,2,3,3.0,0.0,1.0,1.0,11.0,5.666666666666667,5.0,5.033222956847167,25.333333333333336,10.0,1.0,3.0,1.6666666666666667,1.0,1.1547005383792517,1.3333333333333335,2.0,1.0,1.0,1.0,1.0,0.0,0.0,0.0,0.0,1.0,0.3333333333333333,0.0,0.5773502691896258,0.33333333333333337,1.0,0.0,0.0,0.0,0.0,0.0,0.0,0.0,0.0,0.0,0.0,0.0,0.0,0.0,0.0,1.0,3.0,2.3333333333333335,3.0,1.1547005383792515,1.3333333333333333,2.0,0.0,0.0,0.0,0.0,0.0,0.0,0.0,0.0,2.0,1.0,1.0,1.0,1.0,2.0,0.0,0.0,3.0,0.0,0.0,0.0,0.0,2.0,0.0,0.0,3.0,0.0,0.0,0.0,0.0,0.0,0.0,0.0,0.0,0.0,0.0,0.0,0.0,0.0
1206,843,Enterprise Sprint 22,-3,9,0,0,1,3,0,0,1,3,0,0,0,0,2,1,1.0,0.0,0.0,5.0,5.0,5.0,5.0,0.0,0.0,0.0,1.0,1.0,1.0,1.0,0.0,0.0,0.0,1.0,1.0,1.0,1.0,0.0,0.0,0.0,0.0,0.0,0.0,0.0,0.0,0.0,0.0,0.0,0.0,0.0,0.0,0.0,0.0,0.0,0.0,0.0,0.0,0.0,0.0,0.0,0.0,5.0,5.0,5.0,5.0,0.0,0.0,0.0,0.0,0.0,0.0,0.0,0.0,0.0,0.0,2.0,2.0,2.0,2.0,0.0,0.0,0.0,0.0,0.0,1.0,0.0,0.0,0.0,0.0,1.0,0.0,0.0,1.0,0.0,0.0,0.0,0.0,0.0,0.0,0.0,0.0,0.0,0.0,0.0,0.0,0.0
1206,844,Enterprise Sprint 22,-3,9,1,3,1,3,0,0,2,6,0,0,0,0,2,1,7.0,0.0,0.0,0.0,50.0,9.142857142857142,1.0,18.215639538855722,331.8095238095239,50.0,0.0,4.0,1.5714285714285714,1.0,1.2724180205607039,1.6190476190476197,4.0,0.0,1.0,0.7142857142857143,1.0,0.48795003647426655,0.23809523809523805,1.0,0.0,7.0,1.5714285714285714,0.0,2.5727509827124,6.6190476190476195,7.0,0.0,0.0,0.0,0.0,0.0,0.0,0.0,0.0,0.0,0.0,0.0,0.0,0.0,0.0,0.0,5.0,0.8571428571428571,0.0,1.864454471471609,3.4761904761904763,5.0,0.0,2.0,0.5714285714285714,0.0,0.7867957924694431,0.619047619047619,2.0,0.0,4.0,1.8571428571428572,2.0,1.3451854182690985,1.8095238095238095,4.0,2.0,0.0,5.0,1.0,0.0,0.0,1.0,4.0,1.0,0.0,5.0,0.0,0.0,0.0,0.0,0.0,0.0,0.0,0.0,0.0,0.0,0.0,0.0,0.0
1206,877,Enterprise Sprint 23,-8,13,0,0,5,14,0,0,2,6,3,8,0,0,2,3,6.0,0.0,0.0,0.0,52.0,10.333333333333334,1.5,20.578305728768505,423.4666666666667,52.0,0.0,4.0,1.1666666666666667,1.0,1.4719601443879746,2.166666666666667,4.0,0.0,1.0,0.6666666666666666,1.0,0.5163977794943223,0.2666666666666667,1.0,0.0,7.0,2.3333333333333335,2.0,2.581988897471611,6.666666666666666,7.0,0.0,0.0,0.0,0.0,0.0,0.0,0.0,0.0,0.0,0.0,0.0,0.0,0.0,0.0,0.0,1.0,0.16666666666666666,0.0,0.408248290463863,0.16666666666666669,1.0,0.0,1.0,0.3333333333333333,0.0,0.5163977794943223,0.2666666666666667,1.0,0.0,3.0,1.1666666666666667,1.0,1.1690451944500122,1.3666666666666667,3.0,2.0,0.0,5.0,0.0,0.0,0.0,1.0,4.0,1.0,0.0,4.0,0.0,0.0,0.0,0.0,0.0,0.0,0.0,0.0,0.0,0.0,0.0,0.0,0.0
1206,900,Page Banner Finale,0,7,0,0,0,0,0,0,0,0,0,0,0,0,2,1,0.0,0.0,0.0,0.0,0.0,0.0,0.0,0.0,0.0,0.0,0.0,0.0,0.0,0.0,0.0,0.0,0.0,0.0,0.0,0.0,0.0,0.0,0.0,0.0,0.0,0.0,0.0,0.0,0.0,0.0,0.0,0.0,0.0,0.0,0.0,0.0,0.0,0.0,0.0,0.0,0.0,0.0,0.0,0.0,0.0,0.0,0.0,0.0,0.0,0.0,0.0,0.0,0.0,0.0,0.0,0.0,0.0,0.0,0.0,0.0,0.0,0.0,0.0,0.0,0.0,0.0,0.0,0.0,0.0,0.0,0.0,0.0,0.0,0.0,0.0,0.0,0.0,0.0,0.0,0.0,0.0,0.0,0.0,0.0,0.0,0.0,0.0,0.0,0.0,0.0
1206,902,Enterprise Sprint 23,-2,14,4,11,0,0,0,0,1,3,1,2,2,6,2,3,5.0,0.0,0.0,0.0,52.0,11.0,1.0,22.93468988235943,526.0,52.0,0.0,1.0,0.6,1.0,0.5477225575051662,0.30000000000000004,1.0,0.0,1.0,0.8,1.0,0.4472135954999579,0.2,1.0,0.0,7.0,1.8,0.0,3.0331501776206204,9.200000000000001,7.0,0.0,0.0,0.0,0.0,0.0,0.0,0.0,0.0,0.0,0.0,0.0,0.0,0.0,0.0,0.0,1.0,0.2,0.0,0.44721359549995804,0.20000000000000007,1.0,0.0,0.0,0.0,0.0,0.0,0.0,0.0,0.0,2.0,0.8,1.0,0.8366600265340756,0.7000000000000001,2.0,2.0,0.0,4.0,0.0,0.0,0.0,1.0,2.0,1.0,0.0,3.0,0.0,0.0,1.0,0.0,0.0,0.0,0.0,0.0,0.0,0.0,0.0,0.0,0.0
1206,922,Enterprise Sprint 24,-8,14,5,14,1,3,0,0,4,12,2,5,0,0,2,3,7.0,0.0,0.0,0.0,52.0,7.714285714285714,0.0,19.53385339791995,381.57142857142867,52.0,0.0,10.0,2.4285714285714284,2.0,3.4572215654165053,11.95238095238095,10.0,0.0,1.0,0.8571428571428571,1.0,0.37796447300922725,0.14285714285714288,1.0,0.0,7.0,1.7142857142857142,1.0,2.4976179127511156,6.238095238095238,7.0,0.0,0.0,0.0,0.0,0.0,0.0,0.0,0.0,0.0,0.0,0.0,0.0,0.0,0.0,0.0,2.0,0.2857142857142857,0.0,0.7559289460184546,0.5714285714285716,2.0,0.0,3.0,0.42857142857142855,0.0,1.1338934190276817,1.2857142857142858,3.0,0.0,4.0,1.1428571428571428,1.0,1.4638501094227998,2.142857142857143,4.0,2.0,0.0,5.0,1.0,0.0,0.0,1.0,3.0,0.0,1.0,5.0,0.0,0.0,1.0,0.0,0.0,0.0,0.0,0.0,0.0,0.0,0.0,0.0,0.0
1206,939,Warranty bugs,0,54,0,0,0,0,0,0,0,0,0,0,0,0,2,1,1.0,0.0,0.0,0.0,0.0,0.0,0.0,0.0,0.0,0.0,4.0,4.0,4.0,4.0,0.0,0.0,0.0,1.0,1.0,1.0,1.0,0.0,0.0,0.0,1.0,1.0,1.0,1.0,0.0,0.0,0.0,0.0,0.0,0.0,0.0,0.0,0.0,0.0,0.0,0.0,0.0,0.0,0.0,0.0,0.0,0.0,0.0,0.0,0.0,0.0,0.0,0.0,0.0,0.0,0.0,0.0,0.0,0.0,0.0,0.0,0.0,0.0,0.0,0.0,0.0,0.0,0.0,0.0,1.0,0.0,0.0,0.0,0.0,1.0,0.0,0.0,1.0,0.0,0.0,0.0,0.0,0.0,0.0,0.0,0.0,0.0,0.0,0.0,0.0,0.0
1206,979,Enterprise Sprint 25,-12,14,6,17,1,3,0,0,5,15,2,5,0,0,2,4,11.0,0.0,4.0,0.0,52.0,5.2727272727272725,0.0,15.518317622029192,240.81818181818176,52.0,0.0,10.0,2.090909090909091,1.0,2.773248833211526,7.690909090909092,10.0,0.0,1.0,0.6363636363636364,1.0,0.504524979109513,0.2545454545454545,1.0,0.0,7.0,1.9090909090909092,2.0,1.9211738835693901,3.6909090909090922,7.0,0.0,0.0,0.0,0.0,0.0,0.0,0.0,0.0,0.0,0.0,0.0,0.0,0.0,0.0,0.0,1.0,0.18181818181818182,0.0,0.40451991747794525,0.16363636363636364,1.0,0.0,1.0,0.09090909090909091,0.0,0.3015113445777636,0.09090909090909088,1.0,0.0,5.0,1.8181818181818181,2.0,1.6624188291872668,2.763636363636363,5.0,2.0,0.0,9.0,1.0,0.0,0.0,1.0,3.0,0.0,2.0,9.0,0.0,0.0,0.0,0.0,0.0,0.0,0.0,0.0,0.0,0.0,0.0,0.0,0.0
1206,1016,Enterprise Sprint 26,-9,13,7,21,1,3,0,0,6,18,1,3,1,3,2,4,9.0,0.0,5.0,0.0,2.0,0.5555555555555556,0.0,0.881917103688197,0.7777777777777779,2.0,0.0,3.0,1.4444444444444444,1.0,0.8819171036881969,0.7777777777777778,3.0,0.0,1.0,0.4444444444444444,0.0,0.5270462766947299,0.2777777777777778,1.0,0.0,3.0,1.4444444444444444,1.0,0.8819171036881969,0.7777777777777778,3.0,0.0,0.0,0.0,0.0,0.0,0.0,0.0,0.0,0.0,0.0,0.0,0.0,0.0,0.0,0.0,0.0,0.0,0.0,0.0,0.0,0.0,0.0,1.0,0.2222222222222222,0.0,0.44095855184409843,0.19444444444444445,1.0,0.0,5.0,1.8888888888888888,2.0,2.0275875100994063,4.111111111111111,5.0,2.0,0.0,7.0,2.0,0.0,0.0,0.0,1.0,0.0,1.0,7.0,0.0,0.0,0.0,0.0,0.0,0.0,0.0,0.0,0.0,0.0,0.0,0.0,0.0
1206,1048,Enterprise Sprint 2014-01,-3,14,3,9,1,3,0,0,3,9,1,3,0,0,2,1,4.0,0.0,1.0,2.0,13.0,7.25,7.0,6.075908711186061,36.916666666666664,11.0,0.0,2.0,1.0,1.0,0.816496580927726,0.6666666666666666,2.0,1.0,2.0,1.25,1.0,0.5,0.25,1.0,0.0,2.0,1.25,1.5,0.9574271077563381,0.9166666666666666,2.0,0.0,0.0,0.0,0.0,0.0,0.0,0.0,0.0,0.0,0.0,0.0,0.0,0.0,0.0,0.0,2.0,0.5,0.0,1.0,1.0,2.0,0.0,2.0,0.5,0.0,1.0,1.0,2.0,0.0,5.0,2.5,2.5,2.0816659994661326,4.333333333333333,5.0,0.0,0.0,3.0,1.0,0.0,0.0,0.0,1.0,0.0,1.0,4.0,0.0,0.0,0.0,0.0,0.0,0.0,0.0,0.0,0.0,0.0,0.0,0.0,0.0
1206,1096,Enterprise Sprint 2014-02,0,13,1,3,0,0,0,0,0,0,1,3,0,0,2,1,1.0,0.0,0.0,14.0,14.0,14.0,14.0,0.0,0.0,0.0,0.0,0.0,0.0,0.0,0.0,0.0,0.0,2.0,2.0,2.0,2.0,0.0,0.0,0.0,0.0,0.0,0.0,0.0,0.0,0.0,0.0,0.0,0.0,0.0,0.0,0.0,0.0,0.0,0.0,0.0,0.0,0.0,0.0,0.0,0.0,2.0,2.0,2.0,2.0,0.0,0.0,0.0,0.0,0.0,0.0,0.0,0.0,0.0,0.0,3.0,3.0,3.0,3.0,0.0,0.0,0.0,0.0,0.0,0.0,1.0,0.0,0.0,0.0,0.0,0.0,0.0,1.0,0.0,0.0,0.0,0.0,0.0,0.0,0.0,0.0,0.0,0.0,0.0,0.0,0.0
1206,1245,Enterprise Sprint - 2014-7,0,13,0,0,1,3,0,0,0,0,1,3,0,0,2,2,1.0,0.0,0.0,1.0,1.0,1.0,1.0,0.0,0.0,0.0,1.0,1.0,1.0,1.0,0.0,0.0,0.0,1.0,1.0,1.0,1.0,0.0,0.0,0.0,0.0,0.0,0.0,0.0,0.0,0.0,0.0,0.0,0.0,0.0,0.0,0.0,0.0,0.0,0.0,0.0,0.0,0.0,0.0,0.0,0.0,1.0,1.0,1.0,1.0,0.0,0.0,0.0,0.0,0.0,0.0,0.0,0.0,0.0,0.0,2.0,2.0,2.0,2.0,0.0,0.0,0.0,1.0,0.0,1.0,0.0,0.0,0.0,0.0,0.0,0.0,1.0,0.0,0.0,0.0,0.0,0.0,0.0,0.0,0.0,0.0,0.0,0.0,0.0,0.0,0.0
1206,1291,Enterprise Sprint - 2014-8,0,13,0,0,1,3,0,0,1,3,0,0,0,0,2,3,3.0,0.0,1.0,0.0,2.0,0.6666666666666666,0.0,1.1547005383792517,1.3333333333333335,2.0,1.0,2.0,1.6666666666666667,2.0,0.5773502691896257,0.3333333333333333,1.0,1.0,2.0,1.3333333333333333,1.0,0.5773502691896257,0.3333333333333333,1.0,0.0,1.0,0.6666666666666666,1.0,0.5773502691896258,0.33333333333333337,1.0,0.0,0.0,0.0,0.0,0.0,0.0,0.0,0.0,0.0,0.0,0.0,0.0,0.0,0.0,0.0,0.0,0.0,0.0,0.0,0.0,0.0,0.0,1.0,0.3333333333333333,0.0,0.5773502691896258,0.33333333333333337,1.0,1.0,9.0,4.0,2.0,4.358898943540674,19.0,8.0,0.0,0.0,3.0,0.0,0.0,0.0,0.0,2.0,0.0,0.0,3.0,0.0,0.0,0.0,0.0,0.0,0.0,0.0,0.0,0.0,0.0,0.0,0.0,0.0
1206,1312,Enterprise Sprint - 2014-9,-3,13,0,0,2,6,0,0,0,0,2,6,0,0,2,2,2.0,0.0,1.0,0.0,4.0,2.0,2.0,2.8284271247461903,8.0,4.0,1.0,2.0,1.5,1.5,0.7071067811865476,0.5,1.0,1.0,2.0,1.5,1.5,0.7071067811865476,0.5,1.0,0.0,1.0,0.5,0.5,0.7071067811865476,0.5,1.0,0.0,0.0,0.0,0.0,0.0,0.0,0.0,0.0,0.0,0.0,0.0,0.0,0.0,0.0,0.0,0.0,0.0,0.0,0.0,0.0,0.0,0.0,1.0,0.5,0.5,0.7071067811865476,0.5,1.0,1.0,4.0,2.5,2.5,2.1213203435596424,4.5,3.0,0.0,0.0,2.0,0.0,0.0,0.0,0.0,1.0,0.0,0.0,2.0,0.0,0.0,0.0,0.0,0.0,0.0,0.0,0.0,0.0,0.0,0.0,0.0,0.0
1206,1354,Enterprise Sprint - 2014-10,-3,11,1,3,0,0,0,0,0,0,1,3,0,0,2,1,1.0,0.0,1.0,1.0,1.0,1.0,1.0,0.0,0.0,0.0,2.0,2.0,2.0,2.0,0.0,0.0,0.0,1.0,1.0,1.0,1.0,0.0,0.0,0.0,1.0,1.0,1.0,1.0,0.0,0.0,0.0,0.0,0.0,0.0,0.0,0.0,0.0,0.0,0.0,0.0,0.0,0.0,0.0,0.0,0.0,0.0,0.0,0.0,0.0,0.0,0.0,0.0,0.0,0.0,0.0,0.0,0.0,0.0,0.0,1.0,1.0,1.0,1.0,0.0,0.0,0.0,0.0,0.0,1.0,0.0,0.0,0.0,0.0,0.0,0.0,0.0,1.0,0.0,0.0,0.0,0.0,0.0,0.0,0.0,0.0,0.0,0.0,0.0,0.0,0.0
1206,1358,Hobbits - T26,-3,14,0,0,1,3,0,0,1,3,0,0,0,0,2,1,1.0,0.0,0.0,8.0,8.0,8.0,8.0,0.0,0.0,0.0,4.0,4.0,4.0,4.0,0.0,0.0,0.0,1.0,1.0,1.0,1.0,0.0,0.0,0.0,1.0,1.0,1.0,1.0,0.0,0.0,0.0,0.0,0.0,0.0,0.0,0.0,0.0,0.0,0.0,0.0,0.0,0.0,0.0,0.0,0.0,0.0,0.0,0.0,0.0,0.0,0.0,0.0,1.0,1.0,1.0,1.0,0.0,0.0,0.0,0.0,0.0,0.0,0.0,0.0,0.0,0.0,0.0,0.0,1.0,0.0,0.0,0.0,0.0,1.0,0.0,0.0,1.0,0.0,0.0,0.0,0.0,0.0,0.0,0.0,0.0,0.0,0.0,0.0,0.0,0.0
1206,1373,Enterprise 2014-11,-3,13,1,3,0,0,0,0,1,3,0,0,0,0,2,1,1.0,0.0,1.0,1.0,1.0,1.0,1.0,0.0,0.0,0.0,2.0,2.0,2.0,2.0,0.0,0.0,0.0,1.0,1.0,1.0,1.0,0.0,0.0,0.0,1.0,1.0,1.0,1.0,0.0,0.0,0.0,0.0,0.0,0.0,0.0,0.0,0.0,0.0,0.0,0.0,0.0,0.0,0.0,0.0,0.0,0.0,0.0,0.0,0.0,0.0,0.0,0.0,0.0,0.0,0.0,0.0,0.0,0.0,0.0,1.0,1.0,1.0,1.0,0.0,0.0,0.0,0.0,0.0,1.0,0.0,0.0,0.0,0.0,0.0,0.0,0.0,1.0,0.0,0.0,0.0,0.0,0.0,0.0,0.0,0.0,0.0,0.0,0.0,0.0,0.0
1206,1381,Hobbits - T27,0,14,1,3,0,0,0,0,0,0,0,0,1,3,2,1,1.0,0.0,0.0,10.0,10.0,10.0,10.0,0.0,0.0,0.0,4.0,4.0,4.0,4.0,0.0,0.0,0.0,1.0,1.0,1.0,1.0,0.0,0.0,0.0,1.0,1.0,1.0,1.0,0.0,0.0,0.0,0.0,0.0,0.0,0.0,0.0,0.0,0.0,0.0,0.0,0.0,0.0,0.0,0.0,0.0,0.0,0.0,0.0,0.0,0.0,0.0,0.0,1.0,1.0,1.0,1.0,0.0,0.0,0.0,0.0,0.0,0.0,0.0,0.0,0.0,0.0,0.0,0.0,1.0,0.0,0.0,0.0,0.0,1.0,0.0,0.0,1.0,0.0,0.0,0.0,0.0,0.0,0.0,0.0,0.0,0.0,0.0,0.0,0.0,0.0
1206,1401,Enterprise 2014-12,0,13,1,3,0,0,0,0,0,0,1,3,0,0,2,1,2.0,0.0,1.0,0.0,1.0,0.5,0.5,0.7071067811865476,0.5,1.0,2.0,2.0,2.0,2.0,0.0,0.0,0.0,1.0,2.0,1.5,1.5,0.7071067811865476,0.5,1.0,0.0,1.0,0.5,0.5,0.7071067811865476,0.5,1.0,0.0,0.0,0.0,0.0,0.0,0.0,0.0,0.0,0.0,0.0,0.0,0.0,0.0,0.0,0.0,0.0,0.0,0.0,0.0,0.0,0.0,0.0,0.0,0.0,0.0,0.0,0.0,0.0,0.0,1.0,0.5,0.5,0.7071067811865476,0.5,1.0,0.0,0.0,2.0,0.0,0.0,0.0,0.0,0.0,0.0,1.0,2.0,0.0,0.0,0.0,0.0,0.0,0.0,0.0,0.0,0.0,0.0,0.0,0.0,0.0
1206,1402,Hobbits - T27 reopen,0,11,0,0,1,3,0,0,0,0,0,0,1,3,2,1,1.0,0.0,0.0,10.0,10.0,10.0,10.0,0.0,0.0,0.0,4.0,4.0,4.0,4.0,0.0,0.0,0.0,1.0,1.0,1.0,1.0,0.0,0.0,0.0,1.0,1.0,1.0,1.0,0.0,0.0,0.0,0.0,0.0,0.0,0.0,0.0,0.0,0.0,0.0,0.0,0.0,0.0,0.0,0.0,0.0,0.0,0.0,0.0,0.0,0.0,0.0,0.0,1.0,1.0,1.0,1.0,0.0,0.0,0.0,0.0,0.0,0.0,0.0,0.0,0.0,0.0,0.0,0.0,1.0,0.0,0.0,0.0,0.0,1.0,0.0,0.0,1.0,0.0,0.0,0.0,0.0,0.0,0.0,0.0,0.0,0.0,0.0,0.0,0.0,0.0
1206,1441,Enterprise 2014-13,0,12,1,3,0,0,0,0,0,0,0,0,1,3,2,2,1.0,0.0,1.0,3.0,3.0,3.0,3.0,0.0,0.0,0.0,2.0,2.0,2.0,2.0,0.0,0.0,0.0,1.0,1.0,1.0,1.0,0.0,0.0,0.0,1.0,1.0,1.0,1.0,0.0,0.0,0.0,0.0,0.0,0.0,0.0,0.0,0.0,0.0,0.0,0.0,0.0,0.0,0.0,0.0,0.0,0.0,0.0,0.0,0.0,0.0,0.0,0.0,0.0,0.0,0.0,0.0,0.0,0.0,0.0,1.0,1.0,1.0,1.0,0.0,0.0,0.0,0.0,0.0,1.0,0.0,0.0,0.0,0.0,0.0,0.0,0.0,1.0,0.0,0.0,0.0,0.0,0.0,0.0,0.0,0.0,0.0,0.0,0.0,0.0,0.0
1206,1508,Enterprise 2014-16,6,14,0,0,0,0,0,0,0,0,0,0,0,0,2,1,2.0,0.0,1.0,1.0,5.0,3.0,3.0,2.8284271247461903,8.0,4.0,1.0,2.0,1.5,1.5,0.7071067811865476,0.5,1.0,1.0,1.0,1.0,1.0,0.0,0.0,0.0,2.0,3.0,2.5,2.5,0.7071067811865476,0.5,1.0,0.0,0.0,0.0,0.0,0.0,0.0,0.0,0.0,0.0,0.0,0.0,0.0,0.0,0.0,0.0,0.0,0.0,0.0,0.0,0.0,0.0,0.0,1.0,0.5,0.5,0.7071067811865476,0.5,1.0,0.0,1.0,0.5,0.5,0.7071067811865476,0.5,1.0,0.0,0.0,2.0,0.0,0.0,0.0,0.0,0.0,0.0,1.0,2.0,0.0,0.0,0.0,0.0,0.0,0.0,0.0,0.0,0.0,0.0,0.0,0.0,0.0
1206,1556,Enterprise 2014-17,0,14,0,0,0,0,0,0,0,0,0,0,0,0,2,2,1.0,0.0,1.0,1.0,1.0,1.0,1.0,0.0,0.0,0.0,1.0,1.0,1.0,1.0,0.0,0.0,0.0,2.0,2.0,2.0,2.0,0.0,0.0,0.0,2.0,2.0,2.0,2.0,0.0,0.0,0.0,0.0,0.0,0.0,0.0,0.0,0.0,0.0,0.0,0.0,0.0,0.0,0.0,0.0,0.0,0.0,0.0,0.0,0.0,0.0,0.0,0.0,0.0,0.0,0.0,0.0,0.0,0.0,0.0,1.0,1.0,1.0,1.0,0.0,0.0,0.0,1.0,0.0,1.0,0.0,0.0,0.0,0.0,0.0,0.0,0.0,0.0,0.0,0.0,0.0,0.0,0.0,0.0,0.0,0.0,0.0,0.0,0.0,0.0,0.0
1206,1587,Enterprise 2014-18,-3,20,2,6,1,3,0,0,1,3,1,3,1,3,2,4,3.0,0.0,2.0,0.0,1.0,0.3333333333333333,0.0,0.5773502691896258,0.33333333333333337,1.0,1.0,1.0,1.0,1.0,0.0,0.0,0.0,1.0,2.0,1.3333333333333333,1.0,0.5773502691896257,0.3333333333333333,1.0,1.0,2.0,1.6666666666666667,2.0,0.5773502691896257,0.3333333333333333,1.0,0.0,0.0,0.0,0.0,0.0,0.0,0.0,0.0,0.0,0.0,0.0,0.0,0.0,0.0,0.0,1.0,0.3333333333333333,0.0,0.5773502691896258,0.33333333333333337,1.0,0.0,1.0,0.3333333333333333,0.0,0.5773502691896258,0.33333333333333337,1.0,0.0,2.0,1.0,1.0,1.0,1.0,2.0,1.0,0.0,3.0,0.0,0.0,0.0,0.0,0.0,0.0,1.0,2.0,0.0,0.0,0.0,0.0,0.0,0.0,0.0,0.0,0.0,0.0,0.0,0.0,0.0
1206,1635,Enterprise 2014-19,-3,7,1,3,0,0,0,0,1,3,0,0,0,0,2,2,1.0,0.0,1.0,1.0,1.0,1.0,1.0,0.0,0.0,0.0,1.0,1.0,1.0,1.0,0.0,0.0,0.0,2.0,2.0,2.0,2.0,0.0,0.0,0.0,2.0,2.0,2.0,2.0,0.0,0.0,0.0,0.0,0.0,0.0,0.0,0.0,0.0,0.0,0.0,0.0,0.0,0.0,0.0,0.0,0.0,0.0,0.0,0.0,0.0,0.0,0.0,0.0,0.0,0.0,0.0,0.0,0.0,0.0,0.0,1.0,1.0,1.0,1.0,0.0,0.0,0.0,1.0,0.0,1.0,0.0,0.0,0.0,0.0,0.0,0.0,0.0,0.0,0.0,0.0,0.0,0.0,0.0,0.0,0.0,0.0,0.0,0.0,0.0,0.0,0.0
1206,1668,Enterprise 2014-20,0,13,1,3,0,0,0,0,0,0,0,0,1,3,2,2,1.0,0.0,1.0,2.0,2.0,2.0,2.0,0.0,0.0,0.0,1.0,1.0,1.0,1.0,0.0,0.0,0.0,2.0,2.0,2.0,2.0,0.0,0.0,0.0,2.0,2.0,2.0,2.0,0.0,0.0,0.0,0.0,0.0,0.0,0.0,0.0,0.0,0.0,0.0,0.0,0.0,0.0,0.0,0.0,0.0,2.0,2.0,2.0,2.0,0.0,0.0,0.0,0.0,0.0,0.0,0.0,0.0,0.0,0.0,1.0,1.0,1.0,1.0,0.0,0.0,0.0,1.0,0.0,1.0,0.0,0.0,0.0,0.0,0.0,0.0,0.0,0.0,0.0,0.0,0.0,0.0,0.0,0.0,0.0,0.0,0.0,0.0,0.0,0.0,0.0
1206,1698,Enterprise 2014-21,-3,13,1,3,0,0,0,0,1,3,0,0,0,0,2,1,1.0,0.0,0.0,2.0,2.0,2.0,2.0,0.0,0.0,0.0,1.0,1.0,1.0,1.0,0.0,0.0,0.0,1.0,1.0,1.0,1.0,0.0,0.0,0.0,0.0,0.0,0.0,0.0,0.0,0.0,0.0,0.0,0.0,0.0,0.0,0.0,0.0,0.0,0.0,0.0,0.0,0.0,0.0,0.0,0.0,0.0,0.0,0.0,0.0,0.0,0.0,0.0,0.0,0.0,0.0,0.0,0.0,0.0,0.0,2.0,2.0,2.0,2.0,0.0,0.0,0.0,0.0,0.0,1.0,0.0,0.0,0.0,0.0,1.0,0.0,0.0,1.0,0.0,0.0,0.0,0.0,0.0,0.0,0.0,0.0,0.0,0.0,0.0,0.0,0.0
1206,1725,Enterprise 2014-22,-3,13,2,6,0,0,0,0,1,3,1,3,0,0,2,2,2.0,0.0,0.0,2.0,3.0,2.5,2.5,0.7071067811865476,0.5,1.0,1.0,2.0,1.5,1.5,0.7071067811865476,0.5,1.0,1.0,2.0,1.5,1.5,0.7071067811865476,0.5,1.0,0.0,0.0,0.0,0.0,0.0,0.0,0.0,0.0,0.0,0.0,0.0,0.0,0.0,0.0,0.0,0.0,0.0,0.0,0.0,0.0,0.0,0.0,0.0,0.0,0.0,0.0,0.0,0.0,0.0,1.0,0.5,0.5,0.7071067811865476,0.5,1.0,2.0,3.0,2.5,2.5,0.7071067811865476,0.5,1.0,0.0,0.0,1.0,1.0,0.0,0.0,0.0,1.0,0.0,0.0,2.0,0.0,0.0,0.0,0.0,0.0,0.0,0.0,0.0,0.0,0.0,0.0,0.0,0.0
1206,1785,Enterprise 2014-23,-6,13,2,6,0,0,0,0,2,6,0,0,0,0,2,1,2.0,0.0,0.0,0.0,2.0,1.0,1.0,1.4142135623730951,2.0,2.0,1.0,1.0,1.0,1.0,0.0,0.0,0.0,1.0,1.0,1.0,1.0,0.0,0.0,0.0,0.0,0.0,0.0,0.0,0.0,0.0,0.0,0.0,0.0,0.0,0.0,0.0,0.0,0.0,0.0,0.0,0.0,0.0,0.0,0.0,0.0,0.0,0.0,0.0,0.0,0.0,0.0,0.0,0.0,0.0,0.0,0.0,0.0,0.0,0.0,0.0,2.0,1.0,1.0,1.4142135623730951,2.0,2.0,0.0,0.0,2.0,0.0,0.0,0.0,0.0,2.0,0.0,0.0,2.0,0.0,0.0,0.0,0.0,0.0,0.0,0.0,0.0,0.0,0.0,0.0,0.0,0.0
1206,1810,Enterprise 2014-24,3,13,2,6,1,3,0,0,1,3,0,0,2,6,2,1,5.0,0.0,2.0,0.0,3.0,1.4,1.0,1.5165750888103102,2.3000000000000003,3.0,1.0,3.0,1.4,1.0,0.8944271909999159,0.8,2.0,0.0,2.0,1.0,1.0,0.7071067811865476,0.5,2.0,0.0,0.0,0.0,0.0,0.0,0.0,0.0,0.0,0.0,0.0,0.0,0.0,0.0,0.0,0.0,0.0,0.0,0.0,0.0,0.0,0.0,0.0,1.0,0.4,0.0,0.5477225575051662,0.30000000000000004,1.0,0.0,0.0,0.0,0.0,0.0,0.0,0.0,0.0,2.0,0.8,0.0,1.0954451150103324,1.2000000000000002,2.0,0.0,0.0,5.0,0.0,0.0,0.0,0.0,2.0,0.0,1.0,5.0,0.0,0.0,0.0,0.0,0.0,0.0,0.0,0.0,0.0,0.0,0.0,0.0,0.0
1206,1835,Enterprise 2014-25,-3,13,1,3,0,0,0,0,1,3,0,0,0,0,2,1,1.0,0.0,1.0,5.0,5.0,5.0,5.0,0.0,0.0,0.0,1.0,1.0,1.0,1.0,0.0,0.0,0.0,2.0,2.0,2.0,2.0,0.0,0.0,0.0,0.0,0.0,0.0,0.0,0.0,0.0,0.0,0.0,0.0,0.0,0.0,0.0,0.0,0.0,0.0,0.0,0.0,0.0,0.0,0.0,0.0,0.0,0.0,0.0,0.0,0.0,0.0,0.0,0.0,0.0,0.0,0.0,0.0,0.0,0.0,0.0,0.0,0.0,0.0,0.0,0.0,0.0,0.0,0.0,1.0,0.0,0.0,0.0,0.0,0.0,0.0,0.0,1.0,0.0,0.0,0.0,0.0,0.0,0.0,0.0,0.0,0.0,0.0,0.0,0.0,0.0
1206,1883,Enterprise 2014-26,0,13,1,3,0,0,0,0,1,3,0,0,0,0,2,3,3.0,0.0,1.0,5.0,11.0,8.333333333333334,9.0,3.055050463303893,9.333333333333332,6.0,1.0,3.0,2.0,2.0,1.0,1.0,2.0,1.0,2.0,1.3333333333333333,1.0,0.5773502691896257,0.3333333333333333,1.0,0.0,4.0,1.6666666666666667,1.0,2.0816659994661326,4.333333333333333,4.0,0.0,0.0,0.0,0.0,0.0,0.0,0.0,0.0,0.0,0.0,0.0,0.0,0.0,0.0,0.0,0.0,0.0,0.0,0.0,0.0,0.0,0.0,3.0,1.3333333333333333,1.0,1.5275252316519468,2.3333333333333335,3.0,0.0,5.0,2.3333333333333335,2.0,2.5166114784235836,6.333333333333334,5.0,0.0,0.0,2.0,1.0,0.0,0.0,0.0,1.0,0.0,0.0,3.0,0.0,0.0,0.0,0.0,0.0,0.0,0.0,0.0,0.0,0.0,0.0,0.0,0.0
1206,1921,Enterprise 2015-01,-3,14,2,6,1,3,0,0,1,3,0,0,2,6,2,2,3.0,0.0,0.0,2.0,11.0,7.333333333333333,9.0,4.725815626252609,22.333333333333336,9.0,0.0,3.0,1.6666666666666667,2.0,1.5275252316519468,2.3333333333333335,3.0,0.0,1.0,0.6666666666666666,1.0,0.5773502691896258,0.33333333333333337,1.0,0.0,4.0,1.6666666666666667,1.0,2.0816659994661326,4.333333333333333,4.0,0.0,0.0,0.0,0.0,0.0,0.0,0.0,0.0,0.0,0.0,0.0,0.0,0.0,0.0,0.0,0.0,0.0,0.0,0.0,0.0,0.0,0.0,3.0,1.3333333333333333,1.0,1.5275252316519468,2.3333333333333335,3.0,0.0,5.0,2.3333333333333335,2.0,2.5166114784235836,6.333333333333334,5.0,0.0,0.0,2.0,1.0,0.0,0.0,0.0,1.0,0.0,1.0,3.0,0.0,0.0,0.0,0.0,0.0,0.0,0.0,0.0,0.0,0.0,0.0,0.0,0.0
1206,1963,Enterprise 2015-2,-3,14,1,3,0,0,0,0,1,3,0,0,0,0,2,1,2.0,0.0,0.0,0.0,9.0,4.5,4.5,6.363961030678928,40.5,9.0,1.0,2.0,1.5,1.5,0.7071067811865476,0.5,1.0,1.0,1.0,1.0,1.0,0.0,0.0,0.0,1.0,1.0,1.0,1.0,0.0,0.0,0.0,0.0,0.0,0.0,0.0,0.0,0.0,0.0,0.0,0.0,0.0,0.0,0.0,0.0,0.0,0.0,0.0,0.0,0.0,0.0,0.0,0.0,0.0,1.0,0.5,0.5,0.7071067811865476,0.5,1.0,0.0,2.0,1.0,1.0,1.4142135623730951,2.0,2.0,1.0,0.0,1.0,1.0,0.0,0.0,0.0,1.0,0.0,0.0,1.0,0.0,0.0,0.0,0.0,0.0,0.0,0.0,0.0,0.0,0.0,0.0,0.0,0.0
1206,1987,Enterprise 2015-3,-3,14,0,0,2,6,0,0,1,3,1,3,0,0,2,2,2.0,0.0,0.0,0.0,9.0,4.5,4.5,6.363961030678928,40.5,9.0,1.0,2.0,1.5,1.5,0.7071067811865476,0.5,1.0,0.0,1.0,0.5,0.5,0.7071067811865476,0.5,1.0,0.0,1.0,0.5,0.5,0.7071067811865476,0.5,1.0,0.0,0.0,0.0,0.0,0.0,0.0,0.0,0.0,0.0,0.0,0.0,0.0,0.0,0.0,0.0,0.0,0.0,0.0,0.0,0.0,0.0,0.0,1.0,0.5,0.5,0.7071067811865476,0.5,1.0,0.0,2.0,1.0,1.0,1.4142135623730951,2.0,2.0,1.0,0.0,1.0,1.0,0.0,0.0,0.0,1.0,0.0,0.0,1.0,0.0,0.0,0.0,0.0,0.0,0.0,0.0,0.0,0.0,0.0,0.0,0.0,0.0
1206,2019,Enterprise 2015-4,0,13,1,3,1,3,0,0,1,3,1,3,0,0,2,2,3.0,0.0,0.0,2.0,9.0,4.666666666666667,3.0,3.7859388972001824,14.333333333333332,7.0,1.0,2.0,1.3333333333333333,1.0,0.5773502691896257,0.3333333333333333,1.0,1.0,2.0,1.6666666666666667,2.0,0.5773502691896257,0.3333333333333333,1.0,0.0,1.0,0.6666666666666666,1.0,0.5773502691896258,0.33333333333333337,1.0,0.0,0.0,0.0,0.0,0.0,0.0,0.0,0.0,0.0,0.0,0.0,0.0,0.0,0.0,0.0,0.0,0.0,0.0,0.0,0.0,0.0,0.0,1.0,0.3333333333333333,0.0,0.5773502691896258,0.33333333333333337,1.0,0.0,2.0,0.6666666666666666,0.0,1.1547005383792517,1.3333333333333335,2.0,1.0,0.0,1.0,2.0,0.0,0.0,0.0,1.0,0.0,0.0,2.0,0.0,0.0,0.0,0.0,0.0,0.0,0.0,0.0,0.0,0.0,0.0,0.0,0.0
1206,2074,Enterprise 2015-5,-6,13,1,3,1,3,0,0,1,3,1,3,0,0,2,3,2.0,0.0,0.0,2.0,9.0,5.5,5.5,4.949747468305833,24.5,7.0,1.0,2.0,1.5,1.5,0.7071067811865476,0.5,1.0,1.0,1.0,1.0,1.0,0.0,0.0,0.0,0.0,1.0,0.5,0.5,0.7071067811865476,0.5,1.0,0.0,0.0,0.0,0.0,0.0,0.0,0.0,0.0,0.0,0.0,0.0,0.0,0.0,0.0,0.0,0.0,0.0,0.0,0.0,0.0,0.0,1.0,3.0,2.0,2.0,1.4142135623730951,2.0,2.0,2.0,5.0,3.5,3.5,2.1213203435596424,4.5,3.0,0.0,0.0,1.0,1.0,0.0,0.0,0.0,1.0,0.0,0.0,2.0,0.0,0.0,0.0,0.0,0.0,0.0,0.0,0.0,0.0,0.0,0.0,0.0,0.0
1206,2125,Hurricane Alessia,-3,14,2,6,0,0,0,0,1,3,0,0,1,3,2,3,2.0,0.0,0.0,2.0,9.0,5.5,5.5,4.949747468305833,24.5,7.0,1.0,2.0,1.5,1.5,0.7071067811865476,0.5,1.0,1.0,1.0,1.0,1.0,0.0,0.0,0.0,0.0,1.0,0.5,0.5,0.7071067811865476,0.5,1.0,0.0,0.0,0.0,0.0,0.0,0.0,0.0,0.0,0.0,0.0,0.0,0.0,0.0,0.0,0.0,1.0,0.5,0.5,0.7071067811865476,0.5,1.0,1.0,3.0,2.0,2.0,1.4142135623730951,2.0,2.0,2.0,6.0,4.0,4.0,2.8284271247461903,8.0,4.0,0.0,0.0,1.0,1.0,0.0,0.0,0.0,1.0,0.0,0.0,2.0,0.0,0.0,0.0,0.0,0.0,0.0,0.0,0.0,0.0,0.0,0.0,0.0,0.0
1206,2162,Hurricane Bruce,-3,13,1,3,0,0,0,0,1,3,0,0,0,0,2,1,1.0,0.0,0.0,9.0,9.0,9.0,9.0,0.0,0.0,0.0,2.0,2.0,2.0,2.0,0.0,0.0,0.0,1.0,1.0,1.0,1.0,0.0,0.0,0.0,1.0,1.0,1.0,1.0,0.0,0.0,0.0,0.0,0.0,0.0,0.0,0.0,0.0,0.0,0.0,0.0,0.0,0.0,0.0,0.0,0.0,0.0,0.0,0.0,0.0,0.0,0.0,0.0,1.0,1.0,1.0,1.0,0.0,0.0,0.0,2.0,2.0,2.0,2.0,0.0,0.0,0.0,0.0,0.0,0.0,1.0,0.0,0.0,0.0,0.0,0.0,0.0,1.0,0.0,0.0,0.0,0.0,0.0,0.0,0.0,0.0,0.0,0.0,0.0,0.0,0.0
1206,2199,Hurricane Catherine,3,14,0,0,0,0,0,0,0,0,0,0,0,0,2,1,1.0,0.0,0.0,0.0,0.0,0.0,0.0,0.0,0.0,0.0,2.0,2.0,2.0,2.0,0.0,0.0,0.0,1.0,1.0,1.0,1.0,0.0,0.0,0.0,1.0,1.0,1.0,1.0,0.0,0.0,0.0,0.0,0.0,0.0,0.0,0.0,0.0,0.0,0.0,0.0,0.0,0.0,0.0,0.0,0.0,0.0,0.0,0.0,0.0,0.0,0.0,0.0,2.0,2.0,2.0,2.0,0.0,0.0,0.0,0.0,0.0,0.0,0.0,0.0,0.0,0.0,0.0,0.0,1.0,0.0,0.0,0.0,0.0,1.0,0.0,0.0,1.0,0.0,0.0,0.0,0.0,0.0,0.0,0.0,0.0,0.0,0.0,0.0,0.0,0.0
1206,2200,Hurricane Dylan,3,41,0,0,0,0,0,0,0,0,0,0,0,0,2,2,1.0,0.0,1.0,25.0,25.0,25.0,25.0,0.0,0.0,0.0,7.0,7.0,7.0,7.0,0.0,0.0,0.0,2.0,2.0,2.0,2.0,0.0,0.0,0.0,1.0,1.0,1.0,1.0,0.0,0.0,0.0,0.0,0.0,0.0,0.0,0.0,0.0,0.0,0.0,0.0,0.0,0.0,0.0,0.0,0.0,2.0,2.0,2.0,2.0,0.0,0.0,0.0,0.0,0.0,0.0,0.0,0.0,0.0,0.0,1.0,1.0,1.0,1.0,0.0,0.0,0.0,0.0,0.0,1.0,0.0,0.0,0.0,0.0,0.0,0.0,0.0,1.0,0.0,0.0,0.0,0.0,0.0,0.0,0.0,0.0,0.0,0.0,0.0,0.0,0.0
