boardid,sprintid,name,vel_diff,planday,no_issue_starttime,vel_starttime,no_issue_added,vel_added,no_issue_removed,vel_removed,no_issuetodo,vel_todo,no_issueinprogress,vel_inprogress,no_issuedone,vel_done,no_admin,no_teammember,no_issues,no_comment_min,no_comment_max,no_comment_mean,no_comment_median,no_comment_std,no_comment_var,no_comment_range,no_affectversion_min,no_affectversion_max,no_affectversion_mean,no_affectversion_median,no_affectversion_std,no_affectversion_var,no_affectversion_range,no_fixversion_min,no_fixversion_max,no_fixversion_mean,no_fixversion_median,no_fixversion_std,no_fixversion_var,no_fixversion_range,no_issuelink_min,no_issuelink_max,no_issuelink_mean,no_issuelink_median,no_issuelink_std,no_issuelink_var,no_issuelink_range,no_blocking_min,no_blocking_max,no_blocking_mean,no_blocking_median,no_blocking_std,no_blocking_var,no_blocking_range,no_blockedby_min,no_blockedby_max,no_blockedby_mean,no_blockedby_median,no_blockedby_std,no_blockedby_var,no_blockedby_range,no_fixversion_change_min,no_fixversion_change_max,no_fixversion_change_mean,no_fixversion_change_median,no_fixversion_change_std,no_fixversion_change_var,no_fixversion_change_range,no_priority_change_min,no_priority_change_max,no_priority_change_mean,no_priority_change_median,no_priority_change_std,no_priority_change_var,no_priority_change_range,no_des_change_min,no_des_change_max,no_des_change_mean,no_des_change_median,no_des_change_std,no_des_change_var,no_des_change_range,type_freq_Improvement,type_freq_Task,type_freq_Bug,type_freq_Sub-task,priority_freq_Major - P3,priority_freq_Minor - P4,priority_freq_Critical - P2,priority_freq_Blocker - P1,priority_freq_Trivial - P5,gunning_fog_freq_hard,gunning_fog_freq_easy,type_freq_Tracking,type_freq_New Feature,type_freq_Epic,type_freq_Question,type_freq_Story,type_freq_Spec,type_freq_Build Failure
53,337,MMS Sprint v20141202,0,20,0,0,0,0,0,0,0,0,0,0,0,0,1,1,0.0,0.0,0.0,0.0,0.0,0.0,0.0,0.0,0.0,0.0,0.0,0.0,0.0,0.0,0.0,0.0,0.0,0.0,0.0,0.0,0.0,0.0,0.0,0.0,0.0,0.0,0.0,0.0,0.0,0.0,0.0,0.0,0.0,0.0,0.0,0.0,0.0,0.0,0.0,0.0,0.0,0.0,0.0,0.0,0.0,0.0,0.0,0.0,0.0,0.0,0.0,0.0,0.0,0.0,0.0,0.0,0.0,0.0,0.0,0.0,0.0,0.0,0.0,0.0,0.0,0.0,0.0,0.0,0.0,0.0,0.0,0.0,0.0,0.0,0.0,0.0,0.0,0.0,0.0,0.0,0.0,0.0
53,355,MMS Core Sprint v20150106,0,34,0,0,0,0,0,0,0,0,0,0,0,0,1,1,0.0,0.0,0.0,0.0,0.0,0.0,0.0,0.0,0.0,0.0,0.0,0.0,0.0,0.0,0.0,0.0,0.0,0.0,0.0,0.0,0.0,0.0,0.0,0.0,0.0,0.0,0.0,0.0,0.0,0.0,0.0,0.0,0.0,0.0,0.0,0.0,0.0,0.0,0.0,0.0,0.0,0.0,0.0,0.0,0.0,0.0,0.0,0.0,0.0,0.0,0.0,0.0,0.0,0.0,0.0,0.0,0.0,0.0,0.0,0.0,0.0,0.0,0.0,0.0,0.0,0.0,0.0,0.0,0.0,0.0,0.0,0.0,0.0,0.0,0.0,0.0,0.0,0.0,0.0,0.0,0.0,0.0
53,372,MMS Core Sprint v20150127,0,19,0,0,0,0,0,0,0,0,0,0,0,0,1,1,0.0,0.0,0.0,0.0,0.0,0.0,0.0,0.0,0.0,0.0,0.0,0.0,0.0,0.0,0.0,0.0,0.0,0.0,0.0,0.0,0.0,0.0,0.0,0.0,0.0,0.0,0.0,0.0,0.0,0.0,0.0,0.0,0.0,0.0,0.0,0.0,0.0,0.0,0.0,0.0,0.0,0.0,0.0,0.0,0.0,0.0,0.0,0.0,0.0,0.0,0.0,0.0,0.0,0.0,0.0,0.0,0.0,0.0,0.0,0.0,0.0,0.0,0.0,0.0,0.0,0.0,0.0,0.0,0.0,0.0,0.0,0.0,0.0,0.0,0.0,0.0,0.0,0.0,0.0,0.0,0.0,0.0
53,418,MMS v20150310,0,21,0,0,0,0,0,0,0,0,0,0,0,0,1,1,0.0,0.0,0.0,0.0,0.0,0.0,0.0,0.0,0.0,0.0,0.0,0.0,0.0,0.0,0.0,0.0,0.0,0.0,0.0,0.0,0.0,0.0,0.0,0.0,0.0,0.0,0.0,0.0,0.0,0.0,0.0,0.0,0.0,0.0,0.0,0.0,0.0,0.0,0.0,0.0,0.0,0.0,0.0,0.0,0.0,0.0,0.0,0.0,0.0,0.0,0.0,0.0,0.0,0.0,0.0,0.0,0.0,0.0,0.0,0.0,0.0,0.0,0.0,0.0,0.0,0.0,0.0,0.0,0.0,0.0,0.0,0.0,0.0,0.0,0.0,0.0,0.0,0.0,0.0,0.0,0.0,0.0
53,471,MMS v20150421,0,21,0,0,0,0,0,0,0,0,0,0,0,0,1,1,0.0,0.0,0.0,0.0,0.0,0.0,0.0,0.0,0.0,0.0,0.0,0.0,0.0,0.0,0.0,0.0,0.0,0.0,0.0,0.0,0.0,0.0,0.0,0.0,0.0,0.0,0.0,0.0,0.0,0.0,0.0,0.0,0.0,0.0,0.0,0.0,0.0,0.0,0.0,0.0,0.0,0.0,0.0,0.0,0.0,0.0,0.0,0.0,0.0,0.0,0.0,0.0,0.0,0.0,0.0,0.0,0.0,0.0,0.0,0.0,0.0,0.0,0.0,0.0,0.0,0.0,0.0,0.0,0.0,0.0,0.0,0.0,0.0,0.0,0.0,0.0,0.0,0.0,0.0,0.0,0.0,0.0
53,496,MMS v20150512,0,21,0,0,0,0,0,0,0,0,0,0,0,0,1,1,0.0,0.0,0.0,0.0,0.0,0.0,0.0,0.0,0.0,0.0,0.0,0.0,0.0,0.0,0.0,0.0,0.0,0.0,0.0,0.0,0.0,0.0,0.0,0.0,0.0,0.0,0.0,0.0,0.0,0.0,0.0,0.0,0.0,0.0,0.0,0.0,0.0,0.0,0.0,0.0,0.0,0.0,0.0,0.0,0.0,0.0,0.0,0.0,0.0,0.0,0.0,0.0,0.0,0.0,0.0,0.0,0.0,0.0,0.0,0.0,0.0,0.0,0.0,0.0,0.0,0.0,0.0,0.0,0.0,0.0,0.0,0.0,0.0,0.0,0.0,0.0,0.0,0.0,0.0,0.0,0.0,0.0
53,561,MMS v20150623,0,20,0,0,0,0,0,0,0,0,0,0,0,0,1,1,0.0,0.0,0.0,0.0,0.0,0.0,0.0,0.0,0.0,0.0,0.0,0.0,0.0,0.0,0.0,0.0,0.0,0.0,0.0,0.0,0.0,0.0,0.0,0.0,0.0,0.0,0.0,0.0,0.0,0.0,0.0,0.0,0.0,0.0,0.0,0.0,0.0,0.0,0.0,0.0,0.0,0.0,0.0,0.0,0.0,0.0,0.0,0.0,0.0,0.0,0.0,0.0,0.0,0.0,0.0,0.0,0.0,0.0,0.0,0.0,0.0,0.0,0.0,0.0,0.0,0.0,0.0,0.0,0.0,0.0,0.0,0.0,0.0,0.0,0.0,0.0,0.0,0.0,0.0,0.0,0.0,0.0
53,578,MMS v20150714,0,19,0,0,0,0,0,0,0,0,0,0,0,0,1,1,0.0,0.0,0.0,0.0,0.0,0.0,0.0,0.0,0.0,0.0,0.0,0.0,0.0,0.0,0.0,0.0,0.0,0.0,0.0,0.0,0.0,0.0,0.0,0.0,0.0,0.0,0.0,0.0,0.0,0.0,0.0,0.0,0.0,0.0,0.0,0.0,0.0,0.0,0.0,0.0,0.0,0.0,0.0,0.0,0.0,0.0,0.0,0.0,0.0,0.0,0.0,0.0,0.0,0.0,0.0,0.0,0.0,0.0,0.0,0.0,0.0,0.0,0.0,0.0,0.0,0.0,0.0,0.0,0.0,0.0,0.0,0.0,0.0,0.0,0.0,0.0,0.0,0.0,0.0,0.0,0.0,0.0
53,643,please delete me (duplicate),0,3,0,0,0,0,0,0,0,0,0,0,0,0,1,1,0.0,0.0,0.0,0.0,0.0,0.0,0.0,0.0,0.0,0.0,0.0,0.0,0.0,0.0,0.0,0.0,0.0,0.0,0.0,0.0,0.0,0.0,0.0,0.0,0.0,0.0,0.0,0.0,0.0,0.0,0.0,0.0,0.0,0.0,0.0,0.0,0.0,0.0,0.0,0.0,0.0,0.0,0.0,0.0,0.0,0.0,0.0,0.0,0.0,0.0,0.0,0.0,0.0,0.0,0.0,0.0,0.0,0.0,0.0,0.0,0.0,0.0,0.0,0.0,0.0,0.0,0.0,0.0,0.0,0.0,0.0,0.0,0.0,0.0,0.0,0.0,0.0,0.0,0.0,0.0,0.0,0.0
80,6,docs-sprint-0,-14,16,13,13,10,10,9,9,11,11,2,2,1,1,1,6,29.0,0.0,8.0,0.896551724137931,0.0,1.7184882805661927,2.9532019704433496,8.0,0.0,1.0,0.06896551724137931,0.0,0.25788071477756375,0.0665024630541872,1.0,0.0,2.0,0.6551724137931034,1.0,0.5526470114022356,0.3054187192118227,2.0,0.0,3.0,1.0344827586206897,1.0,1.117483097369443,1.2487684729064037,3.0,0.0,0.0,0.0,0.0,0.0,0.0,0.0,0.0,0.0,0.0,0.0,0.0,0.0,0.0,0.0,1.0,0.1724137931034483,0.0,0.3844258722192448,0.1477832512315271,1.0,0.0,3.0,0.5517241379310345,0.0,0.7361195019711582,0.5418719211822659,3.0,0.0,3.0,0.5862068965517241,0.0,0.9455626208510669,0.8940886699507385,3.0,12.0,10.0,5.0,2.0,12.0,7.0,6.0,3.0,1.0,17.0,12.0,0.0,0.0,0.0,0.0,0.0,0.0,0.0
80,412,v1.3.18 - 15 - Ending 2/20,17,18,0,0,15,15,10,10,5,5,0,0,0,0,1,10,117.0,0.0,6.0,0.4444444444444444,0.0,0.9777211756518357,0.9559386973180077,6.0,0.0,1.0,0.07692307692307693,0.0,0.2676154650525237,0.07161803713527853,1.0,0.0,3.0,0.5982905982905983,1.0,0.6305420363879202,0.3975832596522252,3.0,0.0,5.0,0.42735042735042733,0.0,0.903214940969387,0.8157972295903333,5.0,0.0,0.0,0.0,0.0,0.0,0.0,0.0,0.0,0.0,0.0,0.0,0.0,0.0,0.0,0.0,9.0,2.1880341880341883,1.0,2.1291556685433006,4.5333038608900695,9.0,0.0,3.0,0.3076923076923077,0.0,0.5327472464942589,0.28381962864721466,3.0,0.0,11.0,0.3504273504273504,0.0,1.2339747895781628,1.5226937813144712,11.0,25.0,42.0,50.0,0.0,76.0,18.0,16.0,4.0,3.0,54.0,63.0,0.0,0.0,0.0,0.0,0.0,0.0,0.0
80,419,Docs Sprint 16 - Ending 3/13,11,19,30,30,84,84,55,55,23,23,18,18,18,18,1,13,161.0,0.0,26.0,0.4968944099378882,0.0,2.1798056782729636,4.751552795031055,26.0,0.0,1.0,0.062111801242236024,0.0,0.24211157019514834,0.05861801242236024,1.0,0.0,3.0,0.36024844720496896,0.0,0.6077910314311974,0.36940993788819876,3.0,0.0,5.0,0.5341614906832298,0.0,0.9748785559021,0.9503881987577639,5.0,0.0,0.0,0.0,0.0,0.0,0.0,0.0,0.0,0.0,0.0,0.0,0.0,0.0,0.0,0.0,21.0,2.559006211180124,2.0,3.032830197391733,9.198059006211178,21.0,0.0,3.0,0.2111801242236025,0.0,0.4797126469069629,0.23012422360248447,3.0,0.0,13.0,0.2981366459627329,0.0,1.273993330520682,1.62305900621118,13.0,32.0,64.0,65.0,0.0,108.0,19.0,24.0,7.0,3.0,70.0,91.0,0.0,0.0,0.0,0.0,0.0,0.0,0.0
80,435,Docs Sprint 17 - Ending 4/3,-26,19,109,109,22,22,42,42,37,37,14,14,38,38,1,13,178.0,0.0,6.0,0.4887640449438202,0.0,1.02090446243113,1.0422459214117945,6.0,0.0,3.0,0.10674157303370786,0.0,0.3602565792524638,0.12978480289468672,3.0,0.0,3.0,0.2752808988764045,0.0,0.5895092086564152,0.34752110709071293,3.0,0.0,5.0,0.4101123595505618,0.0,0.827021740376526,0.683964959055418,5.0,0.0,0.0,0.0,0.0,0.0,0.0,0.0,0.0,0.0,0.0,0.0,0.0,0.0,0.0,0.0,18.0,2.1292134831460676,1.0,2.8916674464457572,8.361740620834127,18.0,0.0,1.0,0.16292134831460675,0.0,0.37033563108978446,0.13714847965466895,1.0,0.0,7.0,0.2696629213483146,0.0,0.8927079978088409,0.7969275693518695,7.0,45.0,75.0,57.0,1.0,113.0,34.0,27.0,1.0,3.0,90.0,88.0,0.0,0.0,0.0,0.0,0.0,0.0,0.0
80,439,Beryllium - 20150427,0,28,0,0,0,0,0,0,0,0,0,0,0,0,1,1,1.0,0.0,0.0,0.0,0.0,0.0,0.0,0.0,0.0,0.0,0.0,0.0,0.0,0.0,0.0,0.0,0.0,0.0,0.0,0.0,0.0,0.0,0.0,0.0,0.0,0.0,0.0,0.0,0.0,0.0,0.0,0.0,0.0,0.0,0.0,0.0,0.0,0.0,0.0,0.0,0.0,0.0,0.0,0.0,0.0,0.0,0.0,0.0,0.0,0.0,0.0,0.0,0.0,0.0,0.0,0.0,0.0,0.0,0.0,0.0,0.0,0.0,0.0,0.0,0.0,0.0,1.0,0.0,1.0,0.0,0.0,0.0,0.0,0.0,1.0,0.0,0.0,0.0,0.0,0.0,0.0,0.0
80,461,Docs Sprint 18 - 4/24 (461),-57,19,88,88,20,20,11,11,49,49,14,14,34,34,1,13,131.0,0.0,11.0,0.6641221374045801,0.0,1.5221982435478012,2.317087492660011,11.0,0.0,2.0,0.07633587786259542,0.0,0.2939994926915305,0.08643570170287729,2.0,0.0,3.0,0.24427480916030533,0.0,0.5960330792760662,0.35525543159130946,3.0,0.0,3.0,0.35877862595419846,0.0,0.6801436758857118,0.4625954198473282,3.0,0.0,0.0,0.0,0.0,0.0,0.0,0.0,0.0,0.0,0.0,0.0,0.0,0.0,0.0,0.0,18.0,1.6106870229007633,0.0,2.600510361400888,6.762654139753377,18.0,0.0,2.0,0.19083969465648856,0.0,0.41351223248195906,0.17099236641221377,2.0,0.0,6.0,0.33587786259541985,0.0,0.9166048307405622,0.8401644157369347,6.0,36.0,59.0,36.0,0.0,88.0,28.0,11.0,1.0,3.0,67.0,64.0,0.0,0.0,0.0,0.0,0.0,0.0,0.0
80,487,Docs Current Sprint (487),-56,18,81,81,12,12,8,8,58,58,10,10,17,17,1,8,118.0,0.0,5.0,0.4152542372881356,0.0,0.9899172993726681,0.9799362595972767,5.0,0.0,2.0,0.1271186440677966,0.0,0.42459855689959985,0.18028393452122274,2.0,0.0,3.0,0.3050847457627119,0.0,0.5774757119437818,0.3334781978849776,3.0,0.0,3.0,0.4830508474576271,0.0,0.7593637783169465,0.5766333478197886,3.0,0.0,0.0,0.0,0.0,0.0,0.0,0.0,0.0,0.0,0.0,0.0,0.0,0.0,0.0,0.0,18.0,1.3728813559322033,0.0,2.5513415615281794,6.509343763581049,18.0,0.0,2.0,0.13559322033898305,0.0,0.3903812346024227,0.15239750832971177,2.0,0.0,6.0,0.3559322033898305,0.0,0.9107658440646318,0.8294944227147613,6.0,26.0,63.0,29.0,0.0,89.0,20.0,4.0,4.0,1.0,61.0,57.0,0.0,0.0,0.0,0.0,0.0,0.0,0.0
80,502,BUILD 3 05/15/15,1,18,0,0,1,1,0,0,0,0,0,0,1,1,1,1,2.0,0.0,3.0,1.5,1.5,2.1213203435596424,4.5,3.0,0.0,0.0,0.0,0.0,0.0,0.0,0.0,0.0,0.0,0.0,0.0,0.0,0.0,0.0,1.0,1.0,1.0,1.0,0.0,0.0,0.0,0.0,0.0,0.0,0.0,0.0,0.0,0.0,0.0,0.0,0.0,0.0,0.0,0.0,0.0,0.0,0.0,0.0,0.0,0.0,0.0,0.0,0.0,0.0,0.0,0.0,0.0,0.0,0.0,0.0,0.0,0.0,0.0,0.0,0.0,0.0,0.0,2.0,0.0,0.0,0.0,0.0,2.0,0.0,0.0,0.0,2.0,0.0,0.0,0.0,0.0,0.0,0.0,0.0
80,511,Docs Sprint Current (511),-55,17,78,78,7,7,2,2,65,65,4,4,14,14,1,8,121.0,0.0,8.0,0.4462809917355372,0.0,1.1686916703671995,1.365840220385675,8.0,0.0,2.0,0.15702479338842976,0.0,0.44736756816607964,0.20013774104683194,2.0,0.0,3.0,0.4297520661157025,0.0,0.6432527533428797,0.41377410468319564,3.0,0.0,3.0,0.49586776859504134,0.0,0.7430115178800928,0.5520661157024794,3.0,0.0,0.0,0.0,0.0,0.0,0.0,0.0,0.0,0.0,0.0,0.0,0.0,0.0,0.0,0.0,18.0,1.421487603305785,0.0,2.509156784378976,6.295867768595042,18.0,0.0,2.0,0.1322314049586777,0.0,0.3860515673743293,0.14903581267217628,2.0,0.0,6.0,0.5041322314049587,0.0,1.1410811170563113,1.3020661157024793,6.0,22.0,66.0,26.0,7.0,89.0,26.0,4.0,2.0,0.0,48.0,73.0,0.0,0.0,0.0,0.0,0.0,0.0,0.0
80,541,BUILD 4 06/05/15,1,22,0,0,1,1,0,0,0,0,0,0,1,1,1,1,3.0,0.0,2.0,0.6666666666666666,0.0,1.1547005383792517,1.3333333333333335,2.0,0.0,1.0,0.3333333333333333,0.0,0.5773502691896258,0.33333333333333337,1.0,0.0,0.0,0.0,0.0,0.0,0.0,0.0,0.0,1.0,0.3333333333333333,0.0,0.5773502691896258,0.33333333333333337,1.0,0.0,0.0,0.0,0.0,0.0,0.0,0.0,0.0,0.0,0.0,0.0,0.0,0.0,0.0,0.0,0.0,0.0,0.0,0.0,0.0,0.0,0.0,0.0,0.0,0.0,0.0,0.0,0.0,0.0,0.0,0.0,0.0,0.0,0.0,0.0,0.0,2.0,1.0,0.0,0.0,1.0,1.0,0.0,1.0,1.0,2.0,0.0,0.0,0.0,0.0,0.0,0.0,0.0
80,556,DOCS Current Sprint (556),-39,18,76,76,32,32,21,21,52,52,11,11,24,24,1,5,150.0,0.0,6.0,0.4266666666666667,0.0,0.9074388079405683,0.8234451901565996,6.0,0.0,2.0,0.1,0.0,0.32253192964043714,0.10402684563758388,2.0,0.0,3.0,0.3333333333333333,0.0,0.575409590524879,0.33109619686800895,3.0,0.0,12.0,0.56,0.0,1.206692745710496,1.4561073825503354,12.0,0.0,0.0,0.0,0.0,0.0,0.0,0.0,0.0,0.0,0.0,0.0,0.0,0.0,0.0,0.0,11.0,1.0066666666666666,0.0,1.8770842256426852,3.5234451901565986,11.0,0.0,2.0,0.29333333333333333,0.0,0.5377889941576868,0.2892170022371364,2.0,0.0,8.0,0.3933333333333333,0.0,1.0484675084765842,1.0992841163310962,8.0,32.0,64.0,52.0,2.0,98.0,45.0,4.0,2.0,1.0,68.0,82.0,0.0,0.0,0.0,0.0,0.0,0.0,0.0
80,567,Platform 5 06/26/16,1,18,0,0,0,0,0,0,0,0,0,0,0,0,1,1,1.0,0.0,0.0,0.0,0.0,0.0,0.0,0.0,0.0,0.0,0.0,0.0,0.0,0.0,0.0,0.0,0.0,0.0,0.0,0.0,0.0,0.0,0.0,0.0,0.0,0.0,0.0,0.0,0.0,0.0,0.0,0.0,0.0,0.0,0.0,0.0,0.0,0.0,0.0,0.0,0.0,0.0,0.0,0.0,0.0,0.0,0.0,0.0,0.0,0.0,0.0,0.0,0.0,0.0,0.0,0.0,0.0,0.0,0.0,0.0,0.0,0.0,0.0,0.0,0.0,0.0,1.0,0.0,1.0,0.0,0.0,0.0,0.0,0.0,1.0,0.0,0.0,0.0,0.0,0.0,0.0,0.0
80,568,Build 5 06/26/16,0,17,0,0,1,1,0,0,0,0,0,0,1,1,1,1,1.0,1.0,1.0,1.0,1.0,0.0,0.0,0.0,0.0,0.0,0.0,0.0,0.0,0.0,0.0,0.0,0.0,0.0,0.0,0.0,0.0,0.0,0.0,0.0,0.0,0.0,0.0,0.0,0.0,0.0,0.0,0.0,0.0,0.0,0.0,0.0,0.0,0.0,0.0,0.0,0.0,0.0,0.0,0.0,0.0,0.0,0.0,0.0,0.0,0.0,0.0,0.0,0.0,0.0,0.0,0.0,0.0,1.0,1.0,1.0,1.0,0.0,0.0,0.0,0.0,1.0,0.0,0.0,0.0,0.0,1.0,0.0,0.0,0.0,1.0,0.0,0.0,0.0,0.0,0.0,0.0,0.0
80,597,MKT Sprint Ending 7/28,0,14,0,0,1,1,1,1,0,0,0,0,0,0,1,2,1.0,2.0,2.0,2.0,2.0,0.0,0.0,0.0,0.0,0.0,0.0,0.0,0.0,0.0,0.0,0.0,0.0,0.0,0.0,0.0,0.0,0.0,0.0,0.0,0.0,0.0,0.0,0.0,0.0,0.0,0.0,0.0,0.0,0.0,0.0,0.0,0.0,0.0,0.0,0.0,0.0,0.0,0.0,0.0,0.0,0.0,0.0,0.0,0.0,0.0,0.0,0.0,0.0,0.0,0.0,0.0,0.0,0.0,0.0,0.0,0.0,0.0,0.0,0.0,0.0,0.0,1.0,0.0,1.0,0.0,0.0,0.0,0.0,0.0,1.0,0.0,0.0,0.0,0.0,0.0,0.0,0.0
80,603,Docs Sprint Current,-59,18,88,88,7,7,4,4,79,79,2,2,10,10,1,6,137.0,0.0,7.0,0.3284671532846715,0.0,0.9785154500801269,0.9574924860455132,7.0,0.0,2.0,0.072992700729927,0.0,0.28786834450814197,0.0828681837698583,2.0,0.0,2.0,0.17518248175182483,0.0,0.4355154184306848,0.18967367969085447,2.0,0.0,12.0,0.5036496350364964,0.0,1.2254896235865274,1.5018248175182485,12.0,0.0,0.0,0.0,0.0,0.0,0.0,0.0,0.0,0.0,0.0,0.0,0.0,0.0,0.0,0.0,11.0,0.781021897810219,0.0,1.7180500594772845,2.9516960068699007,11.0,0.0,2.0,0.34306569343065696,0.0,0.5346515660906913,0.28585229712322885,2.0,0.0,6.0,0.2846715328467153,0.0,0.7947336319344867,0.6316015457277802,6.0,29.0,59.0,49.0,0.0,94.0,40.0,1.0,0.0,2.0,67.0,70.0,0.0,0.0,0.0,0.0,0.0,0.0,0.0
80,605,Docs Sprint Current,-13,20,106,106,16,16,83,83,16,16,8,8,15,15,1,6,127.0,0.0,7.0,0.5275590551181102,0.0,1.2007059540751355,1.4416947881514812,7.0,0.0,1.0,0.06299212598425197,0.0,0.24391097439346857,0.05949256342957128,1.0,0.0,2.0,0.16535433070866143,0.0,0.45011073642007243,0.20259967504061993,2.0,0.0,12.0,0.49606299212598426,0.0,1.2653753803292351,1.6011748531433567,12.0,0.0,0.0,0.0,0.0,0.0,0.0,0.0,0.0,0.0,0.0,0.0,0.0,0.0,0.0,0.0,8.0,0.6929133858267716,0.0,1.5040253450225465,2.26209223847019,8.0,0.0,2.0,0.3937007874015748,0.0,0.5656500729243964,0.31996000499937494,2.0,0.0,4.0,0.30708661417322836,0.0,0.7612834924852295,0.5795525559305086,4.0,30.0,56.0,40.0,0.0,87.0,37.0,0.0,1.0,2.0,64.0,63.0,1.0,0.0,0.0,0.0,0.0,0.0,0.0
87,2,2.3.0,0,19,4,4,103,103,82,82,2,2,14,14,9,9,1,29,113.0,0.0,37.0,3.743362831858407,1.0,7.25157465789075,52.58533501896334,37.0,0.0,2.0,0.5575221238938053,0.0,0.6805729348096711,0.46317951959544873,2.0,0.0,3.0,0.9823008849557522,1.0,0.6121143229611687,0.37468394437421,3.0,0.0,42.0,3.1769911504424777,1.0,5.310417807909642,28.20053729456384,42.0,0.0,0.0,0.0,0.0,0.0,0.0,0.0,0.0,0.0,0.0,0.0,0.0,0.0,0.0,0.0,30.0,4.345132743362832,3.0,4.4335770617616435,19.65660556257901,30.0,0.0,1.0,0.035398230088495575,0.0,0.18560728221469427,0.03445006321112516,1.0,0.0,5.0,0.49557522123893805,0.0,1.009984916836719,1.020069532237674,5.0,40.0,10.0,53.0,0.0,91.0,16.0,4.0,1.0,1.0,62.0,51.0,0.0,10.0,0.0,0.0,0.0,0.0,0.0
87,153,Build Team 2.7.0,-2,11,3,3,0,0,0,0,3,3,0,0,0,0,1,1,3.0,0.0,1.0,0.6666666666666666,1.0,0.5773502691896258,0.33333333333333337,1.0,0.0,1.0,0.6666666666666666,1.0,0.5773502691896258,0.33333333333333337,1.0,1.0,2.0,1.6666666666666667,2.0,0.5773502691896257,0.3333333333333333,1.0,0.0,6.0,3.0,3.0,3.0,9.0,6.0,0.0,0.0,0.0,0.0,0.0,0.0,0.0,0.0,0.0,0.0,0.0,0.0,0.0,0.0,0.0,11.0,4.666666666666667,3.0,5.686240703077327,32.33333333333333,11.0,0.0,0.0,0.0,0.0,0.0,0.0,0.0,0.0,6.0,2.0,0.0,3.4641016151377544,12.0,6.0,0.0,0.0,3.0,0.0,3.0,0.0,0.0,0.0,0.0,2.0,1.0,0.0,0.0,0.0,0.0,0.0,0.0,0.0
87,164,BUILD 2.7.1,0,18,2,2,0,0,1,1,1,1,0,0,0,0,1,1,2.0,0.0,1.0,0.5,0.5,0.7071067811865476,0.5,1.0,0.0,1.0,0.5,0.5,0.7071067811865476,0.5,1.0,2.0,2.0,2.0,2.0,0.0,0.0,0.0,3.0,6.0,4.5,4.5,2.1213203435596424,4.5,3.0,0.0,0.0,0.0,0.0,0.0,0.0,0.0,0.0,0.0,0.0,0.0,0.0,0.0,0.0,5.0,11.0,8.0,8.0,4.242640687119285,18.0,6.0,0.0,0.0,0.0,0.0,0.0,0.0,0.0,0.0,0.0,0.0,0.0,0.0,0.0,0.0,0.0,0.0,2.0,0.0,2.0,0.0,0.0,0.0,0.0,1.0,1.0,0.0,0.0,0.0,0.0,0.0,0.0,0.0
87,169,BUILD 2.7.2,-3,17,3,3,0,0,0,0,3,3,0,0,0,0,1,2,3.0,0.0,0.0,0.0,0.0,0.0,0.0,0.0,0.0,1.0,0.3333333333333333,0.0,0.5773502691896258,0.33333333333333337,1.0,1.0,2.0,1.6666666666666667,2.0,0.5773502691896257,0.3333333333333333,1.0,1.0,3.0,2.3333333333333335,3.0,1.1547005383792515,1.3333333333333333,2.0,0.0,0.0,0.0,0.0,0.0,0.0,0.0,0.0,0.0,0.0,0.0,0.0,0.0,0.0,0.0,11.0,4.666666666666667,3.0,5.686240703077327,32.33333333333333,11.0,0.0,0.0,0.0,0.0,0.0,0.0,0.0,1.0,1.0,1.0,1.0,0.0,0.0,0.0,2.0,0.0,1.0,0.0,3.0,0.0,0.0,0.0,0.0,0.0,3.0,0.0,0.0,0.0,0.0,0.0,0.0,0.0
87,173,Server 2.7.1,20,19,0,0,0,0,0,0,0,0,0,0,0,0,1,14,25.0,0.0,13.0,2.68,1.0,3.738538038681253,13.976666666666668,13.0,0.0,2.0,0.76,1.0,0.7234178138070235,0.5233333333333334,2.0,0.0,2.0,1.4,1.0,0.6454972243679028,0.4166666666666667,2.0,0.0,7.0,1.76,2.0,1.877054430040145,3.5233333333333334,7.0,0.0,0.0,0.0,0.0,0.0,0.0,0.0,0.0,0.0,0.0,0.0,0.0,0.0,0.0,0.0,10.0,3.2,3.0,2.70801280154532,7.333333333333332,10.0,0.0,1.0,0.12,0.0,0.33166247903553997,0.11,1.0,0.0,3.0,0.64,0.0,0.8602325267042626,0.7399999999999999,3.0,4.0,1.0,20.0,0.0,20.0,2.0,1.0,0.0,2.0,19.0,6.0,0.0,0.0,0.0,0.0,0.0,0.0,0.0
87,174,Server 2.7.2,9,19,6,6,18,18,6,6,6,6,6,6,6,6,1,13,38.0,0.0,13.0,2.3684210526315788,1.0,3.0793212013634483,9.48221906116643,13.0,0.0,2.0,0.5526315789473685,0.0,0.6856588238764244,0.4701280227596015,2.0,0.0,2.0,1.105263157894737,1.0,0.5088128039041326,0.25889046941678534,2.0,0.0,28.0,2.526315789473684,1.0,4.825253625067852,23.283072546230446,28.0,0.0,0.0,0.0,0.0,0.0,0.0,0.0,0.0,0.0,0.0,0.0,0.0,0.0,0.0,0.0,18.0,3.763157894736842,3.0,4.016413692259355,16.13157894736842,18.0,0.0,1.0,0.10526315789473684,0.0,0.3110117477759048,0.09672830725462303,1.0,0.0,2.0,0.5,0.0,0.6877303054053769,0.47297297297297297,2.0,14.0,3.0,18.0,1.0,30.0,7.0,0.0,0.0,1.0,24.0,14.0,0.0,2.0,0.0,0.0,0.0,0.0,0.0
87,175,Server 2.7.3,-4,18,8,8,7,7,0,0,11,11,1,1,3,3,1,14,22.0,0.0,8.0,2.1363636363636362,1.5,2.273982337441448,5.17099567099567,8.0,0.0,2.0,0.6818181818181818,1.0,0.7162311170195087,0.5129870129870131,2.0,0.0,3.0,1.3181818181818181,1.0,0.8387271329003273,0.7034632034632033,3.0,0.0,28.0,2.8181818181818183,0.5,6.083829962530758,37.012987012987004,28.0,0.0,0.0,0.0,0.0,0.0,0.0,0.0,0.0,0.0,0.0,0.0,0.0,0.0,0.0,0.0,17.0,4.409090909090909,3.0,4.594604401946876,21.11038961038961,17.0,0.0,1.0,0.09090909090909091,0.0,0.29424494316824984,0.08658008658008656,1.0,0.0,5.0,0.7727272727272727,0.5,1.1518853358037973,1.326839826839827,5.0,7.0,0.0,13.0,1.0,12.0,10.0,0.0,0.0,0.0,17.0,5.0,0.0,1.0,0.0,0.0,0.0,0.0,0.0
87,193,BUILD 2.7.3,-3,18,4,4,1,1,0,0,3,3,1,1,1,1,1,2,6.0,0.0,5.0,0.8333333333333334,0.0,2.041241452319315,4.166666666666667,5.0,0.0,1.0,0.3333333333333333,0.0,0.5163977794943223,0.2666666666666667,1.0,1.0,2.0,1.6666666666666667,2.0,0.5163977794943223,0.2666666666666667,1.0,0.0,3.0,1.5,1.5,1.378404875209022,1.9,3.0,0.0,0.0,0.0,0.0,0.0,0.0,0.0,0.0,0.0,0.0,0.0,0.0,0.0,0.0,0.0,13.0,3.1666666666666665,1.5,4.9564772436345015,24.566666666666666,13.0,0.0,1.0,0.16666666666666666,0.0,0.408248290463863,0.16666666666666669,1.0,0.0,5.0,1.5,1.0,1.760681686165901,3.1,5.0,3.0,0.0,2.0,0.0,4.0,2.0,0.0,0.0,0.0,0.0,6.0,0.0,1.0,0.0,0.0,0.0,0.0,0.0
87,209,Server 2.7.4,-10,18,9,9,16,16,4,4,14,14,4,4,3,3,1,6,29.0,0.0,7.0,1.1724137931034482,1.0,1.6490032815795421,2.7192118226600988,7.0,0.0,2.0,0.4482758620689655,0.0,0.572351471472339,0.3275862068965517,2.0,0.0,3.0,0.9655172413793104,1.0,0.6804808499819214,0.46305418719211816,3.0,0.0,7.0,2.1724137931034484,1.0,2.139241613236559,4.5763546798029555,7.0,0.0,0.0,0.0,0.0,0.0,0.0,0.0,0.0,0.0,0.0,0.0,0.0,0.0,0.0,0.0,11.0,2.206896551724138,1.0,2.5408000756908327,6.455665024630541,11.0,0.0,1.0,0.1724137931034483,0.0,0.3844258722192448,0.14778325123152714,1.0,0.0,2.0,0.3448275862068966,0.0,0.6138788892284813,0.3768472906403941,2.0,13.0,1.0,11.0,1.0,16.0,11.0,2.0,0.0,0.0,22.0,7.0,0.0,3.0,0.0,0.0,0.0,0.0,0.0
87,221,BUILD 2.7.4,-3,17,4,4,0,0,0,0,4,4,0,0,0,0,1,1,5.0,0.0,1.0,0.2,0.0,0.44721359549995804,0.20000000000000007,1.0,0.0,1.0,0.2,0.0,0.447213595499958,0.20000000000000004,1.0,1.0,2.0,1.8,2.0,0.4472135954999579,0.2,1.0,0.0,3.0,1.2,1.0,1.3038404810405297,1.7000000000000002,3.0,0.0,0.0,0.0,0.0,0.0,0.0,0.0,0.0,0.0,0.0,0.0,0.0,0.0,0.0,0.0,6.0,2.2,1.0,2.3874672772626644,5.7,6.0,0.0,1.0,0.2,0.0,0.44721359549995804,0.20000000000000007,1.0,0.0,5.0,1.4,1.0,2.073644135332772,4.3,5.0,2.0,1.0,1.0,0.0,3.0,2.0,0.0,0.0,0.0,1.0,4.0,0.0,1.0,0.0,0.0,0.0,0.0,0.0
87,234,Server 2.7.5,4,17,5,5,7,7,0,0,6,6,1,1,5,5,1,8,36.0,0.0,9.0,1.5277777777777777,1.0,2.2101856562109514,4.884920634920634,9.0,0.0,3.0,0.5277777777777778,0.0,0.8446845940894527,0.7134920634920636,3.0,0.0,3.0,1.0555555555555556,1.0,0.6299407883487121,0.3968253968253969,3.0,0.0,6.0,1.8888888888888888,1.0,1.8788716641002199,3.5301587301587296,6.0,0.0,0.0,0.0,0.0,0.0,0.0,0.0,0.0,0.0,0.0,0.0,0.0,0.0,0.0,0.0,14.0,3.361111111111111,2.5,3.6656925112864536,13.437301587301587,14.0,0.0,1.0,0.1111111111111111,0.0,0.3187276291558383,0.1015873015873016,1.0,0.0,7.0,1.0,0.0,1.7566201313073597,3.085714285714286,7.0,14.0,2.0,16.0,4.0,20.0,13.0,2.0,0.0,1.0,27.0,9.0,0.0,0.0,0.0,0.0,0.0,0.0,0.0
87,236,BUILD 2.7.5,-3,17,4,4,0,0,0,0,4,4,0,0,0,0,1,1,5.0,0.0,1.0,0.2,0.0,0.44721359549995804,0.20000000000000007,1.0,0.0,0.0,0.0,0.0,0.0,0.0,0.0,1.0,2.0,1.8,2.0,0.4472135954999579,0.2,1.0,0.0,3.0,1.0,0.0,1.4142135623730951,2.0,3.0,0.0,0.0,0.0,0.0,0.0,0.0,0.0,0.0,0.0,0.0,0.0,0.0,0.0,0.0,0.0,3.0,1.0,1.0,1.224744871391589,1.5,3.0,0.0,1.0,0.2,0.0,0.44721359549995804,0.20000000000000007,1.0,0.0,5.0,1.4,1.0,2.073644135332772,4.3,5.0,2.0,1.0,1.0,0.0,4.0,1.0,0.0,0.0,0.0,1.0,4.0,0.0,1.0,0.0,0.0,0.0,0.0,0.0
87,252,Server 2.7.6,-16,19,7,7,16,16,1,1,18,18,1,1,3,3,1,5,30.0,0.0,14.0,1.5,1.0,2.788523277465246,7.775862068965517,14.0,0.0,3.0,0.5333333333333333,0.0,0.8193072487266859,0.6712643678160917,3.0,0.0,2.0,0.9666666666666667,1.0,0.41384099339733366,0.17126436781609194,2.0,0.0,6.0,1.5666666666666667,1.5,1.4546793303071945,2.116091954022988,6.0,0.0,0.0,0.0,0.0,0.0,0.0,0.0,0.0,0.0,0.0,0.0,0.0,0.0,0.0,0.0,12.0,2.2,1.5,2.510666898627149,6.303448275862069,12.0,0.0,2.0,0.2,0.0,0.4842341981115023,0.23448275862068968,2.0,0.0,7.0,0.9666666666666667,1.0,1.4499306364701423,2.1022988505747118,7.0,13.0,2.0,12.0,3.0,15.0,11.0,3.0,0.0,1.0,23.0,7.0,0.0,0.0,0.0,0.0,0.0,0.0,0.0
87,256,BUILD 2.7.6,0,18,3,3,1,1,0,0,0,0,4,4,0,0,1,2,4.0,0.0,1.0,0.25,0.0,0.5,0.25,1.0,0.0,0.0,0.0,0.0,0.0,0.0,0.0,1.0,2.0,1.75,2.0,0.5,0.25,1.0,0.0,3.0,1.25,1.0,1.5,2.25,3.0,0.0,0.0,0.0,0.0,0.0,0.0,0.0,0.0,0.0,0.0,0.0,0.0,0.0,0.0,0.0,3.0,1.25,1.0,1.2583057392117916,1.5833333333333333,3.0,0.0,1.0,0.25,0.0,0.5,0.25,1.0,0.0,5.0,2.25,2.0,2.217355782608345,4.916666666666667,5.0,2.0,1.0,0.0,0.0,3.0,1.0,0.0,0.0,0.0,1.0,3.0,0.0,1.0,0.0,0.0,0.0,0.0,0.0
87,290,MCI 2.7.8,1,18,0,0,0,0,0,0,0,0,0,0,0,0,1,1,5.0,0.0,2.0,0.4,0.0,0.8944271909999161,0.8000000000000003,2.0,0.0,0.0,0.0,0.0,0.0,0.0,0.0,1.0,1.0,1.0,1.0,0.0,0.0,0.0,0.0,0.0,0.0,0.0,0.0,0.0,0.0,0.0,0.0,0.0,0.0,0.0,0.0,0.0,0.0,0.0,0.0,0.0,0.0,0.0,0.0,0.0,0.0,0.0,0.0,0.0,0.0,0.0,0.0,0.0,0.0,0.0,0.0,0.0,0.0,0.0,0.0,0.0,0.0,0.0,0.0,0.0,0.0,0.0,1.0,4.0,4.0,1.0,0.0,0.0,0.0,2.0,3.0,0.0,0.0,0.0,0.0,0.0,0.0,0.0
87,292,BUILD 2.7.7,0,17,0,0,1,1,1,1,0,0,0,0,0,0,1,1,2.0,0.0,0.0,0.0,0.0,0.0,0.0,0.0,0.0,0.0,0.0,0.0,0.0,0.0,0.0,0.0,2.0,1.0,1.0,1.4142135623730951,2.0,2.0,1.0,2.0,1.5,1.5,0.7071067811865476,0.5,1.0,0.0,0.0,0.0,0.0,0.0,0.0,0.0,0.0,0.0,0.0,0.0,0.0,0.0,0.0,0.0,0.0,0.0,0.0,0.0,0.0,0.0,0.0,0.0,0.0,0.0,0.0,0.0,0.0,0.0,0.0,0.0,0.0,0.0,0.0,0.0,1.0,0.0,1.0,0.0,2.0,0.0,0.0,0.0,0.0,0.0,2.0,0.0,0.0,0.0,0.0,0.0,0.0,0.0
87,294,BUILD 2.7.8,0,18,1,1,1,1,1,1,1,1,0,0,0,0,1,4,6.0,0.0,11.0,4.5,3.0,4.505552130427524,20.3,11.0,0.0,2.0,0.8333333333333334,1.0,0.752772652709081,0.5666666666666667,2.0,0.0,2.0,1.3333333333333333,1.5,0.816496580927726,0.6666666666666667,2.0,1.0,6.0,2.6666666666666665,2.5,1.8618986725025255,3.4666666666666663,5.0,0.0,0.0,0.0,0.0,0.0,0.0,0.0,0.0,0.0,0.0,0.0,0.0,0.0,0.0,0.0,16.0,5.666666666666667,3.0,6.831300510639732,46.666666666666664,16.0,0.0,0.0,0.0,0.0,0.0,0.0,0.0,0.0,4.0,1.1666666666666667,0.5,1.602081978759722,2.5666666666666664,4.0,1.0,1.0,4.0,0.0,6.0,0.0,0.0,0.0,0.0,2.0,4.0,0.0,0.0,0.0,0.0,0.0,0.0,0.0
87,303,Query 2.7.8,-1,18,11,11,0,0,0,0,4,4,4,4,3,3,1,8,32.0,0.0,11.0,1.96875,1.0,2.507850576914229,6.289314516129032,11.0,0.0,2.0,0.3125,0.0,0.5922891621605981,0.35080645161290325,2.0,0.0,2.0,1.0,1.0,0.43994134506405985,0.1935483870967742,2.0,0.0,34.0,2.75,1.0,6.495656116751931,42.193548387096776,34.0,0.0,0.0,0.0,0.0,0.0,0.0,0.0,0.0,0.0,0.0,0.0,0.0,0.0,0.0,0.0,17.0,4.0,3.0,3.79303266189385,14.387096774193548,17.0,0.0,2.0,0.125,0.0,0.421211769587116,0.1774193548387097,2.0,0.0,3.0,0.625,0.0,0.8706690049203728,0.7580645161290323,3.0,5.0,1.0,6.0,18.0,30.0,2.0,0.0,0.0,0.0,12.0,20.0,0.0,1.0,1.0,0.0,0.0,0.0,0.0
87,306,BUILD 2.8.0-rc2,-1,9,7,7,0,0,0,0,5,5,1,1,1,1,1,6,8.0,0.0,12.0,3.375,3.0,3.8890872965260113,15.125,12.0,0.0,2.0,0.625,0.5,0.7440238091428449,0.5535714285714286,2.0,0.0,3.0,1.25,1.0,1.0350983390135313,1.0714285714285714,3.0,0.0,6.0,1.75,1.0,2.1213203435596424,4.5,6.0,0.0,0.0,0.0,0.0,0.0,0.0,0.0,0.0,0.0,0.0,0.0,0.0,0.0,0.0,0.0,22.0,5.375,3.0,7.3082634247620195,53.410714285714285,22.0,0.0,1.0,0.125,0.0,0.3535533905932738,0.125,1.0,0.0,2.0,0.625,0.0,0.9161253813129043,0.8392857142857143,2.0,4.0,2.0,2.0,0.0,8.0,0.0,0.0,0.0,0.0,3.0,5.0,0.0,0.0,0.0,0.0,0.0,0.0,0.0
87,313,Platform 0 3/13/15,0,18,6,6,0,0,3,3,2,2,0,0,1,1,1,5,8.0,0.0,13.0,1.875,0.0,4.517821851923146,20.410714285714285,13.0,0.0,2.0,0.5,0.0,0.7559289460184544,0.5714285714285714,2.0,1.0,2.0,1.125,1.0,0.3535533905932738,0.125,1.0,0.0,3.0,1.0,0.5,1.1952286093343936,1.4285714285714286,3.0,0.0,0.0,0.0,0.0,0.0,0.0,0.0,0.0,0.0,0.0,0.0,0.0,0.0,0.0,0.0,4.0,2.125,2.0,1.4577379737113252,2.125,4.0,0.0,0.0,0.0,0.0,0.0,0.0,0.0,0.0,1.0,0.125,0.0,0.3535533905932738,0.125,1.0,3.0,0.0,3.0,2.0,8.0,0.0,0.0,0.0,0.0,2.0,6.0,0.0,0.0,0.0,0.0,0.0,0.0,0.0
87,346,BUILD 1,-1,32,7,7,2,2,0,0,5,5,3,3,1,1,1,3,10.0,0.0,16.0,1.7,0.0,5.034326612809745,25.344444444444445,16.0,0.0,3.0,0.5,0.0,1.0801234497346435,1.1666666666666667,3.0,0.0,2.0,0.7,1.0,0.6749485577105528,0.4555555555555555,2.0,0.0,3.0,1.2,1.0,1.3165611772087666,1.7333333333333334,3.0,0.0,0.0,0.0,0.0,0.0,0.0,0.0,0.0,0.0,0.0,0.0,0.0,0.0,0.0,0.0,9.0,1.7,0.5,2.79085809185793,7.788888888888888,9.0,0.0,0.0,0.0,0.0,0.0,0.0,0.0,0.0,1.0,0.2,0.0,0.42163702135578396,0.17777777777777784,1.0,3.0,0.0,5.0,0.0,7.0,2.0,0.0,0.0,1.0,7.0,3.0,0.0,2.0,0.0,0.0,0.0,0.0,0.0
87,374,Platform 00 2/20/15,0,16,0,0,4,4,0,0,2,2,0,0,2,2,1,2,4.0,0.0,5.0,1.75,1.0,2.362907813126304,5.583333333333333,5.0,0.0,1.0,0.25,0.0,0.5,0.25,1.0,0.0,1.0,0.75,1.0,0.5,0.25,1.0,0.0,1.0,0.25,0.0,0.5,0.25,1.0,0.0,0.0,0.0,0.0,0.0,0.0,0.0,0.0,0.0,0.0,0.0,0.0,0.0,0.0,0.0,10.0,3.0,1.0,4.760952285695233,22.666666666666668,10.0,0.0,1.0,0.25,0.0,0.5,0.25,1.0,0.0,2.0,1.0,1.0,0.816496580927726,0.6666666666666666,2.0,1.0,2.0,1.0,0.0,3.0,0.0,1.0,0.0,0.0,3.0,1.0,0.0,0.0,0.0,0.0,0.0,0.0,0.0
87,403,BUILD 00 2/20/15,0,18,4,4,0,0,1,1,3,3,0,0,0,0,1,3,5.0,0.0,2.0,0.4,0.0,0.894427190999916,0.8000000000000002,2.0,0.0,0.0,0.0,0.0,0.0,0.0,0.0,1.0,2.0,1.2,1.0,0.44721359549995804,0.20000000000000007,1.0,0.0,3.0,1.0,1.0,1.224744871391589,1.5,3.0,0.0,0.0,0.0,0.0,0.0,0.0,0.0,0.0,0.0,0.0,0.0,0.0,0.0,0.0,0.0,2.0,1.6,2.0,0.8944271909999159,0.8,2.0,0.0,0.0,0.0,0.0,0.0,0.0,0.0,0.0,0.0,0.0,0.0,0.0,0.0,0.0,5.0,0.0,0.0,0.0,4.0,1.0,0.0,0.0,0.0,1.0,4.0,0.0,0.0,0.0,0.0,0.0,0.0,0.0
87,407,Security [00-02-20-15],-2,31,3,3,8,8,0,0,6,6,1,1,4,4,1,7,11.0,0.0,7.0,2.909090909090909,3.0,1.92117388356939,3.6909090909090914,7.0,0.0,3.0,1.1818181818181819,1.0,0.873862897505303,0.7636363636363638,3.0,0.0,4.0,1.8181818181818181,2.0,1.1677484162422844,1.3636363636363635,4.0,0.0,3.0,1.0909090909090908,1.0,0.9438798074485389,0.8909090909090909,3.0,0.0,0.0,0.0,0.0,0.0,0.0,0.0,0.0,0.0,0.0,0.0,0.0,0.0,0.0,1.0,19.0,6.909090909090909,5.0,4.948829062607547,24.49090909090909,18.0,0.0,0.0,0.0,0.0,0.0,0.0,0.0,0.0,2.0,0.5454545454545454,0.0,0.6875516509523286,0.47272727272727266,2.0,3.0,0.0,8.0,0.0,10.0,0.0,1.0,0.0,0.0,7.0,4.0,0.0,0.0,0.0,0.0,0.0,0.0,0.0
87,411,RPL 0 3/13/15,6,35,21,21,7,7,4,4,5,5,4,4,15,15,1,10,38.0,0.0,16.0,2.1052631578947367,1.0,3.278014178722122,10.74537695590327,16.0,0.0,2.0,0.3684210526315789,0.0,0.5413223364846866,0.2930298719772403,2.0,0.0,2.0,1.0,1.0,0.6151246852292456,0.3783783783783784,2.0,0.0,6.0,1.131578947368421,0.5,1.5451939899481342,2.3876244665718347,6.0,0.0,0.0,0.0,0.0,0.0,0.0,0.0,0.0,0.0,0.0,0.0,0.0,0.0,0.0,0.0,19.0,4.7631578947368425,3.0,4.789821474562412,22.94238975817924,19.0,0.0,1.0,0.10526315789473684,0.0,0.3110117477759048,0.09672830725462303,1.0,0.0,3.0,0.5789473684210527,0.0,1.003549886918148,1.007112375533428,3.0,8.0,6.0,24.0,0.0,28.0,6.0,2.0,0.0,2.0,18.0,20.0,0.0,0.0,0.0,0.0,0.0,0.0,0.0
87,421,Security 0 03/13/15],-6,18,3,3,3,3,0,0,5,5,1,1,0,0,1,6,6.0,0.0,0.0,0.0,0.0,0.0,0.0,0.0,0.0,1.0,0.5,0.5,0.5477225575051661,0.3,1.0,1.0,1.0,1.0,1.0,0.0,0.0,0.0,0.0,3.0,0.8333333333333334,0.0,1.3291601358251257,1.7666666666666664,3.0,0.0,0.0,0.0,0.0,0.0,0.0,0.0,0.0,0.0,0.0,0.0,0.0,0.0,0.0,0.0,19.0,6.333333333333333,4.0,7.004760286167306,49.06666666666668,19.0,0.0,0.0,0.0,0.0,0.0,0.0,0.0,0.0,1.0,0.3333333333333333,0.0,0.5163977794943223,0.2666666666666667,1.0,1.0,1.0,4.0,0.0,6.0,0.0,0.0,0.0,0.0,2.0,4.0,0.0,0.0,0.0,0.0,0.0,0.0,0.0
87,426,BUILD 0 3/13/15,0,18,0,0,6,6,3,3,2,2,1,1,0,0,1,3,8.0,0.0,3.0,0.5,0.0,1.0690449676496976,1.1428571428571428,3.0,0.0,1.0,0.25,0.0,0.4629100498862757,0.21428571428571427,1.0,0.0,2.0,1.0,1.0,0.5345224838248488,0.2857142857142857,2.0,0.0,5.0,1.5,1.0,1.7728105208558367,3.142857142857143,5.0,0.0,0.0,0.0,0.0,0.0,0.0,0.0,0.0,0.0,0.0,0.0,0.0,0.0,0.0,0.0,3.0,1.125,1.0,1.246423454758225,1.5535714285714286,3.0,0.0,1.0,0.125,0.0,0.3535533905932738,0.125,1.0,0.0,1.0,0.25,0.0,0.4629100498862757,0.21428571428571427,1.0,5.0,0.0,3.0,0.0,7.0,0.0,1.0,0.0,0.0,3.0,5.0,0.0,0.0,0.0,0.0,0.0,0.0,0.0
87,430,Quint 3.1.0,-5,17,8,8,6,6,4,4,3,3,2,2,5,5,1,7,14.0,0.0,7.0,1.7142857142857142,1.0,2.2677868380553634,5.142857142857143,7.0,0.0,2.0,0.2857142857142857,0.0,0.6112498455021267,0.37362637362637374,2.0,0.0,2.0,1.3571428571428572,1.0,0.633323693776651,0.4010989010989012,2.0,0.0,18.0,2.7142857142857144,1.0,4.8584355099554015,23.604395604395602,18.0,0.0,0.0,0.0,0.0,0.0,0.0,0.0,0.0,0.0,0.0,0.0,0.0,0.0,0.0,0.0,25.0,4.285714285714286,2.5,6.3540244234364085,40.37362637362638,25.0,0.0,2.0,0.14285714285714285,0.0,0.5345224838248487,0.28571428571428564,2.0,0.0,3.0,1.0,1.0,1.1766968108291043,1.3846153846153846,3.0,4.0,5.0,4.0,0.0,11.0,2.0,0.0,1.0,0.0,7.0,7.0,0.0,0.0,1.0,0.0,0.0,0.0,0.0
87,450,Quint Iteration 3.1.1,-1,18,23,23,7,7,2,2,12,12,7,7,9,9,1,10,40.0,0.0,8.0,1.175,1.0,1.5994790818680105,2.5583333333333336,8.0,0.0,2.0,0.375,0.0,0.5856182356695512,0.34294871794871795,2.0,0.0,2.0,1.225,1.0,0.5304811555656397,0.28141025641025647,2.0,0.0,12.0,1.025,0.0,2.2813345172260857,5.204487179487178,12.0,0.0,0.0,0.0,0.0,0.0,0.0,0.0,0.0,0.0,0.0,0.0,0.0,0.0,0.0,0.0,27.0,3.5,2.0,4.9923017660270625,24.923076923076923,27.0,0.0,2.0,0.1,0.0,0.3789323733725367,0.14358974358974358,2.0,0.0,3.0,0.375,0.0,0.8378084965689216,0.7019230769230769,3.0,15.0,8.0,16.0,0.0,34.0,5.0,1.0,0.0,0.0,19.0,21.0,0.0,1.0,0.0,0.0,0.0,0.0,0.0
87,452,Platform 1 04/03/15,5,18,3,3,11,11,5,5,9,9,0,0,0,0,1,5,24.0,0.0,72.0,3.9166666666666665,0.0,14.649281527616372,214.60144927536226,72.0,0.0,2.0,0.20833333333333334,0.0,0.5089773777040516,0.2590579710144928,2.0,0.0,2.0,1.125,1.0,0.44842720314644063,0.20108695652173914,2.0,0.0,13.0,1.5416666666666667,1.0,2.7659288347389888,7.65036231884058,13.0,0.0,0.0,0.0,0.0,0.0,0.0,0.0,0.0,0.0,0.0,0.0,0.0,0.0,0.0,0.0,8.0,1.5,0.0,2.1869176243407464,4.782608695652174,8.0,0.0,1.0,0.041666666666666664,0.0,0.2041241452319315,0.04166666666666667,1.0,0.0,2.0,0.4166666666666667,0.0,0.7755316082290384,0.6014492753623187,2.0,6.0,13.0,3.0,2.0,20.0,1.0,2.0,0.0,1.0,8.0,16.0,0.0,0.0,0.0,0.0,0.0,0.0,0.0
87,453,BUILD 1 04/03/15,2,18,3,3,4,4,0,0,6,6,0,0,1,1,1,4,12.0,0.0,4.0,1.25,0.0,1.764549903980152,3.1136363636363638,4.0,0.0,1.0,0.25,0.0,0.45226701686664544,0.20454545454545456,1.0,0.0,3.0,1.0833333333333333,1.0,0.90033663737852,0.8106060606060607,3.0,0.0,5.0,1.3333333333333333,1.0,1.7232808737106584,2.96969696969697,5.0,0.0,0.0,0.0,0.0,0.0,0.0,0.0,0.0,0.0,0.0,0.0,0.0,0.0,0.0,0.0,4.0,1.25,1.5,1.2880570286640687,1.6590909090909092,4.0,0.0,1.0,0.08333333333333333,0.0,0.28867513459481287,0.08333333333333331,1.0,0.0,1.0,0.08333333333333333,0.0,0.28867513459481287,0.08333333333333331,1.0,8.0,1.0,3.0,0.0,9.0,2.0,1.0,0.0,0.0,7.0,5.0,0.0,0.0,0.0,0.0,0.0,0.0,0.0
87,457,RPL 1 04/03/15,-2,18,1,1,11,11,3,3,2,2,5,5,2,2,1,6,19.0,0.0,6.0,0.9473684210526315,0.0,1.6149882768933412,2.6081871345029235,6.0,0.0,1.0,0.3157894736842105,0.0,0.4775669329409193,0.2280701754385965,1.0,0.0,2.0,1.0526315789473684,1.0,0.6212607441973956,0.3859649122807018,2.0,0.0,4.0,1.263157894736842,1.0,1.3679711361135387,1.871345029239766,4.0,0.0,0.0,0.0,0.0,0.0,0.0,0.0,0.0,0.0,0.0,0.0,0.0,0.0,0.0,0.0,7.0,1.4736842105263157,1.0,2.0102078679864475,4.040935672514619,7.0,0.0,0.0,0.0,0.0,0.0,0.0,0.0,0.0,2.0,0.3157894736842105,0.0,0.5823927253578186,0.3391812865497076,2.0,13.0,0.0,6.0,0.0,13.0,4.0,2.0,0.0,0.0,9.0,10.0,0.0,0.0,0.0,0.0,0.0,0.0,0.0
87,458,Security 1 04/03/15,0,18,6,6,5,5,1,1,3,3,5,5,2,2,1,8,19.0,0.0,3.0,0.47368421052631576,0.0,1.020262550775348,1.0409356725146195,3.0,0.0,3.0,0.7368421052631579,1.0,0.7334928056269077,0.5380116959064326,3.0,0.0,4.0,1.5263157894736843,1.0,1.0202625507753482,1.04093567251462,4.0,0.0,3.0,0.6842105263157895,0.0,1.002919714242558,1.0058479532163744,3.0,0.0,0.0,0.0,0.0,0.0,0.0,0.0,0.0,0.0,0.0,0.0,0.0,0.0,0.0,0.0,19.0,3.210526315789474,2.0,5.006428615827866,25.064327485380115,19.0,0.0,1.0,0.05263157894736842,0.0,0.22941573387056177,0.05263157894736842,1.0,0.0,5.0,0.5263157894736842,0.0,1.2187617145935723,1.4853801169590644,5.0,4.0,1.0,14.0,0.0,19.0,0.0,0.0,0.0,0.0,10.0,9.0,0.0,0.0,0.0,0.0,0.0,0.0,0.0
87,459,Sharding 1 04/03/15,14,18,1,1,0,0,0,0,1,1,0,0,0,0,1,5,21.0,0.0,9.0,1.4285714285714286,1.0,2.2928460168844436,5.257142857142858,9.0,0.0,1.0,0.2857142857142857,0.0,0.4629100498862757,0.21428571428571427,1.0,0.0,1.0,0.9523809523809523,1.0,0.21821789023599242,0.04761904761904763,1.0,0.0,7.0,0.7619047619047619,0.0,1.6402671094904606,2.6904761904761907,7.0,0.0,0.0,0.0,0.0,0.0,0.0,0.0,0.0,0.0,0.0,0.0,0.0,0.0,0.0,0.0,9.0,1.6666666666666667,0.0,2.5166114784235827,6.333333333333331,9.0,0.0,1.0,0.047619047619047616,0.0,0.21821789023599242,0.04761904761904763,1.0,0.0,7.0,0.47619047619047616,0.0,1.569045812557671,2.4619047619047616,7.0,2.0,11.0,8.0,0.0,16.0,3.0,0.0,0.0,2.0,1.0,20.0,0.0,0.0,0.0,0.0,0.0,0.0,0.0
87,460,Security 2 04/24/15,-1,18,9,9,10,10,11,11,3,3,3,3,2,2,1,11,24.0,0.0,13.0,1.7916666666666667,0.0,3.5506174192626014,12.606884057971016,13.0,0.0,2.0,0.5416666666666666,0.5,0.5882299658752717,0.3460144927536232,2.0,0.0,3.0,1.3333333333333333,1.0,0.701964118163034,0.4927536231884058,3.0,0.0,7.0,1.2083333333333333,0.5,1.6934443076725039,2.867753623188406,7.0,0.0,0.0,0.0,0.0,0.0,0.0,0.0,0.0,0.0,0.0,0.0,0.0,0.0,0.0,0.0,19.0,4.291666666666667,2.5,4.563362286989587,20.824275362318836,19.0,0.0,1.0,0.08333333333333333,0.0,0.28232985128663995,0.07971014492753623,1.0,0.0,7.0,0.75,0.0,1.7507762253652943,3.0652173913043477,7.0,5.0,4.0,12.0,0.0,23.0,1.0,0.0,0.0,0.0,13.0,11.0,0.0,3.0,0.0,0.0,0.0,0.0,0.0
87,470,Quint Iteration 3.1.2,-11,21,27,27,13,13,5,5,22,22,1,1,12,12,1,21,51.0,0.0,72.0,2.8823529411764706,0.0,10.11661417436393,102.34588235294119,72.0,0.0,2.0,0.2549019607843137,0.0,0.5231878154124755,0.2737254901960785,2.0,0.0,3.0,1.0588235294117647,1.0,0.6135719910778963,0.37647058823529406,3.0,0.0,15.0,2.0588235294117645,1.0,3.4316862601693785,11.776470588235295,15.0,0.0,0.0,0.0,0.0,0.0,0.0,0.0,0.0,0.0,0.0,0.0,0.0,0.0,0.0,0.0,17.0,3.843137254901961,2.0,4.562335143408944,20.814901960784315,17.0,0.0,2.0,0.058823529411764705,0.0,0.31059714782221376,0.0964705882352941,2.0,0.0,5.0,0.5882352941176471,0.0,1.1167178800079327,1.2470588235294118,5.0,17.0,6.0,24.0,4.0,45.0,4.0,2.0,0.0,0.0,35.0,16.0,0.0,0.0,0.0,0.0,0.0,0.0,0.0
87,474,RPL 2 04/24/15,8,21,6,6,6,6,5,5,7,7,0,0,0,0,1,6,23.0,0.0,8.0,1.6956521739130435,0.0,2.438978597854133,5.948616600790513,8.0,0.0,2.0,0.30434782608695654,0.0,0.5587959953568722,0.3122529644268775,2.0,0.0,2.0,1.0434782608695652,1.0,0.3665888047644883,0.13438735177865613,2.0,0.0,4.0,1.6956521739130435,1.0,1.4596008983995232,2.1304347826086953,4.0,0.0,0.0,0.0,0.0,0.0,0.0,0.0,0.0,0.0,0.0,0.0,0.0,0.0,0.0,0.0,6.0,1.826086956521739,1.0,2.01476761378314,4.059288537549407,6.0,0.0,0.0,0.0,0.0,0.0,0.0,0.0,0.0,3.0,0.2608695652173913,0.0,0.6887004431501819,0.47430830039525684,3.0,10.0,7.0,6.0,0.0,20.0,1.0,1.0,0.0,1.0,10.0,13.0,0.0,0.0,0.0,0.0,0.0,0.0,0.0
87,475,Sharding 2 04/24/15,13,18,6,6,13,13,0,0,6,6,3,3,10,10,1,8,55.0,0.0,13.0,1.2181818181818183,0.0,2.6365726144969246,6.951515151515149,13.0,0.0,1.0,0.2,0.0,0.4036867138796655,0.16296296296296292,1.0,0.0,3.0,0.9818181818181818,1.0,0.4078357099739629,0.16632996632996638,3.0,0.0,7.0,0.6909090909090909,0.0,1.260110625254302,1.587878787878788,7.0,0.0,0.0,0.0,0.0,0.0,0.0,0.0,0.0,0.0,0.0,0.0,0.0,0.0,0.0,0.0,11.0,1.5454545454545454,1.0,2.33981782939345,5.474747474747476,11.0,0.0,1.0,0.03636363636363636,0.0,0.18891859540615824,0.03569023569023571,1.0,0.0,7.0,0.6363636363636364,0.0,1.5075567228888183,2.272727272727273,7.0,10.0,27.0,10.0,7.0,52.0,1.0,1.0,0.0,1.0,20.0,35.0,0.0,1.0,0.0,0.0,0.0,0.0,0.0
87,476,Platform 2 04/24/15,-3,18,14,14,9,9,2,2,8,8,6,6,7,7,1,8,37.0,0.0,17.0,1.2972972972972974,0.0,3.213382303092152,10.325825825825824,17.0,0.0,2.0,0.16216216216216217,0.0,0.44180900307168386,0.19519519519519515,2.0,0.0,2.0,1.0,1.0,0.23570226039551584,0.05555555555555555,2.0,0.0,13.0,1.2162162162162162,0.0,2.3468079400554935,5.507507507507508,13.0,0.0,0.0,0.0,0.0,0.0,0.0,0.0,0.0,0.0,0.0,0.0,0.0,0.0,0.0,0.0,9.0,1.135135135135135,0.0,1.8583469679942586,3.4534534534534536,9.0,0.0,0.0,0.0,0.0,0.0,0.0,0.0,0.0,3.0,0.40540540540540543,0.0,0.9267463832456314,0.8588588588588588,3.0,12.0,13.0,8.0,2.0,37.0,0.0,0.0,0.0,0.0,8.0,29.0,0.0,2.0,0.0,0.0,0.0,0.0,0.0
87,477,BUILD 2 04/24/15,-3,18,13,13,3,3,3,3,7,7,3,3,3,3,1,7,20.0,0.0,17.0,2.35,1.0,4.120232492162752,16.976315789473684,17.0,0.0,1.0,0.25,0.0,0.4442616583193193,0.19736842105263158,1.0,0.0,3.0,1.3,1.0,0.9787209698591858,0.9578947368421052,3.0,0.0,5.0,1.6,1.0,1.3138933706635725,1.726315789473684,5.0,0.0,0.0,0.0,0.0,0.0,0.0,0.0,0.0,0.0,0.0,0.0,0.0,0.0,0.0,0.0,9.0,2.4,2.0,2.500526260399472,6.252631578947369,9.0,0.0,1.0,0.1,0.0,0.30779350562554625,0.09473684210526317,1.0,0.0,1.0,0.2,0.0,0.41039134083406165,0.16842105263157897,1.0,12.0,2.0,6.0,0.0,18.0,2.0,0.0,0.0,0.0,10.0,10.0,0.0,0.0,0.0,0.0,0.0,0.0,0.0
87,490,Quint Iteration 3,-7,21,31,31,11,11,2,2,26,26,7,7,7,7,1,25,75.0,0.0,78.0,2.1333333333333333,0.0,9.134628697513731,83.4414414414414,78.0,0.0,3.0,0.30666666666666664,0.0,0.5688616735231894,0.3236036036036037,3.0,0.0,3.0,0.9733333333333334,1.0,0.5445884469731033,0.29657657657657654,3.0,0.0,14.0,1.4266666666666667,1.0,2.2611485561087736,5.112792792792791,14.0,0.0,0.0,0.0,0.0,0.0,0.0,0.0,0.0,0.0,0.0,0.0,0.0,0.0,0.0,0.0,18.0,3.1466666666666665,2.0,4.012458077017107,16.099819819819817,18.0,0.0,2.0,0.09333333333333334,0.0,0.3739248852641661,0.1398198198198198,2.0,0.0,5.0,0.4266666666666667,0.0,0.9178902562520873,0.8425225225225225,5.0,21.0,9.0,27.0,17.0,62.0,9.0,4.0,0.0,0.0,35.0,40.0,0.0,1.0,0.0,0.0,0.0,0.0,0.0
87,491,CAP - 3.1.3,0,20,0,0,1,1,1,1,0,0,0,0,0,0,1,1,2.0,0.0,6.0,3.0,3.0,4.242640687119285,18.0,6.0,0.0,3.0,1.5,1.5,2.1213203435596424,4.5,3.0,2.0,2.0,2.0,2.0,0.0,0.0,0.0,1.0,3.0,2.0,2.0,1.4142135623730951,2.0,2.0,0.0,0.0,0.0,0.0,0.0,0.0,0.0,0.0,0.0,0.0,0.0,0.0,0.0,0.0,0.0,1.0,0.5,0.5,0.7071067811865476,0.5,1.0,0.0,0.0,0.0,0.0,0.0,0.0,0.0,0.0,0.0,0.0,0.0,0.0,0.0,0.0,1.0,0.0,1.0,0.0,1.0,0.0,1.0,0.0,0.0,2.0,0.0,0.0,0.0,0.0,0.0,0.0,0.0,0.0
87,498,Security 3 05/15/15,0,18,4,4,3,3,1,1,1,1,2,2,3,3,1,5,9.0,0.0,6.0,1.4444444444444444,1.0,2.0069324297987157,4.027777777777778,6.0,0.0,1.0,0.5555555555555556,1.0,0.5270462766947299,0.2777777777777778,1.0,0.0,2.0,1.1111111111111112,1.0,0.7817359599705717,0.6111111111111112,2.0,0.0,3.0,0.8888888888888888,1.0,0.927960727138337,0.8611111111111112,3.0,0.0,0.0,0.0,0.0,0.0,0.0,0.0,0.0,0.0,0.0,0.0,0.0,0.0,0.0,0.0,21.0,4.333333333333333,2.0,6.763874629234342,45.75000000000001,21.0,0.0,1.0,0.1111111111111111,0.0,0.3333333333333333,0.1111111111111111,1.0,0.0,0.0,0.0,0.0,0.0,0.0,0.0,2.0,1.0,5.0,0.0,6.0,1.0,2.0,0.0,0.0,3.0,6.0,0.0,1.0,0.0,0.0,0.0,0.0,0.0
87,499,RPL 3 05/15/15,-1,16,8,8,5,5,3,3,2,2,2,2,6,6,1,5,17.0,0.0,13.0,1.9411764705882353,0.0,3.561435599503628,12.683823529411764,13.0,0.0,4.0,0.5294117647058824,0.0,1.007326105267277,1.0147058823529411,4.0,0.0,3.0,1.1176470588235294,1.0,0.696630546019236,0.4852941176470589,3.0,0.0,6.0,1.1176470588235294,1.0,1.6156404667026196,2.610294117647059,6.0,0.0,0.0,0.0,0.0,0.0,0.0,0.0,0.0,0.0,0.0,0.0,0.0,0.0,0.0,0.0,11.0,3.0,2.0,3.29772648956823,10.875,11.0,0.0,1.0,0.058823529411764705,0.0,0.242535625036333,0.05882352941176471,1.0,0.0,4.0,0.8235294117647058,0.0,1.4677914581799016,2.1544117647058822,4.0,6.0,9.0,2.0,0.0,15.0,1.0,1.0,0.0,0.0,3.0,14.0,0.0,0.0,0.0,0.0,0.0,0.0,0.0
87,500,Sharding 3 05/15/15,-3,17,13,13,5,5,1,1,10,10,3,3,4,4,1,10,38.0,0.0,8.0,1.2894736842105263,1.0,2.1296858636116127,4.535561877667141,8.0,0.0,1.0,0.34210526315789475,0.0,0.4807829082199318,0.23115220483641535,1.0,0.0,1.0,0.9210526315789473,1.0,0.2732763127330939,0.07467994310099574,1.0,0.0,7.0,0.5789473684210527,0.0,1.3281073496860802,1.7638691322901843,7.0,0.0,0.0,0.0,0.0,0.0,0.0,0.0,0.0,0.0,0.0,0.0,0.0,0.0,0.0,0.0,13.0,2.4473684210526314,1.5,3.1079442099157424,9.659317211948789,13.0,0.0,1.0,0.05263157894736842,0.0,0.22629428592141426,0.05120910384068279,1.0,0.0,7.0,0.8157894736842105,0.0,1.6416086895530042,2.694879089615932,7.0,6.0,17.0,7.0,7.0,36.0,1.0,1.0,0.0,0.0,17.0,21.0,0.0,1.0,0.0,0.0,0.0,0.0,0.0
87,501,Platform 3 05/15/15,2,18,13,13,7,7,9,9,11,11,0,0,0,0,1,7,27.0,0.0,49.0,2.6296296296296298,0.0,9.397823594805784,88.31908831908831,49.0,0.0,2.0,0.25925925925925924,0.0,0.5256931389634797,0.27635327635327633,2.0,0.0,3.0,1.1111111111111112,1.0,0.5063696835418333,0.25641025641025644,3.0,0.0,5.0,1.0740740740740742,0.0,1.46565621758588,2.1481481481481484,5.0,0.0,0.0,0.0,0.0,0.0,0.0,0.0,0.0,0.0,0.0,0.0,0.0,0.0,0.0,0.0,7.0,1.1851851851851851,0.0,1.9421842786099808,3.7720797720797714,7.0,0.0,0.0,0.0,0.0,0.0,0.0,0.0,0.0,3.0,0.37037037037037035,0.0,0.8388704928078613,0.703703703703704,3.0,7.0,8.0,11.0,0.0,23.0,1.0,2.0,0.0,1.0,14.0,13.0,0.0,1.0,0.0,0.0,0.0,0.0,0.0
87,502,BUILD 3 05/15/15,2,18,13,13,6,6,7,7,12,12,0,0,0,0,1,5,24.0,0.0,8.0,1.9583333333333333,2.0,2.2932636069615926,5.259057971014493,8.0,0.0,3.0,0.2916666666666667,0.0,0.6902530516863499,0.47644927536231885,3.0,0.0,3.0,1.5,1.0,0.7801894976054939,0.6086956521739131,3.0,0.0,5.0,1.2083333333333333,1.0,1.5030162910010298,2.2590579710144927,5.0,0.0,0.0,0.0,0.0,0.0,0.0,0.0,0.0,0.0,0.0,0.0,0.0,0.0,0.0,0.0,7.0,2.4166666666666665,2.0,2.1450988964060187,4.601449275362319,7.0,0.0,1.0,0.041666666666666664,0.0,0.20412414523193154,0.04166666666666668,1.0,0.0,3.0,0.3333333333333333,0.0,0.7019641181630338,0.49275362318840576,3.0,11.0,3.0,9.0,0.0,21.0,3.0,0.0,0.0,0.0,11.0,13.0,0.0,1.0,0.0,0.0,0.0,0.0,0.0
87,518,Quint Iteration 4,-13,18,30,30,14,14,7,7,19,19,7,7,11,11,1,23,68.0,0.0,13.0,1.8676470588235294,0.5,3.0069790054546366,9.041922739244955,13.0,0.0,3.0,0.27941176470588236,0.0,0.5421237462770251,0.2938981562774363,3.0,0.0,3.0,0.9705882352941176,1.0,0.4877786455183385,0.23792800702370492,3.0,0.0,8.0,1.3235294117647058,1.0,1.8563419048706393,3.446005267778754,8.0,0.0,0.0,0.0,0.0,0.0,0.0,0.0,0.0,0.0,0.0,0.0,0.0,0.0,0.0,0.0,20.0,3.2205882352941178,2.0,3.916461958921652,15.338674275680422,20.0,0.0,3.0,0.07352941176470588,0.0,0.3983614375701197,0.15869183494293237,3.0,0.0,5.0,0.45588235294117646,0.0,0.9373481732488139,0.8786215978928885,5.0,18.0,9.0,20.0,15.0,61.0,4.0,2.0,0.0,1.0,38.0,30.0,0.0,6.0,0.0,0.0,0.0,0.0,0.0
87,524,CAP - 3.1.4,1,18,1,1,0,0,0,0,1,1,0,0,0,0,1,7,3.0,0.0,9.0,3.0,0.0,5.196152422706632,27.0,9.0,0.0,2.0,1.0,1.0,1.0,1.0,2.0,0.0,2.0,1.0,1.0,1.0,1.0,2.0,0.0,2.0,0.6666666666666666,0.0,1.1547005383792517,1.3333333333333335,2.0,0.0,0.0,0.0,0.0,0.0,0.0,0.0,0.0,0.0,0.0,0.0,0.0,0.0,0.0,0.0,7.0,4.0,5.0,3.605551275463989,13.0,7.0,0.0,0.0,0.0,0.0,0.0,0.0,0.0,0.0,1.0,0.3333333333333333,0.0,0.5773502691896258,0.33333333333333337,1.0,0.0,0.0,2.0,0.0,3.0,0.0,0.0,0.0,0.0,0.0,3.0,0.0,1.0,0.0,0.0,0.0,0.0,0.0
87,536,Quint Iteration 5,-17,20,51,51,8,8,0,0,33,33,12,12,14,14,1,28,100.0,0.0,14.0,1.91,1.0,2.971565584031761,8.830202020202021,14.0,0.0,2.0,0.29,0.0,0.49838121792844314,0.24838383838383835,2.0,0.0,2.0,0.99,1.0,0.4379705261980329,0.19181818181818183,2.0,0.0,7.0,1.27,1.0,1.734119868167053,3.0071717171717176,7.0,0.0,0.0,0.0,0.0,0.0,0.0,0.0,0.0,0.0,0.0,0.0,0.0,0.0,0.0,0.0,25.0,4.16,3.5,4.222881394584422,17.832727272727276,25.0,0.0,3.0,0.06,0.0,0.3428932159955306,0.11757575757575758,3.0,0.0,5.0,0.5,0.0,0.9898474527915803,0.9797979797979798,5.0,33.0,7.0,34.0,15.0,87.0,8.0,5.0,0.0,0.0,55.0,45.0,0.0,11.0,0.0,0.0,0.0,0.0,0.0
87,541,BUILD 4 06/05/15,-2,22,0,0,10,10,3,3,3,3,3,3,1,1,1,4,12.0,0.0,5.0,1.8333333333333333,1.5,2.0375267241229382,4.151515151515152,5.0,0.0,1.0,0.16666666666666666,0.0,0.38924947208076144,0.1515151515151515,1.0,0.0,3.0,1.25,1.0,0.7537783614444091,0.5681818181818182,3.0,0.0,5.0,1.1666666666666667,0.5,1.696699112626596,2.8787878787878785,5.0,0.0,0.0,0.0,0.0,0.0,0.0,0.0,0.0,0.0,0.0,0.0,0.0,0.0,0.0,0.0,7.0,1.9166666666666667,1.0,2.391588796113782,5.71969696969697,7.0,0.0,1.0,0.08333333333333333,0.0,0.28867513459481287,0.08333333333333331,1.0,0.0,1.0,0.16666666666666666,0.0,0.3892494720807615,0.15151515151515152,1.0,4.0,0.0,7.0,0.0,11.0,1.0,0.0,0.0,0.0,7.0,5.0,0.0,1.0,0.0,0.0,0.0,0.0,0.0
87,546,Sharding 4 06/05/15,-10,18,14,14,2,2,2,2,10,10,3,3,1,1,1,7,20.0,0.0,8.0,1.4,0.5,2.1618705350983243,4.673684210526315,8.0,0.0,1.0,0.3,0.0,0.4701623459816272,0.22105263157894733,1.0,1.0,3.0,1.1,1.0,0.44721359549995804,0.20000000000000007,2.0,0.0,7.0,0.8,0.0,1.5761378513048248,2.4842105263157896,7.0,0.0,0.0,0.0,0.0,0.0,0.0,0.0,0.0,0.0,0.0,0.0,0.0,0.0,0.0,0.0,13.0,2.7,1.0,3.7850119933064525,14.326315789473684,13.0,0.0,1.0,0.1,0.0,0.30779350562554625,0.09473684210526317,1.0,0.0,7.0,1.1,0.0,2.149663376340339,4.621052631578947,7.0,5.0,11.0,4.0,0.0,18.0,2.0,0.0,0.0,0.0,8.0,12.0,0.0,0.0,0.0,0.0,0.0,0.0,0.0
87,547,RPL 4 06/05/15,-4,18,17,17,3,3,1,1,11,11,4,4,4,4,1,8,24.0,0.0,14.0,1.625,0.0,3.3726843908080104,11.375,14.0,0.0,2.0,0.2916666666666667,0.0,0.5500329370901873,0.302536231884058,2.0,0.0,1.0,0.9166666666666666,1.0,0.28232985128663995,0.07971014492753623,1.0,0.0,6.0,1.2083333333333333,1.0,1.3824731042801415,1.9112318840579712,6.0,0.0,0.0,0.0,0.0,0.0,0.0,0.0,0.0,0.0,0.0,0.0,0.0,0.0,0.0,0.0,12.0,3.125,2.0,3.0830885135864485,9.505434782608695,12.0,0.0,1.0,0.041666666666666664,0.0,0.20412414523193154,0.04166666666666668,1.0,0.0,3.0,0.5416666666666666,0.0,0.9770927002733857,0.9547101449275364,3.0,5.0,13.0,5.0,0.0,23.0,0.0,1.0,0.0,0.0,6.0,18.0,0.0,1.0,0.0,0.0,0.0,0.0,0.0
87,548,Platform 4 06/05/15,-29,18,16,16,38,38,10,10,30,30,4,4,10,10,1,9,58.0,0.0,4.0,0.603448275862069,0.0,1.0586263057247416,1.120689655172414,4.0,0.0,1.0,0.1896551724137931,0.0,0.3954520642861981,0.15638233514821537,1.0,0.0,2.0,0.9655172413793104,1.0,0.2626128657194451,0.06896551724137931,2.0,0.0,5.0,0.6724137931034483,0.0,1.2050759753945304,1.452208106473079,5.0,0.0,0.0,0.0,0.0,0.0,0.0,0.0,0.0,0.0,0.0,0.0,0.0,0.0,0.0,0.0,8.0,0.9482758620689655,0.0,1.5719293519358033,2.4709618874773143,8.0,0.0,2.0,0.05172413793103448,0.0,0.2915424072011005,0.08499697519661227,2.0,0.0,3.0,0.20689655172413793,0.0,0.5851561701773917,0.34240774349667263,3.0,7.0,39.0,12.0,0.0,52.0,3.0,2.0,0.0,1.0,18.0,40.0,0.0,0.0,0.0,0.0,0.0,0.0,0.0
87,553,Security 4 06/05/15,0,18,0,0,2,2,1,1,1,1,0,0,0,0,1,2,8.0,0.0,0.0,0.0,0.0,0.0,0.0,0.0,0.0,1.0,0.5,0.5,0.5345224838248488,0.2857142857142857,1.0,0.0,1.0,0.875,1.0,0.3535533905932738,0.125,1.0,0.0,1.0,0.25,0.0,0.4629100498862757,0.21428571428571427,1.0,0.0,0.0,0.0,0.0,0.0,0.0,0.0,0.0,0.0,0.0,0.0,0.0,0.0,0.0,0.0,4.0,2.0,2.0,1.927248223318863,3.7142857142857144,4.0,0.0,0.0,0.0,0.0,0.0,0.0,0.0,0.0,1.0,0.125,0.0,0.3535533905932738,0.125,1.0,1.0,4.0,2.0,0.0,7.0,0.0,1.0,0.0,0.0,1.0,7.0,0.0,1.0,0.0,0.0,0.0,0.0,0.0
87,555,Kernel Tools Iteration 5,0,18,0,0,1,1,0,0,1,1,0,0,0,0,1,1,1.0,1.0,1.0,1.0,1.0,0.0,0.0,0.0,0.0,0.0,0.0,0.0,0.0,0.0,0.0,1.0,1.0,1.0,1.0,0.0,0.0,0.0,0.0,0.0,0.0,0.0,0.0,0.0,0.0,0.0,0.0,0.0,0.0,0.0,0.0,0.0,0.0,0.0,0.0,0.0,0.0,0.0,0.0,3.0,3.0,3.0,3.0,0.0,0.0,0.0,0.0,0.0,0.0,0.0,0.0,0.0,0.0,0.0,0.0,0.0,0.0,0.0,0.0,0.0,0.0,0.0,0.0,0.0,1.0,0.0,0.0,0.0,0.0,0.0,1.0,0.0,1.0,0.0,0.0,0.0,0.0,0.0
87,558,CAP - 3.1.5,4,17,2,2,2,2,1,1,3,3,0,0,0,0,1,3,10.0,0.0,1.0,0.5,0.5,0.5270462766947299,0.2777777777777778,1.0,0.0,2.0,0.4,0.0,0.6992058987801011,0.48888888888888904,2.0,0.0,2.0,0.9,1.0,0.5676462121975467,0.32222222222222224,2.0,0.0,1.0,0.2,0.0,0.42163702135578396,0.17777777777777784,1.0,0.0,0.0,0.0,0.0,0.0,0.0,0.0,0.0,0.0,0.0,0.0,0.0,0.0,0.0,0.0,3.0,0.9,0.5,1.1005049346146119,1.2111111111111112,3.0,0.0,0.0,0.0,0.0,0.0,0.0,0.0,0.0,2.0,0.6,0.0,0.8432740427115678,0.7111111111111111,2.0,7.0,0.0,2.0,0.0,10.0,0.0,0.0,0.0,0.0,3.0,7.0,0.0,0.0,0.0,1.0,0.0,0.0,0.0
87,565,RPL 5 06/26/16,9,18,12,12,11,11,7,7,1,1,4,4,11,11,1,7,34.0,0.0,11.0,1.3823529411764706,1.0,2.387019263132756,5.697860962566845,11.0,0.0,1.0,0.17647058823529413,0.0,0.3869529949759475,0.14973262032085563,1.0,0.0,1.0,0.9117647058823529,1.0,0.28790224128123654,0.08288770053475933,1.0,0.0,3.0,0.6470588235294118,0.0,0.9172539036208377,0.841354723707665,3.0,0.0,0.0,0.0,0.0,0.0,0.0,0.0,0.0,0.0,0.0,0.0,0.0,0.0,0.0,0.0,7.0,2.088235294117647,1.5,1.9903958348335231,3.9616755793226375,7.0,0.0,0.0,0.0,0.0,0.0,0.0,0.0,0.0,3.0,0.35294117647058826,0.0,0.6911717297975237,0.47771836007130114,3.0,5.0,14.0,15.0,0.0,30.0,4.0,0.0,0.0,0.0,12.0,22.0,0.0,0.0,0.0,0.0,0.0,0.0,0.0
87,566,Sharding 5 06/26/16,8,18,12,12,14,14,0,0,12,12,1,1,13,13,1,10,48.0,0.0,8.0,1.2083333333333333,0.0,1.9456261184790364,3.785460992907802,8.0,0.0,1.0,0.4375,0.0,0.5013280235873938,0.25132978723404253,1.0,0.0,1.0,0.9791666666666666,1.0,0.14433756729740646,0.020833333333333336,1.0,0.0,7.0,0.6458333333333334,0.0,1.1390474432674804,1.2974290780141842,7.0,0.0,0.0,0.0,0.0,0.0,0.0,0.0,0.0,0.0,0.0,0.0,0.0,0.0,0.0,0.0,13.0,2.2708333333333335,0.0,3.431639911510166,11.7761524822695,13.0,0.0,1.0,0.041666666666666664,0.0,0.20194093652345887,0.04078014184397165,1.0,0.0,7.0,0.625,0.0,1.552280408974199,2.4095744680851063,7.0,7.0,26.0,15.0,0.0,43.0,4.0,1.0,0.0,0.0,16.0,32.0,0.0,0.0,0.0,0.0,0.0,0.0,0.0
87,567,Platform 5 06/26/16,5,18,38,38,16,16,19,19,13,13,6,6,16,16,1,8,69.0,0.0,6.0,0.7681159420289855,0.0,1.3189225497511652,1.7395566922421146,6.0,0.0,2.0,0.2608695652173913,0.0,0.474409041459926,0.2250639386189258,2.0,0.0,2.0,0.9855072463768116,1.0,0.20953405052418275,0.04390451832907077,2.0,0.0,4.0,0.4057971014492754,0.0,0.8629436724121574,0.7446717817561809,4.0,0.0,0.0,0.0,0.0,0.0,0.0,0.0,0.0,0.0,0.0,0.0,0.0,0.0,0.0,0.0,7.0,0.927536231884058,0.0,1.656705098005128,2.7446717817561814,7.0,0.0,2.0,0.043478260869565216,0.0,0.267602789964774,0.07161125319693094,2.0,0.0,2.0,0.13043478260869565,0.0,0.4170288281141495,0.17391304347826084,2.0,10.0,37.0,20.0,0.0,57.0,4.0,3.0,0.0,5.0,21.0,48.0,0.0,2.0,0.0,0.0,0.0,0.0,0.0
87,568,Build 5 06/26/16,2,17,9,9,7,7,0,0,6,6,1,1,9,9,1,4,24.0,0.0,9.0,1.2916666666666667,0.0,2.1362129568705104,4.563405797101449,9.0,0.0,2.0,0.5416666666666666,0.0,0.6580053301400786,0.4329710144927537,2.0,0.0,3.0,1.0833333333333333,1.0,0.7172815023567723,0.5144927536231884,3.0,0.0,4.0,0.625,0.0,1.0134958870382644,1.0271739130434783,4.0,0.0,0.0,0.0,0.0,0.0,0.0,0.0,0.0,0.0,0.0,0.0,0.0,0.0,0.0,0.0,9.0,2.4166666666666665,1.0,2.947610184047655,8.68840579710145,9.0,0.0,2.0,0.16666666666666666,0.0,0.4815434123430768,0.23188405797101447,2.0,0.0,1.0,0.16666666666666666,0.0,0.38069349381344053,0.1449275362318841,1.0,3.0,2.0,17.0,0.0,19.0,4.0,1.0,0.0,0.0,12.0,12.0,0.0,1.0,0.0,1.0,0.0,0.0,0.0
87,569,Security 5 06/26/15,3,18,2,2,7,7,1,1,3,3,4,4,1,1,1,5,15.0,0.0,2.0,0.2,0.0,0.5606119105813882,0.3142857142857144,2.0,0.0,1.0,0.26666666666666666,0.0,0.4577377082170635,0.20952380952380958,1.0,0.0,1.0,0.7333333333333333,1.0,0.45773770821706344,0.20952380952380953,1.0,0.0,4.0,0.8666666666666667,0.0,1.3557637102737474,1.838095238095238,4.0,0.0,0.0,0.0,0.0,0.0,0.0,0.0,0.0,0.0,0.0,0.0,0.0,0.0,0.0,0.0,6.0,2.3333333333333335,1.0,2.7167908239230307,7.3809523809523805,6.0,0.0,0.0,0.0,0.0,0.0,0.0,0.0,0.0,2.0,0.4,0.0,0.632455532033676,0.4000000000000002,2.0,4.0,4.0,3.0,0.0,13.0,2.0,0.0,0.0,0.0,4.0,11.0,0.0,4.0,0.0,0.0,0.0,0.0,0.0
87,572,Quint Iteration 6,5,21,35,35,25,25,21,21,16,16,10,10,13,13,1,30,81.0,0.0,60.0,3.7037037037037037,1.0,9.199788644915225,84.6361111111111,60.0,0.0,2.0,0.30864197530864196,0.0,0.539489928280454,0.29104938271604935,2.0,0.0,3.0,1.037037037037037,1.0,0.4013864859597432,0.1611111111111111,3.0,0.0,10.0,1.5185185185185186,1.0,2.1915240764768655,4.802777777777778,10.0,0.0,0.0,0.0,0.0,0.0,0.0,0.0,0.0,0.0,0.0,0.0,0.0,0.0,0.0,0.0,24.0,4.45679012345679,3.0,4.650401549103178,21.626234567901232,24.0,0.0,3.0,0.1111111111111111,0.0,0.4183300132670378,0.175,3.0,0.0,15.0,0.7160493827160493,0.0,2.0077012221769617,4.030864197530865,15.0,29.0,8.0,24.0,11.0,66.0,8.0,6.0,0.0,1.0,37.0,44.0,0.0,9.0,0.0,0.0,0.0,0.0,0.0
87,573,Security 6 07/17/15,1,15,6,6,1,1,0,0,5,5,0,0,2,2,1,4,18.0,0.0,10.0,1.0,0.0,2.5667557916789914,6.588235294117647,10.0,0.0,2.0,0.6666666666666666,1.0,0.5940885257860046,0.35294117647058826,2.0,0.0,3.0,0.9444444444444444,1.0,0.8726040960806521,0.761437908496732,3.0,0.0,4.0,0.5555555555555556,0.0,0.9835244081556433,0.9673202614379086,4.0,0.0,0.0,0.0,0.0,0.0,0.0,0.0,0.0,0.0,0.0,0.0,0.0,0.0,0.0,0.0,8.0,1.6666666666666667,0.5,2.3263199921511983,5.411764705882352,8.0,0.0,0.0,0.0,0.0,0.0,0.0,0.0,0.0,1.0,0.2222222222222222,0.0,0.42779263194649864,0.18300653594771243,1.0,6.0,3.0,7.0,0.0,17.0,0.0,1.0,0.0,0.0,8.0,10.0,0.0,2.0,0.0,0.0,0.0,0.0,0.0
87,574,RPL 6 07/17/15,-6,15,18,18,2,2,2,2,13,13,2,2,3,3,1,7,29.0,0.0,14.0,2.0689655172413794,1.0,3.0697956479539554,9.423645320197044,14.0,0.0,2.0,0.3793103448275862,0.0,0.6218516763579257,0.3866995073891624,2.0,0.0,2.0,1.0,1.0,0.4629100498862757,0.21428571428571427,2.0,0.0,4.0,0.896551724137931,0.0,1.1754885788533966,1.381773399014778,4.0,0.0,0.0,0.0,0.0,0.0,0.0,0.0,0.0,0.0,0.0,0.0,0.0,0.0,0.0,0.0,8.0,3.0,2.0,2.7255405754769875,7.428571428571429,8.0,0.0,0.0,0.0,0.0,0.0,0.0,0.0,0.0,3.0,0.41379310344827586,0.0,0.7327658649308672,0.5369458128078819,3.0,8.0,12.0,8.0,0.0,27.0,1.0,1.0,0.0,0.0,8.0,21.0,0.0,1.0,0.0,0.0,0.0,0.0,0.0
87,575,Platform 6 07/17/15,-14,18,30,30,36,36,3,3,49,49,7,7,7,7,1,15,81.0,0.0,9.0,1.0493827160493827,0.0,1.57242833356485,2.4725308641975308,9.0,0.0,2.0,0.32098765432098764,0.0,0.49566017829323245,0.24567901234567896,2.0,0.0,2.0,0.9382716049382716,1.0,0.32960882164869615,0.10864197530864197,2.0,0.0,5.0,0.5925925925925926,0.0,1.0096754153907306,1.0194444444444444,5.0,0.0,0.0,0.0,0.0,0.0,0.0,0.0,0.0,0.0,0.0,0.0,0.0,0.0,0.0,0.0,13.0,1.1358024691358024,0.0,2.0539783739109394,4.218827160493826,13.0,0.0,2.0,0.037037037037037035,0.0,0.24720661623652207,0.0611111111111111,2.0,0.0,3.0,0.43209876543209874,0.0,0.8357372733840802,0.6984567901234568,3.0,16.0,44.0,20.0,0.0,73.0,2.0,4.0,0.0,2.0,24.0,57.0,0.0,1.0,0.0,0.0,0.0,0.0,0.0
87,576,Sharding 6 07/17/15,2,17,14,14,11,11,3,3,6,6,7,7,9,9,1,12,47.0,0.0,13.0,1.872340425531915,1.0,2.642602647231765,6.983348751156333,13.0,0.0,3.0,0.5957446808510638,1.0,0.6480597955531541,0.4199814986123958,3.0,0.0,3.0,0.9787234042553191,1.0,0.3895014484612047,0.15171137835337653,3.0,0.0,4.0,0.851063829787234,1.0,1.0627839447547616,1.129509713228492,4.0,0.0,0.0,0.0,0.0,0.0,0.0,0.0,0.0,0.0,0.0,0.0,0.0,0.0,0.0,0.0,14.0,2.297872340425532,2.0,3.0780774181369126,9.474560592044401,14.0,0.0,0.0,0.0,0.0,0.0,0.0,0.0,0.0,6.0,0.3829787234042553,0.0,1.207822177549718,1.4588344125809427,6.0,5.0,18.0,17.0,6.0,46.0,0.0,1.0,0.0,0.0,13.0,34.0,0.0,1.0,0.0,0.0,0.0,0.0,0.0
87,577,Build 6 07/17/15,-9,18,7,7,8,8,2,2,9,9,1,1,3,3,1,3,16.0,0.0,9.0,1.125,0.0,2.4460853078609777,5.983333333333333,9.0,0.0,1.0,0.25,0.0,0.4472135954999579,0.2,1.0,1.0,2.0,1.125,1.0,0.3415650255319866,0.11666666666666667,1.0,0.0,3.0,0.6875,0.0,1.0781929326423914,1.1625,3.0,0.0,0.0,0.0,0.0,0.0,0.0,0.0,0.0,0.0,0.0,0.0,0.0,0.0,0.0,0.0,10.0,2.6875,2.0,3.0269621735330623,9.1625,10.0,0.0,1.0,0.0625,0.0,0.25,0.0625,1.0,0.0,1.0,0.3125,0.0,0.47871355387816905,0.22916666666666666,1.0,5.0,0.0,9.0,0.0,12.0,3.0,1.0,0.0,0.0,8.0,8.0,0.0,2.0,0.0,0.0,0.0,0.0,0.0
87,593,RPL 7 08/10/15,1,18,19,19,8,8,8,8,8,8,5,5,6,6,1,11,42.0,0.0,15.0,2.0238095238095237,0.0,3.4036429209841654,11.584785133565621,15.0,0.0,3.0,0.42857142857142855,0.0,0.7372611524884797,0.5435540069686412,3.0,0.0,2.0,0.9285714285714286,1.0,0.34165002367328784,0.11672473867595816,2.0,0.0,5.0,1.1666666666666667,1.0,1.2477622245867566,1.5569105691056913,5.0,0.0,0.0,0.0,0.0,0.0,0.0,0.0,0.0,0.0,0.0,0.0,0.0,0.0,0.0,0.0,9.0,2.9761904761904763,2.0,3.0562857678138067,9.34088269454123,9.0,0.0,0.0,0.0,0.0,0.0,0.0,0.0,0.0,3.0,0.38095238095238093,0.0,0.7635725068956292,0.5830429732868756,3.0,14.0,14.0,12.0,0.0,39.0,1.0,2.0,0.0,0.0,16.0,26.0,0.0,2.0,0.0,0.0,0.0,0.0,0.0
87,600,CAP - 3.1.6,6,20,3,3,5,5,2,2,6,6,0,0,0,0,1,1,18.0,0.0,3.0,0.6111111111111112,0.0,0.9164438231805327,0.8398692810457516,3.0,0.0,2.0,0.3333333333333333,0.0,0.5940885257860046,0.35294117647058826,2.0,0.0,1.0,0.8888888888888888,1.0,0.3233808333817773,0.10457516339869281,1.0,0.0,1.0,0.3333333333333333,0.0,0.48507125007266594,0.23529411764705882,1.0,0.0,0.0,0.0,0.0,0.0,0.0,0.0,0.0,0.0,0.0,0.0,0.0,0.0,0.0,0.0,3.0,0.8888888888888888,0.0,1.1318329168362207,1.281045751633987,3.0,0.0,0.0,0.0,0.0,0.0,0.0,0.0,0.0,2.0,0.2777777777777778,0.0,0.6691131580686884,0.44771241830065367,2.0,9.0,4.0,3.0,0.0,16.0,2.0,0.0,0.0,0.0,5.0,13.0,0.0,2.0,0.0,0.0,0.0,0.0,0.0
87,607,CAP - 3.1.7,0,21,4,4,2,2,0,0,0,0,3,3,3,3,1,1,8.0,0.0,2.0,1.125,1.5,0.9910312089651149,0.9821428571428571,2.0,0.0,0.0,0.0,0.0,0.0,0.0,0.0,1.0,1.0,1.0,1.0,0.0,0.0,0.0,0.0,2.0,0.375,0.0,0.7440238091428449,0.5535714285714286,2.0,0.0,0.0,0.0,0.0,0.0,0.0,0.0,0.0,0.0,0.0,0.0,0.0,0.0,0.0,0.0,5.0,1.875,1.5,1.9594095320493148,3.8392857142857144,5.0,0.0,0.0,0.0,0.0,0.0,0.0,0.0,0.0,3.0,1.375,1.0,1.5059406173077154,2.267857142857143,3.0,5.0,3.0,0.0,0.0,8.0,0.0,0.0,0.0,0.0,3.0,5.0,0.0,0.0,0.0,0.0,0.0,0.0,0.0
87,620,Sharding 7 08/10/15,-3,18,24,24,16,16,10,10,30,30,0,0,0,0,1,12,54.0,0.0,8.0,0.8703703703703703,0.0,1.6024308927058204,2.5677847658979727,8.0,0.0,3.0,0.37037037037037035,0.0,0.6233293534553829,0.3885394828791056,3.0,0.0,1.0,0.9444444444444444,1.0,0.23121228232266408,0.05345911949685532,1.0,0.0,8.0,1.1851851851851851,1.0,1.493054031982061,2.2292103424178893,8.0,0.0,0.0,0.0,0.0,0.0,0.0,0.0,0.0,0.0,0.0,0.0,0.0,0.0,0.0,0.0,19.0,2.5925925925925926,0.5,3.804260365067973,14.472396925227107,19.0,0.0,0.0,0.0,0.0,0.0,0.0,0.0,0.0,6.0,0.4444444444444444,0.0,1.1102722200054018,1.2327044025157234,6.0,7.0,20.0,23.0,0.0,51.0,1.0,1.0,0.0,1.0,28.0,26.0,0.0,4.0,0.0,0.0,0.0,0.0,0.0
87,625,Build 7 08/10/15,-12,18,10,10,11,11,4,4,8,8,8,8,1,1,1,9,28.0,0.0,9.0,1.3214285714285714,0.0,2.3421036986969077,5.485449735449736,9.0,0.0,3.0,0.42857142857142855,0.0,0.7417981870189158,0.5502645502645502,3.0,0.0,2.0,1.0357142857142858,1.0,0.33134326579600165,0.1097883597883598,2.0,0.0,3.0,0.9285714285714286,1.0,0.9399988742535192,0.8835978835978834,3.0,0.0,0.0,0.0,0.0,0.0,0.0,0.0,0.0,0.0,0.0,0.0,0.0,0.0,0.0,0.0,15.0,2.9285714285714284,2.5,3.681068397933479,13.550264550264549,15.0,0.0,1.0,0.07142857142857142,0.0,0.26226526415648105,0.06878306878306878,1.0,0.0,3.0,0.39285714285714285,0.0,0.7373267889143821,0.5436507936507938,3.0,8.0,1.0,17.0,0.0,22.0,5.0,1.0,0.0,0.0,14.0,14.0,0.0,2.0,0.0,0.0,0.0,0.0,0.0
87,629,Security 7 08/10/15,-5,18,13,13,6,6,3,3,12,12,1,1,3,3,1,11,24.0,0.0,8.0,1.0833333333333333,0.0,1.9541854005467714,3.8188405797101455,8.0,0.0,2.0,0.625,1.0,0.6468989572333266,0.41847826086956524,2.0,0.0,3.0,1.0,1.0,0.7223151185146152,0.5217391304347826,3.0,0.0,4.0,0.625,0.0,1.0555237727226274,1.1141304347826086,4.0,0.0,0.0,0.0,0.0,0.0,0.0,0.0,0.0,0.0,0.0,0.0,0.0,0.0,0.0,0.0,13.0,3.4166666666666665,2.5,3.7522939843417835,14.079710144927537,13.0,0.0,0.0,0.0,0.0,0.0,0.0,0.0,0.0,3.0,0.6666666666666666,0.0,0.9168313422570847,0.8405797101449276,3.0,10.0,2.0,10.0,0.0,22.0,0.0,2.0,0.0,0.0,12.0,12.0,0.0,2.0,0.0,0.0,0.0,0.0,0.0
87,632,Platform 7 08/10/15,8,22,58,58,17,17,35,35,10,10,16,16,14,14,1,19,101.0,0.0,18.0,0.8811881188118812,0.0,2.2728270005122315,5.165742574257427,18.0,0.0,4.0,0.5148514851485149,0.0,0.7295733189493515,0.5322772277227722,4.0,0.0,2.0,0.9108910891089109,1.0,0.31934338574613064,0.10198019801980199,2.0,0.0,6.0,0.7128712871287128,0.0,1.2110873929107375,1.4667326732673271,6.0,0.0,0.0,0.0,0.0,0.0,0.0,0.0,0.0,0.0,0.0,0.0,0.0,0.0,0.0,0.0,15.0,1.5643564356435644,1.0,2.303978478997399,5.308316831683168,15.0,0.0,2.0,0.04950495049504951,0.0,0.25985525292987155,0.06752475247524753,2.0,0.0,7.0,0.39603960396039606,0.0,1.0399923838258824,1.0815841584158417,7.0,16.0,26.0,57.0,0.0,92.0,3.0,5.0,0.0,1.0,47.0,54.0,0.0,2.0,0.0,0.0,0.0,0.0,0.0
87,635,Quint Iteration 7,-12,15,46,46,18,18,10,10,28,28,10,10,16,16,1,25,83.0,0.0,12.0,1.891566265060241,1.0,2.464440015514191,6.073464590067586,12.0,0.0,3.0,0.37349397590361444,0.0,0.5990000483222826,0.3588010578900969,3.0,0.0,3.0,1.0,1.0,0.4417261042993862,0.1951219512195122,3.0,0.0,10.0,1.1686746987951808,1.0,1.8400641366634396,3.385836027034969,10.0,0.0,0.0,0.0,0.0,0.0,0.0,0.0,0.0,0.0,0.0,0.0,0.0,0.0,0.0,0.0,26.0,3.6867469879518073,2.0,4.671991560621798,21.827505142521307,26.0,0.0,1.0,0.04819277108433735,0.0,0.2154753371565183,0.046429620922715235,1.0,0.0,4.0,0.39759036144578314,0.0,0.8255044139596959,0.6814575374669409,4.0,27.0,15.0,22.0,11.0,71.0,7.0,5.0,0.0,0.0,36.0,47.0,0.0,7.0,1.0,0.0,0.0,0.0,0.0
87,636,Kernel Tools Iteration 7,0,15,0,0,0,0,0,0,0,0,0,0,0,0,1,1,1.0,0.0,0.0,0.0,0.0,0.0,0.0,0.0,1.0,1.0,1.0,1.0,0.0,0.0,0.0,1.0,1.0,1.0,1.0,0.0,0.0,0.0,1.0,1.0,1.0,1.0,0.0,0.0,0.0,0.0,0.0,0.0,0.0,0.0,0.0,0.0,0.0,0.0,0.0,0.0,0.0,0.0,0.0,0.0,0.0,0.0,0.0,0.0,0.0,0.0,0.0,0.0,0.0,0.0,0.0,0.0,0.0,0.0,0.0,0.0,0.0,0.0,0.0,0.0,0.0,0.0,1.0,0.0,1.0,0.0,0.0,0.0,0.0,1.0,0.0,0.0,0.0,0.0,0.0,0.0,0.0,0.0
98,130,Sprint 1 April 14 - May 2,8,18,13,13,2,2,3,3,3,3,2,2,7,7,1,3,24.0,0.0,9.0,2.3333333333333335,1.0,3.01686083128843,9.101449275362317,9.0,0.0,2.0,0.9166666666666666,1.0,0.408248290463863,0.16666666666666666,2.0,1.0,1.0,1.0,1.0,0.0,0.0,0.0,0.0,7.0,1.0416666666666667,0.5,1.6010639578422372,2.5634057971014492,7.0,0.0,0.0,0.0,0.0,0.0,0.0,0.0,0.0,0.0,0.0,0.0,0.0,0.0,0.0,0.0,5.0,0.9166666666666666,0.0,1.5857152183236396,2.514492753623188,5.0,0.0,1.0,0.041666666666666664,0.0,0.20412414523193154,0.04166666666666668,1.0,0.0,2.0,0.2916666666666667,0.0,0.6240935455708451,0.3894927536231884,2.0,14.0,1.0,7.0,0.0,17.0,6.0,1.0,0.0,0.0,16.0,8.0,0.0,2.0,0.0,0.0,0.0,0.0,0.0
98,131,Sprint 2,-8,18,12,12,1,1,0,0,8,8,2,2,3,3,1,2,13.0,0.0,10.0,2.1538461538461537,1.0,2.7942248133771037,7.807692307692309,10.0,0.0,1.0,0.7692307692307693,1.0,0.4385290096535146,0.1923076923076923,1.0,0.0,1.0,0.9230769230769231,1.0,0.2773500981126146,0.07692307692307694,1.0,0.0,7.0,0.7692307692307693,0.0,1.921537845661045,3.6923076923076903,7.0,0.0,0.0,0.0,0.0,0.0,0.0,0.0,0.0,0.0,0.0,0.0,0.0,0.0,0.0,0.0,5.0,1.2307692307692308,1.0,1.4806443503784736,2.192307692307692,5.0,0.0,1.0,0.15384615384615385,0.0,0.37553380809940534,0.141025641025641,1.0,0.0,2.0,0.3076923076923077,0.0,0.6304251719561151,0.3974358974358973,2.0,3.0,1.0,3.0,0.0,9.0,4.0,0.0,0.0,0.0,8.0,5.0,0.0,6.0,0.0,0.0,0.0,0.0,0.0
98,182,Sprint 3 - May 25 - High Level,-1,17,13,13,0,0,6,6,6,6,1,1,0,0,1,2,20.0,0.0,10.0,1.15,0.0,2.5188761069384227,6.344736842105264,10.0,0.0,2.0,0.65,1.0,0.5871429486123998,0.3447368421052631,2.0,0.0,1.0,0.9,1.0,0.30779350562554625,0.09473684210526317,1.0,0.0,7.0,0.8,0.0,1.6415653633362466,2.694736842105263,7.0,0.0,0.0,0.0,0.0,0.0,0.0,0.0,0.0,0.0,0.0,0.0,0.0,0.0,0.0,0.0,5.0,0.8,0.0,1.3218806379747876,1.7473684210526317,5.0,0.0,1.0,0.1,0.0,0.30779350562554625,0.09473684210526317,1.0,0.0,2.0,0.35,0.0,0.6708203932499369,0.45,2.0,7.0,3.0,4.0,0.0,17.0,2.0,1.0,0.0,0.0,9.0,11.0,0.0,5.0,1.0,0.0,0.0,0.0,0.0
98,204,Sprint 4,-2,18,7,7,1,1,0,0,5,5,0,0,3,3,1,2,12.0,0.0,4.0,0.8333333333333334,0.0,1.5859229221975182,2.515151515151515,4.0,0.0,1.0,0.25,0.0,0.45226701686664544,0.20454545454545456,1.0,0.0,1.0,0.8333333333333334,1.0,0.38924947208076155,0.15151515151515155,1.0,0.0,3.0,0.6666666666666666,0.0,1.1547005383792517,1.3333333333333337,3.0,0.0,0.0,0.0,0.0,0.0,0.0,0.0,0.0,0.0,0.0,0.0,0.0,0.0,0.0,0.0,2.0,0.5833333333333334,0.0,0.7929614610987591,0.6287878787878788,2.0,0.0,0.0,0.0,0.0,0.0,0.0,0.0,0.0,2.0,0.5833333333333334,0.0,0.90033663737852,0.8106060606060606,2.0,5.0,3.0,2.0,0.0,9.0,2.0,1.0,0.0,0.0,2.0,10.0,0.0,2.0,0.0,0.0,0.0,0.0,0.0
98,228,Sprint 5,-6,14,6,6,1,1,0,0,6,6,0,0,1,1,1,2,7.0,0.0,2.0,0.42857142857142855,0.0,0.7867957924694431,0.619047619047619,2.0,0.0,1.0,0.14285714285714285,0.0,0.3779644730092273,0.1428571428571429,1.0,1.0,1.0,1.0,1.0,0.0,0.0,0.0,0.0,3.0,0.8571428571428571,0.0,1.2149857925879117,1.476190476190476,3.0,0.0,0.0,0.0,0.0,0.0,0.0,0.0,0.0,0.0,0.0,0.0,0.0,0.0,0.0,0.0,1.0,0.14285714285714285,0.0,0.37796447300922725,0.14285714285714288,1.0,0.0,0.0,0.0,0.0,0.0,0.0,0.0,0.0,2.0,1.2857142857142858,1.0,0.7559289460184545,0.5714285714285715,2.0,4.0,2.0,0.0,0.0,6.0,0.0,1.0,0.0,0.0,2.0,5.0,0.0,1.0,0.0,0.0,0.0,0.0,0.0
98,243,C# Sprint 6,5,18,0,0,6,6,5,5,1,1,0,0,0,0,1,2,15.0,0.0,5.0,0.9333333333333333,0.0,1.4375905768565218,2.0666666666666673,5.0,0.0,1.0,0.3333333333333333,0.0,0.48795003647426666,0.23809523809523814,1.0,0.0,1.0,0.9333333333333333,1.0,0.25819888974716115,0.06666666666666668,1.0,0.0,3.0,0.8,1.0,0.9411239481143203,0.8857142857142859,3.0,0.0,0.0,0.0,0.0,0.0,0.0,0.0,0.0,0.0,0.0,0.0,0.0,0.0,0.0,0.0,2.0,0.6666666666666666,1.0,0.7237468644557459,0.5238095238095238,2.0,0.0,1.0,0.06666666666666667,0.0,0.25819888974716115,0.06666666666666668,1.0,0.0,2.0,0.8,1.0,0.7745966692414834,0.6,2.0,7.0,2.0,0.0,0.0,9.0,5.0,1.0,0.0,0.0,6.0,9.0,0.0,6.0,0.0,0.0,0.0,0.0,0.0
98,261,C# Sprint 7,-3,14,10,10,1,1,0,0,3,3,4,4,4,4,1,2,16.0,0.0,53.0,4.125,0.0,13.104070614380353,171.71666666666667,53.0,0.0,1.0,0.25,0.0,0.4472135954999579,0.2,1.0,1.0,1.0,1.0,1.0,0.0,0.0,0.0,0.0,3.0,0.875,1.0,1.02469507659596,1.05,3.0,0.0,0.0,0.0,0.0,0.0,0.0,0.0,0.0,0.0,0.0,0.0,0.0,0.0,0.0,0.0,3.0,0.625,0.0,0.9574271077563381,0.9166666666666666,3.0,0.0,2.0,0.125,0.0,0.5,0.25,2.0,0.0,4.0,0.625,0.0,1.1474609652039003,1.3166666666666667,4.0,10.0,2.0,0.0,0.0,11.0,3.0,2.0,0.0,0.0,9.0,7.0,0.0,4.0,0.0,0.0,0.0,0.0,0.0
98,262,C# Sprint 8,-10,18,14,14,2,2,0,0,14,14,0,0,2,2,1,3,18.0,0.0,6.0,1.4444444444444444,0.5,1.854159781877502,3.4379084967320255,6.0,0.0,2.0,0.5555555555555556,0.5,0.6156987634551994,0.3790849673202615,2.0,0.0,2.0,0.8888888888888888,1.0,0.4714045207910317,0.22222222222222224,2.0,0.0,9.0,1.2777777777777777,1.0,2.108960032409494,4.447712418300654,9.0,0.0,0.0,0.0,0.0,0.0,0.0,0.0,0.0,0.0,0.0,0.0,0.0,0.0,0.0,0.0,4.0,0.7777777777777778,0.0,1.3085940167422419,1.712418300653595,4.0,0.0,1.0,0.1111111111111111,0.0,0.3233808333817773,0.10457516339869281,1.0,0.0,3.0,0.5,0.0,0.9235481451827989,0.8529411764705882,3.0,7.0,3.0,3.0,0.0,14.0,3.0,1.0,0.0,0.0,8.0,10.0,0.0,5.0,0.0,0.0,0.0,0.0,0.0
98,263,C# Sprint 9,-5,18,11,11,3,3,0,0,10,10,1,1,3,3,1,2,20.0,0.0,10.0,1.25,0.0,2.403396719119356,5.776315789473684,10.0,0.0,1.0,0.2,0.0,0.41039134083406165,0.16842105263157897,1.0,0.0,2.0,0.95,1.0,0.5104177855340405,0.2605263157894737,2.0,0.0,9.0,1.3,1.0,2.2266330494363245,4.957894736842106,9.0,0.0,0.0,0.0,0.0,0.0,0.0,0.0,0.0,0.0,0.0,0.0,0.0,0.0,0.0,0.0,4.0,0.6,0.0,1.0462967275611939,1.094736842105263,4.0,0.0,0.0,0.0,0.0,0.0,0.0,0.0,0.0,2.0,0.25,0.0,0.5501196042201808,0.3026315789473684,2.0,9.0,10.0,0.0,0.0,18.0,2.0,0.0,0.0,0.0,6.0,14.0,0.0,1.0,0.0,0.0,0.0,0.0,0.0
98,289,C# Sprint 10,11,18,0,0,0,0,0,0,0,0,0,0,0,0,1,2,21.0,0.0,10.0,1.1904761904761905,0.0,2.5810665938531616,6.66190476190476,10.0,0.0,1.0,0.42857142857142855,0.0,0.50709255283711,0.2571428571428572,1.0,0.0,2.0,1.2380952380952381,1.0,0.6248809410409238,0.3904761904761905,2.0,0.0,9.0,1.0952380952380953,0.0,2.233937373893053,4.99047619047619,9.0,0.0,0.0,0.0,0.0,0.0,0.0,0.0,0.0,0.0,0.0,0.0,0.0,0.0,0.0,0.0,4.0,0.8571428571428571,0.0,1.3522468075656264,1.8285714285714285,4.0,0.0,0.0,0.0,0.0,0.0,0.0,0.0,0.0,3.0,0.3333333333333333,0.0,0.7958224257542215,0.6333333333333334,3.0,11.0,6.0,2.0,0.0,15.0,6.0,0.0,0.0,0.0,9.0,12.0,0.0,2.0,0.0,0.0,0.0,0.0,0.0
98,304,C Sprint 9,0,18,0,0,0,0,0,0,0,0,0,0,0,0,1,1,2.0,0.0,0.0,0.0,0.0,0.0,0.0,0.0,0.0,1.0,0.5,0.5,0.7071067811865476,0.5,1.0,1.0,2.0,1.5,1.5,0.7071067811865476,0.5,1.0,0.0,0.0,0.0,0.0,0.0,0.0,0.0,0.0,0.0,0.0,0.0,0.0,0.0,0.0,0.0,0.0,0.0,0.0,0.0,0.0,0.0,0.0,0.0,0.0,0.0,0.0,0.0,0.0,0.0,0.0,0.0,0.0,0.0,0.0,0.0,0.0,0.0,0.0,0.0,0.0,0.0,0.0,0.0,1.0,1.0,0.0,2.0,0.0,0.0,0.0,0.0,1.0,1.0,0.0,0.0,0.0,0.0,0.0,0.0,0.0
98,339,C# Sprint 11,6,18,5,5,9,9,0,0,4,4,1,1,9,9,1,3,20.0,0.0,16.0,2.35,1.0,4.2460507967311285,18.028947368421054,16.0,0.0,1.0,0.15,0.0,0.36634754853252327,0.13421052631578947,1.0,1.0,2.0,1.15,1.0,0.36634754853252327,0.13421052631578947,1.0,0.0,4.0,0.65,0.0,1.0894228312566052,1.1868421052631577,4.0,0.0,0.0,0.0,0.0,0.0,0.0,0.0,0.0,0.0,0.0,0.0,0.0,0.0,0.0,0.0,3.0,0.5,0.0,0.9459053029269173,0.8947368421052632,3.0,0.0,0.0,0.0,0.0,0.0,0.0,0.0,0.0,2.0,0.45,0.0,0.8255779474818966,0.6815789473684212,2.0,7.0,10.0,1.0,0.0,14.0,6.0,0.0,0.0,0.0,13.0,7.0,0.0,2.0,0.0,0.0,0.0,0.0,0.0
98,353,C# Sprint 12,6,32,10,10,2,2,1,1,11,11,0,0,0,0,1,2,20.0,0.0,5.0,1.25,0.5,1.6819474927657678,2.8289473684210527,5.0,0.0,1.0,0.15,0.0,0.36634754853252327,0.13421052631578947,1.0,1.0,2.0,1.05,1.0,0.223606797749979,0.05000000000000001,1.0,0.0,3.0,0.45,0.0,0.8255779474818965,0.6815789473684211,3.0,0.0,0.0,0.0,0.0,0.0,0.0,0.0,0.0,0.0,0.0,0.0,0.0,0.0,0.0,0.0,3.0,0.45,0.0,0.8870412083230169,0.7868421052631579,3.0,0.0,0.0,0.0,0.0,0.0,0.0,0.0,0.0,2.0,0.4,0.0,0.7539370349250519,0.568421052631579,2.0,8.0,8.0,2.0,0.0,19.0,1.0,0.0,0.0,0.0,8.0,12.0,0.0,2.0,0.0,0.0,0.0,0.0,0.0
98,377,C# Sprint 14,8,18,6,6,1,1,0,0,7,7,0,0,0,0,1,2,15.0,0.0,5.0,0.9333333333333333,1.0,1.3870146083619754,1.9238095238095243,5.0,0.0,1.0,0.2,0.0,0.41403933560541256,0.17142857142857146,1.0,1.0,1.0,1.0,1.0,0.0,0.0,0.0,0.0,6.0,0.6666666666666666,0.0,1.5886502207249789,2.523809523809524,6.0,0.0,0.0,0.0,0.0,0.0,0.0,0.0,0.0,0.0,0.0,0.0,0.0,0.0,0.0,0.0,1.0,0.2,0.0,0.4140393356054126,0.17142857142857149,1.0,0.0,0.0,0.0,0.0,0.0,0.0,0.0,0.0,2.0,0.13333333333333333,0.0,0.5163977794943222,0.26666666666666666,2.0,2.0,3.0,4.0,0.0,13.0,2.0,0.0,0.0,0.0,4.0,11.0,0.0,6.0,0.0,0.0,0.0,0.0,0.0
98,391,C# Sprint 15,-4,17,4,4,0,0,0,0,2,2,2,2,0,0,1,1,4.0,0.0,2.0,0.5,0.0,1.0,1.0,2.0,0.0,0.0,0.0,0.0,0.0,0.0,0.0,1.0,1.0,1.0,1.0,0.0,0.0,0.0,0.0,2.0,0.5,0.0,1.0,1.0,2.0,0.0,0.0,0.0,0.0,0.0,0.0,0.0,0.0,0.0,0.0,0.0,0.0,0.0,0.0,0.0,0.0,0.0,0.0,0.0,0.0,0.0,0.0,0.0,0.0,0.0,0.0,0.0,0.0,0.0,0.0,0.0,0.0,0.0,0.0,0.0,2.0,2.0,0.0,0.0,2.0,0.0,2.0,0.0,0.0,2.0,2.0,0.0,0.0,0.0,0.0,0.0,0.0,0.0
98,441,C# Sprint 16,0,7,4,4,0,0,0,0,2,2,0,0,2,2,1,1,23.0,0.0,19.0,0.9565217391304348,0.0,3.959778011105319,15.679841897233196,19.0,0.0,0.0,0.0,0.0,0.0,0.0,0.0,1.0,1.0,1.0,1.0,0.0,0.0,0.0,0.0,2.0,0.13043478260869565,0.0,0.45769658728016016,0.20948616600790526,2.0,0.0,0.0,0.0,0.0,0.0,0.0,0.0,0.0,0.0,0.0,0.0,0.0,0.0,0.0,0.0,0.0,0.0,0.0,0.0,0.0,0.0,0.0,0.0,0.0,0.0,0.0,0.0,0.0,0.0,0.0,0.0,0.0,0.0,0.0,0.0,2.0,3.0,0.0,16.0,21.0,0.0,2.0,0.0,0.0,4.0,19.0,0.0,2.0,0.0,0.0,0.0,0.0,0.0
98,451,C# Sprint 17,2,20,1,1,1,1,0,0,0,0,2,2,0,0,1,2,23.0,0.0,2.0,0.13043478260869565,0.0,0.45769658728016016,0.2094861660079053,2.0,0.0,1.0,0.043478260869565216,0.0,0.2085144140570748,0.04347826086956523,1.0,1.0,2.0,1.0434782608695652,1.0,0.2085144140570748,0.04347826086956523,1.0,0.0,2.0,0.17391304347826086,0.0,0.5762081310400609,0.3320158102766799,2.0,0.0,0.0,0.0,0.0,0.0,0.0,0.0,0.0,0.0,0.0,0.0,0.0,0.0,0.0,0.0,2.0,0.08695652173913043,0.0,0.4170288281141496,0.17391304347826092,2.0,0.0,0.0,0.0,0.0,0.0,0.0,0.0,0.0,3.0,0.391304347826087,0.0,0.7827184815397383,0.6126482213438738,3.0,1.0,3.0,1.0,16.0,20.0,1.0,2.0,0.0,0.0,2.0,21.0,0.0,2.0,0.0,0.0,0.0,0.0,0.0
98,488,C# Sprint 18,-6,18,6,6,1,1,0,0,6,6,1,1,0,0,1,2,7.0,0.0,9.0,1.4285714285714286,0.0,3.3594217189442417,11.285714285714285,9.0,0.0,1.0,0.14285714285714285,0.0,0.37796447300922725,0.14285714285714288,1.0,1.0,2.0,1.1428571428571428,1.0,0.37796447300922725,0.14285714285714288,1.0,0.0,7.0,1.2857142857142858,0.0,2.627691364061218,6.904761904761905,7.0,0.0,0.0,0.0,0.0,0.0,0.0,0.0,0.0,0.0,0.0,0.0,0.0,0.0,0.0,2.0,7.0,2.7142857142857144,2.0,1.889822365046136,3.571428571428571,5.0,0.0,0.0,0.0,0.0,0.0,0.0,0.0,0.0,0.0,0.0,0.0,0.0,0.0,0.0,0.0,5.0,0.0,0.0,6.0,0.0,1.0,0.0,0.0,0.0,7.0,0.0,2.0,0.0,0.0,0.0,0.0,0.0
98,506,C# Sprint 19,5,21,15,15,5,5,4,4,1,1,2,2,13,13,1,1,25.0,0.0,14.0,2.92,2.0,3.6846528556523026,13.576666666666668,14.0,0.0,2.0,0.88,1.0,0.439696865275764,0.19333333333333336,2.0,0.0,2.0,1.28,1.0,0.6782329983125268,0.46,2.0,0.0,2.0,0.48,0.0,0.6531972647421809,0.4266666666666667,2.0,0.0,0.0,0.0,0.0,0.0,0.0,0.0,0.0,0.0,0.0,0.0,0.0,0.0,0.0,0.0,5.0,2.28,3.0,1.6462077633154328,2.7100000000000004,5.0,0.0,1.0,0.24,0.0,0.43588989435406733,0.18999999999999997,1.0,0.0,3.0,0.32,0.0,0.9,0.81,3.0,7.0,2.0,11.0,0.0,14.0,8.0,2.0,0.0,1.0,14.0,11.0,0.0,4.0,0.0,1.0,0.0,0.0,0.0
98,549,C# Sprint 20,0,21,5,5,3,3,1,1,0,0,3,3,4,4,1,2,11.0,0.0,10.0,2.5454545454545454,2.0,2.978712351457803,8.872727272727275,10.0,0.0,2.0,0.6363636363636364,1.0,0.674199862463242,0.4545454545454545,2.0,1.0,2.0,1.3636363636363635,1.0,0.504524979109513,0.2545454545454546,1.0,0.0,2.0,0.6363636363636364,0.0,0.8090398349558905,0.6545454545454545,2.0,0.0,0.0,0.0,0.0,0.0,0.0,0.0,0.0,0.0,0.0,0.0,0.0,0.0,0.0,0.0,5.0,2.0,2.0,1.7320508075688772,3.0,5.0,0.0,0.0,0.0,0.0,0.0,0.0,0.0,0.0,2.0,0.18181818181818182,0.0,0.6030226891555273,0.3636363636363636,2.0,3.0,2.0,5.0,0.0,9.0,2.0,0.0,0.0,0.0,8.0,3.0,0.0,1.0,0.0,0.0,0.0,0.0,0.0
98,589,C# Sprint 21,2,17,7,7,4,4,3,3,8,8,0,0,0,0,1,2,15.0,0.0,5.0,1.0666666666666667,0.0,1.533747356112131,2.3523809523809525,5.0,0.0,2.0,0.7333333333333333,1.0,0.5936168397046637,0.3523809523809524,2.0,0.0,2.0,1.0666666666666667,1.0,0.7037315505489968,0.49523809523809526,2.0,0.0,2.0,0.6,0.0,0.7367883976130073,0.5428571428571429,2.0,0.0,0.0,0.0,0.0,0.0,0.0,0.0,0.0,0.0,0.0,0.0,0.0,0.0,0.0,0.0,4.0,1.1333333333333333,0.0,1.6417180315870614,2.6952380952380954,4.0,0.0,0.0,0.0,0.0,0.0,0.0,0.0,0.0,2.0,0.4,0.0,0.7367883976130074,0.542857142857143,2.0,3.0,0.0,8.0,0.0,14.0,0.0,1.0,0.0,0.0,9.0,6.0,0.0,4.0,0.0,0.0,0.0,0.0,0.0
98,590,C# Sprint 22,-4,18,5,5,2,2,2,2,4,4,1,1,0,0,1,2,10.0,0.0,5.0,0.7,0.0,1.567021236472421,2.455555555555555,5.0,0.0,1.0,0.4,0.0,0.5163977794943222,0.26666666666666666,1.0,0.0,3.0,1.0,1.0,0.816496580927726,0.6666666666666666,3.0,0.0,2.0,0.9,1.0,0.8755950357709131,0.7666666666666667,2.0,0.0,0.0,0.0,0.0,0.0,0.0,0.0,0.0,0.0,0.0,0.0,0.0,0.0,0.0,0.0,2.0,0.8,0.5,0.9189365834726815,0.8444444444444446,2.0,0.0,0.0,0.0,0.0,0.0,0.0,0.0,0.0,1.0,0.2,0.0,0.42163702135578396,0.17777777777777784,1.0,1.0,1.0,4.0,0.0,10.0,0.0,0.0,0.0,0.0,4.0,6.0,0.0,4.0,0.0,0.0,0.0,0.0,0.0
98,591,C# Sprint 23,-3,18,2,2,8,8,0,0,8,8,1,1,1,1,1,2,15.0,0.0,9.0,1.0666666666666667,0.0,2.433887738538801,5.92380952380952,9.0,0.0,1.0,0.4666666666666667,0.0,0.5163977794943222,0.26666666666666666,1.0,0.0,3.0,1.0,1.0,0.6546536707079771,0.42857142857142855,3.0,0.0,2.0,0.5333333333333333,0.0,0.833809387832792,0.6952380952380954,2.0,0.0,0.0,0.0,0.0,0.0,0.0,0.0,0.0,0.0,0.0,0.0,0.0,0.0,0.0,0.0,4.0,1.4,1.0,1.2983506020002016,1.6857142857142857,4.0,0.0,0.0,0.0,0.0,0.0,0.0,0.0,0.0,3.0,0.3333333333333333,0.0,0.816496580927726,0.6666666666666666,3.0,3.0,1.0,5.0,0.0,14.0,1.0,0.0,0.0,0.0,7.0,8.0,0.0,6.0,0.0,0.0,0.0,0.0,0.0
100,2,2.3.0,0,19,4,4,103,103,82,82,2,2,14,14,9,9,1,29,113.0,0.0,37.0,3.743362831858407,1.0,7.25157465789075,52.58533501896334,37.0,0.0,2.0,0.5575221238938053,0.0,0.6805729348096711,0.46317951959544873,2.0,0.0,3.0,0.9823008849557522,1.0,0.6121143229611687,0.37468394437421,3.0,0.0,42.0,3.1769911504424777,1.0,5.310417807909642,28.20053729456384,42.0,0.0,0.0,0.0,0.0,0.0,0.0,0.0,0.0,0.0,0.0,0.0,0.0,0.0,0.0,0.0,30.0,4.345132743362832,3.0,4.4335770617616435,19.65660556257901,30.0,0.0,1.0,0.035398230088495575,0.0,0.18560728221469427,0.03445006321112516,1.0,0.0,5.0,0.49557522123893805,0.0,1.009984916836719,1.020069532237674,5.0,40.0,10.0,53.0,0.0,91.0,16.0,4.0,1.0,1.0,62.0,51.0,0.0,10.0,0.0,0.0,0.0,0.0,0.0
100,153,Build Team 2.7.0,-2,11,3,3,0,0,0,0,3,3,0,0,0,0,1,1,3.0,0.0,1.0,0.6666666666666666,1.0,0.5773502691896258,0.33333333333333337,1.0,0.0,1.0,0.6666666666666666,1.0,0.5773502691896258,0.33333333333333337,1.0,1.0,2.0,1.6666666666666667,2.0,0.5773502691896257,0.3333333333333333,1.0,0.0,6.0,3.0,3.0,3.0,9.0,6.0,0.0,0.0,0.0,0.0,0.0,0.0,0.0,0.0,0.0,0.0,0.0,0.0,0.0,0.0,0.0,11.0,4.666666666666667,3.0,5.686240703077327,32.33333333333333,11.0,0.0,0.0,0.0,0.0,0.0,0.0,0.0,0.0,6.0,2.0,0.0,3.4641016151377544,12.0,6.0,0.0,0.0,3.0,0.0,3.0,0.0,0.0,0.0,0.0,2.0,1.0,0.0,0.0,0.0,0.0,0.0,0.0,0.0
100,164,BUILD 2.7.1,0,18,2,2,0,0,1,1,1,1,0,0,0,0,1,1,2.0,0.0,1.0,0.5,0.5,0.7071067811865476,0.5,1.0,0.0,1.0,0.5,0.5,0.7071067811865476,0.5,1.0,2.0,2.0,2.0,2.0,0.0,0.0,0.0,3.0,6.0,4.5,4.5,2.1213203435596424,4.5,3.0,0.0,0.0,0.0,0.0,0.0,0.0,0.0,0.0,0.0,0.0,0.0,0.0,0.0,0.0,5.0,11.0,8.0,8.0,4.242640687119285,18.0,6.0,0.0,0.0,0.0,0.0,0.0,0.0,0.0,0.0,0.0,0.0,0.0,0.0,0.0,0.0,0.0,0.0,2.0,0.0,2.0,0.0,0.0,0.0,0.0,1.0,1.0,0.0,0.0,0.0,0.0,0.0,0.0,0.0
100,169,BUILD 2.7.2,-3,17,3,3,0,0,0,0,3,3,0,0,0,0,1,2,3.0,0.0,0.0,0.0,0.0,0.0,0.0,0.0,0.0,1.0,0.3333333333333333,0.0,0.5773502691896258,0.33333333333333337,1.0,1.0,2.0,1.6666666666666667,2.0,0.5773502691896257,0.3333333333333333,1.0,1.0,3.0,2.3333333333333335,3.0,1.1547005383792515,1.3333333333333333,2.0,0.0,0.0,0.0,0.0,0.0,0.0,0.0,0.0,0.0,0.0,0.0,0.0,0.0,0.0,0.0,11.0,4.666666666666667,3.0,5.686240703077327,32.33333333333333,11.0,0.0,0.0,0.0,0.0,0.0,0.0,0.0,1.0,1.0,1.0,1.0,0.0,0.0,0.0,2.0,0.0,1.0,0.0,3.0,0.0,0.0,0.0,0.0,0.0,3.0,0.0,0.0,0.0,0.0,0.0,0.0,0.0
100,173,Server 2.7.1,20,19,0,0,0,0,0,0,0,0,0,0,0,0,1,14,25.0,0.0,13.0,2.68,1.0,3.738538038681253,13.976666666666668,13.0,0.0,2.0,0.76,1.0,0.7234178138070235,0.5233333333333334,2.0,0.0,2.0,1.4,1.0,0.6454972243679028,0.4166666666666667,2.0,0.0,7.0,1.76,2.0,1.877054430040145,3.5233333333333334,7.0,0.0,0.0,0.0,0.0,0.0,0.0,0.0,0.0,0.0,0.0,0.0,0.0,0.0,0.0,0.0,10.0,3.2,3.0,2.70801280154532,7.333333333333332,10.0,0.0,1.0,0.12,0.0,0.33166247903553997,0.11,1.0,0.0,3.0,0.64,0.0,0.8602325267042626,0.7399999999999999,3.0,4.0,1.0,20.0,0.0,20.0,2.0,1.0,0.0,2.0,19.0,6.0,0.0,0.0,0.0,0.0,0.0,0.0,0.0
100,174,Server 2.7.2,9,19,6,6,18,18,6,6,6,6,6,6,6,6,1,13,38.0,0.0,13.0,2.3684210526315788,1.0,3.0793212013634483,9.48221906116643,13.0,0.0,2.0,0.5526315789473685,0.0,0.6856588238764244,0.4701280227596015,2.0,0.0,2.0,1.105263157894737,1.0,0.5088128039041326,0.25889046941678534,2.0,0.0,28.0,2.526315789473684,1.0,4.825253625067852,23.283072546230446,28.0,0.0,0.0,0.0,0.0,0.0,0.0,0.0,0.0,0.0,0.0,0.0,0.0,0.0,0.0,0.0,18.0,3.763157894736842,3.0,4.016413692259355,16.13157894736842,18.0,0.0,1.0,0.10526315789473684,0.0,0.3110117477759048,0.09672830725462303,1.0,0.0,2.0,0.5,0.0,0.6877303054053769,0.47297297297297297,2.0,14.0,3.0,18.0,1.0,30.0,7.0,0.0,0.0,1.0,24.0,14.0,0.0,2.0,0.0,0.0,0.0,0.0,0.0
100,175,Server 2.7.3,-4,18,8,8,7,7,0,0,11,11,1,1,3,3,1,14,22.0,0.0,8.0,2.1363636363636362,1.5,2.273982337441448,5.17099567099567,8.0,0.0,2.0,0.6818181818181818,1.0,0.7162311170195087,0.5129870129870131,2.0,0.0,3.0,1.3181818181818181,1.0,0.8387271329003273,0.7034632034632033,3.0,0.0,28.0,2.8181818181818183,0.5,6.083829962530758,37.012987012987004,28.0,0.0,0.0,0.0,0.0,0.0,0.0,0.0,0.0,0.0,0.0,0.0,0.0,0.0,0.0,0.0,17.0,4.409090909090909,3.0,4.594604401946876,21.11038961038961,17.0,0.0,1.0,0.09090909090909091,0.0,0.29424494316824984,0.08658008658008656,1.0,0.0,5.0,0.7727272727272727,0.5,1.1518853358037973,1.326839826839827,5.0,7.0,0.0,13.0,1.0,12.0,10.0,0.0,0.0,0.0,17.0,5.0,0.0,1.0,0.0,0.0,0.0,0.0,0.0
100,193,BUILD 2.7.3,-3,18,4,4,1,1,0,0,3,3,1,1,1,1,1,2,6.0,0.0,5.0,0.8333333333333334,0.0,2.041241452319315,4.166666666666667,5.0,0.0,1.0,0.3333333333333333,0.0,0.5163977794943223,0.2666666666666667,1.0,1.0,2.0,1.6666666666666667,2.0,0.5163977794943223,0.2666666666666667,1.0,0.0,3.0,1.5,1.5,1.378404875209022,1.9,3.0,0.0,0.0,0.0,0.0,0.0,0.0,0.0,0.0,0.0,0.0,0.0,0.0,0.0,0.0,0.0,13.0,3.1666666666666665,1.5,4.9564772436345015,24.566666666666666,13.0,0.0,1.0,0.16666666666666666,0.0,0.408248290463863,0.16666666666666669,1.0,0.0,5.0,1.5,1.0,1.760681686165901,3.1,5.0,3.0,0.0,2.0,0.0,4.0,2.0,0.0,0.0,0.0,0.0,6.0,0.0,1.0,0.0,0.0,0.0,0.0,0.0
100,209,Server 2.7.4,-10,18,9,9,16,16,4,4,14,14,4,4,3,3,1,6,29.0,0.0,7.0,1.1724137931034482,1.0,1.6490032815795421,2.7192118226600988,7.0,0.0,2.0,0.4482758620689655,0.0,0.572351471472339,0.3275862068965517,2.0,0.0,3.0,0.9655172413793104,1.0,0.6804808499819214,0.46305418719211816,3.0,0.0,7.0,2.1724137931034484,1.0,2.139241613236559,4.5763546798029555,7.0,0.0,0.0,0.0,0.0,0.0,0.0,0.0,0.0,0.0,0.0,0.0,0.0,0.0,0.0,0.0,11.0,2.206896551724138,1.0,2.5408000756908327,6.455665024630541,11.0,0.0,1.0,0.1724137931034483,0.0,0.3844258722192448,0.14778325123152714,1.0,0.0,2.0,0.3448275862068966,0.0,0.6138788892284813,0.3768472906403941,2.0,13.0,1.0,11.0,1.0,16.0,11.0,2.0,0.0,0.0,22.0,7.0,0.0,3.0,0.0,0.0,0.0,0.0,0.0
100,221,BUILD 2.7.4,-3,17,4,4,0,0,0,0,4,4,0,0,0,0,1,1,5.0,0.0,1.0,0.2,0.0,0.44721359549995804,0.20000000000000007,1.0,0.0,1.0,0.2,0.0,0.447213595499958,0.20000000000000004,1.0,1.0,2.0,1.8,2.0,0.4472135954999579,0.2,1.0,0.0,3.0,1.2,1.0,1.3038404810405297,1.7000000000000002,3.0,0.0,0.0,0.0,0.0,0.0,0.0,0.0,0.0,0.0,0.0,0.0,0.0,0.0,0.0,0.0,6.0,2.2,1.0,2.3874672772626644,5.7,6.0,0.0,1.0,0.2,0.0,0.44721359549995804,0.20000000000000007,1.0,0.0,5.0,1.4,1.0,2.073644135332772,4.3,5.0,2.0,1.0,1.0,0.0,3.0,2.0,0.0,0.0,0.0,1.0,4.0,0.0,1.0,0.0,0.0,0.0,0.0,0.0
100,234,Server 2.7.5,4,17,5,5,7,7,0,0,6,6,1,1,5,5,1,8,36.0,0.0,9.0,1.5277777777777777,1.0,2.2101856562109514,4.884920634920634,9.0,0.0,3.0,0.5277777777777778,0.0,0.8446845940894527,0.7134920634920636,3.0,0.0,3.0,1.0555555555555556,1.0,0.6299407883487121,0.3968253968253969,3.0,0.0,6.0,1.8888888888888888,1.0,1.8788716641002199,3.5301587301587296,6.0,0.0,0.0,0.0,0.0,0.0,0.0,0.0,0.0,0.0,0.0,0.0,0.0,0.0,0.0,0.0,14.0,3.361111111111111,2.5,3.6656925112864536,13.437301587301587,14.0,0.0,1.0,0.1111111111111111,0.0,0.3187276291558383,0.1015873015873016,1.0,0.0,7.0,1.0,0.0,1.7566201313073597,3.085714285714286,7.0,14.0,2.0,16.0,4.0,20.0,13.0,2.0,0.0,1.0,27.0,9.0,0.0,0.0,0.0,0.0,0.0,0.0,0.0
100,236,BUILD 2.7.5,-3,17,4,4,0,0,0,0,4,4,0,0,0,0,1,1,5.0,0.0,1.0,0.2,0.0,0.44721359549995804,0.20000000000000007,1.0,0.0,0.0,0.0,0.0,0.0,0.0,0.0,1.0,2.0,1.8,2.0,0.4472135954999579,0.2,1.0,0.0,3.0,1.0,0.0,1.4142135623730951,2.0,3.0,0.0,0.0,0.0,0.0,0.0,0.0,0.0,0.0,0.0,0.0,0.0,0.0,0.0,0.0,0.0,3.0,1.0,1.0,1.224744871391589,1.5,3.0,0.0,1.0,0.2,0.0,0.44721359549995804,0.20000000000000007,1.0,0.0,5.0,1.4,1.0,2.073644135332772,4.3,5.0,2.0,1.0,1.0,0.0,4.0,1.0,0.0,0.0,0.0,1.0,4.0,0.0,1.0,0.0,0.0,0.0,0.0,0.0
100,252,Server 2.7.6,-16,19,7,7,16,16,1,1,18,18,1,1,3,3,1,5,30.0,0.0,14.0,1.5,1.0,2.788523277465246,7.775862068965517,14.0,0.0,3.0,0.5333333333333333,0.0,0.8193072487266859,0.6712643678160917,3.0,0.0,2.0,0.9666666666666667,1.0,0.41384099339733366,0.17126436781609194,2.0,0.0,6.0,1.5666666666666667,1.5,1.4546793303071945,2.116091954022988,6.0,0.0,0.0,0.0,0.0,0.0,0.0,0.0,0.0,0.0,0.0,0.0,0.0,0.0,0.0,0.0,12.0,2.2,1.5,2.510666898627149,6.303448275862069,12.0,0.0,2.0,0.2,0.0,0.4842341981115023,0.23448275862068968,2.0,0.0,7.0,0.9666666666666667,1.0,1.4499306364701423,2.1022988505747118,7.0,13.0,2.0,12.0,3.0,15.0,11.0,3.0,0.0,1.0,23.0,7.0,0.0,0.0,0.0,0.0,0.0,0.0,0.0
100,256,BUILD 2.7.6,0,18,3,3,1,1,0,0,0,0,4,4,0,0,1,2,4.0,0.0,1.0,0.25,0.0,0.5,0.25,1.0,0.0,0.0,0.0,0.0,0.0,0.0,0.0,1.0,2.0,1.75,2.0,0.5,0.25,1.0,0.0,3.0,1.25,1.0,1.5,2.25,3.0,0.0,0.0,0.0,0.0,0.0,0.0,0.0,0.0,0.0,0.0,0.0,0.0,0.0,0.0,0.0,3.0,1.25,1.0,1.2583057392117916,1.5833333333333333,3.0,0.0,1.0,0.25,0.0,0.5,0.25,1.0,0.0,5.0,2.25,2.0,2.217355782608345,4.916666666666667,5.0,2.0,1.0,0.0,0.0,3.0,1.0,0.0,0.0,0.0,1.0,3.0,0.0,1.0,0.0,0.0,0.0,0.0,0.0
100,290,MCI 2.7.8,1,18,0,0,0,0,0,0,0,0,0,0,0,0,1,1,5.0,0.0,2.0,0.4,0.0,0.8944271909999161,0.8000000000000003,2.0,0.0,0.0,0.0,0.0,0.0,0.0,0.0,1.0,1.0,1.0,1.0,0.0,0.0,0.0,0.0,0.0,0.0,0.0,0.0,0.0,0.0,0.0,0.0,0.0,0.0,0.0,0.0,0.0,0.0,0.0,0.0,0.0,0.0,0.0,0.0,0.0,0.0,0.0,0.0,0.0,0.0,0.0,0.0,0.0,0.0,0.0,0.0,0.0,0.0,0.0,0.0,0.0,0.0,0.0,0.0,0.0,0.0,0.0,1.0,4.0,4.0,1.0,0.0,0.0,0.0,2.0,3.0,0.0,0.0,0.0,0.0,0.0,0.0,0.0
100,292,BUILD 2.7.7,0,17,0,0,1,1,1,1,0,0,0,0,0,0,1,1,2.0,0.0,0.0,0.0,0.0,0.0,0.0,0.0,0.0,0.0,0.0,0.0,0.0,0.0,0.0,0.0,2.0,1.0,1.0,1.4142135623730951,2.0,2.0,1.0,2.0,1.5,1.5,0.7071067811865476,0.5,1.0,0.0,0.0,0.0,0.0,0.0,0.0,0.0,0.0,0.0,0.0,0.0,0.0,0.0,0.0,0.0,0.0,0.0,0.0,0.0,0.0,0.0,0.0,0.0,0.0,0.0,0.0,0.0,0.0,0.0,0.0,0.0,0.0,0.0,0.0,0.0,1.0,0.0,1.0,0.0,2.0,0.0,0.0,0.0,0.0,0.0,2.0,0.0,0.0,0.0,0.0,0.0,0.0,0.0
100,294,BUILD 2.7.8,0,18,1,1,1,1,1,1,1,1,0,0,0,0,1,4,6.0,0.0,11.0,4.5,3.0,4.505552130427524,20.3,11.0,0.0,2.0,0.8333333333333334,1.0,0.752772652709081,0.5666666666666667,2.0,0.0,2.0,1.3333333333333333,1.5,0.816496580927726,0.6666666666666667,2.0,1.0,6.0,2.6666666666666665,2.5,1.8618986725025255,3.4666666666666663,5.0,0.0,0.0,0.0,0.0,0.0,0.0,0.0,0.0,0.0,0.0,0.0,0.0,0.0,0.0,0.0,16.0,5.666666666666667,3.0,6.831300510639732,46.666666666666664,16.0,0.0,0.0,0.0,0.0,0.0,0.0,0.0,0.0,4.0,1.1666666666666667,0.5,1.602081978759722,2.5666666666666664,4.0,1.0,1.0,4.0,0.0,6.0,0.0,0.0,0.0,0.0,2.0,4.0,0.0,0.0,0.0,0.0,0.0,0.0,0.0
100,303,Query 2.7.8,-1,18,11,11,0,0,0,0,4,4,4,4,3,3,1,8,32.0,0.0,11.0,1.96875,1.0,2.507850576914229,6.289314516129032,11.0,0.0,2.0,0.3125,0.0,0.5922891621605981,0.35080645161290325,2.0,0.0,2.0,1.0,1.0,0.43994134506405985,0.1935483870967742,2.0,0.0,34.0,2.75,1.0,6.495656116751931,42.193548387096776,34.0,0.0,0.0,0.0,0.0,0.0,0.0,0.0,0.0,0.0,0.0,0.0,0.0,0.0,0.0,0.0,17.0,4.0,3.0,3.79303266189385,14.387096774193548,17.0,0.0,2.0,0.125,0.0,0.421211769587116,0.1774193548387097,2.0,0.0,3.0,0.625,0.0,0.8706690049203728,0.7580645161290323,3.0,5.0,1.0,6.0,18.0,30.0,2.0,0.0,0.0,0.0,12.0,20.0,0.0,1.0,1.0,0.0,0.0,0.0,0.0
100,306,BUILD 2.8.0-rc2,-1,9,7,7,0,0,0,0,5,5,1,1,1,1,1,6,8.0,0.0,12.0,3.375,3.0,3.8890872965260113,15.125,12.0,0.0,2.0,0.625,0.5,0.7440238091428449,0.5535714285714286,2.0,0.0,3.0,1.25,1.0,1.0350983390135313,1.0714285714285714,3.0,0.0,6.0,1.75,1.0,2.1213203435596424,4.5,6.0,0.0,0.0,0.0,0.0,0.0,0.0,0.0,0.0,0.0,0.0,0.0,0.0,0.0,0.0,0.0,22.0,5.375,3.0,7.3082634247620195,53.410714285714285,22.0,0.0,1.0,0.125,0.0,0.3535533905932738,0.125,1.0,0.0,2.0,0.625,0.0,0.9161253813129043,0.8392857142857143,2.0,4.0,2.0,2.0,0.0,8.0,0.0,0.0,0.0,0.0,3.0,5.0,0.0,0.0,0.0,0.0,0.0,0.0,0.0
100,313,Platform 0 3/13/15,0,18,6,6,0,0,3,3,2,2,0,0,1,1,1,5,8.0,0.0,13.0,1.875,0.0,4.517821851923146,20.410714285714285,13.0,0.0,2.0,0.5,0.0,0.7559289460184544,0.5714285714285714,2.0,1.0,2.0,1.125,1.0,0.3535533905932738,0.125,1.0,0.0,3.0,1.0,0.5,1.1952286093343936,1.4285714285714286,3.0,0.0,0.0,0.0,0.0,0.0,0.0,0.0,0.0,0.0,0.0,0.0,0.0,0.0,0.0,0.0,4.0,2.125,2.0,1.4577379737113252,2.125,4.0,0.0,0.0,0.0,0.0,0.0,0.0,0.0,0.0,1.0,0.125,0.0,0.3535533905932738,0.125,1.0,3.0,0.0,3.0,2.0,8.0,0.0,0.0,0.0,0.0,2.0,6.0,0.0,0.0,0.0,0.0,0.0,0.0,0.0
100,346,BUILD 1,-1,32,7,7,2,2,0,0,5,5,3,3,1,1,1,3,10.0,0.0,16.0,1.7,0.0,5.034326612809745,25.344444444444445,16.0,0.0,3.0,0.5,0.0,1.0801234497346435,1.1666666666666667,3.0,0.0,2.0,0.7,1.0,0.6749485577105528,0.4555555555555555,2.0,0.0,3.0,1.2,1.0,1.3165611772087666,1.7333333333333334,3.0,0.0,0.0,0.0,0.0,0.0,0.0,0.0,0.0,0.0,0.0,0.0,0.0,0.0,0.0,0.0,9.0,1.7,0.5,2.79085809185793,7.788888888888888,9.0,0.0,0.0,0.0,0.0,0.0,0.0,0.0,0.0,1.0,0.2,0.0,0.42163702135578396,0.17777777777777784,1.0,3.0,0.0,5.0,0.0,7.0,2.0,0.0,0.0,1.0,7.0,3.0,0.0,2.0,0.0,0.0,0.0,0.0,0.0
100,374,Platform 00 2/20/15,0,16,0,0,4,4,0,0,2,2,0,0,2,2,1,2,4.0,0.0,5.0,1.75,1.0,2.362907813126304,5.583333333333333,5.0,0.0,1.0,0.25,0.0,0.5,0.25,1.0,0.0,1.0,0.75,1.0,0.5,0.25,1.0,0.0,1.0,0.25,0.0,0.5,0.25,1.0,0.0,0.0,0.0,0.0,0.0,0.0,0.0,0.0,0.0,0.0,0.0,0.0,0.0,0.0,0.0,10.0,3.0,1.0,4.760952285695233,22.666666666666668,10.0,0.0,1.0,0.25,0.0,0.5,0.25,1.0,0.0,2.0,1.0,1.0,0.816496580927726,0.6666666666666666,2.0,1.0,2.0,1.0,0.0,3.0,0.0,1.0,0.0,0.0,3.0,1.0,0.0,0.0,0.0,0.0,0.0,0.0,0.0
100,403,BUILD 00 2/20/15,0,18,4,4,0,0,1,1,3,3,0,0,0,0,1,3,5.0,0.0,2.0,0.4,0.0,0.894427190999916,0.8000000000000002,2.0,0.0,0.0,0.0,0.0,0.0,0.0,0.0,1.0,2.0,1.2,1.0,0.44721359549995804,0.20000000000000007,1.0,0.0,3.0,1.0,1.0,1.224744871391589,1.5,3.0,0.0,0.0,0.0,0.0,0.0,0.0,0.0,0.0,0.0,0.0,0.0,0.0,0.0,0.0,0.0,2.0,1.6,2.0,0.8944271909999159,0.8,2.0,0.0,0.0,0.0,0.0,0.0,0.0,0.0,0.0,0.0,0.0,0.0,0.0,0.0,0.0,5.0,0.0,0.0,0.0,4.0,1.0,0.0,0.0,0.0,1.0,4.0,0.0,0.0,0.0,0.0,0.0,0.0,0.0
100,407,Security [00-02-20-15],-2,31,3,3,8,8,0,0,6,6,1,1,4,4,1,7,11.0,0.0,7.0,2.909090909090909,3.0,1.92117388356939,3.6909090909090914,7.0,0.0,3.0,1.1818181818181819,1.0,0.873862897505303,0.7636363636363638,3.0,0.0,4.0,1.8181818181818181,2.0,1.1677484162422844,1.3636363636363635,4.0,0.0,3.0,1.0909090909090908,1.0,0.9438798074485389,0.8909090909090909,3.0,0.0,0.0,0.0,0.0,0.0,0.0,0.0,0.0,0.0,0.0,0.0,0.0,0.0,0.0,1.0,19.0,6.909090909090909,5.0,4.948829062607547,24.49090909090909,18.0,0.0,0.0,0.0,0.0,0.0,0.0,0.0,0.0,2.0,0.5454545454545454,0.0,0.6875516509523286,0.47272727272727266,2.0,3.0,0.0,8.0,0.0,10.0,0.0,1.0,0.0,0.0,7.0,4.0,0.0,0.0,0.0,0.0,0.0,0.0,0.0
100,411,RPL 0 3/13/15,6,35,21,21,7,7,4,4,5,5,4,4,15,15,1,10,38.0,0.0,16.0,2.1052631578947367,1.0,3.278014178722122,10.74537695590327,16.0,0.0,2.0,0.3684210526315789,0.0,0.5413223364846866,0.2930298719772403,2.0,0.0,2.0,1.0,1.0,0.6151246852292456,0.3783783783783784,2.0,0.0,6.0,1.131578947368421,0.5,1.5451939899481342,2.3876244665718347,6.0,0.0,0.0,0.0,0.0,0.0,0.0,0.0,0.0,0.0,0.0,0.0,0.0,0.0,0.0,0.0,19.0,4.7631578947368425,3.0,4.789821474562412,22.94238975817924,19.0,0.0,1.0,0.10526315789473684,0.0,0.3110117477759048,0.09672830725462303,1.0,0.0,3.0,0.5789473684210527,0.0,1.003549886918148,1.007112375533428,3.0,8.0,6.0,24.0,0.0,28.0,6.0,2.0,0.0,2.0,18.0,20.0,0.0,0.0,0.0,0.0,0.0,0.0,0.0
100,421,Security 0 03/13/15],-6,18,3,3,3,3,0,0,5,5,1,1,0,0,1,6,6.0,0.0,0.0,0.0,0.0,0.0,0.0,0.0,0.0,1.0,0.5,0.5,0.5477225575051661,0.3,1.0,1.0,1.0,1.0,1.0,0.0,0.0,0.0,0.0,3.0,0.8333333333333334,0.0,1.3291601358251257,1.7666666666666664,3.0,0.0,0.0,0.0,0.0,0.0,0.0,0.0,0.0,0.0,0.0,0.0,0.0,0.0,0.0,0.0,19.0,6.333333333333333,4.0,7.004760286167306,49.06666666666668,19.0,0.0,0.0,0.0,0.0,0.0,0.0,0.0,0.0,1.0,0.3333333333333333,0.0,0.5163977794943223,0.2666666666666667,1.0,1.0,1.0,4.0,0.0,6.0,0.0,0.0,0.0,0.0,2.0,4.0,0.0,0.0,0.0,0.0,0.0,0.0,0.0
100,426,BUILD 0 3/13/15,0,18,0,0,6,6,3,3,2,2,1,1,0,0,1,3,8.0,0.0,3.0,0.5,0.0,1.0690449676496976,1.1428571428571428,3.0,0.0,1.0,0.25,0.0,0.4629100498862757,0.21428571428571427,1.0,0.0,2.0,1.0,1.0,0.5345224838248488,0.2857142857142857,2.0,0.0,5.0,1.5,1.0,1.7728105208558367,3.142857142857143,5.0,0.0,0.0,0.0,0.0,0.0,0.0,0.0,0.0,0.0,0.0,0.0,0.0,0.0,0.0,0.0,3.0,1.125,1.0,1.246423454758225,1.5535714285714286,3.0,0.0,1.0,0.125,0.0,0.3535533905932738,0.125,1.0,0.0,1.0,0.25,0.0,0.4629100498862757,0.21428571428571427,1.0,5.0,0.0,3.0,0.0,7.0,0.0,1.0,0.0,0.0,3.0,5.0,0.0,0.0,0.0,0.0,0.0,0.0,0.0
100,430,Quint 3.1.0,-5,17,8,8,6,6,4,4,3,3,2,2,5,5,1,7,14.0,0.0,7.0,1.7142857142857142,1.0,2.2677868380553634,5.142857142857143,7.0,0.0,2.0,0.2857142857142857,0.0,0.6112498455021267,0.37362637362637374,2.0,0.0,2.0,1.3571428571428572,1.0,0.633323693776651,0.4010989010989012,2.0,0.0,18.0,2.7142857142857144,1.0,4.8584355099554015,23.604395604395602,18.0,0.0,0.0,0.0,0.0,0.0,0.0,0.0,0.0,0.0,0.0,0.0,0.0,0.0,0.0,0.0,25.0,4.285714285714286,2.5,6.3540244234364085,40.37362637362638,25.0,0.0,2.0,0.14285714285714285,0.0,0.5345224838248487,0.28571428571428564,2.0,0.0,3.0,1.0,1.0,1.1766968108291043,1.3846153846153846,3.0,4.0,5.0,4.0,0.0,11.0,2.0,0.0,1.0,0.0,7.0,7.0,0.0,0.0,1.0,0.0,0.0,0.0,0.0
100,450,Quint Iteration 3.1.1,-1,18,23,23,7,7,2,2,12,12,7,7,9,9,1,10,40.0,0.0,8.0,1.175,1.0,1.5994790818680105,2.5583333333333336,8.0,0.0,2.0,0.375,0.0,0.5856182356695512,0.34294871794871795,2.0,0.0,2.0,1.225,1.0,0.5304811555656397,0.28141025641025647,2.0,0.0,12.0,1.025,0.0,2.2813345172260857,5.204487179487178,12.0,0.0,0.0,0.0,0.0,0.0,0.0,0.0,0.0,0.0,0.0,0.0,0.0,0.0,0.0,0.0,27.0,3.5,2.0,4.9923017660270625,24.923076923076923,27.0,0.0,2.0,0.1,0.0,0.3789323733725367,0.14358974358974358,2.0,0.0,3.0,0.375,0.0,0.8378084965689216,0.7019230769230769,3.0,15.0,8.0,16.0,0.0,34.0,5.0,1.0,0.0,0.0,19.0,21.0,0.0,1.0,0.0,0.0,0.0,0.0,0.0
100,452,Platform 1 04/03/15,5,18,3,3,11,11,5,5,9,9,0,0,0,0,1,5,24.0,0.0,72.0,3.9166666666666665,0.0,14.649281527616372,214.60144927536226,72.0,0.0,2.0,0.20833333333333334,0.0,0.5089773777040516,0.2590579710144928,2.0,0.0,2.0,1.125,1.0,0.44842720314644063,0.20108695652173914,2.0,0.0,13.0,1.5416666666666667,1.0,2.7659288347389888,7.65036231884058,13.0,0.0,0.0,0.0,0.0,0.0,0.0,0.0,0.0,0.0,0.0,0.0,0.0,0.0,0.0,0.0,8.0,1.5,0.0,2.1869176243407464,4.782608695652174,8.0,0.0,1.0,0.041666666666666664,0.0,0.2041241452319315,0.04166666666666667,1.0,0.0,2.0,0.4166666666666667,0.0,0.7755316082290384,0.6014492753623187,2.0,6.0,13.0,3.0,2.0,20.0,1.0,2.0,0.0,1.0,8.0,16.0,0.0,0.0,0.0,0.0,0.0,0.0,0.0
100,453,BUILD 1 04/03/15,2,18,3,3,4,4,0,0,6,6,0,0,1,1,1,4,12.0,0.0,4.0,1.25,0.0,1.764549903980152,3.1136363636363638,4.0,0.0,1.0,0.25,0.0,0.45226701686664544,0.20454545454545456,1.0,0.0,3.0,1.0833333333333333,1.0,0.90033663737852,0.8106060606060607,3.0,0.0,5.0,1.3333333333333333,1.0,1.7232808737106584,2.96969696969697,5.0,0.0,0.0,0.0,0.0,0.0,0.0,0.0,0.0,0.0,0.0,0.0,0.0,0.0,0.0,0.0,4.0,1.25,1.5,1.2880570286640687,1.6590909090909092,4.0,0.0,1.0,0.08333333333333333,0.0,0.28867513459481287,0.08333333333333331,1.0,0.0,1.0,0.08333333333333333,0.0,0.28867513459481287,0.08333333333333331,1.0,8.0,1.0,3.0,0.0,9.0,2.0,1.0,0.0,0.0,7.0,5.0,0.0,0.0,0.0,0.0,0.0,0.0,0.0
100,457,RPL 1 04/03/15,-2,18,1,1,11,11,3,3,2,2,5,5,2,2,1,6,19.0,0.0,6.0,0.9473684210526315,0.0,1.6149882768933412,2.6081871345029235,6.0,0.0,1.0,0.3157894736842105,0.0,0.4775669329409193,0.2280701754385965,1.0,0.0,2.0,1.0526315789473684,1.0,0.6212607441973956,0.3859649122807018,2.0,0.0,4.0,1.263157894736842,1.0,1.3679711361135387,1.871345029239766,4.0,0.0,0.0,0.0,0.0,0.0,0.0,0.0,0.0,0.0,0.0,0.0,0.0,0.0,0.0,0.0,7.0,1.4736842105263157,1.0,2.0102078679864475,4.040935672514619,7.0,0.0,0.0,0.0,0.0,0.0,0.0,0.0,0.0,2.0,0.3157894736842105,0.0,0.5823927253578186,0.3391812865497076,2.0,13.0,0.0,6.0,0.0,13.0,4.0,2.0,0.0,0.0,9.0,10.0,0.0,0.0,0.0,0.0,0.0,0.0,0.0
100,458,Security 1 04/03/15,0,18,6,6,5,5,1,1,3,3,5,5,2,2,1,8,19.0,0.0,3.0,0.47368421052631576,0.0,1.020262550775348,1.0409356725146195,3.0,0.0,3.0,0.7368421052631579,1.0,0.7334928056269077,0.5380116959064326,3.0,0.0,4.0,1.5263157894736843,1.0,1.0202625507753482,1.04093567251462,4.0,0.0,3.0,0.6842105263157895,0.0,1.002919714242558,1.0058479532163744,3.0,0.0,0.0,0.0,0.0,0.0,0.0,0.0,0.0,0.0,0.0,0.0,0.0,0.0,0.0,0.0,19.0,3.210526315789474,2.0,5.006428615827866,25.064327485380115,19.0,0.0,1.0,0.05263157894736842,0.0,0.22941573387056177,0.05263157894736842,1.0,0.0,5.0,0.5263157894736842,0.0,1.2187617145935723,1.4853801169590644,5.0,4.0,1.0,14.0,0.0,19.0,0.0,0.0,0.0,0.0,10.0,9.0,0.0,0.0,0.0,0.0,0.0,0.0,0.0
100,459,Sharding 1 04/03/15,14,18,1,1,0,0,0,0,1,1,0,0,0,0,1,5,21.0,0.0,9.0,1.4285714285714286,1.0,2.2928460168844436,5.257142857142858,9.0,0.0,1.0,0.2857142857142857,0.0,0.4629100498862757,0.21428571428571427,1.0,0.0,1.0,0.9523809523809523,1.0,0.21821789023599242,0.04761904761904763,1.0,0.0,7.0,0.7619047619047619,0.0,1.6402671094904606,2.6904761904761907,7.0,0.0,0.0,0.0,0.0,0.0,0.0,0.0,0.0,0.0,0.0,0.0,0.0,0.0,0.0,0.0,9.0,1.6666666666666667,0.0,2.5166114784235827,6.333333333333331,9.0,0.0,1.0,0.047619047619047616,0.0,0.21821789023599242,0.04761904761904763,1.0,0.0,7.0,0.47619047619047616,0.0,1.569045812557671,2.4619047619047616,7.0,2.0,11.0,8.0,0.0,16.0,3.0,0.0,0.0,2.0,1.0,20.0,0.0,0.0,0.0,0.0,0.0,0.0,0.0
100,460,Security 2 04/24/15,-1,18,9,9,10,10,11,11,3,3,3,3,2,2,1,11,24.0,0.0,13.0,1.7916666666666667,0.0,3.5506174192626014,12.606884057971016,13.0,0.0,2.0,0.5416666666666666,0.5,0.5882299658752717,0.3460144927536232,2.0,0.0,3.0,1.3333333333333333,1.0,0.701964118163034,0.4927536231884058,3.0,0.0,7.0,1.2083333333333333,0.5,1.6934443076725039,2.867753623188406,7.0,0.0,0.0,0.0,0.0,0.0,0.0,0.0,0.0,0.0,0.0,0.0,0.0,0.0,0.0,0.0,19.0,4.291666666666667,2.5,4.563362286989587,20.824275362318836,19.0,0.0,1.0,0.08333333333333333,0.0,0.28232985128663995,0.07971014492753623,1.0,0.0,7.0,0.75,0.0,1.7507762253652943,3.0652173913043477,7.0,5.0,4.0,12.0,0.0,23.0,1.0,0.0,0.0,0.0,13.0,11.0,0.0,3.0,0.0,0.0,0.0,0.0,0.0
100,470,Quint Iteration 3.1.2,-11,21,27,27,13,13,5,5,22,22,1,1,12,12,1,21,51.0,0.0,72.0,2.8823529411764706,0.0,10.11661417436393,102.34588235294119,72.0,0.0,2.0,0.2549019607843137,0.0,0.5231878154124755,0.2737254901960785,2.0,0.0,3.0,1.0588235294117647,1.0,0.6135719910778963,0.37647058823529406,3.0,0.0,15.0,2.0588235294117645,1.0,3.4316862601693785,11.776470588235295,15.0,0.0,0.0,0.0,0.0,0.0,0.0,0.0,0.0,0.0,0.0,0.0,0.0,0.0,0.0,0.0,17.0,3.843137254901961,2.0,4.562335143408944,20.814901960784315,17.0,0.0,2.0,0.058823529411764705,0.0,0.31059714782221376,0.0964705882352941,2.0,0.0,5.0,0.5882352941176471,0.0,1.1167178800079327,1.2470588235294118,5.0,17.0,6.0,24.0,4.0,45.0,4.0,2.0,0.0,0.0,35.0,16.0,0.0,0.0,0.0,0.0,0.0,0.0,0.0
100,474,RPL 2 04/24/15,8,21,6,6,6,6,5,5,7,7,0,0,0,0,1,6,23.0,0.0,8.0,1.6956521739130435,0.0,2.438978597854133,5.948616600790513,8.0,0.0,2.0,0.30434782608695654,0.0,0.5587959953568722,0.3122529644268775,2.0,0.0,2.0,1.0434782608695652,1.0,0.3665888047644883,0.13438735177865613,2.0,0.0,4.0,1.6956521739130435,1.0,1.4596008983995232,2.1304347826086953,4.0,0.0,0.0,0.0,0.0,0.0,0.0,0.0,0.0,0.0,0.0,0.0,0.0,0.0,0.0,0.0,6.0,1.826086956521739,1.0,2.01476761378314,4.059288537549407,6.0,0.0,0.0,0.0,0.0,0.0,0.0,0.0,0.0,3.0,0.2608695652173913,0.0,0.6887004431501819,0.47430830039525684,3.0,10.0,7.0,6.0,0.0,20.0,1.0,1.0,0.0,1.0,10.0,13.0,0.0,0.0,0.0,0.0,0.0,0.0,0.0
100,475,Sharding 2 04/24/15,13,18,6,6,13,13,0,0,6,6,3,3,10,10,1,8,55.0,0.0,13.0,1.2181818181818183,0.0,2.6365726144969246,6.951515151515149,13.0,0.0,1.0,0.2,0.0,0.4036867138796655,0.16296296296296292,1.0,0.0,3.0,0.9818181818181818,1.0,0.4078357099739629,0.16632996632996638,3.0,0.0,7.0,0.6909090909090909,0.0,1.260110625254302,1.587878787878788,7.0,0.0,0.0,0.0,0.0,0.0,0.0,0.0,0.0,0.0,0.0,0.0,0.0,0.0,0.0,0.0,11.0,1.5454545454545454,1.0,2.33981782939345,5.474747474747476,11.0,0.0,1.0,0.03636363636363636,0.0,0.18891859540615824,0.03569023569023571,1.0,0.0,7.0,0.6363636363636364,0.0,1.5075567228888183,2.272727272727273,7.0,10.0,27.0,10.0,7.0,52.0,1.0,1.0,0.0,1.0,20.0,35.0,0.0,1.0,0.0,0.0,0.0,0.0,0.0
100,476,Platform 2 04/24/15,-3,18,14,14,9,9,2,2,8,8,6,6,7,7,1,8,37.0,0.0,17.0,1.2972972972972974,0.0,3.213382303092152,10.325825825825824,17.0,0.0,2.0,0.16216216216216217,0.0,0.44180900307168386,0.19519519519519515,2.0,0.0,2.0,1.0,1.0,0.23570226039551584,0.05555555555555555,2.0,0.0,13.0,1.2162162162162162,0.0,2.3468079400554935,5.507507507507508,13.0,0.0,0.0,0.0,0.0,0.0,0.0,0.0,0.0,0.0,0.0,0.0,0.0,0.0,0.0,0.0,9.0,1.135135135135135,0.0,1.8583469679942586,3.4534534534534536,9.0,0.0,0.0,0.0,0.0,0.0,0.0,0.0,0.0,3.0,0.40540540540540543,0.0,0.9267463832456314,0.8588588588588588,3.0,12.0,13.0,8.0,2.0,37.0,0.0,0.0,0.0,0.0,8.0,29.0,0.0,2.0,0.0,0.0,0.0,0.0,0.0
100,477,BUILD 2 04/24/15,-3,18,13,13,3,3,3,3,7,7,3,3,3,3,1,7,20.0,0.0,17.0,2.35,1.0,4.120232492162752,16.976315789473684,17.0,0.0,1.0,0.25,0.0,0.4442616583193193,0.19736842105263158,1.0,0.0,3.0,1.3,1.0,0.9787209698591858,0.9578947368421052,3.0,0.0,5.0,1.6,1.0,1.3138933706635725,1.726315789473684,5.0,0.0,0.0,0.0,0.0,0.0,0.0,0.0,0.0,0.0,0.0,0.0,0.0,0.0,0.0,0.0,9.0,2.4,2.0,2.500526260399472,6.252631578947369,9.0,0.0,1.0,0.1,0.0,0.30779350562554625,0.09473684210526317,1.0,0.0,1.0,0.2,0.0,0.41039134083406165,0.16842105263157897,1.0,12.0,2.0,6.0,0.0,18.0,2.0,0.0,0.0,0.0,10.0,10.0,0.0,0.0,0.0,0.0,0.0,0.0,0.0
100,490,Quint Iteration 3,-7,21,31,31,11,11,2,2,26,26,7,7,7,7,1,25,75.0,0.0,78.0,2.1333333333333333,0.0,9.134628697513731,83.4414414414414,78.0,0.0,3.0,0.30666666666666664,0.0,0.5688616735231894,0.3236036036036037,3.0,0.0,3.0,0.9733333333333334,1.0,0.5445884469731033,0.29657657657657654,3.0,0.0,14.0,1.4266666666666667,1.0,2.2611485561087736,5.112792792792791,14.0,0.0,0.0,0.0,0.0,0.0,0.0,0.0,0.0,0.0,0.0,0.0,0.0,0.0,0.0,0.0,18.0,3.1466666666666665,2.0,4.012458077017107,16.099819819819817,18.0,0.0,2.0,0.09333333333333334,0.0,0.3739248852641661,0.1398198198198198,2.0,0.0,5.0,0.4266666666666667,0.0,0.9178902562520873,0.8425225225225225,5.0,21.0,9.0,27.0,17.0,62.0,9.0,4.0,0.0,0.0,35.0,40.0,0.0,1.0,0.0,0.0,0.0,0.0,0.0
100,491,CAP - 3.1.3,0,20,0,0,1,1,1,1,0,0,0,0,0,0,1,1,2.0,0.0,6.0,3.0,3.0,4.242640687119285,18.0,6.0,0.0,3.0,1.5,1.5,2.1213203435596424,4.5,3.0,2.0,2.0,2.0,2.0,0.0,0.0,0.0,1.0,3.0,2.0,2.0,1.4142135623730951,2.0,2.0,0.0,0.0,0.0,0.0,0.0,0.0,0.0,0.0,0.0,0.0,0.0,0.0,0.0,0.0,0.0,1.0,0.5,0.5,0.7071067811865476,0.5,1.0,0.0,0.0,0.0,0.0,0.0,0.0,0.0,0.0,0.0,0.0,0.0,0.0,0.0,0.0,1.0,0.0,1.0,0.0,1.0,0.0,1.0,0.0,0.0,2.0,0.0,0.0,0.0,0.0,0.0,0.0,0.0,0.0
100,498,Security 3 05/15/15,0,18,4,4,3,3,1,1,1,1,2,2,3,3,1,5,9.0,0.0,6.0,1.4444444444444444,1.0,2.0069324297987157,4.027777777777778,6.0,0.0,1.0,0.5555555555555556,1.0,0.5270462766947299,0.2777777777777778,1.0,0.0,2.0,1.1111111111111112,1.0,0.7817359599705717,0.6111111111111112,2.0,0.0,3.0,0.8888888888888888,1.0,0.927960727138337,0.8611111111111112,3.0,0.0,0.0,0.0,0.0,0.0,0.0,0.0,0.0,0.0,0.0,0.0,0.0,0.0,0.0,0.0,21.0,4.333333333333333,2.0,6.763874629234342,45.75000000000001,21.0,0.0,1.0,0.1111111111111111,0.0,0.3333333333333333,0.1111111111111111,1.0,0.0,0.0,0.0,0.0,0.0,0.0,0.0,2.0,1.0,5.0,0.0,6.0,1.0,2.0,0.0,0.0,3.0,6.0,0.0,1.0,0.0,0.0,0.0,0.0,0.0
100,499,RPL 3 05/15/15,-1,16,8,8,5,5,3,3,2,2,2,2,6,6,1,5,17.0,0.0,13.0,1.9411764705882353,0.0,3.561435599503628,12.683823529411764,13.0,0.0,4.0,0.5294117647058824,0.0,1.007326105267277,1.0147058823529411,4.0,0.0,3.0,1.1176470588235294,1.0,0.696630546019236,0.4852941176470589,3.0,0.0,6.0,1.1176470588235294,1.0,1.6156404667026196,2.610294117647059,6.0,0.0,0.0,0.0,0.0,0.0,0.0,0.0,0.0,0.0,0.0,0.0,0.0,0.0,0.0,0.0,11.0,3.0,2.0,3.29772648956823,10.875,11.0,0.0,1.0,0.058823529411764705,0.0,0.242535625036333,0.05882352941176471,1.0,0.0,4.0,0.8235294117647058,0.0,1.4677914581799016,2.1544117647058822,4.0,6.0,9.0,2.0,0.0,15.0,1.0,1.0,0.0,0.0,3.0,14.0,0.0,0.0,0.0,0.0,0.0,0.0,0.0
100,500,Sharding 3 05/15/15,-3,17,13,13,5,5,1,1,10,10,3,3,4,4,1,10,38.0,0.0,8.0,1.2894736842105263,1.0,2.1296858636116127,4.535561877667141,8.0,0.0,1.0,0.34210526315789475,0.0,0.4807829082199318,0.23115220483641535,1.0,0.0,1.0,0.9210526315789473,1.0,0.2732763127330939,0.07467994310099574,1.0,0.0,7.0,0.5789473684210527,0.0,1.3281073496860802,1.7638691322901843,7.0,0.0,0.0,0.0,0.0,0.0,0.0,0.0,0.0,0.0,0.0,0.0,0.0,0.0,0.0,0.0,13.0,2.4473684210526314,1.5,3.1079442099157424,9.659317211948789,13.0,0.0,1.0,0.05263157894736842,0.0,0.22629428592141426,0.05120910384068279,1.0,0.0,7.0,0.8157894736842105,0.0,1.6416086895530042,2.694879089615932,7.0,6.0,17.0,7.0,7.0,36.0,1.0,1.0,0.0,0.0,17.0,21.0,0.0,1.0,0.0,0.0,0.0,0.0,0.0
100,501,Platform 3 05/15/15,2,18,13,13,7,7,9,9,11,11,0,0,0,0,1,7,27.0,0.0,49.0,2.6296296296296298,0.0,9.397823594805784,88.31908831908831,49.0,0.0,2.0,0.25925925925925924,0.0,0.5256931389634797,0.27635327635327633,2.0,0.0,3.0,1.1111111111111112,1.0,0.5063696835418333,0.25641025641025644,3.0,0.0,5.0,1.0740740740740742,0.0,1.46565621758588,2.1481481481481484,5.0,0.0,0.0,0.0,0.0,0.0,0.0,0.0,0.0,0.0,0.0,0.0,0.0,0.0,0.0,0.0,7.0,1.1851851851851851,0.0,1.9421842786099808,3.7720797720797714,7.0,0.0,0.0,0.0,0.0,0.0,0.0,0.0,0.0,3.0,0.37037037037037035,0.0,0.8388704928078613,0.703703703703704,3.0,7.0,8.0,11.0,0.0,23.0,1.0,2.0,0.0,1.0,14.0,13.0,0.0,1.0,0.0,0.0,0.0,0.0,0.0
100,502,BUILD 3 05/15/15,2,18,13,13,6,6,7,7,12,12,0,0,0,0,1,5,24.0,0.0,8.0,1.9583333333333333,2.0,2.2932636069615926,5.259057971014493,8.0,0.0,3.0,0.2916666666666667,0.0,0.6902530516863499,0.47644927536231885,3.0,0.0,3.0,1.5,1.0,0.7801894976054939,0.6086956521739131,3.0,0.0,5.0,1.2083333333333333,1.0,1.5030162910010298,2.2590579710144927,5.0,0.0,0.0,0.0,0.0,0.0,0.0,0.0,0.0,0.0,0.0,0.0,0.0,0.0,0.0,0.0,7.0,2.4166666666666665,2.0,2.1450988964060187,4.601449275362319,7.0,0.0,1.0,0.041666666666666664,0.0,0.20412414523193154,0.04166666666666668,1.0,0.0,3.0,0.3333333333333333,0.0,0.7019641181630338,0.49275362318840576,3.0,11.0,3.0,9.0,0.0,21.0,3.0,0.0,0.0,0.0,11.0,13.0,0.0,1.0,0.0,0.0,0.0,0.0,0.0
100,518,Quint Iteration 4,-13,18,30,30,14,14,7,7,19,19,7,7,11,11,1,23,68.0,0.0,13.0,1.8676470588235294,0.5,3.0069790054546366,9.041922739244955,13.0,0.0,3.0,0.27941176470588236,0.0,0.5421237462770251,0.2938981562774363,3.0,0.0,3.0,0.9705882352941176,1.0,0.4877786455183385,0.23792800702370492,3.0,0.0,8.0,1.3235294117647058,1.0,1.8563419048706393,3.446005267778754,8.0,0.0,0.0,0.0,0.0,0.0,0.0,0.0,0.0,0.0,0.0,0.0,0.0,0.0,0.0,0.0,20.0,3.2205882352941178,2.0,3.916461958921652,15.338674275680422,20.0,0.0,3.0,0.07352941176470588,0.0,0.3983614375701197,0.15869183494293237,3.0,0.0,5.0,0.45588235294117646,0.0,0.9373481732488139,0.8786215978928885,5.0,18.0,9.0,20.0,15.0,61.0,4.0,2.0,0.0,1.0,38.0,30.0,0.0,6.0,0.0,0.0,0.0,0.0,0.0
100,524,CAP - 3.1.4,1,18,1,1,0,0,0,0,1,1,0,0,0,0,1,7,3.0,0.0,9.0,3.0,0.0,5.196152422706632,27.0,9.0,0.0,2.0,1.0,1.0,1.0,1.0,2.0,0.0,2.0,1.0,1.0,1.0,1.0,2.0,0.0,2.0,0.6666666666666666,0.0,1.1547005383792517,1.3333333333333335,2.0,0.0,0.0,0.0,0.0,0.0,0.0,0.0,0.0,0.0,0.0,0.0,0.0,0.0,0.0,0.0,7.0,4.0,5.0,3.605551275463989,13.0,7.0,0.0,0.0,0.0,0.0,0.0,0.0,0.0,0.0,1.0,0.3333333333333333,0.0,0.5773502691896258,0.33333333333333337,1.0,0.0,0.0,2.0,0.0,3.0,0.0,0.0,0.0,0.0,0.0,3.0,0.0,1.0,0.0,0.0,0.0,0.0,0.0
100,536,Quint Iteration 5,-17,20,51,51,8,8,0,0,33,33,12,12,14,14,1,28,100.0,0.0,14.0,1.91,1.0,2.971565584031761,8.830202020202021,14.0,0.0,2.0,0.29,0.0,0.49838121792844314,0.24838383838383835,2.0,0.0,2.0,0.99,1.0,0.4379705261980329,0.19181818181818183,2.0,0.0,7.0,1.27,1.0,1.734119868167053,3.0071717171717176,7.0,0.0,0.0,0.0,0.0,0.0,0.0,0.0,0.0,0.0,0.0,0.0,0.0,0.0,0.0,0.0,25.0,4.16,3.5,4.222881394584422,17.832727272727276,25.0,0.0,3.0,0.06,0.0,0.3428932159955306,0.11757575757575758,3.0,0.0,5.0,0.5,0.0,0.9898474527915803,0.9797979797979798,5.0,33.0,7.0,34.0,15.0,87.0,8.0,5.0,0.0,0.0,55.0,45.0,0.0,11.0,0.0,0.0,0.0,0.0,0.0
100,541,BUILD 4 06/05/15,-2,22,0,0,10,10,3,3,3,3,3,3,1,1,1,4,12.0,0.0,5.0,1.8333333333333333,1.5,2.0375267241229382,4.151515151515152,5.0,0.0,1.0,0.16666666666666666,0.0,0.38924947208076144,0.1515151515151515,1.0,0.0,3.0,1.25,1.0,0.7537783614444091,0.5681818181818182,3.0,0.0,5.0,1.1666666666666667,0.5,1.696699112626596,2.8787878787878785,5.0,0.0,0.0,0.0,0.0,0.0,0.0,0.0,0.0,0.0,0.0,0.0,0.0,0.0,0.0,0.0,7.0,1.9166666666666667,1.0,2.391588796113782,5.71969696969697,7.0,0.0,1.0,0.08333333333333333,0.0,0.28867513459481287,0.08333333333333331,1.0,0.0,1.0,0.16666666666666666,0.0,0.3892494720807615,0.15151515151515152,1.0,4.0,0.0,7.0,0.0,11.0,1.0,0.0,0.0,0.0,7.0,5.0,0.0,1.0,0.0,0.0,0.0,0.0,0.0
100,546,Sharding 4 06/05/15,-10,18,14,14,2,2,2,2,10,10,3,3,1,1,1,7,20.0,0.0,8.0,1.4,0.5,2.1618705350983243,4.673684210526315,8.0,0.0,1.0,0.3,0.0,0.4701623459816272,0.22105263157894733,1.0,1.0,3.0,1.1,1.0,0.44721359549995804,0.20000000000000007,2.0,0.0,7.0,0.8,0.0,1.5761378513048248,2.4842105263157896,7.0,0.0,0.0,0.0,0.0,0.0,0.0,0.0,0.0,0.0,0.0,0.0,0.0,0.0,0.0,0.0,13.0,2.7,1.0,3.7850119933064525,14.326315789473684,13.0,0.0,1.0,0.1,0.0,0.30779350562554625,0.09473684210526317,1.0,0.0,7.0,1.1,0.0,2.149663376340339,4.621052631578947,7.0,5.0,11.0,4.0,0.0,18.0,2.0,0.0,0.0,0.0,8.0,12.0,0.0,0.0,0.0,0.0,0.0,0.0,0.0
100,547,RPL 4 06/05/15,-4,18,17,17,3,3,1,1,11,11,4,4,4,4,1,8,24.0,0.0,14.0,1.625,0.0,3.3726843908080104,11.375,14.0,0.0,2.0,0.2916666666666667,0.0,0.5500329370901873,0.302536231884058,2.0,0.0,1.0,0.9166666666666666,1.0,0.28232985128663995,0.07971014492753623,1.0,0.0,6.0,1.2083333333333333,1.0,1.3824731042801415,1.9112318840579712,6.0,0.0,0.0,0.0,0.0,0.0,0.0,0.0,0.0,0.0,0.0,0.0,0.0,0.0,0.0,0.0,12.0,3.125,2.0,3.0830885135864485,9.505434782608695,12.0,0.0,1.0,0.041666666666666664,0.0,0.20412414523193154,0.04166666666666668,1.0,0.0,3.0,0.5416666666666666,0.0,0.9770927002733857,0.9547101449275364,3.0,5.0,13.0,5.0,0.0,23.0,0.0,1.0,0.0,0.0,6.0,18.0,0.0,1.0,0.0,0.0,0.0,0.0,0.0
100,548,Platform 4 06/05/15,-29,18,16,16,38,38,10,10,30,30,4,4,10,10,1,9,58.0,0.0,4.0,0.603448275862069,0.0,1.0586263057247416,1.120689655172414,4.0,0.0,1.0,0.1896551724137931,0.0,0.3954520642861981,0.15638233514821537,1.0,0.0,2.0,0.9655172413793104,1.0,0.2626128657194451,0.06896551724137931,2.0,0.0,5.0,0.6724137931034483,0.0,1.2050759753945304,1.452208106473079,5.0,0.0,0.0,0.0,0.0,0.0,0.0,0.0,0.0,0.0,0.0,0.0,0.0,0.0,0.0,0.0,8.0,0.9482758620689655,0.0,1.5719293519358033,2.4709618874773143,8.0,0.0,2.0,0.05172413793103448,0.0,0.2915424072011005,0.08499697519661227,2.0,0.0,3.0,0.20689655172413793,0.0,0.5851561701773917,0.34240774349667263,3.0,7.0,39.0,12.0,0.0,52.0,3.0,2.0,0.0,1.0,18.0,40.0,0.0,0.0,0.0,0.0,0.0,0.0,0.0
100,553,Security 4 06/05/15,0,18,0,0,2,2,1,1,1,1,0,0,0,0,1,2,8.0,0.0,0.0,0.0,0.0,0.0,0.0,0.0,0.0,1.0,0.5,0.5,0.5345224838248488,0.2857142857142857,1.0,0.0,1.0,0.875,1.0,0.3535533905932738,0.125,1.0,0.0,1.0,0.25,0.0,0.4629100498862757,0.21428571428571427,1.0,0.0,0.0,0.0,0.0,0.0,0.0,0.0,0.0,0.0,0.0,0.0,0.0,0.0,0.0,0.0,4.0,2.0,2.0,1.927248223318863,3.7142857142857144,4.0,0.0,0.0,0.0,0.0,0.0,0.0,0.0,0.0,1.0,0.125,0.0,0.3535533905932738,0.125,1.0,1.0,4.0,2.0,0.0,7.0,0.0,1.0,0.0,0.0,1.0,7.0,0.0,1.0,0.0,0.0,0.0,0.0,0.0
100,555,Kernel Tools Iteration 5,0,18,0,0,1,1,0,0,1,1,0,0,0,0,1,1,1.0,1.0,1.0,1.0,1.0,0.0,0.0,0.0,0.0,0.0,0.0,0.0,0.0,0.0,0.0,1.0,1.0,1.0,1.0,0.0,0.0,0.0,0.0,0.0,0.0,0.0,0.0,0.0,0.0,0.0,0.0,0.0,0.0,0.0,0.0,0.0,0.0,0.0,0.0,0.0,0.0,0.0,0.0,3.0,3.0,3.0,3.0,0.0,0.0,0.0,0.0,0.0,0.0,0.0,0.0,0.0,0.0,0.0,0.0,0.0,0.0,0.0,0.0,0.0,0.0,0.0,0.0,0.0,1.0,0.0,0.0,0.0,0.0,0.0,1.0,0.0,1.0,0.0,0.0,0.0,0.0,0.0
100,558,CAP - 3.1.5,4,17,2,2,2,2,1,1,3,3,0,0,0,0,1,3,10.0,0.0,1.0,0.5,0.5,0.5270462766947299,0.2777777777777778,1.0,0.0,2.0,0.4,0.0,0.6992058987801011,0.48888888888888904,2.0,0.0,2.0,0.9,1.0,0.5676462121975467,0.32222222222222224,2.0,0.0,1.0,0.2,0.0,0.42163702135578396,0.17777777777777784,1.0,0.0,0.0,0.0,0.0,0.0,0.0,0.0,0.0,0.0,0.0,0.0,0.0,0.0,0.0,0.0,3.0,0.9,0.5,1.1005049346146119,1.2111111111111112,3.0,0.0,0.0,0.0,0.0,0.0,0.0,0.0,0.0,2.0,0.6,0.0,0.8432740427115678,0.7111111111111111,2.0,7.0,0.0,2.0,0.0,10.0,0.0,0.0,0.0,0.0,3.0,7.0,0.0,0.0,0.0,1.0,0.0,0.0,0.0
100,565,RPL 5 06/26/16,9,18,12,12,11,11,7,7,1,1,4,4,11,11,1,7,34.0,0.0,11.0,1.3823529411764706,1.0,2.387019263132756,5.697860962566845,11.0,0.0,1.0,0.17647058823529413,0.0,0.3869529949759475,0.14973262032085563,1.0,0.0,1.0,0.9117647058823529,1.0,0.28790224128123654,0.08288770053475933,1.0,0.0,3.0,0.6470588235294118,0.0,0.9172539036208377,0.841354723707665,3.0,0.0,0.0,0.0,0.0,0.0,0.0,0.0,0.0,0.0,0.0,0.0,0.0,0.0,0.0,0.0,7.0,2.088235294117647,1.5,1.9903958348335231,3.9616755793226375,7.0,0.0,0.0,0.0,0.0,0.0,0.0,0.0,0.0,3.0,0.35294117647058826,0.0,0.6911717297975237,0.47771836007130114,3.0,5.0,14.0,15.0,0.0,30.0,4.0,0.0,0.0,0.0,12.0,22.0,0.0,0.0,0.0,0.0,0.0,0.0,0.0
100,566,Sharding 5 06/26/16,8,18,12,12,14,14,0,0,12,12,1,1,13,13,1,10,48.0,0.0,8.0,1.2083333333333333,0.0,1.9456261184790364,3.785460992907802,8.0,0.0,1.0,0.4375,0.0,0.5013280235873938,0.25132978723404253,1.0,0.0,1.0,0.9791666666666666,1.0,0.14433756729740646,0.020833333333333336,1.0,0.0,7.0,0.6458333333333334,0.0,1.1390474432674804,1.2974290780141842,7.0,0.0,0.0,0.0,0.0,0.0,0.0,0.0,0.0,0.0,0.0,0.0,0.0,0.0,0.0,0.0,13.0,2.2708333333333335,0.0,3.431639911510166,11.7761524822695,13.0,0.0,1.0,0.041666666666666664,0.0,0.20194093652345887,0.04078014184397165,1.0,0.0,7.0,0.625,0.0,1.552280408974199,2.4095744680851063,7.0,7.0,26.0,15.0,0.0,43.0,4.0,1.0,0.0,0.0,16.0,32.0,0.0,0.0,0.0,0.0,0.0,0.0,0.0
100,567,Platform 5 06/26/16,5,18,38,38,16,16,19,19,13,13,6,6,16,16,1,8,69.0,0.0,6.0,0.7681159420289855,0.0,1.3189225497511652,1.7395566922421146,6.0,0.0,2.0,0.2608695652173913,0.0,0.474409041459926,0.2250639386189258,2.0,0.0,2.0,0.9855072463768116,1.0,0.20953405052418275,0.04390451832907077,2.0,0.0,4.0,0.4057971014492754,0.0,0.8629436724121574,0.7446717817561809,4.0,0.0,0.0,0.0,0.0,0.0,0.0,0.0,0.0,0.0,0.0,0.0,0.0,0.0,0.0,0.0,7.0,0.927536231884058,0.0,1.656705098005128,2.7446717817561814,7.0,0.0,2.0,0.043478260869565216,0.0,0.267602789964774,0.07161125319693094,2.0,0.0,2.0,0.13043478260869565,0.0,0.4170288281141495,0.17391304347826084,2.0,10.0,37.0,20.0,0.0,57.0,4.0,3.0,0.0,5.0,21.0,48.0,0.0,2.0,0.0,0.0,0.0,0.0,0.0
100,568,Build 5 06/26/16,2,17,9,9,7,7,0,0,6,6,1,1,9,9,1,4,24.0,0.0,9.0,1.2916666666666667,0.0,2.1362129568705104,4.563405797101449,9.0,0.0,2.0,0.5416666666666666,0.0,0.6580053301400786,0.4329710144927537,2.0,0.0,3.0,1.0833333333333333,1.0,0.7172815023567723,0.5144927536231884,3.0,0.0,4.0,0.625,0.0,1.0134958870382644,1.0271739130434783,4.0,0.0,0.0,0.0,0.0,0.0,0.0,0.0,0.0,0.0,0.0,0.0,0.0,0.0,0.0,0.0,9.0,2.4166666666666665,1.0,2.947610184047655,8.68840579710145,9.0,0.0,2.0,0.16666666666666666,0.0,0.4815434123430768,0.23188405797101447,2.0,0.0,1.0,0.16666666666666666,0.0,0.38069349381344053,0.1449275362318841,1.0,3.0,2.0,17.0,0.0,19.0,4.0,1.0,0.0,0.0,12.0,12.0,0.0,1.0,0.0,1.0,0.0,0.0,0.0
100,569,Security 5 06/26/15,3,18,2,2,7,7,1,1,3,3,4,4,1,1,1,5,15.0,0.0,2.0,0.2,0.0,0.5606119105813882,0.3142857142857144,2.0,0.0,1.0,0.26666666666666666,0.0,0.4577377082170635,0.20952380952380958,1.0,0.0,1.0,0.7333333333333333,1.0,0.45773770821706344,0.20952380952380953,1.0,0.0,4.0,0.8666666666666667,0.0,1.3557637102737474,1.838095238095238,4.0,0.0,0.0,0.0,0.0,0.0,0.0,0.0,0.0,0.0,0.0,0.0,0.0,0.0,0.0,0.0,6.0,2.3333333333333335,1.0,2.7167908239230307,7.3809523809523805,6.0,0.0,0.0,0.0,0.0,0.0,0.0,0.0,0.0,2.0,0.4,0.0,0.632455532033676,0.4000000000000002,2.0,4.0,4.0,3.0,0.0,13.0,2.0,0.0,0.0,0.0,4.0,11.0,0.0,4.0,0.0,0.0,0.0,0.0,0.0
100,572,Quint Iteration 6,5,21,35,35,25,25,21,21,16,16,10,10,13,13,1,30,81.0,0.0,60.0,3.7037037037037037,1.0,9.199788644915225,84.6361111111111,60.0,0.0,2.0,0.30864197530864196,0.0,0.539489928280454,0.29104938271604935,2.0,0.0,3.0,1.037037037037037,1.0,0.4013864859597432,0.1611111111111111,3.0,0.0,10.0,1.5185185185185186,1.0,2.1915240764768655,4.802777777777778,10.0,0.0,0.0,0.0,0.0,0.0,0.0,0.0,0.0,0.0,0.0,0.0,0.0,0.0,0.0,0.0,24.0,4.45679012345679,3.0,4.650401549103178,21.626234567901232,24.0,0.0,3.0,0.1111111111111111,0.0,0.4183300132670378,0.175,3.0,0.0,15.0,0.7160493827160493,0.0,2.0077012221769617,4.030864197530865,15.0,29.0,8.0,24.0,11.0,66.0,8.0,6.0,0.0,1.0,37.0,44.0,0.0,9.0,0.0,0.0,0.0,0.0,0.0
100,573,Security 6 07/17/15,1,15,6,6,1,1,0,0,5,5,0,0,2,2,1,4,18.0,0.0,10.0,1.0,0.0,2.5667557916789914,6.588235294117647,10.0,0.0,2.0,0.6666666666666666,1.0,0.5940885257860046,0.35294117647058826,2.0,0.0,3.0,0.9444444444444444,1.0,0.8726040960806521,0.761437908496732,3.0,0.0,4.0,0.5555555555555556,0.0,0.9835244081556433,0.9673202614379086,4.0,0.0,0.0,0.0,0.0,0.0,0.0,0.0,0.0,0.0,0.0,0.0,0.0,0.0,0.0,0.0,8.0,1.6666666666666667,0.5,2.3263199921511983,5.411764705882352,8.0,0.0,0.0,0.0,0.0,0.0,0.0,0.0,0.0,1.0,0.2222222222222222,0.0,0.42779263194649864,0.18300653594771243,1.0,6.0,3.0,7.0,0.0,17.0,0.0,1.0,0.0,0.0,8.0,10.0,0.0,2.0,0.0,0.0,0.0,0.0,0.0
100,574,RPL 6 07/17/15,-6,15,18,18,2,2,2,2,13,13,2,2,3,3,1,7,29.0,0.0,14.0,2.0689655172413794,1.0,3.0697956479539554,9.423645320197044,14.0,0.0,2.0,0.3793103448275862,0.0,0.6218516763579257,0.3866995073891624,2.0,0.0,2.0,1.0,1.0,0.4629100498862757,0.21428571428571427,2.0,0.0,4.0,0.896551724137931,0.0,1.1754885788533966,1.381773399014778,4.0,0.0,0.0,0.0,0.0,0.0,0.0,0.0,0.0,0.0,0.0,0.0,0.0,0.0,0.0,0.0,8.0,3.0,2.0,2.7255405754769875,7.428571428571429,8.0,0.0,0.0,0.0,0.0,0.0,0.0,0.0,0.0,3.0,0.41379310344827586,0.0,0.7327658649308672,0.5369458128078819,3.0,8.0,12.0,8.0,0.0,27.0,1.0,1.0,0.0,0.0,8.0,21.0,0.0,1.0,0.0,0.0,0.0,0.0,0.0
100,575,Platform 6 07/17/15,-14,18,30,30,36,36,3,3,49,49,7,7,7,7,1,15,81.0,0.0,9.0,1.0493827160493827,0.0,1.57242833356485,2.4725308641975308,9.0,0.0,2.0,0.32098765432098764,0.0,0.49566017829323245,0.24567901234567896,2.0,0.0,2.0,0.9382716049382716,1.0,0.32960882164869615,0.10864197530864197,2.0,0.0,5.0,0.5925925925925926,0.0,1.0096754153907306,1.0194444444444444,5.0,0.0,0.0,0.0,0.0,0.0,0.0,0.0,0.0,0.0,0.0,0.0,0.0,0.0,0.0,0.0,13.0,1.1358024691358024,0.0,2.0539783739109394,4.218827160493826,13.0,0.0,2.0,0.037037037037037035,0.0,0.24720661623652207,0.0611111111111111,2.0,0.0,3.0,0.43209876543209874,0.0,0.8357372733840802,0.6984567901234568,3.0,16.0,44.0,20.0,0.0,73.0,2.0,4.0,0.0,2.0,24.0,57.0,0.0,1.0,0.0,0.0,0.0,0.0,0.0
100,576,Sharding 6 07/17/15,2,17,14,14,11,11,3,3,6,6,7,7,9,9,1,12,47.0,0.0,13.0,1.872340425531915,1.0,2.642602647231765,6.983348751156333,13.0,0.0,3.0,0.5957446808510638,1.0,0.6480597955531541,0.4199814986123958,3.0,0.0,3.0,0.9787234042553191,1.0,0.3895014484612047,0.15171137835337653,3.0,0.0,4.0,0.851063829787234,1.0,1.0627839447547616,1.129509713228492,4.0,0.0,0.0,0.0,0.0,0.0,0.0,0.0,0.0,0.0,0.0,0.0,0.0,0.0,0.0,0.0,14.0,2.297872340425532,2.0,3.0780774181369126,9.474560592044401,14.0,0.0,0.0,0.0,0.0,0.0,0.0,0.0,0.0,6.0,0.3829787234042553,0.0,1.207822177549718,1.4588344125809427,6.0,5.0,18.0,17.0,6.0,46.0,0.0,1.0,0.0,0.0,13.0,34.0,0.0,1.0,0.0,0.0,0.0,0.0,0.0
100,577,Build 6 07/17/15,-9,18,7,7,8,8,2,2,9,9,1,1,3,3,1,3,16.0,0.0,9.0,1.125,0.0,2.4460853078609777,5.983333333333333,9.0,0.0,1.0,0.25,0.0,0.4472135954999579,0.2,1.0,1.0,2.0,1.125,1.0,0.3415650255319866,0.11666666666666667,1.0,0.0,3.0,0.6875,0.0,1.0781929326423914,1.1625,3.0,0.0,0.0,0.0,0.0,0.0,0.0,0.0,0.0,0.0,0.0,0.0,0.0,0.0,0.0,0.0,10.0,2.6875,2.0,3.0269621735330623,9.1625,10.0,0.0,1.0,0.0625,0.0,0.25,0.0625,1.0,0.0,1.0,0.3125,0.0,0.47871355387816905,0.22916666666666666,1.0,5.0,0.0,9.0,0.0,12.0,3.0,1.0,0.0,0.0,8.0,8.0,0.0,2.0,0.0,0.0,0.0,0.0,0.0
100,593,RPL 7 08/10/15,1,18,19,19,8,8,8,8,8,8,5,5,6,6,1,11,42.0,0.0,15.0,2.0238095238095237,0.0,3.4036429209841654,11.584785133565621,15.0,0.0,3.0,0.42857142857142855,0.0,0.7372611524884797,0.5435540069686412,3.0,0.0,2.0,0.9285714285714286,1.0,0.34165002367328784,0.11672473867595816,2.0,0.0,5.0,1.1666666666666667,1.0,1.2477622245867566,1.5569105691056913,5.0,0.0,0.0,0.0,0.0,0.0,0.0,0.0,0.0,0.0,0.0,0.0,0.0,0.0,0.0,0.0,9.0,2.9761904761904763,2.0,3.0562857678138067,9.34088269454123,9.0,0.0,0.0,0.0,0.0,0.0,0.0,0.0,0.0,3.0,0.38095238095238093,0.0,0.7635725068956292,0.5830429732868756,3.0,14.0,14.0,12.0,0.0,39.0,1.0,2.0,0.0,0.0,16.0,26.0,0.0,2.0,0.0,0.0,0.0,0.0,0.0
100,600,CAP - 3.1.6,6,20,3,3,5,5,2,2,6,6,0,0,0,0,1,1,18.0,0.0,3.0,0.6111111111111112,0.0,0.9164438231805327,0.8398692810457516,3.0,0.0,2.0,0.3333333333333333,0.0,0.5940885257860046,0.35294117647058826,2.0,0.0,1.0,0.8888888888888888,1.0,0.3233808333817773,0.10457516339869281,1.0,0.0,1.0,0.3333333333333333,0.0,0.48507125007266594,0.23529411764705882,1.0,0.0,0.0,0.0,0.0,0.0,0.0,0.0,0.0,0.0,0.0,0.0,0.0,0.0,0.0,0.0,3.0,0.8888888888888888,0.0,1.1318329168362207,1.281045751633987,3.0,0.0,0.0,0.0,0.0,0.0,0.0,0.0,0.0,2.0,0.2777777777777778,0.0,0.6691131580686884,0.44771241830065367,2.0,9.0,4.0,3.0,0.0,16.0,2.0,0.0,0.0,0.0,5.0,13.0,0.0,2.0,0.0,0.0,0.0,0.0,0.0
100,607,CAP - 3.1.7,0,21,4,4,2,2,0,0,0,0,3,3,3,3,1,1,8.0,0.0,2.0,1.125,1.5,0.9910312089651149,0.9821428571428571,2.0,0.0,0.0,0.0,0.0,0.0,0.0,0.0,1.0,1.0,1.0,1.0,0.0,0.0,0.0,0.0,2.0,0.375,0.0,0.7440238091428449,0.5535714285714286,2.0,0.0,0.0,0.0,0.0,0.0,0.0,0.0,0.0,0.0,0.0,0.0,0.0,0.0,0.0,0.0,5.0,1.875,1.5,1.9594095320493148,3.8392857142857144,5.0,0.0,0.0,0.0,0.0,0.0,0.0,0.0,0.0,3.0,1.375,1.0,1.5059406173077154,2.267857142857143,3.0,5.0,3.0,0.0,0.0,8.0,0.0,0.0,0.0,0.0,3.0,5.0,0.0,0.0,0.0,0.0,0.0,0.0,0.0
100,620,Sharding 7 08/10/15,-3,18,24,24,16,16,10,10,30,30,0,0,0,0,1,12,54.0,0.0,8.0,0.8703703703703703,0.0,1.6024308927058204,2.5677847658979727,8.0,0.0,3.0,0.37037037037037035,0.0,0.6233293534553829,0.3885394828791056,3.0,0.0,1.0,0.9444444444444444,1.0,0.23121228232266408,0.05345911949685532,1.0,0.0,8.0,1.1851851851851851,1.0,1.493054031982061,2.2292103424178893,8.0,0.0,0.0,0.0,0.0,0.0,0.0,0.0,0.0,0.0,0.0,0.0,0.0,0.0,0.0,0.0,19.0,2.5925925925925926,0.5,3.804260365067973,14.472396925227107,19.0,0.0,0.0,0.0,0.0,0.0,0.0,0.0,0.0,6.0,0.4444444444444444,0.0,1.1102722200054018,1.2327044025157234,6.0,7.0,20.0,23.0,0.0,51.0,1.0,1.0,0.0,1.0,28.0,26.0,0.0,4.0,0.0,0.0,0.0,0.0,0.0
100,625,Build 7 08/10/15,-12,18,10,10,11,11,4,4,8,8,8,8,1,1,1,9,28.0,0.0,9.0,1.3214285714285714,0.0,2.3421036986969077,5.485449735449736,9.0,0.0,3.0,0.42857142857142855,0.0,0.7417981870189158,0.5502645502645502,3.0,0.0,2.0,1.0357142857142858,1.0,0.33134326579600165,0.1097883597883598,2.0,0.0,3.0,0.9285714285714286,1.0,0.9399988742535192,0.8835978835978834,3.0,0.0,0.0,0.0,0.0,0.0,0.0,0.0,0.0,0.0,0.0,0.0,0.0,0.0,0.0,0.0,15.0,2.9285714285714284,2.5,3.681068397933479,13.550264550264549,15.0,0.0,1.0,0.07142857142857142,0.0,0.26226526415648105,0.06878306878306878,1.0,0.0,3.0,0.39285714285714285,0.0,0.7373267889143821,0.5436507936507938,3.0,8.0,1.0,17.0,0.0,22.0,5.0,1.0,0.0,0.0,14.0,14.0,0.0,2.0,0.0,0.0,0.0,0.0,0.0
100,629,Security 7 08/10/15,-5,18,13,13,6,6,3,3,12,12,1,1,3,3,1,11,24.0,0.0,8.0,1.0833333333333333,0.0,1.9541854005467714,3.8188405797101455,8.0,0.0,2.0,0.625,1.0,0.6468989572333266,0.41847826086956524,2.0,0.0,3.0,1.0,1.0,0.7223151185146152,0.5217391304347826,3.0,0.0,4.0,0.625,0.0,1.0555237727226274,1.1141304347826086,4.0,0.0,0.0,0.0,0.0,0.0,0.0,0.0,0.0,0.0,0.0,0.0,0.0,0.0,0.0,0.0,13.0,3.4166666666666665,2.5,3.7522939843417835,14.079710144927537,13.0,0.0,0.0,0.0,0.0,0.0,0.0,0.0,0.0,3.0,0.6666666666666666,0.0,0.9168313422570847,0.8405797101449276,3.0,10.0,2.0,10.0,0.0,22.0,0.0,2.0,0.0,0.0,12.0,12.0,0.0,2.0,0.0,0.0,0.0,0.0,0.0
100,632,Platform 7 08/10/15,8,22,58,58,17,17,35,35,10,10,16,16,14,14,1,19,101.0,0.0,18.0,0.8811881188118812,0.0,2.2728270005122315,5.165742574257427,18.0,0.0,4.0,0.5148514851485149,0.0,0.7295733189493515,0.5322772277227722,4.0,0.0,2.0,0.9108910891089109,1.0,0.31934338574613064,0.10198019801980199,2.0,0.0,6.0,0.7128712871287128,0.0,1.2110873929107375,1.4667326732673271,6.0,0.0,0.0,0.0,0.0,0.0,0.0,0.0,0.0,0.0,0.0,0.0,0.0,0.0,0.0,0.0,15.0,1.5643564356435644,1.0,2.303978478997399,5.308316831683168,15.0,0.0,2.0,0.04950495049504951,0.0,0.25985525292987155,0.06752475247524753,2.0,0.0,7.0,0.39603960396039606,0.0,1.0399923838258824,1.0815841584158417,7.0,16.0,26.0,57.0,0.0,92.0,3.0,5.0,0.0,1.0,47.0,54.0,0.0,2.0,0.0,0.0,0.0,0.0,0.0
100,635,Quint Iteration 7,-12,15,46,46,18,18,10,10,28,28,10,10,16,16,1,25,83.0,0.0,12.0,1.891566265060241,1.0,2.464440015514191,6.073464590067586,12.0,0.0,3.0,0.37349397590361444,0.0,0.5990000483222826,0.3588010578900969,3.0,0.0,3.0,1.0,1.0,0.4417261042993862,0.1951219512195122,3.0,0.0,10.0,1.1686746987951808,1.0,1.8400641366634396,3.385836027034969,10.0,0.0,0.0,0.0,0.0,0.0,0.0,0.0,0.0,0.0,0.0,0.0,0.0,0.0,0.0,0.0,26.0,3.6867469879518073,2.0,4.671991560621798,21.827505142521307,26.0,0.0,1.0,0.04819277108433735,0.0,0.2154753371565183,0.046429620922715235,1.0,0.0,4.0,0.39759036144578314,0.0,0.8255044139596959,0.6814575374669409,4.0,27.0,15.0,22.0,11.0,71.0,7.0,5.0,0.0,0.0,36.0,47.0,0.0,7.0,1.0,0.0,0.0,0.0,0.0
100,636,Kernel Tools Iteration 7,0,15,0,0,0,0,0,0,0,0,0,0,0,0,1,1,1.0,0.0,0.0,0.0,0.0,0.0,0.0,0.0,1.0,1.0,1.0,1.0,0.0,0.0,0.0,1.0,1.0,1.0,1.0,0.0,0.0,0.0,1.0,1.0,1.0,1.0,0.0,0.0,0.0,0.0,0.0,0.0,0.0,0.0,0.0,0.0,0.0,0.0,0.0,0.0,0.0,0.0,0.0,0.0,0.0,0.0,0.0,0.0,0.0,0.0,0.0,0.0,0.0,0.0,0.0,0.0,0.0,0.0,0.0,0.0,0.0,0.0,0.0,0.0,0.0,0.0,1.0,0.0,1.0,0.0,0.0,0.0,0.0,1.0,0.0,0.0,0.0,0.0,0.0,0.0,0.0,0.0
104,60,Sprint 1,0,30,38,38,9,9,0,0,29,29,1,1,17,17,2,6,47.0,0.0,7.0,2.0851063829787235,1.0,1.6262759169347156,2.6447733580018498,7.0,0.0,3.0,0.425531914893617,0.0,0.7443900581965786,0.5541165587419057,3.0,0.0,1.0,0.8723404255319149,1.0,0.33731814917823844,0.11378353376503232,1.0,0.0,2.0,0.2765957446808511,0.0,0.4979142435144248,0.24791859389454196,2.0,0.0,0.0,0.0,0.0,0.0,0.0,0.0,0.0,0.0,0.0,0.0,0.0,0.0,0.0,0.0,9.0,1.4680851063829787,1.0,2.1553882312432844,4.645698427382054,9.0,0.0,1.0,0.0425531914893617,0.0,0.2040297088885788,0.04162812210915821,1.0,0.0,2.0,0.10638297872340426,0.0,0.4290557151006143,0.1840888066604995,2.0,15.0,12.0,16.0,0.0,34.0,5.0,4.0,1.0,3.0,14.0,33.0,0.0,4.0,0.0,0.0,0.0,0.0,0.0
104,61,Sprint 2,1,14,5,5,1,1,0,0,3,3,0,0,3,3,2,2,7.0,0.0,3.0,0.7142857142857143,0.0,1.1126972805283737,1.2380952380952384,3.0,0.0,1.0,0.14285714285714285,0.0,0.37796447300922725,0.14285714285714288,1.0,0.0,1.0,0.8571428571428571,1.0,0.37796447300922725,0.14285714285714288,1.0,0.0,1.0,0.42857142857142855,0.0,0.5345224838248488,0.2857142857142857,1.0,0.0,0.0,0.0,0.0,0.0,0.0,0.0,0.0,0.0,0.0,0.0,0.0,0.0,0.0,0.0,3.0,0.7142857142857143,0.0,1.1126972805283737,1.2380952380952384,3.0,0.0,0.0,0.0,0.0,0.0,0.0,0.0,0.0,0.0,0.0,0.0,0.0,0.0,0.0,2.0,1.0,3.0,0.0,4.0,2.0,1.0,0.0,0.0,2.0,5.0,0.0,1.0,0.0,0.0,0.0,0.0,0.0
104,62,Sprint 3,-1,11,12,12,1,1,0,0,12,12,0,0,1,1,2,3,13.0,0.0,5.0,1.0769230769230769,1.0,1.255755978254962,1.5769230769230769,5.0,0.0,1.0,0.3076923076923077,0.0,0.48038446141526137,0.23076923076923075,1.0,0.0,1.0,0.38461538461538464,0.0,0.5063696835418333,0.25641025641025644,1.0,0.0,1.0,0.15384615384615385,0.0,0.37553380809940534,0.141025641025641,1.0,0.0,0.0,0.0,0.0,0.0,0.0,0.0,0.0,0.0,0.0,0.0,0.0,0.0,0.0,0.0,7.0,1.1538461538461537,0.0,2.0754980866510833,4.307692307692308,7.0,0.0,0.0,0.0,0.0,0.0,0.0,0.0,0.0,2.0,0.15384615384615385,0.0,0.5547001962252291,0.30769230769230776,2.0,1.0,5.0,7.0,0.0,9.0,1.0,1.0,1.0,1.0,1.0,12.0,0.0,0.0,0.0,0.0,0.0,0.0,0.0
104,113,Sprint 4,4,14,5,5,12,12,0,0,3,3,0,0,14,14,2,1,22.0,0.0,7.0,0.9090909090909091,1.0,1.4444999434337427,2.086580086580086,7.0,0.0,0.0,0.0,0.0,0.0,0.0,0.0,0.0,0.0,0.0,0.0,0.0,0.0,0.0,0.0,3.0,0.4090909090909091,0.0,0.9081163607574332,0.8246753246753245,3.0,0.0,0.0,0.0,0.0,0.0,0.0,0.0,0.0,0.0,0.0,0.0,0.0,0.0,0.0,0.0,4.0,0.18181818181818182,0.0,0.852802865422442,0.7272727272727276,4.0,0.0,0.0,0.0,0.0,0.0,0.0,0.0,0.0,1.0,0.045454545454545456,0.0,0.2132007163556105,0.04545454545454548,1.0,1.0,4.0,13.0,0.0,21.0,0.0,1.0,0.0,0.0,0.0,22.0,0.0,3.0,1.0,0.0,0.0,0.0,0.0
104,143,Sprint 2 - May 5 - May 23,21,18,4,4,2,2,0,0,4,4,0,0,2,2,2,1,28.0,0.0,9.0,0.5,0.0,1.7320508075688772,3.0,9.0,0.0,2.0,0.10714285714285714,0.0,0.4162696521251859,0.17328042328042328,2.0,0.0,0.0,0.0,0.0,0.0,0.0,0.0,0.0,0.0,0.0,0.0,0.0,0.0,0.0,0.0,0.0,0.0,0.0,0.0,0.0,0.0,0.0,0.0,0.0,0.0,0.0,0.0,0.0,0.0,0.0,0.0,0.0,0.0,0.0,0.0,0.0,1.0,0.14285714285714285,0.0,0.35634832254989923,0.126984126984127,1.0,0.0,1.0,0.07142857142857142,0.0,0.26226526415648105,0.06878306878306878,1.0,23.0,0.0,3.0,0.0,5.0,21.0,2.0,0.0,0.0,1.0,27.0,0.0,0.0,1.0,1.0,0.0,0.0,0.0
104,149,Sprint 1 - April 14 - May 2,1,10,0,0,0,0,0,0,0,0,0,0,0,0,2,1,1.0,0.0,0.0,0.0,0.0,0.0,0.0,0.0,1.0,1.0,1.0,1.0,0.0,0.0,0.0,0.0,0.0,0.0,0.0,0.0,0.0,0.0,1.0,1.0,1.0,1.0,0.0,0.0,0.0,0.0,0.0,0.0,0.0,0.0,0.0,0.0,0.0,0.0,0.0,0.0,0.0,0.0,0.0,0.0,0.0,0.0,0.0,0.0,0.0,0.0,0.0,0.0,0.0,0.0,0.0,0.0,0.0,0.0,0.0,0.0,0.0,0.0,0.0,0.0,0.0,0.0,1.0,0.0,1.0,0.0,0.0,0.0,0.0,0.0,1.0,0.0,0.0,0.0,0.0,0.0,0.0,0.0
104,194,Sprint 3 -May 25 - June 13,4,19,0,0,0,0,0,0,0,0,0,0,0,0,2,2,6.0,0.0,6.0,1.5,0.5,2.345207879911715,5.5,6.0,0.0,3.0,0.6666666666666666,0.0,1.2110601416389968,1.466666666666667,3.0,0.0,1.0,0.6666666666666666,1.0,0.5163977794943223,0.2666666666666667,1.0,0.0,1.0,0.3333333333333333,0.0,0.5163977794943223,0.2666666666666667,1.0,0.0,0.0,0.0,0.0,0.0,0.0,0.0,0.0,0.0,0.0,0.0,0.0,0.0,0.0,0.0,3.0,0.5,0.0,1.224744871391589,1.5,3.0,0.0,1.0,0.3333333333333333,0.0,0.5163977794943223,0.2666666666666667,1.0,0.0,1.0,0.16666666666666666,0.0,0.408248290463863,0.16666666666666669,1.0,3.0,1.0,1.0,0.0,3.0,1.0,1.0,0.0,1.0,1.0,5.0,0.0,0.0,1.0,0.0,0.0,0.0,0.0
104,205,Sprint 5 - July 7-25,1,15,3,3,2,2,0,0,1,1,0,0,4,4,2,1,9.0,0.0,2.0,1.1111111111111112,1.0,0.7817359599705717,0.6111111111111112,2.0,0.0,1.0,0.2222222222222222,0.0,0.44095855184409843,0.19444444444444445,1.0,0.0,1.0,0.5555555555555556,1.0,0.5270462766947299,0.2777777777777778,1.0,0.0,1.0,0.3333333333333333,0.0,0.5,0.25,1.0,0.0,0.0,0.0,0.0,0.0,0.0,0.0,0.0,0.0,0.0,0.0,0.0,0.0,0.0,0.0,1.0,0.5555555555555556,1.0,0.5270462766947299,0.2777777777777778,1.0,0.0,1.0,0.1111111111111111,0.0,0.3333333333333333,0.1111111111111111,1.0,0.0,1.0,0.2222222222222222,0.0,0.44095855184409843,0.19444444444444445,1.0,5.0,1.0,2.0,0.0,6.0,1.0,1.0,0.0,1.0,1.0,8.0,0.0,0.0,1.0,0.0,0.0,0.0,0.0
104,286,C Sprint 8,1,18,1,1,9,9,4,4,3,3,2,2,1,1,2,4,15.0,0.0,2.0,0.4,0.0,0.6324555320336759,0.4000000000000001,2.0,0.0,1.0,0.26666666666666666,0.0,0.4577377082170635,0.20952380952380958,1.0,0.0,1.0,0.8666666666666667,1.0,0.35186577527449836,0.12380952380952377,1.0,0.0,6.0,0.8,0.0,1.5675276256394517,2.457142857142857,6.0,0.0,0.0,0.0,0.0,0.0,0.0,0.0,0.0,0.0,0.0,0.0,0.0,0.0,0.0,0.0,1.0,0.6,1.0,0.50709255283711,0.2571428571428571,1.0,0.0,1.0,0.06666666666666667,0.0,0.25819888974716115,0.06666666666666668,1.0,0.0,2.0,0.26666666666666666,0.0,0.7037315505489967,0.4952380952380951,2.0,4.0,2.0,7.0,0.0,9.0,1.0,2.0,0.0,3.0,4.0,11.0,0.0,0.0,0.0,2.0,0.0,0.0,0.0
104,304,C Sprint 9,12,18,8,8,6,6,3,3,9,9,0,0,2,2,2,5,26.0,0.0,3.0,0.38461538461538464,0.0,0.7524319545007682,0.5661538461538461,3.0,0.0,1.0,0.38461538461538464,0.0,0.49613893835683387,0.2461538461538462,1.0,0.0,1.0,0.8846153846153846,1.0,0.32581259360842113,0.10615384615384617,1.0,0.0,6.0,0.9615384615384616,0.5,1.4827209914415924,2.1984615384615385,6.0,0.0,0.0,0.0,0.0,0.0,0.0,0.0,0.0,0.0,0.0,0.0,0.0,0.0,0.0,0.0,4.0,0.8076923076923077,1.0,1.0590271297461937,1.1215384615384616,4.0,0.0,1.0,0.038461538461538464,0.0,0.19611613513818402,0.03846153846153846,1.0,0.0,2.0,0.07692307692307693,0.0,0.39223227027636803,0.15384615384615383,2.0,4.0,9.0,12.0,0.0,24.0,0.0,0.0,0.0,2.0,8.0,18.0,0.0,0.0,0.0,1.0,0.0,0.0,0.0
104,313,Platform 0 3/13/15,-2,18,3,3,0,0,0,0,3,3,0,0,0,0,2,1,5.0,0.0,1.0,0.2,0.0,0.447213595499958,0.20000000000000004,1.0,0.0,1.0,0.4,0.0,0.5477225575051662,0.30000000000000004,1.0,1.0,1.0,1.0,1.0,0.0,0.0,0.0,0.0,13.0,3.2,1.0,5.540758070878028,30.70000000000001,13.0,0.0,0.0,0.0,0.0,0.0,0.0,0.0,0.0,0.0,0.0,0.0,0.0,0.0,0.0,0.0,4.0,1.4,1.0,1.51657508881031,2.3,4.0,0.0,0.0,0.0,0.0,0.0,0.0,0.0,0.0,0.0,0.0,0.0,0.0,0.0,0.0,0.0,1.0,0.0,2.0,4.0,0.0,0.0,1.0,0.0,1.0,4.0,0.0,2.0,0.0,0.0,0.0,0.0,0.0
104,342,C Sprint 11,2,16,8,30,4,4,9,31,1,-14,2,17,0,0,2,2,14.0,0.0,0.0,0.0,0.0,0.0,0.0,0.0,0.0,1.0,0.35714285714285715,0.0,0.4972451580988468,0.24725274725274715,1.0,0.0,1.0,0.9285714285714286,1.0,0.26726124191242434,0.07142857142857141,1.0,0.0,13.0,2.0714285714285716,1.0,3.338914741102511,11.148351648351648,13.0,0.0,0.0,0.0,0.0,0.0,0.0,0.0,0.0,0.0,0.0,0.0,0.0,0.0,0.0,0.0,7.0,1.8571428571428572,0.5,2.5975474485084473,6.747252747252745,7.0,0.0,0.0,0.0,0.0,0.0,0.0,0.0,0.0,2.0,0.2857142857142857,0.0,0.6112498455021267,0.37362637362637374,2.0,2.0,4.0,5.0,0.0,13.0,1.0,0.0,0.0,0.0,2.0,12.0,0.0,3.0,0.0,0.0,0.0,0.0,0.0
104,343,C Sprint 12,-2,24,8,15,21,27,27,40,2,2,0,0,0,0,2,5,29.0,0.0,5.0,0.6896551724137931,0.0,1.198315730987875,1.4359605911330051,5.0,0.0,1.0,0.5517241379310345,1.0,0.5061201788784757,0.25615763546798026,1.0,0.0,1.0,0.896551724137931,1.0,0.3099340466946034,0.09605911330049259,1.0,0.0,13.0,1.2758620689655173,0.0,2.519871761534956,6.349753694581282,13.0,0.0,0.0,0.0,0.0,0.0,0.0,0.0,0.0,0.0,0.0,0.0,0.0,0.0,0.0,0.0,7.0,1.3448275862068966,0.0,2.142692932952855,4.591133004926108,7.0,0.0,1.0,0.034482758620689655,0.0,0.18569533817705192,0.034482758620689676,1.0,0.0,2.0,0.13793103448275862,0.0,0.4411136823860458,0.19458128078817732,2.0,6.0,2.0,15.0,0.0,22.0,5.0,0.0,2.0,0.0,14.0,15.0,0.0,3.0,0.0,3.0,0.0,0.0,0.0
104,374,Platform 00 2/20/15,-21,16,5,5,20,26,0,0,24,30,1,1,0,0,2,4,25.0,0.0,5.0,0.96,1.0,1.2409673645990857,1.5400000000000003,5.0,0.0,1.0,0.64,1.0,0.48989794855663565,0.24000000000000002,1.0,0.0,1.0,0.88,1.0,0.33166247903553997,0.11,1.0,0.0,13.0,1.08,0.0,2.6444911293731606,6.993333333333333,13.0,0.0,0.0,0.0,0.0,0.0,0.0,0.0,0.0,0.0,0.0,0.0,0.0,0.0,0.0,0.0,7.0,1.2,0.0,1.9790570145063193,3.916666666666666,7.0,0.0,1.0,0.04,0.0,0.2,0.04000000000000001,1.0,0.0,2.0,0.12,0.0,0.439696865275764,0.19333333333333336,2.0,6.0,2.0,12.0,0.0,18.0,5.0,0.0,2.0,0.0,15.0,10.0,0.0,2.0,0.0,3.0,0.0,0.0,0.0
104,442,PHP Sprint 17,0,21,0,0,0,0,0,0,0,0,0,0,0,0,2,1,1.0,2.0,2.0,2.0,2.0,0.0,0.0,0.0,1.0,1.0,1.0,1.0,0.0,0.0,0.0,1.0,1.0,1.0,1.0,0.0,0.0,0.0,0.0,0.0,0.0,0.0,0.0,0.0,0.0,0.0,0.0,0.0,0.0,0.0,0.0,0.0,0.0,0.0,0.0,0.0,0.0,0.0,0.0,0.0,0.0,0.0,0.0,0.0,0.0,0.0,0.0,0.0,0.0,0.0,0.0,0.0,0.0,0.0,0.0,0.0,0.0,0.0,0.0,0.0,0.0,0.0,1.0,0.0,1.0,0.0,0.0,0.0,0.0,0.0,1.0,0.0,0.0,0.0,0.0,0.0,0.0,0.0
104,452,Platform 1 04/03/15,-1,18,2,2,0,0,1,1,1,1,0,0,0,0,2,1,4.0,0.0,1.0,0.5,0.5,0.5773502691896257,0.3333333333333333,1.0,0.0,1.0,0.5,0.5,0.5773502691896257,0.3333333333333333,1.0,1.0,1.0,1.0,1.0,0.0,0.0,0.0,0.0,13.0,4.0,1.5,6.0553007081949835,36.666666666666664,13.0,0.0,0.0,0.0,0.0,0.0,0.0,0.0,0.0,0.0,0.0,0.0,0.0,0.0,0.0,1.0,4.0,1.75,1.0,1.5,2.25,3.0,0.0,0.0,0.0,0.0,0.0,0.0,0.0,0.0,0.0,0.0,0.0,0.0,0.0,0.0,0.0,0.0,0.0,2.0,4.0,0.0,0.0,0.0,0.0,1.0,3.0,0.0,2.0,0.0,0.0,0.0,0.0,0.0
104,473,PHP Sprint 18,0,18,0,0,0,0,0,0,0,0,0,0,0,0,2,1,2.0,1.0,5.0,3.0,3.0,2.8284271247461903,8.0,4.0,1.0,2.0,1.5,1.5,0.7071067811865476,0.5,1.0,1.0,1.0,1.0,1.0,0.0,0.0,0.0,1.0,1.0,1.0,1.0,0.0,0.0,0.0,0.0,0.0,0.0,0.0,0.0,0.0,0.0,0.0,0.0,0.0,0.0,0.0,0.0,0.0,0.0,0.0,0.0,0.0,0.0,0.0,0.0,0.0,0.0,0.0,0.0,0.0,0.0,0.0,0.0,0.0,0.0,0.0,0.0,0.0,0.0,0.0,0.0,2.0,0.0,2.0,0.0,0.0,0.0,0.0,1.0,1.0,0.0,0.0,0.0,0.0,0.0,0.0,0.0
104,505,PHP Sprint 19,0,21,0,0,0,0,0,0,0,0,0,0,0,0,2,1,0.0,0.0,0.0,0.0,0.0,0.0,0.0,0.0,0.0,0.0,0.0,0.0,0.0,0.0,0.0,0.0,0.0,0.0,0.0,0.0,0.0,0.0,0.0,0.0,0.0,0.0,0.0,0.0,0.0,0.0,0.0,0.0,0.0,0.0,0.0,0.0,0.0,0.0,0.0,0.0,0.0,0.0,0.0,0.0,0.0,0.0,0.0,0.0,0.0,0.0,0.0,0.0,0.0,0.0,0.0,0.0,0.0,0.0,0.0,0.0,0.0,0.0,0.0,0.0,0.0,0.0,0.0,0.0,0.0,0.0,0.0,0.0,0.0,0.0,0.0,0.0,0.0,0.0,0.0,0.0,0.0,0.0
104,532,C Driver 2015Q2 sprint 1,-5,8,6,12,4,4,0,0,3,6,3,3,4,7,2,3,11.0,0.0,9.0,2.3636363636363638,2.0,2.6934263410283665,7.254545454545455,9.0,0.0,1.0,0.2727272727272727,0.0,0.46709936649691375,0.21818181818181817,1.0,1.0,2.0,1.0909090909090908,1.0,0.30151134457776363,0.0909090909090909,1.0,0.0,4.0,1.0909090909090908,1.0,1.1361818036340356,1.2909090909090906,4.0,0.0,0.0,0.0,0.0,0.0,0.0,0.0,0.0,0.0,0.0,0.0,0.0,0.0,0.0,0.0,7.0,2.1818181818181817,1.0,2.088931871468374,4.363636363636363,7.0,0.0,0.0,0.0,0.0,0.0,0.0,0.0,0.0,2.0,0.45454545454545453,0.0,0.6875516509523286,0.47272727272727266,2.0,0.0,0.0,9.0,0.0,9.0,2.0,0.0,0.0,0.0,6.0,5.0,0.0,1.0,1.0,0.0,0.0,0.0,0.0
104,557,C Driver 2015Q2 sprint 2,-31,18,15,100,1,2,2,18,9,50,2,12,3,22,2,2,18.0,0.0,5.0,1.2777777777777777,1.0,1.5645166724265527,2.4477124183006533,5.0,0.0,1.0,0.5,0.5,0.5144957554275266,0.2647058823529412,1.0,1.0,2.0,1.2777777777777777,1.0,0.46088859896247675,0.21241830065359474,1.0,0.0,5.0,1.4444444444444444,1.5,1.5801050680710416,2.496732026143791,5.0,0.0,0.0,0.0,0.0,0.0,0.0,0.0,0.0,0.0,0.0,0.0,0.0,0.0,0.0,0.0,9.0,2.111111111111111,1.0,2.422659911285865,5.8692810457516345,9.0,0.0,1.0,0.1111111111111111,0.0,0.3233808333817773,0.10457516339869281,1.0,0.0,1.0,0.2222222222222222,0.0,0.42779263194649864,0.18300653594771243,1.0,7.0,2.0,8.0,0.0,11.0,4.0,2.0,1.0,0.0,13.0,5.0,0.0,1.0,0.0,0.0,0.0,0.0,0.0
104,579,C Driver 2015Q2 sprint 3,-67,18,0,0,21,144,5,26,10,65,4,48,2,5,2,3,31.0,0.0,8.0,1.1612903225806452,0.0,2.114974770433419,4.473118279569894,8.0,0.0,1.0,0.3225806451612903,0.0,0.4751909633114914,0.2258064516129032,1.0,0.0,2.0,0.8064516129032258,1.0,0.5427924611801259,0.29462365591397854,2.0,0.0,4.0,1.1290322580645162,1.0,1.1177935254739124,1.2494623655913983,4.0,0.0,0.0,0.0,0.0,0.0,0.0,0.0,0.0,0.0,0.0,0.0,0.0,0.0,0.0,0.0,3.0,0.6774193548387096,0.0,1.0452143886684542,1.0924731182795702,3.0,0.0,1.0,0.06451612903225806,0.0,0.24973103811470743,0.06236559139784945,1.0,0.0,2.0,0.1935483870967742,0.0,0.47744841527364174,0.22795698924731184,2.0,5.0,4.0,18.0,0.0,21.0,6.0,1.0,2.0,1.0,14.0,17.0,0.0,4.0,0.0,0.0,0.0,0.0,0.0
104,610,C Driver 2015Q2 sprint 4,48,18,0,0,17,149,11,109,3,36,1,2,2,2,2,4,24.0,0.0,12.0,1.5833333333333333,1.0,2.685171303201386,7.2101449275362315,12.0,0.0,2.0,0.625,1.0,0.5757792451369143,0.33152173913043476,2.0,1.0,2.0,1.0833333333333333,1.0,0.28232985128663995,0.07971014492753623,1.0,0.0,4.0,1.25,1.0,1.1131623577819225,1.2391304347826086,4.0,0.0,0.0,0.0,0.0,0.0,0.0,0.0,0.0,0.0,0.0,0.0,0.0,0.0,0.0,0.0,4.0,1.25,1.0,1.3593476696403028,1.8478260869565217,4.0,0.0,1.0,0.08333333333333333,0.0,0.28232985128663995,0.07971014492753623,1.0,0.0,2.0,0.25,0.0,0.531609533071195,0.2826086956521739,2.0,2.0,2.0,16.0,0.0,19.0,3.0,1.0,1.0,0.0,14.0,10.0,0.0,3.0,1.0,0.0,0.0,0.0,0.0
104,640,C Driver 2015Q2 sprint 5,-39,18,0,0,9,100,0,0,7,80,2,20,0,0,2,3,15.0,0.0,10.0,2.0,1.0,2.903200204700225,8.428571428571429,10.0,0.0,1.0,0.4666666666666667,0.0,0.5163977794943222,0.26666666666666666,1.0,0.0,2.0,0.8666666666666667,1.0,0.5163977794943222,0.26666666666666666,2.0,0.0,4.0,1.2,1.0,1.2071217242444348,1.4571428571428573,4.0,0.0,0.0,0.0,0.0,0.0,0.0,0.0,0.0,0.0,0.0,0.0,0.0,0.0,0.0,0.0,5.0,2.0,1.0,2.0701966780270626,4.285714285714286,5.0,0.0,1.0,0.13333333333333333,0.0,0.35186577527449836,0.12380952380952377,1.0,0.0,2.0,0.26666666666666666,0.0,0.5936168397046635,0.3523809523809522,2.0,2.0,2.0,8.0,0.0,9.0,1.0,1.0,1.0,3.0,8.0,7.0,0.0,3.0,0.0,0.0,0.0,0.0,0.0
116,130,Sprint 1 April 14 - May 2,8,18,13,13,2,2,3,3,3,3,2,2,7,7,1,3,24.0,0.0,9.0,2.3333333333333335,1.0,3.01686083128843,9.101449275362317,9.0,0.0,2.0,0.9166666666666666,1.0,0.408248290463863,0.16666666666666666,2.0,1.0,1.0,1.0,1.0,0.0,0.0,0.0,0.0,7.0,1.0416666666666667,0.5,1.6010639578422372,2.5634057971014492,7.0,0.0,0.0,0.0,0.0,0.0,0.0,0.0,0.0,0.0,0.0,0.0,0.0,0.0,0.0,0.0,5.0,0.9166666666666666,0.0,1.5857152183236396,2.514492753623188,5.0,0.0,1.0,0.041666666666666664,0.0,0.20412414523193154,0.04166666666666668,1.0,0.0,2.0,0.2916666666666667,0.0,0.6240935455708451,0.3894927536231884,2.0,14.0,1.0,7.0,0.0,17.0,6.0,1.0,0.0,0.0,16.0,8.0,0.0,2.0,0.0,0.0,0.0,0.0,0.0
116,131,Sprint 2,-8,18,12,12,1,1,0,0,8,8,2,2,3,3,1,2,13.0,0.0,10.0,2.1538461538461537,1.0,2.7942248133771037,7.807692307692309,10.0,0.0,1.0,0.7692307692307693,1.0,0.4385290096535146,0.1923076923076923,1.0,0.0,1.0,0.9230769230769231,1.0,0.2773500981126146,0.07692307692307694,1.0,0.0,7.0,0.7692307692307693,0.0,1.921537845661045,3.6923076923076903,7.0,0.0,0.0,0.0,0.0,0.0,0.0,0.0,0.0,0.0,0.0,0.0,0.0,0.0,0.0,0.0,5.0,1.2307692307692308,1.0,1.4806443503784736,2.192307692307692,5.0,0.0,1.0,0.15384615384615385,0.0,0.37553380809940534,0.141025641025641,1.0,0.0,2.0,0.3076923076923077,0.0,0.6304251719561151,0.3974358974358973,2.0,3.0,1.0,3.0,0.0,9.0,4.0,0.0,0.0,0.0,8.0,5.0,0.0,6.0,0.0,0.0,0.0,0.0,0.0
116,182,Sprint 3 - May 25 - High Level,-2,17,13,13,0,0,5,5,7,7,1,1,0,0,1,2,20.0,0.0,10.0,1.15,0.0,2.5188761069384227,6.344736842105264,10.0,0.0,2.0,0.65,1.0,0.5871429486123998,0.3447368421052631,2.0,0.0,1.0,0.9,1.0,0.30779350562554625,0.09473684210526317,1.0,0.0,7.0,0.8,0.0,1.6415653633362466,2.694736842105263,7.0,0.0,0.0,0.0,0.0,0.0,0.0,0.0,0.0,0.0,0.0,0.0,0.0,0.0,0.0,0.0,5.0,0.8,0.0,1.3218806379747876,1.7473684210526317,5.0,0.0,1.0,0.1,0.0,0.30779350562554625,0.09473684210526317,1.0,0.0,2.0,0.35,0.0,0.6708203932499369,0.45,2.0,7.0,3.0,4.0,0.0,17.0,2.0,1.0,0.0,0.0,9.0,11.0,0.0,5.0,1.0,0.0,0.0,0.0,0.0
116,204,Sprint 4,-2,18,8,8,0,0,0,0,5,5,0,0,3,3,1,2,12.0,0.0,4.0,0.8333333333333334,0.0,1.5859229221975182,2.515151515151515,4.0,0.0,1.0,0.25,0.0,0.45226701686664544,0.20454545454545456,1.0,0.0,1.0,0.8333333333333334,1.0,0.38924947208076155,0.15151515151515155,1.0,0.0,3.0,0.6666666666666666,0.0,1.1547005383792517,1.3333333333333337,3.0,0.0,0.0,0.0,0.0,0.0,0.0,0.0,0.0,0.0,0.0,0.0,0.0,0.0,0.0,0.0,2.0,0.5833333333333334,0.0,0.7929614610987591,0.6287878787878788,2.0,0.0,0.0,0.0,0.0,0.0,0.0,0.0,0.0,2.0,0.5833333333333334,0.0,0.90033663737852,0.8106060606060606,2.0,5.0,3.0,2.0,0.0,9.0,2.0,1.0,0.0,0.0,2.0,10.0,0.0,2.0,0.0,0.0,0.0,0.0,0.0
116,228,Sprint 5,-6,14,7,7,0,0,0,0,6,6,0,0,1,1,1,2,7.0,0.0,2.0,0.42857142857142855,0.0,0.7867957924694431,0.619047619047619,2.0,0.0,1.0,0.14285714285714285,0.0,0.3779644730092273,0.1428571428571429,1.0,1.0,1.0,1.0,1.0,0.0,0.0,0.0,0.0,3.0,0.8571428571428571,0.0,1.2149857925879117,1.476190476190476,3.0,0.0,0.0,0.0,0.0,0.0,0.0,0.0,0.0,0.0,0.0,0.0,0.0,0.0,0.0,0.0,1.0,0.14285714285714285,0.0,0.37796447300922725,0.14285714285714288,1.0,0.0,0.0,0.0,0.0,0.0,0.0,0.0,0.0,2.0,1.2857142857142858,1.0,0.7559289460184545,0.5714285714285715,2.0,4.0,2.0,0.0,0.0,6.0,0.0,1.0,0.0,0.0,2.0,5.0,0.0,1.0,0.0,0.0,0.0,0.0,0.0
116,243,C# Sprint 6,5,18,0,0,6,6,5,5,1,1,0,0,0,0,1,2,15.0,0.0,5.0,0.9333333333333333,0.0,1.4375905768565218,2.0666666666666673,5.0,0.0,1.0,0.3333333333333333,0.0,0.48795003647426666,0.23809523809523814,1.0,0.0,1.0,0.9333333333333333,1.0,0.25819888974716115,0.06666666666666668,1.0,0.0,3.0,0.8,1.0,0.9411239481143203,0.8857142857142859,3.0,0.0,0.0,0.0,0.0,0.0,0.0,0.0,0.0,0.0,0.0,0.0,0.0,0.0,0.0,0.0,2.0,0.6666666666666666,1.0,0.7237468644557459,0.5238095238095238,2.0,0.0,1.0,0.06666666666666667,0.0,0.25819888974716115,0.06666666666666668,1.0,0.0,2.0,0.8,1.0,0.7745966692414834,0.6,2.0,7.0,2.0,0.0,0.0,9.0,5.0,1.0,0.0,0.0,6.0,9.0,0.0,6.0,0.0,0.0,0.0,0.0,0.0
116,261,C# Sprint 7,-3,14,10,10,1,1,0,0,3,3,4,4,4,4,1,2,16.0,0.0,53.0,4.125,0.0,13.104070614380353,171.71666666666667,53.0,0.0,1.0,0.25,0.0,0.4472135954999579,0.2,1.0,1.0,1.0,1.0,1.0,0.0,0.0,0.0,0.0,3.0,0.875,1.0,1.02469507659596,1.05,3.0,0.0,0.0,0.0,0.0,0.0,0.0,0.0,0.0,0.0,0.0,0.0,0.0,0.0,0.0,0.0,3.0,0.625,0.0,0.9574271077563381,0.9166666666666666,3.0,0.0,2.0,0.125,0.0,0.5,0.25,2.0,0.0,4.0,0.625,0.0,1.1474609652039003,1.3166666666666667,4.0,10.0,2.0,0.0,0.0,11.0,3.0,2.0,0.0,0.0,9.0,7.0,0.0,4.0,0.0,0.0,0.0,0.0,0.0
116,262,C# Sprint 8,-12,18,18,18,0,0,0,0,16,16,0,0,2,2,1,3,19.0,0.0,6.0,1.4210526315789473,1.0,1.804801911989365,3.257309941520468,6.0,0.0,2.0,0.5263157894736842,0.0,0.611775290321498,0.37426900584795325,2.0,0.0,2.0,0.8947368421052632,1.0,0.4588314677411235,0.21052631578947364,2.0,0.0,9.0,1.263157894736842,1.0,2.050531239111733,4.204678362573098,9.0,0.0,0.0,0.0,0.0,0.0,0.0,0.0,0.0,0.0,0.0,0.0,0.0,0.0,0.0,0.0,4.0,0.7368421052631579,0.0,1.2841817655680772,1.6491228070175437,4.0,0.0,1.0,0.10526315789473684,0.0,0.3153017676423058,0.09941520467836257,1.0,0.0,3.0,0.47368421052631576,0.0,0.9048278567177281,0.8187134502923976,3.0,7.0,4.0,3.0,0.0,15.0,3.0,1.0,0.0,0.0,8.0,11.0,0.0,5.0,0.0,0.0,0.0,0.0,0.0
116,263,C# Sprint 9,-6,18,15,15,0,0,0,0,11,11,1,1,3,3,1,2,21.0,0.0,10.0,1.1904761904761905,0.0,2.358369089414285,5.561904761904764,10.0,0.0,1.0,0.23809523809523808,0.0,0.4364357804719847,0.19047619047619044,1.0,0.0,2.0,0.9523809523809523,1.0,0.49761335152811936,0.24761904761904768,2.0,0.0,9.0,1.2857142857142858,1.0,2.1712405933672376,4.7142857142857135,9.0,0.0,0.0,0.0,0.0,0.0,0.0,0.0,0.0,0.0,0.0,0.0,0.0,0.0,0.0,0.0,4.0,0.7619047619047619,0.0,1.2611408289624877,1.5904761904761904,4.0,0.0,0.0,0.0,0.0,0.0,0.0,0.0,0.0,3.0,0.38095238095238093,0.0,0.8047478161629565,0.6476190476190476,3.0,9.0,10.0,0.0,0.0,18.0,3.0,0.0,0.0,0.0,6.0,15.0,0.0,2.0,0.0,0.0,0.0,0.0,0.0
116,289,C# Sprint 10,11,18,0,0,0,0,0,0,0,0,0,0,0,0,1,2,21.0,0.0,10.0,1.1904761904761905,0.0,2.5810665938531616,6.66190476190476,10.0,0.0,1.0,0.42857142857142855,0.0,0.50709255283711,0.2571428571428572,1.0,0.0,2.0,1.2380952380952381,1.0,0.6248809410409238,0.3904761904761905,2.0,0.0,9.0,1.0952380952380953,0.0,2.233937373893053,4.99047619047619,9.0,0.0,0.0,0.0,0.0,0.0,0.0,0.0,0.0,0.0,0.0,0.0,0.0,0.0,0.0,0.0,4.0,0.8571428571428571,0.0,1.3522468075656264,1.8285714285714285,4.0,0.0,0.0,0.0,0.0,0.0,0.0,0.0,0.0,3.0,0.3333333333333333,0.0,0.7958224257542215,0.6333333333333334,3.0,11.0,6.0,2.0,0.0,15.0,6.0,0.0,0.0,0.0,9.0,12.0,0.0,2.0,0.0,0.0,0.0,0.0,0.0
116,304,C Sprint 9,0,18,0,0,0,0,0,0,0,0,0,0,0,0,1,1,2.0,0.0,0.0,0.0,0.0,0.0,0.0,0.0,0.0,1.0,0.5,0.5,0.7071067811865476,0.5,1.0,1.0,2.0,1.5,1.5,0.7071067811865476,0.5,1.0,0.0,0.0,0.0,0.0,0.0,0.0,0.0,0.0,0.0,0.0,0.0,0.0,0.0,0.0,0.0,0.0,0.0,0.0,0.0,0.0,0.0,0.0,0.0,0.0,0.0,0.0,0.0,0.0,0.0,0.0,0.0,0.0,0.0,0.0,0.0,0.0,0.0,0.0,0.0,0.0,0.0,0.0,0.0,1.0,1.0,0.0,2.0,0.0,0.0,0.0,0.0,1.0,1.0,0.0,0.0,0.0,0.0,0.0,0.0,0.0
116,339,C# Sprint 11,6,18,7,7,7,7,0,0,4,4,1,1,9,9,1,3,20.0,0.0,16.0,2.35,1.0,4.2460507967311285,18.028947368421054,16.0,0.0,1.0,0.15,0.0,0.36634754853252327,0.13421052631578947,1.0,1.0,2.0,1.15,1.0,0.36634754853252327,0.13421052631578947,1.0,0.0,4.0,0.65,0.0,1.0894228312566052,1.1868421052631577,4.0,0.0,0.0,0.0,0.0,0.0,0.0,0.0,0.0,0.0,0.0,0.0,0.0,0.0,0.0,0.0,3.0,0.5,0.0,0.9459053029269173,0.8947368421052632,3.0,0.0,0.0,0.0,0.0,0.0,0.0,0.0,0.0,2.0,0.45,0.0,0.8255779474818966,0.6815789473684212,2.0,7.0,10.0,1.0,0.0,14.0,6.0,0.0,0.0,0.0,13.0,7.0,0.0,2.0,0.0,0.0,0.0,0.0,0.0
116,353,C# Sprint 12,6,32,10,10,2,2,1,1,11,11,0,0,0,0,1,2,20.0,0.0,5.0,1.25,0.5,1.6819474927657678,2.8289473684210527,5.0,0.0,1.0,0.15,0.0,0.36634754853252327,0.13421052631578947,1.0,1.0,2.0,1.05,1.0,0.223606797749979,0.05000000000000001,1.0,0.0,3.0,0.45,0.0,0.8255779474818965,0.6815789473684211,3.0,0.0,0.0,0.0,0.0,0.0,0.0,0.0,0.0,0.0,0.0,0.0,0.0,0.0,0.0,0.0,3.0,0.45,0.0,0.8870412083230169,0.7868421052631579,3.0,0.0,0.0,0.0,0.0,0.0,0.0,0.0,0.0,2.0,0.4,0.0,0.7539370349250519,0.568421052631579,2.0,8.0,8.0,2.0,0.0,19.0,1.0,0.0,0.0,0.0,8.0,12.0,0.0,2.0,0.0,0.0,0.0,0.0,0.0
116,377,C# Sprint 14,8,18,7,7,0,0,0,0,7,7,0,0,0,0,1,2,15.0,0.0,5.0,0.9333333333333333,1.0,1.3870146083619754,1.9238095238095243,5.0,0.0,1.0,0.2,0.0,0.41403933560541256,0.17142857142857146,1.0,1.0,1.0,1.0,1.0,0.0,0.0,0.0,0.0,6.0,0.6666666666666666,0.0,1.5886502207249789,2.523809523809524,6.0,0.0,0.0,0.0,0.0,0.0,0.0,0.0,0.0,0.0,0.0,0.0,0.0,0.0,0.0,0.0,1.0,0.2,0.0,0.4140393356054126,0.17142857142857149,1.0,0.0,0.0,0.0,0.0,0.0,0.0,0.0,0.0,2.0,0.13333333333333333,0.0,0.5163977794943222,0.26666666666666666,2.0,2.0,3.0,4.0,0.0,13.0,2.0,0.0,0.0,0.0,4.0,11.0,0.0,6.0,0.0,0.0,0.0,0.0,0.0
116,391,C# Sprint 15,-4,17,4,4,0,0,0,0,2,2,2,2,0,0,1,1,4.0,0.0,2.0,0.5,0.0,1.0,1.0,2.0,0.0,0.0,0.0,0.0,0.0,0.0,0.0,1.0,1.0,1.0,1.0,0.0,0.0,0.0,0.0,2.0,0.5,0.0,1.0,1.0,2.0,0.0,0.0,0.0,0.0,0.0,0.0,0.0,0.0,0.0,0.0,0.0,0.0,0.0,0.0,0.0,0.0,0.0,0.0,0.0,0.0,0.0,0.0,0.0,0.0,0.0,0.0,0.0,0.0,0.0,0.0,0.0,0.0,0.0,0.0,0.0,2.0,2.0,0.0,0.0,2.0,0.0,2.0,0.0,0.0,2.0,2.0,0.0,0.0,0.0,0.0,0.0,0.0,0.0
116,441,C# Sprint 16,0,7,4,4,0,0,0,0,2,2,0,0,2,2,1,1,23.0,0.0,19.0,0.9565217391304348,0.0,3.959778011105319,15.679841897233196,19.0,0.0,0.0,0.0,0.0,0.0,0.0,0.0,1.0,1.0,1.0,1.0,0.0,0.0,0.0,0.0,2.0,0.13043478260869565,0.0,0.45769658728016016,0.20948616600790526,2.0,0.0,0.0,0.0,0.0,0.0,0.0,0.0,0.0,0.0,0.0,0.0,0.0,0.0,0.0,0.0,0.0,0.0,0.0,0.0,0.0,0.0,0.0,0.0,0.0,0.0,0.0,0.0,0.0,0.0,0.0,0.0,0.0,0.0,0.0,0.0,2.0,3.0,0.0,16.0,21.0,0.0,2.0,0.0,0.0,4.0,19.0,0.0,2.0,0.0,0.0,0.0,0.0,0.0
116,451,C# Sprint 17,2,20,1,1,1,1,0,0,0,0,2,2,0,0,1,2,23.0,0.0,2.0,0.13043478260869565,0.0,0.45769658728016016,0.2094861660079053,2.0,0.0,1.0,0.043478260869565216,0.0,0.2085144140570748,0.04347826086956523,1.0,1.0,2.0,1.0434782608695652,1.0,0.2085144140570748,0.04347826086956523,1.0,0.0,2.0,0.17391304347826086,0.0,0.5762081310400609,0.3320158102766799,2.0,0.0,0.0,0.0,0.0,0.0,0.0,0.0,0.0,0.0,0.0,0.0,0.0,0.0,0.0,0.0,2.0,0.08695652173913043,0.0,0.4170288281141496,0.17391304347826092,2.0,0.0,0.0,0.0,0.0,0.0,0.0,0.0,0.0,3.0,0.391304347826087,0.0,0.7827184815397383,0.6126482213438738,3.0,1.0,3.0,1.0,16.0,20.0,1.0,2.0,0.0,0.0,2.0,21.0,0.0,2.0,0.0,0.0,0.0,0.0,0.0
116,488,C# Sprint 18,-6,18,7,7,0,0,0,0,6,6,1,1,0,0,1,2,7.0,0.0,9.0,1.4285714285714286,0.0,3.3594217189442417,11.285714285714285,9.0,0.0,1.0,0.14285714285714285,0.0,0.37796447300922725,0.14285714285714288,1.0,1.0,2.0,1.1428571428571428,1.0,0.37796447300922725,0.14285714285714288,1.0,0.0,7.0,1.2857142857142858,0.0,2.627691364061218,6.904761904761905,7.0,0.0,0.0,0.0,0.0,0.0,0.0,0.0,0.0,0.0,0.0,0.0,0.0,0.0,0.0,2.0,7.0,2.7142857142857144,2.0,1.889822365046136,3.571428571428571,5.0,0.0,0.0,0.0,0.0,0.0,0.0,0.0,0.0,0.0,0.0,0.0,0.0,0.0,0.0,0.0,5.0,0.0,0.0,6.0,0.0,1.0,0.0,0.0,0.0,7.0,0.0,2.0,0.0,0.0,0.0,0.0,0.0
116,506,C# Sprint 19,4,21,16,16,5,5,4,4,2,2,2,2,13,13,1,1,25.0,0.0,14.0,2.92,2.0,3.6846528556523026,13.576666666666668,14.0,0.0,2.0,0.88,1.0,0.439696865275764,0.19333333333333336,2.0,0.0,2.0,1.28,1.0,0.6782329983125268,0.46,2.0,0.0,2.0,0.48,0.0,0.6531972647421809,0.4266666666666667,2.0,0.0,0.0,0.0,0.0,0.0,0.0,0.0,0.0,0.0,0.0,0.0,0.0,0.0,0.0,0.0,5.0,2.28,3.0,1.6462077633154328,2.7100000000000004,5.0,0.0,1.0,0.24,0.0,0.43588989435406733,0.18999999999999997,1.0,0.0,3.0,0.32,0.0,0.9,0.81,3.0,7.0,2.0,11.0,0.0,14.0,8.0,2.0,0.0,1.0,14.0,11.0,0.0,4.0,0.0,1.0,0.0,0.0,0.0
116,549,C# Sprint 20,-4,21,8,8,3,3,0,0,4,4,3,3,4,4,1,2,11.0,0.0,10.0,2.5454545454545454,2.0,2.978712351457803,8.872727272727275,10.0,0.0,2.0,0.6363636363636364,1.0,0.674199862463242,0.4545454545454545,2.0,1.0,2.0,1.3636363636363635,1.0,0.504524979109513,0.2545454545454546,1.0,0.0,2.0,0.6363636363636364,0.0,0.8090398349558905,0.6545454545454545,2.0,0.0,0.0,0.0,0.0,0.0,0.0,0.0,0.0,0.0,0.0,0.0,0.0,0.0,0.0,0.0,5.0,2.0,2.0,1.7320508075688772,3.0,5.0,0.0,0.0,0.0,0.0,0.0,0.0,0.0,0.0,2.0,0.18181818181818182,0.0,0.6030226891555273,0.3636363636363636,2.0,3.0,2.0,5.0,0.0,9.0,2.0,0.0,0.0,0.0,8.0,3.0,0.0,1.0,0.0,0.0,0.0,0.0,0.0
116,589,C# Sprint 21,2,17,8,8,3,3,3,3,8,8,0,0,0,0,1,2,15.0,0.0,5.0,1.0666666666666667,0.0,1.533747356112131,2.3523809523809525,5.0,0.0,2.0,0.7333333333333333,1.0,0.5936168397046637,0.3523809523809524,2.0,0.0,2.0,1.0666666666666667,1.0,0.7037315505489968,0.49523809523809526,2.0,0.0,2.0,0.6,0.0,0.7367883976130073,0.5428571428571429,2.0,0.0,0.0,0.0,0.0,0.0,0.0,0.0,0.0,0.0,0.0,0.0,0.0,0.0,0.0,0.0,4.0,1.1333333333333333,0.0,1.6417180315870614,2.6952380952380954,4.0,0.0,0.0,0.0,0.0,0.0,0.0,0.0,0.0,2.0,0.4,0.0,0.7367883976130074,0.542857142857143,2.0,3.0,0.0,8.0,0.0,14.0,0.0,1.0,0.0,0.0,9.0,6.0,0.0,4.0,0.0,0.0,0.0,0.0,0.0
116,590,C# Sprint 22,-5,18,5,5,3,3,2,2,5,5,1,1,0,0,1,2,11.0,0.0,5.0,0.6363636363636364,0.0,1.5015143870590966,2.2545454545454544,5.0,0.0,1.0,0.36363636363636365,0.0,0.504524979109513,0.2545454545454545,1.0,0.0,3.0,0.9090909090909091,1.0,0.8312094145936334,0.6909090909090908,3.0,0.0,2.0,0.8181818181818182,1.0,0.8738628975053029,0.7636363636363636,2.0,0.0,0.0,0.0,0.0,0.0,0.0,0.0,0.0,0.0,0.0,0.0,0.0,0.0,0.0,0.0,2.0,0.7272727272727273,0.0,0.9045340337332909,0.8181818181818181,2.0,0.0,0.0,0.0,0.0,0.0,0.0,0.0,0.0,1.0,0.18181818181818182,0.0,0.4045199174779452,0.16363636363636358,1.0,1.0,1.0,4.0,0.0,11.0,0.0,0.0,0.0,0.0,4.0,7.0,0.0,5.0,0.0,0.0,0.0,0.0,0.0
116,591,C# Sprint 23,-4,18,3,3,8,8,0,0,9,9,1,1,1,1,1,2,15.0,0.0,9.0,1.0666666666666667,0.0,2.433887738538801,5.92380952380952,9.0,0.0,1.0,0.4666666666666667,0.0,0.5163977794943222,0.26666666666666666,1.0,0.0,3.0,1.0,1.0,0.6546536707079771,0.42857142857142855,3.0,0.0,2.0,0.5333333333333333,0.0,0.833809387832792,0.6952380952380954,2.0,0.0,0.0,0.0,0.0,0.0,0.0,0.0,0.0,0.0,0.0,0.0,0.0,0.0,0.0,0.0,4.0,1.4,1.0,1.2983506020002016,1.6857142857142857,4.0,0.0,0.0,0.0,0.0,0.0,0.0,0.0,0.0,3.0,0.3333333333333333,0.0,0.816496580927726,0.6666666666666666,3.0,3.0,1.0,5.0,0.0,14.0,1.0,0.0,0.0,0.0,7.0,8.0,0.0,6.0,0.0,0.0,0.0,0.0,0.0
118,130,Sprint 1 April 14 - May 2,8,18,13,13,2,2,3,3,3,3,2,2,7,7,1,3,24.0,0.0,9.0,2.3333333333333335,1.0,3.01686083128843,9.101449275362317,9.0,0.0,2.0,0.9166666666666666,1.0,0.408248290463863,0.16666666666666666,2.0,1.0,1.0,1.0,1.0,0.0,0.0,0.0,0.0,7.0,1.0416666666666667,0.5,1.6010639578422372,2.5634057971014492,7.0,0.0,0.0,0.0,0.0,0.0,0.0,0.0,0.0,0.0,0.0,0.0,0.0,0.0,0.0,0.0,5.0,0.9166666666666666,0.0,1.5857152183236396,2.514492753623188,5.0,0.0,1.0,0.041666666666666664,0.0,0.20412414523193154,0.04166666666666668,1.0,0.0,2.0,0.2916666666666667,0.0,0.6240935455708451,0.3894927536231884,2.0,14.0,1.0,7.0,0.0,17.0,6.0,1.0,0.0,0.0,16.0,8.0,0.0,2.0,0.0,0.0,0.0,0.0,0.0
118,131,Sprint 2,-8,18,12,12,1,1,0,0,8,8,2,2,3,3,1,2,13.0,0.0,10.0,2.1538461538461537,1.0,2.7942248133771037,7.807692307692309,10.0,0.0,1.0,0.7692307692307693,1.0,0.4385290096535146,0.1923076923076923,1.0,0.0,1.0,0.9230769230769231,1.0,0.2773500981126146,0.07692307692307694,1.0,0.0,7.0,0.7692307692307693,0.0,1.921537845661045,3.6923076923076903,7.0,0.0,0.0,0.0,0.0,0.0,0.0,0.0,0.0,0.0,0.0,0.0,0.0,0.0,0.0,0.0,5.0,1.2307692307692308,1.0,1.4806443503784736,2.192307692307692,5.0,0.0,1.0,0.15384615384615385,0.0,0.37553380809940534,0.141025641025641,1.0,0.0,2.0,0.3076923076923077,0.0,0.6304251719561151,0.3974358974358973,2.0,3.0,1.0,3.0,0.0,9.0,4.0,0.0,0.0,0.0,8.0,5.0,0.0,6.0,0.0,0.0,0.0,0.0,0.0
118,182,Sprint 3 - May 25 - High Level,-2,17,13,13,0,0,5,5,7,7,1,1,0,0,1,2,20.0,0.0,10.0,1.15,0.0,2.5188761069384227,6.344736842105264,10.0,0.0,2.0,0.65,1.0,0.5871429486123998,0.3447368421052631,2.0,0.0,1.0,0.9,1.0,0.30779350562554625,0.09473684210526317,1.0,0.0,7.0,0.8,0.0,1.6415653633362466,2.694736842105263,7.0,0.0,0.0,0.0,0.0,0.0,0.0,0.0,0.0,0.0,0.0,0.0,0.0,0.0,0.0,0.0,5.0,0.8,0.0,1.3218806379747876,1.7473684210526317,5.0,0.0,1.0,0.1,0.0,0.30779350562554625,0.09473684210526317,1.0,0.0,2.0,0.35,0.0,0.6708203932499369,0.45,2.0,7.0,3.0,4.0,0.0,17.0,2.0,1.0,0.0,0.0,9.0,11.0,0.0,5.0,1.0,0.0,0.0,0.0,0.0
118,204,Sprint 4,-2,18,8,8,0,0,0,0,5,5,0,0,3,3,1,2,12.0,0.0,4.0,0.8333333333333334,0.0,1.5859229221975182,2.515151515151515,4.0,0.0,1.0,0.25,0.0,0.45226701686664544,0.20454545454545456,1.0,0.0,1.0,0.8333333333333334,1.0,0.38924947208076155,0.15151515151515155,1.0,0.0,3.0,0.6666666666666666,0.0,1.1547005383792517,1.3333333333333337,3.0,0.0,0.0,0.0,0.0,0.0,0.0,0.0,0.0,0.0,0.0,0.0,0.0,0.0,0.0,0.0,2.0,0.5833333333333334,0.0,0.7929614610987591,0.6287878787878788,2.0,0.0,0.0,0.0,0.0,0.0,0.0,0.0,0.0,2.0,0.5833333333333334,0.0,0.90033663737852,0.8106060606060606,2.0,5.0,3.0,2.0,0.0,9.0,2.0,1.0,0.0,0.0,2.0,10.0,0.0,2.0,0.0,0.0,0.0,0.0,0.0
118,228,Sprint 5,-6,14,7,7,0,0,0,0,6,6,0,0,1,1,1,2,7.0,0.0,2.0,0.42857142857142855,0.0,0.7867957924694431,0.619047619047619,2.0,0.0,1.0,0.14285714285714285,0.0,0.3779644730092273,0.1428571428571429,1.0,1.0,1.0,1.0,1.0,0.0,0.0,0.0,0.0,3.0,0.8571428571428571,0.0,1.2149857925879117,1.476190476190476,3.0,0.0,0.0,0.0,0.0,0.0,0.0,0.0,0.0,0.0,0.0,0.0,0.0,0.0,0.0,0.0,1.0,0.14285714285714285,0.0,0.37796447300922725,0.14285714285714288,1.0,0.0,0.0,0.0,0.0,0.0,0.0,0.0,0.0,2.0,1.2857142857142858,1.0,0.7559289460184545,0.5714285714285715,2.0,4.0,2.0,0.0,0.0,6.0,0.0,1.0,0.0,0.0,2.0,5.0,0.0,1.0,0.0,0.0,0.0,0.0,0.0
118,243,C# Sprint 6,5,18,0,0,6,6,5,5,1,1,0,0,0,0,1,2,15.0,0.0,5.0,0.9333333333333333,0.0,1.4375905768565218,2.0666666666666673,5.0,0.0,1.0,0.3333333333333333,0.0,0.48795003647426666,0.23809523809523814,1.0,0.0,1.0,0.9333333333333333,1.0,0.25819888974716115,0.06666666666666668,1.0,0.0,3.0,0.8,1.0,0.9411239481143203,0.8857142857142859,3.0,0.0,0.0,0.0,0.0,0.0,0.0,0.0,0.0,0.0,0.0,0.0,0.0,0.0,0.0,0.0,2.0,0.6666666666666666,1.0,0.7237468644557459,0.5238095238095238,2.0,0.0,1.0,0.06666666666666667,0.0,0.25819888974716115,0.06666666666666668,1.0,0.0,2.0,0.8,1.0,0.7745966692414834,0.6,2.0,7.0,2.0,0.0,0.0,9.0,5.0,1.0,0.0,0.0,6.0,9.0,0.0,6.0,0.0,0.0,0.0,0.0,0.0
118,261,C# Sprint 7,-3,14,10,10,1,1,0,0,3,3,4,4,4,4,1,2,16.0,0.0,53.0,4.125,0.0,13.104070614380353,171.71666666666667,53.0,0.0,1.0,0.25,0.0,0.4472135954999579,0.2,1.0,1.0,1.0,1.0,1.0,0.0,0.0,0.0,0.0,3.0,0.875,1.0,1.02469507659596,1.05,3.0,0.0,0.0,0.0,0.0,0.0,0.0,0.0,0.0,0.0,0.0,0.0,0.0,0.0,0.0,0.0,3.0,0.625,0.0,0.9574271077563381,0.9166666666666666,3.0,0.0,2.0,0.125,0.0,0.5,0.25,2.0,0.0,4.0,0.625,0.0,1.1474609652039003,1.3166666666666667,4.0,10.0,2.0,0.0,0.0,11.0,3.0,2.0,0.0,0.0,9.0,7.0,0.0,4.0,0.0,0.0,0.0,0.0,0.0
118,262,C# Sprint 8,-12,18,18,18,0,0,0,0,16,16,0,0,2,2,1,3,19.0,0.0,6.0,1.4210526315789473,1.0,1.804801911989365,3.257309941520468,6.0,0.0,2.0,0.5263157894736842,0.0,0.611775290321498,0.37426900584795325,2.0,0.0,2.0,0.8947368421052632,1.0,0.4588314677411235,0.21052631578947364,2.0,0.0,9.0,1.263157894736842,1.0,2.050531239111733,4.204678362573098,9.0,0.0,0.0,0.0,0.0,0.0,0.0,0.0,0.0,0.0,0.0,0.0,0.0,0.0,0.0,0.0,4.0,0.7368421052631579,0.0,1.2841817655680772,1.6491228070175437,4.0,0.0,1.0,0.10526315789473684,0.0,0.3153017676423058,0.09941520467836257,1.0,0.0,3.0,0.47368421052631576,0.0,0.9048278567177281,0.8187134502923976,3.0,7.0,4.0,3.0,0.0,15.0,3.0,1.0,0.0,0.0,8.0,11.0,0.0,5.0,0.0,0.0,0.0,0.0,0.0
118,263,C# Sprint 9,-6,18,15,15,0,0,0,0,11,11,1,1,3,3,1,2,21.0,0.0,10.0,1.1904761904761905,0.0,2.358369089414285,5.561904761904764,10.0,0.0,1.0,0.23809523809523808,0.0,0.4364357804719847,0.19047619047619044,1.0,0.0,2.0,0.9523809523809523,1.0,0.49761335152811936,0.24761904761904768,2.0,0.0,9.0,1.2857142857142858,1.0,2.1712405933672376,4.7142857142857135,9.0,0.0,0.0,0.0,0.0,0.0,0.0,0.0,0.0,0.0,0.0,0.0,0.0,0.0,0.0,0.0,4.0,0.7619047619047619,0.0,1.2611408289624877,1.5904761904761904,4.0,0.0,0.0,0.0,0.0,0.0,0.0,0.0,0.0,3.0,0.38095238095238093,0.0,0.8047478161629565,0.6476190476190476,3.0,9.0,10.0,0.0,0.0,18.0,3.0,0.0,0.0,0.0,6.0,15.0,0.0,2.0,0.0,0.0,0.0,0.0,0.0
118,289,C# Sprint 10,11,18,0,0,0,0,0,0,0,0,0,0,0,0,1,2,21.0,0.0,10.0,1.1904761904761905,0.0,2.5810665938531616,6.66190476190476,10.0,0.0,1.0,0.42857142857142855,0.0,0.50709255283711,0.2571428571428572,1.0,0.0,2.0,1.2380952380952381,1.0,0.6248809410409238,0.3904761904761905,2.0,0.0,9.0,1.0952380952380953,0.0,2.233937373893053,4.99047619047619,9.0,0.0,0.0,0.0,0.0,0.0,0.0,0.0,0.0,0.0,0.0,0.0,0.0,0.0,0.0,0.0,4.0,0.8571428571428571,0.0,1.3522468075656264,1.8285714285714285,4.0,0.0,0.0,0.0,0.0,0.0,0.0,0.0,0.0,3.0,0.3333333333333333,0.0,0.7958224257542215,0.6333333333333334,3.0,11.0,6.0,2.0,0.0,15.0,6.0,0.0,0.0,0.0,9.0,12.0,0.0,2.0,0.0,0.0,0.0,0.0,0.0
118,304,C Sprint 9,0,18,0,0,0,0,0,0,0,0,0,0,0,0,1,1,2.0,0.0,0.0,0.0,0.0,0.0,0.0,0.0,0.0,1.0,0.5,0.5,0.7071067811865476,0.5,1.0,1.0,2.0,1.5,1.5,0.7071067811865476,0.5,1.0,0.0,0.0,0.0,0.0,0.0,0.0,0.0,0.0,0.0,0.0,0.0,0.0,0.0,0.0,0.0,0.0,0.0,0.0,0.0,0.0,0.0,0.0,0.0,0.0,0.0,0.0,0.0,0.0,0.0,0.0,0.0,0.0,0.0,0.0,0.0,0.0,0.0,0.0,0.0,0.0,0.0,0.0,0.0,1.0,1.0,0.0,2.0,0.0,0.0,0.0,0.0,1.0,1.0,0.0,0.0,0.0,0.0,0.0,0.0,0.0
118,339,C# Sprint 11,6,18,7,7,7,7,0,0,4,4,1,1,9,9,1,3,20.0,0.0,16.0,2.35,1.0,4.2460507967311285,18.028947368421054,16.0,0.0,1.0,0.15,0.0,0.36634754853252327,0.13421052631578947,1.0,1.0,2.0,1.15,1.0,0.36634754853252327,0.13421052631578947,1.0,0.0,4.0,0.65,0.0,1.0894228312566052,1.1868421052631577,4.0,0.0,0.0,0.0,0.0,0.0,0.0,0.0,0.0,0.0,0.0,0.0,0.0,0.0,0.0,0.0,3.0,0.5,0.0,0.9459053029269173,0.8947368421052632,3.0,0.0,0.0,0.0,0.0,0.0,0.0,0.0,0.0,2.0,0.45,0.0,0.8255779474818966,0.6815789473684212,2.0,7.0,10.0,1.0,0.0,14.0,6.0,0.0,0.0,0.0,13.0,7.0,0.0,2.0,0.0,0.0,0.0,0.0,0.0
118,353,C# Sprint 12,6,32,10,10,2,2,1,1,11,11,0,0,0,0,1,2,20.0,0.0,5.0,1.25,0.5,1.6819474927657678,2.8289473684210527,5.0,0.0,1.0,0.15,0.0,0.36634754853252327,0.13421052631578947,1.0,1.0,2.0,1.05,1.0,0.223606797749979,0.05000000000000001,1.0,0.0,3.0,0.45,0.0,0.8255779474818965,0.6815789473684211,3.0,0.0,0.0,0.0,0.0,0.0,0.0,0.0,0.0,0.0,0.0,0.0,0.0,0.0,0.0,0.0,3.0,0.45,0.0,0.8870412083230169,0.7868421052631579,3.0,0.0,0.0,0.0,0.0,0.0,0.0,0.0,0.0,2.0,0.4,0.0,0.7539370349250519,0.568421052631579,2.0,8.0,8.0,2.0,0.0,19.0,1.0,0.0,0.0,0.0,8.0,12.0,0.0,2.0,0.0,0.0,0.0,0.0,0.0
118,377,C# Sprint 14,8,18,7,7,0,0,0,0,7,7,0,0,0,0,1,2,15.0,0.0,5.0,0.9333333333333333,1.0,1.3870146083619754,1.9238095238095243,5.0,0.0,1.0,0.2,0.0,0.41403933560541256,0.17142857142857146,1.0,1.0,1.0,1.0,1.0,0.0,0.0,0.0,0.0,6.0,0.6666666666666666,0.0,1.5886502207249789,2.523809523809524,6.0,0.0,0.0,0.0,0.0,0.0,0.0,0.0,0.0,0.0,0.0,0.0,0.0,0.0,0.0,0.0,1.0,0.2,0.0,0.4140393356054126,0.17142857142857149,1.0,0.0,0.0,0.0,0.0,0.0,0.0,0.0,0.0,2.0,0.13333333333333333,0.0,0.5163977794943222,0.26666666666666666,2.0,2.0,3.0,4.0,0.0,13.0,2.0,0.0,0.0,0.0,4.0,11.0,0.0,6.0,0.0,0.0,0.0,0.0,0.0
118,391,C# Sprint 15,-4,17,4,4,0,0,0,0,2,2,2,2,0,0,1,1,4.0,0.0,2.0,0.5,0.0,1.0,1.0,2.0,0.0,0.0,0.0,0.0,0.0,0.0,0.0,1.0,1.0,1.0,1.0,0.0,0.0,0.0,0.0,2.0,0.5,0.0,1.0,1.0,2.0,0.0,0.0,0.0,0.0,0.0,0.0,0.0,0.0,0.0,0.0,0.0,0.0,0.0,0.0,0.0,0.0,0.0,0.0,0.0,0.0,0.0,0.0,0.0,0.0,0.0,0.0,0.0,0.0,0.0,0.0,0.0,0.0,0.0,0.0,0.0,2.0,2.0,0.0,0.0,2.0,0.0,2.0,0.0,0.0,2.0,2.0,0.0,0.0,0.0,0.0,0.0,0.0,0.0
118,441,C# Sprint 16,0,7,4,4,0,0,0,0,2,2,0,0,2,2,1,1,23.0,0.0,19.0,0.9565217391304348,0.0,3.959778011105319,15.679841897233196,19.0,0.0,0.0,0.0,0.0,0.0,0.0,0.0,1.0,1.0,1.0,1.0,0.0,0.0,0.0,0.0,2.0,0.13043478260869565,0.0,0.45769658728016016,0.20948616600790526,2.0,0.0,0.0,0.0,0.0,0.0,0.0,0.0,0.0,0.0,0.0,0.0,0.0,0.0,0.0,0.0,0.0,0.0,0.0,0.0,0.0,0.0,0.0,0.0,0.0,0.0,0.0,0.0,0.0,0.0,0.0,0.0,0.0,0.0,0.0,0.0,2.0,3.0,0.0,16.0,21.0,0.0,2.0,0.0,0.0,4.0,19.0,0.0,2.0,0.0,0.0,0.0,0.0,0.0
118,451,C# Sprint 17,2,20,1,1,1,1,0,0,0,0,2,2,0,0,1,2,23.0,0.0,2.0,0.13043478260869565,0.0,0.45769658728016016,0.2094861660079053,2.0,0.0,1.0,0.043478260869565216,0.0,0.2085144140570748,0.04347826086956523,1.0,1.0,2.0,1.0434782608695652,1.0,0.2085144140570748,0.04347826086956523,1.0,0.0,2.0,0.17391304347826086,0.0,0.5762081310400609,0.3320158102766799,2.0,0.0,0.0,0.0,0.0,0.0,0.0,0.0,0.0,0.0,0.0,0.0,0.0,0.0,0.0,0.0,2.0,0.08695652173913043,0.0,0.4170288281141496,0.17391304347826092,2.0,0.0,0.0,0.0,0.0,0.0,0.0,0.0,0.0,3.0,0.391304347826087,0.0,0.7827184815397383,0.6126482213438738,3.0,1.0,3.0,1.0,16.0,20.0,1.0,2.0,0.0,0.0,2.0,21.0,0.0,2.0,0.0,0.0,0.0,0.0,0.0
118,488,C# Sprint 18,-6,18,7,7,0,0,0,0,6,6,1,1,0,0,1,2,7.0,0.0,9.0,1.4285714285714286,0.0,3.3594217189442417,11.285714285714285,9.0,0.0,1.0,0.14285714285714285,0.0,0.37796447300922725,0.14285714285714288,1.0,1.0,2.0,1.1428571428571428,1.0,0.37796447300922725,0.14285714285714288,1.0,0.0,7.0,1.2857142857142858,0.0,2.627691364061218,6.904761904761905,7.0,0.0,0.0,0.0,0.0,0.0,0.0,0.0,0.0,0.0,0.0,0.0,0.0,0.0,0.0,2.0,7.0,2.7142857142857144,2.0,1.889822365046136,3.571428571428571,5.0,0.0,0.0,0.0,0.0,0.0,0.0,0.0,0.0,0.0,0.0,0.0,0.0,0.0,0.0,0.0,5.0,0.0,0.0,6.0,0.0,1.0,0.0,0.0,0.0,7.0,0.0,2.0,0.0,0.0,0.0,0.0,0.0
118,506,C# Sprint 19,4,21,16,16,5,5,4,4,2,2,2,2,13,13,1,1,25.0,0.0,14.0,2.92,2.0,3.6846528556523026,13.576666666666668,14.0,0.0,2.0,0.88,1.0,0.439696865275764,0.19333333333333336,2.0,0.0,2.0,1.28,1.0,0.6782329983125268,0.46,2.0,0.0,2.0,0.48,0.0,0.6531972647421809,0.4266666666666667,2.0,0.0,0.0,0.0,0.0,0.0,0.0,0.0,0.0,0.0,0.0,0.0,0.0,0.0,0.0,0.0,5.0,2.28,3.0,1.6462077633154328,2.7100000000000004,5.0,0.0,1.0,0.24,0.0,0.43588989435406733,0.18999999999999997,1.0,0.0,3.0,0.32,0.0,0.9,0.81,3.0,7.0,2.0,11.0,0.0,14.0,8.0,2.0,0.0,1.0,14.0,11.0,0.0,4.0,0.0,1.0,0.0,0.0,0.0
118,549,C# Sprint 20,-4,21,8,8,3,3,0,0,4,4,3,3,4,4,1,2,11.0,0.0,10.0,2.5454545454545454,2.0,2.978712351457803,8.872727272727275,10.0,0.0,2.0,0.6363636363636364,1.0,0.674199862463242,0.4545454545454545,2.0,1.0,2.0,1.3636363636363635,1.0,0.504524979109513,0.2545454545454546,1.0,0.0,2.0,0.6363636363636364,0.0,0.8090398349558905,0.6545454545454545,2.0,0.0,0.0,0.0,0.0,0.0,0.0,0.0,0.0,0.0,0.0,0.0,0.0,0.0,0.0,0.0,5.0,2.0,2.0,1.7320508075688772,3.0,5.0,0.0,0.0,0.0,0.0,0.0,0.0,0.0,0.0,2.0,0.18181818181818182,0.0,0.6030226891555273,0.3636363636363636,2.0,3.0,2.0,5.0,0.0,9.0,2.0,0.0,0.0,0.0,8.0,3.0,0.0,1.0,0.0,0.0,0.0,0.0,0.0
118,589,C# Sprint 21,2,17,8,8,3,3,3,3,8,8,0,0,0,0,1,2,15.0,0.0,5.0,1.0666666666666667,0.0,1.533747356112131,2.3523809523809525,5.0,0.0,2.0,0.7333333333333333,1.0,0.5936168397046637,0.3523809523809524,2.0,0.0,2.0,1.0666666666666667,1.0,0.7037315505489968,0.49523809523809526,2.0,0.0,2.0,0.6,0.0,0.7367883976130073,0.5428571428571429,2.0,0.0,0.0,0.0,0.0,0.0,0.0,0.0,0.0,0.0,0.0,0.0,0.0,0.0,0.0,0.0,4.0,1.1333333333333333,0.0,1.6417180315870614,2.6952380952380954,4.0,0.0,0.0,0.0,0.0,0.0,0.0,0.0,0.0,2.0,0.4,0.0,0.7367883976130074,0.542857142857143,2.0,3.0,0.0,8.0,0.0,14.0,0.0,1.0,0.0,0.0,9.0,6.0,0.0,4.0,0.0,0.0,0.0,0.0,0.0
118,590,C# Sprint 22,-5,18,5,5,3,3,2,2,5,5,1,1,0,0,1,2,11.0,0.0,5.0,0.6363636363636364,0.0,1.5015143870590966,2.2545454545454544,5.0,0.0,1.0,0.36363636363636365,0.0,0.504524979109513,0.2545454545454545,1.0,0.0,3.0,0.9090909090909091,1.0,0.8312094145936334,0.6909090909090908,3.0,0.0,2.0,0.8181818181818182,1.0,0.8738628975053029,0.7636363636363636,2.0,0.0,0.0,0.0,0.0,0.0,0.0,0.0,0.0,0.0,0.0,0.0,0.0,0.0,0.0,0.0,2.0,0.7272727272727273,0.0,0.9045340337332909,0.8181818181818181,2.0,0.0,0.0,0.0,0.0,0.0,0.0,0.0,0.0,1.0,0.18181818181818182,0.0,0.4045199174779452,0.16363636363636358,1.0,1.0,1.0,4.0,0.0,11.0,0.0,0.0,0.0,0.0,4.0,7.0,0.0,5.0,0.0,0.0,0.0,0.0,0.0
118,591,C# Sprint 23,-4,18,3,3,8,8,0,0,9,9,1,1,1,1,1,2,15.0,0.0,9.0,1.0666666666666667,0.0,2.433887738538801,5.92380952380952,9.0,0.0,1.0,0.4666666666666667,0.0,0.5163977794943222,0.26666666666666666,1.0,0.0,3.0,1.0,1.0,0.6546536707079771,0.42857142857142855,3.0,0.0,2.0,0.5333333333333333,0.0,0.833809387832792,0.6952380952380954,2.0,0.0,0.0,0.0,0.0,0.0,0.0,0.0,0.0,0.0,0.0,0.0,0.0,0.0,0.0,0.0,4.0,1.4,1.0,1.2983506020002016,1.6857142857142857,4.0,0.0,0.0,0.0,0.0,0.0,0.0,0.0,0.0,3.0,0.3333333333333333,0.0,0.816496580927726,0.6666666666666666,3.0,3.0,1.0,5.0,0.0,14.0,1.0,0.0,0.0,0.0,7.0,8.0,0.0,6.0,0.0,0.0,0.0,0.0,0.0
119,77,Sprint 1,-2,18,6,6,1,1,1,1,5,5,1,1,0,0,1,3,14.0,0.0,24.0,3.7142857142857144,1.0,6.85485309755147,46.98901098901099,24.0,0.0,1.0,0.21428571428571427,0.0,0.4258153136263202,0.18131868131868142,1.0,0.0,2.0,1.2142857142857142,1.0,0.5789342235218394,0.3351648351648352,2.0,0.0,3.0,0.6428571428571429,0.0,1.15072838853303,1.324175824175824,3.0,0.0,0.0,0.0,0.0,0.0,0.0,0.0,0.0,0.0,0.0,0.0,0.0,0.0,0.0,0.0,6.0,0.7142857142857143,0.0,1.6837947722821907,2.8351648351648344,6.0,0.0,0.0,0.0,0.0,0.0,0.0,0.0,0.0,2.0,0.5,0.0,0.7595545253127499,0.5769230769230769,2.0,2.0,0.0,1.0,6.0,14.0,0.0,0.0,0.0,0.0,4.0,10.0,0.0,4.0,1.0,0.0,0.0,0.0,0.0
119,81,Sprint 2,-3,14,6,6,3,3,0,0,5,5,2,2,2,2,1,2,9.0,0.0,13.0,2.2222222222222223,0.0,4.2654946306899095,18.194444444444446,13.0,0.0,0.0,0.0,0.0,0.0,0.0,0.0,0.0,2.0,1.0,1.0,0.5,0.25,2.0,0.0,1.0,0.3333333333333333,0.0,0.5,0.25,1.0,0.0,0.0,0.0,0.0,0.0,0.0,0.0,0.0,0.0,0.0,0.0,0.0,0.0,0.0,0.0,3.0,0.4444444444444444,0.0,1.0137937550497031,1.0277777777777777,3.0,0.0,0.0,0.0,0.0,0.0,0.0,0.0,0.0,3.0,0.6666666666666666,0.0,1.118033988749895,1.25,3.0,2.0,1.0,2.0,0.0,9.0,0.0,0.0,0.0,0.0,2.0,7.0,0.0,4.0,0.0,0.0,0.0,0.0,0.0
119,82,Sprint 3,5,9,6,6,11,11,4,4,13,13,0,0,0,0,1,4,26.0,0.0,24.0,2.8846153846153846,1.0,5.39130353867725,29.066153846153842,24.0,0.0,1.0,0.23076923076923078,0.0,0.4296689244236597,0.1846153846153846,1.0,0.0,2.0,1.1538461538461537,1.0,0.6748219138295787,0.45538461538461533,2.0,0.0,4.0,1.1153846153846154,1.0,1.2434443478313961,1.5461538461538458,4.0,0.0,0.0,0.0,0.0,0.0,0.0,0.0,0.0,0.0,0.0,0.0,0.0,0.0,0.0,0.0,6.0,1.3461538461538463,0.0,1.787563877287918,3.1953846153846155,6.0,0.0,1.0,0.07692307692307693,0.0,0.271746488194703,0.07384615384615385,1.0,0.0,5.0,0.7692307692307693,0.0,1.2746040109051064,1.6246153846153846,5.0,8.0,2.0,5.0,4.0,22.0,4.0,0.0,0.0,0.0,13.0,13.0,0.0,6.0,1.0,0.0,0.0,0.0,0.0
119,107,Sprint 4,2,31,6,6,2,2,0,0,3,3,2,2,3,3,1,1,11.0,0.0,7.0,1.4545454545454546,1.0,2.0180999164380515,4.072727272727271,7.0,0.0,1.0,0.2727272727272727,0.0,0.46709936649691375,0.21818181818181817,1.0,0.0,2.0,1.0909090909090908,1.0,0.7006490497453707,0.49090909090909085,2.0,0.0,3.0,1.0909090909090908,1.0,0.8312094145936336,0.690909090909091,3.0,0.0,0.0,0.0,0.0,0.0,0.0,0.0,0.0,0.0,0.0,0.0,0.0,0.0,0.0,0.0,4.0,1.0,0.0,1.3416407864998738,1.8,4.0,0.0,0.0,0.0,0.0,0.0,0.0,0.0,0.0,4.0,0.7272727272727273,0.0,1.2720777563426766,1.618181818181818,4.0,5.0,1.0,2.0,0.0,11.0,0.0,0.0,0.0,0.0,6.0,5.0,0.0,3.0,0.0,0.0,0.0,0.0,0.0
119,123,Sprint 1 - April 14 - May 2,9,18,9,9,2,2,2,2,4,4,4,4,1,1,1,3,21.0,0.0,4.0,0.47619047619047616,0.0,0.9807674351775564,0.9619047619047623,4.0,0.0,1.0,0.3333333333333333,0.0,0.48304589153964794,0.2333333333333333,1.0,0.0,2.0,1.1904761904761905,1.0,0.6015852075182383,0.36190476190476184,2.0,0.0,1.0,0.14285714285714285,0.0,0.35856858280031806,0.12857142857142856,1.0,0.0,0.0,0.0,0.0,0.0,0.0,0.0,0.0,0.0,0.0,0.0,0.0,0.0,0.0,0.0,4.0,0.7142857142857143,0.0,1.1464230084422218,1.3142857142857143,4.0,0.0,0.0,0.0,0.0,0.0,0.0,0.0,0.0,2.0,0.47619047619047616,0.0,0.8135752957807666,0.6619047619047618,2.0,5.0,1.0,8.0,0.0,20.0,0.0,1.0,0.0,0.0,10.0,11.0,0.0,7.0,0.0,0.0,0.0,0.0,0.0
119,155,Sprint 1 - April 14 - May 2,0,3,0,0,1,1,1,1,0,0,0,0,0,0,1,1,1.0,0.0,0.0,0.0,0.0,0.0,0.0,0.0,0.0,0.0,0.0,0.0,0.0,0.0,0.0,1.0,1.0,1.0,1.0,0.0,0.0,0.0,0.0,0.0,0.0,0.0,0.0,0.0,0.0,0.0,0.0,0.0,0.0,0.0,0.0,0.0,0.0,0.0,0.0,0.0,0.0,0.0,0.0,0.0,0.0,0.0,0.0,0.0,0.0,0.0,0.0,0.0,0.0,0.0,0.0,0.0,0.0,0.0,0.0,0.0,0.0,0.0,0.0,0.0,0.0,1.0,0.0,0.0,1.0,0.0,0.0,0.0,0.0,0.0,1.0,0.0,0.0,0.0,0.0,0.0,0.0,0.0
119,161,Sprint 2 - May 5 - May 23,-2,21,10,10,2,2,0,0,7,7,4,4,1,1,1,4,18.0,0.0,7.0,1.2777777777777777,0.5,1.8725746841481166,3.5065359477124183,7.0,0.0,2.0,0.5555555555555556,0.0,0.7047921864945659,0.49673202614379086,2.0,0.0,2.0,1.1666666666666667,1.0,0.6183469424008423,0.38235294117647056,2.0,0.0,2.0,0.3333333333333333,0.0,0.5940885257860046,0.35294117647058826,2.0,0.0,0.0,0.0,0.0,0.0,0.0,0.0,0.0,0.0,0.0,0.0,0.0,0.0,0.0,0.0,5.0,1.0,0.0,1.6449566416599486,2.7058823529411766,5.0,0.0,1.0,0.05555555555555555,0.0,0.23570226039551584,0.05555555555555556,1.0,0.0,2.0,0.16666666666666666,0.0,0.5144957554275265,0.2647058823529411,2.0,6.0,2.0,9.0,0.0,10.0,7.0,1.0,0.0,0.0,11.0,7.0,0.0,1.0,0.0,0.0,0.0,0.0,0.0
119,185,Sprint 3 - May 27 - June 13,37,718,0,0,0,0,0,0,0,0,0,0,0,0,1,1,44.0,0.0,3.0,0.11363636363636363,0.0,0.5376914084676802,0.2891120507399577,3.0,0.0,2.0,0.09090909090909091,0.0,0.36204726777242763,0.13107822410147993,2.0,0.0,2.0,0.9545454545454546,1.0,0.30151134457776363,0.09090909090909091,2.0,0.0,2.0,0.3181818181818182,0.0,0.5181688363048743,0.2684989429175476,2.0,0.0,0.0,0.0,0.0,0.0,0.0,0.0,0.0,0.0,0.0,0.0,0.0,0.0,0.0,0.0,1.0,0.022727272727272728,0.0,0.15075567228888181,0.022727272727272728,1.0,0.0,0.0,0.0,0.0,0.0,0.0,0.0,0.0,0.0,0.0,0.0,0.0,0.0,0.0,34.0,2.0,4.0,0.0,42.0,2.0,0.0,0.0,0.0,19.0,25.0,0.0,4.0,0.0,0.0,0.0,0.0,0.0
119,202,Sprint 4 - June 16 - July 3,-3,17,15,15,7,7,0,0,7,7,8,8,7,7,1,2,26.0,0.0,12.0,2.1153846153846154,1.0,3.0505989323662077,9.306153846153846,12.0,0.0,1.0,0.2692307692307692,0.0,0.45234432086120485,0.20461538461538467,1.0,0.0,2.0,1.2692307692307692,1.0,0.533493565673837,0.2846153846153846,2.0,0.0,1.0,0.2692307692307692,0.0,0.45234432086120485,0.20461538461538467,1.0,0.0,0.0,0.0,0.0,0.0,0.0,0.0,0.0,0.0,0.0,0.0,0.0,0.0,0.0,0.0,5.0,0.8076923076923077,0.0,1.296741478297992,1.6815384615384619,5.0,0.0,1.0,0.07692307692307693,0.0,0.271746488194703,0.07384615384615385,1.0,0.0,3.0,0.5769230769230769,0.0,0.8086075400626399,0.6538461538461539,3.0,11.0,2.0,11.0,0.0,24.0,2.0,0.0,0.0,0.0,12.0,14.0,0.0,2.0,0.0,0.0,0.0,0.0,0.0
119,204,Sprint 4,0,18,0,0,6,6,6,6,0,0,0,0,0,0,1,1,6.0,0.0,6.0,2.0,2.0,2.1908902300206643,4.8,6.0,0.0,1.0,0.16666666666666666,0.0,0.408248290463863,0.16666666666666669,1.0,1.0,2.0,1.5,1.5,0.5477225575051661,0.3,1.0,0.0,1.0,0.16666666666666666,0.0,0.408248290463863,0.16666666666666669,1.0,0.0,0.0,0.0,0.0,0.0,0.0,0.0,0.0,0.0,0.0,0.0,0.0,0.0,0.0,0.0,0.0,0.0,0.0,0.0,0.0,0.0,0.0,0.0,0.0,0.0,0.0,0.0,0.0,0.0,1.0,0.3333333333333333,0.0,0.5163977794943223,0.2666666666666667,1.0,0.0,0.0,6.0,0.0,6.0,0.0,0.0,0.0,0.0,2.0,4.0,0.0,0.0,0.0,0.0,0.0,0.0,0.0
119,239,Sprint  5 - July 7 - July 25,2,18,0,0,0,0,0,0,0,0,0,0,0,0,1,3,11.0,0.0,2.0,0.2727272727272727,0.0,0.6466697906828633,0.41818181818181827,2.0,0.0,1.0,0.09090909090909091,0.0,0.3015113445777636,0.09090909090909088,1.0,1.0,2.0,1.1818181818181819,1.0,0.40451991747794525,0.16363636363636364,1.0,0.0,2.0,0.45454545454545453,0.0,0.6875516509523286,0.47272727272727266,2.0,0.0,0.0,0.0,0.0,0.0,0.0,0.0,0.0,0.0,0.0,0.0,0.0,0.0,0.0,0.0,5.0,0.9090909090909091,0.0,1.513574937328539,2.290909090909091,5.0,0.0,0.0,0.0,0.0,0.0,0.0,0.0,0.0,3.0,0.5454545454545454,0.0,1.0357254813546264,1.0727272727272728,3.0,6.0,1.0,1.0,0.0,11.0,0.0,0.0,0.0,0.0,4.0,7.0,0.0,3.0,0.0,0.0,0.0,0.0,0.0
119,251,Java Sprint 6,34,18,0,0,14,14,9,9,1,1,3,3,1,1,1,4,51.0,0.0,4.0,0.3137254901960784,0.0,0.8364256351507019,0.699607843137255,4.0,0.0,2.0,0.17647058823529413,0.0,0.4338609156373123,0.18823529411764703,2.0,0.0,2.0,1.1372549019607843,1.0,0.4906977824746004,0.24078431372549022,2.0,0.0,3.0,0.17647058823529413,0.0,0.5901146448933859,0.34823529411764703,3.0,0.0,0.0,0.0,0.0,0.0,0.0,0.0,0.0,0.0,0.0,0.0,0.0,0.0,0.0,0.0,6.0,0.5098039215686274,0.0,1.206193168934526,1.454901960784314,6.0,0.0,0.0,0.0,0.0,0.0,0.0,0.0,0.0,3.0,0.13725490196078433,0.0,0.5298908507659764,0.2807843137254903,3.0,44.0,1.0,2.0,0.0,46.0,4.0,0.0,0.0,1.0,11.0,40.0,0.0,4.0,0.0,0.0,0.0,0.0,0.0
119,262,C# Sprint 8,0,18,0,0,0,0,0,0,0,0,0,0,0,0,1,1,0.0,0.0,0.0,0.0,0.0,0.0,0.0,0.0,0.0,0.0,0.0,0.0,0.0,0.0,0.0,0.0,0.0,0.0,0.0,0.0,0.0,0.0,0.0,0.0,0.0,0.0,0.0,0.0,0.0,0.0,0.0,0.0,0.0,0.0,0.0,0.0,0.0,0.0,0.0,0.0,0.0,0.0,0.0,0.0,0.0,0.0,0.0,0.0,0.0,0.0,0.0,0.0,0.0,0.0,0.0,0.0,0.0,0.0,0.0,0.0,0.0,0.0,0.0,0.0,0.0,0.0,0.0,0.0,0.0,0.0,0.0,0.0,0.0,0.0,0.0,0.0,0.0,0.0,0.0,0.0,0.0,0.0
119,264,Java Sprint 7,-5,18,15,15,5,5,1,1,6,6,3,3,10,10,1,4,23.0,0.0,19.0,2.3043478260869565,1.0,3.982173716688088,15.85770750988142,19.0,0.0,2.0,0.21739130434782608,0.0,0.5184348595120819,0.26877470355731214,2.0,0.0,2.0,1.173913043478261,1.0,0.716822148161496,0.5138339920948618,2.0,0.0,3.0,0.5217391304347826,0.0,0.9472239447886797,0.8972332015810277,3.0,0.0,0.0,0.0,0.0,0.0,0.0,0.0,0.0,0.0,0.0,0.0,0.0,0.0,0.0,0.0,17.0,1.4782608695652173,0.0,3.5274194175112736,12.442687747035574,17.0,0.0,2.0,0.21739130434782608,0.0,0.518434859512082,0.26877470355731226,2.0,0.0,5.0,0.6956521739130435,0.0,1.2945614423669665,1.6758893280632408,5.0,14.0,3.0,2.0,2.0,18.0,4.0,0.0,0.0,1.0,9.0,14.0,0.0,2.0,0.0,0.0,0.0,0.0,0.0
119,265,Java Sprint 8,17,18,9,9,3,3,2,2,7,7,2,2,1,1,1,4,39.0,0.0,21.0,2.5641025641025643,0.0,5.892880949411809,34.72604588394062,21.0,0.0,1.0,0.10256410256410256,0.0,0.3073547406047282,0.09446693657219978,1.0,0.0,3.0,1.205128205128205,1.0,0.6561244738890383,0.4304993252361673,3.0,0.0,3.0,0.46153846153846156,0.0,0.8222611266038826,0.6761133603238862,3.0,0.0,0.0,0.0,0.0,0.0,0.0,0.0,0.0,0.0,0.0,0.0,0.0,0.0,0.0,0.0,17.0,0.6923076923076923,0.0,2.792413087313986,7.797570850202428,17.0,0.0,1.0,0.05128205128205128,0.0,0.22345586503095896,0.04993252361673415,1.0,0.0,3.0,0.23076923076923078,0.0,0.6266678151997975,0.39271255060728755,3.0,27.0,0.0,3.0,5.0,37.0,2.0,0.0,0.0,0.0,10.0,29.0,0.0,4.0,0.0,0.0,0.0,0.0,0.0
119,298,Java Sprint 9,9,17,24,24,4,4,1,1,12,12,8,8,7,7,1,4,45.0,0.0,23.0,1.7555555555555555,0.0,4.744161749674088,22.507070707070707,23.0,0.0,1.0,0.044444444444444446,0.0,0.2084090771399927,0.04343434343434343,1.0,0.0,3.0,1.1333333333333333,1.0,0.45726459418033777,0.209090909090909,3.0,0.0,3.0,0.4444444444444444,0.0,0.8408749651825218,0.7070707070707072,3.0,0.0,0.0,0.0,0.0,0.0,0.0,0.0,0.0,0.0,0.0,0.0,0.0,0.0,0.0,0.0,17.0,1.0,0.0,2.6457513110645907,7.0,17.0,0.0,1.0,0.022222222222222223,0.0,0.14907119849998599,0.022222222222222223,1.0,0.0,2.0,0.24444444444444444,0.0,0.5289593366204816,0.2797979797979799,2.0,34.0,7.0,0.0,3.0,42.0,3.0,0.0,0.0,0.0,10.0,35.0,0.0,1.0,0.0,0.0,0.0,0.0,0.0
119,321,Java Sprint 10,18,18,8,8,1,1,1,1,7,7,0,0,1,1,1,1,28.0,0.0,3.0,0.32142857142857145,0.0,0.8189230248533256,0.6706349206349205,3.0,0.0,1.0,0.10714285714285714,0.0,0.314970394174356,0.09920634920634921,1.0,0.0,2.0,1.1428571428571428,1.0,0.4483951394230329,0.20105820105820107,2.0,0.0,2.0,0.14285714285714285,0.0,0.44839513942303283,0.20105820105820105,2.0,0.0,0.0,0.0,0.0,0.0,0.0,0.0,0.0,0.0,0.0,0.0,0.0,0.0,0.0,0.0,2.0,0.14285714285714285,0.0,0.44839513942303283,0.20105820105820105,2.0,0.0,0.0,0.0,0.0,0.0,0.0,0.0,0.0,2.0,0.21428571428571427,0.0,0.4986754943620638,0.24867724867724872,2.0,20.0,4.0,3.0,0.0,25.0,3.0,0.0,0.0,0.0,8.0,20.0,0.0,0.0,0.0,1.0,0.0,0.0,0.0
119,338,Java Sprint 11,8,18,6,6,8,8,1,1,2,2,3,3,8,8,1,3,31.0,0.0,5.0,0.7096774193548387,0.0,1.1602743464973209,1.346236559139785,5.0,0.0,1.0,0.1935483870967742,0.0,0.4016096644512494,0.16129032258064513,1.0,0.0,2.0,0.967741935483871,1.0,0.31452302170555935,0.09892473118279574,2.0,0.0,3.0,0.2903225806451613,0.0,0.6925098500910427,0.4795698924731184,3.0,0.0,0.0,0.0,0.0,0.0,0.0,0.0,0.0,0.0,0.0,0.0,0.0,0.0,0.0,0.0,4.0,0.6774193548387096,0.0,1.1368698774616073,1.29247311827957,4.0,0.0,0.0,0.0,0.0,0.0,0.0,0.0,0.0,6.0,0.41935483870967744,0.0,1.1481635640850452,1.3182795698924734,6.0,15.0,4.0,7.0,0.0,29.0,1.0,1.0,0.0,0.0,9.0,22.0,0.0,4.0,0.0,1.0,0.0,0.0,0.0
119,351,Java Sprint 12,16,39,14,14,5,5,2,2,17,17,0,0,0,0,1,3,39.0,0.0,11.0,1.3333333333333333,0.0,2.168352920067421,4.701754385964911,11.0,0.0,2.0,0.23076923076923078,0.0,0.484580038554192,0.23481781376518224,2.0,0.0,2.0,1.0512820512820513,1.0,0.3939488310827574,0.15519568151147095,2.0,0.0,2.0,0.1794871794871795,0.0,0.45141851696943935,0.203778677462888,2.0,0.0,0.0,0.0,0.0,0.0,0.0,0.0,0.0,0.0,0.0,0.0,0.0,0.0,0.0,0.0,2.0,0.28205128205128205,0.0,0.6468025790365349,0.41835357624831304,2.0,0.0,0.0,0.0,0.0,0.0,0.0,0.0,0.0,5.0,0.38461538461538464,0.0,0.9628735670236639,0.9271255060728741,5.0,21.0,5.0,11.0,0.0,39.0,0.0,0.0,0.0,0.0,10.0,29.0,0.0,1.0,0.0,1.0,0.0,0.0,0.0
119,371,Java Sprint 14,11,18,9,9,3,3,1,1,3,3,1,1,7,7,1,2,26.0,0.0,3.0,0.46153846153846156,0.0,0.7605665904189709,0.5784615384615386,3.0,0.0,1.0,0.038461538461538464,0.0,0.19611613513818402,0.03846153846153846,1.0,0.0,2.0,1.0769230769230769,1.0,0.39223227027636803,0.15384615384615383,2.0,0.0,1.0,0.11538461538461539,0.0,0.32581259360842113,0.10615384615384617,1.0,0.0,0.0,0.0,0.0,0.0,0.0,0.0,0.0,0.0,0.0,0.0,0.0,0.0,0.0,0.0,5.0,0.8076923076923077,0.0,1.5236595622180376,2.3215384615384616,5.0,0.0,0.0,0.0,0.0,0.0,0.0,0.0,0.0,2.0,0.2692307692307692,0.0,0.6667948594698258,0.4446153846153847,2.0,13.0,3.0,7.0,1.0,25.0,1.0,0.0,0.0,0.0,8.0,18.0,0.0,2.0,0.0,0.0,0.0,0.0,0.0
119,391,C# Sprint 15,0,17,0,0,1,1,1,1,0,0,0,0,0,0,1,1,1.0,0.0,0.0,0.0,0.0,0.0,0.0,0.0,0.0,0.0,0.0,0.0,0.0,0.0,0.0,1.0,1.0,1.0,1.0,0.0,0.0,0.0,0.0,0.0,0.0,0.0,0.0,0.0,0.0,0.0,0.0,0.0,0.0,0.0,0.0,0.0,0.0,0.0,0.0,0.0,0.0,0.0,0.0,0.0,0.0,0.0,0.0,0.0,0.0,0.0,0.0,0.0,0.0,0.0,0.0,0.0,0.0,0.0,0.0,0.0,0.0,0.0,0.0,0.0,1.0,0.0,0.0,0.0,1.0,0.0,0.0,0.0,0.0,0.0,1.0,0.0,0.0,0.0,0.0,0.0,0.0,0.0
119,396,Java Sprint 15,12,17,3,3,3,3,0,0,3,3,1,1,2,2,1,3,22.0,0.0,7.0,0.5,0.0,1.5660079668957474,2.4523809523809526,7.0,0.0,1.0,0.13636363636363635,0.0,0.35125008665710444,0.12337662337662338,1.0,0.0,1.0,0.9545454545454546,1.0,0.21320071635561047,0.04545454545454547,1.0,0.0,1.0,0.045454545454545456,0.0,0.21320071635561047,0.04545454545454547,1.0,0.0,0.0,0.0,0.0,0.0,0.0,0.0,0.0,0.0,0.0,0.0,0.0,0.0,0.0,0.0,3.0,0.2727272727272727,0.0,0.7672969364884684,0.5887445887445887,3.0,0.0,0.0,0.0,0.0,0.0,0.0,0.0,0.0,2.0,0.18181818181818182,0.0,0.5010810823432182,0.251082251082251,2.0,6.0,4.0,7.0,0.0,20.0,1.0,1.0,0.0,0.0,7.0,15.0,0.0,5.0,0.0,0.0,0.0,0.0,0.0
119,440,Java Sprint 16,0,7,3,3,2,2,0,0,4,4,0,0,1,1,1,1,6.0,0.0,2.0,0.6666666666666666,0.0,1.0327955589886446,1.0666666666666669,2.0,0.0,2.0,0.3333333333333333,0.0,0.816496580927726,0.6666666666666667,2.0,1.0,1.0,1.0,1.0,0.0,0.0,0.0,0.0,0.0,0.0,0.0,0.0,0.0,0.0,0.0,0.0,0.0,0.0,0.0,0.0,0.0,0.0,0.0,0.0,0.0,0.0,0.0,0.0,0.0,5.0,0.8333333333333334,0.0,2.0412414523193148,4.166666666666666,5.0,0.0,0.0,0.0,0.0,0.0,0.0,0.0,0.0,1.0,0.5,0.5,0.5477225575051661,0.3,1.0,1.0,1.0,3.0,0.0,6.0,0.0,0.0,0.0,0.0,3.0,3.0,0.0,1.0,0.0,0.0,0.0,0.0,0.0
119,454,Java Sprint 17,7,18,5,5,3,3,2,2,1,1,1,1,4,4,1,2,42.0,0.0,13.0,0.6428571428571429,0.0,2.206657648819607,4.869337979094076,13.0,0.0,1.0,0.07142857142857142,0.0,0.26066118021500656,0.06794425087108012,1.0,0.0,2.0,0.42857142857142855,0.0,0.5474043916011735,0.29965156794425085,2.0,0.0,1.0,0.047619047619047616,0.0,0.21554026870452117,0.04645760743321719,1.0,0.0,0.0,0.0,0.0,0.0,0.0,0.0,0.0,0.0,0.0,0.0,0.0,0.0,0.0,0.0,9.0,0.35714285714285715,0.0,1.4620638365067737,2.137630662020906,9.0,0.0,0.0,0.0,0.0,0.0,0.0,0.0,0.0,2.0,0.14285714285714285,0.0,0.4722250688807642,0.2229965156794425,2.0,9.0,1.0,3.0,27.0,40.0,2.0,0.0,0.0,0.0,4.0,38.0,0.0,2.0,0.0,0.0,0.0,0.0,0.0
119,485,Java Sprint 18,7,18,4,4,6,6,1,1,1,1,2,2,6,6,1,2,21.0,0.0,4.0,0.9523809523809523,0.0,1.4309504001254016,2.047619047619047,4.0,0.0,1.0,0.47619047619047616,0.0,0.511766315719159,0.26190476190476186,1.0,0.0,2.0,1.2857142857142858,1.0,0.7837638128197258,0.6142857142857142,2.0,0.0,2.0,0.3333333333333333,0.0,0.5773502691896257,0.33333333333333326,2.0,0.0,0.0,0.0,0.0,0.0,0.0,0.0,0.0,0.0,0.0,0.0,0.0,0.0,0.0,0.0,4.0,0.5238095238095238,0.0,1.0304876330673562,1.0619047619047621,4.0,0.0,0.0,0.0,0.0,0.0,0.0,0.0,0.0,6.0,0.7142857142857143,0.0,1.5856499343441834,2.5142857142857133,6.0,10.0,3.0,4.0,0.0,15.0,6.0,0.0,0.0,0.0,6.0,15.0,0.0,4.0,0.0,0.0,0.0,0.0,0.0
119,506,C# Sprint 19,0,21,11,11,0,0,11,11,0,0,0,0,0,0,1,2,11.0,0.0,7.0,1.2727272727272727,0.0,2.2843339988236875,5.218181818181819,7.0,0.0,1.0,0.45454545454545453,0.0,0.5222329678670934,0.27272727272727265,1.0,0.0,2.0,1.2727272727272727,1.0,0.6466697906828632,0.41818181818181815,2.0,0.0,1.0,0.18181818181818182,0.0,0.4045199174779452,0.16363636363636358,1.0,0.0,0.0,0.0,0.0,0.0,0.0,0.0,0.0,0.0,0.0,0.0,0.0,0.0,0.0,0.0,3.0,0.9090909090909091,0.0,1.1361818036340356,1.2909090909090906,3.0,0.0,0.0,0.0,0.0,0.0,0.0,0.0,0.0,2.0,0.2727272727272727,0.0,0.6466697906828633,0.41818181818181827,2.0,4.0,4.0,1.0,0.0,9.0,1.0,0.0,0.0,1.0,1.0,10.0,0.0,2.0,0.0,0.0,0.0,0.0,0.0
119,521,Java Sprint 19,3,18,0,0,12,12,0,0,8,8,0,0,4,4,1,2,23.0,0.0,8.0,0.8695652173913043,0.0,1.9141660378748124,3.664031620553358,8.0,0.0,2.0,0.7391304347826086,1.0,0.6191923848741729,0.38339920948616596,2.0,0.0,4.0,1.7826086956521738,2.0,0.902346523798844,0.8142292490118576,4.0,0.0,1.0,0.34782608695652173,0.0,0.48698475355767396,0.23715415019762842,1.0,0.0,0.0,0.0,0.0,0.0,0.0,0.0,0.0,0.0,0.0,0.0,0.0,0.0,0.0,0.0,3.0,0.6956521739130435,0.0,1.1051442772406628,1.2213438735177868,3.0,0.0,0.0,0.0,0.0,0.0,0.0,0.0,0.0,2.0,0.2608695652173913,0.0,0.540823555863717,0.29249011857707496,2.0,8.0,3.0,10.0,0.0,16.0,5.0,1.0,0.0,1.0,8.0,15.0,0.0,2.0,0.0,0.0,0.0,0.0,0.0
119,522,Java Sprint 20,0,17,6,6,5,5,0,0,11,11,0,0,0,0,1,1,22.0,0.0,4.0,0.3181818181818182,0.0,0.8937009000226522,0.7987012987012987,4.0,0.0,2.0,0.5,0.0,0.6725927091345493,0.4523809523809524,2.0,0.0,4.0,1.2727272727272727,1.0,1.0771133460194244,1.1601731601731602,4.0,0.0,1.0,0.18181818181818182,0.0,0.3947710169758613,0.15584415584415579,1.0,0.0,0.0,0.0,0.0,0.0,0.0,0.0,0.0,0.0,0.0,0.0,0.0,0.0,0.0,0.0,6.0,0.7272727272727273,0.0,1.4534628005401833,2.1125541125541125,6.0,0.0,0.0,0.0,0.0,0.0,0.0,0.0,0.0,2.0,0.4090909090909091,0.0,0.5903260526902471,0.3484848484848484,2.0,4.0,4.0,7.0,0.0,20.0,2.0,0.0,0.0,0.0,9.0,13.0,0.0,7.0,0.0,0.0,0.0,0.0,0.0
119,552,Java Sprint 20,1,18,8,8,8,8,0,0,7,7,0,0,9,9,1,3,27.0,0.0,5.0,1.3703703703703705,0.0,1.73533743444784,3.0113960113960117,5.0,0.0,2.0,0.5925925925925926,0.0,0.693888666488711,0.4814814814814815,2.0,0.0,4.0,1.4814814814814814,1.0,0.9754829324836758,0.9515669515669516,4.0,0.0,1.0,0.2962962962962963,0.0,0.4653216269680752,0.21652421652421652,1.0,0.0,0.0,0.0,0.0,0.0,0.0,0.0,0.0,0.0,0.0,0.0,0.0,0.0,0.0,0.0,5.0,1.2962962962962963,1.0,1.588778311853647,2.524216524216524,5.0,0.0,0.0,0.0,0.0,0.0,0.0,0.0,0.0,4.0,0.5555555555555556,0.0,1.0127393670836669,1.025641025641026,4.0,7.0,3.0,10.0,4.0,17.0,9.0,0.0,0.0,1.0,9.0,18.0,0.0,3.0,0.0,0.0,0.0,0.0,0.0
119,586,Java Sprint 21,-3,18,0,0,10,10,0,0,4,4,1,1,5,5,1,2,13.0,0.0,11.0,1.6923076923076923,0.0,3.092588327615327,9.564102564102564,11.0,0.0,1.0,0.5384615384615384,1.0,0.5188745216627708,0.2692307692307693,1.0,0.0,2.0,1.2307692307692308,1.0,0.7250110520819842,0.5256410256410257,2.0,0.0,1.0,0.15384615384615385,0.0,0.37553380809940534,0.141025641025641,1.0,0.0,0.0,0.0,0.0,0.0,0.0,0.0,0.0,0.0,0.0,0.0,0.0,0.0,0.0,0.0,6.0,1.5384615384615385,1.0,1.8980421761815787,3.6025641025641026,6.0,0.0,0.0,0.0,0.0,0.0,0.0,0.0,0.0,2.0,0.46153846153846156,0.0,0.6602252917735248,0.43589743589743596,2.0,3.0,2.0,7.0,0.0,11.0,2.0,0.0,0.0,0.0,6.0,7.0,0.0,1.0,0.0,0.0,0.0,0.0,0.0
119,587,Java Sprint 23,-8,18,0,0,11,11,0,0,11,11,0,0,0,0,1,1,16.0,0.0,4.0,0.4375,0.0,1.0307764064044151,1.0625,4.0,0.0,1.0,0.3125,0.0,0.47871355387816905,0.22916666666666666,1.0,0.0,2.0,0.9375,1.0,0.6800735254367721,0.4625,2.0,0.0,1.0,0.25,0.0,0.4472135954999579,0.2,1.0,0.0,0.0,0.0,0.0,0.0,0.0,0.0,0.0,0.0,0.0,0.0,0.0,0.0,0.0,0.0,8.0,0.9375,0.0,2.080664957811965,4.329166666666667,8.0,0.0,0.0,0.0,0.0,0.0,0.0,0.0,0.0,1.0,0.3125,0.0,0.47871355387816905,0.22916666666666666,1.0,4.0,3.0,4.0,0.0,15.0,0.0,0.0,0.0,1.0,5.0,11.0,0.0,5.0,0.0,0.0,0.0,0.0,0.0
121,130,Sprint 1 April 14 - May 2,8,18,13,13,2,2,3,3,3,3,2,2,7,7,1,3,24.0,0.0,9.0,2.3333333333333335,1.0,3.01686083128843,9.101449275362317,9.0,0.0,2.0,0.9166666666666666,1.0,0.408248290463863,0.16666666666666666,2.0,1.0,1.0,1.0,1.0,0.0,0.0,0.0,0.0,7.0,1.0416666666666667,0.5,1.6010639578422372,2.5634057971014492,7.0,0.0,0.0,0.0,0.0,0.0,0.0,0.0,0.0,0.0,0.0,0.0,0.0,0.0,0.0,0.0,5.0,0.9166666666666666,0.0,1.5857152183236396,2.514492753623188,5.0,0.0,1.0,0.041666666666666664,0.0,0.20412414523193154,0.04166666666666668,1.0,0.0,2.0,0.2916666666666667,0.0,0.6240935455708451,0.3894927536231884,2.0,14.0,1.0,7.0,0.0,17.0,6.0,1.0,0.0,0.0,16.0,8.0,0.0,2.0,0.0,0.0,0.0,0.0,0.0
121,131,Sprint 2,-8,18,12,12,1,1,0,0,8,8,2,2,3,3,1,2,13.0,0.0,10.0,2.1538461538461537,1.0,2.7942248133771037,7.807692307692309,10.0,0.0,1.0,0.7692307692307693,1.0,0.4385290096535146,0.1923076923076923,1.0,0.0,1.0,0.9230769230769231,1.0,0.2773500981126146,0.07692307692307694,1.0,0.0,7.0,0.7692307692307693,0.0,1.921537845661045,3.6923076923076903,7.0,0.0,0.0,0.0,0.0,0.0,0.0,0.0,0.0,0.0,0.0,0.0,0.0,0.0,0.0,0.0,5.0,1.2307692307692308,1.0,1.4806443503784736,2.192307692307692,5.0,0.0,1.0,0.15384615384615385,0.0,0.37553380809940534,0.141025641025641,1.0,0.0,2.0,0.3076923076923077,0.0,0.6304251719561151,0.3974358974358973,2.0,3.0,1.0,3.0,0.0,9.0,4.0,0.0,0.0,0.0,8.0,5.0,0.0,6.0,0.0,0.0,0.0,0.0,0.0
121,182,Sprint 3 - May 25 - High Level,-1,17,13,13,0,0,6,6,6,6,1,1,0,0,1,2,20.0,0.0,10.0,1.15,0.0,2.5188761069384227,6.344736842105264,10.0,0.0,2.0,0.65,1.0,0.5871429486123998,0.3447368421052631,2.0,0.0,1.0,0.9,1.0,0.30779350562554625,0.09473684210526317,1.0,0.0,7.0,0.8,0.0,1.6415653633362466,2.694736842105263,7.0,0.0,0.0,0.0,0.0,0.0,0.0,0.0,0.0,0.0,0.0,0.0,0.0,0.0,0.0,0.0,5.0,0.8,0.0,1.3218806379747876,1.7473684210526317,5.0,0.0,1.0,0.1,0.0,0.30779350562554625,0.09473684210526317,1.0,0.0,2.0,0.35,0.0,0.6708203932499369,0.45,2.0,7.0,3.0,4.0,0.0,17.0,2.0,1.0,0.0,0.0,9.0,11.0,0.0,5.0,1.0,0.0,0.0,0.0,0.0
121,204,Sprint 4,-2,18,7,7,1,1,0,0,5,5,0,0,3,3,1,2,12.0,0.0,4.0,0.8333333333333334,0.0,1.5859229221975182,2.515151515151515,4.0,0.0,1.0,0.25,0.0,0.45226701686664544,0.20454545454545456,1.0,0.0,1.0,0.8333333333333334,1.0,0.38924947208076155,0.15151515151515155,1.0,0.0,3.0,0.6666666666666666,0.0,1.1547005383792517,1.3333333333333337,3.0,0.0,0.0,0.0,0.0,0.0,0.0,0.0,0.0,0.0,0.0,0.0,0.0,0.0,0.0,0.0,2.0,0.5833333333333334,0.0,0.7929614610987591,0.6287878787878788,2.0,0.0,0.0,0.0,0.0,0.0,0.0,0.0,0.0,2.0,0.5833333333333334,0.0,0.90033663737852,0.8106060606060606,2.0,5.0,3.0,2.0,0.0,9.0,2.0,1.0,0.0,0.0,2.0,10.0,0.0,2.0,0.0,0.0,0.0,0.0,0.0
121,228,Sprint 5,-6,14,6,6,1,1,0,0,6,6,0,0,1,1,1,2,7.0,0.0,2.0,0.42857142857142855,0.0,0.7867957924694431,0.619047619047619,2.0,0.0,1.0,0.14285714285714285,0.0,0.3779644730092273,0.1428571428571429,1.0,1.0,1.0,1.0,1.0,0.0,0.0,0.0,0.0,3.0,0.8571428571428571,0.0,1.2149857925879117,1.476190476190476,3.0,0.0,0.0,0.0,0.0,0.0,0.0,0.0,0.0,0.0,0.0,0.0,0.0,0.0,0.0,0.0,1.0,0.14285714285714285,0.0,0.37796447300922725,0.14285714285714288,1.0,0.0,0.0,0.0,0.0,0.0,0.0,0.0,0.0,2.0,1.2857142857142858,1.0,0.7559289460184545,0.5714285714285715,2.0,4.0,2.0,0.0,0.0,6.0,0.0,1.0,0.0,0.0,2.0,5.0,0.0,1.0,0.0,0.0,0.0,0.0,0.0
121,243,C# Sprint 6,5,18,0,0,6,6,5,5,1,1,0,0,0,0,1,2,15.0,0.0,5.0,0.9333333333333333,0.0,1.4375905768565218,2.0666666666666673,5.0,0.0,1.0,0.3333333333333333,0.0,0.48795003647426666,0.23809523809523814,1.0,0.0,1.0,0.9333333333333333,1.0,0.25819888974716115,0.06666666666666668,1.0,0.0,3.0,0.8,1.0,0.9411239481143203,0.8857142857142859,3.0,0.0,0.0,0.0,0.0,0.0,0.0,0.0,0.0,0.0,0.0,0.0,0.0,0.0,0.0,0.0,2.0,0.6666666666666666,1.0,0.7237468644557459,0.5238095238095238,2.0,0.0,1.0,0.06666666666666667,0.0,0.25819888974716115,0.06666666666666668,1.0,0.0,2.0,0.8,1.0,0.7745966692414834,0.6,2.0,7.0,2.0,0.0,0.0,9.0,5.0,1.0,0.0,0.0,6.0,9.0,0.0,6.0,0.0,0.0,0.0,0.0,0.0
121,261,C# Sprint 7,-3,14,10,10,1,1,0,0,3,3,4,4,4,4,1,2,16.0,0.0,53.0,4.125,0.0,13.104070614380353,171.71666666666667,53.0,0.0,1.0,0.25,0.0,0.4472135954999579,0.2,1.0,1.0,1.0,1.0,1.0,0.0,0.0,0.0,0.0,3.0,0.875,1.0,1.02469507659596,1.05,3.0,0.0,0.0,0.0,0.0,0.0,0.0,0.0,0.0,0.0,0.0,0.0,0.0,0.0,0.0,0.0,3.0,0.625,0.0,0.9574271077563381,0.9166666666666666,3.0,0.0,2.0,0.125,0.0,0.5,0.25,2.0,0.0,4.0,0.625,0.0,1.1474609652039003,1.3166666666666667,4.0,10.0,2.0,0.0,0.0,11.0,3.0,2.0,0.0,0.0,9.0,7.0,0.0,4.0,0.0,0.0,0.0,0.0,0.0
121,262,C# Sprint 8,-10,18,14,14,2,2,0,0,14,14,0,0,2,2,1,3,18.0,0.0,6.0,1.4444444444444444,0.5,1.854159781877502,3.4379084967320255,6.0,0.0,2.0,0.5555555555555556,0.5,0.6156987634551994,0.3790849673202615,2.0,0.0,2.0,0.8888888888888888,1.0,0.4714045207910317,0.22222222222222224,2.0,0.0,9.0,1.2777777777777777,1.0,2.108960032409494,4.447712418300654,9.0,0.0,0.0,0.0,0.0,0.0,0.0,0.0,0.0,0.0,0.0,0.0,0.0,0.0,0.0,0.0,4.0,0.7777777777777778,0.0,1.3085940167422419,1.712418300653595,4.0,0.0,1.0,0.1111111111111111,0.0,0.3233808333817773,0.10457516339869281,1.0,0.0,3.0,0.5,0.0,0.9235481451827989,0.8529411764705882,3.0,7.0,3.0,3.0,0.0,14.0,3.0,1.0,0.0,0.0,8.0,10.0,0.0,5.0,0.0,0.0,0.0,0.0,0.0
121,263,C# Sprint 9,-5,18,11,11,3,3,0,0,10,10,1,1,3,3,1,2,20.0,0.0,10.0,1.25,0.0,2.403396719119356,5.776315789473684,10.0,0.0,1.0,0.2,0.0,0.41039134083406165,0.16842105263157897,1.0,0.0,2.0,0.95,1.0,0.5104177855340405,0.2605263157894737,2.0,0.0,9.0,1.3,1.0,2.2266330494363245,4.957894736842106,9.0,0.0,0.0,0.0,0.0,0.0,0.0,0.0,0.0,0.0,0.0,0.0,0.0,0.0,0.0,0.0,4.0,0.6,0.0,1.0462967275611939,1.094736842105263,4.0,0.0,0.0,0.0,0.0,0.0,0.0,0.0,0.0,2.0,0.25,0.0,0.5501196042201808,0.3026315789473684,2.0,9.0,10.0,0.0,0.0,18.0,2.0,0.0,0.0,0.0,6.0,14.0,0.0,1.0,0.0,0.0,0.0,0.0,0.0
121,289,C# Sprint 10,11,18,0,0,0,0,0,0,0,0,0,0,0,0,1,2,21.0,0.0,10.0,1.1904761904761905,0.0,2.5810665938531616,6.66190476190476,10.0,0.0,1.0,0.42857142857142855,0.0,0.50709255283711,0.2571428571428572,1.0,0.0,2.0,1.2380952380952381,1.0,0.6248809410409238,0.3904761904761905,2.0,0.0,9.0,1.0952380952380953,0.0,2.233937373893053,4.99047619047619,9.0,0.0,0.0,0.0,0.0,0.0,0.0,0.0,0.0,0.0,0.0,0.0,0.0,0.0,0.0,0.0,4.0,0.8571428571428571,0.0,1.3522468075656264,1.8285714285714285,4.0,0.0,0.0,0.0,0.0,0.0,0.0,0.0,0.0,3.0,0.3333333333333333,0.0,0.7958224257542215,0.6333333333333334,3.0,11.0,6.0,2.0,0.0,15.0,6.0,0.0,0.0,0.0,9.0,12.0,0.0,2.0,0.0,0.0,0.0,0.0,0.0
121,304,C Sprint 9,0,18,0,0,0,0,0,0,0,0,0,0,0,0,1,1,2.0,0.0,0.0,0.0,0.0,0.0,0.0,0.0,0.0,1.0,0.5,0.5,0.7071067811865476,0.5,1.0,1.0,2.0,1.5,1.5,0.7071067811865476,0.5,1.0,0.0,0.0,0.0,0.0,0.0,0.0,0.0,0.0,0.0,0.0,0.0,0.0,0.0,0.0,0.0,0.0,0.0,0.0,0.0,0.0,0.0,0.0,0.0,0.0,0.0,0.0,0.0,0.0,0.0,0.0,0.0,0.0,0.0,0.0,0.0,0.0,0.0,0.0,0.0,0.0,0.0,0.0,0.0,1.0,1.0,0.0,2.0,0.0,0.0,0.0,0.0,1.0,1.0,0.0,0.0,0.0,0.0,0.0,0.0,0.0
121,339,C# Sprint 11,6,18,5,5,9,9,0,0,4,4,1,1,9,9,1,3,20.0,0.0,16.0,2.35,1.0,4.2460507967311285,18.028947368421054,16.0,0.0,1.0,0.15,0.0,0.36634754853252327,0.13421052631578947,1.0,1.0,2.0,1.15,1.0,0.36634754853252327,0.13421052631578947,1.0,0.0,4.0,0.65,0.0,1.0894228312566052,1.1868421052631577,4.0,0.0,0.0,0.0,0.0,0.0,0.0,0.0,0.0,0.0,0.0,0.0,0.0,0.0,0.0,0.0,3.0,0.5,0.0,0.9459053029269173,0.8947368421052632,3.0,0.0,0.0,0.0,0.0,0.0,0.0,0.0,0.0,2.0,0.45,0.0,0.8255779474818966,0.6815789473684212,2.0,7.0,10.0,1.0,0.0,14.0,6.0,0.0,0.0,0.0,13.0,7.0,0.0,2.0,0.0,0.0,0.0,0.0,0.0
121,353,C# Sprint 12,6,32,10,10,2,2,1,1,11,11,0,0,0,0,1,2,20.0,0.0,5.0,1.25,0.5,1.6819474927657678,2.8289473684210527,5.0,0.0,1.0,0.15,0.0,0.36634754853252327,0.13421052631578947,1.0,1.0,2.0,1.05,1.0,0.223606797749979,0.05000000000000001,1.0,0.0,3.0,0.45,0.0,0.8255779474818965,0.6815789473684211,3.0,0.0,0.0,0.0,0.0,0.0,0.0,0.0,0.0,0.0,0.0,0.0,0.0,0.0,0.0,0.0,3.0,0.45,0.0,0.8870412083230169,0.7868421052631579,3.0,0.0,0.0,0.0,0.0,0.0,0.0,0.0,0.0,2.0,0.4,0.0,0.7539370349250519,0.568421052631579,2.0,8.0,8.0,2.0,0.0,19.0,1.0,0.0,0.0,0.0,8.0,12.0,0.0,2.0,0.0,0.0,0.0,0.0,0.0
121,377,C# Sprint 14,8,18,6,6,1,1,0,0,7,7,0,0,0,0,1,2,15.0,0.0,5.0,0.9333333333333333,1.0,1.3870146083619754,1.9238095238095243,5.0,0.0,1.0,0.2,0.0,0.41403933560541256,0.17142857142857146,1.0,1.0,1.0,1.0,1.0,0.0,0.0,0.0,0.0,6.0,0.6666666666666666,0.0,1.5886502207249789,2.523809523809524,6.0,0.0,0.0,0.0,0.0,0.0,0.0,0.0,0.0,0.0,0.0,0.0,0.0,0.0,0.0,0.0,1.0,0.2,0.0,0.4140393356054126,0.17142857142857149,1.0,0.0,0.0,0.0,0.0,0.0,0.0,0.0,0.0,2.0,0.13333333333333333,0.0,0.5163977794943222,0.26666666666666666,2.0,2.0,3.0,4.0,0.0,13.0,2.0,0.0,0.0,0.0,4.0,11.0,0.0,6.0,0.0,0.0,0.0,0.0,0.0
121,391,C# Sprint 15,-4,17,4,4,0,0,0,0,2,2,2,2,0,0,1,1,4.0,0.0,2.0,0.5,0.0,1.0,1.0,2.0,0.0,0.0,0.0,0.0,0.0,0.0,0.0,1.0,1.0,1.0,1.0,0.0,0.0,0.0,0.0,2.0,0.5,0.0,1.0,1.0,2.0,0.0,0.0,0.0,0.0,0.0,0.0,0.0,0.0,0.0,0.0,0.0,0.0,0.0,0.0,0.0,0.0,0.0,0.0,0.0,0.0,0.0,0.0,0.0,0.0,0.0,0.0,0.0,0.0,0.0,0.0,0.0,0.0,0.0,0.0,0.0,2.0,2.0,0.0,0.0,2.0,0.0,2.0,0.0,0.0,2.0,2.0,0.0,0.0,0.0,0.0,0.0,0.0,0.0
121,441,C# Sprint 16,0,7,4,4,0,0,0,0,2,2,0,0,2,2,1,1,23.0,0.0,19.0,0.9565217391304348,0.0,3.959778011105319,15.679841897233196,19.0,0.0,0.0,0.0,0.0,0.0,0.0,0.0,1.0,1.0,1.0,1.0,0.0,0.0,0.0,0.0,2.0,0.13043478260869565,0.0,0.45769658728016016,0.20948616600790526,2.0,0.0,0.0,0.0,0.0,0.0,0.0,0.0,0.0,0.0,0.0,0.0,0.0,0.0,0.0,0.0,0.0,0.0,0.0,0.0,0.0,0.0,0.0,0.0,0.0,0.0,0.0,0.0,0.0,0.0,0.0,0.0,0.0,0.0,0.0,0.0,2.0,3.0,0.0,16.0,21.0,0.0,2.0,0.0,0.0,4.0,19.0,0.0,2.0,0.0,0.0,0.0,0.0,0.0
121,451,C# Sprint 17,2,20,1,1,1,1,0,0,0,0,2,2,0,0,1,2,23.0,0.0,2.0,0.13043478260869565,0.0,0.45769658728016016,0.2094861660079053,2.0,0.0,1.0,0.043478260869565216,0.0,0.2085144140570748,0.04347826086956523,1.0,1.0,2.0,1.0434782608695652,1.0,0.2085144140570748,0.04347826086956523,1.0,0.0,2.0,0.17391304347826086,0.0,0.5762081310400609,0.3320158102766799,2.0,0.0,0.0,0.0,0.0,0.0,0.0,0.0,0.0,0.0,0.0,0.0,0.0,0.0,0.0,0.0,2.0,0.08695652173913043,0.0,0.4170288281141496,0.17391304347826092,2.0,0.0,0.0,0.0,0.0,0.0,0.0,0.0,0.0,3.0,0.391304347826087,0.0,0.7827184815397383,0.6126482213438738,3.0,1.0,3.0,1.0,16.0,20.0,1.0,2.0,0.0,0.0,2.0,21.0,0.0,2.0,0.0,0.0,0.0,0.0,0.0
121,488,C# Sprint 18,-6,18,6,6,1,1,0,0,6,6,1,1,0,0,1,2,7.0,0.0,9.0,1.4285714285714286,0.0,3.3594217189442417,11.285714285714285,9.0,0.0,1.0,0.14285714285714285,0.0,0.37796447300922725,0.14285714285714288,1.0,1.0,2.0,1.1428571428571428,1.0,0.37796447300922725,0.14285714285714288,1.0,0.0,7.0,1.2857142857142858,0.0,2.627691364061218,6.904761904761905,7.0,0.0,0.0,0.0,0.0,0.0,0.0,0.0,0.0,0.0,0.0,0.0,0.0,0.0,0.0,2.0,7.0,2.7142857142857144,2.0,1.889822365046136,3.571428571428571,5.0,0.0,0.0,0.0,0.0,0.0,0.0,0.0,0.0,0.0,0.0,0.0,0.0,0.0,0.0,0.0,5.0,0.0,0.0,6.0,0.0,1.0,0.0,0.0,0.0,7.0,0.0,2.0,0.0,0.0,0.0,0.0,0.0
121,506,C# Sprint 19,5,21,15,15,5,5,4,4,1,1,2,2,13,13,1,1,25.0,0.0,14.0,2.92,2.0,3.6846528556523026,13.576666666666668,14.0,0.0,2.0,0.88,1.0,0.439696865275764,0.19333333333333336,2.0,0.0,2.0,1.28,1.0,0.6782329983125268,0.46,2.0,0.0,2.0,0.48,0.0,0.6531972647421809,0.4266666666666667,2.0,0.0,0.0,0.0,0.0,0.0,0.0,0.0,0.0,0.0,0.0,0.0,0.0,0.0,0.0,0.0,5.0,2.28,3.0,1.6462077633154328,2.7100000000000004,5.0,0.0,1.0,0.24,0.0,0.43588989435406733,0.18999999999999997,1.0,0.0,3.0,0.32,0.0,0.9,0.81,3.0,7.0,2.0,11.0,0.0,14.0,8.0,2.0,0.0,1.0,14.0,11.0,0.0,4.0,0.0,1.0,0.0,0.0,0.0
121,549,C# Sprint 20,0,21,5,5,3,3,1,1,0,0,3,3,4,4,1,2,11.0,0.0,10.0,2.5454545454545454,2.0,2.978712351457803,8.872727272727275,10.0,0.0,2.0,0.6363636363636364,1.0,0.674199862463242,0.4545454545454545,2.0,1.0,2.0,1.3636363636363635,1.0,0.504524979109513,0.2545454545454546,1.0,0.0,2.0,0.6363636363636364,0.0,0.8090398349558905,0.6545454545454545,2.0,0.0,0.0,0.0,0.0,0.0,0.0,0.0,0.0,0.0,0.0,0.0,0.0,0.0,0.0,0.0,5.0,2.0,2.0,1.7320508075688772,3.0,5.0,0.0,0.0,0.0,0.0,0.0,0.0,0.0,0.0,2.0,0.18181818181818182,0.0,0.6030226891555273,0.3636363636363636,2.0,3.0,2.0,5.0,0.0,9.0,2.0,0.0,0.0,0.0,8.0,3.0,0.0,1.0,0.0,0.0,0.0,0.0,0.0
121,589,C# Sprint 21,2,17,7,7,4,4,3,3,8,8,0,0,0,0,1,2,15.0,0.0,5.0,1.0666666666666667,0.0,1.533747356112131,2.3523809523809525,5.0,0.0,2.0,0.7333333333333333,1.0,0.5936168397046637,0.3523809523809524,2.0,0.0,2.0,1.0666666666666667,1.0,0.7037315505489968,0.49523809523809526,2.0,0.0,2.0,0.6,0.0,0.7367883976130073,0.5428571428571429,2.0,0.0,0.0,0.0,0.0,0.0,0.0,0.0,0.0,0.0,0.0,0.0,0.0,0.0,0.0,0.0,4.0,1.1333333333333333,0.0,1.6417180315870614,2.6952380952380954,4.0,0.0,0.0,0.0,0.0,0.0,0.0,0.0,0.0,2.0,0.4,0.0,0.7367883976130074,0.542857142857143,2.0,3.0,0.0,8.0,0.0,14.0,0.0,1.0,0.0,0.0,9.0,6.0,0.0,4.0,0.0,0.0,0.0,0.0,0.0
121,590,C# Sprint 22,-4,18,5,5,2,2,2,2,4,4,1,1,0,0,1,2,10.0,0.0,5.0,0.7,0.0,1.567021236472421,2.455555555555555,5.0,0.0,1.0,0.4,0.0,0.5163977794943222,0.26666666666666666,1.0,0.0,3.0,1.0,1.0,0.816496580927726,0.6666666666666666,3.0,0.0,2.0,0.9,1.0,0.8755950357709131,0.7666666666666667,2.0,0.0,0.0,0.0,0.0,0.0,0.0,0.0,0.0,0.0,0.0,0.0,0.0,0.0,0.0,0.0,2.0,0.8,0.5,0.9189365834726815,0.8444444444444446,2.0,0.0,0.0,0.0,0.0,0.0,0.0,0.0,0.0,1.0,0.2,0.0,0.42163702135578396,0.17777777777777784,1.0,1.0,1.0,4.0,0.0,10.0,0.0,0.0,0.0,0.0,4.0,6.0,0.0,4.0,0.0,0.0,0.0,0.0,0.0
121,591,C# Sprint 23,-3,18,2,2,8,8,0,0,8,8,1,1,1,1,1,2,15.0,0.0,9.0,1.0666666666666667,0.0,2.433887738538801,5.92380952380952,9.0,0.0,1.0,0.4666666666666667,0.0,0.5163977794943222,0.26666666666666666,1.0,0.0,3.0,1.0,1.0,0.6546536707079771,0.42857142857142855,3.0,0.0,2.0,0.5333333333333333,0.0,0.833809387832792,0.6952380952380954,2.0,0.0,0.0,0.0,0.0,0.0,0.0,0.0,0.0,0.0,0.0,0.0,0.0,0.0,0.0,0.0,4.0,1.4,1.0,1.2983506020002016,1.6857142857142857,4.0,0.0,0.0,0.0,0.0,0.0,0.0,0.0,0.0,3.0,0.3333333333333333,0.0,0.816496580927726,0.6666666666666666,3.0,3.0,1.0,5.0,0.0,14.0,1.0,0.0,0.0,0.0,7.0,8.0,0.0,6.0,0.0,0.0,0.0,0.0,0.0
139,101,Sprint 1 - April 14,-2,21,2,2,0,0,0,0,2,2,0,0,0,0,1,1,2.0,0.0,6.0,3.0,3.0,4.242640687119285,18.0,6.0,0.0,0.0,0.0,0.0,0.0,0.0,0.0,1.0,1.0,1.0,1.0,0.0,0.0,0.0,1.0,1.0,1.0,1.0,0.0,0.0,0.0,0.0,0.0,0.0,0.0,0.0,0.0,0.0,0.0,0.0,0.0,0.0,0.0,0.0,0.0,0.0,2.0,1.0,1.0,1.4142135623730951,2.0,2.0,0.0,1.0,0.5,0.5,0.7071067811865476,0.5,1.0,0.0,0.0,0.0,0.0,0.0,0.0,0.0,0.0,0.0,1.0,0.0,1.0,0.0,1.0,0.0,0.0,0.0,2.0,0.0,1.0,0.0,0.0,0.0,0.0,0.0
139,162,Sprint 2 - May 5 - May 23,0,18,4,4,0,0,0,0,4,4,0,0,0,0,1,1,4.0,0.0,6.0,1.5,0.0,3.0,9.0,6.0,0.0,0.0,0.0,0.0,0.0,0.0,0.0,1.0,1.0,1.0,1.0,0.0,0.0,0.0,0.0,2.0,1.0,1.0,0.816496580927726,0.6666666666666666,2.0,0.0,0.0,0.0,0.0,0.0,0.0,0.0,0.0,0.0,0.0,0.0,0.0,0.0,0.0,0.0,3.0,1.5,1.5,1.2909944487358056,1.6666666666666667,3.0,0.0,1.0,0.25,0.0,0.5,0.25,1.0,0.0,0.0,0.0,0.0,0.0,0.0,0.0,0.0,2.0,0.0,0.0,1.0,2.0,1.0,0.0,0.0,1.0,3.0,0.0,1.0,0.0,1.0,0.0,0.0,0.0
139,183,Sprint 3 - May 25 - June 13,5,16,5,5,0,0,2,2,1,1,2,2,0,0,1,1,10.0,0.0,1.0,0.1,0.0,0.31622776601683794,0.10000000000000002,1.0,0.0,1.0,0.1,0.0,0.31622776601683794,0.10000000000000002,1.0,0.0,1.0,0.8,1.0,0.42163702135578396,0.1777777777777778,1.0,0.0,1.0,0.2,0.0,0.42163702135578396,0.1777777777777778,1.0,0.0,0.0,0.0,0.0,0.0,0.0,0.0,0.0,0.0,0.0,0.0,0.0,0.0,0.0,0.0,1.0,0.2,0.0,0.42163702135578396,0.17777777777777784,1.0,0.0,0.0,0.0,0.0,0.0,0.0,0.0,0.0,1.0,0.1,0.0,0.31622776601683794,0.10000000000000002,1.0,1.0,6.0,3.0,0.0,8.0,1.0,1.0,0.0,0.0,3.0,7.0,0.0,0.0,0.0,0.0,0.0,0.0,0.0
139,203,Sprint 4,0,17,4,4,0,0,0,0,3,3,1,1,0,0,1,1,4.0,0.0,7.0,2.5,1.5,3.3166247903554,11.0,7.0,0.0,0.0,0.0,0.0,0.0,0.0,0.0,1.0,1.0,1.0,1.0,0.0,0.0,0.0,0.0,1.0,0.25,0.0,0.5,0.25,1.0,0.0,0.0,0.0,0.0,0.0,0.0,0.0,0.0,0.0,0.0,0.0,0.0,0.0,0.0,0.0,3.0,0.75,0.0,1.5,2.25,3.0,0.0,0.0,0.0,0.0,0.0,0.0,0.0,0.0,0.0,0.0,0.0,0.0,0.0,0.0,1.0,3.0,0.0,0.0,4.0,0.0,0.0,0.0,0.0,1.0,3.0,0.0,0.0,0.0,0.0,0.0,0.0,0.0
139,231,Sprint 5,0,18,11,11,0,0,11,11,0,0,0,0,0,0,1,2,14.0,0.0,6.0,0.8571428571428571,0.0,1.65748386032949,2.7472527472527477,6.0,0.0,1.0,0.35714285714285715,0.0,0.4972451580988468,0.24725274725274715,1.0,0.0,1.0,0.7857142857142857,1.0,0.4258153136263201,0.1813186813186813,1.0,0.0,3.0,0.5,0.0,0.9405399431259602,0.8846153846153846,3.0,0.0,0.0,0.0,0.0,0.0,0.0,0.0,0.0,0.0,0.0,0.0,0.0,0.0,0.0,0.0,5.0,2.357142857142857,3.0,1.7368026705655184,3.0164835164835164,5.0,0.0,1.0,0.07142857142857142,0.0,0.26726124191242434,0.07142857142857141,1.0,0.0,1.0,0.07142857142857142,0.0,0.26726124191242434,0.07142857142857141,1.0,2.0,2.0,6.0,0.0,10.0,3.0,1.0,0.0,0.0,8.0,6.0,0.0,1.0,0.0,0.0,3.0,0.0,0.0
139,247,Perl Sprint 6,-5,18,19,20,0,0,3,4,13,12,3,4,0,0,1,2,19.0,0.0,6.0,0.9473684210526315,0.0,1.4709665835968126,2.163742690058479,6.0,0.0,1.0,0.3157894736842105,0.0,0.4775669329409193,0.2280701754385965,1.0,0.0,1.0,0.8421052631578947,1.0,0.3746343246326776,0.14035087719298245,1.0,0.0,3.0,0.3684210526315789,0.0,0.8306975860878395,0.6900584795321636,3.0,0.0,0.0,0.0,0.0,0.0,0.0,0.0,0.0,0.0,0.0,0.0,0.0,0.0,0.0,0.0,5.0,2.1052631578947367,3.0,1.6962290477574484,2.8771929824561404,5.0,0.0,1.0,0.05263157894736842,0.0,0.22941573387056177,0.05263157894736842,1.0,0.0,1.0,0.05263157894736842,0.0,0.22941573387056177,0.05263157894736842,1.0,5.0,2.0,8.0,0.0,15.0,3.0,1.0,0.0,0.0,9.0,10.0,0.0,1.0,0.0,0.0,3.0,0.0,0.0
139,273,Perl Sprint 7,0,18,1,1,9,10,0,0,7,8,1,1,2,2,1,3,10.0,0.0,5.0,2.2,2.0,1.8135294011647258,3.288888888888889,5.0,0.0,1.0,0.1,0.0,0.31622776601683794,0.10000000000000002,1.0,0.0,1.0,0.7,1.0,0.4830458915396479,0.23333333333333328,1.0,0.0,0.0,0.0,0.0,0.0,0.0,0.0,0.0,0.0,0.0,0.0,0.0,0.0,0.0,0.0,0.0,0.0,0.0,0.0,0.0,0.0,0.0,3.0,1.1,0.5,1.3703203194062978,1.877777777777778,3.0,0.0,0.0,0.0,0.0,0.0,0.0,0.0,0.0,0.0,0.0,0.0,0.0,0.0,0.0,5.0,0.0,2.0,0.0,10.0,0.0,0.0,0.0,0.0,4.0,6.0,0.0,0.0,0.0,0.0,3.0,0.0,0.0
139,288,Perl Sprint 8,-15,18,0,0,6,24,1,5,5,19,0,0,0,0,1,3,6.0,0.0,5.0,1.1666666666666667,0.5,1.9407902170679516,3.7666666666666666,5.0,0.0,0.0,0.0,0.0,0.0,0.0,0.0,1.0,1.0,1.0,1.0,0.0,0.0,0.0,0.0,2.0,1.0,1.0,0.8944271909999159,0.8,2.0,0.0,0.0,0.0,0.0,0.0,0.0,0.0,0.0,0.0,0.0,0.0,0.0,0.0,0.0,0.0,5.0,2.5,2.5,2.7386127875258306,7.5,5.0,0.0,1.0,0.3333333333333333,0.0,0.5163977794943223,0.2666666666666667,1.0,0.0,3.0,0.5,0.0,1.224744871391589,1.5,3.0,2.0,2.0,0.0,0.0,4.0,0.0,2.0,0.0,0.0,1.0,5.0,0.0,2.0,0.0,0.0,0.0,0.0,0.0
139,302,Perl Sprint 9,0,17,8,33,1,1,0,0,3,3,1,3,5,28,1,3,9.0,0.0,2.0,1.0,1.0,0.8660254037844386,0.75,2.0,0.0,0.0,0.0,0.0,0.0,0.0,0.0,1.0,2.0,1.4444444444444444,1.0,0.5270462766947299,0.2777777777777778,1.0,0.0,2.0,1.0,1.0,0.5,0.25,2.0,0.0,0.0,0.0,0.0,0.0,0.0,0.0,0.0,0.0,0.0,0.0,0.0,0.0,0.0,0.0,7.0,2.111111111111111,1.0,2.758824226207808,7.6111111111111125,7.0,0.0,1.0,0.2222222222222222,0.0,0.44095855184409843,0.19444444444444445,1.0,0.0,3.0,0.6666666666666666,0.0,1.118033988749895,1.2500000000000002,3.0,0.0,6.0,1.0,0.0,7.0,0.0,2.0,0.0,0.0,0.0,9.0,0.0,2.0,0.0,0.0,0.0,0.0,0.0
139,323,Perl Sprint 10,-4,17,0,0,4,11,0,0,4,11,0,0,0,0,1,1,5.0,0.0,2.0,0.6,0.0,0.8944271909999157,0.7999999999999998,2.0,0.0,0.0,0.0,0.0,0.0,0.0,0.0,1.0,2.0,1.2,1.0,0.4472135954999579,0.2,1.0,0.0,2.0,0.8,1.0,0.8366600265340756,0.7000000000000001,2.0,0.0,0.0,0.0,0.0,0.0,0.0,0.0,0.0,0.0,0.0,0.0,0.0,0.0,0.0,0.0,1.0,0.2,0.0,0.44721359549995804,0.20000000000000007,1.0,0.0,0.0,0.0,0.0,0.0,0.0,0.0,0.0,0.0,0.0,0.0,0.0,0.0,0.0,0.0,3.0,2.0,0.0,5.0,0.0,0.0,0.0,0.0,0.0,5.0,0.0,0.0,0.0,0.0,0.0,0.0,0.0
139,340,Perl Sprint 11,-5,18,0,0,7,13,0,0,5,8,0,0,2,5,1,2,8.0,0.0,2.0,1.0,1.0,0.9258200997725514,0.8571428571428571,2.0,0.0,1.0,0.125,0.0,0.3535533905932738,0.125,1.0,1.0,2.0,1.125,1.0,0.3535533905932738,0.125,1.0,0.0,1.0,0.375,0.0,0.5175491695067657,0.26785714285714285,1.0,0.0,0.0,0.0,0.0,0.0,0.0,0.0,0.0,0.0,0.0,0.0,0.0,0.0,0.0,0.0,5.0,1.375,0.0,1.9955307206712847,3.982142857142857,5.0,0.0,1.0,0.125,0.0,0.3535533905932738,0.125,1.0,0.0,1.0,0.25,0.0,0.4629100498862757,0.21428571428571427,1.0,4.0,3.0,1.0,0.0,6.0,1.0,1.0,0.0,0.0,1.0,7.0,0.0,0.0,0.0,0.0,0.0,0.0,0.0
139,347,Perl Sprint 12,-8,18,0,0,4,11,0,0,3,3,1,8,0,0,1,2,15.0,0.0,7.0,0.8,0.0,1.820517979665599,3.3142857142857145,7.0,0.0,0.0,0.0,0.0,0.0,0.0,0.0,0.0,1.0,0.9333333333333333,1.0,0.25819888974716115,0.06666666666666668,1.0,0.0,1.0,0.4,0.0,0.50709255283711,0.2571428571428572,1.0,0.0,0.0,0.0,0.0,0.0,0.0,0.0,0.0,0.0,0.0,0.0,0.0,0.0,0.0,0.0,5.0,0.6666666666666666,0.0,1.7593288763724917,3.095238095238094,5.0,0.0,1.0,0.06666666666666667,0.0,0.25819888974716115,0.06666666666666668,1.0,0.0,1.0,0.13333333333333333,0.0,0.3518657752744984,0.12380952380952381,1.0,7.0,3.0,3.0,2.0,14.0,0.0,1.0,0.0,0.0,7.0,8.0,0.0,0.0,0.0,0.0,0.0,0.0,0.0
139,354,Perl Sprint 13,-4,18,0,0,14,29,0,0,3,4,0,0,11,25,1,2,16.0,0.0,10.0,1.9375,1.0,2.462214450449026,6.0625,10.0,0.0,0.0,0.0,0.0,0.0,0.0,0.0,0.0,1.0,0.9375,1.0,0.25,0.0625,1.0,0.0,2.0,0.75,1.0,0.7745966692414834,0.6,2.0,0.0,0.0,0.0,0.0,0.0,0.0,0.0,0.0,0.0,0.0,0.0,0.0,0.0,0.0,0.0,5.0,1.0625,0.0,1.8062391868188443,3.2625,5.0,0.0,1.0,0.0625,0.0,0.25,0.0625,1.0,0.0,1.0,0.1875,0.0,0.4031128874149275,0.1625,1.0,6.0,3.0,5.0,2.0,15.0,0.0,1.0,0.0,0.0,9.0,7.0,0.0,0.0,0.0,0.0,0.0,0.0,0.0
139,380,Perl Sprint 14,-14,18,3,16,0,0,0,0,3,16,0,0,0,0,1,1,4.0,0.0,0.0,0.0,0.0,0.0,0.0,0.0,0.0,0.0,0.0,0.0,0.0,0.0,0.0,1.0,1.0,1.0,1.0,0.0,0.0,0.0,0.0,1.0,0.25,0.0,0.5,0.25,1.0,0.0,0.0,0.0,0.0,0.0,0.0,0.0,0.0,0.0,0.0,0.0,0.0,0.0,0.0,0.0,1.0,0.25,0.0,0.5,0.25,1.0,0.0,0.0,0.0,0.0,0.0,0.0,0.0,0.0,0.0,0.0,0.0,0.0,0.0,0.0,0.0,4.0,0.0,0.0,4.0,0.0,0.0,0.0,0.0,0.0,4.0,0.0,0.0,0.0,0.0,0.0,0.0,0.0
139,395,Perl Sprint 16,-7,18,0,0,4,7,0,0,2,1,2,6,0,0,1,1,7.0,0.0,2.0,0.42857142857142855,0.0,0.7867957924694431,0.619047619047619,2.0,0.0,0.0,0.0,0.0,0.0,0.0,0.0,1.0,1.0,1.0,1.0,0.0,0.0,0.0,0.0,0.0,0.0,0.0,0.0,0.0,0.0,0.0,0.0,0.0,0.0,0.0,0.0,0.0,0.0,0.0,0.0,0.0,0.0,0.0,0.0,0.0,2.0,0.2857142857142857,0.0,0.7559289460184546,0.5714285714285716,2.0,0.0,0.0,0.0,0.0,0.0,0.0,0.0,0.0,0.0,0.0,0.0,0.0,0.0,0.0,5.0,1.0,1.0,0.0,7.0,0.0,0.0,0.0,0.0,2.0,5.0,0.0,0.0,0.0,0.0,0.0,0.0,0.0
139,449,Perl Sprint 17,-15,18,0,0,22,38,3,3,3,10,4,9,12,16,1,2,27.0,0.0,12.0,1.7037037037037037,1.0,2.477821853887228,6.139601139601139,12.0,0.0,1.0,0.1111111111111111,0.0,0.32025630761017426,0.10256410256410257,1.0,0.0,1.0,0.9259259259259259,1.0,0.2668802563418119,0.07122507122507124,1.0,0.0,3.0,0.25925925925925924,0.0,0.6558958989042621,0.43019943019943013,3.0,0.0,0.0,0.0,0.0,0.0,0.0,0.0,0.0,0.0,0.0,0.0,0.0,0.0,0.0,0.0,5.0,1.4444444444444444,0.0,1.6946370914726465,2.871794871794871,5.0,0.0,1.0,0.07407407407407407,0.0,0.2668802563418119,0.07122507122507124,1.0,0.0,1.0,0.037037037037037035,0.0,0.19245008972987523,0.03703703703703703,1.0,12.0,4.0,6.0,4.0,22.0,5.0,0.0,0.0,0.0,10.0,17.0,0.0,1.0,0.0,0.0,0.0,0.0,0.0
139,486,Perl Sprint 18,-20,18,8,20,0,0,0,0,8,20,0,0,0,0,1,1,8.0,0.0,6.0,1.625,1.0,2.065879266282796,4.267857142857143,6.0,0.0,0.0,0.0,0.0,0.0,0.0,0.0,1.0,1.0,1.0,1.0,0.0,0.0,0.0,0.0,0.0,0.0,0.0,0.0,0.0,0.0,0.0,0.0,0.0,0.0,0.0,0.0,0.0,0.0,0.0,0.0,0.0,0.0,0.0,0.0,0.0,4.0,0.875,0.0,1.4577379737113252,2.125,4.0,0.0,0.0,0.0,0.0,0.0,0.0,0.0,0.0,0.0,0.0,0.0,0.0,0.0,0.0,3.0,4.0,1.0,0.0,8.0,0.0,0.0,0.0,0.0,1.0,7.0,0.0,0.0,0.0,0.0,0.0,0.0,0.0
139,516,Perl Sprint 19,-1,18,0,0,8,20,0,0,8,20,0,0,0,0,1,1,9.0,0.0,11.0,2.6666666666666665,1.0,3.6742346141747673,13.500000000000002,11.0,0.0,0.0,0.0,0.0,0.0,0.0,0.0,0.0,1.0,0.8888888888888888,1.0,0.33333333333333337,0.11111111111111112,1.0,0.0,1.0,0.1111111111111111,0.0,0.3333333333333333,0.1111111111111111,1.0,0.0,0.0,0.0,0.0,0.0,0.0,0.0,0.0,0.0,0.0,0.0,0.0,0.0,0.0,0.0,4.0,0.7777777777777778,0.0,1.3944333775567928,1.9444444444444446,4.0,0.0,0.0,0.0,0.0,0.0,0.0,0.0,0.0,0.0,0.0,0.0,0.0,0.0,0.0,4.0,4.0,1.0,0.0,9.0,0.0,0.0,0.0,0.0,1.0,8.0,0.0,0.0,0.0,0.0,0.0,0.0,0.0
139,554,Perl Sprint 20,4,18,18,29,1,2,0,0,8,14,4,6,7,11,1,1,23.0,0.0,4.0,0.5652173913043478,0.0,1.036869719024164,1.0750988142292488,4.0,0.0,0.0,0.0,0.0,0.0,0.0,0.0,1.0,1.0,1.0,1.0,0.0,0.0,0.0,0.0,2.0,0.21739130434782608,0.0,0.5997364375010101,0.3596837944664031,2.0,0.0,0.0,0.0,0.0,0.0,0.0,0.0,0.0,0.0,0.0,0.0,0.0,0.0,0.0,0.0,4.0,0.30434782608695654,0.0,0.9261249968991349,0.8577075098814226,4.0,0.0,0.0,0.0,0.0,0.0,0.0,0.0,0.0,1.0,0.13043478260869565,0.0,0.34435022157509093,0.11857707509881421,1.0,6.0,7.0,10.0,0.0,23.0,0.0,0.0,0.0,0.0,7.0,16.0,0.0,0.0,0.0,0.0,0.0,0.0,0.0
139,571,Perl Sprint 21,-22,17,12,32,0,0,0,0,10,27,2,5,0,0,1,1,15.0,0.0,7.0,1.0,0.0,1.8516401995451028,3.4285714285714284,7.0,0.0,1.0,0.06666666666666667,0.0,0.25819888974716115,0.06666666666666668,1.0,1.0,1.0,1.0,1.0,0.0,0.0,0.0,0.0,1.0,0.13333333333333333,0.0,0.35186577527449836,0.12380952380952379,1.0,0.0,0.0,0.0,0.0,0.0,0.0,0.0,0.0,0.0,0.0,0.0,0.0,0.0,0.0,0.0,2.0,0.5333333333333333,0.0,0.7432233529572067,0.5523809523809525,2.0,0.0,1.0,0.2,0.0,0.4140393356054126,0.17142857142857149,1.0,0.0,1.0,0.13333333333333333,0.0,0.35186577527449836,0.12380952380952377,1.0,6.0,3.0,4.0,0.0,12.0,3.0,0.0,0.0,0.0,6.0,9.0,0.0,0.0,0.0,0.0,2.0,0.0,0.0
139,608,Perl Sprint 22,-22,18,0,0,11,33,2,6,9,27,0,0,0,0,1,1,12.0,0.0,7.0,0.75,0.0,2.050498830661811,4.204545454545454,7.0,0.0,1.0,0.08333333333333333,0.0,0.28867513459481287,0.08333333333333331,1.0,1.0,1.0,1.0,1.0,0.0,0.0,0.0,0.0,1.0,0.25,0.0,0.45226701686664544,0.20454545454545456,1.0,0.0,0.0,0.0,0.0,0.0,0.0,0.0,0.0,0.0,0.0,0.0,0.0,0.0,0.0,0.0,2.0,0.5,0.0,0.674199862463242,0.45454545454545453,2.0,0.0,1.0,0.08333333333333333,0.0,0.28867513459481287,0.08333333333333331,1.0,0.0,1.0,0.16666666666666666,0.0,0.38924947208076144,0.1515151515151515,1.0,5.0,2.0,3.0,0.0,9.0,3.0,0.0,0.0,0.0,3.0,9.0,0.0,0.0,0.0,0.0,2.0,0.0,0.0
139,634,Perl Sprint 23,0,18,3,17,0,0,0,0,2,16,0,0,1,1,1,1,4.0,0.0,7.0,2.0,0.5,3.366501646120693,11.333333333333334,7.0,0.0,1.0,0.25,0.0,0.5,0.25,1.0,1.0,1.0,1.0,1.0,0.0,0.0,0.0,0.0,0.0,0.0,0.0,0.0,0.0,0.0,0.0,0.0,0.0,0.0,0.0,0.0,0.0,0.0,0.0,0.0,0.0,0.0,0.0,0.0,0.0,1.0,0.25,0.0,0.5,0.25,1.0,0.0,1.0,0.25,0.0,0.5,0.25,1.0,0.0,1.0,0.25,0.0,0.5,0.25,1.0,0.0,2.0,2.0,0.0,4.0,0.0,0.0,0.0,0.0,2.0,2.0,0.0,0.0,0.0,0.0,0.0,0.0,0.0
141,31,Sprint 1,-3,37,3,3,2,2,0,0,3,3,0,0,2,2,1,4,24.0,0.0,11.0,1.25,0.0,3.110291472431203,9.673913043478262,11.0,0.0,1.0,0.041666666666666664,0.0,0.2041241452319315,0.04166666666666667,1.0,1.0,1.0,1.0,1.0,0.0,0.0,0.0,0.0,5.0,0.9583333333333334,0.0,1.488482351304485,2.215579710144928,5.0,0.0,0.0,0.0,0.0,0.0,0.0,0.0,0.0,0.0,0.0,0.0,0.0,0.0,0.0,0.0,1.0,0.5833333333333334,1.0,0.5036101551853348,0.25362318840579706,1.0,0.0,0.0,0.0,0.0,0.0,0.0,0.0,0.0,3.0,0.625,0.0,0.9696480760071398,0.9402173913043478,3.0,0.0,2.0,0.0,19.0,23.0,1.0,0.0,0.0,0.0,1.0,23.0,0.0,2.0,1.0,0.0,0.0,0.0,0.0
141,103,Sprint 2,0,14,5,5,0,0,0,0,5,5,0,0,0,0,1,3,5.0,0.0,80.0,17.4,3.0,35.039977168942336,1227.8000000000002,80.0,0.0,1.0,0.2,0.0,0.44721359549995804,0.20000000000000007,1.0,1.0,2.0,1.2,1.0,0.44721359549995804,0.20000000000000007,1.0,0.0,2.0,0.8,1.0,0.8366600265340756,0.7000000000000001,2.0,0.0,0.0,0.0,0.0,0.0,0.0,0.0,0.0,0.0,0.0,0.0,0.0,0.0,0.0,0.0,4.0,1.4,0.0,1.9493588689617927,3.7999999999999994,4.0,0.0,1.0,0.2,0.0,0.44721359549995804,0.20000000000000007,1.0,0.0,8.0,2.4,1.0,3.361547262794322,11.299999999999999,8.0,0.0,2.0,0.0,0.0,2.0,3.0,0.0,0.0,0.0,1.0,4.0,0.0,3.0,0.0,0.0,0.0,0.0,0.0
141,139,Sprint 1 - April 14 - May 2,-5,18,6,6,2,2,0,0,8,8,0,0,0,0,1,4,9.0,0.0,4.0,0.7777777777777778,0.0,1.3944333775567928,1.9444444444444446,4.0,0.0,1.0,0.1111111111111111,0.0,0.3333333333333333,0.1111111111111111,1.0,0.0,1.0,0.8888888888888888,1.0,0.33333333333333337,0.11111111111111112,1.0,0.0,2.0,0.4444444444444444,0.0,0.7264831572567789,0.5277777777777778,2.0,0.0,0.0,0.0,0.0,0.0,0.0,0.0,0.0,0.0,0.0,0.0,0.0,0.0,0.0,0.0,1.0,0.1111111111111111,0.0,0.3333333333333333,0.1111111111111111,1.0,0.0,0.0,0.0,0.0,0.0,0.0,0.0,0.0,3.0,0.7777777777777778,0.0,1.0929064207170003,1.1944444444444446,3.0,4.0,3.0,1.0,0.0,8.0,1.0,0.0,0.0,0.0,0.0,9.0,0.0,1.0,0.0,0.0,0.0,0.0,0.0
141,140,Sprint 2 - May 5 - May 23,-3,18,6,6,0,0,0,0,6,6,0,0,0,0,1,3,6.0,0.0,5.0,1.3333333333333333,1.0,1.8618986725025257,3.4666666666666672,5.0,0.0,0.0,0.0,0.0,0.0,0.0,0.0,0.0,1.0,0.8333333333333334,1.0,0.408248290463863,0.16666666666666669,1.0,0.0,1.0,0.16666666666666666,0.0,0.408248290463863,0.16666666666666669,1.0,0.0,0.0,0.0,0.0,0.0,0.0,0.0,0.0,0.0,0.0,0.0,0.0,0.0,0.0,0.0,1.0,0.16666666666666666,0.0,0.408248290463863,0.16666666666666669,1.0,0.0,0.0,0.0,0.0,0.0,0.0,0.0,0.0,3.0,0.8333333333333334,0.5,1.1690451944500122,1.3666666666666667,3.0,2.0,3.0,0.0,0.0,5.0,1.0,0.0,0.0,0.0,0.0,6.0,0.0,1.0,0.0,0.0,0.0,0.0,0.0
141,181,Sprint 3 - May 25 - June 13,-3,17,12,12,1,1,0,0,8,8,5,5,0,0,1,3,16.0,0.0,4.0,1.3125,1.0,1.352466881911223,1.8291666666666666,4.0,0.0,1.0,0.1875,0.0,0.4031128874149275,0.1625,1.0,0.0,1.0,0.875,1.0,0.3415650255319866,0.11666666666666667,1.0,0.0,4.0,0.625,0.0,1.0878112581387147,1.1833333333333333,4.0,0.0,0.0,0.0,0.0,0.0,0.0,0.0,0.0,0.0,0.0,0.0,0.0,0.0,0.0,0.0,1.0,0.3125,0.0,0.47871355387816905,0.22916666666666666,1.0,0.0,0.0,0.0,0.0,0.0,0.0,0.0,0.0,3.0,0.8125,0.5,0.9810708435174292,0.9625,3.0,4.0,9.0,1.0,0.0,16.0,0.0,0.0,0.0,0.0,4.0,12.0,0.0,2.0,0.0,0.0,0.0,0.0,0.0
141,197,Sprint 4 - June 16 - July 4,-6,18,3,3,7,7,3,3,6,6,1,1,0,0,1,5,14.0,0.0,3.0,0.5714285714285714,0.0,0.937614461876991,0.8791208791208794,3.0,0.0,1.0,0.2857142857142857,0.0,0.4688072309384954,0.21978021978021978,1.0,0.0,1.0,0.8571428571428571,1.0,0.36313651960128146,0.13186813186813187,1.0,0.0,4.0,0.6428571428571429,0.0,1.2157392722216298,1.4780219780219779,4.0,0.0,0.0,0.0,0.0,0.0,0.0,0.0,0.0,0.0,0.0,0.0,0.0,0.0,0.0,0.0,1.0,0.21428571428571427,0.0,0.4258153136263202,0.18131868131868142,1.0,0.0,0.0,0.0,0.0,0.0,0.0,0.0,0.0,3.0,0.42857142857142855,0.0,0.937614461876991,0.8791208791208796,3.0,2.0,11.0,0.0,0.0,14.0,0.0,0.0,0.0,0.0,4.0,10.0,0.0,1.0,0.0,0.0,0.0,0.0,0.0
141,207,Sprint 5 - July 7-25,0,14,6,6,2,2,8,8,0,0,0,0,0,0,1,5,9.0,0.0,1.0,0.2222222222222222,0.0,0.44095855184409843,0.19444444444444445,1.0,0.0,1.0,0.3333333333333333,0.0,0.5,0.25,1.0,1.0,1.0,1.0,1.0,0.0,0.0,0.0,0.0,4.0,0.8888888888888888,0.0,1.4529663145135578,2.111111111111111,4.0,0.0,0.0,0.0,0.0,0.0,0.0,0.0,0.0,0.0,0.0,0.0,0.0,0.0,0.0,0.0,1.0,0.3333333333333333,0.0,0.5,0.25,1.0,0.0,0.0,0.0,0.0,0.0,0.0,0.0,0.0,7.0,1.0,0.0,2.345207879911715,5.5,7.0,2.0,6.0,1.0,0.0,9.0,0.0,0.0,0.0,0.0,4.0,5.0,0.0,0.0,0.0,0.0,0.0,0.0,0.0
141,208,Ruby Sprint 6,-14,18,5,5,9,9,0,0,14,14,0,0,0,0,1,5,14.0,0.0,3.0,0.8571428571428571,1.0,0.8644378215075665,0.7472527472527475,3.0,0.0,1.0,0.2857142857142857,0.0,0.4688072309384954,0.21978021978021978,1.0,0.0,1.0,0.9285714285714286,1.0,0.26726124191242434,0.07142857142857141,1.0,0.0,4.0,0.6428571428571429,0.0,1.2157392722216296,1.4780219780219777,4.0,0.0,0.0,0.0,0.0,0.0,0.0,0.0,0.0,0.0,0.0,0.0,0.0,0.0,0.0,0.0,3.0,0.8571428571428571,0.5,1.0994504121565505,1.2087912087912087,3.0,0.0,0.0,0.0,0.0,0.0,0.0,0.0,0.0,11.0,1.5714285714285714,0.0,3.4129681581215565,11.648351648351651,11.0,2.0,11.0,1.0,0.0,14.0,0.0,0.0,0.0,0.0,5.0,9.0,0.0,0.0,0.0,0.0,0.0,0.0,0.0
141,275,Ruby Sprint 7,-9,17,15,15,0,0,0,0,15,15,0,0,0,0,1,5,16.0,0.0,8.0,1.3125,1.0,1.9906029237394383,3.9625,8.0,0.0,1.0,0.25,0.0,0.4472135954999579,0.2,1.0,0.0,1.0,0.9375,1.0,0.25,0.0625,1.0,0.0,4.0,0.5625,0.0,1.1528949070347507,1.3291666666666666,4.0,0.0,0.0,0.0,0.0,0.0,0.0,0.0,0.0,0.0,0.0,0.0,0.0,0.0,0.0,0.0,3.0,0.75,0.0,1.0645812948447542,1.1333333333333333,3.0,0.0,0.0,0.0,0.0,0.0,0.0,0.0,0.0,11.0,1.4375,0.0,3.285701345730213,10.795833333333333,11.0,3.0,11.0,2.0,0.0,16.0,0.0,0.0,0.0,0.0,5.0,11.0,0.0,0.0,0.0,0.0,0.0,0.0,0.0
141,285,Ruby Sprint 8,-2,18,10,10,0,0,0,0,9,9,1,1,0,0,1,5,11.0,0.0,122.0,12.0,1.0,36.49383509580762,1331.8,122.0,0.0,1.0,0.18181818181818182,0.0,0.4045199174779452,0.16363636363636358,1.0,1.0,2.0,1.0909090909090908,1.0,0.30151134457776363,0.09090909090909091,1.0,0.0,4.0,0.6363636363636364,0.0,1.2862913567871996,1.6545454545454548,4.0,0.0,0.0,0.0,0.0,0.0,0.0,0.0,0.0,0.0,0.0,0.0,0.0,0.0,0.0,0.0,2.0,0.8181818181818182,1.0,0.6030226891555273,0.3636363636363636,2.0,0.0,0.0,0.0,0.0,0.0,0.0,0.0,0.0,11.0,2.090909090909091,0.0,3.832872172524032,14.690909090909091,11.0,2.0,9.0,0.0,0.0,11.0,0.0,0.0,0.0,0.0,3.0,8.0,0.0,0.0,0.0,0.0,0.0,0.0,0.0
141,300,Ruby Sprint 9,-8,18,13,13,0,0,0,0,13,13,0,0,0,0,1,2,14.0,0.0,1.0,0.21428571428571427,0.0,0.4258153136263202,0.18131868131868142,1.0,0.0,1.0,0.42857142857142855,0.0,0.5135525910130955,0.2637362637362637,1.0,1.0,2.0,1.5714285714285714,2.0,0.5135525910130955,0.26373626373626374,1.0,0.0,1.0,0.2857142857142857,0.0,0.4688072309384954,0.21978021978021978,1.0,0.0,0.0,0.0,0.0,0.0,0.0,0.0,0.0,0.0,0.0,0.0,0.0,0.0,0.0,0.0,2.0,1.4285714285714286,2.0,0.7559289460184545,0.5714285714285715,2.0,0.0,0.0,0.0,0.0,0.0,0.0,0.0,0.0,2.0,0.35714285714285715,0.0,0.7449463436684919,0.5549450549450549,2.0,1.0,7.0,5.0,0.0,13.0,1.0,0.0,0.0,0.0,5.0,9.0,0.0,1.0,0.0,0.0,0.0,0.0,0.0
141,327,Ruby Sprint 11,26,18,0,0,0,0,0,0,0,0,0,0,0,0,1,2,34.0,0.0,8.0,0.4411764705882353,0.0,1.5213864583968224,2.3146167557932262,8.0,0.0,1.0,0.5588235294117647,1.0,0.5039947372613783,0.25401069518716574,1.0,1.0,2.0,1.1470588235294117,1.0,0.3594906279535709,0.12923351158645274,1.0,0.0,1.0,0.2647058823529412,0.0,0.4478110755198991,0.20053475935828882,1.0,0.0,0.0,0.0,0.0,0.0,0.0,0.0,0.0,0.0,0.0,0.0,0.0,0.0,0.0,0.0,2.0,0.5,0.0,0.7071067811865476,0.5,2.0,0.0,0.0,0.0,0.0,0.0,0.0,0.0,0.0,5.0,0.5294117647058824,0.0,1.079710795106504,1.1657754010695187,5.0,2.0,14.0,14.0,0.0,32.0,1.0,1.0,0.0,0.0,16.0,18.0,0.0,3.0,1.0,0.0,0.0,0.0,0.0
141,392,Ruby Sprint 15,5,21,15,15,0,0,0,0,13,13,0,0,2,2,1,2,23.0,0.0,39.0,5.478260869565218,0.0,11.413188404876939,130.2608695652174,39.0,0.0,1.0,0.43478260869565216,0.0,0.506869801869702,0.2569169960474309,1.0,0.0,2.0,0.782608695652174,1.0,0.5997364375010101,0.3596837944664031,2.0,0.0,1.0,0.13043478260869565,0.0,0.34435022157509093,0.11857707509881421,1.0,0.0,0.0,0.0,0.0,0.0,0.0,0.0,0.0,0.0,0.0,0.0,0.0,0.0,0.0,0.0,2.0,0.2608695652173913,0.0,0.540823555863717,0.292490118577075,2.0,0.0,0.0,0.0,0.0,0.0,0.0,0.0,0.0,4.0,0.30434782608695654,0.0,0.8756702684071965,0.7667984189723316,4.0,1.0,13.0,6.0,0.0,20.0,2.0,1.0,0.0,0.0,6.0,17.0,0.0,2.0,1.0,0.0,0.0,0.0,0.0
141,417,Ruby Sprint 16,0,14,8,8,4,4,0,0,7,7,1,1,4,4,1,3,15.0,0.0,40.0,5.533333333333333,0.0,13.600770286309244,184.9809523809524,40.0,0.0,1.0,0.6666666666666666,1.0,0.4879500364742666,0.2380952380952381,1.0,0.0,2.0,0.7333333333333333,1.0,0.5936168397046637,0.3523809523809524,2.0,0.0,1.0,0.2,0.0,0.4140393356054126,0.17142857142857149,1.0,0.0,0.0,0.0,0.0,0.0,0.0,0.0,0.0,0.0,0.0,0.0,0.0,0.0,0.0,0.0,1.0,0.3333333333333333,0.0,0.48795003647426666,0.23809523809523814,1.0,0.0,0.0,0.0,0.0,0.0,0.0,0.0,0.0,1.0,0.06666666666666667,0.0,0.25819888974716115,0.06666666666666668,1.0,1.0,12.0,0.0,0.0,12.0,2.0,1.0,0.0,0.0,0.0,15.0,0.0,1.0,1.0,0.0,0.0,0.0,0.0
141,492,Ruby Sprint 18,0,17,3,3,0,0,3,3,0,0,0,0,0,0,1,2,3.0,0.0,38.0,13.0,1.0,21.656407827707714,469.0,38.0,0.0,1.0,0.6666666666666666,1.0,0.5773502691896258,0.33333333333333337,1.0,0.0,1.0,0.6666666666666666,1.0,0.5773502691896258,0.33333333333333337,1.0,0.0,0.0,0.0,0.0,0.0,0.0,0.0,0.0,0.0,0.0,0.0,0.0,0.0,0.0,0.0,0.0,0.0,0.0,0.0,0.0,0.0,0.0,2.0,0.6666666666666666,0.0,1.1547005383792517,1.3333333333333335,2.0,0.0,0.0,0.0,0.0,0.0,0.0,0.0,0.0,1.0,0.3333333333333333,0.0,0.5773502691896258,0.33333333333333337,1.0,0.0,2.0,0.0,0.0,1.0,1.0,1.0,0.0,0.0,0.0,3.0,0.0,1.0,0.0,0.0,0.0,0.0,0.0
141,514,Ruby Sprint 19,-1,18,0,0,8,8,6,6,2,2,0,0,0,0,1,2,8.0,0.0,38.0,5.0,0.0,13.341664064126334,178.0,38.0,0.0,1.0,0.625,1.0,0.5175491695067657,0.26785714285714285,1.0,0.0,1.0,0.875,1.0,0.3535533905932738,0.125,1.0,0.0,7.0,1.125,0.0,2.416461403433896,5.839285714285714,7.0,0.0,0.0,0.0,0.0,0.0,0.0,0.0,0.0,0.0,0.0,0.0,0.0,0.0,0.0,0.0,3.0,0.75,0.0,1.164964745021435,1.3571428571428572,3.0,0.0,0.0,0.0,0.0,0.0,0.0,0.0,0.0,1.0,0.25,0.0,0.4629100498862757,0.21428571428571427,1.0,2.0,4.0,0.0,0.0,5.0,2.0,1.0,0.0,0.0,3.0,5.0,0.0,1.0,1.0,0.0,0.0,0.0,0.0
141,584,Ruby Sprint 21,7,18,0,0,20,20,1,1,15,15,2,2,2,2,1,1,29.0,0.0,7.0,0.6896551724137931,0.0,1.6058697749164303,2.5788177339901464,7.0,0.0,1.0,0.5862068965517241,1.0,0.5012300141587652,0.25123152709359603,1.0,0.0,1.0,0.8620689655172413,1.0,0.3509312031717982,0.12315270935960591,1.0,0.0,7.0,0.6896551724137931,0.0,1.3121260903005059,1.7216748768472911,7.0,0.0,0.0,0.0,0.0,0.0,0.0,0.0,0.0,0.0,0.0,0.0,0.0,0.0,0.0,0.0,3.0,0.3793103448275862,0.0,0.820008410385801,0.6724137931034482,3.0,0.0,0.0,0.0,0.0,0.0,0.0,0.0,0.0,3.0,0.2413793103448276,0.0,0.6355634403421168,0.40394088669950745,3.0,5.0,2.0,22.0,0.0,26.0,2.0,0.0,1.0,0.0,7.0,22.0,0.0,0.0,0.0,0.0,0.0,0.0,0.0
141,619,Ruby Sprint 22,-2,14,6,6,3,3,2,2,7,7,0,0,0,0,1,2,22.0,0.0,8.0,1.2727272727272727,1.0,1.9804236723685977,3.9220779220779227,8.0,0.0,2.0,0.2727272727272727,0.0,0.5504818825631803,0.30303030303030304,2.0,0.0,1.0,0.3181818181818182,0.0,0.4767312946227962,0.22727272727272727,1.0,0.0,2.0,0.36363636363636365,0.0,0.6579516949597689,0.43290043290043284,2.0,0.0,0.0,0.0,0.0,0.0,0.0,0.0,0.0,0.0,0.0,0.0,0.0,0.0,0.0,0.0,7.0,0.45454545454545453,0.0,1.5345938729769373,2.354978354978356,7.0,0.0,0.0,0.0,0.0,0.0,0.0,0.0,0.0,1.0,0.045454545454545456,0.0,0.2132007163556105,0.04545454545454548,1.0,2.0,3.0,14.0,0.0,21.0,1.0,0.0,0.0,0.0,7.0,15.0,0.0,1.0,1.0,1.0,0.0,0.0,0.0
161,130,Sprint 1 April 14 - May 2,8,18,13,13,2,2,3,3,3,3,2,2,7,7,1,3,24.0,0.0,9.0,2.3333333333333335,1.0,3.01686083128843,9.101449275362317,9.0,0.0,2.0,0.9166666666666666,1.0,0.408248290463863,0.16666666666666666,2.0,1.0,1.0,1.0,1.0,0.0,0.0,0.0,0.0,7.0,1.0416666666666667,0.5,1.6010639578422372,2.5634057971014492,7.0,0.0,0.0,0.0,0.0,0.0,0.0,0.0,0.0,0.0,0.0,0.0,0.0,0.0,0.0,0.0,5.0,0.9166666666666666,0.0,1.5857152183236396,2.514492753623188,5.0,0.0,1.0,0.041666666666666664,0.0,0.20412414523193154,0.04166666666666668,1.0,0.0,2.0,0.2916666666666667,0.0,0.6240935455708451,0.3894927536231884,2.0,14.0,1.0,7.0,0.0,17.0,6.0,1.0,0.0,0.0,16.0,8.0,0.0,2.0,0.0,0.0,0.0,0.0,0.0
161,131,Sprint 2,-8,18,12,12,1,1,0,0,8,8,2,2,3,3,1,2,13.0,0.0,10.0,2.1538461538461537,1.0,2.7942248133771037,7.807692307692309,10.0,0.0,1.0,0.7692307692307693,1.0,0.4385290096535146,0.1923076923076923,1.0,0.0,1.0,0.9230769230769231,1.0,0.2773500981126146,0.07692307692307694,1.0,0.0,7.0,0.7692307692307693,0.0,1.921537845661045,3.6923076923076903,7.0,0.0,0.0,0.0,0.0,0.0,0.0,0.0,0.0,0.0,0.0,0.0,0.0,0.0,0.0,0.0,5.0,1.2307692307692308,1.0,1.4806443503784736,2.192307692307692,5.0,0.0,1.0,0.15384615384615385,0.0,0.37553380809940534,0.141025641025641,1.0,0.0,2.0,0.3076923076923077,0.0,0.6304251719561151,0.3974358974358973,2.0,3.0,1.0,3.0,0.0,9.0,4.0,0.0,0.0,0.0,8.0,5.0,0.0,6.0,0.0,0.0,0.0,0.0,0.0
161,182,Sprint 3 - May 25 - High Level,-2,17,13,13,0,0,5,5,7,7,1,1,0,0,1,2,20.0,0.0,10.0,1.15,0.0,2.5188761069384227,6.344736842105264,10.0,0.0,2.0,0.65,1.0,0.5871429486123998,0.3447368421052631,2.0,0.0,1.0,0.9,1.0,0.30779350562554625,0.09473684210526317,1.0,0.0,7.0,0.8,0.0,1.6415653633362466,2.694736842105263,7.0,0.0,0.0,0.0,0.0,0.0,0.0,0.0,0.0,0.0,0.0,0.0,0.0,0.0,0.0,0.0,5.0,0.8,0.0,1.3218806379747876,1.7473684210526317,5.0,0.0,1.0,0.1,0.0,0.30779350562554625,0.09473684210526317,1.0,0.0,2.0,0.35,0.0,0.6708203932499369,0.45,2.0,7.0,3.0,4.0,0.0,17.0,2.0,1.0,0.0,0.0,9.0,11.0,0.0,5.0,1.0,0.0,0.0,0.0,0.0
161,204,Sprint 4,-2,18,8,8,0,0,0,0,5,5,0,0,3,3,1,2,12.0,0.0,4.0,0.8333333333333334,0.0,1.5859229221975182,2.515151515151515,4.0,0.0,1.0,0.25,0.0,0.45226701686664544,0.20454545454545456,1.0,0.0,1.0,0.8333333333333334,1.0,0.38924947208076155,0.15151515151515155,1.0,0.0,3.0,0.6666666666666666,0.0,1.1547005383792517,1.3333333333333337,3.0,0.0,0.0,0.0,0.0,0.0,0.0,0.0,0.0,0.0,0.0,0.0,0.0,0.0,0.0,0.0,2.0,0.5833333333333334,0.0,0.7929614610987591,0.6287878787878788,2.0,0.0,0.0,0.0,0.0,0.0,0.0,0.0,0.0,2.0,0.5833333333333334,0.0,0.90033663737852,0.8106060606060606,2.0,5.0,3.0,2.0,0.0,9.0,2.0,1.0,0.0,0.0,2.0,10.0,0.0,2.0,0.0,0.0,0.0,0.0,0.0
161,228,Sprint 5,-6,14,7,7,0,0,0,0,6,6,0,0,1,1,1,2,7.0,0.0,2.0,0.42857142857142855,0.0,0.7867957924694431,0.619047619047619,2.0,0.0,1.0,0.14285714285714285,0.0,0.3779644730092273,0.1428571428571429,1.0,1.0,1.0,1.0,1.0,0.0,0.0,0.0,0.0,3.0,0.8571428571428571,0.0,1.2149857925879117,1.476190476190476,3.0,0.0,0.0,0.0,0.0,0.0,0.0,0.0,0.0,0.0,0.0,0.0,0.0,0.0,0.0,0.0,1.0,0.14285714285714285,0.0,0.37796447300922725,0.14285714285714288,1.0,0.0,0.0,0.0,0.0,0.0,0.0,0.0,0.0,2.0,1.2857142857142858,1.0,0.7559289460184545,0.5714285714285715,2.0,4.0,2.0,0.0,0.0,6.0,0.0,1.0,0.0,0.0,2.0,5.0,0.0,1.0,0.0,0.0,0.0,0.0,0.0
161,243,C# Sprint 6,5,18,0,0,6,6,5,5,1,1,0,0,0,0,1,2,15.0,0.0,5.0,0.9333333333333333,0.0,1.4375905768565218,2.0666666666666673,5.0,0.0,1.0,0.3333333333333333,0.0,0.48795003647426666,0.23809523809523814,1.0,0.0,1.0,0.9333333333333333,1.0,0.25819888974716115,0.06666666666666668,1.0,0.0,3.0,0.8,1.0,0.9411239481143203,0.8857142857142859,3.0,0.0,0.0,0.0,0.0,0.0,0.0,0.0,0.0,0.0,0.0,0.0,0.0,0.0,0.0,0.0,2.0,0.6666666666666666,1.0,0.7237468644557459,0.5238095238095238,2.0,0.0,1.0,0.06666666666666667,0.0,0.25819888974716115,0.06666666666666668,1.0,0.0,2.0,0.8,1.0,0.7745966692414834,0.6,2.0,7.0,2.0,0.0,0.0,9.0,5.0,1.0,0.0,0.0,6.0,9.0,0.0,6.0,0.0,0.0,0.0,0.0,0.0
161,261,C# Sprint 7,-3,14,10,10,1,1,0,0,3,3,4,4,4,4,1,2,16.0,0.0,53.0,4.125,0.0,13.104070614380353,171.71666666666667,53.0,0.0,1.0,0.25,0.0,0.4472135954999579,0.2,1.0,1.0,1.0,1.0,1.0,0.0,0.0,0.0,0.0,3.0,0.875,1.0,1.02469507659596,1.05,3.0,0.0,0.0,0.0,0.0,0.0,0.0,0.0,0.0,0.0,0.0,0.0,0.0,0.0,0.0,0.0,3.0,0.625,0.0,0.9574271077563381,0.9166666666666666,3.0,0.0,2.0,0.125,0.0,0.5,0.25,2.0,0.0,4.0,0.625,0.0,1.1474609652039003,1.3166666666666667,4.0,10.0,2.0,0.0,0.0,11.0,3.0,2.0,0.0,0.0,9.0,7.0,0.0,4.0,0.0,0.0,0.0,0.0,0.0
161,262,C# Sprint 8,-12,18,18,18,0,0,0,0,16,16,0,0,2,2,1,3,19.0,0.0,6.0,1.4210526315789473,1.0,1.804801911989365,3.257309941520468,6.0,0.0,2.0,0.5263157894736842,0.0,0.611775290321498,0.37426900584795325,2.0,0.0,2.0,0.8947368421052632,1.0,0.4588314677411235,0.21052631578947364,2.0,0.0,9.0,1.263157894736842,1.0,2.050531239111733,4.204678362573098,9.0,0.0,0.0,0.0,0.0,0.0,0.0,0.0,0.0,0.0,0.0,0.0,0.0,0.0,0.0,0.0,4.0,0.7368421052631579,0.0,1.2841817655680772,1.6491228070175437,4.0,0.0,1.0,0.10526315789473684,0.0,0.3153017676423058,0.09941520467836257,1.0,0.0,3.0,0.47368421052631576,0.0,0.9048278567177281,0.8187134502923976,3.0,7.0,4.0,3.0,0.0,15.0,3.0,1.0,0.0,0.0,8.0,11.0,0.0,5.0,0.0,0.0,0.0,0.0,0.0
161,263,C# Sprint 9,-6,18,15,15,0,0,0,0,11,11,1,1,3,3,1,2,21.0,0.0,10.0,1.1904761904761905,0.0,2.358369089414285,5.561904761904764,10.0,0.0,1.0,0.23809523809523808,0.0,0.4364357804719847,0.19047619047619044,1.0,0.0,2.0,0.9523809523809523,1.0,0.49761335152811936,0.24761904761904768,2.0,0.0,9.0,1.2857142857142858,1.0,2.1712405933672376,4.7142857142857135,9.0,0.0,0.0,0.0,0.0,0.0,0.0,0.0,0.0,0.0,0.0,0.0,0.0,0.0,0.0,0.0,4.0,0.7619047619047619,0.0,1.2611408289624877,1.5904761904761904,4.0,0.0,0.0,0.0,0.0,0.0,0.0,0.0,0.0,3.0,0.38095238095238093,0.0,0.8047478161629565,0.6476190476190476,3.0,9.0,10.0,0.0,0.0,18.0,3.0,0.0,0.0,0.0,6.0,15.0,0.0,2.0,0.0,0.0,0.0,0.0,0.0
161,289,C# Sprint 10,11,18,0,0,0,0,0,0,0,0,0,0,0,0,1,2,21.0,0.0,10.0,1.1904761904761905,0.0,2.5810665938531616,6.66190476190476,10.0,0.0,1.0,0.42857142857142855,0.0,0.50709255283711,0.2571428571428572,1.0,0.0,2.0,1.2380952380952381,1.0,0.6248809410409238,0.3904761904761905,2.0,0.0,9.0,1.0952380952380953,0.0,2.233937373893053,4.99047619047619,9.0,0.0,0.0,0.0,0.0,0.0,0.0,0.0,0.0,0.0,0.0,0.0,0.0,0.0,0.0,0.0,4.0,0.8571428571428571,0.0,1.3522468075656264,1.8285714285714285,4.0,0.0,0.0,0.0,0.0,0.0,0.0,0.0,0.0,3.0,0.3333333333333333,0.0,0.7958224257542215,0.6333333333333334,3.0,11.0,6.0,2.0,0.0,15.0,6.0,0.0,0.0,0.0,9.0,12.0,0.0,2.0,0.0,0.0,0.0,0.0,0.0
161,304,C Sprint 9,0,18,0,0,0,0,0,0,0,0,0,0,0,0,1,1,2.0,0.0,0.0,0.0,0.0,0.0,0.0,0.0,0.0,1.0,0.5,0.5,0.7071067811865476,0.5,1.0,1.0,2.0,1.5,1.5,0.7071067811865476,0.5,1.0,0.0,0.0,0.0,0.0,0.0,0.0,0.0,0.0,0.0,0.0,0.0,0.0,0.0,0.0,0.0,0.0,0.0,0.0,0.0,0.0,0.0,0.0,0.0,0.0,0.0,0.0,0.0,0.0,0.0,0.0,0.0,0.0,0.0,0.0,0.0,0.0,0.0,0.0,0.0,0.0,0.0,0.0,0.0,1.0,1.0,0.0,2.0,0.0,0.0,0.0,0.0,1.0,1.0,0.0,0.0,0.0,0.0,0.0,0.0,0.0
161,339,C# Sprint 11,6,18,7,7,7,7,0,0,4,4,1,1,9,9,1,3,20.0,0.0,16.0,2.35,1.0,4.2460507967311285,18.028947368421054,16.0,0.0,1.0,0.15,0.0,0.36634754853252327,0.13421052631578947,1.0,1.0,2.0,1.15,1.0,0.36634754853252327,0.13421052631578947,1.0,0.0,4.0,0.65,0.0,1.0894228312566052,1.1868421052631577,4.0,0.0,0.0,0.0,0.0,0.0,0.0,0.0,0.0,0.0,0.0,0.0,0.0,0.0,0.0,0.0,3.0,0.5,0.0,0.9459053029269173,0.8947368421052632,3.0,0.0,0.0,0.0,0.0,0.0,0.0,0.0,0.0,2.0,0.45,0.0,0.8255779474818966,0.6815789473684212,2.0,7.0,10.0,1.0,0.0,14.0,6.0,0.0,0.0,0.0,13.0,7.0,0.0,2.0,0.0,0.0,0.0,0.0,0.0
161,353,C# Sprint 12,6,32,10,10,2,2,1,1,11,11,0,0,0,0,1,2,20.0,0.0,5.0,1.25,0.5,1.6819474927657678,2.8289473684210527,5.0,0.0,1.0,0.15,0.0,0.36634754853252327,0.13421052631578947,1.0,1.0,2.0,1.05,1.0,0.223606797749979,0.05000000000000001,1.0,0.0,3.0,0.45,0.0,0.8255779474818965,0.6815789473684211,3.0,0.0,0.0,0.0,0.0,0.0,0.0,0.0,0.0,0.0,0.0,0.0,0.0,0.0,0.0,0.0,3.0,0.45,0.0,0.8870412083230169,0.7868421052631579,3.0,0.0,0.0,0.0,0.0,0.0,0.0,0.0,0.0,2.0,0.4,0.0,0.7539370349250519,0.568421052631579,2.0,8.0,8.0,2.0,0.0,19.0,1.0,0.0,0.0,0.0,8.0,12.0,0.0,2.0,0.0,0.0,0.0,0.0,0.0
161,377,C# Sprint 14,8,18,7,7,0,0,0,0,7,7,0,0,0,0,1,2,15.0,0.0,5.0,0.9333333333333333,1.0,1.3870146083619754,1.9238095238095243,5.0,0.0,1.0,0.2,0.0,0.41403933560541256,0.17142857142857146,1.0,1.0,1.0,1.0,1.0,0.0,0.0,0.0,0.0,6.0,0.6666666666666666,0.0,1.5886502207249789,2.523809523809524,6.0,0.0,0.0,0.0,0.0,0.0,0.0,0.0,0.0,0.0,0.0,0.0,0.0,0.0,0.0,0.0,1.0,0.2,0.0,0.4140393356054126,0.17142857142857149,1.0,0.0,0.0,0.0,0.0,0.0,0.0,0.0,0.0,2.0,0.13333333333333333,0.0,0.5163977794943222,0.26666666666666666,2.0,2.0,3.0,4.0,0.0,13.0,2.0,0.0,0.0,0.0,4.0,11.0,0.0,6.0,0.0,0.0,0.0,0.0,0.0
161,391,C# Sprint 15,-4,17,4,4,0,0,0,0,2,2,2,2,0,0,1,1,4.0,0.0,2.0,0.5,0.0,1.0,1.0,2.0,0.0,0.0,0.0,0.0,0.0,0.0,0.0,1.0,1.0,1.0,1.0,0.0,0.0,0.0,0.0,2.0,0.5,0.0,1.0,1.0,2.0,0.0,0.0,0.0,0.0,0.0,0.0,0.0,0.0,0.0,0.0,0.0,0.0,0.0,0.0,0.0,0.0,0.0,0.0,0.0,0.0,0.0,0.0,0.0,0.0,0.0,0.0,0.0,0.0,0.0,0.0,0.0,0.0,0.0,0.0,0.0,2.0,2.0,0.0,0.0,2.0,0.0,2.0,0.0,0.0,2.0,2.0,0.0,0.0,0.0,0.0,0.0,0.0,0.0
161,441,C# Sprint 16,0,7,4,4,0,0,0,0,2,2,0,0,2,2,1,1,23.0,0.0,19.0,0.9565217391304348,0.0,3.959778011105319,15.679841897233196,19.0,0.0,0.0,0.0,0.0,0.0,0.0,0.0,1.0,1.0,1.0,1.0,0.0,0.0,0.0,0.0,2.0,0.13043478260869565,0.0,0.45769658728016016,0.20948616600790526,2.0,0.0,0.0,0.0,0.0,0.0,0.0,0.0,0.0,0.0,0.0,0.0,0.0,0.0,0.0,0.0,0.0,0.0,0.0,0.0,0.0,0.0,0.0,0.0,0.0,0.0,0.0,0.0,0.0,0.0,0.0,0.0,0.0,0.0,0.0,0.0,2.0,3.0,0.0,16.0,21.0,0.0,2.0,0.0,0.0,4.0,19.0,0.0,2.0,0.0,0.0,0.0,0.0,0.0
161,451,C# Sprint 17,2,20,1,1,1,1,0,0,0,0,2,2,0,0,1,2,23.0,0.0,2.0,0.13043478260869565,0.0,0.45769658728016016,0.2094861660079053,2.0,0.0,1.0,0.043478260869565216,0.0,0.2085144140570748,0.04347826086956523,1.0,1.0,2.0,1.0434782608695652,1.0,0.2085144140570748,0.04347826086956523,1.0,0.0,2.0,0.17391304347826086,0.0,0.5762081310400609,0.3320158102766799,2.0,0.0,0.0,0.0,0.0,0.0,0.0,0.0,0.0,0.0,0.0,0.0,0.0,0.0,0.0,0.0,2.0,0.08695652173913043,0.0,0.4170288281141496,0.17391304347826092,2.0,0.0,0.0,0.0,0.0,0.0,0.0,0.0,0.0,3.0,0.391304347826087,0.0,0.7827184815397383,0.6126482213438738,3.0,1.0,3.0,1.0,16.0,20.0,1.0,2.0,0.0,0.0,2.0,21.0,0.0,2.0,0.0,0.0,0.0,0.0,0.0
161,488,C# Sprint 18,-6,18,7,7,0,0,0,0,6,6,1,1,0,0,1,2,7.0,0.0,9.0,1.4285714285714286,0.0,3.3594217189442417,11.285714285714285,9.0,0.0,1.0,0.14285714285714285,0.0,0.37796447300922725,0.14285714285714288,1.0,1.0,2.0,1.1428571428571428,1.0,0.37796447300922725,0.14285714285714288,1.0,0.0,7.0,1.2857142857142858,0.0,2.627691364061218,6.904761904761905,7.0,0.0,0.0,0.0,0.0,0.0,0.0,0.0,0.0,0.0,0.0,0.0,0.0,0.0,0.0,2.0,7.0,2.7142857142857144,2.0,1.889822365046136,3.571428571428571,5.0,0.0,0.0,0.0,0.0,0.0,0.0,0.0,0.0,0.0,0.0,0.0,0.0,0.0,0.0,0.0,5.0,0.0,0.0,6.0,0.0,1.0,0.0,0.0,0.0,7.0,0.0,2.0,0.0,0.0,0.0,0.0,0.0
161,506,C# Sprint 19,4,21,16,16,5,5,4,4,2,2,2,2,13,13,1,1,25.0,0.0,14.0,2.92,2.0,3.6846528556523026,13.576666666666668,14.0,0.0,2.0,0.88,1.0,0.439696865275764,0.19333333333333336,2.0,0.0,2.0,1.28,1.0,0.6782329983125268,0.46,2.0,0.0,2.0,0.48,0.0,0.6531972647421809,0.4266666666666667,2.0,0.0,0.0,0.0,0.0,0.0,0.0,0.0,0.0,0.0,0.0,0.0,0.0,0.0,0.0,0.0,5.0,2.28,3.0,1.6462077633154328,2.7100000000000004,5.0,0.0,1.0,0.24,0.0,0.43588989435406733,0.18999999999999997,1.0,0.0,3.0,0.32,0.0,0.9,0.81,3.0,7.0,2.0,11.0,0.0,14.0,8.0,2.0,0.0,1.0,14.0,11.0,0.0,4.0,0.0,1.0,0.0,0.0,0.0
161,549,C# Sprint 20,-4,21,8,8,3,3,0,0,4,4,3,3,4,4,1,2,11.0,0.0,10.0,2.5454545454545454,2.0,2.978712351457803,8.872727272727275,10.0,0.0,2.0,0.6363636363636364,1.0,0.674199862463242,0.4545454545454545,2.0,1.0,2.0,1.3636363636363635,1.0,0.504524979109513,0.2545454545454546,1.0,0.0,2.0,0.6363636363636364,0.0,0.8090398349558905,0.6545454545454545,2.0,0.0,0.0,0.0,0.0,0.0,0.0,0.0,0.0,0.0,0.0,0.0,0.0,0.0,0.0,0.0,5.0,2.0,2.0,1.7320508075688772,3.0,5.0,0.0,0.0,0.0,0.0,0.0,0.0,0.0,0.0,2.0,0.18181818181818182,0.0,0.6030226891555273,0.3636363636363636,2.0,3.0,2.0,5.0,0.0,9.0,2.0,0.0,0.0,0.0,8.0,3.0,0.0,1.0,0.0,0.0,0.0,0.0,0.0
161,589,C# Sprint 21,2,17,8,8,3,3,3,3,8,8,0,0,0,0,1,2,15.0,0.0,5.0,1.0666666666666667,0.0,1.533747356112131,2.3523809523809525,5.0,0.0,2.0,0.7333333333333333,1.0,0.5936168397046637,0.3523809523809524,2.0,0.0,2.0,1.0666666666666667,1.0,0.7037315505489968,0.49523809523809526,2.0,0.0,2.0,0.6,0.0,0.7367883976130073,0.5428571428571429,2.0,0.0,0.0,0.0,0.0,0.0,0.0,0.0,0.0,0.0,0.0,0.0,0.0,0.0,0.0,0.0,4.0,1.1333333333333333,0.0,1.6417180315870614,2.6952380952380954,4.0,0.0,0.0,0.0,0.0,0.0,0.0,0.0,0.0,2.0,0.4,0.0,0.7367883976130074,0.542857142857143,2.0,3.0,0.0,8.0,0.0,14.0,0.0,1.0,0.0,0.0,9.0,6.0,0.0,4.0,0.0,0.0,0.0,0.0,0.0
161,590,C# Sprint 22,-5,18,5,5,3,3,2,2,5,5,1,1,0,0,1,2,11.0,0.0,5.0,0.6363636363636364,0.0,1.5015143870590966,2.2545454545454544,5.0,0.0,1.0,0.36363636363636365,0.0,0.504524979109513,0.2545454545454545,1.0,0.0,3.0,0.9090909090909091,1.0,0.8312094145936334,0.6909090909090908,3.0,0.0,2.0,0.8181818181818182,1.0,0.8738628975053029,0.7636363636363636,2.0,0.0,0.0,0.0,0.0,0.0,0.0,0.0,0.0,0.0,0.0,0.0,0.0,0.0,0.0,0.0,2.0,0.7272727272727273,0.0,0.9045340337332909,0.8181818181818181,2.0,0.0,0.0,0.0,0.0,0.0,0.0,0.0,0.0,1.0,0.18181818181818182,0.0,0.4045199174779452,0.16363636363636358,1.0,1.0,1.0,4.0,0.0,11.0,0.0,0.0,0.0,0.0,4.0,7.0,0.0,5.0,0.0,0.0,0.0,0.0,0.0
161,591,C# Sprint 23,-4,18,3,3,8,8,0,0,9,9,1,1,1,1,1,2,15.0,0.0,9.0,1.0666666666666667,0.0,2.433887738538801,5.92380952380952,9.0,0.0,1.0,0.4666666666666667,0.0,0.5163977794943222,0.26666666666666666,1.0,0.0,3.0,1.0,1.0,0.6546536707079771,0.42857142857142855,3.0,0.0,2.0,0.5333333333333333,0.0,0.833809387832792,0.6952380952380954,2.0,0.0,0.0,0.0,0.0,0.0,0.0,0.0,0.0,0.0,0.0,0.0,0.0,0.0,0.0,0.0,4.0,1.4,1.0,1.2983506020002016,1.6857142857142857,4.0,0.0,0.0,0.0,0.0,0.0,0.0,0.0,0.0,3.0,0.3333333333333333,0.0,0.816496580927726,0.6666666666666666,3.0,3.0,1.0,5.0,0.0,14.0,1.0,0.0,0.0,0.0,7.0,8.0,0.0,6.0,0.0,0.0,0.0,0.0,0.0
175,142,Sprint 3 - May 25 - June 13,0,19,0,0,0,0,0,0,0,0,0,0,0,0,1,1,1.0,0.0,0.0,0.0,0.0,0.0,0.0,0.0,0.0,0.0,0.0,0.0,0.0,0.0,0.0,2.0,2.0,2.0,2.0,0.0,0.0,0.0,1.0,1.0,1.0,1.0,0.0,0.0,0.0,0.0,0.0,0.0,0.0,0.0,0.0,0.0,0.0,0.0,0.0,0.0,0.0,0.0,0.0,0.0,0.0,0.0,0.0,0.0,0.0,0.0,0.0,0.0,0.0,0.0,0.0,0.0,0.0,0.0,0.0,0.0,0.0,0.0,0.0,0.0,0.0,1.0,0.0,0.0,1.0,0.0,0.0,0.0,0.0,0.0,1.0,0.0,0.0,0.0,0.0,0.0,0.0,0.0
175,208,Ruby Sprint 6,0,18,0,0,2,9,2,9,0,0,0,0,0,0,1,1,2.0,0.0,0.0,0.0,0.0,0.0,0.0,0.0,0.0,1.0,0.5,0.5,0.7071067811865476,0.5,1.0,1.0,1.0,1.0,1.0,0.0,0.0,0.0,0.0,0.0,0.0,0.0,0.0,0.0,0.0,0.0,0.0,0.0,0.0,0.0,0.0,0.0,0.0,0.0,0.0,0.0,0.0,0.0,0.0,1.0,1.0,1.0,1.0,0.0,0.0,0.0,0.0,0.0,0.0,0.0,0.0,0.0,0.0,0.0,0.0,0.0,0.0,0.0,0.0,0.0,0.0,0.0,1.0,0.0,2.0,0.0,0.0,0.0,0.0,1.0,1.0,0.0,1.0,0.0,0.0,0.0,0.0,0.0
175,257,Node Sprint 6,-1,14,2,15,7,17,0,0,1,7,2,14,6,11,1,1,10.0,0.0,1.0,0.3,0.0,0.4830458915396479,0.23333333333333328,1.0,0.0,3.0,1.0,1.0,0.9428090415820634,0.8888888888888888,3.0,1.0,1.0,1.0,1.0,0.0,0.0,0.0,0.0,0.0,0.0,0.0,0.0,0.0,0.0,0.0,0.0,0.0,0.0,0.0,0.0,0.0,0.0,0.0,0.0,0.0,0.0,0.0,0.0,0.0,2.0,0.9,1.0,0.5676462121975467,0.32222222222222224,2.0,0.0,0.0,0.0,0.0,0.0,0.0,0.0,0.0,0.0,0.0,0.0,0.0,0.0,0.0,2.0,0.0,6.0,0.0,5.0,5.0,0.0,0.0,0.0,4.0,6.0,0.0,0.0,0.0,2.0,0.0,0.0,0.0
175,269,Node Sprint 7,23,21,7,30,0,0,0,0,6,24,1,6,0,0,1,1,18.0,0.0,5.0,0.2777777777777778,0.0,1.1785113019775793,1.388888888888889,5.0,0.0,1.0,0.5,0.5,0.5144957554275266,0.2647058823529412,1.0,0.0,2.0,1.0555555555555556,1.0,0.41617618189786515,0.17320261437908496,2.0,0.0,0.0,0.0,0.0,0.0,0.0,0.0,0.0,0.0,0.0,0.0,0.0,0.0,0.0,0.0,0.0,0.0,0.0,0.0,0.0,0.0,0.0,2.0,0.3333333333333333,0.0,0.7669649888473704,0.5882352941176471,2.0,0.0,0.0,0.0,0.0,0.0,0.0,0.0,0.0,0.0,0.0,0.0,0.0,0.0,0.0,8.0,0.0,7.0,0.0,15.0,3.0,0.0,0.0,0.0,8.0,10.0,0.0,2.0,0.0,1.0,0.0,0.0,0.0
175,287,Node Sprint 8,50,14,1,1,3,14,0,0,4,15,0,0,0,0,1,1,20.0,0.0,1.0,0.05,0.0,0.22360679774997894,0.04999999999999999,1.0,0.0,2.0,0.45,0.0,0.6863327411532597,0.47105263157894744,2.0,0.0,3.0,1.35,1.0,0.7451598203705946,0.5552631578947368,3.0,0.0,1.0,0.15,0.0,0.36634754853252327,0.13421052631578947,1.0,0.0,0.0,0.0,0.0,0.0,0.0,0.0,0.0,0.0,0.0,0.0,0.0,0.0,0.0,0.0,2.0,0.35,0.0,0.7451598203705947,0.5552631578947369,2.0,0.0,0.0,0.0,0.0,0.0,0.0,0.0,0.0,0.0,0.0,0.0,0.0,0.0,0.0,5.0,2.0,6.0,0.0,17.0,3.0,0.0,0.0,0.0,8.0,12.0,0.0,7.0,0.0,0.0,0.0,0.0,0.0
175,415,Node Sprint 15,0,14,3,3,0,0,0,0,3,3,0,0,0,0,1,1,3.0,0.0,0.0,0.0,0.0,0.0,0.0,0.0,0.0,1.0,0.3333333333333333,0.0,0.5773502691896258,0.33333333333333337,1.0,0.0,1.0,0.6666666666666666,1.0,0.5773502691896258,0.33333333333333337,1.0,0.0,0.0,0.0,0.0,0.0,0.0,0.0,0.0,0.0,0.0,0.0,0.0,0.0,0.0,0.0,0.0,0.0,0.0,0.0,0.0,0.0,0.0,0.0,0.0,0.0,0.0,0.0,0.0,0.0,0.0,0.0,0.0,0.0,0.0,0.0,0.0,0.0,0.0,0.0,0.0,0.0,0.0,3.0,0.0,0.0,0.0,1.0,2.0,0.0,0.0,0.0,1.0,2.0,0.0,0.0,0.0,0.0,0.0,0.0,0.0
175,423,Node Sprint 16,0,14,9,9,0,0,0,0,0,0,1,1,8,8,1,1,9.0,0.0,5.0,1.5555555555555556,1.0,1.8782379449307745,3.5277777777777786,5.0,0.0,1.0,0.8888888888888888,1.0,0.33333333333333337,0.11111111111111112,1.0,0.0,1.0,0.6666666666666666,1.0,0.5,0.25,1.0,0.0,0.0,0.0,0.0,0.0,0.0,0.0,0.0,0.0,0.0,0.0,0.0,0.0,0.0,0.0,0.0,0.0,0.0,0.0,0.0,0.0,0.0,1.0,0.6666666666666666,1.0,0.5,0.25,1.0,0.0,0.0,0.0,0.0,0.0,0.0,0.0,0.0,0.0,0.0,0.0,0.0,0.0,0.0,0.0,0.0,9.0,0.0,8.0,0.0,0.0,1.0,0.0,7.0,2.0,0.0,0.0,0.0,0.0,0.0,0.0,0.0
175,455,Node Sprint 17,0,18,13,13,0,0,0,0,1,1,0,0,12,12,1,1,14.0,0.0,7.0,2.0714285714285716,1.5,1.9792883614022536,3.917582417582418,7.0,0.0,2.0,0.7142857142857143,1.0,0.7262730392025629,0.5274725274725275,2.0,0.0,1.0,0.6428571428571429,1.0,0.4972451580988469,0.24725274725274723,1.0,0.0,1.0,0.07142857142857142,0.0,0.26726124191242434,0.07142857142857141,1.0,0.0,0.0,0.0,0.0,0.0,0.0,0.0,0.0,0.0,0.0,0.0,0.0,0.0,0.0,0.0,1.0,0.5,0.5,0.5188745216627708,0.2692307692307692,1.0,0.0,1.0,0.07142857142857142,0.0,0.26726124191242434,0.07142857142857141,1.0,0.0,0.0,0.0,0.0,0.0,0.0,0.0,2.0,2.0,7.0,0.0,9.0,1.0,2.0,1.0,1.0,10.0,4.0,0.0,0.0,0.0,3.0,0.0,0.0,0.0
175,456,Node Sprint 18,-2,14,22,22,10,10,2,2,5,5,0,0,25,25,1,1,32.0,0.0,17.0,2.3125,1.0,3.495965416526369,12.221774193548388,17.0,0.0,4.0,0.90625,1.0,0.777065405973841,0.6038306451612904,4.0,0.0,1.0,0.34375,0.0,0.48255870443481425,0.23286290322580644,1.0,0.0,0.0,0.0,0.0,0.0,0.0,0.0,0.0,0.0,0.0,0.0,0.0,0.0,0.0,0.0,0.0,0.0,0.0,0.0,0.0,0.0,0.0,3.0,0.375,0.0,0.6599120175960898,0.43548387096774194,3.0,0.0,1.0,0.03125,0.0,0.1767766952966369,0.03125,1.0,0.0,0.0,0.0,0.0,0.0,0.0,0.0,4.0,5.0,15.0,0.0,27.0,5.0,0.0,0.0,0.0,16.0,16.0,0.0,1.0,0.0,7.0,0.0,0.0,0.0
175,515,Node Sprint 18,6,10,5,5,3,3,0,0,0,0,3,3,5,5,1,1,21.0,0.0,15.0,1.4285714285714286,0.0,3.72251834879868,13.857142857142852,15.0,0.0,2.0,0.5714285714285714,0.0,0.6761234037828133,0.4571428571428573,2.0,0.0,2.0,0.47619047619047616,0.0,0.6015852075182383,0.3619047619047618,2.0,0.0,1.0,0.047619047619047616,0.0,0.21821789023599242,0.04761904761904763,1.0,0.0,0.0,0.0,0.0,0.0,0.0,0.0,0.0,0.0,0.0,0.0,0.0,0.0,0.0,0.0,3.0,0.3333333333333333,0.0,0.7958224257542214,0.6333333333333332,3.0,0.0,0.0,0.0,0.0,0.0,0.0,0.0,0.0,0.0,0.0,0.0,0.0,0.0,0.0,2.0,1.0,10.0,0.0,19.0,1.0,1.0,0.0,0.0,8.0,13.0,0.0,7.0,0.0,1.0,0.0,0.0,0.0
178,145,Sprint 1 - April 14 - May 2,10,16,7,7,13,13,1,1,9,9,4,4,6,6,1,3,36.0,0.0,24.0,2.8333333333333335,0.5,6.021390442177195,36.25714285714287,24.0,0.0,4.0,0.8611111111111112,1.0,0.7231983635323527,0.5230158730158729,4.0,0.0,2.0,0.9166666666666666,1.0,0.36839419880650365,0.13571428571428573,2.0,0.0,9.0,1.3055555555555556,1.0,1.879505169596424,3.5325396825396824,9.0,0.0,0.0,0.0,0.0,0.0,0.0,0.0,0.0,0.0,0.0,0.0,0.0,0.0,0.0,0.0,11.0,2.2222222222222223,0.0,3.304638394837614,10.920634920634921,11.0,0.0,0.0,0.0,0.0,0.0,0.0,0.0,0.0,3.0,0.25,0.0,0.6917885721601857,0.4785714285714286,3.0,4.0,10.0,20.0,0.0,29.0,6.0,0.0,1.0,0.0,14.0,22.0,0.0,0.0,0.0,0.0,0.0,2.0,0.0
178,146,Sprint 2 - May 5 - 23,-1,18,8,8,3,3,0,0,7,7,3,3,1,1,1,3,16.0,0.0,17.0,1.8125,0.0,4.230346715499018,17.895833333333332,17.0,0.0,2.0,0.75,1.0,0.7745966692414834,0.6,2.0,0.0,2.0,0.8125,1.0,0.5439056290693574,0.29583333333333334,2.0,0.0,9.0,1.75,1.0,2.4083189157584592,5.8,9.0,0.0,0.0,0.0,0.0,0.0,0.0,0.0,0.0,0.0,0.0,0.0,0.0,0.0,0.0,0.0,7.0,2.0,0.5,2.780887148615228,7.733333333333333,7.0,0.0,0.0,0.0,0.0,0.0,0.0,0.0,0.0,2.0,0.5,0.0,0.7302967433402214,0.5333333333333333,2.0,2.0,2.0,8.0,0.0,13.0,1.0,1.0,1.0,0.0,7.0,9.0,0.0,0.0,1.0,1.0,0.0,2.0,0.0
178,186,Sprint 3 - May 27 - June 13,0,16,7,7,1,1,1,1,5,5,1,1,1,1,1,3,11.0,0.0,9.0,1.2727272727272727,0.0,2.723633936156219,7.418181818181819,9.0,0.0,2.0,0.6363636363636364,0.0,0.8090398349558906,0.6545454545454547,2.0,0.0,2.0,0.8181818181818182,1.0,0.6030226891555273,0.3636363636363636,2.0,0.0,9.0,1.7272727272727273,1.0,2.8316394223456167,8.018181818181818,9.0,0.0,0.0,0.0,0.0,0.0,0.0,0.0,0.0,0.0,0.0,0.0,0.0,0.0,0.0,0.0,10.0,1.6363636363636365,0.0,3.3248376583745336,11.054545454545451,10.0,0.0,0.0,0.0,0.0,0.0,0.0,0.0,0.0,2.0,0.45454545454545453,0.0,0.6875516509523286,0.47272727272727266,2.0,2.0,1.0,4.0,0.0,8.0,2.0,1.0,0.0,0.0,3.0,8.0,0.0,0.0,1.0,1.0,0.0,2.0,0.0
178,191,Sprint 4 June 16th - July 4th,-1,18,7,7,6,6,7,7,3,3,0,0,3,3,1,3,15.0,0.0,8.0,1.4666666666666666,1.0,2.4162150645369374,5.838095238095237,8.0,0.0,1.0,0.3333333333333333,0.0,0.48795003647426666,0.23809523809523814,1.0,0.0,2.0,0.9333333333333333,1.0,0.4577377082170634,0.20952380952380945,2.0,0.0,5.0,1.4666666666666666,1.0,1.4573295865416043,2.1238095238095234,5.0,0.0,0.0,0.0,0.0,0.0,0.0,0.0,0.0,0.0,0.0,0.0,0.0,0.0,0.0,0.0,14.0,2.533333333333333,0.0,4.34028746030666,18.83809523809524,14.0,0.0,1.0,0.06666666666666667,0.0,0.25819888974716115,0.06666666666666668,1.0,0.0,3.0,0.5333333333333333,0.0,0.833809387832792,0.6952380952380953,3.0,3.0,4.0,4.0,0.0,10.0,3.0,1.0,0.0,1.0,3.0,12.0,0.0,1.0,1.0,0.0,0.0,2.0,0.0
178,232,PHP Sprint 5 July 7th - 25th,2,18,2,2,13,13,1,1,8,8,5,5,1,1,1,2,27.0,0.0,25.0,1.6296296296296295,0.0,5.069882020688814,25.703703703703695,25.0,0.0,2.0,0.4074074074074074,0.0,0.5723943812052382,0.3276353276353276,2.0,0.0,2.0,0.8518518518518519,1.0,0.6015175490568515,0.3618233618233617,2.0,0.0,8.0,1.6296296296296295,1.0,2.3720836045090454,5.626780626780625,8.0,0.0,0.0,0.0,0.0,0.0,0.0,0.0,0.0,0.0,0.0,0.0,0.0,0.0,0.0,0.0,3.0,0.2962962962962963,0.0,0.775331929653101,0.6011396011396012,3.0,0.0,1.0,0.07407407407407407,0.0,0.2668802563418119,0.07122507122507124,1.0,0.0,1.0,0.14814814814814814,0.0,0.3620139928982457,0.13105413105413108,1.0,6.0,7.0,10.0,0.0,20.0,4.0,3.0,0.0,0.0,10.0,17.0,0.0,3.0,1.0,0.0,0.0,0.0,0.0
178,241,PHP Sprint 6 July 28 - Aug 15,-8,18,0,0,17,17,0,0,12,12,2,2,3,3,1,3,21.0,0.0,61.0,5.095238095238095,0.0,14.648906996444348,214.59047619047615,61.0,0.0,1.0,0.5714285714285714,1.0,0.5070925528371101,0.25714285714285723,1.0,0.0,2.0,1.0,1.0,0.6324555320336759,0.4,2.0,0.0,7.0,1.9047619047619047,1.0,2.3001035173392066,5.2904761904761894,7.0,0.0,0.0,0.0,0.0,0.0,0.0,0.0,0.0,0.0,0.0,0.0,0.0,0.0,0.0,0.0,11.0,1.0476190476190477,0.0,2.4995237641636954,6.247619047619049,11.0,0.0,2.0,0.14285714285714285,0.0,0.4780914437337574,0.2285714285714285,2.0,0.0,4.0,0.47619047619047616,0.0,1.0779168622415933,1.1619047619047622,4.0,1.0,7.0,10.0,0.0,16.0,3.0,2.0,0.0,0.0,10.0,11.0,0.0,2.0,1.0,0.0,0.0,0.0,0.0
178,276,PHP Sprint 7,0,18,14,14,0,0,5,5,7,7,1,1,1,1,1,2,18.0,0.0,4.0,0.7222222222222222,0.0,1.3197840980097757,1.7418300653594772,4.0,0.0,1.0,0.2777777777777778,0.0,0.4608885989624768,0.2124183006535948,1.0,0.0,2.0,1.0555555555555556,1.0,0.802365782965103,0.6437908496732028,2.0,0.0,7.0,2.0555555555555554,1.5,2.235337116889484,4.996732026143792,7.0,0.0,0.0,0.0,0.0,0.0,0.0,0.0,0.0,0.0,0.0,0.0,0.0,0.0,0.0,0.0,4.0,0.3333333333333333,0.0,0.9701425001453318,0.9411764705882351,4.0,0.0,0.0,0.0,0.0,0.0,0.0,0.0,0.0,1.0,0.1111111111111111,0.0,0.3233808333817773,0.10457516339869281,1.0,2.0,8.0,5.0,0.0,16.0,1.0,1.0,0.0,0.0,7.0,11.0,0.0,3.0,0.0,0.0,0.0,0.0,0.0
178,284,PHP Sprint 8,-1,18,10,10,1,1,3,3,3,3,0,0,5,5,1,3,15.0,0.0,19.0,2.2666666666666666,0.0,4.861902429923418,23.638095238095243,19.0,0.0,1.0,0.3333333333333333,0.0,0.48795003647426666,0.23809523809523814,1.0,0.0,2.0,1.0666666666666667,1.0,0.7037315505489968,0.49523809523809526,2.0,0.0,7.0,2.066666666666667,1.0,2.3441924185608345,5.495238095238095,7.0,0.0,0.0,0.0,0.0,0.0,0.0,0.0,0.0,0.0,0.0,0.0,0.0,0.0,0.0,0.0,4.0,0.6666666666666666,0.0,1.0465362369445672,1.0952380952380953,4.0,0.0,0.0,0.0,0.0,0.0,0.0,0.0,0.0,2.0,0.3333333333333333,0.0,0.6172133998483676,0.380952380952381,2.0,2.0,6.0,7.0,0.0,12.0,1.0,2.0,0.0,0.0,5.0,10.0,0.0,0.0,0.0,0.0,0.0,0.0,0.0
178,286,C Sprint 8,0,18,0,0,1,1,1,1,0,0,0,0,0,0,1,2,2.0,0.0,0.0,0.0,0.0,0.0,0.0,0.0,0.0,0.0,0.0,0.0,0.0,0.0,0.0,0.0,1.0,0.5,0.5,0.7071067811865476,0.5,1.0,1.0,3.0,2.0,2.0,1.4142135623730951,2.0,2.0,0.0,0.0,0.0,0.0,0.0,0.0,0.0,0.0,0.0,0.0,0.0,0.0,0.0,0.0,0.0,1.0,0.5,0.5,0.7071067811865476,0.5,1.0,0.0,0.0,0.0,0.0,0.0,0.0,0.0,0.0,0.0,0.0,0.0,0.0,0.0,0.0,0.0,2.0,0.0,0.0,2.0,0.0,0.0,0.0,0.0,0.0,2.0,0.0,0.0,0.0,0.0,0.0,0.0,0.0
178,309,PHP Sprint 9,-4,17,15,15,0,0,4,4,6,6,3,3,2,2,1,3,19.0,0.0,7.0,1.0526315789473684,0.0,1.9571431620413327,3.8304093567251463,7.0,0.0,1.0,0.2631578947368421,0.0,0.4524139283588641,0.20467836257309946,1.0,0.0,2.0,1.3157894736842106,1.0,0.7492686492653552,0.5614035087719299,2.0,0.0,6.0,2.0,2.0,1.7320508075688772,3.0,6.0,0.0,0.0,0.0,0.0,0.0,0.0,0.0,0.0,0.0,0.0,0.0,0.0,0.0,0.0,0.0,4.0,0.631578947368421,0.0,1.01162829777814,1.0233918128654969,4.0,0.0,0.0,0.0,0.0,0.0,0.0,0.0,0.0,2.0,0.3684210526315789,0.0,0.5972647203701474,0.3567251461988304,2.0,2.0,10.0,6.0,0.0,17.0,0.0,2.0,0.0,0.0,4.0,15.0,0.0,1.0,0.0,0.0,0.0,0.0,0.0
178,316,PHP Sprint 10,12,18,0,0,0,0,0,0,0,0,0,0,0,0,1,3,23.0,0.0,7.0,1.1304347826086956,0.0,2.1384860368130223,4.573122529644268,7.0,0.0,1.0,0.4782608695652174,0.0,0.5107539184552491,0.26086956521739124,1.0,0.0,2.0,1.6956521739130435,2.0,0.6349504353380415,0.4031620553359684,2.0,0.0,6.0,1.7391304347826086,1.0,1.6016296049038143,2.565217391304348,6.0,0.0,0.0,0.0,0.0,0.0,0.0,0.0,0.0,0.0,0.0,0.0,0.0,0.0,0.0,0.0,1.0,0.21739130434782608,0.0,0.42174116783664994,0.17786561264822132,1.0,0.0,0.0,0.0,0.0,0.0,0.0,0.0,0.0,2.0,0.391304347826087,0.0,0.583027399541909,0.33992094861660077,2.0,3.0,8.0,9.0,0.0,18.0,1.0,3.0,1.0,0.0,10.0,13.0,0.0,3.0,0.0,0.0,0.0,0.0,0.0
178,344,PHP Sprint 11,10,10,18,20,11,13,0,0,29,33,0,0,0,0,1,3,49.0,0.0,11.0,1.4081632653061225,1.0,2.0301720713909406,4.121598639455782,11.0,0.0,1.0,0.4897959183673469,0.0,0.5050762722761054,0.25510204081632654,1.0,0.0,2.0,1.3061224489795917,1.0,0.5846680551337464,0.34183673469387754,2.0,0.0,6.0,0.8979591836734694,0.0,1.4469061527846185,2.093537414965986,6.0,0.0,0.0,0.0,0.0,0.0,0.0,0.0,0.0,0.0,0.0,0.0,0.0,0.0,0.0,0.0,8.0,0.7755102040816326,0.0,1.5174719399169707,2.302721088435374,8.0,0.0,0.0,0.0,0.0,0.0,0.0,0.0,0.0,3.0,0.30612244897959184,0.0,0.7417344996878673,0.5501700680272108,3.0,0.0,21.0,27.0,0.0,43.0,2.0,2.0,1.0,1.0,15.0,34.0,0.0,1.0,0.0,0.0,0.0,0.0,0.0
178,348,PHP Sprint 12,33,18,9,15,15,15,0,0,6,8,3,7,15,15,1,3,68.0,0.0,12.0,0.7205882352941176,0.0,2.043158136611753,4.17449517120281,12.0,0.0,1.0,0.3382352941176471,0.0,0.47662664501235463,0.2271729587357331,1.0,0.0,2.0,1.0588235294117647,1.0,0.3817615470959441,0.14574187884108875,2.0,0.0,8.0,1.1323529411764706,1.0,1.7526475645473074,3.071773485513608,8.0,0.0,0.0,0.0,0.0,0.0,0.0,0.0,0.0,0.0,0.0,0.0,0.0,0.0,0.0,0.0,2.0,0.3235294117647059,0.0,0.6094082392839069,0.37137840210711154,2.0,0.0,0.0,0.0,0.0,0.0,0.0,0.0,0.0,4.0,0.5147058823529411,0.0,0.9540588401207982,0.9102282704126429,4.0,12.0,23.0,17.0,0.0,63.0,2.0,3.0,0.0,0.0,25.0,43.0,0.0,16.0,0.0,0.0,0.0,0.0,0.0
178,370,PHP Sprint 13,12,17,0,0,6,6,0,0,5,5,0,0,1,1,1,2,23.0,0.0,1.0,0.08695652173913043,0.0,0.28810406552003043,0.08300395256916998,1.0,0.0,2.0,0.6956521739130435,1.0,0.5587959953568722,0.3122529644268775,2.0,0.0,1.0,0.9565217391304348,1.0,0.2085144140570748,0.04347826086956523,1.0,0.0,3.0,0.8695652173913043,1.0,0.8688732424597104,0.7549407114624507,3.0,0.0,0.0,0.0,0.0,0.0,0.0,0.0,0.0,0.0,0.0,0.0,0.0,0.0,0.0,0.0,0.0,0.0,0.0,0.0,0.0,0.0,0.0,0.0,0.0,0.0,0.0,0.0,0.0,0.0,3.0,0.17391304347826086,0.0,0.650326764931116,0.4229249011857709,3.0,4.0,6.0,13.0,0.0,20.0,2.0,1.0,0.0,0.0,9.0,14.0,0.0,0.0,0.0,0.0,0.0,0.0,0.0
178,382,PHP Sprint 14,43,18,6,8,5,5,0,0,11,13,0,0,0,0,1,3,68.0,0.0,14.0,1.4705882352941178,1.0,2.5184133137680167,6.342405618964003,14.0,0.0,1.0,0.3088235294117647,0.0,0.4654432309413774,0.2166374012291484,1.0,0.0,1.0,0.75,1.0,0.436232171512701,0.19029850746268656,1.0,0.0,3.0,0.4411764705882353,0.0,0.7989237712535061,0.6382791922739245,3.0,0.0,0.0,0.0,0.0,0.0,0.0,0.0,0.0,0.0,0.0,0.0,0.0,0.0,0.0,0.0,8.0,0.4852941176470588,0.0,1.3437822213708381,1.805750658472344,8.0,0.0,2.0,0.08823529411764706,0.0,0.3339181291045581,0.11150131694468833,2.0,0.0,4.0,0.25,0.0,0.7201782532247905,0.5186567164179104,4.0,3.0,26.0,23.0,0.0,61.0,0.0,4.0,3.0,0.0,15.0,53.0,0.0,13.0,3.0,0.0,0.0,0.0,0.0
178,401,PHP Sprint 15,2,18,17,17,3,7,0,0,7,7,3,7,10,10,1,3,44.0,0.0,9.0,0.6363636363636364,0.0,1.571414843025066,2.469344608879493,9.0,0.0,3.0,0.4090909090909091,0.0,0.6220065735905466,0.38689217758985195,3.0,0.0,2.0,0.6363636363636364,1.0,0.5742906277822775,0.32980972515856233,2.0,0.0,12.0,0.9318181818181818,0.0,2.1393079436587126,4.57663847780127,12.0,0.0,0.0,0.0,0.0,0.0,0.0,0.0,0.0,0.0,0.0,0.0,0.0,0.0,0.0,0.0,4.0,0.3409090909090909,0.0,0.8611291078465235,0.7415433403805496,4.0,0.0,1.0,0.045454545454545456,0.0,0.21070705494148548,0.044397463002114175,1.0,0.0,3.0,0.29545454545454547,0.0,0.6317029569289762,0.3990486257928119,3.0,2.0,15.0,22.0,0.0,39.0,3.0,1.0,1.0,0.0,9.0,35.0,0.0,3.0,2.0,0.0,0.0,0.0,0.0
178,425,PHP Sprint 16,-2,18,0,0,25,25,2,2,16,16,2,2,5,5,1,3,47.0,0.0,9.0,0.6170212765957447,0.0,1.7010634971324834,2.893617021276594,9.0,0.0,1.0,0.5106382978723404,1.0,0.5052911526399114,0.2553191489361703,1.0,0.0,2.0,0.6808510638297872,1.0,0.5152619839638948,0.2654949121184089,2.0,0.0,6.0,1.0638297872340425,1.0,1.275253688643079,1.6262719703977793,6.0,0.0,0.0,0.0,0.0,0.0,0.0,0.0,0.0,0.0,0.0,0.0,0.0,0.0,0.0,0.0,5.0,0.2978723404255319,0.0,0.8825578837285176,0.7789084181313596,5.0,0.0,1.0,0.0425531914893617,0.0,0.2040297088885788,0.041628122109158214,1.0,0.0,2.0,0.1702127659574468,0.0,0.4809026357287709,0.23126734505087893,2.0,4.0,19.0,18.0,0.0,41.0,4.0,1.0,1.0,0.0,16.0,31.0,0.0,6.0,0.0,0.0,0.0,0.0,0.0
178,442,PHP Sprint 17,14,21,23,23,15,15,0,0,9,9,8,8,21,21,1,3,83.0,0.0,7.0,1.2530120481927711,0.0,1.8730656590914543,3.5083749632677037,7.0,0.0,1.0,0.5180722891566265,1.0,0.5027108411726374,0.2527181898325007,1.0,0.0,2.0,0.8795180722891566,1.0,0.6128221474665444,0.37555098442550705,2.0,0.0,12.0,1.3493975903614457,1.0,1.89629764399692,3.595944754628269,12.0,0.0,0.0,0.0,0.0,0.0,0.0,0.0,0.0,0.0,0.0,0.0,0.0,0.0,0.0,0.0,7.0,0.6265060240963856,0.0,1.367843624045277,1.8709961798413168,7.0,0.0,0.0,0.0,0.0,0.0,0.0,0.0,0.0,3.0,0.21686746987951808,0.0,0.5853536094321343,0.3426388480752277,3.0,1.0,24.0,35.0,0.0,79.0,2.0,0.0,0.0,2.0,19.0,64.0,0.0,18.0,5.0,0.0,0.0,0.0,0.0
178,473,PHP Sprint 18,30,18,33,33,13,13,1,1,24,24,3,3,18,18,1,3,102.0,0.0,15.0,1.303921568627451,0.0,2.2240326217703075,4.946321102698508,15.0,0.0,2.0,0.6274509803921569,1.0,0.5058385573363681,0.25587264608813814,2.0,0.0,2.0,0.7843137254901961,1.0,0.5194713798306997,0.26985051446321107,2.0,0.0,6.0,1.4215686274509804,1.0,1.5507026482096542,2.4046787031644348,6.0,0.0,0.0,0.0,0.0,0.0,0.0,0.0,0.0,0.0,0.0,0.0,0.0,0.0,0.0,0.0,8.0,0.6274509803921569,0.0,1.356477446155933,1.8400310619297222,8.0,0.0,0.0,0.0,0.0,0.0,0.0,0.0,0.0,3.0,0.16666666666666666,0.0,0.5089949976087772,0.2590759075907591,3.0,12.0,31.0,42.0,0.0,85.0,6.0,9.0,0.0,2.0,34.0,68.0,0.0,15.0,1.0,1.0,0.0,0.0,0.0
178,505,PHP Sprint 19,11,21,29,29,0,0,0,0,6,6,0,0,23,23,1,3,76.0,0.0,15.0,1.618421052631579,0.0,2.688082862131339,7.225789473684211,15.0,0.0,1.0,0.7368421052631579,1.0,0.4432733108029125,0.19649122807017544,1.0,0.0,2.0,0.75,1.0,0.4654746681256314,0.21666666666666667,2.0,0.0,6.0,1.1578947368421053,1.0,1.5323414030295588,2.348070175438597,6.0,0.0,0.0,0.0,0.0,0.0,0.0,0.0,0.0,0.0,0.0,0.0,0.0,0.0,0.0,0.0,10.0,0.75,0.0,2.0074859899884734,4.03,10.0,0.0,0.0,0.0,0.0,0.0,0.0,0.0,0.0,2.0,0.2631578947368421,0.0,0.6189974917048066,0.3831578947368421,2.0,11.0,30.0,27.0,0.0,65.0,6.0,3.0,1.0,1.0,24.0,52.0,0.0,5.0,1.0,2.0,0.0,0.0,0.0
178,563,PHP Sprint 21,-9,18,24,24,2,2,0,0,16,16,2,2,8,8,1,1,39.0,0.0,15.0,1.3846153846153846,0.0,2.898415035256199,8.400809716599193,15.0,0.0,1.0,0.5641025641025641,1.0,0.502356122102941,0.252361673414305,1.0,0.0,1.0,0.5128205128205128,1.0,0.5063696835418333,0.25641025641025644,1.0,0.0,5.0,1.1282051282051282,1.0,1.3799215686996429,1.904183535762483,5.0,0.0,0.0,0.0,0.0,0.0,0.0,0.0,0.0,0.0,0.0,0.0,0.0,0.0,0.0,0.0,5.0,0.5641025641025641,0.0,1.1423630125147057,1.3049932523616736,5.0,0.0,0.0,0.0,0.0,0.0,0.0,0.0,0.0,2.0,0.2564102564102564,0.0,0.5946227781653596,0.3535762483130905,2.0,4.0,20.0,14.0,0.0,31.0,7.0,1.0,0.0,0.0,8.0,31.0,0.0,1.0,0.0,0.0,0.0,0.0,0.0
178,564,PHP Sprint 22,-2,21,3,3,26,26,0,0,18,18,2,2,9,9,1,3,49.0,0.0,6.0,0.9591836734693877,0.0,1.4713823386171785,2.1649659863945576,6.0,0.0,1.0,0.5918367346938775,1.0,0.49658699082414787,0.24659863945578234,1.0,0.0,1.0,0.5714285714285714,1.0,0.5,0.25,1.0,0.0,6.0,1.346938775510204,1.0,1.5883825684240775,2.5229591836734695,6.0,0.0,0.0,0.0,0.0,0.0,0.0,0.0,0.0,0.0,0.0,0.0,0.0,0.0,0.0,0.0,5.0,0.4897959183673469,0.0,1.1387575279588684,1.296768707482993,5.0,0.0,0.0,0.0,0.0,0.0,0.0,0.0,0.0,3.0,0.3673469387755102,0.0,0.7272630642524412,0.5289115646258504,3.0,4.0,26.0,16.0,0.0,41.0,6.0,1.0,1.0,0.0,13.0,36.0,0.0,2.0,1.0,0.0,0.0,0.0,0.0
181,32,Sprint 1,-3,30,9,9,0,0,0,0,8,8,1,1,0,0,1,1,9.0,0.0,5.0,2.0,1.0,1.8027756377319946,3.25,5.0,0.0,1.0,0.2222222222222222,0.0,0.44095855184409843,0.19444444444444445,1.0,0.0,1.0,0.7777777777777778,1.0,0.44095855184409843,0.19444444444444445,1.0,0.0,3.0,1.1111111111111112,1.0,1.1666666666666667,1.3611111111111112,3.0,0.0,0.0,0.0,0.0,0.0,0.0,0.0,0.0,0.0,0.0,0.0,0.0,0.0,0.0,0.0,10.0,2.5555555555555554,1.0,3.2058973436118907,10.277777777777777,10.0,0.0,0.0,0.0,0.0,0.0,0.0,0.0,0.0,4.0,0.8888888888888888,0.0,1.4529663145135578,2.111111111111111,4.0,4.0,1.0,2.0,0.0,5.0,4.0,0.0,0.0,0.0,6.0,3.0,0.0,2.0,0.0,0.0,0.0,0.0,0.0
181,149,Sprint 1 - April 14 - May 2,3,10,5,5,5,5,0,0,6,6,3,3,1,1,1,3,15.0,0.0,4.0,1.1333333333333333,1.0,1.4074631010979934,1.9809523809523806,4.0,0.0,1.0,0.4,0.0,0.50709255283711,0.2571428571428572,1.0,1.0,2.0,1.4666666666666666,1.0,0.5163977794943222,0.26666666666666666,1.0,0.0,1.0,0.13333333333333333,0.0,0.3518657752744984,0.12380952380952381,1.0,0.0,0.0,0.0,0.0,0.0,0.0,0.0,0.0,0.0,0.0,0.0,0.0,0.0,0.0,0.0,1.0,0.4,0.0,0.5070925528371101,0.25714285714285723,1.0,0.0,1.0,0.06666666666666667,0.0,0.25819888974716115,0.06666666666666668,1.0,0.0,10.0,1.0,0.0,2.591193878173865,6.714285714285714,10.0,7.0,1.0,7.0,0.0,13.0,1.0,0.0,0.0,1.0,8.0,7.0,0.0,0.0,0.0,0.0,0.0,0.0,0.0
181,163,Sprint 2 May - May 23,-1,18,3,3,0,0,0,0,3,3,0,0,0,0,1,1,5.0,0.0,0.0,0.0,0.0,0.0,0.0,0.0,0.0,1.0,0.4,0.0,0.5477225575051662,0.30000000000000004,1.0,0.0,2.0,1.2,1.0,0.8366600265340756,0.7000000000000001,2.0,0.0,1.0,0.2,0.0,0.447213595499958,0.20000000000000004,1.0,0.0,0.0,0.0,0.0,0.0,0.0,0.0,0.0,0.0,0.0,0.0,0.0,0.0,0.0,0.0,1.0,0.2,0.0,0.44721359549995804,0.20000000000000007,1.0,0.0,0.0,0.0,0.0,0.0,0.0,0.0,0.0,0.0,0.0,0.0,0.0,0.0,0.0,3.0,0.0,2.0,0.0,3.0,1.0,0.0,0.0,1.0,2.0,3.0,0.0,0.0,0.0,0.0,0.0,0.0,0.0
181,201,Python Sprint 6,-4,18,6,6,3,3,1,1,6,6,2,2,0,0,1,2,12.0,0.0,12.0,3.0833333333333335,1.5,4.077841080619484,16.62878787878788,12.0,0.0,1.0,0.16666666666666666,0.0,0.38924947208076144,0.1515151515151515,1.0,1.0,2.0,1.1666666666666667,1.0,0.3892494720807615,0.15151515151515152,1.0,0.0,3.0,0.6666666666666666,0.5,0.8876253645985945,0.787878787878788,3.0,0.0,0.0,0.0,0.0,0.0,0.0,0.0,0.0,0.0,0.0,0.0,0.0,0.0,0.0,0.0,6.0,1.0833333333333333,0.0,2.108783937953269,4.446969696969698,6.0,0.0,0.0,0.0,0.0,0.0,0.0,0.0,0.0,4.0,0.75,0.0,1.2154310870109943,1.4772727272727273,4.0,5.0,2.0,2.0,0.0,10.0,2.0,0.0,0.0,0.0,7.0,5.0,0.0,2.0,1.0,0.0,0.0,0.0,0.0
181,271,Python Sprint 7,2,18,2,2,2,2,0,0,1,1,3,3,0,0,1,1,11.0,0.0,12.0,2.5454545454545454,0.0,4.3672333659569045,19.072727272727274,12.0,0.0,1.0,0.09090909090909091,0.0,0.3015113445777636,0.09090909090909088,1.0,1.0,2.0,1.3636363636363635,1.0,0.504524979109513,0.2545454545454546,1.0,0.0,3.0,0.7272727272727273,1.0,0.9045340337332908,0.818181818181818,3.0,0.0,0.0,0.0,0.0,0.0,0.0,0.0,0.0,0.0,0.0,0.0,0.0,0.0,0.0,0.0,6.0,1.3636363636363635,1.0,1.747725795010606,3.0545454545454547,6.0,0.0,0.0,0.0,0.0,0.0,0.0,0.0,0.0,4.0,0.9090909090909091,0.0,1.300349603340998,1.6909090909090907,4.0,5.0,2.0,1.0,0.0,10.0,1.0,0.0,0.0,0.0,5.0,6.0,0.0,2.0,1.0,0.0,0.0,0.0,0.0
181,272,Python Sprint 8,2,18,0,0,16,16,2,2,12,12,0,0,2,2,1,2,23.0,0.0,15.0,2.260869565217391,1.0,3.719938798425536,13.83794466403162,15.0,0.0,1.0,0.2608695652173913,0.0,0.4489777585448795,0.2015810276679841,1.0,0.0,2.0,1.565217391304348,2.0,0.5897678246195885,0.34782608695652173,2.0,0.0,3.0,0.7391304347826086,1.0,0.8100163468803816,0.6561264822134386,3.0,0.0,0.0,0.0,0.0,0.0,0.0,0.0,0.0,0.0,0.0,0.0,0.0,0.0,0.0,0.0,7.0,0.9130434782608695,0.0,1.534839152907054,2.355731225296443,7.0,0.0,1.0,0.043478260869565216,0.0,0.20851441405707477,0.04347826086956522,1.0,0.0,4.0,0.5652173913043478,0.0,1.160959123723364,1.3478260869565213,4.0,10.0,2.0,7.0,0.0,14.0,8.0,0.0,0.0,1.0,19.0,4.0,0.0,3.0,1.0,0.0,0.0,0.0,0.0
181,314,Python Sprint 9,0,18,0,0,16,16,7,7,5,5,3,3,1,1,1,2,16.0,0.0,15.0,2.625,0.5,4.55887413001646,20.783333333333335,15.0,0.0,1.0,0.3125,0.0,0.47871355387816905,0.22916666666666666,1.0,1.0,2.0,1.75,2.0,0.4472135954999579,0.2,1.0,0.0,3.0,1.0,1.0,0.9660917830792959,0.9333333333333333,3.0,0.0,0.0,0.0,0.0,0.0,0.0,0.0,0.0,0.0,0.0,0.0,0.0,0.0,0.0,0.0,3.0,1.375,2.0,1.02469507659596,1.05,3.0,0.0,0.0,0.0,0.0,0.0,0.0,0.0,0.0,5.0,1.3125,0.5,1.7404501333467348,3.029166666666667,5.0,2.0,6.0,5.0,0.0,13.0,2.0,0.0,1.0,0.0,13.0,3.0,0.0,2.0,1.0,0.0,0.0,0.0,0.0
181,326,Python Sprint 10,7,18,0,0,0,0,0,0,0,0,0,0,0,0,1,1,9.0,0.0,10.0,1.6666666666666667,0.0,3.278719262151,10.75,10.0,0.0,1.0,0.2222222222222222,0.0,0.44095855184409843,0.19444444444444445,1.0,1.0,2.0,1.5555555555555556,2.0,0.5270462766947299,0.2777777777777778,1.0,0.0,3.0,1.2222222222222223,1.0,0.97182531580755,0.9444444444444444,3.0,0.0,0.0,0.0,0.0,0.0,0.0,0.0,0.0,0.0,0.0,0.0,0.0,0.0,0.0,0.0,2.0,1.0,1.0,1.0,1.0,2.0,0.0,0.0,0.0,0.0,0.0,0.0,0.0,0.0,5.0,1.5555555555555556,1.0,1.9436506316151003,3.7777777777777786,5.0,0.0,5.0,1.0,0.0,7.0,2.0,0.0,0.0,0.0,7.0,2.0,0.0,2.0,1.0,0.0,0.0,0.0,0.0
181,349,Python Sprint 11,2,18,0,0,0,0,0,0,0,0,0,0,0,0,1,1,4.0,0.0,10.0,2.5,0.0,5.0,25.0,10.0,0.0,1.0,0.5,0.5,0.5773502691896257,0.3333333333333333,1.0,1.0,2.0,1.5,1.5,0.5773502691896257,0.3333333333333333,1.0,0.0,2.0,1.0,1.0,0.816496580927726,0.6666666666666666,2.0,0.0,0.0,0.0,0.0,0.0,0.0,0.0,0.0,0.0,0.0,0.0,0.0,0.0,0.0,0.0,1.0,0.25,0.0,0.5,0.25,1.0,0.0,0.0,0.0,0.0,0.0,0.0,0.0,0.0,4.0,1.25,0.5,1.8929694486000912,3.5833333333333335,4.0,0.0,2.0,1.0,0.0,1.0,2.0,0.0,0.0,1.0,4.0,0.0,0.0,0.0,1.0,0.0,0.0,0.0,0.0
181,350,Python Sprint 12,8,18,4,4,0,0,2,2,1,1,0,0,1,1,1,1,15.0,0.0,10.0,1.7333333333333334,0.0,3.2175116087406654,10.352380952380946,10.0,0.0,1.0,0.13333333333333333,0.0,0.35186577527449836,0.12380952380952377,1.0,1.0,2.0,1.3333333333333333,1.0,0.48795003647426666,0.23809523809523814,1.0,0.0,3.0,0.7333333333333333,1.0,0.883715101688537,0.7809523809523812,3.0,0.0,0.0,0.0,0.0,0.0,0.0,0.0,0.0,0.0,0.0,0.0,0.0,0.0,0.0,0.0,2.0,0.4666666666666667,0.0,0.833809387832792,0.6952380952380954,2.0,0.0,1.0,0.13333333333333333,0.0,0.35186577527449836,0.12380952380952377,1.0,0.0,4.0,0.5333333333333333,0.0,1.0600988273786194,1.123809523809524,4.0,9.0,2.0,3.0,0.0,9.0,4.0,0.0,0.0,2.0,12.0,3.0,0.0,0.0,1.0,0.0,0.0,0.0,0.0
181,369,Python Sprint 13,-3,18,7,7,0,0,1,1,5,5,0,0,1,1,1,1,7.0,0.0,10.0,4.142857142857143,4.0,3.760699023168052,14.14285714285714,10.0,0.0,1.0,0.14285714285714285,0.0,0.3779644730092273,0.1428571428571429,1.0,1.0,2.0,1.2857142857142858,1.0,0.4879500364742666,0.2380952380952381,1.0,0.0,2.0,0.5714285714285714,0.0,0.7867957924694431,0.619047619047619,2.0,0.0,0.0,0.0,0.0,0.0,0.0,0.0,0.0,0.0,0.0,0.0,0.0,0.0,0.0,0.0,1.0,0.14285714285714285,0.0,0.3779644730092273,0.1428571428571429,1.0,0.0,0.0,0.0,0.0,0.0,0.0,0.0,0.0,4.0,1.4285714285714286,1.0,1.3972762620115438,1.9523809523809523,4.0,3.0,2.0,1.0,0.0,6.0,1.0,0.0,0.0,0.0,6.0,1.0,0.0,0.0,1.0,0.0,0.0,0.0,0.0
181,381,Python Sprint 14,0,18,6,6,1,1,3,3,1,1,1,1,2,2,1,1,8.0,0.0,10.0,2.25,2.0,3.2841611235921855,10.785714285714286,10.0,0.0,1.0,0.125,0.0,0.3535533905932738,0.125,1.0,1.0,1.0,1.0,1.0,0.0,0.0,0.0,0.0,2.0,0.625,0.5,0.7440238091428449,0.5535714285714286,2.0,0.0,0.0,0.0,0.0,0.0,0.0,0.0,0.0,0.0,0.0,0.0,0.0,0.0,0.0,0.0,1.0,0.25,0.0,0.4629100498862757,0.21428571428571427,1.0,0.0,0.0,0.0,0.0,0.0,0.0,0.0,0.0,13.0,3.5,2.0,4.342481186734475,18.857142857142858,13.0,3.0,3.0,0.0,0.0,8.0,0.0,0.0,0.0,0.0,6.0,2.0,0.0,0.0,2.0,0.0,0.0,0.0,0.0
181,394,Python Sprint 16,4,18,6,6,23,23,8,8,5,5,6,6,10,10,1,3,35.0,0.0,14.0,1.9714285714285715,1.0,2.864444451688097,8.205042016806722,14.0,0.0,1.0,0.08571428571428572,0.0,0.2840286409986905,0.08067226890756303,1.0,0.0,2.0,1.0,1.0,0.42008402520840293,0.17647058823529413,2.0,0.0,2.0,0.14285714285714285,0.0,0.42996970774675736,0.18487394957983194,2.0,0.0,0.0,0.0,0.0,0.0,0.0,0.0,0.0,0.0,0.0,0.0,0.0,0.0,0.0,0.0,6.0,0.7428571428571429,0.0,1.4418708668388636,2.0789915966386556,6.0,0.0,1.0,0.05714285714285714,0.0,0.2355041079768028,0.055462184873949584,1.0,0.0,12.0,0.8857142857142857,0.0,2.2592480343406893,5.1042016806722685,12.0,8.0,20.0,4.0,0.0,21.0,11.0,0.0,1.0,2.0,20.0,15.0,0.0,3.0,0.0,0.0,0.0,0.0,0.0
181,416,Python Sprint 17,7,18,5,5,4,4,2,2,7,7,0,0,0,0,1,1,16.0,0.0,54.0,5.125,1.0,13.295989370232414,176.78333333333333,54.0,0.0,1.0,0.1875,0.0,0.4031128874149275,0.1625,1.0,1.0,2.0,1.125,1.0,0.3415650255319866,0.11666666666666667,1.0,0.0,1.0,0.1875,0.0,0.4031128874149275,0.1625,1.0,0.0,0.0,0.0,0.0,0.0,0.0,0.0,0.0,0.0,0.0,0.0,0.0,0.0,0.0,0.0,2.0,0.3125,0.0,0.704154339142587,0.49583333333333335,2.0,0.0,1.0,0.125,0.0,0.3415650255319866,0.11666666666666667,1.0,0.0,7.0,1.125,0.0,1.927865832122834,3.716666666666667,7.0,3.0,4.0,9.0,0.0,10.0,5.0,0.0,1.0,0.0,10.0,6.0,0.0,0.0,0.0,0.0,0.0,0.0,0.0
181,435,Docs Sprint 17 - Ending 4/3,0,19,0,0,1,1,1,1,0,0,0,0,0,0,1,1,2.0,0.0,1.0,0.5,0.5,0.7071067811865476,0.5,1.0,0.0,0.0,0.0,0.0,0.0,0.0,0.0,0.0,1.0,0.5,0.5,0.7071067811865476,0.5,1.0,0.0,0.0,0.0,0.0,0.0,0.0,0.0,0.0,0.0,0.0,0.0,0.0,0.0,0.0,0.0,0.0,0.0,0.0,0.0,0.0,0.0,0.0,0.0,0.0,0.0,0.0,0.0,0.0,0.0,0.0,0.0,0.0,0.0,0.0,0.0,0.0,0.0,0.0,0.0,0.0,0.0,0.0,0.0,0.0,1.0,1.0,2.0,0.0,0.0,0.0,0.0,0.0,2.0,0.0,0.0,0.0,0.0,0.0,0.0,0.0
181,493,Python Sprint 18,9,18,0,0,5,5,0,0,2,2,0,0,3,3,1,1,14.0,0.0,9.0,1.6428571428571428,0.0,2.898464921488425,8.401098901098901,9.0,0.0,3.0,1.1428571428571428,1.0,0.6629935441317958,0.4395604395604395,3.0,1.0,2.0,1.2857142857142858,1.0,0.46880723093849547,0.21978021978021983,1.0,0.0,1.0,0.2857142857142857,0.0,0.4688072309384954,0.21978021978021978,1.0,0.0,0.0,0.0,0.0,0.0,0.0,0.0,0.0,0.0,0.0,0.0,0.0,0.0,0.0,0.0,4.0,0.7142857142857143,0.0,1.4373357526806554,2.065934065934066,4.0,0.0,1.0,0.2857142857142857,0.0,0.46880723093849547,0.21978021978021983,1.0,0.0,4.0,0.7142857142857143,0.0,1.489892687336984,2.21978021978022,4.0,0.0,0.0,14.0,0.0,5.0,3.0,0.0,2.0,4.0,12.0,2.0,0.0,0.0,0.0,0.0,0.0,0.0,0.0
181,517,Python Sprint 19,8,18,0,0,4,4,1,1,0,0,1,1,2,2,1,2,12.0,0.0,16.0,2.5833333333333335,0.0,4.7950416309375505,22.992424242424242,16.0,0.0,2.0,0.8333333333333334,1.0,0.7177405625652734,0.5151515151515151,2.0,1.0,2.0,1.25,1.0,0.45226701686664544,0.20454545454545456,1.0,0.0,3.0,1.0833333333333333,1.0,1.0836246694508318,1.1742424242424243,3.0,0.0,0.0,0.0,0.0,0.0,0.0,0.0,0.0,0.0,0.0,0.0,0.0,0.0,0.0,0.0,8.0,1.0833333333333333,0.0,2.3532698077098573,5.537878787878789,8.0,0.0,0.0,0.0,0.0,0.0,0.0,0.0,0.0,3.0,0.4166666666666667,0.0,0.90033663737852,0.8106060606060606,3.0,1.0,0.0,8.0,0.0,7.0,0.0,0.0,0.0,5.0,8.0,4.0,0.0,3.0,0.0,0.0,0.0,0.0,0.0
181,544,Python Sprint 20,-1,18,7,7,4,4,4,4,3,3,1,1,3,3,1,1,13.0,0.0,10.0,1.3076923076923077,0.0,2.7198227694899346,7.397435897435898,10.0,0.0,1.0,0.23076923076923078,0.0,0.4385290096535146,0.1923076923076923,1.0,1.0,2.0,1.1538461538461537,1.0,0.3755338080994054,0.14102564102564105,1.0,0.0,3.0,0.7692307692307693,1.0,0.9268086959962983,0.858974358974359,3.0,0.0,0.0,0.0,0.0,0.0,0.0,0.0,0.0,0.0,0.0,0.0,0.0,0.0,0.0,0.0,4.0,0.6153846153846154,0.0,1.192927878405448,1.4230769230769231,4.0,0.0,1.0,0.15384615384615385,0.0,0.3755338080994054,0.14102564102564105,1.0,0.0,4.0,0.9230769230769231,1.0,1.255755978254962,1.5769230769230769,4.0,1.0,10.0,2.0,0.0,11.0,0.0,0.0,0.0,2.0,3.0,10.0,0.0,0.0,0.0,0.0,0.0,0.0,0.0
181,580,Python Sprint 21,4,18,11,11,7,7,4,4,5,5,2,2,7,7,1,2,22.0,0.0,10.0,1.8181818181818181,1.0,2.5752737004121777,6.632034632034631,10.0,0.0,3.0,0.4090909090909091,0.0,0.7341396590302414,0.5389610389610391,3.0,0.0,2.0,1.1818181818181819,1.0,0.5884898863364997,0.34632034632034636,2.0,0.0,3.0,0.36363636363636365,0.0,0.7267314002700915,0.528138528138528,3.0,0.0,0.0,0.0,0.0,0.0,0.0,0.0,0.0,0.0,0.0,0.0,0.0,0.0,0.0,0.0,6.0,1.1818181818181819,0.0,1.9672645653622367,3.8701298701298703,6.0,0.0,1.0,0.22727272727272727,0.0,0.42893202722888846,0.18398268398268391,1.0,0.0,1.0,0.2727272727272727,0.0,0.4558423058385519,0.20779220779220786,1.0,2.0,11.0,8.0,0.0,14.0,2.0,0.0,0.0,6.0,14.0,8.0,0.0,1.0,0.0,0.0,0.0,0.0,0.0
181,609,Python Sprint 22,7,18,0,0,11,11,6,6,1,1,3,3,1,1,1,3,20.0,0.0,14.0,2.5,0.5,4.097496026137247,16.789473684210527,14.0,0.0,1.0,0.15,0.0,0.36634754853252327,0.13421052631578947,1.0,1.0,2.0,1.15,1.0,0.36634754853252327,0.13421052631578947,1.0,0.0,2.0,0.65,0.0,0.8127277008872489,0.6605263157894735,2.0,0.0,0.0,0.0,0.0,0.0,0.0,0.0,0.0,0.0,0.0,0.0,0.0,0.0,0.0,0.0,8.0,1.45,1.0,2.1636956688426454,4.681578947368422,8.0,0.0,0.0,0.0,0.0,0.0,0.0,0.0,0.0,2.0,0.45,0.0,0.7591546545162484,0.5763157894736844,2.0,3.0,10.0,4.0,0.0,11.0,7.0,0.0,0.0,2.0,11.0,9.0,0.0,3.0,0.0,0.0,0.0,0.0,0.0
181,631,Python Sprint 23,-4,18,9,9,1,1,0,0,4,4,3,3,3,3,1,3,10.0,0.0,15.0,3.3,1.0,5.926400443964466,35.12222222222223,15.0,0.0,1.0,0.2,0.0,0.42163702135578396,0.17777777777777784,1.0,1.0,2.0,1.1,1.0,0.31622776601683794,0.1,1.0,0.0,2.0,0.7,0.5,0.8232726023485646,0.6777777777777778,2.0,0.0,0.0,0.0,0.0,0.0,0.0,0.0,0.0,0.0,0.0,0.0,0.0,0.0,0.0,0.0,6.0,1.7,1.0,2.1628170930011112,4.677777777777777,6.0,0.0,0.0,0.0,0.0,0.0,0.0,0.0,0.0,2.0,0.6,0.5,0.6992058987801011,0.48888888888888893,2.0,2.0,3.0,3.0,0.0,4.0,4.0,0.0,0.0,2.0,5.0,5.0,0.0,1.0,0.0,1.0,0.0,0.0,0.0
187,156,Safety Dance,0,14,0,0,0,0,0,0,0,0,0,0,0,0,1,1,0.0,0.0,0.0,0.0,0.0,0.0,0.0,0.0,0.0,0.0,0.0,0.0,0.0,0.0,0.0,0.0,0.0,0.0,0.0,0.0,0.0,0.0,0.0,0.0,0.0,0.0,0.0,0.0,0.0,0.0,0.0,0.0,0.0,0.0,0.0,0.0,0.0,0.0,0.0,0.0,0.0,0.0,0.0,0.0,0.0,0.0,0.0,0.0,0.0,0.0,0.0,0.0,0.0,0.0,0.0,0.0,0.0,0.0,0.0,0.0,0.0,0.0,0.0,0.0,0.0,0.0,0.0,0.0,0.0,0.0,0.0,0.0,0.0,0.0,0.0,0.0,0.0,0.0,0.0,0.0,0.0,0.0
187,166,Stray Cat Strut,0,14,0,0,0,0,0,0,0,0,0,0,0,0,1,1,0.0,0.0,0.0,0.0,0.0,0.0,0.0,0.0,0.0,0.0,0.0,0.0,0.0,0.0,0.0,0.0,0.0,0.0,0.0,0.0,0.0,0.0,0.0,0.0,0.0,0.0,0.0,0.0,0.0,0.0,0.0,0.0,0.0,0.0,0.0,0.0,0.0,0.0,0.0,0.0,0.0,0.0,0.0,0.0,0.0,0.0,0.0,0.0,0.0,0.0,0.0,0.0,0.0,0.0,0.0,0.0,0.0,0.0,0.0,0.0,0.0,0.0,0.0,0.0,0.0,0.0,0.0,0.0,0.0,0.0,0.0,0.0,0.0,0.0,0.0,0.0,0.0,0.0,0.0,0.0,0.0,0.0
187,171,Straight Up,0,13,0,0,0,0,0,0,0,0,0,0,0,0,1,1,0.0,0.0,0.0,0.0,0.0,0.0,0.0,0.0,0.0,0.0,0.0,0.0,0.0,0.0,0.0,0.0,0.0,0.0,0.0,0.0,0.0,0.0,0.0,0.0,0.0,0.0,0.0,0.0,0.0,0.0,0.0,0.0,0.0,0.0,0.0,0.0,0.0,0.0,0.0,0.0,0.0,0.0,0.0,0.0,0.0,0.0,0.0,0.0,0.0,0.0,0.0,0.0,0.0,0.0,0.0,0.0,0.0,0.0,0.0,0.0,0.0,0.0,0.0,0.0,0.0,0.0,0.0,0.0,0.0,0.0,0.0,0.0,0.0,0.0,0.0,0.0,0.0,0.0,0.0,0.0,0.0,0.0
187,196,Another Day in Paradise,0,14,0,0,0,0,0,0,0,0,0,0,0,0,1,1,0.0,0.0,0.0,0.0,0.0,0.0,0.0,0.0,0.0,0.0,0.0,0.0,0.0,0.0,0.0,0.0,0.0,0.0,0.0,0.0,0.0,0.0,0.0,0.0,0.0,0.0,0.0,0.0,0.0,0.0,0.0,0.0,0.0,0.0,0.0,0.0,0.0,0.0,0.0,0.0,0.0,0.0,0.0,0.0,0.0,0.0,0.0,0.0,0.0,0.0,0.0,0.0,0.0,0.0,0.0,0.0,0.0,0.0,0.0,0.0,0.0,0.0,0.0,0.0,0.0,0.0,0.0,0.0,0.0,0.0,0.0,0.0,0.0,0.0,0.0,0.0,0.0,0.0,0.0,0.0,0.0,0.0
187,215,Just Like Starting Over,0,14,0,0,0,0,0,0,0,0,0,0,0,0,1,1,0.0,0.0,0.0,0.0,0.0,0.0,0.0,0.0,0.0,0.0,0.0,0.0,0.0,0.0,0.0,0.0,0.0,0.0,0.0,0.0,0.0,0.0,0.0,0.0,0.0,0.0,0.0,0.0,0.0,0.0,0.0,0.0,0.0,0.0,0.0,0.0,0.0,0.0,0.0,0.0,0.0,0.0,0.0,0.0,0.0,0.0,0.0,0.0,0.0,0.0,0.0,0.0,0.0,0.0,0.0,0.0,0.0,0.0,0.0,0.0,0.0,0.0,0.0,0.0,0.0,0.0,0.0,0.0,0.0,0.0,0.0,0.0,0.0,0.0,0.0,0.0,0.0,0.0,0.0,0.0,0.0,0.0
187,301,Every Breath You Take (10/20),0,8,0,0,0,0,0,0,0,0,0,0,0,0,1,1,0.0,0.0,0.0,0.0,0.0,0.0,0.0,0.0,0.0,0.0,0.0,0.0,0.0,0.0,0.0,0.0,0.0,0.0,0.0,0.0,0.0,0.0,0.0,0.0,0.0,0.0,0.0,0.0,0.0,0.0,0.0,0.0,0.0,0.0,0.0,0.0,0.0,0.0,0.0,0.0,0.0,0.0,0.0,0.0,0.0,0.0,0.0,0.0,0.0,0.0,0.0,0.0,0.0,0.0,0.0,0.0,0.0,0.0,0.0,0.0,0.0,0.0,0.0,0.0,0.0,0.0,0.0,0.0,0.0,0.0,0.0,0.0,0.0,0.0,0.0,0.0,0.0,0.0,0.0,0.0,0.0,0.0
187,319,Gonna Fly Now (Ends 10/31),0,4,0,0,0,0,0,0,0,0,0,0,0,0,1,1,0.0,0.0,0.0,0.0,0.0,0.0,0.0,0.0,0.0,0.0,0.0,0.0,0.0,0.0,0.0,0.0,0.0,0.0,0.0,0.0,0.0,0.0,0.0,0.0,0.0,0.0,0.0,0.0,0.0,0.0,0.0,0.0,0.0,0.0,0.0,0.0,0.0,0.0,0.0,0.0,0.0,0.0,0.0,0.0,0.0,0.0,0.0,0.0,0.0,0.0,0.0,0.0,0.0,0.0,0.0,0.0,0.0,0.0,0.0,0.0,0.0,0.0,0.0,0.0,0.0,0.0,0.0,0.0,0.0,0.0,0.0,0.0,0.0,0.0,0.0,0.0,0.0,0.0,0.0,0.0,0.0,0.0
187,390,Drupal Ending 2/28,0,14,0,0,0,0,0,0,0,0,0,0,0,0,1,1,0.0,0.0,0.0,0.0,0.0,0.0,0.0,0.0,0.0,0.0,0.0,0.0,0.0,0.0,0.0,0.0,0.0,0.0,0.0,0.0,0.0,0.0,0.0,0.0,0.0,0.0,0.0,0.0,0.0,0.0,0.0,0.0,0.0,0.0,0.0,0.0,0.0,0.0,0.0,0.0,0.0,0.0,0.0,0.0,0.0,0.0,0.0,0.0,0.0,0.0,0.0,0.0,0.0,0.0,0.0,0.0,0.0,0.0,0.0,0.0,0.0,0.0,0.0,0.0,0.0,0.0,0.0,0.0,0.0,0.0,0.0,0.0,0.0,0.0,0.0,0.0,0.0,0.0,0.0,0.0,0.0,0.0
192,31,Sprint 1,-3,37,3,3,2,2,0,0,3,3,0,0,2,2,1,4,24.0,0.0,11.0,1.25,0.0,3.110291472431203,9.673913043478262,11.0,0.0,1.0,0.041666666666666664,0.0,0.2041241452319315,0.04166666666666667,1.0,1.0,1.0,1.0,1.0,0.0,0.0,0.0,0.0,5.0,0.9583333333333334,0.0,1.488482351304485,2.215579710144928,5.0,0.0,0.0,0.0,0.0,0.0,0.0,0.0,0.0,0.0,0.0,0.0,0.0,0.0,0.0,0.0,1.0,0.5833333333333334,1.0,0.5036101551853348,0.25362318840579706,1.0,0.0,0.0,0.0,0.0,0.0,0.0,0.0,0.0,3.0,0.625,0.0,0.9696480760071398,0.9402173913043478,3.0,0.0,2.0,0.0,19.0,23.0,1.0,0.0,0.0,0.0,1.0,23.0,0.0,2.0,1.0,0.0,0.0,0.0,0.0
192,103,Sprint 2,0,14,5,5,0,0,0,0,5,5,0,0,0,0,1,3,5.0,0.0,80.0,17.4,3.0,35.039977168942336,1227.8000000000002,80.0,0.0,1.0,0.2,0.0,0.44721359549995804,0.20000000000000007,1.0,1.0,2.0,1.2,1.0,0.44721359549995804,0.20000000000000007,1.0,0.0,2.0,0.8,1.0,0.8366600265340756,0.7000000000000001,2.0,0.0,0.0,0.0,0.0,0.0,0.0,0.0,0.0,0.0,0.0,0.0,0.0,0.0,0.0,0.0,4.0,1.4,0.0,1.9493588689617927,3.7999999999999994,4.0,0.0,1.0,0.2,0.0,0.44721359549995804,0.20000000000000007,1.0,0.0,8.0,2.4,1.0,3.361547262794322,11.299999999999999,8.0,0.0,2.0,0.0,0.0,2.0,3.0,0.0,0.0,0.0,1.0,4.0,0.0,3.0,0.0,0.0,0.0,0.0,0.0
192,139,Sprint 1 - April 14 - May 2,-5,18,6,6,2,2,0,0,8,8,0,0,0,0,1,4,9.0,0.0,4.0,0.7777777777777778,0.0,1.3944333775567928,1.9444444444444446,4.0,0.0,1.0,0.1111111111111111,0.0,0.3333333333333333,0.1111111111111111,1.0,0.0,1.0,0.8888888888888888,1.0,0.33333333333333337,0.11111111111111112,1.0,0.0,2.0,0.4444444444444444,0.0,0.7264831572567789,0.5277777777777778,2.0,0.0,0.0,0.0,0.0,0.0,0.0,0.0,0.0,0.0,0.0,0.0,0.0,0.0,0.0,0.0,1.0,0.1111111111111111,0.0,0.3333333333333333,0.1111111111111111,1.0,0.0,0.0,0.0,0.0,0.0,0.0,0.0,0.0,3.0,0.7777777777777778,0.0,1.0929064207170003,1.1944444444444446,3.0,4.0,3.0,1.0,0.0,8.0,1.0,0.0,0.0,0.0,0.0,9.0,0.0,1.0,0.0,0.0,0.0,0.0,0.0
192,140,Sprint 2 - May 5 - May 23,0,18,3,3,0,0,0,0,3,3,0,0,0,0,1,1,3.0,0.0,1.0,0.3333333333333333,0.0,0.5773502691896258,0.33333333333333337,1.0,0.0,0.0,0.0,0.0,0.0,0.0,0.0,0.0,1.0,0.6666666666666666,1.0,0.5773502691896258,0.33333333333333337,1.0,0.0,1.0,0.3333333333333333,0.0,0.5773502691896258,0.33333333333333337,1.0,0.0,0.0,0.0,0.0,0.0,0.0,0.0,0.0,0.0,0.0,0.0,0.0,0.0,0.0,0.0,1.0,0.3333333333333333,0.0,0.5773502691896258,0.33333333333333337,1.0,0.0,0.0,0.0,0.0,0.0,0.0,0.0,0.0,3.0,1.0,0.0,1.7320508075688772,3.0,3.0,1.0,2.0,0.0,0.0,2.0,1.0,0.0,0.0,0.0,0.0,3.0,0.0,0.0,0.0,0.0,0.0,0.0,0.0
192,181,Sprint 3 - May 25 - June 13,1,17,8,8,1,1,0,0,4,4,5,5,0,0,1,3,15.0,0.0,4.0,1.3333333333333333,1.0,1.3972762620115438,1.9523809523809526,4.0,0.0,1.0,0.2,0.0,0.4140393356054126,0.17142857142857149,1.0,0.0,1.0,0.8666666666666667,1.0,0.35186577527449836,0.12380952380952377,1.0,0.0,4.0,0.6666666666666666,0.0,1.1126972805283735,1.2380952380952377,4.0,0.0,0.0,0.0,0.0,0.0,0.0,0.0,0.0,0.0,0.0,0.0,0.0,0.0,0.0,0.0,1.0,0.26666666666666666,0.0,0.4577377082170635,0.20952380952380958,1.0,0.0,0.0,0.0,0.0,0.0,0.0,0.0,0.0,3.0,0.8666666666666667,1.0,0.990430401872025,0.980952380952381,3.0,4.0,8.0,1.0,0.0,15.0,0.0,0.0,0.0,0.0,4.0,11.0,0.0,2.0,0.0,0.0,0.0,0.0,0.0
192,197,Sprint 4 - June 16 - July 4,-3,18,3,3,4,4,3,3,3,3,1,1,0,0,1,5,11.0,0.0,1.0,0.18181818181818182,0.0,0.4045199174779452,0.16363636363636358,1.0,0.0,1.0,0.36363636363636365,0.0,0.504524979109513,0.2545454545454545,1.0,0.0,1.0,0.8181818181818182,1.0,0.40451991747794525,0.16363636363636364,1.0,0.0,4.0,0.8181818181818182,0.0,1.3280197150781925,1.7636363636363637,4.0,0.0,0.0,0.0,0.0,0.0,0.0,0.0,0.0,0.0,0.0,0.0,0.0,0.0,0.0,0.0,1.0,0.09090909090909091,0.0,0.3015113445777636,0.09090909090909088,1.0,0.0,0.0,0.0,0.0,0.0,0.0,0.0,0.0,3.0,0.5454545454545454,0.0,1.0357254813546264,1.0727272727272728,3.0,2.0,8.0,0.0,0.0,11.0,0.0,0.0,0.0,0.0,4.0,7.0,0.0,1.0,0.0,0.0,0.0,0.0,0.0
192,207,Sprint 5 - July 7-25,0,14,5,5,1,1,6,6,0,0,0,0,0,0,1,5,7.0,0.0,1.0,0.14285714285714285,0.0,0.3779644730092273,0.1428571428571429,1.0,0.0,1.0,0.2857142857142857,0.0,0.48795003647426655,0.23809523809523805,1.0,1.0,1.0,1.0,1.0,0.0,0.0,0.0,0.0,4.0,0.8571428571428571,0.0,1.5735915849388862,2.476190476190476,4.0,0.0,0.0,0.0,0.0,0.0,0.0,0.0,0.0,0.0,0.0,0.0,0.0,0.0,0.0,0.0,1.0,0.14285714285714285,0.0,0.3779644730092273,0.1428571428571429,1.0,0.0,0.0,0.0,0.0,0.0,0.0,0.0,0.0,7.0,1.2857142857142858,0.0,2.627691364061218,6.904761904761905,7.0,2.0,4.0,1.0,0.0,7.0,0.0,0.0,0.0,0.0,3.0,4.0,0.0,0.0,0.0,0.0,0.0,0.0,0.0
192,208,Ruby Sprint 6,-5,18,2,2,4,4,1,1,5,5,0,0,0,0,1,5,6.0,0.0,1.0,0.3333333333333333,0.0,0.5163977794943223,0.2666666666666667,1.0,0.0,1.0,0.5,0.5,0.5477225575051661,0.3,1.0,0.0,1.0,0.8333333333333334,1.0,0.408248290463863,0.16666666666666669,1.0,0.0,4.0,1.1666666666666667,0.5,1.602081978759722,2.5666666666666664,4.0,0.0,0.0,0.0,0.0,0.0,0.0,0.0,0.0,0.0,0.0,0.0,0.0,0.0,0.0,0.0,3.0,0.8333333333333334,0.5,1.1690451944500122,1.3666666666666667,3.0,0.0,0.0,0.0,0.0,0.0,0.0,0.0,0.0,11.0,3.6666666666666665,2.0,4.589843860815602,21.06666666666667,11.0,2.0,4.0,0.0,0.0,6.0,0.0,0.0,0.0,0.0,3.0,3.0,0.0,0.0,0.0,0.0,0.0,0.0,0.0
192,275,Ruby Sprint 7,-3,17,6,6,3,3,0,0,9,9,0,0,0,0,1,5,10.0,0.0,8.0,1.2,0.0,2.485513584307633,6.177777777777777,8.0,0.0,1.0,0.4,0.0,0.5163977794943223,0.2666666666666667,1.0,0.0,1.0,0.9,1.0,0.31622776601683794,0.10000000000000002,1.0,0.0,4.0,0.9,0.0,1.3703203194062976,1.8777777777777775,4.0,0.0,0.0,0.0,0.0,0.0,0.0,0.0,0.0,0.0,0.0,0.0,0.0,0.0,0.0,0.0,3.0,1.0,0.5,1.247219128924647,1.5555555555555556,3.0,0.0,0.0,0.0,0.0,0.0,0.0,0.0,0.0,11.0,2.3,0.0,3.9735234853828265,15.788888888888884,11.0,3.0,5.0,2.0,0.0,10.0,0.0,0.0,0.0,0.0,5.0,5.0,0.0,0.0,0.0,0.0,0.0,0.0,0.0
192,285,Ruby Sprint 8,0,18,4,4,4,4,0,0,7,7,1,1,0,0,1,5,9.0,0.0,122.0,14.444444444444445,1.0,40.345728123034014,1627.7777777777776,122.0,0.0,1.0,0.2222222222222222,0.0,0.44095855184409843,0.19444444444444445,1.0,1.0,2.0,1.1111111111111112,1.0,0.33333333333333337,0.11111111111111112,1.0,0.0,4.0,0.7777777777777778,0.0,1.3944333775567928,1.9444444444444446,4.0,0.0,0.0,0.0,0.0,0.0,0.0,0.0,0.0,0.0,0.0,0.0,0.0,0.0,0.0,0.0,2.0,0.7777777777777778,1.0,0.6666666666666667,0.44444444444444453,2.0,0.0,0.0,0.0,0.0,0.0,0.0,0.0,0.0,11.0,2.5555555555555554,0.0,4.126472801046649,17.027777777777775,11.0,2.0,7.0,0.0,0.0,9.0,0.0,0.0,0.0,0.0,3.0,6.0,0.0,0.0,0.0,0.0,0.0,0.0,0.0
192,300,Ruby Sprint 9,-4,18,11,11,0,0,2,2,9,9,0,0,0,0,1,2,12.0,0.0,1.0,0.08333333333333333,0.0,0.28867513459481287,0.08333333333333331,1.0,0.0,1.0,0.5,0.5,0.5222329678670935,0.2727272727272727,1.0,1.0,2.0,1.6666666666666667,2.0,0.49236596391733095,0.24242424242424246,1.0,0.0,1.0,0.3333333333333333,0.0,0.492365963917331,0.2424242424242425,1.0,0.0,0.0,0.0,0.0,0.0,0.0,0.0,0.0,0.0,0.0,0.0,0.0,0.0,0.0,0.0,2.0,1.5,2.0,0.7977240352174656,0.6363636363636364,2.0,0.0,0.0,0.0,0.0,0.0,0.0,0.0,0.0,2.0,0.4166666666666667,0.0,0.7929614610987591,0.6287878787878788,2.0,1.0,5.0,5.0,0.0,11.0,1.0,0.0,0.0,0.0,5.0,7.0,0.0,1.0,0.0,0.0,0.0,0.0,0.0
192,327,Ruby Sprint 11,26,18,0,0,0,0,0,0,0,0,0,0,0,0,1,2,33.0,0.0,8.0,0.42424242424242425,0.0,1.541717853368099,2.3768939393939394,8.0,0.0,1.0,0.5757575757575758,1.0,0.5018903659106632,0.2518939393939394,1.0,1.0,2.0,1.1515151515151516,1.0,0.36410954062720957,0.13257575757575757,1.0,0.0,1.0,0.2727272727272727,0.0,0.45226701686664544,0.20454545454545456,1.0,0.0,0.0,0.0,0.0,0.0,0.0,0.0,0.0,0.0,0.0,0.0,0.0,0.0,0.0,0.0,2.0,0.48484848484848486,0.0,0.712443511849015,0.5075757575757576,2.0,0.0,0.0,0.0,0.0,0.0,0.0,0.0,0.0,5.0,0.5454545454545454,0.0,1.0923286218816288,1.1931818181818183,5.0,2.0,13.0,14.0,0.0,31.0,1.0,1.0,0.0,0.0,16.0,17.0,0.0,3.0,1.0,0.0,0.0,0.0,0.0
192,392,Ruby Sprint 15,5,21,12,12,3,3,0,0,13,13,0,0,2,2,1,2,23.0,0.0,39.0,5.478260869565218,0.0,11.413188404876939,130.2608695652174,39.0,0.0,1.0,0.43478260869565216,0.0,0.506869801869702,0.2569169960474309,1.0,0.0,2.0,0.782608695652174,1.0,0.5997364375010101,0.3596837944664031,2.0,0.0,1.0,0.13043478260869565,0.0,0.34435022157509093,0.11857707509881421,1.0,0.0,0.0,0.0,0.0,0.0,0.0,0.0,0.0,0.0,0.0,0.0,0.0,0.0,0.0,0.0,2.0,0.2608695652173913,0.0,0.540823555863717,0.292490118577075,2.0,0.0,0.0,0.0,0.0,0.0,0.0,0.0,0.0,4.0,0.30434782608695654,0.0,0.8756702684071965,0.7667984189723316,4.0,1.0,13.0,6.0,0.0,20.0,2.0,1.0,0.0,0.0,6.0,17.0,0.0,2.0,1.0,0.0,0.0,0.0,0.0
192,417,Ruby Sprint 16,0,14,8,8,4,4,0,0,7,7,1,1,4,4,1,3,15.0,0.0,40.0,5.533333333333333,0.0,13.600770286309244,184.9809523809524,40.0,0.0,1.0,0.6666666666666666,1.0,0.4879500364742666,0.2380952380952381,1.0,0.0,2.0,0.7333333333333333,1.0,0.5936168397046637,0.3523809523809524,2.0,0.0,1.0,0.2,0.0,0.4140393356054126,0.17142857142857149,1.0,0.0,0.0,0.0,0.0,0.0,0.0,0.0,0.0,0.0,0.0,0.0,0.0,0.0,0.0,0.0,1.0,0.3333333333333333,0.0,0.48795003647426666,0.23809523809523814,1.0,0.0,0.0,0.0,0.0,0.0,0.0,0.0,0.0,1.0,0.06666666666666667,0.0,0.25819888974716115,0.06666666666666668,1.0,1.0,12.0,0.0,0.0,12.0,2.0,1.0,0.0,0.0,0.0,15.0,0.0,1.0,1.0,0.0,0.0,0.0,0.0
192,492,Ruby Sprint 18,0,17,3,3,0,0,3,3,0,0,0,0,0,0,1,2,3.0,0.0,38.0,13.0,1.0,21.656407827707714,469.0,38.0,0.0,1.0,0.6666666666666666,1.0,0.5773502691896258,0.33333333333333337,1.0,0.0,1.0,0.6666666666666666,1.0,0.5773502691896258,0.33333333333333337,1.0,0.0,0.0,0.0,0.0,0.0,0.0,0.0,0.0,0.0,0.0,0.0,0.0,0.0,0.0,0.0,0.0,0.0,0.0,0.0,0.0,0.0,0.0,2.0,0.6666666666666666,0.0,1.1547005383792517,1.3333333333333335,2.0,0.0,0.0,0.0,0.0,0.0,0.0,0.0,0.0,1.0,0.3333333333333333,0.0,0.5773502691896258,0.33333333333333337,1.0,0.0,2.0,0.0,0.0,1.0,1.0,1.0,0.0,0.0,0.0,3.0,0.0,1.0,0.0,0.0,0.0,0.0,0.0
192,514,Ruby Sprint 19,-1,18,0,0,8,8,6,6,2,2,0,0,0,0,1,2,8.0,0.0,38.0,5.0,0.0,13.341664064126334,178.0,38.0,0.0,1.0,0.625,1.0,0.5175491695067657,0.26785714285714285,1.0,0.0,1.0,0.875,1.0,0.3535533905932738,0.125,1.0,0.0,7.0,1.125,0.0,2.416461403433896,5.839285714285714,7.0,0.0,0.0,0.0,0.0,0.0,0.0,0.0,0.0,0.0,0.0,0.0,0.0,0.0,0.0,0.0,3.0,0.75,0.0,1.164964745021435,1.3571428571428572,3.0,0.0,0.0,0.0,0.0,0.0,0.0,0.0,0.0,1.0,0.25,0.0,0.4629100498862757,0.21428571428571427,1.0,2.0,4.0,0.0,0.0,5.0,2.0,1.0,0.0,0.0,3.0,5.0,0.0,1.0,1.0,0.0,0.0,0.0,0.0
192,584,Ruby Sprint 21,7,18,0,0,20,20,1,1,15,15,2,2,2,2,1,1,29.0,0.0,7.0,0.6896551724137931,0.0,1.6058697749164303,2.5788177339901464,7.0,0.0,1.0,0.5862068965517241,1.0,0.5012300141587652,0.25123152709359603,1.0,0.0,1.0,0.8620689655172413,1.0,0.3509312031717982,0.12315270935960591,1.0,0.0,7.0,0.6896551724137931,0.0,1.3121260903005059,1.7216748768472911,7.0,0.0,0.0,0.0,0.0,0.0,0.0,0.0,0.0,0.0,0.0,0.0,0.0,0.0,0.0,0.0,3.0,0.3793103448275862,0.0,0.820008410385801,0.6724137931034482,3.0,0.0,0.0,0.0,0.0,0.0,0.0,0.0,0.0,3.0,0.2413793103448276,0.0,0.6355634403421168,0.40394088669950745,3.0,5.0,2.0,22.0,0.0,26.0,2.0,0.0,1.0,0.0,7.0,22.0,0.0,0.0,0.0,0.0,0.0,0.0,0.0
192,619,Ruby Sprint 22,1,14,5,5,4,4,5,5,4,4,0,0,0,0,1,2,22.0,0.0,8.0,1.2727272727272727,1.0,1.9804236723685977,3.9220779220779227,8.0,0.0,2.0,0.2727272727272727,0.0,0.5504818825631803,0.30303030303030304,2.0,0.0,1.0,0.3181818181818182,0.0,0.4767312946227962,0.22727272727272727,1.0,0.0,2.0,0.36363636363636365,0.0,0.6579516949597689,0.43290043290043284,2.0,0.0,0.0,0.0,0.0,0.0,0.0,0.0,0.0,0.0,0.0,0.0,0.0,0.0,0.0,0.0,7.0,0.45454545454545453,0.0,1.5345938729769373,2.354978354978356,7.0,0.0,0.0,0.0,0.0,0.0,0.0,0.0,0.0,1.0,0.045454545454545456,0.0,0.2132007163556105,0.04545454545454548,1.0,2.0,3.0,14.0,0.0,21.0,1.0,0.0,0.0,0.0,7.0,15.0,0.0,1.0,1.0,1.0,0.0,0.0,0.0
193,155,Sprint 1 - April 14 - May 2,0,3,0,0,0,0,0,0,0,0,0,0,0,0,1,1,0.0,0.0,0.0,0.0,0.0,0.0,0.0,0.0,0.0,0.0,0.0,0.0,0.0,0.0,0.0,0.0,0.0,0.0,0.0,0.0,0.0,0.0,0.0,0.0,0.0,0.0,0.0,0.0,0.0,0.0,0.0,0.0,0.0,0.0,0.0,0.0,0.0,0.0,0.0,0.0,0.0,0.0,0.0,0.0,0.0,0.0,0.0,0.0,0.0,0.0,0.0,0.0,0.0,0.0,0.0,0.0,0.0,0.0,0.0,0.0,0.0,0.0,0.0,0.0,0.0,0.0,0.0,0.0,0.0,0.0,0.0,0.0,0.0,0.0,0.0,0.0,0.0,0.0,0.0,0.0,0.0,0.0
193,522,Java Sprint 20,-1,17,0,0,8,8,1,1,2,2,1,1,4,4,1,1,10.0,0.0,1.0,0.5,0.5,0.5270462766947299,0.2777777777777778,1.0,0.0,0.0,0.0,0.0,0.0,0.0,0.0,0.0,1.0,0.6,1.0,0.5163977794943222,0.26666666666666666,1.0,0.0,1.0,0.1,0.0,0.31622776601683794,0.10000000000000002,1.0,0.0,0.0,0.0,0.0,0.0,0.0,0.0,0.0,0.0,0.0,0.0,0.0,0.0,0.0,0.0,2.0,0.4,0.0,0.6992058987801011,0.48888888888888893,2.0,0.0,0.0,0.0,0.0,0.0,0.0,0.0,0.0,0.0,0.0,0.0,0.0,0.0,0.0,6.0,2.0,1.0,0.0,10.0,0.0,0.0,0.0,0.0,0.0,10.0,0.0,1.0,0.0,0.0,0.0,0.0,0.0
193,552,Java Sprint 20,-1,18,0,0,4,4,0,0,2,2,0,0,2,2,1,1,8.0,0.0,1.0,0.125,0.0,0.3535533905932738,0.125,1.0,0.0,0.0,0.0,0.0,0.0,0.0,0.0,1.0,1.0,1.0,1.0,0.0,0.0,0.0,0.0,0.0,0.0,0.0,0.0,0.0,0.0,0.0,0.0,0.0,0.0,0.0,0.0,0.0,0.0,0.0,0.0,0.0,0.0,0.0,0.0,0.0,1.0,0.625,1.0,0.5175491695067657,0.26785714285714285,1.0,0.0,0.0,0.0,0.0,0.0,0.0,0.0,0.0,1.0,0.25,0.0,0.4629100498862757,0.21428571428571427,1.0,1.0,2.0,0.0,4.0,8.0,0.0,0.0,0.0,0.0,0.0,8.0,0.0,0.0,1.0,0.0,0.0,0.0,0.0
193,586,Java Sprint 21,3,18,0,0,1,1,0,0,1,1,0,0,0,0,1,1,7.0,0.0,0.0,0.0,0.0,0.0,0.0,0.0,0.0,0.0,0.0,0.0,0.0,0.0,0.0,0.0,1.0,0.7142857142857143,1.0,0.4879500364742666,0.2380952380952381,1.0,0.0,1.0,0.2857142857142857,0.0,0.48795003647426655,0.23809523809523805,1.0,0.0,0.0,0.0,0.0,0.0,0.0,0.0,0.0,0.0,0.0,0.0,0.0,0.0,0.0,0.0,1.0,0.2857142857142857,0.0,0.48795003647426666,0.23809523809523817,1.0,0.0,0.0,0.0,0.0,0.0,0.0,0.0,0.0,0.0,0.0,0.0,0.0,0.0,0.0,2.0,3.0,0.0,0.0,7.0,0.0,0.0,0.0,0.0,0.0,7.0,0.0,1.0,1.0,0.0,0.0,0.0,0.0
193,587,Java Sprint 23,-3,18,0,0,3,3,0,0,3,3,0,0,0,0,1,1,3.0,0.0,0.0,0.0,0.0,0.0,0.0,0.0,0.0,0.0,0.0,0.0,0.0,0.0,0.0,0.0,1.0,0.3333333333333333,0.0,0.5773502691896258,0.33333333333333337,1.0,0.0,0.0,0.0,0.0,0.0,0.0,0.0,0.0,0.0,0.0,0.0,0.0,0.0,0.0,0.0,0.0,0.0,0.0,0.0,0.0,0.0,0.0,1.0,0.3333333333333333,0.0,0.5773502691896258,0.33333333333333337,1.0,0.0,0.0,0.0,0.0,0.0,0.0,0.0,0.0,0.0,0.0,0.0,0.0,0.0,0.0,2.0,0.0,1.0,0.0,3.0,0.0,0.0,0.0,0.0,0.0,3.0,0.0,0.0,0.0,0.0,0.0,0.0,0.0
228,60,Sprint 1,2,30,36,36,9,9,0,0,27,27,1,1,17,17,1,6,47.0,0.0,7.0,2.0851063829787235,1.0,1.6262759169347156,2.6447733580018498,7.0,0.0,3.0,0.425531914893617,0.0,0.7443900581965786,0.5541165587419057,3.0,0.0,1.0,0.8723404255319149,1.0,0.33731814917823844,0.11378353376503232,1.0,0.0,2.0,0.2765957446808511,0.0,0.4979142435144248,0.24791859389454196,2.0,0.0,0.0,0.0,0.0,0.0,0.0,0.0,0.0,0.0,0.0,0.0,0.0,0.0,0.0,0.0,9.0,1.4680851063829787,1.0,2.1553882312432844,4.645698427382054,9.0,0.0,1.0,0.0425531914893617,0.0,0.2040297088885788,0.04162812210915821,1.0,0.0,2.0,0.10638297872340426,0.0,0.4290557151006143,0.1840888066604995,2.0,15.0,12.0,16.0,0.0,34.0,5.0,4.0,1.0,3.0,14.0,33.0,0.0,4.0,0.0,0.0,0.0,0.0,0.0
228,61,Sprint 2,2,14,4,4,1,1,0,0,2,2,0,0,3,3,1,2,7.0,0.0,3.0,0.7142857142857143,0.0,1.1126972805283737,1.2380952380952384,3.0,0.0,1.0,0.14285714285714285,0.0,0.37796447300922725,0.14285714285714288,1.0,0.0,1.0,0.8571428571428571,1.0,0.37796447300922725,0.14285714285714288,1.0,0.0,1.0,0.42857142857142855,0.0,0.5345224838248488,0.2857142857142857,1.0,0.0,0.0,0.0,0.0,0.0,0.0,0.0,0.0,0.0,0.0,0.0,0.0,0.0,0.0,0.0,3.0,0.7142857142857143,0.0,1.1126972805283737,1.2380952380952384,3.0,0.0,0.0,0.0,0.0,0.0,0.0,0.0,0.0,0.0,0.0,0.0,0.0,0.0,0.0,2.0,1.0,3.0,0.0,4.0,2.0,1.0,0.0,0.0,2.0,5.0,0.0,1.0,0.0,0.0,0.0,0.0,0.0
228,62,Sprint 3,-1,11,12,12,1,1,0,0,12,12,0,0,1,1,1,3,13.0,0.0,5.0,1.0769230769230769,1.0,1.255755978254962,1.5769230769230769,5.0,0.0,1.0,0.3076923076923077,0.0,0.48038446141526137,0.23076923076923075,1.0,0.0,1.0,0.38461538461538464,0.0,0.5063696835418333,0.25641025641025644,1.0,0.0,1.0,0.15384615384615385,0.0,0.37553380809940534,0.141025641025641,1.0,0.0,0.0,0.0,0.0,0.0,0.0,0.0,0.0,0.0,0.0,0.0,0.0,0.0,0.0,0.0,7.0,1.1538461538461537,0.0,2.0754980866510833,4.307692307692308,7.0,0.0,0.0,0.0,0.0,0.0,0.0,0.0,0.0,2.0,0.15384615384615385,0.0,0.5547001962252291,0.30769230769230776,2.0,1.0,5.0,7.0,0.0,9.0,1.0,1.0,1.0,1.0,1.0,12.0,0.0,0.0,0.0,0.0,0.0,0.0,0.0
228,113,Sprint 4,4,14,5,5,12,12,0,0,3,3,0,0,14,14,1,1,22.0,0.0,7.0,0.9090909090909091,1.0,1.4444999434337427,2.086580086580086,7.0,0.0,0.0,0.0,0.0,0.0,0.0,0.0,0.0,0.0,0.0,0.0,0.0,0.0,0.0,0.0,3.0,0.4090909090909091,0.0,0.9081163607574332,0.8246753246753245,3.0,0.0,0.0,0.0,0.0,0.0,0.0,0.0,0.0,0.0,0.0,0.0,0.0,0.0,0.0,0.0,4.0,0.18181818181818182,0.0,0.852802865422442,0.7272727272727276,4.0,0.0,0.0,0.0,0.0,0.0,0.0,0.0,0.0,1.0,0.045454545454545456,0.0,0.2132007163556105,0.04545454545454548,1.0,1.0,4.0,13.0,0.0,21.0,0.0,1.0,0.0,0.0,0.0,22.0,0.0,3.0,1.0,0.0,0.0,0.0,0.0
228,143,Sprint 2 - May 5 - May 23,21,18,4,4,2,2,0,0,4,4,0,0,2,2,1,1,28.0,0.0,9.0,0.5,0.0,1.7320508075688772,3.0,9.0,0.0,2.0,0.10714285714285714,0.0,0.4162696521251859,0.17328042328042328,2.0,0.0,0.0,0.0,0.0,0.0,0.0,0.0,0.0,0.0,0.0,0.0,0.0,0.0,0.0,0.0,0.0,0.0,0.0,0.0,0.0,0.0,0.0,0.0,0.0,0.0,0.0,0.0,0.0,0.0,0.0,0.0,0.0,0.0,0.0,0.0,0.0,1.0,0.14285714285714285,0.0,0.35634832254989923,0.126984126984127,1.0,0.0,1.0,0.07142857142857142,0.0,0.26226526415648105,0.06878306878306878,1.0,23.0,0.0,3.0,0.0,5.0,21.0,2.0,0.0,0.0,1.0,27.0,0.0,0.0,1.0,1.0,0.0,0.0,0.0
228,149,Sprint 1 - April 14 - May 2,1,10,0,0,0,0,0,0,0,0,0,0,0,0,1,1,1.0,0.0,0.0,0.0,0.0,0.0,0.0,0.0,1.0,1.0,1.0,1.0,0.0,0.0,0.0,0.0,0.0,0.0,0.0,0.0,0.0,0.0,1.0,1.0,1.0,1.0,0.0,0.0,0.0,0.0,0.0,0.0,0.0,0.0,0.0,0.0,0.0,0.0,0.0,0.0,0.0,0.0,0.0,0.0,0.0,0.0,0.0,0.0,0.0,0.0,0.0,0.0,0.0,0.0,0.0,0.0,0.0,0.0,0.0,0.0,0.0,0.0,0.0,0.0,0.0,0.0,1.0,0.0,1.0,0.0,0.0,0.0,0.0,0.0,1.0,0.0,0.0,0.0,0.0,0.0,0.0,0.0
228,194,Sprint 3 -May 25 - June 13,4,19,0,0,0,0,0,0,0,0,0,0,0,0,1,2,6.0,0.0,6.0,1.5,0.5,2.345207879911715,5.5,6.0,0.0,3.0,0.6666666666666666,0.0,1.2110601416389968,1.466666666666667,3.0,0.0,1.0,0.6666666666666666,1.0,0.5163977794943223,0.2666666666666667,1.0,0.0,1.0,0.3333333333333333,0.0,0.5163977794943223,0.2666666666666667,1.0,0.0,0.0,0.0,0.0,0.0,0.0,0.0,0.0,0.0,0.0,0.0,0.0,0.0,0.0,0.0,3.0,0.5,0.0,1.224744871391589,1.5,3.0,0.0,1.0,0.3333333333333333,0.0,0.5163977794943223,0.2666666666666667,1.0,0.0,1.0,0.16666666666666666,0.0,0.408248290463863,0.16666666666666669,1.0,3.0,1.0,1.0,0.0,3.0,1.0,1.0,0.0,1.0,1.0,5.0,0.0,0.0,1.0,0.0,0.0,0.0,0.0
228,205,Sprint 5 - July 7-25,1,15,3,3,2,2,0,0,1,1,0,0,4,4,1,1,9.0,0.0,2.0,1.1111111111111112,1.0,0.7817359599705717,0.6111111111111112,2.0,0.0,1.0,0.2222222222222222,0.0,0.44095855184409843,0.19444444444444445,1.0,0.0,1.0,0.5555555555555556,1.0,0.5270462766947299,0.2777777777777778,1.0,0.0,1.0,0.3333333333333333,0.0,0.5,0.25,1.0,0.0,0.0,0.0,0.0,0.0,0.0,0.0,0.0,0.0,0.0,0.0,0.0,0.0,0.0,0.0,1.0,0.5555555555555556,1.0,0.5270462766947299,0.2777777777777778,1.0,0.0,1.0,0.1111111111111111,0.0,0.3333333333333333,0.1111111111111111,1.0,0.0,1.0,0.2222222222222222,0.0,0.44095855184409843,0.19444444444444445,1.0,5.0,1.0,2.0,0.0,6.0,1.0,1.0,0.0,1.0,1.0,8.0,0.0,0.0,1.0,0.0,0.0,0.0,0.0
228,286,C Sprint 8,1,18,1,1,9,9,4,4,3,3,2,2,1,1,1,4,15.0,0.0,2.0,0.4,0.0,0.6324555320336759,0.4000000000000001,2.0,0.0,1.0,0.26666666666666666,0.0,0.4577377082170635,0.20952380952380958,1.0,0.0,1.0,0.8666666666666667,1.0,0.35186577527449836,0.12380952380952377,1.0,0.0,6.0,0.8,0.0,1.5675276256394517,2.457142857142857,6.0,0.0,0.0,0.0,0.0,0.0,0.0,0.0,0.0,0.0,0.0,0.0,0.0,0.0,0.0,0.0,1.0,0.6,1.0,0.50709255283711,0.2571428571428571,1.0,0.0,1.0,0.06666666666666667,0.0,0.25819888974716115,0.06666666666666668,1.0,0.0,2.0,0.26666666666666666,0.0,0.7037315505489967,0.4952380952380951,2.0,4.0,2.0,7.0,0.0,9.0,1.0,2.0,0.0,3.0,4.0,11.0,0.0,0.0,0.0,2.0,0.0,0.0,0.0
228,304,C Sprint 9,12,18,3,3,10,10,2,2,9,9,0,0,2,2,1,4,25.0,0.0,3.0,0.36,0.0,0.7571877794400365,0.5733333333333334,3.0,0.0,1.0,0.4,0.0,0.5,0.25000000000000006,1.0,0.0,1.0,0.88,1.0,0.33166247903553997,0.11,1.0,0.0,4.0,0.76,0.0,1.0908712114635715,1.1900000000000002,4.0,0.0,0.0,0.0,0.0,0.0,0.0,0.0,0.0,0.0,0.0,0.0,0.0,0.0,0.0,0.0,4.0,0.8,1.0,1.0801234497346435,1.166666666666667,4.0,0.0,1.0,0.04,0.0,0.2,0.04000000000000001,1.0,0.0,0.0,0.0,0.0,0.0,0.0,0.0,3.0,9.0,12.0,0.0,23.0,0.0,0.0,0.0,2.0,7.0,18.0,0.0,0.0,0.0,1.0,0.0,0.0,0.0
228,313,Platform 0 3/13/15,-1,18,3,3,0,0,1,1,2,2,0,0,0,0,1,1,5.0,0.0,1.0,0.2,0.0,0.447213595499958,0.20000000000000004,1.0,0.0,1.0,0.4,0.0,0.5477225575051662,0.30000000000000004,1.0,1.0,1.0,1.0,1.0,0.0,0.0,0.0,0.0,13.0,3.2,1.0,5.540758070878028,30.70000000000001,13.0,0.0,0.0,0.0,0.0,0.0,0.0,0.0,0.0,0.0,0.0,0.0,0.0,0.0,0.0,0.0,4.0,1.4,1.0,1.51657508881031,2.3,4.0,0.0,0.0,0.0,0.0,0.0,0.0,0.0,0.0,0.0,0.0,0.0,0.0,0.0,0.0,0.0,1.0,0.0,2.0,4.0,0.0,0.0,1.0,0.0,1.0,4.0,0.0,2.0,0.0,0.0,0.0,0.0,0.0
228,342,C Sprint 11,2,16,8,30,4,4,9,31,1,-14,2,17,0,0,1,2,14.0,0.0,0.0,0.0,0.0,0.0,0.0,0.0,0.0,1.0,0.35714285714285715,0.0,0.4972451580988468,0.24725274725274715,1.0,0.0,1.0,0.9285714285714286,1.0,0.26726124191242434,0.07142857142857141,1.0,0.0,13.0,2.0714285714285716,1.0,3.338914741102511,11.148351648351648,13.0,0.0,0.0,0.0,0.0,0.0,0.0,0.0,0.0,0.0,0.0,0.0,0.0,0.0,0.0,0.0,7.0,1.8571428571428572,0.5,2.5975474485084473,6.747252747252745,7.0,0.0,0.0,0.0,0.0,0.0,0.0,0.0,0.0,2.0,0.2857142857142857,0.0,0.6112498455021267,0.37362637362637374,2.0,2.0,4.0,5.0,0.0,13.0,1.0,0.0,0.0,0.0,2.0,12.0,0.0,3.0,0.0,0.0,0.0,0.0,0.0
228,343,C Sprint 12,-2,24,8,15,21,27,27,40,2,2,0,0,0,0,1,5,29.0,0.0,5.0,0.6896551724137931,0.0,1.198315730987875,1.4359605911330051,5.0,0.0,1.0,0.5517241379310345,1.0,0.5061201788784757,0.25615763546798026,1.0,0.0,1.0,0.896551724137931,1.0,0.3099340466946034,0.09605911330049259,1.0,0.0,13.0,1.2758620689655173,0.0,2.519871761534956,6.349753694581282,13.0,0.0,0.0,0.0,0.0,0.0,0.0,0.0,0.0,0.0,0.0,0.0,0.0,0.0,0.0,0.0,7.0,1.3448275862068966,0.0,2.142692932952855,4.591133004926108,7.0,0.0,1.0,0.034482758620689655,0.0,0.18569533817705192,0.034482758620689676,1.0,0.0,2.0,0.13793103448275862,0.0,0.4411136823860458,0.19458128078817732,2.0,6.0,2.0,15.0,0.0,22.0,5.0,0.0,2.0,0.0,14.0,15.0,0.0,3.0,0.0,3.0,0.0,0.0,0.0
228,374,Platform 00 2/20/15,-21,16,5,5,20,26,0,0,24,30,1,1,0,0,1,4,25.0,0.0,5.0,0.96,1.0,1.2409673645990857,1.5400000000000003,5.0,0.0,1.0,0.64,1.0,0.48989794855663565,0.24000000000000002,1.0,0.0,1.0,0.88,1.0,0.33166247903553997,0.11,1.0,0.0,13.0,1.08,0.0,2.6444911293731606,6.993333333333333,13.0,0.0,0.0,0.0,0.0,0.0,0.0,0.0,0.0,0.0,0.0,0.0,0.0,0.0,0.0,0.0,7.0,1.2,0.0,1.9790570145063193,3.916666666666666,7.0,0.0,1.0,0.04,0.0,0.2,0.04000000000000001,1.0,0.0,2.0,0.12,0.0,0.439696865275764,0.19333333333333336,2.0,6.0,2.0,12.0,0.0,18.0,5.0,0.0,2.0,0.0,15.0,10.0,0.0,2.0,0.0,3.0,0.0,0.0,0.0
228,442,PHP Sprint 17,0,21,0,0,0,0,0,0,0,0,0,0,0,0,1,1,1.0,2.0,2.0,2.0,2.0,0.0,0.0,0.0,1.0,1.0,1.0,1.0,0.0,0.0,0.0,1.0,1.0,1.0,1.0,0.0,0.0,0.0,0.0,0.0,0.0,0.0,0.0,0.0,0.0,0.0,0.0,0.0,0.0,0.0,0.0,0.0,0.0,0.0,0.0,0.0,0.0,0.0,0.0,0.0,0.0,0.0,0.0,0.0,0.0,0.0,0.0,0.0,0.0,0.0,0.0,0.0,0.0,0.0,0.0,0.0,0.0,0.0,0.0,0.0,0.0,0.0,1.0,0.0,1.0,0.0,0.0,0.0,0.0,0.0,1.0,0.0,0.0,0.0,0.0,0.0,0.0,0.0
228,452,Platform 1 04/03/15,0,18,1,1,0,0,1,1,0,0,0,0,0,0,1,1,3.0,0.0,1.0,0.6666666666666666,1.0,0.5773502691896258,0.33333333333333337,1.0,0.0,1.0,0.3333333333333333,0.0,0.5773502691896258,0.33333333333333337,1.0,1.0,1.0,1.0,1.0,0.0,0.0,0.0,0.0,13.0,5.0,2.0,7.0,49.0,13.0,0.0,0.0,0.0,0.0,0.0,0.0,0.0,0.0,0.0,0.0,0.0,0.0,0.0,0.0,1.0,4.0,2.0,1.0,1.7320508075688772,3.0,3.0,0.0,0.0,0.0,0.0,0.0,0.0,0.0,0.0,0.0,0.0,0.0,0.0,0.0,0.0,0.0,0.0,0.0,2.0,3.0,0.0,0.0,0.0,0.0,0.0,3.0,0.0,1.0,0.0,0.0,0.0,0.0,0.0
228,473,PHP Sprint 18,0,18,0,0,0,0,0,0,0,0,0,0,0,0,1,1,2.0,1.0,5.0,3.0,3.0,2.8284271247461903,8.0,4.0,1.0,2.0,1.5,1.5,0.7071067811865476,0.5,1.0,1.0,1.0,1.0,1.0,0.0,0.0,0.0,1.0,1.0,1.0,1.0,0.0,0.0,0.0,0.0,0.0,0.0,0.0,0.0,0.0,0.0,0.0,0.0,0.0,0.0,0.0,0.0,0.0,0.0,0.0,0.0,0.0,0.0,0.0,0.0,0.0,0.0,0.0,0.0,0.0,0.0,0.0,0.0,0.0,0.0,0.0,0.0,0.0,0.0,0.0,0.0,2.0,0.0,2.0,0.0,0.0,0.0,0.0,1.0,1.0,0.0,0.0,0.0,0.0,0.0,0.0,0.0
228,505,PHP Sprint 19,0,21,0,0,0,0,0,0,0,0,0,0,0,0,1,1,0.0,0.0,0.0,0.0,0.0,0.0,0.0,0.0,0.0,0.0,0.0,0.0,0.0,0.0,0.0,0.0,0.0,0.0,0.0,0.0,0.0,0.0,0.0,0.0,0.0,0.0,0.0,0.0,0.0,0.0,0.0,0.0,0.0,0.0,0.0,0.0,0.0,0.0,0.0,0.0,0.0,0.0,0.0,0.0,0.0,0.0,0.0,0.0,0.0,0.0,0.0,0.0,0.0,0.0,0.0,0.0,0.0,0.0,0.0,0.0,0.0,0.0,0.0,0.0,0.0,0.0,0.0,0.0,0.0,0.0,0.0,0.0,0.0,0.0,0.0,0.0,0.0,0.0,0.0,0.0,0.0,0.0
228,532,C Driver 2015Q2 sprint 1,-5,8,4,7,6,9,0,0,3,6,3,3,4,7,1,3,11.0,0.0,9.0,2.3636363636363638,2.0,2.6934263410283665,7.254545454545455,9.0,0.0,1.0,0.2727272727272727,0.0,0.46709936649691375,0.21818181818181817,1.0,1.0,2.0,1.0909090909090908,1.0,0.30151134457776363,0.0909090909090909,1.0,0.0,4.0,1.0909090909090908,1.0,1.1361818036340356,1.2909090909090906,4.0,0.0,0.0,0.0,0.0,0.0,0.0,0.0,0.0,0.0,0.0,0.0,0.0,0.0,0.0,0.0,7.0,2.1818181818181817,1.0,2.088931871468374,4.363636363636363,7.0,0.0,0.0,0.0,0.0,0.0,0.0,0.0,0.0,2.0,0.45454545454545453,0.0,0.6875516509523286,0.47272727272727266,2.0,0.0,0.0,9.0,0.0,9.0,2.0,0.0,0.0,0.0,6.0,5.0,0.0,1.0,1.0,0.0,0.0,0.0,0.0
228,557,C Driver 2015Q2 sprint 2,-31,18,15,100,1,2,2,18,9,50,2,12,3,22,1,2,18.0,0.0,5.0,1.2777777777777777,1.0,1.5645166724265527,2.4477124183006533,5.0,0.0,1.0,0.5,0.5,0.5144957554275266,0.2647058823529412,1.0,1.0,2.0,1.2777777777777777,1.0,0.46088859896247675,0.21241830065359474,1.0,0.0,5.0,1.4444444444444444,1.5,1.5801050680710416,2.496732026143791,5.0,0.0,0.0,0.0,0.0,0.0,0.0,0.0,0.0,0.0,0.0,0.0,0.0,0.0,0.0,0.0,9.0,2.111111111111111,1.0,2.422659911285865,5.8692810457516345,9.0,0.0,1.0,0.1111111111111111,0.0,0.3233808333817773,0.10457516339869281,1.0,0.0,1.0,0.2222222222222222,0.0,0.42779263194649864,0.18300653594771243,1.0,7.0,2.0,8.0,0.0,11.0,4.0,2.0,1.0,0.0,13.0,5.0,0.0,1.0,0.0,0.0,0.0,0.0,0.0
228,579,C Driver 2015Q2 sprint 3,-35,18,0,0,21,144,7,58,8,33,4,48,2,5,1,3,31.0,0.0,8.0,1.1612903225806452,0.0,2.114974770433419,4.473118279569894,8.0,0.0,1.0,0.3225806451612903,0.0,0.4751909633114914,0.2258064516129032,1.0,0.0,2.0,0.8064516129032258,1.0,0.5427924611801259,0.29462365591397854,2.0,0.0,4.0,1.1290322580645162,1.0,1.1177935254739124,1.2494623655913983,4.0,0.0,0.0,0.0,0.0,0.0,0.0,0.0,0.0,0.0,0.0,0.0,0.0,0.0,0.0,0.0,3.0,0.6774193548387096,0.0,1.0452143886684542,1.0924731182795702,3.0,0.0,1.0,0.06451612903225806,0.0,0.24973103811470743,0.06236559139784945,1.0,0.0,2.0,0.1935483870967742,0.0,0.47744841527364174,0.22795698924731184,2.0,5.0,4.0,18.0,0.0,21.0,6.0,1.0,2.0,1.0,14.0,17.0,0.0,4.0,0.0,0.0,0.0,0.0,0.0
228,610,C Driver 2015Q2 sprint 4,48,18,0,0,17,149,11,109,3,36,1,2,2,2,1,4,24.0,0.0,12.0,1.5833333333333333,1.0,2.685171303201386,7.2101449275362315,12.0,0.0,2.0,0.625,1.0,0.5757792451369143,0.33152173913043476,2.0,1.0,2.0,1.0833333333333333,1.0,0.28232985128663995,0.07971014492753623,1.0,0.0,4.0,1.25,1.0,1.1131623577819225,1.2391304347826086,4.0,0.0,0.0,0.0,0.0,0.0,0.0,0.0,0.0,0.0,0.0,0.0,0.0,0.0,0.0,0.0,4.0,1.25,1.0,1.3593476696403028,1.8478260869565217,4.0,0.0,1.0,0.08333333333333333,0.0,0.28232985128663995,0.07971014492753623,1.0,0.0,2.0,0.25,0.0,0.531609533071195,0.2826086956521739,2.0,2.0,2.0,16.0,0.0,19.0,3.0,1.0,1.0,0.0,14.0,10.0,0.0,3.0,1.0,0.0,0.0,0.0,0.0
228,640,C Driver 2015Q2 sprint 5,-39,18,0,0,9,100,0,0,7,80,2,20,0,0,1,3,15.0,0.0,10.0,2.0,1.0,2.903200204700225,8.428571428571429,10.0,0.0,1.0,0.4666666666666667,0.0,0.5163977794943222,0.26666666666666666,1.0,0.0,2.0,0.8666666666666667,1.0,0.5163977794943222,0.26666666666666666,2.0,0.0,4.0,1.2,1.0,1.2071217242444348,1.4571428571428573,4.0,0.0,0.0,0.0,0.0,0.0,0.0,0.0,0.0,0.0,0.0,0.0,0.0,0.0,0.0,0.0,5.0,2.0,1.0,2.0701966780270626,4.285714285714286,5.0,0.0,1.0,0.13333333333333333,0.0,0.35186577527449836,0.12380952380952377,1.0,0.0,2.0,0.26666666666666666,0.0,0.5936168397046635,0.3523809523809522,2.0,2.0,2.0,8.0,0.0,9.0,1.0,1.0,1.0,3.0,8.0,7.0,0.0,3.0,0.0,0.0,0.0,0.0,0.0
229,2,2.3.0,0,19,4,4,103,103,82,82,2,2,14,14,9,9,1,29,113.0,0.0,37.0,3.743362831858407,1.0,7.25157465789075,52.58533501896334,37.0,0.0,2.0,0.5575221238938053,0.0,0.6805729348096711,0.46317951959544873,2.0,0.0,3.0,0.9823008849557522,1.0,0.6121143229611687,0.37468394437421,3.0,0.0,42.0,3.1769911504424777,1.0,5.310417807909642,28.20053729456384,42.0,0.0,0.0,0.0,0.0,0.0,0.0,0.0,0.0,0.0,0.0,0.0,0.0,0.0,0.0,0.0,30.0,4.345132743362832,3.0,4.4335770617616435,19.65660556257901,30.0,0.0,1.0,0.035398230088495575,0.0,0.18560728221469427,0.03445006321112516,1.0,0.0,5.0,0.49557522123893805,0.0,1.009984916836719,1.020069532237674,5.0,40.0,10.0,53.0,0.0,91.0,16.0,4.0,1.0,1.0,62.0,51.0,0.0,10.0,0.0,0.0,0.0,0.0,0.0
229,153,Build Team 2.7.0,-2,11,3,3,0,0,0,0,3,3,0,0,0,0,1,1,3.0,0.0,1.0,0.6666666666666666,1.0,0.5773502691896258,0.33333333333333337,1.0,0.0,1.0,0.6666666666666666,1.0,0.5773502691896258,0.33333333333333337,1.0,1.0,2.0,1.6666666666666667,2.0,0.5773502691896257,0.3333333333333333,1.0,0.0,6.0,3.0,3.0,3.0,9.0,6.0,0.0,0.0,0.0,0.0,0.0,0.0,0.0,0.0,0.0,0.0,0.0,0.0,0.0,0.0,0.0,11.0,4.666666666666667,3.0,5.686240703077327,32.33333333333333,11.0,0.0,0.0,0.0,0.0,0.0,0.0,0.0,0.0,6.0,2.0,0.0,3.4641016151377544,12.0,6.0,0.0,0.0,3.0,0.0,3.0,0.0,0.0,0.0,0.0,2.0,1.0,0.0,0.0,0.0,0.0,0.0,0.0,0.0
229,164,BUILD 2.7.1,0,18,2,2,0,0,1,1,1,1,0,0,0,0,1,1,2.0,0.0,1.0,0.5,0.5,0.7071067811865476,0.5,1.0,0.0,1.0,0.5,0.5,0.7071067811865476,0.5,1.0,2.0,2.0,2.0,2.0,0.0,0.0,0.0,3.0,6.0,4.5,4.5,2.1213203435596424,4.5,3.0,0.0,0.0,0.0,0.0,0.0,0.0,0.0,0.0,0.0,0.0,0.0,0.0,0.0,0.0,5.0,11.0,8.0,8.0,4.242640687119285,18.0,6.0,0.0,0.0,0.0,0.0,0.0,0.0,0.0,0.0,0.0,0.0,0.0,0.0,0.0,0.0,0.0,0.0,2.0,0.0,2.0,0.0,0.0,0.0,0.0,1.0,1.0,0.0,0.0,0.0,0.0,0.0,0.0,0.0
229,169,BUILD 2.7.2,-3,17,3,3,0,0,0,0,3,3,0,0,0,0,1,2,3.0,0.0,0.0,0.0,0.0,0.0,0.0,0.0,0.0,1.0,0.3333333333333333,0.0,0.5773502691896258,0.33333333333333337,1.0,1.0,2.0,1.6666666666666667,2.0,0.5773502691896257,0.3333333333333333,1.0,1.0,3.0,2.3333333333333335,3.0,1.1547005383792515,1.3333333333333333,2.0,0.0,0.0,0.0,0.0,0.0,0.0,0.0,0.0,0.0,0.0,0.0,0.0,0.0,0.0,0.0,11.0,4.666666666666667,3.0,5.686240703077327,32.33333333333333,11.0,0.0,0.0,0.0,0.0,0.0,0.0,0.0,1.0,1.0,1.0,1.0,0.0,0.0,0.0,2.0,0.0,1.0,0.0,3.0,0.0,0.0,0.0,0.0,0.0,3.0,0.0,0.0,0.0,0.0,0.0,0.0,0.0
229,173,Server 2.7.1,20,19,0,0,0,0,0,0,0,0,0,0,0,0,1,14,25.0,0.0,13.0,2.68,1.0,3.738538038681253,13.976666666666668,13.0,0.0,2.0,0.76,1.0,0.7234178138070235,0.5233333333333334,2.0,0.0,2.0,1.4,1.0,0.6454972243679028,0.4166666666666667,2.0,0.0,7.0,1.76,2.0,1.877054430040145,3.5233333333333334,7.0,0.0,0.0,0.0,0.0,0.0,0.0,0.0,0.0,0.0,0.0,0.0,0.0,0.0,0.0,0.0,10.0,3.2,3.0,2.70801280154532,7.333333333333332,10.0,0.0,1.0,0.12,0.0,0.33166247903553997,0.11,1.0,0.0,3.0,0.64,0.0,0.8602325267042626,0.7399999999999999,3.0,4.0,1.0,20.0,0.0,20.0,2.0,1.0,0.0,2.0,19.0,6.0,0.0,0.0,0.0,0.0,0.0,0.0,0.0
229,174,Server 2.7.2,9,19,6,6,18,18,6,6,6,6,6,6,6,6,1,13,38.0,0.0,13.0,2.3684210526315788,1.0,3.0793212013634483,9.48221906116643,13.0,0.0,2.0,0.5526315789473685,0.0,0.6856588238764244,0.4701280227596015,2.0,0.0,2.0,1.105263157894737,1.0,0.5088128039041326,0.25889046941678534,2.0,0.0,28.0,2.526315789473684,1.0,4.825253625067852,23.283072546230446,28.0,0.0,0.0,0.0,0.0,0.0,0.0,0.0,0.0,0.0,0.0,0.0,0.0,0.0,0.0,0.0,18.0,3.763157894736842,3.0,4.016413692259355,16.13157894736842,18.0,0.0,1.0,0.10526315789473684,0.0,0.3110117477759048,0.09672830725462303,1.0,0.0,2.0,0.5,0.0,0.6877303054053769,0.47297297297297297,2.0,14.0,3.0,18.0,1.0,30.0,7.0,0.0,0.0,1.0,24.0,14.0,0.0,2.0,0.0,0.0,0.0,0.0,0.0
229,175,Server 2.7.3,-4,18,8,8,7,7,0,0,11,11,1,1,3,3,1,14,22.0,0.0,8.0,2.1363636363636362,1.5,2.273982337441448,5.17099567099567,8.0,0.0,2.0,0.6818181818181818,1.0,0.7162311170195087,0.5129870129870131,2.0,0.0,3.0,1.3181818181818181,1.0,0.8387271329003273,0.7034632034632033,3.0,0.0,28.0,2.8181818181818183,0.5,6.083829962530758,37.012987012987004,28.0,0.0,0.0,0.0,0.0,0.0,0.0,0.0,0.0,0.0,0.0,0.0,0.0,0.0,0.0,0.0,17.0,4.409090909090909,3.0,4.594604401946876,21.11038961038961,17.0,0.0,1.0,0.09090909090909091,0.0,0.29424494316824984,0.08658008658008656,1.0,0.0,5.0,0.7727272727272727,0.5,1.1518853358037973,1.326839826839827,5.0,7.0,0.0,13.0,1.0,12.0,10.0,0.0,0.0,0.0,17.0,5.0,0.0,1.0,0.0,0.0,0.0,0.0,0.0
229,193,BUILD 2.7.3,-3,18,4,4,1,1,0,0,3,3,1,1,1,1,1,2,6.0,0.0,5.0,0.8333333333333334,0.0,2.041241452319315,4.166666666666667,5.0,0.0,1.0,0.3333333333333333,0.0,0.5163977794943223,0.2666666666666667,1.0,1.0,2.0,1.6666666666666667,2.0,0.5163977794943223,0.2666666666666667,1.0,0.0,3.0,1.5,1.5,1.378404875209022,1.9,3.0,0.0,0.0,0.0,0.0,0.0,0.0,0.0,0.0,0.0,0.0,0.0,0.0,0.0,0.0,0.0,13.0,3.1666666666666665,1.5,4.9564772436345015,24.566666666666666,13.0,0.0,1.0,0.16666666666666666,0.0,0.408248290463863,0.16666666666666669,1.0,0.0,5.0,1.5,1.0,1.760681686165901,3.1,5.0,3.0,0.0,2.0,0.0,4.0,2.0,0.0,0.0,0.0,0.0,6.0,0.0,1.0,0.0,0.0,0.0,0.0,0.0
229,209,Server 2.7.4,-10,18,9,9,16,16,4,4,14,14,4,4,3,3,1,6,29.0,0.0,7.0,1.1724137931034482,1.0,1.6490032815795421,2.7192118226600988,7.0,0.0,2.0,0.4482758620689655,0.0,0.572351471472339,0.3275862068965517,2.0,0.0,3.0,0.9655172413793104,1.0,0.6804808499819214,0.46305418719211816,3.0,0.0,7.0,2.1724137931034484,1.0,2.139241613236559,4.5763546798029555,7.0,0.0,0.0,0.0,0.0,0.0,0.0,0.0,0.0,0.0,0.0,0.0,0.0,0.0,0.0,0.0,11.0,2.206896551724138,1.0,2.5408000756908327,6.455665024630541,11.0,0.0,1.0,0.1724137931034483,0.0,0.3844258722192448,0.14778325123152714,1.0,0.0,2.0,0.3448275862068966,0.0,0.6138788892284813,0.3768472906403941,2.0,13.0,1.0,11.0,1.0,16.0,11.0,2.0,0.0,0.0,22.0,7.0,0.0,3.0,0.0,0.0,0.0,0.0,0.0
229,221,BUILD 2.7.4,-3,17,4,4,0,0,0,0,4,4,0,0,0,0,1,1,5.0,0.0,1.0,0.2,0.0,0.44721359549995804,0.20000000000000007,1.0,0.0,1.0,0.2,0.0,0.447213595499958,0.20000000000000004,1.0,1.0,2.0,1.8,2.0,0.4472135954999579,0.2,1.0,0.0,3.0,1.2,1.0,1.3038404810405297,1.7000000000000002,3.0,0.0,0.0,0.0,0.0,0.0,0.0,0.0,0.0,0.0,0.0,0.0,0.0,0.0,0.0,0.0,6.0,2.2,1.0,2.3874672772626644,5.7,6.0,0.0,1.0,0.2,0.0,0.44721359549995804,0.20000000000000007,1.0,0.0,5.0,1.4,1.0,2.073644135332772,4.3,5.0,2.0,1.0,1.0,0.0,3.0,2.0,0.0,0.0,0.0,1.0,4.0,0.0,1.0,0.0,0.0,0.0,0.0,0.0
229,234,Server 2.7.5,4,17,5,5,7,7,0,0,6,6,1,1,5,5,1,8,36.0,0.0,9.0,1.5277777777777777,1.0,2.2101856562109514,4.884920634920634,9.0,0.0,3.0,0.5277777777777778,0.0,0.8446845940894527,0.7134920634920636,3.0,0.0,3.0,1.0555555555555556,1.0,0.6299407883487121,0.3968253968253969,3.0,0.0,6.0,1.8888888888888888,1.0,1.8788716641002199,3.5301587301587296,6.0,0.0,0.0,0.0,0.0,0.0,0.0,0.0,0.0,0.0,0.0,0.0,0.0,0.0,0.0,0.0,14.0,3.361111111111111,2.5,3.6656925112864536,13.437301587301587,14.0,0.0,1.0,0.1111111111111111,0.0,0.3187276291558383,0.1015873015873016,1.0,0.0,7.0,1.0,0.0,1.7566201313073597,3.085714285714286,7.0,14.0,2.0,16.0,4.0,20.0,13.0,2.0,0.0,1.0,27.0,9.0,0.0,0.0,0.0,0.0,0.0,0.0,0.0
229,236,BUILD 2.7.5,-3,17,4,4,0,0,0,0,4,4,0,0,0,0,1,1,5.0,0.0,1.0,0.2,0.0,0.44721359549995804,0.20000000000000007,1.0,0.0,0.0,0.0,0.0,0.0,0.0,0.0,1.0,2.0,1.8,2.0,0.4472135954999579,0.2,1.0,0.0,3.0,1.0,0.0,1.4142135623730951,2.0,3.0,0.0,0.0,0.0,0.0,0.0,0.0,0.0,0.0,0.0,0.0,0.0,0.0,0.0,0.0,0.0,3.0,1.0,1.0,1.224744871391589,1.5,3.0,0.0,1.0,0.2,0.0,0.44721359549995804,0.20000000000000007,1.0,0.0,5.0,1.4,1.0,2.073644135332772,4.3,5.0,2.0,1.0,1.0,0.0,4.0,1.0,0.0,0.0,0.0,1.0,4.0,0.0,1.0,0.0,0.0,0.0,0.0,0.0
229,252,Server 2.7.6,-16,19,7,7,16,16,1,1,18,18,1,1,3,3,1,5,30.0,0.0,14.0,1.5,1.0,2.788523277465246,7.775862068965517,14.0,0.0,3.0,0.5333333333333333,0.0,0.8193072487266859,0.6712643678160917,3.0,0.0,2.0,0.9666666666666667,1.0,0.41384099339733366,0.17126436781609194,2.0,0.0,6.0,1.5666666666666667,1.5,1.4546793303071945,2.116091954022988,6.0,0.0,0.0,0.0,0.0,0.0,0.0,0.0,0.0,0.0,0.0,0.0,0.0,0.0,0.0,0.0,12.0,2.2,1.5,2.510666898627149,6.303448275862069,12.0,0.0,2.0,0.2,0.0,0.4842341981115023,0.23448275862068968,2.0,0.0,7.0,0.9666666666666667,1.0,1.4499306364701423,2.1022988505747118,7.0,13.0,2.0,12.0,3.0,15.0,11.0,3.0,0.0,1.0,23.0,7.0,0.0,0.0,0.0,0.0,0.0,0.0,0.0
229,256,BUILD 2.7.6,0,18,3,3,1,1,0,0,0,0,4,4,0,0,1,2,4.0,0.0,1.0,0.25,0.0,0.5,0.25,1.0,0.0,0.0,0.0,0.0,0.0,0.0,0.0,1.0,2.0,1.75,2.0,0.5,0.25,1.0,0.0,3.0,1.25,1.0,1.5,2.25,3.0,0.0,0.0,0.0,0.0,0.0,0.0,0.0,0.0,0.0,0.0,0.0,0.0,0.0,0.0,0.0,3.0,1.25,1.0,1.2583057392117916,1.5833333333333333,3.0,0.0,1.0,0.25,0.0,0.5,0.25,1.0,0.0,5.0,2.25,2.0,2.217355782608345,4.916666666666667,5.0,2.0,1.0,0.0,0.0,3.0,1.0,0.0,0.0,0.0,1.0,3.0,0.0,1.0,0.0,0.0,0.0,0.0,0.0
229,290,MCI 2.7.8,1,18,0,0,0,0,0,0,0,0,0,0,0,0,1,1,5.0,0.0,2.0,0.4,0.0,0.8944271909999161,0.8000000000000003,2.0,0.0,0.0,0.0,0.0,0.0,0.0,0.0,1.0,1.0,1.0,1.0,0.0,0.0,0.0,0.0,0.0,0.0,0.0,0.0,0.0,0.0,0.0,0.0,0.0,0.0,0.0,0.0,0.0,0.0,0.0,0.0,0.0,0.0,0.0,0.0,0.0,0.0,0.0,0.0,0.0,0.0,0.0,0.0,0.0,0.0,0.0,0.0,0.0,0.0,0.0,0.0,0.0,0.0,0.0,0.0,0.0,0.0,0.0,1.0,4.0,4.0,1.0,0.0,0.0,0.0,2.0,3.0,0.0,0.0,0.0,0.0,0.0,0.0,0.0
229,292,BUILD 2.7.7,0,17,0,0,1,1,1,1,0,0,0,0,0,0,1,1,2.0,0.0,0.0,0.0,0.0,0.0,0.0,0.0,0.0,0.0,0.0,0.0,0.0,0.0,0.0,0.0,2.0,1.0,1.0,1.4142135623730951,2.0,2.0,1.0,2.0,1.5,1.5,0.7071067811865476,0.5,1.0,0.0,0.0,0.0,0.0,0.0,0.0,0.0,0.0,0.0,0.0,0.0,0.0,0.0,0.0,0.0,0.0,0.0,0.0,0.0,0.0,0.0,0.0,0.0,0.0,0.0,0.0,0.0,0.0,0.0,0.0,0.0,0.0,0.0,0.0,0.0,1.0,0.0,1.0,0.0,2.0,0.0,0.0,0.0,0.0,0.0,2.0,0.0,0.0,0.0,0.0,0.0,0.0,0.0
229,294,BUILD 2.7.8,0,18,1,1,1,1,1,1,1,1,0,0,0,0,1,4,6.0,0.0,11.0,4.5,3.0,4.505552130427524,20.3,11.0,0.0,2.0,0.8333333333333334,1.0,0.752772652709081,0.5666666666666667,2.0,0.0,2.0,1.3333333333333333,1.5,0.816496580927726,0.6666666666666667,2.0,1.0,6.0,2.6666666666666665,2.5,1.8618986725025255,3.4666666666666663,5.0,0.0,0.0,0.0,0.0,0.0,0.0,0.0,0.0,0.0,0.0,0.0,0.0,0.0,0.0,0.0,16.0,5.666666666666667,3.0,6.831300510639732,46.666666666666664,16.0,0.0,0.0,0.0,0.0,0.0,0.0,0.0,0.0,4.0,1.1666666666666667,0.5,1.602081978759722,2.5666666666666664,4.0,1.0,1.0,4.0,0.0,6.0,0.0,0.0,0.0,0.0,2.0,4.0,0.0,0.0,0.0,0.0,0.0,0.0,0.0
229,303,Query 2.7.8,-1,18,11,11,0,0,0,0,4,4,4,4,3,3,1,8,32.0,0.0,11.0,1.96875,1.0,2.507850576914229,6.289314516129032,11.0,0.0,2.0,0.3125,0.0,0.5922891621605981,0.35080645161290325,2.0,0.0,2.0,1.0,1.0,0.43994134506405985,0.1935483870967742,2.0,0.0,34.0,2.75,1.0,6.495656116751931,42.193548387096776,34.0,0.0,0.0,0.0,0.0,0.0,0.0,0.0,0.0,0.0,0.0,0.0,0.0,0.0,0.0,0.0,17.0,4.0,3.0,3.79303266189385,14.387096774193548,17.0,0.0,2.0,0.125,0.0,0.421211769587116,0.1774193548387097,2.0,0.0,3.0,0.625,0.0,0.8706690049203728,0.7580645161290323,3.0,5.0,1.0,6.0,18.0,30.0,2.0,0.0,0.0,0.0,12.0,20.0,0.0,1.0,1.0,0.0,0.0,0.0,0.0
229,306,BUILD 2.8.0-rc2,-1,9,7,7,0,0,0,0,5,5,1,1,1,1,1,6,8.0,0.0,12.0,3.375,3.0,3.8890872965260113,15.125,12.0,0.0,2.0,0.625,0.5,0.7440238091428449,0.5535714285714286,2.0,0.0,3.0,1.25,1.0,1.0350983390135313,1.0714285714285714,3.0,0.0,6.0,1.75,1.0,2.1213203435596424,4.5,6.0,0.0,0.0,0.0,0.0,0.0,0.0,0.0,0.0,0.0,0.0,0.0,0.0,0.0,0.0,0.0,22.0,5.375,3.0,7.3082634247620195,53.410714285714285,22.0,0.0,1.0,0.125,0.0,0.3535533905932738,0.125,1.0,0.0,2.0,0.625,0.0,0.9161253813129043,0.8392857142857143,2.0,4.0,2.0,2.0,0.0,8.0,0.0,0.0,0.0,0.0,3.0,5.0,0.0,0.0,0.0,0.0,0.0,0.0,0.0
229,313,Platform 0 3/13/15,0,18,6,6,0,0,3,3,2,2,0,0,1,1,1,5,8.0,0.0,13.0,1.875,0.0,4.517821851923146,20.410714285714285,13.0,0.0,2.0,0.5,0.0,0.7559289460184544,0.5714285714285714,2.0,1.0,2.0,1.125,1.0,0.3535533905932738,0.125,1.0,0.0,3.0,1.0,0.5,1.1952286093343936,1.4285714285714286,3.0,0.0,0.0,0.0,0.0,0.0,0.0,0.0,0.0,0.0,0.0,0.0,0.0,0.0,0.0,0.0,4.0,2.125,2.0,1.4577379737113252,2.125,4.0,0.0,0.0,0.0,0.0,0.0,0.0,0.0,0.0,1.0,0.125,0.0,0.3535533905932738,0.125,1.0,3.0,0.0,3.0,2.0,8.0,0.0,0.0,0.0,0.0,2.0,6.0,0.0,0.0,0.0,0.0,0.0,0.0,0.0
229,346,BUILD 1,-1,32,7,7,2,2,0,0,5,5,3,3,1,1,1,3,10.0,0.0,16.0,1.7,0.0,5.034326612809745,25.344444444444445,16.0,0.0,3.0,0.5,0.0,1.0801234497346435,1.1666666666666667,3.0,0.0,2.0,0.7,1.0,0.6749485577105528,0.4555555555555555,2.0,0.0,3.0,1.2,1.0,1.3165611772087666,1.7333333333333334,3.0,0.0,0.0,0.0,0.0,0.0,0.0,0.0,0.0,0.0,0.0,0.0,0.0,0.0,0.0,0.0,9.0,1.7,0.5,2.79085809185793,7.788888888888888,9.0,0.0,0.0,0.0,0.0,0.0,0.0,0.0,0.0,1.0,0.2,0.0,0.42163702135578396,0.17777777777777784,1.0,3.0,0.0,5.0,0.0,7.0,2.0,0.0,0.0,1.0,7.0,3.0,0.0,2.0,0.0,0.0,0.0,0.0,0.0
229,374,Platform 00 2/20/15,0,16,0,0,4,4,0,0,2,2,0,0,2,2,1,2,4.0,0.0,5.0,1.75,1.0,2.362907813126304,5.583333333333333,5.0,0.0,1.0,0.25,0.0,0.5,0.25,1.0,0.0,1.0,0.75,1.0,0.5,0.25,1.0,0.0,1.0,0.25,0.0,0.5,0.25,1.0,0.0,0.0,0.0,0.0,0.0,0.0,0.0,0.0,0.0,0.0,0.0,0.0,0.0,0.0,0.0,10.0,3.0,1.0,4.760952285695233,22.666666666666668,10.0,0.0,1.0,0.25,0.0,0.5,0.25,1.0,0.0,2.0,1.0,1.0,0.816496580927726,0.6666666666666666,2.0,1.0,2.0,1.0,0.0,3.0,0.0,1.0,0.0,0.0,3.0,1.0,0.0,0.0,0.0,0.0,0.0,0.0,0.0
229,403,BUILD 00 2/20/15,0,18,4,4,0,0,1,1,3,3,0,0,0,0,1,3,5.0,0.0,2.0,0.4,0.0,0.894427190999916,0.8000000000000002,2.0,0.0,0.0,0.0,0.0,0.0,0.0,0.0,1.0,2.0,1.2,1.0,0.44721359549995804,0.20000000000000007,1.0,0.0,3.0,1.0,1.0,1.224744871391589,1.5,3.0,0.0,0.0,0.0,0.0,0.0,0.0,0.0,0.0,0.0,0.0,0.0,0.0,0.0,0.0,0.0,2.0,1.6,2.0,0.8944271909999159,0.8,2.0,0.0,0.0,0.0,0.0,0.0,0.0,0.0,0.0,0.0,0.0,0.0,0.0,0.0,0.0,5.0,0.0,0.0,0.0,4.0,1.0,0.0,0.0,0.0,1.0,4.0,0.0,0.0,0.0,0.0,0.0,0.0,0.0
229,407,Security [00-02-20-15],-2,31,3,3,8,8,0,0,6,6,1,1,4,4,1,7,11.0,0.0,7.0,2.909090909090909,3.0,1.92117388356939,3.6909090909090914,7.0,0.0,3.0,1.1818181818181819,1.0,0.873862897505303,0.7636363636363638,3.0,0.0,4.0,1.8181818181818181,2.0,1.1677484162422844,1.3636363636363635,4.0,0.0,3.0,1.0909090909090908,1.0,0.9438798074485389,0.8909090909090909,3.0,0.0,0.0,0.0,0.0,0.0,0.0,0.0,0.0,0.0,0.0,0.0,0.0,0.0,0.0,1.0,19.0,6.909090909090909,5.0,4.948829062607547,24.49090909090909,18.0,0.0,0.0,0.0,0.0,0.0,0.0,0.0,0.0,2.0,0.5454545454545454,0.0,0.6875516509523286,0.47272727272727266,2.0,3.0,0.0,8.0,0.0,10.0,0.0,1.0,0.0,0.0,7.0,4.0,0.0,0.0,0.0,0.0,0.0,0.0,0.0
229,411,RPL 0 3/13/15,6,35,21,21,7,7,4,4,5,5,4,4,15,15,1,10,38.0,0.0,16.0,2.1052631578947367,1.0,3.278014178722122,10.74537695590327,16.0,0.0,2.0,0.3684210526315789,0.0,0.5413223364846866,0.2930298719772403,2.0,0.0,2.0,1.0,1.0,0.6151246852292456,0.3783783783783784,2.0,0.0,6.0,1.131578947368421,0.5,1.5451939899481342,2.3876244665718347,6.0,0.0,0.0,0.0,0.0,0.0,0.0,0.0,0.0,0.0,0.0,0.0,0.0,0.0,0.0,0.0,19.0,4.7631578947368425,3.0,4.789821474562412,22.94238975817924,19.0,0.0,1.0,0.10526315789473684,0.0,0.3110117477759048,0.09672830725462303,1.0,0.0,3.0,0.5789473684210527,0.0,1.003549886918148,1.007112375533428,3.0,8.0,6.0,24.0,0.0,28.0,6.0,2.0,0.0,2.0,18.0,20.0,0.0,0.0,0.0,0.0,0.0,0.0,0.0
229,421,Security 0 03/13/15],-6,18,3,3,3,3,0,0,5,5,1,1,0,0,1,6,6.0,0.0,0.0,0.0,0.0,0.0,0.0,0.0,0.0,1.0,0.5,0.5,0.5477225575051661,0.3,1.0,1.0,1.0,1.0,1.0,0.0,0.0,0.0,0.0,3.0,0.8333333333333334,0.0,1.3291601358251257,1.7666666666666664,3.0,0.0,0.0,0.0,0.0,0.0,0.0,0.0,0.0,0.0,0.0,0.0,0.0,0.0,0.0,0.0,19.0,6.333333333333333,4.0,7.004760286167306,49.06666666666668,19.0,0.0,0.0,0.0,0.0,0.0,0.0,0.0,0.0,1.0,0.3333333333333333,0.0,0.5163977794943223,0.2666666666666667,1.0,1.0,1.0,4.0,0.0,6.0,0.0,0.0,0.0,0.0,2.0,4.0,0.0,0.0,0.0,0.0,0.0,0.0,0.0
229,426,BUILD 0 3/13/15,0,18,0,0,6,6,3,3,2,2,1,1,0,0,1,3,8.0,0.0,3.0,0.5,0.0,1.0690449676496976,1.1428571428571428,3.0,0.0,1.0,0.25,0.0,0.4629100498862757,0.21428571428571427,1.0,0.0,2.0,1.0,1.0,0.5345224838248488,0.2857142857142857,2.0,0.0,5.0,1.5,1.0,1.7728105208558367,3.142857142857143,5.0,0.0,0.0,0.0,0.0,0.0,0.0,0.0,0.0,0.0,0.0,0.0,0.0,0.0,0.0,0.0,3.0,1.125,1.0,1.246423454758225,1.5535714285714286,3.0,0.0,1.0,0.125,0.0,0.3535533905932738,0.125,1.0,0.0,1.0,0.25,0.0,0.4629100498862757,0.21428571428571427,1.0,5.0,0.0,3.0,0.0,7.0,0.0,1.0,0.0,0.0,3.0,5.0,0.0,0.0,0.0,0.0,0.0,0.0,0.0
229,430,Quint 3.1.0,-5,17,8,8,6,6,4,4,3,3,2,2,5,5,1,7,14.0,0.0,7.0,1.7142857142857142,1.0,2.2677868380553634,5.142857142857143,7.0,0.0,2.0,0.2857142857142857,0.0,0.6112498455021267,0.37362637362637374,2.0,0.0,2.0,1.3571428571428572,1.0,0.633323693776651,0.4010989010989012,2.0,0.0,18.0,2.7142857142857144,1.0,4.8584355099554015,23.604395604395602,18.0,0.0,0.0,0.0,0.0,0.0,0.0,0.0,0.0,0.0,0.0,0.0,0.0,0.0,0.0,0.0,25.0,4.285714285714286,2.5,6.3540244234364085,40.37362637362638,25.0,0.0,2.0,0.14285714285714285,0.0,0.5345224838248487,0.28571428571428564,2.0,0.0,3.0,1.0,1.0,1.1766968108291043,1.3846153846153846,3.0,4.0,5.0,4.0,0.0,11.0,2.0,0.0,1.0,0.0,7.0,7.0,0.0,0.0,1.0,0.0,0.0,0.0,0.0
229,450,Quint Iteration 3.1.1,-1,18,23,23,7,7,2,2,12,12,7,7,9,9,1,10,40.0,0.0,8.0,1.175,1.0,1.5994790818680105,2.5583333333333336,8.0,0.0,2.0,0.375,0.0,0.5856182356695512,0.34294871794871795,2.0,0.0,2.0,1.225,1.0,0.5304811555656397,0.28141025641025647,2.0,0.0,12.0,1.025,0.0,2.2813345172260857,5.204487179487178,12.0,0.0,0.0,0.0,0.0,0.0,0.0,0.0,0.0,0.0,0.0,0.0,0.0,0.0,0.0,0.0,27.0,3.5,2.0,4.9923017660270625,24.923076923076923,27.0,0.0,2.0,0.1,0.0,0.3789323733725367,0.14358974358974358,2.0,0.0,3.0,0.375,0.0,0.8378084965689216,0.7019230769230769,3.0,15.0,8.0,16.0,0.0,34.0,5.0,1.0,0.0,0.0,19.0,21.0,0.0,1.0,0.0,0.0,0.0,0.0,0.0
229,452,Platform 1 04/03/15,5,18,3,3,11,11,5,5,9,9,0,0,0,0,1,5,24.0,0.0,72.0,3.9166666666666665,0.0,14.649281527616372,214.60144927536226,72.0,0.0,2.0,0.20833333333333334,0.0,0.5089773777040516,0.2590579710144928,2.0,0.0,2.0,1.125,1.0,0.44842720314644063,0.20108695652173914,2.0,0.0,13.0,1.5416666666666667,1.0,2.7659288347389888,7.65036231884058,13.0,0.0,0.0,0.0,0.0,0.0,0.0,0.0,0.0,0.0,0.0,0.0,0.0,0.0,0.0,0.0,8.0,1.5,0.0,2.1869176243407464,4.782608695652174,8.0,0.0,1.0,0.041666666666666664,0.0,0.2041241452319315,0.04166666666666667,1.0,0.0,2.0,0.4166666666666667,0.0,0.7755316082290384,0.6014492753623187,2.0,6.0,13.0,3.0,2.0,20.0,1.0,2.0,0.0,1.0,8.0,16.0,0.0,0.0,0.0,0.0,0.0,0.0,0.0
229,453,BUILD 1 04/03/15,2,18,3,3,4,4,0,0,6,6,0,0,1,1,1,4,12.0,0.0,4.0,1.25,0.0,1.764549903980152,3.1136363636363638,4.0,0.0,1.0,0.25,0.0,0.45226701686664544,0.20454545454545456,1.0,0.0,3.0,1.0833333333333333,1.0,0.90033663737852,0.8106060606060607,3.0,0.0,5.0,1.3333333333333333,1.0,1.7232808737106584,2.96969696969697,5.0,0.0,0.0,0.0,0.0,0.0,0.0,0.0,0.0,0.0,0.0,0.0,0.0,0.0,0.0,0.0,4.0,1.25,1.5,1.2880570286640687,1.6590909090909092,4.0,0.0,1.0,0.08333333333333333,0.0,0.28867513459481287,0.08333333333333331,1.0,0.0,1.0,0.08333333333333333,0.0,0.28867513459481287,0.08333333333333331,1.0,8.0,1.0,3.0,0.0,9.0,2.0,1.0,0.0,0.0,7.0,5.0,0.0,0.0,0.0,0.0,0.0,0.0,0.0
229,457,RPL 1 04/03/15,-2,18,1,1,11,11,3,3,2,2,5,5,2,2,1,6,19.0,0.0,6.0,0.9473684210526315,0.0,1.6149882768933412,2.6081871345029235,6.0,0.0,1.0,0.3157894736842105,0.0,0.4775669329409193,0.2280701754385965,1.0,0.0,2.0,1.0526315789473684,1.0,0.6212607441973956,0.3859649122807018,2.0,0.0,4.0,1.263157894736842,1.0,1.3679711361135387,1.871345029239766,4.0,0.0,0.0,0.0,0.0,0.0,0.0,0.0,0.0,0.0,0.0,0.0,0.0,0.0,0.0,0.0,7.0,1.4736842105263157,1.0,2.0102078679864475,4.040935672514619,7.0,0.0,0.0,0.0,0.0,0.0,0.0,0.0,0.0,2.0,0.3157894736842105,0.0,0.5823927253578186,0.3391812865497076,2.0,13.0,0.0,6.0,0.0,13.0,4.0,2.0,0.0,0.0,9.0,10.0,0.0,0.0,0.0,0.0,0.0,0.0,0.0
229,458,Security 1 04/03/15,0,18,6,6,5,5,1,1,3,3,5,5,2,2,1,8,19.0,0.0,3.0,0.47368421052631576,0.0,1.020262550775348,1.0409356725146195,3.0,0.0,3.0,0.7368421052631579,1.0,0.7334928056269077,0.5380116959064326,3.0,0.0,4.0,1.5263157894736843,1.0,1.0202625507753482,1.04093567251462,4.0,0.0,3.0,0.6842105263157895,0.0,1.002919714242558,1.0058479532163744,3.0,0.0,0.0,0.0,0.0,0.0,0.0,0.0,0.0,0.0,0.0,0.0,0.0,0.0,0.0,0.0,19.0,3.210526315789474,2.0,5.006428615827866,25.064327485380115,19.0,0.0,1.0,0.05263157894736842,0.0,0.22941573387056177,0.05263157894736842,1.0,0.0,5.0,0.5263157894736842,0.0,1.2187617145935723,1.4853801169590644,5.0,4.0,1.0,14.0,0.0,19.0,0.0,0.0,0.0,0.0,10.0,9.0,0.0,0.0,0.0,0.0,0.0,0.0,0.0
229,459,Sharding 1 04/03/15,14,18,1,1,0,0,0,0,1,1,0,0,0,0,1,5,21.0,0.0,9.0,1.4285714285714286,1.0,2.2928460168844436,5.257142857142858,9.0,0.0,1.0,0.2857142857142857,0.0,0.4629100498862757,0.21428571428571427,1.0,0.0,1.0,0.9523809523809523,1.0,0.21821789023599242,0.04761904761904763,1.0,0.0,7.0,0.7619047619047619,0.0,1.6402671094904606,2.6904761904761907,7.0,0.0,0.0,0.0,0.0,0.0,0.0,0.0,0.0,0.0,0.0,0.0,0.0,0.0,0.0,0.0,9.0,1.6666666666666667,0.0,2.5166114784235827,6.333333333333331,9.0,0.0,1.0,0.047619047619047616,0.0,0.21821789023599242,0.04761904761904763,1.0,0.0,7.0,0.47619047619047616,0.0,1.569045812557671,2.4619047619047616,7.0,2.0,11.0,8.0,0.0,16.0,3.0,0.0,0.0,2.0,1.0,20.0,0.0,0.0,0.0,0.0,0.0,0.0,0.0
229,460,Security 2 04/24/15,-1,18,9,9,10,10,11,11,3,3,3,3,2,2,1,11,24.0,0.0,13.0,1.7916666666666667,0.0,3.5506174192626014,12.606884057971016,13.0,0.0,2.0,0.5416666666666666,0.5,0.5882299658752717,0.3460144927536232,2.0,0.0,3.0,1.3333333333333333,1.0,0.701964118163034,0.4927536231884058,3.0,0.0,7.0,1.2083333333333333,0.5,1.6934443076725039,2.867753623188406,7.0,0.0,0.0,0.0,0.0,0.0,0.0,0.0,0.0,0.0,0.0,0.0,0.0,0.0,0.0,0.0,19.0,4.291666666666667,2.5,4.563362286989587,20.824275362318836,19.0,0.0,1.0,0.08333333333333333,0.0,0.28232985128663995,0.07971014492753623,1.0,0.0,7.0,0.75,0.0,1.7507762253652943,3.0652173913043477,7.0,5.0,4.0,12.0,0.0,23.0,1.0,0.0,0.0,0.0,13.0,11.0,0.0,3.0,0.0,0.0,0.0,0.0,0.0
229,470,Quint Iteration 3.1.2,-11,21,27,27,13,13,5,5,22,22,1,1,12,12,1,21,51.0,0.0,72.0,2.8823529411764706,0.0,10.11661417436393,102.34588235294119,72.0,0.0,2.0,0.2549019607843137,0.0,0.5231878154124755,0.2737254901960785,2.0,0.0,3.0,1.0588235294117647,1.0,0.6135719910778963,0.37647058823529406,3.0,0.0,15.0,2.0588235294117645,1.0,3.4316862601693785,11.776470588235295,15.0,0.0,0.0,0.0,0.0,0.0,0.0,0.0,0.0,0.0,0.0,0.0,0.0,0.0,0.0,0.0,17.0,3.843137254901961,2.0,4.562335143408944,20.814901960784315,17.0,0.0,2.0,0.058823529411764705,0.0,0.31059714782221376,0.0964705882352941,2.0,0.0,5.0,0.5882352941176471,0.0,1.1167178800079327,1.2470588235294118,5.0,17.0,6.0,24.0,4.0,45.0,4.0,2.0,0.0,0.0,35.0,16.0,0.0,0.0,0.0,0.0,0.0,0.0,0.0
229,474,RPL 2 04/24/15,8,21,6,6,6,6,5,5,7,7,0,0,0,0,1,6,23.0,0.0,8.0,1.6956521739130435,0.0,2.438978597854133,5.948616600790513,8.0,0.0,2.0,0.30434782608695654,0.0,0.5587959953568722,0.3122529644268775,2.0,0.0,2.0,1.0434782608695652,1.0,0.3665888047644883,0.13438735177865613,2.0,0.0,4.0,1.6956521739130435,1.0,1.4596008983995232,2.1304347826086953,4.0,0.0,0.0,0.0,0.0,0.0,0.0,0.0,0.0,0.0,0.0,0.0,0.0,0.0,0.0,0.0,6.0,1.826086956521739,1.0,2.01476761378314,4.059288537549407,6.0,0.0,0.0,0.0,0.0,0.0,0.0,0.0,0.0,3.0,0.2608695652173913,0.0,0.6887004431501819,0.47430830039525684,3.0,10.0,7.0,6.0,0.0,20.0,1.0,1.0,0.0,1.0,10.0,13.0,0.0,0.0,0.0,0.0,0.0,0.0,0.0
229,475,Sharding 2 04/24/15,13,18,6,6,13,13,0,0,6,6,3,3,10,10,1,8,55.0,0.0,13.0,1.2181818181818183,0.0,2.6365726144969246,6.951515151515149,13.0,0.0,1.0,0.2,0.0,0.4036867138796655,0.16296296296296292,1.0,0.0,3.0,0.9818181818181818,1.0,0.4078357099739629,0.16632996632996638,3.0,0.0,7.0,0.6909090909090909,0.0,1.260110625254302,1.587878787878788,7.0,0.0,0.0,0.0,0.0,0.0,0.0,0.0,0.0,0.0,0.0,0.0,0.0,0.0,0.0,0.0,11.0,1.5454545454545454,1.0,2.33981782939345,5.474747474747476,11.0,0.0,1.0,0.03636363636363636,0.0,0.18891859540615824,0.03569023569023571,1.0,0.0,7.0,0.6363636363636364,0.0,1.5075567228888183,2.272727272727273,7.0,10.0,27.0,10.0,7.0,52.0,1.0,1.0,0.0,1.0,20.0,35.0,0.0,1.0,0.0,0.0,0.0,0.0,0.0
229,476,Platform 2 04/24/15,-3,18,14,14,9,9,2,2,8,8,6,6,7,7,1,8,37.0,0.0,17.0,1.2972972972972974,0.0,3.213382303092152,10.325825825825824,17.0,0.0,2.0,0.16216216216216217,0.0,0.44180900307168386,0.19519519519519515,2.0,0.0,2.0,1.0,1.0,0.23570226039551584,0.05555555555555555,2.0,0.0,13.0,1.2162162162162162,0.0,2.3468079400554935,5.507507507507508,13.0,0.0,0.0,0.0,0.0,0.0,0.0,0.0,0.0,0.0,0.0,0.0,0.0,0.0,0.0,0.0,9.0,1.135135135135135,0.0,1.8583469679942586,3.4534534534534536,9.0,0.0,0.0,0.0,0.0,0.0,0.0,0.0,0.0,3.0,0.40540540540540543,0.0,0.9267463832456314,0.8588588588588588,3.0,12.0,13.0,8.0,2.0,37.0,0.0,0.0,0.0,0.0,8.0,29.0,0.0,2.0,0.0,0.0,0.0,0.0,0.0
229,477,BUILD 2 04/24/15,-3,18,13,13,3,3,3,3,7,7,3,3,3,3,1,7,20.0,0.0,17.0,2.35,1.0,4.120232492162752,16.976315789473684,17.0,0.0,1.0,0.25,0.0,0.4442616583193193,0.19736842105263158,1.0,0.0,3.0,1.3,1.0,0.9787209698591858,0.9578947368421052,3.0,0.0,5.0,1.6,1.0,1.3138933706635725,1.726315789473684,5.0,0.0,0.0,0.0,0.0,0.0,0.0,0.0,0.0,0.0,0.0,0.0,0.0,0.0,0.0,0.0,9.0,2.4,2.0,2.500526260399472,6.252631578947369,9.0,0.0,1.0,0.1,0.0,0.30779350562554625,0.09473684210526317,1.0,0.0,1.0,0.2,0.0,0.41039134083406165,0.16842105263157897,1.0,12.0,2.0,6.0,0.0,18.0,2.0,0.0,0.0,0.0,10.0,10.0,0.0,0.0,0.0,0.0,0.0,0.0,0.0
229,490,Quint Iteration 3,-7,21,31,31,11,11,2,2,26,26,7,7,7,7,1,25,75.0,0.0,78.0,2.1333333333333333,0.0,9.134628697513731,83.4414414414414,78.0,0.0,3.0,0.30666666666666664,0.0,0.5688616735231894,0.3236036036036037,3.0,0.0,3.0,0.9733333333333334,1.0,0.5445884469731033,0.29657657657657654,3.0,0.0,14.0,1.4266666666666667,1.0,2.2611485561087736,5.112792792792791,14.0,0.0,0.0,0.0,0.0,0.0,0.0,0.0,0.0,0.0,0.0,0.0,0.0,0.0,0.0,0.0,18.0,3.1466666666666665,2.0,4.012458077017107,16.099819819819817,18.0,0.0,2.0,0.09333333333333334,0.0,0.3739248852641661,0.1398198198198198,2.0,0.0,5.0,0.4266666666666667,0.0,0.9178902562520873,0.8425225225225225,5.0,21.0,9.0,27.0,17.0,62.0,9.0,4.0,0.0,0.0,35.0,40.0,0.0,1.0,0.0,0.0,0.0,0.0,0.0
229,491,CAP - 3.1.3,0,20,0,0,1,1,1,1,0,0,0,0,0,0,1,1,2.0,0.0,6.0,3.0,3.0,4.242640687119285,18.0,6.0,0.0,3.0,1.5,1.5,2.1213203435596424,4.5,3.0,2.0,2.0,2.0,2.0,0.0,0.0,0.0,1.0,3.0,2.0,2.0,1.4142135623730951,2.0,2.0,0.0,0.0,0.0,0.0,0.0,0.0,0.0,0.0,0.0,0.0,0.0,0.0,0.0,0.0,0.0,1.0,0.5,0.5,0.7071067811865476,0.5,1.0,0.0,0.0,0.0,0.0,0.0,0.0,0.0,0.0,0.0,0.0,0.0,0.0,0.0,0.0,1.0,0.0,1.0,0.0,1.0,0.0,1.0,0.0,0.0,2.0,0.0,0.0,0.0,0.0,0.0,0.0,0.0,0.0
229,498,Security 3 05/15/15,0,18,4,4,3,3,1,1,1,1,2,2,3,3,1,5,9.0,0.0,6.0,1.4444444444444444,1.0,2.0069324297987157,4.027777777777778,6.0,0.0,1.0,0.5555555555555556,1.0,0.5270462766947299,0.2777777777777778,1.0,0.0,2.0,1.1111111111111112,1.0,0.7817359599705717,0.6111111111111112,2.0,0.0,3.0,0.8888888888888888,1.0,0.927960727138337,0.8611111111111112,3.0,0.0,0.0,0.0,0.0,0.0,0.0,0.0,0.0,0.0,0.0,0.0,0.0,0.0,0.0,0.0,21.0,4.333333333333333,2.0,6.763874629234342,45.75000000000001,21.0,0.0,1.0,0.1111111111111111,0.0,0.3333333333333333,0.1111111111111111,1.0,0.0,0.0,0.0,0.0,0.0,0.0,0.0,2.0,1.0,5.0,0.0,6.0,1.0,2.0,0.0,0.0,3.0,6.0,0.0,1.0,0.0,0.0,0.0,0.0,0.0
229,499,RPL 3 05/15/15,-1,16,8,8,5,5,3,3,2,2,2,2,6,6,1,5,17.0,0.0,13.0,1.9411764705882353,0.0,3.561435599503628,12.683823529411764,13.0,0.0,4.0,0.5294117647058824,0.0,1.007326105267277,1.0147058823529411,4.0,0.0,3.0,1.1176470588235294,1.0,0.696630546019236,0.4852941176470589,3.0,0.0,6.0,1.1176470588235294,1.0,1.6156404667026196,2.610294117647059,6.0,0.0,0.0,0.0,0.0,0.0,0.0,0.0,0.0,0.0,0.0,0.0,0.0,0.0,0.0,0.0,11.0,3.0,2.0,3.29772648956823,10.875,11.0,0.0,1.0,0.058823529411764705,0.0,0.242535625036333,0.05882352941176471,1.0,0.0,4.0,0.8235294117647058,0.0,1.4677914581799016,2.1544117647058822,4.0,6.0,9.0,2.0,0.0,15.0,1.0,1.0,0.0,0.0,3.0,14.0,0.0,0.0,0.0,0.0,0.0,0.0,0.0
229,500,Sharding 3 05/15/15,-3,17,13,13,5,5,1,1,10,10,3,3,4,4,1,10,38.0,0.0,8.0,1.2894736842105263,1.0,2.1296858636116127,4.535561877667141,8.0,0.0,1.0,0.34210526315789475,0.0,0.4807829082199318,0.23115220483641535,1.0,0.0,1.0,0.9210526315789473,1.0,0.2732763127330939,0.07467994310099574,1.0,0.0,7.0,0.5789473684210527,0.0,1.3281073496860802,1.7638691322901843,7.0,0.0,0.0,0.0,0.0,0.0,0.0,0.0,0.0,0.0,0.0,0.0,0.0,0.0,0.0,0.0,13.0,2.4473684210526314,1.5,3.1079442099157424,9.659317211948789,13.0,0.0,1.0,0.05263157894736842,0.0,0.22629428592141426,0.05120910384068279,1.0,0.0,7.0,0.8157894736842105,0.0,1.6416086895530042,2.694879089615932,7.0,6.0,17.0,7.0,7.0,36.0,1.0,1.0,0.0,0.0,17.0,21.0,0.0,1.0,0.0,0.0,0.0,0.0,0.0
229,501,Platform 3 05/15/15,2,18,13,13,7,7,9,9,11,11,0,0,0,0,1,7,27.0,0.0,49.0,2.6296296296296298,0.0,9.397823594805784,88.31908831908831,49.0,0.0,2.0,0.25925925925925924,0.0,0.5256931389634797,0.27635327635327633,2.0,0.0,3.0,1.1111111111111112,1.0,0.5063696835418333,0.25641025641025644,3.0,0.0,5.0,1.0740740740740742,0.0,1.46565621758588,2.1481481481481484,5.0,0.0,0.0,0.0,0.0,0.0,0.0,0.0,0.0,0.0,0.0,0.0,0.0,0.0,0.0,0.0,7.0,1.1851851851851851,0.0,1.9421842786099808,3.7720797720797714,7.0,0.0,0.0,0.0,0.0,0.0,0.0,0.0,0.0,3.0,0.37037037037037035,0.0,0.8388704928078613,0.703703703703704,3.0,7.0,8.0,11.0,0.0,23.0,1.0,2.0,0.0,1.0,14.0,13.0,0.0,1.0,0.0,0.0,0.0,0.0,0.0
229,502,BUILD 3 05/15/15,2,18,13,13,6,6,7,7,12,12,0,0,0,0,1,5,24.0,0.0,8.0,1.9583333333333333,2.0,2.2932636069615926,5.259057971014493,8.0,0.0,3.0,0.2916666666666667,0.0,0.6902530516863499,0.47644927536231885,3.0,0.0,3.0,1.5,1.0,0.7801894976054939,0.6086956521739131,3.0,0.0,5.0,1.2083333333333333,1.0,1.5030162910010298,2.2590579710144927,5.0,0.0,0.0,0.0,0.0,0.0,0.0,0.0,0.0,0.0,0.0,0.0,0.0,0.0,0.0,0.0,7.0,2.4166666666666665,2.0,2.1450988964060187,4.601449275362319,7.0,0.0,1.0,0.041666666666666664,0.0,0.20412414523193154,0.04166666666666668,1.0,0.0,3.0,0.3333333333333333,0.0,0.7019641181630338,0.49275362318840576,3.0,11.0,3.0,9.0,0.0,21.0,3.0,0.0,0.0,0.0,11.0,13.0,0.0,1.0,0.0,0.0,0.0,0.0,0.0
229,518,Quint Iteration 4,-13,18,30,30,14,14,7,7,19,19,7,7,11,11,1,23,68.0,0.0,13.0,1.8676470588235294,0.5,3.0069790054546366,9.041922739244955,13.0,0.0,3.0,0.27941176470588236,0.0,0.5421237462770251,0.2938981562774363,3.0,0.0,3.0,0.9705882352941176,1.0,0.4877786455183385,0.23792800702370492,3.0,0.0,8.0,1.3235294117647058,1.0,1.8563419048706393,3.446005267778754,8.0,0.0,0.0,0.0,0.0,0.0,0.0,0.0,0.0,0.0,0.0,0.0,0.0,0.0,0.0,0.0,20.0,3.2205882352941178,2.0,3.916461958921652,15.338674275680422,20.0,0.0,3.0,0.07352941176470588,0.0,0.3983614375701197,0.15869183494293237,3.0,0.0,5.0,0.45588235294117646,0.0,0.9373481732488139,0.8786215978928885,5.0,18.0,9.0,20.0,15.0,61.0,4.0,2.0,0.0,1.0,38.0,30.0,0.0,6.0,0.0,0.0,0.0,0.0,0.0
229,524,CAP - 3.1.4,1,18,1,1,0,0,0,0,1,1,0,0,0,0,1,7,3.0,0.0,9.0,3.0,0.0,5.196152422706632,27.0,9.0,0.0,2.0,1.0,1.0,1.0,1.0,2.0,0.0,2.0,1.0,1.0,1.0,1.0,2.0,0.0,2.0,0.6666666666666666,0.0,1.1547005383792517,1.3333333333333335,2.0,0.0,0.0,0.0,0.0,0.0,0.0,0.0,0.0,0.0,0.0,0.0,0.0,0.0,0.0,0.0,7.0,4.0,5.0,3.605551275463989,13.0,7.0,0.0,0.0,0.0,0.0,0.0,0.0,0.0,0.0,1.0,0.3333333333333333,0.0,0.5773502691896258,0.33333333333333337,1.0,0.0,0.0,2.0,0.0,3.0,0.0,0.0,0.0,0.0,0.0,3.0,0.0,1.0,0.0,0.0,0.0,0.0,0.0
229,536,Quint Iteration 5,-17,20,51,51,8,8,0,0,33,33,12,12,14,14,1,28,100.0,0.0,14.0,1.91,1.0,2.971565584031761,8.830202020202021,14.0,0.0,2.0,0.29,0.0,0.49838121792844314,0.24838383838383835,2.0,0.0,2.0,0.99,1.0,0.4379705261980329,0.19181818181818183,2.0,0.0,7.0,1.27,1.0,1.734119868167053,3.0071717171717176,7.0,0.0,0.0,0.0,0.0,0.0,0.0,0.0,0.0,0.0,0.0,0.0,0.0,0.0,0.0,0.0,25.0,4.16,3.5,4.222881394584422,17.832727272727276,25.0,0.0,3.0,0.06,0.0,0.3428932159955306,0.11757575757575758,3.0,0.0,5.0,0.5,0.0,0.9898474527915803,0.9797979797979798,5.0,33.0,7.0,34.0,15.0,87.0,8.0,5.0,0.0,0.0,55.0,45.0,0.0,11.0,0.0,0.0,0.0,0.0,0.0
229,541,BUILD 4 06/05/15,-2,22,0,0,10,10,3,3,3,3,3,3,1,1,1,4,12.0,0.0,5.0,1.8333333333333333,1.5,2.0375267241229382,4.151515151515152,5.0,0.0,1.0,0.16666666666666666,0.0,0.38924947208076144,0.1515151515151515,1.0,0.0,3.0,1.25,1.0,0.7537783614444091,0.5681818181818182,3.0,0.0,5.0,1.1666666666666667,0.5,1.696699112626596,2.8787878787878785,5.0,0.0,0.0,0.0,0.0,0.0,0.0,0.0,0.0,0.0,0.0,0.0,0.0,0.0,0.0,0.0,7.0,1.9166666666666667,1.0,2.391588796113782,5.71969696969697,7.0,0.0,1.0,0.08333333333333333,0.0,0.28867513459481287,0.08333333333333331,1.0,0.0,1.0,0.16666666666666666,0.0,0.3892494720807615,0.15151515151515152,1.0,4.0,0.0,7.0,0.0,11.0,1.0,0.0,0.0,0.0,7.0,5.0,0.0,1.0,0.0,0.0,0.0,0.0,0.0
229,546,Sharding 4 06/05/15,-10,18,14,14,2,2,2,2,10,10,3,3,1,1,1,7,20.0,0.0,8.0,1.4,0.5,2.1618705350983243,4.673684210526315,8.0,0.0,1.0,0.3,0.0,0.4701623459816272,0.22105263157894733,1.0,1.0,3.0,1.1,1.0,0.44721359549995804,0.20000000000000007,2.0,0.0,7.0,0.8,0.0,1.5761378513048248,2.4842105263157896,7.0,0.0,0.0,0.0,0.0,0.0,0.0,0.0,0.0,0.0,0.0,0.0,0.0,0.0,0.0,0.0,13.0,2.7,1.0,3.7850119933064525,14.326315789473684,13.0,0.0,1.0,0.1,0.0,0.30779350562554625,0.09473684210526317,1.0,0.0,7.0,1.1,0.0,2.149663376340339,4.621052631578947,7.0,5.0,11.0,4.0,0.0,18.0,2.0,0.0,0.0,0.0,8.0,12.0,0.0,0.0,0.0,0.0,0.0,0.0,0.0
229,547,RPL 4 06/05/15,-4,18,17,17,3,3,1,1,11,11,4,4,4,4,1,8,24.0,0.0,14.0,1.625,0.0,3.3726843908080104,11.375,14.0,0.0,2.0,0.2916666666666667,0.0,0.5500329370901873,0.302536231884058,2.0,0.0,1.0,0.9166666666666666,1.0,0.28232985128663995,0.07971014492753623,1.0,0.0,6.0,1.2083333333333333,1.0,1.3824731042801415,1.9112318840579712,6.0,0.0,0.0,0.0,0.0,0.0,0.0,0.0,0.0,0.0,0.0,0.0,0.0,0.0,0.0,0.0,12.0,3.125,2.0,3.0830885135864485,9.505434782608695,12.0,0.0,1.0,0.041666666666666664,0.0,0.20412414523193154,0.04166666666666668,1.0,0.0,3.0,0.5416666666666666,0.0,0.9770927002733857,0.9547101449275364,3.0,5.0,13.0,5.0,0.0,23.0,0.0,1.0,0.0,0.0,6.0,18.0,0.0,1.0,0.0,0.0,0.0,0.0,0.0
229,548,Platform 4 06/05/15,-29,18,16,16,38,38,10,10,30,30,4,4,10,10,1,9,58.0,0.0,4.0,0.603448275862069,0.0,1.0586263057247416,1.120689655172414,4.0,0.0,1.0,0.1896551724137931,0.0,0.3954520642861981,0.15638233514821537,1.0,0.0,2.0,0.9655172413793104,1.0,0.2626128657194451,0.06896551724137931,2.0,0.0,5.0,0.6724137931034483,0.0,1.2050759753945304,1.452208106473079,5.0,0.0,0.0,0.0,0.0,0.0,0.0,0.0,0.0,0.0,0.0,0.0,0.0,0.0,0.0,0.0,8.0,0.9482758620689655,0.0,1.5719293519358033,2.4709618874773143,8.0,0.0,2.0,0.05172413793103448,0.0,0.2915424072011005,0.08499697519661227,2.0,0.0,3.0,0.20689655172413793,0.0,0.5851561701773917,0.34240774349667263,3.0,7.0,39.0,12.0,0.0,52.0,3.0,2.0,0.0,1.0,18.0,40.0,0.0,0.0,0.0,0.0,0.0,0.0,0.0
229,553,Security 4 06/05/15,0,18,0,0,2,2,1,1,1,1,0,0,0,0,1,2,8.0,0.0,0.0,0.0,0.0,0.0,0.0,0.0,0.0,1.0,0.5,0.5,0.5345224838248488,0.2857142857142857,1.0,0.0,1.0,0.875,1.0,0.3535533905932738,0.125,1.0,0.0,1.0,0.25,0.0,0.4629100498862757,0.21428571428571427,1.0,0.0,0.0,0.0,0.0,0.0,0.0,0.0,0.0,0.0,0.0,0.0,0.0,0.0,0.0,0.0,4.0,2.0,2.0,1.927248223318863,3.7142857142857144,4.0,0.0,0.0,0.0,0.0,0.0,0.0,0.0,0.0,1.0,0.125,0.0,0.3535533905932738,0.125,1.0,1.0,4.0,2.0,0.0,7.0,0.0,1.0,0.0,0.0,1.0,7.0,0.0,1.0,0.0,0.0,0.0,0.0,0.0
229,555,Kernel Tools Iteration 5,0,18,0,0,1,1,0,0,1,1,0,0,0,0,1,1,1.0,1.0,1.0,1.0,1.0,0.0,0.0,0.0,0.0,0.0,0.0,0.0,0.0,0.0,0.0,1.0,1.0,1.0,1.0,0.0,0.0,0.0,0.0,0.0,0.0,0.0,0.0,0.0,0.0,0.0,0.0,0.0,0.0,0.0,0.0,0.0,0.0,0.0,0.0,0.0,0.0,0.0,0.0,3.0,3.0,3.0,3.0,0.0,0.0,0.0,0.0,0.0,0.0,0.0,0.0,0.0,0.0,0.0,0.0,0.0,0.0,0.0,0.0,0.0,0.0,0.0,0.0,0.0,1.0,0.0,0.0,0.0,0.0,0.0,1.0,0.0,1.0,0.0,0.0,0.0,0.0,0.0
229,558,CAP - 3.1.5,4,17,2,2,2,2,1,1,3,3,0,0,0,0,1,3,10.0,0.0,1.0,0.5,0.5,0.5270462766947299,0.2777777777777778,1.0,0.0,2.0,0.4,0.0,0.6992058987801011,0.48888888888888904,2.0,0.0,2.0,0.9,1.0,0.5676462121975467,0.32222222222222224,2.0,0.0,1.0,0.2,0.0,0.42163702135578396,0.17777777777777784,1.0,0.0,0.0,0.0,0.0,0.0,0.0,0.0,0.0,0.0,0.0,0.0,0.0,0.0,0.0,0.0,3.0,0.9,0.5,1.1005049346146119,1.2111111111111112,3.0,0.0,0.0,0.0,0.0,0.0,0.0,0.0,0.0,2.0,0.6,0.0,0.8432740427115678,0.7111111111111111,2.0,7.0,0.0,2.0,0.0,10.0,0.0,0.0,0.0,0.0,3.0,7.0,0.0,0.0,0.0,1.0,0.0,0.0,0.0
229,565,RPL 5 06/26/16,9,18,12,12,11,11,7,7,1,1,4,4,11,11,1,7,34.0,0.0,11.0,1.3823529411764706,1.0,2.387019263132756,5.697860962566845,11.0,0.0,1.0,0.17647058823529413,0.0,0.3869529949759475,0.14973262032085563,1.0,0.0,1.0,0.9117647058823529,1.0,0.28790224128123654,0.08288770053475933,1.0,0.0,3.0,0.6470588235294118,0.0,0.9172539036208377,0.841354723707665,3.0,0.0,0.0,0.0,0.0,0.0,0.0,0.0,0.0,0.0,0.0,0.0,0.0,0.0,0.0,0.0,7.0,2.088235294117647,1.5,1.9903958348335231,3.9616755793226375,7.0,0.0,0.0,0.0,0.0,0.0,0.0,0.0,0.0,3.0,0.35294117647058826,0.0,0.6911717297975237,0.47771836007130114,3.0,5.0,14.0,15.0,0.0,30.0,4.0,0.0,0.0,0.0,12.0,22.0,0.0,0.0,0.0,0.0,0.0,0.0,0.0
229,566,Sharding 5 06/26/16,8,18,12,12,14,14,0,0,12,12,1,1,13,13,1,10,48.0,0.0,8.0,1.2083333333333333,0.0,1.9456261184790364,3.785460992907802,8.0,0.0,1.0,0.4375,0.0,0.5013280235873938,0.25132978723404253,1.0,0.0,1.0,0.9791666666666666,1.0,0.14433756729740646,0.020833333333333336,1.0,0.0,7.0,0.6458333333333334,0.0,1.1390474432674804,1.2974290780141842,7.0,0.0,0.0,0.0,0.0,0.0,0.0,0.0,0.0,0.0,0.0,0.0,0.0,0.0,0.0,0.0,13.0,2.2708333333333335,0.0,3.431639911510166,11.7761524822695,13.0,0.0,1.0,0.041666666666666664,0.0,0.20194093652345887,0.04078014184397165,1.0,0.0,7.0,0.625,0.0,1.552280408974199,2.4095744680851063,7.0,7.0,26.0,15.0,0.0,43.0,4.0,1.0,0.0,0.0,16.0,32.0,0.0,0.0,0.0,0.0,0.0,0.0,0.0
229,567,Platform 5 06/26/16,5,18,38,38,16,16,19,19,13,13,6,6,16,16,1,8,69.0,0.0,6.0,0.7681159420289855,0.0,1.3189225497511652,1.7395566922421146,6.0,0.0,2.0,0.2608695652173913,0.0,0.474409041459926,0.2250639386189258,2.0,0.0,2.0,0.9855072463768116,1.0,0.20953405052418275,0.04390451832907077,2.0,0.0,4.0,0.4057971014492754,0.0,0.8629436724121574,0.7446717817561809,4.0,0.0,0.0,0.0,0.0,0.0,0.0,0.0,0.0,0.0,0.0,0.0,0.0,0.0,0.0,0.0,7.0,0.927536231884058,0.0,1.656705098005128,2.7446717817561814,7.0,0.0,2.0,0.043478260869565216,0.0,0.267602789964774,0.07161125319693094,2.0,0.0,2.0,0.13043478260869565,0.0,0.4170288281141495,0.17391304347826084,2.0,10.0,37.0,20.0,0.0,57.0,4.0,3.0,0.0,5.0,21.0,48.0,0.0,2.0,0.0,0.0,0.0,0.0,0.0
229,568,Build 5 06/26/16,2,17,9,9,7,7,0,0,6,6,1,1,9,9,1,4,24.0,0.0,9.0,1.2916666666666667,0.0,2.1362129568705104,4.563405797101449,9.0,0.0,2.0,0.5416666666666666,0.0,0.6580053301400786,0.4329710144927537,2.0,0.0,3.0,1.0833333333333333,1.0,0.7172815023567723,0.5144927536231884,3.0,0.0,4.0,0.625,0.0,1.0134958870382644,1.0271739130434783,4.0,0.0,0.0,0.0,0.0,0.0,0.0,0.0,0.0,0.0,0.0,0.0,0.0,0.0,0.0,0.0,9.0,2.4166666666666665,1.0,2.947610184047655,8.68840579710145,9.0,0.0,2.0,0.16666666666666666,0.0,0.4815434123430768,0.23188405797101447,2.0,0.0,1.0,0.16666666666666666,0.0,0.38069349381344053,0.1449275362318841,1.0,3.0,2.0,17.0,0.0,19.0,4.0,1.0,0.0,0.0,12.0,12.0,0.0,1.0,0.0,1.0,0.0,0.0,0.0
229,569,Security 5 06/26/15,3,18,2,2,7,7,1,1,3,3,4,4,1,1,1,5,15.0,0.0,2.0,0.2,0.0,0.5606119105813882,0.3142857142857144,2.0,0.0,1.0,0.26666666666666666,0.0,0.4577377082170635,0.20952380952380958,1.0,0.0,1.0,0.7333333333333333,1.0,0.45773770821706344,0.20952380952380953,1.0,0.0,4.0,0.8666666666666667,0.0,1.3557637102737474,1.838095238095238,4.0,0.0,0.0,0.0,0.0,0.0,0.0,0.0,0.0,0.0,0.0,0.0,0.0,0.0,0.0,0.0,6.0,2.3333333333333335,1.0,2.7167908239230307,7.3809523809523805,6.0,0.0,0.0,0.0,0.0,0.0,0.0,0.0,0.0,2.0,0.4,0.0,0.632455532033676,0.4000000000000002,2.0,4.0,4.0,3.0,0.0,13.0,2.0,0.0,0.0,0.0,4.0,11.0,0.0,4.0,0.0,0.0,0.0,0.0,0.0
229,572,Quint Iteration 6,5,21,35,35,25,25,21,21,16,16,10,10,13,13,1,30,81.0,0.0,60.0,3.7037037037037037,1.0,9.199788644915225,84.6361111111111,60.0,0.0,2.0,0.30864197530864196,0.0,0.539489928280454,0.29104938271604935,2.0,0.0,3.0,1.037037037037037,1.0,0.4013864859597432,0.1611111111111111,3.0,0.0,10.0,1.5185185185185186,1.0,2.1915240764768655,4.802777777777778,10.0,0.0,0.0,0.0,0.0,0.0,0.0,0.0,0.0,0.0,0.0,0.0,0.0,0.0,0.0,0.0,24.0,4.45679012345679,3.0,4.650401549103178,21.626234567901232,24.0,0.0,3.0,0.1111111111111111,0.0,0.4183300132670378,0.175,3.0,0.0,15.0,0.7160493827160493,0.0,2.0077012221769617,4.030864197530865,15.0,29.0,8.0,24.0,11.0,66.0,8.0,6.0,0.0,1.0,37.0,44.0,0.0,9.0,0.0,0.0,0.0,0.0,0.0
229,573,Security 6 07/17/15,1,15,6,6,1,1,0,0,5,5,0,0,2,2,1,4,18.0,0.0,10.0,1.0,0.0,2.5667557916789914,6.588235294117647,10.0,0.0,2.0,0.6666666666666666,1.0,0.5940885257860046,0.35294117647058826,2.0,0.0,3.0,0.9444444444444444,1.0,0.8726040960806521,0.761437908496732,3.0,0.0,4.0,0.5555555555555556,0.0,0.9835244081556433,0.9673202614379086,4.0,0.0,0.0,0.0,0.0,0.0,0.0,0.0,0.0,0.0,0.0,0.0,0.0,0.0,0.0,0.0,8.0,1.6666666666666667,0.5,2.3263199921511983,5.411764705882352,8.0,0.0,0.0,0.0,0.0,0.0,0.0,0.0,0.0,1.0,0.2222222222222222,0.0,0.42779263194649864,0.18300653594771243,1.0,6.0,3.0,7.0,0.0,17.0,0.0,1.0,0.0,0.0,8.0,10.0,0.0,2.0,0.0,0.0,0.0,0.0,0.0
229,574,RPL 6 07/17/15,-6,15,18,18,2,2,2,2,13,13,2,2,3,3,1,7,29.0,0.0,14.0,2.0689655172413794,1.0,3.0697956479539554,9.423645320197044,14.0,0.0,2.0,0.3793103448275862,0.0,0.6218516763579257,0.3866995073891624,2.0,0.0,2.0,1.0,1.0,0.4629100498862757,0.21428571428571427,2.0,0.0,4.0,0.896551724137931,0.0,1.1754885788533966,1.381773399014778,4.0,0.0,0.0,0.0,0.0,0.0,0.0,0.0,0.0,0.0,0.0,0.0,0.0,0.0,0.0,0.0,8.0,3.0,2.0,2.7255405754769875,7.428571428571429,8.0,0.0,0.0,0.0,0.0,0.0,0.0,0.0,0.0,3.0,0.41379310344827586,0.0,0.7327658649308672,0.5369458128078819,3.0,8.0,12.0,8.0,0.0,27.0,1.0,1.0,0.0,0.0,8.0,21.0,0.0,1.0,0.0,0.0,0.0,0.0,0.0
229,575,Platform 6 07/17/15,-14,18,30,30,36,36,3,3,49,49,7,7,7,7,1,15,81.0,0.0,9.0,1.0493827160493827,0.0,1.57242833356485,2.4725308641975308,9.0,0.0,2.0,0.32098765432098764,0.0,0.49566017829323245,0.24567901234567896,2.0,0.0,2.0,0.9382716049382716,1.0,0.32960882164869615,0.10864197530864197,2.0,0.0,5.0,0.5925925925925926,0.0,1.0096754153907306,1.0194444444444444,5.0,0.0,0.0,0.0,0.0,0.0,0.0,0.0,0.0,0.0,0.0,0.0,0.0,0.0,0.0,0.0,13.0,1.1358024691358024,0.0,2.0539783739109394,4.218827160493826,13.0,0.0,2.0,0.037037037037037035,0.0,0.24720661623652207,0.0611111111111111,2.0,0.0,3.0,0.43209876543209874,0.0,0.8357372733840802,0.6984567901234568,3.0,16.0,44.0,20.0,0.0,73.0,2.0,4.0,0.0,2.0,24.0,57.0,0.0,1.0,0.0,0.0,0.0,0.0,0.0
229,576,Sharding 6 07/17/15,2,17,14,14,11,11,3,3,6,6,7,7,9,9,1,12,47.0,0.0,13.0,1.872340425531915,1.0,2.642602647231765,6.983348751156333,13.0,0.0,3.0,0.5957446808510638,1.0,0.6480597955531541,0.4199814986123958,3.0,0.0,3.0,0.9787234042553191,1.0,0.3895014484612047,0.15171137835337653,3.0,0.0,4.0,0.851063829787234,1.0,1.0627839447547616,1.129509713228492,4.0,0.0,0.0,0.0,0.0,0.0,0.0,0.0,0.0,0.0,0.0,0.0,0.0,0.0,0.0,0.0,14.0,2.297872340425532,2.0,3.0780774181369126,9.474560592044401,14.0,0.0,0.0,0.0,0.0,0.0,0.0,0.0,0.0,6.0,0.3829787234042553,0.0,1.207822177549718,1.4588344125809427,6.0,5.0,18.0,17.0,6.0,46.0,0.0,1.0,0.0,0.0,13.0,34.0,0.0,1.0,0.0,0.0,0.0,0.0,0.0
229,577,Build 6 07/17/15,-9,18,7,7,8,8,2,2,9,9,1,1,3,3,1,3,16.0,0.0,9.0,1.125,0.0,2.4460853078609777,5.983333333333333,9.0,0.0,1.0,0.25,0.0,0.4472135954999579,0.2,1.0,1.0,2.0,1.125,1.0,0.3415650255319866,0.11666666666666667,1.0,0.0,3.0,0.6875,0.0,1.0781929326423914,1.1625,3.0,0.0,0.0,0.0,0.0,0.0,0.0,0.0,0.0,0.0,0.0,0.0,0.0,0.0,0.0,0.0,10.0,2.6875,2.0,3.0269621735330623,9.1625,10.0,0.0,1.0,0.0625,0.0,0.25,0.0625,1.0,0.0,1.0,0.3125,0.0,0.47871355387816905,0.22916666666666666,1.0,5.0,0.0,9.0,0.0,12.0,3.0,1.0,0.0,0.0,8.0,8.0,0.0,2.0,0.0,0.0,0.0,0.0,0.0
229,593,RPL 7 08/10/15,1,18,19,19,8,8,8,8,8,8,5,5,6,6,1,11,42.0,0.0,15.0,2.0238095238095237,0.0,3.4036429209841654,11.584785133565621,15.0,0.0,3.0,0.42857142857142855,0.0,0.7372611524884797,0.5435540069686412,3.0,0.0,2.0,0.9285714285714286,1.0,0.34165002367328784,0.11672473867595816,2.0,0.0,5.0,1.1666666666666667,1.0,1.2477622245867566,1.5569105691056913,5.0,0.0,0.0,0.0,0.0,0.0,0.0,0.0,0.0,0.0,0.0,0.0,0.0,0.0,0.0,0.0,9.0,2.9761904761904763,2.0,3.0562857678138067,9.34088269454123,9.0,0.0,0.0,0.0,0.0,0.0,0.0,0.0,0.0,3.0,0.38095238095238093,0.0,0.7635725068956292,0.5830429732868756,3.0,14.0,14.0,12.0,0.0,39.0,1.0,2.0,0.0,0.0,16.0,26.0,0.0,2.0,0.0,0.0,0.0,0.0,0.0
229,600,CAP - 3.1.6,6,20,3,3,5,5,2,2,6,6,0,0,0,0,1,1,18.0,0.0,3.0,0.6111111111111112,0.0,0.9164438231805327,0.8398692810457516,3.0,0.0,2.0,0.3333333333333333,0.0,0.5940885257860046,0.35294117647058826,2.0,0.0,1.0,0.8888888888888888,1.0,0.3233808333817773,0.10457516339869281,1.0,0.0,1.0,0.3333333333333333,0.0,0.48507125007266594,0.23529411764705882,1.0,0.0,0.0,0.0,0.0,0.0,0.0,0.0,0.0,0.0,0.0,0.0,0.0,0.0,0.0,0.0,3.0,0.8888888888888888,0.0,1.1318329168362207,1.281045751633987,3.0,0.0,0.0,0.0,0.0,0.0,0.0,0.0,0.0,2.0,0.2777777777777778,0.0,0.6691131580686884,0.44771241830065367,2.0,9.0,4.0,3.0,0.0,16.0,2.0,0.0,0.0,0.0,5.0,13.0,0.0,2.0,0.0,0.0,0.0,0.0,0.0
229,607,CAP - 3.1.7,0,21,4,4,2,2,0,0,0,0,3,3,3,3,1,1,8.0,0.0,2.0,1.125,1.5,0.9910312089651149,0.9821428571428571,2.0,0.0,0.0,0.0,0.0,0.0,0.0,0.0,1.0,1.0,1.0,1.0,0.0,0.0,0.0,0.0,2.0,0.375,0.0,0.7440238091428449,0.5535714285714286,2.0,0.0,0.0,0.0,0.0,0.0,0.0,0.0,0.0,0.0,0.0,0.0,0.0,0.0,0.0,0.0,5.0,1.875,1.5,1.9594095320493148,3.8392857142857144,5.0,0.0,0.0,0.0,0.0,0.0,0.0,0.0,0.0,3.0,1.375,1.0,1.5059406173077154,2.267857142857143,3.0,5.0,3.0,0.0,0.0,8.0,0.0,0.0,0.0,0.0,3.0,5.0,0.0,0.0,0.0,0.0,0.0,0.0,0.0
229,620,Sharding 7 08/10/15,-3,18,24,24,16,16,10,10,30,30,0,0,0,0,1,12,54.0,0.0,8.0,0.8703703703703703,0.0,1.6024308927058204,2.5677847658979727,8.0,0.0,3.0,0.37037037037037035,0.0,0.6233293534553829,0.3885394828791056,3.0,0.0,1.0,0.9444444444444444,1.0,0.23121228232266408,0.05345911949685532,1.0,0.0,8.0,1.1851851851851851,1.0,1.493054031982061,2.2292103424178893,8.0,0.0,0.0,0.0,0.0,0.0,0.0,0.0,0.0,0.0,0.0,0.0,0.0,0.0,0.0,0.0,19.0,2.5925925925925926,0.5,3.804260365067973,14.472396925227107,19.0,0.0,0.0,0.0,0.0,0.0,0.0,0.0,0.0,6.0,0.4444444444444444,0.0,1.1102722200054018,1.2327044025157234,6.0,7.0,20.0,23.0,0.0,51.0,1.0,1.0,0.0,1.0,28.0,26.0,0.0,4.0,0.0,0.0,0.0,0.0,0.0
229,625,Build 7 08/10/15,-12,18,10,10,11,11,4,4,8,8,8,8,1,1,1,9,28.0,0.0,9.0,1.3214285714285714,0.0,2.3421036986969077,5.485449735449736,9.0,0.0,3.0,0.42857142857142855,0.0,0.7417981870189158,0.5502645502645502,3.0,0.0,2.0,1.0357142857142858,1.0,0.33134326579600165,0.1097883597883598,2.0,0.0,3.0,0.9285714285714286,1.0,0.9399988742535192,0.8835978835978834,3.0,0.0,0.0,0.0,0.0,0.0,0.0,0.0,0.0,0.0,0.0,0.0,0.0,0.0,0.0,0.0,15.0,2.9285714285714284,2.5,3.681068397933479,13.550264550264549,15.0,0.0,1.0,0.07142857142857142,0.0,0.26226526415648105,0.06878306878306878,1.0,0.0,3.0,0.39285714285714285,0.0,0.7373267889143821,0.5436507936507938,3.0,8.0,1.0,17.0,0.0,22.0,5.0,1.0,0.0,0.0,14.0,14.0,0.0,2.0,0.0,0.0,0.0,0.0,0.0
229,629,Security 7 08/10/15,-5,18,13,13,6,6,3,3,12,12,1,1,3,3,1,11,24.0,0.0,8.0,1.0833333333333333,0.0,1.9541854005467714,3.8188405797101455,8.0,0.0,2.0,0.625,1.0,0.6468989572333266,0.41847826086956524,2.0,0.0,3.0,1.0,1.0,0.7223151185146152,0.5217391304347826,3.0,0.0,4.0,0.625,0.0,1.0555237727226274,1.1141304347826086,4.0,0.0,0.0,0.0,0.0,0.0,0.0,0.0,0.0,0.0,0.0,0.0,0.0,0.0,0.0,0.0,13.0,3.4166666666666665,2.5,3.7522939843417835,14.079710144927537,13.0,0.0,0.0,0.0,0.0,0.0,0.0,0.0,0.0,3.0,0.6666666666666666,0.0,0.9168313422570847,0.8405797101449276,3.0,10.0,2.0,10.0,0.0,22.0,0.0,2.0,0.0,0.0,12.0,12.0,0.0,2.0,0.0,0.0,0.0,0.0,0.0
229,632,Platform 7 08/10/15,8,22,58,58,17,17,35,35,10,10,16,16,14,14,1,19,101.0,0.0,18.0,0.8811881188118812,0.0,2.2728270005122315,5.165742574257427,18.0,0.0,4.0,0.5148514851485149,0.0,0.7295733189493515,0.5322772277227722,4.0,0.0,2.0,0.9108910891089109,1.0,0.31934338574613064,0.10198019801980199,2.0,0.0,6.0,0.7128712871287128,0.0,1.2110873929107375,1.4667326732673271,6.0,0.0,0.0,0.0,0.0,0.0,0.0,0.0,0.0,0.0,0.0,0.0,0.0,0.0,0.0,0.0,15.0,1.5643564356435644,1.0,2.303978478997399,5.308316831683168,15.0,0.0,2.0,0.04950495049504951,0.0,0.25985525292987155,0.06752475247524753,2.0,0.0,7.0,0.39603960396039606,0.0,1.0399923838258824,1.0815841584158417,7.0,16.0,26.0,57.0,0.0,92.0,3.0,5.0,0.0,1.0,47.0,54.0,0.0,2.0,0.0,0.0,0.0,0.0,0.0
229,635,Quint Iteration 7,-12,15,46,46,18,18,10,10,28,28,10,10,16,16,1,25,83.0,0.0,12.0,1.891566265060241,1.0,2.464440015514191,6.073464590067586,12.0,0.0,3.0,0.37349397590361444,0.0,0.5990000483222826,0.3588010578900969,3.0,0.0,3.0,1.0,1.0,0.4417261042993862,0.1951219512195122,3.0,0.0,10.0,1.1686746987951808,1.0,1.8400641366634396,3.385836027034969,10.0,0.0,0.0,0.0,0.0,0.0,0.0,0.0,0.0,0.0,0.0,0.0,0.0,0.0,0.0,0.0,26.0,3.6867469879518073,2.0,4.671991560621798,21.827505142521307,26.0,0.0,1.0,0.04819277108433735,0.0,0.2154753371565183,0.046429620922715235,1.0,0.0,4.0,0.39759036144578314,0.0,0.8255044139596959,0.6814575374669409,4.0,27.0,15.0,22.0,11.0,71.0,7.0,5.0,0.0,0.0,36.0,47.0,0.0,7.0,1.0,0.0,0.0,0.0,0.0
229,636,Kernel Tools Iteration 7,0,15,0,0,0,0,0,0,0,0,0,0,0,0,1,1,1.0,0.0,0.0,0.0,0.0,0.0,0.0,0.0,1.0,1.0,1.0,1.0,0.0,0.0,0.0,1.0,1.0,1.0,1.0,0.0,0.0,0.0,1.0,1.0,1.0,1.0,0.0,0.0,0.0,0.0,0.0,0.0,0.0,0.0,0.0,0.0,0.0,0.0,0.0,0.0,0.0,0.0,0.0,0.0,0.0,0.0,0.0,0.0,0.0,0.0,0.0,0.0,0.0,0.0,0.0,0.0,0.0,0.0,0.0,0.0,0.0,0.0,0.0,0.0,0.0,0.0,1.0,0.0,1.0,0.0,0.0,0.0,0.0,1.0,0.0,0.0,0.0,0.0,0.0,0.0,0.0,0.0
274,101,Sprint 1 - April 14,-2,21,2,2,0,0,0,0,2,2,0,0,0,0,1,1,2.0,0.0,6.0,3.0,3.0,4.242640687119285,18.0,6.0,0.0,0.0,0.0,0.0,0.0,0.0,0.0,1.0,1.0,1.0,1.0,0.0,0.0,0.0,1.0,1.0,1.0,1.0,0.0,0.0,0.0,0.0,0.0,0.0,0.0,0.0,0.0,0.0,0.0,0.0,0.0,0.0,0.0,0.0,0.0,0.0,2.0,1.0,1.0,1.4142135623730951,2.0,2.0,0.0,1.0,0.5,0.5,0.7071067811865476,0.5,1.0,0.0,0.0,0.0,0.0,0.0,0.0,0.0,0.0,0.0,1.0,0.0,1.0,0.0,1.0,0.0,0.0,0.0,2.0,0.0,1.0,0.0,0.0,0.0,0.0,0.0
274,162,Sprint 2 - May 5 - May 23,0,18,4,4,0,0,0,0,4,4,0,0,0,0,1,1,4.0,0.0,6.0,1.5,0.0,3.0,9.0,6.0,0.0,0.0,0.0,0.0,0.0,0.0,0.0,1.0,1.0,1.0,1.0,0.0,0.0,0.0,0.0,2.0,1.0,1.0,0.816496580927726,0.6666666666666666,2.0,0.0,0.0,0.0,0.0,0.0,0.0,0.0,0.0,0.0,0.0,0.0,0.0,0.0,0.0,0.0,3.0,1.5,1.5,1.2909944487358056,1.6666666666666667,3.0,0.0,1.0,0.25,0.0,0.5,0.25,1.0,0.0,0.0,0.0,0.0,0.0,0.0,0.0,0.0,2.0,0.0,0.0,1.0,2.0,1.0,0.0,0.0,1.0,3.0,0.0,1.0,0.0,1.0,0.0,0.0,0.0
274,183,Sprint 3 - May 25 - June 13,5,16,5,5,0,0,2,2,1,1,2,2,0,0,1,1,10.0,0.0,1.0,0.1,0.0,0.31622776601683794,0.10000000000000002,1.0,0.0,1.0,0.1,0.0,0.31622776601683794,0.10000000000000002,1.0,0.0,1.0,0.8,1.0,0.42163702135578396,0.1777777777777778,1.0,0.0,1.0,0.2,0.0,0.42163702135578396,0.1777777777777778,1.0,0.0,0.0,0.0,0.0,0.0,0.0,0.0,0.0,0.0,0.0,0.0,0.0,0.0,0.0,0.0,1.0,0.2,0.0,0.42163702135578396,0.17777777777777784,1.0,0.0,0.0,0.0,0.0,0.0,0.0,0.0,0.0,1.0,0.1,0.0,0.31622776601683794,0.10000000000000002,1.0,1.0,6.0,3.0,0.0,8.0,1.0,1.0,0.0,0.0,3.0,7.0,0.0,0.0,0.0,0.0,0.0,0.0,0.0
274,203,Sprint 4,0,17,4,4,0,0,0,0,3,3,1,1,0,0,1,1,4.0,0.0,7.0,2.5,1.5,3.3166247903554,11.0,7.0,0.0,0.0,0.0,0.0,0.0,0.0,0.0,1.0,1.0,1.0,1.0,0.0,0.0,0.0,0.0,1.0,0.25,0.0,0.5,0.25,1.0,0.0,0.0,0.0,0.0,0.0,0.0,0.0,0.0,0.0,0.0,0.0,0.0,0.0,0.0,0.0,3.0,0.75,0.0,1.5,2.25,3.0,0.0,0.0,0.0,0.0,0.0,0.0,0.0,0.0,0.0,0.0,0.0,0.0,0.0,0.0,1.0,3.0,0.0,0.0,4.0,0.0,0.0,0.0,0.0,1.0,3.0,0.0,0.0,0.0,0.0,0.0,0.0,0.0
274,231,Sprint 5,0,18,11,11,0,0,11,11,0,0,0,0,0,0,1,2,14.0,0.0,6.0,0.8571428571428571,0.0,1.65748386032949,2.7472527472527477,6.0,0.0,1.0,0.35714285714285715,0.0,0.4972451580988468,0.24725274725274715,1.0,0.0,1.0,0.7857142857142857,1.0,0.4258153136263201,0.1813186813186813,1.0,0.0,3.0,0.5,0.0,0.9405399431259602,0.8846153846153846,3.0,0.0,0.0,0.0,0.0,0.0,0.0,0.0,0.0,0.0,0.0,0.0,0.0,0.0,0.0,0.0,5.0,2.357142857142857,3.0,1.7368026705655184,3.0164835164835164,5.0,0.0,1.0,0.07142857142857142,0.0,0.26726124191242434,0.07142857142857141,1.0,0.0,1.0,0.07142857142857142,0.0,0.26726124191242434,0.07142857142857141,1.0,2.0,2.0,6.0,0.0,10.0,3.0,1.0,0.0,0.0,8.0,6.0,0.0,1.0,0.0,0.0,3.0,0.0,0.0
274,247,Perl Sprint 6,-5,18,18,19,1,1,3,4,13,12,3,4,0,0,1,2,19.0,0.0,6.0,0.9473684210526315,0.0,1.4709665835968126,2.163742690058479,6.0,0.0,1.0,0.3157894736842105,0.0,0.4775669329409193,0.2280701754385965,1.0,0.0,1.0,0.8421052631578947,1.0,0.3746343246326776,0.14035087719298245,1.0,0.0,3.0,0.3684210526315789,0.0,0.8306975860878395,0.6900584795321636,3.0,0.0,0.0,0.0,0.0,0.0,0.0,0.0,0.0,0.0,0.0,0.0,0.0,0.0,0.0,0.0,5.0,2.1052631578947367,3.0,1.6962290477574484,2.8771929824561404,5.0,0.0,1.0,0.05263157894736842,0.0,0.22941573387056177,0.05263157894736842,1.0,0.0,1.0,0.05263157894736842,0.0,0.22941573387056177,0.05263157894736842,1.0,5.0,2.0,8.0,0.0,15.0,3.0,1.0,0.0,0.0,9.0,10.0,0.0,1.0,0.0,0.0,3.0,0.0,0.0
274,273,Perl Sprint 7,0,18,1,1,9,10,0,0,7,8,1,1,2,2,1,3,10.0,0.0,5.0,2.2,2.0,1.8135294011647258,3.288888888888889,5.0,0.0,1.0,0.1,0.0,0.31622776601683794,0.10000000000000002,1.0,0.0,1.0,0.7,1.0,0.4830458915396479,0.23333333333333328,1.0,0.0,0.0,0.0,0.0,0.0,0.0,0.0,0.0,0.0,0.0,0.0,0.0,0.0,0.0,0.0,0.0,0.0,0.0,0.0,0.0,0.0,0.0,3.0,1.1,0.5,1.3703203194062978,1.877777777777778,3.0,0.0,0.0,0.0,0.0,0.0,0.0,0.0,0.0,0.0,0.0,0.0,0.0,0.0,0.0,5.0,0.0,2.0,0.0,10.0,0.0,0.0,0.0,0.0,4.0,6.0,0.0,0.0,0.0,0.0,3.0,0.0,0.0
274,288,Perl Sprint 8,-15,18,0,0,6,24,1,5,5,19,0,0,0,0,1,3,6.0,0.0,5.0,1.1666666666666667,0.5,1.9407902170679516,3.7666666666666666,5.0,0.0,0.0,0.0,0.0,0.0,0.0,0.0,1.0,1.0,1.0,1.0,0.0,0.0,0.0,0.0,2.0,1.0,1.0,0.8944271909999159,0.8,2.0,0.0,0.0,0.0,0.0,0.0,0.0,0.0,0.0,0.0,0.0,0.0,0.0,0.0,0.0,0.0,5.0,2.5,2.5,2.7386127875258306,7.5,5.0,0.0,1.0,0.3333333333333333,0.0,0.5163977794943223,0.2666666666666667,1.0,0.0,3.0,0.5,0.0,1.224744871391589,1.5,3.0,2.0,2.0,0.0,0.0,4.0,0.0,2.0,0.0,0.0,1.0,5.0,0.0,2.0,0.0,0.0,0.0,0.0,0.0
274,302,Perl Sprint 9,0,17,8,33,1,1,0,0,3,3,1,3,5,28,1,3,9.0,0.0,2.0,1.0,1.0,0.8660254037844386,0.75,2.0,0.0,0.0,0.0,0.0,0.0,0.0,0.0,1.0,2.0,1.4444444444444444,1.0,0.5270462766947299,0.2777777777777778,1.0,0.0,2.0,1.0,1.0,0.5,0.25,2.0,0.0,0.0,0.0,0.0,0.0,0.0,0.0,0.0,0.0,0.0,0.0,0.0,0.0,0.0,0.0,7.0,2.111111111111111,1.0,2.758824226207808,7.6111111111111125,7.0,0.0,1.0,0.2222222222222222,0.0,0.44095855184409843,0.19444444444444445,1.0,0.0,3.0,0.6666666666666666,0.0,1.118033988749895,1.2500000000000002,3.0,0.0,6.0,1.0,0.0,7.0,0.0,2.0,0.0,0.0,0.0,9.0,0.0,2.0,0.0,0.0,0.0,0.0,0.0
274,323,Perl Sprint 10,-4,17,0,0,4,11,0,0,4,11,0,0,0,0,1,1,5.0,0.0,2.0,0.6,0.0,0.8944271909999157,0.7999999999999998,2.0,0.0,0.0,0.0,0.0,0.0,0.0,0.0,1.0,2.0,1.2,1.0,0.4472135954999579,0.2,1.0,0.0,2.0,0.8,1.0,0.8366600265340756,0.7000000000000001,2.0,0.0,0.0,0.0,0.0,0.0,0.0,0.0,0.0,0.0,0.0,0.0,0.0,0.0,0.0,0.0,1.0,0.2,0.0,0.44721359549995804,0.20000000000000007,1.0,0.0,0.0,0.0,0.0,0.0,0.0,0.0,0.0,0.0,0.0,0.0,0.0,0.0,0.0,0.0,3.0,2.0,0.0,5.0,0.0,0.0,0.0,0.0,0.0,5.0,0.0,0.0,0.0,0.0,0.0,0.0,0.0
274,340,Perl Sprint 11,-5,18,0,0,7,13,0,0,5,8,0,0,2,5,1,2,8.0,0.0,2.0,1.0,1.0,0.9258200997725514,0.8571428571428571,2.0,0.0,1.0,0.125,0.0,0.3535533905932738,0.125,1.0,1.0,2.0,1.125,1.0,0.3535533905932738,0.125,1.0,0.0,1.0,0.375,0.0,0.5175491695067657,0.26785714285714285,1.0,0.0,0.0,0.0,0.0,0.0,0.0,0.0,0.0,0.0,0.0,0.0,0.0,0.0,0.0,0.0,5.0,1.375,0.0,1.9955307206712847,3.982142857142857,5.0,0.0,1.0,0.125,0.0,0.3535533905932738,0.125,1.0,0.0,1.0,0.25,0.0,0.4629100498862757,0.21428571428571427,1.0,4.0,3.0,1.0,0.0,6.0,1.0,1.0,0.0,0.0,1.0,7.0,0.0,0.0,0.0,0.0,0.0,0.0,0.0
274,347,Perl Sprint 12,0,18,0,0,4,11,2,8,1,3,1,8,0,0,1,2,15.0,0.0,7.0,0.8,0.0,1.820517979665599,3.3142857142857145,7.0,0.0,0.0,0.0,0.0,0.0,0.0,0.0,0.0,1.0,0.9333333333333333,1.0,0.25819888974716115,0.06666666666666668,1.0,0.0,1.0,0.4,0.0,0.50709255283711,0.2571428571428572,1.0,0.0,0.0,0.0,0.0,0.0,0.0,0.0,0.0,0.0,0.0,0.0,0.0,0.0,0.0,0.0,5.0,0.6666666666666666,0.0,1.7593288763724917,3.095238095238094,5.0,0.0,1.0,0.06666666666666667,0.0,0.25819888974716115,0.06666666666666668,1.0,0.0,1.0,0.13333333333333333,0.0,0.3518657752744984,0.12380952380952381,1.0,7.0,3.0,3.0,2.0,14.0,0.0,1.0,0.0,0.0,7.0,8.0,0.0,0.0,0.0,0.0,0.0,0.0,0.0
274,354,Perl Sprint 13,-4,18,0,0,14,29,0,0,3,4,0,0,11,25,1,2,16.0,0.0,10.0,1.9375,1.0,2.462214450449026,6.0625,10.0,0.0,0.0,0.0,0.0,0.0,0.0,0.0,0.0,1.0,0.9375,1.0,0.25,0.0625,1.0,0.0,2.0,0.75,1.0,0.7745966692414834,0.6,2.0,0.0,0.0,0.0,0.0,0.0,0.0,0.0,0.0,0.0,0.0,0.0,0.0,0.0,0.0,0.0,5.0,1.0625,0.0,1.8062391868188443,3.2625,5.0,0.0,1.0,0.0625,0.0,0.25,0.0625,1.0,0.0,1.0,0.1875,0.0,0.4031128874149275,0.1625,1.0,6.0,3.0,5.0,2.0,15.0,0.0,1.0,0.0,0.0,9.0,7.0,0.0,0.0,0.0,0.0,0.0,0.0,0.0
274,380,Perl Sprint 14,-14,18,3,16,0,0,0,0,3,16,0,0,0,0,1,1,4.0,0.0,0.0,0.0,0.0,0.0,0.0,0.0,0.0,0.0,0.0,0.0,0.0,0.0,0.0,1.0,1.0,1.0,1.0,0.0,0.0,0.0,0.0,1.0,0.25,0.0,0.5,0.25,1.0,0.0,0.0,0.0,0.0,0.0,0.0,0.0,0.0,0.0,0.0,0.0,0.0,0.0,0.0,0.0,1.0,0.25,0.0,0.5,0.25,1.0,0.0,0.0,0.0,0.0,0.0,0.0,0.0,0.0,0.0,0.0,0.0,0.0,0.0,0.0,0.0,4.0,0.0,0.0,4.0,0.0,0.0,0.0,0.0,0.0,4.0,0.0,0.0,0.0,0.0,0.0,0.0,0.0
274,395,Perl Sprint 16,-6,18,0,0,4,7,1,1,1,0,2,6,0,0,1,1,7.0,0.0,2.0,0.42857142857142855,0.0,0.7867957924694431,0.619047619047619,2.0,0.0,0.0,0.0,0.0,0.0,0.0,0.0,1.0,1.0,1.0,1.0,0.0,0.0,0.0,0.0,0.0,0.0,0.0,0.0,0.0,0.0,0.0,0.0,0.0,0.0,0.0,0.0,0.0,0.0,0.0,0.0,0.0,0.0,0.0,0.0,0.0,2.0,0.2857142857142857,0.0,0.7559289460184546,0.5714285714285716,2.0,0.0,0.0,0.0,0.0,0.0,0.0,0.0,0.0,0.0,0.0,0.0,0.0,0.0,0.0,5.0,1.0,1.0,0.0,7.0,0.0,0.0,0.0,0.0,2.0,5.0,0.0,0.0,0.0,0.0,0.0,0.0,0.0
274,449,Perl Sprint 17,-6,18,0,0,22,38,7,12,15,26,0,0,0,0,1,2,27.0,0.0,12.0,1.7037037037037037,1.0,2.477821853887228,6.139601139601139,12.0,0.0,1.0,0.1111111111111111,0.0,0.32025630761017426,0.10256410256410257,1.0,0.0,1.0,0.9259259259259259,1.0,0.2668802563418119,0.07122507122507124,1.0,0.0,3.0,0.25925925925925924,0.0,0.6558958989042621,0.43019943019943013,3.0,0.0,0.0,0.0,0.0,0.0,0.0,0.0,0.0,0.0,0.0,0.0,0.0,0.0,0.0,0.0,5.0,1.4444444444444444,0.0,1.6946370914726465,2.871794871794871,5.0,0.0,1.0,0.07407407407407407,0.0,0.2668802563418119,0.07122507122507124,1.0,0.0,1.0,0.037037037037037035,0.0,0.19245008972987523,0.03703703703703703,1.0,12.0,4.0,6.0,4.0,22.0,5.0,0.0,0.0,0.0,10.0,17.0,0.0,1.0,0.0,0.0,0.0,0.0,0.0
274,486,Perl Sprint 18,-11,18,4,11,0,0,0,0,4,11,0,0,0,0,1,1,4.0,0.0,2.0,0.5,0.0,1.0,1.0,2.0,0.0,0.0,0.0,0.0,0.0,0.0,0.0,1.0,1.0,1.0,1.0,0.0,0.0,0.0,0.0,0.0,0.0,0.0,0.0,0.0,0.0,0.0,0.0,0.0,0.0,0.0,0.0,0.0,0.0,0.0,0.0,0.0,0.0,0.0,0.0,0.0,4.0,1.25,0.5,1.8929694486000912,3.5833333333333335,4.0,0.0,0.0,0.0,0.0,0.0,0.0,0.0,0.0,0.0,0.0,0.0,0.0,0.0,0.0,0.0,3.0,1.0,0.0,4.0,0.0,0.0,0.0,0.0,0.0,4.0,0.0,0.0,0.0,0.0,0.0,0.0,0.0
274,516,Perl Sprint 19,-1,18,0,0,8,20,0,0,8,20,0,0,0,0,1,1,9.0,0.0,11.0,2.6666666666666665,1.0,3.6742346141747673,13.500000000000002,11.0,0.0,0.0,0.0,0.0,0.0,0.0,0.0,0.0,1.0,0.8888888888888888,1.0,0.33333333333333337,0.11111111111111112,1.0,0.0,1.0,0.1111111111111111,0.0,0.3333333333333333,0.1111111111111111,1.0,0.0,0.0,0.0,0.0,0.0,0.0,0.0,0.0,0.0,0.0,0.0,0.0,0.0,0.0,0.0,4.0,0.7777777777777778,0.0,1.3944333775567928,1.9444444444444446,4.0,0.0,0.0,0.0,0.0,0.0,0.0,0.0,0.0,0.0,0.0,0.0,0.0,0.0,0.0,4.0,4.0,1.0,0.0,9.0,0.0,0.0,0.0,0.0,1.0,8.0,0.0,0.0,0.0,0.0,0.0,0.0,0.0
274,554,Perl Sprint 20,4,18,18,29,1,2,0,0,8,14,4,6,7,11,1,1,23.0,0.0,4.0,0.5652173913043478,0.0,1.036869719024164,1.0750988142292488,4.0,0.0,0.0,0.0,0.0,0.0,0.0,0.0,1.0,1.0,1.0,1.0,0.0,0.0,0.0,0.0,2.0,0.21739130434782608,0.0,0.5997364375010101,0.3596837944664031,2.0,0.0,0.0,0.0,0.0,0.0,0.0,0.0,0.0,0.0,0.0,0.0,0.0,0.0,0.0,0.0,4.0,0.30434782608695654,0.0,0.9261249968991349,0.8577075098814226,4.0,0.0,0.0,0.0,0.0,0.0,0.0,0.0,0.0,1.0,0.13043478260869565,0.0,0.34435022157509093,0.11857707509881421,1.0,6.0,7.0,10.0,0.0,23.0,0.0,0.0,0.0,0.0,7.0,16.0,0.0,0.0,0.0,0.0,0.0,0.0,0.0
274,571,Perl Sprint 21,-22,17,12,32,0,0,0,0,10,27,2,5,0,0,1,1,15.0,0.0,7.0,1.0,0.0,1.8516401995451028,3.4285714285714284,7.0,0.0,1.0,0.06666666666666667,0.0,0.25819888974716115,0.06666666666666668,1.0,1.0,1.0,1.0,1.0,0.0,0.0,0.0,0.0,1.0,0.13333333333333333,0.0,0.35186577527449836,0.12380952380952379,1.0,0.0,0.0,0.0,0.0,0.0,0.0,0.0,0.0,0.0,0.0,0.0,0.0,0.0,0.0,0.0,2.0,0.5333333333333333,0.0,0.7432233529572067,0.5523809523809525,2.0,0.0,1.0,0.2,0.0,0.4140393356054126,0.17142857142857149,1.0,0.0,1.0,0.13333333333333333,0.0,0.35186577527449836,0.12380952380952377,1.0,6.0,3.0,4.0,0.0,12.0,3.0,0.0,0.0,0.0,6.0,9.0,0.0,0.0,0.0,0.0,2.0,0.0,0.0
274,608,Perl Sprint 22,-22,18,0,0,11,33,2,6,9,27,0,0,0,0,1,1,12.0,0.0,7.0,0.75,0.0,2.050498830661811,4.204545454545454,7.0,0.0,1.0,0.08333333333333333,0.0,0.28867513459481287,0.08333333333333331,1.0,1.0,1.0,1.0,1.0,0.0,0.0,0.0,0.0,1.0,0.25,0.0,0.45226701686664544,0.20454545454545456,1.0,0.0,0.0,0.0,0.0,0.0,0.0,0.0,0.0,0.0,0.0,0.0,0.0,0.0,0.0,0.0,2.0,0.5,0.0,0.674199862463242,0.45454545454545453,2.0,0.0,1.0,0.08333333333333333,0.0,0.28867513459481287,0.08333333333333331,1.0,0.0,1.0,0.16666666666666666,0.0,0.38924947208076144,0.1515151515151515,1.0,5.0,2.0,3.0,0.0,9.0,3.0,0.0,0.0,0.0,3.0,9.0,0.0,0.0,0.0,0.0,2.0,0.0,0.0
274,634,Perl Sprint 23,0,18,3,17,0,0,0,0,2,16,0,0,1,1,1,1,4.0,0.0,7.0,2.0,0.5,3.366501646120693,11.333333333333334,7.0,0.0,1.0,0.25,0.0,0.5,0.25,1.0,1.0,1.0,1.0,1.0,0.0,0.0,0.0,0.0,0.0,0.0,0.0,0.0,0.0,0.0,0.0,0.0,0.0,0.0,0.0,0.0,0.0,0.0,0.0,0.0,0.0,0.0,0.0,0.0,0.0,1.0,0.25,0.0,0.5,0.25,1.0,0.0,1.0,0.25,0.0,0.5,0.25,1.0,0.0,1.0,0.25,0.0,0.5,0.25,1.0,0.0,2.0,2.0,0.0,4.0,0.0,0.0,0.0,0.0,2.0,2.0,0.0,0.0,0.0,0.0,0.0,0.0,0.0
275,5,Production Sprint 1,-4,10,10,10,0,0,0,0,7,7,0,0,3,3,1,2,14.0,0.0,5.0,1.0714285714285714,1.0,1.3847680013570567,1.9175824175824172,5.0,0.0,1.0,0.07142857142857142,0.0,0.26726124191242434,0.07142857142857141,1.0,0.0,1.0,0.21428571428571427,0.0,0.4258153136263202,0.18131868131868142,1.0,0.0,1.0,0.42857142857142855,0.0,0.5135525910130955,0.2637362637362637,1.0,0.0,0.0,0.0,0.0,0.0,0.0,0.0,0.0,0.0,0.0,0.0,0.0,0.0,0.0,0.0,1.0,0.07142857142857142,0.0,0.26726124191242434,0.07142857142857141,1.0,0.0,1.0,0.14285714285714285,0.0,0.3631365196012815,0.1318681318681319,1.0,0.0,1.0,0.21428571428571427,0.0,0.42581531362632014,0.18131868131868137,1.0,5.0,5.0,2.0,2.0,5.0,4.0,4.0,0.0,1.0,4.0,10.0,0.0,0.0,0.0,0.0,0.0,0.0,0.0
275,6,docs-sprint-0,0,16,12,12,9,9,0,0,18,18,2,2,1,1,1,5,26.0,0.0,8.0,0.9230769230769231,0.0,1.7871335019651313,3.1938461538461542,8.0,0.0,1.0,0.07692307692307693,0.0,0.271746488194703,0.07384615384615385,1.0,0.0,2.0,0.6153846153846154,1.0,0.5710988059467872,0.3261538461538461,2.0,0.0,3.0,1.0769230769230769,1.0,1.1286479317511524,1.2738461538461539,3.0,0.0,0.0,0.0,0.0,0.0,0.0,0.0,0.0,0.0,0.0,0.0,0.0,0.0,0.0,0.0,1.0,0.15384615384615385,0.0,0.36794648440311994,0.13538461538461538,1.0,0.0,3.0,0.5384615384615384,0.0,0.7605665904189709,0.5784615384615386,3.0,0.0,3.0,0.5384615384615384,0.0,0.8593378488473195,0.7384615384615385,3.0,10.0,8.0,6.0,2.0,10.0,8.0,5.0,3.0,0.0,15.0,11.0,0.0,0.0,0.0,0.0,0.0,0.0,0.0
275,256,BUILD 2.7.6,0,18,0,0,0,0,0,0,0,0,0,0,0,0,1,1,0.0,0.0,0.0,0.0,0.0,0.0,0.0,0.0,0.0,0.0,0.0,0.0,0.0,0.0,0.0,0.0,0.0,0.0,0.0,0.0,0.0,0.0,0.0,0.0,0.0,0.0,0.0,0.0,0.0,0.0,0.0,0.0,0.0,0.0,0.0,0.0,0.0,0.0,0.0,0.0,0.0,0.0,0.0,0.0,0.0,0.0,0.0,0.0,0.0,0.0,0.0,0.0,0.0,0.0,0.0,0.0,0.0,0.0,0.0,0.0,0.0,0.0,0.0,0.0,0.0,0.0,0.0,0.0,0.0,0.0,0.0,0.0,0.0,0.0,0.0,0.0,0.0,0.0,0.0,0.0,0.0,0.0
275,346,BUILD 1,0,32,1,1,0,0,0,0,0,0,1,1,0,0,1,1,1.0,1.0,1.0,1.0,1.0,0.0,0.0,0.0,0.0,0.0,0.0,0.0,0.0,0.0,0.0,1.0,1.0,1.0,1.0,0.0,0.0,0.0,2.0,2.0,2.0,2.0,0.0,0.0,0.0,0.0,0.0,0.0,0.0,0.0,0.0,0.0,0.0,0.0,0.0,0.0,0.0,0.0,0.0,0.0,0.0,0.0,0.0,0.0,0.0,0.0,0.0,0.0,0.0,0.0,0.0,0.0,0.0,0.0,0.0,0.0,0.0,0.0,0.0,0.0,0.0,1.0,0.0,0.0,1.0,0.0,0.0,0.0,0.0,0.0,1.0,0.0,0.0,0.0,0.0,0.0,0.0,0.0
275,384,v1.3.17 - Ending 1/30,-2,18,0,0,23,23,0,0,9,9,11,11,3,3,1,4,26.0,0.0,1.0,0.15384615384615385,0.0,0.36794648440311994,0.1353846153846154,1.0,0.0,1.0,0.038461538461538464,0.0,0.19611613513818402,0.03846153846153846,1.0,1.0,2.0,1.7307692307692308,2.0,0.4523443208612048,0.2046153846153846,1.0,0.0,3.0,0.7692307692307693,1.0,0.7646014547562571,0.5846153846153846,3.0,0.0,0.0,0.0,0.0,0.0,0.0,0.0,0.0,0.0,0.0,0.0,0.0,0.0,0.0,0.0,8.0,2.076923076923077,2.0,1.9580209789085903,3.8338461538461543,8.0,0.0,0.0,0.0,0.0,0.0,0.0,0.0,0.0,2.0,0.34615384615384615,0.0,0.6894814104706634,0.47538461538461535,2.0,4.0,20.0,2.0,0.0,18.0,3.0,3.0,1.0,1.0,10.0,16.0,0.0,0.0,0.0,0.0,0.0,0.0,0.0
275,412,v1.3.18 - 15 - Ending 2/20,36,18,0,0,15,15,8,8,7,7,0,0,0,0,1,10,109.0,0.0,6.0,0.47706422018348627,0.0,1.0055064163121925,1.0110431532449882,6.0,0.0,1.0,0.08256880733944955,0.0,0.27650063180466555,0.07645259938837921,1.0,0.0,3.0,0.5963302752293578,1.0,0.6400125296089172,0.40961603805640506,3.0,0.0,5.0,0.41284403669724773,0.0,0.894541152546024,0.800203873598369,5.0,0.0,0.0,0.0,0.0,0.0,0.0,0.0,0.0,0.0,0.0,0.0,0.0,0.0,0.0,0.0,9.0,2.0825688073394497,1.0,2.0688538621884542,4.280156303092084,9.0,0.0,2.0,0.30275229357798167,0.0,0.4812134960847787,0.2315664288141353,2.0,0.0,11.0,0.3394495412844037,0.0,1.2709006975678676,1.6151885830784922,11.0,21.0,39.0,49.0,0.0,69.0,17.0,16.0,4.0,3.0,50.0,59.0,0.0,0.0,0.0,0.0,0.0,0.0,0.0
275,419,Docs Sprint 16 - Ending 3/13,34,19,17,17,76,76,36,36,24,24,17,17,16,16,1,12,138.0,0.0,26.0,0.5434782608695652,0.0,2.343244881039253,5.490796572516662,26.0,0.0,1.0,0.07246376811594203,0.0,0.260198721345969,0.06770337459007723,1.0,0.0,3.0,0.32608695652173914,0.0,0.6180147575572551,0.3819422405585528,3.0,0.0,5.0,0.572463768115942,0.0,1.0100782737568534,1.0202581191156248,5.0,0.0,0.0,0.0,0.0,0.0,0.0,0.0,0.0,0.0,0.0,0.0,0.0,0.0,0.0,0.0,21.0,2.3333333333333335,2.0,3.014159609385605,9.085158150851582,21.0,0.0,2.0,0.2246376811594203,0.0,0.45237598118245415,0.20464402835078813,2.0,0.0,13.0,0.2753623188405797,0.0,1.3056201700153027,1.704644028350788,13.0,21.0,56.0,61.0,0.0,90.0,16.0,24.0,7.0,1.0,57.0,81.0,0.0,0.0,0.0,0.0,0.0,0.0,0.0
275,435,Docs Sprint 17 - Ending 4/3,16,19,94,94,22,22,29,29,36,36,13,13,38,38,1,11,160.0,0.0,6.0,0.525,0.0,1.0636947592615575,1.131446540880503,6.0,0.0,3.0,0.11875,0.0,0.37820953561509885,0.1430424528301887,3.0,0.0,3.0,0.2375,0.0,0.5880091130085758,0.34575471698113214,3.0,0.0,5.0,0.43125,0.0,0.836448579659918,0.6996462264150943,5.0,0.0,0.0,0.0,0.0,0.0,0.0,0.0,0.0,0.0,0.0,0.0,0.0,0.0,0.0,0.0,18.0,1.89375,0.0,2.8163870762950913,7.932036163522012,18.0,0.0,1.0,0.16875,0.0,0.3757068809289477,0.1411556603773585,1.0,0.0,7.0,0.26875,0.0,0.9297451804816904,0.864426100628931,7.0,33.0,73.0,53.0,1.0,99.0,32.0,26.0,1.0,2.0,78.0,82.0,0.0,0.0,0.0,0.0,0.0,0.0,0.0
275,439,Beryllium - 20150427,0,28,0,0,0,0,0,0,0,0,0,0,0,0,1,1,1.0,0.0,0.0,0.0,0.0,0.0,0.0,0.0,0.0,0.0,0.0,0.0,0.0,0.0,0.0,0.0,0.0,0.0,0.0,0.0,0.0,0.0,0.0,0.0,0.0,0.0,0.0,0.0,0.0,0.0,0.0,0.0,0.0,0.0,0.0,0.0,0.0,0.0,0.0,0.0,0.0,0.0,0.0,0.0,0.0,0.0,0.0,0.0,0.0,0.0,0.0,0.0,0.0,0.0,0.0,0.0,0.0,0.0,0.0,0.0,0.0,0.0,0.0,0.0,0.0,0.0,1.0,0.0,1.0,0.0,0.0,0.0,0.0,0.0,1.0,0.0,0.0,0.0,0.0,0.0,0.0,0.0
275,461,Docs Sprint 18 - 4/24 (461),-31,19,77,77,18,18,2,2,45,45,14,14,34,34,1,12,118.0,0.0,11.0,0.7033898305084746,0.0,1.5868547724840878,2.518108068955526,11.0,0.0,2.0,0.09322033898305085,0.0,0.319916873166509,0.10234680573663622,2.0,0.0,3.0,0.23728813559322035,0.0,0.6087392899311626,0.370563523105896,3.0,0.0,3.0,0.3813559322033898,0.0,0.7031004782290193,0.4943502824858757,3.0,0.0,0.0,0.0,0.0,0.0,0.0,0.0,0.0,0.0,0.0,0.0,0.0,0.0,0.0,0.0,18.0,1.3983050847457628,0.0,2.3935091375630586,5.728885991597857,18.0,0.0,2.0,0.211864406779661,0.0,0.4306960162114508,0.1854990583804143,2.0,0.0,6.0,0.2966101694915254,0.0,0.8504329921185628,0.7232362740837316,6.0,28.0,55.0,35.0,0.0,78.0,26.0,11.0,1.0,2.0,59.0,59.0,0.0,0.0,0.0,0.0,0.0,0.0,0.0
275,477,BUILD 2 04/24/15,0,18,0,0,1,1,0,0,0,0,0,0,1,1,1,1,1.0,1.0,1.0,1.0,1.0,0.0,0.0,0.0,0.0,0.0,0.0,0.0,0.0,0.0,0.0,0.0,0.0,0.0,0.0,0.0,0.0,0.0,0.0,0.0,0.0,0.0,0.0,0.0,0.0,0.0,0.0,0.0,0.0,0.0,0.0,0.0,0.0,0.0,0.0,0.0,0.0,0.0,0.0,0.0,0.0,0.0,0.0,0.0,0.0,0.0,0.0,0.0,0.0,0.0,0.0,0.0,0.0,0.0,0.0,0.0,0.0,0.0,0.0,0.0,0.0,1.0,0.0,0.0,0.0,0.0,1.0,0.0,0.0,0.0,1.0,0.0,0.0,0.0,0.0,0.0,0.0,0.0
275,487,Docs Current Sprint (487),-41,18,78,78,12,12,6,6,57,57,10,10,17,17,1,9,114.0,0.0,8.0,0.5087719298245614,0.0,1.2355043686158333,1.5264710448688092,8.0,0.0,2.0,0.14035087719298245,0.0,0.4387672389262625,0.19251668995497595,2.0,0.0,3.0,0.2719298245614035,0.0,0.5531100759286295,0.30593075609377424,3.0,0.0,3.0,0.5,0.0,0.7671346526009882,0.588495575221239,3.0,0.0,0.0,0.0,0.0,0.0,0.0,0.0,0.0,0.0,0.0,0.0,0.0,0.0,0.0,0.0,18.0,1.2894736842105263,0.0,2.382545987857758,5.6765253842571015,18.0,0.0,2.0,0.14912280701754385,0.0,0.40423545535868327,0.16340630336904202,2.0,0.0,6.0,0.35964912280701755,0.0,0.9229348435037038,0.8518087253532062,6.0,25.0,60.0,29.0,0.0,84.0,19.0,6.0,4.0,1.0,58.0,56.0,0.0,0.0,0.0,0.0,0.0,0.0,0.0
275,502,BUILD 3 05/15/15,1,18,0,0,1,1,0,0,0,0,0,0,1,1,1,1,2.0,0.0,3.0,1.5,1.5,2.1213203435596424,4.5,3.0,0.0,0.0,0.0,0.0,0.0,0.0,0.0,0.0,0.0,0.0,0.0,0.0,0.0,0.0,1.0,1.0,1.0,1.0,0.0,0.0,0.0,0.0,0.0,0.0,0.0,0.0,0.0,0.0,0.0,0.0,0.0,0.0,0.0,0.0,0.0,0.0,0.0,0.0,0.0,0.0,0.0,0.0,0.0,0.0,0.0,0.0,0.0,0.0,0.0,0.0,0.0,0.0,0.0,0.0,0.0,0.0,0.0,2.0,0.0,0.0,0.0,0.0,2.0,0.0,0.0,0.0,2.0,0.0,0.0,0.0,0.0,0.0,0.0,0.0
275,511,Docs Sprint Current (511),-49,17,79,79,7,7,0,0,68,68,4,4,14,14,1,9,118.0,0.0,8.0,0.4322033898305085,0.0,1.1801695775537016,1.3928002317832826,8.0,0.0,2.0,0.1694915254237288,0.0,0.45863201914759155,0.2103433289873968,2.0,0.0,3.0,0.423728813559322,0.0,0.6459178807985829,0.4172099087353323,3.0,0.0,3.0,0.5,0.0,0.748217254431532,0.5598290598290598,3.0,0.0,0.0,0.0,0.0,0.0,0.0,0.0,0.0,0.0,0.0,0.0,0.0,0.0,0.0,0.0,18.0,1.3135593220338984,0.0,2.308287382833854,5.328190641749963,18.0,0.0,2.0,0.1440677966101695,0.0,0.39818871377098425,0.15855425177459082,2.0,0.0,6.0,0.5,0.0,1.1528485716085304,1.329059829059829,6.0,22.0,64.0,25.0,7.0,85.0,26.0,5.0,2.0,0.0,47.0,71.0,0.0,0.0,0.0,0.0,0.0,0.0,0.0
275,518,Quint Iteration 4,0,18,0,0,1,1,0,0,0,0,0,0,1,1,1,1,16.0,0.0,1.0,0.125,0.0,0.3415650255319866,0.11666666666666667,1.0,0.0,1.0,0.0625,0.0,0.25,0.0625,1.0,0.0,1.0,0.8125,1.0,0.4031128874149275,0.1625,1.0,0.0,1.0,0.25,0.0,0.4472135954999579,0.2,1.0,0.0,0.0,0.0,0.0,0.0,0.0,0.0,0.0,0.0,0.0,0.0,0.0,0.0,0.0,0.0,0.0,0.0,0.0,0.0,0.0,0.0,0.0,0.0,0.0,0.0,0.0,0.0,0.0,0.0,2.0,0.125,0.0,0.5,0.25,2.0,0.0,0.0,1.0,15.0,16.0,0.0,0.0,0.0,0.0,6.0,10.0,0.0,0.0,0.0,0.0,0.0,0.0,0.0
275,541,BUILD 4 06/05/15,1,22,0,0,1,1,0,0,0,0,0,0,1,1,1,1,3.0,0.0,2.0,0.6666666666666666,0.0,1.1547005383792517,1.3333333333333335,2.0,0.0,1.0,0.3333333333333333,0.0,0.5773502691896258,0.33333333333333337,1.0,0.0,0.0,0.0,0.0,0.0,0.0,0.0,0.0,1.0,0.3333333333333333,0.0,0.5773502691896258,0.33333333333333337,1.0,0.0,0.0,0.0,0.0,0.0,0.0,0.0,0.0,0.0,0.0,0.0,0.0,0.0,0.0,0.0,0.0,0.0,0.0,0.0,0.0,0.0,0.0,0.0,0.0,0.0,0.0,0.0,0.0,0.0,0.0,0.0,0.0,0.0,0.0,0.0,0.0,2.0,1.0,0.0,0.0,1.0,1.0,0.0,1.0,1.0,2.0,0.0,0.0,0.0,0.0,0.0,0.0,0.0
275,556,DOCS Current Sprint (556),-31,18,76,76,31,31,5,5,67,67,11,11,24,24,1,5,148.0,0.0,6.0,0.4189189189189189,0.0,0.9185430160273937,0.8437212722927009,6.0,0.0,2.0,0.10135135135135136,0.0,0.3245062154654552,0.10530428387571246,2.0,0.0,3.0,0.33783783783783783,0.0,0.5896390462113766,0.347674204817062,3.0,0.0,12.0,0.5675675675675675,0.0,1.2130927594469494,1.4715940430226142,12.0,0.0,0.0,0.0,0.0,0.0,0.0,0.0,0.0,0.0,0.0,0.0,0.0,0.0,0.0,0.0,8.0,0.9054054054054054,0.0,1.6134546442184776,2.6032358889501745,8.0,0.0,2.0,0.3108108108108108,0.0,0.5452497568062706,0.2972972972972973,2.0,0.0,8.0,0.3918918918918919,0.0,1.053889040972583,1.1106821106821105,8.0,32.0,61.0,53.0,2.0,95.0,46.0,4.0,2.0,1.0,67.0,81.0,0.0,0.0,0.0,0.0,0.0,0.0,0.0
275,567,Platform 5 06/26/16,1,18,0,0,0,0,0,0,0,0,0,0,0,0,1,1,1.0,0.0,0.0,0.0,0.0,0.0,0.0,0.0,0.0,0.0,0.0,0.0,0.0,0.0,0.0,0.0,0.0,0.0,0.0,0.0,0.0,0.0,0.0,0.0,0.0,0.0,0.0,0.0,0.0,0.0,0.0,0.0,0.0,0.0,0.0,0.0,0.0,0.0,0.0,0.0,0.0,0.0,0.0,0.0,0.0,0.0,0.0,0.0,0.0,0.0,0.0,0.0,0.0,0.0,0.0,0.0,0.0,0.0,0.0,0.0,0.0,0.0,0.0,0.0,0.0,0.0,1.0,0.0,1.0,0.0,0.0,0.0,0.0,0.0,1.0,0.0,0.0,0.0,0.0,0.0,0.0,0.0
275,568,Build 5 06/26/16,0,17,0,0,1,1,0,0,0,0,0,0,1,1,1,1,1.0,1.0,1.0,1.0,1.0,0.0,0.0,0.0,0.0,0.0,0.0,0.0,0.0,0.0,0.0,0.0,0.0,0.0,0.0,0.0,0.0,0.0,0.0,0.0,0.0,0.0,0.0,0.0,0.0,0.0,0.0,0.0,0.0,0.0,0.0,0.0,0.0,0.0,0.0,0.0,0.0,0.0,0.0,0.0,0.0,0.0,0.0,0.0,0.0,0.0,0.0,0.0,0.0,0.0,0.0,0.0,0.0,1.0,1.0,1.0,1.0,0.0,0.0,0.0,0.0,1.0,0.0,0.0,0.0,0.0,1.0,0.0,0.0,0.0,1.0,0.0,0.0,0.0,0.0,0.0,0.0,0.0
275,597,MKT Sprint Ending 7/28,0,14,0,0,1,1,1,1,0,0,0,0,0,0,1,2,1.0,2.0,2.0,2.0,2.0,0.0,0.0,0.0,0.0,0.0,0.0,0.0,0.0,0.0,0.0,0.0,0.0,0.0,0.0,0.0,0.0,0.0,0.0,0.0,0.0,0.0,0.0,0.0,0.0,0.0,0.0,0.0,0.0,0.0,0.0,0.0,0.0,0.0,0.0,0.0,0.0,0.0,0.0,0.0,0.0,0.0,0.0,0.0,0.0,0.0,0.0,0.0,0.0,0.0,0.0,0.0,0.0,0.0,0.0,0.0,0.0,0.0,0.0,0.0,0.0,0.0,1.0,0.0,1.0,0.0,0.0,0.0,0.0,0.0,1.0,0.0,0.0,0.0,0.0,0.0,0.0,0.0
275,603,Docs Sprint Current,-53,18,89,89,7,7,1,1,83,83,2,2,10,10,1,6,138.0,0.0,7.0,0.32608695652173914,0.0,0.9753385598098661,0.9512853062519836,7.0,0.0,2.0,0.07246376811594203,0.0,0.2868831029113821,0.08230191473606265,2.0,0.0,2.0,0.16666666666666666,0.0,0.4286003929501033,0.18369829683698297,2.0,0.0,12.0,0.5,0.0,1.2217613228151427,1.4927007299270072,12.0,0.0,0.0,0.0,0.0,0.0,0.0,0.0,0.0,0.0,0.0,0.0,0.0,0.0,0.0,0.0,8.0,0.7246376811594203,0.0,1.4786466289037103,2.1863958531683068,8.0,0.0,2.0,0.34782608695652173,0.0,0.535623981749746,0.2868930498254522,2.0,0.0,6.0,0.2826086956521739,0.0,0.7921985524432476,0.6275785464931768,6.0,30.0,59.0,49.0,0.0,93.0,42.0,1.0,0.0,2.0,68.0,70.0,0.0,0.0,0.0,0.0,0.0,0.0,0.0
275,605,Docs Sprint Current,-10,20,107,107,15,15,74,74,25,25,8,8,15,15,1,6,127.0,0.0,7.0,0.5275590551181102,0.0,1.2007059540751355,1.4416947881514812,7.0,0.0,1.0,0.06299212598425197,0.0,0.24391097439346857,0.05949256342957128,1.0,0.0,2.0,0.15748031496062992,0.0,0.44410060440360355,0.197225346831646,2.0,0.0,12.0,0.49606299212598426,0.0,1.2653753803292351,1.6011748531433567,12.0,0.0,0.0,0.0,0.0,0.0,0.0,0.0,0.0,0.0,0.0,0.0,0.0,0.0,0.0,0.0,8.0,0.7244094488188977,0.0,1.5101622185246255,2.2805899262592186,8.0,0.0,2.0,0.4015748031496063,0.0,0.5670844751002821,0.32158480189976246,2.0,0.0,4.0,0.30708661417322836,0.0,0.7612834924852295,0.5795525559305086,4.0,31.0,55.0,40.0,0.0,86.0,38.0,0.0,1.0,2.0,65.0,62.0,1.0,0.0,0.0,0.0,0.0,0.0,0.0
275,616,MMS v20150804,0,20,0,0,0,0,0,0,0,0,0,0,0,0,1,1,1.0,1.0,1.0,1.0,1.0,0.0,0.0,0.0,0.0,0.0,0.0,0.0,0.0,0.0,0.0,0.0,0.0,0.0,0.0,0.0,0.0,0.0,0.0,0.0,0.0,0.0,0.0,0.0,0.0,0.0,0.0,0.0,0.0,0.0,0.0,0.0,0.0,0.0,0.0,0.0,0.0,0.0,0.0,2.0,2.0,2.0,2.0,0.0,0.0,0.0,0.0,0.0,0.0,0.0,0.0,0.0,0.0,0.0,0.0,0.0,0.0,0.0,0.0,0.0,0.0,1.0,0.0,0.0,1.0,0.0,0.0,0.0,0.0,0.0,1.0,0.0,0.0,0.0,0.0,0.0,0.0,0.0
291,77,Sprint 1,-2,18,6,6,1,1,1,1,5,5,1,1,0,0,1,3,14.0,0.0,24.0,3.7142857142857144,1.0,6.85485309755147,46.98901098901099,24.0,0.0,1.0,0.21428571428571427,0.0,0.4258153136263202,0.18131868131868142,1.0,0.0,2.0,1.2142857142857142,1.0,0.5789342235218394,0.3351648351648352,2.0,0.0,3.0,0.6428571428571429,0.0,1.15072838853303,1.324175824175824,3.0,0.0,0.0,0.0,0.0,0.0,0.0,0.0,0.0,0.0,0.0,0.0,0.0,0.0,0.0,0.0,6.0,0.7142857142857143,0.0,1.6837947722821907,2.8351648351648344,6.0,0.0,0.0,0.0,0.0,0.0,0.0,0.0,0.0,2.0,0.5,0.0,0.7595545253127499,0.5769230769230769,2.0,2.0,0.0,1.0,6.0,14.0,0.0,0.0,0.0,0.0,4.0,10.0,0.0,4.0,1.0,0.0,0.0,0.0,0.0
291,81,Sprint 2,-3,14,6,6,3,3,0,0,5,5,2,2,2,2,1,2,9.0,0.0,13.0,2.2222222222222223,0.0,4.2654946306899095,18.194444444444446,13.0,0.0,0.0,0.0,0.0,0.0,0.0,0.0,0.0,2.0,1.0,1.0,0.5,0.25,2.0,0.0,1.0,0.3333333333333333,0.0,0.5,0.25,1.0,0.0,0.0,0.0,0.0,0.0,0.0,0.0,0.0,0.0,0.0,0.0,0.0,0.0,0.0,0.0,3.0,0.4444444444444444,0.0,1.0137937550497031,1.0277777777777777,3.0,0.0,0.0,0.0,0.0,0.0,0.0,0.0,0.0,3.0,0.6666666666666666,0.0,1.118033988749895,1.25,3.0,2.0,1.0,2.0,0.0,9.0,0.0,0.0,0.0,0.0,2.0,7.0,0.0,4.0,0.0,0.0,0.0,0.0,0.0
291,82,Sprint 3,5,9,6,6,11,11,4,4,13,13,0,0,0,0,1,4,26.0,0.0,24.0,2.8846153846153846,1.0,5.39130353867725,29.066153846153842,24.0,0.0,1.0,0.23076923076923078,0.0,0.4296689244236597,0.1846153846153846,1.0,0.0,2.0,1.1538461538461537,1.0,0.6748219138295787,0.45538461538461533,2.0,0.0,4.0,1.1153846153846154,1.0,1.2434443478313961,1.5461538461538458,4.0,0.0,0.0,0.0,0.0,0.0,0.0,0.0,0.0,0.0,0.0,0.0,0.0,0.0,0.0,0.0,6.0,1.3461538461538463,0.0,1.787563877287918,3.1953846153846155,6.0,0.0,1.0,0.07692307692307693,0.0,0.271746488194703,0.07384615384615385,1.0,0.0,5.0,0.7692307692307693,0.0,1.2746040109051064,1.6246153846153846,5.0,8.0,2.0,5.0,4.0,22.0,4.0,0.0,0.0,0.0,13.0,13.0,0.0,6.0,1.0,0.0,0.0,0.0,0.0
291,107,Sprint 4,2,31,6,6,2,2,0,0,3,3,2,2,3,3,1,1,11.0,0.0,7.0,1.4545454545454546,1.0,2.0180999164380515,4.072727272727271,7.0,0.0,1.0,0.2727272727272727,0.0,0.46709936649691375,0.21818181818181817,1.0,0.0,2.0,1.0909090909090908,1.0,0.7006490497453707,0.49090909090909085,2.0,0.0,3.0,1.0909090909090908,1.0,0.8312094145936336,0.690909090909091,3.0,0.0,0.0,0.0,0.0,0.0,0.0,0.0,0.0,0.0,0.0,0.0,0.0,0.0,0.0,0.0,4.0,1.0,0.0,1.3416407864998738,1.8,4.0,0.0,0.0,0.0,0.0,0.0,0.0,0.0,0.0,4.0,0.7272727272727273,0.0,1.2720777563426766,1.618181818181818,4.0,5.0,1.0,2.0,0.0,11.0,0.0,0.0,0.0,0.0,6.0,5.0,0.0,3.0,0.0,0.0,0.0,0.0,0.0
291,123,Sprint 1 - April 14 - May 2,9,18,9,9,2,2,2,2,4,4,4,4,1,1,1,3,21.0,0.0,4.0,0.47619047619047616,0.0,0.9807674351775564,0.9619047619047623,4.0,0.0,1.0,0.3333333333333333,0.0,0.48304589153964794,0.2333333333333333,1.0,0.0,2.0,1.1904761904761905,1.0,0.6015852075182383,0.36190476190476184,2.0,0.0,1.0,0.14285714285714285,0.0,0.35856858280031806,0.12857142857142856,1.0,0.0,0.0,0.0,0.0,0.0,0.0,0.0,0.0,0.0,0.0,0.0,0.0,0.0,0.0,0.0,4.0,0.7142857142857143,0.0,1.1464230084422218,1.3142857142857143,4.0,0.0,0.0,0.0,0.0,0.0,0.0,0.0,0.0,2.0,0.47619047619047616,0.0,0.8135752957807666,0.6619047619047618,2.0,5.0,1.0,8.0,0.0,20.0,0.0,1.0,0.0,0.0,10.0,11.0,0.0,7.0,0.0,0.0,0.0,0.0,0.0
291,155,Sprint 1 - April 14 - May 2,0,3,0,0,1,1,1,1,0,0,0,0,0,0,1,1,1.0,0.0,0.0,0.0,0.0,0.0,0.0,0.0,0.0,0.0,0.0,0.0,0.0,0.0,0.0,1.0,1.0,1.0,1.0,0.0,0.0,0.0,0.0,0.0,0.0,0.0,0.0,0.0,0.0,0.0,0.0,0.0,0.0,0.0,0.0,0.0,0.0,0.0,0.0,0.0,0.0,0.0,0.0,0.0,0.0,0.0,0.0,0.0,0.0,0.0,0.0,0.0,0.0,0.0,0.0,0.0,0.0,0.0,0.0,0.0,0.0,0.0,0.0,0.0,0.0,1.0,0.0,0.0,1.0,0.0,0.0,0.0,0.0,0.0,1.0,0.0,0.0,0.0,0.0,0.0,0.0,0.0
291,161,Sprint 2 - May 5 - May 23,-2,21,10,10,2,2,0,0,7,7,4,4,1,1,1,4,18.0,0.0,7.0,1.2777777777777777,0.5,1.8725746841481166,3.5065359477124183,7.0,0.0,2.0,0.5555555555555556,0.0,0.7047921864945659,0.49673202614379086,2.0,0.0,2.0,1.1666666666666667,1.0,0.6183469424008423,0.38235294117647056,2.0,0.0,2.0,0.3333333333333333,0.0,0.5940885257860046,0.35294117647058826,2.0,0.0,0.0,0.0,0.0,0.0,0.0,0.0,0.0,0.0,0.0,0.0,0.0,0.0,0.0,0.0,5.0,1.0,0.0,1.6449566416599486,2.7058823529411766,5.0,0.0,1.0,0.05555555555555555,0.0,0.23570226039551584,0.05555555555555556,1.0,0.0,2.0,0.16666666666666666,0.0,0.5144957554275265,0.2647058823529411,2.0,6.0,2.0,9.0,0.0,10.0,7.0,1.0,0.0,0.0,11.0,7.0,0.0,1.0,0.0,0.0,0.0,0.0,0.0
291,185,Sprint 3 - May 27 - June 13,37,718,0,0,0,0,0,0,0,0,0,0,0,0,1,1,44.0,0.0,3.0,0.11363636363636363,0.0,0.5376914084676802,0.2891120507399577,3.0,0.0,2.0,0.09090909090909091,0.0,0.36204726777242763,0.13107822410147993,2.0,0.0,2.0,0.9545454545454546,1.0,0.30151134457776363,0.09090909090909091,2.0,0.0,2.0,0.3181818181818182,0.0,0.5181688363048743,0.2684989429175476,2.0,0.0,0.0,0.0,0.0,0.0,0.0,0.0,0.0,0.0,0.0,0.0,0.0,0.0,0.0,0.0,1.0,0.022727272727272728,0.0,0.15075567228888181,0.022727272727272728,1.0,0.0,0.0,0.0,0.0,0.0,0.0,0.0,0.0,0.0,0.0,0.0,0.0,0.0,0.0,34.0,2.0,4.0,0.0,42.0,2.0,0.0,0.0,0.0,19.0,25.0,0.0,4.0,0.0,0.0,0.0,0.0,0.0
291,202,Sprint 4 - June 16 - July 3,-3,17,15,15,7,7,0,0,7,7,8,8,7,7,1,2,26.0,0.0,12.0,2.1153846153846154,1.0,3.0505989323662077,9.306153846153846,12.0,0.0,1.0,0.2692307692307692,0.0,0.45234432086120485,0.20461538461538467,1.0,0.0,2.0,1.2692307692307692,1.0,0.533493565673837,0.2846153846153846,2.0,0.0,1.0,0.2692307692307692,0.0,0.45234432086120485,0.20461538461538467,1.0,0.0,0.0,0.0,0.0,0.0,0.0,0.0,0.0,0.0,0.0,0.0,0.0,0.0,0.0,0.0,5.0,0.8076923076923077,0.0,1.296741478297992,1.6815384615384619,5.0,0.0,1.0,0.07692307692307693,0.0,0.271746488194703,0.07384615384615385,1.0,0.0,3.0,0.5769230769230769,0.0,0.8086075400626399,0.6538461538461539,3.0,11.0,2.0,11.0,0.0,24.0,2.0,0.0,0.0,0.0,12.0,14.0,0.0,2.0,0.0,0.0,0.0,0.0,0.0
291,204,Sprint 4,0,18,0,0,6,6,6,6,0,0,0,0,0,0,1,1,6.0,0.0,6.0,2.0,2.0,2.1908902300206643,4.8,6.0,0.0,1.0,0.16666666666666666,0.0,0.408248290463863,0.16666666666666669,1.0,1.0,2.0,1.5,1.5,0.5477225575051661,0.3,1.0,0.0,1.0,0.16666666666666666,0.0,0.408248290463863,0.16666666666666669,1.0,0.0,0.0,0.0,0.0,0.0,0.0,0.0,0.0,0.0,0.0,0.0,0.0,0.0,0.0,0.0,0.0,0.0,0.0,0.0,0.0,0.0,0.0,0.0,0.0,0.0,0.0,0.0,0.0,0.0,1.0,0.3333333333333333,0.0,0.5163977794943223,0.2666666666666667,1.0,0.0,0.0,6.0,0.0,6.0,0.0,0.0,0.0,0.0,2.0,4.0,0.0,0.0,0.0,0.0,0.0,0.0,0.0
291,239,Sprint  5 - July 7 - July 25,2,18,0,0,0,0,0,0,0,0,0,0,0,0,1,3,11.0,0.0,2.0,0.2727272727272727,0.0,0.6466697906828633,0.41818181818181827,2.0,0.0,1.0,0.09090909090909091,0.0,0.3015113445777636,0.09090909090909088,1.0,1.0,2.0,1.1818181818181819,1.0,0.40451991747794525,0.16363636363636364,1.0,0.0,2.0,0.45454545454545453,0.0,0.6875516509523286,0.47272727272727266,2.0,0.0,0.0,0.0,0.0,0.0,0.0,0.0,0.0,0.0,0.0,0.0,0.0,0.0,0.0,0.0,5.0,0.9090909090909091,0.0,1.513574937328539,2.290909090909091,5.0,0.0,0.0,0.0,0.0,0.0,0.0,0.0,0.0,3.0,0.5454545454545454,0.0,1.0357254813546264,1.0727272727272728,3.0,6.0,1.0,1.0,0.0,11.0,0.0,0.0,0.0,0.0,4.0,7.0,0.0,3.0,0.0,0.0,0.0,0.0,0.0
291,251,Java Sprint 6,34,18,0,0,14,14,9,9,1,1,3,3,1,1,1,4,51.0,0.0,4.0,0.3137254901960784,0.0,0.8364256351507019,0.699607843137255,4.0,0.0,2.0,0.17647058823529413,0.0,0.4338609156373123,0.18823529411764703,2.0,0.0,2.0,1.1372549019607843,1.0,0.4906977824746004,0.24078431372549022,2.0,0.0,3.0,0.17647058823529413,0.0,0.5901146448933859,0.34823529411764703,3.0,0.0,0.0,0.0,0.0,0.0,0.0,0.0,0.0,0.0,0.0,0.0,0.0,0.0,0.0,0.0,6.0,0.5098039215686274,0.0,1.206193168934526,1.454901960784314,6.0,0.0,0.0,0.0,0.0,0.0,0.0,0.0,0.0,3.0,0.13725490196078433,0.0,0.5298908507659764,0.2807843137254903,3.0,44.0,1.0,2.0,0.0,46.0,4.0,0.0,0.0,1.0,11.0,40.0,0.0,4.0,0.0,0.0,0.0,0.0,0.0
291,262,C# Sprint 8,0,18,0,0,0,0,0,0,0,0,0,0,0,0,1,1,0.0,0.0,0.0,0.0,0.0,0.0,0.0,0.0,0.0,0.0,0.0,0.0,0.0,0.0,0.0,0.0,0.0,0.0,0.0,0.0,0.0,0.0,0.0,0.0,0.0,0.0,0.0,0.0,0.0,0.0,0.0,0.0,0.0,0.0,0.0,0.0,0.0,0.0,0.0,0.0,0.0,0.0,0.0,0.0,0.0,0.0,0.0,0.0,0.0,0.0,0.0,0.0,0.0,0.0,0.0,0.0,0.0,0.0,0.0,0.0,0.0,0.0,0.0,0.0,0.0,0.0,0.0,0.0,0.0,0.0,0.0,0.0,0.0,0.0,0.0,0.0,0.0,0.0,0.0,0.0,0.0,0.0
291,264,Java Sprint 7,-5,18,15,15,5,5,1,1,6,6,3,3,10,10,1,4,23.0,0.0,19.0,2.3043478260869565,1.0,3.982173716688088,15.85770750988142,19.0,0.0,2.0,0.21739130434782608,0.0,0.5184348595120819,0.26877470355731214,2.0,0.0,2.0,1.173913043478261,1.0,0.716822148161496,0.5138339920948618,2.0,0.0,3.0,0.5217391304347826,0.0,0.9472239447886797,0.8972332015810277,3.0,0.0,0.0,0.0,0.0,0.0,0.0,0.0,0.0,0.0,0.0,0.0,0.0,0.0,0.0,0.0,17.0,1.4782608695652173,0.0,3.5274194175112736,12.442687747035574,17.0,0.0,2.0,0.21739130434782608,0.0,0.518434859512082,0.26877470355731226,2.0,0.0,5.0,0.6956521739130435,0.0,1.2945614423669665,1.6758893280632408,5.0,14.0,3.0,2.0,2.0,18.0,4.0,0.0,0.0,1.0,9.0,14.0,0.0,2.0,0.0,0.0,0.0,0.0,0.0
291,265,Java Sprint 8,17,18,9,9,3,3,2,2,7,7,2,2,1,1,1,4,39.0,0.0,21.0,2.5641025641025643,0.0,5.892880949411809,34.72604588394062,21.0,0.0,1.0,0.10256410256410256,0.0,0.3073547406047282,0.09446693657219978,1.0,0.0,3.0,1.205128205128205,1.0,0.6561244738890383,0.4304993252361673,3.0,0.0,3.0,0.46153846153846156,0.0,0.8222611266038826,0.6761133603238862,3.0,0.0,0.0,0.0,0.0,0.0,0.0,0.0,0.0,0.0,0.0,0.0,0.0,0.0,0.0,0.0,17.0,0.6923076923076923,0.0,2.792413087313986,7.797570850202428,17.0,0.0,1.0,0.05128205128205128,0.0,0.22345586503095896,0.04993252361673415,1.0,0.0,3.0,0.23076923076923078,0.0,0.6266678151997975,0.39271255060728755,3.0,27.0,0.0,3.0,5.0,37.0,2.0,0.0,0.0,0.0,10.0,29.0,0.0,4.0,0.0,0.0,0.0,0.0,0.0
291,298,Java Sprint 9,9,17,24,24,4,4,1,1,12,12,8,8,7,7,1,4,45.0,0.0,23.0,1.7555555555555555,0.0,4.744161749674088,22.507070707070707,23.0,0.0,1.0,0.044444444444444446,0.0,0.2084090771399927,0.04343434343434343,1.0,0.0,3.0,1.1333333333333333,1.0,0.45726459418033777,0.209090909090909,3.0,0.0,3.0,0.4444444444444444,0.0,0.8408749651825218,0.7070707070707072,3.0,0.0,0.0,0.0,0.0,0.0,0.0,0.0,0.0,0.0,0.0,0.0,0.0,0.0,0.0,0.0,17.0,1.0,0.0,2.6457513110645907,7.0,17.0,0.0,1.0,0.022222222222222223,0.0,0.14907119849998599,0.022222222222222223,1.0,0.0,2.0,0.24444444444444444,0.0,0.5289593366204816,0.2797979797979799,2.0,34.0,7.0,0.0,3.0,42.0,3.0,0.0,0.0,0.0,10.0,35.0,0.0,1.0,0.0,0.0,0.0,0.0,0.0
291,321,Java Sprint 10,18,18,8,8,1,1,1,1,7,7,0,0,1,1,1,1,28.0,0.0,3.0,0.32142857142857145,0.0,0.8189230248533256,0.6706349206349205,3.0,0.0,1.0,0.10714285714285714,0.0,0.314970394174356,0.09920634920634921,1.0,0.0,2.0,1.1428571428571428,1.0,0.4483951394230329,0.20105820105820107,2.0,0.0,2.0,0.14285714285714285,0.0,0.44839513942303283,0.20105820105820105,2.0,0.0,0.0,0.0,0.0,0.0,0.0,0.0,0.0,0.0,0.0,0.0,0.0,0.0,0.0,0.0,2.0,0.14285714285714285,0.0,0.44839513942303283,0.20105820105820105,2.0,0.0,0.0,0.0,0.0,0.0,0.0,0.0,0.0,2.0,0.21428571428571427,0.0,0.4986754943620638,0.24867724867724872,2.0,20.0,4.0,3.0,0.0,25.0,3.0,0.0,0.0,0.0,8.0,20.0,0.0,0.0,0.0,1.0,0.0,0.0,0.0
291,338,Java Sprint 11,8,18,6,6,8,8,1,1,2,2,3,3,8,8,1,3,31.0,0.0,5.0,0.7096774193548387,0.0,1.1602743464973209,1.346236559139785,5.0,0.0,1.0,0.1935483870967742,0.0,0.4016096644512494,0.16129032258064513,1.0,0.0,2.0,0.967741935483871,1.0,0.31452302170555935,0.09892473118279574,2.0,0.0,3.0,0.2903225806451613,0.0,0.6925098500910427,0.4795698924731184,3.0,0.0,0.0,0.0,0.0,0.0,0.0,0.0,0.0,0.0,0.0,0.0,0.0,0.0,0.0,0.0,4.0,0.6774193548387096,0.0,1.1368698774616073,1.29247311827957,4.0,0.0,0.0,0.0,0.0,0.0,0.0,0.0,0.0,6.0,0.41935483870967744,0.0,1.1481635640850452,1.3182795698924734,6.0,15.0,4.0,7.0,0.0,29.0,1.0,1.0,0.0,0.0,9.0,22.0,0.0,4.0,0.0,1.0,0.0,0.0,0.0
291,351,Java Sprint 12,16,39,14,14,5,5,2,2,17,17,0,0,0,0,1,3,39.0,0.0,11.0,1.3333333333333333,0.0,2.168352920067421,4.701754385964911,11.0,0.0,2.0,0.23076923076923078,0.0,0.484580038554192,0.23481781376518224,2.0,0.0,2.0,1.0512820512820513,1.0,0.3939488310827574,0.15519568151147095,2.0,0.0,2.0,0.1794871794871795,0.0,0.45141851696943935,0.203778677462888,2.0,0.0,0.0,0.0,0.0,0.0,0.0,0.0,0.0,0.0,0.0,0.0,0.0,0.0,0.0,0.0,2.0,0.28205128205128205,0.0,0.6468025790365349,0.41835357624831304,2.0,0.0,0.0,0.0,0.0,0.0,0.0,0.0,0.0,5.0,0.38461538461538464,0.0,0.9628735670236639,0.9271255060728741,5.0,21.0,5.0,11.0,0.0,39.0,0.0,0.0,0.0,0.0,10.0,29.0,0.0,1.0,0.0,1.0,0.0,0.0,0.0
291,371,Java Sprint 14,11,18,9,9,3,3,1,1,3,3,1,1,7,7,1,2,26.0,0.0,3.0,0.46153846153846156,0.0,0.7605665904189709,0.5784615384615386,3.0,0.0,1.0,0.038461538461538464,0.0,0.19611613513818402,0.03846153846153846,1.0,0.0,2.0,1.0769230769230769,1.0,0.39223227027636803,0.15384615384615383,2.0,0.0,1.0,0.11538461538461539,0.0,0.32581259360842113,0.10615384615384617,1.0,0.0,0.0,0.0,0.0,0.0,0.0,0.0,0.0,0.0,0.0,0.0,0.0,0.0,0.0,0.0,5.0,0.8076923076923077,0.0,1.5236595622180376,2.3215384615384616,5.0,0.0,0.0,0.0,0.0,0.0,0.0,0.0,0.0,2.0,0.2692307692307692,0.0,0.6667948594698258,0.4446153846153847,2.0,13.0,3.0,7.0,1.0,25.0,1.0,0.0,0.0,0.0,8.0,18.0,0.0,2.0,0.0,0.0,0.0,0.0,0.0
291,391,C# Sprint 15,0,17,0,0,1,1,1,1,0,0,0,0,0,0,1,1,1.0,0.0,0.0,0.0,0.0,0.0,0.0,0.0,0.0,0.0,0.0,0.0,0.0,0.0,0.0,1.0,1.0,1.0,1.0,0.0,0.0,0.0,0.0,0.0,0.0,0.0,0.0,0.0,0.0,0.0,0.0,0.0,0.0,0.0,0.0,0.0,0.0,0.0,0.0,0.0,0.0,0.0,0.0,0.0,0.0,0.0,0.0,0.0,0.0,0.0,0.0,0.0,0.0,0.0,0.0,0.0,0.0,0.0,0.0,0.0,0.0,0.0,0.0,0.0,1.0,0.0,0.0,0.0,1.0,0.0,0.0,0.0,0.0,0.0,1.0,0.0,0.0,0.0,0.0,0.0,0.0,0.0
291,396,Java Sprint 15,12,17,3,3,3,3,0,0,3,3,1,1,2,2,1,3,22.0,0.0,7.0,0.5,0.0,1.5660079668957474,2.4523809523809526,7.0,0.0,1.0,0.13636363636363635,0.0,0.35125008665710444,0.12337662337662338,1.0,0.0,1.0,0.9545454545454546,1.0,0.21320071635561047,0.04545454545454547,1.0,0.0,1.0,0.045454545454545456,0.0,0.21320071635561047,0.04545454545454547,1.0,0.0,0.0,0.0,0.0,0.0,0.0,0.0,0.0,0.0,0.0,0.0,0.0,0.0,0.0,0.0,3.0,0.2727272727272727,0.0,0.7672969364884684,0.5887445887445887,3.0,0.0,0.0,0.0,0.0,0.0,0.0,0.0,0.0,2.0,0.18181818181818182,0.0,0.5010810823432182,0.251082251082251,2.0,6.0,4.0,7.0,0.0,20.0,1.0,1.0,0.0,0.0,7.0,15.0,0.0,5.0,0.0,0.0,0.0,0.0,0.0
291,440,Java Sprint 16,0,7,3,3,2,2,0,0,4,4,0,0,1,1,1,1,6.0,0.0,2.0,0.6666666666666666,0.0,1.0327955589886446,1.0666666666666669,2.0,0.0,2.0,0.3333333333333333,0.0,0.816496580927726,0.6666666666666667,2.0,1.0,1.0,1.0,1.0,0.0,0.0,0.0,0.0,0.0,0.0,0.0,0.0,0.0,0.0,0.0,0.0,0.0,0.0,0.0,0.0,0.0,0.0,0.0,0.0,0.0,0.0,0.0,0.0,0.0,5.0,0.8333333333333334,0.0,2.0412414523193148,4.166666666666666,5.0,0.0,0.0,0.0,0.0,0.0,0.0,0.0,0.0,1.0,0.5,0.5,0.5477225575051661,0.3,1.0,1.0,1.0,3.0,0.0,6.0,0.0,0.0,0.0,0.0,3.0,3.0,0.0,1.0,0.0,0.0,0.0,0.0,0.0
291,454,Java Sprint 17,7,18,5,5,3,3,2,2,1,1,1,1,4,4,1,2,42.0,0.0,13.0,0.6428571428571429,0.0,2.206657648819607,4.869337979094076,13.0,0.0,1.0,0.07142857142857142,0.0,0.26066118021500656,0.06794425087108012,1.0,0.0,2.0,0.42857142857142855,0.0,0.5474043916011735,0.29965156794425085,2.0,0.0,1.0,0.047619047619047616,0.0,0.21554026870452117,0.04645760743321719,1.0,0.0,0.0,0.0,0.0,0.0,0.0,0.0,0.0,0.0,0.0,0.0,0.0,0.0,0.0,0.0,9.0,0.35714285714285715,0.0,1.4620638365067737,2.137630662020906,9.0,0.0,0.0,0.0,0.0,0.0,0.0,0.0,0.0,2.0,0.14285714285714285,0.0,0.4722250688807642,0.2229965156794425,2.0,9.0,1.0,3.0,27.0,40.0,2.0,0.0,0.0,0.0,4.0,38.0,0.0,2.0,0.0,0.0,0.0,0.0,0.0
291,485,Java Sprint 18,7,18,4,4,6,6,1,1,1,1,2,2,6,6,1,2,21.0,0.0,4.0,0.9523809523809523,0.0,1.4309504001254016,2.047619047619047,4.0,0.0,1.0,0.47619047619047616,0.0,0.511766315719159,0.26190476190476186,1.0,0.0,2.0,1.2857142857142858,1.0,0.7837638128197258,0.6142857142857142,2.0,0.0,2.0,0.3333333333333333,0.0,0.5773502691896257,0.33333333333333326,2.0,0.0,0.0,0.0,0.0,0.0,0.0,0.0,0.0,0.0,0.0,0.0,0.0,0.0,0.0,0.0,4.0,0.5238095238095238,0.0,1.0304876330673562,1.0619047619047621,4.0,0.0,0.0,0.0,0.0,0.0,0.0,0.0,0.0,6.0,0.7142857142857143,0.0,1.5856499343441834,2.5142857142857133,6.0,10.0,3.0,4.0,0.0,15.0,6.0,0.0,0.0,0.0,6.0,15.0,0.0,4.0,0.0,0.0,0.0,0.0,0.0
291,506,C# Sprint 19,0,21,11,11,0,0,11,11,0,0,0,0,0,0,1,2,11.0,0.0,7.0,1.2727272727272727,0.0,2.2843339988236875,5.218181818181819,7.0,0.0,1.0,0.45454545454545453,0.0,0.5222329678670934,0.27272727272727265,1.0,0.0,2.0,1.2727272727272727,1.0,0.6466697906828632,0.41818181818181815,2.0,0.0,1.0,0.18181818181818182,0.0,0.4045199174779452,0.16363636363636358,1.0,0.0,0.0,0.0,0.0,0.0,0.0,0.0,0.0,0.0,0.0,0.0,0.0,0.0,0.0,0.0,3.0,0.9090909090909091,0.0,1.1361818036340356,1.2909090909090906,3.0,0.0,0.0,0.0,0.0,0.0,0.0,0.0,0.0,2.0,0.2727272727272727,0.0,0.6466697906828633,0.41818181818181827,2.0,4.0,4.0,1.0,0.0,9.0,1.0,0.0,0.0,1.0,1.0,10.0,0.0,2.0,0.0,0.0,0.0,0.0,0.0
291,521,Java Sprint 19,3,18,0,0,12,12,0,0,8,8,0,0,4,4,1,2,23.0,0.0,8.0,0.8695652173913043,0.0,1.9141660378748124,3.664031620553358,8.0,0.0,2.0,0.7391304347826086,1.0,0.6191923848741729,0.38339920948616596,2.0,0.0,4.0,1.7826086956521738,2.0,0.902346523798844,0.8142292490118576,4.0,0.0,1.0,0.34782608695652173,0.0,0.48698475355767396,0.23715415019762842,1.0,0.0,0.0,0.0,0.0,0.0,0.0,0.0,0.0,0.0,0.0,0.0,0.0,0.0,0.0,0.0,3.0,0.6956521739130435,0.0,1.1051442772406628,1.2213438735177868,3.0,0.0,0.0,0.0,0.0,0.0,0.0,0.0,0.0,2.0,0.2608695652173913,0.0,0.540823555863717,0.29249011857707496,2.0,8.0,3.0,10.0,0.0,16.0,5.0,1.0,0.0,1.0,8.0,15.0,0.0,2.0,0.0,0.0,0.0,0.0,0.0
291,522,Java Sprint 20,0,17,6,6,5,5,0,0,11,11,0,0,0,0,1,1,22.0,0.0,4.0,0.3181818181818182,0.0,0.8937009000226522,0.7987012987012987,4.0,0.0,2.0,0.5,0.0,0.6725927091345493,0.4523809523809524,2.0,0.0,4.0,1.2727272727272727,1.0,1.0771133460194244,1.1601731601731602,4.0,0.0,1.0,0.18181818181818182,0.0,0.3947710169758613,0.15584415584415579,1.0,0.0,0.0,0.0,0.0,0.0,0.0,0.0,0.0,0.0,0.0,0.0,0.0,0.0,0.0,0.0,6.0,0.7272727272727273,0.0,1.4534628005401833,2.1125541125541125,6.0,0.0,0.0,0.0,0.0,0.0,0.0,0.0,0.0,2.0,0.4090909090909091,0.0,0.5903260526902471,0.3484848484848484,2.0,4.0,4.0,7.0,0.0,20.0,2.0,0.0,0.0,0.0,9.0,13.0,0.0,7.0,0.0,0.0,0.0,0.0,0.0
291,552,Java Sprint 20,1,18,8,8,8,8,0,0,7,7,0,0,9,9,1,3,27.0,0.0,5.0,1.3703703703703705,0.0,1.73533743444784,3.0113960113960117,5.0,0.0,2.0,0.5925925925925926,0.0,0.693888666488711,0.4814814814814815,2.0,0.0,4.0,1.4814814814814814,1.0,0.9754829324836758,0.9515669515669516,4.0,0.0,1.0,0.2962962962962963,0.0,0.4653216269680752,0.21652421652421652,1.0,0.0,0.0,0.0,0.0,0.0,0.0,0.0,0.0,0.0,0.0,0.0,0.0,0.0,0.0,0.0,5.0,1.2962962962962963,1.0,1.588778311853647,2.524216524216524,5.0,0.0,0.0,0.0,0.0,0.0,0.0,0.0,0.0,4.0,0.5555555555555556,0.0,1.0127393670836669,1.025641025641026,4.0,7.0,3.0,10.0,4.0,17.0,9.0,0.0,0.0,1.0,9.0,18.0,0.0,3.0,0.0,0.0,0.0,0.0,0.0
291,586,Java Sprint 21,-3,18,0,0,10,10,0,0,4,4,1,1,5,5,1,2,13.0,0.0,11.0,1.6923076923076923,0.0,3.092588327615327,9.564102564102564,11.0,0.0,1.0,0.5384615384615384,1.0,0.5188745216627708,0.2692307692307693,1.0,0.0,2.0,1.2307692307692308,1.0,0.7250110520819842,0.5256410256410257,2.0,0.0,1.0,0.15384615384615385,0.0,0.37553380809940534,0.141025641025641,1.0,0.0,0.0,0.0,0.0,0.0,0.0,0.0,0.0,0.0,0.0,0.0,0.0,0.0,0.0,0.0,6.0,1.5384615384615385,1.0,1.8980421761815787,3.6025641025641026,6.0,0.0,0.0,0.0,0.0,0.0,0.0,0.0,0.0,2.0,0.46153846153846156,0.0,0.6602252917735248,0.43589743589743596,2.0,3.0,2.0,7.0,0.0,11.0,2.0,0.0,0.0,0.0,6.0,7.0,0.0,1.0,0.0,0.0,0.0,0.0,0.0
291,587,Java Sprint 23,-8,18,0,0,11,11,0,0,11,11,0,0,0,0,1,1,16.0,0.0,4.0,0.4375,0.0,1.0307764064044151,1.0625,4.0,0.0,1.0,0.3125,0.0,0.47871355387816905,0.22916666666666666,1.0,0.0,2.0,0.9375,1.0,0.6800735254367721,0.4625,2.0,0.0,1.0,0.25,0.0,0.4472135954999579,0.2,1.0,0.0,0.0,0.0,0.0,0.0,0.0,0.0,0.0,0.0,0.0,0.0,0.0,0.0,0.0,0.0,8.0,0.9375,0.0,2.080664957811965,4.329166666666667,8.0,0.0,0.0,0.0,0.0,0.0,0.0,0.0,0.0,1.0,0.3125,0.0,0.47871355387816905,0.22916666666666666,1.0,4.0,3.0,4.0,0.0,15.0,0.0,0.0,0.0,1.0,5.0,11.0,0.0,5.0,0.0,0.0,0.0,0.0,0.0
292,2,2.3.0,0,19,0,0,2,2,2,2,0,0,0,0,0,0,1,2,2.0,1.0,5.0,3.0,3.0,2.8284271247461903,8.0,4.0,0.0,0.0,0.0,0.0,0.0,0.0,0.0,1.0,1.0,1.0,1.0,0.0,0.0,0.0,4.0,5.0,4.5,4.5,0.7071067811865476,0.5,1.0,0.0,0.0,0.0,0.0,0.0,0.0,0.0,0.0,0.0,0.0,0.0,0.0,0.0,0.0,7.0,11.0,9.0,9.0,2.8284271247461903,8.0,4.0,0.0,0.0,0.0,0.0,0.0,0.0,0.0,0.0,0.0,0.0,0.0,0.0,0.0,0.0,0.0,0.0,1.0,0.0,2.0,0.0,0.0,0.0,0.0,0.0,2.0,0.0,1.0,0.0,0.0,0.0,0.0,0.0
292,168,MCI 2.7.2,-2,17,0,0,2,2,0,0,1,1,1,1,0,0,1,1,2.0,0.0,0.0,0.0,0.0,0.0,0.0,0.0,0.0,0.0,0.0,0.0,0.0,0.0,0.0,0.0,1.0,0.5,0.5,0.7071067811865476,0.5,1.0,0.0,0.0,0.0,0.0,0.0,0.0,0.0,0.0,0.0,0.0,0.0,0.0,0.0,0.0,0.0,0.0,0.0,0.0,0.0,0.0,0.0,0.0,0.0,0.0,0.0,0.0,0.0,0.0,0.0,0.0,0.0,0.0,0.0,0.0,0.0,0.0,0.0,0.0,0.0,0.0,0.0,0.0,0.0,0.0,0.0,0.0,2.0,0.0,0.0,0.0,0.0,0.0,2.0,0.0,2.0,0.0,0.0,0.0,0.0,0.0
292,190,MCI 2.7.3,-4,18,4,4,0,0,0,0,4,4,0,0,0,0,1,1,4.0,0.0,0.0,0.0,0.0,0.0,0.0,0.0,0.0,0.0,0.0,0.0,0.0,0.0,0.0,0.0,1.0,0.75,1.0,0.5,0.25,1.0,0.0,0.0,0.0,0.0,0.0,0.0,0.0,0.0,0.0,0.0,0.0,0.0,0.0,0.0,0.0,0.0,0.0,0.0,0.0,0.0,0.0,0.0,0.0,0.0,0.0,0.0,0.0,0.0,0.0,0.0,0.0,0.0,0.0,0.0,0.0,0.0,0.0,0.0,0.0,0.0,0.0,0.0,1.0,0.0,0.0,0.0,4.0,0.0,0.0,0.0,0.0,0.0,4.0,0.0,3.0,0.0,0.0,0.0,0.0,0.0
292,222,MCI 2.7.4,-3,18,4,4,0,0,0,0,2,2,1,1,1,1,1,1,5.0,0.0,2.0,1.0,1.0,0.7071067811865476,0.5,2.0,0.0,0.0,0.0,0.0,0.0,0.0,0.0,0.0,1.0,0.8,1.0,0.44721359549995804,0.20000000000000007,1.0,0.0,0.0,0.0,0.0,0.0,0.0,0.0,0.0,0.0,0.0,0.0,0.0,0.0,0.0,0.0,0.0,0.0,0.0,0.0,0.0,0.0,0.0,0.0,0.0,0.0,0.0,0.0,0.0,0.0,0.0,0.0,0.0,0.0,0.0,0.0,0.0,0.0,0.0,0.0,0.0,0.0,0.0,0.0,0.0,0.0,1.0,5.0,0.0,0.0,0.0,0.0,0.0,5.0,0.0,4.0,0.0,0.0,0.0,0.0,0.0
292,246,MCI 2.7.5,-3,18,4,4,0,0,0,0,4,4,0,0,0,0,1,2,5.0,0.0,2.0,1.2,1.0,0.8366600265340756,0.7000000000000001,2.0,0.0,0.0,0.0,0.0,0.0,0.0,0.0,0.0,1.0,0.8,1.0,0.44721359549995804,0.20000000000000007,1.0,0.0,1.0,0.2,0.0,0.44721359549995804,0.20000000000000007,1.0,0.0,0.0,0.0,0.0,0.0,0.0,0.0,0.0,0.0,0.0,0.0,0.0,0.0,0.0,0.0,0.0,0.0,0.0,0.0,0.0,0.0,0.0,0.0,0.0,0.0,0.0,0.0,0.0,0.0,0.0,0.0,0.0,0.0,0.0,0.0,0.0,0.0,0.0,1.0,5.0,0.0,0.0,0.0,0.0,0.0,5.0,0.0,4.0,0.0,0.0,0.0,0.0,0.0
292,250,MCI 2.7.6,-3,14,3,3,0,0,0,0,3,3,0,0,0,0,1,1,3.0,0.0,1.0,0.6666666666666666,1.0,0.5773502691896258,0.33333333333333337,1.0,0.0,0.0,0.0,0.0,0.0,0.0,0.0,0.0,1.0,0.6666666666666666,1.0,0.5773502691896258,0.33333333333333337,1.0,0.0,1.0,0.3333333333333333,0.0,0.5773502691896258,0.33333333333333337,1.0,0.0,0.0,0.0,0.0,0.0,0.0,0.0,0.0,0.0,0.0,0.0,0.0,0.0,0.0,0.0,0.0,0.0,0.0,0.0,0.0,0.0,0.0,0.0,0.0,0.0,0.0,0.0,0.0,0.0,0.0,0.0,0.0,0.0,0.0,0.0,0.0,0.0,0.0,0.0,3.0,0.0,0.0,0.0,0.0,0.0,3.0,0.0,3.0,0.0,0.0,0.0,0.0,0.0
292,283,MCI 2.7.7,-4,17,8,8,1,1,0,0,6,6,3,3,0,0,1,5,16.0,0.0,1.0,0.3125,0.0,0.47871355387816905,0.22916666666666666,1.0,0.0,0.0,0.0,0.0,0.0,0.0,0.0,0.0,1.0,0.875,1.0,0.3415650255319866,0.11666666666666667,1.0,0.0,2.0,0.375,0.0,0.7187952884282609,0.5166666666666667,2.0,0.0,0.0,0.0,0.0,0.0,0.0,0.0,0.0,0.0,0.0,0.0,0.0,0.0,0.0,0.0,0.0,0.0,0.0,0.0,0.0,0.0,0.0,0.0,0.0,0.0,0.0,0.0,0.0,0.0,1.0,0.1875,0.0,0.4031128874149275,0.1625,1.0,2.0,3.0,1.0,0.0,16.0,0.0,0.0,0.0,0.0,1.0,15.0,0.0,10.0,0.0,0.0,0.0,0.0,0.0
292,290,MCI 2.7.8,14,18,19,19,1,1,6,6,14,14,0,0,0,0,1,5,49.0,0.0,4.0,0.6122448979591837,0.0,1.1513818967262093,1.3256802721088434,4.0,0.0,1.0,0.061224489795918366,0.0,0.24222607082590245,0.05867346938775511,1.0,0.0,1.0,0.8367346938775511,1.0,0.3734377890799553,0.13945578231292519,1.0,0.0,5.0,0.32653061224489793,0.0,0.9216777071831386,0.8494897959183673,5.0,0.0,0.0,0.0,0.0,0.0,0.0,0.0,0.0,0.0,0.0,0.0,0.0,0.0,0.0,0.0,3.0,0.1836734693877551,0.0,0.7266782124777073,0.5280612244897959,3.0,0.0,0.0,0.0,0.0,0.0,0.0,0.0,0.0,5.0,0.46938775510204084,0.0,0.8684766552304513,0.754251700680272,5.0,19.0,7.0,3.0,4.0,45.0,3.0,0.0,1.0,0.0,8.0,41.0,0.0,16.0,0.0,0.0,0.0,0.0,0.0
292,307,MCI 2.8.0-RC0,-6,43,18,18,2,2,0,0,7,7,3,3,10,10,1,7,21.0,0.0,8.0,0.7619047619047619,0.0,1.7579750255553095,3.090476190476191,8.0,0.0,1.0,0.14285714285714285,0.0,0.35856858280031817,0.12857142857142861,1.0,0.0,1.0,0.6190476190476191,1.0,0.49761335152811925,0.24761904761904757,1.0,0.0,3.0,0.6666666666666666,0.0,1.0645812948447542,1.1333333333333333,3.0,0.0,0.0,0.0,0.0,0.0,0.0,0.0,0.0,0.0,0.0,0.0,0.0,0.0,0.0,0.0,3.0,0.14285714285714285,0.0,0.6546536707079772,0.4285714285714287,3.0,0.0,1.0,0.047619047619047616,0.0,0.21821789023599236,0.047619047619047616,1.0,0.0,2.0,0.5238095238095238,0.0,0.6015852075182383,0.36190476190476184,2.0,7.0,5.0,1.0,0.0,14.0,3.0,3.0,1.0,0.0,3.0,18.0,0.0,8.0,0.0,0.0,0.0,0.0,0.0
292,360,2014 Last MCI Iteration,-3,20,6,6,27,27,0,0,9,9,4,4,20,20,1,6,42.0,0.0,5.0,1.1428571428571428,1.0,1.2796994420647787,1.6376306620209058,5.0,0.0,1.0,0.47619047619047616,0.0,0.5054867366041313,0.2555168408826945,1.0,0.0,1.0,0.8571428571428571,1.0,0.3541688016605732,0.1254355400696864,1.0,0.0,2.0,0.30952380952380953,0.0,0.5625766175720354,0.3164924506387921,2.0,0.0,0.0,0.0,0.0,0.0,0.0,0.0,0.0,0.0,0.0,0.0,0.0,0.0,0.0,0.0,6.0,0.9761904761904762,1.0,1.3702073056274695,1.8774680603948894,6.0,0.0,0.0,0.0,0.0,0.0,0.0,0.0,0.0,3.0,0.40476190476190477,0.0,0.664776647234602,0.44192799070847844,3.0,9.0,2.0,12.0,2.0,37.0,3.0,2.0,0.0,0.0,14.0,28.0,0.0,17.0,0.0,0.0,0.0,0.0,0.0
292,361,2015-01 Iteration,7,23,9,9,1,1,0,0,10,10,0,0,0,0,1,7,22.0,0.0,9.0,2.0454545454545454,2.0,2.1039027844477336,4.426406926406926,9.0,0.0,2.0,0.6363636363636364,1.0,0.5810872031479765,0.3376623376623376,2.0,0.0,1.0,0.9545454545454546,1.0,0.21320071635561047,0.04545454545454547,1.0,0.0,3.0,0.4090909090909091,0.0,0.7963662060880875,0.6341991341991342,3.0,0.0,0.0,0.0,0.0,0.0,0.0,0.0,0.0,0.0,0.0,0.0,0.0,0.0,0.0,0.0,5.0,1.3636363636363635,1.0,1.528941574312877,2.3376623376623384,5.0,0.0,0.0,0.0,0.0,0.0,0.0,0.0,0.0,13.0,1.0454545454545454,0.0,2.853189906173903,8.140692640692645,13.0,5.0,1.0,8.0,2.0,19.0,2.0,1.0,0.0,0.0,9.0,13.0,0.0,6.0,0.0,0.0,0.0,0.0,0.0
292,413,Iteration 0,-2,21,8,8,1,1,0,0,4,4,0,0,5,5,1,5,11.0,0.0,14.0,2.1818181818181817,1.0,4.190899230909324,17.563636363636363,14.0,0.0,1.0,0.36363636363636365,0.0,0.504524979109513,0.2545454545454545,1.0,0.0,2.0,0.7272727272727273,1.0,0.6466697906828633,0.41818181818181827,2.0,0.0,3.0,0.45454545454545453,0.0,1.0357254813546264,1.0727272727272723,3.0,0.0,0.0,0.0,0.0,0.0,0.0,0.0,0.0,0.0,0.0,0.0,0.0,0.0,0.0,0.0,7.0,1.1818181818181819,0.0,2.1362669223756576,4.5636363636363635,7.0,0.0,1.0,0.09090909090909091,0.0,0.30151134457776363,0.0909090909090909,1.0,0.0,1.0,0.45454545454545453,0.0,0.5222329678670934,0.27272727272727265,1.0,1.0,1.0,5.0,0.0,9.0,0.0,1.0,0.0,1.0,6.0,5.0,0.0,4.0,0.0,0.0,0.0,0.0,0.0
292,432,Iteration 3.1.0,3,16,4,4,2,2,0,0,5,5,0,0,1,1,1,4,12.0,0.0,6.0,1.25,0.0,2.3011854652449344,5.295454545454546,6.0,0.0,1.0,0.3333333333333333,0.0,0.49236596391733095,0.24242424242424246,1.0,0.0,2.0,0.9166666666666666,1.0,0.7929614610987591,0.6287878787878789,2.0,0.0,3.0,0.4166666666666667,0.0,0.9962049198956219,0.9924242424242423,3.0,0.0,0.0,0.0,0.0,0.0,0.0,0.0,0.0,0.0,0.0,0.0,0.0,0.0,0.0,0.0,7.0,0.8333333333333334,0.0,1.9924098397912435,3.969696969696969,7.0,0.0,1.0,0.08333333333333333,0.0,0.28867513459481287,0.08333333333333331,1.0,0.0,1.0,0.25,0.0,0.45226701686664544,0.20454545454545456,1.0,2.0,2.0,4.0,0.0,9.0,2.0,1.0,0.0,0.0,6.0,6.0,0.0,4.0,0.0,0.0,0.0,0.0,0.0
292,462,Kernel Tools Iteration 3.1.1,-2,21,14,14,2,2,1,1,8,8,5,5,2,2,1,6,19.0,0.0,6.0,1.0526315789473684,0.0,1.7786912857655992,3.16374269005848,6.0,0.0,3.0,0.631578947368421,0.0,0.8306975860878397,0.6900584795321638,3.0,1.0,2.0,1.2105263157894737,1.0,0.41885390829169555,0.1754385964912281,1.0,0.0,5.0,0.5263157894736842,0.0,1.3485968449808852,1.8187134502923976,5.0,0.0,0.0,0.0,0.0,0.0,0.0,0.0,0.0,0.0,0.0,0.0,0.0,0.0,0.0,0.0,17.0,1.4736842105263157,0.0,4.101062478223466,16.818713450292396,17.0,0.0,1.0,0.10526315789473684,0.0,0.3153017676423058,0.09941520467836257,1.0,0.0,3.0,0.3684210526315789,0.0,0.7608859102526822,0.5789473684210527,3.0,2.0,5.0,9.0,0.0,14.0,3.0,2.0,0.0,0.0,6.0,13.0,0.0,3.0,0.0,0.0,0.0,0.0,0.0
292,489,Kernel Tools Iteration 3.1.2,-2,21,7,7,0,0,0,0,6,6,1,1,0,0,1,4,12.0,0.0,11.0,1.3333333333333333,0.0,3.2566947363946475,10.606060606060602,11.0,0.0,1.0,0.4166666666666667,0.0,0.5149286505444373,0.26515151515151514,1.0,0.0,2.0,1.1666666666666667,1.0,0.5773502691896257,0.3333333333333333,2.0,0.0,2.0,0.3333333333333333,0.0,0.6513389472789296,0.42424242424242425,2.0,0.0,0.0,0.0,0.0,0.0,0.0,0.0,0.0,0.0,0.0,0.0,0.0,0.0,0.0,0.0,9.0,2.4166666666666665,3.0,2.466441431158124,6.083333333333334,9.0,0.0,0.0,0.0,0.0,0.0,0.0,0.0,0.0,1.0,0.08333333333333333,0.0,0.28867513459481287,0.08333333333333331,1.0,0.0,5.0,6.0,0.0,11.0,1.0,0.0,0.0,0.0,4.0,8.0,0.0,1.0,0.0,0.0,0.0,0.0,0.0
292,509,Kernel Tools Iteration 3,-6,21,9,9,0,0,0,0,9,9,0,0,0,0,1,4,10.0,0.0,13.0,1.7,0.5,4.001388647846034,16.011111111111113,13.0,0.0,1.0,0.3,0.0,0.48304589153964794,0.23333333333333334,1.0,1.0,2.0,1.1,1.0,0.31622776601683794,0.09999999999999999,1.0,0.0,2.0,0.2,0.0,0.6324555320336759,0.4000000000000001,2.0,0.0,0.0,0.0,0.0,0.0,0.0,0.0,0.0,0.0,0.0,0.0,0.0,0.0,0.0,1.0,13.0,3.8,3.0,3.675746333890726,13.511111111111111,12.0,0.0,0.0,0.0,0.0,0.0,0.0,0.0,0.0,1.0,0.1,0.0,0.31622776601683794,0.10000000000000002,1.0,0.0,6.0,4.0,0.0,10.0,0.0,0.0,0.0,0.0,2.0,8.0,0.0,0.0,0.0,0.0,0.0,0.0,0.0
292,519,Kernel Tools Iteration 4,2,18,19,19,2,2,0,0,4,4,4,4,13,13,1,5,26.0,0.0,12.0,1.6153846153846154,1.0,2.593482956595984,6.7261538461538475,12.0,0.0,2.0,0.34615384615384615,0.0,0.6287961636211017,0.39538461538461533,2.0,0.0,2.0,1.0384615384615385,1.0,0.44549022263293103,0.19846153846153844,2.0,0.0,3.0,0.5,0.0,0.812403840463596,0.66,3.0,0.0,0.0,0.0,0.0,0.0,0.0,0.0,0.0,0.0,0.0,0.0,0.0,0.0,0.0,0.0,9.0,2.576923076923077,1.5,2.6103344907973294,6.813846153846153,9.0,0.0,0.0,0.0,0.0,0.0,0.0,0.0,0.0,2.0,0.15384615384615385,0.0,0.46409548089225716,0.21538461538461542,2.0,1.0,10.0,8.0,0.0,25.0,1.0,0.0,0.0,0.0,6.0,20.0,0.0,7.0,0.0,0.0,0.0,0.0,0.0
292,555,Kernel Tools Iteration 5,-1,18,6,6,4,4,0,0,3,3,4,4,3,3,1,4,12.0,0.0,10.0,1.5,0.0,2.9387690682262932,8.636363636363637,10.0,0.0,2.0,0.4166666666666667,0.0,0.6685579234215214,0.44696969696969685,2.0,0.0,2.0,1.0,1.0,0.6030226891555273,0.36363636363636365,2.0,0.0,3.0,0.6666666666666666,0.5,0.8876253645985945,0.787878787878788,3.0,0.0,0.0,0.0,0.0,0.0,0.0,0.0,0.0,0.0,0.0,0.0,0.0,0.0,0.0,0.0,7.0,2.3333333333333335,1.5,2.1461734799546393,4.6060606060606055,7.0,0.0,0.0,0.0,0.0,0.0,0.0,0.0,0.0,1.0,0.08333333333333333,0.0,0.28867513459481287,0.08333333333333331,1.0,3.0,2.0,4.0,0.0,10.0,0.0,1.0,0.0,1.0,3.0,9.0,0.0,2.0,0.0,0.0,0.0,0.0,1.0
292,596,Kernel Tools Iteration 6,-2,21,6,6,1,1,0,0,3,3,1,1,3,3,1,6,10.0,0.0,7.0,1.7,0.0,2.869378562220979,8.233333333333333,7.0,0.0,2.0,0.8,0.5,0.9189365834726815,0.8444444444444446,2.0,1.0,2.0,1.1,1.0,0.31622776601683794,0.09999999999999999,1.0,0.0,1.0,0.2,0.0,0.42163702135578396,0.17777777777777784,1.0,0.0,0.0,0.0,0.0,0.0,0.0,0.0,0.0,0.0,0.0,0.0,0.0,0.0,0.0,0.0,5.0,1.6,1.0,1.6465452046971294,2.7111111111111117,5.0,0.0,1.0,0.1,0.0,0.31622776601683794,0.10000000000000002,1.0,0.0,6.0,1.2,0.0,1.9888578520235063,3.955555555555555,6.0,2.0,3.0,3.0,0.0,5.0,2.0,3.0,0.0,0.0,3.0,7.0,0.0,2.0,0.0,0.0,0.0,0.0,0.0
292,636,Kernel Tools Iteration 7,1,15,11,11,0,0,0,0,5,5,1,1,5,5,1,5,15.0,0.0,11.0,2.1333333333333333,1.0,3.2041639575194445,10.266666666666667,11.0,0.0,2.0,0.4666666666666667,0.0,0.833809387832792,0.6952380952380953,2.0,0.0,2.0,1.0,1.0,0.3779644730092272,0.14285714285714285,2.0,0.0,1.0,0.06666666666666667,0.0,0.25819888974716115,0.06666666666666668,1.0,0.0,0.0,0.0,0.0,0.0,0.0,0.0,0.0,0.0,0.0,0.0,0.0,0.0,0.0,0.0,7.0,1.7333333333333334,1.0,1.8695555876298768,3.4952380952380944,7.0,0.0,1.0,0.13333333333333333,0.0,0.35186577527449836,0.12380952380952379,1.0,0.0,6.0,0.5333333333333333,0.0,1.5976172734359608,2.5523809523809535,6.0,1.0,5.0,6.0,0.0,12.0,2.0,1.0,0.0,0.0,6.0,9.0,0.0,3.0,0.0,0.0,0.0,0.0,0.0
294,142,Sprint 3 - May 25 - June 13,0,19,0,0,0,0,0,0,0,0,0,0,0,0,1,1,1.0,0.0,0.0,0.0,0.0,0.0,0.0,0.0,0.0,0.0,0.0,0.0,0.0,0.0,0.0,2.0,2.0,2.0,2.0,0.0,0.0,0.0,1.0,1.0,1.0,1.0,0.0,0.0,0.0,0.0,0.0,0.0,0.0,0.0,0.0,0.0,0.0,0.0,0.0,0.0,0.0,0.0,0.0,0.0,0.0,0.0,0.0,0.0,0.0,0.0,0.0,0.0,0.0,0.0,0.0,0.0,0.0,0.0,0.0,0.0,0.0,0.0,0.0,0.0,0.0,1.0,0.0,0.0,1.0,0.0,0.0,0.0,0.0,0.0,1.0,0.0,0.0,0.0,0.0,0.0,0.0,0.0
294,208,Ruby Sprint 6,0,18,0,0,2,9,2,9,0,0,0,0,0,0,1,1,2.0,0.0,0.0,0.0,0.0,0.0,0.0,0.0,0.0,1.0,0.5,0.5,0.7071067811865476,0.5,1.0,1.0,1.0,1.0,1.0,0.0,0.0,0.0,0.0,0.0,0.0,0.0,0.0,0.0,0.0,0.0,0.0,0.0,0.0,0.0,0.0,0.0,0.0,0.0,0.0,0.0,0.0,0.0,0.0,1.0,1.0,1.0,1.0,0.0,0.0,0.0,0.0,0.0,0.0,0.0,0.0,0.0,0.0,0.0,0.0,0.0,0.0,0.0,0.0,0.0,0.0,0.0,1.0,0.0,2.0,0.0,0.0,0.0,0.0,1.0,1.0,0.0,1.0,0.0,0.0,0.0,0.0,0.0
294,257,Node Sprint 6,-1,14,2,15,7,17,0,0,1,7,2,14,6,11,1,1,10.0,0.0,1.0,0.3,0.0,0.4830458915396479,0.23333333333333328,1.0,0.0,3.0,1.0,1.0,0.9428090415820634,0.8888888888888888,3.0,1.0,1.0,1.0,1.0,0.0,0.0,0.0,0.0,0.0,0.0,0.0,0.0,0.0,0.0,0.0,0.0,0.0,0.0,0.0,0.0,0.0,0.0,0.0,0.0,0.0,0.0,0.0,0.0,0.0,2.0,0.9,1.0,0.5676462121975467,0.32222222222222224,2.0,0.0,0.0,0.0,0.0,0.0,0.0,0.0,0.0,0.0,0.0,0.0,0.0,0.0,0.0,2.0,0.0,6.0,0.0,5.0,5.0,0.0,0.0,0.0,4.0,6.0,0.0,0.0,0.0,2.0,0.0,0.0,0.0
294,269,Node Sprint 7,23,21,7,30,0,0,0,0,6,24,1,6,0,0,1,1,18.0,0.0,5.0,0.2777777777777778,0.0,1.1785113019775793,1.388888888888889,5.0,0.0,1.0,0.5,0.5,0.5144957554275266,0.2647058823529412,1.0,0.0,2.0,1.0555555555555556,1.0,0.41617618189786515,0.17320261437908496,2.0,0.0,0.0,0.0,0.0,0.0,0.0,0.0,0.0,0.0,0.0,0.0,0.0,0.0,0.0,0.0,0.0,0.0,0.0,0.0,0.0,0.0,0.0,2.0,0.3333333333333333,0.0,0.7669649888473704,0.5882352941176471,2.0,0.0,0.0,0.0,0.0,0.0,0.0,0.0,0.0,0.0,0.0,0.0,0.0,0.0,0.0,8.0,0.0,7.0,0.0,15.0,3.0,0.0,0.0,0.0,8.0,10.0,0.0,2.0,0.0,1.0,0.0,0.0,0.0
294,287,Node Sprint 8,50,14,1,1,3,14,0,0,4,15,0,0,0,0,1,1,20.0,0.0,1.0,0.05,0.0,0.22360679774997894,0.04999999999999999,1.0,0.0,2.0,0.45,0.0,0.6863327411532597,0.47105263157894744,2.0,0.0,3.0,1.35,1.0,0.7451598203705946,0.5552631578947368,3.0,0.0,1.0,0.15,0.0,0.36634754853252327,0.13421052631578947,1.0,0.0,0.0,0.0,0.0,0.0,0.0,0.0,0.0,0.0,0.0,0.0,0.0,0.0,0.0,0.0,2.0,0.35,0.0,0.7451598203705947,0.5552631578947369,2.0,0.0,0.0,0.0,0.0,0.0,0.0,0.0,0.0,0.0,0.0,0.0,0.0,0.0,0.0,5.0,2.0,6.0,0.0,17.0,3.0,0.0,0.0,0.0,8.0,12.0,0.0,7.0,0.0,0.0,0.0,0.0,0.0
294,415,Node Sprint 15,0,14,3,3,0,0,0,0,3,3,0,0,0,0,1,1,3.0,0.0,0.0,0.0,0.0,0.0,0.0,0.0,0.0,1.0,0.3333333333333333,0.0,0.5773502691896258,0.33333333333333337,1.0,0.0,1.0,0.6666666666666666,1.0,0.5773502691896258,0.33333333333333337,1.0,0.0,0.0,0.0,0.0,0.0,0.0,0.0,0.0,0.0,0.0,0.0,0.0,0.0,0.0,0.0,0.0,0.0,0.0,0.0,0.0,0.0,0.0,0.0,0.0,0.0,0.0,0.0,0.0,0.0,0.0,0.0,0.0,0.0,0.0,0.0,0.0,0.0,0.0,0.0,0.0,0.0,0.0,3.0,0.0,0.0,0.0,1.0,2.0,0.0,0.0,0.0,1.0,2.0,0.0,0.0,0.0,0.0,0.0,0.0,0.0
294,423,Node Sprint 16,0,14,9,9,0,0,0,0,0,0,1,1,8,8,1,1,9.0,0.0,5.0,1.5555555555555556,1.0,1.8782379449307745,3.5277777777777786,5.0,0.0,1.0,0.8888888888888888,1.0,0.33333333333333337,0.11111111111111112,1.0,0.0,1.0,0.6666666666666666,1.0,0.5,0.25,1.0,0.0,0.0,0.0,0.0,0.0,0.0,0.0,0.0,0.0,0.0,0.0,0.0,0.0,0.0,0.0,0.0,0.0,0.0,0.0,0.0,0.0,0.0,1.0,0.6666666666666666,1.0,0.5,0.25,1.0,0.0,0.0,0.0,0.0,0.0,0.0,0.0,0.0,0.0,0.0,0.0,0.0,0.0,0.0,0.0,0.0,9.0,0.0,8.0,0.0,0.0,1.0,0.0,7.0,2.0,0.0,0.0,0.0,0.0,0.0,0.0,0.0
294,455,Node Sprint 17,0,18,13,13,0,0,0,0,1,1,0,0,12,12,1,1,14.0,0.0,7.0,2.0714285714285716,1.5,1.9792883614022536,3.917582417582418,7.0,0.0,2.0,0.7142857142857143,1.0,0.7262730392025629,0.5274725274725275,2.0,0.0,1.0,0.6428571428571429,1.0,0.4972451580988469,0.24725274725274723,1.0,0.0,1.0,0.07142857142857142,0.0,0.26726124191242434,0.07142857142857141,1.0,0.0,0.0,0.0,0.0,0.0,0.0,0.0,0.0,0.0,0.0,0.0,0.0,0.0,0.0,0.0,1.0,0.5,0.5,0.5188745216627708,0.2692307692307692,1.0,0.0,1.0,0.07142857142857142,0.0,0.26726124191242434,0.07142857142857141,1.0,0.0,0.0,0.0,0.0,0.0,0.0,0.0,2.0,2.0,7.0,0.0,9.0,1.0,2.0,1.0,1.0,10.0,4.0,0.0,0.0,0.0,3.0,0.0,0.0,0.0
294,456,Node Sprint 18,-2,14,22,22,10,10,2,2,5,5,0,0,25,25,1,1,32.0,0.0,17.0,2.3125,1.0,3.495965416526369,12.221774193548388,17.0,0.0,4.0,0.90625,1.0,0.777065405973841,0.6038306451612904,4.0,0.0,1.0,0.34375,0.0,0.48255870443481425,0.23286290322580644,1.0,0.0,0.0,0.0,0.0,0.0,0.0,0.0,0.0,0.0,0.0,0.0,0.0,0.0,0.0,0.0,0.0,0.0,0.0,0.0,0.0,0.0,0.0,3.0,0.375,0.0,0.6599120175960898,0.43548387096774194,3.0,0.0,1.0,0.03125,0.0,0.1767766952966369,0.03125,1.0,0.0,0.0,0.0,0.0,0.0,0.0,0.0,4.0,5.0,15.0,0.0,27.0,5.0,0.0,0.0,0.0,16.0,16.0,0.0,1.0,0.0,7.0,0.0,0.0,0.0
294,515,Node Sprint 18,6,10,5,5,3,3,0,0,0,0,3,3,5,5,1,1,21.0,0.0,15.0,1.4285714285714286,0.0,3.72251834879868,13.857142857142852,15.0,0.0,2.0,0.5714285714285714,0.0,0.6761234037828133,0.4571428571428573,2.0,0.0,2.0,0.47619047619047616,0.0,0.6015852075182383,0.3619047619047618,2.0,0.0,1.0,0.047619047619047616,0.0,0.21821789023599242,0.04761904761904763,1.0,0.0,0.0,0.0,0.0,0.0,0.0,0.0,0.0,0.0,0.0,0.0,0.0,0.0,0.0,0.0,3.0,0.3333333333333333,0.0,0.7958224257542214,0.6333333333333332,3.0,0.0,0.0,0.0,0.0,0.0,0.0,0.0,0.0,0.0,0.0,0.0,0.0,0.0,0.0,2.0,1.0,10.0,0.0,19.0,1.0,1.0,0.0,0.0,8.0,13.0,0.0,7.0,0.0,1.0,0.0,0.0,0.0
306,5,Production Sprint 1,-4,10,10,10,0,0,0,0,7,7,0,0,3,3,1,2,14.0,0.0,5.0,1.0714285714285714,1.0,1.3847680013570567,1.9175824175824172,5.0,0.0,1.0,0.07142857142857142,0.0,0.26726124191242434,0.07142857142857141,1.0,0.0,1.0,0.21428571428571427,0.0,0.4258153136263202,0.18131868131868142,1.0,0.0,1.0,0.42857142857142855,0.0,0.5135525910130955,0.2637362637362637,1.0,0.0,0.0,0.0,0.0,0.0,0.0,0.0,0.0,0.0,0.0,0.0,0.0,0.0,0.0,0.0,1.0,0.07142857142857142,0.0,0.26726124191242434,0.07142857142857141,1.0,0.0,1.0,0.14285714285714285,0.0,0.3631365196012815,0.1318681318681319,1.0,0.0,1.0,0.21428571428571427,0.0,0.42581531362632014,0.18131868131868137,1.0,5.0,5.0,2.0,2.0,5.0,4.0,4.0,0.0,1.0,4.0,10.0,0.0,0.0,0.0,0.0,0.0,0.0,0.0
306,6,docs-sprint-0,-2,16,14,14,10,10,1,1,20,20,2,2,1,1,1,6,30.0,0.0,8.0,0.8666666666666667,0.0,1.6965143440419919,2.87816091954023,8.0,0.0,1.0,0.06666666666666667,0.0,0.2537081317024625,0.06436781609195404,1.0,0.0,2.0,0.6666666666666666,1.0,0.546672273590534,0.2988505747126437,2.0,0.0,3.0,1.0,1.0,1.1141720290623112,1.2413793103448276,3.0,0.0,0.0,0.0,0.0,0.0,0.0,0.0,0.0,0.0,0.0,0.0,0.0,0.0,0.0,0.0,1.0,0.16666666666666666,0.0,0.3790490217894517,0.14367816091954025,1.0,0.0,3.0,0.5333333333333333,0.0,0.7302967433402215,0.5333333333333334,3.0,0.0,3.0,0.5666666666666667,0.0,0.9352607356658148,0.874712643678161,3.0,12.0,10.0,6.0,2.0,12.0,8.0,6.0,3.0,1.0,17.0,13.0,0.0,0.0,0.0,0.0,0.0,0.0,0.0
306,256,BUILD 2.7.6,0,18,0,0,0,0,0,0,0,0,0,0,0,0,1,1,0.0,0.0,0.0,0.0,0.0,0.0,0.0,0.0,0.0,0.0,0.0,0.0,0.0,0.0,0.0,0.0,0.0,0.0,0.0,0.0,0.0,0.0,0.0,0.0,0.0,0.0,0.0,0.0,0.0,0.0,0.0,0.0,0.0,0.0,0.0,0.0,0.0,0.0,0.0,0.0,0.0,0.0,0.0,0.0,0.0,0.0,0.0,0.0,0.0,0.0,0.0,0.0,0.0,0.0,0.0,0.0,0.0,0.0,0.0,0.0,0.0,0.0,0.0,0.0,0.0,0.0,0.0,0.0,0.0,0.0,0.0,0.0,0.0,0.0,0.0,0.0,0.0,0.0,0.0,0.0,0.0,0.0
306,346,BUILD 1,0,32,1,1,0,0,0,0,0,0,1,1,0,0,1,1,1.0,1.0,1.0,1.0,1.0,0.0,0.0,0.0,0.0,0.0,0.0,0.0,0.0,0.0,0.0,1.0,1.0,1.0,1.0,0.0,0.0,0.0,2.0,2.0,2.0,2.0,0.0,0.0,0.0,0.0,0.0,0.0,0.0,0.0,0.0,0.0,0.0,0.0,0.0,0.0,0.0,0.0,0.0,0.0,0.0,0.0,0.0,0.0,0.0,0.0,0.0,0.0,0.0,0.0,0.0,0.0,0.0,0.0,0.0,0.0,0.0,0.0,0.0,0.0,0.0,1.0,0.0,0.0,1.0,0.0,0.0,0.0,0.0,0.0,1.0,0.0,0.0,0.0,0.0,0.0,0.0,0.0
306,384,v1.3.17 - Ending 1/30,-2,18,0,0,23,23,0,0,9,9,11,11,3,3,1,4,26.0,0.0,1.0,0.15384615384615385,0.0,0.36794648440311994,0.1353846153846154,1.0,0.0,1.0,0.038461538461538464,0.0,0.19611613513818402,0.03846153846153846,1.0,1.0,2.0,1.7307692307692308,2.0,0.4523443208612048,0.2046153846153846,1.0,0.0,3.0,0.7692307692307693,1.0,0.7646014547562571,0.5846153846153846,3.0,0.0,0.0,0.0,0.0,0.0,0.0,0.0,0.0,0.0,0.0,0.0,0.0,0.0,0.0,0.0,8.0,2.076923076923077,2.0,1.9580209789085903,3.8338461538461543,8.0,0.0,0.0,0.0,0.0,0.0,0.0,0.0,0.0,2.0,0.34615384615384615,0.0,0.6894814104706634,0.47538461538461535,2.0,4.0,20.0,2.0,0.0,18.0,3.0,3.0,1.0,1.0,10.0,16.0,0.0,0.0,0.0,0.0,0.0,0.0,0.0
306,412,v1.3.18 - 15 - Ending 2/20,36,18,0,0,15,15,8,8,7,7,0,0,0,0,1,10,117.0,0.0,6.0,0.4444444444444444,0.0,0.9777211756518357,0.9559386973180077,6.0,0.0,1.0,0.07692307692307693,0.0,0.2676154650525237,0.07161803713527853,1.0,0.0,3.0,0.5982905982905983,1.0,0.6305420363879202,0.3975832596522252,3.0,0.0,5.0,0.42735042735042733,0.0,0.903214940969387,0.8157972295903333,5.0,0.0,0.0,0.0,0.0,0.0,0.0,0.0,0.0,0.0,0.0,0.0,0.0,0.0,0.0,0.0,9.0,2.1880341880341883,1.0,2.1291556685433006,4.5333038608900695,9.0,0.0,3.0,0.3076923076923077,0.0,0.5327472464942589,0.28381962864721466,3.0,0.0,11.0,0.3504273504273504,0.0,1.2339747895781628,1.5226937813144712,11.0,25.0,42.0,50.0,0.0,76.0,18.0,16.0,4.0,3.0,54.0,63.0,0.0,0.0,0.0,0.0,0.0,0.0,0.0
306,419,Docs Sprint 16 - Ending 3/13,24,19,30,30,84,84,47,47,31,31,18,18,18,18,1,13,161.0,0.0,26.0,0.4968944099378882,0.0,2.1798056782729636,4.751552795031055,26.0,0.0,1.0,0.062111801242236024,0.0,0.24211157019514834,0.05861801242236024,1.0,0.0,3.0,0.36024844720496896,0.0,0.6077910314311974,0.36940993788819876,3.0,0.0,5.0,0.5341614906832298,0.0,0.9748785559021,0.9503881987577639,5.0,0.0,0.0,0.0,0.0,0.0,0.0,0.0,0.0,0.0,0.0,0.0,0.0,0.0,0.0,0.0,21.0,2.559006211180124,2.0,3.032830197391733,9.198059006211178,21.0,0.0,3.0,0.2111801242236025,0.0,0.4797126469069629,0.23012422360248447,3.0,0.0,13.0,0.2981366459627329,0.0,1.273993330520682,1.62305900621118,13.0,32.0,64.0,65.0,0.0,108.0,19.0,24.0,7.0,3.0,70.0,91.0,0.0,0.0,0.0,0.0,0.0,0.0,0.0
306,435,Docs Sprint 17 - Ending 4/3,5,19,112,112,22,22,36,36,46,46,14,14,38,38,1,13,180.0,0.0,6.0,0.49444444444444446,0.0,1.0220869340750582,1.0446617008069523,6.0,0.0,3.0,0.10555555555555556,0.0,0.3584139833886458,0.12846058348851647,3.0,0.0,3.0,0.2722222222222222,0.0,0.5869203362192009,0.3444754810676599,3.0,0.0,5.0,0.40555555555555556,0.0,0.8235176099389605,0.678181253879578,5.0,0.0,0.0,0.0,0.0,0.0,0.0,0.0,0.0,0.0,0.0,0.0,0.0,0.0,0.0,0.0,18.0,2.1277777777777778,1.0,2.883260405316617,8.313190564866543,18.0,0.0,1.0,0.16111111111111112,0.0,0.3686588844178464,0.13590937306021103,1.0,0.0,7.0,0.26666666666666666,0.0,0.8881592287661362,0.7888268156424578,7.0,45.0,77.0,57.0,1.0,115.0,34.0,27.0,1.0,3.0,90.0,90.0,0.0,0.0,0.0,0.0,0.0,0.0,0.0
306,439,Beryllium - 20150427,0,28,0,0,0,0,0,0,0,0,0,0,0,0,1,1,1.0,0.0,0.0,0.0,0.0,0.0,0.0,0.0,0.0,0.0,0.0,0.0,0.0,0.0,0.0,0.0,0.0,0.0,0.0,0.0,0.0,0.0,0.0,0.0,0.0,0.0,0.0,0.0,0.0,0.0,0.0,0.0,0.0,0.0,0.0,0.0,0.0,0.0,0.0,0.0,0.0,0.0,0.0,0.0,0.0,0.0,0.0,0.0,0.0,0.0,0.0,0.0,0.0,0.0,0.0,0.0,0.0,0.0,0.0,0.0,0.0,0.0,0.0,0.0,0.0,0.0,1.0,0.0,1.0,0.0,0.0,0.0,0.0,0.0,1.0,0.0,0.0,0.0,0.0,0.0,0.0,0.0
306,461,Docs Sprint 18 - 4/24 (461),-45,19,91,91,20,20,4,4,59,59,14,14,34,34,1,14,134.0,0.0,11.0,0.6567164179104478,0.0,1.5073976859602114,2.2722477836382,11.0,0.0,2.0,0.08208955223880597,0.0,0.30158746565282807,0.09095499943889576,2.0,0.0,3.0,0.23880597014925373,0.0,0.5903879758848011,0.34855796206935247,3.0,0.0,3.0,0.3582089552238806,0.0,0.6761565983432467,0.4571877454831107,3.0,0.0,0.0,0.0,0.0,0.0,0.0,0.0,0.0,0.0,0.0,0.0,0.0,0.0,0.0,0.0,18.0,1.5746268656716418,0.0,2.582115661293151,6.667321288295365,18.0,0.0,2.0,0.19402985074626866,0.0,0.41544634825108956,0.17259566827516556,2.0,0.0,6.0,0.3283582089552239,0.0,0.9075797726117032,0.8237010436539108,6.0,36.0,60.0,38.0,0.0,90.0,28.0,12.0,1.0,3.0,68.0,66.0,0.0,0.0,0.0,0.0,0.0,0.0,0.0
306,477,BUILD 2 04/24/15,0,18,0,0,1,1,0,0,0,0,0,0,1,1,1,1,1.0,1.0,1.0,1.0,1.0,0.0,0.0,0.0,0.0,0.0,0.0,0.0,0.0,0.0,0.0,0.0,0.0,0.0,0.0,0.0,0.0,0.0,0.0,0.0,0.0,0.0,0.0,0.0,0.0,0.0,0.0,0.0,0.0,0.0,0.0,0.0,0.0,0.0,0.0,0.0,0.0,0.0,0.0,0.0,0.0,0.0,0.0,0.0,0.0,0.0,0.0,0.0,0.0,0.0,0.0,0.0,0.0,0.0,0.0,0.0,0.0,0.0,0.0,0.0,0.0,1.0,0.0,0.0,0.0,0.0,1.0,0.0,0.0,0.0,1.0,0.0,0.0,0.0,0.0,0.0,0.0,0.0
306,487,Docs Current Sprint (487),-48,18,86,86,12,12,7,7,64,64,10,10,17,17,1,9,124.0,0.0,8.0,0.47580645161290325,0.0,1.1925494292046137,1.42217414109625,8.0,0.0,2.0,0.12903225806451613,0.0,0.42229997305664146,0.17833726724364013,2.0,0.0,3.0,0.2903225806451613,0.0,0.5670375670207384,0.3215316024127983,3.0,0.0,3.0,0.46774193548387094,0.0,0.7482824112643606,0.5599265670076057,3.0,0.0,0.0,0.0,0.0,0.0,0.0,0.0,0.0,0.0,0.0,0.0,0.0,0.0,0.0,0.0,18.0,1.3387096774193548,0.0,2.5016648010507234,6.258326776816156,18.0,0.0,2.0,0.13709677419354838,0.0,0.389593856050678,0.1517833726724364,2.0,0.0,6.0,0.3467741935483871,0.0,0.8930113013670449,0.7974691843692631,6.0,27.0,67.0,30.0,0.0,92.0,21.0,6.0,4.0,1.0,63.0,61.0,0.0,0.0,0.0,0.0,0.0,0.0,0.0
306,502,BUILD 3 05/15/15,1,18,0,0,1,1,0,0,0,0,0,0,1,1,1,1,2.0,0.0,3.0,1.5,1.5,2.1213203435596424,4.5,3.0,0.0,0.0,0.0,0.0,0.0,0.0,0.0,0.0,0.0,0.0,0.0,0.0,0.0,0.0,1.0,1.0,1.0,1.0,0.0,0.0,0.0,0.0,0.0,0.0,0.0,0.0,0.0,0.0,0.0,0.0,0.0,0.0,0.0,0.0,0.0,0.0,0.0,0.0,0.0,0.0,0.0,0.0,0.0,0.0,0.0,0.0,0.0,0.0,0.0,0.0,0.0,0.0,0.0,0.0,0.0,0.0,0.0,2.0,0.0,0.0,0.0,0.0,2.0,0.0,0.0,0.0,2.0,0.0,0.0,0.0,0.0,0.0,0.0,0.0
306,511,Docs Sprint Current (511),-53,17,84,84,7,7,1,1,72,72,4,4,14,14,1,9,125.0,0.0,8.0,0.432,0.0,1.1523888232710346,1.3279999999999998,8.0,0.0,2.0,0.16,0.0,0.4472135954999579,0.2,2.0,0.0,3.0,0.416,0.0,0.6373331533719996,0.4061935483870968,3.0,0.0,3.0,0.48,0.0,0.7361626748694665,0.5419354838709679,3.0,0.0,0.0,0.0,0.0,0.0,0.0,0.0,0.0,0.0,0.0,0.0,0.0,0.0,0.0,0.0,18.0,1.44,0.0,2.4834938968082594,6.167741935483873,18.0,0.0,2.0,0.136,0.0,0.3882134431203468,0.15070967741935473,2.0,0.0,6.0,0.496,0.0,1.1261123533014208,1.268129032258064,6.0,23.0,69.0,26.0,7.0,90.0,28.0,5.0,2.0,0.0,49.0,76.0,0.0,0.0,0.0,0.0,0.0,0.0,0.0
306,518,Quint Iteration 4,0,18,0,0,1,1,0,0,0,0,0,0,1,1,1,1,16.0,0.0,1.0,0.125,0.0,0.3415650255319866,0.11666666666666667,1.0,0.0,1.0,0.0625,0.0,0.25,0.0625,1.0,0.0,1.0,0.8125,1.0,0.4031128874149275,0.1625,1.0,0.0,1.0,0.25,0.0,0.4472135954999579,0.2,1.0,0.0,0.0,0.0,0.0,0.0,0.0,0.0,0.0,0.0,0.0,0.0,0.0,0.0,0.0,0.0,0.0,0.0,0.0,0.0,0.0,0.0,0.0,0.0,0.0,0.0,0.0,0.0,0.0,0.0,2.0,0.125,0.0,0.5,0.25,2.0,0.0,0.0,1.0,15.0,16.0,0.0,0.0,0.0,0.0,6.0,10.0,0.0,0.0,0.0,0.0,0.0,0.0,0.0
306,541,BUILD 4 06/05/15,1,22,0,0,1,1,0,0,0,0,0,0,1,1,1,1,3.0,0.0,2.0,0.6666666666666666,0.0,1.1547005383792517,1.3333333333333335,2.0,0.0,1.0,0.3333333333333333,0.0,0.5773502691896258,0.33333333333333337,1.0,0.0,0.0,0.0,0.0,0.0,0.0,0.0,0.0,1.0,0.3333333333333333,0.0,0.5773502691896258,0.33333333333333337,1.0,0.0,0.0,0.0,0.0,0.0,0.0,0.0,0.0,0.0,0.0,0.0,0.0,0.0,0.0,0.0,0.0,0.0,0.0,0.0,0.0,0.0,0.0,0.0,0.0,0.0,0.0,0.0,0.0,0.0,0.0,0.0,0.0,0.0,0.0,0.0,0.0,2.0,1.0,0.0,0.0,1.0,1.0,0.0,1.0,1.0,2.0,0.0,0.0,0.0,0.0,0.0,0.0,0.0
306,556,DOCS Current Sprint (556),-34,18,82,82,31,31,8,8,70,70,11,11,24,24,1,5,154.0,0.0,6.0,0.42857142857142855,0.0,0.9064557342377986,0.8216619981325864,6.0,0.0,2.0,0.09740259740259741,0.0,0.31868767917187274,0.10156183685595449,2.0,0.0,3.0,0.33766233766233766,0.0,0.5854530586919454,0.34275528393175453,3.0,0.0,12.0,0.5454545454545454,0.0,1.1941628680530643,1.42602495543672,12.0,0.0,0.0,0.0,0.0,0.0,0.0,0.0,0.0,0.0,0.0,0.0,0.0,0.0,0.0,0.0,11.0,1.0454545454545454,0.0,1.8728919621382192,3.5077243018419484,11.0,0.0,2.0,0.2987012987012987,0.0,0.5378469560226937,0.2892793481028775,2.0,0.0,8.0,0.38961038961038963,0.0,1.0372896325771963,1.075969781852135,8.0,33.0,66.0,53.0,2.0,99.0,48.0,4.0,2.0,1.0,69.0,85.0,0.0,0.0,0.0,0.0,0.0,0.0,0.0
306,567,Platform 5 06/26/16,1,18,0,0,0,0,0,0,0,0,0,0,0,0,1,1,1.0,0.0,0.0,0.0,0.0,0.0,0.0,0.0,0.0,0.0,0.0,0.0,0.0,0.0,0.0,0.0,0.0,0.0,0.0,0.0,0.0,0.0,0.0,0.0,0.0,0.0,0.0,0.0,0.0,0.0,0.0,0.0,0.0,0.0,0.0,0.0,0.0,0.0,0.0,0.0,0.0,0.0,0.0,0.0,0.0,0.0,0.0,0.0,0.0,0.0,0.0,0.0,0.0,0.0,0.0,0.0,0.0,0.0,0.0,0.0,0.0,0.0,0.0,0.0,0.0,0.0,1.0,0.0,1.0,0.0,0.0,0.0,0.0,0.0,1.0,0.0,0.0,0.0,0.0,0.0,0.0,0.0
306,568,Build 5 06/26/16,0,17,0,0,1,1,0,0,0,0,0,0,1,1,1,1,1.0,1.0,1.0,1.0,1.0,0.0,0.0,0.0,0.0,0.0,0.0,0.0,0.0,0.0,0.0,0.0,0.0,0.0,0.0,0.0,0.0,0.0,0.0,0.0,0.0,0.0,0.0,0.0,0.0,0.0,0.0,0.0,0.0,0.0,0.0,0.0,0.0,0.0,0.0,0.0,0.0,0.0,0.0,0.0,0.0,0.0,0.0,0.0,0.0,0.0,0.0,0.0,0.0,0.0,0.0,0.0,0.0,1.0,1.0,1.0,1.0,0.0,0.0,0.0,0.0,1.0,0.0,0.0,0.0,0.0,1.0,0.0,0.0,0.0,1.0,0.0,0.0,0.0,0.0,0.0,0.0,0.0
306,597,MKT Sprint Ending 7/28,0,14,0,0,1,1,1,1,0,0,0,0,0,0,1,2,1.0,2.0,2.0,2.0,2.0,0.0,0.0,0.0,0.0,0.0,0.0,0.0,0.0,0.0,0.0,0.0,0.0,0.0,0.0,0.0,0.0,0.0,0.0,0.0,0.0,0.0,0.0,0.0,0.0,0.0,0.0,0.0,0.0,0.0,0.0,0.0,0.0,0.0,0.0,0.0,0.0,0.0,0.0,0.0,0.0,0.0,0.0,0.0,0.0,0.0,0.0,0.0,0.0,0.0,0.0,0.0,0.0,0.0,0.0,0.0,0.0,0.0,0.0,0.0,0.0,0.0,1.0,0.0,1.0,0.0,0.0,0.0,0.0,0.0,1.0,0.0,0.0,0.0,0.0,0.0,0.0,0.0
306,603,Docs Sprint Current,-55,18,91,91,7,7,1,1,85,85,2,2,10,10,1,6,140.0,0.0,7.0,0.32142857142857145,0.0,0.9690747433354181,0.9391058581706065,7.0,0.0,2.0,0.07142857142857142,0.0,0.2849424312134965,0.08119218910585817,2.0,0.0,2.0,0.17142857142857143,0.0,0.43154160903542055,0.18622816032887976,2.0,0.0,12.0,0.4928571428571429,0.0,1.2144005749436355,1.4747687564234326,12.0,0.0,0.0,0.0,0.0,0.0,0.0,0.0,0.0,0.0,0.0,0.0,0.0,0.0,0.0,0.0,11.0,0.7928571428571428,0.0,1.7069322415628403,2.9136176772867426,11.0,0.0,2.0,0.34285714285714286,0.0,0.533367590540764,0.28448098663926,2.0,0.0,6.0,0.2857142857142857,0.0,0.7891869441950845,0.6228160328879754,6.0,30.0,61.0,49.0,0.0,95.0,42.0,1.0,0.0,2.0,68.0,72.0,0.0,0.0,0.0,0.0,0.0,0.0,0.0
306,605,Docs Sprint Current,-12,20,109,109,15,15,74,74,27,27,8,8,15,15,1,6,129.0,0.0,7.0,0.5193798449612403,0.0,1.1930840759992989,1.4234496124031009,7.0,0.0,1.0,0.06201550387596899,0.0,0.24212399923954658,0.05862403100775196,1.0,0.0,2.0,0.16279069767441862,0.0,0.4470510610241191,0.1998546511627907,2.0,0.0,12.0,0.4883720930232558,0.0,1.256957382119663,1.5799418604651163,12.0,0.0,0.0,0.0,0.0,0.0,0.0,0.0,0.0,0.0,0.0,0.0,0.0,0.0,0.0,0.0,8.0,0.7131782945736435,0.0,1.5010090275462016,2.2530281007751936,8.0,0.0,2.0,0.3953488372093023,0.0,0.564836877048957,0.31904069767441856,2.0,0.0,4.0,0.31007751937984496,0.0,0.7582715708727306,0.5749757751937985,4.0,31.0,57.0,40.0,0.0,88.0,38.0,0.0,1.0,2.0,65.0,64.0,1.0,0.0,0.0,0.0,0.0,0.0,0.0
306,616,MMS v20150804,0,20,0,0,0,0,0,0,0,0,0,0,0,0,1,1,2.0,0.0,1.0,0.5,0.5,0.7071067811865476,0.5,1.0,0.0,0.0,0.0,0.0,0.0,0.0,0.0,0.0,1.0,0.5,0.5,0.7071067811865476,0.5,1.0,0.0,0.0,0.0,0.0,0.0,0.0,0.0,0.0,0.0,0.0,0.0,0.0,0.0,0.0,0.0,0.0,0.0,0.0,0.0,0.0,0.0,1.0,2.0,1.5,1.5,0.7071067811865476,0.5,1.0,0.0,0.0,0.0,0.0,0.0,0.0,0.0,0.0,1.0,0.5,0.5,0.7071067811865476,0.5,1.0,0.0,2.0,0.0,0.0,1.0,1.0,0.0,0.0,0.0,1.0,1.0,0.0,0.0,0.0,0.0,0.0,0.0,0.0
313,2,2.3.0,0,19,0,0,2,2,2,2,0,0,0,0,0,0,1,2,2.0,1.0,5.0,3.0,3.0,2.8284271247461903,8.0,4.0,0.0,0.0,0.0,0.0,0.0,0.0,0.0,1.0,1.0,1.0,1.0,0.0,0.0,0.0,4.0,5.0,4.5,4.5,0.7071067811865476,0.5,1.0,0.0,0.0,0.0,0.0,0.0,0.0,0.0,0.0,0.0,0.0,0.0,0.0,0.0,0.0,7.0,11.0,9.0,9.0,2.8284271247461903,8.0,4.0,0.0,0.0,0.0,0.0,0.0,0.0,0.0,0.0,0.0,0.0,0.0,0.0,0.0,0.0,0.0,0.0,1.0,0.0,2.0,0.0,0.0,0.0,0.0,0.0,2.0,0.0,1.0,0.0,0.0,0.0,0.0,0.0
313,168,MCI 2.7.2,-2,17,0,0,2,2,0,0,1,1,1,1,0,0,1,1,2.0,0.0,0.0,0.0,0.0,0.0,0.0,0.0,0.0,0.0,0.0,0.0,0.0,0.0,0.0,0.0,1.0,0.5,0.5,0.7071067811865476,0.5,1.0,0.0,0.0,0.0,0.0,0.0,0.0,0.0,0.0,0.0,0.0,0.0,0.0,0.0,0.0,0.0,0.0,0.0,0.0,0.0,0.0,0.0,0.0,0.0,0.0,0.0,0.0,0.0,0.0,0.0,0.0,0.0,0.0,0.0,0.0,0.0,0.0,0.0,0.0,0.0,0.0,0.0,0.0,0.0,0.0,0.0,0.0,2.0,0.0,0.0,0.0,0.0,0.0,2.0,0.0,2.0,0.0,0.0,0.0,0.0,0.0
313,190,MCI 2.7.3,-4,18,4,4,0,0,0,0,4,4,0,0,0,0,1,1,4.0,0.0,0.0,0.0,0.0,0.0,0.0,0.0,0.0,0.0,0.0,0.0,0.0,0.0,0.0,0.0,1.0,0.75,1.0,0.5,0.25,1.0,0.0,0.0,0.0,0.0,0.0,0.0,0.0,0.0,0.0,0.0,0.0,0.0,0.0,0.0,0.0,0.0,0.0,0.0,0.0,0.0,0.0,0.0,0.0,0.0,0.0,0.0,0.0,0.0,0.0,0.0,0.0,0.0,0.0,0.0,0.0,0.0,0.0,0.0,0.0,0.0,0.0,0.0,1.0,0.0,0.0,0.0,4.0,0.0,0.0,0.0,0.0,0.0,4.0,0.0,3.0,0.0,0.0,0.0,0.0,0.0
313,222,MCI 2.7.4,-3,18,4,4,0,0,0,0,2,2,1,1,1,1,1,1,5.0,0.0,2.0,1.0,1.0,0.7071067811865476,0.5,2.0,0.0,0.0,0.0,0.0,0.0,0.0,0.0,0.0,1.0,0.8,1.0,0.44721359549995804,0.20000000000000007,1.0,0.0,0.0,0.0,0.0,0.0,0.0,0.0,0.0,0.0,0.0,0.0,0.0,0.0,0.0,0.0,0.0,0.0,0.0,0.0,0.0,0.0,0.0,0.0,0.0,0.0,0.0,0.0,0.0,0.0,0.0,0.0,0.0,0.0,0.0,0.0,0.0,0.0,0.0,0.0,0.0,0.0,0.0,0.0,0.0,0.0,1.0,5.0,0.0,0.0,0.0,0.0,0.0,5.0,0.0,4.0,0.0,0.0,0.0,0.0,0.0
313,246,MCI 2.7.5,-3,18,4,4,0,0,0,0,4,4,0,0,0,0,1,2,5.0,0.0,2.0,1.2,1.0,0.8366600265340756,0.7000000000000001,2.0,0.0,0.0,0.0,0.0,0.0,0.0,0.0,0.0,1.0,0.8,1.0,0.44721359549995804,0.20000000000000007,1.0,0.0,1.0,0.2,0.0,0.44721359549995804,0.20000000000000007,1.0,0.0,0.0,0.0,0.0,0.0,0.0,0.0,0.0,0.0,0.0,0.0,0.0,0.0,0.0,0.0,0.0,0.0,0.0,0.0,0.0,0.0,0.0,0.0,0.0,0.0,0.0,0.0,0.0,0.0,0.0,0.0,0.0,0.0,0.0,0.0,0.0,0.0,0.0,1.0,5.0,0.0,0.0,0.0,0.0,0.0,5.0,0.0,4.0,0.0,0.0,0.0,0.0,0.0
313,250,MCI 2.7.6,-3,14,3,3,0,0,0,0,3,3,0,0,0,0,1,1,3.0,0.0,1.0,0.6666666666666666,1.0,0.5773502691896258,0.33333333333333337,1.0,0.0,0.0,0.0,0.0,0.0,0.0,0.0,0.0,1.0,0.6666666666666666,1.0,0.5773502691896258,0.33333333333333337,1.0,0.0,1.0,0.3333333333333333,0.0,0.5773502691896258,0.33333333333333337,1.0,0.0,0.0,0.0,0.0,0.0,0.0,0.0,0.0,0.0,0.0,0.0,0.0,0.0,0.0,0.0,0.0,0.0,0.0,0.0,0.0,0.0,0.0,0.0,0.0,0.0,0.0,0.0,0.0,0.0,0.0,0.0,0.0,0.0,0.0,0.0,0.0,0.0,0.0,0.0,3.0,0.0,0.0,0.0,0.0,0.0,3.0,0.0,3.0,0.0,0.0,0.0,0.0,0.0
313,283,MCI 2.7.7,-4,17,8,8,1,1,0,0,6,6,3,3,0,0,1,5,16.0,0.0,1.0,0.3125,0.0,0.47871355387816905,0.22916666666666666,1.0,0.0,0.0,0.0,0.0,0.0,0.0,0.0,0.0,1.0,0.875,1.0,0.3415650255319866,0.11666666666666667,1.0,0.0,2.0,0.375,0.0,0.7187952884282609,0.5166666666666667,2.0,0.0,0.0,0.0,0.0,0.0,0.0,0.0,0.0,0.0,0.0,0.0,0.0,0.0,0.0,0.0,0.0,0.0,0.0,0.0,0.0,0.0,0.0,0.0,0.0,0.0,0.0,0.0,0.0,0.0,1.0,0.1875,0.0,0.4031128874149275,0.1625,1.0,2.0,3.0,1.0,0.0,16.0,0.0,0.0,0.0,0.0,1.0,15.0,0.0,10.0,0.0,0.0,0.0,0.0,0.0
313,290,MCI 2.7.8,14,18,19,19,1,1,6,6,14,14,0,0,0,0,1,5,49.0,0.0,4.0,0.6122448979591837,0.0,1.1513818967262093,1.3256802721088434,4.0,0.0,1.0,0.061224489795918366,0.0,0.24222607082590245,0.05867346938775511,1.0,0.0,1.0,0.8367346938775511,1.0,0.3734377890799553,0.13945578231292519,1.0,0.0,5.0,0.32653061224489793,0.0,0.9216777071831386,0.8494897959183673,5.0,0.0,0.0,0.0,0.0,0.0,0.0,0.0,0.0,0.0,0.0,0.0,0.0,0.0,0.0,0.0,3.0,0.1836734693877551,0.0,0.7266782124777073,0.5280612244897959,3.0,0.0,0.0,0.0,0.0,0.0,0.0,0.0,0.0,5.0,0.46938775510204084,0.0,0.8684766552304513,0.754251700680272,5.0,19.0,7.0,3.0,4.0,45.0,3.0,0.0,1.0,0.0,8.0,41.0,0.0,16.0,0.0,0.0,0.0,0.0,0.0
313,307,MCI 2.8.0-RC0,-6,43,18,18,2,2,0,0,7,7,3,3,10,10,1,7,21.0,0.0,8.0,0.7619047619047619,0.0,1.7579750255553095,3.090476190476191,8.0,0.0,1.0,0.14285714285714285,0.0,0.35856858280031817,0.12857142857142861,1.0,0.0,1.0,0.6190476190476191,1.0,0.49761335152811925,0.24761904761904757,1.0,0.0,3.0,0.6666666666666666,0.0,1.0645812948447542,1.1333333333333333,3.0,0.0,0.0,0.0,0.0,0.0,0.0,0.0,0.0,0.0,0.0,0.0,0.0,0.0,0.0,0.0,3.0,0.14285714285714285,0.0,0.6546536707079772,0.4285714285714287,3.0,0.0,1.0,0.047619047619047616,0.0,0.21821789023599236,0.047619047619047616,1.0,0.0,2.0,0.5238095238095238,0.0,0.6015852075182383,0.36190476190476184,2.0,7.0,5.0,1.0,0.0,14.0,3.0,3.0,1.0,0.0,3.0,18.0,0.0,8.0,0.0,0.0,0.0,0.0,0.0
313,360,2014 Last MCI Iteration,-3,20,6,6,27,27,0,0,9,9,4,4,20,20,1,6,42.0,0.0,5.0,1.1428571428571428,1.0,1.2796994420647787,1.6376306620209058,5.0,0.0,1.0,0.47619047619047616,0.0,0.5054867366041313,0.2555168408826945,1.0,0.0,1.0,0.8571428571428571,1.0,0.3541688016605732,0.1254355400696864,1.0,0.0,2.0,0.30952380952380953,0.0,0.5625766175720354,0.3164924506387921,2.0,0.0,0.0,0.0,0.0,0.0,0.0,0.0,0.0,0.0,0.0,0.0,0.0,0.0,0.0,0.0,6.0,0.9761904761904762,1.0,1.3702073056274695,1.8774680603948894,6.0,0.0,0.0,0.0,0.0,0.0,0.0,0.0,0.0,3.0,0.40476190476190477,0.0,0.664776647234602,0.44192799070847844,3.0,9.0,2.0,12.0,2.0,37.0,3.0,2.0,0.0,0.0,14.0,28.0,0.0,17.0,0.0,0.0,0.0,0.0,0.0
313,361,2015-01 Iteration,7,23,9,9,1,1,0,0,10,10,0,0,0,0,1,7,22.0,0.0,9.0,2.0454545454545454,2.0,2.1039027844477336,4.426406926406926,9.0,0.0,2.0,0.6363636363636364,1.0,0.5810872031479765,0.3376623376623376,2.0,0.0,1.0,0.9545454545454546,1.0,0.21320071635561047,0.04545454545454547,1.0,0.0,3.0,0.4090909090909091,0.0,0.7963662060880875,0.6341991341991342,3.0,0.0,0.0,0.0,0.0,0.0,0.0,0.0,0.0,0.0,0.0,0.0,0.0,0.0,0.0,0.0,5.0,1.3636363636363635,1.0,1.528941574312877,2.3376623376623384,5.0,0.0,0.0,0.0,0.0,0.0,0.0,0.0,0.0,13.0,1.0454545454545454,0.0,2.853189906173903,8.140692640692645,13.0,5.0,1.0,8.0,2.0,19.0,2.0,1.0,0.0,0.0,9.0,13.0,0.0,6.0,0.0,0.0,0.0,0.0,0.0
313,413,Iteration 0,-2,21,8,8,1,1,0,0,4,4,0,0,5,5,1,5,11.0,0.0,14.0,2.1818181818181817,1.0,4.190899230909324,17.563636363636363,14.0,0.0,1.0,0.36363636363636365,0.0,0.504524979109513,0.2545454545454545,1.0,0.0,2.0,0.7272727272727273,1.0,0.6466697906828633,0.41818181818181827,2.0,0.0,3.0,0.45454545454545453,0.0,1.0357254813546264,1.0727272727272723,3.0,0.0,0.0,0.0,0.0,0.0,0.0,0.0,0.0,0.0,0.0,0.0,0.0,0.0,0.0,0.0,7.0,1.1818181818181819,0.0,2.1362669223756576,4.5636363636363635,7.0,0.0,1.0,0.09090909090909091,0.0,0.30151134457776363,0.0909090909090909,1.0,0.0,1.0,0.45454545454545453,0.0,0.5222329678670934,0.27272727272727265,1.0,1.0,1.0,5.0,0.0,9.0,0.0,1.0,0.0,1.0,6.0,5.0,0.0,4.0,0.0,0.0,0.0,0.0,0.0
313,432,Iteration 3.1.0,3,16,4,4,2,2,0,0,5,5,0,0,1,1,1,4,12.0,0.0,6.0,1.25,0.0,2.3011854652449344,5.295454545454546,6.0,0.0,1.0,0.3333333333333333,0.0,0.49236596391733095,0.24242424242424246,1.0,0.0,2.0,0.9166666666666666,1.0,0.7929614610987591,0.6287878787878789,2.0,0.0,3.0,0.4166666666666667,0.0,0.9962049198956219,0.9924242424242423,3.0,0.0,0.0,0.0,0.0,0.0,0.0,0.0,0.0,0.0,0.0,0.0,0.0,0.0,0.0,0.0,7.0,0.8333333333333334,0.0,1.9924098397912435,3.969696969696969,7.0,0.0,1.0,0.08333333333333333,0.0,0.28867513459481287,0.08333333333333331,1.0,0.0,1.0,0.25,0.0,0.45226701686664544,0.20454545454545456,1.0,2.0,2.0,4.0,0.0,9.0,2.0,1.0,0.0,0.0,6.0,6.0,0.0,4.0,0.0,0.0,0.0,0.0,0.0
313,462,Kernel Tools Iteration 3.1.1,-2,21,14,14,2,2,1,1,8,8,5,5,2,2,1,6,19.0,0.0,6.0,1.0526315789473684,0.0,1.7786912857655992,3.16374269005848,6.0,0.0,3.0,0.631578947368421,0.0,0.8306975860878397,0.6900584795321638,3.0,1.0,2.0,1.2105263157894737,1.0,0.41885390829169555,0.1754385964912281,1.0,0.0,5.0,0.5263157894736842,0.0,1.3485968449808852,1.8187134502923976,5.0,0.0,0.0,0.0,0.0,0.0,0.0,0.0,0.0,0.0,0.0,0.0,0.0,0.0,0.0,0.0,17.0,1.4736842105263157,0.0,4.101062478223466,16.818713450292396,17.0,0.0,1.0,0.10526315789473684,0.0,0.3153017676423058,0.09941520467836257,1.0,0.0,3.0,0.3684210526315789,0.0,0.7608859102526822,0.5789473684210527,3.0,2.0,5.0,9.0,0.0,14.0,3.0,2.0,0.0,0.0,6.0,13.0,0.0,3.0,0.0,0.0,0.0,0.0,0.0
313,489,Kernel Tools Iteration 3.1.2,-2,21,7,7,0,0,0,0,6,6,1,1,0,0,1,4,12.0,0.0,11.0,1.3333333333333333,0.0,3.2566947363946475,10.606060606060602,11.0,0.0,1.0,0.4166666666666667,0.0,0.5149286505444373,0.26515151515151514,1.0,0.0,2.0,1.1666666666666667,1.0,0.5773502691896257,0.3333333333333333,2.0,0.0,2.0,0.3333333333333333,0.0,0.6513389472789296,0.42424242424242425,2.0,0.0,0.0,0.0,0.0,0.0,0.0,0.0,0.0,0.0,0.0,0.0,0.0,0.0,0.0,0.0,9.0,2.4166666666666665,3.0,2.466441431158124,6.083333333333334,9.0,0.0,0.0,0.0,0.0,0.0,0.0,0.0,0.0,1.0,0.08333333333333333,0.0,0.28867513459481287,0.08333333333333331,1.0,0.0,5.0,6.0,0.0,11.0,1.0,0.0,0.0,0.0,4.0,8.0,0.0,1.0,0.0,0.0,0.0,0.0,0.0
313,509,Kernel Tools Iteration 3,-6,21,9,9,0,0,0,0,9,9,0,0,0,0,1,4,10.0,0.0,13.0,1.7,0.5,4.001388647846034,16.011111111111113,13.0,0.0,1.0,0.3,0.0,0.48304589153964794,0.23333333333333334,1.0,1.0,2.0,1.1,1.0,0.31622776601683794,0.09999999999999999,1.0,0.0,2.0,0.2,0.0,0.6324555320336759,0.4000000000000001,2.0,0.0,0.0,0.0,0.0,0.0,0.0,0.0,0.0,0.0,0.0,0.0,0.0,0.0,0.0,1.0,13.0,3.8,3.0,3.675746333890726,13.511111111111111,12.0,0.0,0.0,0.0,0.0,0.0,0.0,0.0,0.0,1.0,0.1,0.0,0.31622776601683794,0.10000000000000002,1.0,0.0,6.0,4.0,0.0,10.0,0.0,0.0,0.0,0.0,2.0,8.0,0.0,0.0,0.0,0.0,0.0,0.0,0.0
313,519,Kernel Tools Iteration 4,2,18,19,19,2,2,0,0,4,4,4,4,13,13,1,5,26.0,0.0,12.0,1.6153846153846154,1.0,2.593482956595984,6.7261538461538475,12.0,0.0,2.0,0.34615384615384615,0.0,0.6287961636211017,0.39538461538461533,2.0,0.0,2.0,1.0384615384615385,1.0,0.44549022263293103,0.19846153846153844,2.0,0.0,3.0,0.5,0.0,0.812403840463596,0.66,3.0,0.0,0.0,0.0,0.0,0.0,0.0,0.0,0.0,0.0,0.0,0.0,0.0,0.0,0.0,0.0,9.0,2.576923076923077,1.5,2.6103344907973294,6.813846153846153,9.0,0.0,0.0,0.0,0.0,0.0,0.0,0.0,0.0,2.0,0.15384615384615385,0.0,0.46409548089225716,0.21538461538461542,2.0,1.0,10.0,8.0,0.0,25.0,1.0,0.0,0.0,0.0,6.0,20.0,0.0,7.0,0.0,0.0,0.0,0.0,0.0
313,555,Kernel Tools Iteration 5,-1,18,6,6,4,4,0,0,3,3,4,4,3,3,1,4,12.0,0.0,10.0,1.5,0.0,2.9387690682262932,8.636363636363637,10.0,0.0,2.0,0.4166666666666667,0.0,0.6685579234215214,0.44696969696969685,2.0,0.0,2.0,1.0,1.0,0.6030226891555273,0.36363636363636365,2.0,0.0,3.0,0.6666666666666666,0.5,0.8876253645985945,0.787878787878788,3.0,0.0,0.0,0.0,0.0,0.0,0.0,0.0,0.0,0.0,0.0,0.0,0.0,0.0,0.0,0.0,7.0,2.3333333333333335,1.5,2.1461734799546393,4.6060606060606055,7.0,0.0,0.0,0.0,0.0,0.0,0.0,0.0,0.0,1.0,0.08333333333333333,0.0,0.28867513459481287,0.08333333333333331,1.0,3.0,2.0,4.0,0.0,10.0,0.0,1.0,0.0,1.0,3.0,9.0,0.0,2.0,0.0,0.0,0.0,0.0,1.0
313,596,Kernel Tools Iteration 6,-2,21,6,6,1,1,0,0,3,3,1,1,3,3,1,6,10.0,0.0,7.0,1.7,0.0,2.869378562220979,8.233333333333333,7.0,0.0,2.0,0.8,0.5,0.9189365834726815,0.8444444444444446,2.0,1.0,2.0,1.1,1.0,0.31622776601683794,0.09999999999999999,1.0,0.0,1.0,0.2,0.0,0.42163702135578396,0.17777777777777784,1.0,0.0,0.0,0.0,0.0,0.0,0.0,0.0,0.0,0.0,0.0,0.0,0.0,0.0,0.0,0.0,5.0,1.6,1.0,1.6465452046971294,2.7111111111111117,5.0,0.0,1.0,0.1,0.0,0.31622776601683794,0.10000000000000002,1.0,0.0,6.0,1.2,0.0,1.9888578520235063,3.955555555555555,6.0,2.0,3.0,3.0,0.0,5.0,2.0,3.0,0.0,0.0,3.0,7.0,0.0,2.0,0.0,0.0,0.0,0.0,0.0
313,636,Kernel Tools Iteration 7,1,15,11,11,0,0,0,0,5,5,1,1,5,5,1,5,15.0,0.0,11.0,2.1333333333333333,1.0,3.2041639575194445,10.266666666666667,11.0,0.0,2.0,0.4666666666666667,0.0,0.833809387832792,0.6952380952380953,2.0,0.0,2.0,1.0,1.0,0.3779644730092272,0.14285714285714285,2.0,0.0,1.0,0.06666666666666667,0.0,0.25819888974716115,0.06666666666666668,1.0,0.0,0.0,0.0,0.0,0.0,0.0,0.0,0.0,0.0,0.0,0.0,0.0,0.0,0.0,0.0,7.0,1.7333333333333334,1.0,1.8695555876298768,3.4952380952380944,7.0,0.0,1.0,0.13333333333333333,0.0,0.35186577527449836,0.12380952380952379,1.0,0.0,6.0,0.5333333333333333,0.0,1.5976172734359608,2.5523809523809535,6.0,1.0,5.0,6.0,0.0,12.0,2.0,1.0,0.0,0.0,6.0,9.0,0.0,3.0,0.0,0.0,0.0,0.0,0.0
322,169,BUILD 2.7.2,-1,17,1,1,0,0,0,0,1,1,0,0,0,0,1,2,1.0,0.0,0.0,0.0,0.0,0.0,0.0,0.0,0.0,0.0,0.0,0.0,0.0,0.0,0.0,2.0,2.0,2.0,2.0,0.0,0.0,0.0,3.0,3.0,3.0,3.0,0.0,0.0,0.0,0.0,0.0,0.0,0.0,0.0,0.0,0.0,0.0,0.0,0.0,0.0,0.0,0.0,0.0,3.0,3.0,3.0,3.0,0.0,0.0,0.0,0.0,0.0,0.0,0.0,0.0,0.0,0.0,1.0,1.0,1.0,1.0,0.0,0.0,0.0,1.0,0.0,0.0,0.0,1.0,0.0,0.0,0.0,0.0,0.0,1.0,0.0,0.0,0.0,0.0,0.0,0.0,0.0
322,175,Server 2.7.3,0,18,0,0,0,0,0,0,0,0,0,0,0,0,1,2,1.0,3.0,3.0,3.0,3.0,0.0,0.0,0.0,0.0,0.0,0.0,0.0,0.0,0.0,0.0,2.0,2.0,2.0,2.0,0.0,0.0,0.0,1.0,1.0,1.0,1.0,0.0,0.0,0.0,0.0,0.0,0.0,0.0,0.0,0.0,0.0,0.0,0.0,0.0,0.0,0.0,0.0,0.0,2.0,2.0,2.0,2.0,0.0,0.0,0.0,0.0,0.0,0.0,0.0,0.0,0.0,0.0,0.0,0.0,0.0,0.0,0.0,0.0,0.0,0.0,0.0,0.0,1.0,1.0,0.0,0.0,0.0,0.0,0.0,1.0,0.0,0.0,0.0,0.0,0.0,0.0,0.0
322,303,Query 2.7.8,-1,18,1,1,0,0,0,0,0,0,1,1,0,0,1,2,19.0,0.0,11.0,1.8421052631578947,1.0,2.386609819963988,5.695906432748539,11.0,0.0,0.0,0.0,0.0,0.0,0.0,0.0,0.0,1.0,0.8947368421052632,1.0,0.3153017676423058,0.09941520467836257,1.0,0.0,10.0,1.105263157894737,0.0,2.3308257202141256,5.432748538011697,10.0,0.0,0.0,0.0,0.0,0.0,0.0,0.0,0.0,0.0,0.0,0.0,0.0,0.0,0.0,0.0,9.0,2.473684210526316,2.0,2.6534761488497725,7.040935672514619,9.0,0.0,1.0,0.05263157894736842,0.0,0.22941573387056177,0.052631578947368425,1.0,0.0,2.0,0.631578947368421,0.0,0.8306975860878396,0.6900584795321637,2.0,0.0,0.0,0.0,18.0,19.0,0.0,0.0,0.0,0.0,4.0,15.0,0.0,0.0,1.0,0.0,0.0,0.0,0.0
322,313,Platform 0 3/13/15,0,18,1,1,0,0,1,1,0,0,0,0,0,0,1,1,3.0,0.0,1.0,0.3333333333333333,0.0,0.5773502691896258,0.33333333333333337,1.0,0.0,1.0,0.3333333333333333,0.0,0.5773502691896258,0.33333333333333337,1.0,1.0,1.0,1.0,1.0,0.0,0.0,0.0,0.0,3.0,1.6666666666666667,2.0,1.5275252316519468,2.3333333333333335,3.0,0.0,0.0,0.0,0.0,0.0,0.0,0.0,0.0,0.0,0.0,0.0,0.0,0.0,0.0,0.0,4.0,1.6666666666666667,1.0,2.0816659994661326,4.333333333333333,4.0,0.0,0.0,0.0,0.0,0.0,0.0,0.0,0.0,0.0,0.0,0.0,0.0,0.0,0.0,1.0,0.0,0.0,2.0,3.0,0.0,0.0,0.0,0.0,0.0,3.0,0.0,0.0,0.0,0.0,0.0,0.0,0.0
322,346,BUILD 1,-1,32,1,1,0,0,0,0,1,1,0,0,0,0,1,1,1.0,0.0,0.0,0.0,0.0,0.0,0.0,0.0,0.0,0.0,0.0,0.0,0.0,0.0,0.0,1.0,1.0,1.0,1.0,0.0,0.0,0.0,3.0,3.0,3.0,3.0,0.0,0.0,0.0,0.0,0.0,0.0,0.0,0.0,0.0,0.0,0.0,0.0,0.0,0.0,0.0,0.0,0.0,0.0,0.0,0.0,0.0,0.0,0.0,0.0,0.0,0.0,0.0,0.0,0.0,0.0,0.0,0.0,0.0,0.0,0.0,0.0,0.0,0.0,1.0,0.0,0.0,0.0,1.0,0.0,0.0,0.0,0.0,0.0,1.0,0.0,0.0,0.0,0.0,0.0,0.0,0.0
322,403,BUILD 00 2/20/15,-1,18,1,1,0,0,0,0,1,1,0,0,0,0,1,1,1.0,0.0,0.0,0.0,0.0,0.0,0.0,0.0,0.0,0.0,0.0,0.0,0.0,0.0,0.0,1.0,1.0,1.0,1.0,0.0,0.0,0.0,3.0,3.0,3.0,3.0,0.0,0.0,0.0,0.0,0.0,0.0,0.0,0.0,0.0,0.0,0.0,0.0,0.0,0.0,0.0,0.0,0.0,0.0,0.0,0.0,0.0,0.0,0.0,0.0,0.0,0.0,0.0,0.0,0.0,0.0,0.0,0.0,0.0,0.0,0.0,0.0,0.0,0.0,1.0,0.0,0.0,0.0,1.0,0.0,0.0,0.0,0.0,0.0,1.0,0.0,0.0,0.0,0.0,0.0,0.0,0.0
322,411,RPL 0 3/13/15,0,35,1,1,0,0,1,1,0,0,0,0,0,0,1,3,2.0,0.0,4.0,2.0,2.0,2.8284271247461903,8.0,4.0,0.0,0.0,0.0,0.0,0.0,0.0,0.0,0.0,1.0,0.5,0.5,0.7071067811865476,0.5,1.0,1.0,3.0,2.0,2.0,1.4142135623730951,2.0,2.0,0.0,0.0,0.0,0.0,0.0,0.0,0.0,0.0,0.0,0.0,0.0,0.0,0.0,0.0,0.0,6.0,3.0,3.0,4.242640687119285,18.0,6.0,0.0,0.0,0.0,0.0,0.0,0.0,0.0,0.0,3.0,1.5,1.5,2.1213203435596424,4.5,3.0,1.0,0.0,1.0,0.0,2.0,0.0,0.0,0.0,0.0,1.0,1.0,0.0,0.0,0.0,0.0,0.0,0.0,0.0
322,426,BUILD 0 3/13/15,-1,18,0,0,1,1,0,0,1,1,0,0,0,0,1,1,1.0,0.0,0.0,0.0,0.0,0.0,0.0,0.0,0.0,0.0,0.0,0.0,0.0,0.0,0.0,1.0,1.0,1.0,1.0,0.0,0.0,0.0,3.0,3.0,3.0,3.0,0.0,0.0,0.0,0.0,0.0,0.0,0.0,0.0,0.0,0.0,0.0,0.0,0.0,0.0,0.0,0.0,0.0,0.0,0.0,0.0,0.0,0.0,0.0,0.0,0.0,0.0,0.0,0.0,0.0,0.0,0.0,0.0,0.0,0.0,0.0,0.0,0.0,0.0,1.0,0.0,0.0,0.0,1.0,0.0,0.0,0.0,0.0,0.0,1.0,0.0,0.0,0.0,0.0,0.0,0.0,0.0
322,453,BUILD 1 04/03/15,-1,18,1,1,0,0,0,0,1,1,0,0,0,0,1,1,1.0,0.0,0.0,0.0,0.0,0.0,0.0,0.0,0.0,0.0,0.0,0.0,0.0,0.0,0.0,1.0,1.0,1.0,1.0,0.0,0.0,0.0,3.0,3.0,3.0,3.0,0.0,0.0,0.0,0.0,0.0,0.0,0.0,0.0,0.0,0.0,0.0,0.0,0.0,0.0,0.0,0.0,0.0,0.0,0.0,0.0,0.0,0.0,0.0,0.0,0.0,0.0,0.0,0.0,0.0,0.0,0.0,0.0,0.0,0.0,0.0,0.0,0.0,0.0,1.0,0.0,0.0,0.0,1.0,0.0,0.0,0.0,0.0,0.0,1.0,0.0,0.0,0.0,0.0,0.0,0.0,0.0
322,457,RPL 1 04/03/15,0,18,0,0,1,1,1,1,0,0,0,0,0,0,1,1,1.0,1.0,1.0,1.0,1.0,0.0,0.0,0.0,0.0,0.0,0.0,0.0,0.0,0.0,0.0,0.0,0.0,0.0,0.0,0.0,0.0,0.0,1.0,1.0,1.0,1.0,0.0,0.0,0.0,0.0,0.0,0.0,0.0,0.0,0.0,0.0,0.0,0.0,0.0,0.0,0.0,0.0,0.0,2.0,2.0,2.0,2.0,0.0,0.0,0.0,0.0,0.0,0.0,0.0,0.0,0.0,0.0,0.0,0.0,0.0,0.0,0.0,0.0,0.0,0.0,0.0,1.0,0.0,1.0,0.0,0.0,0.0,0.0,0.0,1.0,0.0,0.0,0.0,0.0,0.0,0.0,0.0
322,470,Quint Iteration 3.1.2,-2,21,2,2,0,0,0,0,2,2,0,0,0,0,1,3,6.0,0.0,1.0,0.16666666666666666,0.0,0.408248290463863,0.16666666666666669,1.0,0.0,0.0,0.0,0.0,0.0,0.0,0.0,1.0,1.0,1.0,1.0,0.0,0.0,0.0,0.0,2.0,0.6666666666666666,0.0,1.0327955589886446,1.0666666666666669,2.0,0.0,0.0,0.0,0.0,0.0,0.0,0.0,0.0,0.0,0.0,0.0,0.0,0.0,0.0,0.0,16.0,2.6666666666666665,0.0,6.531972647421808,42.66666666666667,16.0,0.0,0.0,0.0,0.0,0.0,0.0,0.0,0.0,0.0,0.0,0.0,0.0,0.0,0.0,1.0,1.0,0.0,4.0,6.0,0.0,0.0,0.0,0.0,4.0,2.0,0.0,0.0,0.0,0.0,0.0,0.0,0.0
322,475,Sharding 2 04/24/15,-2,18,0,0,2,2,0,0,2,2,0,0,0,0,1,4,10.0,0.0,1.0,0.8,1.0,0.4216370213557839,0.17777777777777778,1.0,0.0,1.0,0.3,0.0,0.48304589153964794,0.23333333333333334,1.0,0.0,1.0,0.9,1.0,0.31622776601683794,0.10000000000000002,1.0,0.0,2.0,0.4,0.0,0.6992058987801011,0.48888888888888904,2.0,0.0,0.0,0.0,0.0,0.0,0.0,0.0,0.0,0.0,0.0,0.0,0.0,0.0,0.0,0.0,4.0,1.5,1.0,1.1785113019775793,1.3888888888888888,4.0,0.0,0.0,0.0,0.0,0.0,0.0,0.0,0.0,6.0,1.3,0.0,2.057506581601462,4.233333333333333,6.0,1.0,0.0,2.0,7.0,10.0,0.0,0.0,0.0,0.0,8.0,2.0,0.0,0.0,0.0,0.0,0.0,0.0,0.0
322,476,Platform 2 04/24/15,-2,18,2,2,0,0,0,0,2,2,0,0,0,0,1,5,4.0,0.0,4.0,2.0,2.0,1.8257418583505538,3.3333333333333335,4.0,0.0,1.0,0.75,1.0,0.5,0.25,1.0,1.0,1.0,1.0,1.0,0.0,0.0,0.0,0.0,2.0,0.75,0.5,0.9574271077563381,0.9166666666666666,2.0,0.0,0.0,0.0,0.0,0.0,0.0,0.0,0.0,0.0,0.0,0.0,0.0,0.0,0.0,1.0,5.0,2.75,2.5,2.0615528128088303,4.25,4.0,0.0,0.0,0.0,0.0,0.0,0.0,0.0,0.0,3.0,1.0,0.5,1.4142135623730951,2.0,3.0,1.0,0.0,1.0,2.0,4.0,0.0,0.0,0.0,0.0,1.0,3.0,0.0,0.0,0.0,0.0,0.0,0.0,0.0
322,477,BUILD 2 04/24/15,-2,18,2,2,0,0,0,0,2,2,0,0,0,0,1,3,2.0,0.0,8.0,4.0,4.0,5.656854249492381,32.0,8.0,0.0,0.0,0.0,0.0,0.0,0.0,0.0,1.0,2.0,1.5,1.5,0.7071067811865476,0.5,1.0,3.0,3.0,3.0,3.0,0.0,0.0,0.0,0.0,0.0,0.0,0.0,0.0,0.0,0.0,0.0,0.0,0.0,0.0,0.0,0.0,0.0,0.0,3.0,1.5,1.5,2.1213203435596424,4.5,3.0,0.0,0.0,0.0,0.0,0.0,0.0,0.0,0.0,1.0,0.5,0.5,0.7071067811865476,0.5,1.0,2.0,0.0,0.0,0.0,2.0,0.0,0.0,0.0,0.0,0.0,2.0,0.0,0.0,0.0,0.0,0.0,0.0,0.0
322,490,Quint Iteration 3,-2,21,2,2,0,0,0,0,2,2,0,0,0,0,1,2,19.0,0.0,1.0,0.05263157894736842,0.0,0.22941573387056177,0.05263157894736842,1.0,0.0,1.0,0.15789473684210525,0.0,0.37463432463267754,0.14035087719298242,1.0,0.0,1.0,0.8947368421052632,1.0,0.3153017676423058,0.09941520467836257,1.0,0.0,3.0,0.5263157894736842,0.0,0.8411910241920599,0.7076023391812867,3.0,0.0,0.0,0.0,0.0,0.0,0.0,0.0,0.0,0.0,0.0,0.0,0.0,0.0,0.0,0.0,18.0,1.0526315789473684,0.0,4.129483209670111,17.05263157894736,18.0,0.0,0.0,0.0,0.0,0.0,0.0,0.0,0.0,1.0,0.10526315789473684,0.0,0.3153017676423058,0.09941520467836257,1.0,2.0,0.0,0.0,17.0,19.0,0.0,0.0,0.0,0.0,7.0,12.0,0.0,0.0,0.0,0.0,0.0,0.0,0.0
322,500,Sharding 3 05/15/15,-3,17,3,3,0,0,0,0,3,3,0,0,0,0,1,4,10.0,0.0,1.0,0.8,1.0,0.4216370213557839,0.17777777777777778,1.0,0.0,1.0,0.3,0.0,0.48304589153964794,0.23333333333333334,1.0,0.0,1.0,0.9,1.0,0.31622776601683794,0.10000000000000002,1.0,0.0,2.0,0.4,0.0,0.6992058987801011,0.48888888888888904,2.0,0.0,0.0,0.0,0.0,0.0,0.0,0.0,0.0,0.0,0.0,0.0,0.0,0.0,0.0,1.0,5.0,2.1,1.5,1.449137674618944,2.1,4.0,0.0,0.0,0.0,0.0,0.0,0.0,0.0,0.0,6.0,1.3,0.0,2.057506581601462,4.233333333333333,6.0,1.0,0.0,2.0,7.0,10.0,0.0,0.0,0.0,0.0,8.0,2.0,0.0,0.0,0.0,0.0,0.0,0.0,0.0
322,501,Platform 3 05/15/15,0,18,1,1,0,0,1,1,0,0,0,0,0,0,1,5,1.0,4.0,4.0,4.0,4.0,0.0,0.0,0.0,1.0,1.0,1.0,1.0,0.0,0.0,0.0,1.0,1.0,1.0,1.0,0.0,0.0,0.0,0.0,0.0,0.0,0.0,0.0,0.0,0.0,0.0,0.0,0.0,0.0,0.0,0.0,0.0,0.0,0.0,0.0,0.0,0.0,0.0,0.0,7.0,7.0,7.0,7.0,0.0,0.0,0.0,0.0,0.0,0.0,0.0,0.0,0.0,0.0,3.0,3.0,3.0,3.0,0.0,0.0,0.0,0.0,0.0,1.0,0.0,1.0,0.0,0.0,0.0,0.0,1.0,0.0,0.0,0.0,0.0,0.0,0.0,0.0,0.0
322,502,BUILD 3 05/15/15,0,18,3,3,0,0,3,3,0,0,0,0,0,0,1,3,4.0,0.0,8.0,2.0,0.0,4.0,16.0,8.0,0.0,1.0,0.25,0.0,0.5,0.25,1.0,1.0,2.0,1.25,1.0,0.5,0.25,1.0,0.0,3.0,2.0,2.5,1.4142135623730951,2.0,3.0,0.0,0.0,0.0,0.0,0.0,0.0,0.0,0.0,0.0,0.0,0.0,0.0,0.0,0.0,0.0,3.0,2.0,2.5,1.4142135623730951,2.0,3.0,0.0,0.0,0.0,0.0,0.0,0.0,0.0,0.0,1.0,0.25,0.0,0.5,0.25,1.0,3.0,0.0,0.0,0.0,4.0,0.0,0.0,0.0,0.0,1.0,3.0,0.0,1.0,0.0,0.0,0.0,0.0,0.0
322,518,Quint Iteration 4,-4,18,4,4,0,0,0,0,4,4,0,0,0,0,1,4,19.0,0.0,6.0,0.47368421052631576,0.0,1.3891812557774845,1.9298245614035088,6.0,0.0,1.0,0.05263157894736842,0.0,0.22941573387056177,0.052631578947368425,1.0,0.0,1.0,0.8947368421052632,1.0,0.3153017676423058,0.09941520467836257,1.0,0.0,3.0,0.42105263157894735,0.0,0.837707816583391,0.7017543859649122,3.0,0.0,0.0,0.0,0.0,0.0,0.0,0.0,0.0,0.0,0.0,0.0,0.0,0.0,0.0,0.0,20.0,1.5263157894736843,0.0,4.765249451936518,22.70760233918129,20.0,0.0,0.0,0.0,0.0,0.0,0.0,0.0,0.0,1.0,0.05263157894736842,0.0,0.22941573387056177,0.052631578947368425,1.0,4.0,0.0,0.0,15.0,19.0,0.0,0.0,0.0,0.0,7.0,12.0,0.0,0.0,0.0,0.0,0.0,0.0,0.0
322,536,Quint Iteration 5,-7,20,7,7,0,0,0,0,5,5,2,2,0,0,1,8,23.0,0.0,6.0,0.8695652173913043,0.0,1.4864340436117256,2.2094861660079053,6.0,0.0,1.0,0.13043478260869565,0.0,0.34435022157509093,0.11857707509881422,1.0,0.0,1.0,0.9130434782608695,1.0,0.2881040655200304,0.08300395256916997,1.0,0.0,6.0,0.9565217391304348,0.0,1.7959110341795184,3.225296442687747,6.0,0.0,0.0,0.0,0.0,0.0,0.0,0.0,0.0,0.0,0.0,0.0,0.0,0.0,0.0,0.0,22.0,2.5652173913043477,0.0,5.133013353475376,26.347826086956523,22.0,0.0,1.0,0.043478260869565216,0.0,0.20851441405707477,0.043478260869565216,1.0,0.0,3.0,0.21739130434782608,0.0,0.6712621584563621,0.4505928853754941,3.0,5.0,1.0,1.0,15.0,22.0,1.0,0.0,0.0,0.0,8.0,15.0,0.0,1.0,0.0,0.0,0.0,0.0,0.0
322,541,BUILD 4 06/05/15,-4,22,0,0,4,4,0,0,3,3,1,1,0,0,1,3,6.0,0.0,9.0,2.3333333333333335,0.0,3.8297084310253524,14.666666666666666,9.0,0.0,1.0,0.16666666666666666,0.0,0.408248290463863,0.16666666666666669,1.0,1.0,2.0,1.1666666666666667,1.0,0.408248290463863,0.16666666666666666,1.0,0.0,3.0,1.3333333333333333,1.0,1.505545305418162,2.2666666666666666,3.0,0.0,0.0,0.0,0.0,0.0,0.0,0.0,0.0,0.0,0.0,0.0,0.0,0.0,0.0,0.0,6.0,2.1666666666666665,2.0,2.3166067138525404,5.366666666666665,6.0,0.0,0.0,0.0,0.0,0.0,0.0,0.0,0.0,1.0,0.3333333333333333,0.0,0.5163977794943223,0.2666666666666667,1.0,3.0,0.0,2.0,0.0,5.0,1.0,0.0,0.0,0.0,2.0,4.0,0.0,1.0,0.0,0.0,0.0,0.0,0.0
322,546,Sharding 4 06/05/15,-3,18,3,3,0,0,0,0,3,3,0,0,0,0,1,3,3.0,0.0,1.0,0.6666666666666666,1.0,0.5773502691896258,0.33333333333333337,1.0,1.0,1.0,1.0,1.0,0.0,0.0,0.0,1.0,1.0,1.0,1.0,0.0,0.0,0.0,0.0,2.0,1.0,1.0,1.0,1.0,2.0,0.0,0.0,0.0,0.0,0.0,0.0,0.0,0.0,0.0,0.0,0.0,0.0,0.0,0.0,3.0,4.0,3.6666666666666665,4.0,0.5773502691896258,0.33333333333333337,1.0,0.0,0.0,0.0,0.0,0.0,0.0,0.0,0.0,6.0,2.3333333333333335,1.0,3.2145502536643185,10.333333333333334,6.0,1.0,0.0,2.0,0.0,3.0,0.0,0.0,0.0,0.0,2.0,1.0,0.0,0.0,0.0,0.0,0.0,0.0,0.0
322,547,RPL 4 06/05/15,-3,18,3,3,0,0,0,0,3,3,0,0,0,0,1,1,3.0,0.0,0.0,0.0,0.0,0.0,0.0,0.0,0.0,1.0,0.3333333333333333,0.0,0.5773502691896258,0.33333333333333337,1.0,1.0,1.0,1.0,1.0,0.0,0.0,0.0,2.0,2.0,2.0,2.0,0.0,0.0,0.0,0.0,0.0,0.0,0.0,0.0,0.0,0.0,0.0,0.0,0.0,0.0,0.0,0.0,0.0,0.0,3.0,1.3333333333333333,1.0,1.5275252316519468,2.3333333333333335,3.0,0.0,0.0,0.0,0.0,0.0,0.0,0.0,0.0,0.0,0.0,0.0,0.0,0.0,0.0,1.0,2.0,0.0,0.0,3.0,0.0,0.0,0.0,0.0,0.0,3.0,0.0,0.0,0.0,0.0,0.0,0.0,0.0
322,548,Platform 4 06/05/15,-1,18,1,1,0,0,0,0,1,1,0,0,0,0,1,1,1.0,0.0,0.0,0.0,0.0,0.0,0.0,0.0,0.0,0.0,0.0,0.0,0.0,0.0,0.0,1.0,1.0,1.0,1.0,0.0,0.0,0.0,4.0,4.0,4.0,4.0,0.0,0.0,0.0,0.0,0.0,0.0,0.0,0.0,0.0,0.0,0.0,0.0,0.0,0.0,0.0,0.0,0.0,1.0,1.0,1.0,1.0,0.0,0.0,0.0,0.0,0.0,0.0,0.0,0.0,0.0,0.0,1.0,1.0,1.0,1.0,0.0,0.0,0.0,1.0,0.0,0.0,0.0,1.0,0.0,0.0,0.0,0.0,1.0,0.0,0.0,0.0,0.0,0.0,0.0,0.0,0.0
322,565,RPL 5 06/26/16,0,18,3,3,0,0,3,3,0,0,0,0,0,0,1,2,3.0,0.0,0.0,0.0,0.0,0.0,0.0,0.0,0.0,1.0,0.3333333333333333,0.0,0.5773502691896258,0.33333333333333337,1.0,1.0,1.0,1.0,1.0,0.0,0.0,0.0,2.0,2.0,2.0,2.0,0.0,0.0,0.0,0.0,0.0,0.0,0.0,0.0,0.0,0.0,0.0,0.0,0.0,0.0,0.0,0.0,0.0,2.0,5.0,3.3333333333333335,3.0,1.5275252316519465,2.333333333333333,3.0,0.0,0.0,0.0,0.0,0.0,0.0,0.0,0.0,0.0,0.0,0.0,0.0,0.0,0.0,1.0,2.0,0.0,0.0,3.0,0.0,0.0,0.0,0.0,0.0,3.0,0.0,0.0,0.0,0.0,0.0,0.0,0.0
322,566,Sharding 5 06/26/16,-3,18,3,3,0,0,0,0,3,3,0,0,0,0,1,3,3.0,0.0,1.0,0.6666666666666666,1.0,0.5773502691896258,0.33333333333333337,1.0,1.0,1.0,1.0,1.0,0.0,0.0,0.0,1.0,1.0,1.0,1.0,0.0,0.0,0.0,0.0,2.0,1.0,1.0,1.0,1.0,2.0,0.0,0.0,0.0,0.0,0.0,0.0,0.0,0.0,0.0,0.0,0.0,0.0,0.0,0.0,3.0,6.0,4.333333333333333,4.0,1.5275252316519465,2.333333333333333,3.0,0.0,0.0,0.0,0.0,0.0,0.0,0.0,0.0,6.0,2.3333333333333335,1.0,3.2145502536643185,10.333333333333334,6.0,1.0,0.0,2.0,0.0,3.0,0.0,0.0,0.0,0.0,2.0,1.0,0.0,0.0,0.0,0.0,0.0,0.0,0.0
322,567,Platform 5 06/26/16,0,18,0,0,0,0,0,0,0,0,0,0,0,0,1,1,0.0,0.0,0.0,0.0,0.0,0.0,0.0,0.0,0.0,0.0,0.0,0.0,0.0,0.0,0.0,0.0,0.0,0.0,0.0,0.0,0.0,0.0,0.0,0.0,0.0,0.0,0.0,0.0,0.0,0.0,0.0,0.0,0.0,0.0,0.0,0.0,0.0,0.0,0.0,0.0,0.0,0.0,0.0,0.0,0.0,0.0,0.0,0.0,0.0,0.0,0.0,0.0,0.0,0.0,0.0,0.0,0.0,0.0,0.0,0.0,0.0,0.0,0.0,0.0,0.0,0.0,0.0,0.0,0.0,0.0,0.0,0.0,0.0,0.0,0.0,0.0,0.0,0.0,0.0,0.0,0.0,0.0
322,568,Build 5 06/26/16,-8,17,8,8,0,0,0,0,8,8,0,0,0,0,1,3,8.0,0.0,9.0,1.75,0.0,3.4121631178560534,11.642857142857142,9.0,0.0,1.0,0.375,0.0,0.5175491695067657,0.26785714285714285,1.0,1.0,2.0,1.125,1.0,0.3535533905932738,0.125,1.0,0.0,3.0,1.125,0.5,1.3562026818605375,1.8392857142857142,3.0,0.0,0.0,0.0,0.0,0.0,0.0,0.0,0.0,0.0,0.0,0.0,0.0,0.0,0.0,0.0,9.0,3.5,3.0,3.295017884191656,10.857142857142858,9.0,0.0,0.0,0.0,0.0,0.0,0.0,0.0,0.0,1.0,0.375,0.0,0.5175491695067657,0.26785714285714285,1.0,3.0,0.0,4.0,0.0,6.0,1.0,1.0,0.0,0.0,3.0,5.0,0.0,1.0,0.0,0.0,0.0,0.0,0.0
322,569,Security 5 06/26/15,-1,18,0,0,1,1,0,0,1,1,0,0,0,0,1,2,1.0,0.0,0.0,0.0,0.0,0.0,0.0,0.0,0.0,0.0,0.0,0.0,0.0,0.0,0.0,1.0,1.0,1.0,1.0,0.0,0.0,0.0,4.0,4.0,4.0,4.0,0.0,0.0,0.0,0.0,0.0,0.0,0.0,0.0,0.0,0.0,0.0,0.0,0.0,0.0,0.0,0.0,0.0,5.0,5.0,5.0,5.0,0.0,0.0,0.0,0.0,0.0,0.0,0.0,0.0,0.0,0.0,1.0,1.0,1.0,1.0,0.0,0.0,0.0,1.0,0.0,0.0,0.0,1.0,0.0,0.0,0.0,0.0,1.0,0.0,0.0,0.0,0.0,0.0,0.0,0.0,0.0
322,572,Quint Iteration 6,-1,21,9,9,2,2,10,10,1,1,0,0,0,0,1,13,22.0,0.0,8.0,1.1818181818181819,0.0,2.2601382940486427,5.108225108225109,8.0,0.0,2.0,0.22727272727272727,0.0,0.5284134548067254,0.2792207792207792,2.0,0.0,1.0,0.9090909090909091,1.0,0.29424494316824984,0.08658008658008658,1.0,0.0,10.0,1.5454545454545454,0.0,2.5584085962673253,6.545454545454546,10.0,0.0,0.0,0.0,0.0,0.0,0.0,0.0,0.0,0.0,0.0,0.0,0.0,0.0,0.0,0.0,24.0,3.3636363636363638,1.5,5.507963538156578,30.33766233766233,24.0,0.0,1.0,0.045454545454545456,0.0,0.21320071635561044,0.04545454545454546,1.0,0.0,3.0,0.36363636363636365,0.0,0.9021379128785209,0.8138528138528136,3.0,8.0,0.0,2.0,11.0,19.0,2.0,1.0,0.0,0.0,7.0,15.0,0.0,1.0,0.0,0.0,0.0,0.0,0.0
322,573,Security 6 07/17/15,-1,15,1,1,0,0,0,0,1,1,0,0,0,0,1,2,3.0,0.0,2.0,0.6666666666666666,0.0,1.1547005383792517,1.3333333333333335,2.0,0.0,1.0,0.3333333333333333,0.0,0.5773502691896258,0.33333333333333337,1.0,1.0,3.0,1.6666666666666667,1.0,1.1547005383792517,1.3333333333333335,2.0,0.0,4.0,1.3333333333333333,0.0,2.3094010767585034,5.333333333333334,4.0,0.0,0.0,0.0,0.0,0.0,0.0,0.0,0.0,0.0,0.0,0.0,0.0,0.0,0.0,0.0,5.0,2.0,1.0,2.6457513110645907,7.0,5.0,0.0,0.0,0.0,0.0,0.0,0.0,0.0,0.0,1.0,0.3333333333333333,0.0,0.5773502691896258,0.33333333333333337,1.0,2.0,0.0,1.0,0.0,3.0,0.0,0.0,0.0,0.0,2.0,1.0,0.0,0.0,0.0,0.0,0.0,0.0,0.0
322,574,RPL 6 07/17/15,-4,15,4,4,0,0,0,0,4,4,0,0,0,0,1,3,5.0,0.0,14.0,3.6,1.0,5.856620185738529,34.300000000000004,14.0,0.0,1.0,0.4,0.0,0.5477225575051662,0.30000000000000004,1.0,0.0,1.0,0.8,1.0,0.44721359549995804,0.20000000000000007,1.0,1.0,2.0,1.8,2.0,0.44721359549995804,0.20000000000000007,1.0,0.0,0.0,0.0,0.0,0.0,0.0,0.0,0.0,0.0,0.0,0.0,0.0,0.0,0.0,3.0,6.0,4.6,5.0,1.1401754250991378,1.2999999999999998,3.0,0.0,0.0,0.0,0.0,0.0,0.0,0.0,0.0,1.0,0.2,0.0,0.44721359549995804,0.20000000000000007,1.0,1.0,2.0,2.0,0.0,5.0,0.0,0.0,0.0,0.0,1.0,4.0,0.0,0.0,0.0,0.0,0.0,0.0,0.0
322,575,Platform 6 07/17/15,-8,18,7,7,2,2,1,1,8,8,0,0,0,0,1,9,13.0,0.0,9.0,1.6153846153846154,0.0,2.59930957302324,6.756410256410258,9.0,0.0,1.0,0.46153846153846156,0.0,0.5188745216627708,0.2692307692307692,1.0,1.0,1.0,1.0,1.0,0.0,0.0,0.0,0.0,5.0,1.6153846153846154,1.0,1.5566235649883124,2.423076923076923,5.0,0.0,0.0,0.0,0.0,0.0,0.0,0.0,0.0,0.0,0.0,0.0,0.0,0.0,0.0,0.0,13.0,3.3846153846153846,3.0,3.640935354604673,13.256410256410255,13.0,0.0,0.0,0.0,0.0,0.0,0.0,0.0,0.0,3.0,0.8461538461538461,0.0,1.0681880176381127,1.141025641025641,3.0,7.0,2.0,4.0,0.0,12.0,1.0,0.0,0.0,0.0,5.0,8.0,0.0,0.0,0.0,0.0,0.0,0.0,0.0
322,576,Sharding 6 07/17/15,-6,17,5,5,2,2,1,1,6,6,0,0,0,0,1,8,15.0,0.0,13.0,1.6666666666666667,1.0,3.265986323710904,10.666666666666668,13.0,0.0,1.0,0.7333333333333333,1.0,0.45773770821706344,0.20952380952380953,1.0,0.0,1.0,0.8666666666666667,1.0,0.3518657752744984,0.12380952380952381,1.0,0.0,4.0,0.7333333333333333,0.0,1.2798809468443688,1.6380952380952378,4.0,0.0,0.0,0.0,0.0,0.0,0.0,0.0,0.0,0.0,0.0,0.0,0.0,0.0,0.0,0.0,14.0,3.6,2.0,3.794733192202056,14.400000000000006,14.0,0.0,0.0,0.0,0.0,0.0,0.0,0.0,0.0,6.0,0.5333333333333333,0.0,1.5522640914238177,2.4095238095238103,6.0,4.0,3.0,2.0,6.0,15.0,0.0,0.0,0.0,0.0,5.0,10.0,0.0,0.0,0.0,0.0,0.0,0.0,0.0
322,577,Build 6 07/17/15,-10,18,10,10,0,0,0,0,10,10,0,0,0,0,1,3,10.0,0.0,9.0,1.4,0.0,3.0983866769659336,9.600000000000001,9.0,0.0,1.0,0.3,0.0,0.4830458915396479,0.23333333333333328,1.0,1.0,2.0,1.1,1.0,0.31622776601683794,0.1,1.0,0.0,3.0,1.0,0.5,1.247219128924647,1.5555555555555556,3.0,0.0,0.0,0.0,0.0,0.0,0.0,0.0,0.0,0.0,0.0,0.0,0.0,0.0,0.0,0.0,10.0,3.5,3.0,3.3416562759605704,11.166666666666666,10.0,0.0,0.0,0.0,0.0,0.0,0.0,0.0,0.0,1.0,0.4,0.0,0.5163977794943222,0.26666666666666666,1.0,4.0,0.0,4.0,0.0,8.0,1.0,1.0,0.0,0.0,3.0,7.0,0.0,2.0,0.0,0.0,0.0,0.0,0.0
322,593,RPL 7 08/10/15,-10,18,9,9,2,2,1,1,9,9,1,1,0,0,1,8,14.0,0.0,15.0,2.5714285714285716,1.0,4.200994126198185,17.64835164835165,15.0,0.0,1.0,0.2857142857142857,0.0,0.46880723093849547,0.21978021978021983,1.0,0.0,1.0,0.9285714285714286,1.0,0.26726124191242434,0.07142857142857141,1.0,0.0,5.0,1.5,2.0,1.454436184706849,2.1153846153846154,5.0,0.0,0.0,0.0,0.0,0.0,0.0,0.0,0.0,0.0,0.0,0.0,0.0,0.0,0.0,0.0,9.0,3.4285714285714284,2.5,3.4354326950469867,11.802197802197801,9.0,0.0,0.0,0.0,0.0,0.0,0.0,0.0,0.0,1.0,0.14285714285714285,0.0,0.3631365196012815,0.1318681318681319,1.0,4.0,6.0,3.0,0.0,14.0,0.0,0.0,0.0,0.0,5.0,9.0,0.0,1.0,0.0,0.0,0.0,0.0,0.0
322,600,CAP - 3.1.6,0,20,0,0,0,0,0,0,0,0,0,0,0,0,1,1,2.0,0.0,0.0,0.0,0.0,0.0,0.0,0.0,0.0,0.0,0.0,0.0,0.0,0.0,0.0,1.0,1.0,1.0,1.0,0.0,0.0,0.0,0.0,1.0,0.5,0.5,0.7071067811865476,0.5,1.0,0.0,0.0,0.0,0.0,0.0,0.0,0.0,0.0,0.0,0.0,0.0,0.0,0.0,0.0,0.0,3.0,1.5,1.5,2.1213203435596424,4.5,3.0,0.0,0.0,0.0,0.0,0.0,0.0,0.0,0.0,0.0,0.0,0.0,0.0,0.0,0.0,1.0,1.0,0.0,0.0,2.0,0.0,0.0,0.0,0.0,2.0,0.0,0.0,0.0,0.0,0.0,0.0,0.0,0.0
322,607,CAP - 3.1.7,-3,21,3,3,0,0,0,0,3,3,0,0,0,0,1,1,3.0,0.0,0.0,0.0,0.0,0.0,0.0,0.0,0.0,0.0,0.0,0.0,0.0,0.0,0.0,1.0,1.0,1.0,1.0,0.0,0.0,0.0,0.0,1.0,0.3333333333333333,0.0,0.5773502691896258,0.33333333333333337,1.0,0.0,0.0,0.0,0.0,0.0,0.0,0.0,0.0,0.0,0.0,0.0,0.0,0.0,0.0,0.0,5.0,2.3333333333333335,2.0,2.5166114784235836,6.333333333333334,5.0,0.0,0.0,0.0,0.0,0.0,0.0,0.0,0.0,3.0,1.3333333333333333,1.0,1.5275252316519468,2.3333333333333335,3.0,1.0,2.0,0.0,0.0,3.0,0.0,0.0,0.0,0.0,3.0,0.0,0.0,0.0,0.0,0.0,0.0,0.0,0.0
322,620,Sharding 7 08/10/15,-10,18,13,13,4,4,7,7,10,10,0,0,0,0,1,10,22.0,0.0,3.0,0.45454545454545453,0.0,0.8004327833694972,0.6406926406926404,3.0,0.0,1.0,0.22727272727272727,0.0,0.42893202722888846,0.18398268398268391,1.0,0.0,1.0,0.9090909090909091,1.0,0.29424494316824984,0.08658008658008656,1.0,0.0,8.0,1.5909090909090908,1.0,1.9678146183760228,3.872294372294372,8.0,0.0,0.0,0.0,0.0,0.0,0.0,0.0,0.0,0.0,0.0,0.0,0.0,0.0,0.0,0.0,19.0,3.727272727272727,2.0,4.861724348043977,23.63636363636364,19.0,0.0,0.0,0.0,0.0,0.0,0.0,0.0,0.0,6.0,0.5454545454545454,0.0,1.3354960814430656,1.7835497835497836,6.0,5.0,8.0,5.0,0.0,22.0,0.0,0.0,0.0,0.0,11.0,11.0,0.0,4.0,0.0,0.0,0.0,0.0,0.0
322,625,Build 7 08/10/15,-17,18,11,11,6,6,0,0,12,12,5,5,0,0,1,9,22.0,0.0,9.0,1.3636363636363635,0.0,2.460070741248725,6.051948051948052,9.0,0.0,2.0,0.3181818181818182,0.0,0.5679003631895497,0.3225108225108225,2.0,0.0,2.0,1.0,1.0,0.3086066999241838,0.09523809523809523,2.0,0.0,3.0,0.9090909090909091,1.0,0.971454035826165,0.9437229437229439,3.0,0.0,0.0,0.0,0.0,0.0,0.0,0.0,0.0,0.0,0.0,0.0,0.0,0.0,0.0,0.0,15.0,3.272727272727273,3.0,3.990247852211429,15.922077922077923,15.0,0.0,1.0,0.09090909090909091,0.0,0.29424494316824984,0.08658008658008656,1.0,0.0,3.0,0.5,0.0,0.8017837257372732,0.6428571428571429,3.0,6.0,1.0,13.0,0.0,17.0,4.0,1.0,0.0,0.0,10.0,12.0,0.0,2.0,0.0,0.0,0.0,0.0,0.0
322,629,Security 7 08/10/15,-9,18,8,8,1,1,0,0,9,9,0,0,0,0,1,8,10.0,0.0,8.0,1.3,0.0,2.496664441476534,6.233333333333333,8.0,0.0,2.0,0.6,0.5,0.6992058987801011,0.48888888888888893,2.0,1.0,3.0,1.2,1.0,0.6324555320336759,0.4,2.0,0.0,4.0,1.1,0.5,1.449137674618944,2.1000000000000005,4.0,0.0,0.0,0.0,0.0,0.0,0.0,0.0,0.0,0.0,0.0,0.0,0.0,0.0,0.0,0.0,9.0,4.5,5.0,3.5978388574871505,12.944444444444445,9.0,0.0,0.0,0.0,0.0,0.0,0.0,0.0,0.0,2.0,0.6,0.0,0.8432740427115678,0.7111111111111111,2.0,4.0,0.0,4.0,0.0,9.0,0.0,1.0,0.0,0.0,7.0,3.0,0.0,2.0,0.0,0.0,0.0,0.0,0.0
322,632,Platform 7 08/10/15,-19,22,40,40,2,2,23,23,12,12,7,7,0,0,1,16,47.0,0.0,10.0,0.7446808510638298,0.0,1.799372899293613,3.2377428307123033,10.0,0.0,4.0,0.3404255319148936,0.0,0.7305922476850053,0.5337650323774281,4.0,1.0,1.0,1.0,1.0,0.0,0.0,0.0,0.0,6.0,0.8297872340425532,0.0,1.493742730543275,2.2312673450508793,6.0,0.0,0.0,0.0,0.0,0.0,0.0,0.0,0.0,0.0,0.0,0.0,0.0,0.0,0.0,0.0,15.0,1.872340425531915,1.0,2.7474654033237043,7.548566142460685,15.0,0.0,0.0,0.0,0.0,0.0,0.0,0.0,0.0,7.0,0.5106382978723404,0.0,1.213552822617951,1.472710453283996,7.0,11.0,12.0,23.0,0.0,45.0,2.0,0.0,0.0,0.0,22.0,25.0,0.0,1.0,0.0,0.0,0.0,0.0,0.0
322,635,Quint Iteration 7,-14,15,16,16,4,4,6,6,11,11,3,3,0,0,1,16,32.0,0.0,12.0,2.5625,1.5,2.861733063902407,8.189516129032258,12.0,0.0,2.0,0.21875,0.0,0.4908435793150795,0.24092741935483872,2.0,0.0,1.0,0.9375,1.0,0.24593468841898236,0.06048387096774194,1.0,0.0,10.0,1.75,0.5,2.723849268720587,7.419354838709677,10.0,0.0,0.0,0.0,0.0,0.0,0.0,0.0,0.0,0.0,0.0,0.0,0.0,0.0,0.0,0.0,26.0,4.28125,2.0,5.669581397758255,32.14415322580645,26.0,0.0,1.0,0.09375,0.0,0.29614458108029906,0.08770161290322581,1.0,0.0,6.0,0.71875,0.0,1.4420946906407337,2.0796370967741935,6.0,12.0,2.0,4.0,11.0,28.0,2.0,2.0,0.0,0.0,11.0,21.0,0.0,2.0,1.0,0.0,0.0,0.0,0.0
