boardid,sprintid,name,vel_diff,planday,no_issue_starttime,vel_starttime,no_issue_added,vel_added,no_issue_removed,vel_removed,no_issuetodo,vel_todo,no_issueinprogress,vel_inprogress,no_issuedone,vel_done,no_admin,no_teammember,type_freq_Technical task,type_freq_Story,priority_freq_Critical,priority_freq_Blocker,priority_freq_Minor,priority_freq_Major,no_comment_min,no_comment_max,no_comment_mean,no_comment_median,no_comment_std,no_comment_var,no_comment_range,no_affectversion_min,no_affectversion_max,no_affectversion_mean,no_affectversion_median,no_affectversion_std,no_affectversion_var,no_affectversion_range,no_fixversion_min,no_fixversion_max,no_fixversion_mean,no_fixversion_median,no_fixversion_std,no_fixversion_var,no_fixversion_range,no_issuelink_min,no_issuelink_max,no_issuelink_mean,no_issuelink_median,no_issuelink_std,no_issuelink_var,no_issuelink_range,no_blocking_min,no_blocking_max,no_blocking_mean,no_blocking_median,no_blocking_std,no_blocking_var,no_blocking_range,no_blockedby_min,no_blockedby_max,no_blockedby_mean,no_blockedby_median,no_blockedby_std,no_blockedby_var,no_blockedby_range,no_fixversion_change_min,no_fixversion_change_max,no_fixversion_change_mean,no_fixversion_change_median,no_fixversion_change_std,no_fixversion_change_var,no_fixversion_change_range,no_priority_change_min,no_priority_change_max,no_priority_change_mean,no_priority_change_median,no_priority_change_std,no_priority_change_var,no_priority_change_range,no_des_change_min,no_des_change_max,no_des_change_mean,no_des_change_median,no_des_change_std,no_des_change_var,no_des_change_range,gunning_fog_freq_easy,type_freq_Bug,type_freq_New Feature,type_freq_Improvement,type_freq_Task,gunning_fog_freq_hard,priority_freq_Trivial,type_freq_Epic
5,7,Sprint 1,-7,14,4,17,0,0,0,0,2,7,0,0,2,10,1,1,6.0,4.0,4.0,3.0,2.0,1.0,0.0,2.0,0.8,1.0,0.6324555320336759,0.4000000000000001,2.0,0.0,0.0,0.0,0.0,0.0,0.0,0.0,0.0,1.0,0.9,1.0,0.31622776601683794,0.10000000000000002,1.0,0.0,1.0,0.3,0.0,0.48304589153964794,0.23333333333333334,1.0,0.0,0.0,0.0,0.0,0.0,0.0,0.0,0.0,0.0,0.0,0.0,0.0,0.0,0.0,0.0,1.0,0.8,1.0,0.42163702135578396,0.1777777777777778,1.0,0.0,0.0,0.0,0.0,0.0,0.0,0.0,0.0,1.0,0.1,0.0,0.31622776601683794,0.10000000000000002,1.0,10.0,0.0,0.0,0.0,0.0,0.0,0.0,0.0
5,12,Babbage - RC1 - Stage One,16,10,1,4,11,44,7,28,5,20,0,0,0,0,1,2,0.0,0.0,0.0,0.0,10.0,7.0,0.0,19.0,1.7647058823529411,0.0,4.576153020888641,20.941176470588232,19.0,0.0,2.0,0.7647058823529411,1.0,0.8313702367707394,0.6911764705882353,2.0,0.0,3.0,1.1764705882352942,1.0,0.8828430011649196,0.7794117647058822,3.0,0.0,4.0,0.8235294117647058,0.0,1.3339459376998315,1.7794117647058827,4.0,0.0,0.0,0.0,0.0,0.0,0.0,0.0,0.0,0.0,0.0,0.0,0.0,0.0,0.0,0.0,3.0,0.6470588235294118,0.0,0.9963167462326072,0.9926470588235295,3.0,0.0,1.0,0.11764705882352941,0.0,0.3321055820775357,0.11029411764705882,1.0,0.0,3.0,0.5294117647058824,0.0,0.8744746321952062,0.7647058823529411,3.0,9.0,9.0,3.0,3.0,2.0,8.0,0.0,0.0
5,14,Babbage - RC1 - Stage Two,32,21,5,20,20,80,0,0,11,44,2,8,12,48,1,2,0.0,0.0,0.0,0.0,22.0,16.0,0.0,13.0,1.4210526315789473,0.0,2.7960549326406734,7.81792318634424,13.0,0.0,2.0,0.5526315789473685,0.0,0.7240041966823504,0.5241820768136555,2.0,0.0,2.0,1.0789473684210527,1.0,0.5873246235015743,0.3449502133712661,2.0,0.0,3.0,0.4473684210526316,0.0,0.7951667654786408,0.6322901849217638,3.0,0.0,0.0,0.0,0.0,0.0,0.0,0.0,0.0,0.0,0.0,0.0,0.0,0.0,0.0,0.0,2.0,0.23684210526315788,0.0,0.5419788829194208,0.2937411095305832,2.0,0.0,1.0,0.05263157894736842,0.0,0.22629428592141426,0.05120910384068279,1.0,0.0,4.0,0.3684210526315789,0.0,0.8829022360735795,0.7795163584637268,4.0,19.0,13.0,5.0,7.0,13.0,19.0,0.0,0.0
5,17,The Road To SpringOne,28,30,23,92,7,28,2,8,10,40,1,4,17,68,1,3,0.0,0.0,0.0,0.0,20.0,18.0,0.0,16.0,1.763157894736842,1.0,2.9448462587899153,8.672119487908962,16.0,0.0,2.0,0.7631578947368421,1.0,0.6752060957165192,0.45590327169274536,2.0,0.0,2.0,1.105263157894737,1.0,0.6058040751966707,0.36699857752489345,2.0,0.0,2.0,0.13157894736842105,0.0,0.4140147948511245,0.1714082503556187,2.0,0.0,0.0,0.0,0.0,0.0,0.0,0.0,0.0,0.0,0.0,0.0,0.0,0.0,0.0,0.0,2.0,0.5,0.0,0.6877303054053769,0.47297297297297297,2.0,0.0,1.0,0.10526315789473684,0.0,0.3110117477759048,0.09672830725462303,1.0,0.0,4.0,0.4473684210526316,0.0,1.0053201297597412,1.0106685633001427,4.0,16.0,19.0,1.0,11.0,7.0,22.0,0.0,0.0
5,22,SpringOne Aftermath,60,21,0,0,21,84,0,0,14,56,4,16,3,12,1,2,0.0,0.0,0.0,0.0,30.0,12.0,0.0,7.0,0.9285714285714286,0.0,1.7996321730254083,3.238675958188153,7.0,0.0,5.0,0.6190476190476191,0.0,0.9615125521390878,0.924506387921022,5.0,0.0,3.0,1.2142857142857142,1.0,0.7501451659744554,0.5627177700348431,3.0,0.0,3.0,0.21428571428571427,0.0,0.5646373446828087,0.31881533101045295,3.0,0.0,0.0,0.0,0.0,0.0,0.0,0.0,0.0,0.0,0.0,0.0,0.0,0.0,0.0,0.0,6.0,0.40476190476190477,0.0,1.127473406955306,1.2711962833914052,6.0,0.0,0.0,0.0,0.0,0.0,0.0,0.0,0.0,2.0,0.2857142857142857,0.0,0.5961549268974563,0.3554006968641115,2.0,15.0,23.0,6.0,7.0,6.0,27.0,0.0,0.0
5,23,The Road to Codd M1,156,18,13,52,16,64,0,0,14,56,3,12,12,48,1,4,0.0,0.0,2.0,1.0,47.0,38.0,0.0,10.0,0.9775280898876404,0.0,1.882802119242678,3.544943820224719,10.0,0.0,5.0,0.4044943820224719,0.0,0.702578063013051,0.4936159346271707,5.0,0.0,2.0,1.101123595505618,1.0,0.6224026725708117,0.3873850868232891,2.0,0.0,3.0,0.48314606741573035,0.0,0.755470346427277,0.5707354443309499,3.0,0.0,0.0,0.0,0.0,0.0,0.0,0.0,0.0,0.0,0.0,0.0,0.0,0.0,0.0,0.0,6.0,0.42696629213483145,0.0,1.147008366156362,1.3156281920326867,6.0,0.0,1.0,0.011235955056179775,0.0,0.10599978800063599,0.011235955056179773,1.0,0.0,7.0,0.33707865168539325,0.0,1.0546845739659785,1.1123595505617976,7.0,48.0,25.0,16.0,29.0,19.0,41.0,1.0,0.0
5,26,Sprint 2,-13,14,1,13,0,0,0,0,1,13,0,0,0,0,1,1,0.0,1.0,0.0,1.0,0.0,0.0,0.0,0.0,0.0,0.0,0.0,0.0,0.0,1.0,1.0,1.0,1.0,0.0,0.0,0.0,0.0,0.0,0.0,0.0,0.0,0.0,0.0,0.0,0.0,0.0,0.0,0.0,0.0,0.0,0.0,0.0,0.0,0.0,0.0,0.0,0.0,0.0,0.0,0.0,0.0,0.0,0.0,0.0,0.0,0.0,0.0,0.0,0.0,0.0,0.0,0.0,0.0,0.0,0.0,0.0,0.0,0.0,0.0,0.0,0.0,0.0,0.0,0.0,0.0,1.0,0.0,0.0,0.0,0.0,0.0,0.0,0.0
5,27,Codd M1,68,49,26,104,13,52,6,24,14,56,6,24,13,52,1,3,0.0,0.0,1.0,0.0,36.0,36.0,0.0,9.0,0.9054054054054054,0.0,1.5976774145822654,2.552573121066272,9.0,0.0,5.0,0.5405405405405406,0.0,0.8140746354190018,0.6627175120325808,5.0,0.0,2.0,1.1081081081081081,1.0,0.6530763358760622,0.4265087004813031,2.0,0.0,3.0,0.4864864864864865,0.0,0.8149837084386184,0.664198445020363,3.0,0.0,0.0,0.0,0.0,0.0,0.0,0.0,0.0,0.0,0.0,0.0,0.0,0.0,0.0,0.0,5.0,0.43243243243243246,0.0,1.0214290430042767,1.0433172898926324,5.0,0.0,2.0,0.04054054054054054,0.0,0.2585093829509413,0.06682710107367641,2.0,0.0,4.0,0.25675675675675674,0.0,0.7596107656982488,0.5770085153646798,4.0,39.0,31.0,11.0,12.0,20.0,35.0,1.0,0.0
5,30,42 - 2014 Kickoff,40,14,45,180,15,60,0,0,27,108,7,28,26,104,1,5,0.0,0.0,2.0,0.0,58.0,36.0,0.0,10.0,1.1546391752577319,0.0,2.0883616294915606,4.361254295532646,10.0,0.0,5.0,0.44329896907216493,0.0,0.7768670006955884,0.6035223367697594,5.0,0.0,2.0,1.0515463917525774,1.0,0.6826897480526714,0.46606529209621983,2.0,0.0,3.0,0.5154639175257731,0.0,0.8179420576189936,0.6690292096219931,3.0,0.0,0.0,0.0,0.0,0.0,0.0,0.0,0.0,0.0,0.0,0.0,0.0,0.0,0.0,0.0,5.0,0.44329896907216493,0.0,0.9350698744495476,0.8743556701030927,5.0,0.0,1.0,0.030927835051546393,0.0,0.17402156519994635,0.030283505154639182,1.0,0.0,3.0,0.31958762886597936,0.0,0.6853586614651929,0.4697164948453609,3.0,58.0,37.0,10.0,21.0,29.0,39.0,1.0,0.0
5,33,Sprint 3,0,7,3,9,0,0,0,0,2,6,1,3,0,0,1,3,0.0,1.0,0.0,1.0,0.0,2.0,1.0,8.0,4.333333333333333,4.0,3.511884584284246,12.333333333333332,7.0,0.0,1.0,0.6666666666666666,1.0,0.5773502691896258,0.33333333333333337,1.0,0.0,0.0,0.0,0.0,0.0,0.0,0.0,0.0,1.0,0.3333333333333333,0.0,0.5773502691896258,0.33333333333333337,1.0,0.0,0.0,0.0,0.0,0.0,0.0,0.0,0.0,0.0,0.0,0.0,0.0,0.0,0.0,0.0,0.0,0.0,0.0,0.0,0.0,0.0,0.0,1.0,0.3333333333333333,0.0,0.5773502691896258,0.33333333333333337,1.0,0.0,2.0,1.0,1.0,1.0,1.0,2.0,1.0,0.0,0.0,2.0,0.0,2.0,0.0,0.0
5,34,43 - Babbage SR3,92,15,30,120,13,52,3,12,7,28,14,56,19,76,1,5,0.0,0.0,1.0,0.0,47.0,21.0,0.0,11.0,1.542857142857143,0.0,2.4535435142661552,6.019875776397516,11.0,0.0,2.0,0.6428571428571429,1.0,0.6817648514182876,0.46480331262939967,2.0,0.0,2.0,1.1142857142857143,1.0,0.5528020098659205,0.3055900621118013,2.0,0.0,3.0,0.37142857142857144,0.0,0.6409103256686182,0.4107660455486542,3.0,0.0,0.0,0.0,0.0,0.0,0.0,0.0,0.0,0.0,0.0,0.0,0.0,0.0,0.0,0.0,12.0,0.7714285714285715,0.0,1.866341290778457,3.4832298136645963,12.0,0.0,1.0,0.05714285714285714,0.0,0.23379132809659067,0.05465838509316771,1.0,0.0,3.0,0.3142857142857143,0.0,0.7526351223064153,0.5664596273291927,3.0,39.0,37.0,2.0,13.0,18.0,31.0,1.0,0.0
5,36,Sprint 4,-1,10,6,26,0,0,0,0,5,25,0,0,1,1,1,3,0.0,8.0,0.0,0.0,7.0,2.0,0.0,2.0,0.3333333333333333,0.0,0.7071067811865476,0.5,2.0,1.0,1.0,1.0,1.0,0.0,0.0,0.0,0.0,1.0,0.8888888888888888,1.0,0.33333333333333337,0.11111111111111112,1.0,0.0,1.0,0.2222222222222222,0.0,0.44095855184409843,0.19444444444444445,1.0,0.0,0.0,0.0,0.0,0.0,0.0,0.0,0.0,0.0,0.0,0.0,0.0,0.0,0.0,0.0,1.0,0.7777777777777778,1.0,0.44095855184409843,0.19444444444444445,1.0,0.0,1.0,0.1111111111111111,0.0,0.3333333333333333,0.1111111111111111,1.0,0.0,0.0,0.0,0.0,0.0,0.0,0.0,5.0,1.0,0.0,0.0,0.0,4.0,0.0,0.0
5,37,44 - Codd GA,140,21,11,44,48,192,1,4,13,52,14,56,31,124,1,5,0.0,0.0,1.0,0.0,83.0,41.0,0.0,7.0,0.744,0.0,1.4419073389762425,2.0790967741935487,7.0,0.0,5.0,0.448,0.0,0.7345834896223891,0.5396129032258066,5.0,0.0,3.0,1.272,1.0,0.7337046958042187,0.5383225806451611,3.0,0.0,5.0,0.616,0.0,0.9400068633929257,0.8836129032258065,5.0,0.0,0.0,0.0,0.0,0.0,0.0,0.0,0.0,0.0,0.0,0.0,0.0,0.0,0.0,0.0,13.0,0.512,0.0,1.5166601677752758,2.300258064516128,13.0,0.0,2.0,0.048,0.0,0.24938634362590262,0.06219354838709677,2.0,0.0,4.0,0.312,0.0,0.7768422432950863,0.6034838709677421,4.0,69.0,39.0,22.0,23.0,41.0,56.0,0.0,0.0
5,38,Sprint 5,4,6,8,35,2,16,1,8,3,18,0,0,6,25,1,3,0.0,11.0,1.0,0.0,8.0,3.0,0.0,1.0,0.3333333333333333,0.0,0.49236596391733095,0.24242424242424246,1.0,0.0,1.0,0.8333333333333334,1.0,0.38924947208076144,0.1515151515151515,1.0,0.0,1.0,0.75,1.0,0.45226701686664544,0.20454545454545456,1.0,0.0,1.0,0.16666666666666666,0.0,0.3892494720807615,0.15151515151515152,1.0,0.0,0.0,0.0,0.0,0.0,0.0,0.0,0.0,0.0,0.0,0.0,0.0,0.0,0.0,0.0,3.0,1.0,1.0,0.7385489458759964,0.5454545454545454,3.0,0.0,0.0,0.0,0.0,0.0,0.0,0.0,0.0,2.0,0.16666666666666666,0.0,0.5773502691896257,0.33333333333333326,2.0,7.0,0.0,0.0,1.0,0.0,5.0,0.0,0.0
5,40,45 - Dijkstra M1,81,10,0,0,45,180,1,4,18,72,9,36,17,68,1,3,0.0,1.0,0.0,0.0,51.0,28.0,0.0,11.0,0.9746835443037974,0.0,2.0691549343057027,4.281402142161637,11.0,0.0,3.0,0.379746835443038,0.0,0.6056104669258231,0.36676403765011345,3.0,0.0,3.0,1.1518987341772151,1.0,0.5567443733941723,0.3099642973060695,3.0,0.0,5.0,0.5949367088607594,0.0,0.9131375516594243,0.8338201882505678,5.0,0.0,0.0,0.0,0.0,0.0,0.0,0.0,0.0,0.0,0.0,0.0,0.0,0.0,0.0,0.0,13.0,0.4936708860759494,0.0,1.7236917575108215,2.9711132749107443,13.0,0.0,1.0,0.012658227848101266,0.0,0.11250879009260241,0.012658227848101269,1.0,0.0,6.0,0.2911392405063291,0.0,0.8937374526166353,0.7987666342096723,6.0,53.0,19.0,18.0,21.0,20.0,26.0,0.0,0.0
5,42,46 - Codd SR2,-28,16,33,132,2,8,0,0,27,108,7,28,1,4,1,3,0.0,0.0,1.0,0.0,32.0,21.0,0.0,11.0,1.0740740740740742,0.0,2.108847953865501,4.447239692522711,11.0,0.0,2.0,0.7407407407407407,1.0,0.6496787358520432,0.42208245981830894,2.0,0.0,3.0,1.2592592592592593,1.0,0.705375189478278,0.49755415793151664,3.0,0.0,5.0,0.7592592592592593,0.5,0.9892857187906912,0.9786862334032144,5.0,0.0,0.0,0.0,0.0,0.0,0.0,0.0,0.0,0.0,0.0,0.0,0.0,0.0,0.0,0.0,13.0,0.3888888888888889,0.0,1.8573329089291442,3.4496855345911963,13.0,0.0,1.0,0.018518518518518517,0.0,0.13608276348795434,0.018518518518518517,1.0,0.0,3.0,0.42592592592592593,0.0,0.8149974383997678,0.6642208245981833,3.0,22.0,24.0,11.0,7.0,12.0,32.0,0.0,0.0
5,44,47 - Dijkstra RC1,81,11,0,0,28,112,0,0,22,88,5,20,1,4,1,3,0.0,1.0,0.0,1.0,46.0,20.0,0.0,11.0,0.9558823529411765,0.0,1.9957703299310736,3.983099209833186,11.0,0.0,2.0,0.5735294117647058,0.0,0.6537190156029139,0.4273485513608428,2.0,0.0,3.0,1.1911764705882353,1.0,0.6290801847468165,0.3957418788410887,3.0,0.0,5.0,0.6911764705882353,0.0,0.9963718202630096,0.9927568042142232,5.0,0.0,0.0,0.0,0.0,0.0,0.0,0.0,0.0,0.0,0.0,0.0,0.0,0.0,0.0,0.0,13.0,0.3088235294117647,0.0,1.6773945053571273,2.813652326602282,13.0,0.0,1.0,0.014705882352941176,0.0,0.12126781251816653,0.014705882352941185,1.0,0.0,3.0,0.3235294117647059,0.0,0.7005579113690306,0.49078138718173847,3.0,34.0,27.0,12.0,13.0,15.0,34.0,1.0,0.0
5,48,48 - Dijkstra GA,202,14,19,76,19,76,1,4,22,88,8,32,7,28,1,4,0.0,1.0,1.0,1.0,88.0,33.0,0.0,14.0,0.8306451612903226,0.0,2.132679425418273,4.548321531602415,14.0,0.0,3.0,0.6774193548387096,1.0,0.6692841351818258,0.4479412536060845,3.0,0.0,3.0,1.2338709677419355,1.0,0.8564330544247175,0.7334775767112511,3.0,0.0,3.0,0.4838709677419355,0.0,0.8113410655690557,0.6582743246787307,3.0,0.0,0.0,0.0,0.0,0.0,0.0,0.0,0.0,0.0,0.0,0.0,0.0,0.0,0.0,0.0,9.0,0.25,0.0,1.009104891934842,1.0182926829268293,9.0,0.0,1.0,0.016129032258064516,0.0,0.1264828127237176,0.01599790191450302,1.0,0.0,3.0,0.1693548387096774,0.0,0.5056071644796427,0.2556386047731445,3.0,68.0,50.0,19.0,24.0,30.0,56.0,1.0,0.0
5,52,49 - Dijkstra SR1,25,8,35,140,5,20,2,8,29,116,2,8,7,28,1,4,0.0,1.0,0.0,1.0,50.0,26.0,0.0,11.0,1.3205128205128205,0.0,2.171202250855321,4.714119214119213,11.0,0.0,3.0,0.6923076923076923,1.0,0.5879237583686728,0.3456543456543456,3.0,0.0,2.0,1.064102564102564,1.0,0.7268459453729024,0.5283050283050282,2.0,0.0,5.0,0.6282051282051282,0.0,1.0078777286047726,1.0158175158175156,5.0,0.0,0.0,0.0,0.0,0.0,0.0,0.0,0.0,0.0,0.0,0.0,0.0,0.0,0.0,0.0,6.0,0.34615384615384615,0.0,0.9912201988042224,0.9825174825174823,6.0,0.0,1.0,0.02564102564102564,0.0,0.15908496254525537,0.025308025308025305,1.0,0.0,4.0,0.4230769230769231,0.0,0.7980370523121947,0.6368631368631366,4.0,31.0,29.0,16.0,20.0,12.0,47.0,1.0,0.0
5,53,50 - Evans M1,25,17,31,124,14,56,0,0,19,76,14,56,12,48,1,4,0.0,1.0,2.0,0.0,55.0,21.0,0.0,9.0,1.2278481012658229,0.0,2.062792276655835,4.255111976630963,9.0,0.0,3.0,0.3291139240506329,0.0,0.5482260199098538,0.3005517689061994,3.0,0.0,2.0,1.0126582278481013,1.0,0.6302964480809693,0.39727361246348597,2.0,0.0,5.0,0.6075949367088608,0.0,0.9925068173761511,0.9850697825381366,5.0,0.0,0.0,0.0,0.0,0.0,0.0,0.0,0.0,0.0,0.0,0.0,0.0,0.0,0.0,0.0,4.0,0.35443037974683544,0.0,0.8170926364257212,0.6676403765011357,4.0,0.0,1.0,0.06329113924050633,0.0,0.24504171031127583,0.060045439792275224,1.0,0.0,15.0,0.6582278481012658,0.0,1.8179029617086,3.3047711781888998,15.0,41.0,16.0,18.0,22.0,22.0,38.0,1.0,0.0
5,55,51 - Dijkstra SR2,-7,10,40,160,12,48,0,0,20,80,11,44,21,84,1,4,0.0,0.0,1.0,0.0,56.0,27.0,0.0,8.0,0.9880952380952381,0.0,1.7250391832046912,2.9757601835915084,8.0,0.0,3.0,0.6547619047619048,0.5,0.7837821128725629,0.614314400458979,3.0,0.0,3.0,1.0,1.0,0.7604691006293735,0.5783132530120482,3.0,0.0,7.0,0.7619047619047619,0.0,1.2185221902656604,1.4847963281698222,7.0,0.0,0.0,0.0,0.0,0.0,0.0,0.0,0.0,0.0,0.0,0.0,0.0,0.0,0.0,0.0,4.0,0.38095238095238093,0.0,0.8629560000058346,0.7446930579460701,4.0,0.0,1.0,0.05952380952380952,0.0,0.23802351185830545,0.05665519219736087,1.0,0.0,4.0,0.5,0.0,0.9378262484539215,0.8795180722891566,4.0,39.0,28.0,10.0,26.0,20.0,45.0,0.0,0.0
5,56,52 - Evans RC1,58,11,34,136,5,20,1,4,24,96,12,48,2,8,1,4,0.0,1.0,2.0,0.0,53.0,27.0,0.0,9.0,0.7804878048780488,0.0,1.6179883123378205,2.617886178861789,9.0,0.0,2.0,0.35365853658536583,0.0,0.5957037796374766,0.3548629930743753,2.0,0.0,3.0,0.975609756097561,1.0,0.6280601087082008,0.3944595001505571,3.0,0.0,7.0,0.7195121951219512,0.0,1.240015832673737,1.5376392652815414,7.0,0.0,0.0,0.0,0.0,0.0,0.0,0.0,0.0,0.0,0.0,0.0,0.0,0.0,0.0,0.0,4.0,0.2926829268292683,0.0,0.8087149519651956,0.6540198735320687,4.0,0.0,1.0,0.024390243902439025,0.0,0.15520673239323957,0.024089129780186683,1.0,0.0,3.0,0.2804878048780488,0.0,0.6530912295923369,0.42652815417043055,3.0,58.0,11.0,17.0,36.0,17.0,24.0,0.0,0.0
5,61,52 - Evans GA,218,16,3,12,6,24,0,0,9,36,0,0,0,0,1,4,0.0,2.0,0.0,2.0,42.0,33.0,0.0,7.0,0.3246753246753247,0.0,0.9926248886234393,0.9853041695146955,7.0,0.0,2.0,0.4155844155844156,0.0,0.73180831094246,0.5355434039644563,2.0,0.0,3.0,1.1818181818181819,1.0,0.6010357885673331,0.3612440191387559,3.0,0.0,3.0,0.22077922077922077,0.0,0.5287367423590282,0.27956254272043746,3.0,0.0,0.0,0.0,0.0,0.0,0.0,0.0,0.0,0.0,0.0,0.0,0.0,0.0,0.0,0.0,4.0,0.1038961038961039,0.0,0.5277662856051557,0.2785372522214628,4.0,0.0,0.0,0.0,0.0,0.0,0.0,0.0,0.0,4.0,0.16883116883116883,0.0,0.6767297019800719,0.45796308954203696,4.0,53.0,25.0,1.0,20.0,29.0,24.0,0.0,0.0
5,63,53 - Evans SR1,166,25,0,0,13,52,0,0,4,16,7,28,2,8,1,5,0.0,1.0,1.0,2.0,56.0,26.0,0.0,12.0,0.6,0.0,1.8657310580446427,3.480952380952382,12.0,0.0,3.0,0.8,1.0,0.783763812819726,0.6142857142857144,3.0,0.0,3.0,1.4588235294117646,1.0,0.9455779434075351,0.8941176470588237,3.0,0.0,6.0,0.4470588235294118,0.0,0.8797440422258808,0.7739495798319324,6.0,0.0,0.0,0.0,0.0,0.0,0.0,0.0,0.0,0.0,0.0,0.0,0.0,0.0,0.0,0.0,4.0,0.07058823529411765,0.0,0.4574316314805871,0.2092436974789916,4.0,0.0,0.0,0.0,0.0,0.0,0.0,0.0,0.0,4.0,0.16470588235294117,0.0,0.5530663187549723,0.30588235294117655,4.0,37.0,39.0,6.0,22.0,17.0,48.0,0.0,0.0
5,69,54 - Fowler M1,161,11,28,112,14,56,0,0,14,56,18,72,10,40,1,4,0.0,0.0,0.0,3.0,70.0,37.0,0.0,13.0,1.1090909090909091,0.0,2.3475361065330236,5.510925771476227,13.0,0.0,2.0,0.43636363636363634,0.0,0.6429186991458765,0.41334445371142614,2.0,0.0,3.0,1.3,1.0,0.9241906948065277,0.8541284403669726,3.0,0.0,6.0,0.5,0.0,0.9162147899288702,0.8394495412844036,6.0,0.0,0.0,0.0,0.0,0.0,0.0,0.0,0.0,0.0,0.0,0.0,0.0,0.0,0.0,0.0,3.0,0.13636363636363635,0.0,0.5498502336086615,0.30233527939949956,3.0,0.0,1.0,0.02727272727272727,0.0,0.16362246257329338,0.02677231025854879,1.0,0.0,2.0,0.20909090909090908,0.0,0.5085589380736307,0.25863219349457894,2.0,70.0,34.0,12.0,38.0,26.0,40.0,0.0,0.0
5,71,55 - Evans SR2,313,14,27,108,6,24,0,0,16,64,4,16,13,52,1,5,0.0,3.0,3.0,3.0,69.0,76.0,0.0,8.0,0.5263157894736842,0.0,1.4325791515460518,2.0522830254444058,8.0,0.0,3.0,0.5657894736842105,0.0,0.9110873543770001,0.8300801673056813,3.0,0.0,3.0,1.3289473684210527,1.0,0.975028040279241,0.9506796793307771,3.0,0.0,6.0,0.631578947368421,0.0,1.0337625646557593,1.0686650400836528,6.0,0.0,0.0,0.0,0.0,0.0,0.0,0.0,0.0,0.0,0.0,0.0,0.0,0.0,0.0,0.0,7.0,0.21052631578947367,0.0,0.9323585342500953,0.8692924363889861,7.0,0.0,1.0,0.019736842105263157,0.0,0.1395543871687348,0.01947542697804113,1.0,0.0,3.0,0.13157894736842105,0.0,0.45578271990694424,0.207737887765772,3.0,103.0,39.0,25.0,47.0,38.0,49.0,1.0,0.0
5,76,56 - Fowler RC1,59,15,42,168,11,44,1,4,42,168,4,16,6,24,1,4,0.0,1.0,3.0,2.0,71.0,31.0,0.0,7.0,0.7407407407407407,0.0,1.4557033844061122,2.119072343371409,7.0,0.0,3.0,0.5092592592592593,0.0,0.7549880282565157,0.5700069228106612,3.0,0.0,3.0,1.0740740740740742,1.0,0.8934204325109799,0.7982000692281065,3.0,0.0,7.0,0.7777777777777778,0.0,1.2922004223278114,1.6697819314641742,7.0,0.0,0.0,0.0,0.0,0.0,0.0,0.0,0.0,0.0,0.0,0.0,0.0,0.0,0.0,0.0,7.0,0.1388888888888889,0.0,0.7668156431174282,0.5880062305295951,7.0,0.0,1.0,0.018518518518518517,0.0,0.13544536999096837,0.018345448251990314,1.0,0.0,3.0,0.23148148148148148,0.0,0.5736663767412138,0.32909311180339224,3.0,64.0,24.0,26.0,36.0,21.0,44.0,1.0,0.0
5,81,56 - Fowler GA,-15,14,40,160,5,20,3,12,26,104,8,32,8,32,1,4,0.0,0.0,1.0,1.0,55.0,18.0,0.0,15.0,1.3896103896103895,0.0,2.4663836948895344,6.083048530416951,15.0,0.0,2.0,0.5974025974025974,0.0,0.7301719382904612,0.5331510594668492,2.0,0.0,3.0,0.922077922077922,1.0,0.8548042830199842,0.7306903622693094,3.0,0.0,7.0,0.5974025974025974,0.0,1.300402167142517,1.691045796308955,7.0,0.0,0.0,0.0,0.0,0.0,0.0,0.0,0.0,0.0,0.0,0.0,0.0,0.0,0.0,0.0,7.0,0.3116883116883117,0.0,1.029304060489675,1.0594668489405326,7.0,0.0,0.0,0.0,0.0,0.0,0.0,0.0,0.0,3.0,0.3116883116883117,0.0,0.6931951244198711,0.4805194805194805,3.0,46.0,18.0,13.0,26.0,20.0,31.0,2.0,0.0
5,84,57 - Fowler Aftermath,133,17,50,200,7,28,0,0,40,160,7,28,10,40,1,5,0.0,2.0,1.0,1.0,98.0,57.0,0.0,16.0,0.8136645962732919,0.0,1.9943826392649036,3.9775621118012423,16.0,0.0,3.0,0.5031055900621118,0.0,0.6993230977388463,0.489052795031056,3.0,0.0,4.0,1.360248447204969,1.0,1.2920564762765592,1.6694099378881986,4.0,0.0,7.0,0.5962732919254659,0.0,1.0861565379100384,1.1797360248447206,7.0,0.0,0.0,0.0,0.0,0.0,0.0,0.0,0.0,0.0,0.0,0.0,0.0,0.0,0.0,0.0,7.0,0.22981366459627328,0.0,0.8678165647543908,0.7531055900621118,7.0,0.0,1.0,0.024844720496894408,0.0,0.15613738177508177,0.02437888198757764,1.0,0.0,6.0,0.33540372670807456,0.0,0.894036488201698,0.799301242236025,6.0,87.0,50.0,26.0,52.0,31.0,74.0,4.0,0.0
5,89,58 - Gosling M1,-135,14,70,280,2,8,0,0,60,240,6,24,6,24,1,4,0.0,0.0,1.0,1.0,67.0,34.0,0.0,21.0,1.7019230769230769,0.0,3.1310527640876833,9.80349141150112,21.0,0.0,4.0,0.4230769230769231,0.0,0.6782660315535289,0.4600448095593727,4.0,0.0,4.0,0.8653846153846154,0.0,1.1410920702426797,1.3020911127707246,4.0,0.0,6.0,0.5384615384615384,0.0,1.042058054427684,1.0858849887976103,6.0,0.0,0.0,0.0,0.0,0.0,0.0,0.0,0.0,0.0,0.0,0.0,0.0,0.0,0.0,0.0,7.0,0.33653846153846156,0.0,1.066803381517432,1.1380694548170278,7.0,0.0,1.0,0.04807692307692308,0.0,0.2149647834019842,0.04620985810306198,1.0,0.0,4.0,0.4423076923076923,0.0,0.8682861489423336,0.7539208364451082,4.0,52.0,28.0,22.0,35.0,19.0,52.0,1.0,0.0
5,91,59 - Evans / Fowler SR,10,14,65,260,4,16,0,0,54,216,9,36,6,24,1,6,0.0,0.0,2.0,1.0,96.0,42.0,0.0,24.0,1.25,0.0,2.873802578247375,8.258741258741258,24.0,0.0,4.0,0.6041666666666666,0.0,0.990999707154558,0.9820804195804196,4.0,0.0,4.0,1.0763888888888888,1.0,1.2631399498957085,1.595522533022533,4.0,0.0,6.0,0.3819444444444444,0.0,0.9236332013295594,0.8530982905982905,6.0,0.0,0.0,0.0,0.0,0.0,0.0,0.0,0.0,0.0,0.0,0.0,0.0,0.0,0.0,0.0,8.0,0.2638888888888889,0.0,1.0510475035415168,1.1047008547008548,8.0,0.0,3.0,0.05555555555555555,0.0,0.307886496608888,0.09479409479409481,3.0,0.0,5.0,0.3263888888888889,0.0,0.8514065787819368,0.7248931623931624,5.0,84.0,42.0,21.0,43.0,38.0,60.0,3.0,0.0
5,93,Gosling RC1,1,14,70,280,4,16,0,0,60,240,2,8,12,48,1,4,0.0,0.0,1.0,1.0,94.0,45.0,0.0,24.0,1.3986013986013985,0.0,3.3444085355521516,11.185068452674086,24.0,0.0,3.0,0.48951048951048953,0.0,0.7586787334991294,0.575593420663843,3.0,0.0,3.0,0.7552447552447552,1.0,0.8154907208113045,0.665025115729341,3.0,0.0,5.0,0.3916083916083916,0.0,0.8478221065979156,0.7188023244361272,5.0,0.0,0.0,0.0,0.0,0.0,0.0,0.0,0.0,0.0,0.0,0.0,0.0,0.0,0.0,0.0,8.0,0.34265734265734266,0.0,1.10762336040716,1.2268295085196494,8.0,0.0,3.0,0.06993006993006994,0.0,0.328255089109143,0.10775140352605139,3.0,0.0,5.0,0.34265734265734266,0.0,0.8566631555289255,0.733871762040776,5.0,80.0,48.0,25.0,41.0,29.0,63.0,2.0,0.0
6,1,Sprint 1,6,14,2,4,9,20,4,12,6,11,1,1,0,0,1,1,6.0,16.0,2.0,0.0,13.0,8.0,0.0,1.0,0.043478260869565216,0.0,0.2085144140570748,0.04347826086956523,1.0,0.0,0.0,0.0,0.0,0.0,0.0,0.0,1.0,1.0,1.0,1.0,0.0,0.0,0.0,0.0,1.0,0.08695652173913043,0.0,0.2881040655200304,0.08300395256916997,1.0,0.0,0.0,0.0,0.0,0.0,0.0,0.0,0.0,0.0,0.0,0.0,0.0,0.0,0.0,0.0,1.0,0.2608695652173913,0.0,0.4489777585448796,0.2015810276679842,1.0,0.0,0.0,0.0,0.0,0.0,0.0,0.0,0.0,3.0,0.30434782608695654,0.0,0.7029019463944166,0.4940711462450594,3.0,23.0,1.0,0.0,0.0,0.0,0.0,0.0,0.0
6,3,Sprint 2,0,4,10,31,8,14,8,33,10,12,0,0,0,0,1,4,0.0,18.0,0.0,0.0,12.0,6.0,0.0,2.0,0.5555555555555556,0.5,0.6156987634551994,0.3790849673202615,2.0,0.0,0.0,0.0,0.0,0.0,0.0,0.0,1.0,1.0,1.0,1.0,0.0,0.0,0.0,0.0,3.0,0.3333333333333333,0.0,0.7669649888473704,0.588235294117647,3.0,0.0,0.0,0.0,0.0,0.0,0.0,0.0,0.0,0.0,0.0,0.0,0.0,0.0,0.0,0.0,3.0,1.0555555555555556,1.0,0.5393048054696105,0.29084967320261434,3.0,0.0,1.0,0.1111111111111111,0.0,0.3233808333817773,0.10457516339869281,1.0,0.0,3.0,0.5,0.0,0.985184366143778,0.9705882352941176,3.0,17.0,0.0,0.0,0.0,0.0,1.0,0.0,0.0
6,4,Sprint 3,0,5,17,86,2,4,4,18,3,15,7,40,5,17,1,8,0.0,19.0,0.0,0.0,15.0,4.0,0.0,4.0,0.3157894736842105,0.0,1.002919714242558,1.0058479532163744,4.0,0.0,0.0,0.0,0.0,0.0,0.0,0.0,1.0,1.0,1.0,1.0,0.0,0.0,0.0,0.0,3.0,0.3684210526315789,0.0,0.8306975860878395,0.6900584795321636,3.0,0.0,0.0,0.0,0.0,0.0,0.0,0.0,0.0,0.0,0.0,0.0,0.0,0.0,0.0,0.0,3.0,1.0526315789473684,1.0,0.5242650104380328,0.27485380116959063,3.0,0.0,1.0,0.05263157894736842,0.0,0.22941573387056177,0.05263157894736842,1.0,0.0,4.0,0.631578947368421,0.0,1.2115429242540032,1.4678362573099413,4.0,15.0,0.0,0.0,0.0,0.0,4.0,0.0,0.0
6,5,Sprint 4,9,4,21,55,4,6,7,17,10,26,3,7,5,11,1,5,2.0,37.0,0.0,0.0,40.0,0.0,0.0,3.0,0.35,0.0,0.8022404524765274,0.6435897435897434,3.0,0.0,0.0,0.0,0.0,0.0,0.0,0.0,1.0,1.0,1.0,1.0,0.0,0.0,0.0,0.0,3.0,0.15,0.0,0.533493565673837,0.28461538461538466,3.0,0.0,0.0,0.0,0.0,0.0,0.0,0.0,0.0,0.0,0.0,0.0,0.0,0.0,0.0,0.0,1.0,0.075,0.0,0.2667467828369185,0.07115384615384615,1.0,0.0,0.0,0.0,0.0,0.0,0.0,0.0,0.0,2.0,0.125,0.0,0.40430377003131995,0.16346153846153846,2.0,36.0,0.0,0.0,0.0,0.0,4.0,0.0,1.0
6,6,Sprint 5,-36,6,25,63,9,33,1,1,4,21,9,25,20,49,1,10,0.0,32.0,0.0,0.0,34.0,0.0,0.0,4.0,0.5588235294117647,0.0,0.894128201457549,0.7994652406417113,4.0,0.0,0.0,0.0,0.0,0.0,0.0,0.0,1.0,1.0,1.0,1.0,0.0,0.0,0.0,0.0,1.0,0.08823529411764706,0.0,0.28790224128123654,0.08288770053475933,1.0,0.0,0.0,0.0,0.0,0.0,0.0,0.0,0.0,0.0,0.0,0.0,0.0,0.0,0.0,0.0,1.0,0.058823529411764705,0.0,0.23883257361061286,0.05704099821746881,1.0,0.0,0.0,0.0,0.0,0.0,0.0,0.0,0.0,9.0,0.5882352941176471,0.0,1.6165366469207525,2.6131907308377893,9.0,31.0,2.0,0.0,0.0,0.0,3.0,0.0,0.0
6,8,Sprint 6,33,9,20,77,23,52,1,5,1,12,6,23,35,89,1,10,0.0,53.0,1.0,0.0,58.0,1.0,0.0,4.0,0.5833333333333334,0.0,0.9074394347192632,0.823446327683616,4.0,0.0,0.0,0.0,0.0,0.0,0.0,0.0,1.0,1.0,1.0,1.0,0.0,0.0,0.0,0.0,2.0,0.15,0.0,0.444362045092337,0.19745762711864415,2.0,0.0,0.0,0.0,0.0,0.0,0.0,0.0,0.0,0.0,0.0,0.0,0.0,0.0,0.0,0.0,0.0,0.0,0.0,0.0,0.0,0.0,0.0,0.0,0.0,0.0,0.0,0.0,0.0,0.0,3.0,0.25,0.0,0.6277481952265331,0.3940677966101695,3.0,48.0,4.0,0.0,3.0,0.0,12.0,0.0,0.0
6,9,Sprint 7,22,3,10,24,1,8,3,11,3,2,2,11,3,8,1,4,0.0,17.0,0.0,0.0,15.0,2.0,0.0,2.0,0.23529411764705882,0.0,0.562295714538387,0.3161764705882352,2.0,0.0,1.0,0.058823529411764705,0.0,0.242535625036333,0.05882352941176471,1.0,1.0,1.0,1.0,1.0,0.0,0.0,0.0,0.0,3.0,0.35294117647058826,0.0,0.7859052479933757,0.6176470588235293,3.0,0.0,0.0,0.0,0.0,0.0,0.0,0.0,0.0,0.0,0.0,0.0,0.0,0.0,0.0,0.0,0.0,0.0,0.0,0.0,0.0,0.0,0.0,0.0,0.0,0.0,0.0,0.0,0.0,0.0,2.0,0.47058823529411764,0.0,0.6242642728467978,0.3897058823529412,2.0,10.0,0.0,0.0,0.0,0.0,7.0,0.0,0.0
6,10,Sprint 8,-16,3,18,91,5,17,1,4,9,32,9,55,4,17,1,7,0.0,24.0,0.0,0.0,21.0,4.0,0.0,3.0,0.6,0.0,0.9574271077563381,0.9166666666666666,3.0,0.0,1.0,0.12,0.0,0.33166247903553997,0.11,1.0,1.0,1.0,1.0,1.0,0.0,0.0,0.0,0.0,3.0,0.28,0.0,0.7371114795831993,0.5433333333333332,3.0,0.0,0.0,0.0,0.0,0.0,0.0,0.0,0.0,0.0,0.0,0.0,0.0,0.0,0.0,0.0,0.0,0.0,0.0,0.0,0.0,0.0,0.0,0.0,0.0,0.0,0.0,0.0,0.0,0.0,2.0,0.36,0.0,0.6377042156569664,0.40666666666666673,2.0,22.0,1.0,0.0,0.0,0.0,3.0,0.0,0.0
6,11,Sprint 9,-33,4,30,88,108,430,102,436,14,22,8,18,14,42,1,11,0.0,130.0,0.0,0.0,135.0,4.0,0.0,6.0,0.2014388489208633,0.0,0.6829163391704082,0.4663747263059119,6.0,0.0,1.0,0.11510791366906475,0.0,0.3203063906986985,0.1025961839224273,1.0,0.0,1.0,0.8705035971223022,1.0,0.3369628279955151,0.11354394745073507,1.0,0.0,7.0,0.5827338129496403,0.0,0.9772727548267477,0.9550620373266605,7.0,0.0,0.0,0.0,0.0,0.0,0.0,0.0,0.0,0.0,0.0,0.0,0.0,0.0,0.0,0.0,5.0,0.1223021582733813,0.0,0.5030404895490449,0.2530497341257428,5.0,0.0,0.0,0.0,0.0,0.0,0.0,0.0,0.0,3.0,0.26618705035971224,0.0,0.6321752138375182,0.3996455009905119,3.0,116.0,2.0,0.0,7.0,0.0,23.0,0.0,0.0
6,13,Sprint 10,-13,4,30,59,8,17,1,1,14,23,9,20,14,32,1,9,0.0,41.0,0.0,0.0,41.0,1.0,0.0,3.0,0.5,0.0,0.7407971974871922,0.5487804878048781,3.0,0.0,1.0,0.047619047619047616,0.0,0.21554026870452117,0.04645760743321719,1.0,1.0,1.0,1.0,1.0,0.0,0.0,0.0,0.0,7.0,0.47619047619047616,0.0,1.152687109579183,1.3286875725900116,7.0,0.0,0.0,0.0,0.0,0.0,0.0,0.0,0.0,0.0,0.0,0.0,0.0,0.0,0.0,0.0,2.0,0.09523809523809523,0.0,0.43108053740904234,0.18583042973286876,2.0,0.0,0.0,0.0,0.0,0.0,0.0,0.0,0.0,5.0,0.30952380952380953,0.0,0.896826253344299,0.8042973286875728,5.0,36.0,1.0,0.0,0.0,0.0,6.0,0.0,0.0
6,15,Sprint 11,10,3,11,31,22,60,6,30,11,16,9,32,7,13,1,10,0.0,33.0,2.0,0.0,37.0,0.0,0.0,5.0,0.5128205128205128,0.0,1.048100910966187,1.098515519568151,5.0,0.0,0.0,0.0,0.0,0.0,0.0,0.0,1.0,1.0,1.0,1.0,0.0,0.0,0.0,0.0,7.0,0.4358974358974359,0.0,1.1875421719907089,1.4102564102564106,7.0,0.0,0.0,0.0,0.0,0.0,0.0,0.0,0.0,0.0,0.0,0.0,0.0,0.0,0.0,0.0,2.0,0.05128205128205128,0.0,0.3202563076101743,0.1025641025641026,2.0,0.0,0.0,0.0,0.0,0.0,0.0,0.0,0.0,3.0,0.20512820512820512,0.0,0.6147094812094565,0.3778677462887991,3.0,32.0,6.0,0.0,0.0,0.0,7.0,0.0,0.0
6,16,Sprint 12,183,9,34,112,7,24,10,30,7,31,9,28,15,47,1,10,0.0,108.0,3.0,0.0,113.0,8.0,0.0,6.0,0.25,0.0,0.861318709131055,0.741869918699187,6.0,0.0,1.0,0.024193548387096774,0.0,0.15427299619963394,0.02380015735641227,1.0,1.0,1.0,1.0,1.0,0.0,0.0,0.0,0.0,2.0,0.1532258064516129,0.0,0.44254171341140314,0.1958431681091005,2.0,0.0,0.0,0.0,0.0,0.0,0.0,0.0,0.0,0.0,0.0,0.0,0.0,0.0,0.0,0.0,0.0,0.0,0.0,0.0,0.0,0.0,0.0,0.0,0.0,0.0,0.0,0.0,0.0,0.0,2.0,0.0967741935483871,0.0,0.34733257272616996,0.12063991607658016,2.0,103.0,16.0,0.0,0.0,0.0,21.0,0.0,0.0
6,18,Sprint 13,5,8,7,23,12,37,4,16,15,44,0,0,0,0,1,9,0.0,17.0,0.0,0.0,20.0,1.0,0.0,3.0,0.5454545454545454,0.0,0.857864054457777,0.7359307359307359,3.0,0.0,1.0,0.09090909090909091,0.0,0.29424494316824984,0.08658008658008656,1.0,0.0,1.0,0.9545454545454546,1.0,0.21320071635561047,0.04545454545454547,1.0,0.0,5.0,0.5454545454545454,0.0,1.1843130509275845,1.4025974025974033,5.0,0.0,0.0,0.0,0.0,0.0,0.0,0.0,0.0,0.0,0.0,0.0,0.0,0.0,0.0,0.0,1.0,0.22727272727272727,0.0,0.42893202722888846,0.18398268398268391,1.0,0.0,1.0,0.045454545454545456,0.0,0.2132007163556105,0.04545454545454548,1.0,0.0,1.0,0.09090909090909091,0.0,0.29424494316824984,0.08658008658008656,1.0,15.0,2.0,0.0,3.0,0.0,7.0,1.0,0.0
6,19,Sprint 14,16,9,24,123,5,16,5,24,4,40,12,51,8,24,1,7,0.0,33.0,0.0,0.0,34.0,2.0,0.0,12.0,0.9722222222222222,0.0,2.323619234988028,5.399206349206348,12.0,0.0,0.0,0.0,0.0,0.0,0.0,0.0,1.0,1.0,1.0,1.0,0.0,0.0,0.0,0.0,5.0,0.3055555555555556,0.0,0.9202311648848874,0.8468253968253968,5.0,0.0,0.0,0.0,0.0,0.0,0.0,0.0,0.0,0.0,0.0,0.0,0.0,0.0,0.0,0.0,0.0,0.0,0.0,0.0,0.0,0.0,0.0,0.0,0.0,0.0,0.0,0.0,0.0,0.0,2.0,0.16666666666666666,0.0,0.44721359549995787,0.19999999999999996,2.0,16.0,2.0,0.0,1.0,0.0,20.0,0.0,0.0
6,20,Sprint 15,29,7,14,72,7,28,3,19,4,34,10,41,4,6,1,5,0.0,37.0,0.0,0.0,37.0,0.0,0.0,6.0,0.32432432432432434,0.0,1.05551604161856,1.114114114114114,6.0,0.0,1.0,0.02702702702702703,0.0,0.1643989873053573,0.027027027027027025,1.0,1.0,1.0,1.0,1.0,0.0,0.0,0.0,0.0,3.0,0.2972972972972973,0.0,0.661012055061734,0.4369369369369369,3.0,0.0,0.0,0.0,0.0,0.0,0.0,0.0,0.0,0.0,0.0,0.0,0.0,0.0,0.0,0.0,0.0,0.0,0.0,0.0,0.0,0.0,0.0,0.0,0.0,0.0,0.0,0.0,0.0,0.0,3.0,0.16216216216216217,0.0,0.5534494613840601,0.30630630630630623,3.0,26.0,0.0,0.0,0.0,0.0,11.0,0.0,0.0
6,21,Sprint 16,55,22,19,88,8,19,2,22,2,7,9,44,14,34,1,6,0.0,42.0,0.0,0.0,42.0,3.0,0.0,6.0,0.8,0.0,1.4238232781046698,2.027272727272728,6.0,0.0,1.0,0.044444444444444446,0.0,0.2084090771399927,0.043434343434343436,1.0,1.0,1.0,1.0,1.0,0.0,0.0,0.0,0.0,4.0,0.5333333333333333,0.0,0.8420753583206844,0.709090909090909,4.0,0.0,0.0,0.0,0.0,0.0,0.0,0.0,0.0,0.0,0.0,0.0,0.0,0.0,0.0,0.0,2.0,0.06666666666666667,0.0,0.3302891295379081,0.10909090909090904,2.0,0.0,0.0,0.0,0.0,0.0,0.0,0.0,0.0,2.0,0.28888888888888886,0.0,0.5886124756277652,0.3464646464646465,2.0,32.0,3.0,0.0,0.0,0.0,13.0,0.0,0.0
6,24,Sprint 17,-23,7,16,121,0,0,0,0,14,115,2,6,0,0,1,6,0.0,20.0,0.0,0.0,19.0,1.0,0.0,1.0,0.1,0.0,0.30779350562554625,0.09473684210526317,1.0,0.0,0.0,0.0,0.0,0.0,0.0,0.0,1.0,1.0,1.0,1.0,0.0,0.0,0.0,0.0,1.0,0.2,0.0,0.4103913408340617,0.168421052631579,1.0,0.0,0.0,0.0,0.0,0.0,0.0,0.0,0.0,0.0,0.0,0.0,0.0,0.0,0.0,0.0,0.0,0.0,0.0,0.0,0.0,0.0,0.0,1.0,0.05,0.0,0.22360679774997894,0.04999999999999999,1.0,0.0,2.0,0.3,0.0,0.6569466853317862,0.431578947368421,2.0,18.0,0.0,0.0,0.0,0.0,2.0,0.0,0.0
6,25,Sprint 18,73,20,24,159,9,40,6,56,4,19,15,84,8,40,1,10,0.0,49.0,2.0,0.0,52.0,2.0,0.0,4.0,0.42857142857142855,0.0,0.8497516825978764,0.7220779220779221,4.0,0.0,1.0,0.017857142857142856,0.0,0.1336306209562122,0.01785714285714286,1.0,0.0,1.0,0.9821428571428571,1.0,0.13363062095621223,0.017857142857142863,1.0,0.0,5.0,0.30357142857142855,0.0,0.8294498254789212,0.6879870129870129,5.0,0.0,0.0,0.0,0.0,0.0,0.0,0.0,0.0,0.0,0.0,0.0,0.0,0.0,0.0,0.0,0.0,0.0,0.0,0.0,0.0,0.0,0.0,1.0,0.017857142857142856,0.0,0.1336306209562122,0.01785714285714286,1.0,0.0,7.0,0.6607142857142857,0.0,1.564106317175585,2.4464285714285716,7.0,35.0,3.0,0.0,4.0,0.0,21.0,0.0,0.0
6,28,Sprint 19,21,21,43,186,24,117,14,102,12,7,12,102,29,92,1,11,0.0,46.0,1.0,0.0,78.0,6.0,0.0,6.0,0.8235294117647058,0.0,1.2068896523929689,1.456582633053221,6.0,0.0,1.0,0.058823529411764705,0.0,0.23669053416557545,0.056022408963585436,1.0,1.0,2.0,1.011764705882353,1.0,0.10846522890932811,0.011764705882352946,1.0,0.0,3.0,0.25882352941176473,0.0,0.6201563008911657,0.3845938375350141,3.0,0.0,0.0,0.0,0.0,0.0,0.0,0.0,0.0,0.0,0.0,0.0,0.0,0.0,0.0,0.0,0.0,0.0,0.0,0.0,0.0,0.0,0.0,1.0,0.03529411764705882,0.0,0.18561729852738681,0.03445378151260503,1.0,0.0,6.0,0.36470588235294116,0.0,0.9740325948336221,0.9487394957983191,6.0,60.0,12.0,0.0,27.0,0.0,25.0,0.0,0.0
6,29,Sprint 20,48,28,7,37,19,42,3,8,2,4,6,15,15,52,1,10,0.0,25.0,1.0,0.0,39.0,5.0,0.0,15.0,1.0,0.0,2.486326242032244,6.181818181818182,15.0,0.0,0.0,0.0,0.0,0.0,0.0,0.0,1.0,1.0,1.0,1.0,0.0,0.0,0.0,0.0,2.0,0.4222222222222222,0.0,0.6904836542364176,0.4767676767676767,2.0,0.0,0.0,0.0,0.0,0.0,0.0,0.0,0.0,0.0,0.0,0.0,0.0,0.0,0.0,0.0,0.0,0.0,0.0,0.0,0.0,0.0,0.0,1.0,0.022222222222222223,0.0,0.14907119849998599,0.022222222222222223,1.0,0.0,1.0,0.08888888888888889,0.0,0.28779903201415186,0.08282828282828282,1.0,34.0,13.0,0.0,7.0,0.0,11.0,0.0,0.0
6,31,Sprint 21,208,27,4,16,18,81,2,8,20,89,0,0,0,0,1,7,0.0,58.0,0.0,0.0,67.0,7.0,0.0,9.0,0.918918918918919,0.5,1.5238447837108118,2.322102924842651,9.0,0.0,1.0,0.013513513513513514,0.0,0.11624763874381931,0.01351351351351352,1.0,0.0,1.0,0.9864864864864865,1.0,0.1162476387438193,0.013513513513513516,1.0,0.0,12.0,0.7567567567567568,0.0,1.5946040072764815,2.5427619400222135,12.0,0.0,0.0,0.0,0.0,0.0,0.0,0.0,0.0,0.0,0.0,0.0,0.0,0.0,0.0,0.0,3.0,0.6756756756756757,1.0,0.5516626949407248,0.3043317289892632,3.0,0.0,1.0,0.02702702702702703,0.0,0.16326908396901554,0.026656793780081445,1.0,0.0,7.0,0.4864864864864865,0.0,1.1255834802660174,1.26693817104776,7.0,48.0,5.0,0.0,11.0,0.0,26.0,0.0,0.0
6,35,Sprint 22,63,20,15,68,14,54,3,15,6,33,8,33,12,41,1,6,0.0,46.0,2.0,0.0,45.0,8.0,0.0,9.0,1.1090909090909091,0.0,1.8626218804041443,3.4693602693602705,9.0,0.0,1.0,0.07272727272727272,0.0,0.26208179770229884,0.0686868686868687,1.0,1.0,1.0,1.0,1.0,0.0,0.0,0.0,0.0,12.0,0.9090909090909091,0.0,1.8685776653868287,3.4915824915824913,12.0,0.0,0.0,0.0,0.0,0.0,0.0,0.0,0.0,0.0,0.0,0.0,0.0,0.0,0.0,0.0,3.0,0.8727272727272727,1.0,0.7467099554551001,0.5575757575757576,3.0,0.0,1.0,0.07272727272727272,0.0,0.26208179770229884,0.0686868686868687,1.0,0.0,4.0,0.32727272727272727,0.0,0.8177327611676497,0.6686868686868684,4.0,24.0,5.0,0.0,4.0,0.0,31.0,0.0,0.0
6,39,Sprint 23,16,14,12,57,9,50,2,14,12,56,3,19,4,18,1,6,0.0,33.0,0.0,0.0,27.0,8.0,0.0,7.0,0.9428571428571428,0.0,1.5707408732048398,2.4672268907563026,7.0,0.0,1.0,0.08571428571428572,0.0,0.2840286409986905,0.08067226890756303,1.0,1.0,1.0,1.0,1.0,0.0,0.0,0.0,0.0,6.0,0.7428571428571429,0.0,1.4004801097534822,1.961344537815126,6.0,0.0,0.0,0.0,0.0,0.0,0.0,0.0,0.0,0.0,0.0,0.0,0.0,0.0,0.0,0.0,3.0,0.7714285714285715,1.0,0.7310634592924236,0.534453781512605,3.0,0.0,1.0,0.05714285714285714,0.0,0.2355041079768028,0.055462184873949584,1.0,0.0,1.0,0.08571428571428572,0.0,0.2840286409986905,0.08067226890756303,1.0,22.0,1.0,0.0,1.0,0.0,13.0,0.0,0.0
6,41,Sprint 24,89,16,16,92,13,60,4,14,8,50,5,26,12,62,1,10,0.0,61.0,0.0,0.0,49.0,15.0,0.0,9.0,0.5454545454545454,0.0,1.3264390522902132,1.759440559440559,9.0,0.0,1.0,0.07575757575757576,0.0,0.26663752754548836,0.07109557109557108,1.0,0.0,1.0,0.9848484848484849,1.0,0.12309149097933272,0.015151515151515148,1.0,0.0,6.0,0.3787878787878788,0.0,0.8903785109569373,0.7927738927738929,6.0,0.0,0.0,0.0,0.0,0.0,0.0,0.0,0.0,0.0,0.0,0.0,0.0,0.0,0.0,0.0,5.0,0.8333333333333334,1.0,0.7958224257542215,0.6333333333333334,5.0,0.0,1.0,0.045454545454545456,0.0,0.2098950786844324,0.04405594405594407,1.0,0.0,4.0,0.2727272727272727,0.0,0.6916080380690195,0.4783216783216783,4.0,42.0,0.0,0.0,5.0,0.0,24.0,2.0,0.0
6,43,Sprint 25,131,12,15,63,14,39,6,22,23,80,0,0,0,0,1,11,0.0,54.0,6.0,1.0,54.0,18.0,0.0,7.0,0.6172839506172839,0.0,1.2606337814227404,1.5891975308641977,7.0,0.0,1.0,0.1728395061728395,0.0,0.3804643037391985,0.14475308641975307,1.0,1.0,1.0,1.0,1.0,0.0,0.0,0.0,0.0,2.0,0.2716049382716049,0.0,0.5480042353625642,0.30030864197530865,2.0,0.0,0.0,0.0,0.0,0.0,0.0,0.0,0.0,0.0,0.0,0.0,0.0,0.0,0.0,0.0,5.0,0.5432098765432098,0.0,0.8951170693832371,0.8012345679012348,5.0,0.0,2.0,0.1111111111111111,0.0,0.3535533905932738,0.12500000000000003,2.0,0.0,4.0,0.24691358024691357,0.0,0.7164297627390083,0.5132716049382716,4.0,61.0,19.0,0.0,8.0,0.0,20.0,2.0,0.0
6,45,Sprint 26,-59,13,18,104,37,163,17,125,26,114,7,18,5,10,1,10,0.0,37.0,1.0,0.0,53.0,14.0,0.0,3.0,0.4857142857142857,0.0,0.6537042087569759,0.4273291925465839,3.0,0.0,1.0,0.2,0.0,0.4028881241482679,0.16231884057971013,1.0,0.0,1.0,0.9714285714285714,1.0,0.1678015193509294,0.028157349896480333,1.0,0.0,6.0,0.5714285714285714,0.0,1.136628992168733,1.2919254658385093,6.0,0.0,0.0,0.0,0.0,0.0,0.0,0.0,0.0,0.0,0.0,0.0,0.0,0.0,0.0,0.0,5.0,1.1714285714285715,1.0,1.035198343683975,1.0716356107660452,5.0,0.0,2.0,0.04285714285714286,0.0,0.26570738431341145,0.07060041407867493,2.0,0.0,4.0,0.3142857142857143,0.0,0.7716509149709921,0.5954451345755694,4.0,30.0,12.0,0.0,21.0,0.0,40.0,2.0,0.0
6,47,Sprint 27,82,21,67,336,2,3,17,100,14,90,17,81,21,68,1,15,0.0,67.0,4.0,0.0,77.0,27.0,0.0,9.0,0.954954954954955,0.0,1.631437667086568,2.661588861588864,9.0,0.0,1.0,0.22522522522522523,0.0,0.41962504225221836,0.17608517608517604,1.0,0.0,1.0,0.990990990990991,1.0,0.09491579957524993,0.009009009009009014,1.0,0.0,6.0,0.4594594594594595,0.0,0.9023583624318079,0.814250614250614,6.0,0.0,0.0,0.0,0.0,0.0,0.0,0.0,0.0,0.0,0.0,0.0,0.0,0.0,0.0,0.0,5.0,1.018018018018018,1.0,1.0701060438699266,1.145126945126945,5.0,0.0,1.0,0.08108108108108109,0.0,0.2741975112656481,0.07518427518427523,1.0,0.0,7.0,0.36036036036036034,0.0,0.9024491201250153,0.8144144144144144,7.0,58.0,22.0,0.0,22.0,0.0,53.0,3.0,0.0
6,49,Sprint 28,37,9,19,85,6,11,6,25,5,36,7,16,7,19,1,10,0.0,27.0,3.0,0.0,25.0,10.0,0.0,5.0,0.9743589743589743,1.0,1.3275854514509353,1.7624831309041837,5.0,0.0,1.0,0.15384615384615385,0.0,0.36551776819519566,0.13360323886639677,1.0,1.0,1.0,1.0,1.0,0.0,0.0,0.0,0.0,3.0,0.46153846153846156,0.0,0.7896086254446046,0.623481781376518,3.0,0.0,0.0,0.0,0.0,0.0,0.0,0.0,0.0,0.0,0.0,0.0,0.0,0.0,0.0,0.0,7.0,1.3076923076923077,1.0,1.5244299392481484,2.3238866396761138,7.0,0.0,1.0,0.07692307692307693,0.0,0.2699527623995085,0.07287449392712549,1.0,0.0,5.0,0.4358974358974359,0.0,1.1423630125147057,1.3049932523616736,5.0,17.0,6.0,0.0,6.0,0.0,22.0,1.0,0.0
6,50,Sprint 29,-6,8,19,70,3,13,0,0,12,39,5,24,5,20,1,8,0.0,20.0,0.0,0.0,26.0,4.0,0.0,5.0,1.1290322580645162,0.0,1.4546920747216798,2.116129032258065,5.0,0.0,1.0,0.2903225806451613,0.0,0.4614143753790638,0.21290322580645163,1.0,1.0,1.0,1.0,1.0,0.0,0.0,0.0,0.0,3.0,0.4838709677419355,0.0,0.8112117578838661,0.6580645161290323,3.0,0.0,0.0,0.0,0.0,0.0,0.0,0.0,0.0,0.0,0.0,0.0,0.0,0.0,0.0,0.0,11.0,1.935483870967742,1.0,2.1746338216041146,4.7290322580645165,11.0,0.0,1.0,0.12903225806451613,0.0,0.3407771005482388,0.11612903225806447,1.0,0.0,5.0,0.41935483870967744,0.0,1.0574873852167095,1.1182795698924735,5.0,18.0,6.0,0.0,5.0,0.0,13.0,1.0,0.0
6,51,Sprint 30,39,19,12,65,30,139,0,0,8,45,12,62,22,97,1,12,2.0,37.0,0.0,0.0,43.0,23.0,0.0,9.0,1.2835820895522387,0.0,1.8074422757810045,3.2668475802804164,9.0,0.0,1.0,0.14925373134328357,0.0,0.35902778415670306,0.12890094979647215,1.0,1.0,1.0,1.0,1.0,0.0,0.0,0.0,0.0,6.0,0.6865671641791045,0.0,1.090023008151393,1.1881501582994118,6.0,0.0,0.0,0.0,0.0,0.0,0.0,0.0,0.0,0.0,0.0,0.0,0.0,0.0,0.0,0.0,5.0,1.1940298507462686,1.0,1.131354859130083,1.2799638172772503,5.0,0.0,2.0,0.16417910447761194,0.0,0.41183311291115837,0.16960651289009493,2.0,0.0,3.0,0.34328358208955223,0.0,0.7082252425043234,0.5015829941203076,3.0,30.0,17.0,0.0,11.0,0.0,37.0,1.0,0.0
6,54,Sprint 31,100,17,26,105,2,6,2,7,1,4,8,34,17,66,1,12,0.0,48.0,4.0,3.0,38.0,19.0,0.0,13.0,1.476923076923077,0.0,2.7220608708505,7.409615384615383,13.0,0.0,1.0,0.03076923076923077,0.0,0.1740358053345964,0.030288461538461535,1.0,1.0,1.0,1.0,1.0,0.0,0.0,0.0,0.0,3.0,0.4307692307692308,0.0,0.7699275690209186,0.5927884615384614,3.0,0.0,0.0,0.0,0.0,0.0,0.0,0.0,0.0,0.0,0.0,0.0,0.0,0.0,0.0,0.0,7.0,0.9692307692307692,1.0,1.4892241139393565,2.2177884615384618,7.0,0.0,1.0,0.18461538461538463,0.0,0.3910046232266511,0.15288461538461537,1.0,0.0,2.0,0.24615384615384617,0.0,0.5598763599773957,0.3134615384615384,2.0,40.0,11.0,0.0,6.0,0.0,25.0,1.0,0.0
6,57,Sprint 32,38,8,40,110,8,19,3,16,3,-5,8,26,34,92,1,11,0.0,35.0,6.0,0.0,46.0,16.0,0.0,13.0,1.9275362318840579,1.0,2.562850208951137,6.568201193520887,13.0,0.0,2.0,0.14492753623188406,0.0,0.42961550247389746,0.1845694799658994,2.0,1.0,3.0,1.0289855072463767,1.0,0.24077170617153834,0.057971014492753596,2.0,0.0,5.0,0.2028985507246377,0.0,0.6769244928117589,0.458226768968457,5.0,0.0,0.0,0.0,0.0,0.0,0.0,0.0,0.0,0.0,0.0,0.0,0.0,0.0,0.0,0.0,11.0,1.4782608695652173,1.0,2.011793870655022,4.047314578005115,11.0,0.0,1.0,0.15942028985507245,0.0,0.3687494129924381,0.13597612958226765,1.0,0.0,7.0,0.4057971014492754,0.0,1.088966598360306,1.185848252344416,7.0,49.0,16.0,0.0,18.0,0.0,20.0,1.0,0.0
6,60,Sprint 33,0,20,13,89,2,5,6,30,1,8,7,63,1,2,1,10,0.0,7.0,0.0,0.0,10.0,5.0,0.0,7.0,1.9333333333333333,1.0,2.1865389045137933,4.78095238095238,7.0,0.0,1.0,0.26666666666666666,0.0,0.4577377082170635,0.20952380952380958,1.0,0.0,1.0,0.8666666666666667,1.0,0.35186577527449836,0.12380952380952377,1.0,0.0,1.0,0.13333333333333333,0.0,0.35186577527449836,0.12380952380952379,1.0,0.0,0.0,0.0,0.0,0.0,0.0,0.0,0.0,0.0,0.0,0.0,0.0,0.0,0.0,0.0,7.0,1.2,0.0,2.1447610589527217,4.6000000000000005,7.0,0.0,1.0,0.26666666666666666,0.0,0.4577377082170635,0.20952380952380958,1.0,0.0,2.0,0.26666666666666666,0.0,0.5936168397046635,0.3523809523809522,2.0,11.0,3.0,0.0,5.0,0.0,4.0,0.0,0.0
6,62,Sprint 34,-14,23,15,70,0,0,1,8,12,57,2,5,0,0,1,6,0.0,13.0,0.0,0.0,14.0,1.0,0.0,7.0,1.0,0.0,1.8126539343499315,3.2857142857142856,7.0,0.0,1.0,0.13333333333333333,0.0,0.35186577527449836,0.12380952380952377,1.0,0.0,2.0,0.9333333333333333,1.0,0.4577377082170634,0.20952380952380947,2.0,0.0,2.0,0.26666666666666666,0.0,0.5936168397046636,0.3523809523809523,2.0,0.0,0.0,0.0,0.0,0.0,0.0,0.0,0.0,0.0,0.0,0.0,0.0,0.0,0.0,0.0,7.0,1.2,0.0,2.242447642325552,5.028571428571428,7.0,0.0,0.0,0.0,0.0,0.0,0.0,0.0,0.0,4.0,0.6,0.0,1.1832159566199232,1.3999999999999997,4.0,8.0,0.0,0.0,2.0,0.0,7.0,0.0,0.0
6,64,Sprint 35,-5,8,11,27,1,5,0,0,1,6,8,21,3,5,1,6,0.0,12.0,0.0,0.0,9.0,7.0,0.0,8.0,1.0625,0.0,2.080664957811965,4.329166666666667,8.0,0.0,1.0,0.125,0.0,0.3415650255319866,0.11666666666666667,1.0,1.0,2.0,1.0625,1.0,0.25,0.0625,1.0,0.0,0.0,0.0,0.0,0.0,0.0,0.0,0.0,0.0,0.0,0.0,0.0,0.0,0.0,0.0,0.0,0.0,0.0,0.0,0.0,0.0,0.0,7.0,1.3125,1.0,1.9224550276491081,3.6958333333333333,7.0,0.0,1.0,0.125,0.0,0.3415650255319866,0.11666666666666667,1.0,0.0,5.0,0.75,0.0,1.390443574307614,1.9333333333333333,5.0,8.0,3.0,0.0,1.0,0.0,8.0,0.0,0.0
6,65,Sprint 36,-22,10,29,119,1,5,2,13,14,59,8,23,6,29,1,10,2.0,24.0,2.0,0.0,30.0,6.0,0.0,4.0,0.7368421052631579,0.0,1.0049663306533203,1.0099573257467989,4.0,0.0,1.0,0.15789473684210525,0.0,0.369537021476632,0.13655761024182075,1.0,0.0,2.0,0.9210526315789473,1.0,0.35879520224642053,0.1287339971550498,2.0,0.0,4.0,0.3684210526315789,0.0,0.8517407495298512,0.7254623044096729,4.0,0.0,0.0,0.0,0.0,0.0,0.0,0.0,0.0,0.0,0.0,0.0,0.0,0.0,0.0,0.0,5.0,0.6052631578947368,0.0,1.1517195999827181,1.3264580369843524,5.0,0.0,1.0,0.05263157894736842,0.0,0.22629428592141426,0.051209103840682786,1.0,0.0,4.0,0.5789473684210527,0.0,1.0560400009666,1.1152204836415367,4.0,26.0,7.0,0.0,5.0,0.0,12.0,0.0,0.0
6,66,Sprint 37,1,11,34,131,3,17,4,17,10,45,10,54,13,32,1,10,4.0,32.0,0.0,0.0,41.0,5.0,0.0,11.0,0.8913043478260869,0.0,1.8163242597138658,3.2990338164251223,11.0,0.0,1.0,0.043478260869565216,0.0,0.2061845709423622,0.04251207729468599,1.0,0.0,2.0,1.1521739130434783,1.0,0.4199148752014614,0.17632850241545892,2.0,0.0,9.0,0.45652173913043476,0.0,1.4561215110946146,2.120289855072464,9.0,0.0,0.0,0.0,0.0,0.0,0.0,0.0,0.0,0.0,0.0,0.0,0.0,0.0,0.0,0.0,9.0,1.4782608695652173,1.0,1.7222611807966952,2.966183574879227,9.0,0.0,1.0,0.043478260869565216,0.0,0.2061845709423622,0.04251207729468599,1.0,0.0,3.0,0.391304347826087,0.0,0.802170967356439,0.6434782608695652,3.0,27.0,6.0,0.0,4.0,0.0,19.0,0.0,0.0
6,67,Sprint 38,21,14,36,185,9,23,1,5,17,109,10,43,17,51,1,10,6.0,49.0,2.0,3.0,57.0,6.0,0.0,6.0,0.6176470588235294,0.0,1.3497308937390478,1.8217734855136087,6.0,0.0,2.0,0.2647058823529412,0.0,0.47685684384007776,0.2273924495171203,2.0,0.0,2.0,1.0441176470588236,1.0,0.2695393267023518,0.07265144863915715,2.0,0.0,9.0,0.5294117647058824,0.0,1.2633831415083812,1.5961369622475865,9.0,0.0,0.0,0.0,0.0,0.0,0.0,0.0,0.0,0.0,0.0,0.0,0.0,0.0,0.0,0.0,3.0,0.5588235294117647,0.0,0.6993035542099304,0.48902546093064103,3.0,0.0,0.0,0.0,0.0,0.0,0.0,0.0,0.0,5.0,0.7058823529411765,0.0,1.1468167953391655,1.3151887620719933,5.0,47.0,11.0,0.0,2.0,0.0,21.0,0.0,0.0
6,68,Sprint 39,-16,15,27,125,2,4,6,29,12,63,5,17,6,20,1,7,2.0,30.0,0.0,1.0,34.0,6.0,0.0,6.0,1.024390243902439,0.0,1.6353563048774535,2.6743902439024385,6.0,0.0,1.0,0.1951219512195122,0.0,0.4012176588288426,0.16097560975609754,1.0,0.0,2.0,1.0731707317073171,1.0,0.5652540978373808,0.3195121951219513,2.0,0.0,9.0,0.6097560975609756,0.0,1.5632985764160314,2.4439024390243906,9.0,0.0,0.0,0.0,0.0,0.0,0.0,0.0,0.0,0.0,0.0,0.0,0.0,0.0,0.0,0.0,9.0,1.4390243902439024,0.0,2.5695211663635393,6.602439024390243,9.0,0.0,0.0,0.0,0.0,0.0,0.0,0.0,0.0,4.0,0.5609756097560976,0.0,1.0499709635938719,1.102439024390244,4.0,25.0,8.0,0.0,1.0,0.0,16.0,0.0,0.0
6,70,Sprint 40,20,14,33,144,6,17,5,29,16,55,9,51,9,26,1,10,4.0,46.0,1.0,2.0,57.0,1.0,0.0,4.0,0.4426229508196721,0.0,0.8664985124806319,0.7508196721311478,4.0,0.0,1.0,0.18032786885245902,0.0,0.3876509048663705,0.15027322404371585,1.0,0.0,2.0,1.0,1.0,0.408248290463863,0.16666666666666666,2.0,0.0,4.0,0.4098360655737705,0.0,0.8241571286336095,0.6792349726775958,4.0,0.0,0.0,0.0,0.0,0.0,0.0,0.0,0.0,0.0,0.0,0.0,0.0,0.0,0.0,0.0,17.0,1.0491803278688525,1.0,2.2317872472392817,4.980874316939891,17.0,0.0,0.0,0.0,0.0,0.0,0.0,0.0,0.0,4.0,0.4918032786885246,0.0,0.8683883697146901,0.7540983606557373,4.0,44.0,11.0,0.0,0.0,0.0,17.0,0.0,0.0
6,72,Sprint 41,44,23,28,108,13,51,9,31,5,34,14,68,13,26,1,10,1.0,57.0,1.0,2.0,64.0,10.0,0.0,4.0,0.42857142857142855,0.0,0.9094326083734476,0.8270676691729326,4.0,0.0,1.0,0.2077922077922078,0.0,0.4083877909943187,0.16678058783321936,1.0,0.0,2.0,0.9090909090909091,1.0,0.36927447293799814,0.13636363636363633,2.0,0.0,4.0,0.35064935064935066,0.0,0.7568326270895068,0.5727956254272045,4.0,0.0,0.0,0.0,0.0,0.0,0.0,0.0,0.0,0.0,0.0,0.0,0.0,0.0,0.0,0.0,3.0,0.5844155844155844,0.0,0.7669256697437015,0.588174982911825,3.0,0.0,1.0,0.025974025974025976,0.0,0.16010078848765158,0.02563226247436775,1.0,0.0,4.0,0.45454545454545453,0.0,0.9806745066729721,0.9617224880382772,4.0,47.0,13.0,0.0,6.0,0.0,30.0,0.0,0.0
6,73,Sprint 42,10,7,21,64,4,19,2,8,13,44,7,26,3,5,1,8,7.0,31.0,3.0,2.0,38.0,6.0,0.0,10.0,0.5714285714285714,0.0,1.5942605391424158,2.5416666666666665,10.0,0.0,1.0,0.061224489795918366,0.0,0.24222607082590245,0.05867346938775511,1.0,0.0,2.0,0.9795918367346939,1.0,0.2491482087673375,0.062074829931972796,2.0,0.0,3.0,0.3877551020408163,0.0,0.7307623453915623,0.5340136054421769,3.0,0.0,0.0,0.0,0.0,0.0,0.0,0.0,0.0,0.0,0.0,0.0,0.0,0.0,0.0,0.0,9.0,0.7346938775510204,0.0,1.7768829238782358,3.1573129251700682,9.0,0.0,1.0,0.02040816326530612,0.0,0.14285714285714285,0.02040816326530612,1.0,0.0,4.0,0.2653061224489796,0.0,0.8606080748537056,0.7406462585034014,4.0,33.0,6.0,0.0,5.0,0.0,16.0,0.0,0.0
6,74,Sprint 43,-40,9,12,63,0,0,4,9,8,54,0,0,0,0,1,4,0.0,19.0,0.0,0.0,22.0,1.0,0.0,1.0,0.043478260869565216,0.0,0.2085144140570748,0.04347826086956523,1.0,0.0,1.0,0.17391304347826086,0.0,0.3875533878815898,0.150197628458498,1.0,0.0,2.0,0.9565217391304348,1.0,0.638055345958271,0.4071146245059289,2.0,0.0,4.0,0.30434782608695654,0.0,1.0195713274212868,1.0395256916996045,4.0,0.0,0.0,0.0,0.0,0.0,0.0,0.0,0.0,0.0,0.0,0.0,0.0,0.0,0.0,0.0,2.0,0.13043478260869565,0.0,0.45769658728016016,0.20948616600790526,2.0,0.0,0.0,0.0,0.0,0.0,0.0,0.0,0.0,4.0,0.43478260869565216,0.0,0.9920633665850976,0.9841897233201577,4.0,20.0,3.0,0.0,1.0,0.0,3.0,0.0,0.0
6,77,Sprint 44,21,11,24,112,7,24,6,29,25,107,0,0,0,0,1,12,5.0,36.0,1.0,1.0,43.0,5.0,0.0,7.0,0.64,0.0,1.3364589215458857,1.786122448979592,7.0,0.0,1.0,0.28,0.0,0.4535573676110727,0.2057142857142857,1.0,0.0,3.0,1.14,1.0,0.5717856027482715,0.32693877551020417,3.0,0.0,4.0,0.4,0.0,0.9689042833036098,0.9387755102040817,4.0,0.0,0.0,0.0,0.0,0.0,0.0,0.0,0.0,0.0,0.0,0.0,0.0,0.0,0.0,0.0,6.0,0.52,0.0,1.2493263490900255,1.560816326530612,6.0,0.0,1.0,0.02,0.0,0.1414213562373095,0.019999999999999997,1.0,0.0,5.0,0.98,0.0,1.332329554133033,1.7751020408163263,5.0,34.0,7.0,0.0,2.0,0.0,16.0,0.0,0.0
6,78,Sprint 45,-9,11,20,114,6,18,7,33,5,31,8,46,6,22,1,12,5.0,24.0,4.0,1.0,34.0,1.0,0.0,4.0,0.725,0.0,1.1980218738639166,1.43525641025641,4.0,0.0,2.0,0.325,0.0,0.5723321610429581,0.3275641025641026,2.0,0.0,2.0,1.225,1.0,0.6196566460342041,0.383974358974359,2.0,0.0,2.0,0.525,0.0,0.6788942744621109,0.4608974358974359,2.0,0.0,0.0,0.0,0.0,0.0,0.0,0.0,0.0,0.0,0.0,0.0,0.0,0.0,0.0,0.0,5.0,0.425,0.0,1.1958796783657648,1.4301282051282052,5.0,0.0,0.0,0.0,0.0,0.0,0.0,0.0,0.0,8.0,0.975,0.0,1.7169964831288744,2.948076923076923,8.0,25.0,9.0,0.0,2.0,0.0,15.0,0.0,0.0
6,79,Sprint 46,-6,11,23,107,10,33,9,56,24,84,0,0,0,0,1,12,4.0,27.0,1.0,1.0,41.0,3.0,0.0,7.0,0.7391304347826086,0.0,1.3570357009746672,1.8415458937198066,7.0,0.0,1.0,0.2391304347826087,0.0,0.43126597148888446,0.18599033816425128,1.0,0.0,2.0,1.0217391304347827,1.0,0.6827763725256074,0.46618357487922707,2.0,0.0,4.0,0.41304347826086957,0.0,0.7767764430723149,0.6033816425120772,4.0,0.0,0.0,0.0,0.0,0.0,0.0,0.0,0.0,0.0,0.0,0.0,0.0,0.0,0.0,0.0,11.0,0.9565217391304348,0.0,1.8252125810939326,3.3314009661835757,11.0,0.0,1.0,0.043478260869565216,0.0,0.2061845709423622,0.04251207729468599,1.0,0.0,4.0,0.5434782608695652,0.0,1.0478872233452612,1.0980676328502414,4.0,32.0,11.0,0.0,4.0,0.0,14.0,0.0,0.0
6,80,Sprint 47,21,18,20,88,10,35,6,23,6,27,10,49,8,24,1,12,2.0,36.0,1.0,2.0,39.0,9.0,0.0,9.0,0.8235294117647058,0.0,1.946338946359972,3.7882352941176465,9.0,0.0,2.0,0.23529411764705882,0.0,0.4727889717037675,0.22352941176470587,2.0,0.0,2.0,0.9803921568627451,1.0,0.6477714435950808,0.41960784313725497,2.0,0.0,2.0,0.3137254901960784,0.0,0.6779438347955198,0.45960784313725506,2.0,0.0,0.0,0.0,0.0,0.0,0.0,0.0,0.0,0.0,0.0,0.0,0.0,0.0,0.0,0.0,3.0,0.35294117647058826,0.0,0.7436001455557875,0.5529411764705884,3.0,0.0,0.0,0.0,0.0,0.0,0.0,0.0,0.0,13.0,0.47058823529411764,0.0,1.8799249046328481,3.5341176470588227,13.0,37.0,11.0,0.0,2.0,0.0,14.0,0.0,0.0
6,82,Sprint 48,-38,11,29,136,17,47,16,65,2,20,17,70,11,28,1,12,1.0,41.0,3.0,2.0,44.0,7.0,0.0,12.0,1.0178571428571428,0.0,2.540515849039478,6.454220779220779,12.0,0.0,2.0,0.25,0.0,0.4767312946227962,0.22727272727272727,2.0,0.0,2.0,1.0,1.0,0.6324555320336759,0.4,2.0,0.0,4.0,0.48214285714285715,0.0,0.8310140886798585,0.6905844155844156,4.0,0.0,0.0,0.0,0.0,0.0,0.0,0.0,0.0,0.0,0.0,0.0,0.0,0.0,0.0,0.0,6.0,1.1964285714285714,1.0,1.3674082034290986,1.869805194805195,6.0,0.0,1.0,0.03571428571428571,0.0,0.1872563351797078,0.03506493506493507,1.0,0.0,6.0,0.4107142857142857,0.0,0.9867630408063016,0.9737012987012988,6.0,39.0,12.0,0.0,2.0,0.0,17.0,0.0,0.0
6,83,Sprint 49,59,11,31,119,11,28,5,22,0,0,8,34,29,92,1,13,1.0,43.0,4.0,0.0,53.0,11.0,0.0,7.0,0.5735294117647058,0.0,1.3306510186560543,1.770632133450395,7.0,0.0,2.0,0.2647058823529412,0.0,0.47685684384007776,0.22739244951712032,2.0,0.0,2.0,0.9558823529411765,1.0,0.40274518922654723,0.16220368744512734,2.0,0.0,4.0,0.4117647058823529,0.0,0.8849537321179365,0.7831431079894644,4.0,0.0,0.0,0.0,0.0,0.0,0.0,0.0,0.0,0.0,0.0,0.0,0.0,0.0,0.0,0.0,9.0,1.0441176470588236,1.0,1.587580751542739,2.5204126426690077,9.0,0.0,1.0,0.014705882352941176,0.0,0.12126781251816653,0.014705882352941185,1.0,0.0,6.0,0.39705882352941174,0.0,0.9000780377834403,0.8101404741000882,6.0,42.0,19.0,0.0,5.0,0.0,26.0,0.0,0.0
6,85,Sprint 50,16,13,22,94,10,20,4,16,28,98,0,0,0,0,1,13,0.0,46.0,4.0,1.0,54.0,8.0,0.0,5.0,0.417910447761194,0.0,1.0891928305685443,1.1863410221619177,5.0,0.0,2.0,0.19402985074626866,0.0,0.434804239133152,0.18905472636815926,2.0,0.0,2.0,0.9850746268656716,1.0,0.4764940558449187,0.2270465852555405,2.0,0.0,2.0,0.11940298507462686,0.0,0.3701919264586908,0.13704206241519676,2.0,0.0,0.0,0.0,0.0,0.0,0.0,0.0,0.0,0.0,0.0,0.0,0.0,0.0,0.0,0.0,5.0,0.8656716417910447,0.0,1.2296282067807731,1.5119855269109,5.0,0.0,1.0,0.029850746268656716,0.0,0.17145979772029107,0.029398462234283135,1.0,0.0,4.0,0.208955223880597,0.0,0.616375363616857,0.37991858887381263,4.0,50.0,20.0,0.0,1.0,0.0,17.0,0.0,0.0
6,86,Sprint 51,-29,13,27,95,5,10,3,6,7,39,6,32,16,28,1,13,0.0,31.0,2.0,0.0,30.0,4.0,0.0,4.0,0.4722222222222222,0.0,0.9705995528865093,0.9420634920634918,4.0,0.0,1.0,0.1111111111111111,0.0,0.3187276291558383,0.1015873015873016,1.0,0.0,2.0,0.9166666666666666,1.0,0.5542047068934521,0.30714285714285716,2.0,0.0,2.0,0.2222222222222222,0.0,0.48468611999997996,0.23492063492063495,2.0,0.0,0.0,0.0,0.0,0.0,0.0,0.0,0.0,0.0,0.0,0.0,0.0,0.0,0.0,0.0,4.0,0.9722222222222222,1.0,1.133543397899099,1.2849206349206348,4.0,0.0,1.0,0.05555555555555555,0.0,0.2323106841457232,0.05396825396825397,1.0,0.0,3.0,0.25,0.0,0.6035608621222174,0.36428571428571427,3.0,27.0,5.0,0.0,0.0,0.0,9.0,0.0,0.0
6,87,Sprint 52,-2,14,14,84,1,1,3,18,3,15,7,50,2,2,1,9,0.0,19.0,1.0,2.0,19.0,4.0,0.0,1.0,0.11538461538461539,0.0,0.32581259360842113,0.10615384615384617,1.0,0.0,1.0,0.23076923076923078,0.0,0.4296689244236597,0.1846153846153846,1.0,0.0,2.0,0.9615384615384616,1.0,0.7200427337745576,0.5184615384615384,2.0,0.0,6.0,0.38461538461538464,0.0,1.2353759938390603,1.5261538461538458,6.0,0.0,0.0,0.0,0.0,0.0,0.0,0.0,0.0,0.0,0.0,0.0,0.0,0.0,0.0,0.0,3.0,0.38461538461538464,0.0,0.7524319545007682,0.5661538461538461,3.0,0.0,0.0,0.0,0.0,0.0,0.0,0.0,0.0,2.0,0.2692307692307692,0.0,0.533493565673837,0.28461538461538466,2.0,17.0,6.0,0.0,1.0,0.0,9.0,0.0,0.0
6,88,Sprint 53,15,12,20,88,6,12,3,13,5,0,18,87,0,0,1,14,2.0,32.0,2.0,0.0,37.0,3.0,0.0,8.0,0.7380952380952381,0.0,1.6973368495830108,2.8809523809523805,8.0,0.0,1.0,0.14285714285714285,0.0,0.3541688016605732,0.12543554006968644,1.0,0.0,2.0,0.8571428571428571,0.5,0.9258200997725515,0.8571428571428572,2.0,0.0,2.0,0.19047619047619047,0.0,0.5516315153139573,0.3042973286875727,2.0,0.0,0.0,0.0,0.0,0.0,0.0,0.0,0.0,0.0,0.0,0.0,0.0,0.0,0.0,0.0,9.0,1.2619047619047619,0.0,1.9761939745011925,3.9053426248548195,9.0,0.0,0.0,0.0,0.0,0.0,0.0,0.0,0.0,10.0,0.9523809523809523,0.0,1.9248361470003288,3.7049941927990715,10.0,29.0,5.0,0.0,1.0,0.0,13.0,0.0,2.0
6,90,Sprint 54,29,13,16,62,1,8,6,25,3,15,3,18,5,12,1,10,0.0,30.0,0.0,0.0,32.0,5.0,0.0,4.0,0.35135135135135137,0.0,0.8238195668219337,0.6786786786786785,4.0,0.0,1.0,0.16216216216216217,0.0,0.3736838766118223,0.13963963963963963,1.0,0.0,2.0,0.8648648648648649,1.0,0.630791485276948,0.397897897897898,2.0,0.0,2.0,0.16216216216216217,0.0,0.5007501879687623,0.2507507507507507,2.0,0.0,0.0,0.0,0.0,0.0,0.0,0.0,0.0,0.0,0.0,0.0,0.0,0.0,0.0,0.0,4.0,0.43243243243243246,0.0,1.0419143849595254,1.0855855855855858,4.0,0.0,0.0,0.0,0.0,0.0,0.0,0.0,0.0,3.0,0.3783783783783784,0.0,0.7583370458279584,0.5750750750750749,3.0,27.0,6.0,0.0,0.0,0.0,10.0,0.0,1.0
9,12,Babbage - RC1 - Stage One,16,10,1,4,11,44,7,28,5,20,0,0,0,0,1,2,0.0,0.0,0.0,0.0,10.0,7.0,0.0,19.0,1.7647058823529411,0.0,4.576153020888641,20.941176470588232,19.0,0.0,2.0,0.7647058823529411,1.0,0.8313702367707394,0.6911764705882353,2.0,0.0,3.0,1.1764705882352942,1.0,0.8828430011649196,0.7794117647058822,3.0,0.0,4.0,0.8235294117647058,0.0,1.3339459376998315,1.7794117647058827,4.0,0.0,0.0,0.0,0.0,0.0,0.0,0.0,0.0,0.0,0.0,0.0,0.0,0.0,0.0,0.0,3.0,0.6470588235294118,0.0,0.9963167462326072,0.9926470588235295,3.0,0.0,1.0,0.11764705882352941,0.0,0.3321055820775357,0.11029411764705882,1.0,0.0,3.0,0.5294117647058824,0.0,0.8744746321952062,0.7647058823529411,3.0,9.0,9.0,3.0,3.0,2.0,8.0,0.0,0.0
9,14,Babbage - RC1 - Stage Two,40,21,2,8,22,88,1,4,9,36,2,8,12,48,1,2,0.0,0.0,0.0,0.0,21.0,16.0,0.0,13.0,1.4054054054054055,0.0,2.83293584917229,8.025525525525524,13.0,0.0,2.0,0.5135135135135135,0.0,0.6920830723106721,0.47897897897897906,2.0,0.0,2.0,1.054054054054054,1.0,0.5747437083869039,0.33033033033033044,2.0,0.0,3.0,0.4594594594594595,0.0,0.8025859107560662,0.6441441441441442,3.0,0.0,0.0,0.0,0.0,0.0,0.0,0.0,0.0,0.0,0.0,0.0,0.0,0.0,0.0,0.0,2.0,0.24324324324324326,0.0,0.5479966243511911,0.3003003003003004,2.0,0.0,1.0,0.05405405405405406,0.0,0.2292434351351256,0.05255255255255254,1.0,0.0,4.0,0.3783783783783784,0.0,0.8929150560368534,0.797297297297297,4.0,19.0,12.0,5.0,7.0,13.0,18.0,0.0,0.0
9,17,The Road To SpringOne,28,30,17,68,13,52,2,8,10,40,1,4,17,68,1,3,0.0,0.0,0.0,0.0,20.0,18.0,0.0,16.0,1.763157894736842,1.0,2.9448462587899153,8.672119487908962,16.0,0.0,2.0,0.7631578947368421,1.0,0.6752060957165192,0.45590327169274536,2.0,0.0,2.0,1.105263157894737,1.0,0.6058040751966707,0.36699857752489345,2.0,0.0,2.0,0.13157894736842105,0.0,0.4140147948511245,0.1714082503556187,2.0,0.0,0.0,0.0,0.0,0.0,0.0,0.0,0.0,0.0,0.0,0.0,0.0,0.0,0.0,0.0,2.0,0.5,0.0,0.6877303054053769,0.47297297297297297,2.0,0.0,1.0,0.10526315789473684,0.0,0.3110117477759048,0.09672830725462303,1.0,0.0,4.0,0.4473684210526316,0.0,1.0053201297597412,1.0106685633001427,4.0,16.0,19.0,1.0,11.0,7.0,22.0,0.0,0.0
9,22,SpringOne Aftermath,60,21,0,0,21,84,0,0,14,56,4,16,3,12,1,2,0.0,0.0,0.0,0.0,30.0,12.0,0.0,7.0,0.9285714285714286,0.0,1.7996321730254083,3.238675958188153,7.0,0.0,5.0,0.6190476190476191,0.0,0.9615125521390878,0.924506387921022,5.0,0.0,3.0,1.2142857142857142,1.0,0.7501451659744554,0.5627177700348431,3.0,0.0,3.0,0.21428571428571427,0.0,0.5646373446828087,0.31881533101045295,3.0,0.0,0.0,0.0,0.0,0.0,0.0,0.0,0.0,0.0,0.0,0.0,0.0,0.0,0.0,0.0,6.0,0.40476190476190477,0.0,1.127473406955306,1.2711962833914052,6.0,0.0,0.0,0.0,0.0,0.0,0.0,0.0,0.0,2.0,0.2857142857142857,0.0,0.5961549268974563,0.3554006968641115,2.0,15.0,23.0,6.0,7.0,6.0,27.0,0.0,0.0
9,23,The Road to Codd M1,168,18,7,28,20,80,1,4,11,44,3,12,12,48,1,4,0.0,0.0,2.0,1.0,46.0,37.0,0.0,10.0,0.9425287356321839,0.0,1.888498368884903,3.56642608928094,10.0,0.0,2.0,0.3563218390804598,0.0,0.5052517561331661,0.2552793370756483,2.0,0.0,2.0,1.1264367816091954,1.0,0.6062580174708299,0.36754878374766103,2.0,0.0,3.0,0.4942528735632184,0.0,0.7605622647536676,0.5784549585672281,3.0,0.0,0.0,0.0,0.0,0.0,0.0,0.0,0.0,0.0,0.0,0.0,0.0,0.0,0.0,0.0,6.0,0.4367816091954023,0.0,1.1583985479690981,1.341887195936915,6.0,0.0,1.0,0.011494252873563218,0.0,0.10721125348377945,0.011494252873563211,1.0,0.0,7.0,0.3448275862068966,0.0,1.0656102761448487,1.1355252606255009,7.0,48.0,23.0,16.0,29.0,19.0,39.0,1.0,0.0
9,27,Codd M1,76,49,20,80,16,64,5,20,12,48,6,24,13,52,1,3,0.0,0.0,1.0,0.0,35.0,34.0,0.0,9.0,0.8732394366197183,0.0,1.6206663309073899,2.6265593561368212,9.0,0.0,2.0,0.49295774647887325,0.0,0.629585792102797,0.39637826961770634,2.0,0.0,2.0,1.1126760563380282,1.0,0.6447434877452735,0.41569416498993955,2.0,0.0,3.0,0.4788732394366197,0.0,0.8256452875448816,0.6816901408450703,3.0,0.0,0.0,0.0,0.0,0.0,0.0,0.0,0.0,0.0,0.0,0.0,0.0,0.0,0.0,0.0,5.0,0.4225352112676056,0.0,1.0234671022835764,1.0474849094567407,5.0,0.0,2.0,0.04225352112676056,0.0,0.26385167469133963,0.06961770623742453,2.0,0.0,4.0,0.2535211267605634,0.0,0.7693839810273991,0.5919517102615693,4.0,37.0,30.0,11.0,12.0,18.0,34.0,1.0,0.0
9,30,42 - 2014 Kickoff,60,14,35,140,21,84,1,4,23,92,6,24,26,104,1,5,0.0,0.0,2.0,0.0,56.0,34.0,0.0,10.0,1.032258064516129,0.0,2.007873701766134,4.031556802244039,10.0,0.0,3.0,0.3763440860215054,0.0,0.6240467250939742,0.3894343151005142,3.0,0.0,2.0,1.096774193548387,1.0,0.6604431339940113,0.4361851332398316,2.0,0.0,3.0,0.5161290322580645,0.0,0.8157805441497018,0.6654978962131836,3.0,0.0,0.0,0.0,0.0,0.0,0.0,0.0,0.0,0.0,0.0,0.0,0.0,0.0,0.0,0.0,5.0,0.46236559139784944,0.0,0.950504897695067,0.9034595605423097,5.0,0.0,1.0,0.021505376344086023,0.0,0.1458479422322764,0.02127162225338943,1.0,0.0,3.0,0.2903225806451613,0.0,0.6355525695988512,0.40392706872370254,3.0,57.0,34.0,10.0,20.0,29.0,36.0,1.0,0.0
9,34,43 - Babbage SR3,96,15,22,88,19,76,2,8,6,24,14,56,19,76,1,5,0.0,0.0,1.0,0.0,45.0,21.0,0.0,11.0,1.4852941176470589,0.0,2.4524897313450555,6.014705882352942,11.0,0.0,2.0,0.6323529411764706,1.0,0.6890272564568647,0.474758560140474,2.0,0.0,2.0,1.1176470588235294,1.0,0.5333479658513638,0.2844600526777875,2.0,0.0,3.0,0.36764705882352944,0.0,0.6442492278638451,0.41505706760316063,3.0,0.0,0.0,0.0,0.0,0.0,0.0,0.0,0.0,0.0,0.0,0.0,0.0,0.0,0.0,0.0,12.0,0.7941176470588235,0.0,1.8891585707281366,3.5689201053555757,12.0,0.0,1.0,0.058823529411764705,0.0,0.2370435403783839,0.056189640035118525,1.0,0.0,3.0,0.27941176470588236,0.0,0.6877518694190345,0.4730026338893767,3.0,39.0,35.0,2.0,13.0,18.0,29.0,1.0,0.0
9,37,44 - Codd GA,156,21,9,36,49,196,4,16,9,36,14,56,31,124,1,5,0.0,0.0,1.0,0.0,82.0,40.0,0.0,7.0,0.6585365853658537,0.0,1.2792753346513255,1.636545381847261,7.0,0.0,5.0,0.43902439024390244,0.0,0.7371449294007412,0.5433826469412236,5.0,0.0,3.0,1.2764227642276422,1.0,0.7276822965576697,0.5295215247234443,3.0,0.0,5.0,0.6016260162601627,0.0,0.9386058496285598,0.8809809409569505,5.0,0.0,0.0,0.0,0.0,0.0,0.0,0.0,0.0,0.0,0.0,0.0,0.0,0.0,0.0,0.0,13.0,0.5203252032520326,0.0,1.5276124814153564,2.333599893375983,13.0,0.0,2.0,0.04878048780487805,0.0,0.25134583765791074,0.06317473010795681,2.0,0.0,4.0,0.3170731707317073,0.0,0.7821478746892098,0.6117552978808477,4.0,69.0,37.0,22.0,23.0,41.0,54.0,0.0,0.0
9,40,45 - Dijkstra M1,100,10,0,0,40,160,3,12,13,52,7,28,17,68,1,3,0.0,0.0,0.0,0.0,48.0,23.0,0.0,10.0,0.7605633802816901,0.0,1.6942321373446043,2.8704225352112664,10.0,0.0,3.0,0.352112676056338,0.0,0.6117560566410618,0.37424547283702203,3.0,0.0,3.0,1.1830985915492958,1.0,0.5427406419520832,0.2945674044265593,3.0,0.0,5.0,0.5774647887323944,0.0,0.9205894358815663,0.8474849094567404,5.0,0.0,0.0,0.0,0.0,0.0,0.0,0.0,0.0,0.0,0.0,0.0,0.0,0.0,0.0,0.0,13.0,0.5492957746478874,0.0,1.8109881469547127,3.279678068410464,13.0,0.0,1.0,0.014084507042253521,0.0,0.11867816581938533,0.014084507042253518,1.0,0.0,6.0,0.28169014084507044,0.0,0.9131280397082375,0.8338028169014086,6.0,50.0,14.0,18.0,21.0,18.0,21.0,0.0,0.0
9,42,46 - Codd SR2,28,16,21,84,5,20,5,20,13,52,7,28,1,4,1,3,0.0,0.0,1.0,0.0,28.0,16.0,0.0,4.0,0.4888888888888889,0.0,0.9681806326165266,0.9373737373737377,4.0,0.0,2.0,0.6888888888888889,1.0,0.6681801003207493,0.4464646464646465,2.0,0.0,3.0,1.3333333333333333,1.0,0.7071067811865476,0.5,3.0,0.0,5.0,0.7111111111111111,0.0,1.03621299631754,1.0737373737373739,5.0,0.0,0.0,0.0,0.0,0.0,0.0,0.0,0.0,0.0,0.0,0.0,0.0,0.0,0.0,0.0,13.0,0.4444444444444444,0.0,2.0288325746994538,4.116161616161615,13.0,0.0,1.0,0.022222222222222223,0.0,0.14907119849998599,0.022222222222222223,1.0,0.0,3.0,0.37777777777777777,0.0,0.7473860171195731,0.5585858585858587,3.0,21.0,19.0,8.0,6.0,12.0,24.0,0.0,0.0
9,44,47 - Dijkstra RC1,104,11,0,0,22,88,1,4,15,60,5,20,1,4,1,3,0.0,0.0,0.0,1.0,42.0,16.0,0.0,8.0,0.6666666666666666,0.0,1.480570969416943,2.1920903954802267,8.0,0.0,2.0,0.55,0.0,0.6745996929755541,0.4550847457627119,2.0,0.0,3.0,1.25,1.0,0.6001412263171259,0.3601694915254237,3.0,0.0,5.0,0.7,0.0,1.0300567698687981,1.0610169491525423,5.0,0.0,0.0,0.0,0.0,0.0,0.0,0.0,0.0,0.0,0.0,0.0,0.0,0.0,0.0,0.0,13.0,0.35,0.0,1.7833980135057546,3.1805084745762717,13.0,0.0,1.0,0.016666666666666666,0.0,0.12909944487358058,0.01666666666666667,1.0,0.0,3.0,0.2833333333333333,0.0,0.6661721329614916,0.4437853107344632,3.0,31.0,22.0,11.0,13.0,14.0,29.0,1.0,0.0
9,48,48 - Dijkstra GA,212,14,10,40,22,88,2,8,15,60,8,32,7,28,1,4,0.0,0.0,0.0,1.0,83.0,26.0,0.0,14.0,0.7117117117117117,0.0,1.9650925834649273,3.8615888615888623,14.0,0.0,3.0,0.6756756756756757,1.0,0.6896924500642846,0.4756756756756757,3.0,0.0,3.0,1.2702702702702702,1.0,0.8628277606056405,0.7444717444717444,3.0,0.0,3.0,0.5045045045045045,0.0,0.829828830913875,0.6886158886158886,3.0,0.0,0.0,0.0,0.0,0.0,0.0,0.0,0.0,0.0,0.0,0.0,0.0,0.0,0.0,0.0,9.0,0.27927927927927926,0.0,1.0631956218800618,1.1303849303849312,9.0,0.0,1.0,0.018018018018018018,0.0,0.13361967614920287,0.01785421785421785,1.0,0.0,3.0,0.14414414414414414,0.0,0.46410905550012216,0.21539721539721549,3.0,60.0,43.0,18.0,21.0,29.0,51.0,1.0,0.0
9,52,49 - Dijkstra SR1,56,8,16,64,13,52,0,0,20,80,2,8,7,28,1,4,0.0,0.0,0.0,1.0,44.0,19.0,0.0,6.0,0.8615384615384616,0.0,1.5600172582871787,2.433653846153846,6.0,0.0,2.0,0.6307692307692307,1.0,0.5468440925332023,0.29903846153846153,2.0,0.0,2.0,1.2,1.0,0.6892024376045112,0.47500000000000003,2.0,0.0,5.0,0.6461538461538462,0.0,1.052241197854151,1.1072115384615386,5.0,0.0,0.0,0.0,0.0,0.0,0.0,0.0,0.0,0.0,0.0,0.0,0.0,0.0,0.0,0.0,6.0,0.35384615384615387,0.0,1.0372856590455393,1.0759615384615386,6.0,0.0,1.0,0.03076923076923077,0.0,0.1740358053345964,0.03028846153846153,1.0,0.0,2.0,0.24615384615384617,0.0,0.5871214001052409,0.3447115384615384,2.0,28.0,21.0,15.0,18.0,11.0,37.0,1.0,0.0
9,53,50 - Evans M1,60,17,19,76,18,72,2,8,9,36,14,56,12,48,1,4,0.0,0.0,2.0,0.0,48.0,18.0,0.0,9.0,1.0724637681159421,0.0,2.031507992337872,4.127024722932651,9.0,0.0,1.0,0.2608695652173913,0.0,0.4423258684646913,0.1956521739130434,1.0,0.0,2.0,1.0869565217391304,1.0,0.6121113517207233,0.37468030690537096,2.0,0.0,5.0,0.6231884057971014,0.0,1.030440358113124,1.0618073316283034,5.0,0.0,0.0,0.0,0.0,0.0,0.0,0.0,0.0,0.0,0.0,0.0,0.0,0.0,0.0,0.0,4.0,0.37681159420289856,0.0,0.8419418953572245,0.7088661551577156,4.0,0.0,1.0,0.07246376811594203,0.0,0.261153582247854,0.06820119352088665,1.0,0.0,15.0,0.5797101449275363,0.0,1.8818466923668455,3.541346973572037,15.0,38.0,11.0,18.0,19.0,21.0,31.0,1.0,0.0
9,55,51 - Dijkstra SR2,12,10,29,116,19,76,2,8,14,56,11,44,21,84,1,4,0.0,0.0,1.0,0.0,52.0,25.0,0.0,8.0,0.9358974358974359,0.0,1.6541152426893466,2.736097236097236,8.0,0.0,3.0,0.6794871794871795,1.0,0.7976196688880837,0.6361971361971362,3.0,0.0,3.0,1.0128205128205128,1.0,0.7811677862169627,0.6102231102231104,3.0,0.0,7.0,0.7564102564102564,0.0,1.2398774283355745,1.5372960372960376,7.0,0.0,0.0,0.0,0.0,0.0,0.0,0.0,0.0,0.0,0.0,0.0,0.0,0.0,0.0,0.0,4.0,0.3717948717948718,0.0,0.839124069568502,0.7041292041292042,4.0,0.0,1.0,0.0641025641025641,0.0,0.2465209134587992,0.06077256077256076,1.0,0.0,4.0,0.48717948717948717,0.0,0.9499636321622542,0.9024309024309026,4.0,36.0,27.0,10.0,22.0,19.0,42.0,0.0,0.0
9,56,52 - Evans RC1,72,11,25,100,9,36,2,8,18,72,12,48,2,8,1,4,0.0,0.0,1.0,0.0,47.0,25.0,0.0,9.0,0.7397260273972602,0.0,1.5813794721721952,2.5007610350076104,9.0,0.0,2.0,0.3561643835616438,0.0,0.6094137213042146,0.37138508371385087,2.0,0.0,2.0,1.0,1.0,0.5773502691896257,0.3333333333333333,2.0,0.0,7.0,0.7534246575342466,0.0,1.288634310658297,1.660578386605784,7.0,0.0,0.0,0.0,0.0,0.0,0.0,0.0,0.0,0.0,0.0,0.0,0.0,0.0,0.0,0.0,4.0,0.3287671232876712,0.0,0.850731621745332,0.7237442922374427,4.0,0.0,1.0,0.0273972602739726,0.0,0.16436770598316272,0.027016742770167426,1.0,0.0,3.0,0.273972602739726,0.0,0.6510733439782073,0.42389649923896505,3.0,53.0,8.0,17.0,32.0,16.0,20.0,0.0,0.0
9,57,Sprint 32,-5,8,3,8,39,110,41,113,1,5,0,0,0,0,1,11,0.0,30.0,6.0,0.0,39.0,15.0,0.0,13.0,1.9836065573770492,1.0,2.6738973009366465,7.1497267759562835,13.0,0.0,2.0,0.13114754098360656,0.0,0.38623869286861007,0.1491803278688525,2.0,1.0,3.0,1.0327868852459017,1.0,0.256073759865792,0.06557377049180331,2.0,0.0,5.0,0.21311475409836064,0.0,0.7098064078409141,0.503825136612022,5.0,0.0,0.0,0.0,0.0,0.0,0.0,0.0,0.0,0.0,0.0,0.0,0.0,0.0,0.0,0.0,7.0,1.4098360655737705,1.0,1.726046051725618,2.979234972677595,7.0,0.0,1.0,0.16393442622950818,0.0,0.3732884438274001,0.13934426229508204,1.0,0.0,7.0,0.4262295081967213,0.0,1.1322399096988034,1.2819672131147546,7.0,43.0,16.0,0.0,15.0,0.0,18.0,1.0,0.0
9,60,Sprint 33,0,20,3,13,10,76,13,89,0,0,0,0,0,0,1,10,0.0,5.0,0.0,0.0,9.0,4.0,0.0,7.0,2.1538461538461537,2.0,2.2673829938997163,5.141025641025641,7.0,0.0,1.0,0.3076923076923077,0.0,0.48038446141526137,0.23076923076923075,1.0,0.0,1.0,0.9230769230769231,1.0,0.2773500981126146,0.07692307692307694,1.0,0.0,1.0,0.15384615384615385,0.0,0.37553380809940534,0.141025641025641,1.0,0.0,0.0,0.0,0.0,0.0,0.0,0.0,0.0,0.0,0.0,0.0,0.0,0.0,0.0,0.0,7.0,1.3076923076923077,0.0,2.2870874995874626,5.230769230769232,7.0,0.0,1.0,0.23076923076923078,0.0,0.4385290096535146,0.19230769230769232,1.0,0.0,2.0,0.3076923076923077,0.0,0.6304251719561151,0.39743589743589736,2.0,9.0,3.0,0.0,5.0,0.0,4.0,0.0,0.0
9,61,52 - Evans GA,200,16,2,8,6,24,0,0,8,32,0,0,0,0,1,4,0.0,0.0,0.0,2.0,36.0,31.0,0.0,7.0,0.3333333333333333,0.0,1.0242165824878728,1.0490196078431375,7.0,0.0,2.0,0.463768115942029,0.0,0.7588635106473274,0.5758738277919864,2.0,0.0,3.0,1.2173913043478262,1.0,0.6152370470322156,0.3785166240409207,3.0,0.0,3.0,0.2318840579710145,0.0,0.5462419076323958,0.29838022165387884,3.0,0.0,0.0,0.0,0.0,0.0,0.0,0.0,0.0,0.0,0.0,0.0,0.0,0.0,0.0,0.0,4.0,0.11594202898550725,0.0,0.5566769018564796,0.3098891730605286,4.0,0.0,0.0,0.0,0.0,0.0,0.0,0.0,0.0,4.0,0.18840579710144928,0.0,0.7128105580942284,0.5080988917306054,4.0,45.0,25.0,1.0,16.0,27.0,24.0,0.0,0.0
9,62,Sprint 34,-24,23,6,24,3,18,3,18,4,19,2,5,0,0,1,6,0.0,10.0,0.0,0.0,11.0,1.0,0.0,7.0,1.25,1.0,1.9598237397554634,3.840909090909091,7.0,0.0,1.0,0.08333333333333333,0.0,0.28867513459481287,0.08333333333333331,1.0,0.0,1.0,0.9166666666666666,1.0,0.28867513459481287,0.08333333333333331,1.0,0.0,2.0,0.3333333333333333,0.0,0.6513389472789296,0.4242424242424242,2.0,0.0,0.0,0.0,0.0,0.0,0.0,0.0,0.0,0.0,0.0,0.0,0.0,0.0,0.0,0.0,7.0,1.5,0.0,2.4308621740219887,5.909090909090909,7.0,0.0,0.0,0.0,0.0,0.0,0.0,0.0,0.0,4.0,0.5,0.0,1.243163121016122,1.5454545454545454,4.0,5.0,0.0,0.0,2.0,0.0,7.0,0.0,0.0
9,63,53 - Evans SR1,168,25,0,0,12,48,2,8,1,4,7,28,2,8,1,5,0.0,0.0,1.0,2.0,51.0,24.0,0.0,12.0,0.6282051282051282,0.0,1.9347067589405487,3.7430902430902426,12.0,0.0,3.0,0.7948717948717948,1.0,0.77892657338584,0.6067266067266065,3.0,0.0,3.0,1.4871794871794872,1.0,0.9361927560373863,0.8764568764568771,3.0,0.0,6.0,0.44871794871794873,0.0,0.9066484004349881,0.8220113220113224,6.0,0.0,0.0,0.0,0.0,0.0,0.0,0.0,0.0,0.0,0.0,0.0,0.0,0.0,0.0,0.0,4.0,0.07692307692307693,0.0,0.4772548876357662,0.2277722277722278,4.0,0.0,0.0,0.0,0.0,0.0,0.0,0.0,0.0,4.0,0.1794871794871795,0.0,0.5753280203521561,0.331002331002331,4.0,32.0,36.0,6.0,20.0,16.0,46.0,0.0,0.0
9,64,Sprint 35,0,8,1,1,1,5,2,6,0,0,0,0,0,0,1,6,0.0,12.0,0.0,0.0,9.0,7.0,0.0,8.0,1.0625,0.0,2.080664957811965,4.329166666666667,8.0,0.0,1.0,0.125,0.0,0.3415650255319866,0.11666666666666667,1.0,1.0,2.0,1.0625,1.0,0.25,0.0625,1.0,0.0,0.0,0.0,0.0,0.0,0.0,0.0,0.0,0.0,0.0,0.0,0.0,0.0,0.0,0.0,0.0,0.0,0.0,0.0,0.0,0.0,0.0,7.0,1.3125,1.0,1.9224550276491081,3.6958333333333333,7.0,0.0,1.0,0.125,0.0,0.3415650255319866,0.11666666666666667,1.0,0.0,5.0,0.75,0.0,1.390443574307614,1.9333333333333333,5.0,8.0,3.0,0.0,1.0,0.0,8.0,0.0,0.0
9,65,Sprint 36,-19,10,4,19,1,5,1,5,4,19,0,0,0,0,1,9,2.0,17.0,1.0,0.0,22.0,4.0,0.0,4.0,0.6296296296296297,0.0,1.0794638322992416,1.1652421652421654,4.0,0.0,1.0,0.1111111111111111,0.0,0.32025630761017426,0.10256410256410257,1.0,0.0,2.0,1.0,1.0,0.2773500981126146,0.07692307692307693,2.0,0.0,4.0,0.25925925925925924,0.0,0.8129997914936148,0.6609686609686611,4.0,0.0,0.0,0.0,0.0,0.0,0.0,0.0,0.0,0.0,0.0,0.0,0.0,0.0,0.0,0.0,5.0,0.7777777777777778,0.0,1.310705427603288,1.7179487179487178,5.0,0.0,1.0,0.07407407407407407,0.0,0.2668802563418119,0.07122507122507124,1.0,0.0,4.0,0.5925925925925926,0.0,1.185140668679632,1.4045584045584052,4.0,19.0,3.0,0.0,5.0,0.0,8.0,0.0,0.0
9,66,Sprint 37,-42,11,8,35,9,42,9,35,8,42,0,0,0,0,1,10,4.0,18.0,0.0,0.0,27.0,4.0,0.0,5.0,0.6451612903225806,0.0,1.112006807436423,1.2365591397849462,5.0,0.0,1.0,0.03225806451612903,0.0,0.17960530202677497,0.03225806451612905,1.0,1.0,2.0,1.1935483870967742,1.0,0.40160966445124946,0.16129032258064518,1.0,0.0,3.0,0.3225806451612903,0.0,0.7910792954014806,0.625806451612903,3.0,0.0,0.0,0.0,0.0,0.0,0.0,0.0,0.0,0.0,0.0,0.0,0.0,0.0,0.0,0.0,9.0,1.7419354838709677,1.0,1.9316269815103857,3.7311827956989236,9.0,0.0,1.0,0.03225806451612903,0.0,0.1796053020267749,0.03225806451612904,1.0,0.0,3.0,0.3548387096774194,0.0,0.7549122287513162,0.5698924731182796,3.0,19.0,5.0,0.0,4.0,0.0,12.0,0.0,0.0
9,67,Sprint 38,-42,14,13,42,7,21,7,21,13,42,0,0,0,0,1,10,6.0,35.0,2.0,1.0,46.0,2.0,0.0,6.0,0.5490196078431373,0.0,1.2216992345122604,1.4925490196078428,6.0,0.0,2.0,0.2549019607843137,0.0,0.4834516420450741,0.23372549019607847,2.0,1.0,2.0,1.0588235294117647,1.0,0.23763541031440183,0.05647058823529412,1.0,0.0,9.0,0.5490196078431373,0.0,1.3901615084614602,1.9325490196078425,9.0,0.0,0.0,0.0,0.0,0.0,0.0,0.0,0.0,0.0,0.0,0.0,0.0,0.0,0.0,0.0,3.0,0.6274509803921569,1.0,0.6621415049285309,0.4384313725490197,3.0,0.0,0.0,0.0,0.0,0.0,0.0,0.0,0.0,5.0,0.7254901960784313,0.0,1.0784884120387945,1.1631372549019605,5.0,38.0,8.0,0.0,2.0,0.0,13.0,0.0,0.0
9,68,Sprint 39,-26,15,5,25,7,27,6,26,6,26,0,0,0,0,1,7,2.0,19.0,0.0,0.0,24.0,4.0,0.0,6.0,0.6785714285714286,0.0,1.441541649777185,2.078042328042328,6.0,0.0,1.0,0.17857142857142858,0.0,0.3900210277874798,0.1521164021164021,1.0,1.0,2.0,1.2142857142857142,1.0,0.4178554470186725,0.17460317460317462,1.0,0.0,9.0,0.6071428571428571,0.0,1.7499055152119818,3.062169312169311,9.0,0.0,0.0,0.0,0.0,0.0,0.0,0.0,0.0,0.0,0.0,0.0,0.0,0.0,0.0,0.0,9.0,1.5,0.0,2.5748067169458815,6.62962962962963,9.0,0.0,0.0,0.0,0.0,0.0,0.0,0.0,0.0,4.0,0.6428571428571429,0.0,1.1292175499576134,1.2751322751322751,4.0,18.0,6.0,1.0,0.0,0.0,10.0,0.0,0.0
9,69,54 - Fowler M1,188,11,14,56,23,92,3,12,6,24,18,72,10,40,1,4,0.0,0.0,0.0,3.0,67.0,33.0,0.0,13.0,1.0388349514563107,0.0,2.334407302268408,5.449457452884068,13.0,0.0,2.0,0.42718446601941745,0.0,0.6508206244784547,0.4235674852465257,2.0,0.0,3.0,1.3398058252427185,1.0,0.9026475009360663,0.8147725109461257,3.0,0.0,6.0,0.5145631067961165,0.0,0.937916732684238,0.8796877974490763,6.0,0.0,0.0,0.0,0.0,0.0,0.0,0.0,0.0,0.0,0.0,0.0,0.0,0.0,0.0,0.0,3.0,0.14563106796116504,0.0,0.5672044793355041,0.32172092137826025,3.0,0.0,1.0,0.02912621359223301,0.0,0.16898257710466577,0.028555111364934316,1.0,0.0,2.0,0.1941747572815534,0.0,0.48624718210150697,0.2364363221016561,2.0,68.0,29.0,12.0,37.0,25.0,35.0,0.0,0.0
9,70,Sprint 40,-40,14,9,40,8,22,8,22,9,40,0,0,0,0,1,11,4.0,33.0,1.0,2.0,43.0,1.0,0.0,4.0,0.44680851063829785,0.0,0.8799335606910003,0.7742830712303422,4.0,0.0,1.0,0.2127659574468085,0.0,0.4136880894317002,0.1711378353376504,1.0,0.0,2.0,1.0425531914893618,1.0,0.4148046585054872,0.17206290471785388,2.0,0.0,4.0,0.48936170212765956,0.0,0.9058347201562316,0.8205365402405183,4.0,0.0,0.0,0.0,0.0,0.0,0.0,0.0,0.0,0.0,0.0,0.0,0.0,0.0,0.0,0.0,17.0,1.0638297872340425,1.0,2.4619209124367565,6.061054579093431,17.0,0.0,0.0,0.0,0.0,0.0,0.0,0.0,0.0,4.0,0.5319148936170213,0.0,1.0183333320716457,1.0370027752081408,4.0,33.0,8.0,2.0,0.0,0.0,14.0,0.0,0.0
9,71,55 - Evans SR2,320,14,15,60,10,40,2,8,6,24,4,16,13,52,1,5,0.0,0.0,2.0,2.0,62.0,70.0,0.0,8.0,0.45985401459854014,0.0,1.3880508897908628,1.9266852726492056,8.0,0.0,3.0,0.5328467153284672,0.0,0.8997638161542478,0.809574924860455,3.0,0.0,3.0,1.3576642335766422,1.0,0.9605239553415033,0.9226062687848862,3.0,0.0,6.0,0.6788321167883211,0.0,1.0705572117672226,1.14609274366681,6.0,0.0,0.0,0.0,0.0,0.0,0.0,0.0,0.0,0.0,0.0,0.0,0.0,0.0,0.0,0.0,7.0,0.23357664233576642,0.0,0.9796666128799042,0.9597466723915842,7.0,0.0,1.0,0.021897810218978103,0.0,0.1468869755904545,0.021575783598110774,1.0,0.0,3.0,0.12408759124087591,0.0,0.44466205731154707,0.19772434521253757,3.0,96.0,32.0,25.0,44.0,36.0,41.0,1.0,0.0
9,72,Sprint 41,-11,23,5,18,18,69,20,76,3,11,0,0,0,0,1,10,1.0,47.0,1.0,1.0,54.0,10.0,0.0,4.0,0.4393939393939394,0.0,0.94671558362076,0.8962703962703963,4.0,0.0,1.0,0.21212121212121213,0.0,0.4119429204355498,0.1696969696969697,1.0,0.0,2.0,0.9848484848484849,1.0,0.21429126421939348,0.045920745920745916,2.0,0.0,4.0,0.3181818181818182,0.0,0.7677958644786318,0.5895104895104896,4.0,0.0,0.0,0.0,0.0,0.0,0.0,0.0,0.0,0.0,0.0,0.0,0.0,0.0,0.0,0.0,3.0,0.5454545454545454,0.0,0.7880222211200779,0.6209790209790209,3.0,0.0,1.0,0.030303030303030304,0.0,0.17273340683501223,0.02983682983682985,1.0,0.0,4.0,0.42424242424242425,0.0,0.9456069448626601,0.8941724941724939,4.0,41.0,12.0,0.0,6.0,0.0,25.0,0.0,0.0
9,73,Sprint 42,-10,7,2,10,4,19,4,19,2,10,0,0,0,0,1,8,7.0,22.0,3.0,2.0,27.0,6.0,0.0,10.0,0.631578947368421,0.0,1.7921910587033294,3.211948790896161,10.0,0.0,1.0,0.07894736842105263,0.0,0.2732763127330939,0.07467994310099574,1.0,1.0,2.0,1.0263157894736843,1.0,0.16222142113076257,0.026315789473684223,1.0,0.0,3.0,0.39473684210526316,0.0,0.7547855855987156,0.5697012802275959,3.0,0.0,0.0,0.0,0.0,0.0,0.0,0.0,0.0,0.0,0.0,0.0,0.0,0.0,0.0,0.0,5.0,0.4473684210526316,0.0,1.1317856835860811,1.2809388335704128,5.0,0.0,1.0,0.02631578947368421,0.0,0.16222142113076257,0.026315789473684223,1.0,0.0,4.0,0.21052631578947367,0.0,0.7409962153618966,0.5490753911806543,4.0,25.0,6.0,0.0,3.0,0.0,13.0,0.0,0.0
9,74,Sprint 43,0,9,0,0,1,5,1,5,0,0,0,0,0,0,1,3,0.0,10.0,0.0,0.0,13.0,1.0,0.0,0.0,0.0,0.0,0.0,0.0,0.0,0.0,1.0,0.14285714285714285,0.0,0.3631365196012815,0.1318681318681319,1.0,0.0,2.0,1.1428571428571428,1.0,0.5345224838248487,0.28571428571428564,2.0,0.0,0.0,0.0,0.0,0.0,0.0,0.0,0.0,0.0,0.0,0.0,0.0,0.0,0.0,0.0,0.0,0.0,0.0,0.0,0.0,0.0,0.0,0.0,0.0,0.0,0.0,0.0,0.0,0.0,0.0,0.0,0.0,0.0,0.0,0.0,0.0,4.0,0.6428571428571429,0.0,1.2157392722216296,1.4780219780219777,4.0,12.0,3.0,0.0,1.0,0.0,2.0,0.0,0.0
9,76,56 - Fowler RC1,100,15,24,96,22,88,6,24,30,120,4,16,6,24,1,4,0.0,0.0,2.0,2.0,66.0,28.0,0.0,5.0,0.494949494949495,0.0,1.0239353592254694,1.0484436198721911,5.0,0.0,3.0,0.494949494949495,0.0,0.7609572029819748,0.5790558647701504,3.0,0.0,3.0,1.1313131313131313,1.0,0.899506266458015,0.8091115233972375,3.0,0.0,7.0,0.8282828282828283,0.0,1.3327920979413017,1.776334776334776,7.0,0.0,0.0,0.0,0.0,0.0,0.0,0.0,0.0,0.0,0.0,0.0,0.0,0.0,0.0,0.0,7.0,0.15151515151515152,0.0,0.8000463808447501,0.640074211502783,7.0,0.0,1.0,0.020202020202020204,0.0,0.14140677897022574,0.019995877138734276,1.0,0.0,2.0,0.1919191919191919,0.0,0.4881612245544745,0.2383013811585241,2.0,60.0,20.0,26.0,33.0,20.0,39.0,1.0,0.0
9,77,Sprint 44,-21,11,3,18,8,27,6,24,5,21,0,0,0,0,1,10,5.0,27.0,1.0,1.0,33.0,5.0,0.0,7.0,0.625,0.0,1.3716450912718845,1.8814102564102564,7.0,0.0,1.0,0.275,0.0,0.45220258677630265,0.2044871794871795,1.0,0.0,3.0,1.175,1.0,0.5943106327545623,0.3532051282051282,3.0,0.0,4.0,0.475,0.0,1.061868213369297,1.1275641025641028,4.0,0.0,0.0,0.0,0.0,0.0,0.0,0.0,0.0,0.0,0.0,0.0,0.0,0.0,0.0,0.0,6.0,0.525,0.0,1.1764243957749088,1.383974358974359,6.0,0.0,1.0,0.025,0.0,0.15811388300841897,0.024999999999999998,1.0,0.0,5.0,0.95,0.0,1.338770963349479,1.7923076923076922,5.0,25.0,6.0,0.0,2.0,0.0,15.0,0.0,0.0
9,78,Sprint 45,-16,11,2,16,4,14,4,14,2,16,0,0,0,0,1,11,5.0,14.0,2.0,1.0,25.0,0.0,0.0,4.0,0.8214285714285714,0.0,1.3622848842368127,1.855820105820106,4.0,0.0,2.0,0.35714285714285715,0.0,0.6214848238238695,0.38624338624338606,2.0,0.0,2.0,1.3214285714285714,1.0,0.5479640045336466,0.30026455026455023,2.0,0.0,2.0,0.6785714285714286,1.0,0.722832465019919,0.5224867724867726,2.0,0.0,0.0,0.0,0.0,0.0,0.0,0.0,0.0,0.0,0.0,0.0,0.0,0.0,0.0,0.0,5.0,0.6071428571428571,0.0,1.3968028497458764,1.9510582010582016,5.0,0.0,0.0,0.0,0.0,0.0,0.0,0.0,0.0,8.0,1.0,0.0,1.8658728470829629,3.4814814814814814,8.0,18.0,7.0,0.0,2.0,0.0,10.0,0.0,0.0
9,79,Sprint 46,-10,11,2,11,10,29,10,30,2,10,0,0,0,0,1,10,4.0,18.0,1.0,0.0,27.0,1.0,0.0,3.0,0.41379310344827586,0.0,0.7799835794659097,0.608374384236453,3.0,0.0,1.0,0.20689655172413793,0.0,0.4122508203948854,0.1699507389162561,1.0,0.0,2.0,1.1379310344827587,1.0,0.6394270834691721,0.4088669950738916,2.0,0.0,2.0,0.1724137931034483,0.0,0.4682006222337797,0.21921182266009848,2.0,0.0,0.0,0.0,0.0,0.0,0.0,0.0,0.0,0.0,0.0,0.0,0.0,0.0,0.0,0.0,3.0,0.7241379310344828,0.0,0.9962985684213463,0.992610837438424,3.0,0.0,1.0,0.034482758620689655,0.0,0.1856953381770519,0.03448275862068967,1.0,0.0,4.0,0.5172413793103449,0.0,1.1532776166577343,1.330049261083744,4.0,21.0,4.0,0.0,3.0,0.0,8.0,0.0,0.0
9,80,Sprint 47,-29,18,5,26,10,40,8,37,7,29,0,0,0,0,1,11,2.0,24.0,1.0,2.0,27.0,7.0,0.0,9.0,1.054054054054054,0.0,2.1978012490510443,4.83033033033033,9.0,0.0,2.0,0.32432432432432434,0.0,0.5298875171022438,0.2807807807807807,2.0,0.0,2.0,1.054054054054054,1.0,0.5747437083869038,0.3303303303303304,2.0,0.0,2.0,0.40540540540540543,0.0,0.7622867446578623,0.5810810810810809,2.0,0.0,0.0,0.0,0.0,0.0,0.0,0.0,0.0,0.0,0.0,0.0,0.0,0.0,0.0,0.0,3.0,0.40540540540540543,0.0,0.7978951288462892,0.6366366366366365,3.0,0.0,0.0,0.0,0.0,0.0,0.0,0.0,0.0,13.0,0.5945945945945946,0.0,2.1916439727527157,4.803303303303306,13.0,25.0,9.0,0.0,2.0,0.0,12.0,0.0,0.0
9,81,56 - Fowler GA,32,14,25,100,8,32,4,16,13,52,8,32,8,32,1,4,0.0,0.0,0.0,1.0,46.0,13.0,0.0,5.0,0.6774193548387096,0.0,1.2902432550973353,1.6647276573241672,5.0,0.0,2.0,0.5806451612903226,0.0,0.7585228763805327,0.5753569539925969,2.0,0.0,3.0,0.9838709677419355,1.0,0.8394364909997651,0.7046536224219987,3.0,0.0,7.0,0.5967741935483871,0.0,1.2474193350096412,1.5560549973558957,7.0,0.0,0.0,0.0,0.0,0.0,0.0,0.0,0.0,0.0,0.0,0.0,0.0,0.0,0.0,0.0,7.0,0.3870967741935484,0.0,1.1359236684941296,1.2903225806451615,7.0,0.0,0.0,0.0,0.0,0.0,0.0,0.0,0.0,3.0,0.22580645161290322,0.0,0.5844811300915574,0.34161819143310407,3.0,40.0,10.0,13.0,20.0,19.0,22.0,2.0,0.0
9,82,Sprint 48,-24,11,3,18,14,36,12,30,5,24,0,0,0,0,1,12,1.0,26.0,3.0,1.0,29.0,4.0,0.0,11.0,1.0,0.0,2.3213980461973533,5.388888888888889,11.0,0.0,2.0,0.35135135135135137,0.0,0.5383212700514347,0.28978978978978975,2.0,0.0,2.0,1.162162162162162,1.0,0.5007501879687623,0.2507507507507507,2.0,0.0,2.0,0.40540540540540543,0.0,0.6855435580398738,0.46996996996996976,2.0,0.0,0.0,0.0,0.0,0.0,0.0,0.0,0.0,0.0,0.0,0.0,0.0,0.0,0.0,0.0,6.0,1.2432432432432432,1.0,1.3622980055244358,1.8558558558558558,6.0,0.0,1.0,0.02702702702702703,0.0,0.1643989873053573,0.02702702702702703,1.0,0.0,6.0,0.4594594594594595,0.0,1.1449064637824398,1.3108108108108112,6.0,24.0,8.0,0.0,2.0,0.0,13.0,0.0,0.0
9,83,Sprint 49,-24,11,6,27,16,46,17,49,5,24,0,0,0,0,1,11,1.0,33.0,3.0,0.0,41.0,7.0,0.0,7.0,0.5490196078431373,0.0,1.3009800227550932,1.692549019607843,7.0,0.0,2.0,0.29411764705882354,0.0,0.501761602638497,0.25176470588235295,2.0,0.0,2.0,0.9803921568627451,1.0,0.31560710248227125,0.09960784313725486,2.0,0.0,4.0,0.4117647058823529,0.0,0.9628389395581234,0.9270588235294116,4.0,0.0,0.0,0.0,0.0,0.0,0.0,0.0,0.0,0.0,0.0,0.0,0.0,0.0,0.0,0.0,9.0,0.9215686274509803,1.0,1.5854732700982623,2.5137254901960775,9.0,0.0,0.0,0.0,0.0,0.0,0.0,0.0,0.0,6.0,0.3333333333333333,0.0,0.9521904571390469,0.9066666666666672,6.0,31.0,13.0,0.0,4.0,0.0,20.0,0.0,0.0
9,84,57 - Fowler Aftermath,196,17,33,132,7,28,1,4,23,92,6,24,10,40,1,5,0.0,0.0,1.0,1.0,85.0,52.0,0.0,8.0,0.4405594405594406,0.0,1.166566996816581,1.360878558061657,8.0,0.0,3.0,0.4825174825174825,0.0,0.7106151555800766,0.5049738993400965,3.0,0.0,4.0,1.4475524475524475,1.0,1.2983105038793317,1.6856101644834038,4.0,0.0,7.0,0.5664335664335665,0.0,1.0178646563191345,1.0360484585836696,7.0,0.0,0.0,0.0,0.0,0.0,0.0,0.0,0.0,0.0,0.0,0.0,0.0,0.0,0.0,0.0,7.0,0.25874125874125875,0.0,0.917078081315539,0.8410322072293904,7.0,0.0,1.0,0.02097902097902098,0.0,0.14381773816293447,0.020683541810302377,1.0,0.0,6.0,0.27972027972027974,0.0,0.8753719081302435,0.7662759775435833,6.0,79.0,41.0,24.0,47.0,31.0,64.0,4.0,0.0
9,85,Sprint 50,-18,13,4,17,13,39,12,38,5,18,0,0,0,0,1,11,0.0,34.0,4.0,1.0,40.0,5.0,0.0,5.0,0.48,0.0,1.2162169516453005,1.4791836734693875,5.0,0.0,2.0,0.22,0.0,0.464670170494017,0.2159183673469388,2.0,0.0,2.0,1.06,1.0,0.42426406871192857,0.18000000000000005,2.0,0.0,2.0,0.12,0.0,0.38544964466377263,0.14857142857142858,2.0,0.0,0.0,0.0,0.0,0.0,0.0,0.0,0.0,0.0,0.0,0.0,0.0,0.0,0.0,0.0,5.0,0.96,0.5,1.2929952570268297,1.6718367346938776,5.0,0.0,1.0,0.02,0.0,0.14142135623730948,0.019999999999999993,1.0,0.0,4.0,0.24,0.0,0.6869037302955033,0.47183673469387755,4.0,38.0,15.0,0.0,1.0,0.0,12.0,0.0,0.0
9,86,Sprint 51,-21,13,4,15,5,10,2,4,7,21,0,0,0,0,1,12,0.0,24.0,1.0,0.0,22.0,4.0,0.0,3.0,0.25925925925925924,0.0,0.7121253450920751,0.5071225071225071,3.0,0.0,1.0,0.1111111111111111,0.0,0.32025630761017426,0.10256410256410257,1.0,0.0,2.0,0.9259259259259259,1.0,0.5495400822454191,0.301994301994302,2.0,0.0,2.0,0.25925925925925924,0.0,0.5256931389634797,0.27635327635327633,2.0,0.0,0.0,0.0,0.0,0.0,0.0,0.0,0.0,0.0,0.0,0.0,0.0,0.0,0.0,0.0,4.0,0.8148148148148148,1.0,1.03912082058444,1.0797720797720798,4.0,0.0,1.0,0.037037037037037035,0.0,0.19245008972987523,0.03703703703703703,1.0,0.0,3.0,0.25925925925925924,0.0,0.6558958989042623,0.4301994301994302,3.0,19.0,3.0,0.0,0.0,0.0,8.0,0.0,0.0
9,87,Sprint 52,-19,14,4,27,1,2,2,10,3,19,0,0,0,0,1,9,0.0,11.0,1.0,2.0,12.0,2.0,0.0,1.0,0.058823529411764705,0.0,0.242535625036333,0.05882352941176471,1.0,0.0,1.0,0.23529411764705882,0.0,0.4372373160976031,0.19117647058823528,1.0,0.0,2.0,1.1764705882352942,1.0,0.6359337738364604,0.40441176470588236,2.0,0.0,6.0,0.5882352941176471,0.0,1.502448981222481,2.257352941176471,6.0,0.0,0.0,0.0,0.0,0.0,0.0,0.0,0.0,0.0,0.0,0.0,0.0,0.0,0.0,0.0,3.0,0.4117647058823529,0.0,0.8702602720890289,0.7573529411764706,3.0,0.0,0.0,0.0,0.0,0.0,0.0,0.0,0.0,2.0,0.29411764705882354,0.0,0.5878675320972554,0.34558823529411764,2.0,12.0,5.0,0.0,1.0,0.0,5.0,0.0,0.0
9,88,Sprint 53,-3,12,1,3,7,20,7,20,1,3,0,0,0,0,1,12,2.0,25.0,1.0,0.0,28.0,0.0,0.0,3.0,0.4482758620689655,0.0,0.7831350411077503,0.6133004926108377,3.0,0.0,1.0,0.06896551724137931,0.0,0.25788071477756375,0.06650246305418718,1.0,0.0,2.0,0.9310344827586207,1.0,0.9231558637459186,0.8522167487684731,2.0,0.0,2.0,0.13793103448275862,0.0,0.4411136823860458,0.19458128078817732,2.0,0.0,0.0,0.0,0.0,0.0,0.0,0.0,0.0,0.0,0.0,0.0,0.0,0.0,0.0,0.0,9.0,1.3448275862068966,0.0,2.175773459665149,4.733990147783251,9.0,0.0,0.0,0.0,0.0,0.0,0.0,0.0,0.0,10.0,1.206896551724138,0.0,2.242118104841739,5.02709359605911,10.0,22.0,2.0,0.0,0.0,0.0,7.0,0.0,0.0
9,89,58 - Gosling M1,-52,14,40,160,11,44,1,4,39,156,5,20,6,24,1,4,0.0,0.0,1.0,1.0,52.0,26.0,0.0,14.0,1.1975308641975309,0.0,2.389663956953047,5.710493827160494,14.0,0.0,4.0,0.3950617283950617,0.0,0.7014095156482946,0.49197530864197525,4.0,0.0,4.0,1.0123456790123457,1.0,1.188421507299639,1.4123456790123456,4.0,0.0,4.0,0.5061728395061729,0.0,0.9370626551907223,0.8780864197530864,4.0,0.0,0.0,0.0,0.0,0.0,0.0,0.0,0.0,0.0,0.0,0.0,0.0,0.0,0.0,0.0,7.0,0.43209876543209874,0.0,1.1930870840485437,1.4234567901234567,7.0,0.0,1.0,0.037037037037037035,0.0,0.190029237516523,0.036111111111111115,1.0,0.0,3.0,0.32098765432098764,0.0,0.7387008950486516,0.545679012345679,3.0,43.0,17.0,16.0,30.0,18.0,38.0,1.0,0.0
9,90,Sprint 54,-4,13,2,4,1,8,1,8,2,4,0,0,0,0,1,7,0.0,18.0,0.0,0.0,18.0,4.0,0.0,4.0,0.45454545454545453,0.0,1.0107645728086345,1.0216450216450212,4.0,0.0,1.0,0.18181818181818182,0.0,0.3947710169758613,0.15584415584415579,1.0,0.0,2.0,1.0909090909090908,1.0,0.5263613559678152,0.277056277056277,2.0,0.0,1.0,0.09090909090909091,0.0,0.29424494316824984,0.08658008658008656,1.0,0.0,0.0,0.0,0.0,0.0,0.0,0.0,0.0,0.0,0.0,0.0,0.0,0.0,0.0,0.0,4.0,0.2727272727272727,0.0,0.9351250581921514,0.8744588744588745,4.0,0.0,0.0,0.0,0.0,0.0,0.0,0.0,0.0,3.0,0.4090909090909091,0.0,0.7963662060880876,0.6341991341991344,3.0,16.0,4.0,0.0,0.0,0.0,6.0,0.0,0.0
9,91,59 - Evans / Fowler SR,80,14,41,164,8,32,4,16,30,120,9,36,6,24,1,6,0.0,0.0,2.0,1.0,75.0,34.0,0.0,14.0,0.9043478260869565,0.0,2.0260319572975267,4.104805491990847,14.0,0.0,4.0,0.6608695652173913,0.0,1.0669431373208815,1.1383676582761253,4.0,0.0,4.0,1.182608695652174,1.0,1.2813274962144927,1.641800152555301,4.0,0.0,6.0,0.40869565217391307,0.0,0.9813672182655143,0.9630816170861936,6.0,0.0,0.0,0.0,0.0,0.0,0.0,0.0,0.0,0.0,0.0,0.0,0.0,0.0,0.0,0.0,8.0,0.33043478260869563,0.0,1.1677068480530908,1.3635392829900839,8.0,0.0,3.0,0.05217391304347826,0.0,0.32018301402697147,0.1025171624713958,3.0,0.0,5.0,0.23478260869565218,0.0,0.7646858635219617,0.5847444698703281,5.0,67.0,31.0,15.0,36.0,33.0,48.0,3.0,0.0
9,93,Gosling RC1,100,14,40,160,4,16,0,0,31,124,1,4,12,48,1,4,0.0,0.0,1.0,1.0,74.0,38.0,0.0,21.0,1.0521739130434782,0.0,2.7841767130498276,7.7516399694889415,21.0,0.0,3.0,0.4782608695652174,0.0,0.7648853381212908,0.5850495804729213,3.0,0.0,3.0,0.8521739130434782,1.0,0.8297481996076266,0.6884820747520978,3.0,0.0,5.0,0.4,0.0,0.8865466216058248,0.7859649122807014,5.0,0.0,0.0,0.0,0.0,0.0,0.0,0.0,0.0,0.0,0.0,0.0,0.0,0.0,0.0,0.0,8.0,0.4260869565217391,0.0,1.2215956603084817,1.4922959572845154,8.0,0.0,3.0,0.06956521739130435,0.0,0.3434024576242351,0.11792524790236458,3.0,0.0,5.0,0.25217391304347825,0.0,0.7705486568976903,0.5937452326468344,5.0,66.0,37.0,19.0,34.0,25.0,49.0,1.0,0.0
10,7,Sprint 1,-7,14,4,17,0,0,0,0,2,7,0,0,2,10,1,1,6.0,4.0,4.0,3.0,2.0,1.0,0.0,2.0,0.8,1.0,0.6324555320336759,0.4000000000000001,2.0,0.0,0.0,0.0,0.0,0.0,0.0,0.0,0.0,1.0,0.9,1.0,0.31622776601683794,0.10000000000000002,1.0,0.0,1.0,0.3,0.0,0.48304589153964794,0.23333333333333334,1.0,0.0,0.0,0.0,0.0,0.0,0.0,0.0,0.0,0.0,0.0,0.0,0.0,0.0,0.0,0.0,1.0,0.8,1.0,0.42163702135578396,0.1777777777777778,1.0,0.0,0.0,0.0,0.0,0.0,0.0,0.0,0.0,1.0,0.1,0.0,0.31622776601683794,0.10000000000000002,1.0,10.0,0.0,0.0,0.0,0.0,0.0,0.0,0.0
10,26,Sprint 2,-13,14,1,13,0,0,0,0,1,13,0,0,0,0,1,1,0.0,1.0,0.0,1.0,0.0,0.0,0.0,0.0,0.0,0.0,0.0,0.0,0.0,1.0,1.0,1.0,1.0,0.0,0.0,0.0,0.0,0.0,0.0,0.0,0.0,0.0,0.0,0.0,0.0,0.0,0.0,0.0,0.0,0.0,0.0,0.0,0.0,0.0,0.0,0.0,0.0,0.0,0.0,0.0,0.0,0.0,0.0,0.0,0.0,0.0,0.0,0.0,0.0,0.0,0.0,0.0,0.0,0.0,0.0,0.0,0.0,0.0,0.0,0.0,0.0,0.0,0.0,0.0,0.0,1.0,0.0,0.0,0.0,0.0,0.0,0.0,0.0
10,33,Sprint 3,0,7,3,9,0,0,0,0,2,6,1,3,0,0,1,3,0.0,1.0,0.0,1.0,0.0,2.0,1.0,8.0,4.333333333333333,4.0,3.511884584284246,12.333333333333332,7.0,0.0,1.0,0.6666666666666666,1.0,0.5773502691896258,0.33333333333333337,1.0,0.0,0.0,0.0,0.0,0.0,0.0,0.0,0.0,1.0,0.3333333333333333,0.0,0.5773502691896258,0.33333333333333337,1.0,0.0,0.0,0.0,0.0,0.0,0.0,0.0,0.0,0.0,0.0,0.0,0.0,0.0,0.0,0.0,0.0,0.0,0.0,0.0,0.0,0.0,0.0,1.0,0.3333333333333333,0.0,0.5773502691896258,0.33333333333333337,1.0,0.0,2.0,1.0,1.0,1.0,1.0,2.0,1.0,0.0,0.0,2.0,0.0,2.0,0.0,0.0
10,36,Sprint 4,-1,10,6,26,0,0,0,0,5,25,0,0,1,1,1,3,0.0,8.0,0.0,0.0,7.0,2.0,0.0,2.0,0.3333333333333333,0.0,0.7071067811865476,0.5,2.0,1.0,1.0,1.0,1.0,0.0,0.0,0.0,0.0,1.0,0.8888888888888888,1.0,0.33333333333333337,0.11111111111111112,1.0,0.0,1.0,0.2222222222222222,0.0,0.44095855184409843,0.19444444444444445,1.0,0.0,0.0,0.0,0.0,0.0,0.0,0.0,0.0,0.0,0.0,0.0,0.0,0.0,0.0,0.0,1.0,0.7777777777777778,1.0,0.44095855184409843,0.19444444444444445,1.0,0.0,1.0,0.1111111111111111,0.0,0.3333333333333333,0.1111111111111111,1.0,0.0,0.0,0.0,0.0,0.0,0.0,0.0,5.0,1.0,0.0,0.0,0.0,4.0,0.0,0.0
10,38,Sprint 5,4,6,8,35,2,16,1,8,3,18,0,0,6,25,1,3,0.0,11.0,1.0,0.0,8.0,3.0,0.0,1.0,0.3333333333333333,0.0,0.49236596391733095,0.24242424242424246,1.0,0.0,1.0,0.8333333333333334,1.0,0.38924947208076144,0.1515151515151515,1.0,0.0,1.0,0.75,1.0,0.45226701686664544,0.20454545454545456,1.0,0.0,1.0,0.16666666666666666,0.0,0.3892494720807615,0.15151515151515152,1.0,0.0,0.0,0.0,0.0,0.0,0.0,0.0,0.0,0.0,0.0,0.0,0.0,0.0,0.0,0.0,3.0,1.0,1.0,0.7385489458759964,0.5454545454545454,3.0,0.0,0.0,0.0,0.0,0.0,0.0,0.0,0.0,2.0,0.16666666666666666,0.0,0.5773502691896257,0.33333333333333326,2.0,7.0,0.0,0.0,1.0,0.0,5.0,0.0,0.0
10,40,45 - Dijkstra M1,1,10,0,0,0,0,0,0,0,0,0,0,0,0,1,1,0.0,1.0,0.0,0.0,0.0,1.0,0.0,0.0,0.0,0.0,0.0,0.0,0.0,0.0,0.0,0.0,0.0,0.0,0.0,0.0,1.0,1.0,1.0,1.0,0.0,0.0,0.0,0.0,0.0,0.0,0.0,0.0,0.0,0.0,0.0,0.0,0.0,0.0,0.0,0.0,0.0,0.0,0.0,0.0,0.0,0.0,0.0,0.0,0.0,0.0,0.0,0.0,0.0,0.0,0.0,0.0,0.0,0.0,0.0,0.0,0.0,0.0,0.0,0.0,0.0,0.0,0.0,0.0,0.0,1.0,0.0,0.0,0.0,0.0,0.0,0.0,0.0
10,44,47 - Dijkstra RC1,1,11,0,0,0,0,0,0,0,0,0,0,0,0,1,1,0.0,1.0,0.0,0.0,1.0,0.0,0.0,0.0,0.0,0.0,0.0,0.0,0.0,0.0,0.0,0.0,0.0,0.0,0.0,0.0,1.0,1.0,1.0,1.0,0.0,0.0,0.0,0.0,0.0,0.0,0.0,0.0,0.0,0.0,0.0,0.0,0.0,0.0,0.0,0.0,0.0,0.0,0.0,0.0,0.0,0.0,0.0,0.0,0.0,0.0,0.0,0.0,0.0,0.0,0.0,0.0,0.0,0.0,0.0,0.0,0.0,0.0,0.0,0.0,0.0,0.0,0.0,0.0,0.0,1.0,0.0,0.0,0.0,0.0,0.0,0.0,0.0
10,48,48 - Dijkstra GA,6,14,0,0,0,0,0,0,0,0,0,0,0,0,1,1,0.0,1.0,0.0,0.0,3.0,1.0,0.0,0.0,0.0,0.0,0.0,0.0,0.0,0.0,1.0,0.25,0.0,0.5,0.25,1.0,0.0,2.0,1.25,1.5,0.9574271077563381,0.9166666666666666,2.0,0.0,0.0,0.0,0.0,0.0,0.0,0.0,0.0,0.0,0.0,0.0,0.0,0.0,0.0,0.0,0.0,0.0,0.0,0.0,0.0,0.0,0.0,0.0,0.0,0.0,0.0,0.0,0.0,0.0,0.0,0.0,0.0,0.0,0.0,0.0,0.0,0.0,0.0,0.0,0.0,0.0,0.0,4.0,1.0,0.0,2.0,0.0,0.0,0.0,0.0
10,52,49 - Dijkstra SR1,1,8,0,0,0,0,0,0,0,0,0,0,0,0,1,1,0.0,1.0,0.0,0.0,1.0,0.0,0.0,0.0,0.0,0.0,0.0,0.0,0.0,1.0,1.0,1.0,1.0,0.0,0.0,0.0,1.0,1.0,1.0,1.0,0.0,0.0,0.0,0.0,0.0,0.0,0.0,0.0,0.0,0.0,0.0,0.0,0.0,0.0,0.0,0.0,0.0,0.0,0.0,0.0,0.0,0.0,0.0,0.0,0.0,0.0,0.0,0.0,0.0,0.0,0.0,0.0,0.0,0.0,0.0,0.0,0.0,0.0,0.0,0.0,0.0,0.0,0.0,0.0,0.0,1.0,0.0,0.0,0.0,0.0,0.0,0.0,0.0
10,53,50 - Evans M1,1,17,0,0,0,0,0,0,0,0,0,0,0,0,1,1,0.0,1.0,0.0,0.0,1.0,0.0,0.0,0.0,0.0,0.0,0.0,0.0,0.0,0.0,0.0,0.0,0.0,0.0,0.0,0.0,1.0,1.0,1.0,1.0,0.0,0.0,0.0,0.0,0.0,0.0,0.0,0.0,0.0,0.0,0.0,0.0,0.0,0.0,0.0,0.0,0.0,0.0,0.0,0.0,0.0,0.0,0.0,0.0,0.0,0.0,0.0,0.0,0.0,0.0,0.0,0.0,0.0,0.0,0.0,0.0,0.0,0.0,0.0,0.0,0.0,0.0,0.0,0.0,0.0,1.0,0.0,0.0,0.0,0.0,0.0,0.0,0.0
10,55,51 - Dijkstra SR2,1,10,0,0,0,0,0,0,0,0,0,0,0,0,1,1,0.0,0.0,0.0,0.0,1.0,0.0,0.0,0.0,0.0,0.0,0.0,0.0,0.0,0.0,0.0,0.0,0.0,0.0,0.0,0.0,1.0,1.0,1.0,1.0,0.0,0.0,0.0,0.0,0.0,0.0,0.0,0.0,0.0,0.0,0.0,0.0,0.0,0.0,0.0,0.0,0.0,0.0,0.0,0.0,0.0,0.0,0.0,0.0,0.0,0.0,0.0,0.0,0.0,0.0,0.0,0.0,0.0,0.0,0.0,0.0,0.0,0.0,0.0,0.0,0.0,0.0,0.0,0.0,0.0,1.0,0.0,0.0,1.0,0.0,0.0,0.0,0.0
10,56,52 - Evans RC1,2,11,0,0,0,0,0,0,0,0,0,0,0,0,1,1,0.0,1.0,0.0,0.0,2.0,0.0,0.0,0.0,0.0,0.0,0.0,0.0,0.0,0.0,0.0,0.0,0.0,0.0,0.0,0.0,0.0,1.0,0.5,0.5,0.7071067811865476,0.5,1.0,0.0,0.0,0.0,0.0,0.0,0.0,0.0,0.0,0.0,0.0,0.0,0.0,0.0,0.0,0.0,0.0,0.0,0.0,0.0,0.0,0.0,0.0,0.0,0.0,0.0,0.0,0.0,0.0,0.0,0.0,0.0,0.0,0.0,0.0,0.0,0.0,0.0,0.0,0.0,0.0,0.0,0.0,2.0,0.0,0.0,1.0,0.0,0.0,0.0,0.0
10,61,52 - Evans GA,6,16,0,0,0,0,0,0,0,0,0,0,0,0,1,1,0.0,2.0,0.0,0.0,4.0,0.0,0.0,2.0,0.5,0.0,1.0,1.0,2.0,0.0,0.0,0.0,0.0,0.0,0.0,0.0,0.0,1.0,0.75,1.0,0.5,0.25,1.0,0.0,1.0,0.25,0.0,0.5,0.25,1.0,0.0,0.0,0.0,0.0,0.0,0.0,0.0,0.0,0.0,0.0,0.0,0.0,0.0,0.0,0.0,0.0,0.0,0.0,0.0,0.0,0.0,0.0,0.0,0.0,0.0,0.0,0.0,0.0,0.0,0.0,0.0,0.0,0.0,0.0,0.0,4.0,0.0,0.0,2.0,0.0,0.0,0.0,0.0
10,63,53 - Evans SR1,2,25,0,0,0,0,0,0,0,0,0,0,0,0,1,1,0.0,1.0,0.0,0.0,1.0,1.0,0.0,0.0,0.0,0.0,0.0,0.0,0.0,0.0,0.0,0.0,0.0,0.0,0.0,0.0,0.0,1.0,0.5,0.5,0.7071067811865476,0.5,1.0,1.0,1.0,1.0,1.0,0.0,0.0,0.0,0.0,0.0,0.0,0.0,0.0,0.0,0.0,0.0,0.0,0.0,0.0,0.0,0.0,0.0,0.0,0.0,0.0,0.0,0.0,0.0,0.0,0.0,0.0,0.0,0.0,0.0,0.0,0.0,0.0,0.0,0.0,0.0,0.0,0.0,0.0,2.0,0.0,0.0,1.0,0.0,0.0,0.0,0.0
10,69,54 - Fowler M1,1,11,0,0,0,0,0,0,0,0,0,0,0,0,1,1,0.0,0.0,0.0,0.0,1.0,0.0,0.0,0.0,0.0,0.0,0.0,0.0,0.0,0.0,0.0,0.0,0.0,0.0,0.0,0.0,1.0,1.0,1.0,1.0,0.0,0.0,0.0,0.0,0.0,0.0,0.0,0.0,0.0,0.0,0.0,0.0,0.0,0.0,0.0,0.0,0.0,0.0,0.0,0.0,0.0,0.0,0.0,0.0,0.0,0.0,0.0,0.0,0.0,0.0,0.0,0.0,0.0,0.0,0.0,0.0,0.0,0.0,0.0,0.0,0.0,0.0,0.0,0.0,0.0,1.0,0.0,0.0,1.0,0.0,0.0,0.0,0.0
10,71,55 - Evans SR2,21,14,0,0,0,0,0,0,0,0,0,0,0,0,1,1,0.0,3.0,1.0,0.0,3.0,0.0,0.0,0.0,0.0,0.0,0.0,0.0,0.0,0.0,3.0,1.0,0.5,1.4142135623730951,2.0,3.0,1.0,3.0,1.5,1.0,1.0,1.0,2.0,0.0,0.0,0.0,0.0,0.0,0.0,0.0,0.0,0.0,0.0,0.0,0.0,0.0,0.0,0.0,0.0,0.0,0.0,0.0,0.0,0.0,0.0,0.0,0.0,0.0,0.0,0.0,0.0,0.0,0.0,0.0,0.0,0.0,0.0,0.0,0.0,0.0,0.0,0.0,0.0,0.0,0.0,2.0,1.0,0.0,0.0,0.0,2.0,0.0,0.0
10,76,56 - Fowler RC1,3,15,0,0,0,0,0,0,0,0,0,0,0,0,1,1,0.0,1.0,0.0,0.0,1.0,0.0,0.0,0.0,0.0,0.0,0.0,0.0,0.0,0.0,0.0,0.0,0.0,0.0,0.0,0.0,1.0,1.0,1.0,1.0,0.0,0.0,0.0,0.0,0.0,0.0,0.0,0.0,0.0,0.0,0.0,0.0,0.0,0.0,0.0,0.0,0.0,0.0,0.0,0.0,0.0,0.0,0.0,0.0,0.0,0.0,0.0,0.0,0.0,0.0,0.0,0.0,0.0,0.0,0.0,0.0,0.0,0.0,0.0,0.0,0.0,0.0,0.0,0.0,0.0,1.0,0.0,0.0,0.0,0.0,0.0,0.0,0.0
10,81,56 - Fowler GA,1,14,0,0,0,0,0,0,0,0,0,0,0,0,1,1,0.0,0.0,0.0,0.0,1.0,0.0,0.0,0.0,0.0,0.0,0.0,0.0,0.0,0.0,0.0,0.0,0.0,0.0,0.0,0.0,1.0,1.0,1.0,1.0,0.0,0.0,0.0,0.0,0.0,0.0,0.0,0.0,0.0,0.0,0.0,0.0,0.0,0.0,0.0,0.0,0.0,0.0,0.0,0.0,0.0,0.0,0.0,0.0,0.0,0.0,0.0,0.0,0.0,0.0,0.0,0.0,0.0,0.0,0.0,0.0,0.0,0.0,0.0,0.0,0.0,0.0,0.0,0.0,0.0,1.0,0.0,0.0,1.0,0.0,0.0,0.0,0.0
10,84,57 - Fowler Aftermath,9,17,0,0,0,0,0,0,0,0,0,0,0,0,1,1,0.0,2.0,0.0,0.0,3.0,0.0,0.0,0.0,0.0,0.0,0.0,0.0,0.0,0.0,1.0,0.3333333333333333,0.0,0.5773502691896258,0.33333333333333337,1.0,0.0,3.0,1.3333333333333333,1.0,1.5275252316519468,2.3333333333333335,3.0,0.0,3.0,1.6666666666666667,2.0,1.5275252316519465,2.333333333333333,3.0,0.0,0.0,0.0,0.0,0.0,0.0,0.0,0.0,0.0,0.0,0.0,0.0,0.0,0.0,0.0,0.0,0.0,0.0,0.0,0.0,0.0,0.0,0.0,0.0,0.0,0.0,0.0,0.0,0.0,0.0,0.0,0.0,0.0,0.0,0.0,3.0,0.0,0.0,1.0,0.0,0.0,0.0,0.0
10,89,58 - Gosling M1,1,14,0,0,0,0,0,0,0,0,0,0,0,0,1,1,0.0,0.0,0.0,0.0,1.0,0.0,0.0,0.0,0.0,0.0,0.0,0.0,0.0,0.0,0.0,0.0,0.0,0.0,0.0,0.0,1.0,1.0,1.0,1.0,0.0,0.0,0.0,0.0,0.0,0.0,0.0,0.0,0.0,0.0,0.0,0.0,0.0,0.0,0.0,0.0,0.0,0.0,0.0,0.0,0.0,0.0,0.0,0.0,0.0,0.0,0.0,0.0,0.0,0.0,0.0,0.0,0.0,0.0,0.0,0.0,0.0,0.0,0.0,0.0,0.0,0.0,0.0,0.0,0.0,1.0,0.0,0.0,1.0,0.0,0.0,0.0,0.0
10,91,59 - Evans / Fowler SR,6,14,0,0,0,0,0,0,0,0,0,0,0,0,1,1,0.0,0.0,0.0,0.0,3.0,1.0,0.0,0.0,0.0,0.0,0.0,0.0,0.0,0.0,0.0,0.0,0.0,0.0,0.0,0.0,1.0,2.0,1.25,1.0,0.5,0.25,1.0,0.0,0.0,0.0,0.0,0.0,0.0,0.0,0.0,0.0,0.0,0.0,0.0,0.0,0.0,0.0,0.0,0.0,0.0,0.0,0.0,0.0,0.0,0.0,0.0,0.0,0.0,0.0,0.0,0.0,0.0,0.0,0.0,0.0,0.0,0.0,0.0,0.0,0.0,0.0,0.0,0.0,0.0,4.0,0.0,0.0,4.0,0.0,0.0,0.0,0.0
10,93,Gosling RC1,5,14,0,0,0,0,0,0,0,0,0,0,0,0,1,1,0.0,0.0,0.0,0.0,3.0,0.0,0.0,0.0,0.0,0.0,0.0,0.0,0.0,0.0,0.0,0.0,0.0,0.0,0.0,0.0,1.0,1.0,1.0,1.0,0.0,0.0,0.0,0.0,1.0,0.3333333333333333,0.0,0.5773502691896258,0.33333333333333337,1.0,0.0,0.0,0.0,0.0,0.0,0.0,0.0,0.0,0.0,0.0,0.0,0.0,0.0,0.0,0.0,0.0,0.0,0.0,0.0,0.0,0.0,0.0,0.0,0.0,0.0,0.0,0.0,0.0,0.0,0.0,0.0,0.0,0.0,0.0,0.0,3.0,0.0,0.0,3.0,0.0,0.0,0.0,0.0
15,1,Sprint 1,6,14,2,4,9,20,4,12,6,11,1,1,0,0,1,1,6.0,16.0,2.0,0.0,13.0,8.0,0.0,1.0,0.043478260869565216,0.0,0.2085144140570748,0.04347826086956523,1.0,0.0,0.0,0.0,0.0,0.0,0.0,0.0,1.0,1.0,1.0,1.0,0.0,0.0,0.0,0.0,1.0,0.08695652173913043,0.0,0.2881040655200304,0.08300395256916997,1.0,0.0,0.0,0.0,0.0,0.0,0.0,0.0,0.0,0.0,0.0,0.0,0.0,0.0,0.0,0.0,1.0,0.2608695652173913,0.0,0.4489777585448796,0.2015810276679842,1.0,0.0,0.0,0.0,0.0,0.0,0.0,0.0,0.0,3.0,0.30434782608695654,0.0,0.7029019463944166,0.4940711462450594,3.0,23.0,1.0,0.0,0.0,0.0,0.0,0.0,0.0
15,3,Sprint 2,0,4,10,31,8,14,8,33,10,12,0,0,0,0,1,4,0.0,18.0,0.0,0.0,12.0,6.0,0.0,2.0,0.5555555555555556,0.5,0.6156987634551994,0.3790849673202615,2.0,0.0,0.0,0.0,0.0,0.0,0.0,0.0,1.0,1.0,1.0,1.0,0.0,0.0,0.0,0.0,3.0,0.3333333333333333,0.0,0.7669649888473704,0.588235294117647,3.0,0.0,0.0,0.0,0.0,0.0,0.0,0.0,0.0,0.0,0.0,0.0,0.0,0.0,0.0,0.0,3.0,1.0555555555555556,1.0,0.5393048054696105,0.29084967320261434,3.0,0.0,1.0,0.1111111111111111,0.0,0.3233808333817773,0.10457516339869281,1.0,0.0,3.0,0.5,0.0,0.985184366143778,0.9705882352941176,3.0,17.0,0.0,0.0,0.0,0.0,1.0,0.0,0.0
15,4,Sprint 3,0,5,17,86,2,4,4,18,3,15,7,40,5,17,1,8,0.0,19.0,0.0,0.0,15.0,4.0,0.0,4.0,0.3157894736842105,0.0,1.002919714242558,1.0058479532163744,4.0,0.0,0.0,0.0,0.0,0.0,0.0,0.0,1.0,1.0,1.0,1.0,0.0,0.0,0.0,0.0,3.0,0.3684210526315789,0.0,0.8306975860878395,0.6900584795321636,3.0,0.0,0.0,0.0,0.0,0.0,0.0,0.0,0.0,0.0,0.0,0.0,0.0,0.0,0.0,0.0,3.0,1.0526315789473684,1.0,0.5242650104380328,0.27485380116959063,3.0,0.0,1.0,0.05263157894736842,0.0,0.22941573387056177,0.05263157894736842,1.0,0.0,4.0,0.631578947368421,0.0,1.2115429242540032,1.4678362573099413,4.0,15.0,0.0,0.0,0.0,0.0,4.0,0.0,0.0
15,5,Sprint 4,9,4,21,55,4,6,7,17,10,26,3,7,5,11,1,5,2.0,37.0,0.0,0.0,40.0,0.0,0.0,3.0,0.35,0.0,0.8022404524765274,0.6435897435897434,3.0,0.0,0.0,0.0,0.0,0.0,0.0,0.0,1.0,1.0,1.0,1.0,0.0,0.0,0.0,0.0,3.0,0.15,0.0,0.533493565673837,0.28461538461538466,3.0,0.0,0.0,0.0,0.0,0.0,0.0,0.0,0.0,0.0,0.0,0.0,0.0,0.0,0.0,0.0,1.0,0.075,0.0,0.2667467828369185,0.07115384615384615,1.0,0.0,0.0,0.0,0.0,0.0,0.0,0.0,0.0,2.0,0.125,0.0,0.40430377003131995,0.16346153846153846,2.0,36.0,0.0,0.0,0.0,0.0,4.0,0.0,1.0
15,6,Sprint 5,-36,6,25,63,9,33,1,1,4,21,9,25,20,49,1,10,0.0,32.0,0.0,0.0,34.0,0.0,0.0,4.0,0.5588235294117647,0.0,0.894128201457549,0.7994652406417113,4.0,0.0,0.0,0.0,0.0,0.0,0.0,0.0,1.0,1.0,1.0,1.0,0.0,0.0,0.0,0.0,1.0,0.08823529411764706,0.0,0.28790224128123654,0.08288770053475933,1.0,0.0,0.0,0.0,0.0,0.0,0.0,0.0,0.0,0.0,0.0,0.0,0.0,0.0,0.0,0.0,1.0,0.058823529411764705,0.0,0.23883257361061286,0.05704099821746881,1.0,0.0,0.0,0.0,0.0,0.0,0.0,0.0,0.0,9.0,0.5882352941176471,0.0,1.6165366469207525,2.6131907308377893,9.0,31.0,2.0,0.0,0.0,0.0,3.0,0.0,0.0
15,8,Sprint 6,33,9,20,77,23,52,1,5,1,12,6,23,35,89,1,10,0.0,53.0,1.0,0.0,58.0,1.0,0.0,4.0,0.5833333333333334,0.0,0.9074394347192632,0.823446327683616,4.0,0.0,0.0,0.0,0.0,0.0,0.0,0.0,1.0,1.0,1.0,1.0,0.0,0.0,0.0,0.0,2.0,0.15,0.0,0.444362045092337,0.19745762711864415,2.0,0.0,0.0,0.0,0.0,0.0,0.0,0.0,0.0,0.0,0.0,0.0,0.0,0.0,0.0,0.0,0.0,0.0,0.0,0.0,0.0,0.0,0.0,0.0,0.0,0.0,0.0,0.0,0.0,0.0,3.0,0.25,0.0,0.6277481952265331,0.3940677966101695,3.0,48.0,4.0,0.0,3.0,0.0,12.0,0.0,0.0
15,9,Sprint 7,22,3,10,24,1,8,3,11,3,2,2,11,3,8,1,4,0.0,17.0,0.0,0.0,15.0,2.0,0.0,2.0,0.23529411764705882,0.0,0.562295714538387,0.3161764705882352,2.0,0.0,1.0,0.058823529411764705,0.0,0.242535625036333,0.05882352941176471,1.0,1.0,1.0,1.0,1.0,0.0,0.0,0.0,0.0,3.0,0.35294117647058826,0.0,0.7859052479933757,0.6176470588235293,3.0,0.0,0.0,0.0,0.0,0.0,0.0,0.0,0.0,0.0,0.0,0.0,0.0,0.0,0.0,0.0,0.0,0.0,0.0,0.0,0.0,0.0,0.0,0.0,0.0,0.0,0.0,0.0,0.0,0.0,2.0,0.47058823529411764,0.0,0.6242642728467978,0.3897058823529412,2.0,10.0,0.0,0.0,0.0,0.0,7.0,0.0,0.0
15,10,Sprint 8,-16,3,18,91,5,17,1,4,9,32,9,55,4,17,1,7,0.0,24.0,0.0,0.0,21.0,4.0,0.0,3.0,0.6,0.0,0.9574271077563381,0.9166666666666666,3.0,0.0,1.0,0.12,0.0,0.33166247903553997,0.11,1.0,1.0,1.0,1.0,1.0,0.0,0.0,0.0,0.0,3.0,0.28,0.0,0.7371114795831993,0.5433333333333332,3.0,0.0,0.0,0.0,0.0,0.0,0.0,0.0,0.0,0.0,0.0,0.0,0.0,0.0,0.0,0.0,0.0,0.0,0.0,0.0,0.0,0.0,0.0,0.0,0.0,0.0,0.0,0.0,0.0,0.0,2.0,0.36,0.0,0.6377042156569664,0.40666666666666673,2.0,22.0,1.0,0.0,0.0,0.0,3.0,0.0,0.0
15,11,Sprint 9,-33,4,30,88,108,430,102,436,14,22,8,18,14,42,1,11,0.0,130.0,0.0,0.0,135.0,4.0,0.0,6.0,0.2014388489208633,0.0,0.6829163391704082,0.4663747263059119,6.0,0.0,1.0,0.11510791366906475,0.0,0.3203063906986985,0.1025961839224273,1.0,0.0,1.0,0.8705035971223022,1.0,0.3369628279955151,0.11354394745073507,1.0,0.0,7.0,0.5827338129496403,0.0,0.9772727548267477,0.9550620373266605,7.0,0.0,0.0,0.0,0.0,0.0,0.0,0.0,0.0,0.0,0.0,0.0,0.0,0.0,0.0,0.0,5.0,0.1223021582733813,0.0,0.5030404895490449,0.2530497341257428,5.0,0.0,0.0,0.0,0.0,0.0,0.0,0.0,0.0,3.0,0.26618705035971224,0.0,0.6321752138375182,0.3996455009905119,3.0,116.0,2.0,0.0,7.0,0.0,23.0,0.0,0.0
15,13,Sprint 10,-13,4,30,59,8,17,1,1,14,23,9,20,14,32,1,9,0.0,41.0,0.0,0.0,41.0,1.0,0.0,3.0,0.5,0.0,0.7407971974871922,0.5487804878048781,3.0,0.0,1.0,0.047619047619047616,0.0,0.21554026870452117,0.04645760743321719,1.0,1.0,1.0,1.0,1.0,0.0,0.0,0.0,0.0,7.0,0.47619047619047616,0.0,1.152687109579183,1.3286875725900116,7.0,0.0,0.0,0.0,0.0,0.0,0.0,0.0,0.0,0.0,0.0,0.0,0.0,0.0,0.0,0.0,2.0,0.09523809523809523,0.0,0.43108053740904234,0.18583042973286876,2.0,0.0,0.0,0.0,0.0,0.0,0.0,0.0,0.0,5.0,0.30952380952380953,0.0,0.896826253344299,0.8042973286875728,5.0,36.0,1.0,0.0,0.0,0.0,6.0,0.0,0.0
15,15,Sprint 11,10,3,11,31,22,60,6,30,11,16,9,32,7,13,1,10,0.0,33.0,2.0,0.0,37.0,0.0,0.0,5.0,0.5128205128205128,0.0,1.048100910966187,1.098515519568151,5.0,0.0,0.0,0.0,0.0,0.0,0.0,0.0,1.0,1.0,1.0,1.0,0.0,0.0,0.0,0.0,7.0,0.4358974358974359,0.0,1.1875421719907089,1.4102564102564106,7.0,0.0,0.0,0.0,0.0,0.0,0.0,0.0,0.0,0.0,0.0,0.0,0.0,0.0,0.0,0.0,2.0,0.05128205128205128,0.0,0.3202563076101743,0.1025641025641026,2.0,0.0,0.0,0.0,0.0,0.0,0.0,0.0,0.0,3.0,0.20512820512820512,0.0,0.6147094812094565,0.3778677462887991,3.0,32.0,6.0,0.0,0.0,0.0,7.0,0.0,0.0
15,16,Sprint 12,183,9,34,112,7,24,10,30,7,31,9,28,15,47,1,10,0.0,108.0,3.0,0.0,113.0,8.0,0.0,6.0,0.25,0.0,0.861318709131055,0.741869918699187,6.0,0.0,1.0,0.024193548387096774,0.0,0.15427299619963394,0.02380015735641227,1.0,1.0,1.0,1.0,1.0,0.0,0.0,0.0,0.0,2.0,0.1532258064516129,0.0,0.44254171341140314,0.1958431681091005,2.0,0.0,0.0,0.0,0.0,0.0,0.0,0.0,0.0,0.0,0.0,0.0,0.0,0.0,0.0,0.0,0.0,0.0,0.0,0.0,0.0,0.0,0.0,0.0,0.0,0.0,0.0,0.0,0.0,0.0,2.0,0.0967741935483871,0.0,0.34733257272616996,0.12063991607658016,2.0,103.0,16.0,0.0,0.0,0.0,21.0,0.0,0.0
15,18,Sprint 13,5,8,7,23,12,37,4,16,15,44,0,0,0,0,1,9,0.0,17.0,0.0,0.0,20.0,1.0,0.0,3.0,0.5454545454545454,0.0,0.857864054457777,0.7359307359307359,3.0,0.0,1.0,0.09090909090909091,0.0,0.29424494316824984,0.08658008658008656,1.0,0.0,1.0,0.9545454545454546,1.0,0.21320071635561047,0.04545454545454547,1.0,0.0,5.0,0.5454545454545454,0.0,1.1843130509275845,1.4025974025974033,5.0,0.0,0.0,0.0,0.0,0.0,0.0,0.0,0.0,0.0,0.0,0.0,0.0,0.0,0.0,0.0,1.0,0.22727272727272727,0.0,0.42893202722888846,0.18398268398268391,1.0,0.0,1.0,0.045454545454545456,0.0,0.2132007163556105,0.04545454545454548,1.0,0.0,1.0,0.09090909090909091,0.0,0.29424494316824984,0.08658008658008656,1.0,15.0,2.0,0.0,3.0,0.0,7.0,1.0,0.0
15,19,Sprint 14,16,9,24,123,5,16,5,24,4,40,12,51,8,24,1,7,0.0,33.0,0.0,0.0,34.0,2.0,0.0,12.0,0.9722222222222222,0.0,2.323619234988028,5.399206349206348,12.0,0.0,0.0,0.0,0.0,0.0,0.0,0.0,1.0,1.0,1.0,1.0,0.0,0.0,0.0,0.0,5.0,0.3055555555555556,0.0,0.9202311648848874,0.8468253968253968,5.0,0.0,0.0,0.0,0.0,0.0,0.0,0.0,0.0,0.0,0.0,0.0,0.0,0.0,0.0,0.0,0.0,0.0,0.0,0.0,0.0,0.0,0.0,0.0,0.0,0.0,0.0,0.0,0.0,0.0,2.0,0.16666666666666666,0.0,0.44721359549995787,0.19999999999999996,2.0,16.0,2.0,0.0,1.0,0.0,20.0,0.0,0.0
15,20,Sprint 15,29,7,14,72,7,28,3,19,4,34,10,41,4,6,1,5,0.0,37.0,0.0,0.0,37.0,0.0,0.0,6.0,0.32432432432432434,0.0,1.05551604161856,1.114114114114114,6.0,0.0,1.0,0.02702702702702703,0.0,0.1643989873053573,0.027027027027027025,1.0,1.0,1.0,1.0,1.0,0.0,0.0,0.0,0.0,3.0,0.2972972972972973,0.0,0.661012055061734,0.4369369369369369,3.0,0.0,0.0,0.0,0.0,0.0,0.0,0.0,0.0,0.0,0.0,0.0,0.0,0.0,0.0,0.0,0.0,0.0,0.0,0.0,0.0,0.0,0.0,0.0,0.0,0.0,0.0,0.0,0.0,0.0,3.0,0.16216216216216217,0.0,0.5534494613840601,0.30630630630630623,3.0,26.0,0.0,0.0,0.0,0.0,11.0,0.0,0.0
15,21,Sprint 16,55,22,19,88,8,19,2,22,2,7,9,44,14,34,1,6,0.0,42.0,0.0,0.0,42.0,3.0,0.0,6.0,0.8,0.0,1.4238232781046698,2.027272727272728,6.0,0.0,1.0,0.044444444444444446,0.0,0.2084090771399927,0.043434343434343436,1.0,1.0,1.0,1.0,1.0,0.0,0.0,0.0,0.0,4.0,0.5333333333333333,0.0,0.8420753583206844,0.709090909090909,4.0,0.0,0.0,0.0,0.0,0.0,0.0,0.0,0.0,0.0,0.0,0.0,0.0,0.0,0.0,0.0,2.0,0.06666666666666667,0.0,0.3302891295379081,0.10909090909090904,2.0,0.0,0.0,0.0,0.0,0.0,0.0,0.0,0.0,2.0,0.28888888888888886,0.0,0.5886124756277652,0.3464646464646465,2.0,32.0,3.0,0.0,0.0,0.0,13.0,0.0,0.0
15,24,Sprint 17,-23,7,16,121,0,0,0,0,14,115,2,6,0,0,1,6,0.0,20.0,0.0,0.0,19.0,1.0,0.0,1.0,0.1,0.0,0.30779350562554625,0.09473684210526317,1.0,0.0,0.0,0.0,0.0,0.0,0.0,0.0,1.0,1.0,1.0,1.0,0.0,0.0,0.0,0.0,1.0,0.2,0.0,0.4103913408340617,0.168421052631579,1.0,0.0,0.0,0.0,0.0,0.0,0.0,0.0,0.0,0.0,0.0,0.0,0.0,0.0,0.0,0.0,0.0,0.0,0.0,0.0,0.0,0.0,0.0,1.0,0.05,0.0,0.22360679774997894,0.04999999999999999,1.0,0.0,2.0,0.3,0.0,0.6569466853317862,0.431578947368421,2.0,18.0,0.0,0.0,0.0,0.0,2.0,0.0,0.0
15,25,Sprint 18,73,20,24,159,9,40,6,56,4,19,15,84,8,40,1,10,0.0,49.0,2.0,0.0,52.0,2.0,0.0,4.0,0.42857142857142855,0.0,0.8497516825978764,0.7220779220779221,4.0,0.0,1.0,0.017857142857142856,0.0,0.1336306209562122,0.01785714285714286,1.0,0.0,1.0,0.9821428571428571,1.0,0.13363062095621223,0.017857142857142863,1.0,0.0,5.0,0.30357142857142855,0.0,0.8294498254789212,0.6879870129870129,5.0,0.0,0.0,0.0,0.0,0.0,0.0,0.0,0.0,0.0,0.0,0.0,0.0,0.0,0.0,0.0,0.0,0.0,0.0,0.0,0.0,0.0,0.0,1.0,0.017857142857142856,0.0,0.1336306209562122,0.01785714285714286,1.0,0.0,7.0,0.6607142857142857,0.0,1.564106317175585,2.4464285714285716,7.0,35.0,3.0,0.0,4.0,0.0,21.0,0.0,0.0
15,28,Sprint 19,21,21,43,186,24,117,14,102,12,7,12,102,29,92,1,11,0.0,46.0,1.0,0.0,78.0,6.0,0.0,6.0,0.8235294117647058,0.0,1.2068896523929689,1.456582633053221,6.0,0.0,1.0,0.058823529411764705,0.0,0.23669053416557545,0.056022408963585436,1.0,1.0,2.0,1.011764705882353,1.0,0.10846522890932811,0.011764705882352946,1.0,0.0,3.0,0.25882352941176473,0.0,0.6201563008911657,0.3845938375350141,3.0,0.0,0.0,0.0,0.0,0.0,0.0,0.0,0.0,0.0,0.0,0.0,0.0,0.0,0.0,0.0,0.0,0.0,0.0,0.0,0.0,0.0,0.0,1.0,0.03529411764705882,0.0,0.18561729852738681,0.03445378151260503,1.0,0.0,6.0,0.36470588235294116,0.0,0.9740325948336221,0.9487394957983191,6.0,60.0,12.0,0.0,27.0,0.0,25.0,0.0,0.0
15,29,Sprint 20,48,28,7,37,19,42,3,8,2,4,6,15,15,52,1,10,0.0,25.0,1.0,0.0,39.0,5.0,0.0,15.0,1.0,0.0,2.486326242032244,6.181818181818182,15.0,0.0,0.0,0.0,0.0,0.0,0.0,0.0,1.0,1.0,1.0,1.0,0.0,0.0,0.0,0.0,2.0,0.4222222222222222,0.0,0.6904836542364176,0.4767676767676767,2.0,0.0,0.0,0.0,0.0,0.0,0.0,0.0,0.0,0.0,0.0,0.0,0.0,0.0,0.0,0.0,0.0,0.0,0.0,0.0,0.0,0.0,0.0,1.0,0.022222222222222223,0.0,0.14907119849998599,0.022222222222222223,1.0,0.0,1.0,0.08888888888888889,0.0,0.28779903201415186,0.08282828282828282,1.0,34.0,13.0,0.0,7.0,0.0,11.0,0.0,0.0
15,31,Sprint 21,208,27,4,16,18,81,2,8,20,89,0,0,0,0,1,7,0.0,58.0,0.0,0.0,67.0,7.0,0.0,9.0,0.918918918918919,0.5,1.5238447837108118,2.322102924842651,9.0,0.0,1.0,0.013513513513513514,0.0,0.11624763874381931,0.01351351351351352,1.0,0.0,1.0,0.9864864864864865,1.0,0.1162476387438193,0.013513513513513516,1.0,0.0,12.0,0.7567567567567568,0.0,1.5946040072764815,2.5427619400222135,12.0,0.0,0.0,0.0,0.0,0.0,0.0,0.0,0.0,0.0,0.0,0.0,0.0,0.0,0.0,0.0,3.0,0.6756756756756757,1.0,0.5516626949407248,0.3043317289892632,3.0,0.0,1.0,0.02702702702702703,0.0,0.16326908396901554,0.026656793780081445,1.0,0.0,7.0,0.4864864864864865,0.0,1.1255834802660174,1.26693817104776,7.0,48.0,5.0,0.0,11.0,0.0,26.0,0.0,0.0
15,35,Sprint 22,63,20,15,68,14,54,3,15,6,33,8,33,12,41,1,6,0.0,46.0,2.0,0.0,45.0,8.0,0.0,9.0,1.1090909090909091,0.0,1.8626218804041443,3.4693602693602705,9.0,0.0,1.0,0.07272727272727272,0.0,0.26208179770229884,0.0686868686868687,1.0,1.0,1.0,1.0,1.0,0.0,0.0,0.0,0.0,12.0,0.9090909090909091,0.0,1.8685776653868287,3.4915824915824913,12.0,0.0,0.0,0.0,0.0,0.0,0.0,0.0,0.0,0.0,0.0,0.0,0.0,0.0,0.0,0.0,3.0,0.8727272727272727,1.0,0.7467099554551001,0.5575757575757576,3.0,0.0,1.0,0.07272727272727272,0.0,0.26208179770229884,0.0686868686868687,1.0,0.0,4.0,0.32727272727272727,0.0,0.8177327611676497,0.6686868686868684,4.0,24.0,5.0,0.0,4.0,0.0,31.0,0.0,0.0
15,39,Sprint 23,16,14,12,57,9,50,2,14,12,56,3,19,4,18,1,6,0.0,33.0,0.0,0.0,27.0,8.0,0.0,7.0,0.9428571428571428,0.0,1.5707408732048398,2.4672268907563026,7.0,0.0,1.0,0.08571428571428572,0.0,0.2840286409986905,0.08067226890756303,1.0,1.0,1.0,1.0,1.0,0.0,0.0,0.0,0.0,6.0,0.7428571428571429,0.0,1.4004801097534822,1.961344537815126,6.0,0.0,0.0,0.0,0.0,0.0,0.0,0.0,0.0,0.0,0.0,0.0,0.0,0.0,0.0,0.0,3.0,0.7714285714285715,1.0,0.7310634592924236,0.534453781512605,3.0,0.0,1.0,0.05714285714285714,0.0,0.2355041079768028,0.055462184873949584,1.0,0.0,1.0,0.08571428571428572,0.0,0.2840286409986905,0.08067226890756303,1.0,22.0,1.0,0.0,1.0,0.0,13.0,0.0,0.0
15,41,Sprint 24,89,16,16,92,13,60,4,14,8,50,5,26,12,62,1,10,0.0,61.0,0.0,0.0,49.0,15.0,0.0,9.0,0.5454545454545454,0.0,1.3264390522902132,1.759440559440559,9.0,0.0,1.0,0.07575757575757576,0.0,0.26663752754548836,0.07109557109557108,1.0,0.0,1.0,0.9848484848484849,1.0,0.12309149097933272,0.015151515151515148,1.0,0.0,6.0,0.3787878787878788,0.0,0.8903785109569373,0.7927738927738929,6.0,0.0,0.0,0.0,0.0,0.0,0.0,0.0,0.0,0.0,0.0,0.0,0.0,0.0,0.0,0.0,5.0,0.8333333333333334,1.0,0.7958224257542215,0.6333333333333334,5.0,0.0,1.0,0.045454545454545456,0.0,0.2098950786844324,0.04405594405594407,1.0,0.0,4.0,0.2727272727272727,0.0,0.6916080380690195,0.4783216783216783,4.0,42.0,0.0,0.0,5.0,0.0,24.0,2.0,0.0
15,43,Sprint 25,131,12,15,63,14,39,6,22,23,80,0,0,0,0,1,11,0.0,54.0,6.0,1.0,54.0,18.0,0.0,7.0,0.6172839506172839,0.0,1.2606337814227404,1.5891975308641977,7.0,0.0,1.0,0.1728395061728395,0.0,0.3804643037391985,0.14475308641975307,1.0,1.0,1.0,1.0,1.0,0.0,0.0,0.0,0.0,2.0,0.2716049382716049,0.0,0.5480042353625642,0.30030864197530865,2.0,0.0,0.0,0.0,0.0,0.0,0.0,0.0,0.0,0.0,0.0,0.0,0.0,0.0,0.0,0.0,5.0,0.5432098765432098,0.0,0.8951170693832371,0.8012345679012348,5.0,0.0,2.0,0.1111111111111111,0.0,0.3535533905932738,0.12500000000000003,2.0,0.0,4.0,0.24691358024691357,0.0,0.7164297627390083,0.5132716049382716,4.0,61.0,19.0,0.0,8.0,0.0,20.0,2.0,0.0
15,45,Sprint 26,-59,13,18,104,37,163,17,125,26,114,7,18,5,10,1,10,0.0,37.0,1.0,0.0,53.0,14.0,0.0,3.0,0.4857142857142857,0.0,0.6537042087569759,0.4273291925465839,3.0,0.0,1.0,0.2,0.0,0.4028881241482679,0.16231884057971013,1.0,0.0,1.0,0.9714285714285714,1.0,0.1678015193509294,0.028157349896480333,1.0,0.0,6.0,0.5714285714285714,0.0,1.136628992168733,1.2919254658385093,6.0,0.0,0.0,0.0,0.0,0.0,0.0,0.0,0.0,0.0,0.0,0.0,0.0,0.0,0.0,0.0,5.0,1.1714285714285715,1.0,1.035198343683975,1.0716356107660452,5.0,0.0,2.0,0.04285714285714286,0.0,0.26570738431341145,0.07060041407867493,2.0,0.0,4.0,0.3142857142857143,0.0,0.7716509149709921,0.5954451345755694,4.0,30.0,12.0,0.0,21.0,0.0,40.0,2.0,0.0
15,47,Sprint 27,82,21,67,336,2,3,17,100,14,90,17,81,21,68,1,15,0.0,67.0,4.0,0.0,77.0,27.0,0.0,9.0,0.954954954954955,0.0,1.631437667086568,2.661588861588864,9.0,0.0,1.0,0.22522522522522523,0.0,0.41962504225221836,0.17608517608517604,1.0,0.0,1.0,0.990990990990991,1.0,0.09491579957524993,0.009009009009009014,1.0,0.0,6.0,0.4594594594594595,0.0,0.9023583624318079,0.814250614250614,6.0,0.0,0.0,0.0,0.0,0.0,0.0,0.0,0.0,0.0,0.0,0.0,0.0,0.0,0.0,0.0,5.0,1.018018018018018,1.0,1.0701060438699266,1.145126945126945,5.0,0.0,1.0,0.08108108108108109,0.0,0.2741975112656481,0.07518427518427523,1.0,0.0,7.0,0.36036036036036034,0.0,0.9024491201250153,0.8144144144144144,7.0,58.0,22.0,0.0,22.0,0.0,53.0,3.0,0.0
15,49,Sprint 28,37,9,19,85,6,11,6,25,5,36,7,16,7,19,1,10,0.0,27.0,3.0,0.0,25.0,10.0,0.0,5.0,0.9743589743589743,1.0,1.3275854514509353,1.7624831309041837,5.0,0.0,1.0,0.15384615384615385,0.0,0.36551776819519566,0.13360323886639677,1.0,1.0,1.0,1.0,1.0,0.0,0.0,0.0,0.0,3.0,0.46153846153846156,0.0,0.7896086254446046,0.623481781376518,3.0,0.0,0.0,0.0,0.0,0.0,0.0,0.0,0.0,0.0,0.0,0.0,0.0,0.0,0.0,0.0,7.0,1.3076923076923077,1.0,1.5244299392481484,2.3238866396761138,7.0,0.0,1.0,0.07692307692307693,0.0,0.2699527623995085,0.07287449392712549,1.0,0.0,5.0,0.4358974358974359,0.0,1.1423630125147057,1.3049932523616736,5.0,17.0,6.0,0.0,6.0,0.0,22.0,1.0,0.0
15,50,Sprint 29,-6,8,19,70,3,13,0,0,12,39,5,24,5,20,1,8,0.0,20.0,0.0,0.0,26.0,4.0,0.0,5.0,1.1290322580645162,0.0,1.4546920747216798,2.116129032258065,5.0,0.0,1.0,0.2903225806451613,0.0,0.4614143753790638,0.21290322580645163,1.0,1.0,1.0,1.0,1.0,0.0,0.0,0.0,0.0,3.0,0.4838709677419355,0.0,0.8112117578838661,0.6580645161290323,3.0,0.0,0.0,0.0,0.0,0.0,0.0,0.0,0.0,0.0,0.0,0.0,0.0,0.0,0.0,0.0,11.0,1.935483870967742,1.0,2.1746338216041146,4.7290322580645165,11.0,0.0,1.0,0.12903225806451613,0.0,0.3407771005482388,0.11612903225806447,1.0,0.0,5.0,0.41935483870967744,0.0,1.0574873852167095,1.1182795698924735,5.0,18.0,6.0,0.0,5.0,0.0,13.0,1.0,0.0
15,51,Sprint 30,39,19,12,65,30,139,0,0,8,45,12,62,22,97,1,12,2.0,37.0,0.0,0.0,43.0,23.0,0.0,9.0,1.2835820895522387,0.0,1.8074422757810045,3.2668475802804164,9.0,0.0,1.0,0.14925373134328357,0.0,0.35902778415670306,0.12890094979647215,1.0,1.0,1.0,1.0,1.0,0.0,0.0,0.0,0.0,6.0,0.6865671641791045,0.0,1.090023008151393,1.1881501582994118,6.0,0.0,0.0,0.0,0.0,0.0,0.0,0.0,0.0,0.0,0.0,0.0,0.0,0.0,0.0,0.0,5.0,1.1940298507462686,1.0,1.131354859130083,1.2799638172772503,5.0,0.0,2.0,0.16417910447761194,0.0,0.41183311291115837,0.16960651289009493,2.0,0.0,3.0,0.34328358208955223,0.0,0.7082252425043234,0.5015829941203076,3.0,30.0,17.0,0.0,11.0,0.0,37.0,1.0,0.0
15,54,Sprint 31,100,17,26,105,2,6,2,7,1,4,8,34,17,66,1,12,0.0,48.0,4.0,3.0,38.0,19.0,0.0,13.0,1.476923076923077,0.0,2.7220608708505,7.409615384615383,13.0,0.0,1.0,0.03076923076923077,0.0,0.1740358053345964,0.030288461538461535,1.0,1.0,1.0,1.0,1.0,0.0,0.0,0.0,0.0,3.0,0.4307692307692308,0.0,0.7699275690209186,0.5927884615384614,3.0,0.0,0.0,0.0,0.0,0.0,0.0,0.0,0.0,0.0,0.0,0.0,0.0,0.0,0.0,0.0,7.0,0.9692307692307692,1.0,1.4892241139393565,2.2177884615384618,7.0,0.0,1.0,0.18461538461538463,0.0,0.3910046232266511,0.15288461538461537,1.0,0.0,2.0,0.24615384615384617,0.0,0.5598763599773957,0.3134615384615384,2.0,40.0,11.0,0.0,6.0,0.0,25.0,1.0,0.0
15,57,Sprint 32,38,8,40,110,8,19,3,16,3,-5,8,26,34,92,1,11,0.0,35.0,6.0,0.0,46.0,16.0,0.0,13.0,1.9275362318840579,1.0,2.562850208951137,6.568201193520887,13.0,0.0,2.0,0.14492753623188406,0.0,0.42961550247389746,0.1845694799658994,2.0,1.0,3.0,1.0289855072463767,1.0,0.24077170617153834,0.057971014492753596,2.0,0.0,5.0,0.2028985507246377,0.0,0.6769244928117589,0.458226768968457,5.0,0.0,0.0,0.0,0.0,0.0,0.0,0.0,0.0,0.0,0.0,0.0,0.0,0.0,0.0,0.0,11.0,1.4782608695652173,1.0,2.011793870655022,4.047314578005115,11.0,0.0,1.0,0.15942028985507245,0.0,0.3687494129924381,0.13597612958226765,1.0,0.0,7.0,0.4057971014492754,0.0,1.088966598360306,1.185848252344416,7.0,49.0,16.0,0.0,18.0,0.0,20.0,1.0,0.0
15,60,Sprint 33,0,20,13,89,2,5,6,30,1,8,7,63,1,2,1,10,0.0,7.0,0.0,0.0,10.0,5.0,0.0,7.0,1.9333333333333333,1.0,2.1865389045137933,4.78095238095238,7.0,0.0,1.0,0.26666666666666666,0.0,0.4577377082170635,0.20952380952380958,1.0,0.0,1.0,0.8666666666666667,1.0,0.35186577527449836,0.12380952380952377,1.0,0.0,1.0,0.13333333333333333,0.0,0.35186577527449836,0.12380952380952379,1.0,0.0,0.0,0.0,0.0,0.0,0.0,0.0,0.0,0.0,0.0,0.0,0.0,0.0,0.0,0.0,7.0,1.2,0.0,2.1447610589527217,4.6000000000000005,7.0,0.0,1.0,0.26666666666666666,0.0,0.4577377082170635,0.20952380952380958,1.0,0.0,2.0,0.26666666666666666,0.0,0.5936168397046635,0.3523809523809522,2.0,11.0,3.0,0.0,5.0,0.0,4.0,0.0,0.0
15,62,Sprint 34,-14,23,15,70,0,0,1,8,12,57,2,5,0,0,1,6,0.0,13.0,0.0,0.0,14.0,1.0,0.0,7.0,1.0,0.0,1.8126539343499315,3.2857142857142856,7.0,0.0,1.0,0.13333333333333333,0.0,0.35186577527449836,0.12380952380952377,1.0,0.0,2.0,0.9333333333333333,1.0,0.4577377082170634,0.20952380952380947,2.0,0.0,2.0,0.26666666666666666,0.0,0.5936168397046636,0.3523809523809523,2.0,0.0,0.0,0.0,0.0,0.0,0.0,0.0,0.0,0.0,0.0,0.0,0.0,0.0,0.0,0.0,7.0,1.2,0.0,2.242447642325552,5.028571428571428,7.0,0.0,0.0,0.0,0.0,0.0,0.0,0.0,0.0,4.0,0.6,0.0,1.1832159566199232,1.3999999999999997,4.0,8.0,0.0,0.0,2.0,0.0,7.0,0.0,0.0
15,64,Sprint 35,-5,8,11,27,1,5,0,0,1,6,8,21,3,5,1,6,0.0,12.0,0.0,0.0,9.0,7.0,0.0,8.0,1.0625,0.0,2.080664957811965,4.329166666666667,8.0,0.0,1.0,0.125,0.0,0.3415650255319866,0.11666666666666667,1.0,1.0,2.0,1.0625,1.0,0.25,0.0625,1.0,0.0,0.0,0.0,0.0,0.0,0.0,0.0,0.0,0.0,0.0,0.0,0.0,0.0,0.0,0.0,0.0,0.0,0.0,0.0,0.0,0.0,0.0,7.0,1.3125,1.0,1.9224550276491081,3.6958333333333333,7.0,0.0,1.0,0.125,0.0,0.3415650255319866,0.11666666666666667,1.0,0.0,5.0,0.75,0.0,1.390443574307614,1.9333333333333333,5.0,8.0,3.0,0.0,1.0,0.0,8.0,0.0,0.0
15,65,Sprint 36,-22,10,29,119,1,5,2,13,14,59,8,23,6,29,1,10,2.0,24.0,2.0,0.0,30.0,6.0,0.0,4.0,0.7368421052631579,0.0,1.0049663306533203,1.0099573257467989,4.0,0.0,1.0,0.15789473684210525,0.0,0.369537021476632,0.13655761024182075,1.0,0.0,2.0,0.9210526315789473,1.0,0.35879520224642053,0.1287339971550498,2.0,0.0,4.0,0.3684210526315789,0.0,0.8517407495298512,0.7254623044096729,4.0,0.0,0.0,0.0,0.0,0.0,0.0,0.0,0.0,0.0,0.0,0.0,0.0,0.0,0.0,0.0,5.0,0.6052631578947368,0.0,1.1517195999827181,1.3264580369843524,5.0,0.0,1.0,0.05263157894736842,0.0,0.22629428592141426,0.051209103840682786,1.0,0.0,4.0,0.5789473684210527,0.0,1.0560400009666,1.1152204836415367,4.0,26.0,7.0,0.0,5.0,0.0,12.0,0.0,0.0
15,66,Sprint 37,1,11,34,131,3,17,4,17,10,45,10,54,13,32,1,10,4.0,32.0,0.0,0.0,41.0,5.0,0.0,11.0,0.8913043478260869,0.0,1.8163242597138658,3.2990338164251223,11.0,0.0,1.0,0.043478260869565216,0.0,0.2061845709423622,0.04251207729468599,1.0,0.0,2.0,1.1521739130434783,1.0,0.4199148752014614,0.17632850241545892,2.0,0.0,9.0,0.45652173913043476,0.0,1.4561215110946146,2.120289855072464,9.0,0.0,0.0,0.0,0.0,0.0,0.0,0.0,0.0,0.0,0.0,0.0,0.0,0.0,0.0,0.0,9.0,1.4782608695652173,1.0,1.7222611807966952,2.966183574879227,9.0,0.0,1.0,0.043478260869565216,0.0,0.2061845709423622,0.04251207729468599,1.0,0.0,3.0,0.391304347826087,0.0,0.802170967356439,0.6434782608695652,3.0,27.0,6.0,0.0,4.0,0.0,19.0,0.0,0.0
15,67,Sprint 38,21,14,36,185,9,23,1,5,17,109,10,43,17,51,1,10,6.0,49.0,2.0,3.0,57.0,6.0,0.0,6.0,0.6176470588235294,0.0,1.3497308937390478,1.8217734855136087,6.0,0.0,2.0,0.2647058823529412,0.0,0.47685684384007776,0.2273924495171203,2.0,0.0,2.0,1.0441176470588236,1.0,0.2695393267023518,0.07265144863915715,2.0,0.0,9.0,0.5294117647058824,0.0,1.2633831415083812,1.5961369622475865,9.0,0.0,0.0,0.0,0.0,0.0,0.0,0.0,0.0,0.0,0.0,0.0,0.0,0.0,0.0,0.0,3.0,0.5588235294117647,0.0,0.6993035542099304,0.48902546093064103,3.0,0.0,0.0,0.0,0.0,0.0,0.0,0.0,0.0,5.0,0.7058823529411765,0.0,1.1468167953391655,1.3151887620719933,5.0,47.0,11.0,0.0,2.0,0.0,21.0,0.0,0.0
15,68,Sprint 39,-16,15,27,125,2,4,6,29,12,63,5,17,6,20,1,7,2.0,30.0,0.0,1.0,34.0,6.0,0.0,6.0,1.024390243902439,0.0,1.6353563048774535,2.6743902439024385,6.0,0.0,1.0,0.1951219512195122,0.0,0.4012176588288426,0.16097560975609754,1.0,0.0,2.0,1.0731707317073171,1.0,0.5652540978373808,0.3195121951219513,2.0,0.0,9.0,0.6097560975609756,0.0,1.5632985764160314,2.4439024390243906,9.0,0.0,0.0,0.0,0.0,0.0,0.0,0.0,0.0,0.0,0.0,0.0,0.0,0.0,0.0,0.0,9.0,1.4390243902439024,0.0,2.5695211663635393,6.602439024390243,9.0,0.0,0.0,0.0,0.0,0.0,0.0,0.0,0.0,4.0,0.5609756097560976,0.0,1.0499709635938719,1.102439024390244,4.0,25.0,8.0,0.0,1.0,0.0,16.0,0.0,0.0
15,70,Sprint 40,20,14,33,144,6,17,5,29,16,55,9,51,9,26,1,10,4.0,46.0,1.0,2.0,57.0,1.0,0.0,4.0,0.4426229508196721,0.0,0.8664985124806319,0.7508196721311478,4.0,0.0,1.0,0.18032786885245902,0.0,0.3876509048663705,0.15027322404371585,1.0,0.0,2.0,1.0,1.0,0.408248290463863,0.16666666666666666,2.0,0.0,4.0,0.4098360655737705,0.0,0.8241571286336095,0.6792349726775958,4.0,0.0,0.0,0.0,0.0,0.0,0.0,0.0,0.0,0.0,0.0,0.0,0.0,0.0,0.0,0.0,17.0,1.0491803278688525,1.0,2.2317872472392817,4.980874316939891,17.0,0.0,0.0,0.0,0.0,0.0,0.0,0.0,0.0,4.0,0.4918032786885246,0.0,0.8683883697146901,0.7540983606557373,4.0,44.0,11.0,0.0,0.0,0.0,17.0,0.0,0.0
15,72,Sprint 41,44,23,28,108,13,51,9,31,5,34,14,68,13,26,1,10,1.0,57.0,1.0,2.0,64.0,10.0,0.0,4.0,0.42857142857142855,0.0,0.9094326083734476,0.8270676691729326,4.0,0.0,1.0,0.2077922077922078,0.0,0.4083877909943187,0.16678058783321936,1.0,0.0,2.0,0.9090909090909091,1.0,0.36927447293799814,0.13636363636363633,2.0,0.0,4.0,0.35064935064935066,0.0,0.7568326270895068,0.5727956254272045,4.0,0.0,0.0,0.0,0.0,0.0,0.0,0.0,0.0,0.0,0.0,0.0,0.0,0.0,0.0,0.0,3.0,0.5844155844155844,0.0,0.7669256697437015,0.588174982911825,3.0,0.0,1.0,0.025974025974025976,0.0,0.16010078848765158,0.02563226247436775,1.0,0.0,4.0,0.45454545454545453,0.0,0.9806745066729721,0.9617224880382772,4.0,47.0,13.0,0.0,6.0,0.0,30.0,0.0,0.0
15,73,Sprint 42,10,7,21,64,4,19,2,8,13,44,7,26,3,5,1,8,7.0,31.0,3.0,2.0,38.0,6.0,0.0,10.0,0.5714285714285714,0.0,1.5942605391424158,2.5416666666666665,10.0,0.0,1.0,0.061224489795918366,0.0,0.24222607082590245,0.05867346938775511,1.0,0.0,2.0,0.9795918367346939,1.0,0.2491482087673375,0.062074829931972796,2.0,0.0,3.0,0.3877551020408163,0.0,0.7307623453915623,0.5340136054421769,3.0,0.0,0.0,0.0,0.0,0.0,0.0,0.0,0.0,0.0,0.0,0.0,0.0,0.0,0.0,0.0,9.0,0.7346938775510204,0.0,1.7768829238782358,3.1573129251700682,9.0,0.0,1.0,0.02040816326530612,0.0,0.14285714285714285,0.02040816326530612,1.0,0.0,4.0,0.2653061224489796,0.0,0.8606080748537056,0.7406462585034014,4.0,33.0,6.0,0.0,5.0,0.0,16.0,0.0,0.0
15,74,Sprint 43,-35,9,12,63,0,0,5,14,7,49,0,0,0,0,1,4,0.0,19.0,0.0,0.0,22.0,1.0,0.0,1.0,0.043478260869565216,0.0,0.2085144140570748,0.04347826086956523,1.0,0.0,1.0,0.17391304347826086,0.0,0.3875533878815898,0.150197628458498,1.0,0.0,2.0,0.9565217391304348,1.0,0.638055345958271,0.4071146245059289,2.0,0.0,4.0,0.30434782608695654,0.0,1.0195713274212868,1.0395256916996045,4.0,0.0,0.0,0.0,0.0,0.0,0.0,0.0,0.0,0.0,0.0,0.0,0.0,0.0,0.0,0.0,2.0,0.13043478260869565,0.0,0.45769658728016016,0.20948616600790526,2.0,0.0,0.0,0.0,0.0,0.0,0.0,0.0,0.0,4.0,0.43478260869565216,0.0,0.9920633665850976,0.9841897233201577,4.0,20.0,3.0,0.0,1.0,0.0,3.0,0.0,0.0
15,77,Sprint 44,53,11,19,80,7,24,6,29,20,75,0,0,0,0,1,12,5.0,36.0,1.0,1.0,43.0,5.0,0.0,7.0,0.64,0.0,1.3364589215458857,1.786122448979592,7.0,0.0,1.0,0.28,0.0,0.4535573676110727,0.2057142857142857,1.0,0.0,3.0,1.14,1.0,0.5717856027482715,0.32693877551020417,3.0,0.0,4.0,0.4,0.0,0.9689042833036098,0.9387755102040817,4.0,0.0,0.0,0.0,0.0,0.0,0.0,0.0,0.0,0.0,0.0,0.0,0.0,0.0,0.0,0.0,6.0,0.52,0.0,1.2493263490900255,1.560816326530612,6.0,0.0,1.0,0.02,0.0,0.1414213562373095,0.019999999999999997,1.0,0.0,5.0,0.98,0.0,1.332329554133033,1.7751020408163263,5.0,34.0,7.0,0.0,2.0,0.0,16.0,0.0,0.0
15,78,Sprint 45,18,11,15,87,6,18,7,33,0,0,8,46,6,22,1,12,5.0,23.0,4.0,1.0,33.0,1.0,0.0,4.0,0.7435897435897436,0.0,1.2078242447507943,1.458839406207827,4.0,0.0,2.0,0.3333333333333333,0.0,0.5773502691896258,0.33333333333333337,2.0,0.0,2.0,1.205128205128205,1.0,0.6147094812094563,0.377867746288799,2.0,0.0,2.0,0.5384615384615384,0.0,0.6823393910177054,0.4655870445344131,2.0,0.0,0.0,0.0,0.0,0.0,0.0,0.0,0.0,0.0,0.0,0.0,0.0,0.0,0.0,0.0,5.0,0.4358974358974359,0.0,1.2094990654001263,1.4628879892037792,5.0,0.0,0.0,0.0,0.0,0.0,0.0,0.0,0.0,8.0,0.9743589743589743,0.0,1.739436985245808,3.0256410256410255,8.0,25.0,9.0,0.0,2.0,0.0,14.0,0.0,0.0
15,79,Sprint 46,3,11,19,98,10,33,9,56,20,75,0,0,0,0,1,12,4.0,27.0,1.0,1.0,41.0,3.0,0.0,7.0,0.7391304347826086,0.0,1.3570357009746672,1.8415458937198066,7.0,0.0,1.0,0.2391304347826087,0.0,0.43126597148888446,0.18599033816425128,1.0,0.0,2.0,1.0217391304347827,1.0,0.6827763725256074,0.46618357487922707,2.0,0.0,4.0,0.41304347826086957,0.0,0.7767764430723149,0.6033816425120772,4.0,0.0,0.0,0.0,0.0,0.0,0.0,0.0,0.0,0.0,0.0,0.0,0.0,0.0,0.0,0.0,11.0,0.9565217391304348,0.0,1.8252125810939326,3.3314009661835757,11.0,0.0,1.0,0.043478260869565216,0.0,0.2061845709423622,0.04251207729468599,1.0,0.0,4.0,0.5434782608695652,0.0,1.0478872233452612,1.0980676328502414,4.0,32.0,11.0,0.0,4.0,0.0,14.0,0.0,0.0
15,80,Sprint 47,36,18,17,73,10,35,6,23,3,12,10,49,8,24,1,12,2.0,36.0,1.0,2.0,39.0,9.0,0.0,9.0,0.8235294117647058,0.0,1.946338946359972,3.7882352941176465,9.0,0.0,2.0,0.23529411764705882,0.0,0.4727889717037675,0.22352941176470587,2.0,0.0,2.0,0.9803921568627451,1.0,0.6477714435950808,0.41960784313725497,2.0,0.0,2.0,0.3137254901960784,0.0,0.6779438347955198,0.45960784313725506,2.0,0.0,0.0,0.0,0.0,0.0,0.0,0.0,0.0,0.0,0.0,0.0,0.0,0.0,0.0,0.0,3.0,0.35294117647058826,0.0,0.7436001455557875,0.5529411764705884,3.0,0.0,0.0,0.0,0.0,0.0,0.0,0.0,0.0,13.0,0.47058823529411764,0.0,1.8799249046328481,3.5341176470588227,13.0,37.0,11.0,0.0,2.0,0.0,14.0,0.0,0.0
15,82,Sprint 48,-25,11,26,123,16,44,15,62,27,105,0,0,0,0,1,12,1.0,40.0,3.0,2.0,42.0,7.0,0.0,12.0,1.0555555555555556,0.0,2.5801613717755165,6.6572327044025155,12.0,0.0,2.0,0.25925925925925924,0.0,0.4831182200406956,0.23340321453528995,2.0,0.0,2.0,1.0,1.0,0.6142951168339512,0.37735849056603776,2.0,0.0,4.0,0.5,0.0,0.8411582311380664,0.7075471698113207,4.0,0.0,0.0,0.0,0.0,0.0,0.0,0.0,0.0,0.0,0.0,0.0,0.0,0.0,0.0,0.0,6.0,1.0740740740740742,1.0,1.195145082403977,1.4283717679944092,6.0,0.0,1.0,0.037037037037037035,0.0,0.19062587709298626,0.0363382250174703,1.0,0.0,6.0,0.4074074074074074,0.0,1.0003493449888228,1.0006988120195666,6.0,37.0,11.0,0.0,2.0,0.0,17.0,0.0,0.0
15,83,Sprint 49,93,11,20,84,12,29,5,22,27,91,0,0,0,0,1,13,1.0,43.0,4.0,0.0,53.0,11.0,0.0,7.0,0.5735294117647058,0.0,1.3306510186560543,1.770632133450395,7.0,0.0,2.0,0.2647058823529412,0.0,0.47685684384007776,0.22739244951712032,2.0,0.0,2.0,0.9558823529411765,1.0,0.40274518922654723,0.16220368744512734,2.0,0.0,4.0,0.4117647058823529,0.0,0.8849537321179365,0.7831431079894644,4.0,0.0,0.0,0.0,0.0,0.0,0.0,0.0,0.0,0.0,0.0,0.0,0.0,0.0,0.0,0.0,9.0,1.0441176470588236,1.0,1.587580751542739,2.5204126426690077,9.0,0.0,1.0,0.014705882352941176,0.0,0.12126781251816653,0.014705882352941185,1.0,0.0,6.0,0.39705882352941174,0.0,0.9000780377834403,0.8101404741000882,6.0,42.0,19.0,0.0,5.0,0.0,26.0,0.0,0.0
15,85,Sprint 50,21,13,21,89,10,20,4,16,27,93,0,0,0,0,1,13,0.0,46.0,4.0,1.0,54.0,8.0,0.0,5.0,0.417910447761194,0.0,1.0891928305685443,1.1863410221619177,5.0,0.0,2.0,0.19402985074626866,0.0,0.434804239133152,0.18905472636815926,2.0,0.0,2.0,0.9850746268656716,1.0,0.4764940558449187,0.2270465852555405,2.0,0.0,2.0,0.11940298507462686,0.0,0.3701919264586908,0.13704206241519676,2.0,0.0,0.0,0.0,0.0,0.0,0.0,0.0,0.0,0.0,0.0,0.0,0.0,0.0,0.0,0.0,5.0,0.8656716417910447,0.0,1.2296282067807731,1.5119855269109,5.0,0.0,1.0,0.029850746268656716,0.0,0.17145979772029107,0.029398462234283135,1.0,0.0,4.0,0.208955223880597,0.0,0.616375363616857,0.37991858887381263,4.0,50.0,20.0,0.0,1.0,0.0,17.0,0.0,0.0
15,86,Sprint 51,-22,13,24,88,5,10,3,6,4,32,6,32,16,28,1,13,0.0,31.0,2.0,0.0,30.0,4.0,0.0,4.0,0.4722222222222222,0.0,0.9705995528865093,0.9420634920634918,4.0,0.0,1.0,0.1111111111111111,0.0,0.3187276291558383,0.1015873015873016,1.0,0.0,2.0,0.9166666666666666,1.0,0.5542047068934521,0.30714285714285716,2.0,0.0,2.0,0.2222222222222222,0.0,0.48468611999997996,0.23492063492063495,2.0,0.0,0.0,0.0,0.0,0.0,0.0,0.0,0.0,0.0,0.0,0.0,0.0,0.0,0.0,0.0,4.0,0.9722222222222222,1.0,1.133543397899099,1.2849206349206348,4.0,0.0,1.0,0.05555555555555555,0.0,0.2323106841457232,0.05396825396825397,1.0,0.0,3.0,0.25,0.0,0.6035608621222174,0.36428571428571427,3.0,27.0,5.0,0.0,0.0,0.0,9.0,0.0,0.0
15,87,Sprint 52,3,14,12,79,1,1,3,18,1,10,7,50,2,2,1,9,0.0,19.0,1.0,2.0,19.0,4.0,0.0,1.0,0.11538461538461539,0.0,0.32581259360842113,0.10615384615384617,1.0,0.0,1.0,0.23076923076923078,0.0,0.4296689244236597,0.1846153846153846,1.0,0.0,2.0,0.9615384615384616,1.0,0.7200427337745576,0.5184615384615384,2.0,0.0,6.0,0.38461538461538464,0.0,1.2353759938390603,1.5261538461538458,6.0,0.0,0.0,0.0,0.0,0.0,0.0,0.0,0.0,0.0,0.0,0.0,0.0,0.0,0.0,0.0,3.0,0.38461538461538464,0.0,0.7524319545007682,0.5661538461538461,3.0,0.0,0.0,0.0,0.0,0.0,0.0,0.0,0.0,2.0,0.2692307692307692,0.0,0.533493565673837,0.28461538461538466,2.0,17.0,6.0,0.0,1.0,0.0,9.0,0.0,0.0
15,88,Sprint 53,18,12,18,85,6,12,3,13,3,-3,18,87,0,0,1,14,2.0,32.0,2.0,0.0,37.0,3.0,0.0,8.0,0.7380952380952381,0.0,1.6973368495830108,2.8809523809523805,8.0,0.0,1.0,0.14285714285714285,0.0,0.3541688016605732,0.12543554006968644,1.0,0.0,2.0,0.8571428571428571,0.5,0.9258200997725515,0.8571428571428572,2.0,0.0,2.0,0.19047619047619047,0.0,0.5516315153139573,0.3042973286875727,2.0,0.0,0.0,0.0,0.0,0.0,0.0,0.0,0.0,0.0,0.0,0.0,0.0,0.0,0.0,0.0,9.0,1.2619047619047619,0.0,1.9761939745011925,3.9053426248548195,9.0,0.0,0.0,0.0,0.0,0.0,0.0,0.0,0.0,10.0,0.9523809523809523,0.0,1.9248361470003288,3.7049941927990715,10.0,29.0,5.0,0.0,1.0,0.0,13.0,0.0,2.0
15,90,Sprint 54,34,13,14,57,1,8,6,25,1,10,3,18,5,12,1,10,0.0,29.0,0.0,0.0,31.0,5.0,0.0,4.0,0.3611111111111111,0.0,0.8333333333333334,0.6944444444444445,4.0,0.0,1.0,0.16666666666666666,0.0,0.37796447300922725,0.14285714285714288,1.0,0.0,2.0,0.8611111111111112,1.0,0.6393200753379786,0.40873015873015867,2.0,0.0,2.0,0.16666666666666666,0.0,0.50709255283711,0.2571428571428572,2.0,0.0,0.0,0.0,0.0,0.0,0.0,0.0,0.0,0.0,0.0,0.0,0.0,0.0,0.0,0.0,4.0,0.3611111111111111,0.0,0.9607371508460952,0.9230158730158728,4.0,0.0,0.0,0.0,0.0,0.0,0.0,0.0,0.0,3.0,0.3888888888888889,0.0,0.7663560447348133,0.5873015873015872,3.0,26.0,6.0,0.0,0.0,0.0,10.0,0.0,1.0
23,12,Babbage - RC1 - Stage One,0,10,0,0,1,4,1,4,0,0,0,0,0,0,1,1,0.0,0.0,0.0,0.0,0.0,1.0,0.0,0.0,0.0,0.0,0.0,0.0,0.0,0.0,0.0,0.0,0.0,0.0,0.0,0.0,0.0,0.0,0.0,0.0,0.0,0.0,0.0,2.0,2.0,2.0,2.0,0.0,0.0,0.0,0.0,0.0,0.0,0.0,0.0,0.0,0.0,0.0,0.0,0.0,0.0,0.0,0.0,0.0,0.0,0.0,0.0,0.0,0.0,0.0,0.0,0.0,0.0,0.0,0.0,0.0,0.0,0.0,0.0,0.0,0.0,0.0,0.0,0.0,0.0,1.0,0.0,1.0,0.0,0.0,0.0,0.0,0.0
23,14,Babbage - RC1 - Stage Two,20,21,0,0,10,40,1,4,4,16,1,4,4,16,1,2,0.0,0.0,0.0,0.0,8.0,7.0,0.0,10.0,1.4666666666666666,0.0,2.8751811537130427,8.266666666666664,10.0,0.0,2.0,0.5333333333333333,0.0,0.6399404734221844,0.40952380952380957,2.0,0.0,2.0,1.2666666666666666,1.0,0.5936168397046637,0.35238095238095246,2.0,0.0,1.0,0.26666666666666666,0.0,0.4577377082170635,0.20952380952380958,1.0,0.0,0.0,0.0,0.0,0.0,0.0,0.0,0.0,0.0,0.0,0.0,0.0,0.0,0.0,0.0,2.0,0.3333333333333333,0.0,0.6172133998483675,0.3809523809523808,2.0,0.0,0.0,0.0,0.0,0.0,0.0,0.0,0.0,4.0,0.6,0.0,1.2421180068162374,1.5428571428571425,4.0,6.0,6.0,3.0,2.0,4.0,9.0,0.0,0.0
23,17,The Road To SpringOne,0,30,4,16,3,12,0,0,2,8,1,4,4,16,1,1,0.0,0.0,0.0,0.0,3.0,4.0,0.0,16.0,4.285714285714286,3.0,5.736267244886863,32.90476190476191,16.0,0.0,1.0,0.7142857142857143,1.0,0.4879500364742666,0.2380952380952381,1.0,0.0,2.0,1.0,1.0,0.816496580927726,0.6666666666666666,2.0,0.0,0.0,0.0,0.0,0.0,0.0,0.0,0.0,0.0,0.0,0.0,0.0,0.0,0.0,0.0,0.0,0.0,0.0,0.0,0.0,0.0,0.0,2.0,0.5714285714285714,0.0,0.7867957924694432,0.6190476190476191,2.0,0.0,0.0,0.0,0.0,0.0,0.0,0.0,0.0,4.0,1.5714285714285714,1.0,1.8126539343499315,3.285714285714286,4.0,3.0,4.0,0.0,1.0,2.0,4.0,0.0,0.0
23,22,SpringOne Aftermath,16,21,0,0,7,28,0,0,4,16,2,8,1,4,1,1,0.0,0.0,0.0,0.0,7.0,6.0,0.0,6.0,1.4615384615384615,1.0,1.9839096340048945,3.935897435897435,6.0,0.0,5.0,1.0769230769230769,1.0,1.3204505835470497,1.7435897435897438,5.0,0.0,3.0,1.3076923076923077,1.0,0.8548504142651104,0.7307692307692308,3.0,0.0,1.0,0.15384615384615385,0.0,0.37553380809940534,0.141025641025641,1.0,0.0,0.0,0.0,0.0,0.0,0.0,0.0,0.0,0.0,0.0,0.0,0.0,0.0,0.0,0.0,3.0,0.46153846153846156,0.0,0.9674179220468453,0.935897435897436,3.0,0.0,0.0,0.0,0.0,0.0,0.0,0.0,0.0,2.0,0.3076923076923077,0.0,0.6304251719561151,0.3974358974358973,2.0,3.0,7.0,2.0,3.0,1.0,10.0,0.0,0.0
23,23,The Road to Codd M1,28,18,2,8,3,12,1,4,3,12,0,0,1,4,1,1,0.0,0.0,0.0,0.0,7.0,9.0,0.0,6.0,0.75,0.0,1.7320508075688772,3.0,6.0,0.0,1.0,0.625,1.0,0.5,0.25,1.0,0.0,2.0,1.0625,1.0,0.6800735254367721,0.4625,2.0,0.0,2.0,0.6875,0.5,0.7932002689527196,0.6291666666666667,2.0,0.0,0.0,0.0,0.0,0.0,0.0,0.0,0.0,0.0,0.0,0.0,0.0,0.0,0.0,0.0,3.0,0.1875,0.0,0.75,0.5625,3.0,0.0,0.0,0.0,0.0,0.0,0.0,0.0,0.0,2.0,0.125,0.0,0.5,0.25,2.0,7.0,4.0,3.0,6.0,3.0,9.0,0.0,0.0
23,27,Codd M1,20,49,2,8,3,12,2,8,2,8,0,0,1,4,1,2,0.0,0.0,1.0,0.0,3.0,7.0,0.0,9.0,2.1818181818181817,0.0,3.2501748204729486,10.563636363636364,9.0,0.0,2.0,0.8181818181818182,1.0,0.7507571935295483,0.5636363636363636,2.0,0.0,2.0,1.2727272727272727,1.0,0.7862453931068966,0.6181818181818183,2.0,0.0,2.0,0.45454545454545453,0.0,0.8201995322647243,0.6727272727272726,2.0,0.0,0.0,0.0,0.0,0.0,0.0,0.0,0.0,0.0,0.0,0.0,0.0,0.0,0.0,0.0,3.0,0.2727272727272727,0.0,0.904534033733291,0.8181818181818183,3.0,0.0,0.0,0.0,0.0,0.0,0.0,0.0,0.0,2.0,0.18181818181818182,0.0,0.6030226891555271,0.36363636363636354,2.0,5.0,5.0,3.0,1.0,2.0,6.0,0.0,0.0
23,30,42 - 2014 Kickoff,4,14,3,12,3,12,0,0,3,12,1,4,2,8,1,2,0.0,0.0,0.0,0.0,3.0,6.0,0.0,4.0,1.0,0.0,1.4142135623730951,2.0,4.0,0.0,1.0,0.3333333333333333,0.0,0.5,0.25,1.0,0.0,2.0,0.7777777777777778,1.0,0.6666666666666667,0.44444444444444453,2.0,0.0,2.0,0.6666666666666666,0.0,0.8660254037844387,0.7500000000000001,2.0,0.0,0.0,0.0,0.0,0.0,0.0,0.0,0.0,0.0,0.0,0.0,0.0,0.0,0.0,0.0,3.0,0.5555555555555556,0.0,1.1303883305208782,1.277777777777778,3.0,0.0,0.0,0.0,0.0,0.0,0.0,0.0,0.0,2.0,0.3333333333333333,0.0,0.7071067811865476,0.5,2.0,4.0,3.0,3.0,0.0,3.0,5.0,0.0,0.0
23,34,43 - Babbage SR3,20,15,2,8,7,28,0,0,2,8,0,0,7,28,1,2,0.0,0.0,0.0,0.0,10.0,5.0,0.0,8.0,1.6,0.0,2.6672618383439066,7.1142857142857165,8.0,0.0,2.0,0.7333333333333333,1.0,0.7988086367179801,0.6380952380952379,2.0,0.0,2.0,1.0,1.0,0.8451542547285166,0.7142857142857143,2.0,0.0,1.0,0.3333333333333333,0.0,0.48795003647426666,0.23809523809523814,1.0,0.0,0.0,0.0,0.0,0.0,0.0,0.0,0.0,0.0,0.0,0.0,0.0,0.0,0.0,0.0,2.0,0.26666666666666666,0.0,0.7037315505489967,0.4952380952380951,2.0,0.0,1.0,0.13333333333333333,0.0,0.35186577527449836,0.12380952380952377,1.0,0.0,3.0,0.4,0.0,0.9102589898327995,0.8285714285714286,3.0,7.0,8.0,0.0,3.0,4.0,8.0,0.0,0.0
23,37,44 - Codd GA,64,21,2,8,3,12,0,0,0,0,1,4,4,16,1,3,0.0,0.0,0.0,0.0,14.0,12.0,0.0,4.0,0.7692307692307693,0.0,1.3056092005709,1.7046153846153844,4.0,0.0,5.0,0.5769230769230769,0.0,1.0265700920278917,1.053846153846154,5.0,0.0,3.0,1.3461538461538463,1.0,0.8458041235325207,0.7153846153846155,3.0,0.0,2.0,0.5769230769230769,0.0,0.8086075400626399,0.6538461538461539,2.0,0.0,0.0,0.0,0.0,0.0,0.0,0.0,0.0,0.0,0.0,0.0,0.0,0.0,0.0,0.0,2.0,0.15384615384615385,0.0,0.543492976389406,0.2953846153846154,2.0,0.0,0.0,0.0,0.0,0.0,0.0,0.0,0.0,3.0,0.34615384615384615,0.0,0.79711016514947,0.6353846153846152,3.0,14.0,10.0,3.0,4.0,9.0,12.0,0.0,0.0
23,40,45 - Dijkstra M1,12,10,0,0,7,28,0,0,3,12,2,8,2,8,1,2,0.0,0.0,0.0,0.0,10.0,2.0,0.0,3.0,0.6666666666666666,0.0,1.0730867399773196,1.1515151515151516,3.0,0.0,3.0,0.5833333333333334,0.0,0.9003366373785199,0.8106060606060604,3.0,0.0,3.0,1.4166666666666667,1.0,0.7929614610987591,0.6287878787878788,3.0,0.0,2.0,0.8333333333333334,1.0,0.8348471099367218,0.6969696969696969,2.0,0.0,0.0,0.0,0.0,0.0,0.0,0.0,0.0,0.0,0.0,0.0,0.0,0.0,0.0,0.0,3.0,0.5833333333333334,0.0,1.0836246694508318,1.1742424242424243,3.0,0.0,0.0,0.0,0.0,0.0,0.0,0.0,0.0,1.0,0.16666666666666666,0.0,0.38924947208076144,0.1515151515151515,1.0,9.0,4.0,4.0,2.0,2.0,3.0,0.0,0.0
23,42,46 - Codd SR2,4,16,7,28,1,4,3,12,5,20,0,0,0,0,1,1,0.0,0.0,0.0,0.0,5.0,6.0,0.0,3.0,0.9090909090909091,1.0,1.0444659357341868,1.0909090909090906,3.0,0.0,2.0,0.8181818181818182,1.0,0.6030226891555273,0.36363636363636365,2.0,0.0,2.0,1.0,1.0,0.7745966692414834,0.6,2.0,0.0,2.0,0.8181818181818182,1.0,0.7507571935295483,0.5636363636363636,2.0,0.0,0.0,0.0,0.0,0.0,0.0,0.0,0.0,0.0,0.0,0.0,0.0,0.0,0.0,0.0,1.0,0.09090909090909091,0.0,0.3015113445777636,0.09090909090909088,1.0,0.0,1.0,0.09090909090909091,0.0,0.3015113445777636,0.09090909090909088,1.0,0.0,2.0,0.8181818181818182,0.0,0.9816498172140427,0.9636363636363633,2.0,3.0,4.0,3.0,3.0,1.0,8.0,0.0,0.0
23,44,47 - Dijkstra RC1,12,11,0,0,6,24,1,4,5,20,0,0,0,0,1,1,0.0,0.0,0.0,0.0,8.0,5.0,0.0,5.0,1.1538461538461537,0.0,1.7722938923964164,3.1410256410256405,5.0,0.0,1.0,0.5384615384615384,1.0,0.5188745216627708,0.2692307692307693,1.0,0.0,2.0,1.0769230769230769,1.0,0.6405126152203485,0.4102564102564103,2.0,0.0,2.0,0.7692307692307693,1.0,0.7250110520819842,0.5256410256410257,2.0,0.0,0.0,0.0,0.0,0.0,0.0,0.0,0.0,0.0,0.0,0.0,0.0,0.0,0.0,0.0,0.0,0.0,0.0,0.0,0.0,0.0,0.0,1.0,0.07692307692307693,0.0,0.2773500981126146,0.07692307692307694,1.0,0.0,3.0,0.5384615384615384,0.0,1.0500305245868344,1.1025641025641026,3.0,5.0,5.0,4.0,3.0,1.0,8.0,0.0,0.0
23,48,48 - Dijkstra GA,44,14,3,12,2,8,0,0,3,12,1,4,1,4,1,2,0.0,0.0,0.0,0.0,13.0,5.0,0.0,7.0,0.9444444444444444,0.0,1.8302112453523989,3.349673202614379,7.0,0.0,3.0,0.6666666666666666,1.0,0.7669649888473704,0.5882352941176471,3.0,0.0,3.0,1.2222222222222223,1.0,1.0032626514091005,1.0065359477124183,3.0,0.0,2.0,0.4444444444444444,0.0,0.783823376129674,0.6143790849673204,2.0,0.0,0.0,0.0,0.0,0.0,0.0,0.0,0.0,0.0,0.0,0.0,0.0,0.0,0.0,0.0,0.0,0.0,0.0,0.0,0.0,0.0,0.0,1.0,0.05555555555555555,0.0,0.23570226039551584,0.05555555555555556,1.0,0.0,2.0,0.1111111111111111,0.0,0.4714045207910317,0.22222222222222224,2.0,10.0,6.0,2.0,7.0,3.0,8.0,0.0,0.0
23,52,49 - Dijkstra SR1,4,8,1,4,3,12,0,0,2,8,1,4,1,4,1,2,0.0,0.0,0.0,0.0,4.0,4.0,0.0,3.0,1.375,1.0,1.5059406173077154,2.267857142857143,3.0,0.0,1.0,0.875,1.0,0.3535533905932738,0.125,1.0,0.0,2.0,1.125,1.0,0.8345229603962802,0.6964285714285714,2.0,0.0,5.0,1.375,1.0,1.685018016012207,2.8392857142857144,5.0,0.0,0.0,0.0,0.0,0.0,0.0,0.0,0.0,0.0,0.0,0.0,0.0,0.0,0.0,0.0,2.0,0.25,0.0,0.7071067811865476,0.5,2.0,0.0,1.0,0.125,0.0,0.3535533905932738,0.125,1.0,0.0,2.0,0.375,0.0,0.7440238091428449,0.5535714285714286,2.0,3.0,3.0,4.0,0.0,1.0,5.0,0.0,0.0
23,53,50 - Evans M1,12,17,2,8,1,4,0,0,0,0,3,12,0,0,1,2,0.0,0.0,0.0,0.0,4.0,4.0,0.0,6.0,2.0,1.0,2.390457218668787,5.714285714285714,6.0,0.0,1.0,0.5,0.5,0.5345224838248488,0.2857142857142857,1.0,0.0,2.0,1.125,1.0,0.8345229603962802,0.6964285714285714,2.0,0.0,5.0,1.375,1.0,1.685018016012207,2.8392857142857144,5.0,0.0,0.0,0.0,0.0,0.0,0.0,0.0,0.0,0.0,0.0,0.0,0.0,0.0,0.0,0.0,0.0,0.0,0.0,0.0,0.0,0.0,0.0,1.0,0.125,0.0,0.3535533905932738,0.125,1.0,0.0,15.0,2.25,0.0,5.203021100421233,27.071428571428573,15.0,4.0,2.0,3.0,1.0,2.0,4.0,0.0,0.0
23,55,51 - Dijkstra SR2,0,10,2,8,5,20,0,0,1,4,0,0,6,24,1,2,0.0,0.0,0.0,0.0,6.0,3.0,0.0,6.0,2.2222222222222223,2.0,2.279132388529557,5.194444444444444,6.0,0.0,2.0,0.6666666666666666,1.0,0.7071067811865476,0.5,2.0,0.0,2.0,0.6666666666666666,1.0,0.7071067811865476,0.5,2.0,0.0,2.0,0.6666666666666666,0.0,0.8660254037844386,0.75,2.0,0.0,0.0,0.0,0.0,0.0,0.0,0.0,0.0,0.0,0.0,0.0,0.0,0.0,0.0,0.0,2.0,0.3333333333333333,0.0,0.7071067811865476,0.5,2.0,0.0,1.0,0.1111111111111111,0.0,0.3333333333333333,0.1111111111111111,1.0,0.0,3.0,0.5555555555555556,0.0,1.0137937550497034,1.027777777777778,3.0,5.0,3.0,2.0,2.0,2.0,4.0,0.0,0.0
23,56,52 - Evans RC1,8,11,2,8,2,8,0,0,0,0,4,16,0,0,1,1,0.0,0.0,0.0,0.0,3.0,5.0,0.0,4.0,1.25,0.0,1.8322507626258087,3.357142857142857,4.0,0.0,1.0,0.375,0.0,0.5175491695067657,0.26785714285714285,1.0,0.0,2.0,1.0,1.0,0.7559289460184544,0.5714285714285714,2.0,0.0,2.0,1.125,1.5,0.9910312089651149,0.9821428571428571,2.0,0.0,0.0,0.0,0.0,0.0,0.0,0.0,0.0,0.0,0.0,0.0,0.0,0.0,0.0,0.0,2.0,0.5,0.0,0.9258200997725514,0.8571428571428571,2.0,0.0,0.0,0.0,0.0,0.0,0.0,0.0,0.0,3.0,0.375,0.0,1.0606601717798212,1.125,3.0,5.0,2.0,3.0,2.0,1.0,3.0,0.0,0.0
23,61,52 - Evans GA,28,16,1,4,0,0,0,0,1,4,0,0,0,0,1,1,0.0,0.0,0.0,0.0,6.0,3.0,0.0,7.0,1.2222222222222223,0.0,2.3863035105460586,5.694444444444444,7.0,0.0,2.0,0.4444444444444444,0.0,0.7264831572567789,0.5277777777777778,2.0,1.0,2.0,1.2222222222222223,1.0,0.4409585518440984,0.19444444444444442,1.0,0.0,3.0,0.6666666666666666,0.0,1.118033988749895,1.2500000000000002,3.0,0.0,0.0,0.0,0.0,0.0,0.0,0.0,0.0,0.0,0.0,0.0,0.0,0.0,0.0,0.0,1.0,0.2222222222222222,0.0,0.44095855184409843,0.19444444444444445,1.0,0.0,0.0,0.0,0.0,0.0,0.0,0.0,0.0,1.0,0.1111111111111111,0.0,0.3333333333333333,0.1111111111111111,1.0,6.0,3.0,0.0,2.0,4.0,3.0,0.0,0.0
23,63,53 - Evans SR1,20,25,0,0,1,4,0,0,0,0,0,0,1,4,1,1,0.0,0.0,0.0,0.0,8.0,3.0,0.0,3.0,0.5454545454545454,0.0,1.0357254813546264,1.0727272727272728,3.0,0.0,2.0,1.0,1.0,0.7745966692414834,0.6,2.0,0.0,3.0,1.8181818181818181,2.0,0.9816498172140428,0.9636363636363635,3.0,0.0,2.0,0.45454545454545453,0.0,0.8201995322647243,0.6727272727272726,2.0,0.0,0.0,0.0,0.0,0.0,0.0,0.0,0.0,0.0,0.0,0.0,0.0,0.0,0.0,0.0,0.0,0.0,0.0,0.0,0.0,0.0,0.0,0.0,0.0,0.0,0.0,0.0,0.0,0.0,1.0,0.09090909090909091,0.0,0.3015113445777636,0.09090909090909088,1.0,4.0,6.0,0.0,4.0,1.0,7.0,0.0,0.0
23,69,54 - Fowler M1,48,11,4,16,4,16,1,4,7,28,0,0,0,0,1,2,0.0,0.0,0.0,0.0,15.0,5.0,0.0,10.0,2.2,1.0,3.1220775808830616,9.74736842105263,10.0,0.0,2.0,0.75,1.0,0.7863975156570492,0.618421052631579,2.0,0.0,3.0,1.95,2.0,1.050062654772261,1.1026315789473684,3.0,0.0,2.0,0.35,0.0,0.5871429486123998,0.3447368421052631,2.0,0.0,0.0,0.0,0.0,0.0,0.0,0.0,0.0,0.0,0.0,0.0,0.0,0.0,0.0,0.0,3.0,0.25,0.0,0.7163503994113789,0.5131578947368421,3.0,0.0,1.0,0.1,0.0,0.30779350562554625,0.09473684210526317,1.0,0.0,2.0,0.2,0.0,0.523148363780597,0.27368421052631586,2.0,14.0,11.0,0.0,7.0,2.0,6.0,0.0,0.0
23,71,55 - Evans SR2,48,14,0,0,1,4,0,0,1,4,0,0,0,0,1,2,0.0,0.0,0.0,0.0,4.0,10.0,0.0,6.0,0.8,0.0,2.111194651646991,4.457142857142858,6.0,0.0,3.0,0.3333333333333333,0.0,0.816496580927726,0.6666666666666666,3.0,0.0,3.0,1.4,1.0,1.0555973258234952,1.1142857142857143,3.0,0.0,2.0,0.26666666666666666,0.0,0.5936168397046636,0.3523809523809523,2.0,0.0,0.0,0.0,0.0,0.0,0.0,0.0,0.0,0.0,0.0,0.0,0.0,0.0,0.0,0.0,3.0,0.2,0.0,0.7745966692414831,0.5999999999999995,3.0,0.0,1.0,0.06666666666666667,0.0,0.25819888974716115,0.06666666666666668,1.0,0.0,2.0,0.2,0.0,0.5606119105813882,0.31428571428571433,2.0,10.0,2.0,2.0,4.0,7.0,5.0,1.0,0.0
23,76,56 - Fowler RC1,20,15,0,0,3,12,1,4,0,0,2,8,0,0,1,2,0.0,0.0,0.0,0.0,6.0,3.0,0.0,5.0,0.7777777777777778,0.0,1.7159383568311668,2.9444444444444446,5.0,0.0,2.0,0.5555555555555556,0.0,0.7264831572567789,0.5277777777777778,2.0,0.0,3.0,1.5555555555555556,1.0,1.130388330520878,1.2777777777777777,3.0,0.0,3.0,0.5555555555555556,0.0,1.0137937550497034,1.027777777777778,3.0,0.0,0.0,0.0,0.0,0.0,0.0,0.0,0.0,0.0,0.0,0.0,0.0,0.0,0.0,0.0,0.0,0.0,0.0,0.0,0.0,0.0,0.0,0.0,0.0,0.0,0.0,0.0,0.0,0.0,1.0,0.1111111111111111,0.0,0.3333333333333333,0.1111111111111111,1.0,4.0,4.0,2.0,1.0,2.0,5.0,0.0,0.0
23,81,56 - Fowler GA,8,14,1,4,0,0,0,0,1,4,0,0,0,0,1,2,0.0,0.0,0.0,0.0,2.0,1.0,0.0,5.0,2.0,1.0,2.6457513110645907,7.0,5.0,0.0,2.0,1.0,1.0,1.0,1.0,2.0,1.0,2.0,1.3333333333333333,1.0,0.5773502691896257,0.3333333333333333,1.0,0.0,3.0,1.3333333333333333,1.0,1.5275252316519468,2.3333333333333335,3.0,0.0,0.0,0.0,0.0,0.0,0.0,0.0,0.0,0.0,0.0,0.0,0.0,0.0,0.0,0.0,1.0,0.3333333333333333,0.0,0.5773502691896258,0.33333333333333337,1.0,0.0,0.0,0.0,0.0,0.0,0.0,0.0,0.0,3.0,1.0,0.0,1.7320508075688772,3.0,3.0,2.0,0.0,1.0,1.0,1.0,1.0,0.0,0.0
23,84,57 - Fowler Aftermath,36,17,2,8,2,8,0,0,4,16,0,0,0,0,1,2,0.0,0.0,0.0,0.0,10.0,5.0,0.0,3.0,0.4666666666666667,0.0,0.915475416434127,0.8380952380952383,3.0,0.0,1.0,0.2,0.0,0.4140393356054126,0.17142857142857149,1.0,0.0,4.0,2.3333333333333335,3.0,1.4474937289114918,2.0952380952380953,4.0,0.0,2.0,0.6,0.0,0.828078671210825,0.6857142857142857,2.0,0.0,0.0,0.0,0.0,0.0,0.0,0.0,0.0,0.0,0.0,0.0,0.0,0.0,0.0,0.0,2.0,0.2,0.0,0.5606119105813882,0.3142857142857144,2.0,0.0,1.0,0.06666666666666667,0.0,0.25819888974716115,0.06666666666666668,1.0,0.0,6.0,0.7333333333333333,0.0,1.7915143899851345,3.209523809523809,6.0,10.0,2.0,3.0,4.0,6.0,5.0,0.0,0.0
23,89,58 - Gosling M1,4,14,1,4,1,4,0,0,1,4,0,0,1,4,1,1,0.0,0.0,0.0,0.0,2.0,3.0,0.0,4.0,1.2,0.0,1.7888543819998315,3.1999999999999993,4.0,0.0,1.0,0.2,0.0,0.447213595499958,0.20000000000000004,1.0,0.0,4.0,1.2,1.0,1.6431676725154982,2.6999999999999993,4.0,0.0,2.0,0.4,0.0,0.8944271909999161,0.8000000000000003,2.0,0.0,0.0,0.0,0.0,0.0,0.0,0.0,0.0,0.0,0.0,0.0,0.0,0.0,0.0,0.0,4.0,0.8,0.0,1.7888543819998322,3.200000000000001,4.0,0.0,0.0,0.0,0.0,0.0,0.0,0.0,0.0,3.0,0.6,0.0,1.3416407864998738,1.8000000000000003,3.0,3.0,3.0,1.0,0.0,1.0,2.0,0.0,0.0
23,91,59 - Evans / Fowler SR,24,14,2,8,0,0,0,0,2,8,0,0,0,0,1,1,0.0,0.0,0.0,0.0,6.0,4.0,0.0,2.0,0.5,0.0,0.7071067811865476,0.5,2.0,0.0,4.0,0.8,0.0,1.3165611772087669,1.7333333333333338,4.0,0.0,4.0,1.9,1.0,1.66332999331662,2.7666666666666666,4.0,0.0,2.0,0.3,0.0,0.6749485577105528,0.4555555555555555,2.0,0.0,0.0,0.0,0.0,0.0,0.0,0.0,0.0,0.0,0.0,0.0,0.0,0.0,0.0,0.0,0.0,0.0,0.0,0.0,0.0,0.0,0.0,3.0,0.3,0.0,0.9486832980505139,0.9000000000000001,3.0,0.0,1.0,0.1,0.0,0.31622776601683794,0.10000000000000002,1.0,6.0,5.0,1.0,0.0,4.0,4.0,0.0,0.0
23,93,Gosling RC1,12,14,2,8,1,4,0,0,3,12,0,0,0,0,1,1,0.0,0.0,0.0,0.0,6.0,4.0,0.0,3.0,0.6,0.0,1.0749676997731399,1.1555555555555554,3.0,0.0,3.0,0.9,1.0,0.8755950357709131,0.7666666666666667,3.0,0.0,2.0,0.9,1.0,0.8755950357709131,0.7666666666666667,2.0,0.0,2.0,0.3,0.0,0.6749485577105528,0.4555555555555555,2.0,0.0,0.0,0.0,0.0,0.0,0.0,0.0,0.0,0.0,0.0,0.0,0.0,0.0,0.0,0.0,1.0,0.1,0.0,0.31622776601683794,0.10000000000000002,1.0,0.0,3.0,0.3,0.0,0.9486832980505139,0.9000000000000001,3.0,0.0,3.0,0.5,0.0,1.0801234497346435,1.1666666666666667,3.0,4.0,5.0,1.0,2.0,2.0,6.0,0.0,0.0
27,14,Babbage - RC1 - Stage Two,8,21,0,0,1,4,0,0,0,0,0,0,1,4,1,1,0.0,0.0,0.0,0.0,2.0,1.0,0.0,0.0,0.0,0.0,0.0,0.0,0.0,0.0,0.0,0.0,0.0,0.0,0.0,0.0,1.0,1.0,1.0,1.0,0.0,0.0,0.0,0.0,1.0,0.3333333333333333,0.0,0.5773502691896258,0.33333333333333337,1.0,0.0,0.0,0.0,0.0,0.0,0.0,0.0,0.0,0.0,0.0,0.0,0.0,0.0,0.0,0.0,0.0,0.0,0.0,0.0,0.0,0.0,0.0,0.0,0.0,0.0,0.0,0.0,0.0,0.0,0.0,0.0,0.0,0.0,0.0,0.0,3.0,0.0,0.0,0.0,3.0,0.0,0.0,0.0
27,17,The Road To SpringOne,0,30,1,4,0,0,0,0,1,4,0,0,0,0,1,1,0.0,0.0,0.0,0.0,0.0,1.0,0.0,0.0,0.0,0.0,0.0,0.0,0.0,0.0,0.0,0.0,0.0,0.0,0.0,0.0,1.0,1.0,1.0,1.0,0.0,0.0,0.0,0.0,0.0,0.0,0.0,0.0,0.0,0.0,0.0,0.0,0.0,0.0,0.0,0.0,0.0,0.0,0.0,0.0,0.0,0.0,0.0,0.0,0.0,0.0,0.0,0.0,0.0,0.0,0.0,0.0,0.0,0.0,0.0,0.0,0.0,0.0,0.0,0.0,0.0,0.0,0.0,0.0,0.0,1.0,0.0,0.0,0.0,1.0,0.0,0.0,0.0
27,22,SpringOne Aftermath,4,21,0,0,1,4,0,0,1,4,0,0,0,0,1,1,0.0,0.0,0.0,0.0,2.0,0.0,0.0,0.0,0.0,0.0,0.0,0.0,0.0,0.0,0.0,0.0,0.0,0.0,0.0,0.0,1.0,1.0,1.0,1.0,0.0,0.0,0.0,0.0,0.0,0.0,0.0,0.0,0.0,0.0,0.0,0.0,0.0,0.0,0.0,0.0,0.0,0.0,0.0,0.0,0.0,0.0,0.0,0.0,0.0,0.0,0.0,0.0,0.0,0.0,0.0,0.0,0.0,0.0,0.0,0.0,0.0,0.0,0.0,0.0,0.0,0.0,0.0,0.0,0.0,2.0,0.0,1.0,0.0,1.0,0.0,0.0,0.0
27,23,The Road to Codd M1,12,18,0,0,1,4,0,0,1,4,0,0,0,0,1,2,0.0,0.0,0.0,0.0,4.0,5.0,0.0,2.0,0.3333333333333333,0.0,0.7071067811865476,0.5,2.0,0.0,0.0,0.0,0.0,0.0,0.0,0.0,0.0,2.0,1.0,1.0,0.5,0.25,2.0,0.0,1.0,0.3333333333333333,0.0,0.5,0.25,1.0,0.0,0.0,0.0,0.0,0.0,0.0,0.0,0.0,0.0,0.0,0.0,0.0,0.0,0.0,0.0,4.0,0.8888888888888888,0.0,1.536590742882148,2.361111111111111,4.0,0.0,0.0,0.0,0.0,0.0,0.0,0.0,0.0,1.0,0.1111111111111111,0.0,0.3333333333333333,0.1111111111111111,1.0,7.0,1.0,3.0,1.0,4.0,2.0,0.0,0.0
27,27,Codd M1,-8,49,5,20,1,4,0,0,3,12,0,0,3,12,1,3,0.0,0.0,0.0,0.0,2.0,5.0,0.0,2.0,0.5714285714285714,0.0,0.7867957924694432,0.6190476190476191,2.0,0.0,0.0,0.0,0.0,0.0,0.0,0.0,0.0,1.0,0.8571428571428571,1.0,0.37796447300922725,0.14285714285714288,1.0,0.0,1.0,0.14285714285714285,0.0,0.3779644730092273,0.1428571428571429,1.0,0.0,0.0,0.0,0.0,0.0,0.0,0.0,0.0,0.0,0.0,0.0,0.0,0.0,0.0,0.0,5.0,1.7142857142857142,1.0,2.058663459163551,4.238095238095237,5.0,0.0,0.0,0.0,0.0,0.0,0.0,0.0,0.0,1.0,0.2857142857142857,0.0,0.48795003647426666,0.23809523809523814,1.0,6.0,0.0,2.0,0.0,5.0,1.0,0.0,0.0
27,30,42 - 2014 Kickoff,-4,14,5,20,0,0,0,0,4,16,0,0,1,4,1,2,0.0,0.0,0.0,0.0,3.0,4.0,0.0,2.0,0.5714285714285714,0.0,0.7867957924694432,0.6190476190476191,2.0,0.0,3.0,0.42857142857142855,0.0,1.1338934190276817,1.2857142857142858,3.0,0.0,1.0,0.7142857142857143,1.0,0.48795003647426666,0.23809523809523814,1.0,0.0,1.0,0.2857142857142857,0.0,0.48795003647426666,0.23809523809523814,1.0,0.0,0.0,0.0,0.0,0.0,0.0,0.0,0.0,0.0,0.0,0.0,0.0,0.0,0.0,0.0,5.0,1.0,0.0,1.9148542155126762,3.6666666666666665,5.0,0.0,0.0,0.0,0.0,0.0,0.0,0.0,0.0,1.0,0.2857142857142857,0.0,0.4879500364742666,0.2380952380952381,1.0,5.0,0.0,1.0,1.0,5.0,2.0,0.0,0.0
27,34,43 - Babbage SR3,0,15,0,0,1,4,0,0,1,4,0,0,0,0,1,1,0.0,0.0,0.0,0.0,1.0,0.0,0.0,0.0,0.0,0.0,0.0,0.0,0.0,0.0,0.0,0.0,0.0,0.0,0.0,0.0,1.0,1.0,1.0,1.0,0.0,0.0,0.0,0.0,0.0,0.0,0.0,0.0,0.0,0.0,0.0,0.0,0.0,0.0,0.0,0.0,0.0,0.0,0.0,0.0,0.0,0.0,0.0,0.0,0.0,0.0,0.0,0.0,0.0,0.0,0.0,0.0,0.0,0.0,0.0,0.0,0.0,0.0,0.0,0.0,0.0,0.0,0.0,0.0,0.0,1.0,0.0,0.0,0.0,1.0,0.0,0.0,0.0
27,37,44 - Codd GA,12,21,1,4,1,4,0,0,0,0,0,0,2,8,1,1,0.0,0.0,0.0,0.0,4.0,2.0,0.0,0.0,0.0,0.0,0.0,0.0,0.0,0.0,0.0,0.0,0.0,0.0,0.0,0.0,1.0,1.0,1.0,1.0,0.0,0.0,0.0,0.0,0.0,0.0,0.0,0.0,0.0,0.0,0.0,0.0,0.0,0.0,0.0,0.0,0.0,0.0,0.0,0.0,0.0,0.0,0.0,0.0,0.0,4.0,0.6666666666666666,0.0,1.632993161855452,2.666666666666667,4.0,0.0,0.0,0.0,0.0,0.0,0.0,0.0,0.0,1.0,0.16666666666666666,0.0,0.408248290463863,0.16666666666666669,1.0,5.0,0.0,1.0,0.0,5.0,1.0,0.0,0.0
27,40,45 - Dijkstra M1,0,10,0,0,2,8,0,0,1,4,0,0,1,4,1,1,0.0,0.0,0.0,0.0,1.0,1.0,0.0,0.0,0.0,0.0,0.0,0.0,0.0,0.0,0.0,0.0,0.0,0.0,0.0,0.0,1.0,1.0,1.0,1.0,0.0,0.0,0.0,0.0,0.0,0.0,0.0,0.0,0.0,0.0,0.0,0.0,0.0,0.0,0.0,0.0,0.0,0.0,0.0,0.0,0.0,0.0,0.0,0.0,0.0,0.0,0.0,0.0,0.0,0.0,0.0,0.0,0.0,0.0,0.0,0.0,0.0,0.0,0.0,0.0,0.0,0.0,0.0,0.0,0.0,2.0,0.0,0.0,0.0,2.0,0.0,0.0,0.0
27,42,46 - Codd SR2,4,16,0,0,0,0,0,0,0,0,0,0,0,0,1,1,0.0,0.0,0.0,0.0,1.0,0.0,0.0,0.0,0.0,0.0,0.0,0.0,0.0,0.0,0.0,0.0,0.0,0.0,0.0,0.0,1.0,1.0,1.0,1.0,0.0,0.0,0.0,0.0,0.0,0.0,0.0,0.0,0.0,0.0,0.0,0.0,0.0,0.0,0.0,0.0,0.0,0.0,0.0,0.0,0.0,0.0,0.0,0.0,0.0,0.0,0.0,0.0,0.0,0.0,0.0,0.0,0.0,0.0,0.0,0.0,0.0,0.0,0.0,0.0,0.0,0.0,0.0,0.0,0.0,1.0,0.0,0.0,0.0,1.0,0.0,0.0,0.0
27,44,47 - Dijkstra RC1,8,11,0,0,0,0,0,0,0,0,0,0,0,0,1,1,0.0,0.0,0.0,0.0,2.0,0.0,0.0,0.0,0.0,0.0,0.0,0.0,0.0,0.0,0.0,0.0,0.0,0.0,0.0,0.0,1.0,1.0,1.0,1.0,0.0,0.0,0.0,0.0,0.0,0.0,0.0,0.0,0.0,0.0,0.0,0.0,0.0,0.0,0.0,0.0,0.0,0.0,0.0,0.0,0.0,0.0,0.0,0.0,0.0,0.0,0.0,0.0,0.0,0.0,0.0,0.0,0.0,0.0,0.0,0.0,0.0,0.0,0.0,0.0,0.0,0.0,0.0,0.0,0.0,2.0,0.0,0.0,0.0,2.0,0.0,0.0,0.0
27,48,48 - Dijkstra GA,12,14,0,0,0,0,0,0,0,0,0,0,0,0,1,1,0.0,0.0,0.0,0.0,3.0,0.0,0.0,0.0,0.0,0.0,0.0,0.0,0.0,0.0,1.0,0.3333333333333333,0.0,0.5773502691896258,0.33333333333333337,1.0,1.0,1.0,1.0,1.0,0.0,0.0,0.0,0.0,0.0,0.0,0.0,0.0,0.0,0.0,0.0,0.0,0.0,0.0,0.0,0.0,0.0,0.0,0.0,0.0,0.0,0.0,0.0,0.0,0.0,0.0,0.0,0.0,0.0,0.0,0.0,0.0,0.0,0.0,0.0,0.0,0.0,0.0,0.0,0.0,0.0,0.0,0.0,0.0,0.0,3.0,1.0,0.0,0.0,2.0,0.0,0.0,0.0
27,52,49 - Dijkstra SR1,4,8,0,0,0,0,0,0,0,0,0,0,0,0,1,1,0.0,0.0,0.0,0.0,1.0,0.0,0.0,0.0,0.0,0.0,0.0,0.0,0.0,1.0,1.0,1.0,1.0,0.0,0.0,0.0,1.0,1.0,1.0,1.0,0.0,0.0,0.0,0.0,0.0,0.0,0.0,0.0,0.0,0.0,0.0,0.0,0.0,0.0,0.0,0.0,0.0,0.0,0.0,0.0,0.0,0.0,0.0,0.0,0.0,0.0,0.0,0.0,0.0,0.0,0.0,0.0,0.0,0.0,0.0,0.0,0.0,0.0,0.0,0.0,0.0,0.0,0.0,0.0,0.0,1.0,0.0,0.0,0.0,1.0,0.0,0.0,0.0
27,53,50 - Evans M1,4,17,0,0,0,0,0,0,0,0,0,0,0,0,1,1,0.0,0.0,0.0,0.0,1.0,0.0,0.0,0.0,0.0,0.0,0.0,0.0,0.0,0.0,0.0,0.0,0.0,0.0,0.0,0.0,1.0,1.0,1.0,1.0,0.0,0.0,0.0,0.0,0.0,0.0,0.0,0.0,0.0,0.0,0.0,0.0,0.0,0.0,0.0,0.0,0.0,0.0,0.0,0.0,0.0,0.0,0.0,0.0,0.0,0.0,0.0,0.0,0.0,0.0,0.0,0.0,0.0,0.0,0.0,0.0,0.0,0.0,0.0,0.0,0.0,0.0,0.0,0.0,0.0,1.0,0.0,0.0,0.0,1.0,0.0,0.0,0.0
27,55,51 - Dijkstra SR2,8,10,0,0,0,0,0,0,0,0,0,0,0,0,1,1,0.0,0.0,0.0,0.0,2.0,0.0,0.0,0.0,0.0,0.0,0.0,0.0,0.0,0.0,0.0,0.0,0.0,0.0,0.0,0.0,1.0,1.0,1.0,1.0,0.0,0.0,0.0,0.0,0.0,0.0,0.0,0.0,0.0,0.0,0.0,0.0,0.0,0.0,0.0,0.0,0.0,0.0,0.0,0.0,0.0,0.0,0.0,0.0,0.0,0.0,0.0,0.0,0.0,0.0,0.0,0.0,0.0,0.0,0.0,0.0,0.0,0.0,0.0,0.0,0.0,0.0,0.0,0.0,0.0,2.0,0.0,0.0,0.0,2.0,0.0,0.0,0.0
27,56,52 - Evans RC1,12,11,0,0,0,0,0,0,0,0,0,0,0,0,1,1,0.0,0.0,0.0,0.0,2.0,1.0,0.0,0.0,0.0,0.0,0.0,0.0,0.0,0.0,0.0,0.0,0.0,0.0,0.0,0.0,1.0,1.0,1.0,1.0,0.0,0.0,0.0,0.0,1.0,0.3333333333333333,0.0,0.5773502691896258,0.33333333333333337,1.0,0.0,0.0,0.0,0.0,0.0,0.0,0.0,0.0,0.0,0.0,0.0,0.0,0.0,0.0,0.0,0.0,0.0,0.0,0.0,0.0,0.0,0.0,0.0,0.0,0.0,0.0,0.0,0.0,0.0,0.0,0.0,0.0,0.0,0.0,0.0,3.0,0.0,1.0,1.0,1.0,0.0,0.0,0.0
27,61,52 - Evans GA,24,16,0,0,0,0,0,0,0,0,0,0,0,0,1,1,0.0,0.0,0.0,0.0,3.0,3.0,0.0,0.0,0.0,0.0,0.0,0.0,0.0,0.0,0.0,0.0,0.0,0.0,0.0,0.0,1.0,2.0,1.1666666666666667,1.0,0.408248290463863,0.16666666666666669,1.0,0.0,0.0,0.0,0.0,0.0,0.0,0.0,0.0,0.0,0.0,0.0,0.0,0.0,0.0,0.0,0.0,0.0,0.0,0.0,0.0,0.0,0.0,0.0,0.0,0.0,0.0,0.0,0.0,0.0,0.0,0.0,0.0,0.0,0.0,0.0,0.0,0.0,0.0,0.0,0.0,0.0,0.0,6.0,1.0,0.0,2.0,3.0,0.0,0.0,0.0
27,63,53 - Evans SR1,4,25,0,0,0,0,0,0,0,0,0,0,0,0,1,1,0.0,0.0,0.0,0.0,1.0,0.0,0.0,0.0,0.0,0.0,0.0,0.0,0.0,1.0,1.0,1.0,1.0,0.0,0.0,0.0,1.0,1.0,1.0,1.0,0.0,0.0,0.0,0.0,0.0,0.0,0.0,0.0,0.0,0.0,0.0,0.0,0.0,0.0,0.0,0.0,0.0,0.0,0.0,0.0,0.0,0.0,0.0,0.0,0.0,0.0,0.0,0.0,0.0,0.0,0.0,0.0,0.0,0.0,0.0,0.0,0.0,0.0,0.0,0.0,0.0,0.0,0.0,0.0,0.0,1.0,0.0,0.0,0.0,1.0,0.0,0.0,0.0
27,69,54 - Fowler M1,4,11,0,0,0,0,0,0,0,0,0,0,0,0,1,1,0.0,0.0,0.0,0.0,1.0,0.0,0.0,0.0,0.0,0.0,0.0,0.0,0.0,0.0,0.0,0.0,0.0,0.0,0.0,0.0,1.0,1.0,1.0,1.0,0.0,0.0,0.0,0.0,0.0,0.0,0.0,0.0,0.0,0.0,0.0,0.0,0.0,0.0,0.0,0.0,0.0,0.0,0.0,0.0,0.0,0.0,0.0,0.0,0.0,0.0,0.0,0.0,0.0,0.0,0.0,0.0,0.0,0.0,0.0,0.0,0.0,0.0,0.0,0.0,0.0,0.0,0.0,0.0,0.0,1.0,0.0,0.0,0.0,1.0,0.0,0.0,0.0
27,71,55 - Evans SR2,8,14,0,0,0,0,0,0,0,0,0,0,0,0,1,1,0.0,0.0,0.0,0.0,0.0,2.0,0.0,0.0,0.0,0.0,0.0,0.0,0.0,0.0,0.0,0.0,0.0,0.0,0.0,0.0,1.0,1.0,1.0,1.0,0.0,0.0,0.0,0.0,0.0,0.0,0.0,0.0,0.0,0.0,0.0,0.0,0.0,0.0,0.0,0.0,0.0,0.0,0.0,0.0,0.0,0.0,0.0,0.0,0.0,0.0,0.0,0.0,0.0,0.0,0.0,0.0,0.0,0.0,0.0,0.0,0.0,0.0,0.0,0.0,0.0,0.0,0.0,0.0,0.0,2.0,0.0,0.0,0.0,2.0,0.0,0.0,0.0
27,76,56 - Fowler RC1,4,15,0,0,0,0,0,0,0,0,0,0,0,0,1,1,0.0,0.0,0.0,0.0,1.0,0.0,0.0,0.0,0.0,0.0,0.0,0.0,0.0,0.0,0.0,0.0,0.0,0.0,0.0,0.0,1.0,1.0,1.0,1.0,0.0,0.0,0.0,0.0,0.0,0.0,0.0,0.0,0.0,0.0,0.0,0.0,0.0,0.0,0.0,0.0,0.0,0.0,0.0,0.0,0.0,0.0,0.0,0.0,0.0,0.0,0.0,0.0,0.0,0.0,0.0,0.0,0.0,0.0,0.0,0.0,0.0,0.0,0.0,0.0,0.0,0.0,0.0,0.0,0.0,1.0,0.0,0.0,0.0,1.0,0.0,0.0,0.0
27,81,56 - Fowler GA,4,14,0,0,0,0,0,0,0,0,0,0,0,0,1,1,0.0,0.0,0.0,0.0,2.0,0.0,0.0,0.0,0.0,0.0,0.0,0.0,0.0,0.0,1.0,0.5,0.5,0.7071067811865476,0.5,1.0,1.0,2.0,1.5,1.5,0.7071067811865476,0.5,1.0,0.0,0.0,0.0,0.0,0.0,0.0,0.0,0.0,0.0,0.0,0.0,0.0,0.0,0.0,0.0,0.0,0.0,0.0,0.0,0.0,0.0,0.0,0.0,0.0,0.0,0.0,0.0,0.0,0.0,0.0,0.0,0.0,0.0,0.0,0.0,0.0,0.0,0.0,0.0,0.0,0.0,0.0,1.0,1.0,0.0,0.0,1.0,1.0,0.0,0.0
27,84,57 - Fowler Aftermath,4,17,1,4,0,0,0,0,1,4,0,0,0,0,1,1,0.0,0.0,0.0,0.0,1.0,2.0,0.0,1.0,0.3333333333333333,0.0,0.5773502691896258,0.33333333333333337,1.0,0.0,1.0,0.3333333333333333,0.0,0.5773502691896258,0.33333333333333337,1.0,1.0,2.0,1.6666666666666667,2.0,0.5773502691896257,0.3333333333333333,1.0,0.0,1.0,0.3333333333333333,0.0,0.5773502691896258,0.33333333333333337,1.0,0.0,0.0,0.0,0.0,0.0,0.0,0.0,0.0,0.0,0.0,0.0,0.0,0.0,0.0,0.0,0.0,0.0,0.0,0.0,0.0,0.0,0.0,0.0,0.0,0.0,0.0,0.0,0.0,0.0,1.0,0.3333333333333333,0.0,0.5773502691896258,0.33333333333333337,1.0,2.0,2.0,0.0,0.0,1.0,1.0,0.0,0.0
27,89,58 - Gosling M1,8,14,1,4,0,0,0,0,1,4,0,0,0,0,1,1,0.0,0.0,0.0,0.0,3.0,1.0,0.0,1.0,0.25,0.0,0.5,0.25,1.0,0.0,1.0,0.25,0.0,0.5,0.25,1.0,1.0,2.0,1.25,1.0,0.5,0.25,1.0,0.0,0.0,0.0,0.0,0.0,0.0,0.0,0.0,0.0,0.0,0.0,0.0,0.0,0.0,0.0,0.0,0.0,0.0,0.0,0.0,0.0,0.0,0.0,0.0,0.0,0.0,0.0,0.0,0.0,0.0,0.0,0.0,0.0,0.0,0.0,0.0,1.0,0.25,0.0,0.5,0.25,1.0,3.0,1.0,0.0,2.0,1.0,1.0,0.0,0.0
27,91,59 - Evans / Fowler SR,16,14,1,4,0,0,0,0,1,4,0,0,0,0,1,2,0.0,0.0,0.0,0.0,4.0,2.0,0.0,3.0,0.6666666666666666,0.0,1.2110601416389968,1.466666666666667,3.0,0.0,1.0,0.16666666666666666,0.0,0.408248290463863,0.16666666666666669,1.0,1.0,2.0,1.1666666666666667,1.0,0.408248290463863,0.16666666666666666,1.0,0.0,0.0,0.0,0.0,0.0,0.0,0.0,0.0,0.0,0.0,0.0,0.0,0.0,0.0,0.0,0.0,0.0,0.0,0.0,0.0,0.0,0.0,2.0,0.5,0.0,0.8366600265340756,0.7,2.0,0.0,0.0,0.0,0.0,0.0,0.0,0.0,0.0,1.0,0.16666666666666666,0.0,0.408248290463863,0.16666666666666669,1.0,5.0,1.0,0.0,1.0,4.0,1.0,0.0,0.0
27,93,Gosling RC1,8,14,1,4,0,0,0,0,0,0,0,0,1,4,1,1,0.0,0.0,0.0,0.0,2.0,1.0,0.0,1.0,0.3333333333333333,0.0,0.5773502691896258,0.33333333333333337,1.0,0.0,0.0,0.0,0.0,0.0,0.0,0.0,1.0,1.0,1.0,1.0,0.0,0.0,0.0,0.0,0.0,0.0,0.0,0.0,0.0,0.0,0.0,0.0,0.0,0.0,0.0,0.0,0.0,0.0,0.0,0.0,0.0,0.0,0.0,0.0,0.0,0.0,0.0,0.0,0.0,0.0,0.0,0.0,0.0,0.0,0.0,0.0,0.0,0.0,0.0,0.0,0.0,0.0,0.0,0.0,0.0,3.0,0.0,0.0,0.0,3.0,0.0,0.0,0.0
31,14,Babbage - RC1 - Stage Two,8,21,0,0,1,4,0,0,0,0,0,0,1,4,1,1,0.0,0.0,0.0,0.0,2.0,1.0,0.0,0.0,0.0,0.0,0.0,0.0,0.0,0.0,0.0,0.0,0.0,0.0,0.0,0.0,1.0,1.0,1.0,1.0,0.0,0.0,0.0,0.0,1.0,0.3333333333333333,0.0,0.5773502691896258,0.33333333333333337,1.0,0.0,0.0,0.0,0.0,0.0,0.0,0.0,0.0,0.0,0.0,0.0,0.0,0.0,0.0,0.0,0.0,0.0,0.0,0.0,0.0,0.0,0.0,0.0,0.0,0.0,0.0,0.0,0.0,0.0,0.0,0.0,0.0,0.0,0.0,0.0,3.0,0.0,0.0,0.0,3.0,0.0,0.0,0.0
31,17,The Road To SpringOne,0,30,1,4,0,0,0,0,1,4,0,0,0,0,1,1,0.0,0.0,0.0,0.0,0.0,1.0,0.0,0.0,0.0,0.0,0.0,0.0,0.0,0.0,0.0,0.0,0.0,0.0,0.0,0.0,1.0,1.0,1.0,1.0,0.0,0.0,0.0,0.0,0.0,0.0,0.0,0.0,0.0,0.0,0.0,0.0,0.0,0.0,0.0,0.0,0.0,0.0,0.0,0.0,0.0,0.0,0.0,0.0,0.0,0.0,0.0,0.0,0.0,0.0,0.0,0.0,0.0,0.0,0.0,0.0,0.0,0.0,0.0,0.0,0.0,0.0,0.0,0.0,0.0,1.0,0.0,0.0,0.0,1.0,0.0,0.0,0.0
31,22,SpringOne Aftermath,4,21,0,0,1,4,0,0,1,4,0,0,0,0,1,1,0.0,0.0,0.0,0.0,2.0,0.0,0.0,0.0,0.0,0.0,0.0,0.0,0.0,0.0,0.0,0.0,0.0,0.0,0.0,0.0,1.0,1.0,1.0,1.0,0.0,0.0,0.0,0.0,0.0,0.0,0.0,0.0,0.0,0.0,0.0,0.0,0.0,0.0,0.0,0.0,0.0,0.0,0.0,0.0,0.0,0.0,0.0,0.0,0.0,0.0,0.0,0.0,0.0,0.0,0.0,0.0,0.0,0.0,0.0,0.0,0.0,0.0,0.0,0.0,0.0,0.0,0.0,0.0,0.0,2.0,0.0,1.0,0.0,1.0,0.0,0.0,0.0
31,23,The Road to Codd M1,12,18,0,0,1,4,0,0,1,4,0,0,0,0,1,2,0.0,0.0,0.0,0.0,4.0,5.0,0.0,2.0,0.3333333333333333,0.0,0.7071067811865476,0.5,2.0,0.0,0.0,0.0,0.0,0.0,0.0,0.0,0.0,2.0,1.0,1.0,0.5,0.25,2.0,0.0,1.0,0.3333333333333333,0.0,0.5,0.25,1.0,0.0,0.0,0.0,0.0,0.0,0.0,0.0,0.0,0.0,0.0,0.0,0.0,0.0,0.0,0.0,4.0,0.8888888888888888,0.0,1.536590742882148,2.361111111111111,4.0,0.0,0.0,0.0,0.0,0.0,0.0,0.0,0.0,1.0,0.1111111111111111,0.0,0.3333333333333333,0.1111111111111111,1.0,7.0,1.0,3.0,1.0,4.0,2.0,0.0,0.0
31,27,Codd M1,-8,49,5,20,1,4,0,0,3,12,0,0,3,12,1,3,0.0,0.0,0.0,0.0,2.0,5.0,0.0,2.0,0.5714285714285714,0.0,0.7867957924694432,0.6190476190476191,2.0,0.0,0.0,0.0,0.0,0.0,0.0,0.0,0.0,1.0,0.8571428571428571,1.0,0.37796447300922725,0.14285714285714288,1.0,0.0,1.0,0.14285714285714285,0.0,0.3779644730092273,0.1428571428571429,1.0,0.0,0.0,0.0,0.0,0.0,0.0,0.0,0.0,0.0,0.0,0.0,0.0,0.0,0.0,0.0,5.0,1.7142857142857142,1.0,2.058663459163551,4.238095238095237,5.0,0.0,0.0,0.0,0.0,0.0,0.0,0.0,0.0,1.0,0.2857142857142857,0.0,0.48795003647426666,0.23809523809523814,1.0,6.0,0.0,2.0,0.0,5.0,1.0,0.0,0.0
31,30,42 - 2014 Kickoff,-4,14,5,20,0,0,0,0,4,16,0,0,1,4,1,2,0.0,0.0,0.0,0.0,3.0,4.0,0.0,2.0,0.5714285714285714,0.0,0.7867957924694432,0.6190476190476191,2.0,0.0,3.0,0.42857142857142855,0.0,1.1338934190276817,1.2857142857142858,3.0,0.0,1.0,0.7142857142857143,1.0,0.48795003647426666,0.23809523809523814,1.0,0.0,1.0,0.2857142857142857,0.0,0.48795003647426666,0.23809523809523814,1.0,0.0,0.0,0.0,0.0,0.0,0.0,0.0,0.0,0.0,0.0,0.0,0.0,0.0,0.0,0.0,5.0,1.0,0.0,1.9148542155126762,3.6666666666666665,5.0,0.0,0.0,0.0,0.0,0.0,0.0,0.0,0.0,1.0,0.2857142857142857,0.0,0.4879500364742666,0.2380952380952381,1.0,5.0,0.0,1.0,1.0,5.0,2.0,0.0,0.0
31,34,43 - Babbage SR3,0,15,0,0,1,4,0,0,1,4,0,0,0,0,1,1,0.0,0.0,0.0,0.0,1.0,0.0,0.0,0.0,0.0,0.0,0.0,0.0,0.0,0.0,0.0,0.0,0.0,0.0,0.0,0.0,1.0,1.0,1.0,1.0,0.0,0.0,0.0,0.0,0.0,0.0,0.0,0.0,0.0,0.0,0.0,0.0,0.0,0.0,0.0,0.0,0.0,0.0,0.0,0.0,0.0,0.0,0.0,0.0,0.0,0.0,0.0,0.0,0.0,0.0,0.0,0.0,0.0,0.0,0.0,0.0,0.0,0.0,0.0,0.0,0.0,0.0,0.0,0.0,0.0,1.0,0.0,0.0,0.0,1.0,0.0,0.0,0.0
31,37,44 - Codd GA,12,21,1,4,1,4,0,0,0,0,0,0,2,8,1,1,0.0,0.0,0.0,0.0,4.0,2.0,0.0,0.0,0.0,0.0,0.0,0.0,0.0,0.0,0.0,0.0,0.0,0.0,0.0,0.0,1.0,1.0,1.0,1.0,0.0,0.0,0.0,0.0,0.0,0.0,0.0,0.0,0.0,0.0,0.0,0.0,0.0,0.0,0.0,0.0,0.0,0.0,0.0,0.0,0.0,0.0,0.0,0.0,0.0,4.0,0.6666666666666666,0.0,1.632993161855452,2.666666666666667,4.0,0.0,0.0,0.0,0.0,0.0,0.0,0.0,0.0,1.0,0.16666666666666666,0.0,0.408248290463863,0.16666666666666669,1.0,5.0,0.0,1.0,0.0,5.0,1.0,0.0,0.0
31,40,45 - Dijkstra M1,0,10,0,0,2,8,0,0,1,4,0,0,1,4,1,1,0.0,0.0,0.0,0.0,1.0,1.0,0.0,0.0,0.0,0.0,0.0,0.0,0.0,0.0,0.0,0.0,0.0,0.0,0.0,0.0,1.0,1.0,1.0,1.0,0.0,0.0,0.0,0.0,0.0,0.0,0.0,0.0,0.0,0.0,0.0,0.0,0.0,0.0,0.0,0.0,0.0,0.0,0.0,0.0,0.0,0.0,0.0,0.0,0.0,0.0,0.0,0.0,0.0,0.0,0.0,0.0,0.0,0.0,0.0,0.0,0.0,0.0,0.0,0.0,0.0,0.0,0.0,0.0,0.0,2.0,0.0,0.0,0.0,2.0,0.0,0.0,0.0
31,42,46 - Codd SR2,4,16,0,0,0,0,0,0,0,0,0,0,0,0,1,1,0.0,0.0,0.0,0.0,1.0,0.0,0.0,0.0,0.0,0.0,0.0,0.0,0.0,0.0,0.0,0.0,0.0,0.0,0.0,0.0,1.0,1.0,1.0,1.0,0.0,0.0,0.0,0.0,0.0,0.0,0.0,0.0,0.0,0.0,0.0,0.0,0.0,0.0,0.0,0.0,0.0,0.0,0.0,0.0,0.0,0.0,0.0,0.0,0.0,0.0,0.0,0.0,0.0,0.0,0.0,0.0,0.0,0.0,0.0,0.0,0.0,0.0,0.0,0.0,0.0,0.0,0.0,0.0,0.0,1.0,0.0,0.0,0.0,1.0,0.0,0.0,0.0
31,44,47 - Dijkstra RC1,8,11,0,0,0,0,0,0,0,0,0,0,0,0,1,1,0.0,0.0,0.0,0.0,2.0,0.0,0.0,0.0,0.0,0.0,0.0,0.0,0.0,0.0,0.0,0.0,0.0,0.0,0.0,0.0,1.0,1.0,1.0,1.0,0.0,0.0,0.0,0.0,0.0,0.0,0.0,0.0,0.0,0.0,0.0,0.0,0.0,0.0,0.0,0.0,0.0,0.0,0.0,0.0,0.0,0.0,0.0,0.0,0.0,0.0,0.0,0.0,0.0,0.0,0.0,0.0,0.0,0.0,0.0,0.0,0.0,0.0,0.0,0.0,0.0,0.0,0.0,0.0,0.0,2.0,0.0,0.0,0.0,2.0,0.0,0.0,0.0
31,48,48 - Dijkstra GA,12,14,0,0,0,0,0,0,0,0,0,0,0,0,1,1,0.0,0.0,0.0,0.0,3.0,0.0,0.0,0.0,0.0,0.0,0.0,0.0,0.0,0.0,1.0,0.3333333333333333,0.0,0.5773502691896258,0.33333333333333337,1.0,1.0,1.0,1.0,1.0,0.0,0.0,0.0,0.0,0.0,0.0,0.0,0.0,0.0,0.0,0.0,0.0,0.0,0.0,0.0,0.0,0.0,0.0,0.0,0.0,0.0,0.0,0.0,0.0,0.0,0.0,0.0,0.0,0.0,0.0,0.0,0.0,0.0,0.0,0.0,0.0,0.0,0.0,0.0,0.0,0.0,0.0,0.0,0.0,0.0,3.0,1.0,0.0,0.0,2.0,0.0,0.0,0.0
31,52,49 - Dijkstra SR1,4,8,0,0,0,0,0,0,0,0,0,0,0,0,1,1,0.0,0.0,0.0,0.0,1.0,0.0,0.0,0.0,0.0,0.0,0.0,0.0,0.0,1.0,1.0,1.0,1.0,0.0,0.0,0.0,1.0,1.0,1.0,1.0,0.0,0.0,0.0,0.0,0.0,0.0,0.0,0.0,0.0,0.0,0.0,0.0,0.0,0.0,0.0,0.0,0.0,0.0,0.0,0.0,0.0,0.0,0.0,0.0,0.0,0.0,0.0,0.0,0.0,0.0,0.0,0.0,0.0,0.0,0.0,0.0,0.0,0.0,0.0,0.0,0.0,0.0,0.0,0.0,0.0,1.0,0.0,0.0,0.0,1.0,0.0,0.0,0.0
31,53,50 - Evans M1,4,17,0,0,0,0,0,0,0,0,0,0,0,0,1,1,0.0,0.0,0.0,0.0,1.0,0.0,0.0,0.0,0.0,0.0,0.0,0.0,0.0,0.0,0.0,0.0,0.0,0.0,0.0,0.0,1.0,1.0,1.0,1.0,0.0,0.0,0.0,0.0,0.0,0.0,0.0,0.0,0.0,0.0,0.0,0.0,0.0,0.0,0.0,0.0,0.0,0.0,0.0,0.0,0.0,0.0,0.0,0.0,0.0,0.0,0.0,0.0,0.0,0.0,0.0,0.0,0.0,0.0,0.0,0.0,0.0,0.0,0.0,0.0,0.0,0.0,0.0,0.0,0.0,1.0,0.0,0.0,0.0,1.0,0.0,0.0,0.0
31,55,51 - Dijkstra SR2,8,10,0,0,0,0,0,0,0,0,0,0,0,0,1,1,0.0,0.0,0.0,0.0,2.0,0.0,0.0,0.0,0.0,0.0,0.0,0.0,0.0,0.0,0.0,0.0,0.0,0.0,0.0,0.0,1.0,1.0,1.0,1.0,0.0,0.0,0.0,0.0,0.0,0.0,0.0,0.0,0.0,0.0,0.0,0.0,0.0,0.0,0.0,0.0,0.0,0.0,0.0,0.0,0.0,0.0,0.0,0.0,0.0,0.0,0.0,0.0,0.0,0.0,0.0,0.0,0.0,0.0,0.0,0.0,0.0,0.0,0.0,0.0,0.0,0.0,0.0,0.0,0.0,2.0,0.0,0.0,0.0,2.0,0.0,0.0,0.0
31,56,52 - Evans RC1,12,11,0,0,0,0,0,0,0,0,0,0,0,0,1,1,0.0,0.0,0.0,0.0,2.0,1.0,0.0,0.0,0.0,0.0,0.0,0.0,0.0,0.0,0.0,0.0,0.0,0.0,0.0,0.0,1.0,1.0,1.0,1.0,0.0,0.0,0.0,0.0,1.0,0.3333333333333333,0.0,0.5773502691896258,0.33333333333333337,1.0,0.0,0.0,0.0,0.0,0.0,0.0,0.0,0.0,0.0,0.0,0.0,0.0,0.0,0.0,0.0,0.0,0.0,0.0,0.0,0.0,0.0,0.0,0.0,0.0,0.0,0.0,0.0,0.0,0.0,0.0,0.0,0.0,0.0,0.0,0.0,3.0,0.0,1.0,1.0,1.0,0.0,0.0,0.0
31,61,52 - Evans GA,24,16,0,0,0,0,0,0,0,0,0,0,0,0,1,1,0.0,0.0,0.0,0.0,3.0,3.0,0.0,0.0,0.0,0.0,0.0,0.0,0.0,0.0,0.0,0.0,0.0,0.0,0.0,0.0,1.0,2.0,1.1666666666666667,1.0,0.408248290463863,0.16666666666666669,1.0,0.0,0.0,0.0,0.0,0.0,0.0,0.0,0.0,0.0,0.0,0.0,0.0,0.0,0.0,0.0,0.0,0.0,0.0,0.0,0.0,0.0,0.0,0.0,0.0,0.0,0.0,0.0,0.0,0.0,0.0,0.0,0.0,0.0,0.0,0.0,0.0,0.0,0.0,0.0,0.0,0.0,0.0,6.0,1.0,0.0,2.0,3.0,0.0,0.0,0.0
31,63,53 - Evans SR1,4,25,0,0,0,0,0,0,0,0,0,0,0,0,1,1,0.0,0.0,0.0,0.0,1.0,0.0,0.0,0.0,0.0,0.0,0.0,0.0,0.0,1.0,1.0,1.0,1.0,0.0,0.0,0.0,1.0,1.0,1.0,1.0,0.0,0.0,0.0,0.0,0.0,0.0,0.0,0.0,0.0,0.0,0.0,0.0,0.0,0.0,0.0,0.0,0.0,0.0,0.0,0.0,0.0,0.0,0.0,0.0,0.0,0.0,0.0,0.0,0.0,0.0,0.0,0.0,0.0,0.0,0.0,0.0,0.0,0.0,0.0,0.0,0.0,0.0,0.0,0.0,0.0,1.0,0.0,0.0,0.0,1.0,0.0,0.0,0.0
31,69,54 - Fowler M1,4,11,0,0,0,0,0,0,0,0,0,0,0,0,1,1,0.0,0.0,0.0,0.0,1.0,0.0,0.0,0.0,0.0,0.0,0.0,0.0,0.0,0.0,0.0,0.0,0.0,0.0,0.0,0.0,1.0,1.0,1.0,1.0,0.0,0.0,0.0,0.0,0.0,0.0,0.0,0.0,0.0,0.0,0.0,0.0,0.0,0.0,0.0,0.0,0.0,0.0,0.0,0.0,0.0,0.0,0.0,0.0,0.0,0.0,0.0,0.0,0.0,0.0,0.0,0.0,0.0,0.0,0.0,0.0,0.0,0.0,0.0,0.0,0.0,0.0,0.0,0.0,0.0,1.0,0.0,0.0,0.0,1.0,0.0,0.0,0.0
31,71,55 - Evans SR2,8,14,0,0,0,0,0,0,0,0,0,0,0,0,1,1,0.0,0.0,0.0,0.0,0.0,2.0,0.0,0.0,0.0,0.0,0.0,0.0,0.0,0.0,0.0,0.0,0.0,0.0,0.0,0.0,1.0,1.0,1.0,1.0,0.0,0.0,0.0,0.0,0.0,0.0,0.0,0.0,0.0,0.0,0.0,0.0,0.0,0.0,0.0,0.0,0.0,0.0,0.0,0.0,0.0,0.0,0.0,0.0,0.0,0.0,0.0,0.0,0.0,0.0,0.0,0.0,0.0,0.0,0.0,0.0,0.0,0.0,0.0,0.0,0.0,0.0,0.0,0.0,0.0,2.0,0.0,0.0,0.0,2.0,0.0,0.0,0.0
31,76,56 - Fowler RC1,4,15,0,0,0,0,0,0,0,0,0,0,0,0,1,1,0.0,0.0,0.0,0.0,1.0,0.0,0.0,0.0,0.0,0.0,0.0,0.0,0.0,0.0,0.0,0.0,0.0,0.0,0.0,0.0,1.0,1.0,1.0,1.0,0.0,0.0,0.0,0.0,0.0,0.0,0.0,0.0,0.0,0.0,0.0,0.0,0.0,0.0,0.0,0.0,0.0,0.0,0.0,0.0,0.0,0.0,0.0,0.0,0.0,0.0,0.0,0.0,0.0,0.0,0.0,0.0,0.0,0.0,0.0,0.0,0.0,0.0,0.0,0.0,0.0,0.0,0.0,0.0,0.0,1.0,0.0,0.0,0.0,1.0,0.0,0.0,0.0
31,81,56 - Fowler GA,4,14,0,0,0,0,0,0,0,0,0,0,0,0,1,1,0.0,0.0,0.0,0.0,2.0,0.0,0.0,0.0,0.0,0.0,0.0,0.0,0.0,0.0,1.0,0.5,0.5,0.7071067811865476,0.5,1.0,1.0,2.0,1.5,1.5,0.7071067811865476,0.5,1.0,0.0,0.0,0.0,0.0,0.0,0.0,0.0,0.0,0.0,0.0,0.0,0.0,0.0,0.0,0.0,0.0,0.0,0.0,0.0,0.0,0.0,0.0,0.0,0.0,0.0,0.0,0.0,0.0,0.0,0.0,0.0,0.0,0.0,0.0,0.0,0.0,0.0,0.0,0.0,0.0,0.0,0.0,1.0,1.0,0.0,0.0,1.0,1.0,0.0,0.0
31,84,57 - Fowler Aftermath,4,17,1,4,0,0,0,0,1,4,0,0,0,0,1,1,0.0,0.0,0.0,0.0,1.0,2.0,0.0,1.0,0.3333333333333333,0.0,0.5773502691896258,0.33333333333333337,1.0,0.0,1.0,0.3333333333333333,0.0,0.5773502691896258,0.33333333333333337,1.0,1.0,2.0,1.6666666666666667,2.0,0.5773502691896257,0.3333333333333333,1.0,0.0,1.0,0.3333333333333333,0.0,0.5773502691896258,0.33333333333333337,1.0,0.0,0.0,0.0,0.0,0.0,0.0,0.0,0.0,0.0,0.0,0.0,0.0,0.0,0.0,0.0,0.0,0.0,0.0,0.0,0.0,0.0,0.0,0.0,0.0,0.0,0.0,0.0,0.0,0.0,1.0,0.3333333333333333,0.0,0.5773502691896258,0.33333333333333337,1.0,2.0,2.0,0.0,0.0,1.0,1.0,0.0,0.0
31,89,58 - Gosling M1,8,14,1,4,0,0,0,0,1,4,0,0,0,0,1,1,0.0,0.0,0.0,0.0,3.0,1.0,0.0,1.0,0.25,0.0,0.5,0.25,1.0,0.0,1.0,0.25,0.0,0.5,0.25,1.0,1.0,2.0,1.25,1.0,0.5,0.25,1.0,0.0,0.0,0.0,0.0,0.0,0.0,0.0,0.0,0.0,0.0,0.0,0.0,0.0,0.0,0.0,0.0,0.0,0.0,0.0,0.0,0.0,0.0,0.0,0.0,0.0,0.0,0.0,0.0,0.0,0.0,0.0,0.0,0.0,0.0,0.0,0.0,1.0,0.25,0.0,0.5,0.25,1.0,3.0,1.0,0.0,2.0,1.0,1.0,0.0,0.0
31,91,59 - Evans / Fowler SR,16,14,1,4,0,0,0,0,1,4,0,0,0,0,1,2,0.0,0.0,0.0,0.0,4.0,2.0,0.0,3.0,0.6666666666666666,0.0,1.2110601416389968,1.466666666666667,3.0,0.0,1.0,0.16666666666666666,0.0,0.408248290463863,0.16666666666666669,1.0,1.0,2.0,1.1666666666666667,1.0,0.408248290463863,0.16666666666666666,1.0,0.0,0.0,0.0,0.0,0.0,0.0,0.0,0.0,0.0,0.0,0.0,0.0,0.0,0.0,0.0,0.0,0.0,0.0,0.0,0.0,0.0,0.0,2.0,0.5,0.0,0.8366600265340756,0.7,2.0,0.0,0.0,0.0,0.0,0.0,0.0,0.0,0.0,1.0,0.16666666666666666,0.0,0.408248290463863,0.16666666666666669,1.0,5.0,1.0,0.0,1.0,4.0,1.0,0.0,0.0
31,93,Gosling RC1,8,14,1,4,0,0,0,0,0,0,0,0,1,4,1,1,0.0,0.0,0.0,0.0,2.0,1.0,0.0,1.0,0.3333333333333333,0.0,0.5773502691896258,0.33333333333333337,1.0,0.0,0.0,0.0,0.0,0.0,0.0,0.0,1.0,1.0,1.0,1.0,0.0,0.0,0.0,0.0,0.0,0.0,0.0,0.0,0.0,0.0,0.0,0.0,0.0,0.0,0.0,0.0,0.0,0.0,0.0,0.0,0.0,0.0,0.0,0.0,0.0,0.0,0.0,0.0,0.0,0.0,0.0,0.0,0.0,0.0,0.0,0.0,0.0,0.0,0.0,0.0,0.0,0.0,0.0,0.0,0.0,3.0,0.0,0.0,0.0,3.0,0.0,0.0,0.0
35,1,Sprint 1,6,14,0,0,11,24,4,12,6,11,1,1,0,0,1,1,6.0,16.0,2.0,0.0,13.0,8.0,0.0,1.0,0.043478260869565216,0.0,0.2085144140570748,0.04347826086956523,1.0,0.0,0.0,0.0,0.0,0.0,0.0,0.0,1.0,1.0,1.0,1.0,0.0,0.0,0.0,0.0,1.0,0.08695652173913043,0.0,0.2881040655200304,0.08300395256916997,1.0,0.0,0.0,0.0,0.0,0.0,0.0,0.0,0.0,0.0,0.0,0.0,0.0,0.0,0.0,0.0,1.0,0.2608695652173913,0.0,0.4489777585448796,0.2015810276679842,1.0,0.0,0.0,0.0,0.0,0.0,0.0,0.0,0.0,3.0,0.30434782608695654,0.0,0.7029019463944166,0.4940711462450594,3.0,23.0,1.0,0.0,0.0,0.0,0.0,0.0,0.0
35,3,Sprint 2,0,4,10,31,8,14,8,33,10,12,0,0,0,0,1,4,0.0,18.0,0.0,0.0,12.0,6.0,0.0,2.0,0.5555555555555556,0.5,0.6156987634551994,0.3790849673202615,2.0,0.0,0.0,0.0,0.0,0.0,0.0,0.0,1.0,1.0,1.0,1.0,0.0,0.0,0.0,0.0,3.0,0.3333333333333333,0.0,0.7669649888473704,0.588235294117647,3.0,0.0,0.0,0.0,0.0,0.0,0.0,0.0,0.0,0.0,0.0,0.0,0.0,0.0,0.0,0.0,3.0,1.0555555555555556,1.0,0.5393048054696105,0.29084967320261434,3.0,0.0,1.0,0.1111111111111111,0.0,0.3233808333817773,0.10457516339869281,1.0,0.0,3.0,0.5,0.0,0.985184366143778,0.9705882352941176,3.0,17.0,0.0,0.0,0.0,0.0,1.0,0.0,0.0
35,4,Sprint 3,0,5,17,86,2,4,4,18,3,15,7,40,5,17,1,8,0.0,19.0,0.0,0.0,15.0,4.0,0.0,4.0,0.3157894736842105,0.0,1.002919714242558,1.0058479532163744,4.0,0.0,0.0,0.0,0.0,0.0,0.0,0.0,1.0,1.0,1.0,1.0,0.0,0.0,0.0,0.0,3.0,0.3684210526315789,0.0,0.8306975860878395,0.6900584795321636,3.0,0.0,0.0,0.0,0.0,0.0,0.0,0.0,0.0,0.0,0.0,0.0,0.0,0.0,0.0,0.0,3.0,1.0526315789473684,1.0,0.5242650104380328,0.27485380116959063,3.0,0.0,1.0,0.05263157894736842,0.0,0.22941573387056177,0.05263157894736842,1.0,0.0,4.0,0.631578947368421,0.0,1.2115429242540032,1.4678362573099413,4.0,15.0,0.0,0.0,0.0,0.0,4.0,0.0,0.0
35,5,Sprint 4,14,4,21,55,4,6,7,17,10,26,3,7,5,11,1,5,2.0,37.0,0.0,0.0,40.0,0.0,0.0,3.0,0.35,0.0,0.8022404524765274,0.6435897435897434,3.0,0.0,0.0,0.0,0.0,0.0,0.0,0.0,1.0,1.0,1.0,1.0,0.0,0.0,0.0,0.0,3.0,0.15,0.0,0.533493565673837,0.28461538461538466,3.0,0.0,0.0,0.0,0.0,0.0,0.0,0.0,0.0,0.0,0.0,0.0,0.0,0.0,0.0,0.0,1.0,0.075,0.0,0.2667467828369185,0.07115384615384615,1.0,0.0,0.0,0.0,0.0,0.0,0.0,0.0,0.0,2.0,0.125,0.0,0.40430377003131995,0.16346153846153846,2.0,36.0,0.0,0.0,0.0,0.0,4.0,0.0,1.0
35,6,Sprint 5,-12,6,25,63,9,33,1,1,4,21,9,25,20,49,1,10,0.0,32.0,0.0,0.0,34.0,0.0,0.0,4.0,0.5588235294117647,0.0,0.894128201457549,0.7994652406417113,4.0,0.0,0.0,0.0,0.0,0.0,0.0,0.0,1.0,1.0,1.0,1.0,0.0,0.0,0.0,0.0,1.0,0.08823529411764706,0.0,0.28790224128123654,0.08288770053475933,1.0,0.0,0.0,0.0,0.0,0.0,0.0,0.0,0.0,0.0,0.0,0.0,0.0,0.0,0.0,0.0,1.0,0.058823529411764705,0.0,0.23883257361061286,0.05704099821746881,1.0,0.0,0.0,0.0,0.0,0.0,0.0,0.0,0.0,9.0,0.5882352941176471,0.0,1.6165366469207525,2.6131907308377893,9.0,31.0,2.0,0.0,0.0,0.0,3.0,0.0,0.0
35,8,Sprint 6,33,9,20,77,23,52,1,5,1,12,6,23,35,89,1,10,0.0,53.0,1.0,0.0,58.0,1.0,0.0,4.0,0.5833333333333334,0.0,0.9074394347192632,0.823446327683616,4.0,0.0,0.0,0.0,0.0,0.0,0.0,0.0,1.0,1.0,1.0,1.0,0.0,0.0,0.0,0.0,2.0,0.15,0.0,0.444362045092337,0.19745762711864415,2.0,0.0,0.0,0.0,0.0,0.0,0.0,0.0,0.0,0.0,0.0,0.0,0.0,0.0,0.0,0.0,0.0,0.0,0.0,0.0,0.0,0.0,0.0,0.0,0.0,0.0,0.0,0.0,0.0,0.0,3.0,0.25,0.0,0.6277481952265331,0.3940677966101695,3.0,48.0,4.0,0.0,3.0,0.0,12.0,0.0,0.0
35,9,Sprint 7,22,3,10,24,1,8,3,11,3,2,2,11,3,8,1,4,0.0,17.0,0.0,0.0,15.0,2.0,0.0,2.0,0.23529411764705882,0.0,0.562295714538387,0.3161764705882352,2.0,0.0,1.0,0.058823529411764705,0.0,0.242535625036333,0.05882352941176471,1.0,1.0,1.0,1.0,1.0,0.0,0.0,0.0,0.0,3.0,0.35294117647058826,0.0,0.7859052479933757,0.6176470588235293,3.0,0.0,0.0,0.0,0.0,0.0,0.0,0.0,0.0,0.0,0.0,0.0,0.0,0.0,0.0,0.0,0.0,0.0,0.0,0.0,0.0,0.0,0.0,0.0,0.0,0.0,0.0,0.0,0.0,0.0,2.0,0.47058823529411764,0.0,0.6242642728467978,0.3897058823529412,2.0,10.0,0.0,0.0,0.0,0.0,7.0,0.0,0.0
35,10,Sprint 8,4,3,18,91,5,17,1,4,9,32,9,55,4,17,1,7,0.0,24.0,0.0,0.0,21.0,4.0,0.0,3.0,0.6,0.0,0.9574271077563381,0.9166666666666666,3.0,0.0,1.0,0.12,0.0,0.33166247903553997,0.11,1.0,1.0,1.0,1.0,1.0,0.0,0.0,0.0,0.0,3.0,0.28,0.0,0.7371114795831993,0.5433333333333332,3.0,0.0,0.0,0.0,0.0,0.0,0.0,0.0,0.0,0.0,0.0,0.0,0.0,0.0,0.0,0.0,0.0,0.0,0.0,0.0,0.0,0.0,0.0,0.0,0.0,0.0,0.0,0.0,0.0,0.0,2.0,0.36,0.0,0.6377042156569664,0.40666666666666673,2.0,22.0,1.0,0.0,0.0,0.0,3.0,0.0,0.0
35,11,Sprint 9,-33,4,30,88,108,430,102,436,14,22,8,18,14,42,1,11,0.0,130.0,0.0,0.0,135.0,4.0,0.0,6.0,0.2014388489208633,0.0,0.6829163391704082,0.4663747263059119,6.0,0.0,1.0,0.11510791366906475,0.0,0.3203063906986985,0.1025961839224273,1.0,0.0,1.0,0.8705035971223022,1.0,0.3369628279955151,0.11354394745073507,1.0,0.0,7.0,0.5827338129496403,0.0,0.9772727548267477,0.9550620373266605,7.0,0.0,0.0,0.0,0.0,0.0,0.0,0.0,0.0,0.0,0.0,0.0,0.0,0.0,0.0,0.0,5.0,0.1223021582733813,0.0,0.5030404895490449,0.2530497341257428,5.0,0.0,0.0,0.0,0.0,0.0,0.0,0.0,0.0,3.0,0.26618705035971224,0.0,0.6321752138375182,0.3996455009905119,3.0,116.0,2.0,0.0,7.0,0.0,23.0,0.0,0.0
35,13,Sprint 10,5,4,30,59,8,17,1,1,14,23,9,20,14,32,1,9,0.0,41.0,0.0,0.0,41.0,1.0,0.0,3.0,0.5,0.0,0.7407971974871922,0.5487804878048781,3.0,0.0,1.0,0.047619047619047616,0.0,0.21554026870452117,0.04645760743321719,1.0,1.0,1.0,1.0,1.0,0.0,0.0,0.0,0.0,7.0,0.47619047619047616,0.0,1.152687109579183,1.3286875725900116,7.0,0.0,0.0,0.0,0.0,0.0,0.0,0.0,0.0,0.0,0.0,0.0,0.0,0.0,0.0,0.0,2.0,0.09523809523809523,0.0,0.43108053740904234,0.18583042973286876,2.0,0.0,0.0,0.0,0.0,0.0,0.0,0.0,0.0,5.0,0.30952380952380953,0.0,0.896826253344299,0.8042973286875728,5.0,36.0,1.0,0.0,0.0,0.0,6.0,0.0,0.0
35,15,Sprint 11,10,3,11,31,22,60,6,30,11,16,9,32,7,13,1,10,0.0,33.0,2.0,0.0,37.0,0.0,0.0,5.0,0.5128205128205128,0.0,1.048100910966187,1.098515519568151,5.0,0.0,0.0,0.0,0.0,0.0,0.0,0.0,1.0,1.0,1.0,1.0,0.0,0.0,0.0,0.0,7.0,0.4358974358974359,0.0,1.1875421719907089,1.4102564102564106,7.0,0.0,0.0,0.0,0.0,0.0,0.0,0.0,0.0,0.0,0.0,0.0,0.0,0.0,0.0,0.0,2.0,0.05128205128205128,0.0,0.3202563076101743,0.1025641025641026,2.0,0.0,0.0,0.0,0.0,0.0,0.0,0.0,0.0,3.0,0.20512820512820512,0.0,0.6147094812094565,0.3778677462887991,3.0,32.0,6.0,0.0,0.0,0.0,7.0,0.0,0.0
35,16,Sprint 12,183,9,34,112,7,24,10,30,7,31,9,28,15,47,1,10,0.0,108.0,3.0,0.0,113.0,8.0,0.0,6.0,0.25,0.0,0.861318709131055,0.741869918699187,6.0,0.0,1.0,0.024193548387096774,0.0,0.15427299619963394,0.02380015735641227,1.0,1.0,1.0,1.0,1.0,0.0,0.0,0.0,0.0,2.0,0.1532258064516129,0.0,0.44254171341140314,0.1958431681091005,2.0,0.0,0.0,0.0,0.0,0.0,0.0,0.0,0.0,0.0,0.0,0.0,0.0,0.0,0.0,0.0,0.0,0.0,0.0,0.0,0.0,0.0,0.0,0.0,0.0,0.0,0.0,0.0,0.0,0.0,2.0,0.0967741935483871,0.0,0.34733257272616996,0.12063991607658016,2.0,103.0,16.0,0.0,0.0,0.0,21.0,0.0,0.0
35,18,Sprint 13,5,8,7,23,12,37,4,16,15,44,0,0,0,0,1,9,0.0,17.0,0.0,0.0,20.0,1.0,0.0,3.0,0.5454545454545454,0.0,0.857864054457777,0.7359307359307359,3.0,0.0,1.0,0.09090909090909091,0.0,0.29424494316824984,0.08658008658008656,1.0,0.0,1.0,0.9545454545454546,1.0,0.21320071635561047,0.04545454545454547,1.0,0.0,5.0,0.5454545454545454,0.0,1.1843130509275845,1.4025974025974033,5.0,0.0,0.0,0.0,0.0,0.0,0.0,0.0,0.0,0.0,0.0,0.0,0.0,0.0,0.0,0.0,1.0,0.22727272727272727,0.0,0.42893202722888846,0.18398268398268391,1.0,0.0,1.0,0.045454545454545456,0.0,0.2132007163556105,0.04545454545454548,1.0,0.0,1.0,0.09090909090909091,0.0,0.29424494316824984,0.08658008658008656,1.0,15.0,2.0,0.0,3.0,0.0,7.0,1.0,0.0
35,19,Sprint 14,16,9,24,123,5,16,5,24,4,40,12,51,8,24,1,7,0.0,33.0,0.0,0.0,34.0,2.0,0.0,12.0,0.9722222222222222,0.0,2.323619234988028,5.399206349206348,12.0,0.0,0.0,0.0,0.0,0.0,0.0,0.0,1.0,1.0,1.0,1.0,0.0,0.0,0.0,0.0,5.0,0.3055555555555556,0.0,0.9202311648848874,0.8468253968253968,5.0,0.0,0.0,0.0,0.0,0.0,0.0,0.0,0.0,0.0,0.0,0.0,0.0,0.0,0.0,0.0,0.0,0.0,0.0,0.0,0.0,0.0,0.0,0.0,0.0,0.0,0.0,0.0,0.0,0.0,2.0,0.16666666666666666,0.0,0.44721359549995787,0.19999999999999996,2.0,16.0,2.0,0.0,1.0,0.0,20.0,0.0,0.0
35,20,Sprint 15,29,7,14,72,7,28,3,19,4,34,10,41,4,6,1,5,0.0,37.0,0.0,0.0,37.0,0.0,0.0,6.0,0.32432432432432434,0.0,1.05551604161856,1.114114114114114,6.0,0.0,1.0,0.02702702702702703,0.0,0.1643989873053573,0.027027027027027025,1.0,1.0,1.0,1.0,1.0,0.0,0.0,0.0,0.0,3.0,0.2972972972972973,0.0,0.661012055061734,0.4369369369369369,3.0,0.0,0.0,0.0,0.0,0.0,0.0,0.0,0.0,0.0,0.0,0.0,0.0,0.0,0.0,0.0,0.0,0.0,0.0,0.0,0.0,0.0,0.0,0.0,0.0,0.0,0.0,0.0,0.0,0.0,3.0,0.16216216216216217,0.0,0.5534494613840601,0.30630630630630623,3.0,26.0,0.0,0.0,0.0,0.0,11.0,0.0,0.0
35,21,Sprint 16,55,22,19,88,8,19,2,22,2,7,9,44,14,34,1,6,0.0,42.0,0.0,0.0,42.0,3.0,0.0,6.0,0.8,0.0,1.4238232781046698,2.027272727272728,6.0,0.0,1.0,0.044444444444444446,0.0,0.2084090771399927,0.043434343434343436,1.0,1.0,1.0,1.0,1.0,0.0,0.0,0.0,0.0,4.0,0.5333333333333333,0.0,0.8420753583206844,0.709090909090909,4.0,0.0,0.0,0.0,0.0,0.0,0.0,0.0,0.0,0.0,0.0,0.0,0.0,0.0,0.0,0.0,2.0,0.06666666666666667,0.0,0.3302891295379081,0.10909090909090904,2.0,0.0,0.0,0.0,0.0,0.0,0.0,0.0,0.0,2.0,0.28888888888888886,0.0,0.5886124756277652,0.3464646464646465,2.0,32.0,3.0,0.0,0.0,0.0,13.0,0.0,0.0
35,24,Sprint 17,3,7,16,121,0,0,0,0,14,115,2,6,0,0,1,6,0.0,20.0,0.0,0.0,19.0,1.0,0.0,1.0,0.1,0.0,0.30779350562554625,0.09473684210526317,1.0,0.0,0.0,0.0,0.0,0.0,0.0,0.0,1.0,1.0,1.0,1.0,0.0,0.0,0.0,0.0,1.0,0.2,0.0,0.4103913408340617,0.168421052631579,1.0,0.0,0.0,0.0,0.0,0.0,0.0,0.0,0.0,0.0,0.0,0.0,0.0,0.0,0.0,0.0,0.0,0.0,0.0,0.0,0.0,0.0,0.0,1.0,0.05,0.0,0.22360679774997894,0.04999999999999999,1.0,0.0,2.0,0.3,0.0,0.6569466853317862,0.431578947368421,2.0,18.0,0.0,0.0,0.0,0.0,2.0,0.0,0.0
35,25,Sprint 18,73,20,24,159,9,40,6,56,4,19,15,84,8,40,1,10,0.0,49.0,2.0,0.0,52.0,2.0,0.0,4.0,0.42857142857142855,0.0,0.8497516825978764,0.7220779220779221,4.0,0.0,1.0,0.017857142857142856,0.0,0.1336306209562122,0.01785714285714286,1.0,0.0,1.0,0.9821428571428571,1.0,0.13363062095621223,0.017857142857142863,1.0,0.0,5.0,0.30357142857142855,0.0,0.8294498254789212,0.6879870129870129,5.0,0.0,0.0,0.0,0.0,0.0,0.0,0.0,0.0,0.0,0.0,0.0,0.0,0.0,0.0,0.0,0.0,0.0,0.0,0.0,0.0,0.0,0.0,1.0,0.017857142857142856,0.0,0.1336306209562122,0.01785714285714286,1.0,0.0,7.0,0.6607142857142857,0.0,1.564106317175585,2.4464285714285716,7.0,35.0,3.0,0.0,4.0,0.0,21.0,0.0,0.0
35,28,Sprint 19,48,21,43,186,24,117,14,102,12,7,12,102,29,92,1,11,0.0,46.0,1.0,0.0,78.0,6.0,0.0,6.0,0.8235294117647058,0.0,1.2068896523929689,1.456582633053221,6.0,0.0,1.0,0.058823529411764705,0.0,0.23669053416557545,0.056022408963585436,1.0,1.0,2.0,1.011764705882353,1.0,0.10846522890932811,0.011764705882352946,1.0,0.0,3.0,0.25882352941176473,0.0,0.6201563008911657,0.3845938375350141,3.0,0.0,0.0,0.0,0.0,0.0,0.0,0.0,0.0,0.0,0.0,0.0,0.0,0.0,0.0,0.0,0.0,0.0,0.0,0.0,0.0,0.0,0.0,1.0,0.03529411764705882,0.0,0.18561729852738681,0.03445378151260503,1.0,0.0,6.0,0.36470588235294116,0.0,0.9740325948336221,0.9487394957983191,6.0,60.0,12.0,0.0,27.0,0.0,25.0,0.0,0.0
35,29,Sprint 20,48,28,7,37,19,42,3,8,2,4,6,15,15,52,1,10,0.0,25.0,1.0,0.0,39.0,5.0,0.0,15.0,1.0,0.0,2.486326242032244,6.181818181818182,15.0,0.0,0.0,0.0,0.0,0.0,0.0,0.0,1.0,1.0,1.0,1.0,0.0,0.0,0.0,0.0,2.0,0.4222222222222222,0.0,0.6904836542364176,0.4767676767676767,2.0,0.0,0.0,0.0,0.0,0.0,0.0,0.0,0.0,0.0,0.0,0.0,0.0,0.0,0.0,0.0,0.0,0.0,0.0,0.0,0.0,0.0,0.0,1.0,0.022222222222222223,0.0,0.14907119849998599,0.022222222222222223,1.0,0.0,1.0,0.08888888888888889,0.0,0.28779903201415186,0.08282828282828282,1.0,34.0,13.0,0.0,7.0,0.0,11.0,0.0,0.0
35,31,Sprint 21,208,27,4,16,18,81,2,8,20,89,0,0,0,0,1,7,0.0,58.0,0.0,0.0,67.0,7.0,0.0,9.0,0.918918918918919,0.5,1.5238447837108118,2.322102924842651,9.0,0.0,1.0,0.013513513513513514,0.0,0.11624763874381931,0.01351351351351352,1.0,0.0,1.0,0.9864864864864865,1.0,0.1162476387438193,0.013513513513513516,1.0,0.0,12.0,0.7567567567567568,0.0,1.5946040072764815,2.5427619400222135,12.0,0.0,0.0,0.0,0.0,0.0,0.0,0.0,0.0,0.0,0.0,0.0,0.0,0.0,0.0,0.0,3.0,0.6756756756756757,1.0,0.5516626949407248,0.3043317289892632,3.0,0.0,1.0,0.02702702702702703,0.0,0.16326908396901554,0.026656793780081445,1.0,0.0,7.0,0.4864864864864865,0.0,1.1255834802660174,1.26693817104776,7.0,48.0,5.0,0.0,11.0,0.0,26.0,0.0,0.0
35,35,Sprint 22,63,20,15,68,14,54,3,15,6,33,8,33,12,41,1,6,0.0,46.0,2.0,0.0,45.0,8.0,0.0,9.0,1.1090909090909091,0.0,1.8626218804041443,3.4693602693602705,9.0,0.0,1.0,0.07272727272727272,0.0,0.26208179770229884,0.0686868686868687,1.0,1.0,1.0,1.0,1.0,0.0,0.0,0.0,0.0,12.0,0.9090909090909091,0.0,1.8685776653868287,3.4915824915824913,12.0,0.0,0.0,0.0,0.0,0.0,0.0,0.0,0.0,0.0,0.0,0.0,0.0,0.0,0.0,0.0,3.0,0.8727272727272727,1.0,0.7467099554551001,0.5575757575757576,3.0,0.0,1.0,0.07272727272727272,0.0,0.26208179770229884,0.0686868686868687,1.0,0.0,4.0,0.32727272727272727,0.0,0.8177327611676497,0.6686868686868684,4.0,24.0,5.0,0.0,4.0,0.0,31.0,0.0,0.0
35,39,Sprint 23,16,14,12,57,9,50,2,14,12,56,3,19,4,18,1,6,0.0,33.0,0.0,0.0,27.0,8.0,0.0,7.0,0.9428571428571428,0.0,1.5707408732048398,2.4672268907563026,7.0,0.0,1.0,0.08571428571428572,0.0,0.2840286409986905,0.08067226890756303,1.0,1.0,1.0,1.0,1.0,0.0,0.0,0.0,0.0,6.0,0.7428571428571429,0.0,1.4004801097534822,1.961344537815126,6.0,0.0,0.0,0.0,0.0,0.0,0.0,0.0,0.0,0.0,0.0,0.0,0.0,0.0,0.0,0.0,3.0,0.7714285714285715,1.0,0.7310634592924236,0.534453781512605,3.0,0.0,1.0,0.05714285714285714,0.0,0.2355041079768028,0.055462184873949584,1.0,0.0,1.0,0.08571428571428572,0.0,0.2840286409986905,0.08067226890756303,1.0,22.0,1.0,0.0,1.0,0.0,13.0,0.0,0.0
35,41,Sprint 24,112,16,16,92,13,60,4,14,8,50,5,26,12,62,1,10,0.0,61.0,0.0,0.0,49.0,15.0,0.0,9.0,0.5454545454545454,0.0,1.3264390522902132,1.759440559440559,9.0,0.0,1.0,0.07575757575757576,0.0,0.26663752754548836,0.07109557109557108,1.0,0.0,1.0,0.9848484848484849,1.0,0.12309149097933272,0.015151515151515148,1.0,0.0,6.0,0.3787878787878788,0.0,0.8903785109569373,0.7927738927738929,6.0,0.0,0.0,0.0,0.0,0.0,0.0,0.0,0.0,0.0,0.0,0.0,0.0,0.0,0.0,0.0,5.0,0.8333333333333334,1.0,0.7958224257542215,0.6333333333333334,5.0,0.0,1.0,0.045454545454545456,0.0,0.2098950786844324,0.04405594405594407,1.0,0.0,4.0,0.2727272727272727,0.0,0.6916080380690195,0.4783216783216783,4.0,42.0,0.0,0.0,5.0,0.0,24.0,2.0,0.0
35,43,Sprint 25,131,12,15,63,14,39,6,22,23,80,0,0,0,0,1,11,0.0,54.0,6.0,1.0,54.0,18.0,0.0,7.0,0.6172839506172839,0.0,1.2606337814227404,1.5891975308641977,7.0,0.0,1.0,0.1728395061728395,0.0,0.3804643037391985,0.14475308641975307,1.0,1.0,1.0,1.0,1.0,0.0,0.0,0.0,0.0,2.0,0.2716049382716049,0.0,0.5480042353625642,0.30030864197530865,2.0,0.0,0.0,0.0,0.0,0.0,0.0,0.0,0.0,0.0,0.0,0.0,0.0,0.0,0.0,0.0,5.0,0.5432098765432098,0.0,0.8951170693832371,0.8012345679012348,5.0,0.0,2.0,0.1111111111111111,0.0,0.3535533905932738,0.12500000000000003,2.0,0.0,4.0,0.24691358024691357,0.0,0.7164297627390083,0.5132716049382716,4.0,61.0,19.0,0.0,8.0,0.0,20.0,2.0,0.0
35,45,Sprint 26,-23,13,18,104,37,163,17,125,26,114,7,18,5,10,1,10,0.0,37.0,1.0,0.0,53.0,14.0,0.0,3.0,0.4857142857142857,0.0,0.6537042087569759,0.4273291925465839,3.0,0.0,1.0,0.2,0.0,0.4028881241482679,0.16231884057971013,1.0,0.0,1.0,0.9714285714285714,1.0,0.1678015193509294,0.028157349896480333,1.0,0.0,6.0,0.5714285714285714,0.0,1.136628992168733,1.2919254658385093,6.0,0.0,0.0,0.0,0.0,0.0,0.0,0.0,0.0,0.0,0.0,0.0,0.0,0.0,0.0,0.0,5.0,1.1714285714285715,1.0,1.035198343683975,1.0716356107660452,5.0,0.0,2.0,0.04285714285714286,0.0,0.26570738431341145,0.07060041407867493,2.0,0.0,4.0,0.3142857142857143,0.0,0.7716509149709921,0.5954451345755694,4.0,30.0,12.0,0.0,21.0,0.0,40.0,2.0,0.0
35,47,Sprint 27,120,21,67,336,2,3,17,100,14,90,17,81,21,68,1,15,0.0,67.0,4.0,0.0,77.0,27.0,0.0,9.0,0.954954954954955,0.0,1.631437667086568,2.661588861588864,9.0,0.0,1.0,0.22522522522522523,0.0,0.41962504225221836,0.17608517608517604,1.0,0.0,1.0,0.990990990990991,1.0,0.09491579957524993,0.009009009009009014,1.0,0.0,6.0,0.4594594594594595,0.0,0.9023583624318079,0.814250614250614,6.0,0.0,0.0,0.0,0.0,0.0,0.0,0.0,0.0,0.0,0.0,0.0,0.0,0.0,0.0,0.0,5.0,1.018018018018018,1.0,1.0701060438699266,1.145126945126945,5.0,0.0,1.0,0.08108108108108109,0.0,0.2741975112656481,0.07518427518427523,1.0,0.0,7.0,0.36036036036036034,0.0,0.9024491201250153,0.8144144144144144,7.0,58.0,22.0,0.0,22.0,0.0,53.0,3.0,0.0
35,49,Sprint 28,37,9,19,85,6,11,6,25,5,36,7,16,7,19,1,10,0.0,27.0,3.0,0.0,25.0,10.0,0.0,5.0,0.9743589743589743,1.0,1.3275854514509353,1.7624831309041837,5.0,0.0,1.0,0.15384615384615385,0.0,0.36551776819519566,0.13360323886639677,1.0,1.0,1.0,1.0,1.0,0.0,0.0,0.0,0.0,3.0,0.46153846153846156,0.0,0.7896086254446046,0.623481781376518,3.0,0.0,0.0,0.0,0.0,0.0,0.0,0.0,0.0,0.0,0.0,0.0,0.0,0.0,0.0,0.0,7.0,1.3076923076923077,1.0,1.5244299392481484,2.3238866396761138,7.0,0.0,1.0,0.07692307692307693,0.0,0.2699527623995085,0.07287449392712549,1.0,0.0,5.0,0.4358974358974359,0.0,1.1423630125147057,1.3049932523616736,5.0,17.0,6.0,0.0,6.0,0.0,22.0,1.0,0.0
35,50,Sprint 29,-6,8,19,70,3,13,0,0,12,39,5,24,5,20,1,8,0.0,20.0,0.0,0.0,26.0,4.0,0.0,5.0,1.1290322580645162,0.0,1.4546920747216798,2.116129032258065,5.0,0.0,1.0,0.2903225806451613,0.0,0.4614143753790638,0.21290322580645163,1.0,1.0,1.0,1.0,1.0,0.0,0.0,0.0,0.0,3.0,0.4838709677419355,0.0,0.8112117578838661,0.6580645161290323,3.0,0.0,0.0,0.0,0.0,0.0,0.0,0.0,0.0,0.0,0.0,0.0,0.0,0.0,0.0,0.0,11.0,1.935483870967742,1.0,2.1746338216041146,4.7290322580645165,11.0,0.0,1.0,0.12903225806451613,0.0,0.3407771005482388,0.11612903225806447,1.0,0.0,5.0,0.41935483870967744,0.0,1.0574873852167095,1.1182795698924735,5.0,18.0,6.0,0.0,5.0,0.0,13.0,1.0,0.0
35,51,Sprint 30,71,19,12,65,30,139,0,0,8,45,12,62,22,97,1,12,2.0,37.0,0.0,0.0,43.0,23.0,0.0,9.0,1.2835820895522387,0.0,1.8074422757810045,3.2668475802804164,9.0,0.0,1.0,0.14925373134328357,0.0,0.35902778415670306,0.12890094979647215,1.0,1.0,1.0,1.0,1.0,0.0,0.0,0.0,0.0,6.0,0.6865671641791045,0.0,1.090023008151393,1.1881501582994118,6.0,0.0,0.0,0.0,0.0,0.0,0.0,0.0,0.0,0.0,0.0,0.0,0.0,0.0,0.0,0.0,5.0,1.1940298507462686,1.0,1.131354859130083,1.2799638172772503,5.0,0.0,2.0,0.16417910447761194,0.0,0.41183311291115837,0.16960651289009493,2.0,0.0,3.0,0.34328358208955223,0.0,0.7082252425043234,0.5015829941203076,3.0,30.0,17.0,0.0,11.0,0.0,37.0,1.0,0.0
35,54,Sprint 31,100,17,26,105,2,6,2,7,1,4,8,34,17,66,1,12,0.0,48.0,4.0,3.0,38.0,19.0,0.0,13.0,1.476923076923077,0.0,2.7220608708505,7.409615384615383,13.0,0.0,1.0,0.03076923076923077,0.0,0.1740358053345964,0.030288461538461535,1.0,1.0,1.0,1.0,1.0,0.0,0.0,0.0,0.0,3.0,0.4307692307692308,0.0,0.7699275690209186,0.5927884615384614,3.0,0.0,0.0,0.0,0.0,0.0,0.0,0.0,0.0,0.0,0.0,0.0,0.0,0.0,0.0,0.0,7.0,0.9692307692307692,1.0,1.4892241139393565,2.2177884615384618,7.0,0.0,1.0,0.18461538461538463,0.0,0.3910046232266511,0.15288461538461537,1.0,0.0,2.0,0.24615384615384617,0.0,0.5598763599773957,0.3134615384615384,2.0,40.0,11.0,0.0,6.0,0.0,25.0,1.0,0.0
35,57,Sprint 32,38,8,40,110,8,19,3,16,3,-5,8,26,34,92,1,11,0.0,35.0,6.0,0.0,46.0,16.0,0.0,13.0,1.9275362318840579,1.0,2.562850208951137,6.568201193520887,13.0,0.0,2.0,0.14492753623188406,0.0,0.42961550247389746,0.1845694799658994,2.0,1.0,3.0,1.0289855072463767,1.0,0.24077170617153834,0.057971014492753596,2.0,0.0,5.0,0.2028985507246377,0.0,0.6769244928117589,0.458226768968457,5.0,0.0,0.0,0.0,0.0,0.0,0.0,0.0,0.0,0.0,0.0,0.0,0.0,0.0,0.0,0.0,11.0,1.4782608695652173,1.0,2.011793870655022,4.047314578005115,11.0,0.0,1.0,0.15942028985507245,0.0,0.3687494129924381,0.13597612958226765,1.0,0.0,7.0,0.4057971014492754,0.0,1.088966598360306,1.185848252344416,7.0,49.0,16.0,0.0,18.0,0.0,20.0,1.0,0.0
35,60,Sprint 33,0,20,13,89,2,5,6,30,1,8,7,63,1,2,1,10,0.0,7.0,0.0,0.0,10.0,5.0,0.0,7.0,1.9333333333333333,1.0,2.1865389045137933,4.78095238095238,7.0,0.0,1.0,0.26666666666666666,0.0,0.4577377082170635,0.20952380952380958,1.0,0.0,1.0,0.8666666666666667,1.0,0.35186577527449836,0.12380952380952377,1.0,0.0,1.0,0.13333333333333333,0.0,0.35186577527449836,0.12380952380952379,1.0,0.0,0.0,0.0,0.0,0.0,0.0,0.0,0.0,0.0,0.0,0.0,0.0,0.0,0.0,0.0,7.0,1.2,0.0,2.1447610589527217,4.6000000000000005,7.0,0.0,1.0,0.26666666666666666,0.0,0.4577377082170635,0.20952380952380958,1.0,0.0,2.0,0.26666666666666666,0.0,0.5936168397046635,0.3523809523809522,2.0,11.0,3.0,0.0,5.0,0.0,4.0,0.0,0.0
35,62,Sprint 34,-14,23,15,70,0,0,1,8,12,57,2,5,0,0,1,6,0.0,13.0,0.0,0.0,14.0,1.0,0.0,7.0,1.0,0.0,1.8126539343499315,3.2857142857142856,7.0,0.0,1.0,0.13333333333333333,0.0,0.35186577527449836,0.12380952380952377,1.0,0.0,2.0,0.9333333333333333,1.0,0.4577377082170634,0.20952380952380947,2.0,0.0,2.0,0.26666666666666666,0.0,0.5936168397046636,0.3523809523809523,2.0,0.0,0.0,0.0,0.0,0.0,0.0,0.0,0.0,0.0,0.0,0.0,0.0,0.0,0.0,0.0,7.0,1.2,0.0,2.242447642325552,5.028571428571428,7.0,0.0,0.0,0.0,0.0,0.0,0.0,0.0,0.0,4.0,0.6,0.0,1.1832159566199232,1.3999999999999997,4.0,8.0,0.0,0.0,2.0,0.0,7.0,0.0,0.0
35,64,Sprint 35,-5,8,11,27,1,5,0,0,1,6,8,21,3,5,1,6,0.0,12.0,0.0,0.0,9.0,7.0,0.0,8.0,1.0625,0.0,2.080664957811965,4.329166666666667,8.0,0.0,1.0,0.125,0.0,0.3415650255319866,0.11666666666666667,1.0,1.0,2.0,1.0625,1.0,0.25,0.0625,1.0,0.0,0.0,0.0,0.0,0.0,0.0,0.0,0.0,0.0,0.0,0.0,0.0,0.0,0.0,0.0,0.0,0.0,0.0,0.0,0.0,0.0,0.0,7.0,1.3125,1.0,1.9224550276491081,3.6958333333333333,7.0,0.0,1.0,0.125,0.0,0.3415650255319866,0.11666666666666667,1.0,0.0,5.0,0.75,0.0,1.390443574307614,1.9333333333333333,5.0,8.0,3.0,0.0,1.0,0.0,8.0,0.0,0.0
35,65,Sprint 36,-22,10,29,119,1,5,2,13,14,59,8,23,6,29,1,10,2.0,24.0,2.0,0.0,30.0,6.0,0.0,4.0,0.7368421052631579,0.0,1.0049663306533203,1.0099573257467989,4.0,0.0,1.0,0.15789473684210525,0.0,0.369537021476632,0.13655761024182075,1.0,0.0,2.0,0.9210526315789473,1.0,0.35879520224642053,0.1287339971550498,2.0,0.0,4.0,0.3684210526315789,0.0,0.8517407495298512,0.7254623044096729,4.0,0.0,0.0,0.0,0.0,0.0,0.0,0.0,0.0,0.0,0.0,0.0,0.0,0.0,0.0,0.0,5.0,0.6052631578947368,0.0,1.1517195999827181,1.3264580369843524,5.0,0.0,1.0,0.05263157894736842,0.0,0.22629428592141426,0.051209103840682786,1.0,0.0,4.0,0.5789473684210527,0.0,1.0560400009666,1.1152204836415367,4.0,26.0,7.0,0.0,5.0,0.0,12.0,0.0,0.0
35,66,Sprint 37,1,11,34,131,3,17,4,17,10,45,10,54,13,32,1,10,4.0,32.0,0.0,0.0,41.0,5.0,0.0,11.0,0.8913043478260869,0.0,1.8163242597138658,3.2990338164251223,11.0,0.0,1.0,0.043478260869565216,0.0,0.2061845709423622,0.04251207729468599,1.0,0.0,2.0,1.1521739130434783,1.0,0.4199148752014614,0.17632850241545892,2.0,0.0,9.0,0.45652173913043476,0.0,1.4561215110946146,2.120289855072464,9.0,0.0,0.0,0.0,0.0,0.0,0.0,0.0,0.0,0.0,0.0,0.0,0.0,0.0,0.0,0.0,9.0,1.4782608695652173,1.0,1.7222611807966952,2.966183574879227,9.0,0.0,1.0,0.043478260869565216,0.0,0.2061845709423622,0.04251207729468599,1.0,0.0,3.0,0.391304347826087,0.0,0.802170967356439,0.6434782608695652,3.0,27.0,6.0,0.0,4.0,0.0,19.0,0.0,0.0
35,67,Sprint 38,21,14,36,185,9,23,1,5,17,109,10,43,17,51,1,10,6.0,49.0,2.0,3.0,57.0,6.0,0.0,6.0,0.6176470588235294,0.0,1.3497308937390478,1.8217734855136087,6.0,0.0,2.0,0.2647058823529412,0.0,0.47685684384007776,0.2273924495171203,2.0,0.0,2.0,1.0441176470588236,1.0,0.2695393267023518,0.07265144863915715,2.0,0.0,9.0,0.5294117647058824,0.0,1.2633831415083812,1.5961369622475865,9.0,0.0,0.0,0.0,0.0,0.0,0.0,0.0,0.0,0.0,0.0,0.0,0.0,0.0,0.0,0.0,3.0,0.5588235294117647,0.0,0.6993035542099304,0.48902546093064103,3.0,0.0,0.0,0.0,0.0,0.0,0.0,0.0,0.0,5.0,0.7058823529411765,0.0,1.1468167953391655,1.3151887620719933,5.0,47.0,11.0,0.0,2.0,0.0,21.0,0.0,0.0
35,68,Sprint 39,-16,15,27,125,2,4,6,29,12,63,5,17,6,20,1,7,2.0,30.0,0.0,1.0,34.0,6.0,0.0,6.0,1.024390243902439,0.0,1.6353563048774535,2.6743902439024385,6.0,0.0,1.0,0.1951219512195122,0.0,0.4012176588288426,0.16097560975609754,1.0,0.0,2.0,1.0731707317073171,1.0,0.5652540978373808,0.3195121951219513,2.0,0.0,9.0,0.6097560975609756,0.0,1.5632985764160314,2.4439024390243906,9.0,0.0,0.0,0.0,0.0,0.0,0.0,0.0,0.0,0.0,0.0,0.0,0.0,0.0,0.0,0.0,9.0,1.4390243902439024,0.0,2.5695211663635393,6.602439024390243,9.0,0.0,0.0,0.0,0.0,0.0,0.0,0.0,0.0,4.0,0.5609756097560976,0.0,1.0499709635938719,1.102439024390244,4.0,25.0,8.0,0.0,1.0,0.0,16.0,0.0,0.0
35,70,Sprint 40,20,14,33,144,6,17,5,29,16,55,9,51,9,26,1,10,4.0,46.0,1.0,2.0,57.0,1.0,0.0,4.0,0.4426229508196721,0.0,0.8664985124806319,0.7508196721311478,4.0,0.0,1.0,0.18032786885245902,0.0,0.3876509048663705,0.15027322404371585,1.0,0.0,2.0,1.0,1.0,0.408248290463863,0.16666666666666666,2.0,0.0,4.0,0.4098360655737705,0.0,0.8241571286336095,0.6792349726775958,4.0,0.0,0.0,0.0,0.0,0.0,0.0,0.0,0.0,0.0,0.0,0.0,0.0,0.0,0.0,0.0,17.0,1.0491803278688525,1.0,2.2317872472392817,4.980874316939891,17.0,0.0,0.0,0.0,0.0,0.0,0.0,0.0,0.0,4.0,0.4918032786885246,0.0,0.8683883697146901,0.7540983606557373,4.0,44.0,11.0,0.0,0.0,0.0,17.0,0.0,0.0
35,72,Sprint 41,44,23,28,108,13,51,9,31,5,34,14,68,13,26,1,10,1.0,57.0,1.0,2.0,64.0,10.0,0.0,4.0,0.42857142857142855,0.0,0.9094326083734476,0.8270676691729326,4.0,0.0,1.0,0.2077922077922078,0.0,0.4083877909943187,0.16678058783321936,1.0,0.0,2.0,0.9090909090909091,1.0,0.36927447293799814,0.13636363636363633,2.0,0.0,4.0,0.35064935064935066,0.0,0.7568326270895068,0.5727956254272045,4.0,0.0,0.0,0.0,0.0,0.0,0.0,0.0,0.0,0.0,0.0,0.0,0.0,0.0,0.0,0.0,3.0,0.5844155844155844,0.0,0.7669256697437015,0.588174982911825,3.0,0.0,1.0,0.025974025974025976,0.0,0.16010078848765158,0.02563226247436775,1.0,0.0,4.0,0.45454545454545453,0.0,0.9806745066729721,0.9617224880382772,4.0,47.0,13.0,0.0,6.0,0.0,30.0,0.0,0.0
35,73,Sprint 42,10,7,21,64,4,19,2,8,13,44,7,26,3,5,1,8,7.0,31.0,3.0,2.0,38.0,6.0,0.0,10.0,0.5714285714285714,0.0,1.5942605391424158,2.5416666666666665,10.0,0.0,1.0,0.061224489795918366,0.0,0.24222607082590245,0.05867346938775511,1.0,0.0,2.0,0.9795918367346939,1.0,0.2491482087673375,0.062074829931972796,2.0,0.0,3.0,0.3877551020408163,0.0,0.7307623453915623,0.5340136054421769,3.0,0.0,0.0,0.0,0.0,0.0,0.0,0.0,0.0,0.0,0.0,0.0,0.0,0.0,0.0,0.0,9.0,0.7346938775510204,0.0,1.7768829238782358,3.1573129251700682,9.0,0.0,1.0,0.02040816326530612,0.0,0.14285714285714285,0.02040816326530612,1.0,0.0,4.0,0.2653061224489796,0.0,0.8606080748537056,0.7406462585034014,4.0,33.0,6.0,0.0,5.0,0.0,16.0,0.0,0.0
35,74,Sprint 43,4,9,12,63,0,0,4,9,8,54,0,0,0,0,1,4,0.0,19.0,0.0,0.0,22.0,1.0,0.0,1.0,0.043478260869565216,0.0,0.2085144140570748,0.04347826086956523,1.0,0.0,1.0,0.17391304347826086,0.0,0.3875533878815898,0.150197628458498,1.0,0.0,2.0,0.9565217391304348,1.0,0.638055345958271,0.4071146245059289,2.0,0.0,4.0,0.30434782608695654,0.0,1.0195713274212868,1.0395256916996045,4.0,0.0,0.0,0.0,0.0,0.0,0.0,0.0,0.0,0.0,0.0,0.0,0.0,0.0,0.0,0.0,2.0,0.13043478260869565,0.0,0.45769658728016016,0.20948616600790526,2.0,0.0,0.0,0.0,0.0,0.0,0.0,0.0,0.0,4.0,0.43478260869565216,0.0,0.9920633665850976,0.9841897233201577,4.0,20.0,3.0,0.0,1.0,0.0,3.0,0.0,0.0
35,77,Sprint 44,21,11,24,112,7,24,6,29,25,107,0,0,0,0,1,12,5.0,36.0,1.0,1.0,43.0,5.0,0.0,7.0,0.64,0.0,1.3364589215458857,1.786122448979592,7.0,0.0,1.0,0.28,0.0,0.4535573676110727,0.2057142857142857,1.0,0.0,3.0,1.14,1.0,0.5717856027482715,0.32693877551020417,3.0,0.0,4.0,0.4,0.0,0.9689042833036098,0.9387755102040817,4.0,0.0,0.0,0.0,0.0,0.0,0.0,0.0,0.0,0.0,0.0,0.0,0.0,0.0,0.0,0.0,6.0,0.52,0.0,1.2493263490900255,1.560816326530612,6.0,0.0,1.0,0.02,0.0,0.1414213562373095,0.019999999999999997,1.0,0.0,5.0,0.98,0.0,1.332329554133033,1.7751020408163263,5.0,34.0,7.0,0.0,2.0,0.0,16.0,0.0,0.0
35,78,Sprint 45,-9,11,20,114,6,18,7,33,5,31,8,46,6,22,1,12,5.0,24.0,4.0,1.0,34.0,1.0,0.0,4.0,0.725,0.0,1.1980218738639166,1.43525641025641,4.0,0.0,2.0,0.325,0.0,0.5723321610429581,0.3275641025641026,2.0,0.0,2.0,1.225,1.0,0.6196566460342041,0.383974358974359,2.0,0.0,2.0,0.525,0.0,0.6788942744621109,0.4608974358974359,2.0,0.0,0.0,0.0,0.0,0.0,0.0,0.0,0.0,0.0,0.0,0.0,0.0,0.0,0.0,0.0,5.0,0.425,0.0,1.1958796783657648,1.4301282051282052,5.0,0.0,0.0,0.0,0.0,0.0,0.0,0.0,0.0,8.0,0.975,0.0,1.7169964831288744,2.948076923076923,8.0,25.0,9.0,0.0,2.0,0.0,15.0,0.0,0.0
35,79,Sprint 46,-6,11,23,107,10,33,9,56,24,84,0,0,0,0,1,12,4.0,27.0,1.0,1.0,41.0,3.0,0.0,7.0,0.7391304347826086,0.0,1.3570357009746672,1.8415458937198066,7.0,0.0,1.0,0.2391304347826087,0.0,0.43126597148888446,0.18599033816425128,1.0,0.0,2.0,1.0217391304347827,1.0,0.6827763725256074,0.46618357487922707,2.0,0.0,4.0,0.41304347826086957,0.0,0.7767764430723149,0.6033816425120772,4.0,0.0,0.0,0.0,0.0,0.0,0.0,0.0,0.0,0.0,0.0,0.0,0.0,0.0,0.0,0.0,11.0,0.9565217391304348,0.0,1.8252125810939326,3.3314009661835757,11.0,0.0,1.0,0.043478260869565216,0.0,0.2061845709423622,0.04251207729468599,1.0,0.0,4.0,0.5434782608695652,0.0,1.0478872233452612,1.0980676328502414,4.0,32.0,11.0,0.0,4.0,0.0,14.0,0.0,0.0
35,80,Sprint 47,21,18,20,88,10,35,6,23,6,27,10,49,8,24,1,12,2.0,36.0,1.0,2.0,39.0,9.0,0.0,9.0,0.8235294117647058,0.0,1.946338946359972,3.7882352941176465,9.0,0.0,2.0,0.23529411764705882,0.0,0.4727889717037675,0.22352941176470587,2.0,0.0,2.0,0.9803921568627451,1.0,0.6477714435950808,0.41960784313725497,2.0,0.0,2.0,0.3137254901960784,0.0,0.6779438347955198,0.45960784313725506,2.0,0.0,0.0,0.0,0.0,0.0,0.0,0.0,0.0,0.0,0.0,0.0,0.0,0.0,0.0,0.0,3.0,0.35294117647058826,0.0,0.7436001455557875,0.5529411764705884,3.0,0.0,0.0,0.0,0.0,0.0,0.0,0.0,0.0,13.0,0.47058823529411764,0.0,1.8799249046328481,3.5341176470588227,13.0,37.0,11.0,0.0,2.0,0.0,14.0,0.0,0.0
35,82,Sprint 48,-38,11,29,136,17,47,16,65,2,20,17,70,11,28,1,12,1.0,41.0,3.0,2.0,44.0,7.0,0.0,12.0,1.0178571428571428,0.0,2.540515849039478,6.454220779220779,12.0,0.0,2.0,0.25,0.0,0.4767312946227962,0.22727272727272727,2.0,0.0,2.0,1.0,1.0,0.6324555320336759,0.4,2.0,0.0,4.0,0.48214285714285715,0.0,0.8310140886798585,0.6905844155844156,4.0,0.0,0.0,0.0,0.0,0.0,0.0,0.0,0.0,0.0,0.0,0.0,0.0,0.0,0.0,0.0,6.0,1.1964285714285714,1.0,1.3674082034290986,1.869805194805195,6.0,0.0,1.0,0.03571428571428571,0.0,0.1872563351797078,0.03506493506493507,1.0,0.0,6.0,0.4107142857142857,0.0,0.9867630408063016,0.9737012987012988,6.0,39.0,12.0,0.0,2.0,0.0,17.0,0.0,0.0
35,83,Sprint 49,59,11,31,119,11,28,5,22,0,0,8,34,29,92,1,13,1.0,43.0,4.0,0.0,53.0,11.0,0.0,7.0,0.5735294117647058,0.0,1.3306510186560543,1.770632133450395,7.0,0.0,2.0,0.2647058823529412,0.0,0.47685684384007776,0.22739244951712032,2.0,0.0,2.0,0.9558823529411765,1.0,0.40274518922654723,0.16220368744512734,2.0,0.0,4.0,0.4117647058823529,0.0,0.8849537321179365,0.7831431079894644,4.0,0.0,0.0,0.0,0.0,0.0,0.0,0.0,0.0,0.0,0.0,0.0,0.0,0.0,0.0,0.0,9.0,1.0441176470588236,1.0,1.587580751542739,2.5204126426690077,9.0,0.0,1.0,0.014705882352941176,0.0,0.12126781251816653,0.014705882352941185,1.0,0.0,6.0,0.39705882352941174,0.0,0.9000780377834403,0.8101404741000882,6.0,42.0,19.0,0.0,5.0,0.0,26.0,0.0,0.0
35,85,Sprint 50,16,13,22,94,10,20,4,16,28,98,0,0,0,0,1,13,0.0,46.0,4.0,1.0,54.0,8.0,0.0,5.0,0.417910447761194,0.0,1.0891928305685443,1.1863410221619177,5.0,0.0,2.0,0.19402985074626866,0.0,0.434804239133152,0.18905472636815926,2.0,0.0,2.0,0.9850746268656716,1.0,0.4764940558449187,0.2270465852555405,2.0,0.0,2.0,0.11940298507462686,0.0,0.3701919264586908,0.13704206241519676,2.0,0.0,0.0,0.0,0.0,0.0,0.0,0.0,0.0,0.0,0.0,0.0,0.0,0.0,0.0,0.0,5.0,0.8656716417910447,0.0,1.2296282067807731,1.5119855269109,5.0,0.0,1.0,0.029850746268656716,0.0,0.17145979772029107,0.029398462234283135,1.0,0.0,4.0,0.208955223880597,0.0,0.616375363616857,0.37991858887381263,4.0,50.0,20.0,0.0,1.0,0.0,17.0,0.0,0.0
35,86,Sprint 51,-29,13,27,95,5,10,3,6,7,39,6,32,16,28,1,13,0.0,31.0,2.0,0.0,30.0,4.0,0.0,4.0,0.4722222222222222,0.0,0.9705995528865093,0.9420634920634918,4.0,0.0,1.0,0.1111111111111111,0.0,0.3187276291558383,0.1015873015873016,1.0,0.0,2.0,0.9166666666666666,1.0,0.5542047068934521,0.30714285714285716,2.0,0.0,2.0,0.2222222222222222,0.0,0.48468611999997996,0.23492063492063495,2.0,0.0,0.0,0.0,0.0,0.0,0.0,0.0,0.0,0.0,0.0,0.0,0.0,0.0,0.0,0.0,4.0,0.9722222222222222,1.0,1.133543397899099,1.2849206349206348,4.0,0.0,1.0,0.05555555555555555,0.0,0.2323106841457232,0.05396825396825397,1.0,0.0,3.0,0.25,0.0,0.6035608621222174,0.36428571428571427,3.0,27.0,5.0,0.0,0.0,0.0,9.0,0.0,0.0
35,87,Sprint 52,-2,14,14,84,1,1,3,18,3,15,7,50,2,2,1,9,0.0,19.0,1.0,2.0,19.0,4.0,0.0,1.0,0.11538461538461539,0.0,0.32581259360842113,0.10615384615384617,1.0,0.0,1.0,0.23076923076923078,0.0,0.4296689244236597,0.1846153846153846,1.0,0.0,2.0,0.9615384615384616,1.0,0.7200427337745576,0.5184615384615384,2.0,0.0,6.0,0.38461538461538464,0.0,1.2353759938390603,1.5261538461538458,6.0,0.0,0.0,0.0,0.0,0.0,0.0,0.0,0.0,0.0,0.0,0.0,0.0,0.0,0.0,0.0,3.0,0.38461538461538464,0.0,0.7524319545007682,0.5661538461538461,3.0,0.0,0.0,0.0,0.0,0.0,0.0,0.0,0.0,2.0,0.2692307692307692,0.0,0.533493565673837,0.28461538461538466,2.0,17.0,6.0,0.0,1.0,0.0,9.0,0.0,0.0
35,88,Sprint 53,15,12,20,88,6,12,3,13,5,0,18,87,0,0,1,14,2.0,32.0,2.0,0.0,37.0,3.0,0.0,8.0,0.7380952380952381,0.0,1.6973368495830108,2.8809523809523805,8.0,0.0,1.0,0.14285714285714285,0.0,0.3541688016605732,0.12543554006968644,1.0,0.0,2.0,0.8571428571428571,0.5,0.9258200997725515,0.8571428571428572,2.0,0.0,2.0,0.19047619047619047,0.0,0.5516315153139573,0.3042973286875727,2.0,0.0,0.0,0.0,0.0,0.0,0.0,0.0,0.0,0.0,0.0,0.0,0.0,0.0,0.0,0.0,9.0,1.2619047619047619,0.0,1.9761939745011925,3.9053426248548195,9.0,0.0,0.0,0.0,0.0,0.0,0.0,0.0,0.0,10.0,0.9523809523809523,0.0,1.9248361470003288,3.7049941927990715,10.0,29.0,5.0,0.0,1.0,0.0,13.0,0.0,2.0
35,90,Sprint 54,29,13,16,62,1,8,6,25,3,15,3,18,5,12,1,10,0.0,30.0,0.0,0.0,32.0,5.0,0.0,4.0,0.35135135135135137,0.0,0.8238195668219337,0.6786786786786785,4.0,0.0,1.0,0.16216216216216217,0.0,0.3736838766118223,0.13963963963963963,1.0,0.0,2.0,0.8648648648648649,1.0,0.630791485276948,0.397897897897898,2.0,0.0,2.0,0.16216216216216217,0.0,0.5007501879687623,0.2507507507507507,2.0,0.0,0.0,0.0,0.0,0.0,0.0,0.0,0.0,0.0,0.0,0.0,0.0,0.0,0.0,0.0,4.0,0.43243243243243246,0.0,1.0419143849595254,1.0855855855855858,4.0,0.0,0.0,0.0,0.0,0.0,0.0,0.0,0.0,3.0,0.3783783783783784,0.0,0.7583370458279584,0.5750750750750749,3.0,27.0,6.0,0.0,0.0,0.0,10.0,0.0,1.0
37,23,The Road to Codd M1,0,18,0,0,0,0,0,0,0,0,0,0,0,0,1,1,0.0,0.0,0.0,0.0,0.0,1.0,0.0,0.0,0.0,0.0,0.0,0.0,0.0,0.0,0.0,0.0,0.0,0.0,0.0,0.0,2.0,2.0,2.0,2.0,0.0,0.0,0.0,1.0,1.0,1.0,1.0,0.0,0.0,0.0,0.0,0.0,0.0,0.0,0.0,0.0,0.0,0.0,0.0,0.0,0.0,0.0,0.0,0.0,0.0,0.0,0.0,0.0,0.0,0.0,0.0,0.0,0.0,0.0,0.0,0.0,0.0,0.0,0.0,0.0,0.0,0.0,0.0,0.0,0.0,1.0,0.0,0.0,0.0,1.0,0.0,0.0,0.0
37,27,Codd M1,-4,49,1,4,0,0,0,0,1,4,0,0,0,0,1,1,0.0,0.0,0.0,0.0,0.0,1.0,1.0,1.0,1.0,1.0,0.0,0.0,0.0,0.0,0.0,0.0,0.0,0.0,0.0,0.0,2.0,2.0,2.0,2.0,0.0,0.0,0.0,1.0,1.0,1.0,1.0,0.0,0.0,0.0,0.0,0.0,0.0,0.0,0.0,0.0,0.0,0.0,0.0,0.0,0.0,0.0,0.0,0.0,0.0,0.0,0.0,0.0,0.0,0.0,0.0,0.0,0.0,0.0,0.0,0.0,0.0,0.0,0.0,0.0,0.0,0.0,0.0,0.0,0.0,1.0,0.0,0.0,0.0,1.0,0.0,0.0,0.0
37,30,42 - 2014 Kickoff,12,14,6,24,5,20,0,0,0,0,1,4,10,40,1,2,0.0,0.0,1.0,0.0,14.0,2.0,0.0,6.0,0.7058823529411765,0.0,1.611082938676379,2.5955882352941173,6.0,0.0,2.0,0.17647058823529413,0.0,0.5285941398709244,0.27941176470588236,2.0,0.0,2.0,1.5294117647058822,2.0,0.6242642728467979,0.38970588235294124,2.0,0.0,2.0,0.4117647058823529,0.0,0.6183469424008423,0.3823529411764706,2.0,0.0,0.0,0.0,0.0,0.0,0.0,0.0,0.0,0.0,0.0,0.0,0.0,0.0,0.0,0.0,2.0,0.7647058823529411,0.0,0.9034248560828041,0.8161764705882353,2.0,0.0,0.0,0.0,0.0,0.0,0.0,0.0,0.0,3.0,0.47058823529411764,0.0,0.8744746321952062,0.7647058823529411,3.0,12.0,5.0,2.0,5.0,5.0,5.0,0.0,0.0
37,34,43 - Babbage SR3,12,15,5,20,1,4,1,4,1,4,2,8,2,8,1,2,0.0,0.0,0.0,0.0,7.0,2.0,0.0,4.0,1.1111111111111112,1.0,1.3642254619787417,1.8611111111111112,4.0,0.0,1.0,0.3333333333333333,0.0,0.5,0.25,1.0,0.0,1.0,0.8888888888888888,1.0,0.33333333333333337,0.11111111111111112,1.0,0.0,1.0,0.2222222222222222,0.0,0.44095855184409843,0.19444444444444445,1.0,0.0,0.0,0.0,0.0,0.0,0.0,0.0,0.0,0.0,0.0,0.0,0.0,0.0,0.0,0.0,12.0,1.4444444444444444,0.0,3.9721250959376615,15.777777777777777,12.0,0.0,1.0,0.1111111111111111,0.0,0.3333333333333333,0.1111111111111111,1.0,0.0,3.0,0.3333333333333333,0.0,0.9999999999999999,0.9999999999999999,3.0,8.0,1.0,2.0,0.0,6.0,1.0,0.0,0.0
37,37,44 - Codd GA,-4,21,0,0,6,24,0,0,2,8,1,4,3,12,1,3,0.0,0.0,0.0,0.0,12.0,1.0,0.0,1.0,0.3076923076923077,0.0,0.48038446141526137,0.23076923076923075,1.0,0.0,1.0,0.15384615384615385,0.0,0.3755338080994054,0.14102564102564102,1.0,0.0,1.0,0.9230769230769231,1.0,0.2773500981126146,0.07692307692307693,1.0,0.0,1.0,0.15384615384615385,0.0,0.3755338080994054,0.14102564102564105,1.0,0.0,0.0,0.0,0.0,0.0,0.0,0.0,0.0,0.0,0.0,0.0,0.0,0.0,0.0,0.0,13.0,1.7692307692307692,0.0,3.6777222605358637,13.525641025641022,13.0,0.0,0.0,0.0,0.0,0.0,0.0,0.0,0.0,2.0,0.15384615384615385,0.0,0.5547001962252291,0.30769230769230776,2.0,13.0,1.0,6.0,1.0,5.0,0.0,0.0,0.0
37,40,45 - Dijkstra M1,28,10,0,0,8,32,0,0,1,4,3,12,4,16,1,2,0.0,0.0,0.0,0.0,13.0,3.0,0.0,1.0,0.25,0.0,0.4472135954999579,0.2,1.0,0.0,1.0,0.1875,0.0,0.4031128874149275,0.1625,1.0,1.0,2.0,1.1875,1.0,0.4031128874149275,0.1625,1.0,0.0,1.0,0.125,0.0,0.3415650255319866,0.11666666666666667,1.0,0.0,0.0,0.0,0.0,0.0,0.0,0.0,0.0,0.0,0.0,0.0,0.0,0.0,0.0,0.0,13.0,1.3125,0.0,3.4586847211042526,11.9625,13.0,0.0,0.0,0.0,0.0,0.0,0.0,0.0,0.0,1.0,0.0625,0.0,0.25,0.0625,1.0,15.0,3.0,7.0,3.0,3.0,1.0,0.0,0.0
37,42,46 - Codd SR2,-8,16,2,8,1,4,0,0,3,12,0,0,0,0,1,2,0.0,0.0,0.0,0.0,1.0,2.0,0.0,0.0,0.0,0.0,0.0,0.0,0.0,1.0,2.0,1.3333333333333333,1.0,0.5773502691896257,0.3333333333333333,1.0,1.0,1.0,1.0,1.0,0.0,0.0,0.0,0.0,1.0,0.3333333333333333,0.0,0.5773502691896258,0.33333333333333337,1.0,0.0,0.0,0.0,0.0,0.0,0.0,0.0,0.0,0.0,0.0,0.0,0.0,0.0,0.0,0.0,13.0,4.333333333333333,0.0,7.505553499465136,56.33333333333334,13.0,0.0,0.0,0.0,0.0,0.0,0.0,0.0,0.0,3.0,1.0,0.0,1.7320508075688772,3.0,3.0,2.0,1.0,1.0,1.0,0.0,1.0,0.0,0.0
37,44,47 - Dijkstra RC1,12,11,0,0,2,8,0,0,1,4,1,4,0,0,1,2,0.0,0.0,0.0,1.0,3.0,1.0,0.0,1.0,0.16666666666666666,0.0,0.408248290463863,0.16666666666666669,1.0,0.0,2.0,0.8333333333333334,1.0,0.752772652709081,0.5666666666666667,2.0,1.0,1.0,1.0,1.0,0.0,0.0,0.0,0.0,1.0,0.3333333333333333,0.0,0.5163977794943223,0.2666666666666667,1.0,0.0,0.0,0.0,0.0,0.0,0.0,0.0,0.0,0.0,0.0,0.0,0.0,0.0,0.0,0.0,13.0,2.1666666666666665,0.0,5.307227776030219,28.166666666666668,13.0,0.0,0.0,0.0,0.0,0.0,0.0,0.0,0.0,1.0,0.16666666666666666,0.0,0.408248290463863,0.16666666666666669,1.0,5.0,3.0,1.0,0.0,2.0,1.0,1.0,0.0
37,48,48 - Dijkstra GA,52,14,1,4,1,4,0,0,2,8,0,0,0,0,1,1,0.0,0.0,0.0,0.0,16.0,2.0,0.0,1.0,0.05263157894736842,0.0,0.22941573387056177,0.05263157894736842,1.0,0.0,1.0,0.42105263157894735,0.0,0.5072572735017881,0.2573099415204678,1.0,0.0,2.0,0.9473684210526315,1.0,0.40465131911125607,0.16374269005847958,2.0,0.0,3.0,0.631578947368421,0.0,1.1160708020048367,1.2456140350877192,3.0,0.0,0.0,0.0,0.0,0.0,0.0,0.0,0.0,0.0,0.0,0.0,0.0,0.0,0.0,0.0,1.0,0.05263157894736842,0.0,0.22941573387056177,0.05263157894736842,1.0,0.0,0.0,0.0,0.0,0.0,0.0,0.0,0.0,0.0,0.0,0.0,0.0,0.0,0.0,13.0,4.0,3.0,3.0,9.0,6.0,1.0,0.0
37,52,49 - Dijkstra SR1,-4,8,4,16,0,0,0,0,4,16,0,0,0,0,1,1,0.0,0.0,0.0,0.0,4.0,0.0,0.0,5.0,1.0,0.0,2.23606797749979,5.0,5.0,0.0,1.0,0.8,1.0,0.44721359549995804,0.20000000000000007,1.0,0.0,2.0,0.8,1.0,0.8366600265340756,0.7000000000000001,2.0,0.0,0.0,0.0,0.0,0.0,0.0,0.0,0.0,0.0,0.0,0.0,0.0,0.0,0.0,0.0,0.0,0.0,0.0,0.0,0.0,0.0,0.0,0.0,0.0,0.0,0.0,0.0,0.0,0.0,0.0,0.0,0.0,0.0,0.0,0.0,0.0,2.0,0.6,0.0,0.8944271909999159,0.7999999999999999,2.0,3.0,2.0,0.0,1.0,2.0,2.0,1.0,0.0
37,53,50 - Evans M1,4,17,2,8,0,0,0,0,2,8,0,0,0,0,1,1,0.0,0.0,0.0,0.0,6.0,0.0,0.0,0.0,0.0,0.0,0.0,0.0,0.0,0.0,1.0,0.16666666666666666,0.0,0.408248290463863,0.16666666666666669,1.0,0.0,2.0,0.8333333333333334,1.0,0.752772652709081,0.5666666666666667,2.0,0.0,0.0,0.0,0.0,0.0,0.0,0.0,0.0,0.0,0.0,0.0,0.0,0.0,0.0,0.0,0.0,0.0,0.0,0.0,0.0,0.0,0.0,0.0,0.0,0.0,0.0,0.0,0.0,0.0,0.0,0.0,0.0,0.0,0.0,0.0,0.0,1.0,0.16666666666666666,0.0,0.408248290463863,0.16666666666666669,1.0,6.0,0.0,1.0,1.0,4.0,0.0,0.0,0.0
37,55,51 - Dijkstra SR2,-12,10,7,28,1,4,0,0,3,12,5,20,0,0,1,2,0.0,0.0,0.0,0.0,11.0,2.0,0.0,1.0,0.23076923076923078,0.0,0.4385290096535146,0.19230769230769232,1.0,0.0,2.0,0.7692307692307693,1.0,0.8320502943378437,0.6923076923076924,2.0,0.0,3.0,1.0769230769230769,1.0,1.0377490433255416,1.0769230769230769,3.0,0.0,3.0,0.6923076923076923,0.0,1.031553471276484,1.0641025641025639,3.0,0.0,0.0,0.0,0.0,0.0,0.0,0.0,0.0,0.0,0.0,0.0,0.0,0.0,0.0,0.0,0.0,0.0,0.0,0.0,0.0,0.0,0.0,1.0,0.07692307692307693,0.0,0.2773500981126146,0.07692307692307694,1.0,0.0,1.0,0.38461538461538464,0.0,0.5063696835418333,0.25641025641025644,1.0,7.0,4.0,3.0,4.0,2.0,6.0,0.0,0.0
37,56,52 - Evans RC1,-12,11,8,32,1,4,0,0,8,32,0,0,1,4,1,2,0.0,0.0,1.0,0.0,11.0,2.0,0.0,9.0,0.7142857142857143,0.0,2.3996336716761077,5.758241758241757,9.0,0.0,2.0,0.5,0.0,0.6504436355879909,0.4230769230769231,2.0,0.0,3.0,0.9285714285714286,1.0,0.9168747682531899,0.8406593406593408,3.0,0.0,1.0,0.21428571428571427,0.0,0.42581531362632014,0.18131868131868137,1.0,0.0,0.0,0.0,0.0,0.0,0.0,0.0,0.0,0.0,0.0,0.0,0.0,0.0,0.0,0.0,2.0,0.14285714285714285,0.0,0.5345224838248487,0.28571428571428564,2.0,0.0,1.0,0.07142857142857142,0.0,0.26726124191242434,0.07142857142857141,1.0,0.0,2.0,0.2857142857142857,0.0,0.6112498455021267,0.37362637362637374,2.0,10.0,3.0,4.0,4.0,3.0,4.0,0.0,0.0
37,61,52 - Evans GA,20,16,0,0,1,4,0,0,1,4,0,0,0,0,1,4,0.0,0.0,0.0,0.0,6.0,3.0,0.0,2.0,0.3333333333333333,0.0,0.7071067811865476,0.5,2.0,0.0,2.0,0.6666666666666666,0.0,1.0,1.0,2.0,0.0,2.0,1.0,1.0,0.5,0.25,2.0,0.0,0.0,0.0,0.0,0.0,0.0,0.0,0.0,0.0,0.0,0.0,0.0,0.0,0.0,0.0,0.0,0.0,0.0,0.0,0.0,0.0,0.0,4.0,0.4444444444444444,0.0,1.3333333333333333,1.7777777777777777,4.0,0.0,0.0,0.0,0.0,0.0,0.0,0.0,0.0,0.0,0.0,0.0,0.0,0.0,0.0,5.0,1.0,1.0,3.0,4.0,4.0,0.0,0.0
37,63,53 - Evans SR1,20,25,0,0,3,12,0,0,3,12,0,0,0,0,1,2,0.0,0.0,0.0,0.0,12.0,0.0,0.0,3.0,0.5,0.0,0.9045340337332909,0.8181818181818182,3.0,0.0,2.0,0.75,0.5,0.8660254037844386,0.75,2.0,0.0,3.0,1.0833333333333333,1.0,0.7929614610987591,0.6287878787878789,3.0,0.0,2.0,0.3333333333333333,0.0,0.6513389472789296,0.4242424242424242,2.0,0.0,0.0,0.0,0.0,0.0,0.0,0.0,0.0,0.0,0.0,0.0,0.0,0.0,0.0,0.0,4.0,0.3333333333333333,0.0,1.1547005383792515,1.333333333333333,4.0,0.0,0.0,0.0,0.0,0.0,0.0,0.0,0.0,1.0,0.08333333333333333,0.0,0.28867513459481287,0.08333333333333331,1.0,6.0,2.0,2.0,5.0,3.0,6.0,0.0,0.0
37,69,54 - Fowler M1,8,11,4,16,2,8,0,0,4,16,2,8,0,0,1,1,0.0,0.0,0.0,0.0,13.0,1.0,0.0,4.0,0.7857142857142857,0.0,1.3114039117603014,1.7197802197802206,4.0,0.0,2.0,0.5714285714285714,0.0,0.7559289460184545,0.5714285714285715,2.0,0.0,3.0,1.1428571428571428,1.0,0.8644378215075665,0.7472527472527474,3.0,0.0,1.0,0.14285714285714285,0.0,0.3631365196012815,0.1318681318681319,1.0,0.0,0.0,0.0,0.0,0.0,0.0,0.0,0.0,0.0,0.0,0.0,0.0,0.0,0.0,0.0,0.0,0.0,0.0,0.0,0.0,0.0,0.0,0.0,0.0,0.0,0.0,0.0,0.0,0.0,1.0,0.14285714285714285,0.0,0.3631365196012815,0.1318681318681319,1.0,7.0,3.0,2.0,4.0,5.0,7.0,0.0,0.0
37,71,55 - Evans SR2,-4,14,6,24,0,0,0,0,5,20,0,0,1,4,1,1,0.0,0.0,1.0,0.0,8.0,2.0,0.0,4.0,0.6363636363636364,0.0,1.2862913567871996,1.6545454545454548,4.0,0.0,2.0,0.6363636363636364,0.0,0.8090398349558906,0.6545454545454547,2.0,0.0,3.0,1.2727272727272727,1.0,0.904534033733291,0.8181818181818183,3.0,0.0,1.0,0.18181818181818182,0.0,0.4045199174779452,0.16363636363636358,1.0,0.0,0.0,0.0,0.0,0.0,0.0,0.0,0.0,0.0,0.0,0.0,0.0,0.0,0.0,0.0,2.0,0.18181818181818182,0.0,0.6030226891555271,0.36363636363636354,2.0,0.0,0.0,0.0,0.0,0.0,0.0,0.0,0.0,1.0,0.09090909090909091,0.0,0.3015113445777636,0.09090909090909088,1.0,5.0,2.0,0.0,5.0,4.0,6.0,0.0,0.0
37,76,56 - Fowler RC1,-4,15,6,24,1,4,0,0,5,20,2,8,0,0,1,2,0.0,0.0,2.0,0.0,11.0,0.0,0.0,4.0,0.7692307692307693,0.0,1.2351684199496948,1.5256410256410258,4.0,0.0,3.0,0.8461538461538461,1.0,0.9870962335856491,0.9743589743589743,3.0,0.0,3.0,1.0,1.0,0.9128709291752769,0.8333333333333334,3.0,0.0,1.0,0.15384615384615385,0.0,0.37553380809940534,0.141025641025641,1.0,0.0,0.0,0.0,0.0,0.0,0.0,0.0,0.0,0.0,0.0,0.0,0.0,0.0,0.0,0.0,3.0,0.23076923076923078,0.0,0.8320502943378437,0.6923076923076924,3.0,0.0,0.0,0.0,0.0,0.0,0.0,0.0,0.0,2.0,0.3076923076923077,0.0,0.6304251719561151,0.3974358974358973,2.0,5.0,3.0,2.0,6.0,2.0,8.0,0.0,0.0
37,81,56 - Fowler GA,0,14,7,28,0,0,0,0,4,16,2,8,1,4,1,2,0.0,0.0,0.0,0.0,14.0,1.0,0.0,5.0,1.0,1.0,1.3627702877384937,1.8571428571428572,5.0,0.0,2.0,0.8,1.0,0.7745966692414835,0.6000000000000002,2.0,0.0,3.0,0.8,1.0,0.8618916073713346,0.7428571428571428,3.0,0.0,1.0,0.2,0.0,0.41403933560541256,0.17142857142857146,1.0,0.0,0.0,0.0,0.0,0.0,0.0,0.0,0.0,0.0,0.0,0.0,0.0,0.0,0.0,0.0,1.0,0.06666666666666667,0.0,0.25819888974716115,0.06666666666666668,1.0,0.0,0.0,0.0,0.0,0.0,0.0,0.0,0.0,1.0,0.2,0.0,0.4140393356054126,0.17142857142857149,1.0,7.0,2.0,2.0,5.0,6.0,8.0,0.0,0.0
37,84,57 - Fowler Aftermath,-16,17,10,40,0,0,0,0,10,40,0,0,0,0,1,2,0.0,0.0,0.0,0.0,11.0,3.0,0.0,8.0,1.5714285714285714,0.5,2.376626106132736,5.64835164835165,8.0,0.0,2.0,0.6428571428571429,0.0,0.8418973861410954,0.7087912087912088,2.0,0.0,3.0,0.6428571428571429,0.5,0.8418973861410954,0.7087912087912087,3.0,0.0,2.0,0.2857142857142857,0.0,0.6112498455021267,0.37362637362637374,2.0,0.0,0.0,0.0,0.0,0.0,0.0,0.0,0.0,0.0,0.0,0.0,0.0,0.0,0.0,0.0,1.0,0.07142857142857142,0.0,0.26726124191242434,0.07142857142857141,1.0,0.0,1.0,0.07142857142857142,0.0,0.26726124191242434,0.07142857142857141,1.0,0.0,1.0,0.14285714285714285,0.0,0.3631365196012815,0.1318681318681319,1.0,7.0,4.0,3.0,4.0,3.0,7.0,0.0,0.0
37,89,58 - Gosling M1,-20,14,8,32,0,0,0,0,7,28,0,0,1,4,1,2,0.0,0.0,0.0,0.0,13.0,1.0,0.0,6.0,1.7857142857142858,0.5,2.3263894583856572,5.412087912087912,6.0,0.0,2.0,0.5,0.0,0.7595545253127499,0.5769230769230769,2.0,0.0,3.0,0.6428571428571429,0.0,0.9287827316640651,0.8626373626373627,3.0,0.0,1.0,0.14285714285714285,0.0,0.3631365196012815,0.1318681318681319,1.0,0.0,0.0,0.0,0.0,0.0,0.0,0.0,0.0,0.0,0.0,0.0,0.0,0.0,0.0,0.0,1.0,0.07142857142857142,0.0,0.26726124191242434,0.07142857142857141,1.0,0.0,0.0,0.0,0.0,0.0,0.0,0.0,0.0,1.0,0.14285714285714285,0.0,0.3631365196012815,0.1318681318681319,1.0,7.0,2.0,2.0,6.0,4.0,7.0,0.0,0.0
37,91,59 - Evans / Fowler SR,-28,14,11,44,1,4,0,0,10,40,2,8,0,0,1,3,0.0,0.0,1.0,0.0,14.0,2.0,0.0,7.0,1.5294117647058822,0.0,2.452489731345055,6.014705882352941,7.0,0.0,2.0,0.5294117647058824,0.0,0.7174300539794394,0.5147058823529412,2.0,0.0,2.0,0.4117647058823529,0.0,0.6183469424008423,0.3823529411764706,2.0,0.0,1.0,0.17647058823529413,0.0,0.3929526239966879,0.15441176470588236,1.0,0.0,0.0,0.0,0.0,0.0,0.0,0.0,0.0,0.0,0.0,0.0,0.0,0.0,0.0,0.0,0.0,0.0,0.0,0.0,0.0,0.0,0.0,0.0,0.0,0.0,0.0,0.0,0.0,0.0,3.0,0.29411764705882354,0.0,0.7717436331412898,0.5955882352941178,3.0,9.0,4.0,2.0,6.0,5.0,8.0,0.0,0.0
37,93,Gosling RC1,-20,14,12,48,1,4,0,0,12,48,0,0,1,4,1,3,0.0,0.0,1.0,0.0,18.0,2.0,0.0,7.0,1.2380952380952381,0.0,2.4063408300729536,5.790476190476192,7.0,0.0,2.0,0.42857142857142855,0.0,0.6761234037828133,0.4571428571428573,2.0,0.0,2.0,0.47619047619047616,0.0,0.6796357567879737,0.46190476190476176,2.0,0.0,1.0,0.14285714285714285,0.0,0.35856858280031806,0.12857142857142856,1.0,0.0,0.0,0.0,0.0,0.0,0.0,0.0,0.0,0.0,0.0,0.0,0.0,0.0,0.0,0.0,1.0,0.047619047619047616,0.0,0.21821789023599242,0.04761904761904763,1.0,0.0,0.0,0.0,0.0,0.0,0.0,0.0,0.0,1.0,0.09523809523809523,0.0,0.30079260375911915,0.09047619047619046,1.0,14.0,5.0,3.0,8.0,5.0,7.0,0.0,0.0
43,1,Sprint 1,6,14,0,0,11,24,4,12,6,11,1,1,0,0,1,1,6.0,16.0,2.0,0.0,13.0,8.0,0.0,1.0,0.043478260869565216,0.0,0.2085144140570748,0.04347826086956523,1.0,0.0,0.0,0.0,0.0,0.0,0.0,0.0,1.0,1.0,1.0,1.0,0.0,0.0,0.0,0.0,1.0,0.08695652173913043,0.0,0.2881040655200304,0.08300395256916997,1.0,0.0,0.0,0.0,0.0,0.0,0.0,0.0,0.0,0.0,0.0,0.0,0.0,0.0,0.0,0.0,1.0,0.2608695652173913,0.0,0.4489777585448796,0.2015810276679842,1.0,0.0,0.0,0.0,0.0,0.0,0.0,0.0,0.0,3.0,0.30434782608695654,0.0,0.7029019463944166,0.4940711462450594,3.0,23.0,1.0,0.0,0.0,0.0,0.0,0.0,0.0
43,3,Sprint 2,0,4,10,31,8,14,8,33,10,12,0,0,0,0,1,4,0.0,18.0,0.0,0.0,12.0,6.0,0.0,2.0,0.5555555555555556,0.5,0.6156987634551994,0.3790849673202615,2.0,0.0,0.0,0.0,0.0,0.0,0.0,0.0,1.0,1.0,1.0,1.0,0.0,0.0,0.0,0.0,3.0,0.3333333333333333,0.0,0.7669649888473704,0.588235294117647,3.0,0.0,0.0,0.0,0.0,0.0,0.0,0.0,0.0,0.0,0.0,0.0,0.0,0.0,0.0,0.0,3.0,1.0555555555555556,1.0,0.5393048054696105,0.29084967320261434,3.0,0.0,1.0,0.1111111111111111,0.0,0.3233808333817773,0.10457516339869281,1.0,0.0,3.0,0.5,0.0,0.985184366143778,0.9705882352941176,3.0,17.0,0.0,0.0,0.0,0.0,1.0,0.0,0.0
43,4,Sprint 3,0,5,17,86,2,4,4,18,3,15,7,40,5,17,1,8,0.0,19.0,0.0,0.0,15.0,4.0,0.0,4.0,0.3157894736842105,0.0,1.002919714242558,1.0058479532163744,4.0,0.0,0.0,0.0,0.0,0.0,0.0,0.0,1.0,1.0,1.0,1.0,0.0,0.0,0.0,0.0,3.0,0.3684210526315789,0.0,0.8306975860878395,0.6900584795321636,3.0,0.0,0.0,0.0,0.0,0.0,0.0,0.0,0.0,0.0,0.0,0.0,0.0,0.0,0.0,0.0,3.0,1.0526315789473684,1.0,0.5242650104380328,0.27485380116959063,3.0,0.0,1.0,0.05263157894736842,0.0,0.22941573387056177,0.05263157894736842,1.0,0.0,4.0,0.631578947368421,0.0,1.2115429242540032,1.4678362573099413,4.0,15.0,0.0,0.0,0.0,0.0,4.0,0.0,0.0
43,5,Sprint 4,14,4,21,55,4,6,7,17,10,26,3,7,5,11,1,5,2.0,37.0,0.0,0.0,40.0,0.0,0.0,3.0,0.35,0.0,0.8022404524765274,0.6435897435897434,3.0,0.0,0.0,0.0,0.0,0.0,0.0,0.0,1.0,1.0,1.0,1.0,0.0,0.0,0.0,0.0,3.0,0.15,0.0,0.533493565673837,0.28461538461538466,3.0,0.0,0.0,0.0,0.0,0.0,0.0,0.0,0.0,0.0,0.0,0.0,0.0,0.0,0.0,0.0,1.0,0.075,0.0,0.2667467828369185,0.07115384615384615,1.0,0.0,0.0,0.0,0.0,0.0,0.0,0.0,0.0,2.0,0.125,0.0,0.40430377003131995,0.16346153846153846,2.0,36.0,0.0,0.0,0.0,0.0,4.0,0.0,1.0
43,6,Sprint 5,-12,6,25,63,9,33,1,1,4,21,9,25,20,49,1,10,0.0,32.0,0.0,0.0,34.0,0.0,0.0,4.0,0.5588235294117647,0.0,0.894128201457549,0.7994652406417113,4.0,0.0,0.0,0.0,0.0,0.0,0.0,0.0,1.0,1.0,1.0,1.0,0.0,0.0,0.0,0.0,1.0,0.08823529411764706,0.0,0.28790224128123654,0.08288770053475933,1.0,0.0,0.0,0.0,0.0,0.0,0.0,0.0,0.0,0.0,0.0,0.0,0.0,0.0,0.0,0.0,1.0,0.058823529411764705,0.0,0.23883257361061286,0.05704099821746881,1.0,0.0,0.0,0.0,0.0,0.0,0.0,0.0,0.0,9.0,0.5882352941176471,0.0,1.6165366469207525,2.6131907308377893,9.0,31.0,2.0,0.0,0.0,0.0,3.0,0.0,0.0
43,8,Sprint 6,33,9,20,77,23,52,1,5,1,12,6,23,35,89,1,10,0.0,53.0,1.0,0.0,58.0,1.0,0.0,4.0,0.5833333333333334,0.0,0.9074394347192632,0.823446327683616,4.0,0.0,0.0,0.0,0.0,0.0,0.0,0.0,1.0,1.0,1.0,1.0,0.0,0.0,0.0,0.0,2.0,0.15,0.0,0.444362045092337,0.19745762711864415,2.0,0.0,0.0,0.0,0.0,0.0,0.0,0.0,0.0,0.0,0.0,0.0,0.0,0.0,0.0,0.0,0.0,0.0,0.0,0.0,0.0,0.0,0.0,0.0,0.0,0.0,0.0,0.0,0.0,0.0,3.0,0.25,0.0,0.6277481952265331,0.3940677966101695,3.0,48.0,4.0,0.0,3.0,0.0,12.0,0.0,0.0
43,9,Sprint 7,22,3,10,24,1,8,3,11,3,2,2,11,3,8,1,4,0.0,17.0,0.0,0.0,15.0,2.0,0.0,2.0,0.23529411764705882,0.0,0.562295714538387,0.3161764705882352,2.0,0.0,1.0,0.058823529411764705,0.0,0.242535625036333,0.05882352941176471,1.0,1.0,1.0,1.0,1.0,0.0,0.0,0.0,0.0,3.0,0.35294117647058826,0.0,0.7859052479933757,0.6176470588235293,3.0,0.0,0.0,0.0,0.0,0.0,0.0,0.0,0.0,0.0,0.0,0.0,0.0,0.0,0.0,0.0,0.0,0.0,0.0,0.0,0.0,0.0,0.0,0.0,0.0,0.0,0.0,0.0,0.0,0.0,2.0,0.47058823529411764,0.0,0.6242642728467978,0.3897058823529412,2.0,10.0,0.0,0.0,0.0,0.0,7.0,0.0,0.0
43,10,Sprint 8,4,3,18,91,5,17,1,4,9,32,9,55,4,17,1,7,0.0,24.0,0.0,0.0,21.0,4.0,0.0,3.0,0.6,0.0,0.9574271077563381,0.9166666666666666,3.0,0.0,1.0,0.12,0.0,0.33166247903553997,0.11,1.0,1.0,1.0,1.0,1.0,0.0,0.0,0.0,0.0,3.0,0.28,0.0,0.7371114795831993,0.5433333333333332,3.0,0.0,0.0,0.0,0.0,0.0,0.0,0.0,0.0,0.0,0.0,0.0,0.0,0.0,0.0,0.0,0.0,0.0,0.0,0.0,0.0,0.0,0.0,0.0,0.0,0.0,0.0,0.0,0.0,0.0,2.0,0.36,0.0,0.6377042156569664,0.40666666666666673,2.0,22.0,1.0,0.0,0.0,0.0,3.0,0.0,0.0
43,11,Sprint 9,-33,4,30,88,108,430,102,436,14,22,8,18,14,42,1,11,0.0,130.0,0.0,0.0,135.0,4.0,0.0,6.0,0.2014388489208633,0.0,0.6829163391704082,0.4663747263059119,6.0,0.0,1.0,0.11510791366906475,0.0,0.3203063906986985,0.1025961839224273,1.0,0.0,1.0,0.8705035971223022,1.0,0.3369628279955151,0.11354394745073507,1.0,0.0,7.0,0.5827338129496403,0.0,0.9772727548267477,0.9550620373266605,7.0,0.0,0.0,0.0,0.0,0.0,0.0,0.0,0.0,0.0,0.0,0.0,0.0,0.0,0.0,0.0,5.0,0.1223021582733813,0.0,0.5030404895490449,0.2530497341257428,5.0,0.0,0.0,0.0,0.0,0.0,0.0,0.0,0.0,3.0,0.26618705035971224,0.0,0.6321752138375182,0.3996455009905119,3.0,116.0,2.0,0.0,7.0,0.0,23.0,0.0,0.0
43,13,Sprint 10,5,4,30,59,8,17,1,1,14,23,9,20,14,32,1,9,0.0,41.0,0.0,0.0,41.0,1.0,0.0,3.0,0.5,0.0,0.7407971974871922,0.5487804878048781,3.0,0.0,1.0,0.047619047619047616,0.0,0.21554026870452117,0.04645760743321719,1.0,1.0,1.0,1.0,1.0,0.0,0.0,0.0,0.0,7.0,0.47619047619047616,0.0,1.152687109579183,1.3286875725900116,7.0,0.0,0.0,0.0,0.0,0.0,0.0,0.0,0.0,0.0,0.0,0.0,0.0,0.0,0.0,0.0,2.0,0.09523809523809523,0.0,0.43108053740904234,0.18583042973286876,2.0,0.0,0.0,0.0,0.0,0.0,0.0,0.0,0.0,5.0,0.30952380952380953,0.0,0.896826253344299,0.8042973286875728,5.0,36.0,1.0,0.0,0.0,0.0,6.0,0.0,0.0
43,15,Sprint 11,10,3,11,31,22,60,6,30,11,16,9,32,7,13,1,10,0.0,33.0,2.0,0.0,37.0,0.0,0.0,5.0,0.5128205128205128,0.0,1.048100910966187,1.098515519568151,5.0,0.0,0.0,0.0,0.0,0.0,0.0,0.0,1.0,1.0,1.0,1.0,0.0,0.0,0.0,0.0,7.0,0.4358974358974359,0.0,1.1875421719907089,1.4102564102564106,7.0,0.0,0.0,0.0,0.0,0.0,0.0,0.0,0.0,0.0,0.0,0.0,0.0,0.0,0.0,0.0,2.0,0.05128205128205128,0.0,0.3202563076101743,0.1025641025641026,2.0,0.0,0.0,0.0,0.0,0.0,0.0,0.0,0.0,3.0,0.20512820512820512,0.0,0.6147094812094565,0.3778677462887991,3.0,32.0,6.0,0.0,0.0,0.0,7.0,0.0,0.0
43,16,Sprint 12,183,9,34,112,7,24,10,30,7,31,9,28,15,47,1,10,0.0,108.0,3.0,0.0,113.0,8.0,0.0,6.0,0.25,0.0,0.861318709131055,0.741869918699187,6.0,0.0,1.0,0.024193548387096774,0.0,0.15427299619963394,0.02380015735641227,1.0,1.0,1.0,1.0,1.0,0.0,0.0,0.0,0.0,2.0,0.1532258064516129,0.0,0.44254171341140314,0.1958431681091005,2.0,0.0,0.0,0.0,0.0,0.0,0.0,0.0,0.0,0.0,0.0,0.0,0.0,0.0,0.0,0.0,0.0,0.0,0.0,0.0,0.0,0.0,0.0,0.0,0.0,0.0,0.0,0.0,0.0,0.0,2.0,0.0967741935483871,0.0,0.34733257272616996,0.12063991607658016,2.0,103.0,16.0,0.0,0.0,0.0,21.0,0.0,0.0
43,18,Sprint 13,5,8,7,23,12,37,4,16,15,44,0,0,0,0,1,9,0.0,17.0,0.0,0.0,20.0,1.0,0.0,3.0,0.5454545454545454,0.0,0.857864054457777,0.7359307359307359,3.0,0.0,1.0,0.09090909090909091,0.0,0.29424494316824984,0.08658008658008656,1.0,0.0,1.0,0.9545454545454546,1.0,0.21320071635561047,0.04545454545454547,1.0,0.0,5.0,0.5454545454545454,0.0,1.1843130509275845,1.4025974025974033,5.0,0.0,0.0,0.0,0.0,0.0,0.0,0.0,0.0,0.0,0.0,0.0,0.0,0.0,0.0,0.0,1.0,0.22727272727272727,0.0,0.42893202722888846,0.18398268398268391,1.0,0.0,1.0,0.045454545454545456,0.0,0.2132007163556105,0.04545454545454548,1.0,0.0,1.0,0.09090909090909091,0.0,0.29424494316824984,0.08658008658008656,1.0,15.0,2.0,0.0,3.0,0.0,7.0,1.0,0.0
43,19,Sprint 14,16,9,24,123,5,16,5,24,4,40,12,51,8,24,1,7,0.0,33.0,0.0,0.0,34.0,2.0,0.0,12.0,0.9722222222222222,0.0,2.323619234988028,5.399206349206348,12.0,0.0,0.0,0.0,0.0,0.0,0.0,0.0,1.0,1.0,1.0,1.0,0.0,0.0,0.0,0.0,5.0,0.3055555555555556,0.0,0.9202311648848874,0.8468253968253968,5.0,0.0,0.0,0.0,0.0,0.0,0.0,0.0,0.0,0.0,0.0,0.0,0.0,0.0,0.0,0.0,0.0,0.0,0.0,0.0,0.0,0.0,0.0,0.0,0.0,0.0,0.0,0.0,0.0,0.0,2.0,0.16666666666666666,0.0,0.44721359549995787,0.19999999999999996,2.0,16.0,2.0,0.0,1.0,0.0,20.0,0.0,0.0
43,20,Sprint 15,29,7,14,72,7,28,3,19,4,34,10,41,4,6,1,5,0.0,37.0,0.0,0.0,37.0,0.0,0.0,6.0,0.32432432432432434,0.0,1.05551604161856,1.114114114114114,6.0,0.0,1.0,0.02702702702702703,0.0,0.1643989873053573,0.027027027027027025,1.0,1.0,1.0,1.0,1.0,0.0,0.0,0.0,0.0,3.0,0.2972972972972973,0.0,0.661012055061734,0.4369369369369369,3.0,0.0,0.0,0.0,0.0,0.0,0.0,0.0,0.0,0.0,0.0,0.0,0.0,0.0,0.0,0.0,0.0,0.0,0.0,0.0,0.0,0.0,0.0,0.0,0.0,0.0,0.0,0.0,0.0,0.0,3.0,0.16216216216216217,0.0,0.5534494613840601,0.30630630630630623,3.0,26.0,0.0,0.0,0.0,0.0,11.0,0.0,0.0
43,21,Sprint 16,55,22,19,88,8,19,2,22,2,7,9,44,14,34,1,6,0.0,42.0,0.0,0.0,42.0,3.0,0.0,6.0,0.8,0.0,1.4238232781046698,2.027272727272728,6.0,0.0,1.0,0.044444444444444446,0.0,0.2084090771399927,0.043434343434343436,1.0,1.0,1.0,1.0,1.0,0.0,0.0,0.0,0.0,4.0,0.5333333333333333,0.0,0.8420753583206844,0.709090909090909,4.0,0.0,0.0,0.0,0.0,0.0,0.0,0.0,0.0,0.0,0.0,0.0,0.0,0.0,0.0,0.0,2.0,0.06666666666666667,0.0,0.3302891295379081,0.10909090909090904,2.0,0.0,0.0,0.0,0.0,0.0,0.0,0.0,0.0,2.0,0.28888888888888886,0.0,0.5886124756277652,0.3464646464646465,2.0,32.0,3.0,0.0,0.0,0.0,13.0,0.0,0.0
43,24,Sprint 17,3,7,16,121,0,0,0,0,14,115,2,6,0,0,1,6,0.0,20.0,0.0,0.0,19.0,1.0,0.0,1.0,0.1,0.0,0.30779350562554625,0.09473684210526317,1.0,0.0,0.0,0.0,0.0,0.0,0.0,0.0,1.0,1.0,1.0,1.0,0.0,0.0,0.0,0.0,1.0,0.2,0.0,0.4103913408340617,0.168421052631579,1.0,0.0,0.0,0.0,0.0,0.0,0.0,0.0,0.0,0.0,0.0,0.0,0.0,0.0,0.0,0.0,0.0,0.0,0.0,0.0,0.0,0.0,0.0,1.0,0.05,0.0,0.22360679774997894,0.04999999999999999,1.0,0.0,2.0,0.3,0.0,0.6569466853317862,0.431578947368421,2.0,18.0,0.0,0.0,0.0,0.0,2.0,0.0,0.0
43,25,Sprint 18,73,20,24,159,9,40,6,56,4,19,15,84,8,40,1,10,0.0,49.0,2.0,0.0,52.0,2.0,0.0,4.0,0.42857142857142855,0.0,0.8497516825978764,0.7220779220779221,4.0,0.0,1.0,0.017857142857142856,0.0,0.1336306209562122,0.01785714285714286,1.0,0.0,1.0,0.9821428571428571,1.0,0.13363062095621223,0.017857142857142863,1.0,0.0,5.0,0.30357142857142855,0.0,0.8294498254789212,0.6879870129870129,5.0,0.0,0.0,0.0,0.0,0.0,0.0,0.0,0.0,0.0,0.0,0.0,0.0,0.0,0.0,0.0,0.0,0.0,0.0,0.0,0.0,0.0,0.0,1.0,0.017857142857142856,0.0,0.1336306209562122,0.01785714285714286,1.0,0.0,7.0,0.6607142857142857,0.0,1.564106317175585,2.4464285714285716,7.0,35.0,3.0,0.0,4.0,0.0,21.0,0.0,0.0
43,28,Sprint 19,48,21,43,186,24,117,14,102,12,7,12,102,29,92,1,11,0.0,46.0,1.0,0.0,78.0,6.0,0.0,6.0,0.8235294117647058,0.0,1.2068896523929689,1.456582633053221,6.0,0.0,1.0,0.058823529411764705,0.0,0.23669053416557545,0.056022408963585436,1.0,1.0,2.0,1.011764705882353,1.0,0.10846522890932811,0.011764705882352946,1.0,0.0,3.0,0.25882352941176473,0.0,0.6201563008911657,0.3845938375350141,3.0,0.0,0.0,0.0,0.0,0.0,0.0,0.0,0.0,0.0,0.0,0.0,0.0,0.0,0.0,0.0,0.0,0.0,0.0,0.0,0.0,0.0,0.0,1.0,0.03529411764705882,0.0,0.18561729852738681,0.03445378151260503,1.0,0.0,6.0,0.36470588235294116,0.0,0.9740325948336221,0.9487394957983191,6.0,60.0,12.0,0.0,27.0,0.0,25.0,0.0,0.0
43,29,Sprint 20,48,28,7,37,19,42,3,8,2,4,6,15,15,52,1,10,0.0,25.0,1.0,0.0,39.0,5.0,0.0,15.0,1.0,0.0,2.486326242032244,6.181818181818182,15.0,0.0,0.0,0.0,0.0,0.0,0.0,0.0,1.0,1.0,1.0,1.0,0.0,0.0,0.0,0.0,2.0,0.4222222222222222,0.0,0.6904836542364176,0.4767676767676767,2.0,0.0,0.0,0.0,0.0,0.0,0.0,0.0,0.0,0.0,0.0,0.0,0.0,0.0,0.0,0.0,0.0,0.0,0.0,0.0,0.0,0.0,0.0,1.0,0.022222222222222223,0.0,0.14907119849998599,0.022222222222222223,1.0,0.0,1.0,0.08888888888888889,0.0,0.28779903201415186,0.08282828282828282,1.0,34.0,13.0,0.0,7.0,0.0,11.0,0.0,0.0
43,31,Sprint 21,208,27,4,16,18,81,2,8,20,89,0,0,0,0,1,7,0.0,58.0,0.0,0.0,67.0,7.0,0.0,9.0,0.918918918918919,0.5,1.5238447837108118,2.322102924842651,9.0,0.0,1.0,0.013513513513513514,0.0,0.11624763874381931,0.01351351351351352,1.0,0.0,1.0,0.9864864864864865,1.0,0.1162476387438193,0.013513513513513516,1.0,0.0,12.0,0.7567567567567568,0.0,1.5946040072764815,2.5427619400222135,12.0,0.0,0.0,0.0,0.0,0.0,0.0,0.0,0.0,0.0,0.0,0.0,0.0,0.0,0.0,0.0,3.0,0.6756756756756757,1.0,0.5516626949407248,0.3043317289892632,3.0,0.0,1.0,0.02702702702702703,0.0,0.16326908396901554,0.026656793780081445,1.0,0.0,7.0,0.4864864864864865,0.0,1.1255834802660174,1.26693817104776,7.0,48.0,5.0,0.0,11.0,0.0,26.0,0.0,0.0
43,35,Sprint 22,63,20,15,68,14,54,3,15,6,33,8,33,12,41,1,6,0.0,46.0,2.0,0.0,45.0,8.0,0.0,9.0,1.1090909090909091,0.0,1.8626218804041443,3.4693602693602705,9.0,0.0,1.0,0.07272727272727272,0.0,0.26208179770229884,0.0686868686868687,1.0,1.0,1.0,1.0,1.0,0.0,0.0,0.0,0.0,12.0,0.9090909090909091,0.0,1.8685776653868287,3.4915824915824913,12.0,0.0,0.0,0.0,0.0,0.0,0.0,0.0,0.0,0.0,0.0,0.0,0.0,0.0,0.0,0.0,3.0,0.8727272727272727,1.0,0.7467099554551001,0.5575757575757576,3.0,0.0,1.0,0.07272727272727272,0.0,0.26208179770229884,0.0686868686868687,1.0,0.0,4.0,0.32727272727272727,0.0,0.8177327611676497,0.6686868686868684,4.0,24.0,5.0,0.0,4.0,0.0,31.0,0.0,0.0
43,39,Sprint 23,16,14,12,57,9,50,2,14,12,56,3,19,4,18,1,6,0.0,33.0,0.0,0.0,27.0,8.0,0.0,7.0,0.9428571428571428,0.0,1.5707408732048398,2.4672268907563026,7.0,0.0,1.0,0.08571428571428572,0.0,0.2840286409986905,0.08067226890756303,1.0,1.0,1.0,1.0,1.0,0.0,0.0,0.0,0.0,6.0,0.7428571428571429,0.0,1.4004801097534822,1.961344537815126,6.0,0.0,0.0,0.0,0.0,0.0,0.0,0.0,0.0,0.0,0.0,0.0,0.0,0.0,0.0,0.0,3.0,0.7714285714285715,1.0,0.7310634592924236,0.534453781512605,3.0,0.0,1.0,0.05714285714285714,0.0,0.2355041079768028,0.055462184873949584,1.0,0.0,1.0,0.08571428571428572,0.0,0.2840286409986905,0.08067226890756303,1.0,22.0,1.0,0.0,1.0,0.0,13.0,0.0,0.0
43,41,Sprint 24,112,16,16,92,13,60,4,14,8,50,5,26,12,62,1,10,0.0,61.0,0.0,0.0,49.0,15.0,0.0,9.0,0.5454545454545454,0.0,1.3264390522902132,1.759440559440559,9.0,0.0,1.0,0.07575757575757576,0.0,0.26663752754548836,0.07109557109557108,1.0,0.0,1.0,0.9848484848484849,1.0,0.12309149097933272,0.015151515151515148,1.0,0.0,6.0,0.3787878787878788,0.0,0.8903785109569373,0.7927738927738929,6.0,0.0,0.0,0.0,0.0,0.0,0.0,0.0,0.0,0.0,0.0,0.0,0.0,0.0,0.0,0.0,5.0,0.8333333333333334,1.0,0.7958224257542215,0.6333333333333334,5.0,0.0,1.0,0.045454545454545456,0.0,0.2098950786844324,0.04405594405594407,1.0,0.0,4.0,0.2727272727272727,0.0,0.6916080380690195,0.4783216783216783,4.0,42.0,0.0,0.0,5.0,0.0,24.0,2.0,0.0
43,43,Sprint 25,131,12,15,63,14,39,6,22,23,80,0,0,0,0,1,11,0.0,54.0,6.0,1.0,54.0,18.0,0.0,7.0,0.6172839506172839,0.0,1.2606337814227404,1.5891975308641977,7.0,0.0,1.0,0.1728395061728395,0.0,0.3804643037391985,0.14475308641975307,1.0,1.0,1.0,1.0,1.0,0.0,0.0,0.0,0.0,2.0,0.2716049382716049,0.0,0.5480042353625642,0.30030864197530865,2.0,0.0,0.0,0.0,0.0,0.0,0.0,0.0,0.0,0.0,0.0,0.0,0.0,0.0,0.0,0.0,5.0,0.5432098765432098,0.0,0.8951170693832371,0.8012345679012348,5.0,0.0,2.0,0.1111111111111111,0.0,0.3535533905932738,0.12500000000000003,2.0,0.0,4.0,0.24691358024691357,0.0,0.7164297627390083,0.5132716049382716,4.0,61.0,19.0,0.0,8.0,0.0,20.0,2.0,0.0
43,45,Sprint 26,-23,13,18,104,37,163,17,125,26,114,7,18,5,10,1,10,0.0,37.0,1.0,0.0,53.0,14.0,0.0,3.0,0.4857142857142857,0.0,0.6537042087569759,0.4273291925465839,3.0,0.0,1.0,0.2,0.0,0.4028881241482679,0.16231884057971013,1.0,0.0,1.0,0.9714285714285714,1.0,0.1678015193509294,0.028157349896480333,1.0,0.0,6.0,0.5714285714285714,0.0,1.136628992168733,1.2919254658385093,6.0,0.0,0.0,0.0,0.0,0.0,0.0,0.0,0.0,0.0,0.0,0.0,0.0,0.0,0.0,0.0,5.0,1.1714285714285715,1.0,1.035198343683975,1.0716356107660452,5.0,0.0,2.0,0.04285714285714286,0.0,0.26570738431341145,0.07060041407867493,2.0,0.0,4.0,0.3142857142857143,0.0,0.7716509149709921,0.5954451345755694,4.0,30.0,12.0,0.0,21.0,0.0,40.0,2.0,0.0
43,47,Sprint 27,120,21,67,336,2,3,17,100,14,90,17,81,21,68,1,15,0.0,67.0,4.0,0.0,77.0,27.0,0.0,9.0,0.954954954954955,0.0,1.631437667086568,2.661588861588864,9.0,0.0,1.0,0.22522522522522523,0.0,0.41962504225221836,0.17608517608517604,1.0,0.0,1.0,0.990990990990991,1.0,0.09491579957524993,0.009009009009009014,1.0,0.0,6.0,0.4594594594594595,0.0,0.9023583624318079,0.814250614250614,6.0,0.0,0.0,0.0,0.0,0.0,0.0,0.0,0.0,0.0,0.0,0.0,0.0,0.0,0.0,0.0,5.0,1.018018018018018,1.0,1.0701060438699266,1.145126945126945,5.0,0.0,1.0,0.08108108108108109,0.0,0.2741975112656481,0.07518427518427523,1.0,0.0,7.0,0.36036036036036034,0.0,0.9024491201250153,0.8144144144144144,7.0,58.0,22.0,0.0,22.0,0.0,53.0,3.0,0.0
43,49,Sprint 28,37,9,19,85,6,11,6,25,5,36,7,16,7,19,1,10,0.0,27.0,3.0,0.0,25.0,10.0,0.0,5.0,0.9743589743589743,1.0,1.3275854514509353,1.7624831309041837,5.0,0.0,1.0,0.15384615384615385,0.0,0.36551776819519566,0.13360323886639677,1.0,1.0,1.0,1.0,1.0,0.0,0.0,0.0,0.0,3.0,0.46153846153846156,0.0,0.7896086254446046,0.623481781376518,3.0,0.0,0.0,0.0,0.0,0.0,0.0,0.0,0.0,0.0,0.0,0.0,0.0,0.0,0.0,0.0,7.0,1.3076923076923077,1.0,1.5244299392481484,2.3238866396761138,7.0,0.0,1.0,0.07692307692307693,0.0,0.2699527623995085,0.07287449392712549,1.0,0.0,5.0,0.4358974358974359,0.0,1.1423630125147057,1.3049932523616736,5.0,17.0,6.0,0.0,6.0,0.0,22.0,1.0,0.0
43,50,Sprint 29,-6,8,19,70,3,13,0,0,12,39,5,24,5,20,1,8,0.0,20.0,0.0,0.0,26.0,4.0,0.0,5.0,1.1290322580645162,0.0,1.4546920747216798,2.116129032258065,5.0,0.0,1.0,0.2903225806451613,0.0,0.4614143753790638,0.21290322580645163,1.0,1.0,1.0,1.0,1.0,0.0,0.0,0.0,0.0,3.0,0.4838709677419355,0.0,0.8112117578838661,0.6580645161290323,3.0,0.0,0.0,0.0,0.0,0.0,0.0,0.0,0.0,0.0,0.0,0.0,0.0,0.0,0.0,0.0,11.0,1.935483870967742,1.0,2.1746338216041146,4.7290322580645165,11.0,0.0,1.0,0.12903225806451613,0.0,0.3407771005482388,0.11612903225806447,1.0,0.0,5.0,0.41935483870967744,0.0,1.0574873852167095,1.1182795698924735,5.0,18.0,6.0,0.0,5.0,0.0,13.0,1.0,0.0
43,51,Sprint 30,71,19,12,65,30,139,0,0,8,45,12,62,22,97,1,12,2.0,37.0,0.0,0.0,43.0,23.0,0.0,9.0,1.2835820895522387,0.0,1.8074422757810045,3.2668475802804164,9.0,0.0,1.0,0.14925373134328357,0.0,0.35902778415670306,0.12890094979647215,1.0,1.0,1.0,1.0,1.0,0.0,0.0,0.0,0.0,6.0,0.6865671641791045,0.0,1.090023008151393,1.1881501582994118,6.0,0.0,0.0,0.0,0.0,0.0,0.0,0.0,0.0,0.0,0.0,0.0,0.0,0.0,0.0,0.0,5.0,1.1940298507462686,1.0,1.131354859130083,1.2799638172772503,5.0,0.0,2.0,0.16417910447761194,0.0,0.41183311291115837,0.16960651289009493,2.0,0.0,3.0,0.34328358208955223,0.0,0.7082252425043234,0.5015829941203076,3.0,30.0,17.0,0.0,11.0,0.0,37.0,1.0,0.0
43,54,Sprint 31,100,17,26,105,2,6,2,7,1,4,8,34,17,66,1,12,0.0,48.0,4.0,3.0,38.0,19.0,0.0,13.0,1.476923076923077,0.0,2.7220608708505,7.409615384615383,13.0,0.0,1.0,0.03076923076923077,0.0,0.1740358053345964,0.030288461538461535,1.0,1.0,1.0,1.0,1.0,0.0,0.0,0.0,0.0,3.0,0.4307692307692308,0.0,0.7699275690209186,0.5927884615384614,3.0,0.0,0.0,0.0,0.0,0.0,0.0,0.0,0.0,0.0,0.0,0.0,0.0,0.0,0.0,0.0,7.0,0.9692307692307692,1.0,1.4892241139393565,2.2177884615384618,7.0,0.0,1.0,0.18461538461538463,0.0,0.3910046232266511,0.15288461538461537,1.0,0.0,2.0,0.24615384615384617,0.0,0.5598763599773957,0.3134615384615384,2.0,40.0,11.0,0.0,6.0,0.0,25.0,1.0,0.0
43,57,Sprint 32,38,8,40,110,8,19,3,16,3,-5,8,26,34,92,1,11,0.0,35.0,6.0,0.0,46.0,16.0,0.0,13.0,1.9275362318840579,1.0,2.562850208951137,6.568201193520887,13.0,0.0,2.0,0.14492753623188406,0.0,0.42961550247389746,0.1845694799658994,2.0,1.0,3.0,1.0289855072463767,1.0,0.24077170617153834,0.057971014492753596,2.0,0.0,5.0,0.2028985507246377,0.0,0.6769244928117589,0.458226768968457,5.0,0.0,0.0,0.0,0.0,0.0,0.0,0.0,0.0,0.0,0.0,0.0,0.0,0.0,0.0,0.0,11.0,1.4782608695652173,1.0,2.011793870655022,4.047314578005115,11.0,0.0,1.0,0.15942028985507245,0.0,0.3687494129924381,0.13597612958226765,1.0,0.0,7.0,0.4057971014492754,0.0,1.088966598360306,1.185848252344416,7.0,49.0,16.0,0.0,18.0,0.0,20.0,1.0,0.0
43,60,Sprint 33,0,20,13,89,2,5,6,30,1,8,7,63,1,2,1,10,0.0,7.0,0.0,0.0,10.0,5.0,0.0,7.0,1.9333333333333333,1.0,2.1865389045137933,4.78095238095238,7.0,0.0,1.0,0.26666666666666666,0.0,0.4577377082170635,0.20952380952380958,1.0,0.0,1.0,0.8666666666666667,1.0,0.35186577527449836,0.12380952380952377,1.0,0.0,1.0,0.13333333333333333,0.0,0.35186577527449836,0.12380952380952379,1.0,0.0,0.0,0.0,0.0,0.0,0.0,0.0,0.0,0.0,0.0,0.0,0.0,0.0,0.0,0.0,7.0,1.2,0.0,2.1447610589527217,4.6000000000000005,7.0,0.0,1.0,0.26666666666666666,0.0,0.4577377082170635,0.20952380952380958,1.0,0.0,2.0,0.26666666666666666,0.0,0.5936168397046635,0.3523809523809522,2.0,11.0,3.0,0.0,5.0,0.0,4.0,0.0,0.0
43,62,Sprint 34,-14,23,15,70,0,0,1,8,12,57,2,5,0,0,1,6,0.0,13.0,0.0,0.0,14.0,1.0,0.0,7.0,1.0,0.0,1.8126539343499315,3.2857142857142856,7.0,0.0,1.0,0.13333333333333333,0.0,0.35186577527449836,0.12380952380952377,1.0,0.0,2.0,0.9333333333333333,1.0,0.4577377082170634,0.20952380952380947,2.0,0.0,2.0,0.26666666666666666,0.0,0.5936168397046636,0.3523809523809523,2.0,0.0,0.0,0.0,0.0,0.0,0.0,0.0,0.0,0.0,0.0,0.0,0.0,0.0,0.0,0.0,7.0,1.2,0.0,2.242447642325552,5.028571428571428,7.0,0.0,0.0,0.0,0.0,0.0,0.0,0.0,0.0,4.0,0.6,0.0,1.1832159566199232,1.3999999999999997,4.0,8.0,0.0,0.0,2.0,0.0,7.0,0.0,0.0
43,64,Sprint 35,-5,8,11,27,1,5,0,0,1,6,8,21,3,5,1,6,0.0,12.0,0.0,0.0,9.0,7.0,0.0,8.0,1.0625,0.0,2.080664957811965,4.329166666666667,8.0,0.0,1.0,0.125,0.0,0.3415650255319866,0.11666666666666667,1.0,1.0,2.0,1.0625,1.0,0.25,0.0625,1.0,0.0,0.0,0.0,0.0,0.0,0.0,0.0,0.0,0.0,0.0,0.0,0.0,0.0,0.0,0.0,0.0,0.0,0.0,0.0,0.0,0.0,0.0,7.0,1.3125,1.0,1.9224550276491081,3.6958333333333333,7.0,0.0,1.0,0.125,0.0,0.3415650255319866,0.11666666666666667,1.0,0.0,5.0,0.75,0.0,1.390443574307614,1.9333333333333333,5.0,8.0,3.0,0.0,1.0,0.0,8.0,0.0,0.0
43,65,Sprint 36,-22,10,29,119,1,5,2,13,14,59,8,23,6,29,1,10,2.0,24.0,2.0,0.0,30.0,6.0,0.0,4.0,0.7368421052631579,0.0,1.0049663306533203,1.0099573257467989,4.0,0.0,1.0,0.15789473684210525,0.0,0.369537021476632,0.13655761024182075,1.0,0.0,2.0,0.9210526315789473,1.0,0.35879520224642053,0.1287339971550498,2.0,0.0,4.0,0.3684210526315789,0.0,0.8517407495298512,0.7254623044096729,4.0,0.0,0.0,0.0,0.0,0.0,0.0,0.0,0.0,0.0,0.0,0.0,0.0,0.0,0.0,0.0,5.0,0.6052631578947368,0.0,1.1517195999827181,1.3264580369843524,5.0,0.0,1.0,0.05263157894736842,0.0,0.22629428592141426,0.051209103840682786,1.0,0.0,4.0,0.5789473684210527,0.0,1.0560400009666,1.1152204836415367,4.0,26.0,7.0,0.0,5.0,0.0,12.0,0.0,0.0
43,66,Sprint 37,1,11,34,131,3,17,4,17,10,45,10,54,13,32,1,10,4.0,32.0,0.0,0.0,41.0,5.0,0.0,11.0,0.8913043478260869,0.0,1.8163242597138658,3.2990338164251223,11.0,0.0,1.0,0.043478260869565216,0.0,0.2061845709423622,0.04251207729468599,1.0,0.0,2.0,1.1521739130434783,1.0,0.4199148752014614,0.17632850241545892,2.0,0.0,9.0,0.45652173913043476,0.0,1.4561215110946146,2.120289855072464,9.0,0.0,0.0,0.0,0.0,0.0,0.0,0.0,0.0,0.0,0.0,0.0,0.0,0.0,0.0,0.0,9.0,1.4782608695652173,1.0,1.7222611807966952,2.966183574879227,9.0,0.0,1.0,0.043478260869565216,0.0,0.2061845709423622,0.04251207729468599,1.0,0.0,3.0,0.391304347826087,0.0,0.802170967356439,0.6434782608695652,3.0,27.0,6.0,0.0,4.0,0.0,19.0,0.0,0.0
43,67,Sprint 38,21,14,36,185,9,23,1,5,17,109,10,43,17,51,1,10,6.0,49.0,2.0,3.0,57.0,6.0,0.0,6.0,0.6176470588235294,0.0,1.3497308937390478,1.8217734855136087,6.0,0.0,2.0,0.2647058823529412,0.0,0.47685684384007776,0.2273924495171203,2.0,0.0,2.0,1.0441176470588236,1.0,0.2695393267023518,0.07265144863915715,2.0,0.0,9.0,0.5294117647058824,0.0,1.2633831415083812,1.5961369622475865,9.0,0.0,0.0,0.0,0.0,0.0,0.0,0.0,0.0,0.0,0.0,0.0,0.0,0.0,0.0,0.0,3.0,0.5588235294117647,0.0,0.6993035542099304,0.48902546093064103,3.0,0.0,0.0,0.0,0.0,0.0,0.0,0.0,0.0,5.0,0.7058823529411765,0.0,1.1468167953391655,1.3151887620719933,5.0,47.0,11.0,0.0,2.0,0.0,21.0,0.0,0.0
43,68,Sprint 39,-16,15,27,125,2,4,6,29,12,63,5,17,6,20,1,7,2.0,30.0,0.0,1.0,34.0,6.0,0.0,6.0,1.024390243902439,0.0,1.6353563048774535,2.6743902439024385,6.0,0.0,1.0,0.1951219512195122,0.0,0.4012176588288426,0.16097560975609754,1.0,0.0,2.0,1.0731707317073171,1.0,0.5652540978373808,0.3195121951219513,2.0,0.0,9.0,0.6097560975609756,0.0,1.5632985764160314,2.4439024390243906,9.0,0.0,0.0,0.0,0.0,0.0,0.0,0.0,0.0,0.0,0.0,0.0,0.0,0.0,0.0,0.0,9.0,1.4390243902439024,0.0,2.5695211663635393,6.602439024390243,9.0,0.0,0.0,0.0,0.0,0.0,0.0,0.0,0.0,4.0,0.5609756097560976,0.0,1.0499709635938719,1.102439024390244,4.0,25.0,8.0,0.0,1.0,0.0,16.0,0.0,0.0
43,70,Sprint 40,20,14,33,144,6,17,5,29,16,55,9,51,9,26,1,10,4.0,46.0,1.0,2.0,57.0,1.0,0.0,4.0,0.4426229508196721,0.0,0.8664985124806319,0.7508196721311478,4.0,0.0,1.0,0.18032786885245902,0.0,0.3876509048663705,0.15027322404371585,1.0,0.0,2.0,1.0,1.0,0.408248290463863,0.16666666666666666,2.0,0.0,4.0,0.4098360655737705,0.0,0.8241571286336095,0.6792349726775958,4.0,0.0,0.0,0.0,0.0,0.0,0.0,0.0,0.0,0.0,0.0,0.0,0.0,0.0,0.0,0.0,17.0,1.0491803278688525,1.0,2.2317872472392817,4.980874316939891,17.0,0.0,0.0,0.0,0.0,0.0,0.0,0.0,0.0,4.0,0.4918032786885246,0.0,0.8683883697146901,0.7540983606557373,4.0,44.0,11.0,0.0,0.0,0.0,17.0,0.0,0.0
43,72,Sprint 41,44,23,28,108,13,51,9,31,5,34,14,68,13,26,1,10,1.0,57.0,1.0,2.0,64.0,10.0,0.0,4.0,0.42857142857142855,0.0,0.9094326083734476,0.8270676691729326,4.0,0.0,1.0,0.2077922077922078,0.0,0.4083877909943187,0.16678058783321936,1.0,0.0,2.0,0.9090909090909091,1.0,0.36927447293799814,0.13636363636363633,2.0,0.0,4.0,0.35064935064935066,0.0,0.7568326270895068,0.5727956254272045,4.0,0.0,0.0,0.0,0.0,0.0,0.0,0.0,0.0,0.0,0.0,0.0,0.0,0.0,0.0,0.0,3.0,0.5844155844155844,0.0,0.7669256697437015,0.588174982911825,3.0,0.0,1.0,0.025974025974025976,0.0,0.16010078848765158,0.02563226247436775,1.0,0.0,4.0,0.45454545454545453,0.0,0.9806745066729721,0.9617224880382772,4.0,47.0,13.0,0.0,6.0,0.0,30.0,0.0,0.0
43,73,Sprint 42,10,7,21,64,4,19,2,8,13,44,7,26,3,5,1,8,7.0,31.0,3.0,2.0,38.0,6.0,0.0,10.0,0.5714285714285714,0.0,1.5942605391424158,2.5416666666666665,10.0,0.0,1.0,0.061224489795918366,0.0,0.24222607082590245,0.05867346938775511,1.0,0.0,2.0,0.9795918367346939,1.0,0.2491482087673375,0.062074829931972796,2.0,0.0,3.0,0.3877551020408163,0.0,0.7307623453915623,0.5340136054421769,3.0,0.0,0.0,0.0,0.0,0.0,0.0,0.0,0.0,0.0,0.0,0.0,0.0,0.0,0.0,0.0,9.0,0.7346938775510204,0.0,1.7768829238782358,3.1573129251700682,9.0,0.0,1.0,0.02040816326530612,0.0,0.14285714285714285,0.02040816326530612,1.0,0.0,4.0,0.2653061224489796,0.0,0.8606080748537056,0.7406462585034014,4.0,33.0,6.0,0.0,5.0,0.0,16.0,0.0,0.0
43,74,Sprint 43,4,9,12,63,0,0,4,9,8,54,0,0,0,0,1,4,0.0,19.0,0.0,0.0,22.0,1.0,0.0,1.0,0.043478260869565216,0.0,0.2085144140570748,0.04347826086956523,1.0,0.0,1.0,0.17391304347826086,0.0,0.3875533878815898,0.150197628458498,1.0,0.0,2.0,0.9565217391304348,1.0,0.638055345958271,0.4071146245059289,2.0,0.0,4.0,0.30434782608695654,0.0,1.0195713274212868,1.0395256916996045,4.0,0.0,0.0,0.0,0.0,0.0,0.0,0.0,0.0,0.0,0.0,0.0,0.0,0.0,0.0,0.0,2.0,0.13043478260869565,0.0,0.45769658728016016,0.20948616600790526,2.0,0.0,0.0,0.0,0.0,0.0,0.0,0.0,0.0,4.0,0.43478260869565216,0.0,0.9920633665850976,0.9841897233201577,4.0,20.0,3.0,0.0,1.0,0.0,3.0,0.0,0.0
43,77,Sprint 44,21,11,24,112,7,24,6,29,25,107,0,0,0,0,1,12,5.0,36.0,1.0,1.0,43.0,5.0,0.0,7.0,0.64,0.0,1.3364589215458857,1.786122448979592,7.0,0.0,1.0,0.28,0.0,0.4535573676110727,0.2057142857142857,1.0,0.0,3.0,1.14,1.0,0.5717856027482715,0.32693877551020417,3.0,0.0,4.0,0.4,0.0,0.9689042833036098,0.9387755102040817,4.0,0.0,0.0,0.0,0.0,0.0,0.0,0.0,0.0,0.0,0.0,0.0,0.0,0.0,0.0,0.0,6.0,0.52,0.0,1.2493263490900255,1.560816326530612,6.0,0.0,1.0,0.02,0.0,0.1414213562373095,0.019999999999999997,1.0,0.0,5.0,0.98,0.0,1.332329554133033,1.7751020408163263,5.0,34.0,7.0,0.0,2.0,0.0,16.0,0.0,0.0
43,78,Sprint 45,-9,11,20,114,6,18,7,33,5,31,8,46,6,22,1,12,5.0,24.0,4.0,1.0,34.0,1.0,0.0,4.0,0.725,0.0,1.1980218738639166,1.43525641025641,4.0,0.0,2.0,0.325,0.0,0.5723321610429581,0.3275641025641026,2.0,0.0,2.0,1.225,1.0,0.6196566460342041,0.383974358974359,2.0,0.0,2.0,0.525,0.0,0.6788942744621109,0.4608974358974359,2.0,0.0,0.0,0.0,0.0,0.0,0.0,0.0,0.0,0.0,0.0,0.0,0.0,0.0,0.0,0.0,5.0,0.425,0.0,1.1958796783657648,1.4301282051282052,5.0,0.0,0.0,0.0,0.0,0.0,0.0,0.0,0.0,8.0,0.975,0.0,1.7169964831288744,2.948076923076923,8.0,25.0,9.0,0.0,2.0,0.0,15.0,0.0,0.0
43,79,Sprint 46,-6,11,23,107,10,33,9,56,24,84,0,0,0,0,1,12,4.0,27.0,1.0,1.0,41.0,3.0,0.0,7.0,0.7391304347826086,0.0,1.3570357009746672,1.8415458937198066,7.0,0.0,1.0,0.2391304347826087,0.0,0.43126597148888446,0.18599033816425128,1.0,0.0,2.0,1.0217391304347827,1.0,0.6827763725256074,0.46618357487922707,2.0,0.0,4.0,0.41304347826086957,0.0,0.7767764430723149,0.6033816425120772,4.0,0.0,0.0,0.0,0.0,0.0,0.0,0.0,0.0,0.0,0.0,0.0,0.0,0.0,0.0,0.0,11.0,0.9565217391304348,0.0,1.8252125810939326,3.3314009661835757,11.0,0.0,1.0,0.043478260869565216,0.0,0.2061845709423622,0.04251207729468599,1.0,0.0,4.0,0.5434782608695652,0.0,1.0478872233452612,1.0980676328502414,4.0,32.0,11.0,0.0,4.0,0.0,14.0,0.0,0.0
43,80,Sprint 47,21,18,20,88,10,35,6,23,6,27,10,49,8,24,1,12,2.0,36.0,1.0,2.0,39.0,9.0,0.0,9.0,0.8235294117647058,0.0,1.946338946359972,3.7882352941176465,9.0,0.0,2.0,0.23529411764705882,0.0,0.4727889717037675,0.22352941176470587,2.0,0.0,2.0,0.9803921568627451,1.0,0.6477714435950808,0.41960784313725497,2.0,0.0,2.0,0.3137254901960784,0.0,0.6779438347955198,0.45960784313725506,2.0,0.0,0.0,0.0,0.0,0.0,0.0,0.0,0.0,0.0,0.0,0.0,0.0,0.0,0.0,0.0,3.0,0.35294117647058826,0.0,0.7436001455557875,0.5529411764705884,3.0,0.0,0.0,0.0,0.0,0.0,0.0,0.0,0.0,13.0,0.47058823529411764,0.0,1.8799249046328481,3.5341176470588227,13.0,37.0,11.0,0.0,2.0,0.0,14.0,0.0,0.0
43,82,Sprint 48,-38,11,29,136,17,47,16,65,2,20,17,70,11,28,1,12,1.0,41.0,3.0,2.0,44.0,7.0,0.0,12.0,1.0178571428571428,0.0,2.540515849039478,6.454220779220779,12.0,0.0,2.0,0.25,0.0,0.4767312946227962,0.22727272727272727,2.0,0.0,2.0,1.0,1.0,0.6324555320336759,0.4,2.0,0.0,4.0,0.48214285714285715,0.0,0.8310140886798585,0.6905844155844156,4.0,0.0,0.0,0.0,0.0,0.0,0.0,0.0,0.0,0.0,0.0,0.0,0.0,0.0,0.0,0.0,6.0,1.1964285714285714,1.0,1.3674082034290986,1.869805194805195,6.0,0.0,1.0,0.03571428571428571,0.0,0.1872563351797078,0.03506493506493507,1.0,0.0,6.0,0.4107142857142857,0.0,0.9867630408063016,0.9737012987012988,6.0,39.0,12.0,0.0,2.0,0.0,17.0,0.0,0.0
43,83,Sprint 49,59,11,31,119,11,28,5,22,0,0,8,34,29,92,1,13,1.0,43.0,4.0,0.0,53.0,11.0,0.0,7.0,0.5735294117647058,0.0,1.3306510186560543,1.770632133450395,7.0,0.0,2.0,0.2647058823529412,0.0,0.47685684384007776,0.22739244951712032,2.0,0.0,2.0,0.9558823529411765,1.0,0.40274518922654723,0.16220368744512734,2.0,0.0,4.0,0.4117647058823529,0.0,0.8849537321179365,0.7831431079894644,4.0,0.0,0.0,0.0,0.0,0.0,0.0,0.0,0.0,0.0,0.0,0.0,0.0,0.0,0.0,0.0,9.0,1.0441176470588236,1.0,1.587580751542739,2.5204126426690077,9.0,0.0,1.0,0.014705882352941176,0.0,0.12126781251816653,0.014705882352941185,1.0,0.0,6.0,0.39705882352941174,0.0,0.9000780377834403,0.8101404741000882,6.0,42.0,19.0,0.0,5.0,0.0,26.0,0.0,0.0
43,85,Sprint 50,16,13,22,94,10,20,4,16,28,98,0,0,0,0,1,13,0.0,46.0,4.0,1.0,54.0,8.0,0.0,5.0,0.417910447761194,0.0,1.0891928305685443,1.1863410221619177,5.0,0.0,2.0,0.19402985074626866,0.0,0.434804239133152,0.18905472636815926,2.0,0.0,2.0,0.9850746268656716,1.0,0.4764940558449187,0.2270465852555405,2.0,0.0,2.0,0.11940298507462686,0.0,0.3701919264586908,0.13704206241519676,2.0,0.0,0.0,0.0,0.0,0.0,0.0,0.0,0.0,0.0,0.0,0.0,0.0,0.0,0.0,0.0,5.0,0.8656716417910447,0.0,1.2296282067807731,1.5119855269109,5.0,0.0,1.0,0.029850746268656716,0.0,0.17145979772029107,0.029398462234283135,1.0,0.0,4.0,0.208955223880597,0.0,0.616375363616857,0.37991858887381263,4.0,50.0,20.0,0.0,1.0,0.0,17.0,0.0,0.0
43,86,Sprint 51,-29,13,27,95,5,10,3,6,7,39,6,32,16,28,1,13,0.0,31.0,2.0,0.0,30.0,4.0,0.0,4.0,0.4722222222222222,0.0,0.9705995528865093,0.9420634920634918,4.0,0.0,1.0,0.1111111111111111,0.0,0.3187276291558383,0.1015873015873016,1.0,0.0,2.0,0.9166666666666666,1.0,0.5542047068934521,0.30714285714285716,2.0,0.0,2.0,0.2222222222222222,0.0,0.48468611999997996,0.23492063492063495,2.0,0.0,0.0,0.0,0.0,0.0,0.0,0.0,0.0,0.0,0.0,0.0,0.0,0.0,0.0,0.0,4.0,0.9722222222222222,1.0,1.133543397899099,1.2849206349206348,4.0,0.0,1.0,0.05555555555555555,0.0,0.2323106841457232,0.05396825396825397,1.0,0.0,3.0,0.25,0.0,0.6035608621222174,0.36428571428571427,3.0,27.0,5.0,0.0,0.0,0.0,9.0,0.0,0.0
43,87,Sprint 52,-2,14,14,84,1,1,3,18,3,15,7,50,2,2,1,9,0.0,19.0,1.0,2.0,19.0,4.0,0.0,1.0,0.11538461538461539,0.0,0.32581259360842113,0.10615384615384617,1.0,0.0,1.0,0.23076923076923078,0.0,0.4296689244236597,0.1846153846153846,1.0,0.0,2.0,0.9615384615384616,1.0,0.7200427337745576,0.5184615384615384,2.0,0.0,6.0,0.38461538461538464,0.0,1.2353759938390603,1.5261538461538458,6.0,0.0,0.0,0.0,0.0,0.0,0.0,0.0,0.0,0.0,0.0,0.0,0.0,0.0,0.0,0.0,3.0,0.38461538461538464,0.0,0.7524319545007682,0.5661538461538461,3.0,0.0,0.0,0.0,0.0,0.0,0.0,0.0,0.0,2.0,0.2692307692307692,0.0,0.533493565673837,0.28461538461538466,2.0,17.0,6.0,0.0,1.0,0.0,9.0,0.0,0.0
43,88,Sprint 53,15,12,20,88,6,12,3,13,5,0,18,87,0,0,1,14,2.0,32.0,2.0,0.0,37.0,3.0,0.0,8.0,0.7380952380952381,0.0,1.6973368495830108,2.8809523809523805,8.0,0.0,1.0,0.14285714285714285,0.0,0.3541688016605732,0.12543554006968644,1.0,0.0,2.0,0.8571428571428571,0.5,0.9258200997725515,0.8571428571428572,2.0,0.0,2.0,0.19047619047619047,0.0,0.5516315153139573,0.3042973286875727,2.0,0.0,0.0,0.0,0.0,0.0,0.0,0.0,0.0,0.0,0.0,0.0,0.0,0.0,0.0,0.0,9.0,1.2619047619047619,0.0,1.9761939745011925,3.9053426248548195,9.0,0.0,0.0,0.0,0.0,0.0,0.0,0.0,0.0,10.0,0.9523809523809523,0.0,1.9248361470003288,3.7049941927990715,10.0,29.0,5.0,0.0,1.0,0.0,13.0,0.0,2.0
43,90,Sprint 54,29,13,16,62,1,8,6,25,3,15,3,18,5,12,1,10,0.0,30.0,0.0,0.0,32.0,5.0,0.0,4.0,0.35135135135135137,0.0,0.8238195668219337,0.6786786786786785,4.0,0.0,1.0,0.16216216216216217,0.0,0.3736838766118223,0.13963963963963963,1.0,0.0,2.0,0.8648648648648649,1.0,0.630791485276948,0.397897897897898,2.0,0.0,2.0,0.16216216216216217,0.0,0.5007501879687623,0.2507507507507507,2.0,0.0,0.0,0.0,0.0,0.0,0.0,0.0,0.0,0.0,0.0,0.0,0.0,0.0,0.0,0.0,4.0,0.43243243243243246,0.0,1.0419143849595254,1.0855855855855858,4.0,0.0,0.0,0.0,0.0,0.0,0.0,0.0,0.0,3.0,0.3783783783783784,0.0,0.7583370458279584,0.5750750750750749,3.0,27.0,6.0,0.0,0.0,0.0,10.0,0.0,1.0
45,12,Babbage - RC1 - Stage One,0,10,0,0,1,4,1,4,0,0,0,0,0,0,1,1,0.0,0.0,0.0,0.0,0.0,1.0,0.0,0.0,0.0,0.0,0.0,0.0,0.0,0.0,0.0,0.0,0.0,0.0,0.0,0.0,0.0,0.0,0.0,0.0,0.0,0.0,0.0,2.0,2.0,2.0,2.0,0.0,0.0,0.0,0.0,0.0,0.0,0.0,0.0,0.0,0.0,0.0,0.0,0.0,0.0,0.0,0.0,0.0,0.0,0.0,0.0,0.0,0.0,0.0,0.0,0.0,0.0,0.0,0.0,0.0,0.0,0.0,0.0,0.0,0.0,0.0,0.0,0.0,0.0,1.0,0.0,1.0,0.0,0.0,0.0,0.0,0.0
45,14,Babbage - RC1 - Stage Two,16,21,0,0,10,40,0,0,5,20,1,4,4,16,1,2,0.0,0.0,0.0,0.0,8.0,7.0,0.0,10.0,1.4666666666666666,0.0,2.8751811537130427,8.266666666666664,10.0,0.0,2.0,0.5333333333333333,0.0,0.6399404734221844,0.40952380952380957,2.0,0.0,2.0,1.2666666666666666,1.0,0.5936168397046637,0.35238095238095246,2.0,0.0,1.0,0.26666666666666666,0.0,0.4577377082170635,0.20952380952380958,1.0,0.0,0.0,0.0,0.0,0.0,0.0,0.0,0.0,0.0,0.0,0.0,0.0,0.0,0.0,0.0,2.0,0.3333333333333333,0.0,0.6172133998483675,0.3809523809523808,2.0,0.0,0.0,0.0,0.0,0.0,0.0,0.0,0.0,4.0,0.6,0.0,1.2421180068162374,1.5428571428571425,4.0,6.0,6.0,3.0,2.0,4.0,9.0,0.0,0.0
45,17,The Road To SpringOne,0,30,5,20,2,8,0,0,2,8,1,4,4,16,1,1,0.0,0.0,0.0,0.0,3.0,4.0,0.0,16.0,4.285714285714286,3.0,5.736267244886863,32.90476190476191,16.0,0.0,1.0,0.7142857142857143,1.0,0.4879500364742666,0.2380952380952381,1.0,0.0,2.0,1.0,1.0,0.816496580927726,0.6666666666666666,2.0,0.0,0.0,0.0,0.0,0.0,0.0,0.0,0.0,0.0,0.0,0.0,0.0,0.0,0.0,0.0,0.0,0.0,0.0,0.0,0.0,0.0,0.0,2.0,0.5714285714285714,0.0,0.7867957924694432,0.6190476190476191,2.0,0.0,0.0,0.0,0.0,0.0,0.0,0.0,0.0,4.0,1.5714285714285714,1.0,1.8126539343499315,3.285714285714286,4.0,3.0,4.0,0.0,1.0,2.0,4.0,0.0,0.0
45,22,SpringOne Aftermath,16,21,0,0,7,28,0,0,4,16,2,8,1,4,1,1,0.0,0.0,0.0,0.0,7.0,6.0,0.0,6.0,1.4615384615384615,1.0,1.9839096340048945,3.935897435897435,6.0,0.0,5.0,1.0769230769230769,1.0,1.3204505835470497,1.7435897435897438,5.0,0.0,3.0,1.3076923076923077,1.0,0.8548504142651104,0.7307692307692308,3.0,0.0,1.0,0.15384615384615385,0.0,0.37553380809940534,0.141025641025641,1.0,0.0,0.0,0.0,0.0,0.0,0.0,0.0,0.0,0.0,0.0,0.0,0.0,0.0,0.0,0.0,3.0,0.46153846153846156,0.0,0.9674179220468453,0.935897435897436,3.0,0.0,0.0,0.0,0.0,0.0,0.0,0.0,0.0,2.0,0.3076923076923077,0.0,0.6304251719561151,0.3974358974358973,2.0,3.0,7.0,2.0,3.0,1.0,10.0,0.0,0.0
45,23,The Road to Codd M1,20,18,4,16,2,8,0,0,5,20,0,0,1,4,1,1,0.0,0.0,0.0,0.0,7.0,10.0,0.0,6.0,0.8235294117647058,0.0,1.7042334830374277,2.9044117647058827,6.0,0.0,5.0,0.8823529411764706,1.0,1.166316474052844,1.3602941176470582,5.0,0.0,2.0,1.0,1.0,0.7071067811865476,0.5,2.0,0.0,2.0,0.6470588235294118,0.0,0.7859052479933758,0.6176470588235294,2.0,0.0,0.0,0.0,0.0,0.0,0.0,0.0,0.0,0.0,0.0,0.0,0.0,0.0,0.0,0.0,3.0,0.17647058823529413,0.0,0.727606875108999,0.5294117647058825,3.0,0.0,0.0,0.0,0.0,0.0,0.0,0.0,0.0,2.0,0.11764705882352941,0.0,0.485071250072666,0.23529411764705885,2.0,7.0,5.0,3.0,6.0,3.0,10.0,0.0,0.0
45,27,Codd M1,16,49,6,24,1,4,3,12,3,12,0,0,1,4,1,2,0.0,0.0,1.0,0.0,4.0,8.0,0.0,9.0,2.1538461538461537,1.0,2.9677756498246812,8.807692307692308,9.0,0.0,5.0,1.0769230769230769,1.0,1.3821202589704018,1.9102564102564106,5.0,0.0,2.0,1.1538461538461537,1.0,0.8006407690254357,0.6410256410256411,2.0,0.0,2.0,0.46153846153846156,0.0,0.7762500258061849,0.6025641025641026,2.0,0.0,0.0,0.0,0.0,0.0,0.0,0.0,0.0,0.0,0.0,0.0,0.0,0.0,0.0,0.0,3.0,0.38461538461538464,0.0,0.9607689228305227,0.923076923076923,3.0,0.0,0.0,0.0,0.0,0.0,0.0,0.0,0.0,2.0,0.23076923076923078,0.0,0.599144689515278,0.3589743589743588,2.0,6.0,6.0,3.0,1.0,3.0,7.0,0.0,0.0
45,30,42 - 2014 Kickoff,-8,14,8,32,1,4,0,0,6,24,1,4,2,8,1,2,0.0,0.0,0.0,0.0,4.0,8.0,0.0,7.0,1.9166666666666667,1.5,2.2343733444579588,4.992424242424243,7.0,0.0,5.0,0.8333333333333334,0.5,1.403458930534474,1.9696969696969695,5.0,0.0,2.0,0.5833333333333334,0.5,0.6685579234215214,0.44696969696969685,2.0,0.0,2.0,0.6666666666666666,0.0,0.8876253645985945,0.787878787878788,2.0,0.0,0.0,0.0,0.0,0.0,0.0,0.0,0.0,0.0,0.0,0.0,0.0,0.0,0.0,0.0,3.0,0.4166666666666667,0.0,0.996204919895622,0.9924242424242425,3.0,0.0,1.0,0.08333333333333333,0.0,0.28867513459481287,0.08333333333333331,1.0,0.0,3.0,0.5,0.0,1.0,1.0,3.0,4.0,5.0,3.0,1.0,3.0,8.0,0.0,0.0
45,34,43 - Babbage SR3,20,15,4,16,5,20,0,0,2,8,0,0,7,28,1,2,0.0,0.0,0.0,0.0,10.0,5.0,0.0,8.0,1.6,0.0,2.6672618383439066,7.1142857142857165,8.0,0.0,2.0,0.7333333333333333,1.0,0.7988086367179801,0.6380952380952379,2.0,0.0,2.0,1.0,1.0,0.8451542547285166,0.7142857142857143,2.0,0.0,1.0,0.3333333333333333,0.0,0.48795003647426666,0.23809523809523814,1.0,0.0,0.0,0.0,0.0,0.0,0.0,0.0,0.0,0.0,0.0,0.0,0.0,0.0,0.0,0.0,2.0,0.26666666666666666,0.0,0.7037315505489967,0.4952380952380951,2.0,0.0,1.0,0.13333333333333333,0.0,0.35186577527449836,0.12380952380952377,1.0,0.0,3.0,0.4,0.0,0.9102589898327995,0.8285714285714286,3.0,7.0,8.0,0.0,3.0,4.0,8.0,0.0,0.0
45,37,44 - Codd GA,64,21,2,8,3,12,0,0,0,0,1,4,4,16,1,3,0.0,0.0,0.0,0.0,14.0,13.0,0.0,7.0,1.0,0.0,1.7541160386140584,3.076923076923077,7.0,0.0,5.0,0.5925925925925926,0.0,1.009922284110525,1.0199430199430202,5.0,0.0,3.0,1.2962962962962963,1.0,0.8688991627258914,0.7549857549857552,3.0,0.0,2.0,0.6296296296296297,0.0,0.8388704928078611,0.7037037037037037,2.0,0.0,0.0,0.0,0.0,0.0,0.0,0.0,0.0,0.0,0.0,0.0,0.0,0.0,0.0,0.0,2.0,0.14814814814814814,0.0,0.5337605126836238,0.28490028490028496,2.0,0.0,0.0,0.0,0.0,0.0,0.0,0.0,0.0,3.0,0.3333333333333333,0.0,0.7844645405527361,0.6153846153846153,3.0,14.0,11.0,3.0,4.0,9.0,13.0,0.0,0.0
45,40,45 - Dijkstra M1,4,10,0,0,9,36,0,0,3,12,4,16,2,8,1,2,0.0,0.0,0.0,0.0,11.0,3.0,0.0,11.0,1.5,0.0,2.9286384339694576,8.576923076923077,11.0,0.0,3.0,0.6428571428571429,0.5,0.8418973861410954,0.7087912087912087,3.0,0.0,3.0,1.2857142857142858,1.0,0.8254203058555569,0.6813186813186812,3.0,0.0,2.0,1.0,1.0,0.8770580193070292,0.7692307692307693,2.0,0.0,0.0,0.0,0.0,0.0,0.0,0.0,0.0,0.0,0.0,0.0,0.0,0.0,0.0,0.0,3.0,0.5,0.0,1.0190493307301363,1.0384615384615385,3.0,0.0,0.0,0.0,0.0,0.0,0.0,0.0,0.0,1.0,0.21428571428571427,0.0,0.42581531362632014,0.18131868131868137,1.0,9.0,6.0,4.0,2.0,2.0,5.0,0.0,0.0
45,42,46 - Codd SR2,-24,16,12,48,0,0,0,0,12,48,0,0,0,0,1,2,0.0,0.0,0.0,0.0,7.0,8.0,0.0,11.0,1.8,1.0,2.808151400069854,7.8857142857142835,11.0,0.0,2.0,0.8,1.0,0.5606119105813882,0.31428571428571433,2.0,0.0,2.0,0.9333333333333333,1.0,0.7037315505489968,0.4952380952380953,2.0,0.0,2.0,1.0,1.0,0.7559289460184544,0.5714285714285714,2.0,0.0,0.0,0.0,0.0,0.0,0.0,0.0,0.0,0.0,0.0,0.0,0.0,0.0,0.0,0.0,1.0,0.06666666666666667,0.0,0.25819888974716115,0.06666666666666668,1.0,0.0,1.0,0.06666666666666667,0.0,0.25819888974716115,0.06666666666666668,1.0,0.0,3.0,0.8666666666666667,0.0,1.0600988273786194,1.1238095238095238,3.0,4.0,6.0,5.0,3.0,1.0,11.0,0.0,0.0
45,44,47 - Dijkstra RC1,-4,11,0,0,9,36,0,0,9,36,0,0,0,0,1,2,0.0,0.0,0.0,0.0,9.0,7.0,0.0,11.0,1.75,0.5,2.932575659723036,8.6,11.0,0.0,1.0,0.625,1.0,0.5,0.25,1.0,0.0,2.0,0.9375,1.0,0.6800735254367721,0.4625,2.0,0.0,2.0,0.8125,1.0,0.75,0.5625,2.0,0.0,0.0,0.0,0.0,0.0,0.0,0.0,0.0,0.0,0.0,0.0,0.0,0.0,0.0,0.0,0.0,0.0,0.0,0.0,0.0,0.0,0.0,1.0,0.0625,0.0,0.25,0.0625,1.0,0.0,3.0,0.625,0.0,1.02469507659596,1.05,3.0,6.0,7.0,5.0,3.0,1.0,10.0,0.0,0.0
45,48,48 - Dijkstra GA,28,14,8,32,1,4,0,0,7,28,1,4,1,4,1,2,0.0,0.0,0.0,0.0,14.0,8.0,0.0,11.0,1.5,0.0,2.721169216487998,7.404761904761905,11.0,0.0,3.0,0.7272727272727273,1.0,0.7025001733142088,0.49350649350649334,3.0,0.0,3.0,1.1363636363636365,1.0,0.9902118361842988,0.9805194805194805,3.0,0.0,2.0,0.5,0.0,0.8017837257372732,0.6428571428571429,2.0,0.0,0.0,0.0,0.0,0.0,0.0,0.0,0.0,0.0,0.0,0.0,0.0,0.0,0.0,0.0,0.0,0.0,0.0,0.0,0.0,0.0,0.0,1.0,0.045454545454545456,0.0,0.2132007163556105,0.04545454545454548,1.0,0.0,2.0,0.22727272727272727,0.0,0.6119304490372043,0.37445887445887444,2.0,11.0,9.0,3.0,7.0,3.0,11.0,0.0,0.0
45,52,49 - Dijkstra SR1,-4,8,6,24,2,8,2,8,4,16,1,4,1,4,1,2,0.0,0.0,0.0,0.0,5.0,7.0,0.0,11.0,2.75,2.5,3.1079078025403053,9.659090909090908,11.0,0.0,1.0,0.8333333333333334,1.0,0.38924947208076144,0.1515151515151515,1.0,0.0,2.0,0.8333333333333334,1.0,0.8348471099367218,0.6969696969696969,2.0,0.0,5.0,1.25,1.0,1.4847711791873706,2.2045454545454546,5.0,0.0,0.0,0.0,0.0,0.0,0.0,0.0,0.0,0.0,0.0,0.0,0.0,0.0,0.0,0.0,2.0,0.16666666666666666,0.0,0.5773502691896257,0.33333333333333326,2.0,0.0,1.0,0.08333333333333333,0.0,0.28867513459481287,0.08333333333333331,1.0,0.0,2.0,0.75,0.5,0.8660254037844386,0.75,2.0,3.0,6.0,4.0,1.0,1.0,9.0,0.0,0.0
45,53,50 - Evans M1,4,17,5,20,0,0,0,0,2,8,3,12,0,0,1,2,0.0,0.0,0.0,0.0,5.0,5.0,0.0,6.0,2.5,3.0,2.3687784005919825,5.611111111111111,6.0,0.0,1.0,0.5,0.5,0.5270462766947299,0.2777777777777778,1.0,0.0,2.0,1.0,1.0,0.816496580927726,0.6666666666666666,2.0,0.0,5.0,1.3,1.0,1.5670212364724212,2.4555555555555557,5.0,0.0,0.0,0.0,0.0,0.0,0.0,0.0,0.0,0.0,0.0,0.0,0.0,0.0,0.0,0.0,0.0,0.0,0.0,0.0,0.0,0.0,0.0,1.0,0.1,0.0,0.31622776601683794,0.10000000000000002,1.0,0.0,15.0,2.1,0.5,4.605552204797065,21.21111111111111,15.0,4.0,3.0,3.0,2.0,2.0,6.0,0.0,0.0
45,55,51 - Dijkstra SR2,-4,10,5,20,3,12,0,0,2,8,0,0,6,24,1,2,0.0,0.0,0.0,0.0,6.0,4.0,0.0,6.0,2.5,2.0,2.3213980461973533,5.388888888888889,6.0,0.0,2.0,0.6,0.5,0.6992058987801011,0.48888888888888893,2.0,0.0,2.0,0.7,1.0,0.6749485577105528,0.4555555555555555,2.0,0.0,2.0,0.8,0.5,0.9189365834726815,0.8444444444444444,2.0,0.0,0.0,0.0,0.0,0.0,0.0,0.0,0.0,0.0,0.0,0.0,0.0,0.0,0.0,0.0,2.0,0.3,0.0,0.6749485577105528,0.4555555555555555,2.0,0.0,1.0,0.1,0.0,0.31622776601683794,0.10000000000000002,1.0,0.0,3.0,0.7,0.0,1.0593499054713802,1.1222222222222222,3.0,5.0,3.0,2.0,3.0,2.0,5.0,0.0,0.0
45,56,52 - Evans RC1,4,11,3,12,2,8,0,0,1,4,4,16,0,0,1,1,0.0,0.0,0.0,0.0,3.0,6.0,0.0,5.0,1.6666666666666667,0.0,2.1213203435596424,4.5,5.0,0.0,1.0,0.3333333333333333,0.0,0.5,0.25,1.0,0.0,2.0,1.0,1.0,0.7071067811865476,0.5,2.0,0.0,2.0,1.2222222222222223,2.0,0.97182531580755,0.9444444444444444,2.0,0.0,0.0,0.0,0.0,0.0,0.0,0.0,0.0,0.0,0.0,0.0,0.0,0.0,0.0,0.0,2.0,0.4444444444444444,0.0,0.8819171036881969,0.7777777777777778,2.0,0.0,0.0,0.0,0.0,0.0,0.0,0.0,0.0,3.0,0.5555555555555556,0.0,1.1303883305208782,1.277777777777778,3.0,5.0,2.0,3.0,3.0,1.0,4.0,0.0,0.0
45,61,52 - Evans GA,28,16,1,4,0,0,0,0,1,4,0,0,0,0,1,1,0.0,0.0,0.0,0.0,6.0,3.0,0.0,7.0,1.2222222222222223,0.0,2.3863035105460586,5.694444444444444,7.0,0.0,2.0,0.4444444444444444,0.0,0.7264831572567789,0.5277777777777778,2.0,1.0,2.0,1.2222222222222223,1.0,0.4409585518440984,0.19444444444444442,1.0,0.0,3.0,0.6666666666666666,0.0,1.118033988749895,1.2500000000000002,3.0,0.0,0.0,0.0,0.0,0.0,0.0,0.0,0.0,0.0,0.0,0.0,0.0,0.0,0.0,0.0,1.0,0.2222222222222222,0.0,0.44095855184409843,0.19444444444444445,1.0,0.0,0.0,0.0,0.0,0.0,0.0,0.0,0.0,1.0,0.1111111111111111,0.0,0.3333333333333333,0.1111111111111111,1.0,6.0,3.0,0.0,2.0,4.0,3.0,0.0,0.0
45,63,53 - Evans SR1,20,25,0,0,1,4,0,0,0,0,0,0,1,4,1,1,0.0,0.0,0.0,0.0,9.0,3.0,0.0,3.0,0.5,0.0,1.0,1.0,3.0,0.0,2.0,1.0833333333333333,1.0,0.7929614610987591,0.6287878787878788,2.0,0.0,3.0,1.75,2.0,0.9653072991634227,0.9318181818181818,3.0,0.0,2.0,0.4166666666666667,0.0,0.7929614610987591,0.6287878787878788,2.0,0.0,0.0,0.0,0.0,0.0,0.0,0.0,0.0,0.0,0.0,0.0,0.0,0.0,0.0,0.0,0.0,0.0,0.0,0.0,0.0,0.0,0.0,0.0,0.0,0.0,0.0,0.0,0.0,0.0,1.0,0.08333333333333333,0.0,0.28867513459481287,0.08333333333333331,1.0,5.0,7.0,0.0,4.0,1.0,7.0,0.0,0.0
45,69,54 - Fowler M1,44,11,6,24,2,8,0,0,8,32,0,0,0,0,1,2,0.0,0.0,0.0,0.0,15.0,5.0,0.0,10.0,2.2,1.0,3.1220775808830616,9.74736842105263,10.0,0.0,2.0,0.75,1.0,0.7863975156570492,0.618421052631579,2.0,0.0,3.0,1.95,2.0,1.050062654772261,1.1026315789473684,3.0,0.0,2.0,0.35,0.0,0.5871429486123998,0.3447368421052631,2.0,0.0,0.0,0.0,0.0,0.0,0.0,0.0,0.0,0.0,0.0,0.0,0.0,0.0,0.0,0.0,3.0,0.25,0.0,0.7163503994113789,0.5131578947368421,3.0,0.0,1.0,0.1,0.0,0.30779350562554625,0.09473684210526317,1.0,0.0,2.0,0.2,0.0,0.523148363780597,0.27368421052631586,2.0,14.0,11.0,0.0,7.0,2.0,6.0,0.0,0.0
45,71,55 - Evans SR2,48,14,1,4,0,0,0,0,1,4,0,0,0,0,1,2,0.0,0.0,0.0,0.0,4.0,10.0,0.0,6.0,0.8,0.0,2.111194651646991,4.457142857142858,6.0,0.0,3.0,0.3333333333333333,0.0,0.816496580927726,0.6666666666666666,3.0,0.0,3.0,1.4,1.0,1.0555973258234952,1.1142857142857143,3.0,0.0,2.0,0.26666666666666666,0.0,0.5936168397046636,0.3523809523809523,2.0,0.0,0.0,0.0,0.0,0.0,0.0,0.0,0.0,0.0,0.0,0.0,0.0,0.0,0.0,0.0,3.0,0.2,0.0,0.7745966692414831,0.5999999999999995,3.0,0.0,1.0,0.06666666666666667,0.0,0.25819888974716115,0.06666666666666668,1.0,0.0,2.0,0.2,0.0,0.5606119105813882,0.31428571428571433,2.0,10.0,2.0,2.0,4.0,7.0,5.0,1.0,0.0
45,76,56 - Fowler RC1,12,15,2,8,2,8,0,0,2,8,2,8,0,0,1,2,0.0,0.0,0.0,0.0,6.0,4.0,0.0,5.0,1.1,0.0,1.911950719959998,3.6555555555555554,5.0,0.0,2.0,0.7,0.5,0.8232726023485646,0.6777777777777778,2.0,0.0,3.0,1.4,1.0,1.1737877907772674,1.377777777777778,3.0,0.0,3.0,0.6,0.0,0.9660917830792958,0.9333333333333331,3.0,0.0,0.0,0.0,0.0,0.0,0.0,0.0,0.0,0.0,0.0,0.0,0.0,0.0,0.0,0.0,0.0,0.0,0.0,0.0,0.0,0.0,0.0,0.0,0.0,0.0,0.0,0.0,0.0,0.0,3.0,0.4,0.0,0.966091783079296,0.9333333333333336,3.0,4.0,4.0,2.0,2.0,2.0,6.0,0.0,0.0
45,81,56 - Fowler GA,0,14,3,12,0,0,0,0,1,4,1,4,1,4,1,2,0.0,0.0,0.0,0.0,4.0,2.0,0.0,15.0,4.666666666666667,3.5,5.391351098441527,29.066666666666663,15.0,0.0,2.0,1.0,1.0,0.8944271909999159,0.8,2.0,0.0,2.0,0.6666666666666666,0.5,0.816496580927726,0.6666666666666667,2.0,0.0,3.0,0.8333333333333334,0.5,1.1690451944500122,1.3666666666666667,3.0,0.0,0.0,0.0,0.0,0.0,0.0,0.0,0.0,0.0,0.0,0.0,0.0,0.0,0.0,0.0,1.0,0.16666666666666666,0.0,0.408248290463863,0.16666666666666669,1.0,0.0,0.0,0.0,0.0,0.0,0.0,0.0,0.0,3.0,1.1666666666666667,0.5,1.4719601443879744,2.1666666666666665,3.0,3.0,2.0,1.0,2.0,1.0,3.0,0.0,0.0
45,84,57 - Fowler Aftermath,24,17,5,20,2,8,0,0,3,12,2,8,2,8,1,2,0.0,0.0,0.0,0.0,13.0,6.0,0.0,16.0,1.6842105263157894,0.0,3.6976363558201664,13.672514619883039,16.0,0.0,2.0,0.3157894736842105,0.0,0.5823927253578186,0.3391812865497076,2.0,0.0,4.0,1.8421052631578947,2.0,1.6077298658784152,2.584795321637427,4.0,0.0,2.0,0.5789473684210527,0.0,0.7685331969757723,0.5906432748538012,2.0,0.0,0.0,0.0,0.0,0.0,0.0,0.0,0.0,0.0,0.0,0.0,0.0,0.0,0.0,0.0,2.0,0.15789473684210525,0.0,0.501459857121279,0.2514619883040936,2.0,0.0,1.0,0.10526315789473684,0.0,0.3153017676423058,0.09941520467836257,1.0,0.0,6.0,0.8947368421052632,0.0,1.6962290477574484,2.87719298245614,6.0,11.0,4.0,4.0,5.0,6.0,8.0,0.0,0.0
45,89,58 - Gosling M1,-16,14,6,24,1,4,0,0,5,20,1,4,1,4,1,2,0.0,0.0,0.0,0.0,6.0,4.0,0.0,21.0,4.0,2.5,6.289320754704403,39.55555555555556,21.0,0.0,2.0,0.4,0.0,0.6992058987801011,0.48888888888888893,2.0,0.0,4.0,0.6,0.0,1.2649110640673518,1.5999999999999999,4.0,0.0,2.0,0.5,0.0,0.7071067811865476,0.5,2.0,0.0,0.0,0.0,0.0,0.0,0.0,0.0,0.0,0.0,0.0,0.0,0.0,0.0,0.0,0.0,4.0,0.4,0.0,1.2649110640673518,1.6000000000000003,4.0,0.0,1.0,0.1,0.0,0.31622776601683794,0.10000000000000002,1.0,0.0,3.0,0.9,0.0,1.286683937707919,1.655555555555556,3.0,5.0,5.0,3.0,1.0,1.0,5.0,0.0,0.0
45,91,59 - Evans / Fowler SR,4,14,7,28,0,0,0,0,7,28,0,0,0,0,1,2,0.0,0.0,0.0,0.0,10.0,5.0,0.0,24.0,2.8,1.0,6.096837587752241,37.17142857142857,24.0,0.0,4.0,0.7333333333333333,0.0,1.162919151265879,1.3523809523809522,4.0,0.0,4.0,1.2666666666666666,1.0,1.6242214252050848,2.638095238095237,4.0,0.0,2.0,0.4,0.0,0.6324555320336759,0.4000000000000001,2.0,0.0,0.0,0.0,0.0,0.0,0.0,0.0,0.0,0.0,0.0,0.0,0.0,0.0,0.0,0.0,0.0,0.0,0.0,0.0,0.0,0.0,0.0,3.0,0.26666666666666666,0.0,0.7988086367179804,0.6380952380952384,3.0,0.0,3.0,0.4666666666666667,0.0,0.9154754164341269,0.8380952380952381,3.0,8.0,7.0,3.0,1.0,4.0,7.0,0.0,0.0
45,93,Gosling RC1,-8,14,7,28,1,4,0,0,7,28,1,4,0,0,1,2,0.0,0.0,0.0,0.0,10.0,5.0,0.0,24.0,2.8666666666666667,1.0,6.104643041707408,37.266666666666666,24.0,0.0,3.0,0.8,1.0,0.8618916073713346,0.7428571428571428,3.0,0.0,2.0,0.6,0.0,0.828078671210825,0.6857142857142856,2.0,0.0,2.0,0.4,0.0,0.6324555320336759,0.4000000000000001,2.0,0.0,0.0,0.0,0.0,0.0,0.0,0.0,0.0,0.0,0.0,0.0,0.0,0.0,0.0,0.0,1.0,0.06666666666666667,0.0,0.25819888974716115,0.06666666666666668,1.0,0.0,3.0,0.26666666666666666,0.0,0.7988086367179804,0.6380952380952384,3.0,0.0,3.0,0.7333333333333333,0.0,1.1629191512658787,1.3523809523809518,3.0,6.0,7.0,3.0,3.0,2.0,9.0,0.0,0.0
46,12,Babbage - RC1 - Stage One,0,10,0,0,1,4,1,4,0,0,0,0,0,0,1,1,0.0,0.0,0.0,0.0,0.0,1.0,0.0,0.0,0.0,0.0,0.0,0.0,0.0,0.0,0.0,0.0,0.0,0.0,0.0,0.0,0.0,0.0,0.0,0.0,0.0,0.0,0.0,2.0,2.0,2.0,2.0,0.0,0.0,0.0,0.0,0.0,0.0,0.0,0.0,0.0,0.0,0.0,0.0,0.0,0.0,0.0,0.0,0.0,0.0,0.0,0.0,0.0,0.0,0.0,0.0,0.0,0.0,0.0,0.0,0.0,0.0,0.0,0.0,0.0,0.0,0.0,0.0,0.0,0.0,1.0,0.0,1.0,0.0,0.0,0.0,0.0,0.0
46,14,Babbage - RC1 - Stage Two,16,21,0,0,10,40,0,0,5,20,1,4,4,16,1,2,0.0,0.0,0.0,0.0,8.0,7.0,0.0,10.0,1.4666666666666666,0.0,2.8751811537130427,8.266666666666664,10.0,0.0,2.0,0.5333333333333333,0.0,0.6399404734221844,0.40952380952380957,2.0,0.0,2.0,1.2666666666666666,1.0,0.5936168397046637,0.35238095238095246,2.0,0.0,1.0,0.26666666666666666,0.0,0.4577377082170635,0.20952380952380958,1.0,0.0,0.0,0.0,0.0,0.0,0.0,0.0,0.0,0.0,0.0,0.0,0.0,0.0,0.0,0.0,2.0,0.3333333333333333,0.0,0.6172133998483675,0.3809523809523808,2.0,0.0,0.0,0.0,0.0,0.0,0.0,0.0,0.0,4.0,0.6,0.0,1.2421180068162374,1.5428571428571425,4.0,6.0,6.0,3.0,2.0,4.0,9.0,0.0,0.0
46,17,The Road To SpringOne,0,30,5,20,2,8,0,0,2,8,1,4,4,16,1,1,0.0,0.0,0.0,0.0,3.0,4.0,0.0,16.0,4.285714285714286,3.0,5.736267244886863,32.90476190476191,16.0,0.0,1.0,0.7142857142857143,1.0,0.4879500364742666,0.2380952380952381,1.0,0.0,2.0,1.0,1.0,0.816496580927726,0.6666666666666666,2.0,0.0,0.0,0.0,0.0,0.0,0.0,0.0,0.0,0.0,0.0,0.0,0.0,0.0,0.0,0.0,0.0,0.0,0.0,0.0,0.0,0.0,0.0,2.0,0.5714285714285714,0.0,0.7867957924694432,0.6190476190476191,2.0,0.0,0.0,0.0,0.0,0.0,0.0,0.0,0.0,4.0,1.5714285714285714,1.0,1.8126539343499315,3.285714285714286,4.0,3.0,4.0,0.0,1.0,2.0,4.0,0.0,0.0
46,22,SpringOne Aftermath,16,21,0,0,7,28,0,0,4,16,2,8,1,4,1,1,0.0,0.0,0.0,0.0,7.0,6.0,0.0,6.0,1.4615384615384615,1.0,1.9839096340048945,3.935897435897435,6.0,0.0,5.0,1.0769230769230769,1.0,1.3204505835470497,1.7435897435897438,5.0,0.0,3.0,1.3076923076923077,1.0,0.8548504142651104,0.7307692307692308,3.0,0.0,1.0,0.15384615384615385,0.0,0.37553380809940534,0.141025641025641,1.0,0.0,0.0,0.0,0.0,0.0,0.0,0.0,0.0,0.0,0.0,0.0,0.0,0.0,0.0,0.0,3.0,0.46153846153846156,0.0,0.9674179220468453,0.935897435897436,3.0,0.0,0.0,0.0,0.0,0.0,0.0,0.0,0.0,2.0,0.3076923076923077,0.0,0.6304251719561151,0.3974358974358973,2.0,3.0,7.0,2.0,3.0,1.0,10.0,0.0,0.0
46,23,The Road to Codd M1,20,18,4,16,2,8,0,0,5,20,0,0,1,4,1,1,0.0,0.0,0.0,0.0,7.0,10.0,0.0,6.0,0.8235294117647058,0.0,1.7042334830374277,2.9044117647058827,6.0,0.0,5.0,0.8823529411764706,1.0,1.166316474052844,1.3602941176470582,5.0,0.0,2.0,1.0,1.0,0.7071067811865476,0.5,2.0,0.0,2.0,0.6470588235294118,0.0,0.7859052479933758,0.6176470588235294,2.0,0.0,0.0,0.0,0.0,0.0,0.0,0.0,0.0,0.0,0.0,0.0,0.0,0.0,0.0,0.0,3.0,0.17647058823529413,0.0,0.727606875108999,0.5294117647058825,3.0,0.0,0.0,0.0,0.0,0.0,0.0,0.0,0.0,2.0,0.11764705882352941,0.0,0.485071250072666,0.23529411764705885,2.0,7.0,5.0,3.0,6.0,3.0,10.0,0.0,0.0
46,27,Codd M1,16,49,6,24,1,4,3,12,3,12,0,0,1,4,1,2,0.0,0.0,1.0,0.0,4.0,8.0,0.0,9.0,2.1538461538461537,1.0,2.9677756498246812,8.807692307692308,9.0,0.0,5.0,1.0769230769230769,1.0,1.3821202589704018,1.9102564102564106,5.0,0.0,2.0,1.1538461538461537,1.0,0.8006407690254357,0.6410256410256411,2.0,0.0,2.0,0.46153846153846156,0.0,0.7762500258061849,0.6025641025641026,2.0,0.0,0.0,0.0,0.0,0.0,0.0,0.0,0.0,0.0,0.0,0.0,0.0,0.0,0.0,0.0,3.0,0.38461538461538464,0.0,0.9607689228305227,0.923076923076923,3.0,0.0,0.0,0.0,0.0,0.0,0.0,0.0,0.0,2.0,0.23076923076923078,0.0,0.599144689515278,0.3589743589743588,2.0,6.0,6.0,3.0,1.0,3.0,7.0,0.0,0.0
46,30,42 - 2014 Kickoff,-8,14,8,32,1,4,0,0,6,24,1,4,2,8,1,2,0.0,0.0,0.0,0.0,4.0,8.0,0.0,7.0,1.9166666666666667,1.5,2.2343733444579588,4.992424242424243,7.0,0.0,5.0,0.8333333333333334,0.5,1.403458930534474,1.9696969696969695,5.0,0.0,2.0,0.5833333333333334,0.5,0.6685579234215214,0.44696969696969685,2.0,0.0,2.0,0.6666666666666666,0.0,0.8876253645985945,0.787878787878788,2.0,0.0,0.0,0.0,0.0,0.0,0.0,0.0,0.0,0.0,0.0,0.0,0.0,0.0,0.0,0.0,3.0,0.4166666666666667,0.0,0.996204919895622,0.9924242424242425,3.0,0.0,1.0,0.08333333333333333,0.0,0.28867513459481287,0.08333333333333331,1.0,0.0,3.0,0.5,0.0,1.0,1.0,3.0,4.0,5.0,3.0,1.0,3.0,8.0,0.0,0.0
46,34,43 - Babbage SR3,20,15,4,16,5,20,0,0,2,8,0,0,7,28,1,2,0.0,0.0,0.0,0.0,10.0,5.0,0.0,8.0,1.6,0.0,2.6672618383439066,7.1142857142857165,8.0,0.0,2.0,0.7333333333333333,1.0,0.7988086367179801,0.6380952380952379,2.0,0.0,2.0,1.0,1.0,0.8451542547285166,0.7142857142857143,2.0,0.0,1.0,0.3333333333333333,0.0,0.48795003647426666,0.23809523809523814,1.0,0.0,0.0,0.0,0.0,0.0,0.0,0.0,0.0,0.0,0.0,0.0,0.0,0.0,0.0,0.0,2.0,0.26666666666666666,0.0,0.7037315505489967,0.4952380952380951,2.0,0.0,1.0,0.13333333333333333,0.0,0.35186577527449836,0.12380952380952377,1.0,0.0,3.0,0.4,0.0,0.9102589898327995,0.8285714285714286,3.0,7.0,8.0,0.0,3.0,4.0,8.0,0.0,0.0
46,37,44 - Codd GA,64,21,2,8,3,12,0,0,0,0,1,4,4,16,1,3,0.0,0.0,0.0,0.0,14.0,13.0,0.0,7.0,1.0,0.0,1.7541160386140584,3.076923076923077,7.0,0.0,5.0,0.5925925925925926,0.0,1.009922284110525,1.0199430199430202,5.0,0.0,3.0,1.2962962962962963,1.0,0.8688991627258914,0.7549857549857552,3.0,0.0,2.0,0.6296296296296297,0.0,0.8388704928078611,0.7037037037037037,2.0,0.0,0.0,0.0,0.0,0.0,0.0,0.0,0.0,0.0,0.0,0.0,0.0,0.0,0.0,0.0,2.0,0.14814814814814814,0.0,0.5337605126836238,0.28490028490028496,2.0,0.0,0.0,0.0,0.0,0.0,0.0,0.0,0.0,3.0,0.3333333333333333,0.0,0.7844645405527361,0.6153846153846153,3.0,14.0,11.0,3.0,4.0,9.0,13.0,0.0,0.0
46,40,45 - Dijkstra M1,4,10,0,0,9,36,0,0,3,12,4,16,2,8,1,2,0.0,0.0,0.0,0.0,11.0,3.0,0.0,11.0,1.5,0.0,2.9286384339694576,8.576923076923077,11.0,0.0,3.0,0.6428571428571429,0.5,0.8418973861410954,0.7087912087912087,3.0,0.0,3.0,1.2857142857142858,1.0,0.8254203058555569,0.6813186813186812,3.0,0.0,2.0,1.0,1.0,0.8770580193070292,0.7692307692307693,2.0,0.0,0.0,0.0,0.0,0.0,0.0,0.0,0.0,0.0,0.0,0.0,0.0,0.0,0.0,0.0,3.0,0.5,0.0,1.0190493307301363,1.0384615384615385,3.0,0.0,0.0,0.0,0.0,0.0,0.0,0.0,0.0,1.0,0.21428571428571427,0.0,0.42581531362632014,0.18131868131868137,1.0,9.0,6.0,4.0,2.0,2.0,5.0,0.0,0.0
46,42,46 - Codd SR2,-24,16,12,48,0,0,0,0,12,48,0,0,0,0,1,2,0.0,0.0,0.0,0.0,7.0,8.0,0.0,11.0,1.8,1.0,2.808151400069854,7.8857142857142835,11.0,0.0,2.0,0.8,1.0,0.5606119105813882,0.31428571428571433,2.0,0.0,2.0,0.9333333333333333,1.0,0.7037315505489968,0.4952380952380953,2.0,0.0,2.0,1.0,1.0,0.7559289460184544,0.5714285714285714,2.0,0.0,0.0,0.0,0.0,0.0,0.0,0.0,0.0,0.0,0.0,0.0,0.0,0.0,0.0,0.0,1.0,0.06666666666666667,0.0,0.25819888974716115,0.06666666666666668,1.0,0.0,1.0,0.06666666666666667,0.0,0.25819888974716115,0.06666666666666668,1.0,0.0,3.0,0.8666666666666667,0.0,1.0600988273786194,1.1238095238095238,3.0,4.0,6.0,5.0,3.0,1.0,11.0,0.0,0.0
46,44,47 - Dijkstra RC1,-4,11,0,0,9,36,0,0,9,36,0,0,0,0,1,2,0.0,0.0,0.0,0.0,9.0,7.0,0.0,11.0,1.75,0.5,2.932575659723036,8.6,11.0,0.0,1.0,0.625,1.0,0.5,0.25,1.0,0.0,2.0,0.9375,1.0,0.6800735254367721,0.4625,2.0,0.0,2.0,0.8125,1.0,0.75,0.5625,2.0,0.0,0.0,0.0,0.0,0.0,0.0,0.0,0.0,0.0,0.0,0.0,0.0,0.0,0.0,0.0,0.0,0.0,0.0,0.0,0.0,0.0,0.0,1.0,0.0625,0.0,0.25,0.0625,1.0,0.0,3.0,0.625,0.0,1.02469507659596,1.05,3.0,6.0,7.0,5.0,3.0,1.0,10.0,0.0,0.0
46,48,48 - Dijkstra GA,28,14,8,32,1,4,0,0,7,28,1,4,1,4,1,2,0.0,0.0,0.0,0.0,14.0,8.0,0.0,11.0,1.5,0.0,2.721169216487998,7.404761904761905,11.0,0.0,3.0,0.7272727272727273,1.0,0.7025001733142088,0.49350649350649334,3.0,0.0,3.0,1.1363636363636365,1.0,0.9902118361842988,0.9805194805194805,3.0,0.0,2.0,0.5,0.0,0.8017837257372732,0.6428571428571429,2.0,0.0,0.0,0.0,0.0,0.0,0.0,0.0,0.0,0.0,0.0,0.0,0.0,0.0,0.0,0.0,0.0,0.0,0.0,0.0,0.0,0.0,0.0,1.0,0.045454545454545456,0.0,0.2132007163556105,0.04545454545454548,1.0,0.0,2.0,0.22727272727272727,0.0,0.6119304490372043,0.37445887445887444,2.0,11.0,9.0,3.0,7.0,3.0,11.0,0.0,0.0
46,52,49 - Dijkstra SR1,-4,8,6,24,2,8,2,8,4,16,1,4,1,4,1,2,0.0,0.0,0.0,0.0,5.0,7.0,0.0,11.0,2.75,2.5,3.1079078025403053,9.659090909090908,11.0,0.0,1.0,0.8333333333333334,1.0,0.38924947208076144,0.1515151515151515,1.0,0.0,2.0,0.8333333333333334,1.0,0.8348471099367218,0.6969696969696969,2.0,0.0,5.0,1.25,1.0,1.4847711791873706,2.2045454545454546,5.0,0.0,0.0,0.0,0.0,0.0,0.0,0.0,0.0,0.0,0.0,0.0,0.0,0.0,0.0,0.0,2.0,0.16666666666666666,0.0,0.5773502691896257,0.33333333333333326,2.0,0.0,1.0,0.08333333333333333,0.0,0.28867513459481287,0.08333333333333331,1.0,0.0,2.0,0.75,0.5,0.8660254037844386,0.75,2.0,3.0,6.0,4.0,1.0,1.0,9.0,0.0,0.0
46,53,50 - Evans M1,4,17,5,20,0,0,0,0,2,8,3,12,0,0,1,2,0.0,0.0,0.0,0.0,5.0,5.0,0.0,6.0,2.5,3.0,2.3687784005919825,5.611111111111111,6.0,0.0,1.0,0.5,0.5,0.5270462766947299,0.2777777777777778,1.0,0.0,2.0,1.0,1.0,0.816496580927726,0.6666666666666666,2.0,0.0,5.0,1.3,1.0,1.5670212364724212,2.4555555555555557,5.0,0.0,0.0,0.0,0.0,0.0,0.0,0.0,0.0,0.0,0.0,0.0,0.0,0.0,0.0,0.0,0.0,0.0,0.0,0.0,0.0,0.0,0.0,1.0,0.1,0.0,0.31622776601683794,0.10000000000000002,1.0,0.0,15.0,2.1,0.5,4.605552204797065,21.21111111111111,15.0,4.0,3.0,3.0,2.0,2.0,6.0,0.0,0.0
46,55,51 - Dijkstra SR2,-4,10,5,20,3,12,0,0,2,8,0,0,6,24,1,2,0.0,0.0,0.0,0.0,6.0,4.0,0.0,6.0,2.5,2.0,2.3213980461973533,5.388888888888889,6.0,0.0,2.0,0.6,0.5,0.6992058987801011,0.48888888888888893,2.0,0.0,2.0,0.7,1.0,0.6749485577105528,0.4555555555555555,2.0,0.0,2.0,0.8,0.5,0.9189365834726815,0.8444444444444444,2.0,0.0,0.0,0.0,0.0,0.0,0.0,0.0,0.0,0.0,0.0,0.0,0.0,0.0,0.0,0.0,2.0,0.3,0.0,0.6749485577105528,0.4555555555555555,2.0,0.0,1.0,0.1,0.0,0.31622776601683794,0.10000000000000002,1.0,0.0,3.0,0.7,0.0,1.0593499054713802,1.1222222222222222,3.0,5.0,3.0,2.0,3.0,2.0,5.0,0.0,0.0
46,56,52 - Evans RC1,4,11,3,12,2,8,0,0,1,4,4,16,0,0,1,1,0.0,0.0,0.0,0.0,3.0,6.0,0.0,5.0,1.6666666666666667,0.0,2.1213203435596424,4.5,5.0,0.0,1.0,0.3333333333333333,0.0,0.5,0.25,1.0,0.0,2.0,1.0,1.0,0.7071067811865476,0.5,2.0,0.0,2.0,1.2222222222222223,2.0,0.97182531580755,0.9444444444444444,2.0,0.0,0.0,0.0,0.0,0.0,0.0,0.0,0.0,0.0,0.0,0.0,0.0,0.0,0.0,0.0,2.0,0.4444444444444444,0.0,0.8819171036881969,0.7777777777777778,2.0,0.0,0.0,0.0,0.0,0.0,0.0,0.0,0.0,3.0,0.5555555555555556,0.0,1.1303883305208782,1.277777777777778,3.0,5.0,2.0,3.0,3.0,1.0,4.0,0.0,0.0
46,61,52 - Evans GA,28,16,1,4,0,0,0,0,1,4,0,0,0,0,1,1,0.0,0.0,0.0,0.0,6.0,3.0,0.0,7.0,1.2222222222222223,0.0,2.3863035105460586,5.694444444444444,7.0,0.0,2.0,0.4444444444444444,0.0,0.7264831572567789,0.5277777777777778,2.0,1.0,2.0,1.2222222222222223,1.0,0.4409585518440984,0.19444444444444442,1.0,0.0,3.0,0.6666666666666666,0.0,1.118033988749895,1.2500000000000002,3.0,0.0,0.0,0.0,0.0,0.0,0.0,0.0,0.0,0.0,0.0,0.0,0.0,0.0,0.0,0.0,1.0,0.2222222222222222,0.0,0.44095855184409843,0.19444444444444445,1.0,0.0,0.0,0.0,0.0,0.0,0.0,0.0,0.0,1.0,0.1111111111111111,0.0,0.3333333333333333,0.1111111111111111,1.0,6.0,3.0,0.0,2.0,4.0,3.0,0.0,0.0
46,63,53 - Evans SR1,20,25,0,0,1,4,0,0,0,0,0,0,1,4,1,1,0.0,0.0,0.0,0.0,9.0,3.0,0.0,3.0,0.5,0.0,1.0,1.0,3.0,0.0,2.0,1.0833333333333333,1.0,0.7929614610987591,0.6287878787878788,2.0,0.0,3.0,1.75,2.0,0.9653072991634227,0.9318181818181818,3.0,0.0,2.0,0.4166666666666667,0.0,0.7929614610987591,0.6287878787878788,2.0,0.0,0.0,0.0,0.0,0.0,0.0,0.0,0.0,0.0,0.0,0.0,0.0,0.0,0.0,0.0,0.0,0.0,0.0,0.0,0.0,0.0,0.0,0.0,0.0,0.0,0.0,0.0,0.0,0.0,1.0,0.08333333333333333,0.0,0.28867513459481287,0.08333333333333331,1.0,5.0,7.0,0.0,4.0,1.0,7.0,0.0,0.0
46,69,54 - Fowler M1,44,11,6,24,2,8,0,0,8,32,0,0,0,0,1,2,0.0,0.0,0.0,0.0,15.0,5.0,0.0,10.0,2.2,1.0,3.1220775808830616,9.74736842105263,10.0,0.0,2.0,0.75,1.0,0.7863975156570492,0.618421052631579,2.0,0.0,3.0,1.95,2.0,1.050062654772261,1.1026315789473684,3.0,0.0,2.0,0.35,0.0,0.5871429486123998,0.3447368421052631,2.0,0.0,0.0,0.0,0.0,0.0,0.0,0.0,0.0,0.0,0.0,0.0,0.0,0.0,0.0,0.0,3.0,0.25,0.0,0.7163503994113789,0.5131578947368421,3.0,0.0,1.0,0.1,0.0,0.30779350562554625,0.09473684210526317,1.0,0.0,2.0,0.2,0.0,0.523148363780597,0.27368421052631586,2.0,14.0,11.0,0.0,7.0,2.0,6.0,0.0,0.0
46,71,55 - Evans SR2,48,14,1,4,0,0,0,0,1,4,0,0,0,0,1,2,0.0,0.0,0.0,0.0,4.0,10.0,0.0,6.0,0.8,0.0,2.111194651646991,4.457142857142858,6.0,0.0,3.0,0.3333333333333333,0.0,0.816496580927726,0.6666666666666666,3.0,0.0,3.0,1.4,1.0,1.0555973258234952,1.1142857142857143,3.0,0.0,2.0,0.26666666666666666,0.0,0.5936168397046636,0.3523809523809523,2.0,0.0,0.0,0.0,0.0,0.0,0.0,0.0,0.0,0.0,0.0,0.0,0.0,0.0,0.0,0.0,3.0,0.2,0.0,0.7745966692414831,0.5999999999999995,3.0,0.0,1.0,0.06666666666666667,0.0,0.25819888974716115,0.06666666666666668,1.0,0.0,2.0,0.2,0.0,0.5606119105813882,0.31428571428571433,2.0,10.0,2.0,2.0,4.0,7.0,5.0,1.0,0.0
46,76,56 - Fowler RC1,12,15,2,8,2,8,0,0,2,8,2,8,0,0,1,2,0.0,0.0,0.0,0.0,6.0,4.0,0.0,5.0,1.1,0.0,1.911950719959998,3.6555555555555554,5.0,0.0,2.0,0.7,0.5,0.8232726023485646,0.6777777777777778,2.0,0.0,3.0,1.4,1.0,1.1737877907772674,1.377777777777778,3.0,0.0,3.0,0.6,0.0,0.9660917830792958,0.9333333333333331,3.0,0.0,0.0,0.0,0.0,0.0,0.0,0.0,0.0,0.0,0.0,0.0,0.0,0.0,0.0,0.0,0.0,0.0,0.0,0.0,0.0,0.0,0.0,0.0,0.0,0.0,0.0,0.0,0.0,0.0,3.0,0.4,0.0,0.966091783079296,0.9333333333333336,3.0,4.0,4.0,2.0,2.0,2.0,6.0,0.0,0.0
46,81,56 - Fowler GA,0,14,3,12,0,0,0,0,1,4,1,4,1,4,1,2,0.0,0.0,0.0,0.0,4.0,2.0,0.0,15.0,4.666666666666667,3.5,5.391351098441527,29.066666666666663,15.0,0.0,2.0,1.0,1.0,0.8944271909999159,0.8,2.0,0.0,2.0,0.6666666666666666,0.5,0.816496580927726,0.6666666666666667,2.0,0.0,3.0,0.8333333333333334,0.5,1.1690451944500122,1.3666666666666667,3.0,0.0,0.0,0.0,0.0,0.0,0.0,0.0,0.0,0.0,0.0,0.0,0.0,0.0,0.0,0.0,1.0,0.16666666666666666,0.0,0.408248290463863,0.16666666666666669,1.0,0.0,0.0,0.0,0.0,0.0,0.0,0.0,0.0,3.0,1.1666666666666667,0.5,1.4719601443879744,2.1666666666666665,3.0,3.0,2.0,1.0,2.0,1.0,3.0,0.0,0.0
46,84,57 - Fowler Aftermath,24,17,5,20,2,8,0,0,3,12,2,8,2,8,1,2,0.0,0.0,0.0,0.0,13.0,6.0,0.0,16.0,1.6842105263157894,0.0,3.6976363558201664,13.672514619883039,16.0,0.0,2.0,0.3157894736842105,0.0,0.5823927253578186,0.3391812865497076,2.0,0.0,4.0,1.8421052631578947,2.0,1.6077298658784152,2.584795321637427,4.0,0.0,2.0,0.5789473684210527,0.0,0.7685331969757723,0.5906432748538012,2.0,0.0,0.0,0.0,0.0,0.0,0.0,0.0,0.0,0.0,0.0,0.0,0.0,0.0,0.0,0.0,2.0,0.15789473684210525,0.0,0.501459857121279,0.2514619883040936,2.0,0.0,1.0,0.10526315789473684,0.0,0.3153017676423058,0.09941520467836257,1.0,0.0,6.0,0.8947368421052632,0.0,1.6962290477574484,2.87719298245614,6.0,11.0,4.0,4.0,5.0,6.0,8.0,0.0,0.0
46,89,58 - Gosling M1,-16,14,6,24,1,4,0,0,5,20,1,4,1,4,1,2,0.0,0.0,0.0,0.0,6.0,4.0,0.0,21.0,4.0,2.5,6.289320754704403,39.55555555555556,21.0,0.0,2.0,0.4,0.0,0.6992058987801011,0.48888888888888893,2.0,0.0,4.0,0.6,0.0,1.2649110640673518,1.5999999999999999,4.0,0.0,2.0,0.5,0.0,0.7071067811865476,0.5,2.0,0.0,0.0,0.0,0.0,0.0,0.0,0.0,0.0,0.0,0.0,0.0,0.0,0.0,0.0,0.0,4.0,0.4,0.0,1.2649110640673518,1.6000000000000003,4.0,0.0,1.0,0.1,0.0,0.31622776601683794,0.10000000000000002,1.0,0.0,3.0,0.9,0.0,1.286683937707919,1.655555555555556,3.0,5.0,5.0,3.0,1.0,1.0,5.0,0.0,0.0
46,91,59 - Evans / Fowler SR,4,14,7,28,0,0,0,0,7,28,0,0,0,0,1,2,0.0,0.0,0.0,0.0,10.0,5.0,0.0,24.0,2.8,1.0,6.096837587752241,37.17142857142857,24.0,0.0,4.0,0.7333333333333333,0.0,1.162919151265879,1.3523809523809522,4.0,0.0,4.0,1.2666666666666666,1.0,1.6242214252050848,2.638095238095237,4.0,0.0,2.0,0.4,0.0,0.6324555320336759,0.4000000000000001,2.0,0.0,0.0,0.0,0.0,0.0,0.0,0.0,0.0,0.0,0.0,0.0,0.0,0.0,0.0,0.0,0.0,0.0,0.0,0.0,0.0,0.0,0.0,3.0,0.26666666666666666,0.0,0.7988086367179804,0.6380952380952384,3.0,0.0,3.0,0.4666666666666667,0.0,0.9154754164341269,0.8380952380952381,3.0,8.0,7.0,3.0,1.0,4.0,7.0,0.0,0.0
46,93,Gosling RC1,-8,14,7,28,1,4,0,0,7,28,1,4,0,0,1,2,0.0,0.0,0.0,0.0,10.0,5.0,0.0,24.0,2.8666666666666667,1.0,6.104643041707408,37.266666666666666,24.0,0.0,3.0,0.8,1.0,0.8618916073713346,0.7428571428571428,3.0,0.0,2.0,0.6,0.0,0.828078671210825,0.6857142857142856,2.0,0.0,2.0,0.4,0.0,0.6324555320336759,0.4000000000000001,2.0,0.0,0.0,0.0,0.0,0.0,0.0,0.0,0.0,0.0,0.0,0.0,0.0,0.0,0.0,0.0,1.0,0.06666666666666667,0.0,0.25819888974716115,0.06666666666666668,1.0,0.0,3.0,0.26666666666666666,0.0,0.7988086367179804,0.6380952380952384,3.0,0.0,3.0,0.7333333333333333,0.0,1.1629191512658787,1.3523809523809518,3.0,6.0,7.0,3.0,3.0,2.0,9.0,0.0,0.0
